v -430.00 38.10 0.00
v -438.48 37.14 -0.03
v -446.53 34.33 -0.05
v -453.75 29.79 -0.07
v -459.79 23.75 -0.09
v -464.33 16.53 -0.11
v -467.14 8.48 -0.11
v -468.10 0.00 -0.12
v -467.14 -8.48 -0.11
v -464.33 -16.53 -0.11
v -459.79 -23.75 -0.09
v -453.75 -29.79 -0.07
v -446.53 -34.33 -0.05
v -438.48 -37.14 -0.03
v -430.00 -38.10 -0.00
v -421.52 -37.14 0.03
v -413.47 -34.33 0.05
v -406.25 -29.79 0.07
v -400.21 -23.75 0.09
v -395.67 -16.53 0.11
v -392.86 -8.48 0.11
v -391.90 -0.00 0.12
v -392.86 8.48 0.11
v -395.67 16.53 0.11
v -400.21 23.75 0.09
v -406.25 29.79 0.07
v -413.47 34.33 0.05
v -421.52 37.14 0.03
v -430.28 38.10 89.31
v -438.75 37.14 89.22
v -446.81 34.33 89.13
v -454.03 29.79 89.05
v -460.06 23.75 88.99
v -464.60 16.53 88.94
v -467.42 8.48 88.91
v -468.37 0.00 88.90
v -467.42 -8.48 88.91
v -464.60 -16.53 88.94
v -460.06 -23.75 88.99
v -454.03 -29.79 89.05
v -446.81 -34.33 89.13
v -438.75 -37.14 89.22
v -430.28 -38.10 89.31
v -421.80 -37.14 89.41
v -413.75 -34.33 89.49
v -406.52 -29.79 89.57
v -400.49 -23.75 89.64
v -395.95 -16.53 89.69
v -393.13 -8.48 89.72
v -392.18 -0.00 89.73
v -393.13 8.48 89.72
v -395.95 16.53 89.69
v -400.49 23.75 89.64
v -406.52 29.79 89.57
v -413.75 34.33 89.49
v -421.80 37.14 89.41
v -431.10 38.10 101.03
v -439.54 37.14 100.24
v -447.56 34.33 99.48
v -454.75 29.79 98.80
v -460.76 23.75 98.24
v -465.28 16.53 97.81
v -468.08 8.48 97.55
v -469.04 0.00 97.46
v -468.08 -8.48 97.55
v -465.28 -16.53 97.81
v -460.76 -23.75 98.24
v -454.75 -29.79 98.80
v -447.56 -34.33 99.48
v -439.54 -37.14 100.24
v -431.10 -38.10 101.03
v -422.66 -37.14 101.83
v -414.65 -34.33 102.59
v -407.45 -29.79 103.26
v -401.45 -23.75 103.83
v -396.93 -16.53 104.26
v -394.12 -8.48 104.52
v -393.17 -0.00 104.61
v -394.12 8.48 104.52
v -396.93 16.53 104.26
v -401.45 23.75 103.83
v -407.45 29.79 103.26
v -414.65 34.33 102.59
v -422.66 37.14 101.83
v -432.48 38.10 112.70
v -440.88 37.14 111.51
v -448.85 34.33 110.38
v -456.00 29.79 109.36
v -461.97 23.75 108.52
v -466.47 16.53 107.88
v -469.26 8.48 107.48
v -470.20 0.00 107.35
v -469.26 -8.48 107.48
v -466.47 -16.53 107.88
v -461.97 -23.75 108.52
v -456.00 -29.79 109.36
v -448.85 -34.33 110.38
v -440.88 -37.14 111.51
v -432.48 -38.10 112.70
v -424.09 -37.14 113.89
v -416.11 -34.33 115.03
v -408.96 -29.79 116.04
v -402.99 -23.75 116.89
v -398.49 -16.53 117.53
v -395.71 -8.48 117.92
v -394.76 -0.00 118.06
v -395.71 8.48 117.92
v -398.49 16.53 117.53
v -402.99 23.75 116.89
v -408.96 29.79 116.04
v -416.11 34.33 115.03
v -424.09 37.14 113.89
v -434.41 38.10 124.29
v -442.73 37.14 122.71
v -450.64 34.33 121.20
v -457.74 29.79 119.85
v -463.67 23.75 118.73
v -468.13 16.53 117.88
v -470.90 8.48 117.35
v -471.83 0.00 117.17
v -470.90 -8.48 117.35
v -468.13 -16.53 117.88
v -463.67 -23.75 118.73
v -457.74 -29.79 119.85
v -450.64 -34.33 121.20
v -442.73 -37.14 122.71
v -434.41 -38.10 124.29
v -426.08 -37.14 125.88
v -418.17 -34.33 127.38
v -411.07 -29.79 128.73
v -405.14 -23.75 129.86
v -400.68 -16.53 130.71
v -397.92 -8.48 131.23
v -396.98 -0.00 131.41
v -397.92 8.48 131.23
v -400.68 16.53 130.71
v -405.14 23.75 129.86
v -411.07 29.79 128.73
v -418.17 34.33 127.38
v -426.08 37.14 125.88
v -436.87 38.10 135.78
v -445.12 37.14 133.81
v -452.95 34.33 131.93
v -459.97 29.79 130.25
v -465.84 23.75 128.84
v -470.26 16.53 127.79
v -473.00 8.48 127.13
v -473.92 0.00 126.91
v -473.00 -8.48 127.13
v -470.26 -16.53 127.79
v -465.84 -23.75 128.84
v -459.97 -29.79 130.25
v -452.95 -34.33 131.93
v -445.12 -37.14 133.81
v -436.87 -38.10 135.78
v -428.63 -37.14 137.75
v -420.80 -34.33 139.63
v -413.77 -29.79 141.31
v -407.90 -23.75 142.72
v -403.49 -16.53 143.77
v -400.75 -8.48 144.43
v -399.82 -0.00 144.65
v -400.75 8.48 144.43
v -403.49 16.53 143.77
v -407.90 23.75 142.72
v -413.77 29.79 141.31
v -420.80 34.33 139.63
v -428.63 37.14 137.75
v -439.88 38.10 147.14
v -448.02 37.14 144.78
v -455.75 34.33 142.54
v -462.69 29.79 140.53
v -468.49 23.75 138.85
v -472.85 16.53 137.59
v -475.55 8.48 136.80
v -476.47 0.00 136.54
v -475.55 -8.48 136.80
v -472.85 -16.53 137.59
v -468.49 -23.75 138.85
v -462.69 -29.79 140.53
v -455.75 -34.33 142.54
v -448.02 -37.14 144.78
v -439.88 -38.10 147.14
v -431.73 -37.14 149.50
v -424.00 -34.33 151.74
v -417.06 -29.79 153.75
v -411.26 -23.75 155.43
v -406.90 -16.53 156.69
v -404.20 -8.48 157.48
v -403.28 -0.00 157.74
v -404.20 8.48 157.48
v -406.90 16.53 156.69
v -411.26 23.75 155.43
v -417.06 29.79 153.75
v -424.00 34.33 151.74
v -431.73 37.14 149.50
v -443.41 38.10 158.34
v -451.43 37.14 155.60
v -459.05 34.33 153.00
v -465.89 29.79 150.67
v -471.60 23.75 148.72
v -475.89 16.53 147.25
v -478.56 8.48 146.34
v -479.47 0.00 146.03
v -478.56 -8.48 146.34
v -475.89 -16.53 147.25
v -471.60 -23.75 148.72
v -465.89 -29.79 150.67
v -459.05 -34.33 153.00
v -451.43 -37.14 155.60
v -443.41 -38.10 158.34
v -435.39 -37.14 161.08
v -427.76 -34.33 163.69
v -420.93 -29.79 166.02
v -415.22 -23.75 167.97
v -410.92 -16.53 169.44
v -408.26 -8.48 170.35
v -407.35 -0.00 170.65
v -408.26 8.48 170.35
v -410.92 16.53 169.44
v -415.22 23.75 167.97
v -420.93 29.79 166.02
v -427.76 34.33 163.69
v -435.39 37.14 161.08
v -447.47 38.10 169.37
v -455.35 37.14 166.26
v -462.84 34.33 163.30
v -469.56 29.79 160.65
v -475.17 23.75 158.43
v -479.39 16.53 156.77
v -482.02 8.48 155.73
v -482.90 0.00 155.38
v -482.02 -8.48 155.73
v -479.39 -16.53 156.77
v -475.17 -23.75 158.43
v -469.56 -29.79 160.65
v -462.84 -34.33 163.30
v -455.35 -37.14 166.26
v -447.47 -38.10 169.37
v -439.58 -37.14 172.48
v -432.09 -34.33 175.44
v -425.37 -29.79 178.09
v -419.76 -23.75 180.31
v -415.54 -16.53 181.98
v -412.92 -8.48 183.01
v -412.03 -0.00 183.36
v -412.92 8.48 183.01
v -415.54 16.53 181.98
v -419.76 23.75 180.31
v -425.37 29.79 178.09
v -432.09 34.33 175.44
v -439.58 37.14 172.48
v -452.04 38.10 180.19
v -459.77 37.14 176.71
v -467.11 34.33 173.41
v -473.70 29.79 170.44
v -479.20 23.75 167.97
v -483.34 16.53 166.10
v -485.91 8.48 164.95
v -486.78 0.00 164.55
v -485.91 -8.48 164.95
v -483.34 -16.53 166.10
v -479.20 -23.75 167.97
v -473.70 -29.79 170.44
v -467.11 -34.33 173.41
v -459.77 -37.14 176.71
v -452.04 -38.10 180.19
v -444.31 -37.14 183.68
v -436.96 -34.33 186.98
v -430.37 -29.79 189.95
v -424.87 -23.75 192.42
v -420.73 -16.53 194.29
v -418.17 -8.48 195.44
v -417.29 -0.00 195.84
v -418.17 8.48 195.44
v -420.73 16.53 194.29
v -424.87 23.75 192.42
v -430.37 29.79 189.95
v -436.96 34.33 186.98
v -444.31 37.14 183.68
v -457.11 38.10 190.79
v -464.67 37.14 186.95
v -471.85 34.33 183.31
v -478.29 29.79 180.03
v -483.67 23.75 177.30
v -487.71 16.53 175.25
v -490.23 8.48 173.97
v -491.08 0.00 173.54
v -490.23 -8.48 173.97
v -487.71 -16.53 175.25
v -483.67 -23.75 177.30
v -478.29 -29.79 180.03
v -471.85 -34.33 183.31
v -464.67 -37.14 186.95
v -457.11 -38.10 190.79
v -449.55 -37.14 194.63
v -442.37 -34.33 198.28
v -435.93 -29.79 201.55
v -430.55 -23.75 204.28
v -426.50 -16.53 206.34
v -423.99 -8.48 207.61
v -423.14 -0.00 208.05
v -423.99 8.48 207.61
v -426.50 16.53 206.34
v -430.55 23.75 204.28
v -435.93 29.79 201.55
v -442.37 34.33 198.28
v -449.55 37.14 194.63
v -462.68 38.10 201.14
v -470.05 37.14 196.95
v -477.05 34.33 192.97
v -483.33 29.79 189.40
v -488.57 23.75 186.42
v -492.52 16.53 184.17
v -494.97 8.48 182.78
v -495.80 0.00 182.31
v -494.97 -8.48 182.78
v -492.52 -16.53 184.17
v -488.57 -23.75 186.42
v -483.33 -29.79 189.40
v -477.05 -34.33 192.97
v -470.05 -37.14 196.95
v -462.68 -38.10 201.14
v -455.31 -37.14 205.33
v -448.30 -34.33 209.31
v -442.03 -29.79 212.88
v -436.78 -23.75 215.86
v -432.83 -16.53 218.11
v -430.39 -8.48 219.50
v -429.56 -0.00 219.97
v -430.39 8.48 219.50
v -432.83 16.53 218.11
v -436.78 23.75 215.86
v -442.03 29.79 212.88
v -448.30 34.33 209.31
v -455.31 37.14 205.33
v -468.72 38.10 211.21
v -475.90 37.14 206.70
v -482.72 34.33 202.42
v -488.84 29.79 198.58
v -493.95 23.75 195.37
v -497.79 16.53 192.96
v -500.18 8.48 191.46
v -500.98 0.00 190.95
v -500.18 -8.48 191.46
v -497.79 -16.53 192.96
v -493.95 -23.75 195.37
v -488.84 -29.79 198.58
v -482.72 -34.33 202.42
v -475.90 -37.14 206.70
v -468.72 -38.10 211.21
v -461.54 -37.14 215.72
v -454.72 -34.33 220.01
v -448.61 -29.79 223.85
v -443.50 -23.75 227.06
v -439.65 -16.53 229.47
v -437.27 -8.48 230.97
v -436.46 -0.00 231.48
v -437.27 8.48 230.97
v -439.65 16.53 229.47
v -443.50 23.75 227.06
v -448.61 29.79 223.85
v -454.72 34.33 220.01
v -461.54 37.14 215.72
v -642.45 38.10 487.36
v -649.66 37.14 482.89
v -656.51 34.33 478.65
v -662.65 29.79 474.85
v -667.77 23.75 471.67
v -671.63 16.53 469.28
v -674.03 8.48 467.79
v -674.84 0.00 467.29
v -674.03 -8.48 467.79
v -671.63 -16.53 469.28
v -667.77 -23.75 471.67
v -662.65 -29.79 474.85
v -656.51 -34.33 478.65
v -649.66 -37.14 482.89
v -642.45 -38.10 487.36
v -635.25 -37.14 491.83
v -628.40 -34.33 496.07
v -622.26 -29.79 499.87
v -617.13 -23.75 503.05
v -613.28 -16.53 505.44
v -610.88 -8.48 506.93
v -610.07 -0.00 507.43
v -610.88 8.48 506.93
v -613.28 16.53 505.44
v -617.13 23.75 503.05
v -622.26 29.79 499.87
v -628.40 34.33 496.07
v -635.25 37.14 491.83
v -651.04 38.10 505.41
v -658.84 37.14 502.07
v -666.24 34.33 498.91
v -672.88 29.79 496.07
v -678.43 23.75 493.70
v -682.60 16.53 491.91
v -685.19 8.48 490.80
v -686.07 0.00 490.43
v -685.19 -8.48 490.80
v -682.60 -16.53 491.91
v -678.43 -23.75 493.70
v -672.88 -29.79 496.07
v -666.24 -34.33 498.91
v -658.84 -37.14 502.07
v -651.04 -38.10 505.41
v -643.25 -37.14 508.74
v -635.84 -34.33 511.91
v -629.20 -29.79 514.75
v -623.65 -23.75 517.12
v -619.48 -16.53 518.90
v -616.89 -8.48 520.01
v -616.01 -0.00 520.39
v -616.89 8.48 520.01
v -619.48 16.53 518.90
v -623.65 23.75 517.12
v -629.20 29.79 514.75
v -635.84 34.33 511.91
v -643.25 37.14 508.74
v -658.16 38.10 524.08
v -666.19 37.14 521.38
v -673.83 34.33 518.82
v -680.68 29.79 516.52
v -686.39 23.75 514.60
v -690.70 16.53 513.15
v -693.37 8.48 512.26
v -694.27 0.00 511.95
v -693.37 -8.48 512.26
v -690.70 -16.53 513.15
v -686.39 -23.75 514.60
v -680.68 -29.79 516.52
v -673.83 -34.33 518.82
v -666.19 -37.14 521.38
v -658.16 -38.10 524.08
v -650.12 -37.14 526.78
v -642.49 -34.33 529.35
v -635.64 -29.79 531.65
v -629.92 -23.75 533.57
v -625.62 -16.53 535.02
v -622.95 -8.48 535.91
v -622.04 -0.00 536.22
v -622.95 8.48 535.91
v -625.62 16.53 535.02
v -629.92 23.75 533.57
v -635.64 29.79 531.65
v -642.49 34.33 529.35
v -650.12 37.14 526.78
v -663.76 38.10 543.27
v -671.99 37.14 541.22
v -679.80 34.33 539.27
v -686.81 29.79 537.53
v -692.67 23.75 536.07
v -697.07 16.53 534.97
v -699.80 8.48 534.29
v -700.73 0.00 534.06
v -699.80 -8.48 534.29
v -697.07 -16.53 534.97
v -692.67 -23.75 536.07
v -686.81 -29.79 537.53
v -679.80 -34.33 539.27
v -671.99 -37.14 541.22
v -663.76 -38.10 543.27
v -655.53 -37.14 545.32
v -647.72 -34.33 547.27
v -640.71 -29.79 549.01
v -634.86 -23.75 550.47
v -630.45 -16.53 551.57
v -627.72 -8.48 552.25
v -626.79 -0.00 552.48
v -627.72 8.48 552.25
v -630.45 16.53 551.57
v -634.86 23.75 550.47
v -640.71 29.79 549.01
v -647.72 34.33 547.27
v -655.53 37.14 545.32
v -667.81 38.10 562.84
v -676.18 37.14 561.46
v -684.12 34.33 560.14
v -691.25 29.79 558.96
v -697.20 23.75 557.97
v -701.68 16.53 557.23
v -704.46 8.48 556.77
v -705.40 0.00 556.62
v -704.46 -8.48 556.77
v -701.68 -16.53 557.23
v -697.20 -23.75 557.97
v -691.25 -29.79 558.96
v -684.12 -34.33 560.14
v -676.18 -37.14 561.46
v -667.81 -38.10 562.84
v -659.45 -37.14 564.23
v -651.50 -34.33 565.54
v -644.38 -29.79 566.73
v -638.43 -23.75 567.71
v -633.95 -16.53 568.45
v -631.17 -8.48 568.91
v -630.23 -0.00 569.07
v -631.17 8.48 568.91
v -633.95 16.53 568.45
v -638.43 23.75 567.71
v -644.38 29.79 566.73
v -651.50 34.33 565.54
v -659.45 37.14 564.23
v -670.29 38.10 582.68
v -678.74 37.14 581.96
v -686.76 34.33 581.29
v -693.96 29.79 580.68
v -699.97 23.75 580.17
v -704.49 16.53 579.79
v -707.30 8.48 579.55
v -708.25 0.00 579.47
v -707.30 -8.48 579.55
v -704.49 -16.53 579.79
v -699.97 -23.75 580.17
v -693.96 -29.79 580.68
v -686.76 -34.33 581.29
v -678.74 -37.14 581.96
v -670.29 -38.10 582.68
v -661.84 -37.14 583.39
v -653.82 -34.33 584.07
v -646.62 -29.79 584.67
v -640.61 -23.75 585.18
v -636.08 -16.53 585.56
v -633.28 -8.48 585.80
v -632.32 -0.00 585.88
v -633.28 8.48 585.80
v -636.08 16.53 585.56
v -640.61 23.75 585.18
v -646.62 29.79 584.67
v -653.82 34.33 584.07
v -661.84 37.14 583.39
v -671.17 38.10 602.64
v -679.65 37.14 602.61
v -687.70 34.33 602.57
v -694.93 29.79 602.54
v -700.96 23.75 602.52
v -705.50 16.53 602.50
v -708.32 8.48 602.49
v -709.27 0.00 602.48
v -708.32 -8.48 602.49
v -705.50 -16.53 602.50
v -700.96 -23.75 602.52
v -694.93 -29.79 602.54
v -687.70 -34.33 602.57
v -679.65 -37.14 602.61
v -671.17 -38.10 602.64
v -662.69 -37.14 602.68
v -654.64 -34.33 602.71
v -647.42 -29.79 602.74
v -641.38 -23.75 602.77
v -636.85 -16.53 602.79
v -634.03 -8.48 602.80
v -633.07 -0.00 602.80
v -634.03 8.48 602.80
v -636.85 16.53 602.79
v -641.38 23.75 602.77
v -647.42 29.79 602.74
v -654.64 34.33 602.71
v -662.69 37.14 602.68
v -670.46 38.10 622.62
v -678.91 37.14 623.26
v -686.94 34.33 623.87
v -694.14 29.79 624.42
v -700.16 23.75 624.87
v -704.69 16.53 625.22
v -707.50 8.48 625.43
v -708.45 0.00 625.50
v -707.50 -8.48 625.43
v -704.69 -16.53 625.22
v -700.16 -23.75 624.87
v -694.14 -29.79 624.42
v -686.94 -34.33 623.87
v -678.91 -37.14 623.26
v -670.46 -38.10 622.62
v -662.00 -37.14 621.98
v -653.97 -34.33 621.37
v -646.77 -29.79 620.82
v -640.75 -23.75 620.36
v -636.23 -16.53 620.02
v -633.42 -8.48 619.81
v -632.47 -0.00 619.74
v -633.42 8.48 619.81
v -636.23 16.53 620.02
v -640.75 23.75 620.36
v -646.77 29.79 620.82
v -653.97 34.33 621.37
v -662.00 37.14 621.98
v -668.15 38.10 642.47
v -676.52 37.14 643.79
v -684.48 34.33 645.04
v -691.62 29.79 646.16
v -697.58 23.75 647.09
v -702.06 16.53 647.80
v -704.84 8.48 648.23
v -705.79 0.00 648.38
v -704.84 -8.48 648.23
v -702.06 -16.53 647.80
v -697.58 -23.75 647.09
v -691.62 -29.79 646.16
v -684.48 -34.33 645.04
v -676.52 -37.14 643.79
v -668.15 -38.10 642.47
v -659.77 -37.14 641.16
v -651.82 -34.33 639.91
v -644.68 -29.79 638.79
v -638.72 -23.75 637.85
v -634.24 -16.53 637.15
v -631.45 -8.48 636.71
v -630.51 -0.00 636.56
v -631.45 8.48 636.71
v -634.24 16.53 637.15
v -638.72 23.75 637.85
v -644.68 29.79 638.79
v -651.82 34.33 639.91
v -659.77 37.14 641.16
v -664.26 38.10 662.08
v -672.51 37.14 664.06
v -680.34 34.33 665.94
v -687.36 29.79 667.62
v -693.23 23.75 669.03
v -697.64 16.53 670.09
v -700.38 8.48 670.75
v -701.31 0.00 670.97
v -700.38 -8.48 670.75
v -697.64 -16.53 670.09
v -693.23 -23.75 669.03
v -687.36 -29.79 667.62
v -680.34 -34.33 665.94
v -672.51 -37.14 664.06
v -664.26 -38.10 662.08
v -656.02 -37.14 660.10
v -648.19 -34.33 658.22
v -641.16 -29.79 656.53
v -635.30 -23.75 655.12
v -630.88 -16.53 654.06
v -628.14 -8.48 653.40
v -627.22 -0.00 653.18
v -628.14 8.48 653.40
v -630.88 16.53 654.06
v -635.30 23.75 655.12
v -641.16 29.79 656.53
v -648.19 34.33 658.22
v -656.02 37.14 660.10
v -658.82 38.10 681.31
v -666.88 37.14 683.94
v -674.54 34.33 686.44
v -681.40 29.79 688.68
v -687.14 23.75 690.56
v -691.45 16.53 691.97
v -694.13 8.48 692.84
v -695.04 0.00 693.14
v -694.13 -8.48 692.84
v -691.45 -16.53 691.97
v -687.14 -23.75 690.56
v -681.40 -29.79 688.68
v -674.54 -34.33 686.44
v -666.88 -37.14 683.94
v -658.82 -38.10 681.31
v -650.76 -37.14 678.68
v -643.11 -34.33 676.18
v -636.24 -29.79 673.94
v -630.51 -23.75 672.06
v -626.19 -16.53 670.65
v -623.51 -8.48 669.78
v -622.60 -0.00 669.48
v -623.51 8.48 669.78
v -626.19 16.53 670.65
v -630.51 23.75 672.06
v -636.24 29.79 673.94
v -643.11 34.33 676.18
v -650.76 37.14 678.68
v -651.86 38.10 700.05
v -659.69 37.14 703.30
v -667.13 34.33 706.40
v -673.80 29.79 709.17
v -679.36 23.75 711.49
v -683.56 16.53 713.23
v -686.16 8.48 714.32
v -687.04 0.00 714.68
v -686.16 -8.48 714.32
v -683.56 -16.53 713.23
v -679.36 -23.75 711.49
v -673.80 -29.79 709.17
v -667.13 -34.33 706.40
v -659.69 -37.14 703.30
v -651.86 -38.10 700.05
v -644.04 -37.14 696.79
v -636.60 -34.33 693.70
v -629.93 -29.79 690.92
v -624.36 -23.75 688.60
v -620.17 -16.53 686.86
v -617.57 -8.48 685.78
v -616.69 -0.00 685.41
v -617.57 8.48 685.78
v -620.17 16.53 686.86
v -624.36 23.75 688.60
v -629.93 29.79 690.92
v -636.60 34.33 693.70
v -644.04 37.14 696.79
v -594.52 38.10 835.86
v -602.29 37.14 839.24
v -609.68 34.33 842.44
v -616.31 29.79 845.32
v -621.84 23.75 847.72
v -626.00 16.53 849.53
v -628.59 8.48 850.65
v -629.46 0.00 851.04
v -628.59 -8.48 850.65
v -626.00 -16.53 849.53
v -621.84 -23.75 847.72
v -616.31 -29.79 845.32
v -609.68 -34.33 842.44
v -602.29 -37.14 839.24
v -594.52 -38.10 835.86
v -586.74 -37.14 832.48
v -579.35 -34.33 829.28
v -572.73 -29.79 826.40
v -567.19 -23.75 824.00
v -563.03 -16.53 822.19
v -560.44 -8.48 821.07
v -559.57 -0.00 820.69
v -560.44 8.48 821.07
v -563.03 16.53 822.19
v -567.19 23.75 824.00
v -572.73 29.79 826.40
v -579.35 34.33 829.28
v -586.74 37.14 832.48
v -586.42 38.10 850.78
v -593.72 37.14 855.07
v -600.67 34.33 859.16
v -606.89 29.79 862.82
v -612.09 23.75 865.87
v -616.01 16.53 868.17
v -618.44 8.48 869.60
v -619.26 0.00 870.09
v -618.44 -8.48 869.60
v -616.01 -16.53 868.17
v -612.09 -23.75 865.87
v -606.89 -29.79 862.82
v -600.67 -34.33 859.16
v -593.72 -37.14 855.07
v -586.42 -38.10 850.78
v -579.11 -37.14 846.48
v -572.16 -34.33 842.40
v -565.94 -29.79 838.74
v -560.74 -23.75 835.68
v -556.82 -16.53 833.38
v -554.39 -8.48 831.95
v -553.57 -0.00 831.47
v -554.39 8.48 831.95
v -556.82 16.53 833.38
v -560.74 23.75 835.68
v -565.94 29.79 838.74
v -572.16 34.33 842.40
v -579.11 37.14 846.48
v -577.32 38.10 865.11
v -584.32 37.14 869.89
v -590.97 34.33 874.44
v -596.94 29.79 878.51
v -601.92 23.75 881.91
v -605.66 16.53 884.48
v -607.99 8.48 886.06
v -608.78 0.00 886.60
v -607.99 -8.48 886.06
v -605.66 -16.53 884.48
v -601.92 -23.75 881.91
v -596.94 -29.79 878.51
v -590.97 -34.33 874.44
v -584.32 -37.14 869.89
v -577.32 -38.10 865.11
v -570.32 -37.14 860.33
v -563.67 -34.33 855.79
v -557.71 -29.79 851.71
v -552.73 -23.75 848.31
v -548.98 -16.53 845.75
v -546.65 -8.48 844.16
v -545.86 -0.00 843.62
v -546.65 8.48 844.16
v -548.98 16.53 845.75
v -552.73 23.75 848.31
v -557.71 29.79 851.71
v -563.67 34.33 855.79
v -570.32 37.14 860.33
v -567.27 38.10 878.79
v -573.93 37.14 884.04
v -580.26 34.33 889.02
v -585.93 29.79 893.49
v -590.67 23.75 897.23
v -594.24 16.53 900.04
v -596.45 8.48 901.78
v -597.20 0.00 902.37
v -596.45 -8.48 901.78
v -594.24 -16.53 900.04
v -590.67 -23.75 897.23
v -585.93 -29.79 893.49
v -580.26 -34.33 889.02
v -573.93 -37.14 884.04
v -567.27 -38.10 878.79
v -560.62 -37.14 873.55
v -554.29 -34.33 868.56
v -548.62 -29.79 864.09
v -543.88 -23.75 860.36
v -540.31 -16.53 857.55
v -538.10 -8.48 855.81
v -537.35 -0.00 855.22
v -538.10 8.48 855.81
v -540.31 16.53 857.55
v -543.88 23.75 860.36
v -548.62 29.79 864.09
v -554.29 34.33 868.56
v -560.62 37.14 873.55
v -556.32 38.10 891.76
v -562.61 37.14 897.45
v -568.58 34.33 902.85
v -573.94 29.79 907.70
v -578.42 23.75 911.74
v -581.78 16.53 914.79
v -583.87 8.48 916.68
v -584.58 0.00 917.32
v -583.87 -8.48 916.68
v -581.78 -16.53 914.79
v -578.42 -23.75 911.74
v -573.94 -29.79 907.70
v -568.58 -34.33 902.85
v -562.61 -37.14 897.45
v -556.32 -38.10 891.76
v -550.04 -37.14 886.08
v -544.06 -34.33 880.68
v -538.70 -29.79 875.83
v -534.23 -23.75 871.78
v -530.86 -16.53 868.74
v -528.77 -8.48 866.85
v -528.06 -0.00 866.21
v -528.77 8.48 866.85
v -530.86 16.53 868.74
v -534.23 23.75 871.78
v -538.70 29.79 875.83
v -544.06 34.33 880.68
v -550.04 37.14 886.08
v -544.52 38.10 903.96
v -550.41 37.14 910.06
v -556.00 34.33 915.85
v -561.01 29.79 921.05
v -565.20 23.75 925.39
v -568.36 16.53 928.66
v -570.31 8.48 930.69
v -570.98 0.00 931.37
v -570.31 -8.48 930.69
v -568.36 -16.53 928.66
v -565.20 -23.75 925.39
v -561.01 -29.79 921.05
v -556.00 -34.33 915.85
v -550.41 -37.14 910.06
v -544.52 -38.10 903.96
v -538.63 -37.14 897.86
v -533.04 -34.33 892.07
v -528.02 -29.79 886.87
v -523.83 -23.75 882.53
v -520.68 -16.53 879.26
v -518.72 -8.48 877.23
v -518.06 -0.00 876.55
v -518.72 8.48 877.23
v -520.68 16.53 879.26
v -523.83 23.75 882.53
v -528.02 29.79 886.87
v -533.04 34.33 892.07
v -538.63 37.14 897.86
v -531.91 38.10 915.33
v -537.37 37.14 921.81
v -542.56 34.33 927.97
v -547.21 29.79 933.50
v -551.10 23.75 938.11
v -554.02 16.53 941.59
v -555.83 8.48 943.74
v -556.45 0.00 944.47
v -555.83 -8.48 943.74
v -554.02 -16.53 941.59
v -551.10 -23.75 938.11
v -547.21 -29.79 933.50
v -542.56 -34.33 927.97
v -537.37 -37.14 921.81
v -531.91 -38.10 915.33
v -526.45 -37.14 908.84
v -521.26 -34.33 902.68
v -516.61 -29.79 897.15
v -512.73 -23.75 892.54
v -509.80 -16.53 889.07
v -507.99 -8.48 886.91
v -507.37 -0.00 886.18
v -507.99 8.48 886.91
v -509.80 16.53 889.07
v -512.73 23.75 892.54
v -516.61 29.79 897.15
v -521.26 34.33 902.68
v -526.45 37.14 908.84
v -518.56 38.10 925.81
v -523.57 37.14 932.65
v -528.33 34.33 939.15
v -532.59 29.79 944.98
v -536.16 23.75 949.85
v -538.84 16.53 953.51
v -540.50 8.48 955.79
v -541.07 0.00 956.56
v -540.50 -8.48 955.79
v -538.84 -16.53 953.51
v -536.16 -23.75 949.85
v -532.59 -29.79 944.98
v -528.33 -34.33 939.15
v -523.57 -37.14 932.65
v -518.56 -38.10 925.81
v -513.55 -37.14 918.97
v -508.80 -34.33 912.47
v -504.53 -29.79 906.64
v -500.97 -23.75 901.78
v -498.29 -16.53 898.11
v -496.62 -8.48 895.84
v -496.06 -0.00 895.07
v -496.62 8.48 895.84
v -498.29 16.53 898.11
v -500.97 23.75 901.78
v -504.53 29.79 906.64
v -508.80 34.33 912.47
v -513.55 37.14 918.97
v -504.53 38.10 935.37
v -509.06 37.14 942.53
v -513.37 34.33 949.34
v -517.23 29.79 955.44
v -520.46 23.75 960.54
v -522.88 16.53 964.38
v -524.39 8.48 966.76
v -524.90 0.00 967.57
v -524.39 -8.48 966.76
v -522.88 -16.53 964.38
v -520.46 -23.75 960.54
v -517.23 -29.79 955.44
v -513.37 -34.33 949.34
v -509.06 -37.14 942.53
v -504.53 -38.10 935.37
v -500.00 -37.14 928.20
v -495.70 -34.33 921.40
v -491.83 -29.79 915.29
v -488.61 -23.75 910.19
v -486.18 -16.53 906.36
v -484.68 -8.48 903.98
v -484.17 -0.00 903.17
v -484.68 8.48 903.98
v -486.18 16.53 906.36
v -488.61 23.75 910.19
v -491.83 29.79 915.29
v -495.70 34.33 921.40
v -500.00 37.14 928.20
v -489.89 38.10 943.95
v -493.92 37.14 951.41
v -497.75 34.33 958.49
v -501.19 29.79 964.84
v -504.06 23.75 970.15
v -506.22 16.53 974.14
v -507.57 8.48 976.62
v -508.02 0.00 977.46
v -507.57 -8.48 976.62
v -506.22 -16.53 974.14
v -504.06 -23.75 970.15
v -501.19 -29.79 964.84
v -497.75 -34.33 958.49
v -493.92 -37.14 951.41
v -489.89 -38.10 943.95
v -485.85 -37.14 936.49
v -482.02 -34.33 929.41
v -478.58 -29.79 923.06
v -475.71 -23.75 917.75
v -473.55 -16.53 913.76
v -472.21 -8.48 911.28
v -471.75 -0.00 910.44
v -472.21 8.48 911.28
v -473.55 16.53 913.76
v -475.71 23.75 917.75
v -478.58 29.79 923.06
v -482.02 34.33 929.41
v -485.85 37.14 936.49
v -474.69 38.10 951.52
v -478.21 37.14 959.23
v -481.56 34.33 966.56
v -484.55 29.79 973.13
v -487.06 23.75 978.62
v -488.94 16.53 982.75
v -490.11 8.48 985.31
v -490.51 0.00 986.18
v -490.11 -8.48 985.31
v -488.94 -16.53 982.75
v -487.06 -23.75 978.62
v -484.55 -29.79 973.13
v -481.56 -34.33 966.56
v -478.21 -37.14 959.23
v -474.69 -38.10 951.52
v -471.17 -37.14 943.80
v -467.83 -34.33 936.48
v -464.83 -29.79 929.91
v -462.32 -23.75 924.42
v -460.44 -16.53 920.29
v -459.27 -8.48 917.72
v -458.87 -0.00 916.86
v -459.27 8.48 917.72
v -460.44 16.53 920.29
v -462.32 23.75 924.42
v -464.83 29.79 929.91
v -467.83 34.33 936.48
v -471.17 37.14 943.80
v -459.02 38.10 958.04
v -462.03 37.14 965.96
v -464.88 34.33 973.49
v -467.45 29.79 980.25
v -469.59 23.75 985.89
v -471.20 16.53 990.13
v -472.20 8.48 992.76
v -472.54 0.00 993.66
v -472.20 -8.48 992.76
v -471.20 -16.53 990.13
v -469.59 -23.75 985.89
v -467.45 -29.79 980.25
v -464.88 -34.33 973.49
v -462.03 -37.14 965.96
v -459.02 -38.10 958.04
v -456.01 -37.14 950.11
v -453.16 -34.33 942.58
v -450.59 -29.79 935.83
v -448.45 -23.75 930.19
v -446.84 -16.53 925.94
v -445.84 -8.48 923.31
v -445.50 -0.00 922.41
v -445.84 8.48 923.31
v -446.84 16.53 925.94
v -448.45 23.75 930.19
v -450.59 29.79 935.83
v -453.16 34.33 942.58
v -456.01 37.14 950.11
v -295.54 38.10 1019.49
v -298.51 37.14 1027.43
v -301.33 34.33 1034.98
v -303.86 29.79 1041.74
v -305.97 23.75 1047.40
v -307.56 16.53 1051.65
v -308.55 8.48 1054.29
v -308.88 0.00 1055.18
v -308.55 -8.48 1054.29
v -307.56 -16.53 1051.65
v -305.97 -23.75 1047.40
v -303.86 -29.79 1041.74
v -301.33 -34.33 1034.98
v -298.51 -37.14 1027.43
v -295.54 -38.10 1019.49
v -292.57 -37.14 1011.55
v -289.75 -34.33 1004.01
v -287.22 -29.79 997.24
v -285.11 -23.75 991.59
v -283.52 -16.53 987.34
v -282.53 -8.48 984.70
v -282.20 -0.00 983.81
v -282.53 8.48 984.70
v -283.52 16.53 987.34
v -285.11 23.75 991.59
v -287.22 29.79 997.24
v -289.75 34.33 1004.01
v -292.57 37.14 1011.55
v -288.40 38.10 1021.82
v -290.91 37.14 1029.92
v -293.29 34.33 1037.61
v -295.43 29.79 1044.51
v -297.21 23.75 1050.28
v -298.55 16.53 1054.61
v -299.39 8.48 1057.30
v -299.67 0.00 1058.22
v -299.39 -8.48 1057.30
v -298.55 -16.53 1054.61
v -297.21 -23.75 1050.28
v -295.43 -29.79 1044.51
v -293.29 -34.33 1037.61
v -290.91 -37.14 1029.92
v -288.40 -38.10 1021.82
v -285.90 -37.14 1013.72
v -283.52 -34.33 1006.03
v -281.38 -29.79 999.13
v -279.60 -23.75 993.36
v -278.25 -16.53 989.03
v -277.42 -8.48 986.34
v -277.14 -0.00 985.42
v -277.42 8.48 986.34
v -278.25 16.53 989.03
v -279.60 23.75 993.36
v -281.38 29.79 999.13
v -283.52 34.33 1006.03
v -285.90 37.14 1013.72
v -281.20 38.10 1023.93
v -283.47 37.14 1032.10
v -285.61 34.33 1039.86
v -287.54 29.79 1046.82
v -289.15 23.75 1052.64
v -290.36 16.53 1057.01
v -291.12 8.48 1059.73
v -291.37 0.00 1060.65
v -291.12 -8.48 1059.73
v -290.36 -16.53 1057.01
v -289.15 -23.75 1052.64
v -287.54 -29.79 1046.82
v -285.61 -34.33 1039.86
v -283.47 -37.14 1032.10
v -281.20 -38.10 1023.93
v -278.94 -37.14 1015.76
v -276.79 -34.33 1008.00
v -274.86 -29.79 1001.04
v -273.25 -23.75 995.22
v -272.04 -16.53 990.85
v -271.29 -8.48 988.13
v -271.03 -0.00 987.21
v -271.29 8.48 988.13
v -272.04 16.53 990.85
v -273.25 23.75 995.22
v -274.86 29.79 1001.04
v -276.79 34.33 1008.00
v -278.94 37.14 1015.76
v -273.94 38.10 1025.83
v -275.96 37.14 1034.06
v -277.87 34.33 1041.88
v -279.59 29.79 1048.90
v -281.03 23.75 1054.76
v -282.11 16.53 1059.17
v -282.78 8.48 1061.90
v -283.00 0.00 1062.83
v -282.78 -8.48 1061.90
v -282.11 -16.53 1059.17
v -281.03 -23.75 1054.76
v -279.59 -29.79 1048.90
v -277.87 -34.33 1041.88
v -275.96 -37.14 1034.06
v -273.94 -38.10 1025.83
v -271.92 -37.14 1017.59
v -270.01 -34.33 1009.77
v -268.29 -29.79 1002.75
v -266.86 -23.75 996.89
v -265.78 -16.53 992.48
v -265.11 -8.48 989.75
v -264.88 -0.00 988.82
v -265.11 8.48 989.75
v -265.78 16.53 992.48
v -266.86 23.75 996.89
v -268.29 29.79 1002.75
v -270.01 34.33 1009.77
v -271.92 37.14 1017.59
v -266.63 38.10 1027.50
v -268.39 37.14 1035.79
v -270.07 34.33 1043.67
v -271.58 29.79 1050.73
v -272.84 23.75 1056.63
v -273.79 16.53 1061.07
v -274.37 8.48 1063.83
v -274.57 0.00 1064.76
v -274.37 -8.48 1063.83
v -273.79 -16.53 1061.07
v -272.84 -23.75 1056.63
v -271.58 -29.79 1050.73
v -270.07 -34.33 1043.67
v -268.39 -37.14 1035.79
v -266.63 -38.10 1027.50
v -264.86 -37.14 1019.21
v -263.18 -34.33 1011.33
v -261.67 -29.79 1004.27
v -260.41 -23.75 998.37
v -259.47 -16.53 993.93
v -258.88 -8.48 991.17
v -258.68 -0.00 990.24
v -258.88 8.48 991.17
v -259.47 16.53 993.93
v -260.41 23.75 998.37
v -261.67 29.79 1004.27
v -263.18 34.33 1011.33
v -264.86 37.14 1019.21
v -259.26 38.10 1028.96
v -260.78 37.14 1037.30
v -262.22 34.33 1045.22
v -263.52 29.79 1052.33
v -264.60 23.75 1058.26
v -265.41 16.53 1062.73
v -265.92 8.48 1065.50
v -266.09 0.00 1066.44
v -265.92 -8.48 1065.50
v -265.41 -16.53 1062.73
v -264.60 -23.75 1058.26
v -263.52 -29.79 1052.33
v -262.22 -34.33 1045.22
v -260.78 -37.14 1037.30
v -259.26 -38.10 1028.96
v -257.74 -37.14 1020.61
v -256.30 -34.33 1012.69
v -255.01 -29.79 1005.59
v -253.93 -23.75 999.65
v -253.11 -16.53 995.18
v -252.61 -8.48 992.41
v -252.44 -0.00 991.47
v -252.61 8.48 992.41
v -253.11 16.53 995.18
v -253.93 23.75 999.65
v -255.01 29.79 1005.59
v -256.30 34.33 1012.69
v -257.74 37.14 1020.61
v -251.86 38.10 1030.19
v -253.13 37.14 1038.57
v -254.33 34.33 1046.53
v -255.41 29.79 1053.68
v -256.32 23.75 1059.64
v -256.99 16.53 1064.13
v -257.42 8.48 1066.92
v -257.56 0.00 1067.86
v -257.42 -8.48 1066.92
v -256.99 -16.53 1064.13
v -256.32 -23.75 1059.64
v -255.41 -29.79 1053.68
v -254.33 -34.33 1046.53
v -253.13 -37.14 1038.57
v -251.86 -38.10 1030.19
v -250.59 -37.14 1021.81
v -249.39 -34.33 1013.84
v -248.31 -29.79 1006.70
v -247.41 -23.75 1000.74
v -246.73 -16.53 996.25
v -246.31 -8.48 993.46
v -246.16 -0.00 992.52
v -246.31 8.48 993.46
v -246.73 16.53 996.25
v -247.41 23.75 1000.74
v -248.31 29.79 1006.70
v -249.39 34.33 1013.84
v -250.59 37.14 1021.81
v -244.42 38.10 1031.20
v -245.44 37.14 1039.62
v -246.41 34.33 1047.61
v -247.27 29.79 1054.78
v -247.99 23.75 1060.77
v -248.54 16.53 1065.28
v -248.87 8.48 1068.08
v -248.99 0.00 1069.03
v -248.87 -8.48 1068.08
v -248.54 -16.53 1065.28
v -247.99 -23.75 1060.77
v -247.27 -29.79 1054.78
v -246.41 -34.33 1047.61
v -245.44 -37.14 1039.62
v -244.42 -38.10 1031.20
v -243.41 -37.14 1022.78
v -242.44 -34.33 1014.79
v -241.58 -29.79 1007.62
v -240.86 -23.75 1001.63
v -240.31 -16.53 997.12
v -239.98 -8.48 994.32
v -239.86 -0.00 993.37
v -239.98 8.48 994.32
v -240.31 16.53 997.12
v -240.86 23.75 1001.63
v -241.58 29.79 1007.62
v -242.44 34.33 1014.79
v -243.41 37.14 1022.78
v -236.96 38.10 1031.99
v -237.72 37.14 1040.43
v -238.45 34.33 1048.45
v -239.10 29.79 1055.65
v -239.64 23.75 1061.65
v -240.05 16.53 1066.17
v -240.30 8.48 1068.98
v -240.39 0.00 1069.93
v -240.30 -8.48 1068.98
v -240.05 -16.53 1066.17
v -239.64 -23.75 1061.65
v -239.10 -29.79 1055.65
v -238.45 -34.33 1048.45
v -237.72 -37.14 1040.43
v -236.96 -38.10 1031.99
v -236.20 -37.14 1023.54
v -235.48 -34.33 1015.52
v -234.83 -29.79 1008.33
v -234.28 -23.75 1002.32
v -233.87 -16.53 997.80
v -233.62 -8.48 994.99
v -233.54 -0.00 994.04
v -233.62 8.48 994.99
v -233.87 16.53 997.80
v -234.28 23.75 1002.32
v -234.83 29.79 1008.33
v -235.48 34.33 1015.52
v -236.20 37.14 1023.54
v -229.48 38.10 1032.55
v -229.99 37.14 1041.01
v -230.47 34.33 1049.05
v -230.90 29.79 1056.26
v -231.27 23.75 1062.28
v -231.54 16.53 1066.81
v -231.71 8.48 1069.63
v -231.76 0.00 1070.58
v -231.71 -8.48 1069.63
v -231.54 -16.53 1066.81
v -231.27 -23.75 1062.28
v -230.90 -29.79 1056.26
v -230.47 -34.33 1049.05
v -229.99 -37.14 1041.01
v -229.48 -38.10 1032.55
v -228.97 -37.14 1024.09
v -228.49 -34.33 1016.05
v -228.05 -29.79 1008.84
v -227.69 -23.75 1002.82
v -227.42 -16.53 998.28
v -227.25 -8.48 995.47
v -227.19 -0.00 994.52
v -227.25 8.48 995.47
v -227.42 16.53 998.28
v -227.69 23.75 1002.82
v -228.05 29.79 1008.84
v -228.49 34.33 1016.05
v -228.97 37.14 1024.09
v -221.98 38.10 1032.89
v -222.24 37.14 1041.36
v -222.48 34.33 1049.41
v -222.69 29.79 1056.63
v -222.88 23.75 1062.66
v -223.01 16.53 1067.20
v -223.10 8.48 1070.02
v -223.13 0.00 1070.97
v -223.10 -8.48 1070.02
v -223.01 -16.53 1067.20
v -222.88 -23.75 1062.66
v -222.69 -29.79 1056.63
v -222.48 -34.33 1049.41
v -222.24 -37.14 1041.36
v -221.98 -38.10 1032.89
v -221.73 -37.14 1024.41
v -221.49 -34.33 1016.36
v -221.27 -29.79 1009.14
v -221.09 -23.75 1003.11
v -220.95 -16.53 998.58
v -220.87 -8.48 995.76
v -220.84 -0.00 994.80
v -220.87 8.48 995.76
v -220.95 16.53 998.58
v -221.09 23.75 1003.11
v -221.27 29.79 1009.14
v -221.49 34.33 1016.36
v -221.73 37.14 1024.41
v -214.48 38.10 1033.00
v -214.48 37.14 1041.48
v -214.48 34.33 1049.53
v -214.48 29.79 1056.75
v -214.48 23.75 1062.79
v -214.48 16.53 1067.33
v -214.48 8.48 1070.14
v -214.48 0.00 1071.10
v -214.48 -8.48 1070.14
v -214.48 -16.53 1067.33
v -214.48 -23.75 1062.79
v -214.48 -29.79 1056.75
v -214.48 -34.33 1049.53
v -214.48 -37.14 1041.48
v -214.48 -38.10 1033.00
v -214.48 -37.14 1024.52
v -214.48 -34.33 1016.47
v -214.48 -29.79 1009.25
v -214.48 -23.75 1003.21
v -214.48 -16.53 998.67
v -214.48 -8.48 995.86
v -214.48 -0.00 994.90
v -214.48 8.48 995.86
v -214.48 16.53 998.67
v -214.48 23.75 1003.21
v -214.48 29.79 1009.25
v -214.48 34.33 1016.47
v -214.48 37.14 1024.52
v 221.98 38.10 1032.89
v 221.99 37.14 1041.37
v 222.00 34.33 1049.42
v 222.01 29.79 1056.64
v 222.01 23.75 1062.68
v 222.02 16.53 1067.21
v 222.02 8.48 1070.03
v 222.02 0.00 1070.99
v 222.02 -8.48 1070.03
v 222.02 -16.53 1067.21
v 222.01 -23.75 1062.68
v 222.01 -29.79 1056.64
v 222.00 -34.33 1049.42
v 221.99 -37.14 1041.37
v 221.98 -38.10 1032.89
v 221.97 -37.14 1024.41
v 221.96 -34.33 1016.36
v 221.96 -29.79 1009.13
v 221.95 -23.75 1003.10
v 221.95 -16.53 998.56
v 221.94 -8.48 995.74
v 221.94 -0.00 994.79
v 221.94 8.48 995.74
v 221.95 16.53 998.56
v 221.95 23.75 1003.10
v 221.96 29.79 1009.13
v 221.96 34.33 1016.36
v 221.97 37.14 1024.41
v 229.48 38.10 1032.55
v 229.99 37.14 1041.01
v 230.47 34.33 1049.05
v 230.90 29.79 1056.26
v 231.27 23.75 1062.28
v 231.54 16.53 1066.81
v 231.71 8.48 1069.63
v 231.76 0.00 1070.58
v 231.71 -8.48 1069.63
v 231.54 -16.53 1066.81
v 231.27 -23.75 1062.28
v 230.90 -29.79 1056.26
v 230.47 -34.33 1049.05
v 229.99 -37.14 1041.01
v 229.48 -38.10 1032.55
v 228.97 -37.14 1024.09
v 228.49 -34.33 1016.05
v 228.05 -29.79 1008.84
v 227.69 -23.75 1002.82
v 227.42 -16.53 998.28
v 227.25 -8.48 995.47
v 227.19 -0.00 994.52
v 227.25 8.48 995.47
v 227.42 16.53 998.28
v 227.69 23.75 1002.82
v 228.05 29.79 1008.84
v 228.49 34.33 1016.05
v 228.97 37.14 1024.09
v 236.96 38.10 1031.99
v 237.72 37.14 1040.43
v 238.45 34.33 1048.45
v 239.10 29.79 1055.65
v 239.64 23.75 1061.65
v 240.05 16.53 1066.17
v 240.30 8.48 1068.98
v 240.39 0.00 1069.93
v 240.30 -8.48 1068.98
v 240.05 -16.53 1066.17
v 239.64 -23.75 1061.65
v 239.10 -29.79 1055.65
v 238.45 -34.33 1048.45
v 237.72 -37.14 1040.43
v 236.96 -38.10 1031.99
v 236.20 -37.14 1023.54
v 235.48 -34.33 1015.52
v 234.83 -29.79 1008.33
v 234.28 -23.75 1002.32
v 233.87 -16.53 997.80
v 233.62 -8.48 994.99
v 233.54 -0.00 994.04
v 233.62 8.48 994.99
v 233.87 16.53 997.80
v 234.28 23.75 1002.32
v 234.83 29.79 1008.33
v 235.48 34.33 1015.52
v 236.20 37.14 1023.54
v 244.42 38.10 1031.20
v 245.44 37.14 1039.62
v 246.41 34.33 1047.61
v 247.27 29.79 1054.78
v 247.99 23.75 1060.77
v 248.54 16.53 1065.28
v 248.87 8.48 1068.08
v 248.99 0.00 1069.03
v 248.87 -8.48 1068.08
v 248.54 -16.53 1065.28
v 247.99 -23.75 1060.77
v 247.27 -29.79 1054.78
v 246.41 -34.33 1047.61
v 245.44 -37.14 1039.62
v 244.42 -38.10 1031.20
v 243.41 -37.14 1022.78
v 242.44 -34.33 1014.79
v 241.58 -29.79 1007.62
v 240.86 -23.75 1001.63
v 240.31 -16.53 997.12
v 239.98 -8.48 994.32
v 239.86 -0.00 993.37
v 239.98 8.48 994.32
v 240.31 16.53 997.12
v 240.86 23.75 1001.63
v 241.58 29.79 1007.62
v 242.44 34.33 1014.79
v 243.41 37.14 1022.78
v 251.86 38.10 1030.19
v 253.13 37.14 1038.57
v 254.33 34.33 1046.53
v 255.41 29.79 1053.68
v 256.32 23.75 1059.64
v 256.99 16.53 1064.13
v 257.42 8.48 1066.92
v 257.56 0.00 1067.86
v 257.42 -8.48 1066.92
v 256.99 -16.53 1064.13
v 256.32 -23.75 1059.64
v 255.41 -29.79 1053.68
v 254.33 -34.33 1046.53
v 253.13 -37.14 1038.57
v 251.86 -38.10 1030.19
v 250.59 -37.14 1021.81
v 249.39 -34.33 1013.84
v 248.31 -29.79 1006.70
v 247.41 -23.75 1000.74
v 246.73 -16.53 996.25
v 246.31 -8.48 993.46
v 246.16 -0.00 992.52
v 246.31 8.48 993.46
v 246.73 16.53 996.25
v 247.41 23.75 1000.74
v 248.31 29.79 1006.70
v 249.39 34.33 1013.84
v 250.59 37.14 1021.81
v 259.26 38.10 1028.96
v 260.78 37.14 1037.30
v 262.22 34.33 1045.22
v 263.52 29.79 1052.33
v 264.60 23.75 1058.26
v 265.41 16.53 1062.73
v 265.92 8.48 1065.50
v 266.09 0.00 1066.44
v 265.92 -8.48 1065.50
v 265.41 -16.53 1062.73
v 264.60 -23.75 1058.26
v 263.52 -29.79 1052.33
v 262.22 -34.33 1045.22
v 260.78 -37.14 1037.30
v 259.26 -38.10 1028.96
v 257.74 -37.14 1020.61
v 256.30 -34.33 1012.69
v 255.01 -29.79 1005.59
v 253.93 -23.75 999.65
v 253.11 -16.53 995.18
v 252.61 -8.48 992.41
v 252.44 -0.00 991.47
v 252.61 8.48 992.41
v 253.11 16.53 995.18
v 253.93 23.75 999.65
v 255.01 29.79 1005.59
v 256.30 34.33 1012.69
v 257.74 37.14 1020.61
v 266.63 38.10 1027.50
v 268.39 37.14 1035.79
v 270.07 34.33 1043.67
v 271.58 29.79 1050.73
v 272.84 23.75 1056.63
v 273.79 16.53 1061.07
v 274.37 8.48 1063.83
v 274.57 0.00 1064.76
v 274.37 -8.48 1063.83
v 273.79 -16.53 1061.07
v 272.84 -23.75 1056.63
v 271.58 -29.79 1050.73
v 270.07 -34.33 1043.67
v 268.39 -37.14 1035.79
v 266.63 -38.10 1027.50
v 264.86 -37.14 1019.21
v 263.18 -34.33 1011.33
v 261.67 -29.79 1004.27
v 260.41 -23.75 998.37
v 259.47 -16.53 993.93
v 258.88 -8.48 991.17
v 258.68 -0.00 990.24
v 258.88 8.48 991.17
v 259.47 16.53 993.93
v 260.41 23.75 998.37
v 261.67 29.79 1004.27
v 263.18 34.33 1011.33
v 264.86 37.14 1019.21
v 273.94 38.10 1025.83
v 275.96 37.14 1034.06
v 277.87 34.33 1041.88
v 279.59 29.79 1048.90
v 281.03 23.75 1054.76
v 282.11 16.53 1059.17
v 282.78 8.48 1061.90
v 283.00 0.00 1062.83
v 282.78 -8.48 1061.90
v 282.11 -16.53 1059.17
v 281.03 -23.75 1054.76
v 279.59 -29.79 1048.90
v 277.87 -34.33 1041.88
v 275.96 -37.14 1034.06
v 273.94 -38.10 1025.83
v 271.92 -37.14 1017.59
v 270.01 -34.33 1009.77
v 268.29 -29.79 1002.75
v 266.86 -23.75 996.89
v 265.78 -16.53 992.48
v 265.11 -8.48 989.75
v 264.88 -0.00 988.82
v 265.11 8.48 989.75
v 265.78 16.53 992.48
v 266.86 23.75 996.89
v 268.29 29.79 1002.75
v 270.01 34.33 1009.77
v 271.92 37.14 1017.59
v 281.20 38.10 1023.93
v 283.47 37.14 1032.10
v 285.61 34.33 1039.86
v 287.54 29.79 1046.82
v 289.15 23.75 1052.64
v 290.36 16.53 1057.01
v 291.12 8.48 1059.73
v 291.37 0.00 1060.65
v 291.12 -8.48 1059.73
v 290.36 -16.53 1057.01
v 289.15 -23.75 1052.64
v 287.54 -29.79 1046.82
v 285.61 -34.33 1039.86
v 283.47 -37.14 1032.10
v 281.20 -38.10 1023.93
v 278.94 -37.14 1015.76
v 276.79 -34.33 1008.00
v 274.86 -29.79 1001.04
v 273.25 -23.75 995.22
v 272.04 -16.53 990.85
v 271.29 -8.48 988.13
v 271.03 -0.00 987.21
v 271.29 8.48 988.13
v 272.04 16.53 990.85
v 273.25 23.75 995.22
v 274.86 29.79 1001.04
v 276.79 34.33 1008.00
v 278.94 37.14 1015.76
v 288.40 38.10 1021.82
v 290.91 37.14 1029.92
v 293.29 34.33 1037.61
v 295.43 29.79 1044.51
v 297.21 23.75 1050.28
v 298.55 16.53 1054.61
v 299.39 8.48 1057.30
v 299.67 0.00 1058.22
v 299.39 -8.48 1057.30
v 298.55 -16.53 1054.61
v 297.21 -23.75 1050.28
v 295.43 -29.79 1044.51
v 293.29 -34.33 1037.61
v 290.91 -37.14 1029.92
v 288.40 -38.10 1021.82
v 285.90 -37.14 1013.72
v 283.52 -34.33 1006.03
v 281.38 -29.79 999.13
v 279.60 -23.75 993.36
v 278.25 -16.53 989.03
v 277.42 -8.48 986.34
v 277.14 -0.00 985.42
v 277.42 8.48 986.34
v 278.25 16.53 989.03
v 279.60 23.75 993.36
v 281.38 29.79 999.13
v 283.52 34.33 1006.03
v 285.90 37.14 1013.72
v 295.54 38.10 1019.49
v 298.29 37.14 1027.51
v 300.90 34.33 1035.13
v 303.24 29.79 1041.96
v 305.20 23.75 1047.67
v 306.67 16.53 1051.97
v 307.58 8.48 1054.63
v 307.89 0.00 1055.54
v 307.58 -8.48 1054.63
v 306.67 -16.53 1051.97
v 305.20 -23.75 1047.67
v 303.24 -29.79 1041.96
v 300.90 -34.33 1035.13
v 298.29 -37.14 1027.51
v 295.54 -38.10 1019.49
v 292.79 -37.14 1011.47
v 290.18 -34.33 1003.86
v 287.84 -29.79 997.02
v 285.88 -23.75 991.31
v 284.41 -16.53 987.02
v 283.49 -8.48 984.36
v 283.18 -0.00 983.45
v 283.49 8.48 984.36
v 284.41 16.53 987.02
v 285.88 23.75 991.31
v 287.84 29.79 997.02
v 290.18 34.33 1003.86
v 292.79 37.14 1011.47
v 302.60 38.10 1016.95
v 305.61 37.14 1024.88
v 308.46 34.33 1032.41
v 311.03 29.79 1039.16
v 313.17 23.75 1044.80
v 314.78 16.53 1049.05
v 315.78 8.48 1051.68
v 316.12 0.00 1052.58
v 315.78 -8.48 1051.68
v 314.78 -16.53 1049.05
v 313.17 -23.75 1044.80
v 311.03 -29.79 1039.16
v 308.46 -34.33 1032.41
v 305.61 -37.14 1024.88
v 302.60 -38.10 1016.95
v 299.59 -37.14 1009.03
v 296.74 -34.33 1001.50
v 294.17 -29.79 994.74
v 292.03 -23.75 989.10
v 290.42 -16.53 984.86
v 289.42 -8.48 982.23
v 289.08 -0.00 981.33
v 289.42 8.48 982.23
v 290.42 16.53 984.86
v 292.03 23.75 989.10
v 294.17 29.79 994.74
v 296.74 34.33 1001.50
v 299.59 37.14 1009.03
v 474.69 38.10 951.52
v 477.77 37.14 959.42
v 480.70 34.33 966.92
v 483.32 29.79 973.65
v 485.51 23.75 979.27
v 487.16 16.53 983.50
v 488.18 8.48 986.13
v 488.53 0.00 987.02
v 488.18 -8.48 986.13
v 487.16 -16.53 983.50
v 485.51 -23.75 979.27
v 483.32 -29.79 973.65
v 480.70 -34.33 966.92
v 477.77 -37.14 959.42
v 474.69 -38.10 951.52
v 471.61 -37.14 943.62
v 468.69 -34.33 936.11
v 466.06 -29.79 929.38
v 463.87 -23.75 923.76
v 462.23 -16.53 919.53
v 461.20 -8.48 916.91
v 460.85 -0.00 916.02
v 461.20 8.48 916.91
v 462.23 16.53 919.53
v 463.87 23.75 923.76
v 466.06 29.79 929.38
v 468.69 34.33 936.11
v 471.61 37.14 943.62
v 489.89 38.10 943.95
v 493.92 37.14 951.41
v 497.75 34.33 958.49
v 501.19 29.79 964.84
v 504.06 23.75 970.15
v 506.22 16.53 974.14
v 507.57 8.48 976.62
v 508.02 0.00 977.46
v 507.57 -8.48 976.62
v 506.22 -16.53 974.14
v 504.06 -23.75 970.15
v 501.19 -29.79 964.84
v 497.75 -34.33 958.49
v 493.92 -37.14 951.41
v 489.89 -38.10 943.95
v 485.85 -37.14 936.49
v 482.02 -34.33 929.41
v 478.58 -29.79 923.06
v 475.71 -23.75 917.75
v 473.55 -16.53 913.76
v 472.21 -8.48 911.28
v 471.75 -0.00 910.44
v 472.21 8.48 911.28
v 473.55 16.53 913.76
v 475.71 23.75 917.75
v 478.58 29.79 923.06
v 482.02 34.33 929.41
v 485.85 37.14 936.49
v 504.53 38.10 935.37
v 509.06 37.14 942.53
v 513.37 34.33 949.34
v 517.23 29.79 955.44
v 520.46 23.75 960.54
v 522.88 16.53 964.38
v 524.39 8.48 966.76
v 524.90 0.00 967.57
v 524.39 -8.48 966.76
v 522.88 -16.53 964.38
v 520.46 -23.75 960.54
v 517.23 -29.79 955.44
v 513.37 -34.33 949.34
v 509.06 -37.14 942.53
v 504.53 -38.10 935.37
v 500.00 -37.14 928.20
v 495.70 -34.33 921.40
v 491.83 -29.79 915.29
v 488.61 -23.75 910.19
v 486.18 -16.53 906.36
v 484.68 -8.48 903.98
v 484.17 -0.00 903.17
v 484.68 8.48 903.98
v 486.18 16.53 906.36
v 488.61 23.75 910.19
v 491.83 29.79 915.29
v 495.70 34.33 921.40
v 500.00 37.14 928.20
v 518.56 38.10 925.81
v 523.57 37.14 932.65
v 528.33 34.33 939.15
v 532.59 29.79 944.98
v 536.16 23.75 949.85
v 538.84 16.53 953.51
v 540.50 8.48 955.79
v 541.07 0.00 956.56
v 540.50 -8.48 955.79
v 538.84 -16.53 953.51
v 536.16 -23.75 949.85
v 532.59 -29.79 944.98
v 528.33 -34.33 939.15
v 523.57 -37.14 932.65
v 518.56 -38.10 925.81
v 513.55 -37.14 918.97
v 508.80 -34.33 912.47
v 504.53 -29.79 906.64
v 500.97 -23.75 901.78
v 498.29 -16.53 898.11
v 496.62 -8.48 895.84
v 496.06 -0.00 895.07
v 496.62 8.48 895.84
v 498.29 16.53 898.11
v 500.97 23.75 901.78
v 504.53 29.79 906.64
v 508.80 34.33 912.47
v 513.55 37.14 918.97
v 531.91 38.10 915.33
v 537.37 37.14 921.81
v 542.56 34.33 927.97
v 547.21 29.79 933.50
v 551.10 23.75 938.11
v 554.02 16.53 941.59
v 555.83 8.48 943.74
v 556.45 0.00 944.47
v 555.83 -8.48 943.74
v 554.02 -16.53 941.59
v 551.10 -23.75 938.11
v 547.21 -29.79 933.50
v 542.56 -34.33 927.97
v 537.37 -37.14 921.81
v 531.91 -38.10 915.33
v 526.45 -37.14 908.84
v 521.26 -34.33 902.68
v 516.61 -29.79 897.15
v 512.73 -23.75 892.54
v 509.80 -16.53 889.07
v 507.99 -8.48 886.91
v 507.37 -0.00 886.18
v 507.99 8.48 886.91
v 509.80 16.53 889.07
v 512.73 23.75 892.54
v 516.61 29.79 897.15
v 521.26 34.33 902.68
v 526.45 37.14 908.84
v 544.52 38.10 903.96
v 550.41 37.14 910.06
v 556.00 34.33 915.85
v 561.01 29.79 921.05
v 565.20 23.75 925.39
v 568.36 16.53 928.66
v 570.31 8.48 930.69
v 570.98 0.00 931.37
v 570.31 -8.48 930.69
v 568.36 -16.53 928.66
v 565.20 -23.75 925.39
v 561.01 -29.79 921.05
v 556.00 -34.33 915.85
v 550.41 -37.14 910.06
v 544.52 -38.10 903.96
v 538.63 -37.14 897.86
v 533.04 -34.33 892.07
v 528.02 -29.79 886.87
v 523.83 -23.75 882.53
v 520.68 -16.53 879.26
v 518.72 -8.48 877.23
v 518.06 -0.00 876.55
v 518.72 8.48 877.23
v 520.68 16.53 879.26
v 523.83 23.75 882.53
v 528.02 29.79 886.87
v 533.04 34.33 892.07
v 538.63 37.14 897.86
v 556.32 38.10 891.76
v 562.61 37.14 897.45
v 568.58 34.33 902.85
v 573.94 29.79 907.70
v 578.42 23.75 911.74
v 581.78 16.53 914.79
v 583.87 8.48 916.68
v 584.58 0.00 917.32
v 583.87 -8.48 916.68
v 581.78 -16.53 914.79
v 578.42 -23.75 911.74
v 573.94 -29.79 907.70
v 568.58 -34.33 902.85
v 562.61 -37.14 897.45
v 556.32 -38.10 891.76
v 550.04 -37.14 886.08
v 544.06 -34.33 880.68
v 538.70 -29.79 875.83
v 534.23 -23.75 871.78
v 530.86 -16.53 868.74
v 528.77 -8.48 866.85
v 528.06 -0.00 866.21
v 528.77 8.48 866.85
v 530.86 16.53 868.74
v 534.23 23.75 871.78
v 538.70 29.79 875.83
v 544.06 34.33 880.68
v 550.04 37.14 886.08
v 567.27 38.10 878.79
v 573.93 37.14 884.04
v 580.26 34.33 889.02
v 585.93 29.79 893.49
v 590.67 23.75 897.23
v 594.24 16.53 900.04
v 596.45 8.48 901.78
v 597.20 0.00 902.37
v 596.45 -8.48 901.78
v 594.24 -16.53 900.04
v 590.67 -23.75 897.23
v 585.93 -29.79 893.49
v 580.26 -34.33 889.02
v 573.93 -37.14 884.04
v 567.27 -38.10 878.79
v 560.62 -37.14 873.55
v 554.29 -34.33 868.56
v 548.62 -29.79 864.09
v 543.88 -23.75 860.36
v 540.31 -16.53 857.55
v 538.10 -8.48 855.81
v 537.35 -0.00 855.22
v 538.10 8.48 855.81
v 540.31 16.53 857.55
v 543.88 23.75 860.36
v 548.62 29.79 864.09
v 554.29 34.33 868.56
v 560.62 37.14 873.55
v 577.32 38.10 865.11
v 584.32 37.14 869.89
v 590.97 34.33 874.44
v 596.94 29.79 878.51
v 601.92 23.75 881.91
v 605.66 16.53 884.48
v 607.99 8.48 886.06
v 608.78 0.00 886.60
v 607.99 -8.48 886.06
v 605.66 -16.53 884.48
v 601.92 -23.75 881.91
v 596.94 -29.79 878.51
v 590.97 -34.33 874.44
v 584.32 -37.14 869.89
v 577.32 -38.10 865.11
v 570.32 -37.14 860.33
v 563.67 -34.33 855.79
v 557.71 -29.79 851.71
v 552.73 -23.75 848.31
v 548.98 -16.53 845.75
v 546.65 -8.48 844.16
v 545.86 -0.00 843.62
v 546.65 8.48 844.16
v 548.98 16.53 845.75
v 552.73 23.75 848.31
v 557.71 29.79 851.71
v 563.67 34.33 855.79
v 570.32 37.14 860.33
v 586.42 38.10 850.78
v 593.72 37.14 855.07
v 600.67 34.33 859.16
v 606.89 29.79 862.82
v 612.09 23.75 865.87
v 616.01 16.53 868.17
v 618.44 8.48 869.60
v 619.26 0.00 870.09
v 618.44 -8.48 869.60
v 616.01 -16.53 868.17
v 612.09 -23.75 865.87
v 606.89 -29.79 862.82
v 600.67 -34.33 859.16
v 593.72 -37.14 855.07
v 586.42 -38.10 850.78
v 579.11 -37.14 846.48
v 572.16 -34.33 842.40
v 565.94 -29.79 838.74
v 560.74 -23.75 835.68
v 556.82 -16.53 833.38
v 554.39 -8.48 831.95
v 553.57 -0.00 831.47
v 554.39 8.48 831.95
v 556.82 16.53 833.38
v 560.74 23.75 835.68
v 565.94 29.79 838.74
v 572.16 34.33 842.40
v 579.11 37.14 846.48
v 594.52 38.10 835.86
v 602.10 37.14 839.65
v 609.30 34.33 843.25
v 615.76 29.79 846.48
v 621.16 23.75 849.18
v 625.22 16.53 851.21
v 627.74 8.48 852.47
v 628.60 0.00 852.90
v 627.74 -8.48 852.47
v 625.22 -16.53 851.21
v 621.16 -23.75 849.18
v 615.76 -29.79 846.48
v 609.30 -34.33 843.25
v 602.10 -37.14 839.65
v 594.52 -38.10 835.86
v 586.93 -37.14 832.07
v 579.73 -34.33 828.47
v 573.27 -29.79 825.24
v 567.87 -23.75 822.54
v 563.81 -16.53 820.51
v 561.29 -8.48 819.25
v 560.44 -0.00 818.83
v 561.29 8.48 819.25
v 563.81 16.53 820.51
v 567.87 23.75 822.54
v 573.27 29.79 825.24
v 579.73 34.33 828.47
v 586.93 37.14 832.07
v 601.59 38.10 820.43
v 609.41 37.14 823.69
v 616.85 34.33 826.78
v 623.52 29.79 829.55
v 629.09 23.75 831.87
v 633.28 16.53 833.62
v 635.88 8.48 834.70
v 636.76 0.00 835.07
v 635.88 -8.48 834.70
v 633.28 -16.53 833.62
v 629.09 -23.75 831.87
v 623.52 -29.79 829.55
v 616.85 -34.33 826.78
v 609.41 -37.14 823.69
v 601.59 -38.10 820.43
v 593.76 -37.14 817.17
v 586.32 -34.33 814.08
v 579.65 -29.79 811.30
v 574.08 -23.75 808.99
v 569.89 -16.53 807.24
v 567.29 -8.48 806.16
v 566.41 -0.00 805.79
v 567.29 8.48 806.16
v 569.89 16.53 807.24
v 574.08 23.75 808.99
v 579.65 29.79 811.30
v 586.32 34.33 814.08
v 593.76 37.14 817.17
v 658.82 38.10 681.31
v 666.71 37.14 684.43
v 674.19 34.33 687.39
v 680.91 29.79 690.05
v 686.52 23.75 692.27
v 690.74 16.53 693.94
v 693.36 8.48 694.98
v 694.25 0.00 695.33
v 693.36 -8.48 694.98
v 690.74 -16.53 693.94
v 686.52 -23.75 692.27
v 680.91 -29.79 690.05
v 674.19 -34.33 687.39
v 666.71 -37.14 684.43
v 658.82 -38.10 681.31
v 650.94 -37.14 678.19
v 643.45 -34.33 675.23
v 636.73 -29.79 672.57
v 631.13 -23.75 670.35
v 626.90 -16.53 668.68
v 624.28 -8.48 667.64
v 623.40 -0.00 667.29
v 624.28 8.48 667.64
v 626.90 16.53 668.68
v 631.13 23.75 670.35
v 636.73 29.79 672.57
v 643.45 34.33 675.23
v 650.94 37.14 678.19
v 664.26 38.10 662.08
v 672.51 37.14 664.06
v 680.34 34.33 665.94
v 687.36 29.79 667.62
v 693.23 23.75 669.03
v 697.64 16.53 670.09
v 700.38 8.48 670.75
v 701.31 0.00 670.97
v 700.38 -8.48 670.75
v 697.64 -16.53 670.09
v 693.23 -23.75 669.03
v 687.36 -29.79 667.62
v 680.34 -34.33 665.94
v 672.51 -37.14 664.06
v 664.26 -38.10 662.08
v 656.02 -37.14 660.10
v 648.19 -34.33 658.22
v 641.16 -29.79 656.53
v 635.30 -23.75 655.12
v 630.88 -16.53 654.06
v 628.14 -8.48 653.40
v 627.22 -0.00 653.18
v 628.14 8.48 653.40
v 630.88 16.53 654.06
v 635.30 23.75 655.12
v 641.16 29.79 656.53
v 648.19 34.33 658.22
v 656.02 37.14 660.10
v 668.15 38.10 642.47
v 676.52 37.14 643.79
v 684.48 34.33 645.04
v 691.62 29.79 646.16
v 697.58 23.75 647.09
v 702.06 16.53 647.80
v 704.84 8.48 648.23
v 705.79 0.00 648.38
v 704.84 -8.48 648.23
v 702.06 -16.53 647.80
v 697.58 -23.75 647.09
v 691.62 -29.79 646.16
v 684.48 -34.33 645.04
v 676.52 -37.14 643.79
v 668.15 -38.10 642.47
v 659.77 -37.14 641.16
v 651.82 -34.33 639.91
v 644.68 -29.79 638.79
v 638.72 -23.75 637.85
v 634.24 -16.53 637.15
v 631.45 -8.48 636.71
v 630.51 -0.00 636.56
v 631.45 8.48 636.71
v 634.24 16.53 637.15
v 638.72 23.75 637.85
v 644.68 29.79 638.79
v 651.82 34.33 639.91
v 659.77 37.14 641.16
v 670.46 38.10 622.62
v 678.91 37.14 623.26
v 686.94 34.33 623.87
v 694.14 29.79 624.42
v 700.16 23.75 624.87
v 704.69 16.53 625.22
v 707.50 8.48 625.43
v 708.45 0.00 625.50
v 707.50 -8.48 625.43
v 704.69 -16.53 625.22
v 700.16 -23.75 624.87
v 694.14 -29.79 624.42
v 686.94 -34.33 623.87
v 678.91 -37.14 623.26
v 670.46 -38.10 622.62
v 662.00 -37.14 621.98
v 653.97 -34.33 621.37
v 646.77 -29.79 620.82
v 640.75 -23.75 620.36
v 636.23 -16.53 620.02
v 633.42 -8.48 619.81
v 632.47 -0.00 619.74
v 633.42 8.48 619.81
v 636.23 16.53 620.02
v 640.75 23.75 620.36
v 646.77 29.79 620.82
v 653.97 34.33 621.37
v 662.00 37.14 621.98
v 671.17 38.10 602.64
v 679.65 37.14 602.61
v 687.70 34.33 602.57
v 694.93 29.79 602.54
v 700.96 23.75 602.52
v 705.50 16.53 602.50
v 708.32 8.48 602.49
v 709.27 0.00 602.48
v 708.32 -8.48 602.49
v 705.50 -16.53 602.50
v 700.96 -23.75 602.52
v 694.93 -29.79 602.54
v 687.70 -34.33 602.57
v 679.65 -37.14 602.61
v 671.17 -38.10 602.64
v 662.69 -37.14 602.68
v 654.64 -34.33 602.71
v 647.42 -29.79 602.74
v 641.38 -23.75 602.77
v 636.85 -16.53 602.79
v 634.03 -8.48 602.80
v 633.07 -0.00 602.80
v 634.03 8.48 602.80
v 636.85 16.53 602.79
v 641.38 23.75 602.77
v 647.42 29.79 602.74
v 654.64 34.33 602.71
v 662.69 37.14 602.68
v 670.29 38.10 582.68
v 678.74 37.14 581.96
v 686.76 34.33 581.29
v 693.96 29.79 580.68
v 699.97 23.75 580.17
v 704.49 16.53 579.79
v 707.30 8.48 579.55
v 708.25 0.00 579.47
v 707.30 -8.48 579.55
v 704.49 -16.53 579.79
v 699.97 -23.75 580.17
v 693.96 -29.79 580.68
v 686.76 -34.33 581.29
v 678.74 -37.14 581.96
v 670.29 -38.10 582.68
v 661.84 -37.14 583.39
v 653.82 -34.33 584.07
v 646.62 -29.79 584.67
v 640.61 -23.75 585.18
v 636.08 -16.53 585.56
v 633.28 -8.48 585.80
v 632.32 -0.00 585.88
v 633.28 8.48 585.80
v 636.08 16.53 585.56
v 640.61 23.75 585.18
v 646.62 29.79 584.67
v 653.82 34.33 584.07
v 661.84 37.14 583.39
v 667.81 38.10 562.84
v 676.18 37.14 561.46
v 684.12 34.33 560.14
v 691.25 29.79 558.96
v 697.20 23.75 557.97
v 701.68 16.53 557.23
v 704.46 8.48 556.77
v 705.40 0.00 556.62
v 704.46 -8.48 556.77
v 701.68 -16.53 557.23
v 697.20 -23.75 557.97
v 691.25 -29.79 558.96
v 684.12 -34.33 560.14
v 676.18 -37.14 561.46
v 667.81 -38.10 562.84
v 659.45 -37.14 564.23
v 651.50 -34.33 565.54
v 644.38 -29.79 566.73
v 638.43 -23.75 567.71
v 633.95 -16.53 568.45
v 631.17 -8.48 568.91
v 630.23 -0.00 569.07
v 631.17 8.48 568.91
v 633.95 16.53 568.45
v 638.43 23.75 567.71
v 644.38 29.79 566.73
v 651.50 34.33 565.54
v 659.45 37.14 564.23
v 663.76 38.10 543.27
v 671.99 37.14 541.22
v 679.80 34.33 539.27
v 686.81 29.79 537.53
v 692.67 23.75 536.07
v 697.07 16.53 534.97
v 699.80 8.48 534.29
v 700.73 0.00 534.06
v 699.80 -8.48 534.29
v 697.07 -16.53 534.97
v 692.67 -23.75 536.07
v 686.81 -29.79 537.53
v 679.80 -34.33 539.27
v 671.99 -37.14 541.22
v 663.76 -38.10 543.27
v 655.53 -37.14 545.32
v 647.72 -34.33 547.27
v 640.71 -29.79 549.01
v 634.86 -23.75 550.47
v 630.45 -16.53 551.57
v 627.72 -8.48 552.25
v 626.79 -0.00 552.48
v 627.72 8.48 552.25
v 630.45 16.53 551.57
v 634.86 23.75 550.47
v 640.71 29.79 549.01
v 647.72 34.33 547.27
v 655.53 37.14 545.32
v 658.16 38.10 524.08
v 666.19 37.14 521.38
v 673.83 34.33 518.82
v 680.68 29.79 516.52
v 686.39 23.75 514.60
v 690.70 16.53 513.15
v 693.37 8.48 512.26
v 694.27 0.00 511.95
v 693.37 -8.48 512.26
v 690.70 -16.53 513.15
v 686.39 -23.75 514.60
v 680.68 -29.79 516.52
v 673.83 -34.33 518.82
v 666.19 -37.14 521.38
v 658.16 -38.10 524.08
v 650.12 -37.14 526.78
v 642.49 -34.33 529.35
v 635.64 -29.79 531.65
v 629.92 -23.75 533.57
v 625.62 -16.53 535.02
v 622.95 -8.48 535.91
v 622.04 -0.00 536.22
v 622.95 8.48 535.91
v 625.62 16.53 535.02
v 629.92 23.75 533.57
v 635.64 29.79 531.65
v 642.49 34.33 529.35
v 650.12 37.14 526.78
v 651.04 38.10 505.41
v 658.84 37.14 502.07
v 666.24 34.33 498.91
v 672.88 29.79 496.07
v 678.43 23.75 493.70
v 682.60 16.53 491.91
v 685.19 8.48 490.80
v 686.07 0.00 490.43
v 685.19 -8.48 490.80
v 682.60 -16.53 491.91
v 678.43 -23.75 493.70
v 672.88 -29.79 496.07
v 666.24 -34.33 498.91
v 658.84 -37.14 502.07
v 651.04 -38.10 505.41
v 643.25 -37.14 508.74
v 635.84 -34.33 511.91
v 629.20 -29.79 514.75
v 623.65 -23.75 517.12
v 619.48 -16.53 518.90
v 616.89 -8.48 520.01
v 616.01 -0.00 520.39
v 616.89 8.48 520.01
v 619.48 16.53 518.90
v 623.65 23.75 517.12
v 629.20 29.79 514.75
v 635.84 34.33 511.91
v 643.25 37.14 508.74
v 642.45 38.10 487.36
v 649.96 37.14 483.41
v 657.09 34.33 479.67
v 663.48 29.79 476.30
v 668.82 23.75 473.50
v 672.84 16.53 471.38
v 675.33 8.48 470.07
v 676.18 0.00 469.63
v 675.33 -8.48 470.07
v 672.84 -16.53 471.38
v 668.82 -23.75 473.50
v 663.48 -29.79 476.30
v 657.09 -34.33 479.67
v 649.96 -37.14 483.41
v 642.45 -38.10 487.36
v 634.95 -37.14 491.30
v 627.82 -34.33 495.05
v 621.43 -29.79 498.41
v 616.09 -23.75 501.22
v 612.07 -16.53 503.33
v 609.58 -8.48 504.64
v 608.73 -0.00 505.09
v 609.58 8.48 504.64
v 612.07 16.53 503.33
v 616.09 23.75 501.22
v 621.43 29.79 498.41
v 627.82 34.33 495.05
v 634.95 37.14 491.30
v 632.45 38.10 470.05
v 639.63 37.14 465.54
v 646.45 34.33 461.26
v 652.57 29.79 457.42
v 657.68 23.75 454.21
v 661.52 16.53 451.80
v 663.91 8.48 450.30
v 664.72 0.00 449.79
v 663.91 -8.48 450.30
v 661.52 -16.53 451.80
v 657.68 -23.75 454.21
v 652.57 -29.79 457.42
v 646.45 -34.33 461.26
v 639.63 -37.14 465.54
v 632.45 -38.10 470.05
v 625.27 -37.14 474.56
v 618.45 -34.33 478.85
v 612.34 -29.79 482.69
v 607.23 -23.75 485.90
v 603.38 -16.53 488.31
v 601.00 -8.48 489.81
v 600.19 -0.00 490.32
v 601.00 8.48 489.81
v 603.38 16.53 488.31
v 607.23 23.75 485.90
v 612.34 29.79 482.69
v 618.45 34.33 478.85
v 625.27 37.14 474.56
v 462.68 38.10 201.14
v 469.86 37.14 196.63
v 476.68 34.33 192.35
v 482.79 29.79 188.51
v 487.90 23.75 185.30
v 491.75 16.53 182.89
v 494.13 8.48 181.39
v 494.94 0.00 180.88
v 494.13 -8.48 181.39
v 491.75 -16.53 182.89
v 487.90 -23.75 185.30
v 482.79 -29.79 188.51
v 476.68 -34.33 192.35
v 469.86 -37.14 196.63
v 462.68 -38.10 201.14
v 455.50 -37.14 205.65
v 448.68 -34.33 209.93
v 442.56 -29.79 213.77
v 437.45 -23.75 216.98
v 433.60 -16.53 219.39
v 431.22 -8.48 220.89
v 430.41 -0.00 221.40
v 431.22 8.48 220.89
v 433.60 16.53 219.39
v 437.45 23.75 216.98
v 442.56 29.79 213.77
v 448.68 34.33 209.93
v 455.50 37.14 205.65
v 457.11 38.10 190.79
v 464.67 37.14 186.95
v 471.85 34.33 183.31
v 478.29 29.79 180.03
v 483.67 23.75 177.30
v 487.71 16.53 175.25
v 490.23 8.48 173.97
v 491.08 0.00 173.54
v 490.23 -8.48 173.97
v 487.71 -16.53 175.25
v 483.67 -23.75 177.30
v 478.29 -29.79 180.03
v 471.85 -34.33 183.31
v 464.67 -37.14 186.95
v 457.11 -38.10 190.79
v 449.55 -37.14 194.63
v 442.37 -34.33 198.28
v 435.93 -29.79 201.55
v 430.55 -23.75 204.28
v 426.50 -16.53 206.34
v 423.99 -8.48 207.61
v 423.14 -0.00 208.05
v 423.99 8.48 207.61
v 426.50 16.53 206.34
v 430.55 23.75 204.28
v 435.93 29.79 201.55
v 442.37 34.33 198.28
v 449.55 37.14 194.63
v 452.04 38.10 180.19
v 459.77 37.14 176.71
v 467.11 34.33 173.41
v 473.70 29.79 170.44
v 479.20 23.75 167.97
v 483.34 16.53 166.10
v 485.91 8.48 164.95
v 486.78 0.00 164.55
v 485.91 -8.48 164.95
v 483.34 -16.53 166.10
v 479.20 -23.75 167.97
v 473.70 -29.79 170.44
v 467.11 -34.33 173.41
v 459.77 -37.14 176.71
v 452.04 -38.10 180.19
v 444.31 -37.14 183.68
v 436.96 -34.33 186.98
v 430.37 -29.79 189.95
v 424.87 -23.75 192.42
v 420.73 -16.53 194.29
v 418.17 -8.48 195.44
v 417.29 -0.00 195.84
v 418.17 8.48 195.44
v 420.73 16.53 194.29
v 424.87 23.75 192.42
v 430.37 29.79 189.95
v 436.96 34.33 186.98
v 444.31 37.14 183.68
v 447.47 38.10 169.37
v 455.35 37.14 166.26
v 462.84 34.33 163.30
v 469.56 29.79 160.65
v 475.17 23.75 158.43
v 479.39 16.53 156.77
v 482.02 8.48 155.73
v 482.90 0.00 155.38
v 482.02 -8.48 155.73
v 479.39 -16.53 156.77
v 475.17 -23.75 158.43
v 469.56 -29.79 160.65
v 462.84 -34.33 163.30
v 455.35 -37.14 166.26
v 447.47 -38.10 169.37
v 439.58 -37.14 172.48
v 432.09 -34.33 175.44
v 425.37 -29.79 178.09
v 419.76 -23.75 180.31
v 415.54 -16.53 181.98
v 412.92 -8.48 183.01
v 412.03 -0.00 183.36
v 412.92 8.48 183.01
v 415.54 16.53 181.98
v 419.76 23.75 180.31
v 425.37 29.79 178.09
v 432.09 34.33 175.44
v 439.58 37.14 172.48
v 443.41 38.10 158.34
v 451.43 37.14 155.60
v 459.05 34.33 153.00
v 465.89 29.79 150.67
v 471.60 23.75 148.72
v 475.89 16.53 147.25
v 478.56 8.48 146.34
v 479.47 0.00 146.03
v 478.56 -8.48 146.34
v 475.89 -16.53 147.25
v 471.60 -23.75 148.72
v 465.89 -29.79 150.67
v 459.05 -34.33 153.00
v 451.43 -37.14 155.60
v 443.41 -38.10 158.34
v 435.39 -37.14 161.08
v 427.76 -34.33 163.69
v 420.93 -29.79 166.02
v 415.22 -23.75 167.97
v 410.92 -16.53 169.44
v 408.26 -8.48 170.35
v 407.35 -0.00 170.65
v 408.26 8.48 170.35
v 410.92 16.53 169.44
v 415.22 23.75 167.97
v 420.93 29.79 166.02
v 427.76 34.33 163.69
v 435.39 37.14 161.08
v 439.88 38.10 147.14
v 448.02 37.14 144.78
v 455.75 34.33 142.54
v 462.69 29.79 140.53
v 468.49 23.75 138.85
v 472.85 16.53 137.59
v 475.55 8.48 136.80
v 476.47 0.00 136.54
v 475.55 -8.48 136.80
v 472.85 -16.53 137.59
v 468.49 -23.75 138.85
v 462.69 -29.79 140.53
v 455.75 -34.33 142.54
v 448.02 -37.14 144.78
v 439.88 -38.10 147.14
v 431.73 -37.14 149.50
v 424.00 -34.33 151.74
v 417.06 -29.79 153.75
v 411.26 -23.75 155.43
v 406.90 -16.53 156.69
v 404.20 -8.48 157.48
v 403.28 -0.00 157.74
v 404.20 8.48 157.48
v 406.90 16.53 156.69
v 411.26 23.75 155.43
v 417.06 29.79 153.75
v 424.00 34.33 151.74
v 431.73 37.14 149.50
v 436.87 38.10 135.78
v 445.12 37.14 133.81
v 452.95 34.33 131.93
v 459.97 29.79 130.25
v 465.84 23.75 128.84
v 470.26 16.53 127.79
v 473.00 8.48 127.13
v 473.92 0.00 126.91
v 473.00 -8.48 127.13
v 470.26 -16.53 127.79
v 465.84 -23.75 128.84
v 459.97 -29.79 130.25
v 452.95 -34.33 131.93
v 445.12 -37.14 133.81
v 436.87 -38.10 135.78
v 428.63 -37.14 137.75
v 420.80 -34.33 139.63
v 413.77 -29.79 141.31
v 407.90 -23.75 142.72
v 403.49 -16.53 143.77
v 400.75 -8.48 144.43
v 399.82 -0.00 144.65
v 400.75 8.48 144.43
v 403.49 16.53 143.77
v 407.90 23.75 142.72
v 413.77 29.79 141.31
v 420.80 34.33 139.63
v 428.63 37.14 137.75
v 434.41 38.10 124.29
v 442.73 37.14 122.71
v 450.64 34.33 121.20
v 457.74 29.79 119.85
v 463.67 23.75 118.73
v 468.13 16.53 117.88
v 470.90 8.48 117.35
v 471.83 0.00 117.17
v 470.90 -8.48 117.35
v 468.13 -16.53 117.88
v 463.67 -23.75 118.73
v 457.74 -29.79 119.85
v 450.64 -34.33 121.20
v 442.73 -37.14 122.71
v 434.41 -38.10 124.29
v 426.08 -37.14 125.88
v 418.17 -34.33 127.38
v 411.07 -29.79 128.73
v 405.14 -23.75 129.86
v 400.68 -16.53 130.71
v 397.92 -8.48 131.23
v 396.98 -0.00 131.41
v 397.92 8.48 131.23
v 400.68 16.53 130.71
v 405.14 23.75 129.86
v 411.07 29.79 128.73
v 418.17 34.33 127.38
v 426.08 37.14 125.88
v 432.48 38.10 112.70
v 440.88 37.14 111.51
v 448.85 34.33 110.38
v 456.00 29.79 109.36
v 461.97 23.75 108.52
v 466.47 16.53 107.88
v 469.26 8.48 107.48
v 470.20 0.00 107.35
v 469.26 -8.48 107.48
v 466.47 -16.53 107.88
v 461.97 -23.75 108.52
v 456.00 -29.79 109.36
v 448.85 -34.33 110.38
v 440.88 -37.14 111.51
v 432.48 -38.10 112.70
v 424.09 -37.14 113.89
v 416.11 -34.33 115.03
v 408.96 -29.79 116.04
v 402.99 -23.75 116.89
v 398.49 -16.53 117.53
v 395.71 -8.48 117.92
v 394.76 -0.00 118.06
v 395.71 8.48 117.92
v 398.49 16.53 117.53
v 402.99 23.75 116.89
v 408.96 29.79 116.04
v 416.11 34.33 115.03
v 424.09 37.14 113.89
v 431.10 38.10 101.03
v 439.54 37.14 100.24
v 447.56 34.33 99.48
v 454.75 29.79 98.80
v 460.76 23.75 98.24
v 465.28 16.53 97.81
v 468.08 8.48 97.55
v 469.04 0.00 97.46
v 468.08 -8.48 97.55
v 465.28 -16.53 97.81
v 460.76 -23.75 98.24
v 454.75 -29.79 98.80
v 447.56 -34.33 99.48
v 439.54 -37.14 100.24
v 431.10 -38.10 101.03
v 422.66 -37.14 101.83
v 414.65 -34.33 102.59
v 407.45 -29.79 103.26
v 401.45 -23.75 103.83
v 396.93 -16.53 104.26
v 394.12 -8.48 104.52
v 393.17 -0.00 104.61
v 394.12 8.48 104.52
v 396.93 16.53 104.26
v 401.45 23.75 103.83
v 407.45 29.79 103.26
v 414.65 34.33 102.59
v 422.66 37.14 101.83
v 430.28 38.10 89.31
v 438.74 37.14 88.92
v 446.79 34.33 88.54
v 454.00 29.79 88.20
v 460.03 23.75 87.91
v 464.57 16.53 87.70
v 467.38 8.48 87.57
v 468.33 0.00 87.52
v 467.38 -8.48 87.57
v 464.57 -16.53 87.70
v 460.03 -23.75 87.91
v 454.00 -29.79 88.20
v 446.79 -34.33 88.54
v 438.74 -37.14 88.92
v 430.28 -38.10 89.31
v 421.81 -37.14 89.71
v 413.76 -34.33 90.09
v 406.55 -29.79 90.43
v 400.52 -23.75 90.71
v 395.99 -16.53 90.93
v 393.17 -8.48 91.06
v 392.22 -0.00 91.10
v 393.17 8.48 91.06
v 395.99 16.53 90.93
v 400.52 23.75 90.71
v 406.55 29.79 90.43
v 413.76 34.33 90.09
v 421.81 37.14 89.71
v 430.00 38.10 77.57
v 438.48 37.14 77.54
v 446.53 34.33 77.52
v 453.75 29.79 77.49
v 459.79 23.75 77.48
v 464.33 16.53 77.46
v 467.14 8.48 77.45
v 468.10 0.00 77.45
v 467.14 -8.48 77.45
v 464.33 -16.53 77.46
v 459.79 -23.75 77.48
v 453.75 -29.79 77.49
v 446.53 -34.33 77.52
v 438.48 -37.14 77.54
v 430.00 -38.10 77.57
v 421.52 -37.14 77.59
v 413.47 -34.33 77.62
v 406.25 -29.79 77.64
v 400.21 -23.75 77.66
v 395.67 -16.53 77.67
v 392.86 -8.48 77.68
v 391.90 -0.00 77.69
v 392.86 8.48 77.68
v 395.67 16.53 77.67
v 400.21 23.75 77.66
v 406.25 29.79 77.64
v 413.47 34.33 77.62
v 421.52 37.14 77.59
v 430.00 38.10 0.00
v 438.48 37.14 0.00
v 446.53 34.33 0.00
v 453.75 29.79 0.00
v 459.79 23.75 0.00
v 464.33 16.53 0.00
v 467.14 8.48 0.00
v 468.10 0.00 0.00
v 467.14 -8.48 0.00
v 464.33 -16.53 0.00
v 459.79 -23.75 0.00
v 453.75 -29.79 0.00
v 446.53 -34.33 0.00
v 438.48 -37.14 0.00
v 430.00 -38.10 0.00
v 421.52 -37.14 -0.00
v 413.47 -34.33 -0.00
v 406.25 -29.79 -0.00
v 400.21 -23.75 -0.00
v 395.67 -16.53 -0.00
v 392.86 -8.48 -0.00
v 391.90 -0.00 -0.00
v 392.86 8.48 -0.00
v 395.67 16.53 -0.00
v 400.21 23.75 -0.00
v 406.25 29.79 -0.00
v 413.47 34.33 -0.00
v 421.52 37.14 -0.00
v -430.00 0.00 0.00
v 430.00 0.00 0.00
v -223.59 -28.78 1023.00
v -223.64 -31.87 1015.05
v -225.51 -35.36 1007.49
v -229.11 -39.09 1000.72
v -234.26 -42.86 995.06
v -240.70 -46.49 990.80
v -248.11 -49.80 988.15
v -256.11 -52.61 987.26
v -264.31 -54.79 988.15
v -272.30 -56.23 990.80
v -279.66 -56.86 995.06
v -286.04 -56.64 1000.72
v -291.12 -55.58 1007.49
v -294.63 -53.75 1015.05
v -296.41 -51.22 1023.00
v -296.36 -48.13 1030.95
v -294.49 -44.64 1038.51
v -290.89 -40.91 1045.28
v -285.74 -37.14 1050.94
v -279.30 -33.51 1055.20
v -271.89 -30.20 1057.85
v -263.89 -27.39 1058.74
v -255.69 -25.21 1057.85
v -247.70 -23.77 1055.20
v -240.34 -23.14 1050.94
v -233.96 -23.36 1045.28
v -228.88 -24.42 1038.51
v -225.37 -26.25 1030.95
v -251.44 61.59 988.08
v -251.48 58.47 980.14
v -253.34 54.95 972.60
v -256.93 51.19 965.83
v -262.07 47.39 960.18
v -268.51 43.74 955.94
v -275.91 40.41 953.30
v -283.91 37.59 952.41
v -292.11 35.40 953.31
v -300.09 33.97 955.95
v -307.46 33.35 960.20
v -313.85 33.59 965.86
v -318.93 34.66 972.62
v -322.45 36.52 980.17
v -324.24 39.08 988.11
v -324.20 42.19 996.05
v -322.34 45.72 1003.60
v -318.74 49.48 1010.36
v -313.60 53.28 1016.01
v -307.17 56.93 1020.26
v -299.77 60.25 1022.90
v -291.76 63.08 1023.79
v -283.57 65.26 1022.89
v -275.58 66.70 1020.25
v -268.21 67.32 1015.99
v -261.83 67.08 1010.34
v -256.75 66.00 1003.57
v -253.22 64.14 996.03
v -254.08 69.76 984.44
v -253.97 66.16 976.70
v -255.68 62.16 969.36
v -259.12 57.94 962.80
v -264.13 53.72 957.33
v -270.45 49.71 953.23
v -277.77 46.12 950.71
v -285.71 43.12 949.90
v -293.89 40.85 950.83
v -301.88 39.45 953.46
v -309.29 38.97 957.65
v -315.75 39.44 963.20
v -320.94 40.84 969.83
v -324.59 43.10 977.21
v -326.52 46.10 984.96
v -326.63 49.69 992.70
v -324.92 53.70 1000.03
v -321.48 57.91 1006.60
v -316.47 62.13 1012.07
v -310.15 66.14 1016.17
v -302.83 69.74 1018.69
v -294.89 72.74 1019.50
v -286.71 75.00 1018.57
v -278.72 76.41 1015.94
v -271.31 76.88 1011.75
v -264.85 76.41 1006.19
v -259.66 75.01 999.56
v -256.01 72.76 992.19
v -256.69 77.52 980.63
v -256.49 73.67 973.01
v -258.12 69.41 965.80
v -261.48 64.95 959.35
v -266.41 60.51 953.99
v -272.67 56.32 949.99
v -279.94 52.57 947.54
v -287.85 49.48 946.77
v -296.01 47.17 947.72
v -304.01 45.79 950.34
v -311.45 45.38 954.50
v -317.95 45.98 959.99
v -323.19 47.55 966.54
v -326.91 50.01 973.81
v -328.92 53.25 981.45
v -329.12 57.09 989.06
v -327.49 61.35 996.27
v -324.13 65.81 1002.72
v -319.20 70.25 1008.08
v -312.94 74.45 1012.09
v -305.67 78.19 1014.53
v -297.76 81.29 1015.30
v -289.60 83.59 1014.35
v -281.60 84.98 1011.73
v -274.16 85.39 1007.57
v -267.66 84.79 1002.08
v -262.42 83.22 995.53
v -258.70 80.75 988.26
v -259.34 85.12 976.55
v -259.05 81.03 969.06
v -260.59 76.52 961.99
v -263.87 71.82 955.67
v -268.73 67.17 950.42
v -274.92 62.79 946.52
v -282.14 58.90 944.14
v -290.02 55.71 943.43
v -298.16 53.37 944.40
v -306.17 52.00 947.01
v -313.63 51.67 951.13
v -320.18 52.39 956.56
v -325.48 54.12 963.01
v -329.27 56.79 970.17
v -331.36 60.26 977.68
v -331.64 64.35 985.17
v -330.10 68.86 992.24
v -326.82 73.56 998.56
v -321.97 78.22 1003.81
v -315.77 82.60 1007.71
v -308.56 86.48 1010.08
v -300.68 89.67 1010.80
v -292.53 92.01 1009.83
v -284.52 93.39 1007.22
v -277.06 93.72 1003.10
v -270.52 93.00 997.67
v -265.21 91.26 991.22
v -261.42 88.59 984.06
v -262.02 92.57 972.20
v -261.65 88.24 964.86
v -263.10 83.49 957.92
v -266.29 78.55 951.74
v -271.08 73.68 946.62
v -277.20 69.12 942.82
v -284.37 65.10 940.53
v -292.22 61.81 939.86
v -300.35 59.44 940.86
v -308.36 58.08 943.46
v -315.85 57.82 947.54
v -322.44 58.66 952.89
v -327.80 60.56 959.25
v -331.66 63.43 966.30
v -333.83 67.12 973.68
v -334.20 71.46 981.02
v -332.75 76.21 987.95
v -329.56 81.14 994.14
v -324.77 86.01 999.26
v -318.65 90.57 1003.06
v -311.48 94.59 1005.35
v -303.63 97.88 1006.01
v -295.50 100.26 1005.02
v -287.49 101.61 1002.41
v -280.00 101.88 998.33
v -273.41 101.04 992.98
v -268.05 99.13 986.62
v -264.19 96.26 979.58
v -264.74 99.84 967.59
v -264.28 95.28 960.40
v -265.64 90.29 953.61
v -268.75 85.12 947.57
v -273.45 80.05 942.59
v -279.51 75.31 938.90
v -286.63 71.15 936.69
v -294.44 67.78 936.08
v -302.56 65.36 937.10
v -310.58 64.02 939.69
v -318.09 63.83 943.73
v -324.73 64.78 949.01
v -330.15 66.85 955.27
v -334.08 69.91 962.19
v -336.33 73.83 969.43
v -336.79 78.40 976.62
v -335.43 83.39 983.41
v -332.32 88.55 989.44
v -327.62 93.63 994.43
v -321.56 98.36 998.12
v -314.44 102.52 1000.32
v -306.63 105.89 1000.93
v -298.51 108.31 999.91
v -290.49 109.65 997.32
v -282.98 109.85 993.29
v -276.34 108.89 988.01
v -270.92 106.82 981.75
v -266.99 103.76 974.83
v -267.48 106.94 962.73
v -266.94 102.14 955.69
v -268.21 96.92 949.07
v -271.23 91.53 943.18
v -275.86 86.25 938.33
v -281.85 81.34 934.76
v -288.92 77.05 932.65
v -296.70 73.59 932.10
v -304.80 71.14 933.14
v -312.82 69.82 935.72
v -320.36 69.69 939.71
v -327.04 70.76 944.91
v -332.52 72.98 951.06
v -336.53 76.24 957.86
v -338.87 80.37 964.95
v -339.41 85.17 971.98
v -338.14 90.39 978.61
v -335.12 95.77 984.49
v -330.49 101.05 989.34
v -324.50 105.96 992.91
v -317.43 110.25 995.02
v -309.65 113.71 995.57
v -301.55 116.16 994.53
v -293.53 117.49 991.95
v -285.99 117.62 987.96
v -279.31 116.55 982.76
v -273.83 114.32 976.61
v -269.82 111.07 969.82
v -270.26 113.84 957.61
v -269.62 108.82 950.74
v -270.80 103.37 944.29
v -273.74 97.77 938.56
v -278.28 92.30 933.86
v -284.21 87.22 930.41
v -291.22 82.80 928.39
v -298.97 79.26 927.91
v -307.06 76.77 928.98
v -315.09 75.46 931.55
v -322.65 75.39 935.49
v -329.38 76.58 940.61
v -334.92 78.95 946.65
v -339.00 82.39 953.30
v -341.42 86.73 960.23
v -342.06 91.75 967.10
v -340.88 97.20 973.56
v -337.94 102.81 979.29
v -333.40 108.28 983.99
v -327.47 113.36 987.44
v -320.46 117.78 989.45
v -312.71 121.32 989.94
v -304.62 123.81 988.87
v -296.59 125.12 986.30
v -289.03 125.18 982.36
v -282.30 124.00 977.24
v -276.76 121.63 971.20
v -272.68 118.18 964.55
v -273.05 120.55 952.26
v -272.33 115.32 945.56
v -273.42 109.65 939.28
v -276.26 103.83 933.72
v -280.73 98.17 929.17
v -286.59 92.93 925.85
v -293.55 88.38 923.94
v -301.26 84.76 923.52
v -309.34 82.23 924.61
v -317.37 80.94 927.17
v -324.97 80.94 931.07
v -331.73 82.23 936.10
v -337.34 84.75 942.02
v -341.50 88.37 948.52
v -344.00 92.92 955.30
v -344.73 98.16 961.99
v -343.64 103.82 968.28
v -340.79 109.64 973.83
v -336.33 115.31 978.38
v -330.47 120.54 981.70
v -323.51 125.09 983.62
v -315.79 128.72 984.04
v -307.72 131.24 982.94
v -299.68 132.53 980.38
v -292.09 132.54 976.49
v -285.32 131.24 971.46
v -279.72 128.72 965.54
v -275.56 125.10 959.03
v -275.87 127.06 946.67
v -275.05 121.61 940.15
v -276.05 115.73 934.05
v -278.81 109.71 928.67
v -283.20 103.86 924.28
v -288.99 98.46 921.10
v -295.90 93.79 919.28
v -303.57 90.09 918.93
v -311.63 87.53 920.06
v -319.68 86.25 922.61
v -327.29 86.31 926.45
v -334.11 87.71 931.39
v -339.77 90.37 937.18
v -344.01 94.17 943.54
v -346.60 98.92 950.14
v -347.42 104.36 956.66
v -346.42 110.24 962.76
v -343.66 116.26 968.14
v -339.28 122.12 972.53
v -333.48 127.51 975.71
v -326.58 132.18 977.52
v -318.90 135.89 977.87
v -310.84 138.44 976.75
v -302.80 139.72 974.20
v -295.18 139.66 970.36
v -288.37 138.27 965.42
v -282.70 135.60 959.62
v -278.46 131.80 953.27
v -278.71 133.35 940.84
v -277.80 127.70 934.52
v -278.70 121.61 928.61
v -281.37 115.40 923.41
v -285.68 109.36 919.18
v -291.40 103.81 916.14
v -298.26 99.03 914.44
v -305.90 95.25 914.16
v -313.94 92.66 915.32
v -321.99 91.39 917.85
v -329.64 91.51 921.64
v -336.50 93.01 926.48
v -342.22 95.81 932.15
v -346.54 99.78 938.35
v -349.21 104.72 944.78
v -350.12 110.37 951.10
v -349.22 116.45 957.01
v -346.55 122.67 962.21
v -342.24 128.70 966.43
v -336.52 134.25 969.47
v -329.67 139.04 971.18
v -322.02 142.82 971.46
v -313.98 145.41 970.30
v -305.93 146.68 967.77
v -298.28 146.56 963.98
v -291.43 145.06 959.14
v -285.70 142.25 953.47
v -281.39 138.28 947.27
v -281.56 139.42 934.80
v -280.55 133.57 928.67
v -281.36 127.29 922.96
v -283.95 120.88 917.95
v -288.17 114.68 913.90
v -293.82 108.98 911.00
v -300.63 104.08 909.41
v -308.23 100.23 909.20
v -316.27 97.61 910.39
v -324.32 96.35 912.91
v -331.99 96.53 916.64
v -338.90 98.13 921.39
v -344.69 101.07 926.92
v -349.08 105.20 932.96
v -351.84 110.32 939.20
v -352.84 116.16 945.33
v -352.03 122.45 951.05
v -349.45 128.85 956.05
v -345.23 135.06 960.11
v -339.57 140.75 963.00
v -332.77 145.65 964.59
v -325.16 149.51 964.80
v -317.13 152.13 963.61
v -309.08 153.38 961.09
v -301.40 153.21 957.36
v -294.50 151.61 952.61
v -288.71 148.67 947.08
v -284.32 144.54 941.04
v -597.37 798.97 253.85
v -596.36 793.12 247.72
v -597.17 786.84 242.01
v -599.76 780.43 237.00
v -603.98 774.22 232.95
v -609.63 768.53 230.05
v -616.44 763.63 228.46
v -624.04 759.77 228.25
v -632.08 757.15 229.44
v -640.13 755.90 231.96
v -647.80 756.08 235.69
v -654.71 757.68 240.44
v -660.50 760.62 245.97
v -664.89 764.75 252.01
v -667.65 769.87 258.25
v -668.66 775.72 264.38
v -667.85 782.00 270.09
v -665.26 788.41 275.10
v -661.04 794.62 279.15
v -655.39 800.31 282.04
v -648.58 805.21 283.63
v -640.98 809.07 283.84
v -632.94 811.69 282.66
v -624.89 812.94 280.13
v -617.22 812.76 276.41
v -610.31 811.17 271.66
v -604.52 808.23 266.13
v -600.13 804.09 260.09
v -598.46 801.41 251.24
v -597.39 795.42 245.26
v -598.15 789.04 239.65
v -600.71 782.58 234.70
v -604.93 776.36 230.66
v -610.60 770.70 227.72
v -617.44 765.89 226.04
v -625.11 762.16 225.71
v -633.21 759.69 226.73
v -641.35 758.62 229.05
v -649.11 759.00 232.57
v -656.12 760.81 237.10
v -662.00 763.96 242.41
v -666.48 768.28 248.25
v -669.32 773.57 254.31
v -670.39 779.56 260.29
v -669.62 785.94 265.90
v -667.07 792.40 270.85
v -662.85 798.62 274.89
v -657.17 804.28 277.83
v -650.34 809.09 279.50
v -642.67 812.82 279.84
v -634.57 815.29 278.82
v -626.43 816.35 276.50
v -618.66 815.98 272.98
v -611.66 814.17 268.45
v -605.78 811.02 263.14
v -601.30 806.70 257.30
v -599.63 804.14 248.26
v -598.53 798.09 242.35
v -599.28 791.65 236.80
v -601.82 785.16 231.88
v -606.04 778.94 227.84
v -611.72 773.31 224.89
v -618.58 768.53 223.16
v -626.27 764.86 222.76
v -634.41 762.48 223.69
v -642.58 761.50 225.92
v -650.39 761.98 229.32
v -657.44 763.89 233.74
v -663.37 767.14 238.94
v -667.89 771.56 244.67
v -670.76 776.93 250.64
v -671.86 782.98 256.55
v -671.12 789.42 262.11
v -668.57 795.91 267.03
v -664.35 802.13 271.07
v -658.67 807.77 274.02
v -651.82 812.54 275.74
v -644.13 816.21 276.15
v -635.99 818.60 275.21
v -627.81 819.57 272.99
v -620.00 819.09 269.58
v -612.96 817.18 265.17
v -607.03 813.93 259.96
v -602.51 809.51 254.23
v -600.74 806.85 245.24
v -599.62 800.73 239.41
v -600.34 794.25 233.91
v -602.87 787.73 229.02
v -607.09 781.51 224.98
v -612.78 775.89 222.01
v -619.65 771.15 220.24
v -627.37 767.54 219.77
v -635.54 765.24 220.61
v -643.75 764.35 222.74
v -651.60 764.93 226.03
v -658.69 766.95 230.33
v -664.66 770.29 235.42
v -669.22 774.81 241.05
v -672.13 780.27 246.93
v -673.25 786.39 252.76
v -672.53 792.87 258.26
v -670.00 799.39 263.15
v -665.78 805.61 267.18
v -660.09 811.23 270.16
v -653.22 815.97 271.93
v -645.50 819.58 272.40
v -637.33 821.88 271.55
v -629.12 822.77 269.43
v -621.27 822.19 266.13
v -614.18 820.17 261.83
v -608.21 816.83 256.74
v -603.65 812.31 251.12
v -601.79 809.55 242.18
v -600.64 803.36 236.42
v -601.34 796.83 230.98
v -603.86 790.28 226.12
v -608.08 784.05 222.09
v -613.77 778.45 219.09
v -620.66 773.76 217.28
v -628.40 770.21 216.74
v -636.60 767.98 217.49
v -644.85 767.18 219.52
v -652.74 767.86 222.70
v -659.87 769.98 226.88
v -665.88 773.43 231.86
v -670.47 778.04 237.38
v -673.42 783.58 243.16
v -674.57 789.77 248.92
v -673.86 796.30 254.36
v -671.34 802.84 259.22
v -667.12 809.07 263.25
v -661.43 814.67 266.25
v -654.54 819.36 268.06
v -646.80 822.91 268.60
v -638.60 825.14 267.84
v -630.35 825.94 265.82
v -622.46 825.26 262.64
v -615.33 823.14 258.46
v -609.32 819.69 253.48
v -604.73 815.08 247.96
v -602.77 812.21 239.08
v -601.59 805.96 233.39
v -602.28 799.38 228.01
v -604.79 792.81 223.18
v -609.01 786.58 219.15
v -614.71 780.99 216.14
v -621.61 776.34 214.27
v -629.37 772.85 213.66
v -637.60 770.70 214.33
v -645.89 769.99 216.25
v -653.81 770.77 219.32
v -660.97 772.99 223.39
v -667.02 776.54 228.25
v -671.65 781.24 233.65
v -674.62 786.86 239.34
v -675.80 793.11 245.02
v -675.11 799.69 250.41
v -672.60 806.26 255.24
v -668.38 812.50 259.26
v -662.68 818.08 262.28
v -655.78 822.73 264.14
v -648.02 826.22 264.75
v -639.79 828.37 264.08
v -631.51 829.08 262.17
v -623.58 828.31 259.10
v -616.42 826.09 255.03
v -610.37 822.54 250.17
v -605.74 817.83 244.76
v -603.68 814.86 235.93
v -602.49 808.54 230.33
v -603.16 801.91 225.00
v -605.66 795.32 220.20
v -609.87 789.08 216.18
v -615.58 783.51 213.14
v -622.50 778.90 211.23
v -630.28 775.47 210.55
v -638.54 773.39 211.13
v -646.85 772.78 212.95
v -654.81 773.65 215.90
v -662.01 775.97 219.85
v -668.09 779.62 224.59
v -672.75 784.41 229.89
v -675.75 790.11 235.48
v -676.95 796.44 241.08
v -676.28 803.06 246.41
v -673.77 809.66 251.21
v -669.56 815.90 255.23
v -663.85 821.46 258.27
v -656.94 826.07 260.18
v -649.15 829.50 260.86
v -640.90 831.58 260.28
v -632.59 832.20 258.47
v -624.63 831.32 255.51
v -617.43 829.01 251.57
v -611.35 825.36 246.82
v -606.69 820.56 241.52
v -604.54 817.48 232.75
v -603.32 811.10 227.23
v -603.97 804.42 221.95
v -606.47 797.80 217.19
v -610.68 791.56 213.18
v -616.39 786.01 210.11
v -623.32 781.44 208.16
v -631.12 778.07 207.41
v -639.40 776.06 207.89
v -647.75 775.54 209.60
v -655.73 776.50 212.44
v -662.97 778.92 216.26
v -669.08 782.67 220.88
v -673.77 787.56 226.07
v -676.80 793.34 231.57
v -678.02 799.73 237.09
v -677.36 806.40 242.36
v -674.87 813.02 247.13
v -670.66 819.26 251.14
v -664.94 824.81 254.20
v -658.01 829.38 256.16
v -650.21 832.76 256.91
v -641.93 834.76 256.42
v -633.59 835.29 254.72
v -625.60 834.32 251.88
v -618.37 831.90 248.06
v -612.25 828.15 243.43
v -607.57 823.27 238.25
v -605.32 820.08 229.54
v -604.09 813.63 224.09
v -604.73 806.91 218.87
v -607.21 800.26 214.14
v -611.42 794.01 210.13
v -617.14 788.49 207.05
v -624.09 783.95 205.05
v -631.90 780.64 204.22
v -640.21 778.71 204.62
v -648.57 778.27 206.21
v -656.59 779.33 208.93
v -663.85 781.85 212.64
v -670.00 785.69 217.14
v -674.71 790.67 222.21
v -677.77 796.53 227.61
v -679.01 802.99 233.05
v -678.36 809.70 238.27
v -675.88 816.35 243.00
v -671.67 822.60 247.01
v -665.95 828.13 250.09
v -659.01 832.66 252.10
v -651.19 835.98 252.92
v -642.89 837.90 252.53
v -634.52 838.35 250.93
v -626.50 837.28 248.21
v -619.24 834.76 244.51
v -613.09 830.92 240.01
v -608.38 825.94 234.93
v -606.04 822.65 226.28
v -604.79 816.14 220.92
v -605.42 809.37 215.76
v -607.90 802.70 211.06
v -612.10 796.45 207.06
v -617.83 790.93 203.95
v -624.78 786.44 201.90
v -632.62 783.18 201.00
v -640.94 781.33 201.30
v -649.33 780.97 202.79
v -657.38 782.13 205.39
v -664.67 784.75 208.97
v -670.84 788.69 213.35
v -675.58 793.76 218.31
v -678.65 799.70 223.61
v -679.91 806.21 228.97
v -679.28 812.98 234.13
v -676.80 819.65 238.83
v -672.59 825.90 242.83
v -666.87 831.41 245.94
v -659.92 835.91 247.99
v -652.08 839.17 248.89
v -643.76 841.02 248.59
v -635.37 841.37 247.10
v -627.32 840.22 244.50
v -620.03 837.60 240.92
v -613.86 833.66 236.54
v -609.12 828.59 231.58
v -606.70 825.20 222.99
v -605.43 818.62 217.71
v -606.04 811.81 212.61
v -608.52 805.11 207.95
v -612.72 798.85 203.95
v -618.45 793.36 200.82
v -625.42 788.90 198.72
v -633.27 785.70 197.75
v -641.61 783.92 197.95
v -650.02 783.65 199.33
v -658.09 784.90 201.81
v -665.41 787.62 205.26
v -671.60 791.65 209.52
v -676.37 796.81 214.37
v -679.46 802.83 219.56
v -680.73 809.41 224.84
v -680.12 816.22 229.94
v -677.64 822.92 234.61
v -673.44 829.17 238.61
v -667.71 834.67 241.74
v -660.74 839.12 243.84
v -652.89 842.32 244.81
v -644.55 844.10 244.60
v -636.14 844.37 243.22
v -628.07 843.12 240.75
v -620.76 840.41 237.29
v -614.56 836.37 233.03
v -609.80 831.22 228.19
v -607.29 827.73 219.65
v -606.00 821.07 214.48
v -606.61 814.20 209.45
v -609.07 807.46 204.84
v -613.27 801.19 200.86
v -619.00 795.70 197.73
v -625.97 791.28 195.58
v -633.83 788.13 194.54
v -642.19 786.42 194.66
v -650.63 786.24 195.92
v -658.72 787.58 198.27
v -666.06 790.40 201.59
v -672.28 794.54 205.71
v -677.06 799.80 210.42
v -680.18 805.91 215.50
v -681.47 812.56 220.67
v -680.87 819.44 225.70
v -678.41 826.18 230.31
v -674.20 832.45 234.29
v -668.47 837.93 237.42
v -661.50 842.36 239.57
v -653.64 845.51 240.61
v -645.28 847.22 240.49
v -636.85 847.40 239.23
v -628.76 846.05 236.88
v -621.42 843.24 233.56
v -615.20 839.10 229.44
v -610.41 833.84 224.72
v -616.99 871.37 161.05
v -615.69 864.66 155.93
v -616.28 857.75 150.97
v -618.74 850.96 146.42
v -622.93 844.66 142.49
v -628.66 839.14 139.39
v -635.62 834.70 137.27
v -643.48 831.54 136.24
v -651.84 829.84 136.35
v -660.28 829.67 137.60
v -668.37 831.04 139.92
v -675.72 833.89 143.19
v -681.95 838.06 147.26
v -686.75 843.37 151.91
v -689.87 849.52 156.92
v -691.18 856.23 162.03
v -690.58 863.15 166.99
v -688.13 869.93 171.55
v -683.93 876.23 175.48
v -678.21 881.75 178.58
v -671.24 886.19 180.70
v -663.38 889.35 181.73
v -655.02 891.05 181.61
v -646.59 891.23 180.37
v -638.49 889.85 178.05
v -631.14 887.01 174.78
v -624.92 882.83 170.71
v -620.12 877.53 166.06
v -618.14 876.55 152.83
v -616.74 869.39 148.41
v -617.24 862.04 144.11
v -619.60 854.86 140.16
v -623.72 848.20 136.76
v -629.38 842.42 134.07
v -636.31 837.78 132.24
v -644.15 834.54 131.35
v -652.51 832.84 131.44
v -660.97 832.78 132.52
v -669.11 834.36 134.53
v -676.52 837.49 137.37
v -682.83 842.03 140.89
v -687.72 847.74 144.92
v -690.95 854.34 149.26
v -692.35 861.50 153.69
v -691.85 868.85 157.98
v -689.49 876.04 161.93
v -685.37 882.69 165.33
v -679.70 888.48 168.02
v -672.78 893.11 169.86
v -664.94 896.36 170.75
v -656.58 898.05 170.65
v -648.12 898.11 169.57
v -639.98 896.54 167.56
v -632.57 893.40 164.73
v -626.26 888.86 161.21
v -621.37 883.15 157.17
v -619.18 881.21 144.47
v -617.73 873.83 140.44
v -618.17 866.26 136.54
v -620.49 858.87 132.95
v -624.57 852.05 129.86
v -630.21 846.12 127.42
v -637.11 841.40 125.75
v -644.94 838.11 124.94
v -653.30 836.41 125.03
v -661.78 836.41 126.01
v -669.94 838.09 127.83
v -677.38 841.37 130.41
v -683.73 846.08 133.61
v -688.67 852.00 137.28
v -691.94 858.82 141.22
v -693.39 866.20 145.24
v -692.95 873.78 149.15
v -690.62 881.16 152.73
v -686.55 887.99 155.83
v -680.91 893.91 158.27
v -674.01 898.64 159.93
v -666.18 901.93 160.75
v -657.82 903.62 160.66
v -649.34 903.63 159.68
v -641.18 901.95 157.85
v -633.74 898.67 155.27
v -627.39 893.95 152.07
v -622.45 888.03 148.41
v -620.11 885.42 135.85
v -618.62 877.84 132.24
v -619.02 870.07 128.74
v -621.30 862.50 125.53
v -625.34 855.52 122.76
v -630.95 849.47 120.57
v -637.84 844.66 119.07
v -645.66 841.33 118.35
v -654.02 839.64 118.42
v -662.51 839.68 119.30
v -670.69 841.46 120.94
v -678.16 844.87 123.25
v -684.54 849.75 126.12
v -689.52 855.85 129.40
v -692.84 862.87 132.94
v -694.34 870.45 136.55
v -693.93 878.22 140.05
v -691.65 885.79 143.26
v -687.61 892.77 146.04
v -682.00 898.82 148.22
v -675.12 903.63 149.72
v -667.30 906.96 150.45
v -658.93 908.65 150.37
v -650.45 908.60 149.49
v -642.26 906.83 147.85
v -634.79 903.42 145.54
v -628.41 898.54 142.67
v -623.43 892.44 139.39
v -620.94 889.16 127.02
v -619.41 881.40 123.83
v -619.77 873.45 120.75
v -622.02 865.73 117.91
v -626.03 858.61 115.47
v -631.61 852.45 113.54
v -638.48 847.56 112.22
v -646.29 844.19 111.58
v -654.66 842.51 111.65
v -663.15 842.60 112.43
v -671.36 844.45 113.87
v -678.85 847.98 115.90
v -685.27 853.00 118.43
v -690.28 859.27 121.33
v -693.64 866.46 124.45
v -695.18 874.23 127.63
v -694.81 882.18 130.71
v -692.57 889.90 133.55
v -688.55 897.02 135.99
v -682.97 903.18 137.92
v -676.10 908.07 139.24
v -668.29 911.44 139.88
v -659.93 913.12 139.81
v -651.43 913.03 139.04
v -643.23 911.18 137.59
v -635.73 907.65 135.56
v -629.32 902.63 133.03
v -624.30 896.36 130.13
v -621.67 892.43 117.98
v -620.10 884.51 115.24
v -620.43 876.41 112.58
v -622.64 868.54 110.13
v -626.63 861.30 108.02
v -632.19 855.05 106.36
v -639.04 850.09 105.22
v -646.85 846.69 104.67
v -655.21 845.02 104.73
v -663.72 845.14 105.39
v -671.94 847.07 106.64
v -679.46 850.69 108.40
v -685.90 855.84 110.58
v -690.94 862.25 113.08
v -694.34 869.60 115.77
v -695.91 877.53 118.51
v -695.58 885.63 121.17
v -693.37 893.50 123.62
v -689.38 900.74 125.73
v -683.82 906.99 127.39
v -676.96 911.94 128.53
v -669.16 915.34 129.08
v -660.79 917.02 129.02
v -652.29 916.90 128.35
v -644.07 914.97 127.11
v -636.55 911.34 125.35
v -630.11 906.19 123.17
v -625.06 899.78 120.67
v -622.29 895.21 108.78
v -620.69 887.16 106.48
v -620.99 878.93 104.25
v -623.18 870.94 102.20
v -627.14 863.59 100.43
v -632.68 857.26 99.04
v -639.52 852.25 98.08
v -647.32 848.82 97.62
v -655.69 847.15 97.67
v -664.20 847.31 98.23
v -672.43 849.29 99.27
v -679.97 853.01 100.75
v -686.44 858.26 102.58
v -691.51 864.79 104.67
v -694.93 872.28 106.92
v -696.53 880.34 109.22
v -696.23 888.57 111.45
v -694.05 896.55 113.50
v -690.08 903.90 115.27
v -684.54 910.23 116.66
v -677.70 915.24 117.62
v -669.90 918.67 118.08
v -661.53 920.34 118.03
v -653.02 920.19 117.47
v -644.79 918.20 116.43
v -637.25 914.49 114.95
v -630.78 909.23 113.13
v -625.71 902.70 111.03
v -622.80 897.50 99.43
v -621.17 889.33 97.59
v -621.45 881.00 95.79
v -623.61 872.91 94.15
v -627.56 865.48 92.73
v -633.09 859.08 91.61
v -639.92 854.02 90.84
v -647.71 850.57 90.47
v -656.08 848.90 90.51
v -664.59 849.09 90.96
v -672.84 851.12 91.80
v -680.39 854.91 92.98
v -686.88 860.25 94.45
v -691.97 866.88 96.13
v -695.42 874.48 97.94
v -697.05 882.64 99.79
v -696.77 890.98 101.58
v -694.60 899.07 103.23
v -690.66 906.50 104.65
v -685.13 912.90 105.77
v -678.30 917.95 106.54
v -670.51 921.40 106.91
v -662.14 923.08 106.87
v -653.62 922.89 106.42
v -645.38 920.85 105.58
v -637.83 917.07 104.40
v -631.34 911.73 102.93
v -626.24 905.09 101.24
v -623.19 899.29 89.98
v -621.55 891.03 88.59
v -621.81 882.61 87.24
v -623.96 874.45 86.00
v -627.89 866.95 84.93
v -633.40 860.50 84.08
v -640.22 855.41 83.51
v -648.02 851.94 83.23
v -656.38 850.27 83.26
v -664.90 850.48 83.60
v -673.16 852.55 84.23
v -680.72 856.39 85.12
v -687.22 861.80 86.22
v -692.34 868.52 87.49
v -695.80 876.19 88.85
v -697.45 884.45 90.24
v -697.19 892.87 91.59
v -695.04 901.03 92.83
v -691.11 908.53 93.90
v -685.59 914.98 94.74
v -678.77 920.07 95.32
v -670.98 923.54 95.60
v -662.61 925.21 95.57
v -654.09 925.00 95.23
v -645.84 922.93 94.60
v -638.27 919.09 93.71
v -631.77 913.68 92.60
v -626.66 906.96 91.34
v -623.48 900.57 80.43
v -621.82 892.25 79.50
v -622.06 883.77 78.60
v -624.20 875.55 77.77
v -628.12 868.01 77.06
v -633.63 861.51 76.49
v -640.45 856.40 76.11
v -648.23 852.92 75.92
v -656.60 851.25 75.94
v -665.13 851.47 76.17
v -673.38 853.58 76.59
v -680.96 857.46 77.19
v -687.47 862.92 77.92
v -692.60 869.68 78.77
v -696.07 877.42 79.68
v -697.73 885.74 80.61
v -697.49 894.22 81.51
v -695.35 902.44 82.34
v -691.43 909.98 83.06
v -685.93 916.47 83.62
v -679.11 921.59 84.00
v -671.32 925.07 84.19
v -662.95 926.74 84.17
v -654.43 926.52 83.94
v -646.17 924.41 83.52
v -638.59 920.53 82.93
v -632.08 915.07 82.19
v -626.96 908.30 81.34
v -623.65 901.34 70.83
v -621.98 892.98 70.36
v -622.22 884.47 69.91
v -624.35 876.21 69.50
v -628.26 868.64 69.14
v -633.76 862.13 68.86
v -640.58 857.00 68.67
v -648.36 853.51 68.57
v -656.73 851.84 68.58
v -665.26 852.07 68.70
v -673.52 854.19 68.91
v -681.10 858.09 69.20
v -687.62 863.59 69.57
v -692.75 870.39 70.00
v -696.24 878.16 70.45
v -697.91 886.52 70.92
v -697.67 895.03 71.37
v -695.54 903.28 71.79
v -691.63 910.86 72.14
v -686.13 917.37 72.43
v -679.31 922.50 72.62
v -671.52 925.99 72.71
v -663.16 927.66 72.70
v -654.63 927.43 72.59
v -646.37 925.31 72.38
v -638.79 921.40 72.08
v -632.27 915.91 71.71
v -627.14 909.11 71.29
v -623.71 901.59 61.21
v -622.04 893.23 61.18
v -622.27 884.70 61.15
v -624.40 876.43 61.12
v -628.31 868.85 61.10
v -633.81 862.33 61.08
v -640.62 857.20 61.07
v -648.41 853.71 61.06
v -656.77 852.04 61.06
v -665.30 852.27 61.07
v -673.57 854.40 61.08
v -681.15 858.31 61.10
v -687.67 863.81 61.13
v -692.80 870.62 61.16
v -696.29 878.41 61.19
v -697.96 886.77 61.22
v -697.73 895.30 61.25
v -695.60 903.57 61.28
v -691.69 911.15 61.30
v -686.19 917.67 61.32
v -679.38 922.80 61.33
v -671.59 926.29 61.34
v -663.23 927.96 61.34
v -654.70 927.73 61.33
v -646.43 925.60 61.32
v -638.85 921.69 61.30
v -632.33 916.19 61.27
v -627.20 909.38 61.24
v -623.71 901.59 0.00
v -622.04 893.23 0.00
v -622.27 884.70 0.00
v -624.40 876.43 0.00
v -628.31 868.85 0.00
v -633.81 862.33 0.00
v -640.62 857.20 0.00
v -648.41 853.71 0.00
v -656.77 852.04 0.00
v -665.30 852.27 0.00
v -673.57 854.40 -0.00
v -681.15 858.31 -0.00
v -687.67 863.81 -0.00
v -692.80 870.62 -0.00
v -696.29 878.41 -0.00
v -697.96 886.77 -0.00
v -697.73 895.30 -0.00
v -695.60 903.57 -0.00
v -691.69 911.15 -0.00
v -686.19 917.67 -0.00
v -679.38 922.80 -0.00
v -671.59 926.29 -0.00
v -663.23 927.96 -0.00
v -654.70 927.73 -0.00
v -646.43 925.60 0.00
v -638.85 921.69 0.00
v -632.33 916.19 0.00
v -627.20 909.38 0.00
v -260.00 -40.00 1023.00
v -660.00 890.00 0.00
v 296.41 -51.22 1023.00
v 294.63 -53.75 1015.05
v 291.12 -55.58 1007.49
v 286.04 -56.64 1000.72
v 279.66 -56.86 995.06
v 272.30 -56.23 990.80
v 264.31 -54.79 988.15
v 256.11 -52.61 987.26
v 248.11 -49.80 988.15
v 240.70 -46.49 990.80
v 234.26 -42.86 995.06
v 229.11 -39.09 1000.72
v 225.51 -35.36 1007.49
v 223.64 -31.87 1015.05
v 223.59 -28.78 1023.00
v 225.37 -26.25 1030.95
v 228.88 -24.42 1038.51
v 233.96 -23.36 1045.28
v 240.34 -23.14 1050.94
v 247.70 -23.77 1055.20
v 255.69 -25.21 1057.85
v 263.89 -27.39 1058.74
v 271.89 -30.20 1057.85
v 279.30 -33.51 1055.20
v 285.74 -37.14 1050.94
v 290.89 -40.91 1045.28
v 294.49 -44.64 1038.51
v 296.36 -48.13 1030.95
v 324.24 39.08 988.11
v 322.45 36.52 980.17
v 318.93 34.66 972.62
v 313.85 33.59 965.86
v 307.46 33.35 960.20
v 300.09 33.97 955.95
v 292.11 35.40 953.31
v 283.91 37.59 952.41
v 275.91 40.41 953.30
v 268.51 43.74 955.94
v 262.07 47.39 960.18
v 256.93 51.19 965.83
v 253.34 54.95 972.60
v 251.48 58.47 980.14
v 251.44 61.59 988.08
v 253.22 64.14 996.03
v 256.75 66.00 1003.57
v 261.83 67.08 1010.34
v 268.21 67.32 1015.99
v 275.58 66.70 1020.25
v 283.57 65.26 1022.89
v 291.76 63.08 1023.79
v 299.77 60.25 1022.90
v 307.17 56.93 1020.26
v 313.60 53.28 1016.01
v 318.74 49.48 1010.36
v 322.34 45.72 1003.60
v 324.20 42.19 996.05
v 326.52 46.10 984.96
v 324.59 43.10 977.21
v 320.94 40.84 969.83
v 315.75 39.44 963.20
v 309.29 38.97 957.65
v 301.88 39.45 953.46
v 293.89 40.85 950.83
v 285.71 43.12 949.90
v 277.77 46.12 950.71
v 270.45 49.71 953.23
v 264.13 53.72 957.33
v 259.12 57.94 962.80
v 255.68 62.16 969.36
v 253.97 66.16 976.70
v 254.08 69.76 984.44
v 256.01 72.76 992.19
v 259.66 75.01 999.56
v 264.85 76.41 1006.19
v 271.31 76.88 1011.75
v 278.72 76.41 1015.94
v 286.71 75.00 1018.57
v 294.89 72.74 1019.50
v 302.83 69.74 1018.69
v 310.15 66.14 1016.17
v 316.47 62.13 1012.07
v 321.48 57.91 1006.60
v 324.92 53.70 1000.03
v 326.63 49.69 992.70
v 328.92 53.25 981.45
v 326.91 50.01 973.81
v 323.19 47.55 966.54
v 317.95 45.98 959.99
v 311.45 45.38 954.50
v 304.01 45.79 950.34
v 296.01 47.17 947.72
v 287.85 49.48 946.77
v 279.94 52.57 947.54
v 272.67 56.32 949.99
v 266.41 60.51 953.99
v 261.48 64.95 959.35
v 258.12 69.41 965.80
v 256.49 73.67 973.01
v 256.69 77.52 980.63
v 258.70 80.75 988.26
v 262.42 83.22 995.53
v 267.66 84.79 1002.08
v 274.16 85.39 1007.57
v 281.60 84.98 1011.73
v 289.60 83.59 1014.35
v 297.76 81.29 1015.30
v 305.67 78.19 1014.53
v 312.94 74.45 1012.09
v 319.20 70.25 1008.08
v 324.13 65.81 1002.72
v 327.49 61.35 996.27
v 329.12 57.09 989.06
v 331.36 60.26 977.68
v 329.27 56.79 970.17
v 325.48 54.12 963.01
v 320.18 52.39 956.56
v 313.63 51.67 951.13
v 306.17 52.00 947.01
v 298.16 53.37 944.40
v 290.02 55.71 943.43
v 282.14 58.90 944.14
v 274.92 62.79 946.52
v 268.73 67.17 950.42
v 263.87 71.82 955.67
v 260.59 76.52 961.99
v 259.05 81.03 969.06
v 259.34 85.12 976.55
v 261.42 88.59 984.06
v 265.21 91.26 991.22
v 270.52 93.00 997.67
v 277.06 93.72 1003.10
v 284.52 93.39 1007.22
v 292.53 92.01 1009.83
v 300.68 89.67 1010.80
v 308.56 86.48 1010.08
v 315.77 82.60 1007.71
v 321.97 78.22 1003.81
v 326.82 73.56 998.56
v 330.10 68.86 992.24
v 331.64 64.35 985.17
v 333.83 67.12 973.68
v 331.66 63.43 966.30
v 327.80 60.56 959.25
v 322.44 58.66 952.89
v 315.85 57.82 947.54
v 308.36 58.08 943.46
v 300.35 59.44 940.86
v 292.22 61.81 939.86
v 284.37 65.10 940.53
v 277.20 69.12 942.82
v 271.08 73.68 946.62
v 266.29 78.55 951.74
v 263.10 83.49 957.92
v 261.65 88.24 964.86
v 262.02 92.57 972.20
v 264.19 96.26 979.58
v 268.05 99.13 986.62
v 273.41 101.04 992.98
v 280.00 101.88 998.33
v 287.49 101.61 1002.41
v 295.50 100.26 1005.02
v 303.63 97.88 1006.01
v 311.48 94.59 1005.35
v 318.65 90.57 1003.06
v 324.77 86.01 999.26
v 329.56 81.14 994.14
v 332.75 76.21 987.95
v 334.20 71.46 981.02
v 336.33 73.83 969.43
v 334.08 69.91 962.19
v 330.15 66.85 955.27
v 324.73 64.78 949.01
v 318.09 63.83 943.73
v 310.58 64.02 939.69
v 302.56 65.36 937.10
v 294.44 67.78 936.08
v 286.63 71.15 936.69
v 279.51 75.31 938.90
v 273.45 80.05 942.59
v 268.75 85.12 947.57
v 265.64 90.29 953.61
v 264.28 95.28 960.40
v 264.74 99.84 967.59
v 266.99 103.76 974.83
v 270.92 106.82 981.75
v 276.34 108.89 988.01
v 282.98 109.85 993.29
v 290.49 109.65 997.32
v 298.51 108.31 999.91
v 306.63 105.89 1000.93
v 314.44 102.52 1000.32
v 321.56 98.36 998.12
v 327.62 93.63 994.43
v 332.32 88.55 989.44
v 335.43 83.39 983.41
v 336.79 78.40 976.62
v 338.87 80.37 964.95
v 336.53 76.24 957.86
v 332.52 72.98 951.06
v 327.04 70.76 944.91
v 320.36 69.69 939.71
v 312.82 69.82 935.72
v 304.80 71.14 933.14
v 296.70 73.59 932.10
v 288.92 77.05 932.65
v 281.85 81.34 934.76
v 275.86 86.25 938.33
v 271.23 91.53 943.18
v 268.21 96.92 949.07
v 266.94 102.14 955.69
v 267.48 106.94 962.73
v 269.82 111.07 969.82
v 273.83 114.32 976.61
v 279.31 116.55 982.76
v 285.99 117.62 987.96
v 293.53 117.49 991.95
v 301.55 116.16 994.53
v 309.65 113.71 995.57
v 317.43 110.25 995.02
v 324.50 105.96 992.91
v 330.49 101.05 989.34
v 335.12 95.77 984.49
v 338.14 90.39 978.61
v 339.41 85.17 971.98
v 341.42 86.73 960.23
v 339.00 82.39 953.30
v 334.92 78.95 946.65
v 329.38 76.58 940.61
v 322.65 75.39 935.49
v 315.09 75.46 931.55
v 307.06 76.77 928.98
v 298.97 79.26 927.91
v 291.22 82.80 928.39
v 284.21 87.22 930.41
v 278.28 92.30 933.86
v 273.74 97.77 938.56
v 270.80 103.37 944.29
v 269.62 108.82 950.74
v 270.26 113.84 957.61
v 272.68 118.18 964.55
v 276.76 121.63 971.20
v 282.30 124.00 977.24
v 289.03 125.18 982.36
v 296.59 125.12 986.30
v 304.62 123.81 988.87
v 312.71 121.32 989.94
v 320.46 117.78 989.45
v 327.47 113.36 987.44
v 333.40 108.28 983.99
v 337.94 102.81 979.29
v 340.88 97.20 973.56
v 342.06 91.75 967.10
v 344.00 92.92 955.30
v 341.50 88.37 948.52
v 337.34 84.75 942.02
v 331.73 82.23 936.10
v 324.97 80.94 931.07
v 317.37 80.94 927.17
v 309.34 82.23 924.61
v 301.26 84.76 923.52
v 293.55 88.38 923.94
v 286.59 92.93 925.85
v 280.73 98.17 929.17
v 276.26 103.83 933.72
v 273.42 109.65 939.28
v 272.33 115.32 945.56
v 273.05 120.55 952.26
v 275.56 125.10 959.03
v 279.72 128.72 965.54
v 285.32 131.24 971.46
v 292.09 132.54 976.49
v 299.68 132.53 980.38
v 307.72 131.24 982.94
v 315.79 128.72 984.04
v 323.51 125.09 983.62
v 330.47 120.54 981.70
v 336.33 115.31 978.38
v 340.79 109.64 973.83
v 343.64 103.82 968.28
v 344.73 98.16 961.99
v 346.60 98.92 950.14
v 344.01 94.17 943.54
v 339.77 90.37 937.18
v 334.11 87.71 931.39
v 327.29 86.31 926.45
v 319.68 86.25 922.61
v 311.63 87.53 920.06
v 303.57 90.09 918.93
v 295.90 93.79 919.28
v 288.99 98.46 921.10
v 283.20 103.86 924.28
v 278.81 109.71 928.67
v 276.05 115.73 934.05
v 275.05 121.61 940.15
v 275.87 127.06 946.67
v 278.46 131.80 953.27
v 282.70 135.60 959.62
v 288.37 138.27 965.42
v 295.18 139.66 970.36
v 302.80 139.72 974.20
v 310.84 138.44 976.75
v 318.90 135.89 977.87
v 326.58 132.18 977.52
v 333.48 127.51 975.71
v 339.28 122.12 972.53
v 343.66 116.26 968.14
v 346.42 110.24 962.76
v 347.42 104.36 956.66
v 349.21 104.72 944.78
v 346.54 99.78 938.35
v 342.22 95.81 932.15
v 336.50 93.01 926.48
v 329.64 91.51 921.64
v 321.99 91.39 917.85
v 313.94 92.66 915.32
v 305.90 95.25 914.16
v 298.26 99.03 914.44
v 291.40 103.81 916.14
v 285.68 109.36 919.18
v 281.37 115.40 923.41
v 278.70 121.61 928.61
v 277.80 127.70 934.52
v 278.71 133.35 940.84
v 281.39 138.28 947.27
v 285.70 142.25 953.47
v 291.43 145.06 959.14
v 298.28 146.56 963.98
v 305.93 146.68 967.77
v 313.98 145.41 970.30
v 322.02 142.82 971.46
v 329.67 139.04 971.18
v 336.52 134.25 969.47
v 342.24 128.70 966.43
v 346.55 122.67 962.21
v 349.22 116.45 957.01
v 350.12 110.37 951.10
v 351.84 110.32 939.20
v 349.08 105.20 932.96
v 344.69 101.07 926.92
v 338.90 98.13 921.39
v 331.99 96.53 916.64
v 324.32 96.35 912.91
v 316.27 97.61 910.39
v 308.23 100.23 909.20
v 300.63 104.08 909.41
v 293.82 108.98 911.00
v 288.17 114.68 913.90
v 283.95 120.88 917.95
v 281.36 127.29 922.96
v 280.55 133.57 928.67
v 281.56 139.42 934.80
v 284.32 144.54 941.04
v 288.71 148.67 947.08
v 294.50 151.61 952.61
v 301.40 153.21 957.36
v 309.08 153.38 961.09
v 317.13 152.13 963.61
v 325.16 149.51 964.80
v 332.77 145.65 964.59
v 339.57 140.75 963.00
v 345.23 135.06 960.11
v 349.45 128.85 956.05
v 352.03 122.45 951.05
v 352.84 116.16 945.33
v 667.65 769.87 258.25
v 664.89 764.75 252.01
v 660.50 760.62 245.97
v 654.71 757.68 240.44
v 647.80 756.08 235.69
v 640.13 755.90 231.96
v 632.08 757.15 229.44
v 624.04 759.77 228.25
v 616.44 763.63 228.46
v 609.63 768.53 230.05
v 603.98 774.22 232.95
v 599.76 780.43 237.00
v 597.17 786.84 242.01
v 596.36 793.12 247.72
v 597.37 798.97 253.85
v 600.13 804.09 260.09
v 604.52 808.23 266.13
v 610.31 811.17 271.66
v 617.22 812.76 276.41
v 624.89 812.94 280.13
v 632.94 811.69 282.66
v 640.98 809.07 283.84
v 648.58 805.21 283.63
v 655.39 800.31 282.04
v 661.04 794.62 279.15
v 665.26 788.41 275.10
v 667.85 782.00 270.09
v 668.66 775.72 264.38
v 669.32 773.57 254.31
v 666.48 768.28 248.25
v 662.00 763.96 242.41
v 656.12 760.81 237.10
v 649.11 759.00 232.57
v 641.35 758.62 229.05
v 633.21 759.69 226.73
v 625.11 762.16 225.71
v 617.44 765.89 226.04
v 610.60 770.70 227.72
v 604.93 776.36 230.66
v 600.71 782.58 234.70
v 598.15 789.04 239.65
v 597.39 795.42 245.26
v 598.46 801.41 251.24
v 601.30 806.70 257.30
v 605.78 811.02 263.14
v 611.66 814.17 268.45
v 618.66 815.98 272.98
v 626.43 816.35 276.50
v 634.57 815.29 278.82
v 642.67 812.82 279.84
v 650.34 809.09 279.50
v 657.17 804.28 277.83
v 662.85 798.62 274.89
v 667.07 792.40 270.85
v 669.62 785.94 265.90
v 670.39 779.56 260.29
v 670.76 776.93 250.64
v 667.89 771.56 244.67
v 663.37 767.14 238.94
v 657.44 763.89 233.74
v 650.39 761.98 229.32
v 642.58 761.50 225.92
v 634.41 762.48 223.69
v 626.27 764.86 222.76
v 618.58 768.53 223.16
v 611.72 773.31 224.89
v 606.04 778.94 227.84
v 601.82 785.16 231.88
v 599.28 791.65 236.80
v 598.53 798.09 242.35
v 599.63 804.14 248.26
v 602.51 809.51 254.23
v 607.03 813.93 259.96
v 612.96 817.18 265.17
v 620.00 819.09 269.58
v 627.81 819.57 272.99
v 635.99 818.60 275.21
v 644.13 816.21 276.15
v 651.82 812.54 275.74
v 658.67 807.77 274.02
v 664.35 802.13 271.07
v 668.57 795.91 267.03
v 671.12 789.42 262.11
v 671.86 782.98 256.55
v 672.13 780.27 246.93
v 669.22 774.81 241.05
v 664.66 770.29 235.42
v 658.69 766.95 230.33
v 651.60 764.93 226.03
v 643.75 764.35 222.74
v 635.54 765.24 220.61
v 627.37 767.54 219.77
v 619.65 771.15 220.24
v 612.78 775.89 222.01
v 607.09 781.51 224.98
v 602.87 787.73 229.02
v 600.34 794.25 233.91
v 599.62 800.73 239.41
v 600.74 806.85 245.24
v 603.65 812.31 251.12
v 608.21 816.83 256.74
v 614.18 820.17 261.83
v 621.27 822.19 266.13
v 629.12 822.77 269.43
v 637.33 821.88 271.55
v 645.50 819.58 272.40
v 653.22 815.97 271.93
v 660.09 811.23 270.16
v 665.78 805.61 267.18
v 670.00 799.39 263.15
v 672.53 792.87 258.26
v 673.25 786.39 252.76
v 673.42 783.58 243.16
v 670.47 778.04 237.38
v 665.88 773.43 231.86
v 659.87 769.98 226.88
v 652.74 767.86 222.70
v 644.85 767.18 219.52
v 636.60 767.98 217.49
v 628.40 770.21 216.74
v 620.66 773.76 217.28
v 613.77 778.45 219.09
v 608.08 784.05 222.09
v 603.86 790.28 226.12
v 601.34 796.83 230.98
v 600.64 803.36 236.42
v 601.79 809.55 242.18
v 604.73 815.08 247.96
v 609.32 819.69 253.48
v 615.33 823.14 258.46
v 622.46 825.26 262.64
v 630.35 825.94 265.82
v 638.60 825.14 267.84
v 646.80 822.91 268.60
v 654.54 819.36 268.06
v 661.43 814.67 266.25
v 667.12 809.07 263.25
v 671.34 802.84 259.22
v 673.86 796.30 254.36
v 674.57 789.77 248.92
v 674.62 786.86 239.34
v 671.65 781.24 233.65
v 667.02 776.54 228.25
v 660.97 772.99 223.39
v 653.81 770.77 219.32
v 645.89 769.99 216.25
v 637.60 770.70 214.33
v 629.37 772.85 213.66
v 621.61 776.34 214.27
v 614.71 780.99 216.14
v 609.01 786.58 219.15
v 604.79 792.81 223.18
v 602.28 799.38 228.01
v 601.59 805.96 233.39
v 602.77 812.21 239.08
v 605.74 817.83 244.76
v 610.37 822.54 250.17
v 616.42 826.09 255.03
v 623.58 828.31 259.10
v 631.51 829.08 262.17
v 639.79 828.37 264.08
v 648.02 826.22 264.75
v 655.78 822.73 264.14
v 662.68 818.08 262.28
v 668.38 812.50 259.26
v 672.60 806.26 255.24
v 675.11 799.69 250.41
v 675.80 793.11 245.02
v 675.75 790.11 235.48
v 672.75 784.41 229.89
v 668.09 779.62 224.59
v 662.01 775.97 219.85
v 654.81 773.65 215.90
v 646.85 772.78 212.95
v 638.54 773.39 211.13
v 630.28 775.47 210.55
v 622.50 778.90 211.23
v 615.58 783.51 213.14
v 609.87 789.08 216.18
v 605.66 795.32 220.20
v 603.16 801.91 225.00
v 602.49 808.54 230.33
v 603.68 814.86 235.93
v 606.69 820.56 241.52
v 611.35 825.36 246.82
v 617.43 829.01 251.57
v 624.63 831.32 255.51
v 632.59 832.20 258.47
v 640.90 831.58 260.28
v 649.15 829.50 260.86
v 656.94 826.07 260.18
v 663.85 821.46 258.27
v 669.56 815.90 255.23
v 673.77 809.66 251.21
v 676.28 803.06 246.41
v 676.95 796.44 241.08
v 676.80 793.34 231.57
v 673.77 787.56 226.07
v 669.08 782.67 220.88
v 662.97 778.92 216.26
v 655.73 776.50 212.44
v 647.75 775.54 209.60
v 639.40 776.06 207.89
v 631.12 778.07 207.41
v 623.32 781.44 208.16
v 616.39 786.01 210.11
v 610.68 791.56 213.18
v 606.47 797.80 217.19
v 603.97 804.42 221.95
v 603.32 811.10 227.23
v 604.54 817.48 232.75
v 607.57 823.27 238.25
v 612.25 828.15 243.43
v 618.37 831.90 248.06
v 625.60 834.32 251.88
v 633.59 835.29 254.72
v 641.93 834.76 256.42
v 650.21 832.76 256.91
v 658.01 829.38 256.16
v 664.94 824.81 254.20
v 670.66 819.26 251.14
v 674.87 813.02 247.13
v 677.36 806.40 242.36
v 678.02 799.73 237.09
v 677.77 796.53 227.61
v 674.71 790.67 222.21
v 670.00 785.69 217.14
v 663.85 781.85 212.64
v 656.59 779.33 208.93
v 648.57 778.27 206.21
v 640.21 778.71 204.62
v 631.90 780.64 204.22
v 624.09 783.95 205.05
v 617.14 788.49 207.05
v 611.42 794.01 210.13
v 607.21 800.26 214.14
v 604.73 806.91 218.87
v 604.09 813.63 224.09
v 605.32 820.08 229.54
v 608.38 825.94 234.93
v 613.09 830.92 240.01
v 619.24 834.76 244.51
v 626.50 837.28 248.21
v 634.52 838.35 250.93
v 642.89 837.90 252.53
v 651.19 835.98 252.92
v 659.01 832.66 252.10
v 665.95 828.13 250.09
v 671.67 822.60 247.01
v 675.88 816.35 243.00
v 678.36 809.70 238.27
v 679.01 802.99 233.05
v 678.65 799.70 223.61
v 675.58 793.76 218.31
v 670.84 788.69 213.35
v 664.67 784.75 208.97
v 657.38 782.13 205.39
v 649.33 780.97 202.79
v 640.94 781.33 201.30
v 632.62 783.18 201.00
v 624.78 786.44 201.90
v 617.83 790.93 203.95
v 612.10 796.45 207.06
v 607.90 802.70 211.06
v 605.42 809.37 215.76
v 604.79 816.14 220.92
v 606.04 822.65 226.28
v 609.12 828.59 231.58
v 613.86 833.66 236.54
v 620.03 837.60 240.92
v 627.32 840.22 244.50
v 635.37 841.37 247.10
v 643.76 841.02 248.59
v 652.08 839.17 248.89
v 659.92 835.91 247.99
v 666.87 831.41 245.94
v 672.59 825.90 242.83
v 676.80 819.65 238.83
v 679.28 812.98 234.13
v 679.91 806.21 228.97
v 679.46 802.83 219.56
v 676.37 796.81 214.37
v 671.60 791.65 209.52
v 665.41 787.62 205.26
v 658.09 784.90 201.81
v 650.02 783.65 199.33
v 641.61 783.92 197.95
v 633.27 785.70 197.75
v 625.42 788.90 198.72
v 618.45 793.36 200.82
v 612.72 798.85 203.95
v 608.52 805.11 207.95
v 606.04 811.81 212.61
v 605.43 818.62 217.71
v 606.70 825.20 222.99
v 609.80 831.22 228.19
v 614.56 836.37 233.03
v 620.76 840.41 237.29
v 628.07 843.12 240.75
v 636.14 844.37 243.22
v 644.55 844.10 244.60
v 652.89 842.32 244.81
v 660.74 839.12 243.84
v 667.71 834.67 241.74
v 673.44 829.17 238.61
v 677.64 822.92 234.61
v 680.12 816.22 229.94
v 680.73 809.41 224.84
v 680.18 805.91 215.50
v 677.06 799.80 210.42
v 672.28 794.54 205.71
v 666.06 790.40 201.59
v 658.72 787.58 198.27
v 650.63 786.24 195.92
v 642.19 786.42 194.66
v 633.83 788.13 194.54
v 625.97 791.28 195.58
v 619.00 795.70 197.73
v 613.27 801.19 200.86
v 609.07 807.46 204.84
v 606.61 814.20 209.45
v 606.00 821.07 214.48
v 607.29 827.73 219.65
v 610.41 833.84 224.72
v 615.20 839.10 229.44
v 621.42 843.24 233.56
v 628.76 846.05 236.88
v 636.85 847.40 239.23
v 645.28 847.22 240.49
v 653.64 845.51 240.61
v 661.50 842.36 239.57
v 668.47 837.93 237.42
v 674.20 832.45 234.29
v 678.41 826.18 230.31
v 680.87 819.44 225.70
v 681.47 812.56 220.67
v 689.87 849.52 156.92
v 686.75 843.37 151.91
v 681.95 838.06 147.26
v 675.72 833.89 143.19
v 668.37 831.04 139.92
v 660.28 829.67 137.60
v 651.84 829.84 136.35
v 643.48 831.54 136.24
v 635.62 834.70 137.27
v 628.66 839.14 139.39
v 622.93 844.66 142.49
v 618.74 850.96 146.42
v 616.28 857.75 150.97
v 615.69 864.66 155.93
v 616.99 871.37 161.05
v 620.12 877.53 166.06
v 624.92 882.83 170.71
v 631.14 887.01 174.78
v 638.49 889.85 178.05
v 646.59 891.23 180.37
v 655.02 891.05 181.61
v 663.38 889.35 181.73
v 671.24 886.19 180.70
v 678.21 881.75 178.58
v 683.93 876.23 175.48
v 688.13 869.93 171.55
v 690.58 863.15 166.99
v 691.18 856.23 162.03
v 690.95 854.34 149.26
v 687.72 847.74 144.92
v 682.83 842.03 140.89
v 676.52 837.49 137.37
v 669.11 834.36 134.53
v 660.97 832.78 132.52
v 652.51 832.84 131.44
v 644.15 834.54 131.35
v 636.31 837.78 132.24
v 629.38 842.42 134.07
v 623.72 848.20 136.76
v 619.60 854.86 140.16
v 617.24 862.04 144.11
v 616.74 869.39 148.41
v 618.14 876.55 152.83
v 621.37 883.15 157.17
v 626.26 888.86 161.21
v 632.57 893.40 164.73
v 639.98 896.54 167.56
v 648.12 898.11 169.57
v 656.58 898.05 170.65
v 664.94 896.36 170.75
v 672.78 893.11 169.86
v 679.70 888.48 168.02
v 685.37 882.69 165.33
v 689.49 876.04 161.93
v 691.85 868.85 157.98
v 692.35 861.50 153.69
v 691.94 858.82 141.22
v 688.67 852.00 137.28
v 683.73 846.08 133.61
v 677.38 841.37 130.41
v 669.94 838.09 127.83
v 661.78 836.41 126.01
v 653.30 836.41 125.03
v 644.94 838.11 124.94
v 637.11 841.40 125.75
v 630.21 846.12 127.42
v 624.57 852.05 129.86
v 620.49 858.87 132.95
v 618.17 866.26 136.54
v 617.73 873.83 140.44
v 619.18 881.21 144.47
v 622.45 888.03 148.41
v 627.39 893.95 152.07
v 633.74 898.67 155.27
v 641.18 901.95 157.85
v 649.34 903.63 159.68
v 657.82 903.62 160.66
v 666.18 901.93 160.75
v 674.01 898.64 159.93
v 680.91 893.91 158.27
v 686.55 887.99 155.83
v 690.62 881.16 152.73
v 692.95 873.78 149.15
v 693.39 866.20 145.24
v 692.84 862.87 132.94
v 689.52 855.85 129.40
v 684.54 849.75 126.12
v 678.16 844.87 123.25
v 670.69 841.46 120.94
v 662.51 839.68 119.30
v 654.02 839.64 118.42
v 645.66 841.33 118.35
v 637.84 844.66 119.07
v 630.95 849.47 120.57
v 625.34 855.52 122.76
v 621.30 862.50 125.53
v 619.02 870.07 128.74
v 618.62 877.84 132.24
v 620.11 885.42 135.85
v 623.43 892.44 139.39
v 628.41 898.54 142.67
v 634.79 903.42 145.54
v 642.26 906.83 147.85
v 650.45 908.60 149.49
v 658.93 908.65 150.37
v 667.30 906.96 150.45
v 675.12 903.63 149.72
v 682.00 898.82 148.22
v 687.61 892.77 146.04
v 691.65 885.79 143.26
v 693.93 878.22 140.05
v 694.34 870.45 136.55
v 693.64 866.46 124.45
v 690.28 859.27 121.33
v 685.27 853.00 118.43
v 678.85 847.98 115.90
v 671.36 844.45 113.87
v 663.15 842.60 112.43
v 654.66 842.51 111.65
v 646.29 844.19 111.58
v 638.48 847.56 112.22
v 631.61 852.45 113.54
v 626.03 858.61 115.47
v 622.02 865.73 117.91
v 619.77 873.45 120.75
v 619.41 881.40 123.83
v 620.94 889.16 127.02
v 624.30 896.36 130.13
v 629.32 902.63 133.03
v 635.73 907.65 135.56
v 643.23 911.18 137.59
v 651.43 913.03 139.04
v 659.93 913.12 139.81
v 668.29 911.44 139.88
v 676.10 908.07 139.24
v 682.97 903.18 137.92
v 688.55 897.02 135.99
v 692.57 889.90 133.55
v 694.81 882.18 130.71
v 695.18 874.23 127.63
v 694.34 869.60 115.77
v 690.94 862.25 113.08
v 685.90 855.84 110.58
v 679.46 850.69 108.40
v 671.94 847.07 106.64
v 663.72 845.14 105.39
v 655.21 845.02 104.73
v 646.85 846.69 104.67
v 639.04 850.09 105.22
v 632.19 855.05 106.36
v 626.63 861.30 108.02
v 622.64 868.54 110.13
v 620.43 876.41 112.58
v 620.10 884.51 115.24
v 621.67 892.43 117.98
v 625.06 899.78 120.67
v 630.11 906.19 123.17
v 636.55 911.34 125.35
v 644.07 914.97 127.11
v 652.29 916.90 128.35
v 660.79 917.02 129.02
v 669.16 915.34 129.08
v 676.96 911.94 128.53
v 683.82 906.99 127.39
v 689.38 900.74 125.73
v 693.37 893.50 123.62
v 695.58 885.63 121.17
v 695.91 877.53 118.51
v 694.93 872.28 106.92
v 691.51 864.79 104.67
v 686.44 858.26 102.58
v 679.97 853.01 100.75
v 672.43 849.29 99.27
v 664.20 847.31 98.23
v 655.69 847.15 97.67
v 647.32 848.82 97.62
v 639.52 852.25 98.08
v 632.68 857.26 99.04
v 627.14 863.59 100.43
v 623.18 870.94 102.20
v 620.99 878.93 104.25
v 620.69 887.16 106.48
v 622.29 895.21 108.78
v 625.71 902.70 111.03
v 630.78 909.23 113.13
v 637.25 914.49 114.95
v 644.79 918.20 116.43
v 653.02 920.19 117.47
v 661.53 920.34 118.03
v 669.90 918.67 118.08
v 677.70 915.24 117.62
v 684.54 910.23 116.66
v 690.08 903.90 115.27
v 694.05 896.55 113.50
v 696.23 888.57 111.45
v 696.53 880.34 109.22
v 695.42 874.48 97.94
v 691.97 866.88 96.13
v 686.88 860.25 94.45
v 680.39 854.91 92.98
v 672.84 851.12 91.80
v 664.59 849.09 90.96
v 656.08 848.90 90.51
v 647.71 850.57 90.47
v 639.92 854.02 90.84
v 633.09 859.08 91.61
v 627.56 865.48 92.73
v 623.61 872.91 94.15
v 621.45 881.00 95.79
v 621.17 889.33 97.59
v 622.80 897.50 99.43
v 626.24 905.09 101.24
v 631.34 911.73 102.93
v 637.83 917.07 104.40
v 645.38 920.85 105.58
v 653.62 922.89 106.42
v 662.14 923.08 106.87
v 670.51 921.40 106.91
v 678.30 917.95 106.54
v 685.13 912.90 105.77
v 690.66 906.50 104.65
v 694.60 899.07 103.23
v 696.77 890.98 101.58
v 697.05 882.64 99.79
v 695.80 876.19 88.85
v 692.34 868.52 87.49
v 687.22 861.80 86.22
v 680.72 856.39 85.12
v 673.16 852.55 84.23
v 664.90 850.48 83.60
v 656.38 850.27 83.26
v 648.02 851.94 83.23
v 640.22 855.41 83.51
v 633.40 860.50 84.08
v 627.89 866.95 84.93
v 623.96 874.45 86.00
v 621.81 882.61 87.24
v 621.55 891.03 88.59
v 623.19 899.29 89.98
v 626.66 906.96 91.34
v 631.77 913.68 92.60
v 638.27 919.09 93.71
v 645.84 922.93 94.60
v 654.09 925.00 95.23
v 662.61 925.21 95.57
v 670.98 923.54 95.60
v 678.77 920.07 95.32
v 685.59 914.98 94.74
v 691.11 908.53 93.90
v 695.04 901.03 92.83
v 697.19 892.87 91.59
v 697.45 884.45 90.24
v 696.07 877.42 79.68
v 692.60 869.68 78.77
v 687.47 862.92 77.92
v 680.96 857.46 77.19
v 673.38 853.58 76.59
v 665.13 851.47 76.17
v 656.60 851.25 75.94
v 648.23 852.92 75.92
v 640.45 856.40 76.11
v 633.63 861.51 76.49
v 628.12 868.01 77.06
v 624.20 875.55 77.77
v 622.06 883.77 78.60
v 621.82 892.25 79.50
v 623.48 900.57 80.43
v 626.96 908.30 81.34
v 632.08 915.07 82.19
v 638.59 920.53 82.93
v 646.17 924.41 83.52
v 654.43 926.52 83.94
v 662.95 926.74 84.17
v 671.32 925.07 84.19
v 679.11 921.59 84.00
v 685.93 916.47 83.62
v 691.43 909.98 83.06
v 695.35 902.44 82.34
v 697.49 894.22 81.51
v 697.73 885.74 80.61
v 696.24 878.16 70.45
v 692.75 870.39 70.00
v 687.62 863.59 69.57
v 681.10 858.09 69.20
v 673.52 854.19 68.91
v 665.26 852.07 68.70
v 656.73 851.84 68.58
v 648.36 853.51 68.57
v 640.58 857.00 68.67
v 633.76 862.13 68.86
v 628.26 868.64 69.14
v 624.35 876.21 69.50
v 622.22 884.47 69.91
v 621.98 892.98 70.36
v 623.65 901.34 70.83
v 627.14 909.11 71.29
v 632.27 915.91 71.71
v 638.79 921.40 72.08
v 646.37 925.31 72.38
v 654.63 927.43 72.59
v 663.16 927.66 72.70
v 671.52 925.99 72.71
v 679.31 922.50 72.62
v 686.13 917.37 72.43
v 691.63 910.86 72.14
v 695.54 903.28 71.79
v 697.67 895.03 71.37
v 697.91 886.52 70.92
v 696.29 878.41 61.19
v 692.80 870.62 61.16
v 687.67 863.81 61.13
v 681.15 858.31 61.10
v 673.57 854.40 61.08
v 665.30 852.27 61.07
v 656.77 852.04 61.06
v 648.41 853.71 61.06
v 640.62 857.20 61.07
v 633.81 862.33 61.08
v 628.31 868.85 61.10
v 624.40 876.43 61.12
v 622.27 884.70 61.15
v 622.04 893.23 61.18
v 623.71 901.59 61.21
v 627.20 909.38 61.24
v 632.33 916.19 61.27
v 638.85 921.69 61.30
v 646.43 925.60 61.32
v 654.70 927.73 61.33
v 663.23 927.96 61.34
v 671.59 926.29 61.34
v 679.38 922.80 61.33
v 686.19 917.67 61.32
v 691.69 911.15 61.30
v 695.60 903.57 61.28
v 697.73 895.30 61.25
v 697.96 886.77 61.22
v 696.29 878.41 -0.00
v 692.80 870.62 -0.00
v 687.67 863.81 -0.00
v 681.15 858.31 -0.00
v 673.57 854.40 -0.00
v 665.30 852.27 0.00
v 656.77 852.04 0.00
v 648.41 853.71 0.00
v 640.62 857.20 0.00
v 633.81 862.33 0.00
v 628.31 868.85 0.00
v 624.40 876.43 0.00
v 622.27 884.70 0.00
v 622.04 893.23 0.00
v 623.71 901.59 0.00
v 627.20 909.38 0.00
v 632.33 916.19 0.00
v 638.85 921.69 0.00
v 646.43 925.60 0.00
v 654.70 927.73 -0.00
v 663.23 927.96 -0.00
v 671.59 926.29 -0.00
v 679.38 922.80 -0.00
v 686.19 917.67 -0.00
v 691.69 911.15 -0.00
v 695.60 903.57 -0.00
v 697.73 895.30 -0.00
v 697.96 886.77 -0.00
v 260.00 -40.00 1023.00
v 660.00 890.00 0.00
v -480.00 -90.00 0.00
v -380.00 -90.00 0.00
v -380.00 90.00 0.00
v -480.00 90.00 0.00
v -480.00 -90.00 8.00
v -380.00 -90.00 8.00
v -380.00 90.00 8.00
v -480.00 90.00 8.00
v 380.00 -90.00 0.00
v 480.00 -90.00 0.00
v 480.00 90.00 0.00
v 380.00 90.00 0.00
v 380.00 -90.00 8.00
v 480.00 -90.00 8.00
v 480.00 90.00 8.00
v 380.00 90.00 8.00
v -710.00 800.00 0.00
v -610.00 800.00 0.00
v -610.00 980.00 0.00
v -710.00 980.00 0.00
v -710.00 800.00 8.00
v -610.00 800.00 8.00
v -610.00 980.00 8.00
v -710.00 980.00 8.00
v 610.00 800.00 0.00
v 710.00 800.00 0.00
v 710.00 980.00 0.00
v 610.00 980.00 0.00
v 610.00 800.00 8.00
v 710.00 800.00 8.00
v 710.00 980.00 8.00
v 610.00 980.00 8.00
v -402.50 450.00 647.00
v -402.50 450.00 643.00
v -403.80 463.17 647.00
v -403.80 463.17 643.00
v -407.64 475.83 647.00
v -407.64 475.83 643.00
v -413.88 487.50 647.00
v -413.88 487.50 643.00
v -422.27 497.73 647.00
v -422.27 497.73 643.00
v -432.50 506.12 647.00
v -432.50 506.12 643.00
v -444.17 512.36 647.00
v -444.17 512.36 643.00
v -456.83 516.20 647.00
v -456.83 516.20 643.00
v -470.00 517.50 647.00
v -470.00 517.50 643.00
v -483.17 516.20 647.00
v -483.17 516.20 643.00
v -495.83 512.36 647.00
v -495.83 512.36 643.00
v -507.50 506.12 647.00
v -507.50 506.12 643.00
v -517.73 497.73 647.00
v -517.73 497.73 643.00
v -526.12 487.50 647.00
v -526.12 487.50 643.00
v -532.36 475.83 647.00
v -532.36 475.83 643.00
v -536.20 463.17 647.00
v -536.20 463.17 643.00
v -537.50 450.00 647.00
v -537.50 450.00 643.00
v -536.20 436.83 647.00
v -536.20 436.83 643.00
v -532.36 424.17 647.00
v -532.36 424.17 643.00
v -526.12 412.50 647.00
v -526.12 412.50 643.00
v -517.73 402.27 647.00
v -517.73 402.27 643.00
v -507.50 393.88 647.00
v -507.50 393.88 643.00
v -495.83 387.64 647.00
v -495.83 387.64 643.00
v -483.17 383.80 647.00
v -483.17 383.80 643.00
v -470.00 382.50 647.00
v -470.00 382.50 643.00
v -456.83 383.80 647.00
v -456.83 383.80 643.00
v -444.17 387.64 647.00
v -444.17 387.64 643.00
v -432.50 393.88 647.00
v -432.50 393.88 643.00
v -422.27 402.27 647.00
v -422.27 402.27 643.00
v -413.88 412.50 647.00
v -413.88 412.50 643.00
v -407.64 424.17 647.00
v -407.64 424.17 643.00
v -403.80 436.83 647.00
v -403.80 436.83 643.00
v -470.00 450.00 647.00
v -470.00 450.00 643.00
v 537.50 450.00 647.00
v 537.50 450.00 643.00
v 536.20 463.17 647.00
v 536.20 463.17 643.00
v 532.36 475.83 647.00
v 532.36 475.83 643.00
v 526.12 487.50 647.00
v 526.12 487.50 643.00
v 517.73 497.73 647.00
v 517.73 497.73 643.00
v 507.50 506.12 647.00
v 507.50 506.12 643.00
v 495.83 512.36 647.00
v 495.83 512.36 643.00
v 483.17 516.20 647.00
v 483.17 516.20 643.00
v 470.00 517.50 647.00
v 470.00 517.50 643.00
v 456.83 516.20 647.00
v 456.83 516.20 643.00
v 444.17 512.36 647.00
v 444.17 512.36 643.00
v 432.50 506.12 647.00
v 432.50 506.12 643.00
v 422.27 497.73 647.00
v 422.27 497.73 643.00
v 413.88 487.50 647.00
v 413.88 487.50 643.00
v 407.64 475.83 647.00
v 407.64 475.83 643.00
v 403.80 463.17 647.00
v 403.80 463.17 643.00
v 402.50 450.00 647.00
v 402.50 450.00 643.00
v 403.80 436.83 647.00
v 403.80 436.83 643.00
v 407.64 424.17 647.00
v 407.64 424.17 643.00
v 413.88 412.50 647.00
v 413.88 412.50 643.00
v 422.27 402.27 647.00
v 422.27 402.27 643.00
v 432.50 393.88 647.00
v 432.50 393.88 643.00
v 444.17 387.64 647.00
v 444.17 387.64 643.00
v 456.83 383.80 647.00
v 456.83 383.80 643.00
v 470.00 382.50 647.00
v 470.00 382.50 643.00
v 483.17 383.80 647.00
v 483.17 383.80 643.00
v 495.83 387.64 647.00
v 495.83 387.64 643.00
v 507.50 393.88 647.00
v 507.50 393.88 643.00
v 517.73 402.27 647.00
v 517.73 402.27 643.00
v 526.12 412.50 647.00
v 526.12 412.50 643.00
v 532.36 424.17 647.00
v 532.36 424.17 643.00
v 536.20 436.83 647.00
v 536.20 436.83 643.00
v 470.00 450.00 647.00
v 470.00 450.00 643.00
o arco
f 1 29 30
f 1 30 2
f 2 30 31
f 2 31 3
f 3 31 32
f 3 32 4
f 4 32 33
f 4 33 5
f 5 33 34
f 5 34 6
f 6 34 35
f 6 35 7
f 7 35 36
f 7 36 8
f 8 36 37
f 8 37 9
f 9 37 38
f 9 38 10
f 10 38 39
f 10 39 11
f 11 39 40
f 11 40 12
f 12 40 41
f 12 41 13
f 13 41 42
f 13 42 14
f 14 42 43
f 14 43 15
f 15 43 44
f 15 44 16
f 16 44 45
f 16 45 17
f 17 45 46
f 17 46 18
f 18 46 47
f 18 47 19
f 19 47 48
f 19 48 20
f 20 48 49
f 20 49 21
f 21 49 50
f 21 50 22
f 22 50 51
f 22 51 23
f 23 51 52
f 23 52 24
f 24 52 53
f 24 53 25
f 25 53 54
f 25 54 26
f 26 54 55
f 26 55 27
f 27 55 56
f 27 56 28
f 28 56 29
f 28 29 1
f 29 57 58
f 29 58 30
f 30 58 59
f 30 59 31
f 31 59 60
f 31 60 32
f 32 60 61
f 32 61 33
f 33 61 62
f 33 62 34
f 34 62 63
f 34 63 35
f 35 63 64
f 35 64 36
f 36 64 65
f 36 65 37
f 37 65 66
f 37 66 38
f 38 66 67
f 38 67 39
f 39 67 68
f 39 68 40
f 40 68 69
f 40 69 41
f 41 69 70
f 41 70 42
f 42 70 71
f 42 71 43
f 43 71 72
f 43 72 44
f 44 72 73
f 44 73 45
f 45 73 74
f 45 74 46
f 46 74 75
f 46 75 47
f 47 75 76
f 47 76 48
f 48 76 77
f 48 77 49
f 49 77 78
f 49 78 50
f 50 78 79
f 50 79 51
f 51 79 80
f 51 80 52
f 52 80 81
f 52 81 53
f 53 81 82
f 53 82 54
f 54 82 83
f 54 83 55
f 55 83 84
f 55 84 56
f 56 84 57
f 56 57 29
f 57 85 86
f 57 86 58
f 58 86 87
f 58 87 59
f 59 87 88
f 59 88 60
f 60 88 89
f 60 89 61
f 61 89 90
f 61 90 62
f 62 90 91
f 62 91 63
f 63 91 92
f 63 92 64
f 64 92 93
f 64 93 65
f 65 93 94
f 65 94 66
f 66 94 95
f 66 95 67
f 67 95 96
f 67 96 68
f 68 96 97
f 68 97 69
f 69 97 98
f 69 98 70
f 70 98 99
f 70 99 71
f 71 99 100
f 71 100 72
f 72 100 101
f 72 101 73
f 73 101 102
f 73 102 74
f 74 102 103
f 74 103 75
f 75 103 104
f 75 104 76
f 76 104 105
f 76 105 77
f 77 105 106
f 77 106 78
f 78 106 107
f 78 107 79
f 79 107 108
f 79 108 80
f 80 108 109
f 80 109 81
f 81 109 110
f 81 110 82
f 82 110 111
f 82 111 83
f 83 111 112
f 83 112 84
f 84 112 85
f 84 85 57
f 85 113 114
f 85 114 86
f 86 114 115
f 86 115 87
f 87 115 116
f 87 116 88
f 88 116 117
f 88 117 89
f 89 117 118
f 89 118 90
f 90 118 119
f 90 119 91
f 91 119 120
f 91 120 92
f 92 120 121
f 92 121 93
f 93 121 122
f 93 122 94
f 94 122 123
f 94 123 95
f 95 123 124
f 95 124 96
f 96 124 125
f 96 125 97
f 97 125 126
f 97 126 98
f 98 126 127
f 98 127 99
f 99 127 128
f 99 128 100
f 100 128 129
f 100 129 101
f 101 129 130
f 101 130 102
f 102 130 131
f 102 131 103
f 103 131 132
f 103 132 104
f 104 132 133
f 104 133 105
f 105 133 134
f 105 134 106
f 106 134 135
f 106 135 107
f 107 135 136
f 107 136 108
f 108 136 137
f 108 137 109
f 109 137 138
f 109 138 110
f 110 138 139
f 110 139 111
f 111 139 140
f 111 140 112
f 112 140 113
f 112 113 85
f 113 141 142
f 113 142 114
f 114 142 143
f 114 143 115
f 115 143 144
f 115 144 116
f 116 144 145
f 116 145 117
f 117 145 146
f 117 146 118
f 118 146 147
f 118 147 119
f 119 147 148
f 119 148 120
f 120 148 149
f 120 149 121
f 121 149 150
f 121 150 122
f 122 150 151
f 122 151 123
f 123 151 152
f 123 152 124
f 124 152 153
f 124 153 125
f 125 153 154
f 125 154 126
f 126 154 155
f 126 155 127
f 127 155 156
f 127 156 128
f 128 156 157
f 128 157 129
f 129 157 158
f 129 158 130
f 130 158 159
f 130 159 131
f 131 159 160
f 131 160 132
f 132 160 161
f 132 161 133
f 133 161 162
f 133 162 134
f 134 162 163
f 134 163 135
f 135 163 164
f 135 164 136
f 136 164 165
f 136 165 137
f 137 165 166
f 137 166 138
f 138 166 167
f 138 167 139
f 139 167 168
f 139 168 140
f 140 168 141
f 140 141 113
f 141 169 170
f 141 170 142
f 142 170 171
f 142 171 143
f 143 171 172
f 143 172 144
f 144 172 173
f 144 173 145
f 145 173 174
f 145 174 146
f 146 174 175
f 146 175 147
f 147 175 176
f 147 176 148
f 148 176 177
f 148 177 149
f 149 177 178
f 149 178 150
f 150 178 179
f 150 179 151
f 151 179 180
f 151 180 152
f 152 180 181
f 152 181 153
f 153 181 182
f 153 182 154
f 154 182 183
f 154 183 155
f 155 183 184
f 155 184 156
f 156 184 185
f 156 185 157
f 157 185 186
f 157 186 158
f 158 186 187
f 158 187 159
f 159 187 188
f 159 188 160
f 160 188 189
f 160 189 161
f 161 189 190
f 161 190 162
f 162 190 191
f 162 191 163
f 163 191 192
f 163 192 164
f 164 192 193
f 164 193 165
f 165 193 194
f 165 194 166
f 166 194 195
f 166 195 167
f 167 195 196
f 167 196 168
f 168 196 169
f 168 169 141
f 169 197 198
f 169 198 170
f 170 198 199
f 170 199 171
f 171 199 200
f 171 200 172
f 172 200 201
f 172 201 173
f 173 201 202
f 173 202 174
f 174 202 203
f 174 203 175
f 175 203 204
f 175 204 176
f 176 204 205
f 176 205 177
f 177 205 206
f 177 206 178
f 178 206 207
f 178 207 179
f 179 207 208
f 179 208 180
f 180 208 209
f 180 209 181
f 181 209 210
f 181 210 182
f 182 210 211
f 182 211 183
f 183 211 212
f 183 212 184
f 184 212 213
f 184 213 185
f 185 213 214
f 185 214 186
f 186 214 215
f 186 215 187
f 187 215 216
f 187 216 188
f 188 216 217
f 188 217 189
f 189 217 218
f 189 218 190
f 190 218 219
f 190 219 191
f 191 219 220
f 191 220 192
f 192 220 221
f 192 221 193
f 193 221 222
f 193 222 194
f 194 222 223
f 194 223 195
f 195 223 224
f 195 224 196
f 196 224 197
f 196 197 169
f 197 225 226
f 197 226 198
f 198 226 227
f 198 227 199
f 199 227 228
f 199 228 200
f 200 228 229
f 200 229 201
f 201 229 230
f 201 230 202
f 202 230 231
f 202 231 203
f 203 231 232
f 203 232 204
f 204 232 233
f 204 233 205
f 205 233 234
f 205 234 206
f 206 234 235
f 206 235 207
f 207 235 236
f 207 236 208
f 208 236 237
f 208 237 209
f 209 237 238
f 209 238 210
f 210 238 239
f 210 239 211
f 211 239 240
f 211 240 212
f 212 240 241
f 212 241 213
f 213 241 242
f 213 242 214
f 214 242 243
f 214 243 215
f 215 243 244
f 215 244 216
f 216 244 245
f 216 245 217
f 217 245 246
f 217 246 218
f 218 246 247
f 218 247 219
f 219 247 248
f 219 248 220
f 220 248 249
f 220 249 221
f 221 249 250
f 221 250 222
f 222 250 251
f 222 251 223
f 223 251 252
f 223 252 224
f 224 252 225
f 224 225 197
f 225 253 254
f 225 254 226
f 226 254 255
f 226 255 227
f 227 255 256
f 227 256 228
f 228 256 257
f 228 257 229
f 229 257 258
f 229 258 230
f 230 258 259
f 230 259 231
f 231 259 260
f 231 260 232
f 232 260 261
f 232 261 233
f 233 261 262
f 233 262 234
f 234 262 263
f 234 263 235
f 235 263 264
f 235 264 236
f 236 264 265
f 236 265 237
f 237 265 266
f 237 266 238
f 238 266 267
f 238 267 239
f 239 267 268
f 239 268 240
f 240 268 269
f 240 269 241
f 241 269 270
f 241 270 242
f 242 270 271
f 242 271 243
f 243 271 272
f 243 272 244
f 244 272 273
f 244 273 245
f 245 273 274
f 245 274 246
f 246 274 275
f 246 275 247
f 247 275 276
f 247 276 248
f 248 276 277
f 248 277 249
f 249 277 278
f 249 278 250
f 250 278 279
f 250 279 251
f 251 279 280
f 251 280 252
f 252 280 253
f 252 253 225
f 253 281 282
f 253 282 254
f 254 282 283
f 254 283 255
f 255 283 284
f 255 284 256
f 256 284 285
f 256 285 257
f 257 285 286
f 257 286 258
f 258 286 287
f 258 287 259
f 259 287 288
f 259 288 260
f 260 288 289
f 260 289 261
f 261 289 290
f 261 290 262
f 262 290 291
f 262 291 263
f 263 291 292
f 263 292 264
f 264 292 293
f 264 293 265
f 265 293 294
f 265 294 266
f 266 294 295
f 266 295 267
f 267 295 296
f 267 296 268
f 268 296 297
f 268 297 269
f 269 297 298
f 269 298 270
f 270 298 299
f 270 299 271
f 271 299 300
f 271 300 272
f 272 300 301
f 272 301 273
f 273 301 302
f 273 302 274
f 274 302 303
f 274 303 275
f 275 303 304
f 275 304 276
f 276 304 305
f 276 305 277
f 277 305 306
f 277 306 278
f 278 306 307
f 278 307 279
f 279 307 308
f 279 308 280
f 280 308 281
f 280 281 253
f 281 309 310
f 281 310 282
f 282 310 311
f 282 311 283
f 283 311 312
f 283 312 284
f 284 312 313
f 284 313 285
f 285 313 314
f 285 314 286
f 286 314 315
f 286 315 287
f 287 315 316
f 287 316 288
f 288 316 317
f 288 317 289
f 289 317 318
f 289 318 290
f 290 318 319
f 290 319 291
f 291 319 320
f 291 320 292
f 292 320 321
f 292 321 293
f 293 321 322
f 293 322 294
f 294 322 323
f 294 323 295
f 295 323 324
f 295 324 296
f 296 324 325
f 296 325 297
f 297 325 326
f 297 326 298
f 298 326 327
f 298 327 299
f 299 327 328
f 299 328 300
f 300 328 329
f 300 329 301
f 301 329 330
f 301 330 302
f 302 330 331
f 302 331 303
f 303 331 332
f 303 332 304
f 304 332 333
f 304 333 305
f 305 333 334
f 305 334 306
f 306 334 335
f 306 335 307
f 307 335 336
f 307 336 308
f 308 336 309
f 308 309 281
f 309 337 338
f 309 338 310
f 310 338 339
f 310 339 311
f 311 339 340
f 311 340 312
f 312 340 341
f 312 341 313
f 313 341 342
f 313 342 314
f 314 342 343
f 314 343 315
f 315 343 344
f 315 344 316
f 316 344 345
f 316 345 317
f 317 345 346
f 317 346 318
f 318 346 347
f 318 347 319
f 319 347 348
f 319 348 320
f 320 348 349
f 320 349 321
f 321 349 350
f 321 350 322
f 322 350 351
f 322 351 323
f 323 351 352
f 323 352 324
f 324 352 353
f 324 353 325
f 325 353 354
f 325 354 326
f 326 354 355
f 326 355 327
f 327 355 356
f 327 356 328
f 328 356 357
f 328 357 329
f 329 357 358
f 329 358 330
f 330 358 359
f 330 359 331
f 331 359 360
f 331 360 332
f 332 360 361
f 332 361 333
f 333 361 362
f 333 362 334
f 334 362 363
f 334 363 335
f 335 363 364
f 335 364 336
f 336 364 337
f 336 337 309
f 337 365 366
f 337 366 338
f 338 366 367
f 338 367 339
f 339 367 368
f 339 368 340
f 340 368 369
f 340 369 341
f 341 369 370
f 341 370 342
f 342 370 371
f 342 371 343
f 343 371 372
f 343 372 344
f 344 372 373
f 344 373 345
f 345 373 374
f 345 374 346
f 346 374 375
f 346 375 347
f 347 375 376
f 347 376 348
f 348 376 377
f 348 377 349
f 349 377 378
f 349 378 350
f 350 378 379
f 350 379 351
f 351 379 380
f 351 380 352
f 352 380 381
f 352 381 353
f 353 381 382
f 353 382 354
f 354 382 383
f 354 383 355
f 355 383 384
f 355 384 356
f 356 384 385
f 356 385 357
f 357 385 386
f 357 386 358
f 358 386 387
f 358 387 359
f 359 387 388
f 359 388 360
f 360 388 389
f 360 389 361
f 361 389 390
f 361 390 362
f 362 390 391
f 362 391 363
f 363 391 392
f 363 392 364
f 364 392 365
f 364 365 337
f 365 393 394
f 365 394 366
f 366 394 395
f 366 395 367
f 367 395 396
f 367 396 368
f 368 396 397
f 368 397 369
f 369 397 398
f 369 398 370
f 370 398 399
f 370 399 371
f 371 399 400
f 371 400 372
f 372 400 401
f 372 401 373
f 373 401 402
f 373 402 374
f 374 402 403
f 374 403 375
f 375 403 404
f 375 404 376
f 376 404 405
f 376 405 377
f 377 405 406
f 377 406 378
f 378 406 407
f 378 407 379
f 379 407 408
f 379 408 380
f 380 408 409
f 380 409 381
f 381 409 410
f 381 410 382
f 382 410 411
f 382 411 383
f 383 411 412
f 383 412 384
f 384 412 413
f 384 413 385
f 385 413 414
f 385 414 386
f 386 414 415
f 386 415 387
f 387 415 416
f 387 416 388
f 388 416 417
f 388 417 389
f 389 417 418
f 389 418 390
f 390 418 419
f 390 419 391
f 391 419 420
f 391 420 392
f 392 420 393
f 392 393 365
f 393 421 422
f 393 422 394
f 394 422 423
f 394 423 395
f 395 423 424
f 395 424 396
f 396 424 425
f 396 425 397
f 397 425 426
f 397 426 398
f 398 426 427
f 398 427 399
f 399 427 428
f 399 428 400
f 400 428 429
f 400 429 401
f 401 429 430
f 401 430 402
f 402 430 431
f 402 431 403
f 403 431 432
f 403 432 404
f 404 432 433
f 404 433 405
f 405 433 434
f 405 434 406
f 406 434 435
f 406 435 407
f 407 435 436
f 407 436 408
f 408 436 437
f 408 437 409
f 409 437 438
f 409 438 410
f 410 438 439
f 410 439 411
f 411 439 440
f 411 440 412
f 412 440 441
f 412 441 413
f 413 441 442
f 413 442 414
f 414 442 443
f 414 443 415
f 415 443 444
f 415 444 416
f 416 444 445
f 416 445 417
f 417 445 446
f 417 446 418
f 418 446 447
f 418 447 419
f 419 447 448
f 419 448 420
f 420 448 421
f 420 421 393
f 421 449 450
f 421 450 422
f 422 450 451
f 422 451 423
f 423 451 452
f 423 452 424
f 424 452 453
f 424 453 425
f 425 453 454
f 425 454 426
f 426 454 455
f 426 455 427
f 427 455 456
f 427 456 428
f 428 456 457
f 428 457 429
f 429 457 458
f 429 458 430
f 430 458 459
f 430 459 431
f 431 459 460
f 431 460 432
f 432 460 461
f 432 461 433
f 433 461 462
f 433 462 434
f 434 462 463
f 434 463 435
f 435 463 464
f 435 464 436
f 436 464 465
f 436 465 437
f 437 465 466
f 437 466 438
f 438 466 467
f 438 467 439
f 439 467 468
f 439 468 440
f 440 468 469
f 440 469 441
f 441 469 470
f 441 470 442
f 442 470 471
f 442 471 443
f 443 471 472
f 443 472 444
f 444 472 473
f 444 473 445
f 445 473 474
f 445 474 446
f 446 474 475
f 446 475 447
f 447 475 476
f 447 476 448
f 448 476 449
f 448 449 421
f 449 477 478
f 449 478 450
f 450 478 479
f 450 479 451
f 451 479 480
f 451 480 452
f 452 480 481
f 452 481 453
f 453 481 482
f 453 482 454
f 454 482 483
f 454 483 455
f 455 483 484
f 455 484 456
f 456 484 485
f 456 485 457
f 457 485 486
f 457 486 458
f 458 486 487
f 458 487 459
f 459 487 488
f 459 488 460
f 460 488 489
f 460 489 461
f 461 489 490
f 461 490 462
f 462 490 491
f 462 491 463
f 463 491 492
f 463 492 464
f 464 492 493
f 464 493 465
f 465 493 494
f 465 494 466
f 466 494 495
f 466 495 467
f 467 495 496
f 467 496 468
f 468 496 497
f 468 497 469
f 469 497 498
f 469 498 470
f 470 498 499
f 470 499 471
f 471 499 500
f 471 500 472
f 472 500 501
f 472 501 473
f 473 501 502
f 473 502 474
f 474 502 503
f 474 503 475
f 475 503 504
f 475 504 476
f 476 504 477
f 476 477 449
f 477 505 506
f 477 506 478
f 478 506 507
f 478 507 479
f 479 507 508
f 479 508 480
f 480 508 509
f 480 509 481
f 481 509 510
f 481 510 482
f 482 510 511
f 482 511 483
f 483 511 512
f 483 512 484
f 484 512 513
f 484 513 485
f 485 513 514
f 485 514 486
f 486 514 515
f 486 515 487
f 487 515 516
f 487 516 488
f 488 516 517
f 488 517 489
f 489 517 518
f 489 518 490
f 490 518 519
f 490 519 491
f 491 519 520
f 491 520 492
f 492 520 521
f 492 521 493
f 493 521 522
f 493 522 494
f 494 522 523
f 494 523 495
f 495 523 524
f 495 524 496
f 496 524 525
f 496 525 497
f 497 525 526
f 497 526 498
f 498 526 527
f 498 527 499
f 499 527 528
f 499 528 500
f 500 528 529
f 500 529 501
f 501 529 530
f 501 530 502
f 502 530 531
f 502 531 503
f 503 531 532
f 503 532 504
f 504 532 505
f 504 505 477
f 505 533 534
f 505 534 506
f 506 534 535
f 506 535 507
f 507 535 536
f 507 536 508
f 508 536 537
f 508 537 509
f 509 537 538
f 509 538 510
f 510 538 539
f 510 539 511
f 511 539 540
f 511 540 512
f 512 540 541
f 512 541 513
f 513 541 542
f 513 542 514
f 514 542 543
f 514 543 515
f 515 543 544
f 515 544 516
f 516 544 545
f 516 545 517
f 517 545 546
f 517 546 518
f 518 546 547
f 518 547 519
f 519 547 548
f 519 548 520
f 520 548 549
f 520 549 521
f 521 549 550
f 521 550 522
f 522 550 551
f 522 551 523
f 523 551 552
f 523 552 524
f 524 552 553
f 524 553 525
f 525 553 554
f 525 554 526
f 526 554 555
f 526 555 527
f 527 555 556
f 527 556 528
f 528 556 557
f 528 557 529
f 529 557 558
f 529 558 530
f 530 558 559
f 530 559 531
f 531 559 560
f 531 560 532
f 532 560 533
f 532 533 505
f 533 561 562
f 533 562 534
f 534 562 563
f 534 563 535
f 535 563 564
f 535 564 536
f 536 564 565
f 536 565 537
f 537 565 566
f 537 566 538
f 538 566 567
f 538 567 539
f 539 567 568
f 539 568 540
f 540 568 569
f 540 569 541
f 541 569 570
f 541 570 542
f 542 570 571
f 542 571 543
f 543 571 572
f 543 572 544
f 544 572 573
f 544 573 545
f 545 573 574
f 545 574 546
f 546 574 575
f 546 575 547
f 547 575 576
f 547 576 548
f 548 576 577
f 548 577 549
f 549 577 578
f 549 578 550
f 550 578 579
f 550 579 551
f 551 579 580
f 551 580 552
f 552 580 581
f 552 581 553
f 553 581 582
f 553 582 554
f 554 582 583
f 554 583 555
f 555 583 584
f 555 584 556
f 556 584 585
f 556 585 557
f 557 585 586
f 557 586 558
f 558 586 587
f 558 587 559
f 559 587 588
f 559 588 560
f 560 588 561
f 560 561 533
f 561 589 590
f 561 590 562
f 562 590 591
f 562 591 563
f 563 591 592
f 563 592 564
f 564 592 593
f 564 593 565
f 565 593 594
f 565 594 566
f 566 594 595
f 566 595 567
f 567 595 596
f 567 596 568
f 568 596 597
f 568 597 569
f 569 597 598
f 569 598 570
f 570 598 599
f 570 599 571
f 571 599 600
f 571 600 572
f 572 600 601
f 572 601 573
f 573 601 602
f 573 602 574
f 574 602 603
f 574 603 575
f 575 603 604
f 575 604 576
f 576 604 605
f 576 605 577
f 577 605 606
f 577 606 578
f 578 606 607
f 578 607 579
f 579 607 608
f 579 608 580
f 580 608 609
f 580 609 581
f 581 609 610
f 581 610 582
f 582 610 611
f 582 611 583
f 583 611 612
f 583 612 584
f 584 612 613
f 584 613 585
f 585 613 614
f 585 614 586
f 586 614 615
f 586 615 587
f 587 615 616
f 587 616 588
f 588 616 589
f 588 589 561
f 589 617 618
f 589 618 590
f 590 618 619
f 590 619 591
f 591 619 620
f 591 620 592
f 592 620 621
f 592 621 593
f 593 621 622
f 593 622 594
f 594 622 623
f 594 623 595
f 595 623 624
f 595 624 596
f 596 624 625
f 596 625 597
f 597 625 626
f 597 626 598
f 598 626 627
f 598 627 599
f 599 627 628
f 599 628 600
f 600 628 629
f 600 629 601
f 601 629 630
f 601 630 602
f 602 630 631
f 602 631 603
f 603 631 632
f 603 632 604
f 604 632 633
f 604 633 605
f 605 633 634
f 605 634 606
f 606 634 635
f 606 635 607
f 607 635 636
f 607 636 608
f 608 636 637
f 608 637 609
f 609 637 638
f 609 638 610
f 610 638 639
f 610 639 611
f 611 639 640
f 611 640 612
f 612 640 641
f 612 641 613
f 613 641 642
f 613 642 614
f 614 642 643
f 614 643 615
f 615 643 644
f 615 644 616
f 616 644 617
f 616 617 589
f 617 645 646
f 617 646 618
f 618 646 647
f 618 647 619
f 619 647 648
f 619 648 620
f 620 648 649
f 620 649 621
f 621 649 650
f 621 650 622
f 622 650 651
f 622 651 623
f 623 651 652
f 623 652 624
f 624 652 653
f 624 653 625
f 625 653 654
f 625 654 626
f 626 654 655
f 626 655 627
f 627 655 656
f 627 656 628
f 628 656 657
f 628 657 629
f 629 657 658
f 629 658 630
f 630 658 659
f 630 659 631
f 631 659 660
f 631 660 632
f 632 660 661
f 632 661 633
f 633 661 662
f 633 662 634
f 634 662 663
f 634 663 635
f 635 663 664
f 635 664 636
f 636 664 665
f 636 665 637
f 637 665 666
f 637 666 638
f 638 666 667
f 638 667 639
f 639 667 668
f 639 668 640
f 640 668 669
f 640 669 641
f 641 669 670
f 641 670 642
f 642 670 671
f 642 671 643
f 643 671 672
f 643 672 644
f 644 672 645
f 644 645 617
f 645 673 674
f 645 674 646
f 646 674 675
f 646 675 647
f 647 675 676
f 647 676 648
f 648 676 677
f 648 677 649
f 649 677 678
f 649 678 650
f 650 678 679
f 650 679 651
f 651 679 680
f 651 680 652
f 652 680 681
f 652 681 653
f 653 681 682
f 653 682 654
f 654 682 683
f 654 683 655
f 655 683 684
f 655 684 656
f 656 684 685
f 656 685 657
f 657 685 686
f 657 686 658
f 658 686 687
f 658 687 659
f 659 687 688
f 659 688 660
f 660 688 689
f 660 689 661
f 661 689 690
f 661 690 662
f 662 690 691
f 662 691 663
f 663 691 692
f 663 692 664
f 664 692 693
f 664 693 665
f 665 693 694
f 665 694 666
f 666 694 695
f 666 695 667
f 667 695 696
f 667 696 668
f 668 696 697
f 668 697 669
f 669 697 698
f 669 698 670
f 670 698 699
f 670 699 671
f 671 699 700
f 671 700 672
f 672 700 673
f 672 673 645
f 673 701 702
f 673 702 674
f 674 702 703
f 674 703 675
f 675 703 704
f 675 704 676
f 676 704 705
f 676 705 677
f 677 705 706
f 677 706 678
f 678 706 707
f 678 707 679
f 679 707 708
f 679 708 680
f 680 708 709
f 680 709 681
f 681 709 710
f 681 710 682
f 682 710 711
f 682 711 683
f 683 711 712
f 683 712 684
f 684 712 713
f 684 713 685
f 685 713 714
f 685 714 686
f 686 714 715
f 686 715 687
f 687 715 716
f 687 716 688
f 688 716 717
f 688 717 689
f 689 717 718
f 689 718 690
f 690 718 719
f 690 719 691
f 691 719 720
f 691 720 692
f 692 720 721
f 692 721 693
f 693 721 722
f 693 722 694
f 694 722 723
f 694 723 695
f 695 723 724
f 695 724 696
f 696 724 725
f 696 725 697
f 697 725 726
f 697 726 698
f 698 726 727
f 698 727 699
f 699 727 728
f 699 728 700
f 700 728 701
f 700 701 673
f 701 729 730
f 701 730 702
f 702 730 731
f 702 731 703
f 703 731 732
f 703 732 704
f 704 732 733
f 704 733 705
f 705 733 734
f 705 734 706
f 706 734 735
f 706 735 707
f 707 735 736
f 707 736 708
f 708 736 737
f 708 737 709
f 709 737 738
f 709 738 710
f 710 738 739
f 710 739 711
f 711 739 740
f 711 740 712
f 712 740 741
f 712 741 713
f 713 741 742
f 713 742 714
f 714 742 743
f 714 743 715
f 715 743 744
f 715 744 716
f 716 744 745
f 716 745 717
f 717 745 746
f 717 746 718
f 718 746 747
f 718 747 719
f 719 747 748
f 719 748 720
f 720 748 749
f 720 749 721
f 721 749 750
f 721 750 722
f 722 750 751
f 722 751 723
f 723 751 752
f 723 752 724
f 724 752 753
f 724 753 725
f 725 753 754
f 725 754 726
f 726 754 755
f 726 755 727
f 727 755 756
f 727 756 728
f 728 756 729
f 728 729 701
f 729 757 758
f 729 758 730
f 730 758 759
f 730 759 731
f 731 759 760
f 731 760 732
f 732 760 761
f 732 761 733
f 733 761 762
f 733 762 734
f 734 762 763
f 734 763 735
f 735 763 764
f 735 764 736
f 736 764 765
f 736 765 737
f 737 765 766
f 737 766 738
f 738 766 767
f 738 767 739
f 739 767 768
f 739 768 740
f 740 768 769
f 740 769 741
f 741 769 770
f 741 770 742
f 742 770 771
f 742 771 743
f 743 771 772
f 743 772 744
f 744 772 773
f 744 773 745
f 745 773 774
f 745 774 746
f 746 774 775
f 746 775 747
f 747 775 776
f 747 776 748
f 748 776 777
f 748 777 749
f 749 777 778
f 749 778 750
f 750 778 779
f 750 779 751
f 751 779 780
f 751 780 752
f 752 780 781
f 752 781 753
f 753 781 782
f 753 782 754
f 754 782 783
f 754 783 755
f 755 783 784
f 755 784 756
f 756 784 757
f 756 757 729
f 757 785 786
f 757 786 758
f 758 786 787
f 758 787 759
f 759 787 788
f 759 788 760
f 760 788 789
f 760 789 761
f 761 789 790
f 761 790 762
f 762 790 791
f 762 791 763
f 763 791 792
f 763 792 764
f 764 792 793
f 764 793 765
f 765 793 794
f 765 794 766
f 766 794 795
f 766 795 767
f 767 795 796
f 767 796 768
f 768 796 797
f 768 797 769
f 769 797 798
f 769 798 770
f 770 798 799
f 770 799 771
f 771 799 800
f 771 800 772
f 772 800 801
f 772 801 773
f 773 801 802
f 773 802 774
f 774 802 803
f 774 803 775
f 775 803 804
f 775 804 776
f 776 804 805
f 776 805 777
f 777 805 806
f 777 806 778
f 778 806 807
f 778 807 779
f 779 807 808
f 779 808 780
f 780 808 809
f 780 809 781
f 781 809 810
f 781 810 782
f 782 810 811
f 782 811 783
f 783 811 812
f 783 812 784
f 784 812 785
f 784 785 757
f 785 813 814
f 785 814 786
f 786 814 815
f 786 815 787
f 787 815 816
f 787 816 788
f 788 816 817
f 788 817 789
f 789 817 818
f 789 818 790
f 790 818 819
f 790 819 791
f 791 819 820
f 791 820 792
f 792 820 821
f 792 821 793
f 793 821 822
f 793 822 794
f 794 822 823
f 794 823 795
f 795 823 824
f 795 824 796
f 796 824 825
f 796 825 797
f 797 825 826
f 797 826 798
f 798 826 827
f 798 827 799
f 799 827 828
f 799 828 800
f 800 828 829
f 800 829 801
f 801 829 830
f 801 830 802
f 802 830 831
f 802 831 803
f 803 831 832
f 803 832 804
f 804 832 833
f 804 833 805
f 805 833 834
f 805 834 806
f 806 834 835
f 806 835 807
f 807 835 836
f 807 836 808
f 808 836 837
f 808 837 809
f 809 837 838
f 809 838 810
f 810 838 839
f 810 839 811
f 811 839 840
f 811 840 812
f 812 840 813
f 812 813 785
f 813 841 842
f 813 842 814
f 814 842 843
f 814 843 815
f 815 843 844
f 815 844 816
f 816 844 845
f 816 845 817
f 817 845 846
f 817 846 818
f 818 846 847
f 818 847 819
f 819 847 848
f 819 848 820
f 820 848 849
f 820 849 821
f 821 849 850
f 821 850 822
f 822 850 851
f 822 851 823
f 823 851 852
f 823 852 824
f 824 852 853
f 824 853 825
f 825 853 854
f 825 854 826
f 826 854 855
f 826 855 827
f 827 855 856
f 827 856 828
f 828 856 857
f 828 857 829
f 829 857 858
f 829 858 830
f 830 858 859
f 830 859 831
f 831 859 860
f 831 860 832
f 832 860 861
f 832 861 833
f 833 861 862
f 833 862 834
f 834 862 863
f 834 863 835
f 835 863 864
f 835 864 836
f 836 864 865
f 836 865 837
f 837 865 866
f 837 866 838
f 838 866 867
f 838 867 839
f 839 867 868
f 839 868 840
f 840 868 841
f 840 841 813
f 841 869 870
f 841 870 842
f 842 870 871
f 842 871 843
f 843 871 872
f 843 872 844
f 844 872 873
f 844 873 845
f 845 873 874
f 845 874 846
f 846 874 875
f 846 875 847
f 847 875 876
f 847 876 848
f 848 876 877
f 848 877 849
f 849 877 878
f 849 878 850
f 850 878 879
f 850 879 851
f 851 879 880
f 851 880 852
f 852 880 881
f 852 881 853
f 853 881 882
f 853 882 854
f 854 882 883
f 854 883 855
f 855 883 884
f 855 884 856
f 856 884 885
f 856 885 857
f 857 885 886
f 857 886 858
f 858 886 887
f 858 887 859
f 859 887 888
f 859 888 860
f 860 888 889
f 860 889 861
f 861 889 890
f 861 890 862
f 862 890 891
f 862 891 863
f 863 891 892
f 863 892 864
f 864 892 893
f 864 893 865
f 865 893 894
f 865 894 866
f 866 894 895
f 866 895 867
f 867 895 896
f 867 896 868
f 868 896 869
f 868 869 841
f 869 897 898
f 869 898 870
f 870 898 899
f 870 899 871
f 871 899 900
f 871 900 872
f 872 900 901
f 872 901 873
f 873 901 902
f 873 902 874
f 874 902 903
f 874 903 875
f 875 903 904
f 875 904 876
f 876 904 905
f 876 905 877
f 877 905 906
f 877 906 878
f 878 906 907
f 878 907 879
f 879 907 908
f 879 908 880
f 880 908 909
f 880 909 881
f 881 909 910
f 881 910 882
f 882 910 911
f 882 911 883
f 883 911 912
f 883 912 884
f 884 912 913
f 884 913 885
f 885 913 914
f 885 914 886
f 886 914 915
f 886 915 887
f 887 915 916
f 887 916 888
f 888 916 917
f 888 917 889
f 889 917 918
f 889 918 890
f 890 918 919
f 890 919 891
f 891 919 920
f 891 920 892
f 892 920 921
f 892 921 893
f 893 921 922
f 893 922 894
f 894 922 923
f 894 923 895
f 895 923 924
f 895 924 896
f 896 924 897
f 896 897 869
f 897 925 926
f 897 926 898
f 898 926 927
f 898 927 899
f 899 927 928
f 899 928 900
f 900 928 929
f 900 929 901
f 901 929 930
f 901 930 902
f 902 930 931
f 902 931 903
f 903 931 932
f 903 932 904
f 904 932 933
f 904 933 905
f 905 933 934
f 905 934 906
f 906 934 935
f 906 935 907
f 907 935 936
f 907 936 908
f 908 936 937
f 908 937 909
f 909 937 938
f 909 938 910
f 910 938 939
f 910 939 911
f 911 939 940
f 911 940 912
f 912 940 941
f 912 941 913
f 913 941 942
f 913 942 914
f 914 942 943
f 914 943 915
f 915 943 944
f 915 944 916
f 916 944 945
f 916 945 917
f 917 945 946
f 917 946 918
f 918 946 947
f 918 947 919
f 919 947 948
f 919 948 920
f 920 948 949
f 920 949 921
f 921 949 950
f 921 950 922
f 922 950 951
f 922 951 923
f 923 951 952
f 923 952 924
f 924 952 925
f 924 925 897
f 925 953 954
f 925 954 926
f 926 954 955
f 926 955 927
f 927 955 956
f 927 956 928
f 928 956 957
f 928 957 929
f 929 957 958
f 929 958 930
f 930 958 959
f 930 959 931
f 931 959 960
f 931 960 932
f 932 960 961
f 932 961 933
f 933 961 962
f 933 962 934
f 934 962 963
f 934 963 935
f 935 963 964
f 935 964 936
f 936 964 965
f 936 965 937
f 937 965 966
f 937 966 938
f 938 966 967
f 938 967 939
f 939 967 968
f 939 968 940
f 940 968 969
f 940 969 941
f 941 969 970
f 941 970 942
f 942 970 971
f 942 971 943
f 943 971 972
f 943 972 944
f 944 972 973
f 944 973 945
f 945 973 974
f 945 974 946
f 946 974 975
f 946 975 947
f 947 975 976
f 947 976 948
f 948 976 977
f 948 977 949
f 949 977 978
f 949 978 950
f 950 978 979
f 950 979 951
f 951 979 980
f 951 980 952
f 952 980 953
f 952 953 925
f 953 981 982
f 953 982 954
f 954 982 983
f 954 983 955
f 955 983 984
f 955 984 956
f 956 984 985
f 956 985 957
f 957 985 986
f 957 986 958
f 958 986 987
f 958 987 959
f 959 987 988
f 959 988 960
f 960 988 989
f 960 989 961
f 961 989 990
f 961 990 962
f 962 990 991
f 962 991 963
f 963 991 992
f 963 992 964
f 964 992 993
f 964 993 965
f 965 993 994
f 965 994 966
f 966 994 995
f 966 995 967
f 967 995 996
f 967 996 968
f 968 996 997
f 968 997 969
f 969 997 998
f 969 998 970
f 970 998 999
f 970 999 971
f 971 999 1000
f 971 1000 972
f 972 1000 1001
f 972 1001 973
f 973 1001 1002
f 973 1002 974
f 974 1002 1003
f 974 1003 975
f 975 1003 1004
f 975 1004 976
f 976 1004 1005
f 976 1005 977
f 977 1005 1006
f 977 1006 978
f 978 1006 1007
f 978 1007 979
f 979 1007 1008
f 979 1008 980
f 980 1008 981
f 980 981 953
f 981 1009 1010
f 981 1010 982
f 982 1010 1011
f 982 1011 983
f 983 1011 1012
f 983 1012 984
f 984 1012 1013
f 984 1013 985
f 985 1013 1014
f 985 1014 986
f 986 1014 1015
f 986 1015 987
f 987 1015 1016
f 987 1016 988
f 988 1016 1017
f 988 1017 989
f 989 1017 1018
f 989 1018 990
f 990 1018 1019
f 990 1019 991
f 991 1019 1020
f 991 1020 992
f 992 1020 1021
f 992 1021 993
f 993 1021 1022
f 993 1022 994
f 994 1022 1023
f 994 1023 995
f 995 1023 1024
f 995 1024 996
f 996 1024 1025
f 996 1025 997
f 997 1025 1026
f 997 1026 998
f 998 1026 1027
f 998 1027 999
f 999 1027 1028
f 999 1028 1000
f 1000 1028 1029
f 1000 1029 1001
f 1001 1029 1030
f 1001 1030 1002
f 1002 1030 1031
f 1002 1031 1003
f 1003 1031 1032
f 1003 1032 1004
f 1004 1032 1033
f 1004 1033 1005
f 1005 1033 1034
f 1005 1034 1006
f 1006 1034 1035
f 1006 1035 1007
f 1007 1035 1036
f 1007 1036 1008
f 1008 1036 1009
f 1008 1009 981
f 1009 1037 1038
f 1009 1038 1010
f 1010 1038 1039
f 1010 1039 1011
f 1011 1039 1040
f 1011 1040 1012
f 1012 1040 1041
f 1012 1041 1013
f 1013 1041 1042
f 1013 1042 1014
f 1014 1042 1043
f 1014 1043 1015
f 1015 1043 1044
f 1015 1044 1016
f 1016 1044 1045
f 1016 1045 1017
f 1017 1045 1046
f 1017 1046 1018
f 1018 1046 1047
f 1018 1047 1019
f 1019 1047 1048
f 1019 1048 1020
f 1020 1048 1049
f 1020 1049 1021
f 1021 1049 1050
f 1021 1050 1022
f 1022 1050 1051
f 1022 1051 1023
f 1023 1051 1052
f 1023 1052 1024
f 1024 1052 1053
f 1024 1053 1025
f 1025 1053 1054
f 1025 1054 1026
f 1026 1054 1055
f 1026 1055 1027
f 1027 1055 1056
f 1027 1056 1028
f 1028 1056 1057
f 1028 1057 1029
f 1029 1057 1058
f 1029 1058 1030
f 1030 1058 1059
f 1030 1059 1031
f 1031 1059 1060
f 1031 1060 1032
f 1032 1060 1061
f 1032 1061 1033
f 1033 1061 1062
f 1033 1062 1034
f 1034 1062 1063
f 1034 1063 1035
f 1035 1063 1064
f 1035 1064 1036
f 1036 1064 1037
f 1036 1037 1009
f 1037 1065 1066
f 1037 1066 1038
f 1038 1066 1067
f 1038 1067 1039
f 1039 1067 1068
f 1039 1068 1040
f 1040 1068 1069
f 1040 1069 1041
f 1041 1069 1070
f 1041 1070 1042
f 1042 1070 1071
f 1042 1071 1043
f 1043 1071 1072
f 1043 1072 1044
f 1044 1072 1073
f 1044 1073 1045
f 1045 1073 1074
f 1045 1074 1046
f 1046 1074 1075
f 1046 1075 1047
f 1047 1075 1076
f 1047 1076 1048
f 1048 1076 1077
f 1048 1077 1049
f 1049 1077 1078
f 1049 1078 1050
f 1050 1078 1079
f 1050 1079 1051
f 1051 1079 1080
f 1051 1080 1052
f 1052 1080 1081
f 1052 1081 1053
f 1053 1081 1082
f 1053 1082 1054
f 1054 1082 1083
f 1054 1083 1055
f 1055 1083 1084
f 1055 1084 1056
f 1056 1084 1085
f 1056 1085 1057
f 1057 1085 1086
f 1057 1086 1058
f 1058 1086 1087
f 1058 1087 1059
f 1059 1087 1088
f 1059 1088 1060
f 1060 1088 1089
f 1060 1089 1061
f 1061 1089 1090
f 1061 1090 1062
f 1062 1090 1091
f 1062 1091 1063
f 1063 1091 1092
f 1063 1092 1064
f 1064 1092 1065
f 1064 1065 1037
f 1065 1093 1094
f 1065 1094 1066
f 1066 1094 1095
f 1066 1095 1067
f 1067 1095 1096
f 1067 1096 1068
f 1068 1096 1097
f 1068 1097 1069
f 1069 1097 1098
f 1069 1098 1070
f 1070 1098 1099
f 1070 1099 1071
f 1071 1099 1100
f 1071 1100 1072
f 1072 1100 1101
f 1072 1101 1073
f 1073 1101 1102
f 1073 1102 1074
f 1074 1102 1103
f 1074 1103 1075
f 1075 1103 1104
f 1075 1104 1076
f 1076 1104 1105
f 1076 1105 1077
f 1077 1105 1106
f 1077 1106 1078
f 1078 1106 1107
f 1078 1107 1079
f 1079 1107 1108
f 1079 1108 1080
f 1080 1108 1109
f 1080 1109 1081
f 1081 1109 1110
f 1081 1110 1082
f 1082 1110 1111
f 1082 1111 1083
f 1083 1111 1112
f 1083 1112 1084
f 1084 1112 1113
f 1084 1113 1085
f 1085 1113 1114
f 1085 1114 1086
f 1086 1114 1115
f 1086 1115 1087
f 1087 1115 1116
f 1087 1116 1088
f 1088 1116 1117
f 1088 1117 1089
f 1089 1117 1118
f 1089 1118 1090
f 1090 1118 1119
f 1090 1119 1091
f 1091 1119 1120
f 1091 1120 1092
f 1092 1120 1093
f 1092 1093 1065
f 1093 1121 1122
f 1093 1122 1094
f 1094 1122 1123
f 1094 1123 1095
f 1095 1123 1124
f 1095 1124 1096
f 1096 1124 1125
f 1096 1125 1097
f 1097 1125 1126
f 1097 1126 1098
f 1098 1126 1127
f 1098 1127 1099
f 1099 1127 1128
f 1099 1128 1100
f 1100 1128 1129
f 1100 1129 1101
f 1101 1129 1130
f 1101 1130 1102
f 1102 1130 1131
f 1102 1131 1103
f 1103 1131 1132
f 1103 1132 1104
f 1104 1132 1133
f 1104 1133 1105
f 1105 1133 1134
f 1105 1134 1106
f 1106 1134 1135
f 1106 1135 1107
f 1107 1135 1136
f 1107 1136 1108
f 1108 1136 1137
f 1108 1137 1109
f 1109 1137 1138
f 1109 1138 1110
f 1110 1138 1139
f 1110 1139 1111
f 1111 1139 1140
f 1111 1140 1112
f 1112 1140 1141
f 1112 1141 1113
f 1113 1141 1142
f 1113 1142 1114
f 1114 1142 1143
f 1114 1143 1115
f 1115 1143 1144
f 1115 1144 1116
f 1116 1144 1145
f 1116 1145 1117
f 1117 1145 1146
f 1117 1146 1118
f 1118 1146 1147
f 1118 1147 1119
f 1119 1147 1148
f 1119 1148 1120
f 1120 1148 1121
f 1120 1121 1093
f 1121 1149 1150
f 1121 1150 1122
f 1122 1150 1151
f 1122 1151 1123
f 1123 1151 1152
f 1123 1152 1124
f 1124 1152 1153
f 1124 1153 1125
f 1125 1153 1154
f 1125 1154 1126
f 1126 1154 1155
f 1126 1155 1127
f 1127 1155 1156
f 1127 1156 1128
f 1128 1156 1157
f 1128 1157 1129
f 1129 1157 1158
f 1129 1158 1130
f 1130 1158 1159
f 1130 1159 1131
f 1131 1159 1160
f 1131 1160 1132
f 1132 1160 1161
f 1132 1161 1133
f 1133 1161 1162
f 1133 1162 1134
f 1134 1162 1163
f 1134 1163 1135
f 1135 1163 1164
f 1135 1164 1136
f 1136 1164 1165
f 1136 1165 1137
f 1137 1165 1166
f 1137 1166 1138
f 1138 1166 1167
f 1138 1167 1139
f 1139 1167 1168
f 1139 1168 1140
f 1140 1168 1169
f 1140 1169 1141
f 1141 1169 1170
f 1141 1170 1142
f 1142 1170 1171
f 1142 1171 1143
f 1143 1171 1172
f 1143 1172 1144
f 1144 1172 1173
f 1144 1173 1145
f 1145 1173 1174
f 1145 1174 1146
f 1146 1174 1175
f 1146 1175 1147
f 1147 1175 1176
f 1147 1176 1148
f 1148 1176 1149
f 1148 1149 1121
f 1149 1177 1178
f 1149 1178 1150
f 1150 1178 1179
f 1150 1179 1151
f 1151 1179 1180
f 1151 1180 1152
f 1152 1180 1181
f 1152 1181 1153
f 1153 1181 1182
f 1153 1182 1154
f 1154 1182 1183
f 1154 1183 1155
f 1155 1183 1184
f 1155 1184 1156
f 1156 1184 1185
f 1156 1185 1157
f 1157 1185 1186
f 1157 1186 1158
f 1158 1186 1187
f 1158 1187 1159
f 1159 1187 1188
f 1159 1188 1160
f 1160 1188 1189
f 1160 1189 1161
f 1161 1189 1190
f 1161 1190 1162
f 1162 1190 1191
f 1162 1191 1163
f 1163 1191 1192
f 1163 1192 1164
f 1164 1192 1193
f 1164 1193 1165
f 1165 1193 1194
f 1165 1194 1166
f 1166 1194 1195
f 1166 1195 1167
f 1167 1195 1196
f 1167 1196 1168
f 1168 1196 1197
f 1168 1197 1169
f 1169 1197 1198
f 1169 1198 1170
f 1170 1198 1199
f 1170 1199 1171
f 1171 1199 1200
f 1171 1200 1172
f 1172 1200 1201
f 1172 1201 1173
f 1173 1201 1202
f 1173 1202 1174
f 1174 1202 1203
f 1174 1203 1175
f 1175 1203 1204
f 1175 1204 1176
f 1176 1204 1177
f 1176 1177 1149
f 1177 1205 1206
f 1177 1206 1178
f 1178 1206 1207
f 1178 1207 1179
f 1179 1207 1208
f 1179 1208 1180
f 1180 1208 1209
f 1180 1209 1181
f 1181 1209 1210
f 1181 1210 1182
f 1182 1210 1211
f 1182 1211 1183
f 1183 1211 1212
f 1183 1212 1184
f 1184 1212 1213
f 1184 1213 1185
f 1185 1213 1214
f 1185 1214 1186
f 1186 1214 1215
f 1186 1215 1187
f 1187 1215 1216
f 1187 1216 1188
f 1188 1216 1217
f 1188 1217 1189
f 1189 1217 1218
f 1189 1218 1190
f 1190 1218 1219
f 1190 1219 1191
f 1191 1219 1220
f 1191 1220 1192
f 1192 1220 1221
f 1192 1221 1193
f 1193 1221 1222
f 1193 1222 1194
f 1194 1222 1223
f 1194 1223 1195
f 1195 1223 1224
f 1195 1224 1196
f 1196 1224 1225
f 1196 1225 1197
f 1197 1225 1226
f 1197 1226 1198
f 1198 1226 1227
f 1198 1227 1199
f 1199 1227 1228
f 1199 1228 1200
f 1200 1228 1229
f 1200 1229 1201
f 1201 1229 1230
f 1201 1230 1202
f 1202 1230 1231
f 1202 1231 1203
f 1203 1231 1232
f 1203 1232 1204
f 1204 1232 1205
f 1204 1205 1177
f 1205 1233 1234
f 1205 1234 1206
f 1206 1234 1235
f 1206 1235 1207
f 1207 1235 1236
f 1207 1236 1208
f 1208 1236 1237
f 1208 1237 1209
f 1209 1237 1238
f 1209 1238 1210
f 1210 1238 1239
f 1210 1239 1211
f 1211 1239 1240
f 1211 1240 1212
f 1212 1240 1241
f 1212 1241 1213
f 1213 1241 1242
f 1213 1242 1214
f 1214 1242 1243
f 1214 1243 1215
f 1215 1243 1244
f 1215 1244 1216
f 1216 1244 1245
f 1216 1245 1217
f 1217 1245 1246
f 1217 1246 1218
f 1218 1246 1247
f 1218 1247 1219
f 1219 1247 1248
f 1219 1248 1220
f 1220 1248 1249
f 1220 1249 1221
f 1221 1249 1250
f 1221 1250 1222
f 1222 1250 1251
f 1222 1251 1223
f 1223 1251 1252
f 1223 1252 1224
f 1224 1252 1253
f 1224 1253 1225
f 1225 1253 1254
f 1225 1254 1226
f 1226 1254 1255
f 1226 1255 1227
f 1227 1255 1256
f 1227 1256 1228
f 1228 1256 1257
f 1228 1257 1229
f 1229 1257 1258
f 1229 1258 1230
f 1230 1258 1259
f 1230 1259 1231
f 1231 1259 1260
f 1231 1260 1232
f 1232 1260 1233
f 1232 1233 1205
f 1233 1261 1262
f 1233 1262 1234
f 1234 1262 1263
f 1234 1263 1235
f 1235 1263 1264
f 1235 1264 1236
f 1236 1264 1265
f 1236 1265 1237
f 1237 1265 1266
f 1237 1266 1238
f 1238 1266 1267
f 1238 1267 1239
f 1239 1267 1268
f 1239 1268 1240
f 1240 1268 1269
f 1240 1269 1241
f 1241 1269 1270
f 1241 1270 1242
f 1242 1270 1271
f 1242 1271 1243
f 1243 1271 1272
f 1243 1272 1244
f 1244 1272 1273
f 1244 1273 1245
f 1245 1273 1274
f 1245 1274 1246
f 1246 1274 1275
f 1246 1275 1247
f 1247 1275 1276
f 1247 1276 1248
f 1248 1276 1277
f 1248 1277 1249
f 1249 1277 1278
f 1249 1278 1250
f 1250 1278 1279
f 1250 1279 1251
f 1251 1279 1280
f 1251 1280 1252
f 1252 1280 1281
f 1252 1281 1253
f 1253 1281 1282
f 1253 1282 1254
f 1254 1282 1283
f 1254 1283 1255
f 1255 1283 1284
f 1255 1284 1256
f 1256 1284 1285
f 1256 1285 1257
f 1257 1285 1286
f 1257 1286 1258
f 1258 1286 1287
f 1258 1287 1259
f 1259 1287 1288
f 1259 1288 1260
f 1260 1288 1261
f 1260 1261 1233
f 1261 1289 1290
f 1261 1290 1262
f 1262 1290 1291
f 1262 1291 1263
f 1263 1291 1292
f 1263 1292 1264
f 1264 1292 1293
f 1264 1293 1265
f 1265 1293 1294
f 1265 1294 1266
f 1266 1294 1295
f 1266 1295 1267
f 1267 1295 1296
f 1267 1296 1268
f 1268 1296 1297
f 1268 1297 1269
f 1269 1297 1298
f 1269 1298 1270
f 1270 1298 1299
f 1270 1299 1271
f 1271 1299 1300
f 1271 1300 1272
f 1272 1300 1301
f 1272 1301 1273
f 1273 1301 1302
f 1273 1302 1274
f 1274 1302 1303
f 1274 1303 1275
f 1275 1303 1304
f 1275 1304 1276
f 1276 1304 1305
f 1276 1305 1277
f 1277 1305 1306
f 1277 1306 1278
f 1278 1306 1307
f 1278 1307 1279
f 1279 1307 1308
f 1279 1308 1280
f 1280 1308 1309
f 1280 1309 1281
f 1281 1309 1310
f 1281 1310 1282
f 1282 1310 1311
f 1282 1311 1283
f 1283 1311 1312
f 1283 1312 1284
f 1284 1312 1313
f 1284 1313 1285
f 1285 1313 1314
f 1285 1314 1286
f 1286 1314 1315
f 1286 1315 1287
f 1287 1315 1316
f 1287 1316 1288
f 1288 1316 1289
f 1288 1289 1261
f 1289 1317 1318
f 1289 1318 1290
f 1290 1318 1319
f 1290 1319 1291
f 1291 1319 1320
f 1291 1320 1292
f 1292 1320 1321
f 1292 1321 1293
f 1293 1321 1322
f 1293 1322 1294
f 1294 1322 1323
f 1294 1323 1295
f 1295 1323 1324
f 1295 1324 1296
f 1296 1324 1325
f 1296 1325 1297
f 1297 1325 1326
f 1297 1326 1298
f 1298 1326 1327
f 1298 1327 1299
f 1299 1327 1328
f 1299 1328 1300
f 1300 1328 1329
f 1300 1329 1301
f 1301 1329 1330
f 1301 1330 1302
f 1302 1330 1331
f 1302 1331 1303
f 1303 1331 1332
f 1303 1332 1304
f 1304 1332 1333
f 1304 1333 1305
f 1305 1333 1334
f 1305 1334 1306
f 1306 1334 1335
f 1306 1335 1307
f 1307 1335 1336
f 1307 1336 1308
f 1308 1336 1337
f 1308 1337 1309
f 1309 1337 1338
f 1309 1338 1310
f 1310 1338 1339
f 1310 1339 1311
f 1311 1339 1340
f 1311 1340 1312
f 1312 1340 1341
f 1312 1341 1313
f 1313 1341 1342
f 1313 1342 1314
f 1314 1342 1343
f 1314 1343 1315
f 1315 1343 1344
f 1315 1344 1316
f 1316 1344 1317
f 1316 1317 1289
f 1317 1345 1346
f 1317 1346 1318
f 1318 1346 1347
f 1318 1347 1319
f 1319 1347 1348
f 1319 1348 1320
f 1320 1348 1349
f 1320 1349 1321
f 1321 1349 1350
f 1321 1350 1322
f 1322 1350 1351
f 1322 1351 1323
f 1323 1351 1352
f 1323 1352 1324
f 1324 1352 1353
f 1324 1353 1325
f 1325 1353 1354
f 1325 1354 1326
f 1326 1354 1355
f 1326 1355 1327
f 1327 1355 1356
f 1327 1356 1328
f 1328 1356 1357
f 1328 1357 1329
f 1329 1357 1358
f 1329 1358 1330
f 1330 1358 1359
f 1330 1359 1331
f 1331 1359 1360
f 1331 1360 1332
f 1332 1360 1361
f 1332 1361 1333
f 1333 1361 1362
f 1333 1362 1334
f 1334 1362 1363
f 1334 1363 1335
f 1335 1363 1364
f 1335 1364 1336
f 1336 1364 1365
f 1336 1365 1337
f 1337 1365 1366
f 1337 1366 1338
f 1338 1366 1367
f 1338 1367 1339
f 1339 1367 1368
f 1339 1368 1340
f 1340 1368 1369
f 1340 1369 1341
f 1341 1369 1370
f 1341 1370 1342
f 1342 1370 1371
f 1342 1371 1343
f 1343 1371 1372
f 1343 1372 1344
f 1344 1372 1345
f 1344 1345 1317
f 1345 1373 1374
f 1345 1374 1346
f 1346 1374 1375
f 1346 1375 1347
f 1347 1375 1376
f 1347 1376 1348
f 1348 1376 1377
f 1348 1377 1349
f 1349 1377 1378
f 1349 1378 1350
f 1350 1378 1379
f 1350 1379 1351
f 1351 1379 1380
f 1351 1380 1352
f 1352 1380 1381
f 1352 1381 1353
f 1353 1381 1382
f 1353 1382 1354
f 1354 1382 1383
f 1354 1383 1355
f 1355 1383 1384
f 1355 1384 1356
f 1356 1384 1385
f 1356 1385 1357
f 1357 1385 1386
f 1357 1386 1358
f 1358 1386 1387
f 1358 1387 1359
f 1359 1387 1388
f 1359 1388 1360
f 1360 1388 1389
f 1360 1389 1361
f 1361 1389 1390
f 1361 1390 1362
f 1362 1390 1391
f 1362 1391 1363
f 1363 1391 1392
f 1363 1392 1364
f 1364 1392 1393
f 1364 1393 1365
f 1365 1393 1394
f 1365 1394 1366
f 1366 1394 1395
f 1366 1395 1367
f 1367 1395 1396
f 1367 1396 1368
f 1368 1396 1397
f 1368 1397 1369
f 1369 1397 1398
f 1369 1398 1370
f 1370 1398 1399
f 1370 1399 1371
f 1371 1399 1400
f 1371 1400 1372
f 1372 1400 1373
f 1372 1373 1345
f 1373 1401 1402
f 1373 1402 1374
f 1374 1402 1403
f 1374 1403 1375
f 1375 1403 1404
f 1375 1404 1376
f 1376 1404 1405
f 1376 1405 1377
f 1377 1405 1406
f 1377 1406 1378
f 1378 1406 1407
f 1378 1407 1379
f 1379 1407 1408
f 1379 1408 1380
f 1380 1408 1409
f 1380 1409 1381
f 1381 1409 1410
f 1381 1410 1382
f 1382 1410 1411
f 1382 1411 1383
f 1383 1411 1412
f 1383 1412 1384
f 1384 1412 1413
f 1384 1413 1385
f 1385 1413 1414
f 1385 1414 1386
f 1386 1414 1415
f 1386 1415 1387
f 1387 1415 1416
f 1387 1416 1388
f 1388 1416 1417
f 1388 1417 1389
f 1389 1417 1418
f 1389 1418 1390
f 1390 1418 1419
f 1390 1419 1391
f 1391 1419 1420
f 1391 1420 1392
f 1392 1420 1421
f 1392 1421 1393
f 1393 1421 1422
f 1393 1422 1394
f 1394 1422 1423
f 1394 1423 1395
f 1395 1423 1424
f 1395 1424 1396
f 1396 1424 1425
f 1396 1425 1397
f 1397 1425 1426
f 1397 1426 1398
f 1398 1426 1427
f 1398 1427 1399
f 1399 1427 1428
f 1399 1428 1400
f 1400 1428 1401
f 1400 1401 1373
f 1401 1429 1430
f 1401 1430 1402
f 1402 1430 1431
f 1402 1431 1403
f 1403 1431 1432
f 1403 1432 1404
f 1404 1432 1433
f 1404 1433 1405
f 1405 1433 1434
f 1405 1434 1406
f 1406 1434 1435
f 1406 1435 1407
f 1407 1435 1436
f 1407 1436 1408
f 1408 1436 1437
f 1408 1437 1409
f 1409 1437 1438
f 1409 1438 1410
f 1410 1438 1439
f 1410 1439 1411
f 1411 1439 1440
f 1411 1440 1412
f 1412 1440 1441
f 1412 1441 1413
f 1413 1441 1442
f 1413 1442 1414
f 1414 1442 1443
f 1414 1443 1415
f 1415 1443 1444
f 1415 1444 1416
f 1416 1444 1445
f 1416 1445 1417
f 1417 1445 1446
f 1417 1446 1418
f 1418 1446 1447
f 1418 1447 1419
f 1419 1447 1448
f 1419 1448 1420
f 1420 1448 1449
f 1420 1449 1421
f 1421 1449 1450
f 1421 1450 1422
f 1422 1450 1451
f 1422 1451 1423
f 1423 1451 1452
f 1423 1452 1424
f 1424 1452 1453
f 1424 1453 1425
f 1425 1453 1454
f 1425 1454 1426
f 1426 1454 1455
f 1426 1455 1427
f 1427 1455 1456
f 1427 1456 1428
f 1428 1456 1429
f 1428 1429 1401
f 1429 1457 1458
f 1429 1458 1430
f 1430 1458 1459
f 1430 1459 1431
f 1431 1459 1460
f 1431 1460 1432
f 1432 1460 1461
f 1432 1461 1433
f 1433 1461 1462
f 1433 1462 1434
f 1434 1462 1463
f 1434 1463 1435
f 1435 1463 1464
f 1435 1464 1436
f 1436 1464 1465
f 1436 1465 1437
f 1437 1465 1466
f 1437 1466 1438
f 1438 1466 1467
f 1438 1467 1439
f 1439 1467 1468
f 1439 1468 1440
f 1440 1468 1469
f 1440 1469 1441
f 1441 1469 1470
f 1441 1470 1442
f 1442 1470 1471
f 1442 1471 1443
f 1443 1471 1472
f 1443 1472 1444
f 1444 1472 1473
f 1444 1473 1445
f 1445 1473 1474
f 1445 1474 1446
f 1446 1474 1475
f 1446 1475 1447
f 1447 1475 1476
f 1447 1476 1448
f 1448 1476 1477
f 1448 1477 1449
f 1449 1477 1478
f 1449 1478 1450
f 1450 1478 1479
f 1450 1479 1451
f 1451 1479 1480
f 1451 1480 1452
f 1452 1480 1481
f 1452 1481 1453
f 1453 1481 1482
f 1453 1482 1454
f 1454 1482 1483
f 1454 1483 1455
f 1455 1483 1484
f 1455 1484 1456
f 1456 1484 1457
f 1456 1457 1429
f 1457 1485 1486
f 1457 1486 1458
f 1458 1486 1487
f 1458 1487 1459
f 1459 1487 1488
f 1459 1488 1460
f 1460 1488 1489
f 1460 1489 1461
f 1461 1489 1490
f 1461 1490 1462
f 1462 1490 1491
f 1462 1491 1463
f 1463 1491 1492
f 1463 1492 1464
f 1464 1492 1493
f 1464 1493 1465
f 1465 1493 1494
f 1465 1494 1466
f 1466 1494 1495
f 1466 1495 1467
f 1467 1495 1496
f 1467 1496 1468
f 1468 1496 1497
f 1468 1497 1469
f 1469 1497 1498
f 1469 1498 1470
f 1470 1498 1499
f 1470 1499 1471
f 1471 1499 1500
f 1471 1500 1472
f 1472 1500 1501
f 1472 1501 1473
f 1473 1501 1502
f 1473 1502 1474
f 1474 1502 1503
f 1474 1503 1475
f 1475 1503 1504
f 1475 1504 1476
f 1476 1504 1505
f 1476 1505 1477
f 1477 1505 1506
f 1477 1506 1478
f 1478 1506 1507
f 1478 1507 1479
f 1479 1507 1508
f 1479 1508 1480
f 1480 1508 1509
f 1480 1509 1481
f 1481 1509 1510
f 1481 1510 1482
f 1482 1510 1511
f 1482 1511 1483
f 1483 1511 1512
f 1483 1512 1484
f 1484 1512 1485
f 1484 1485 1457
f 1485 1513 1514
f 1485 1514 1486
f 1486 1514 1515
f 1486 1515 1487
f 1487 1515 1516
f 1487 1516 1488
f 1488 1516 1517
f 1488 1517 1489
f 1489 1517 1518
f 1489 1518 1490
f 1490 1518 1519
f 1490 1519 1491
f 1491 1519 1520
f 1491 1520 1492
f 1492 1520 1521
f 1492 1521 1493
f 1493 1521 1522
f 1493 1522 1494
f 1494 1522 1523
f 1494 1523 1495
f 1495 1523 1524
f 1495 1524 1496
f 1496 1524 1525
f 1496 1525 1497
f 1497 1525 1526
f 1497 1526 1498
f 1498 1526 1527
f 1498 1527 1499
f 1499 1527 1528
f 1499 1528 1500
f 1500 1528 1529
f 1500 1529 1501
f 1501 1529 1530
f 1501 1530 1502
f 1502 1530 1531
f 1502 1531 1503
f 1503 1531 1532
f 1503 1532 1504
f 1504 1532 1533
f 1504 1533 1505
f 1505 1533 1534
f 1505 1534 1506
f 1506 1534 1535
f 1506 1535 1507
f 1507 1535 1536
f 1507 1536 1508
f 1508 1536 1537
f 1508 1537 1509
f 1509 1537 1538
f 1509 1538 1510
f 1510 1538 1539
f 1510 1539 1511
f 1511 1539 1540
f 1511 1540 1512
f 1512 1540 1513
f 1512 1513 1485
f 1513 1541 1542
f 1513 1542 1514
f 1514 1542 1543
f 1514 1543 1515
f 1515 1543 1544
f 1515 1544 1516
f 1516 1544 1545
f 1516 1545 1517
f 1517 1545 1546
f 1517 1546 1518
f 1518 1546 1547
f 1518 1547 1519
f 1519 1547 1548
f 1519 1548 1520
f 1520 1548 1549
f 1520 1549 1521
f 1521 1549 1550
f 1521 1550 1522
f 1522 1550 1551
f 1522 1551 1523
f 1523 1551 1552
f 1523 1552 1524
f 1524 1552 1553
f 1524 1553 1525
f 1525 1553 1554
f 1525 1554 1526
f 1526 1554 1555
f 1526 1555 1527
f 1527 1555 1556
f 1527 1556 1528
f 1528 1556 1557
f 1528 1557 1529
f 1529 1557 1558
f 1529 1558 1530
f 1530 1558 1559
f 1530 1559 1531
f 1531 1559 1560
f 1531 1560 1532
f 1532 1560 1561
f 1532 1561 1533
f 1533 1561 1562
f 1533 1562 1534
f 1534 1562 1563
f 1534 1563 1535
f 1535 1563 1564
f 1535 1564 1536
f 1536 1564 1565
f 1536 1565 1537
f 1537 1565 1566
f 1537 1566 1538
f 1538 1566 1567
f 1538 1567 1539
f 1539 1567 1568
f 1539 1568 1540
f 1540 1568 1541
f 1540 1541 1513
f 1541 1569 1570
f 1541 1570 1542
f 1542 1570 1571
f 1542 1571 1543
f 1543 1571 1572
f 1543 1572 1544
f 1544 1572 1573
f 1544 1573 1545
f 1545 1573 1574
f 1545 1574 1546
f 1546 1574 1575
f 1546 1575 1547
f 1547 1575 1576
f 1547 1576 1548
f 1548 1576 1577
f 1548 1577 1549
f 1549 1577 1578
f 1549 1578 1550
f 1550 1578 1579
f 1550 1579 1551
f 1551 1579 1580
f 1551 1580 1552
f 1552 1580 1581
f 1552 1581 1553
f 1553 1581 1582
f 1553 1582 1554
f 1554 1582 1583
f 1554 1583 1555
f 1555 1583 1584
f 1555 1584 1556
f 1556 1584 1585
f 1556 1585 1557
f 1557 1585 1586
f 1557 1586 1558
f 1558 1586 1587
f 1558 1587 1559
f 1559 1587 1588
f 1559 1588 1560
f 1560 1588 1589
f 1560 1589 1561
f 1561 1589 1590
f 1561 1590 1562
f 1562 1590 1591
f 1562 1591 1563
f 1563 1591 1592
f 1563 1592 1564
f 1564 1592 1593
f 1564 1593 1565
f 1565 1593 1594
f 1565 1594 1566
f 1566 1594 1595
f 1566 1595 1567
f 1567 1595 1596
f 1567 1596 1568
f 1568 1596 1569
f 1568 1569 1541
f 1569 1597 1598
f 1569 1598 1570
f 1570 1598 1599
f 1570 1599 1571
f 1571 1599 1600
f 1571 1600 1572
f 1572 1600 1601
f 1572 1601 1573
f 1573 1601 1602
f 1573 1602 1574
f 1574 1602 1603
f 1574 1603 1575
f 1575 1603 1604
f 1575 1604 1576
f 1576 1604 1605
f 1576 1605 1577
f 1577 1605 1606
f 1577 1606 1578
f 1578 1606 1607
f 1578 1607 1579
f 1579 1607 1608
f 1579 1608 1580
f 1580 1608 1609
f 1580 1609 1581
f 1581 1609 1610
f 1581 1610 1582
f 1582 1610 1611
f 1582 1611 1583
f 1583 1611 1612
f 1583 1612 1584
f 1584 1612 1613
f 1584 1613 1585
f 1585 1613 1614
f 1585 1614 1586
f 1586 1614 1615
f 1586 1615 1587
f 1587 1615 1616
f 1587 1616 1588
f 1588 1616 1617
f 1588 1617 1589
f 1589 1617 1618
f 1589 1618 1590
f 1590 1618 1619
f 1590 1619 1591
f 1591 1619 1620
f 1591 1620 1592
f 1592 1620 1621
f 1592 1621 1593
f 1593 1621 1622
f 1593 1622 1594
f 1594 1622 1623
f 1594 1623 1595
f 1595 1623 1624
f 1595 1624 1596
f 1596 1624 1597
f 1596 1597 1569
f 1597 1625 1626
f 1597 1626 1598
f 1598 1626 1627
f 1598 1627 1599
f 1599 1627 1628
f 1599 1628 1600
f 1600 1628 1629
f 1600 1629 1601
f 1601 1629 1630
f 1601 1630 1602
f 1602 1630 1631
f 1602 1631 1603
f 1603 1631 1632
f 1603 1632 1604
f 1604 1632 1633
f 1604 1633 1605
f 1605 1633 1634
f 1605 1634 1606
f 1606 1634 1635
f 1606 1635 1607
f 1607 1635 1636
f 1607 1636 1608
f 1608 1636 1637
f 1608 1637 1609
f 1609 1637 1638
f 1609 1638 1610
f 1610 1638 1639
f 1610 1639 1611
f 1611 1639 1640
f 1611 1640 1612
f 1612 1640 1641
f 1612 1641 1613
f 1613 1641 1642
f 1613 1642 1614
f 1614 1642 1643
f 1614 1643 1615
f 1615 1643 1644
f 1615 1644 1616
f 1616 1644 1645
f 1616 1645 1617
f 1617 1645 1646
f 1617 1646 1618
f 1618 1646 1647
f 1618 1647 1619
f 1619 1647 1648
f 1619 1648 1620
f 1620 1648 1649
f 1620 1649 1621
f 1621 1649 1650
f 1621 1650 1622
f 1622 1650 1651
f 1622 1651 1623
f 1623 1651 1652
f 1623 1652 1624
f 1624 1652 1625
f 1624 1625 1597
f 1625 1653 1654
f 1625 1654 1626
f 1626 1654 1655
f 1626 1655 1627
f 1627 1655 1656
f 1627 1656 1628
f 1628 1656 1657
f 1628 1657 1629
f 1629 1657 1658
f 1629 1658 1630
f 1630 1658 1659
f 1630 1659 1631
f 1631 1659 1660
f 1631 1660 1632
f 1632 1660 1661
f 1632 1661 1633
f 1633 1661 1662
f 1633 1662 1634
f 1634 1662 1663
f 1634 1663 1635
f 1635 1663 1664
f 1635 1664 1636
f 1636 1664 1665
f 1636 1665 1637
f 1637 1665 1666
f 1637 1666 1638
f 1638 1666 1667
f 1638 1667 1639
f 1639 1667 1668
f 1639 1668 1640
f 1640 1668 1669
f 1640 1669 1641
f 1641 1669 1670
f 1641 1670 1642
f 1642 1670 1671
f 1642 1671 1643
f 1643 1671 1672
f 1643 1672 1644
f 1644 1672 1673
f 1644 1673 1645
f 1645 1673 1674
f 1645 1674 1646
f 1646 1674 1675
f 1646 1675 1647
f 1647 1675 1676
f 1647 1676 1648
f 1648 1676 1677
f 1648 1677 1649
f 1649 1677 1678
f 1649 1678 1650
f 1650 1678 1679
f 1650 1679 1651
f 1651 1679 1680
f 1651 1680 1652
f 1652 1680 1653
f 1652 1653 1625
f 1653 1681 1682
f 1653 1682 1654
f 1654 1682 1683
f 1654 1683 1655
f 1655 1683 1684
f 1655 1684 1656
f 1656 1684 1685
f 1656 1685 1657
f 1657 1685 1686
f 1657 1686 1658
f 1658 1686 1687
f 1658 1687 1659
f 1659 1687 1688
f 1659 1688 1660
f 1660 1688 1689
f 1660 1689 1661
f 1661 1689 1690
f 1661 1690 1662
f 1662 1690 1691
f 1662 1691 1663
f 1663 1691 1692
f 1663 1692 1664
f 1664 1692 1693
f 1664 1693 1665
f 1665 1693 1694
f 1665 1694 1666
f 1666 1694 1695
f 1666 1695 1667
f 1667 1695 1696
f 1667 1696 1668
f 1668 1696 1697
f 1668 1697 1669
f 1669 1697 1698
f 1669 1698 1670
f 1670 1698 1699
f 1670 1699 1671
f 1671 1699 1700
f 1671 1700 1672
f 1672 1700 1701
f 1672 1701 1673
f 1673 1701 1702
f 1673 1702 1674
f 1674 1702 1703
f 1674 1703 1675
f 1675 1703 1704
f 1675 1704 1676
f 1676 1704 1705
f 1676 1705 1677
f 1677 1705 1706
f 1677 1706 1678
f 1678 1706 1707
f 1678 1707 1679
f 1679 1707 1708
f 1679 1708 1680
f 1680 1708 1681
f 1680 1681 1653
f 1681 1709 1710
f 1681 1710 1682
f 1682 1710 1711
f 1682 1711 1683
f 1683 1711 1712
f 1683 1712 1684
f 1684 1712 1713
f 1684 1713 1685
f 1685 1713 1714
f 1685 1714 1686
f 1686 1714 1715
f 1686 1715 1687
f 1687 1715 1716
f 1687 1716 1688
f 1688 1716 1717
f 1688 1717 1689
f 1689 1717 1718
f 1689 1718 1690
f 1690 1718 1719
f 1690 1719 1691
f 1691 1719 1720
f 1691 1720 1692
f 1692 1720 1721
f 1692 1721 1693
f 1693 1721 1722
f 1693 1722 1694
f 1694 1722 1723
f 1694 1723 1695
f 1695 1723 1724
f 1695 1724 1696
f 1696 1724 1725
f 1696 1725 1697
f 1697 1725 1726
f 1697 1726 1698
f 1698 1726 1727
f 1698 1727 1699
f 1699 1727 1728
f 1699 1728 1700
f 1700 1728 1729
f 1700 1729 1701
f 1701 1729 1730
f 1701 1730 1702
f 1702 1730 1731
f 1702 1731 1703
f 1703 1731 1732
f 1703 1732 1704
f 1704 1732 1733
f 1704 1733 1705
f 1705 1733 1734
f 1705 1734 1706
f 1706 1734 1735
f 1706 1735 1707
f 1707 1735 1736
f 1707 1736 1708
f 1708 1736 1709
f 1708 1709 1681
f 1709 1737 1738
f 1709 1738 1710
f 1710 1738 1739
f 1710 1739 1711
f 1711 1739 1740
f 1711 1740 1712
f 1712 1740 1741
f 1712 1741 1713
f 1713 1741 1742
f 1713 1742 1714
f 1714 1742 1743
f 1714 1743 1715
f 1715 1743 1744
f 1715 1744 1716
f 1716 1744 1745
f 1716 1745 1717
f 1717 1745 1746
f 1717 1746 1718
f 1718 1746 1747
f 1718 1747 1719
f 1719 1747 1748
f 1719 1748 1720
f 1720 1748 1749
f 1720 1749 1721
f 1721 1749 1750
f 1721 1750 1722
f 1722 1750 1751
f 1722 1751 1723
f 1723 1751 1752
f 1723 1752 1724
f 1724 1752 1753
f 1724 1753 1725
f 1725 1753 1754
f 1725 1754 1726
f 1726 1754 1755
f 1726 1755 1727
f 1727 1755 1756
f 1727 1756 1728
f 1728 1756 1757
f 1728 1757 1729
f 1729 1757 1758
f 1729 1758 1730
f 1730 1758 1759
f 1730 1759 1731
f 1731 1759 1760
f 1731 1760 1732
f 1732 1760 1761
f 1732 1761 1733
f 1733 1761 1762
f 1733 1762 1734
f 1734 1762 1763
f 1734 1763 1735
f 1735 1763 1764
f 1735 1764 1736
f 1736 1764 1737
f 1736 1737 1709
f 1737 1765 1766
f 1737 1766 1738
f 1738 1766 1767
f 1738 1767 1739
f 1739 1767 1768
f 1739 1768 1740
f 1740 1768 1769
f 1740 1769 1741
f 1741 1769 1770
f 1741 1770 1742
f 1742 1770 1771
f 1742 1771 1743
f 1743 1771 1772
f 1743 1772 1744
f 1744 1772 1773
f 1744 1773 1745
f 1745 1773 1774
f 1745 1774 1746
f 1746 1774 1775
f 1746 1775 1747
f 1747 1775 1776
f 1747 1776 1748
f 1748 1776 1777
f 1748 1777 1749
f 1749 1777 1778
f 1749 1778 1750
f 1750 1778 1779
f 1750 1779 1751
f 1751 1779 1780
f 1751 1780 1752
f 1752 1780 1781
f 1752 1781 1753
f 1753 1781 1782
f 1753 1782 1754
f 1754 1782 1783
f 1754 1783 1755
f 1755 1783 1784
f 1755 1784 1756
f 1756 1784 1785
f 1756 1785 1757
f 1757 1785 1786
f 1757 1786 1758
f 1758 1786 1787
f 1758 1787 1759
f 1759 1787 1788
f 1759 1788 1760
f 1760 1788 1789
f 1760 1789 1761
f 1761 1789 1790
f 1761 1790 1762
f 1762 1790 1791
f 1762 1791 1763
f 1763 1791 1792
f 1763 1792 1764
f 1764 1792 1765
f 1764 1765 1737
f 1765 1793 1794
f 1765 1794 1766
f 1766 1794 1795
f 1766 1795 1767
f 1767 1795 1796
f 1767 1796 1768
f 1768 1796 1797
f 1768 1797 1769
f 1769 1797 1798
f 1769 1798 1770
f 1770 1798 1799
f 1770 1799 1771
f 1771 1799 1800
f 1771 1800 1772
f 1772 1800 1801
f 1772 1801 1773
f 1773 1801 1802
f 1773 1802 1774
f 1774 1802 1803
f 1774 1803 1775
f 1775 1803 1804
f 1775 1804 1776
f 1776 1804 1805
f 1776 1805 1777
f 1777 1805 1806
f 1777 1806 1778
f 1778 1806 1807
f 1778 1807 1779
f 1779 1807 1808
f 1779 1808 1780
f 1780 1808 1809
f 1780 1809 1781
f 1781 1809 1810
f 1781 1810 1782
f 1782 1810 1811
f 1782 1811 1783
f 1783 1811 1812
f 1783 1812 1784
f 1784 1812 1813
f 1784 1813 1785
f 1785 1813 1814
f 1785 1814 1786
f 1786 1814 1815
f 1786 1815 1787
f 1787 1815 1816
f 1787 1816 1788
f 1788 1816 1817
f 1788 1817 1789
f 1789 1817 1818
f 1789 1818 1790
f 1790 1818 1819
f 1790 1819 1791
f 1791 1819 1820
f 1791 1820 1792
f 1792 1820 1793
f 1792 1793 1765
f 1793 1821 1822
f 1793 1822 1794
f 1794 1822 1823
f 1794 1823 1795
f 1795 1823 1824
f 1795 1824 1796
f 1796 1824 1825
f 1796 1825 1797
f 1797 1825 1826
f 1797 1826 1798
f 1798 1826 1827
f 1798 1827 1799
f 1799 1827 1828
f 1799 1828 1800
f 1800 1828 1829
f 1800 1829 1801
f 1801 1829 1830
f 1801 1830 1802
f 1802 1830 1831
f 1802 1831 1803
f 1803 1831 1832
f 1803 1832 1804
f 1804 1832 1833
f 1804 1833 1805
f 1805 1833 1834
f 1805 1834 1806
f 1806 1834 1835
f 1806 1835 1807
f 1807 1835 1836
f 1807 1836 1808
f 1808 1836 1837
f 1808 1837 1809
f 1809 1837 1838
f 1809 1838 1810
f 1810 1838 1839
f 1810 1839 1811
f 1811 1839 1840
f 1811 1840 1812
f 1812 1840 1841
f 1812 1841 1813
f 1813 1841 1842
f 1813 1842 1814
f 1814 1842 1843
f 1814 1843 1815
f 1815 1843 1844
f 1815 1844 1816
f 1816 1844 1845
f 1816 1845 1817
f 1817 1845 1846
f 1817 1846 1818
f 1818 1846 1847
f 1818 1847 1819
f 1819 1847 1848
f 1819 1848 1820
f 1820 1848 1821
f 1820 1821 1793
f 1821 1849 1850
f 1821 1850 1822
f 1822 1850 1851
f 1822 1851 1823
f 1823 1851 1852
f 1823 1852 1824
f 1824 1852 1853
f 1824 1853 1825
f 1825 1853 1854
f 1825 1854 1826
f 1826 1854 1855
f 1826 1855 1827
f 1827 1855 1856
f 1827 1856 1828
f 1828 1856 1857
f 1828 1857 1829
f 1829 1857 1858
f 1829 1858 1830
f 1830 1858 1859
f 1830 1859 1831
f 1831 1859 1860
f 1831 1860 1832
f 1832 1860 1861
f 1832 1861 1833
f 1833 1861 1862
f 1833 1862 1834
f 1834 1862 1863
f 1834 1863 1835
f 1835 1863 1864
f 1835 1864 1836
f 1836 1864 1865
f 1836 1865 1837
f 1837 1865 1866
f 1837 1866 1838
f 1838 1866 1867
f 1838 1867 1839
f 1839 1867 1868
f 1839 1868 1840
f 1840 1868 1869
f 1840 1869 1841
f 1841 1869 1870
f 1841 1870 1842
f 1842 1870 1871
f 1842 1871 1843
f 1843 1871 1872
f 1843 1872 1844
f 1844 1872 1873
f 1844 1873 1845
f 1845 1873 1874
f 1845 1874 1846
f 1846 1874 1875
f 1846 1875 1847
f 1847 1875 1876
f 1847 1876 1848
f 1848 1876 1849
f 1848 1849 1821
f 1849 1877 1878
f 1849 1878 1850
f 1850 1878 1879
f 1850 1879 1851
f 1851 1879 1880
f 1851 1880 1852
f 1852 1880 1881
f 1852 1881 1853
f 1853 1881 1882
f 1853 1882 1854
f 1854 1882 1883
f 1854 1883 1855
f 1855 1883 1884
f 1855 1884 1856
f 1856 1884 1885
f 1856 1885 1857
f 1857 1885 1886
f 1857 1886 1858
f 1858 1886 1887
f 1858 1887 1859
f 1859 1887 1888
f 1859 1888 1860
f 1860 1888 1889
f 1860 1889 1861
f 1861 1889 1890
f 1861 1890 1862
f 1862 1890 1891
f 1862 1891 1863
f 1863 1891 1892
f 1863 1892 1864
f 1864 1892 1893
f 1864 1893 1865
f 1865 1893 1894
f 1865 1894 1866
f 1866 1894 1895
f 1866 1895 1867
f 1867 1895 1896
f 1867 1896 1868
f 1868 1896 1897
f 1868 1897 1869
f 1869 1897 1898
f 1869 1898 1870
f 1870 1898 1899
f 1870 1899 1871
f 1871 1899 1900
f 1871 1900 1872
f 1872 1900 1901
f 1872 1901 1873
f 1873 1901 1902
f 1873 1902 1874
f 1874 1902 1903
f 1874 1903 1875
f 1875 1903 1904
f 1875 1904 1876
f 1876 1904 1877
f 1876 1877 1849
f 1877 1905 1906
f 1877 1906 1878
f 1878 1906 1907
f 1878 1907 1879
f 1879 1907 1908
f 1879 1908 1880
f 1880 1908 1909
f 1880 1909 1881
f 1881 1909 1910
f 1881 1910 1882
f 1882 1910 1911
f 1882 1911 1883
f 1883 1911 1912
f 1883 1912 1884
f 1884 1912 1913
f 1884 1913 1885
f 1885 1913 1914
f 1885 1914 1886
f 1886 1914 1915
f 1886 1915 1887
f 1887 1915 1916
f 1887 1916 1888
f 1888 1916 1917
f 1888 1917 1889
f 1889 1917 1918
f 1889 1918 1890
f 1890 1918 1919
f 1890 1919 1891
f 1891 1919 1920
f 1891 1920 1892
f 1892 1920 1921
f 1892 1921 1893
f 1893 1921 1922
f 1893 1922 1894
f 1894 1922 1923
f 1894 1923 1895
f 1895 1923 1924
f 1895 1924 1896
f 1896 1924 1925
f 1896 1925 1897
f 1897 1925 1926
f 1897 1926 1898
f 1898 1926 1927
f 1898 1927 1899
f 1899 1927 1928
f 1899 1928 1900
f 1900 1928 1929
f 1900 1929 1901
f 1901 1929 1930
f 1901 1930 1902
f 1902 1930 1931
f 1902 1931 1903
f 1903 1931 1932
f 1903 1932 1904
f 1904 1932 1905
f 1904 1905 1877
f 1905 1933 1934
f 1905 1934 1906
f 1906 1934 1935
f 1906 1935 1907
f 1907 1935 1936
f 1907 1936 1908
f 1908 1936 1937
f 1908 1937 1909
f 1909 1937 1938
f 1909 1938 1910
f 1910 1938 1939
f 1910 1939 1911
f 1911 1939 1940
f 1911 1940 1912
f 1912 1940 1941
f 1912 1941 1913
f 1913 1941 1942
f 1913 1942 1914
f 1914 1942 1943
f 1914 1943 1915
f 1915 1943 1944
f 1915 1944 1916
f 1916 1944 1945
f 1916 1945 1917
f 1917 1945 1946
f 1917 1946 1918
f 1918 1946 1947
f 1918 1947 1919
f 1919 1947 1948
f 1919 1948 1920
f 1920 1948 1949
f 1920 1949 1921
f 1921 1949 1950
f 1921 1950 1922
f 1922 1950 1951
f 1922 1951 1923
f 1923 1951 1952
f 1923 1952 1924
f 1924 1952 1953
f 1924 1953 1925
f 1925 1953 1954
f 1925 1954 1926
f 1926 1954 1955
f 1926 1955 1927
f 1927 1955 1956
f 1927 1956 1928
f 1928 1956 1957
f 1928 1957 1929
f 1929 1957 1958
f 1929 1958 1930
f 1930 1958 1959
f 1930 1959 1931
f 1931 1959 1960
f 1931 1960 1932
f 1932 1960 1933
f 1932 1933 1905
f 1933 1961 1962
f 1933 1962 1934
f 1934 1962 1963
f 1934 1963 1935
f 1935 1963 1964
f 1935 1964 1936
f 1936 1964 1965
f 1936 1965 1937
f 1937 1965 1966
f 1937 1966 1938
f 1938 1966 1967
f 1938 1967 1939
f 1939 1967 1968
f 1939 1968 1940
f 1940 1968 1969
f 1940 1969 1941
f 1941 1969 1970
f 1941 1970 1942
f 1942 1970 1971
f 1942 1971 1943
f 1943 1971 1972
f 1943 1972 1944
f 1944 1972 1973
f 1944 1973 1945
f 1945 1973 1974
f 1945 1974 1946
f 1946 1974 1975
f 1946 1975 1947
f 1947 1975 1976
f 1947 1976 1948
f 1948 1976 1977
f 1948 1977 1949
f 1949 1977 1978
f 1949 1978 1950
f 1950 1978 1979
f 1950 1979 1951
f 1951 1979 1980
f 1951 1980 1952
f 1952 1980 1981
f 1952 1981 1953
f 1953 1981 1982
f 1953 1982 1954
f 1954 1982 1983
f 1954 1983 1955
f 1955 1983 1984
f 1955 1984 1956
f 1956 1984 1985
f 1956 1985 1957
f 1957 1985 1986
f 1957 1986 1958
f 1958 1986 1987
f 1958 1987 1959
f 1959 1987 1988
f 1959 1988 1960
f 1960 1988 1961
f 1960 1961 1933
f 1961 1989 1990
f 1961 1990 1962
f 1962 1990 1991
f 1962 1991 1963
f 1963 1991 1992
f 1963 1992 1964
f 1964 1992 1993
f 1964 1993 1965
f 1965 1993 1994
f 1965 1994 1966
f 1966 1994 1995
f 1966 1995 1967
f 1967 1995 1996
f 1967 1996 1968
f 1968 1996 1997
f 1968 1997 1969
f 1969 1997 1998
f 1969 1998 1970
f 1970 1998 1999
f 1970 1999 1971
f 1971 1999 2000
f 1971 2000 1972
f 1972 2000 2001
f 1972 2001 1973
f 1973 2001 2002
f 1973 2002 1974
f 1974 2002 2003
f 1974 2003 1975
f 1975 2003 2004
f 1975 2004 1976
f 1976 2004 2005
f 1976 2005 1977
f 1977 2005 2006
f 1977 2006 1978
f 1978 2006 2007
f 1978 2007 1979
f 1979 2007 2008
f 1979 2008 1980
f 1980 2008 2009
f 1980 2009 1981
f 1981 2009 2010
f 1981 2010 1982
f 1982 2010 2011
f 1982 2011 1983
f 1983 2011 2012
f 1983 2012 1984
f 1984 2012 2013
f 1984 2013 1985
f 1985 2013 2014
f 1985 2014 1986
f 1986 2014 2015
f 1986 2015 1987
f 1987 2015 2016
f 1987 2016 1988
f 1988 2016 1989
f 1988 1989 1961
f 1989 2017 2018
f 1989 2018 1990
f 1990 2018 2019
f 1990 2019 1991
f 1991 2019 2020
f 1991 2020 1992
f 1992 2020 2021
f 1992 2021 1993
f 1993 2021 2022
f 1993 2022 1994
f 1994 2022 2023
f 1994 2023 1995
f 1995 2023 2024
f 1995 2024 1996
f 1996 2024 2025
f 1996 2025 1997
f 1997 2025 2026
f 1997 2026 1998
f 1998 2026 2027
f 1998 2027 1999
f 1999 2027 2028
f 1999 2028 2000
f 2000 2028 2029
f 2000 2029 2001
f 2001 2029 2030
f 2001 2030 2002
f 2002 2030 2031
f 2002 2031 2003
f 2003 2031 2032
f 2003 2032 2004
f 2004 2032 2033
f 2004 2033 2005
f 2005 2033 2034
f 2005 2034 2006
f 2006 2034 2035
f 2006 2035 2007
f 2007 2035 2036
f 2007 2036 2008
f 2008 2036 2037
f 2008 2037 2009
f 2009 2037 2038
f 2009 2038 2010
f 2010 2038 2039
f 2010 2039 2011
f 2011 2039 2040
f 2011 2040 2012
f 2012 2040 2041
f 2012 2041 2013
f 2013 2041 2042
f 2013 2042 2014
f 2014 2042 2043
f 2014 2043 2015
f 2015 2043 2044
f 2015 2044 2016
f 2016 2044 2017
f 2016 2017 1989
f 2017 2045 2046
f 2017 2046 2018
f 2018 2046 2047
f 2018 2047 2019
f 2019 2047 2048
f 2019 2048 2020
f 2020 2048 2049
f 2020 2049 2021
f 2021 2049 2050
f 2021 2050 2022
f 2022 2050 2051
f 2022 2051 2023
f 2023 2051 2052
f 2023 2052 2024
f 2024 2052 2053
f 2024 2053 2025
f 2025 2053 2054
f 2025 2054 2026
f 2026 2054 2055
f 2026 2055 2027
f 2027 2055 2056
f 2027 2056 2028
f 2028 2056 2057
f 2028 2057 2029
f 2029 2057 2058
f 2029 2058 2030
f 2030 2058 2059
f 2030 2059 2031
f 2031 2059 2060
f 2031 2060 2032
f 2032 2060 2061
f 2032 2061 2033
f 2033 2061 2062
f 2033 2062 2034
f 2034 2062 2063
f 2034 2063 2035
f 2035 2063 2064
f 2035 2064 2036
f 2036 2064 2065
f 2036 2065 2037
f 2037 2065 2066
f 2037 2066 2038
f 2038 2066 2067
f 2038 2067 2039
f 2039 2067 2068
f 2039 2068 2040
f 2040 2068 2069
f 2040 2069 2041
f 2041 2069 2070
f 2041 2070 2042
f 2042 2070 2071
f 2042 2071 2043
f 2043 2071 2072
f 2043 2072 2044
f 2044 2072 2045
f 2044 2045 2017
f 2045 2073 2074
f 2045 2074 2046
f 2046 2074 2075
f 2046 2075 2047
f 2047 2075 2076
f 2047 2076 2048
f 2048 2076 2077
f 2048 2077 2049
f 2049 2077 2078
f 2049 2078 2050
f 2050 2078 2079
f 2050 2079 2051
f 2051 2079 2080
f 2051 2080 2052
f 2052 2080 2081
f 2052 2081 2053
f 2053 2081 2082
f 2053 2082 2054
f 2054 2082 2083
f 2054 2083 2055
f 2055 2083 2084
f 2055 2084 2056
f 2056 2084 2085
f 2056 2085 2057
f 2057 2085 2086
f 2057 2086 2058
f 2058 2086 2087
f 2058 2087 2059
f 2059 2087 2088
f 2059 2088 2060
f 2060 2088 2089
f 2060 2089 2061
f 2061 2089 2090
f 2061 2090 2062
f 2062 2090 2091
f 2062 2091 2063
f 2063 2091 2092
f 2063 2092 2064
f 2064 2092 2093
f 2064 2093 2065
f 2065 2093 2094
f 2065 2094 2066
f 2066 2094 2095
f 2066 2095 2067
f 2067 2095 2096
f 2067 2096 2068
f 2068 2096 2097
f 2068 2097 2069
f 2069 2097 2098
f 2069 2098 2070
f 2070 2098 2099
f 2070 2099 2071
f 2071 2099 2100
f 2071 2100 2072
f 2072 2100 2073
f 2072 2073 2045
f 2073 2101 2102
f 2073 2102 2074
f 2074 2102 2103
f 2074 2103 2075
f 2075 2103 2104
f 2075 2104 2076
f 2076 2104 2105
f 2076 2105 2077
f 2077 2105 2106
f 2077 2106 2078
f 2078 2106 2107
f 2078 2107 2079
f 2079 2107 2108
f 2079 2108 2080
f 2080 2108 2109
f 2080 2109 2081
f 2081 2109 2110
f 2081 2110 2082
f 2082 2110 2111
f 2082 2111 2083
f 2083 2111 2112
f 2083 2112 2084
f 2084 2112 2113
f 2084 2113 2085
f 2085 2113 2114
f 2085 2114 2086
f 2086 2114 2115
f 2086 2115 2087
f 2087 2115 2116
f 2087 2116 2088
f 2088 2116 2117
f 2088 2117 2089
f 2089 2117 2118
f 2089 2118 2090
f 2090 2118 2119
f 2090 2119 2091
f 2091 2119 2120
f 2091 2120 2092
f 2092 2120 2121
f 2092 2121 2093
f 2093 2121 2122
f 2093 2122 2094
f 2094 2122 2123
f 2094 2123 2095
f 2095 2123 2124
f 2095 2124 2096
f 2096 2124 2125
f 2096 2125 2097
f 2097 2125 2126
f 2097 2126 2098
f 2098 2126 2127
f 2098 2127 2099
f 2099 2127 2128
f 2099 2128 2100
f 2100 2128 2101
f 2100 2101 2073
f 2101 2129 2130
f 2101 2130 2102
f 2102 2130 2131
f 2102 2131 2103
f 2103 2131 2132
f 2103 2132 2104
f 2104 2132 2133
f 2104 2133 2105
f 2105 2133 2134
f 2105 2134 2106
f 2106 2134 2135
f 2106 2135 2107
f 2107 2135 2136
f 2107 2136 2108
f 2108 2136 2137
f 2108 2137 2109
f 2109 2137 2138
f 2109 2138 2110
f 2110 2138 2139
f 2110 2139 2111
f 2111 2139 2140
f 2111 2140 2112
f 2112 2140 2141
f 2112 2141 2113
f 2113 2141 2142
f 2113 2142 2114
f 2114 2142 2143
f 2114 2143 2115
f 2115 2143 2144
f 2115 2144 2116
f 2116 2144 2145
f 2116 2145 2117
f 2117 2145 2146
f 2117 2146 2118
f 2118 2146 2147
f 2118 2147 2119
f 2119 2147 2148
f 2119 2148 2120
f 2120 2148 2149
f 2120 2149 2121
f 2121 2149 2150
f 2121 2150 2122
f 2122 2150 2151
f 2122 2151 2123
f 2123 2151 2152
f 2123 2152 2124
f 2124 2152 2153
f 2124 2153 2125
f 2125 2153 2154
f 2125 2154 2126
f 2126 2154 2155
f 2126 2155 2127
f 2127 2155 2156
f 2127 2156 2128
f 2128 2156 2129
f 2128 2129 2101
f 2129 2157 2158
f 2129 2158 2130
f 2130 2158 2159
f 2130 2159 2131
f 2131 2159 2160
f 2131 2160 2132
f 2132 2160 2161
f 2132 2161 2133
f 2133 2161 2162
f 2133 2162 2134
f 2134 2162 2163
f 2134 2163 2135
f 2135 2163 2164
f 2135 2164 2136
f 2136 2164 2165
f 2136 2165 2137
f 2137 2165 2166
f 2137 2166 2138
f 2138 2166 2167
f 2138 2167 2139
f 2139 2167 2168
f 2139 2168 2140
f 2140 2168 2169
f 2140 2169 2141
f 2141 2169 2170
f 2141 2170 2142
f 2142 2170 2171
f 2142 2171 2143
f 2143 2171 2172
f 2143 2172 2144
f 2144 2172 2173
f 2144 2173 2145
f 2145 2173 2174
f 2145 2174 2146
f 2146 2174 2175
f 2146 2175 2147
f 2147 2175 2176
f 2147 2176 2148
f 2148 2176 2177
f 2148 2177 2149
f 2149 2177 2178
f 2149 2178 2150
f 2150 2178 2179
f 2150 2179 2151
f 2151 2179 2180
f 2151 2180 2152
f 2152 2180 2181
f 2152 2181 2153
f 2153 2181 2182
f 2153 2182 2154
f 2154 2182 2183
f 2154 2183 2155
f 2155 2183 2184
f 2155 2184 2156
f 2156 2184 2157
f 2156 2157 2129
f 2157 2185 2186
f 2157 2186 2158
f 2158 2186 2187
f 2158 2187 2159
f 2159 2187 2188
f 2159 2188 2160
f 2160 2188 2189
f 2160 2189 2161
f 2161 2189 2190
f 2161 2190 2162
f 2162 2190 2191
f 2162 2191 2163
f 2163 2191 2192
f 2163 2192 2164
f 2164 2192 2193
f 2164 2193 2165
f 2165 2193 2194
f 2165 2194 2166
f 2166 2194 2195
f 2166 2195 2167
f 2167 2195 2196
f 2167 2196 2168
f 2168 2196 2197
f 2168 2197 2169
f 2169 2197 2198
f 2169 2198 2170
f 2170 2198 2199
f 2170 2199 2171
f 2171 2199 2200
f 2171 2200 2172
f 2172 2200 2201
f 2172 2201 2173
f 2173 2201 2202
f 2173 2202 2174
f 2174 2202 2203
f 2174 2203 2175
f 2175 2203 2204
f 2175 2204 2176
f 2176 2204 2205
f 2176 2205 2177
f 2177 2205 2206
f 2177 2206 2178
f 2178 2206 2207
f 2178 2207 2179
f 2179 2207 2208
f 2179 2208 2180
f 2180 2208 2209
f 2180 2209 2181
f 2181 2209 2210
f 2181 2210 2182
f 2182 2210 2211
f 2182 2211 2183
f 2183 2211 2212
f 2183 2212 2184
f 2184 2212 2185
f 2184 2185 2157
f 2185 2213 2214
f 2185 2214 2186
f 2186 2214 2215
f 2186 2215 2187
f 2187 2215 2216
f 2187 2216 2188
f 2188 2216 2217
f 2188 2217 2189
f 2189 2217 2218
f 2189 2218 2190
f 2190 2218 2219
f 2190 2219 2191
f 2191 2219 2220
f 2191 2220 2192
f 2192 2220 2221
f 2192 2221 2193
f 2193 2221 2222
f 2193 2222 2194
f 2194 2222 2223
f 2194 2223 2195
f 2195 2223 2224
f 2195 2224 2196
f 2196 2224 2225
f 2196 2225 2197
f 2197 2225 2226
f 2197 2226 2198
f 2198 2226 2227
f 2198 2227 2199
f 2199 2227 2228
f 2199 2228 2200
f 2200 2228 2229
f 2200 2229 2201
f 2201 2229 2230
f 2201 2230 2202
f 2202 2230 2231
f 2202 2231 2203
f 2203 2231 2232
f 2203 2232 2204
f 2204 2232 2233
f 2204 2233 2205
f 2205 2233 2234
f 2205 2234 2206
f 2206 2234 2235
f 2206 2235 2207
f 2207 2235 2236
f 2207 2236 2208
f 2208 2236 2237
f 2208 2237 2209
f 2209 2237 2238
f 2209 2238 2210
f 2210 2238 2239
f 2210 2239 2211
f 2211 2239 2240
f 2211 2240 2212
f 2212 2240 2213
f 2212 2213 2185
f 2213 2241 2242
f 2213 2242 2214
f 2214 2242 2243
f 2214 2243 2215
f 2215 2243 2244
f 2215 2244 2216
f 2216 2244 2245
f 2216 2245 2217
f 2217 2245 2246
f 2217 2246 2218
f 2218 2246 2247
f 2218 2247 2219
f 2219 2247 2248
f 2219 2248 2220
f 2220 2248 2249
f 2220 2249 2221
f 2221 2249 2250
f 2221 2250 2222
f 2222 2250 2251
f 2222 2251 2223
f 2223 2251 2252
f 2223 2252 2224
f 2224 2252 2253
f 2224 2253 2225
f 2225 2253 2254
f 2225 2254 2226
f 2226 2254 2255
f 2226 2255 2227
f 2227 2255 2256
f 2227 2256 2228
f 2228 2256 2257
f 2228 2257 2229
f 2229 2257 2258
f 2229 2258 2230
f 2230 2258 2259
f 2230 2259 2231
f 2231 2259 2260
f 2231 2260 2232
f 2232 2260 2261
f 2232 2261 2233
f 2233 2261 2262
f 2233 2262 2234
f 2234 2262 2263
f 2234 2263 2235
f 2235 2263 2264
f 2235 2264 2236
f 2236 2264 2265
f 2236 2265 2237
f 2237 2265 2266
f 2237 2266 2238
f 2238 2266 2267
f 2238 2267 2239
f 2239 2267 2268
f 2239 2268 2240
f 2240 2268 2241
f 2240 2241 2213
f 2241 2269 2270
f 2241 2270 2242
f 2242 2270 2271
f 2242 2271 2243
f 2243 2271 2272
f 2243 2272 2244
f 2244 2272 2273
f 2244 2273 2245
f 2245 2273 2274
f 2245 2274 2246
f 2246 2274 2275
f 2246 2275 2247
f 2247 2275 2276
f 2247 2276 2248
f 2248 2276 2277
f 2248 2277 2249
f 2249 2277 2278
f 2249 2278 2250
f 2250 2278 2279
f 2250 2279 2251
f 2251 2279 2280
f 2251 2280 2252
f 2252 2280 2281
f 2252 2281 2253
f 2253 2281 2282
f 2253 2282 2254
f 2254 2282 2283
f 2254 2283 2255
f 2255 2283 2284
f 2255 2284 2256
f 2256 2284 2285
f 2256 2285 2257
f 2257 2285 2286
f 2257 2286 2258
f 2258 2286 2287
f 2258 2287 2259
f 2259 2287 2288
f 2259 2288 2260
f 2260 2288 2289
f 2260 2289 2261
f 2261 2289 2290
f 2261 2290 2262
f 2262 2290 2291
f 2262 2291 2263
f 2263 2291 2292
f 2263 2292 2264
f 2264 2292 2293
f 2264 2293 2265
f 2265 2293 2294
f 2265 2294 2266
f 2266 2294 2295
f 2266 2295 2267
f 2267 2295 2296
f 2267 2296 2268
f 2268 2296 2269
f 2268 2269 2241
f 2269 2297 2298
f 2269 2298 2270
f 2270 2298 2299
f 2270 2299 2271
f 2271 2299 2300
f 2271 2300 2272
f 2272 2300 2301
f 2272 2301 2273
f 2273 2301 2302
f 2273 2302 2274
f 2274 2302 2303
f 2274 2303 2275
f 2275 2303 2304
f 2275 2304 2276
f 2276 2304 2305
f 2276 2305 2277
f 2277 2305 2306
f 2277 2306 2278
f 2278 2306 2307
f 2278 2307 2279
f 2279 2307 2308
f 2279 2308 2280
f 2280 2308 2309
f 2280 2309 2281
f 2281 2309 2310
f 2281 2310 2282
f 2282 2310 2311
f 2282 2311 2283
f 2283 2311 2312
f 2283 2312 2284
f 2284 2312 2313
f 2284 2313 2285
f 2285 2313 2314
f 2285 2314 2286
f 2286 2314 2315
f 2286 2315 2287
f 2287 2315 2316
f 2287 2316 2288
f 2288 2316 2317
f 2288 2317 2289
f 2289 2317 2318
f 2289 2318 2290
f 2290 2318 2319
f 2290 2319 2291
f 2291 2319 2320
f 2291 2320 2292
f 2292 2320 2321
f 2292 2321 2293
f 2293 2321 2322
f 2293 2322 2294
f 2294 2322 2323
f 2294 2323 2295
f 2295 2323 2324
f 2295 2324 2296
f 2296 2324 2297
f 2296 2297 2269
f 2297 2325 2326
f 2297 2326 2298
f 2298 2326 2327
f 2298 2327 2299
f 2299 2327 2328
f 2299 2328 2300
f 2300 2328 2329
f 2300 2329 2301
f 2301 2329 2330
f 2301 2330 2302
f 2302 2330 2331
f 2302 2331 2303
f 2303 2331 2332
f 2303 2332 2304
f 2304 2332 2333
f 2304 2333 2305
f 2305 2333 2334
f 2305 2334 2306
f 2306 2334 2335
f 2306 2335 2307
f 2307 2335 2336
f 2307 2336 2308
f 2308 2336 2337
f 2308 2337 2309
f 2309 2337 2338
f 2309 2338 2310
f 2310 2338 2339
f 2310 2339 2311
f 2311 2339 2340
f 2311 2340 2312
f 2312 2340 2341
f 2312 2341 2313
f 2313 2341 2342
f 2313 2342 2314
f 2314 2342 2343
f 2314 2343 2315
f 2315 2343 2344
f 2315 2344 2316
f 2316 2344 2345
f 2316 2345 2317
f 2317 2345 2346
f 2317 2346 2318
f 2318 2346 2347
f 2318 2347 2319
f 2319 2347 2348
f 2319 2348 2320
f 2320 2348 2349
f 2320 2349 2321
f 2321 2349 2350
f 2321 2350 2322
f 2322 2350 2351
f 2322 2351 2323
f 2323 2351 2352
f 2323 2352 2324
f 2324 2352 2325
f 2324 2325 2297
f 2325 2353 2354
f 2325 2354 2326
f 2326 2354 2355
f 2326 2355 2327
f 2327 2355 2356
f 2327 2356 2328
f 2328 2356 2357
f 2328 2357 2329
f 2329 2357 2358
f 2329 2358 2330
f 2330 2358 2359
f 2330 2359 2331
f 2331 2359 2360
f 2331 2360 2332
f 2332 2360 2361
f 2332 2361 2333
f 2333 2361 2362
f 2333 2362 2334
f 2334 2362 2363
f 2334 2363 2335
f 2335 2363 2364
f 2335 2364 2336
f 2336 2364 2365
f 2336 2365 2337
f 2337 2365 2366
f 2337 2366 2338
f 2338 2366 2367
f 2338 2367 2339
f 2339 2367 2368
f 2339 2368 2340
f 2340 2368 2369
f 2340 2369 2341
f 2341 2369 2370
f 2341 2370 2342
f 2342 2370 2371
f 2342 2371 2343
f 2343 2371 2372
f 2343 2372 2344
f 2344 2372 2373
f 2344 2373 2345
f 2345 2373 2374
f 2345 2374 2346
f 2346 2374 2375
f 2346 2375 2347
f 2347 2375 2376
f 2347 2376 2348
f 2348 2376 2377
f 2348 2377 2349
f 2349 2377 2378
f 2349 2378 2350
f 2350 2378 2379
f 2350 2379 2351
f 2351 2379 2380
f 2351 2380 2352
f 2352 2380 2353
f 2352 2353 2325
f 2353 2381 2382
f 2353 2382 2354
f 2354 2382 2383
f 2354 2383 2355
f 2355 2383 2384
f 2355 2384 2356
f 2356 2384 2385
f 2356 2385 2357
f 2357 2385 2386
f 2357 2386 2358
f 2358 2386 2387
f 2358 2387 2359
f 2359 2387 2388
f 2359 2388 2360
f 2360 2388 2389
f 2360 2389 2361
f 2361 2389 2390
f 2361 2390 2362
f 2362 2390 2391
f 2362 2391 2363
f 2363 2391 2392
f 2363 2392 2364
f 2364 2392 2393
f 2364 2393 2365
f 2365 2393 2394
f 2365 2394 2366
f 2366 2394 2395
f 2366 2395 2367
f 2367 2395 2396
f 2367 2396 2368
f 2368 2396 2397
f 2368 2397 2369
f 2369 2397 2398
f 2369 2398 2370
f 2370 2398 2399
f 2370 2399 2371
f 2371 2399 2400
f 2371 2400 2372
f 2372 2400 2401
f 2372 2401 2373
f 2373 2401 2402
f 2373 2402 2374
f 2374 2402 2403
f 2374 2403 2375
f 2375 2403 2404
f 2375 2404 2376
f 2376 2404 2405
f 2376 2405 2377
f 2377 2405 2406
f 2377 2406 2378
f 2378 2406 2407
f 2378 2407 2379
f 2379 2407 2408
f 2379 2408 2380
f 2380 2408 2381
f 2380 2381 2353
f 2381 2409 2410
f 2381 2410 2382
f 2382 2410 2411
f 2382 2411 2383
f 2383 2411 2412
f 2383 2412 2384
f 2384 2412 2413
f 2384 2413 2385
f 2385 2413 2414
f 2385 2414 2386
f 2386 2414 2415
f 2386 2415 2387
f 2387 2415 2416
f 2387 2416 2388
f 2388 2416 2417
f 2388 2417 2389
f 2389 2417 2418
f 2389 2418 2390
f 2390 2418 2419
f 2390 2419 2391
f 2391 2419 2420
f 2391 2420 2392
f 2392 2420 2421
f 2392 2421 2393
f 2393 2421 2422
f 2393 2422 2394
f 2394 2422 2423
f 2394 2423 2395
f 2395 2423 2424
f 2395 2424 2396
f 2396 2424 2425
f 2396 2425 2397
f 2397 2425 2426
f 2397 2426 2398
f 2398 2426 2427
f 2398 2427 2399
f 2399 2427 2428
f 2399 2428 2400
f 2400 2428 2429
f 2400 2429 2401
f 2401 2429 2430
f 2401 2430 2402
f 2402 2430 2431
f 2402 2431 2403
f 2403 2431 2432
f 2403 2432 2404
f 2404 2432 2433
f 2404 2433 2405
f 2405 2433 2434
f 2405 2434 2406
f 2406 2434 2435
f 2406 2435 2407
f 2407 2435 2436
f 2407 2436 2408
f 2408 2436 2409
f 2408 2409 2381
f 2409 2437 2438
f 2409 2438 2410
f 2410 2438 2439
f 2410 2439 2411
f 2411 2439 2440
f 2411 2440 2412
f 2412 2440 2441
f 2412 2441 2413
f 2413 2441 2442
f 2413 2442 2414
f 2414 2442 2443
f 2414 2443 2415
f 2415 2443 2444
f 2415 2444 2416
f 2416 2444 2445
f 2416 2445 2417
f 2417 2445 2446
f 2417 2446 2418
f 2418 2446 2447
f 2418 2447 2419
f 2419 2447 2448
f 2419 2448 2420
f 2420 2448 2449
f 2420 2449 2421
f 2421 2449 2450
f 2421 2450 2422
f 2422 2450 2451
f 2422 2451 2423
f 2423 2451 2452
f 2423 2452 2424
f 2424 2452 2453
f 2424 2453 2425
f 2425 2453 2454
f 2425 2454 2426
f 2426 2454 2455
f 2426 2455 2427
f 2427 2455 2456
f 2427 2456 2428
f 2428 2456 2457
f 2428 2457 2429
f 2429 2457 2458
f 2429 2458 2430
f 2430 2458 2459
f 2430 2459 2431
f 2431 2459 2460
f 2431 2460 2432
f 2432 2460 2461
f 2432 2461 2433
f 2433 2461 2462
f 2433 2462 2434
f 2434 2462 2463
f 2434 2463 2435
f 2435 2463 2464
f 2435 2464 2436
f 2436 2464 2437
f 2436 2437 2409
f 2437 2465 2466
f 2437 2466 2438
f 2438 2466 2467
f 2438 2467 2439
f 2439 2467 2468
f 2439 2468 2440
f 2440 2468 2469
f 2440 2469 2441
f 2441 2469 2470
f 2441 2470 2442
f 2442 2470 2471
f 2442 2471 2443
f 2443 2471 2472
f 2443 2472 2444
f 2444 2472 2473
f 2444 2473 2445
f 2445 2473 2474
f 2445 2474 2446
f 2446 2474 2475
f 2446 2475 2447
f 2447 2475 2476
f 2447 2476 2448
f 2448 2476 2477
f 2448 2477 2449
f 2449 2477 2478
f 2449 2478 2450
f 2450 2478 2479
f 2450 2479 2451
f 2451 2479 2480
f 2451 2480 2452
f 2452 2480 2481
f 2452 2481 2453
f 2453 2481 2482
f 2453 2482 2454
f 2454 2482 2483
f 2454 2483 2455
f 2455 2483 2484
f 2455 2484 2456
f 2456 2484 2485
f 2456 2485 2457
f 2457 2485 2486
f 2457 2486 2458
f 2458 2486 2487
f 2458 2487 2459
f 2459 2487 2488
f 2459 2488 2460
f 2460 2488 2489
f 2460 2489 2461
f 2461 2489 2490
f 2461 2490 2462
f 2462 2490 2491
f 2462 2491 2463
f 2463 2491 2492
f 2463 2492 2464
f 2464 2492 2465
f 2464 2465 2437
f 2465 2493 2494
f 2465 2494 2466
f 2466 2494 2495
f 2466 2495 2467
f 2467 2495 2496
f 2467 2496 2468
f 2468 2496 2497
f 2468 2497 2469
f 2469 2497 2498
f 2469 2498 2470
f 2470 2498 2499
f 2470 2499 2471
f 2471 2499 2500
f 2471 2500 2472
f 2472 2500 2501
f 2472 2501 2473
f 2473 2501 2502
f 2473 2502 2474
f 2474 2502 2503
f 2474 2503 2475
f 2475 2503 2504
f 2475 2504 2476
f 2476 2504 2505
f 2476 2505 2477
f 2477 2505 2506
f 2477 2506 2478
f 2478 2506 2507
f 2478 2507 2479
f 2479 2507 2508
f 2479 2508 2480
f 2480 2508 2509
f 2480 2509 2481
f 2481 2509 2510
f 2481 2510 2482
f 2482 2510 2511
f 2482 2511 2483
f 2483 2511 2512
f 2483 2512 2484
f 2484 2512 2513
f 2484 2513 2485
f 2485 2513 2514
f 2485 2514 2486
f 2486 2514 2515
f 2486 2515 2487
f 2487 2515 2516
f 2487 2516 2488
f 2488 2516 2517
f 2488 2517 2489
f 2489 2517 2518
f 2489 2518 2490
f 2490 2518 2519
f 2490 2519 2491
f 2491 2519 2520
f 2491 2520 2492
f 2492 2520 2493
f 2492 2493 2465
f 2493 2521 2522
f 2493 2522 2494
f 2494 2522 2523
f 2494 2523 2495
f 2495 2523 2524
f 2495 2524 2496
f 2496 2524 2525
f 2496 2525 2497
f 2497 2525 2526
f 2497 2526 2498
f 2498 2526 2527
f 2498 2527 2499
f 2499 2527 2528
f 2499 2528 2500
f 2500 2528 2529
f 2500 2529 2501
f 2501 2529 2530
f 2501 2530 2502
f 2502 2530 2531
f 2502 2531 2503
f 2503 2531 2532
f 2503 2532 2504
f 2504 2532 2533
f 2504 2533 2505
f 2505 2533 2534
f 2505 2534 2506
f 2506 2534 2535
f 2506 2535 2507
f 2507 2535 2536
f 2507 2536 2508
f 2508 2536 2537
f 2508 2537 2509
f 2509 2537 2538
f 2509 2538 2510
f 2510 2538 2539
f 2510 2539 2511
f 2511 2539 2540
f 2511 2540 2512
f 2512 2540 2541
f 2512 2541 2513
f 2513 2541 2542
f 2513 2542 2514
f 2514 2542 2543
f 2514 2543 2515
f 2515 2543 2544
f 2515 2544 2516
f 2516 2544 2545
f 2516 2545 2517
f 2517 2545 2546
f 2517 2546 2518
f 2518 2546 2547
f 2518 2547 2519
f 2519 2547 2548
f 2519 2548 2520
f 2520 2548 2521
f 2520 2521 2493
f 2521 2549 2550
f 2521 2550 2522
f 2522 2550 2551
f 2522 2551 2523
f 2523 2551 2552
f 2523 2552 2524
f 2524 2552 2553
f 2524 2553 2525
f 2525 2553 2554
f 2525 2554 2526
f 2526 2554 2555
f 2526 2555 2527
f 2527 2555 2556
f 2527 2556 2528
f 2528 2556 2557
f 2528 2557 2529
f 2529 2557 2558
f 2529 2558 2530
f 2530 2558 2559
f 2530 2559 2531
f 2531 2559 2560
f 2531 2560 2532
f 2532 2560 2561
f 2532 2561 2533
f 2533 2561 2562
f 2533 2562 2534
f 2534 2562 2563
f 2534 2563 2535
f 2535 2563 2564
f 2535 2564 2536
f 2536 2564 2565
f 2536 2565 2537
f 2537 2565 2566
f 2537 2566 2538
f 2538 2566 2567
f 2538 2567 2539
f 2539 2567 2568
f 2539 2568 2540
f 2540 2568 2569
f 2540 2569 2541
f 2541 2569 2570
f 2541 2570 2542
f 2542 2570 2571
f 2542 2571 2543
f 2543 2571 2572
f 2543 2572 2544
f 2544 2572 2573
f 2544 2573 2545
f 2545 2573 2574
f 2545 2574 2546
f 2546 2574 2575
f 2546 2575 2547
f 2547 2575 2576
f 2547 2576 2548
f 2548 2576 2549
f 2548 2549 2521
f 2549 2577 2578
f 2549 2578 2550
f 2550 2578 2579
f 2550 2579 2551
f 2551 2579 2580
f 2551 2580 2552
f 2552 2580 2581
f 2552 2581 2553
f 2553 2581 2582
f 2553 2582 2554
f 2554 2582 2583
f 2554 2583 2555
f 2555 2583 2584
f 2555 2584 2556
f 2556 2584 2585
f 2556 2585 2557
f 2557 2585 2586
f 2557 2586 2558
f 2558 2586 2587
f 2558 2587 2559
f 2559 2587 2588
f 2559 2588 2560
f 2560 2588 2589
f 2560 2589 2561
f 2561 2589 2590
f 2561 2590 2562
f 2562 2590 2591
f 2562 2591 2563
f 2563 2591 2592
f 2563 2592 2564
f 2564 2592 2593
f 2564 2593 2565
f 2565 2593 2594
f 2565 2594 2566
f 2566 2594 2595
f 2566 2595 2567
f 2567 2595 2596
f 2567 2596 2568
f 2568 2596 2597
f 2568 2597 2569
f 2569 2597 2598
f 2569 2598 2570
f 2570 2598 2599
f 2570 2599 2571
f 2571 2599 2600
f 2571 2600 2572
f 2572 2600 2601
f 2572 2601 2573
f 2573 2601 2602
f 2573 2602 2574
f 2574 2602 2603
f 2574 2603 2575
f 2575 2603 2604
f 2575 2604 2576
f 2576 2604 2577
f 2576 2577 2549
f 2577 2605 2606
f 2577 2606 2578
f 2578 2606 2607
f 2578 2607 2579
f 2579 2607 2608
f 2579 2608 2580
f 2580 2608 2609
f 2580 2609 2581
f 2581 2609 2610
f 2581 2610 2582
f 2582 2610 2611
f 2582 2611 2583
f 2583 2611 2612
f 2583 2612 2584
f 2584 2612 2613
f 2584 2613 2585
f 2585 2613 2614
f 2585 2614 2586
f 2586 2614 2615
f 2586 2615 2587
f 2587 2615 2616
f 2587 2616 2588
f 2588 2616 2617
f 2588 2617 2589
f 2589 2617 2618
f 2589 2618 2590
f 2590 2618 2619
f 2590 2619 2591
f 2591 2619 2620
f 2591 2620 2592
f 2592 2620 2621
f 2592 2621 2593
f 2593 2621 2622
f 2593 2622 2594
f 2594 2622 2623
f 2594 2623 2595
f 2595 2623 2624
f 2595 2624 2596
f 2596 2624 2625
f 2596 2625 2597
f 2597 2625 2626
f 2597 2626 2598
f 2598 2626 2627
f 2598 2627 2599
f 2599 2627 2628
f 2599 2628 2600
f 2600 2628 2629
f 2600 2629 2601
f 2601 2629 2630
f 2601 2630 2602
f 2602 2630 2631
f 2602 2631 2603
f 2603 2631 2632
f 2603 2632 2604
f 2604 2632 2605
f 2604 2605 2577
f 2605 2633 2634
f 2605 2634 2606
f 2606 2634 2635
f 2606 2635 2607
f 2607 2635 2636
f 2607 2636 2608
f 2608 2636 2637
f 2608 2637 2609
f 2609 2637 2638
f 2609 2638 2610
f 2610 2638 2639
f 2610 2639 2611
f 2611 2639 2640
f 2611 2640 2612
f 2612 2640 2641
f 2612 2641 2613
f 2613 2641 2642
f 2613 2642 2614
f 2614 2642 2643
f 2614 2643 2615
f 2615 2643 2644
f 2615 2644 2616
f 2616 2644 2645
f 2616 2645 2617
f 2617 2645 2646
f 2617 2646 2618
f 2618 2646 2647
f 2618 2647 2619
f 2619 2647 2648
f 2619 2648 2620
f 2620 2648 2649
f 2620 2649 2621
f 2621 2649 2650
f 2621 2650 2622
f 2622 2650 2651
f 2622 2651 2623
f 2623 2651 2652
f 2623 2652 2624
f 2624 2652 2653
f 2624 2653 2625
f 2625 2653 2654
f 2625 2654 2626
f 2626 2654 2655
f 2626 2655 2627
f 2627 2655 2656
f 2627 2656 2628
f 2628 2656 2657
f 2628 2657 2629
f 2629 2657 2658
f 2629 2658 2630
f 2630 2658 2659
f 2630 2659 2631
f 2631 2659 2660
f 2631 2660 2632
f 2632 2660 2633
f 2632 2633 2605
f 2633 2661 2662
f 2633 2662 2634
f 2634 2662 2663
f 2634 2663 2635
f 2635 2663 2664
f 2635 2664 2636
f 2636 2664 2665
f 2636 2665 2637
f 2637 2665 2666
f 2637 2666 2638
f 2638 2666 2667
f 2638 2667 2639
f 2639 2667 2668
f 2639 2668 2640
f 2640 2668 2669
f 2640 2669 2641
f 2641 2669 2670
f 2641 2670 2642
f 2642 2670 2671
f 2642 2671 2643
f 2643 2671 2672
f 2643 2672 2644
f 2644 2672 2673
f 2644 2673 2645
f 2645 2673 2674
f 2645 2674 2646
f 2646 2674 2675
f 2646 2675 2647
f 2647 2675 2676
f 2647 2676 2648
f 2648 2676 2677
f 2648 2677 2649
f 2649 2677 2678
f 2649 2678 2650
f 2650 2678 2679
f 2650 2679 2651
f 2651 2679 2680
f 2651 2680 2652
f 2652 2680 2681
f 2652 2681 2653
f 2653 2681 2682
f 2653 2682 2654
f 2654 2682 2683
f 2654 2683 2655
f 2655 2683 2684
f 2655 2684 2656
f 2656 2684 2685
f 2656 2685 2657
f 2657 2685 2686
f 2657 2686 2658
f 2658 2686 2687
f 2658 2687 2659
f 2659 2687 2688
f 2659 2688 2660
f 2660 2688 2661
f 2660 2661 2633
f 2661 2689 2690
f 2661 2690 2662
f 2662 2690 2691
f 2662 2691 2663
f 2663 2691 2692
f 2663 2692 2664
f 2664 2692 2693
f 2664 2693 2665
f 2665 2693 2694
f 2665 2694 2666
f 2666 2694 2695
f 2666 2695 2667
f 2667 2695 2696
f 2667 2696 2668
f 2668 2696 2697
f 2668 2697 2669
f 2669 2697 2698
f 2669 2698 2670
f 2670 2698 2699
f 2670 2699 2671
f 2671 2699 2700
f 2671 2700 2672
f 2672 2700 2701
f 2672 2701 2673
f 2673 2701 2702
f 2673 2702 2674
f 2674 2702 2703
f 2674 2703 2675
f 2675 2703 2704
f 2675 2704 2676
f 2676 2704 2705
f 2676 2705 2677
f 2677 2705 2706
f 2677 2706 2678
f 2678 2706 2707
f 2678 2707 2679
f 2679 2707 2708
f 2679 2708 2680
f 2680 2708 2709
f 2680 2709 2681
f 2681 2709 2710
f 2681 2710 2682
f 2682 2710 2711
f 2682 2711 2683
f 2683 2711 2712
f 2683 2712 2684
f 2684 2712 2713
f 2684 2713 2685
f 2685 2713 2714
f 2685 2714 2686
f 2686 2714 2715
f 2686 2715 2687
f 2687 2715 2716
f 2687 2716 2688
f 2688 2716 2689
f 2688 2689 2661
f 2689 2717 2718
f 2689 2718 2690
f 2690 2718 2719
f 2690 2719 2691
f 2691 2719 2720
f 2691 2720 2692
f 2692 2720 2721
f 2692 2721 2693
f 2693 2721 2722
f 2693 2722 2694
f 2694 2722 2723
f 2694 2723 2695
f 2695 2723 2724
f 2695 2724 2696
f 2696 2724 2725
f 2696 2725 2697
f 2697 2725 2726
f 2697 2726 2698
f 2698 2726 2727
f 2698 2727 2699
f 2699 2727 2728
f 2699 2728 2700
f 2700 2728 2729
f 2700 2729 2701
f 2701 2729 2730
f 2701 2730 2702
f 2702 2730 2731
f 2702 2731 2703
f 2703 2731 2732
f 2703 2732 2704
f 2704 2732 2733
f 2704 2733 2705
f 2705 2733 2734
f 2705 2734 2706
f 2706 2734 2735
f 2706 2735 2707
f 2707 2735 2736
f 2707 2736 2708
f 2708 2736 2737
f 2708 2737 2709
f 2709 2737 2738
f 2709 2738 2710
f 2710 2738 2739
f 2710 2739 2711
f 2711 2739 2740
f 2711 2740 2712
f 2712 2740 2741
f 2712 2741 2713
f 2713 2741 2742
f 2713 2742 2714
f 2714 2742 2743
f 2714 2743 2715
f 2715 2743 2744
f 2715 2744 2716
f 2716 2744 2717
f 2716 2717 2689
f 2745 2 1
f 2745 3 2
f 2745 4 3
f 2745 5 4
f 2745 6 5
f 2745 7 6
f 2745 8 7
f 2745 9 8
f 2745 10 9
f 2745 11 10
f 2745 12 11
f 2745 13 12
f 2745 14 13
f 2745 15 14
f 2745 16 15
f 2745 17 16
f 2745 18 17
f 2745 19 18
f 2745 20 19
f 2745 21 20
f 2745 22 21
f 2745 23 22
f 2745 24 23
f 2745 25 24
f 2745 26 25
f 2745 27 26
f 2745 28 27
f 2745 1 28
f 2746 2717 2718
f 2746 2718 2719
f 2746 2719 2720
f 2746 2720 2721
f 2746 2721 2722
f 2746 2722 2723
f 2746 2723 2724
f 2746 2724 2725
f 2746 2725 2726
f 2746 2726 2727
f 2746 2727 2728
f 2746 2728 2729
f 2746 2729 2730
f 2746 2730 2731
f 2746 2731 2732
f 2746 2732 2733
f 2746 2733 2734
f 2746 2734 2735
f 2746 2735 2736
f 2746 2736 2737
f 2746 2737 2738
f 2746 2738 2739
f 2746 2739 2740
f 2746 2740 2741
f 2746 2741 2742
f 2746 2742 2743
f 2746 2743 2744
f 2746 2744 2717
o pata_izq
f 2747 2775 2776
f 2747 2776 2748
f 2748 2776 2777
f 2748 2777 2749
f 2749 2777 2778
f 2749 2778 2750
f 2750 2778 2779
f 2750 2779 2751
f 2751 2779 2780
f 2751 2780 2752
f 2752 2780 2781
f 2752 2781 2753
f 2753 2781 2782
f 2753 2782 2754
f 2754 2782 2783
f 2754 2783 2755
f 2755 2783 2784
f 2755 2784 2756
f 2756 2784 2785
f 2756 2785 2757
f 2757 2785 2786
f 2757 2786 2758
f 2758 2786 2787
f 2758 2787 2759
f 2759 2787 2788
f 2759 2788 2760
f 2760 2788 2789
f 2760 2789 2761
f 2761 2789 2790
f 2761 2790 2762
f 2762 2790 2791
f 2762 2791 2763
f 2763 2791 2792
f 2763 2792 2764
f 2764 2792 2793
f 2764 2793 2765
f 2765 2793 2794
f 2765 2794 2766
f 2766 2794 2795
f 2766 2795 2767
f 2767 2795 2796
f 2767 2796 2768
f 2768 2796 2797
f 2768 2797 2769
f 2769 2797 2798
f 2769 2798 2770
f 2770 2798 2799
f 2770 2799 2771
f 2771 2799 2800
f 2771 2800 2772
f 2772 2800 2801
f 2772 2801 2773
f 2773 2801 2802
f 2773 2802 2774
f 2774 2802 2775
f 2774 2775 2747
f 2775 2803 2804
f 2775 2804 2776
f 2776 2804 2805
f 2776 2805 2777
f 2777 2805 2806
f 2777 2806 2778
f 2778 2806 2807
f 2778 2807 2779
f 2779 2807 2808
f 2779 2808 2780
f 2780 2808 2809
f 2780 2809 2781
f 2781 2809 2810
f 2781 2810 2782
f 2782 2810 2811
f 2782 2811 2783
f 2783 2811 2812
f 2783 2812 2784
f 2784 2812 2813
f 2784 2813 2785
f 2785 2813 2814
f 2785 2814 2786
f 2786 2814 2815
f 2786 2815 2787
f 2787 2815 2816
f 2787 2816 2788
f 2788 2816 2817
f 2788 2817 2789
f 2789 2817 2818
f 2789 2818 2790
f 2790 2818 2819
f 2790 2819 2791
f 2791 2819 2820
f 2791 2820 2792
f 2792 2820 2821
f 2792 2821 2793
f 2793 2821 2822
f 2793 2822 2794
f 2794 2822 2823
f 2794 2823 2795
f 2795 2823 2824
f 2795 2824 2796
f 2796 2824 2825
f 2796 2825 2797
f 2797 2825 2826
f 2797 2826 2798
f 2798 2826 2827
f 2798 2827 2799
f 2799 2827 2828
f 2799 2828 2800
f 2800 2828 2829
f 2800 2829 2801
f 2801 2829 2830
f 2801 2830 2802
f 2802 2830 2803
f 2802 2803 2775
f 2803 2831 2832
f 2803 2832 2804
f 2804 2832 2833
f 2804 2833 2805
f 2805 2833 2834
f 2805 2834 2806
f 2806 2834 2835
f 2806 2835 2807
f 2807 2835 2836
f 2807 2836 2808
f 2808 2836 2837
f 2808 2837 2809
f 2809 2837 2838
f 2809 2838 2810
f 2810 2838 2839
f 2810 2839 2811
f 2811 2839 2840
f 2811 2840 2812
f 2812 2840 2841
f 2812 2841 2813
f 2813 2841 2842
f 2813 2842 2814
f 2814 2842 2843
f 2814 2843 2815
f 2815 2843 2844
f 2815 2844 2816
f 2816 2844 2845
f 2816 2845 2817
f 2817 2845 2846
f 2817 2846 2818
f 2818 2846 2847
f 2818 2847 2819
f 2819 2847 2848
f 2819 2848 2820
f 2820 2848 2849
f 2820 2849 2821
f 2821 2849 2850
f 2821 2850 2822
f 2822 2850 2851
f 2822 2851 2823
f 2823 2851 2852
f 2823 2852 2824
f 2824 2852 2853
f 2824 2853 2825
f 2825 2853 2854
f 2825 2854 2826
f 2826 2854 2855
f 2826 2855 2827
f 2827 2855 2856
f 2827 2856 2828
f 2828 2856 2857
f 2828 2857 2829
f 2829 2857 2858
f 2829 2858 2830
f 2830 2858 2831
f 2830 2831 2803
f 2831 2859 2860
f 2831 2860 2832
f 2832 2860 2861
f 2832 2861 2833
f 2833 2861 2862
f 2833 2862 2834
f 2834 2862 2863
f 2834 2863 2835
f 2835 2863 2864
f 2835 2864 2836
f 2836 2864 2865
f 2836 2865 2837
f 2837 2865 2866
f 2837 2866 2838
f 2838 2866 2867
f 2838 2867 2839
f 2839 2867 2868
f 2839 2868 2840
f 2840 2868 2869
f 2840 2869 2841
f 2841 2869 2870
f 2841 2870 2842
f 2842 2870 2871
f 2842 2871 2843
f 2843 2871 2872
f 2843 2872 2844
f 2844 2872 2873
f 2844 2873 2845
f 2845 2873 2874
f 2845 2874 2846
f 2846 2874 2875
f 2846 2875 2847
f 2847 2875 2876
f 2847 2876 2848
f 2848 2876 2877
f 2848 2877 2849
f 2849 2877 2878
f 2849 2878 2850
f 2850 2878 2879
f 2850 2879 2851
f 2851 2879 2880
f 2851 2880 2852
f 2852 2880 2881
f 2852 2881 2853
f 2853 2881 2882
f 2853 2882 2854
f 2854 2882 2883
f 2854 2883 2855
f 2855 2883 2884
f 2855 2884 2856
f 2856 2884 2885
f 2856 2885 2857
f 2857 2885 2886
f 2857 2886 2858
f 2858 2886 2859
f 2858 2859 2831
f 2859 2887 2888
f 2859 2888 2860
f 2860 2888 2889
f 2860 2889 2861
f 2861 2889 2890
f 2861 2890 2862
f 2862 2890 2891
f 2862 2891 2863
f 2863 2891 2892
f 2863 2892 2864
f 2864 2892 2893
f 2864 2893 2865
f 2865 2893 2894
f 2865 2894 2866
f 2866 2894 2895
f 2866 2895 2867
f 2867 2895 2896
f 2867 2896 2868
f 2868 2896 2897
f 2868 2897 2869
f 2869 2897 2898
f 2869 2898 2870
f 2870 2898 2899
f 2870 2899 2871
f 2871 2899 2900
f 2871 2900 2872
f 2872 2900 2901
f 2872 2901 2873
f 2873 2901 2902
f 2873 2902 2874
f 2874 2902 2903
f 2874 2903 2875
f 2875 2903 2904
f 2875 2904 2876
f 2876 2904 2905
f 2876 2905 2877
f 2877 2905 2906
f 2877 2906 2878
f 2878 2906 2907
f 2878 2907 2879
f 2879 2907 2908
f 2879 2908 2880
f 2880 2908 2909
f 2880 2909 2881
f 2881 2909 2910
f 2881 2910 2882
f 2882 2910 2911
f 2882 2911 2883
f 2883 2911 2912
f 2883 2912 2884
f 2884 2912 2913
f 2884 2913 2885
f 2885 2913 2914
f 2885 2914 2886
f 2886 2914 2887
f 2886 2887 2859
f 2887 2915 2916
f 2887 2916 2888
f 2888 2916 2917
f 2888 2917 2889
f 2889 2917 2918
f 2889 2918 2890
f 2890 2918 2919
f 2890 2919 2891
f 2891 2919 2920
f 2891 2920 2892
f 2892 2920 2921
f 2892 2921 2893
f 2893 2921 2922
f 2893 2922 2894
f 2894 2922 2923
f 2894 2923 2895
f 2895 2923 2924
f 2895 2924 2896
f 2896 2924 2925
f 2896 2925 2897
f 2897 2925 2926
f 2897 2926 2898
f 2898 2926 2927
f 2898 2927 2899
f 2899 2927 2928
f 2899 2928 2900
f 2900 2928 2929
f 2900 2929 2901
f 2901 2929 2930
f 2901 2930 2902
f 2902 2930 2931
f 2902 2931 2903
f 2903 2931 2932
f 2903 2932 2904
f 2904 2932 2933
f 2904 2933 2905
f 2905 2933 2934
f 2905 2934 2906
f 2906 2934 2935
f 2906 2935 2907
f 2907 2935 2936
f 2907 2936 2908
f 2908 2936 2937
f 2908 2937 2909
f 2909 2937 2938
f 2909 2938 2910
f 2910 2938 2939
f 2910 2939 2911
f 2911 2939 2940
f 2911 2940 2912
f 2912 2940 2941
f 2912 2941 2913
f 2913 2941 2942
f 2913 2942 2914
f 2914 2942 2915
f 2914 2915 2887
f 2915 2943 2944
f 2915 2944 2916
f 2916 2944 2945
f 2916 2945 2917
f 2917 2945 2946
f 2917 2946 2918
f 2918 2946 2947
f 2918 2947 2919
f 2919 2947 2948
f 2919 2948 2920
f 2920 2948 2949
f 2920 2949 2921
f 2921 2949 2950
f 2921 2950 2922
f 2922 2950 2951
f 2922 2951 2923
f 2923 2951 2952
f 2923 2952 2924
f 2924 2952 2953
f 2924 2953 2925
f 2925 2953 2954
f 2925 2954 2926
f 2926 2954 2955
f 2926 2955 2927
f 2927 2955 2956
f 2927 2956 2928
f 2928 2956 2957
f 2928 2957 2929
f 2929 2957 2958
f 2929 2958 2930
f 2930 2958 2959
f 2930 2959 2931
f 2931 2959 2960
f 2931 2960 2932
f 2932 2960 2961
f 2932 2961 2933
f 2933 2961 2962
f 2933 2962 2934
f 2934 2962 2963
f 2934 2963 2935
f 2935 2963 2964
f 2935 2964 2936
f 2936 2964 2965
f 2936 2965 2937
f 2937 2965 2966
f 2937 2966 2938
f 2938 2966 2967
f 2938 2967 2939
f 2939 2967 2968
f 2939 2968 2940
f 2940 2968 2969
f 2940 2969 2941
f 2941 2969 2970
f 2941 2970 2942
f 2942 2970 2943
f 2942 2943 2915
f 2943 2971 2972
f 2943 2972 2944
f 2944 2972 2973
f 2944 2973 2945
f 2945 2973 2974
f 2945 2974 2946
f 2946 2974 2975
f 2946 2975 2947
f 2947 2975 2976
f 2947 2976 2948
f 2948 2976 2977
f 2948 2977 2949
f 2949 2977 2978
f 2949 2978 2950
f 2950 2978 2979
f 2950 2979 2951
f 2951 2979 2980
f 2951 2980 2952
f 2952 2980 2981
f 2952 2981 2953
f 2953 2981 2982
f 2953 2982 2954
f 2954 2982 2983
f 2954 2983 2955
f 2955 2983 2984
f 2955 2984 2956
f 2956 2984 2985
f 2956 2985 2957
f 2957 2985 2986
f 2957 2986 2958
f 2958 2986 2987
f 2958 2987 2959
f 2959 2987 2988
f 2959 2988 2960
f 2960 2988 2989
f 2960 2989 2961
f 2961 2989 2990
f 2961 2990 2962
f 2962 2990 2991
f 2962 2991 2963
f 2963 2991 2992
f 2963 2992 2964
f 2964 2992 2993
f 2964 2993 2965
f 2965 2993 2994
f 2965 2994 2966
f 2966 2994 2995
f 2966 2995 2967
f 2967 2995 2996
f 2967 2996 2968
f 2968 2996 2997
f 2968 2997 2969
f 2969 2997 2998
f 2969 2998 2970
f 2970 2998 2971
f 2970 2971 2943
f 2971 2999 3000
f 2971 3000 2972
f 2972 3000 3001
f 2972 3001 2973
f 2973 3001 3002
f 2973 3002 2974
f 2974 3002 3003
f 2974 3003 2975
f 2975 3003 3004
f 2975 3004 2976
f 2976 3004 3005
f 2976 3005 2977
f 2977 3005 3006
f 2977 3006 2978
f 2978 3006 3007
f 2978 3007 2979
f 2979 3007 3008
f 2979 3008 2980
f 2980 3008 3009
f 2980 3009 2981
f 2981 3009 3010
f 2981 3010 2982
f 2982 3010 3011
f 2982 3011 2983
f 2983 3011 3012
f 2983 3012 2984
f 2984 3012 3013
f 2984 3013 2985
f 2985 3013 3014
f 2985 3014 2986
f 2986 3014 3015
f 2986 3015 2987
f 2987 3015 3016
f 2987 3016 2988
f 2988 3016 3017
f 2988 3017 2989
f 2989 3017 3018
f 2989 3018 2990
f 2990 3018 3019
f 2990 3019 2991
f 2991 3019 3020
f 2991 3020 2992
f 2992 3020 3021
f 2992 3021 2993
f 2993 3021 3022
f 2993 3022 2994
f 2994 3022 3023
f 2994 3023 2995
f 2995 3023 3024
f 2995 3024 2996
f 2996 3024 3025
f 2996 3025 2997
f 2997 3025 3026
f 2997 3026 2998
f 2998 3026 2999
f 2998 2999 2971
f 2999 3027 3028
f 2999 3028 3000
f 3000 3028 3029
f 3000 3029 3001
f 3001 3029 3030
f 3001 3030 3002
f 3002 3030 3031
f 3002 3031 3003
f 3003 3031 3032
f 3003 3032 3004
f 3004 3032 3033
f 3004 3033 3005
f 3005 3033 3034
f 3005 3034 3006
f 3006 3034 3035
f 3006 3035 3007
f 3007 3035 3036
f 3007 3036 3008
f 3008 3036 3037
f 3008 3037 3009
f 3009 3037 3038
f 3009 3038 3010
f 3010 3038 3039
f 3010 3039 3011
f 3011 3039 3040
f 3011 3040 3012
f 3012 3040 3041
f 3012 3041 3013
f 3013 3041 3042
f 3013 3042 3014
f 3014 3042 3043
f 3014 3043 3015
f 3015 3043 3044
f 3015 3044 3016
f 3016 3044 3045
f 3016 3045 3017
f 3017 3045 3046
f 3017 3046 3018
f 3018 3046 3047
f 3018 3047 3019
f 3019 3047 3048
f 3019 3048 3020
f 3020 3048 3049
f 3020 3049 3021
f 3021 3049 3050
f 3021 3050 3022
f 3022 3050 3051
f 3022 3051 3023
f 3023 3051 3052
f 3023 3052 3024
f 3024 3052 3053
f 3024 3053 3025
f 3025 3053 3054
f 3025 3054 3026
f 3026 3054 3027
f 3026 3027 2999
f 3027 3055 3056
f 3027 3056 3028
f 3028 3056 3057
f 3028 3057 3029
f 3029 3057 3058
f 3029 3058 3030
f 3030 3058 3059
f 3030 3059 3031
f 3031 3059 3060
f 3031 3060 3032
f 3032 3060 3061
f 3032 3061 3033
f 3033 3061 3062
f 3033 3062 3034
f 3034 3062 3063
f 3034 3063 3035
f 3035 3063 3064
f 3035 3064 3036
f 3036 3064 3065
f 3036 3065 3037
f 3037 3065 3066
f 3037 3066 3038
f 3038 3066 3067
f 3038 3067 3039
f 3039 3067 3068
f 3039 3068 3040
f 3040 3068 3069
f 3040 3069 3041
f 3041 3069 3070
f 3041 3070 3042
f 3042 3070 3071
f 3042 3071 3043
f 3043 3071 3072
f 3043 3072 3044
f 3044 3072 3073
f 3044 3073 3045
f 3045 3073 3074
f 3045 3074 3046
f 3046 3074 3075
f 3046 3075 3047
f 3047 3075 3076
f 3047 3076 3048
f 3048 3076 3077
f 3048 3077 3049
f 3049 3077 3078
f 3049 3078 3050
f 3050 3078 3079
f 3050 3079 3051
f 3051 3079 3080
f 3051 3080 3052
f 3052 3080 3081
f 3052 3081 3053
f 3053 3081 3082
f 3053 3082 3054
f 3054 3082 3055
f 3054 3055 3027
f 3055 3083 3084
f 3055 3084 3056
f 3056 3084 3085
f 3056 3085 3057
f 3057 3085 3086
f 3057 3086 3058
f 3058 3086 3087
f 3058 3087 3059
f 3059 3087 3088
f 3059 3088 3060
f 3060 3088 3089
f 3060 3089 3061
f 3061 3089 3090
f 3061 3090 3062
f 3062 3090 3091
f 3062 3091 3063
f 3063 3091 3092
f 3063 3092 3064
f 3064 3092 3093
f 3064 3093 3065
f 3065 3093 3094
f 3065 3094 3066
f 3066 3094 3095
f 3066 3095 3067
f 3067 3095 3096
f 3067 3096 3068
f 3068 3096 3097
f 3068 3097 3069
f 3069 3097 3098
f 3069 3098 3070
f 3070 3098 3099
f 3070 3099 3071
f 3071 3099 3100
f 3071 3100 3072
f 3072 3100 3101
f 3072 3101 3073
f 3073 3101 3102
f 3073 3102 3074
f 3074 3102 3103
f 3074 3103 3075
f 3075 3103 3104
f 3075 3104 3076
f 3076 3104 3105
f 3076 3105 3077
f 3077 3105 3106
f 3077 3106 3078
f 3078 3106 3107
f 3078 3107 3079
f 3079 3107 3108
f 3079 3108 3080
f 3080 3108 3109
f 3080 3109 3081
f 3081 3109 3110
f 3081 3110 3082
f 3082 3110 3083
f 3082 3083 3055
f 3083 3111 3112
f 3083 3112 3084
f 3084 3112 3113
f 3084 3113 3085
f 3085 3113 3114
f 3085 3114 3086
f 3086 3114 3115
f 3086 3115 3087
f 3087 3115 3116
f 3087 3116 3088
f 3088 3116 3117
f 3088 3117 3089
f 3089 3117 3118
f 3089 3118 3090
f 3090 3118 3119
f 3090 3119 3091
f 3091 3119 3120
f 3091 3120 3092
f 3092 3120 3121
f 3092 3121 3093
f 3093 3121 3122
f 3093 3122 3094
f 3094 3122 3123
f 3094 3123 3095
f 3095 3123 3124
f 3095 3124 3096
f 3096 3124 3125
f 3096 3125 3097
f 3097 3125 3126
f 3097 3126 3098
f 3098 3126 3127
f 3098 3127 3099
f 3099 3127 3128
f 3099 3128 3100
f 3100 3128 3129
f 3100 3129 3101
f 3101 3129 3130
f 3101 3130 3102
f 3102 3130 3131
f 3102 3131 3103
f 3103 3131 3132
f 3103 3132 3104
f 3104 3132 3133
f 3104 3133 3105
f 3105 3133 3134
f 3105 3134 3106
f 3106 3134 3135
f 3106 3135 3107
f 3107 3135 3136
f 3107 3136 3108
f 3108 3136 3137
f 3108 3137 3109
f 3109 3137 3138
f 3109 3138 3110
f 3110 3138 3111
f 3110 3111 3083
f 3111 3139 3140
f 3111 3140 3112
f 3112 3140 3141
f 3112 3141 3113
f 3113 3141 3142
f 3113 3142 3114
f 3114 3142 3143
f 3114 3143 3115
f 3115 3143 3144
f 3115 3144 3116
f 3116 3144 3145
f 3116 3145 3117
f 3117 3145 3146
f 3117 3146 3118
f 3118 3146 3147
f 3118 3147 3119
f 3119 3147 3148
f 3119 3148 3120
f 3120 3148 3149
f 3120 3149 3121
f 3121 3149 3150
f 3121 3150 3122
f 3122 3150 3151
f 3122 3151 3123
f 3123 3151 3152
f 3123 3152 3124
f 3124 3152 3153
f 3124 3153 3125
f 3125 3153 3154
f 3125 3154 3126
f 3126 3154 3155
f 3126 3155 3127
f 3127 3155 3156
f 3127 3156 3128
f 3128 3156 3157
f 3128 3157 3129
f 3129 3157 3158
f 3129 3158 3130
f 3130 3158 3159
f 3130 3159 3131
f 3131 3159 3160
f 3131 3160 3132
f 3132 3160 3161
f 3132 3161 3133
f 3133 3161 3162
f 3133 3162 3134
f 3134 3162 3163
f 3134 3163 3135
f 3135 3163 3164
f 3135 3164 3136
f 3136 3164 3165
f 3136 3165 3137
f 3137 3165 3166
f 3137 3166 3138
f 3138 3166 3139
f 3138 3139 3111
f 3139 3167 3168
f 3139 3168 3140
f 3140 3168 3169
f 3140 3169 3141
f 3141 3169 3170
f 3141 3170 3142
f 3142 3170 3171
f 3142 3171 3143
f 3143 3171 3172
f 3143 3172 3144
f 3144 3172 3173
f 3144 3173 3145
f 3145 3173 3174
f 3145 3174 3146
f 3146 3174 3175
f 3146 3175 3147
f 3147 3175 3176
f 3147 3176 3148
f 3148 3176 3177
f 3148 3177 3149
f 3149 3177 3178
f 3149 3178 3150
f 3150 3178 3179
f 3150 3179 3151
f 3151 3179 3180
f 3151 3180 3152
f 3152 3180 3181
f 3152 3181 3153
f 3153 3181 3182
f 3153 3182 3154
f 3154 3182 3183
f 3154 3183 3155
f 3155 3183 3184
f 3155 3184 3156
f 3156 3184 3185
f 3156 3185 3157
f 3157 3185 3186
f 3157 3186 3158
f 3158 3186 3187
f 3158 3187 3159
f 3159 3187 3188
f 3159 3188 3160
f 3160 3188 3189
f 3160 3189 3161
f 3161 3189 3190
f 3161 3190 3162
f 3162 3190 3191
f 3162 3191 3163
f 3163 3191 3192
f 3163 3192 3164
f 3164 3192 3193
f 3164 3193 3165
f 3165 3193 3194
f 3165 3194 3166
f 3166 3194 3167
f 3166 3167 3139
f 3167 3195 3196
f 3167 3196 3168
f 3168 3196 3197
f 3168 3197 3169
f 3169 3197 3198
f 3169 3198 3170
f 3170 3198 3199
f 3170 3199 3171
f 3171 3199 3200
f 3171 3200 3172
f 3172 3200 3201
f 3172 3201 3173
f 3173 3201 3202
f 3173 3202 3174
f 3174 3202 3203
f 3174 3203 3175
f 3175 3203 3204
f 3175 3204 3176
f 3176 3204 3205
f 3176 3205 3177
f 3177 3205 3206
f 3177 3206 3178
f 3178 3206 3207
f 3178 3207 3179
f 3179 3207 3208
f 3179 3208 3180
f 3180 3208 3209
f 3180 3209 3181
f 3181 3209 3210
f 3181 3210 3182
f 3182 3210 3211
f 3182 3211 3183
f 3183 3211 3212
f 3183 3212 3184
f 3184 3212 3213
f 3184 3213 3185
f 3185 3213 3214
f 3185 3214 3186
f 3186 3214 3215
f 3186 3215 3187
f 3187 3215 3216
f 3187 3216 3188
f 3188 3216 3217
f 3188 3217 3189
f 3189 3217 3218
f 3189 3218 3190
f 3190 3218 3219
f 3190 3219 3191
f 3191 3219 3220
f 3191 3220 3192
f 3192 3220 3221
f 3192 3221 3193
f 3193 3221 3222
f 3193 3222 3194
f 3194 3222 3195
f 3194 3195 3167
f 3195 3223 3224
f 3195 3224 3196
f 3196 3224 3225
f 3196 3225 3197
f 3197 3225 3226
f 3197 3226 3198
f 3198 3226 3227
f 3198 3227 3199
f 3199 3227 3228
f 3199 3228 3200
f 3200 3228 3229
f 3200 3229 3201
f 3201 3229 3230
f 3201 3230 3202
f 3202 3230 3231
f 3202 3231 3203
f 3203 3231 3232
f 3203 3232 3204
f 3204 3232 3233
f 3204 3233 3205
f 3205 3233 3234
f 3205 3234 3206
f 3206 3234 3235
f 3206 3235 3207
f 3207 3235 3236
f 3207 3236 3208
f 3208 3236 3237
f 3208 3237 3209
f 3209 3237 3238
f 3209 3238 3210
f 3210 3238 3239
f 3210 3239 3211
f 3211 3239 3240
f 3211 3240 3212
f 3212 3240 3241
f 3212 3241 3213
f 3213 3241 3242
f 3213 3242 3214
f 3214 3242 3243
f 3214 3243 3215
f 3215 3243 3244
f 3215 3244 3216
f 3216 3244 3245
f 3216 3245 3217
f 3217 3245 3246
f 3217 3246 3218
f 3218 3246 3247
f 3218 3247 3219
f 3219 3247 3248
f 3219 3248 3220
f 3220 3248 3249
f 3220 3249 3221
f 3221 3249 3250
f 3221 3250 3222
f 3222 3250 3223
f 3222 3223 3195
f 3223 3251 3252
f 3223 3252 3224
f 3224 3252 3253
f 3224 3253 3225
f 3225 3253 3254
f 3225 3254 3226
f 3226 3254 3255
f 3226 3255 3227
f 3227 3255 3256
f 3227 3256 3228
f 3228 3256 3257
f 3228 3257 3229
f 3229 3257 3258
f 3229 3258 3230
f 3230 3258 3259
f 3230 3259 3231
f 3231 3259 3260
f 3231 3260 3232
f 3232 3260 3261
f 3232 3261 3233
f 3233 3261 3262
f 3233 3262 3234
f 3234 3262 3263
f 3234 3263 3235
f 3235 3263 3264
f 3235 3264 3236
f 3236 3264 3265
f 3236 3265 3237
f 3237 3265 3266
f 3237 3266 3238
f 3238 3266 3267
f 3238 3267 3239
f 3239 3267 3268
f 3239 3268 3240
f 3240 3268 3269
f 3240 3269 3241
f 3241 3269 3270
f 3241 3270 3242
f 3242 3270 3271
f 3242 3271 3243
f 3243 3271 3272
f 3243 3272 3244
f 3244 3272 3273
f 3244 3273 3245
f 3245 3273 3274
f 3245 3274 3246
f 3246 3274 3275
f 3246 3275 3247
f 3247 3275 3276
f 3247 3276 3248
f 3248 3276 3277
f 3248 3277 3249
f 3249 3277 3278
f 3249 3278 3250
f 3250 3278 3251
f 3250 3251 3223
f 3251 3279 3280
f 3251 3280 3252
f 3252 3280 3281
f 3252 3281 3253
f 3253 3281 3282
f 3253 3282 3254
f 3254 3282 3283
f 3254 3283 3255
f 3255 3283 3284
f 3255 3284 3256
f 3256 3284 3285
f 3256 3285 3257
f 3257 3285 3286
f 3257 3286 3258
f 3258 3286 3287
f 3258 3287 3259
f 3259 3287 3288
f 3259 3288 3260
f 3260 3288 3289
f 3260 3289 3261
f 3261 3289 3290
f 3261 3290 3262
f 3262 3290 3291
f 3262 3291 3263
f 3263 3291 3292
f 3263 3292 3264
f 3264 3292 3293
f 3264 3293 3265
f 3265 3293 3294
f 3265 3294 3266
f 3266 3294 3295
f 3266 3295 3267
f 3267 3295 3296
f 3267 3296 3268
f 3268 3296 3297
f 3268 3297 3269
f 3269 3297 3298
f 3269 3298 3270
f 3270 3298 3299
f 3270 3299 3271
f 3271 3299 3300
f 3271 3300 3272
f 3272 3300 3301
f 3272 3301 3273
f 3273 3301 3302
f 3273 3302 3274
f 3274 3302 3303
f 3274 3303 3275
f 3275 3303 3304
f 3275 3304 3276
f 3276 3304 3305
f 3276 3305 3277
f 3277 3305 3306
f 3277 3306 3278
f 3278 3306 3279
f 3278 3279 3251
f 3279 3307 3308
f 3279 3308 3280
f 3280 3308 3309
f 3280 3309 3281
f 3281 3309 3310
f 3281 3310 3282
f 3282 3310 3311
f 3282 3311 3283
f 3283 3311 3312
f 3283 3312 3284
f 3284 3312 3313
f 3284 3313 3285
f 3285 3313 3314
f 3285 3314 3286
f 3286 3314 3315
f 3286 3315 3287
f 3287 3315 3316
f 3287 3316 3288
f 3288 3316 3317
f 3288 3317 3289
f 3289 3317 3318
f 3289 3318 3290
f 3290 3318 3319
f 3290 3319 3291
f 3291 3319 3320
f 3291 3320 3292
f 3292 3320 3321
f 3292 3321 3293
f 3293 3321 3322
f 3293 3322 3294
f 3294 3322 3323
f 3294 3323 3295
f 3295 3323 3324
f 3295 3324 3296
f 3296 3324 3325
f 3296 3325 3297
f 3297 3325 3326
f 3297 3326 3298
f 3298 3326 3327
f 3298 3327 3299
f 3299 3327 3328
f 3299 3328 3300
f 3300 3328 3329
f 3300 3329 3301
f 3301 3329 3330
f 3301 3330 3302
f 3302 3330 3331
f 3302 3331 3303
f 3303 3331 3332
f 3303 3332 3304
f 3304 3332 3333
f 3304 3333 3305
f 3305 3333 3334
f 3305 3334 3306
f 3306 3334 3307
f 3306 3307 3279
f 3307 3335 3336
f 3307 3336 3308
f 3308 3336 3337
f 3308 3337 3309
f 3309 3337 3338
f 3309 3338 3310
f 3310 3338 3339
f 3310 3339 3311
f 3311 3339 3340
f 3311 3340 3312
f 3312 3340 3341
f 3312 3341 3313
f 3313 3341 3342
f 3313 3342 3314
f 3314 3342 3343
f 3314 3343 3315
f 3315 3343 3344
f 3315 3344 3316
f 3316 3344 3345
f 3316 3345 3317
f 3317 3345 3346
f 3317 3346 3318
f 3318 3346 3347
f 3318 3347 3319
f 3319 3347 3348
f 3319 3348 3320
f 3320 3348 3349
f 3320 3349 3321
f 3321 3349 3350
f 3321 3350 3322
f 3322 3350 3351
f 3322 3351 3323
f 3323 3351 3352
f 3323 3352 3324
f 3324 3352 3353
f 3324 3353 3325
f 3325 3353 3354
f 3325 3354 3326
f 3326 3354 3355
f 3326 3355 3327
f 3327 3355 3356
f 3327 3356 3328
f 3328 3356 3357
f 3328 3357 3329
f 3329 3357 3358
f 3329 3358 3330
f 3330 3358 3359
f 3330 3359 3331
f 3331 3359 3360
f 3331 3360 3332
f 3332 3360 3361
f 3332 3361 3333
f 3333 3361 3362
f 3333 3362 3334
f 3334 3362 3335
f 3334 3335 3307
f 3335 3363 3364
f 3335 3364 3336
f 3336 3364 3365
f 3336 3365 3337
f 3337 3365 3366
f 3337 3366 3338
f 3338 3366 3367
f 3338 3367 3339
f 3339 3367 3368
f 3339 3368 3340
f 3340 3368 3369
f 3340 3369 3341
f 3341 3369 3370
f 3341 3370 3342
f 3342 3370 3371
f 3342 3371 3343
f 3343 3371 3372
f 3343 3372 3344
f 3344 3372 3373
f 3344 3373 3345
f 3345 3373 3374
f 3345 3374 3346
f 3346 3374 3375
f 3346 3375 3347
f 3347 3375 3376
f 3347 3376 3348
f 3348 3376 3377
f 3348 3377 3349
f 3349 3377 3378
f 3349 3378 3350
f 3350 3378 3379
f 3350 3379 3351
f 3351 3379 3380
f 3351 3380 3352
f 3352 3380 3381
f 3352 3381 3353
f 3353 3381 3382
f 3353 3382 3354
f 3354 3382 3383
f 3354 3383 3355
f 3355 3383 3384
f 3355 3384 3356
f 3356 3384 3385
f 3356 3385 3357
f 3357 3385 3386
f 3357 3386 3358
f 3358 3386 3387
f 3358 3387 3359
f 3359 3387 3388
f 3359 3388 3360
f 3360 3388 3389
f 3360 3389 3361
f 3361 3389 3390
f 3361 3390 3362
f 3362 3390 3363
f 3362 3363 3335
f 3363 3391 3392
f 3363 3392 3364
f 3364 3392 3393
f 3364 3393 3365
f 3365 3393 3394
f 3365 3394 3366
f 3366 3394 3395
f 3366 3395 3367
f 3367 3395 3396
f 3367 3396 3368
f 3368 3396 3397
f 3368 3397 3369
f 3369 3397 3398
f 3369 3398 3370
f 3370 3398 3399
f 3370 3399 3371
f 3371 3399 3400
f 3371 3400 3372
f 3372 3400 3401
f 3372 3401 3373
f 3373 3401 3402
f 3373 3402 3374
f 3374 3402 3403
f 3374 3403 3375
f 3375 3403 3404
f 3375 3404 3376
f 3376 3404 3405
f 3376 3405 3377
f 3377 3405 3406
f 3377 3406 3378
f 3378 3406 3407
f 3378 3407 3379
f 3379 3407 3408
f 3379 3408 3380
f 3380 3408 3409
f 3380 3409 3381
f 3381 3409 3410
f 3381 3410 3382
f 3382 3410 3411
f 3382 3411 3383
f 3383 3411 3412
f 3383 3412 3384
f 3384 3412 3413
f 3384 3413 3385
f 3385 3413 3414
f 3385 3414 3386
f 3386 3414 3415
f 3386 3415 3387
f 3387 3415 3416
f 3387 3416 3388
f 3388 3416 3417
f 3388 3417 3389
f 3389 3417 3418
f 3389 3418 3390
f 3390 3418 3391
f 3390 3391 3363
f 3391 3419 3420
f 3391 3420 3392
f 3392 3420 3421
f 3392 3421 3393
f 3393 3421 3422
f 3393 3422 3394
f 3394 3422 3423
f 3394 3423 3395
f 3395 3423 3424
f 3395 3424 3396
f 3396 3424 3425
f 3396 3425 3397
f 3397 3425 3426
f 3397 3426 3398
f 3398 3426 3427
f 3398 3427 3399
f 3399 3427 3428
f 3399 3428 3400
f 3400 3428 3429
f 3400 3429 3401
f 3401 3429 3430
f 3401 3430 3402
f 3402 3430 3431
f 3402 3431 3403
f 3403 3431 3432
f 3403 3432 3404
f 3404 3432 3433
f 3404 3433 3405
f 3405 3433 3434
f 3405 3434 3406
f 3406 3434 3435
f 3406 3435 3407
f 3407 3435 3436
f 3407 3436 3408
f 3408 3436 3437
f 3408 3437 3409
f 3409 3437 3438
f 3409 3438 3410
f 3410 3438 3439
f 3410 3439 3411
f 3411 3439 3440
f 3411 3440 3412
f 3412 3440 3441
f 3412 3441 3413
f 3413 3441 3442
f 3413 3442 3414
f 3414 3442 3443
f 3414 3443 3415
f 3415 3443 3444
f 3415 3444 3416
f 3416 3444 3445
f 3416 3445 3417
f 3417 3445 3446
f 3417 3446 3418
f 3418 3446 3419
f 3418 3419 3391
f 3419 3447 3448
f 3419 3448 3420
f 3420 3448 3449
f 3420 3449 3421
f 3421 3449 3450
f 3421 3450 3422
f 3422 3450 3451
f 3422 3451 3423
f 3423 3451 3452
f 3423 3452 3424
f 3424 3452 3453
f 3424 3453 3425
f 3425 3453 3454
f 3425 3454 3426
f 3426 3454 3455
f 3426 3455 3427
f 3427 3455 3456
f 3427 3456 3428
f 3428 3456 3457
f 3428 3457 3429
f 3429 3457 3458
f 3429 3458 3430
f 3430 3458 3459
f 3430 3459 3431
f 3431 3459 3460
f 3431 3460 3432
f 3432 3460 3461
f 3432 3461 3433
f 3433 3461 3462
f 3433 3462 3434
f 3434 3462 3463
f 3434 3463 3435
f 3435 3463 3464
f 3435 3464 3436
f 3436 3464 3465
f 3436 3465 3437
f 3437 3465 3466
f 3437 3466 3438
f 3438 3466 3467
f 3438 3467 3439
f 3439 3467 3468
f 3439 3468 3440
f 3440 3468 3469
f 3440 3469 3441
f 3441 3469 3470
f 3441 3470 3442
f 3442 3470 3471
f 3442 3471 3443
f 3443 3471 3472
f 3443 3472 3444
f 3444 3472 3473
f 3444 3473 3445
f 3445 3473 3474
f 3445 3474 3446
f 3446 3474 3447
f 3446 3447 3419
f 3447 3475 3476
f 3447 3476 3448
f 3448 3476 3477
f 3448 3477 3449
f 3449 3477 3478
f 3449 3478 3450
f 3450 3478 3479
f 3450 3479 3451
f 3451 3479 3480
f 3451 3480 3452
f 3452 3480 3481
f 3452 3481 3453
f 3453 3481 3482
f 3453 3482 3454
f 3454 3482 3483
f 3454 3483 3455
f 3455 3483 3484
f 3455 3484 3456
f 3456 3484 3485
f 3456 3485 3457
f 3457 3485 3486
f 3457 3486 3458
f 3458 3486 3487
f 3458 3487 3459
f 3459 3487 3488
f 3459 3488 3460
f 3460 3488 3489
f 3460 3489 3461
f 3461 3489 3490
f 3461 3490 3462
f 3462 3490 3491
f 3462 3491 3463
f 3463 3491 3492
f 3463 3492 3464
f 3464 3492 3493
f 3464 3493 3465
f 3465 3493 3494
f 3465 3494 3466
f 3466 3494 3495
f 3466 3495 3467
f 3467 3495 3496
f 3467 3496 3468
f 3468 3496 3497
f 3468 3497 3469
f 3469 3497 3498
f 3469 3498 3470
f 3470 3498 3499
f 3470 3499 3471
f 3471 3499 3500
f 3471 3500 3472
f 3472 3500 3501
f 3472 3501 3473
f 3473 3501 3502
f 3473 3502 3474
f 3474 3502 3475
f 3474 3475 3447
f 3475 3503 3504
f 3475 3504 3476
f 3476 3504 3505
f 3476 3505 3477
f 3477 3505 3506
f 3477 3506 3478
f 3478 3506 3507
f 3478 3507 3479
f 3479 3507 3508
f 3479 3508 3480
f 3480 3508 3509
f 3480 3509 3481
f 3481 3509 3510
f 3481 3510 3482
f 3482 3510 3511
f 3482 3511 3483
f 3483 3511 3512
f 3483 3512 3484
f 3484 3512 3513
f 3484 3513 3485
f 3485 3513 3514
f 3485 3514 3486
f 3486 3514 3515
f 3486 3515 3487
f 3487 3515 3516
f 3487 3516 3488
f 3488 3516 3517
f 3488 3517 3489
f 3489 3517 3518
f 3489 3518 3490
f 3490 3518 3519
f 3490 3519 3491
f 3491 3519 3520
f 3491 3520 3492
f 3492 3520 3521
f 3492 3521 3493
f 3493 3521 3522
f 3493 3522 3494
f 3494 3522 3523
f 3494 3523 3495
f 3495 3523 3524
f 3495 3524 3496
f 3496 3524 3525
f 3496 3525 3497
f 3497 3525 3526
f 3497 3526 3498
f 3498 3526 3527
f 3498 3527 3499
f 3499 3527 3528
f 3499 3528 3500
f 3500 3528 3529
f 3500 3529 3501
f 3501 3529 3530
f 3501 3530 3502
f 3502 3530 3503
f 3502 3503 3475
f 3503 3531 3532
f 3503 3532 3504
f 3504 3532 3533
f 3504 3533 3505
f 3505 3533 3534
f 3505 3534 3506
f 3506 3534 3535
f 3506 3535 3507
f 3507 3535 3536
f 3507 3536 3508
f 3508 3536 3537
f 3508 3537 3509
f 3509 3537 3538
f 3509 3538 3510
f 3510 3538 3539
f 3510 3539 3511
f 3511 3539 3540
f 3511 3540 3512
f 3512 3540 3541
f 3512 3541 3513
f 3513 3541 3542
f 3513 3542 3514
f 3514 3542 3543
f 3514 3543 3515
f 3515 3543 3544
f 3515 3544 3516
f 3516 3544 3545
f 3516 3545 3517
f 3517 3545 3546
f 3517 3546 3518
f 3518 3546 3547
f 3518 3547 3519
f 3519 3547 3548
f 3519 3548 3520
f 3520 3548 3549
f 3520 3549 3521
f 3521 3549 3550
f 3521 3550 3522
f 3522 3550 3551
f 3522 3551 3523
f 3523 3551 3552
f 3523 3552 3524
f 3524 3552 3553
f 3524 3553 3525
f 3525 3553 3554
f 3525 3554 3526
f 3526 3554 3555
f 3526 3555 3527
f 3527 3555 3556
f 3527 3556 3528
f 3528 3556 3557
f 3528 3557 3529
f 3529 3557 3558
f 3529 3558 3530
f 3530 3558 3531
f 3530 3531 3503
f 3531 3559 3560
f 3531 3560 3532
f 3532 3560 3561
f 3532 3561 3533
f 3533 3561 3562
f 3533 3562 3534
f 3534 3562 3563
f 3534 3563 3535
f 3535 3563 3564
f 3535 3564 3536
f 3536 3564 3565
f 3536 3565 3537
f 3537 3565 3566
f 3537 3566 3538
f 3538 3566 3567
f 3538 3567 3539
f 3539 3567 3568
f 3539 3568 3540
f 3540 3568 3569
f 3540 3569 3541
f 3541 3569 3570
f 3541 3570 3542
f 3542 3570 3571
f 3542 3571 3543
f 3543 3571 3572
f 3543 3572 3544
f 3544 3572 3573
f 3544 3573 3545
f 3545 3573 3574
f 3545 3574 3546
f 3546 3574 3575
f 3546 3575 3547
f 3547 3575 3576
f 3547 3576 3548
f 3548 3576 3577
f 3548 3577 3549
f 3549 3577 3578
f 3549 3578 3550
f 3550 3578 3579
f 3550 3579 3551
f 3551 3579 3580
f 3551 3580 3552
f 3552 3580 3581
f 3552 3581 3553
f 3553 3581 3582
f 3553 3582 3554
f 3554 3582 3583
f 3554 3583 3555
f 3555 3583 3584
f 3555 3584 3556
f 3556 3584 3585
f 3556 3585 3557
f 3557 3585 3586
f 3557 3586 3558
f 3558 3586 3559
f 3558 3559 3531
f 3559 3587 3588
f 3559 3588 3560
f 3560 3588 3589
f 3560 3589 3561
f 3561 3589 3590
f 3561 3590 3562
f 3562 3590 3591
f 3562 3591 3563
f 3563 3591 3592
f 3563 3592 3564
f 3564 3592 3593
f 3564 3593 3565
f 3565 3593 3594
f 3565 3594 3566
f 3566 3594 3595
f 3566 3595 3567
f 3567 3595 3596
f 3567 3596 3568
f 3568 3596 3597
f 3568 3597 3569
f 3569 3597 3598
f 3569 3598 3570
f 3570 3598 3599
f 3570 3599 3571
f 3571 3599 3600
f 3571 3600 3572
f 3572 3600 3601
f 3572 3601 3573
f 3573 3601 3602
f 3573 3602 3574
f 3574 3602 3603
f 3574 3603 3575
f 3575 3603 3604
f 3575 3604 3576
f 3576 3604 3605
f 3576 3605 3577
f 3577 3605 3606
f 3577 3606 3578
f 3578 3606 3607
f 3578 3607 3579
f 3579 3607 3608
f 3579 3608 3580
f 3580 3608 3609
f 3580 3609 3581
f 3581 3609 3610
f 3581 3610 3582
f 3582 3610 3611
f 3582 3611 3583
f 3583 3611 3612
f 3583 3612 3584
f 3584 3612 3613
f 3584 3613 3585
f 3585 3613 3614
f 3585 3614 3586
f 3586 3614 3587
f 3586 3587 3559
f 3587 3615 3616
f 3587 3616 3588
f 3588 3616 3617
f 3588 3617 3589
f 3589 3617 3618
f 3589 3618 3590
f 3590 3618 3619
f 3590 3619 3591
f 3591 3619 3620
f 3591 3620 3592
f 3592 3620 3621
f 3592 3621 3593
f 3593 3621 3622
f 3593 3622 3594
f 3594 3622 3623
f 3594 3623 3595
f 3595 3623 3624
f 3595 3624 3596
f 3596 3624 3625
f 3596 3625 3597
f 3597 3625 3626
f 3597 3626 3598
f 3598 3626 3627
f 3598 3627 3599
f 3599 3627 3628
f 3599 3628 3600
f 3600 3628 3629
f 3600 3629 3601
f 3601 3629 3630
f 3601 3630 3602
f 3602 3630 3631
f 3602 3631 3603
f 3603 3631 3632
f 3603 3632 3604
f 3604 3632 3633
f 3604 3633 3605
f 3605 3633 3634
f 3605 3634 3606
f 3606 3634 3635
f 3606 3635 3607
f 3607 3635 3636
f 3607 3636 3608
f 3608 3636 3637
f 3608 3637 3609
f 3609 3637 3638
f 3609 3638 3610
f 3610 3638 3639
f 3610 3639 3611
f 3611 3639 3640
f 3611 3640 3612
f 3612 3640 3641
f 3612 3641 3613
f 3613 3641 3642
f 3613 3642 3614
f 3614 3642 3615
f 3614 3615 3587
f 3615 3643 3644
f 3615 3644 3616
f 3616 3644 3645
f 3616 3645 3617
f 3617 3645 3646
f 3617 3646 3618
f 3618 3646 3647
f 3618 3647 3619
f 3619 3647 3648
f 3619 3648 3620
f 3620 3648 3649
f 3620 3649 3621
f 3621 3649 3650
f 3621 3650 3622
f 3622 3650 3651
f 3622 3651 3623
f 3623 3651 3652
f 3623 3652 3624
f 3624 3652 3653
f 3624 3653 3625
f 3625 3653 3654
f 3625 3654 3626
f 3626 3654 3655
f 3626 3655 3627
f 3627 3655 3656
f 3627 3656 3628
f 3628 3656 3657
f 3628 3657 3629
f 3629 3657 3658
f 3629 3658 3630
f 3630 3658 3659
f 3630 3659 3631
f 3631 3659 3660
f 3631 3660 3632
f 3632 3660 3661
f 3632 3661 3633
f 3633 3661 3662
f 3633 3662 3634
f 3634 3662 3663
f 3634 3663 3635
f 3635 3663 3664
f 3635 3664 3636
f 3636 3664 3665
f 3636 3665 3637
f 3637 3665 3666
f 3637 3666 3638
f 3638 3666 3667
f 3638 3667 3639
f 3639 3667 3668
f 3639 3668 3640
f 3640 3668 3669
f 3640 3669 3641
f 3641 3669 3670
f 3641 3670 3642
f 3642 3670 3643
f 3642 3643 3615
f 3643 3671 3672
f 3643 3672 3644
f 3644 3672 3673
f 3644 3673 3645
f 3645 3673 3674
f 3645 3674 3646
f 3646 3674 3675
f 3646 3675 3647
f 3647 3675 3676
f 3647 3676 3648
f 3648 3676 3677
f 3648 3677 3649
f 3649 3677 3678
f 3649 3678 3650
f 3650 3678 3679
f 3650 3679 3651
f 3651 3679 3680
f 3651 3680 3652
f 3652 3680 3681
f 3652 3681 3653
f 3653 3681 3682
f 3653 3682 3654
f 3654 3682 3683
f 3654 3683 3655
f 3655 3683 3684
f 3655 3684 3656
f 3656 3684 3685
f 3656 3685 3657
f 3657 3685 3686
f 3657 3686 3658
f 3658 3686 3687
f 3658 3687 3659
f 3659 3687 3688
f 3659 3688 3660
f 3660 3688 3689
f 3660 3689 3661
f 3661 3689 3690
f 3661 3690 3662
f 3662 3690 3691
f 3662 3691 3663
f 3663 3691 3692
f 3663 3692 3664
f 3664 3692 3693
f 3664 3693 3665
f 3665 3693 3694
f 3665 3694 3666
f 3666 3694 3695
f 3666 3695 3667
f 3667 3695 3696
f 3667 3696 3668
f 3668 3696 3697
f 3668 3697 3669
f 3669 3697 3698
f 3669 3698 3670
f 3670 3698 3671
f 3670 3671 3643
f 3671 3699 3700
f 3671 3700 3672
f 3672 3700 3701
f 3672 3701 3673
f 3673 3701 3702
f 3673 3702 3674
f 3674 3702 3703
f 3674 3703 3675
f 3675 3703 3704
f 3675 3704 3676
f 3676 3704 3705
f 3676 3705 3677
f 3677 3705 3706
f 3677 3706 3678
f 3678 3706 3707
f 3678 3707 3679
f 3679 3707 3708
f 3679 3708 3680
f 3680 3708 3709
f 3680 3709 3681
f 3681 3709 3710
f 3681 3710 3682
f 3682 3710 3711
f 3682 3711 3683
f 3683 3711 3712
f 3683 3712 3684
f 3684 3712 3713
f 3684 3713 3685
f 3685 3713 3714
f 3685 3714 3686
f 3686 3714 3715
f 3686 3715 3687
f 3687 3715 3716
f 3687 3716 3688
f 3688 3716 3717
f 3688 3717 3689
f 3689 3717 3718
f 3689 3718 3690
f 3690 3718 3719
f 3690 3719 3691
f 3691 3719 3720
f 3691 3720 3692
f 3692 3720 3721
f 3692 3721 3693
f 3693 3721 3722
f 3693 3722 3694
f 3694 3722 3723
f 3694 3723 3695
f 3695 3723 3724
f 3695 3724 3696
f 3696 3724 3725
f 3696 3725 3697
f 3697 3725 3726
f 3697 3726 3698
f 3698 3726 3699
f 3698 3699 3671
f 3699 3727 3728
f 3699 3728 3700
f 3700 3728 3729
f 3700 3729 3701
f 3701 3729 3730
f 3701 3730 3702
f 3702 3730 3731
f 3702 3731 3703
f 3703 3731 3732
f 3703 3732 3704
f 3704 3732 3733
f 3704 3733 3705
f 3705 3733 3734
f 3705 3734 3706
f 3706 3734 3735
f 3706 3735 3707
f 3707 3735 3736
f 3707 3736 3708
f 3708 3736 3737
f 3708 3737 3709
f 3709 3737 3738
f 3709 3738 3710
f 3710 3738 3739
f 3710 3739 3711
f 3711 3739 3740
f 3711 3740 3712
f 3712 3740 3741
f 3712 3741 3713
f 3713 3741 3742
f 3713 3742 3714
f 3714 3742 3743
f 3714 3743 3715
f 3715 3743 3744
f 3715 3744 3716
f 3716 3744 3745
f 3716 3745 3717
f 3717 3745 3746
f 3717 3746 3718
f 3718 3746 3747
f 3718 3747 3719
f 3719 3747 3748
f 3719 3748 3720
f 3720 3748 3749
f 3720 3749 3721
f 3721 3749 3750
f 3721 3750 3722
f 3722 3750 3751
f 3722 3751 3723
f 3723 3751 3752
f 3723 3752 3724
f 3724 3752 3753
f 3724 3753 3725
f 3725 3753 3754
f 3725 3754 3726
f 3726 3754 3727
f 3726 3727 3699
f 3727 3755 3756
f 3727 3756 3728
f 3728 3756 3757
f 3728 3757 3729
f 3729 3757 3758
f 3729 3758 3730
f 3730 3758 3759
f 3730 3759 3731
f 3731 3759 3760
f 3731 3760 3732
f 3732 3760 3761
f 3732 3761 3733
f 3733 3761 3762
f 3733 3762 3734
f 3734 3762 3763
f 3734 3763 3735
f 3735 3763 3764
f 3735 3764 3736
f 3736 3764 3765
f 3736 3765 3737
f 3737 3765 3766
f 3737 3766 3738
f 3738 3766 3767
f 3738 3767 3739
f 3739 3767 3768
f 3739 3768 3740
f 3740 3768 3769
f 3740 3769 3741
f 3741 3769 3770
f 3741 3770 3742
f 3742 3770 3771
f 3742 3771 3743
f 3743 3771 3772
f 3743 3772 3744
f 3744 3772 3773
f 3744 3773 3745
f 3745 3773 3774
f 3745 3774 3746
f 3746 3774 3775
f 3746 3775 3747
f 3747 3775 3776
f 3747 3776 3748
f 3748 3776 3777
f 3748 3777 3749
f 3749 3777 3778
f 3749 3778 3750
f 3750 3778 3779
f 3750 3779 3751
f 3751 3779 3780
f 3751 3780 3752
f 3752 3780 3781
f 3752 3781 3753
f 3753 3781 3782
f 3753 3782 3754
f 3754 3782 3755
f 3754 3755 3727
f 3755 3783 3784
f 3755 3784 3756
f 3756 3784 3785
f 3756 3785 3757
f 3757 3785 3786
f 3757 3786 3758
f 3758 3786 3787
f 3758 3787 3759
f 3759 3787 3788
f 3759 3788 3760
f 3760 3788 3789
f 3760 3789 3761
f 3761 3789 3790
f 3761 3790 3762
f 3762 3790 3791
f 3762 3791 3763
f 3763 3791 3792
f 3763 3792 3764
f 3764 3792 3793
f 3764 3793 3765
f 3765 3793 3794
f 3765 3794 3766
f 3766 3794 3795
f 3766 3795 3767
f 3767 3795 3796
f 3767 3796 3768
f 3768 3796 3797
f 3768 3797 3769
f 3769 3797 3798
f 3769 3798 3770
f 3770 3798 3799
f 3770 3799 3771
f 3771 3799 3800
f 3771 3800 3772
f 3772 3800 3801
f 3772 3801 3773
f 3773 3801 3802
f 3773 3802 3774
f 3774 3802 3803
f 3774 3803 3775
f 3775 3803 3804
f 3775 3804 3776
f 3776 3804 3805
f 3776 3805 3777
f 3777 3805 3806
f 3777 3806 3778
f 3778 3806 3807
f 3778 3807 3779
f 3779 3807 3808
f 3779 3808 3780
f 3780 3808 3809
f 3780 3809 3781
f 3781 3809 3810
f 3781 3810 3782
f 3782 3810 3783
f 3782 3783 3755
f 3811 2748 2747
f 3811 2749 2748
f 3811 2750 2749
f 3811 2751 2750
f 3811 2752 2751
f 3811 2753 2752
f 3811 2754 2753
f 3811 2755 2754
f 3811 2756 2755
f 3811 2757 2756
f 3811 2758 2757
f 3811 2759 2758
f 3811 2760 2759
f 3811 2761 2760
f 3811 2762 2761
f 3811 2763 2762
f 3811 2764 2763
f 3811 2765 2764
f 3811 2766 2765
f 3811 2767 2766
f 3811 2768 2767
f 3811 2769 2768
f 3811 2770 2769
f 3811 2771 2770
f 3811 2772 2771
f 3811 2773 2772
f 3811 2774 2773
f 3811 2747 2774
f 3812 3783 3784
f 3812 3784 3785
f 3812 3785 3786
f 3812 3786 3787
f 3812 3787 3788
f 3812 3788 3789
f 3812 3789 3790
f 3812 3790 3791
f 3812 3791 3792
f 3812 3792 3793
f 3812 3793 3794
f 3812 3794 3795
f 3812 3795 3796
f 3812 3796 3797
f 3812 3797 3798
f 3812 3798 3799
f 3812 3799 3800
f 3812 3800 3801
f 3812 3801 3802
f 3812 3802 3803
f 3812 3803 3804
f 3812 3804 3805
f 3812 3805 3806
f 3812 3806 3807
f 3812 3807 3808
f 3812 3808 3809
f 3812 3809 3810
f 3812 3810 3783
o pata_der
f 3813 3841 3842
f 3813 3842 3814
f 3814 3842 3843
f 3814 3843 3815
f 3815 3843 3844
f 3815 3844 3816
f 3816 3844 3845
f 3816 3845 3817
f 3817 3845 3846
f 3817 3846 3818
f 3818 3846 3847
f 3818 3847 3819
f 3819 3847 3848
f 3819 3848 3820
f 3820 3848 3849
f 3820 3849 3821
f 3821 3849 3850
f 3821 3850 3822
f 3822 3850 3851
f 3822 3851 3823
f 3823 3851 3852
f 3823 3852 3824
f 3824 3852 3853
f 3824 3853 3825
f 3825 3853 3854
f 3825 3854 3826
f 3826 3854 3855
f 3826 3855 3827
f 3827 3855 3856
f 3827 3856 3828
f 3828 3856 3857
f 3828 3857 3829
f 3829 3857 3858
f 3829 3858 3830
f 3830 3858 3859
f 3830 3859 3831
f 3831 3859 3860
f 3831 3860 3832
f 3832 3860 3861
f 3832 3861 3833
f 3833 3861 3862
f 3833 3862 3834
f 3834 3862 3863
f 3834 3863 3835
f 3835 3863 3864
f 3835 3864 3836
f 3836 3864 3865
f 3836 3865 3837
f 3837 3865 3866
f 3837 3866 3838
f 3838 3866 3867
f 3838 3867 3839
f 3839 3867 3868
f 3839 3868 3840
f 3840 3868 3841
f 3840 3841 3813
f 3841 3869 3870
f 3841 3870 3842
f 3842 3870 3871
f 3842 3871 3843
f 3843 3871 3872
f 3843 3872 3844
f 3844 3872 3873
f 3844 3873 3845
f 3845 3873 3874
f 3845 3874 3846
f 3846 3874 3875
f 3846 3875 3847
f 3847 3875 3876
f 3847 3876 3848
f 3848 3876 3877
f 3848 3877 3849
f 3849 3877 3878
f 3849 3878 3850
f 3850 3878 3879
f 3850 3879 3851
f 3851 3879 3880
f 3851 3880 3852
f 3852 3880 3881
f 3852 3881 3853
f 3853 3881 3882
f 3853 3882 3854
f 3854 3882 3883
f 3854 3883 3855
f 3855 3883 3884
f 3855 3884 3856
f 3856 3884 3885
f 3856 3885 3857
f 3857 3885 3886
f 3857 3886 3858
f 3858 3886 3887
f 3858 3887 3859
f 3859 3887 3888
f 3859 3888 3860
f 3860 3888 3889
f 3860 3889 3861
f 3861 3889 3890
f 3861 3890 3862
f 3862 3890 3891
f 3862 3891 3863
f 3863 3891 3892
f 3863 3892 3864
f 3864 3892 3893
f 3864 3893 3865
f 3865 3893 3894
f 3865 3894 3866
f 3866 3894 3895
f 3866 3895 3867
f 3867 3895 3896
f 3867 3896 3868
f 3868 3896 3869
f 3868 3869 3841
f 3869 3897 3898
f 3869 3898 3870
f 3870 3898 3899
f 3870 3899 3871
f 3871 3899 3900
f 3871 3900 3872
f 3872 3900 3901
f 3872 3901 3873
f 3873 3901 3902
f 3873 3902 3874
f 3874 3902 3903
f 3874 3903 3875
f 3875 3903 3904
f 3875 3904 3876
f 3876 3904 3905
f 3876 3905 3877
f 3877 3905 3906
f 3877 3906 3878
f 3878 3906 3907
f 3878 3907 3879
f 3879 3907 3908
f 3879 3908 3880
f 3880 3908 3909
f 3880 3909 3881
f 3881 3909 3910
f 3881 3910 3882
f 3882 3910 3911
f 3882 3911 3883
f 3883 3911 3912
f 3883 3912 3884
f 3884 3912 3913
f 3884 3913 3885
f 3885 3913 3914
f 3885 3914 3886
f 3886 3914 3915
f 3886 3915 3887
f 3887 3915 3916
f 3887 3916 3888
f 3888 3916 3917
f 3888 3917 3889
f 3889 3917 3918
f 3889 3918 3890
f 3890 3918 3919
f 3890 3919 3891
f 3891 3919 3920
f 3891 3920 3892
f 3892 3920 3921
f 3892 3921 3893
f 3893 3921 3922
f 3893 3922 3894
f 3894 3922 3923
f 3894 3923 3895
f 3895 3923 3924
f 3895 3924 3896
f 3896 3924 3897
f 3896 3897 3869
f 3897 3925 3926
f 3897 3926 3898
f 3898 3926 3927
f 3898 3927 3899
f 3899 3927 3928
f 3899 3928 3900
f 3900 3928 3929
f 3900 3929 3901
f 3901 3929 3930
f 3901 3930 3902
f 3902 3930 3931
f 3902 3931 3903
f 3903 3931 3932
f 3903 3932 3904
f 3904 3932 3933
f 3904 3933 3905
f 3905 3933 3934
f 3905 3934 3906
f 3906 3934 3935
f 3906 3935 3907
f 3907 3935 3936
f 3907 3936 3908
f 3908 3936 3937
f 3908 3937 3909
f 3909 3937 3938
f 3909 3938 3910
f 3910 3938 3939
f 3910 3939 3911
f 3911 3939 3940
f 3911 3940 3912
f 3912 3940 3941
f 3912 3941 3913
f 3913 3941 3942
f 3913 3942 3914
f 3914 3942 3943
f 3914 3943 3915
f 3915 3943 3944
f 3915 3944 3916
f 3916 3944 3945
f 3916 3945 3917
f 3917 3945 3946
f 3917 3946 3918
f 3918 3946 3947
f 3918 3947 3919
f 3919 3947 3948
f 3919 3948 3920
f 3920 3948 3949
f 3920 3949 3921
f 3921 3949 3950
f 3921 3950 3922
f 3922 3950 3951
f 3922 3951 3923
f 3923 3951 3952
f 3923 3952 3924
f 3924 3952 3925
f 3924 3925 3897
f 3925 3953 3954
f 3925 3954 3926
f 3926 3954 3955
f 3926 3955 3927
f 3927 3955 3956
f 3927 3956 3928
f 3928 3956 3957
f 3928 3957 3929
f 3929 3957 3958
f 3929 3958 3930
f 3930 3958 3959
f 3930 3959 3931
f 3931 3959 3960
f 3931 3960 3932
f 3932 3960 3961
f 3932 3961 3933
f 3933 3961 3962
f 3933 3962 3934
f 3934 3962 3963
f 3934 3963 3935
f 3935 3963 3964
f 3935 3964 3936
f 3936 3964 3965
f 3936 3965 3937
f 3937 3965 3966
f 3937 3966 3938
f 3938 3966 3967
f 3938 3967 3939
f 3939 3967 3968
f 3939 3968 3940
f 3940 3968 3969
f 3940 3969 3941
f 3941 3969 3970
f 3941 3970 3942
f 3942 3970 3971
f 3942 3971 3943
f 3943 3971 3972
f 3943 3972 3944
f 3944 3972 3973
f 3944 3973 3945
f 3945 3973 3974
f 3945 3974 3946
f 3946 3974 3975
f 3946 3975 3947
f 3947 3975 3976
f 3947 3976 3948
f 3948 3976 3977
f 3948 3977 3949
f 3949 3977 3978
f 3949 3978 3950
f 3950 3978 3979
f 3950 3979 3951
f 3951 3979 3980
f 3951 3980 3952
f 3952 3980 3953
f 3952 3953 3925
f 3953 3981 3982
f 3953 3982 3954
f 3954 3982 3983
f 3954 3983 3955
f 3955 3983 3984
f 3955 3984 3956
f 3956 3984 3985
f 3956 3985 3957
f 3957 3985 3986
f 3957 3986 3958
f 3958 3986 3987
f 3958 3987 3959
f 3959 3987 3988
f 3959 3988 3960
f 3960 3988 3989
f 3960 3989 3961
f 3961 3989 3990
f 3961 3990 3962
f 3962 3990 3991
f 3962 3991 3963
f 3963 3991 3992
f 3963 3992 3964
f 3964 3992 3993
f 3964 3993 3965
f 3965 3993 3994
f 3965 3994 3966
f 3966 3994 3995
f 3966 3995 3967
f 3967 3995 3996
f 3967 3996 3968
f 3968 3996 3997
f 3968 3997 3969
f 3969 3997 3998
f 3969 3998 3970
f 3970 3998 3999
f 3970 3999 3971
f 3971 3999 4000
f 3971 4000 3972
f 3972 4000 4001
f 3972 4001 3973
f 3973 4001 4002
f 3973 4002 3974
f 3974 4002 4003
f 3974 4003 3975
f 3975 4003 4004
f 3975 4004 3976
f 3976 4004 4005
f 3976 4005 3977
f 3977 4005 4006
f 3977 4006 3978
f 3978 4006 4007
f 3978 4007 3979
f 3979 4007 4008
f 3979 4008 3980
f 3980 4008 3981
f 3980 3981 3953
f 3981 4009 4010
f 3981 4010 3982
f 3982 4010 4011
f 3982 4011 3983
f 3983 4011 4012
f 3983 4012 3984
f 3984 4012 4013
f 3984 4013 3985
f 3985 4013 4014
f 3985 4014 3986
f 3986 4014 4015
f 3986 4015 3987
f 3987 4015 4016
f 3987 4016 3988
f 3988 4016 4017
f 3988 4017 3989
f 3989 4017 4018
f 3989 4018 3990
f 3990 4018 4019
f 3990 4019 3991
f 3991 4019 4020
f 3991 4020 3992
f 3992 4020 4021
f 3992 4021 3993
f 3993 4021 4022
f 3993 4022 3994
f 3994 4022 4023
f 3994 4023 3995
f 3995 4023 4024
f 3995 4024 3996
f 3996 4024 4025
f 3996 4025 3997
f 3997 4025 4026
f 3997 4026 3998
f 3998 4026 4027
f 3998 4027 3999
f 3999 4027 4028
f 3999 4028 4000
f 4000 4028 4029
f 4000 4029 4001
f 4001 4029 4030
f 4001 4030 4002
f 4002 4030 4031
f 4002 4031 4003
f 4003 4031 4032
f 4003 4032 4004
f 4004 4032 4033
f 4004 4033 4005
f 4005 4033 4034
f 4005 4034 4006
f 4006 4034 4035
f 4006 4035 4007
f 4007 4035 4036
f 4007 4036 4008
f 4008 4036 4009
f 4008 4009 3981
f 4009 4037 4038
f 4009 4038 4010
f 4010 4038 4039
f 4010 4039 4011
f 4011 4039 4040
f 4011 4040 4012
f 4012 4040 4041
f 4012 4041 4013
f 4013 4041 4042
f 4013 4042 4014
f 4014 4042 4043
f 4014 4043 4015
f 4015 4043 4044
f 4015 4044 4016
f 4016 4044 4045
f 4016 4045 4017
f 4017 4045 4046
f 4017 4046 4018
f 4018 4046 4047
f 4018 4047 4019
f 4019 4047 4048
f 4019 4048 4020
f 4020 4048 4049
f 4020 4049 4021
f 4021 4049 4050
f 4021 4050 4022
f 4022 4050 4051
f 4022 4051 4023
f 4023 4051 4052
f 4023 4052 4024
f 4024 4052 4053
f 4024 4053 4025
f 4025 4053 4054
f 4025 4054 4026
f 4026 4054 4055
f 4026 4055 4027
f 4027 4055 4056
f 4027 4056 4028
f 4028 4056 4057
f 4028 4057 4029
f 4029 4057 4058
f 4029 4058 4030
f 4030 4058 4059
f 4030 4059 4031
f 4031 4059 4060
f 4031 4060 4032
f 4032 4060 4061
f 4032 4061 4033
f 4033 4061 4062
f 4033 4062 4034
f 4034 4062 4063
f 4034 4063 4035
f 4035 4063 4064
f 4035 4064 4036
f 4036 4064 4037
f 4036 4037 4009
f 4037 4065 4066
f 4037 4066 4038
f 4038 4066 4067
f 4038 4067 4039
f 4039 4067 4068
f 4039 4068 4040
f 4040 4068 4069
f 4040 4069 4041
f 4041 4069 4070
f 4041 4070 4042
f 4042 4070 4071
f 4042 4071 4043
f 4043 4071 4072
f 4043 4072 4044
f 4044 4072 4073
f 4044 4073 4045
f 4045 4073 4074
f 4045 4074 4046
f 4046 4074 4075
f 4046 4075 4047
f 4047 4075 4076
f 4047 4076 4048
f 4048 4076 4077
f 4048 4077 4049
f 4049 4077 4078
f 4049 4078 4050
f 4050 4078 4079
f 4050 4079 4051
f 4051 4079 4080
f 4051 4080 4052
f 4052 4080 4081
f 4052 4081 4053
f 4053 4081 4082
f 4053 4082 4054
f 4054 4082 4083
f 4054 4083 4055
f 4055 4083 4084
f 4055 4084 4056
f 4056 4084 4085
f 4056 4085 4057
f 4057 4085 4086
f 4057 4086 4058
f 4058 4086 4087
f 4058 4087 4059
f 4059 4087 4088
f 4059 4088 4060
f 4060 4088 4089
f 4060 4089 4061
f 4061 4089 4090
f 4061 4090 4062
f 4062 4090 4091
f 4062 4091 4063
f 4063 4091 4092
f 4063 4092 4064
f 4064 4092 4065
f 4064 4065 4037
f 4065 4093 4094
f 4065 4094 4066
f 4066 4094 4095
f 4066 4095 4067
f 4067 4095 4096
f 4067 4096 4068
f 4068 4096 4097
f 4068 4097 4069
f 4069 4097 4098
f 4069 4098 4070
f 4070 4098 4099
f 4070 4099 4071
f 4071 4099 4100
f 4071 4100 4072
f 4072 4100 4101
f 4072 4101 4073
f 4073 4101 4102
f 4073 4102 4074
f 4074 4102 4103
f 4074 4103 4075
f 4075 4103 4104
f 4075 4104 4076
f 4076 4104 4105
f 4076 4105 4077
f 4077 4105 4106
f 4077 4106 4078
f 4078 4106 4107
f 4078 4107 4079
f 4079 4107 4108
f 4079 4108 4080
f 4080 4108 4109
f 4080 4109 4081
f 4081 4109 4110
f 4081 4110 4082
f 4082 4110 4111
f 4082 4111 4083
f 4083 4111 4112
f 4083 4112 4084
f 4084 4112 4113
f 4084 4113 4085
f 4085 4113 4114
f 4085 4114 4086
f 4086 4114 4115
f 4086 4115 4087
f 4087 4115 4116
f 4087 4116 4088
f 4088 4116 4117
f 4088 4117 4089
f 4089 4117 4118
f 4089 4118 4090
f 4090 4118 4119
f 4090 4119 4091
f 4091 4119 4120
f 4091 4120 4092
f 4092 4120 4093
f 4092 4093 4065
f 4093 4121 4122
f 4093 4122 4094
f 4094 4122 4123
f 4094 4123 4095
f 4095 4123 4124
f 4095 4124 4096
f 4096 4124 4125
f 4096 4125 4097
f 4097 4125 4126
f 4097 4126 4098
f 4098 4126 4127
f 4098 4127 4099
f 4099 4127 4128
f 4099 4128 4100
f 4100 4128 4129
f 4100 4129 4101
f 4101 4129 4130
f 4101 4130 4102
f 4102 4130 4131
f 4102 4131 4103
f 4103 4131 4132
f 4103 4132 4104
f 4104 4132 4133
f 4104 4133 4105
f 4105 4133 4134
f 4105 4134 4106
f 4106 4134 4135
f 4106 4135 4107
f 4107 4135 4136
f 4107 4136 4108
f 4108 4136 4137
f 4108 4137 4109
f 4109 4137 4138
f 4109 4138 4110
f 4110 4138 4139
f 4110 4139 4111
f 4111 4139 4140
f 4111 4140 4112
f 4112 4140 4141
f 4112 4141 4113
f 4113 4141 4142
f 4113 4142 4114
f 4114 4142 4143
f 4114 4143 4115
f 4115 4143 4144
f 4115 4144 4116
f 4116 4144 4145
f 4116 4145 4117
f 4117 4145 4146
f 4117 4146 4118
f 4118 4146 4147
f 4118 4147 4119
f 4119 4147 4148
f 4119 4148 4120
f 4120 4148 4121
f 4120 4121 4093
f 4121 4149 4150
f 4121 4150 4122
f 4122 4150 4151
f 4122 4151 4123
f 4123 4151 4152
f 4123 4152 4124
f 4124 4152 4153
f 4124 4153 4125
f 4125 4153 4154
f 4125 4154 4126
f 4126 4154 4155
f 4126 4155 4127
f 4127 4155 4156
f 4127 4156 4128
f 4128 4156 4157
f 4128 4157 4129
f 4129 4157 4158
f 4129 4158 4130
f 4130 4158 4159
f 4130 4159 4131
f 4131 4159 4160
f 4131 4160 4132
f 4132 4160 4161
f 4132 4161 4133
f 4133 4161 4162
f 4133 4162 4134
f 4134 4162 4163
f 4134 4163 4135
f 4135 4163 4164
f 4135 4164 4136
f 4136 4164 4165
f 4136 4165 4137
f 4137 4165 4166
f 4137 4166 4138
f 4138 4166 4167
f 4138 4167 4139
f 4139 4167 4168
f 4139 4168 4140
f 4140 4168 4169
f 4140 4169 4141
f 4141 4169 4170
f 4141 4170 4142
f 4142 4170 4171
f 4142 4171 4143
f 4143 4171 4172
f 4143 4172 4144
f 4144 4172 4173
f 4144 4173 4145
f 4145 4173 4174
f 4145 4174 4146
f 4146 4174 4175
f 4146 4175 4147
f 4147 4175 4176
f 4147 4176 4148
f 4148 4176 4149
f 4148 4149 4121
f 4149 4177 4178
f 4149 4178 4150
f 4150 4178 4179
f 4150 4179 4151
f 4151 4179 4180
f 4151 4180 4152
f 4152 4180 4181
f 4152 4181 4153
f 4153 4181 4182
f 4153 4182 4154
f 4154 4182 4183
f 4154 4183 4155
f 4155 4183 4184
f 4155 4184 4156
f 4156 4184 4185
f 4156 4185 4157
f 4157 4185 4186
f 4157 4186 4158
f 4158 4186 4187
f 4158 4187 4159
f 4159 4187 4188
f 4159 4188 4160
f 4160 4188 4189
f 4160 4189 4161
f 4161 4189 4190
f 4161 4190 4162
f 4162 4190 4191
f 4162 4191 4163
f 4163 4191 4192
f 4163 4192 4164
f 4164 4192 4193
f 4164 4193 4165
f 4165 4193 4194
f 4165 4194 4166
f 4166 4194 4195
f 4166 4195 4167
f 4167 4195 4196
f 4167 4196 4168
f 4168 4196 4197
f 4168 4197 4169
f 4169 4197 4198
f 4169 4198 4170
f 4170 4198 4199
f 4170 4199 4171
f 4171 4199 4200
f 4171 4200 4172
f 4172 4200 4201
f 4172 4201 4173
f 4173 4201 4202
f 4173 4202 4174
f 4174 4202 4203
f 4174 4203 4175
f 4175 4203 4204
f 4175 4204 4176
f 4176 4204 4177
f 4176 4177 4149
f 4177 4205 4206
f 4177 4206 4178
f 4178 4206 4207
f 4178 4207 4179
f 4179 4207 4208
f 4179 4208 4180
f 4180 4208 4209
f 4180 4209 4181
f 4181 4209 4210
f 4181 4210 4182
f 4182 4210 4211
f 4182 4211 4183
f 4183 4211 4212
f 4183 4212 4184
f 4184 4212 4213
f 4184 4213 4185
f 4185 4213 4214
f 4185 4214 4186
f 4186 4214 4215
f 4186 4215 4187
f 4187 4215 4216
f 4187 4216 4188
f 4188 4216 4217
f 4188 4217 4189
f 4189 4217 4218
f 4189 4218 4190
f 4190 4218 4219
f 4190 4219 4191
f 4191 4219 4220
f 4191 4220 4192
f 4192 4220 4221
f 4192 4221 4193
f 4193 4221 4222
f 4193 4222 4194
f 4194 4222 4223
f 4194 4223 4195
f 4195 4223 4224
f 4195 4224 4196
f 4196 4224 4225
f 4196 4225 4197
f 4197 4225 4226
f 4197 4226 4198
f 4198 4226 4227
f 4198 4227 4199
f 4199 4227 4228
f 4199 4228 4200
f 4200 4228 4229
f 4200 4229 4201
f 4201 4229 4230
f 4201 4230 4202
f 4202 4230 4231
f 4202 4231 4203
f 4203 4231 4232
f 4203 4232 4204
f 4204 4232 4205
f 4204 4205 4177
f 4205 4233 4234
f 4205 4234 4206
f 4206 4234 4235
f 4206 4235 4207
f 4207 4235 4236
f 4207 4236 4208
f 4208 4236 4237
f 4208 4237 4209
f 4209 4237 4238
f 4209 4238 4210
f 4210 4238 4239
f 4210 4239 4211
f 4211 4239 4240
f 4211 4240 4212
f 4212 4240 4241
f 4212 4241 4213
f 4213 4241 4242
f 4213 4242 4214
f 4214 4242 4243
f 4214 4243 4215
f 4215 4243 4244
f 4215 4244 4216
f 4216 4244 4245
f 4216 4245 4217
f 4217 4245 4246
f 4217 4246 4218
f 4218 4246 4247
f 4218 4247 4219
f 4219 4247 4248
f 4219 4248 4220
f 4220 4248 4249
f 4220 4249 4221
f 4221 4249 4250
f 4221 4250 4222
f 4222 4250 4251
f 4222 4251 4223
f 4223 4251 4252
f 4223 4252 4224
f 4224 4252 4253
f 4224 4253 4225
f 4225 4253 4254
f 4225 4254 4226
f 4226 4254 4255
f 4226 4255 4227
f 4227 4255 4256
f 4227 4256 4228
f 4228 4256 4257
f 4228 4257 4229
f 4229 4257 4258
f 4229 4258 4230
f 4230 4258 4259
f 4230 4259 4231
f 4231 4259 4260
f 4231 4260 4232
f 4232 4260 4233
f 4232 4233 4205
f 4233 4261 4262
f 4233 4262 4234
f 4234 4262 4263
f 4234 4263 4235
f 4235 4263 4264
f 4235 4264 4236
f 4236 4264 4265
f 4236 4265 4237
f 4237 4265 4266
f 4237 4266 4238
f 4238 4266 4267
f 4238 4267 4239
f 4239 4267 4268
f 4239 4268 4240
f 4240 4268 4269
f 4240 4269 4241
f 4241 4269 4270
f 4241 4270 4242
f 4242 4270 4271
f 4242 4271 4243
f 4243 4271 4272
f 4243 4272 4244
f 4244 4272 4273
f 4244 4273 4245
f 4245 4273 4274
f 4245 4274 4246
f 4246 4274 4275
f 4246 4275 4247
f 4247 4275 4276
f 4247 4276 4248
f 4248 4276 4277
f 4248 4277 4249
f 4249 4277 4278
f 4249 4278 4250
f 4250 4278 4279
f 4250 4279 4251
f 4251 4279 4280
f 4251 4280 4252
f 4252 4280 4281
f 4252 4281 4253
f 4253 4281 4282
f 4253 4282 4254
f 4254 4282 4283
f 4254 4283 4255
f 4255 4283 4284
f 4255 4284 4256
f 4256 4284 4285
f 4256 4285 4257
f 4257 4285 4286
f 4257 4286 4258
f 4258 4286 4287
f 4258 4287 4259
f 4259 4287 4288
f 4259 4288 4260
f 4260 4288 4261
f 4260 4261 4233
f 4261 4289 4290
f 4261 4290 4262
f 4262 4290 4291
f 4262 4291 4263
f 4263 4291 4292
f 4263 4292 4264
f 4264 4292 4293
f 4264 4293 4265
f 4265 4293 4294
f 4265 4294 4266
f 4266 4294 4295
f 4266 4295 4267
f 4267 4295 4296
f 4267 4296 4268
f 4268 4296 4297
f 4268 4297 4269
f 4269 4297 4298
f 4269 4298 4270
f 4270 4298 4299
f 4270 4299 4271
f 4271 4299 4300
f 4271 4300 4272
f 4272 4300 4301
f 4272 4301 4273
f 4273 4301 4302
f 4273 4302 4274
f 4274 4302 4303
f 4274 4303 4275
f 4275 4303 4304
f 4275 4304 4276
f 4276 4304 4305
f 4276 4305 4277
f 4277 4305 4306
f 4277 4306 4278
f 4278 4306 4307
f 4278 4307 4279
f 4279 4307 4308
f 4279 4308 4280
f 4280 4308 4309
f 4280 4309 4281
f 4281 4309 4310
f 4281 4310 4282
f 4282 4310 4311
f 4282 4311 4283
f 4283 4311 4312
f 4283 4312 4284
f 4284 4312 4313
f 4284 4313 4285
f 4285 4313 4314
f 4285 4314 4286
f 4286 4314 4315
f 4286 4315 4287
f 4287 4315 4316
f 4287 4316 4288
f 4288 4316 4289
f 4288 4289 4261
f 4289 4317 4318
f 4289 4318 4290
f 4290 4318 4319
f 4290 4319 4291
f 4291 4319 4320
f 4291 4320 4292
f 4292 4320 4321
f 4292 4321 4293
f 4293 4321 4322
f 4293 4322 4294
f 4294 4322 4323
f 4294 4323 4295
f 4295 4323 4324
f 4295 4324 4296
f 4296 4324 4325
f 4296 4325 4297
f 4297 4325 4326
f 4297 4326 4298
f 4298 4326 4327
f 4298 4327 4299
f 4299 4327 4328
f 4299 4328 4300
f 4300 4328 4329
f 4300 4329 4301
f 4301 4329 4330
f 4301 4330 4302
f 4302 4330 4331
f 4302 4331 4303
f 4303 4331 4332
f 4303 4332 4304
f 4304 4332 4333
f 4304 4333 4305
f 4305 4333 4334
f 4305 4334 4306
f 4306 4334 4335
f 4306 4335 4307
f 4307 4335 4336
f 4307 4336 4308
f 4308 4336 4337
f 4308 4337 4309
f 4309 4337 4338
f 4309 4338 4310
f 4310 4338 4339
f 4310 4339 4311
f 4311 4339 4340
f 4311 4340 4312
f 4312 4340 4341
f 4312 4341 4313
f 4313 4341 4342
f 4313 4342 4314
f 4314 4342 4343
f 4314 4343 4315
f 4315 4343 4344
f 4315 4344 4316
f 4316 4344 4317
f 4316 4317 4289
f 4317 4345 4346
f 4317 4346 4318
f 4318 4346 4347
f 4318 4347 4319
f 4319 4347 4348
f 4319 4348 4320
f 4320 4348 4349
f 4320 4349 4321
f 4321 4349 4350
f 4321 4350 4322
f 4322 4350 4351
f 4322 4351 4323
f 4323 4351 4352
f 4323 4352 4324
f 4324 4352 4353
f 4324 4353 4325
f 4325 4353 4354
f 4325 4354 4326
f 4326 4354 4355
f 4326 4355 4327
f 4327 4355 4356
f 4327 4356 4328
f 4328 4356 4357
f 4328 4357 4329
f 4329 4357 4358
f 4329 4358 4330
f 4330 4358 4359
f 4330 4359 4331
f 4331 4359 4360
f 4331 4360 4332
f 4332 4360 4361
f 4332 4361 4333
f 4333 4361 4362
f 4333 4362 4334
f 4334 4362 4363
f 4334 4363 4335
f 4335 4363 4364
f 4335 4364 4336
f 4336 4364 4365
f 4336 4365 4337
f 4337 4365 4366
f 4337 4366 4338
f 4338 4366 4367
f 4338 4367 4339
f 4339 4367 4368
f 4339 4368 4340
f 4340 4368 4369
f 4340 4369 4341
f 4341 4369 4370
f 4341 4370 4342
f 4342 4370 4371
f 4342 4371 4343
f 4343 4371 4372
f 4343 4372 4344
f 4344 4372 4345
f 4344 4345 4317
f 4345 4373 4374
f 4345 4374 4346
f 4346 4374 4375
f 4346 4375 4347
f 4347 4375 4376
f 4347 4376 4348
f 4348 4376 4377
f 4348 4377 4349
f 4349 4377 4378
f 4349 4378 4350
f 4350 4378 4379
f 4350 4379 4351
f 4351 4379 4380
f 4351 4380 4352
f 4352 4380 4381
f 4352 4381 4353
f 4353 4381 4382
f 4353 4382 4354
f 4354 4382 4383
f 4354 4383 4355
f 4355 4383 4384
f 4355 4384 4356
f 4356 4384 4385
f 4356 4385 4357
f 4357 4385 4386
f 4357 4386 4358
f 4358 4386 4387
f 4358 4387 4359
f 4359 4387 4388
f 4359 4388 4360
f 4360 4388 4389
f 4360 4389 4361
f 4361 4389 4390
f 4361 4390 4362
f 4362 4390 4391
f 4362 4391 4363
f 4363 4391 4392
f 4363 4392 4364
f 4364 4392 4393
f 4364 4393 4365
f 4365 4393 4394
f 4365 4394 4366
f 4366 4394 4395
f 4366 4395 4367
f 4367 4395 4396
f 4367 4396 4368
f 4368 4396 4397
f 4368 4397 4369
f 4369 4397 4398
f 4369 4398 4370
f 4370 4398 4399
f 4370 4399 4371
f 4371 4399 4400
f 4371 4400 4372
f 4372 4400 4373
f 4372 4373 4345
f 4373 4401 4402
f 4373 4402 4374
f 4374 4402 4403
f 4374 4403 4375
f 4375 4403 4404
f 4375 4404 4376
f 4376 4404 4405
f 4376 4405 4377
f 4377 4405 4406
f 4377 4406 4378
f 4378 4406 4407
f 4378 4407 4379
f 4379 4407 4408
f 4379 4408 4380
f 4380 4408 4409
f 4380 4409 4381
f 4381 4409 4410
f 4381 4410 4382
f 4382 4410 4411
f 4382 4411 4383
f 4383 4411 4412
f 4383 4412 4384
f 4384 4412 4413
f 4384 4413 4385
f 4385 4413 4414
f 4385 4414 4386
f 4386 4414 4415
f 4386 4415 4387
f 4387 4415 4416
f 4387 4416 4388
f 4388 4416 4417
f 4388 4417 4389
f 4389 4417 4418
f 4389 4418 4390
f 4390 4418 4419
f 4390 4419 4391
f 4391 4419 4420
f 4391 4420 4392
f 4392 4420 4421
f 4392 4421 4393
f 4393 4421 4422
f 4393 4422 4394
f 4394 4422 4423
f 4394 4423 4395
f 4395 4423 4424
f 4395 4424 4396
f 4396 4424 4425
f 4396 4425 4397
f 4397 4425 4426
f 4397 4426 4398
f 4398 4426 4427
f 4398 4427 4399
f 4399 4427 4428
f 4399 4428 4400
f 4400 4428 4401
f 4400 4401 4373
f 4401 4429 4430
f 4401 4430 4402
f 4402 4430 4431
f 4402 4431 4403
f 4403 4431 4432
f 4403 4432 4404
f 4404 4432 4433
f 4404 4433 4405
f 4405 4433 4434
f 4405 4434 4406
f 4406 4434 4435
f 4406 4435 4407
f 4407 4435 4436
f 4407 4436 4408
f 4408 4436 4437
f 4408 4437 4409
f 4409 4437 4438
f 4409 4438 4410
f 4410 4438 4439
f 4410 4439 4411
f 4411 4439 4440
f 4411 4440 4412
f 4412 4440 4441
f 4412 4441 4413
f 4413 4441 4442
f 4413 4442 4414
f 4414 4442 4443
f 4414 4443 4415
f 4415 4443 4444
f 4415 4444 4416
f 4416 4444 4445
f 4416 4445 4417
f 4417 4445 4446
f 4417 4446 4418
f 4418 4446 4447
f 4418 4447 4419
f 4419 4447 4448
f 4419 4448 4420
f 4420 4448 4449
f 4420 4449 4421
f 4421 4449 4450
f 4421 4450 4422
f 4422 4450 4451
f 4422 4451 4423
f 4423 4451 4452
f 4423 4452 4424
f 4424 4452 4453
f 4424 4453 4425
f 4425 4453 4454
f 4425 4454 4426
f 4426 4454 4455
f 4426 4455 4427
f 4427 4455 4456
f 4427 4456 4428
f 4428 4456 4429
f 4428 4429 4401
f 4429 4457 4458
f 4429 4458 4430
f 4430 4458 4459
f 4430 4459 4431
f 4431 4459 4460
f 4431 4460 4432
f 4432 4460 4461
f 4432 4461 4433
f 4433 4461 4462
f 4433 4462 4434
f 4434 4462 4463
f 4434 4463 4435
f 4435 4463 4464
f 4435 4464 4436
f 4436 4464 4465
f 4436 4465 4437
f 4437 4465 4466
f 4437 4466 4438
f 4438 4466 4467
f 4438 4467 4439
f 4439 4467 4468
f 4439 4468 4440
f 4440 4468 4469
f 4440 4469 4441
f 4441 4469 4470
f 4441 4470 4442
f 4442 4470 4471
f 4442 4471 4443
f 4443 4471 4472
f 4443 4472 4444
f 4444 4472 4473
f 4444 4473 4445
f 4445 4473 4474
f 4445 4474 4446
f 4446 4474 4475
f 4446 4475 4447
f 4447 4475 4476
f 4447 4476 4448
f 4448 4476 4477
f 4448 4477 4449
f 4449 4477 4478
f 4449 4478 4450
f 4450 4478 4479
f 4450 4479 4451
f 4451 4479 4480
f 4451 4480 4452
f 4452 4480 4481
f 4452 4481 4453
f 4453 4481 4482
f 4453 4482 4454
f 4454 4482 4483
f 4454 4483 4455
f 4455 4483 4484
f 4455 4484 4456
f 4456 4484 4457
f 4456 4457 4429
f 4457 4485 4486
f 4457 4486 4458
f 4458 4486 4487
f 4458 4487 4459
f 4459 4487 4488
f 4459 4488 4460
f 4460 4488 4489
f 4460 4489 4461
f 4461 4489 4490
f 4461 4490 4462
f 4462 4490 4491
f 4462 4491 4463
f 4463 4491 4492
f 4463 4492 4464
f 4464 4492 4493
f 4464 4493 4465
f 4465 4493 4494
f 4465 4494 4466
f 4466 4494 4495
f 4466 4495 4467
f 4467 4495 4496
f 4467 4496 4468
f 4468 4496 4497
f 4468 4497 4469
f 4469 4497 4498
f 4469 4498 4470
f 4470 4498 4499
f 4470 4499 4471
f 4471 4499 4500
f 4471 4500 4472
f 4472 4500 4501
f 4472 4501 4473
f 4473 4501 4502
f 4473 4502 4474
f 4474 4502 4503
f 4474 4503 4475
f 4475 4503 4504
f 4475 4504 4476
f 4476 4504 4505
f 4476 4505 4477
f 4477 4505 4506
f 4477 4506 4478
f 4478 4506 4507
f 4478 4507 4479
f 4479 4507 4508
f 4479 4508 4480
f 4480 4508 4509
f 4480 4509 4481
f 4481 4509 4510
f 4481 4510 4482
f 4482 4510 4511
f 4482 4511 4483
f 4483 4511 4512
f 4483 4512 4484
f 4484 4512 4485
f 4484 4485 4457
f 4485 4513 4514
f 4485 4514 4486
f 4486 4514 4515
f 4486 4515 4487
f 4487 4515 4516
f 4487 4516 4488
f 4488 4516 4517
f 4488 4517 4489
f 4489 4517 4518
f 4489 4518 4490
f 4490 4518 4519
f 4490 4519 4491
f 4491 4519 4520
f 4491 4520 4492
f 4492 4520 4521
f 4492 4521 4493
f 4493 4521 4522
f 4493 4522 4494
f 4494 4522 4523
f 4494 4523 4495
f 4495 4523 4524
f 4495 4524 4496
f 4496 4524 4525
f 4496 4525 4497
f 4497 4525 4526
f 4497 4526 4498
f 4498 4526 4527
f 4498 4527 4499
f 4499 4527 4528
f 4499 4528 4500
f 4500 4528 4529
f 4500 4529 4501
f 4501 4529 4530
f 4501 4530 4502
f 4502 4530 4531
f 4502 4531 4503
f 4503 4531 4532
f 4503 4532 4504
f 4504 4532 4533
f 4504 4533 4505
f 4505 4533 4534
f 4505 4534 4506
f 4506 4534 4535
f 4506 4535 4507
f 4507 4535 4536
f 4507 4536 4508
f 4508 4536 4537
f 4508 4537 4509
f 4509 4537 4538
f 4509 4538 4510
f 4510 4538 4539
f 4510 4539 4511
f 4511 4539 4540
f 4511 4540 4512
f 4512 4540 4513
f 4512 4513 4485
f 4513 4541 4542
f 4513 4542 4514
f 4514 4542 4543
f 4514 4543 4515
f 4515 4543 4544
f 4515 4544 4516
f 4516 4544 4545
f 4516 4545 4517
f 4517 4545 4546
f 4517 4546 4518
f 4518 4546 4547
f 4518 4547 4519
f 4519 4547 4548
f 4519 4548 4520
f 4520 4548 4549
f 4520 4549 4521
f 4521 4549 4550
f 4521 4550 4522
f 4522 4550 4551
f 4522 4551 4523
f 4523 4551 4552
f 4523 4552 4524
f 4524 4552 4553
f 4524 4553 4525
f 4525 4553 4554
f 4525 4554 4526
f 4526 4554 4555
f 4526 4555 4527
f 4527 4555 4556
f 4527 4556 4528
f 4528 4556 4557
f 4528 4557 4529
f 4529 4557 4558
f 4529 4558 4530
f 4530 4558 4559
f 4530 4559 4531
f 4531 4559 4560
f 4531 4560 4532
f 4532 4560 4561
f 4532 4561 4533
f 4533 4561 4562
f 4533 4562 4534
f 4534 4562 4563
f 4534 4563 4535
f 4535 4563 4564
f 4535 4564 4536
f 4536 4564 4565
f 4536 4565 4537
f 4537 4565 4566
f 4537 4566 4538
f 4538 4566 4567
f 4538 4567 4539
f 4539 4567 4568
f 4539 4568 4540
f 4540 4568 4541
f 4540 4541 4513
f 4541 4569 4570
f 4541 4570 4542
f 4542 4570 4571
f 4542 4571 4543
f 4543 4571 4572
f 4543 4572 4544
f 4544 4572 4573
f 4544 4573 4545
f 4545 4573 4574
f 4545 4574 4546
f 4546 4574 4575
f 4546 4575 4547
f 4547 4575 4576
f 4547 4576 4548
f 4548 4576 4577
f 4548 4577 4549
f 4549 4577 4578
f 4549 4578 4550
f 4550 4578 4579
f 4550 4579 4551
f 4551 4579 4580
f 4551 4580 4552
f 4552 4580 4581
f 4552 4581 4553
f 4553 4581 4582
f 4553 4582 4554
f 4554 4582 4583
f 4554 4583 4555
f 4555 4583 4584
f 4555 4584 4556
f 4556 4584 4585
f 4556 4585 4557
f 4557 4585 4586
f 4557 4586 4558
f 4558 4586 4587
f 4558 4587 4559
f 4559 4587 4588
f 4559 4588 4560
f 4560 4588 4589
f 4560 4589 4561
f 4561 4589 4590
f 4561 4590 4562
f 4562 4590 4591
f 4562 4591 4563
f 4563 4591 4592
f 4563 4592 4564
f 4564 4592 4593
f 4564 4593 4565
f 4565 4593 4594
f 4565 4594 4566
f 4566 4594 4595
f 4566 4595 4567
f 4567 4595 4596
f 4567 4596 4568
f 4568 4596 4569
f 4568 4569 4541
f 4569 4597 4598
f 4569 4598 4570
f 4570 4598 4599
f 4570 4599 4571
f 4571 4599 4600
f 4571 4600 4572
f 4572 4600 4601
f 4572 4601 4573
f 4573 4601 4602
f 4573 4602 4574
f 4574 4602 4603
f 4574 4603 4575
f 4575 4603 4604
f 4575 4604 4576
f 4576 4604 4605
f 4576 4605 4577
f 4577 4605 4606
f 4577 4606 4578
f 4578 4606 4607
f 4578 4607 4579
f 4579 4607 4608
f 4579 4608 4580
f 4580 4608 4609
f 4580 4609 4581
f 4581 4609 4610
f 4581 4610 4582
f 4582 4610 4611
f 4582 4611 4583
f 4583 4611 4612
f 4583 4612 4584
f 4584 4612 4613
f 4584 4613 4585
f 4585 4613 4614
f 4585 4614 4586
f 4586 4614 4615
f 4586 4615 4587
f 4587 4615 4616
f 4587 4616 4588
f 4588 4616 4617
f 4588 4617 4589
f 4589 4617 4618
f 4589 4618 4590
f 4590 4618 4619
f 4590 4619 4591
f 4591 4619 4620
f 4591 4620 4592
f 4592 4620 4621
f 4592 4621 4593
f 4593 4621 4622
f 4593 4622 4594
f 4594 4622 4623
f 4594 4623 4595
f 4595 4623 4624
f 4595 4624 4596
f 4596 4624 4597
f 4596 4597 4569
f 4597 4625 4626
f 4597 4626 4598
f 4598 4626 4627
f 4598 4627 4599
f 4599 4627 4628
f 4599 4628 4600
f 4600 4628 4629
f 4600 4629 4601
f 4601 4629 4630
f 4601 4630 4602
f 4602 4630 4631
f 4602 4631 4603
f 4603 4631 4632
f 4603 4632 4604
f 4604 4632 4633
f 4604 4633 4605
f 4605 4633 4634
f 4605 4634 4606
f 4606 4634 4635
f 4606 4635 4607
f 4607 4635 4636
f 4607 4636 4608
f 4608 4636 4637
f 4608 4637 4609
f 4609 4637 4638
f 4609 4638 4610
f 4610 4638 4639
f 4610 4639 4611
f 4611 4639 4640
f 4611 4640 4612
f 4612 4640 4641
f 4612 4641 4613
f 4613 4641 4642
f 4613 4642 4614
f 4614 4642 4643
f 4614 4643 4615
f 4615 4643 4644
f 4615 4644 4616
f 4616 4644 4645
f 4616 4645 4617
f 4617 4645 4646
f 4617 4646 4618
f 4618 4646 4647
f 4618 4647 4619
f 4619 4647 4648
f 4619 4648 4620
f 4620 4648 4649
f 4620 4649 4621
f 4621 4649 4650
f 4621 4650 4622
f 4622 4650 4651
f 4622 4651 4623
f 4623 4651 4652
f 4623 4652 4624
f 4624 4652 4625
f 4624 4625 4597
f 4625 4653 4654
f 4625 4654 4626
f 4626 4654 4655
f 4626 4655 4627
f 4627 4655 4656
f 4627 4656 4628
f 4628 4656 4657
f 4628 4657 4629
f 4629 4657 4658
f 4629 4658 4630
f 4630 4658 4659
f 4630 4659 4631
f 4631 4659 4660
f 4631 4660 4632
f 4632 4660 4661
f 4632 4661 4633
f 4633 4661 4662
f 4633 4662 4634
f 4634 4662 4663
f 4634 4663 4635
f 4635 4663 4664
f 4635 4664 4636
f 4636 4664 4665
f 4636 4665 4637
f 4637 4665 4666
f 4637 4666 4638
f 4638 4666 4667
f 4638 4667 4639
f 4639 4667 4668
f 4639 4668 4640
f 4640 4668 4669
f 4640 4669 4641
f 4641 4669 4670
f 4641 4670 4642
f 4642 4670 4671
f 4642 4671 4643
f 4643 4671 4672
f 4643 4672 4644
f 4644 4672 4673
f 4644 4673 4645
f 4645 4673 4674
f 4645 4674 4646
f 4646 4674 4675
f 4646 4675 4647
f 4647 4675 4676
f 4647 4676 4648
f 4648 4676 4677
f 4648 4677 4649
f 4649 4677 4678
f 4649 4678 4650
f 4650 4678 4679
f 4650 4679 4651
f 4651 4679 4680
f 4651 4680 4652
f 4652 4680 4653
f 4652 4653 4625
f 4653 4681 4682
f 4653 4682 4654
f 4654 4682 4683
f 4654 4683 4655
f 4655 4683 4684
f 4655 4684 4656
f 4656 4684 4685
f 4656 4685 4657
f 4657 4685 4686
f 4657 4686 4658
f 4658 4686 4687
f 4658 4687 4659
f 4659 4687 4688
f 4659 4688 4660
f 4660 4688 4689
f 4660 4689 4661
f 4661 4689 4690
f 4661 4690 4662
f 4662 4690 4691
f 4662 4691 4663
f 4663 4691 4692
f 4663 4692 4664
f 4664 4692 4693
f 4664 4693 4665
f 4665 4693 4694
f 4665 4694 4666
f 4666 4694 4695
f 4666 4695 4667
f 4667 4695 4696
f 4667 4696 4668
f 4668 4696 4697
f 4668 4697 4669
f 4669 4697 4698
f 4669 4698 4670
f 4670 4698 4699
f 4670 4699 4671
f 4671 4699 4700
f 4671 4700 4672
f 4672 4700 4701
f 4672 4701 4673
f 4673 4701 4702
f 4673 4702 4674
f 4674 4702 4703
f 4674 4703 4675
f 4675 4703 4704
f 4675 4704 4676
f 4676 4704 4705
f 4676 4705 4677
f 4677 4705 4706
f 4677 4706 4678
f 4678 4706 4707
f 4678 4707 4679
f 4679 4707 4708
f 4679 4708 4680
f 4680 4708 4681
f 4680 4681 4653
f 4681 4709 4710
f 4681 4710 4682
f 4682 4710 4711
f 4682 4711 4683
f 4683 4711 4712
f 4683 4712 4684
f 4684 4712 4713
f 4684 4713 4685
f 4685 4713 4714
f 4685 4714 4686
f 4686 4714 4715
f 4686 4715 4687
f 4687 4715 4716
f 4687 4716 4688
f 4688 4716 4717
f 4688 4717 4689
f 4689 4717 4718
f 4689 4718 4690
f 4690 4718 4719
f 4690 4719 4691
f 4691 4719 4720
f 4691 4720 4692
f 4692 4720 4721
f 4692 4721 4693
f 4693 4721 4722
f 4693 4722 4694
f 4694 4722 4723
f 4694 4723 4695
f 4695 4723 4724
f 4695 4724 4696
f 4696 4724 4725
f 4696 4725 4697
f 4697 4725 4726
f 4697 4726 4698
f 4698 4726 4727
f 4698 4727 4699
f 4699 4727 4728
f 4699 4728 4700
f 4700 4728 4729
f 4700 4729 4701
f 4701 4729 4730
f 4701 4730 4702
f 4702 4730 4731
f 4702 4731 4703
f 4703 4731 4732
f 4703 4732 4704
f 4704 4732 4733
f 4704 4733 4705
f 4705 4733 4734
f 4705 4734 4706
f 4706 4734 4735
f 4706 4735 4707
f 4707 4735 4736
f 4707 4736 4708
f 4708 4736 4709
f 4708 4709 4681
f 4709 4737 4738
f 4709 4738 4710
f 4710 4738 4739
f 4710 4739 4711
f 4711 4739 4740
f 4711 4740 4712
f 4712 4740 4741
f 4712 4741 4713
f 4713 4741 4742
f 4713 4742 4714
f 4714 4742 4743
f 4714 4743 4715
f 4715 4743 4744
f 4715 4744 4716
f 4716 4744 4745
f 4716 4745 4717
f 4717 4745 4746
f 4717 4746 4718
f 4718 4746 4747
f 4718 4747 4719
f 4719 4747 4748
f 4719 4748 4720
f 4720 4748 4749
f 4720 4749 4721
f 4721 4749 4750
f 4721 4750 4722
f 4722 4750 4751
f 4722 4751 4723
f 4723 4751 4752
f 4723 4752 4724
f 4724 4752 4753
f 4724 4753 4725
f 4725 4753 4754
f 4725 4754 4726
f 4726 4754 4755
f 4726 4755 4727
f 4727 4755 4756
f 4727 4756 4728
f 4728 4756 4757
f 4728 4757 4729
f 4729 4757 4758
f 4729 4758 4730
f 4730 4758 4759
f 4730 4759 4731
f 4731 4759 4760
f 4731 4760 4732
f 4732 4760 4761
f 4732 4761 4733
f 4733 4761 4762
f 4733 4762 4734
f 4734 4762 4763
f 4734 4763 4735
f 4735 4763 4764
f 4735 4764 4736
f 4736 4764 4737
f 4736 4737 4709
f 4737 4765 4766
f 4737 4766 4738
f 4738 4766 4767
f 4738 4767 4739
f 4739 4767 4768
f 4739 4768 4740
f 4740 4768 4769
f 4740 4769 4741
f 4741 4769 4770
f 4741 4770 4742
f 4742 4770 4771
f 4742 4771 4743
f 4743 4771 4772
f 4743 4772 4744
f 4744 4772 4773
f 4744 4773 4745
f 4745 4773 4774
f 4745 4774 4746
f 4746 4774 4775
f 4746 4775 4747
f 4747 4775 4776
f 4747 4776 4748
f 4748 4776 4777
f 4748 4777 4749
f 4749 4777 4778
f 4749 4778 4750
f 4750 4778 4779
f 4750 4779 4751
f 4751 4779 4780
f 4751 4780 4752
f 4752 4780 4781
f 4752 4781 4753
f 4753 4781 4782
f 4753 4782 4754
f 4754 4782 4783
f 4754 4783 4755
f 4755 4783 4784
f 4755 4784 4756
f 4756 4784 4785
f 4756 4785 4757
f 4757 4785 4786
f 4757 4786 4758
f 4758 4786 4787
f 4758 4787 4759
f 4759 4787 4788
f 4759 4788 4760
f 4760 4788 4789
f 4760 4789 4761
f 4761 4789 4790
f 4761 4790 4762
f 4762 4790 4791
f 4762 4791 4763
f 4763 4791 4792
f 4763 4792 4764
f 4764 4792 4765
f 4764 4765 4737
f 4765 4793 4794
f 4765 4794 4766
f 4766 4794 4795
f 4766 4795 4767
f 4767 4795 4796
f 4767 4796 4768
f 4768 4796 4797
f 4768 4797 4769
f 4769 4797 4798
f 4769 4798 4770
f 4770 4798 4799
f 4770 4799 4771
f 4771 4799 4800
f 4771 4800 4772
f 4772 4800 4801
f 4772 4801 4773
f 4773 4801 4802
f 4773 4802 4774
f 4774 4802 4803
f 4774 4803 4775
f 4775 4803 4804
f 4775 4804 4776
f 4776 4804 4805
f 4776 4805 4777
f 4777 4805 4806
f 4777 4806 4778
f 4778 4806 4807
f 4778 4807 4779
f 4779 4807 4808
f 4779 4808 4780
f 4780 4808 4809
f 4780 4809 4781
f 4781 4809 4810
f 4781 4810 4782
f 4782 4810 4811
f 4782 4811 4783
f 4783 4811 4812
f 4783 4812 4784
f 4784 4812 4813
f 4784 4813 4785
f 4785 4813 4814
f 4785 4814 4786
f 4786 4814 4815
f 4786 4815 4787
f 4787 4815 4816
f 4787 4816 4788
f 4788 4816 4817
f 4788 4817 4789
f 4789 4817 4818
f 4789 4818 4790
f 4790 4818 4819
f 4790 4819 4791
f 4791 4819 4820
f 4791 4820 4792
f 4792 4820 4793
f 4792 4793 4765
f 4793 4821 4822
f 4793 4822 4794
f 4794 4822 4823
f 4794 4823 4795
f 4795 4823 4824
f 4795 4824 4796
f 4796 4824 4825
f 4796 4825 4797
f 4797 4825 4826
f 4797 4826 4798
f 4798 4826 4827
f 4798 4827 4799
f 4799 4827 4828
f 4799 4828 4800
f 4800 4828 4829
f 4800 4829 4801
f 4801 4829 4830
f 4801 4830 4802
f 4802 4830 4831
f 4802 4831 4803
f 4803 4831 4832
f 4803 4832 4804
f 4804 4832 4833
f 4804 4833 4805
f 4805 4833 4834
f 4805 4834 4806
f 4806 4834 4835
f 4806 4835 4807
f 4807 4835 4836
f 4807 4836 4808
f 4808 4836 4837
f 4808 4837 4809
f 4809 4837 4838
f 4809 4838 4810
f 4810 4838 4839
f 4810 4839 4811
f 4811 4839 4840
f 4811 4840 4812
f 4812 4840 4841
f 4812 4841 4813
f 4813 4841 4842
f 4813 4842 4814
f 4814 4842 4843
f 4814 4843 4815
f 4815 4843 4844
f 4815 4844 4816
f 4816 4844 4845
f 4816 4845 4817
f 4817 4845 4846
f 4817 4846 4818
f 4818 4846 4847
f 4818 4847 4819
f 4819 4847 4848
f 4819 4848 4820
f 4820 4848 4821
f 4820 4821 4793
f 4821 4849 4850
f 4821 4850 4822
f 4822 4850 4851
f 4822 4851 4823
f 4823 4851 4852
f 4823 4852 4824
f 4824 4852 4853
f 4824 4853 4825
f 4825 4853 4854
f 4825 4854 4826
f 4826 4854 4855
f 4826 4855 4827
f 4827 4855 4856
f 4827 4856 4828
f 4828 4856 4857
f 4828 4857 4829
f 4829 4857 4858
f 4829 4858 4830
f 4830 4858 4859
f 4830 4859 4831
f 4831 4859 4860
f 4831 4860 4832
f 4832 4860 4861
f 4832 4861 4833
f 4833 4861 4862
f 4833 4862 4834
f 4834 4862 4863
f 4834 4863 4835
f 4835 4863 4864
f 4835 4864 4836
f 4836 4864 4865
f 4836 4865 4837
f 4837 4865 4866
f 4837 4866 4838
f 4838 4866 4867
f 4838 4867 4839
f 4839 4867 4868
f 4839 4868 4840
f 4840 4868 4869
f 4840 4869 4841
f 4841 4869 4870
f 4841 4870 4842
f 4842 4870 4871
f 4842 4871 4843
f 4843 4871 4872
f 4843 4872 4844
f 4844 4872 4873
f 4844 4873 4845
f 4845 4873 4874
f 4845 4874 4846
f 4846 4874 4875
f 4846 4875 4847
f 4847 4875 4876
f 4847 4876 4848
f 4848 4876 4849
f 4848 4849 4821
f 4877 3814 3813
f 4877 3815 3814
f 4877 3816 3815
f 4877 3817 3816
f 4877 3818 3817
f 4877 3819 3818
f 4877 3820 3819
f 4877 3821 3820
f 4877 3822 3821
f 4877 3823 3822
f 4877 3824 3823
f 4877 3825 3824
f 4877 3826 3825
f 4877 3827 3826
f 4877 3828 3827
f 4877 3829 3828
f 4877 3830 3829
f 4877 3831 3830
f 4877 3832 3831
f 4877 3833 3832
f 4877 3834 3833
f 4877 3835 3834
f 4877 3836 3835
f 4877 3837 3836
f 4877 3838 3837
f 4877 3839 3838
f 4877 3840 3839
f 4877 3813 3840
f 4878 4849 4850
f 4878 4850 4851
f 4878 4851 4852
f 4878 4852 4853
f 4878 4853 4854
f 4878 4854 4855
f 4878 4855 4856
f 4878 4856 4857
f 4878 4857 4858
f 4878 4858 4859
f 4878 4859 4860
f 4878 4860 4861
f 4878 4861 4862
f 4878 4862 4863
f 4878 4863 4864
f 4878 4864 4865
f 4878 4865 4866
f 4878 4866 4867
f 4878 4867 4868
f 4878 4868 4869
f 4878 4869 4870
f 4878 4870 4871
f 4878 4871 4872
f 4878 4872 4873
f 4878 4873 4874
f 4878 4874 4875
f 4878 4875 4876
f 4878 4876 4849
o placas_base
f 4879 4882 4881
f 4879 4881 4880
f 4883 4884 4885
f 4883 4885 4886
f 4879 4880 4884
f 4879 4884 4883
f 4881 4882 4886
f 4881 4886 4885
f 4880 4881 4885
f 4880 4885 4884
f 4882 4879 4883
f 4882 4883 4886
f 4887 4890 4889
f 4887 4889 4888
f 4891 4892 4893
f 4891 4893 4894
f 4887 4888 4892
f 4887 4892 4891
f 4889 4890 4894
f 4889 4894 4893
f 4888 4889 4893
f 4888 4893 4892
f 4890 4887 4891
f 4890 4891 4894
f 4895 4898 4897
f 4895 4897 4896
f 4899 4900 4901
f 4899 4901 4902
f 4895 4896 4900
f 4895 4900 4899
f 4897 4898 4902
f 4897 4902 4901
f 4896 4897 4901
f 4896 4901 4900
f 4898 4895 4899
f 4898 4899 4902
f 4903 4906 4905
f 4903 4905 4904
f 4907 4908 4909
f 4907 4909 4910
f 4903 4904 4908
f 4903 4908 4907
f 4905 4906 4910
f 4905 4910 4909
f 4904 4905 4909
f 4904 4909 4908
f 4906 4903 4907
f 4906 4907 4910
o discos_baliza
f 4975 4911 4913
f 4976 4914 4912
f 4911 4912 4914
f 4911 4914 4913
f 4975 4913 4915
f 4976 4916 4914
f 4913 4914 4916
f 4913 4916 4915
f 4975 4915 4917
f 4976 4918 4916
f 4915 4916 4918
f 4915 4918 4917
f 4975 4917 4919
f 4976 4920 4918
f 4917 4918 4920
f 4917 4920 4919
f 4975 4919 4921
f 4976 4922 4920
f 4919 4920 4922
f 4919 4922 4921
f 4975 4921 4923
f 4976 4924 4922
f 4921 4922 4924
f 4921 4924 4923
f 4975 4923 4925
f 4976 4926 4924
f 4923 4924 4926
f 4923 4926 4925
f 4975 4925 4927
f 4976 4928 4926
f 4925 4926 4928
f 4925 4928 4927
f 4975 4927 4929
f 4976 4930 4928
f 4927 4928 4930
f 4927 4930 4929
f 4975 4929 4931
f 4976 4932 4930
f 4929 4930 4932
f 4929 4932 4931
f 4975 4931 4933
f 4976 4934 4932
f 4931 4932 4934
f 4931 4934 4933
f 4975 4933 4935
f 4976 4936 4934
f 4933 4934 4936
f 4933 4936 4935
f 4975 4935 4937
f 4976 4938 4936
f 4935 4936 4938
f 4935 4938 4937
f 4975 4937 4939
f 4976 4940 4938
f 4937 4938 4940
f 4937 4940 4939
f 4975 4939 4941
f 4976 4942 4940
f 4939 4940 4942
f 4939 4942 4941
f 4975 4941 4943
f 4976 4944 4942
f 4941 4942 4944
f 4941 4944 4943
f 4975 4943 4945
f 4976 4946 4944
f 4943 4944 4946
f 4943 4946 4945
f 4975 4945 4947
f 4976 4948 4946
f 4945 4946 4948
f 4945 4948 4947
f 4975 4947 4949
f 4976 4950 4948
f 4947 4948 4950
f 4947 4950 4949
f 4975 4949 4951
f 4976 4952 4950
f 4949 4950 4952
f 4949 4952 4951
f 4975 4951 4953
f 4976 4954 4952
f 4951 4952 4954
f 4951 4954 4953
f 4975 4953 4955
f 4976 4956 4954
f 4953 4954 4956
f 4953 4956 4955
f 4975 4955 4957
f 4976 4958 4956
f 4955 4956 4958
f 4955 4958 4957
f 4975 4957 4959
f 4976 4960 4958
f 4957 4958 4960
f 4957 4960 4959
f 4975 4959 4961
f 4976 4962 4960
f 4959 4960 4962
f 4959 4962 4961
f 4975 4961 4963
f 4976 4964 4962
f 4961 4962 4964
f 4961 4964 4963
f 4975 4963 4965
f 4976 4966 4964
f 4963 4964 4966
f 4963 4966 4965
f 4975 4965 4967
f 4976 4968 4966
f 4965 4966 4968
f 4965 4968 4967
f 4975 4967 4969
f 4976 4970 4968
f 4967 4968 4970
f 4967 4970 4969
f 4975 4969 4971
f 4976 4972 4970
f 4969 4970 4972
f 4969 4972 4971
f 4975 4971 4973
f 4976 4974 4972
f 4971 4972 4974
f 4971 4974 4973
f 4975 4973 4911
f 4976 4912 4974
f 4973 4974 4912
f 4973 4912 4911
f 5041 4977 4979
f 5042 4980 4978
f 4977 4978 4980
f 4977 4980 4979
f 5041 4979 4981
f 5042 4982 4980
f 4979 4980 4982
f 4979 4982 4981
f 5041 4981 4983
f 5042 4984 4982
f 4981 4982 4984
f 4981 4984 4983
f 5041 4983 4985
f 5042 4986 4984
f 4983 4984 4986
f 4983 4986 4985
f 5041 4985 4987
f 5042 4988 4986
f 4985 4986 4988
f 4985 4988 4987
f 5041 4987 4989
f 5042 4990 4988
f 4987 4988 4990
f 4987 4990 4989
f 5041 4989 4991
f 5042 4992 4990
f 4989 4990 4992
f 4989 4992 4991
f 5041 4991 4993
f 5042 4994 4992
f 4991 4992 4994
f 4991 4994 4993
f 5041 4993 4995
f 5042 4996 4994
f 4993 4994 4996
f 4993 4996 4995
f 5041 4995 4997
f 5042 4998 4996
f 4995 4996 4998
f 4995 4998 4997
f 5041 4997 4999
f 5042 5000 4998
f 4997 4998 5000
f 4997 5000 4999
f 5041 4999 5001
f 5042 5002 5000
f 4999 5000 5002
f 4999 5002 5001
f 5041 5001 5003
f 5042 5004 5002
f 5001 5002 5004
f 5001 5004 5003
f 5041 5003 5005
f 5042 5006 5004
f 5003 5004 5006
f 5003 5006 5005
f 5041 5005 5007
f 5042 5008 5006
f 5005 5006 5008
f 5005 5008 5007
f 5041 5007 5009
f 5042 5010 5008
f 5007 5008 5010
f 5007 5010 5009
f 5041 5009 5011
f 5042 5012 5010
f 5009 5010 5012
f 5009 5012 5011
f 5041 5011 5013
f 5042 5014 5012
f 5011 5012 5014
f 5011 5014 5013
f 5041 5013 5015
f 5042 5016 5014
f 5013 5014 5016
f 5013 5016 5015
f 5041 5015 5017
f 5042 5018 5016
f 5015 5016 5018
f 5015 5018 5017
f 5041 5017 5019
f 5042 5020 5018
f 5017 5018 5020
f 5017 5020 5019
f 5041 5019 5021
f 5042 5022 5020
f 5019 5020 5022
f 5019 5022 5021
f 5041 5021 5023
f 5042 5024 5022
f 5021 5022 5024
f 5021 5024 5023
f 5041 5023 5025
f 5042 5026 5024
f 5023 5024 5026
f 5023 5026 5025
f 5041 5025 5027
f 5042 5028 5026
f 5025 5026 5028
f 5025 5028 5027
f 5041 5027 5029
f 5042 5030 5028
f 5027 5028 5030
f 5027 5030 5029
f 5041 5029 5031
f 5042 5032 5030
f 5029 5030 5032
f 5029 5032 5031
f 5041 5031 5033
f 5042 5034 5032
f 5031 5032 5034
f 5031 5034 5033
f 5041 5033 5035
f 5042 5036 5034
f 5033 5034 5036
f 5033 5036 5035
f 5041 5035 5037
f 5042 5038 5036
f 5035 5036 5038
f 5035 5038 5037
f 5041 5037 5039
f 5042 5040 5038
f 5037 5038 5040
f 5037 5040 5039
f 5041 5039 4977
f 5042 4978 5040
f 5039 5040 4978
f 5039 4978 4977
