v -680.00 30.00 0.00
v -686.68 29.25 0.00
v -693.02 27.03 0.00
v -698.70 23.45 0.00
v -703.45 18.70 0.00
v -707.03 13.02 0.01
v -709.25 6.68 0.01
v -710.00 0.00 0.01
v -709.25 -6.68 0.01
v -707.03 -13.02 0.01
v -703.45 -18.70 0.00
v -698.70 -23.45 0.00
v -693.02 -27.03 0.00
v -686.68 -29.25 0.00
v -680.00 -30.00 0.00
v -673.32 -29.25 -0.00
v -666.98 -27.03 -0.00
v -661.30 -23.45 -0.00
v -656.55 -18.70 -0.00
v -652.97 -13.02 -0.01
v -650.75 -6.68 -0.01
v -650.00 -0.00 -0.01
v -650.75 6.68 -0.01
v -652.97 13.02 -0.01
v -656.55 18.70 -0.00
v -661.30 23.45 -0.00
v -666.98 27.03 -0.00
v -673.32 29.25 -0.00
v -679.95 30.00 279.68
v -686.62 29.25 279.68
v -692.96 27.03 279.69
v -698.65 23.45 279.69
v -703.40 18.70 279.70
v -706.98 13.02 279.70
v -709.19 6.68 279.70
v -709.95 0.00 279.70
v -709.19 -6.68 279.70
v -706.98 -13.02 279.70
v -703.40 -18.70 279.70
v -698.65 -23.45 279.69
v -692.96 -27.03 279.69
v -686.62 -29.25 279.68
v -679.95 -30.00 279.68
v -673.27 -29.25 279.67
v -666.93 -27.03 279.67
v -661.24 -23.45 279.67
v -656.49 -18.70 279.66
v -652.92 -13.02 279.66
v -650.70 -6.68 279.66
v -649.95 -0.00 279.66
v -650.70 6.68 279.66
v -652.92 13.02 279.66
v -656.49 18.70 279.66
v -661.24 23.45 279.67
v -666.93 27.03 279.67
v -673.27 29.25 279.67
v -679.78 30.00 283.70
v -686.45 29.25 284.06
v -692.78 27.03 284.40
v -698.46 23.45 284.70
v -703.21 18.70 284.96
v -706.77 13.02 285.15
v -708.99 6.68 285.27
v -709.74 0.00 285.31
v -708.99 -6.68 285.27
v -706.77 -13.02 285.15
v -703.21 -18.70 284.96
v -698.46 -23.45 284.70
v -692.78 -27.03 284.40
v -686.45 -29.25 284.06
v -679.78 -30.00 283.70
v -673.12 -29.25 283.34
v -666.79 -27.03 283.00
v -661.11 -23.45 282.70
v -656.36 -18.70 282.44
v -652.79 -13.02 282.25
v -650.58 -6.68 282.13
v -649.83 -0.00 282.09
v -650.58 6.68 282.13
v -652.79 13.02 282.25
v -656.36 18.70 282.44
v -661.11 23.45 282.70
v -666.79 27.03 283.00
v -673.12 29.25 283.34
v -679.51 30.00 287.71
v -686.17 29.25 288.25
v -692.49 27.03 288.76
v -698.16 23.45 289.21
v -702.89 18.70 289.60
v -706.46 13.02 289.88
v -708.67 6.68 290.06
v -709.42 0.00 290.12
v -708.67 -6.68 290.06
v -706.46 -13.02 289.88
v -702.89 -18.70 289.60
v -698.16 -23.45 289.21
v -692.49 -27.03 288.76
v -686.17 -29.25 288.25
v -679.51 -30.00 287.71
v -672.86 -29.25 287.17
v -666.54 -27.03 286.67
v -660.87 -23.45 286.21
v -656.14 -18.70 285.83
v -652.57 -13.02 285.54
v -650.36 -6.68 285.36
v -649.61 -0.00 285.30
v -650.36 6.68 285.36
v -652.57 13.02 285.54
v -656.14 18.70 285.83
v -660.87 23.45 286.21
v -666.54 27.03 286.67
v -672.86 29.25 287.17
v -679.14 30.00 291.72
v -685.78 29.25 292.43
v -692.08 27.03 293.11
v -697.74 23.45 293.72
v -702.46 18.70 294.23
v -706.01 13.02 294.61
v -708.22 6.68 294.85
v -708.97 0.00 294.93
v -708.22 -6.68 294.85
v -706.01 -13.02 294.61
v -702.46 -18.70 294.23
v -697.74 -23.45 293.72
v -692.08 -27.03 293.11
v -685.78 -29.25 292.43
v -679.14 -30.00 291.72
v -672.50 -29.25 291.00
v -666.20 -27.03 290.32
v -660.54 -23.45 289.71
v -655.82 -18.70 289.20
v -652.26 -13.02 288.82
v -650.06 -6.68 288.58
v -649.31 -0.00 288.50
v -650.06 6.68 288.58
v -652.26 13.02 288.82
v -655.82 18.70 289.20
v -660.54 23.45 289.71
v -666.20 27.03 290.32
v -672.50 29.25 291.00
v -678.65 30.00 295.71
v -685.27 29.25 296.60
v -691.55 27.03 297.45
v -697.19 23.45 298.21
v -701.90 18.70 298.84
v -705.44 13.02 299.32
v -707.64 6.68 299.62
v -708.38 0.00 299.72
v -707.64 -6.68 299.62
v -705.44 -13.02 299.32
v -701.90 -18.70 298.84
v -697.19 -23.45 298.21
v -691.55 -27.03 297.45
v -685.27 -29.25 296.60
v -678.65 -30.00 295.71
v -672.04 -29.25 294.82
v -665.75 -27.03 293.97
v -660.12 -23.45 293.21
v -655.41 -18.70 292.57
v -651.87 -13.02 292.09
v -649.67 -6.68 291.80
v -648.92 -0.00 291.70
v -649.67 6.68 291.80
v -651.87 13.02 292.09
v -655.41 18.70 292.57
v -660.12 23.45 293.21
v -665.75 27.03 293.97
v -672.04 29.25 294.82
v -678.06 30.00 299.69
v -684.65 29.25 300.76
v -690.91 27.03 301.77
v -696.53 23.45 302.68
v -701.22 18.70 303.44
v -704.74 13.02 304.02
v -706.93 6.68 304.37
v -707.68 0.00 304.49
v -706.93 -6.68 304.37
v -704.74 -13.02 304.02
v -701.22 -18.70 303.44
v -696.53 -23.45 302.68
v -690.91 -27.03 301.77
v -684.65 -29.25 300.76
v -678.06 -30.00 299.69
v -671.47 -29.25 298.62
v -665.21 -27.03 297.60
v -659.60 -23.45 296.69
v -654.91 -18.70 295.93
v -651.38 -13.02 295.36
v -649.19 -6.68 295.00
v -648.45 -0.00 294.88
v -649.19 6.68 295.00
v -651.38 13.02 295.36
v -654.91 18.70 295.93
v -659.60 23.45 296.69
v -665.21 27.03 297.60
v -671.47 29.25 298.62
v -677.37 30.00 303.65
v -683.92 29.25 304.89
v -690.15 27.03 306.08
v -695.74 23.45 307.14
v -700.41 18.70 308.02
v -703.92 13.02 308.69
v -706.10 6.68 309.10
v -706.84 0.00 309.24
v -706.10 -6.68 309.10
v -703.92 -13.02 308.69
v -700.41 -18.70 308.02
v -695.74 -23.45 307.14
v -690.15 -27.03 306.08
v -683.92 -29.25 304.89
v -677.37 -30.00 303.65
v -670.81 -29.25 302.40
v -664.58 -27.03 301.22
v -658.99 -23.45 300.16
v -654.32 -18.70 299.27
v -650.81 -13.02 298.60
v -648.63 -6.68 298.19
v -647.89 -0.00 298.05
v -648.63 6.68 298.19
v -650.81 13.02 298.60
v -654.32 18.70 299.27
v -658.99 23.45 300.16
v -664.58 27.03 301.22
v -670.81 29.25 302.40
v -676.56 30.00 307.59
v -683.09 29.25 309.01
v -689.28 27.03 310.36
v -694.84 23.45 311.57
v -699.48 18.70 312.58
v -702.97 13.02 313.34
v -705.14 6.68 313.81
v -705.87 0.00 313.97
v -705.14 -6.68 313.81
v -702.97 -13.02 313.34
v -699.48 -18.70 312.58
v -694.84 -23.45 311.57
v -689.28 -27.03 310.36
v -683.09 -29.25 309.01
v -676.56 -30.00 307.59
v -670.04 -29.25 306.17
v -663.84 -27.03 304.82
v -658.29 -23.45 303.61
v -653.65 -18.70 302.59
v -650.15 -13.02 301.83
v -647.98 -6.68 301.36
v -647.25 -0.00 301.20
v -647.98 6.68 301.36
v -650.15 13.02 301.83
v -653.65 18.70 302.59
v -658.29 23.45 303.61
v -663.84 27.03 304.82
v -670.04 29.25 306.17
v -675.65 30.00 311.51
v -682.14 29.25 313.10
v -688.29 27.03 314.62
v -693.82 23.45 315.98
v -698.43 18.70 317.11
v -701.90 13.02 317.96
v -704.05 6.68 318.49
v -704.78 0.00 318.67
v -704.05 -6.68 318.49
v -701.90 -13.02 317.96
v -698.43 -18.70 317.11
v -693.82 -23.45 315.98
v -688.29 -27.03 314.62
v -682.14 -29.25 313.10
v -675.65 -30.00 311.51
v -669.17 -29.25 309.91
v -663.01 -27.03 308.39
v -657.49 -23.45 307.04
v -652.88 -18.70 305.90
v -649.41 -13.02 305.05
v -647.25 -6.68 304.52
v -646.52 -0.00 304.34
v -647.25 6.68 304.52
v -649.41 13.02 305.05
v -652.88 18.70 305.90
v -657.49 23.45 307.04
v -663.01 27.03 308.39
v -669.17 29.25 309.91
v -674.64 30.00 315.40
v -681.08 29.25 317.17
v -687.19 27.03 318.85
v -692.68 23.45 320.35
v -697.26 18.70 321.61
v -700.70 13.02 322.56
v -702.84 6.68 323.15
v -703.57 0.00 323.34
v -702.84 -6.68 323.15
v -700.70 -13.02 322.56
v -697.26 -18.70 321.61
v -692.68 -23.45 320.35
v -687.19 -27.03 318.85
v -681.08 -29.25 317.17
v -674.64 -30.00 315.40
v -668.20 -29.25 313.63
v -662.09 -27.03 311.95
v -656.60 -23.45 310.44
v -652.02 -18.70 309.18
v -648.58 -13.02 308.24
v -646.44 -6.68 307.65
v -645.71 -0.00 307.45
v -646.44 6.68 307.65
v -648.58 13.02 308.24
v -652.02 18.70 309.18
v -656.60 23.45 310.44
v -662.09 27.03 311.95
v -668.20 29.25 313.63
v -673.52 30.00 319.26
v -679.91 29.25 321.20
v -685.98 27.03 323.04
v -691.42 23.45 324.70
v -695.97 18.70 326.08
v -699.38 13.02 327.12
v -701.51 6.68 327.76
v -702.23 0.00 327.98
v -701.51 -6.68 327.76
v -699.38 -13.02 327.12
v -695.97 -18.70 326.08
v -691.42 -23.45 324.70
v -685.98 -27.03 323.04
v -679.91 -29.25 321.20
v -673.52 -30.00 319.26
v -667.14 -29.25 317.32
v -661.07 -27.03 315.48
v -655.63 -23.45 313.82
v -651.08 -18.70 312.44
v -647.66 -13.02 311.40
v -645.54 -6.68 310.76
v -644.82 -0.00 310.54
v -645.54 6.68 310.76
v -647.66 13.02 311.40
v -651.08 18.70 312.44
v -655.63 23.45 313.82
v -661.07 27.03 315.48
v -667.14 29.25 317.32
v -672.30 30.00 323.09
v -678.62 29.25 325.24
v -684.63 27.03 327.28
v -690.01 23.45 329.10
v -694.51 18.70 330.63
v -697.90 13.02 331.78
v -700.00 6.68 332.49
v -700.71 0.00 332.73
v -700.00 -6.68 332.49
v -697.90 -13.02 331.78
v -694.51 -18.70 330.63
v -690.01 -23.45 329.10
v -684.63 -27.03 327.28
v -678.62 -29.25 325.24
v -672.30 -30.00 323.09
v -665.98 -29.25 320.95
v -659.98 -27.03 318.91
v -654.59 -23.45 317.08
v -650.09 -18.70 315.55
v -646.71 -13.02 314.41
v -644.61 -6.68 313.69
v -643.89 -0.00 313.45
v -644.61 6.68 313.69
v -646.71 13.02 314.41
v -650.09 18.70 315.55
v -654.59 23.45 317.08
v -659.98 27.03 318.91
v -665.98 29.25 320.95
v -642.83 30.00 409.69
v -649.11 29.25 411.94
v -655.08 27.03 414.08
v -660.44 23.45 416.00
v -664.91 18.70 417.60
v -668.28 13.02 418.80
v -670.37 6.68 419.55
v -671.07 0.00 419.80
v -670.37 -6.68 419.55
v -668.28 -13.02 418.80
v -664.91 -18.70 417.60
v -660.44 -23.45 416.00
v -655.08 -27.03 414.08
v -649.11 -29.25 411.94
v -642.83 -30.00 409.69
v -636.54 -29.25 407.44
v -630.57 -27.03 405.31
v -625.22 -23.45 403.39
v -620.75 -18.70 401.79
v -617.38 -13.02 400.58
v -615.29 -6.68 399.83
v -614.58 -0.00 399.58
v -615.29 6.68 399.83
v -617.38 13.02 400.58
v -620.75 18.70 401.79
v -625.22 23.45 403.39
v -630.57 27.03 405.31
v -636.54 29.25 407.44
v -637.08 30.00 421.51
v -642.94 29.25 424.69
v -648.52 27.03 427.71
v -653.52 23.45 430.43
v -657.69 18.70 432.69
v -660.83 13.02 434.39
v -662.78 6.68 435.45
v -663.45 0.00 435.81
v -662.78 -6.68 435.45
v -660.83 -13.02 434.39
v -657.69 -18.70 432.69
v -653.52 -23.45 430.43
v -648.52 -27.03 427.71
v -642.94 -29.25 424.69
v -637.08 -30.00 421.51
v -631.21 -29.25 418.32
v -625.63 -27.03 415.30
v -620.63 -23.45 412.59
v -616.46 -18.70 410.32
v -613.32 -13.02 408.62
v -611.37 -6.68 407.56
v -610.71 -0.00 407.20
v -611.37 6.68 407.56
v -613.32 13.02 408.62
v -616.46 18.70 410.32
v -620.63 23.45 412.59
v -625.63 27.03 415.30
v -631.21 29.25 418.32
v -630.31 30.00 432.77
v -635.88 29.25 436.46
v -641.16 27.03 439.96
v -645.91 23.45 443.10
v -649.87 18.70 445.72
v -652.85 13.02 447.69
v -654.70 6.68 448.91
v -655.33 0.00 449.33
v -654.70 -6.68 448.91
v -652.85 -13.02 447.69
v -649.87 -18.70 445.72
v -645.91 -23.45 443.10
v -641.16 -27.03 439.96
v -635.88 -29.25 436.46
v -630.31 -30.00 432.77
v -624.74 -29.25 429.09
v -619.45 -27.03 425.59
v -614.71 -23.45 422.45
v -610.75 -18.70 419.83
v -607.77 -13.02 417.85
v -605.92 -6.68 416.63
v -605.29 -0.00 416.21
v -605.92 6.68 416.63
v -607.77 13.02 417.85
v -610.75 18.70 419.83
v -614.71 23.45 422.45
v -619.45 27.03 425.59
v -624.74 29.25 429.09
v -622.58 30.00 443.40
v -627.81 29.25 447.56
v -632.77 27.03 451.51
v -637.22 23.45 455.05
v -640.93 18.70 458.01
v -643.73 13.02 460.24
v -645.47 6.68 461.62
v -646.05 0.00 462.09
v -645.47 -6.68 461.62
v -643.73 -13.02 460.24
v -640.93 -18.70 458.01
v -637.22 -23.45 455.05
v -632.77 -27.03 451.51
v -627.81 -29.25 447.56
v -622.58 -30.00 443.40
v -617.36 -29.25 439.25
v -612.40 -27.03 435.30
v -607.95 -23.45 431.75
v -604.23 -18.70 428.80
v -601.44 -13.02 426.57
v -599.70 -6.68 425.19
v -599.11 -0.00 424.72
v -599.70 6.68 425.19
v -601.44 13.02 426.57
v -604.23 18.70 428.80
v -607.95 23.45 431.75
v -612.40 27.03 435.30
v -617.36 29.25 439.25
v -613.96 30.00 453.32
v -618.80 29.25 457.91
v -623.39 27.03 462.28
v -627.52 23.45 466.20
v -630.96 18.70 469.47
v -633.55 13.02 471.94
v -635.16 6.68 473.46
v -635.70 0.00 473.98
v -635.16 -6.68 473.46
v -633.55 -13.02 471.94
v -630.96 -18.70 469.47
v -627.52 -23.45 466.20
v -623.39 -27.03 462.28
v -618.80 -29.25 457.91
v -613.96 -30.00 453.32
v -609.12 -29.25 448.72
v -604.52 -27.03 444.35
v -600.40 -23.45 440.43
v -596.95 -18.70 437.16
v -594.36 -13.02 434.70
v -592.76 -6.68 433.17
v -592.21 -0.00 432.65
v -592.76 6.68 433.17
v -594.36 13.02 434.70
v -596.95 18.70 437.16
v -600.40 23.45 440.43
v -604.52 27.03 444.35
v -609.12 29.25 448.72
v -604.50 30.00 462.44
v -608.91 29.25 467.44
v -613.11 27.03 472.19
v -616.87 23.45 476.46
v -620.02 18.70 480.02
v -622.38 13.02 482.70
v -623.85 6.68 484.36
v -624.35 0.00 484.93
v -623.85 -6.68 484.36
v -622.38 -13.02 482.70
v -620.02 -18.70 480.02
v -616.87 -23.45 476.46
v -613.11 -27.03 472.19
v -608.91 -29.25 467.44
v -604.50 -30.00 462.44
v -600.08 -29.25 457.43
v -595.88 -27.03 452.68
v -592.12 -23.45 448.41
v -588.97 -18.70 444.85
v -586.61 -13.02 442.17
v -585.14 -6.68 440.51
v -584.64 -0.00 439.95
v -585.14 6.68 440.51
v -586.61 13.02 442.17
v -588.97 18.70 444.85
v -592.12 23.45 448.41
v -595.88 27.03 452.68
v -600.08 29.25 457.43
v -594.27 30.00 470.69
v -598.23 29.25 476.07
v -602.00 27.03 481.17
v -605.38 23.45 485.75
v -608.20 18.70 489.57
v -610.32 13.02 492.44
v -611.63 6.68 494.23
v -612.08 0.00 494.84
v -611.63 -6.68 494.23
v -610.32 -13.02 492.44
v -608.20 -18.70 489.57
v -605.38 -23.45 485.75
v -602.00 -27.03 481.17
v -598.23 -29.25 476.07
v -594.27 -30.00 470.69
v -590.31 -29.25 465.32
v -586.54 -27.03 460.22
v -583.17 -23.45 455.64
v -580.35 -18.70 451.82
v -578.23 -13.02 448.94
v -576.91 -6.68 447.16
v -576.46 -0.00 446.55
v -576.91 6.68 447.16
v -578.23 13.02 448.94
v -580.35 18.70 451.82
v -583.17 23.45 455.64
v -586.54 27.03 460.22
v -590.31 29.25 465.32
v -583.36 30.00 478.02
v -586.84 29.25 483.72
v -590.15 27.03 489.13
v -593.11 23.45 493.99
v -595.58 18.70 498.05
v -597.45 13.02 501.10
v -598.60 6.68 502.99
v -598.99 0.00 503.63
v -598.60 -6.68 502.99
v -597.45 -13.02 501.10
v -595.58 -18.70 498.05
v -593.11 -23.45 493.99
v -590.15 -27.03 489.13
v -586.84 -29.25 483.72
v -583.36 -30.00 478.02
v -579.89 -29.25 472.33
v -576.58 -27.03 466.91
v -573.62 -23.45 462.06
v -571.15 -18.70 458.00
v -569.28 -13.02 454.95
v -568.13 -6.68 453.06
v -567.74 -0.00 452.42
v -568.13 6.68 453.06
v -569.28 13.02 454.95
v -571.15 18.70 458.00
v -573.62 23.45 462.06
v -576.58 27.03 466.91
v -579.89 29.25 472.33
v -571.86 30.00 484.37
v -574.82 29.25 490.35
v -577.64 27.03 496.03
v -580.17 23.45 501.13
v -582.28 18.70 505.39
v -583.87 13.02 508.59
v -584.85 6.68 510.58
v -585.18 0.00 511.25
v -584.85 -6.68 510.58
v -583.87 -13.02 508.59
v -582.28 -18.70 505.39
v -580.17 -23.45 501.13
v -577.64 -27.03 496.03
v -574.82 -29.25 490.35
v -571.86 -30.00 484.37
v -568.89 -29.25 478.39
v -566.08 -27.03 472.71
v -563.55 -23.45 467.61
v -561.44 -18.70 463.36
v -559.85 -13.02 460.16
v -558.87 -6.68 458.17
v -558.53 -0.00 457.49
v -558.87 6.68 458.17
v -559.85 13.02 460.16
v -561.44 18.70 463.36
v -563.55 23.45 467.61
v -566.08 27.03 472.71
v -568.89 29.25 478.39
v -559.84 30.00 489.69
v -562.27 29.25 495.91
v -564.58 27.03 501.81
v -566.65 23.45 507.11
v -568.38 18.70 511.53
v -569.68 13.02 514.86
v -570.49 6.68 516.93
v -570.76 0.00 517.63
v -570.49 -6.68 516.93
v -569.68 -13.02 514.86
v -568.38 -18.70 511.53
v -566.65 -23.45 507.11
v -564.58 -27.03 501.81
v -562.27 -29.25 495.91
v -559.84 -30.00 489.69
v -557.41 -29.25 483.47
v -555.10 -27.03 477.57
v -553.03 -23.45 472.27
v -551.30 -18.70 467.84
v -550.00 -13.02 464.51
v -549.19 -6.68 462.45
v -548.92 -0.00 461.75
v -549.19 6.68 462.45
v -550.00 13.02 464.51
v -551.30 18.70 467.84
v -553.03 23.45 472.27
v -555.10 27.03 477.57
v -557.41 29.25 483.47
v -547.40 30.00 493.93
v -549.28 29.25 500.34
v -551.06 27.03 506.42
v -552.66 23.45 511.88
v -554.00 18.70 516.44
v -555.00 13.02 519.87
v -555.63 6.68 522.00
v -555.84 0.00 522.72
v -555.63 -6.68 522.00
v -555.00 -13.02 519.87
v -554.00 -18.70 516.44
v -552.66 -23.45 511.88
v -551.06 -27.03 506.42
v -549.28 -29.25 500.34
v -547.40 -30.00 493.93
v -545.53 -29.25 487.53
v -543.74 -27.03 481.44
v -542.14 -23.45 475.98
v -540.81 -18.70 471.42
v -539.80 -13.02 467.99
v -539.18 -6.68 465.86
v -538.97 -0.00 465.14
v -539.18 6.68 465.86
v -539.80 13.02 467.99
v -540.81 18.70 471.42
v -542.14 23.45 475.98
v -543.74 27.03 481.44
v -545.53 29.25 487.53
v -534.64 30.00 497.07
v -535.98 29.25 503.61
v -537.26 27.03 509.82
v -538.40 23.45 515.40
v -539.35 18.70 520.05
v -540.07 13.02 523.55
v -540.51 6.68 525.72
v -540.66 0.00 526.46
v -540.51 -6.68 525.72
v -540.07 -13.02 523.55
v -539.35 -18.70 520.05
v -538.40 -23.45 515.40
v -537.26 -27.03 509.82
v -535.98 -29.25 503.61
v -534.64 -30.00 497.07
v -533.30 -29.25 490.53
v -532.03 -27.03 484.32
v -530.89 -23.45 478.75
v -529.93 -18.70 474.09
v -529.22 -13.02 470.59
v -528.77 -6.68 468.42
v -528.62 -0.00 467.68
v -528.77 6.68 468.42
v -529.22 13.02 470.59
v -529.93 18.70 474.09
v -530.89 23.45 478.75
v -532.03 27.03 484.32
v -533.30 29.25 490.53
v -432.14 30.00 517.55
v -433.45 29.25 524.10
v -434.68 27.03 530.32
v -435.80 23.45 535.90
v -436.72 18.70 540.55
v -437.42 13.02 544.06
v -437.86 6.68 546.24
v -438.00 0.00 546.97
v -437.86 -6.68 546.24
v -437.42 -13.02 544.06
v -436.72 -18.70 540.55
v -435.80 -23.45 535.90
v -434.68 -27.03 530.32
v -433.45 -29.25 524.10
v -432.14 -30.00 517.55
v -430.84 -29.25 511.00
v -429.60 -27.03 504.79
v -428.49 -23.45 499.21
v -427.56 -18.70 494.55
v -426.86 -13.02 491.04
v -426.43 -6.68 488.87
v -426.28 -0.00 488.13
v -426.43 6.68 488.87
v -426.86 13.02 491.04
v -427.56 18.70 494.55
v -428.49 23.45 499.21
v -429.60 27.03 504.79
v -430.84 29.25 511.00
v -429.71 30.00 517.98
v -430.80 29.25 524.56
v -431.84 27.03 530.82
v -432.77 23.45 536.43
v -433.55 18.70 541.11
v -434.14 13.02 544.64
v -434.50 6.68 546.83
v -434.62 0.00 547.57
v -434.50 -6.68 546.83
v -434.14 -13.02 544.64
v -433.55 -18.70 541.11
v -432.77 -23.45 536.43
v -431.84 -27.03 530.82
v -430.80 -29.25 524.56
v -429.71 -30.00 517.98
v -428.62 -29.25 511.39
v -427.58 -27.03 505.13
v -426.65 -23.45 499.52
v -425.87 -18.70 494.84
v -425.28 -13.02 491.31
v -424.92 -6.68 489.12
v -424.80 -0.00 488.38
v -424.92 6.68 489.12
v -425.28 13.02 491.31
v -425.87 18.70 494.84
v -426.65 23.45 499.52
v -427.58 27.03 505.13
v -428.62 29.25 511.39
v -427.27 30.00 518.36
v -428.26 29.25 524.96
v -429.19 27.03 531.23
v -430.03 23.45 536.86
v -430.73 18.70 541.56
v -431.26 13.02 545.09
v -431.59 6.68 547.29
v -431.70 0.00 548.03
v -431.59 -6.68 547.29
v -431.26 -13.02 545.09
v -430.73 -18.70 541.56
v -430.03 -23.45 536.86
v -429.19 -27.03 531.23
v -428.26 -29.25 524.96
v -427.27 -30.00 518.36
v -426.29 -29.25 511.76
v -425.35 -27.03 505.49
v -424.51 -23.45 499.86
v -423.81 -18.70 495.16
v -423.29 -13.02 491.63
v -422.96 -6.68 489.43
v -422.85 -0.00 488.69
v -422.96 6.68 489.43
v -423.29 13.02 491.63
v -423.81 18.70 495.16
v -424.51 23.45 499.86
v -425.35 27.03 505.49
v -426.29 29.25 511.76
v -424.83 30.00 518.70
v -425.71 29.25 525.32
v -426.54 27.03 531.61
v -427.28 23.45 537.25
v -427.91 18.70 541.96
v -428.38 13.02 545.50
v -428.67 6.68 547.70
v -428.77 0.00 548.44
v -428.67 -6.68 547.70
v -428.38 -13.02 545.50
v -427.91 -18.70 541.96
v -427.28 -23.45 537.25
v -426.54 -27.03 531.61
v -425.71 -29.25 525.32
v -424.83 -30.00 518.70
v -423.95 -29.25 512.09
v -423.12 -27.03 505.80
v -422.38 -23.45 500.16
v -421.75 -18.70 495.45
v -421.28 -13.02 491.91
v -420.99 -6.68 489.71
v -420.89 -0.00 488.96
v -420.99 6.68 489.71
v -421.28 13.02 491.91
v -421.75 18.70 495.45
v -422.38 23.45 500.16
v -423.12 27.03 505.80
v -423.95 29.25 512.09
v -422.38 30.00 519.01
v -423.15 29.25 525.64
v -423.88 27.03 531.94
v -424.53 23.45 537.59
v -425.08 18.70 542.31
v -425.49 13.02 545.86
v -425.74 6.68 548.06
v -425.83 0.00 548.81
v -425.74 -6.68 548.06
v -425.49 -13.02 545.86
v -425.08 -18.70 542.31
v -424.53 -23.45 537.59
v -423.88 -27.03 531.94
v -423.15 -29.25 525.64
v -422.38 -30.00 519.01
v -421.61 -29.25 512.38
v -420.89 -27.03 506.08
v -420.23 -23.45 500.43
v -419.69 -18.70 495.71
v -419.28 -13.02 492.16
v -419.02 -6.68 489.95
v -418.93 -0.00 489.21
v -419.02 6.68 489.95
v -419.28 13.02 492.16
v -419.69 18.70 495.71
v -420.23 23.45 500.43
v -420.89 27.03 506.08
v -421.61 29.25 512.38
v -419.93 30.00 519.27
v -420.59 29.25 525.91
v -421.21 27.03 532.22
v -421.77 23.45 537.88
v -422.24 18.70 542.61
v -422.59 13.02 546.17
v -422.81 6.68 548.38
v -422.88 0.00 549.12
v -422.81 -6.68 548.38
v -422.59 -13.02 546.17
v -422.24 -18.70 542.61
v -421.77 -23.45 537.88
v -421.21 -27.03 532.22
v -420.59 -29.25 525.91
v -419.93 -30.00 519.27
v -419.27 -29.25 512.63
v -418.65 -27.03 506.32
v -418.08 -23.45 500.66
v -417.62 -18.70 495.93
v -417.26 -13.02 492.37
v -417.05 -6.68 490.16
v -416.97 -0.00 489.42
v -417.05 6.68 490.16
v -417.26 13.02 492.37
v -417.62 18.70 495.93
v -418.08 23.45 500.66
v -418.65 27.03 506.32
v -419.27 29.25 512.63
v -417.47 30.00 519.49
v -418.02 29.25 526.15
v -418.54 27.03 532.47
v -419.01 23.45 538.13
v -419.40 18.70 542.87
v -419.69 13.02 546.43
v -419.87 6.68 548.64
v -419.94 0.00 549.39
v -419.87 -6.68 548.64
v -419.69 -13.02 546.43
v -419.40 -18.70 542.87
v -419.01 -23.45 538.13
v -418.54 -27.03 532.47
v -418.02 -29.25 526.15
v -417.47 -30.00 519.49
v -416.92 -29.25 512.84
v -416.40 -27.03 506.52
v -415.93 -23.45 500.85
v -415.54 -18.70 496.12
v -415.25 -13.02 492.56
v -415.07 -6.68 490.34
v -415.01 -0.00 489.59
v -415.07 6.68 490.34
v -415.25 13.02 492.56
v -415.54 18.70 496.12
v -415.93 23.45 500.85
v -416.40 27.03 506.52
v -416.92 29.25 512.84
v -415.01 30.00 519.68
v -415.45 29.25 526.34
v -415.87 27.03 532.66
v -416.24 23.45 538.34
v -416.55 18.70 543.08
v -416.79 13.02 546.65
v -416.93 6.68 548.86
v -416.98 0.00 549.61
v -416.93 -6.68 548.86
v -416.79 -13.02 546.65
v -416.55 -18.70 543.08
v -416.24 -23.45 538.34
v -415.87 -27.03 532.66
v -415.45 -29.25 526.34
v -415.01 -30.00 519.68
v -414.57 -29.25 513.01
v -414.15 -27.03 506.69
v -413.78 -23.45 501.01
v -413.47 -18.70 496.27
v -413.23 -13.02 492.70
v -413.09 -6.68 490.49
v -413.04 -0.00 489.74
v -413.09 6.68 490.49
v -413.23 13.02 492.70
v -413.47 18.70 496.27
v -413.78 23.45 501.01
v -414.15 27.03 506.69
v -414.57 29.25 513.01
v -412.55 30.00 519.82
v -412.88 29.25 526.48
v -413.19 27.03 532.82
v -413.47 23.45 538.50
v -413.70 18.70 543.24
v -413.88 13.02 546.81
v -413.99 6.68 549.03
v -414.03 0.00 549.78
v -413.99 -6.68 549.03
v -413.88 -13.02 546.81
v -413.70 -18.70 543.24
v -413.47 -23.45 538.50
v -413.19 -27.03 532.82
v -412.88 -29.25 526.48
v -412.55 -30.00 519.82
v -412.22 -29.25 513.15
v -411.90 -27.03 506.82
v -411.62 -23.45 501.14
v -411.39 -18.70 496.39
v -411.21 -13.02 492.82
v -411.10 -6.68 490.61
v -411.07 -0.00 489.85
v -411.10 6.68 490.61
v -411.21 13.02 492.82
v -411.39 18.70 496.39
v -411.62 23.45 501.14
v -411.90 27.03 506.82
v -412.22 29.25 513.15
v -410.08 30.00 519.92
v -410.30 29.25 526.59
v -410.51 27.03 532.93
v -410.70 23.45 538.61
v -410.85 18.70 543.36
v -410.97 13.02 546.93
v -411.04 6.68 549.15
v -411.07 0.00 549.90
v -411.04 -6.68 549.15
v -410.97 -13.02 546.93
v -410.85 -18.70 543.36
v -410.70 -23.45 538.61
v -410.51 -27.03 532.93
v -410.30 -29.25 526.59
v -410.08 -30.00 519.92
v -409.86 -29.25 513.25
v -409.65 -27.03 506.91
v -409.47 -23.45 501.22
v -409.31 -18.70 496.48
v -409.19 -13.02 492.90
v -409.12 -6.68 490.69
v -409.09 -0.00 489.94
v -409.12 6.68 490.69
v -409.19 13.02 492.90
v -409.31 18.70 496.48
v -409.47 23.45 501.22
v -409.65 27.03 506.91
v -409.86 29.25 513.25
v -407.61 30.00 519.98
v -407.72 29.25 526.65
v -407.83 27.03 532.99
v -407.92 23.45 538.68
v -408.00 18.70 543.43
v -408.06 13.02 547.01
v -408.10 6.68 549.22
v -408.11 0.00 549.98
v -408.10 -6.68 549.22
v -408.06 -13.02 547.01
v -408.00 -18.70 543.43
v -407.92 -23.45 538.68
v -407.83 -27.03 532.99
v -407.72 -29.25 526.65
v -407.61 -30.00 519.98
v -407.50 -29.25 513.30
v -407.40 -27.03 506.96
v -407.31 -23.45 501.28
v -407.23 -18.70 496.53
v -407.17 -13.02 492.95
v -407.13 -6.68 490.74
v -407.12 -0.00 489.98
v -407.13 6.68 490.74
v -407.17 13.02 492.95
v -407.23 18.70 496.53
v -407.31 23.45 501.28
v -407.40 27.03 506.96
v -407.50 29.25 513.30
v -405.15 30.00 520.00
v -405.15 29.25 526.68
v -405.15 27.03 533.02
v -405.15 23.45 538.70
v -405.15 18.70 543.45
v -405.15 13.02 547.03
v -405.15 6.68 549.25
v -405.15 0.00 550.00
v -405.15 -6.68 549.25
v -405.15 -13.02 547.03
v -405.15 -18.70 543.45
v -405.15 -23.45 538.70
v -405.15 -27.03 533.02
v -405.15 -29.25 526.68
v -405.15 -30.00 520.00
v -405.15 -29.25 513.32
v -405.15 -27.03 506.98
v -405.15 -23.45 501.30
v -405.15 -18.70 496.55
v -405.15 -13.02 492.97
v -405.15 -6.68 490.75
v -405.15 -0.00 490.00
v -405.15 6.68 490.75
v -405.15 13.02 492.97
v -405.15 18.70 496.55
v -405.15 23.45 501.30
v -405.15 27.03 506.98
v -405.15 29.25 513.32
v 407.61 30.00 519.98
v 407.62 29.25 526.66
v 407.62 27.03 533.00
v 407.62 23.45 538.68
v 407.62 18.70 543.43
v 407.62 13.02 547.01
v 407.62 6.68 549.23
v 407.62 0.00 549.98
v 407.62 -6.68 549.23
v 407.62 -13.02 547.01
v 407.62 -18.70 543.43
v 407.62 -23.45 538.68
v 407.62 -27.03 533.00
v 407.62 -29.25 526.66
v 407.61 -30.00 519.98
v 407.61 -29.25 513.30
v 407.61 -27.03 506.96
v 407.61 -23.45 501.28
v 407.61 -18.70 496.52
v 407.61 -13.02 492.95
v 407.61 -6.68 490.73
v 407.61 -0.00 489.98
v 407.61 6.68 490.73
v 407.61 13.02 492.95
v 407.61 18.70 496.52
v 407.61 23.45 501.28
v 407.61 27.03 506.96
v 407.61 29.25 513.30
v 410.08 30.00 519.92
v 410.30 29.25 526.59
v 410.51 27.03 532.93
v 410.70 23.45 538.61
v 410.85 18.70 543.36
v 410.97 13.02 546.93
v 411.04 6.68 549.15
v 411.07 0.00 549.90
v 411.04 -6.68 549.15
v 410.97 -13.02 546.93
v 410.85 -18.70 543.36
v 410.70 -23.45 538.61
v 410.51 -27.03 532.93
v 410.30 -29.25 526.59
v 410.08 -30.00 519.92
v 409.86 -29.25 513.25
v 409.65 -27.03 506.91
v 409.47 -23.45 501.22
v 409.31 -18.70 496.48
v 409.19 -13.02 492.90
v 409.12 -6.68 490.69
v 409.09 -0.00 489.94
v 409.12 6.68 490.69
v 409.19 13.02 492.90
v 409.31 18.70 496.48
v 409.47 23.45 501.22
v 409.65 27.03 506.91
v 409.86 29.25 513.25
v 412.55 30.00 519.82
v 412.88 29.25 526.48
v 413.19 27.03 532.82
v 413.47 23.45 538.50
v 413.70 18.70 543.24
v 413.88 13.02 546.81
v 413.99 6.68 549.03
v 414.03 0.00 549.78
v 413.99 -6.68 549.03
v 413.88 -13.02 546.81
v 413.70 -18.70 543.24
v 413.47 -23.45 538.50
v 413.19 -27.03 532.82
v 412.88 -29.25 526.48
v 412.55 -30.00 519.82
v 412.22 -29.25 513.15
v 411.90 -27.03 506.82
v 411.62 -23.45 501.14
v 411.39 -18.70 496.39
v 411.21 -13.02 492.82
v 411.10 -6.68 490.61
v 411.07 -0.00 489.85
v 411.10 6.68 490.61
v 411.21 13.02 492.82
v 411.39 18.70 496.39
v 411.62 23.45 501.14
v 411.90 27.03 506.82
v 412.22 29.25 513.15
v 415.01 30.00 519.68
v 415.45 29.25 526.34
v 415.87 27.03 532.66
v 416.24 23.45 538.34
v 416.55 18.70 543.08
v 416.79 13.02 546.65
v 416.93 6.68 548.86
v 416.98 0.00 549.61
v 416.93 -6.68 548.86
v 416.79 -13.02 546.65
v 416.55 -18.70 543.08
v 416.24 -23.45 538.34
v 415.87 -27.03 532.66
v 415.45 -29.25 526.34
v 415.01 -30.00 519.68
v 414.57 -29.25 513.01
v 414.15 -27.03 506.69
v 413.78 -23.45 501.01
v 413.47 -18.70 496.27
v 413.23 -13.02 492.70
v 413.09 -6.68 490.49
v 413.04 -0.00 489.74
v 413.09 6.68 490.49
v 413.23 13.02 492.70
v 413.47 18.70 496.27
v 413.78 23.45 501.01
v 414.15 27.03 506.69
v 414.57 29.25 513.01
v 417.47 30.00 519.49
v 418.02 29.25 526.15
v 418.54 27.03 532.47
v 419.01 23.45 538.13
v 419.40 18.70 542.87
v 419.69 13.02 546.43
v 419.87 6.68 548.64
v 419.94 0.00 549.39
v 419.87 -6.68 548.64
v 419.69 -13.02 546.43
v 419.40 -18.70 542.87
v 419.01 -23.45 538.13
v 418.54 -27.03 532.47
v 418.02 -29.25 526.15
v 417.47 -30.00 519.49
v 416.92 -29.25 512.84
v 416.40 -27.03 506.52
v 415.93 -23.45 500.85
v 415.54 -18.70 496.12
v 415.25 -13.02 492.56
v 415.07 -6.68 490.34
v 415.01 -0.00 489.59
v 415.07 6.68 490.34
v 415.25 13.02 492.56
v 415.54 18.70 496.12
v 415.93 23.45 500.85
v 416.40 27.03 506.52
v 416.92 29.25 512.84
v 419.93 30.00 519.27
v 420.59 29.25 525.91
v 421.21 27.03 532.22
v 421.77 23.45 537.88
v 422.24 18.70 542.61
v 422.59 13.02 546.17
v 422.81 6.68 548.38
v 422.88 0.00 549.12
v 422.81 -6.68 548.38
v 422.59 -13.02 546.17
v 422.24 -18.70 542.61
v 421.77 -23.45 537.88
v 421.21 -27.03 532.22
v 420.59 -29.25 525.91
v 419.93 -30.00 519.27
v 419.27 -29.25 512.63
v 418.65 -27.03 506.32
v 418.08 -23.45 500.66
v 417.62 -18.70 495.93
v 417.26 -13.02 492.37
v 417.05 -6.68 490.16
v 416.97 -0.00 489.42
v 417.05 6.68 490.16
v 417.26 13.02 492.37
v 417.62 18.70 495.93
v 418.08 23.45 500.66
v 418.65 27.03 506.32
v 419.27 29.25 512.63
v 422.38 30.00 519.01
v 423.15 29.25 525.64
v 423.88 27.03 531.94
v 424.53 23.45 537.59
v 425.08 18.70 542.31
v 425.49 13.02 545.86
v 425.74 6.68 548.06
v 425.83 0.00 548.81
v 425.74 -6.68 548.06
v 425.49 -13.02 545.86
v 425.08 -18.70 542.31
v 424.53 -23.45 537.59
v 423.88 -27.03 531.94
v 423.15 -29.25 525.64
v 422.38 -30.00 519.01
v 421.61 -29.25 512.38
v 420.89 -27.03 506.08
v 420.23 -23.45 500.43
v 419.69 -18.70 495.71
v 419.28 -13.02 492.16
v 419.02 -6.68 489.95
v 418.93 -0.00 489.21
v 419.02 6.68 489.95
v 419.28 13.02 492.16
v 419.69 18.70 495.71
v 420.23 23.45 500.43
v 420.89 27.03 506.08
v 421.61 29.25 512.38
v 424.83 30.00 518.70
v 425.71 29.25 525.32
v 426.54 27.03 531.61
v 427.28 23.45 537.25
v 427.91 18.70 541.96
v 428.38 13.02 545.50
v 428.67 6.68 547.70
v 428.77 0.00 548.44
v 428.67 -6.68 547.70
v 428.38 -13.02 545.50
v 427.91 -18.70 541.96
v 427.28 -23.45 537.25
v 426.54 -27.03 531.61
v 425.71 -29.25 525.32
v 424.83 -30.00 518.70
v 423.95 -29.25 512.09
v 423.12 -27.03 505.80
v 422.38 -23.45 500.16
v 421.75 -18.70 495.45
v 421.28 -13.02 491.91
v 420.99 -6.68 489.71
v 420.89 -0.00 488.96
v 420.99 6.68 489.71
v 421.28 13.02 491.91
v 421.75 18.70 495.45
v 422.38 23.45 500.16
v 423.12 27.03 505.80
v 423.95 29.25 512.09
v 427.27 30.00 518.36
v 428.26 29.25 524.96
v 429.19 27.03 531.23
v 430.03 23.45 536.86
v 430.73 18.70 541.56
v 431.26 13.02 545.09
v 431.59 6.68 547.29
v 431.70 0.00 548.03
v 431.59 -6.68 547.29
v 431.26 -13.02 545.09
v 430.73 -18.70 541.56
v 430.03 -23.45 536.86
v 429.19 -27.03 531.23
v 428.26 -29.25 524.96
v 427.27 -30.00 518.36
v 426.29 -29.25 511.76
v 425.35 -27.03 505.49
v 424.51 -23.45 499.86
v 423.81 -18.70 495.16
v 423.29 -13.02 491.63
v 422.96 -6.68 489.43
v 422.85 -0.00 488.69
v 422.96 6.68 489.43
v 423.29 13.02 491.63
v 423.81 18.70 495.16
v 424.51 23.45 499.86
v 425.35 27.03 505.49
v 426.29 29.25 511.76
v 429.71 30.00 517.98
v 430.80 29.25 524.56
v 431.84 27.03 530.82
v 432.77 23.45 536.43
v 433.55 18.70 541.11
v 434.14 13.02 544.64
v 434.50 6.68 546.83
v 434.62 0.00 547.57
v 434.50 -6.68 546.83
v 434.14 -13.02 544.64
v 433.55 -18.70 541.11
v 432.77 -23.45 536.43
v 431.84 -27.03 530.82
v 430.80 -29.25 524.56
v 429.71 -30.00 517.98
v 428.62 -29.25 511.39
v 427.58 -27.03 505.13
v 426.65 -23.45 499.52
v 425.87 -18.70 494.84
v 425.28 -13.02 491.31
v 424.92 -6.68 489.12
v 424.80 -0.00 488.38
v 424.92 6.68 489.12
v 425.28 13.02 491.31
v 425.87 18.70 494.84
v 426.65 23.45 499.52
v 427.58 27.03 505.13
v 428.62 29.25 511.39
v 432.14 30.00 517.55
v 433.34 29.25 524.12
v 434.48 27.03 530.36
v 435.51 23.45 535.95
v 436.36 18.70 540.62
v 437.01 13.02 544.14
v 437.40 6.68 546.32
v 437.54 0.00 547.06
v 437.40 -6.68 546.32
v 437.01 -13.02 544.14
v 436.36 -18.70 540.62
v 435.51 -23.45 535.95
v 434.48 -27.03 530.36
v 433.34 -29.25 524.12
v 432.14 -30.00 517.55
v 430.94 -29.25 510.98
v 429.80 -27.03 504.75
v 428.77 -23.45 499.15
v 427.92 -18.70 494.48
v 427.28 -13.02 490.96
v 426.88 -6.68 488.78
v 426.74 -0.00 488.04
v 426.88 6.68 488.78
v 427.28 13.02 490.96
v 427.92 18.70 494.48
v 428.77 23.45 499.15
v 429.80 27.03 504.75
v 430.94 29.25 510.98
v 434.56 30.00 517.09
v 435.90 29.25 523.63
v 437.18 27.03 529.84
v 438.32 23.45 535.41
v 439.27 18.70 540.06
v 439.99 13.02 543.57
v 440.44 6.68 545.74
v 440.59 0.00 546.48
v 440.44 -6.68 545.74
v 439.99 -13.02 543.57
v 439.27 -18.70 540.06
v 438.32 -23.45 535.41
v 437.18 -27.03 529.84
v 435.90 -29.25 523.63
v 434.56 -30.00 517.09
v 433.22 -29.25 510.55
v 431.95 -27.03 504.34
v 430.81 -23.45 498.76
v 429.86 -18.70 494.11
v 429.14 -13.02 490.61
v 428.69 -6.68 488.43
v 428.54 -0.00 487.70
v 428.69 6.68 488.43
v 429.14 13.02 490.61
v 429.86 18.70 494.11
v 430.81 23.45 498.76
v 431.95 27.03 504.34
v 433.22 29.25 510.55
v 547.40 30.00 493.93
v 548.83 29.25 500.45
v 550.18 27.03 506.65
v 551.40 23.45 512.21
v 552.41 18.70 516.85
v 553.18 13.02 520.34
v 553.65 6.68 522.50
v 553.81 0.00 523.24
v 553.65 -6.68 522.50
v 553.18 -13.02 520.34
v 552.41 -18.70 516.85
v 551.40 -23.45 512.21
v 550.18 -27.03 506.65
v 548.83 -29.25 500.45
v 547.40 -30.00 493.93
v 545.98 -29.25 487.41
v 544.62 -27.03 481.22
v 543.41 -23.45 475.66
v 542.39 -18.70 471.02
v 541.63 -13.02 467.53
v 541.15 -6.68 465.36
v 540.99 -0.00 464.63
v 541.15 6.68 465.36
v 541.63 13.02 467.53
v 542.39 18.70 471.02
v 543.41 23.45 475.66
v 544.62 27.03 481.22
v 545.98 29.25 487.41
v 559.84 30.00 489.69
v 562.27 29.25 495.91
v 564.58 27.03 501.81
v 566.65 23.45 507.11
v 568.38 18.70 511.53
v 569.68 13.02 514.86
v 570.49 6.68 516.93
v 570.76 0.00 517.63
v 570.49 -6.68 516.93
v 569.68 -13.02 514.86
v 568.38 -18.70 511.53
v 566.65 -23.45 507.11
v 564.58 -27.03 501.81
v 562.27 -29.25 495.91
v 559.84 -30.00 489.69
v 557.41 -29.25 483.47
v 555.10 -27.03 477.57
v 553.03 -23.45 472.27
v 551.30 -18.70 467.84
v 550.00 -13.02 464.51
v 549.19 -6.68 462.45
v 548.92 -0.00 461.75
v 549.19 6.68 462.45
v 550.00 13.02 464.51
v 551.30 18.70 467.84
v 553.03 23.45 472.27
v 555.10 27.03 477.57
v 557.41 29.25 483.47
v 571.86 30.00 484.37
v 574.82 29.25 490.35
v 577.64 27.03 496.03
v 580.17 23.45 501.13
v 582.28 18.70 505.39
v 583.87 13.02 508.59
v 584.85 6.68 510.58
v 585.18 0.00 511.25
v 584.85 -6.68 510.58
v 583.87 -13.02 508.59
v 582.28 -18.70 505.39
v 580.17 -23.45 501.13
v 577.64 -27.03 496.03
v 574.82 -29.25 490.35
v 571.86 -30.00 484.37
v 568.89 -29.25 478.39
v 566.08 -27.03 472.71
v 563.55 -23.45 467.61
v 561.44 -18.70 463.36
v 559.85 -13.02 460.16
v 558.87 -6.68 458.17
v 558.53 -0.00 457.49
v 558.87 6.68 458.17
v 559.85 13.02 460.16
v 561.44 18.70 463.36
v 563.55 23.45 467.61
v 566.08 27.03 472.71
v 568.89 29.25 478.39
v 583.36 30.00 478.02
v 586.84 29.25 483.72
v 590.15 27.03 489.13
v 593.11 23.45 493.99
v 595.58 18.70 498.05
v 597.45 13.02 501.10
v 598.60 6.68 502.99
v 598.99 0.00 503.63
v 598.60 -6.68 502.99
v 597.45 -13.02 501.10
v 595.58 -18.70 498.05
v 593.11 -23.45 493.99
v 590.15 -27.03 489.13
v 586.84 -29.25 483.72
v 583.36 -30.00 478.02
v 579.89 -29.25 472.33
v 576.58 -27.03 466.91
v 573.62 -23.45 462.06
v 571.15 -18.70 458.00
v 569.28 -13.02 454.95
v 568.13 -6.68 453.06
v 567.74 -0.00 452.42
v 568.13 6.68 453.06
v 569.28 13.02 454.95
v 571.15 18.70 458.00
v 573.62 23.45 462.06
v 576.58 27.03 466.91
v 579.89 29.25 472.33
v 594.27 30.00 470.69
v 598.23 29.25 476.07
v 602.00 27.03 481.17
v 605.38 23.45 485.75
v 608.20 18.70 489.57
v 610.32 13.02 492.44
v 611.63 6.68 494.23
v 612.08 0.00 494.84
v 611.63 -6.68 494.23
v 610.32 -13.02 492.44
v 608.20 -18.70 489.57
v 605.38 -23.45 485.75
v 602.00 -27.03 481.17
v 598.23 -29.25 476.07
v 594.27 -30.00 470.69
v 590.31 -29.25 465.32
v 586.54 -27.03 460.22
v 583.17 -23.45 455.64
v 580.35 -18.70 451.82
v 578.23 -13.02 448.94
v 576.91 -6.68 447.16
v 576.46 -0.00 446.55
v 576.91 6.68 447.16
v 578.23 13.02 448.94
v 580.35 18.70 451.82
v 583.17 23.45 455.64
v 586.54 27.03 460.22
v 590.31 29.25 465.32
v 604.50 30.00 462.44
v 608.91 29.25 467.44
v 613.11 27.03 472.19
v 616.87 23.45 476.46
v 620.02 18.70 480.02
v 622.38 13.02 482.70
v 623.85 6.68 484.36
v 624.35 0.00 484.93
v 623.85 -6.68 484.36
v 622.38 -13.02 482.70
v 620.02 -18.70 480.02
v 616.87 -23.45 476.46
v 613.11 -27.03 472.19
v 608.91 -29.25 467.44
v 604.50 -30.00 462.44
v 600.08 -29.25 457.43
v 595.88 -27.03 452.68
v 592.12 -23.45 448.41
v 588.97 -18.70 444.85
v 586.61 -13.02 442.17
v 585.14 -6.68 440.51
v 584.64 -0.00 439.95
v 585.14 6.68 440.51
v 586.61 13.02 442.17
v 588.97 18.70 444.85
v 592.12 23.45 448.41
v 595.88 27.03 452.68
v 600.08 29.25 457.43
v 613.96 30.00 453.32
v 618.80 29.25 457.91
v 623.39 27.03 462.28
v 627.52 23.45 466.20
v 630.96 18.70 469.47
v 633.55 13.02 471.94
v 635.16 6.68 473.46
v 635.70 0.00 473.98
v 635.16 -6.68 473.46
v 633.55 -13.02 471.94
v 630.96 -18.70 469.47
v 627.52 -23.45 466.20
v 623.39 -27.03 462.28
v 618.80 -29.25 457.91
v 613.96 -30.00 453.32
v 609.12 -29.25 448.72
v 604.52 -27.03 444.35
v 600.40 -23.45 440.43
v 596.95 -18.70 437.16
v 594.36 -13.02 434.70
v 592.76 -6.68 433.17
v 592.21 -0.00 432.65
v 592.76 6.68 433.17
v 594.36 13.02 434.70
v 596.95 18.70 437.16
v 600.40 23.45 440.43
v 604.52 27.03 444.35
v 609.12 29.25 448.72
v 622.58 30.00 443.40
v 627.81 29.25 447.56
v 632.77 27.03 451.51
v 637.22 23.45 455.05
v 640.93 18.70 458.01
v 643.73 13.02 460.24
v 645.47 6.68 461.62
v 646.05 0.00 462.09
v 645.47 -6.68 461.62
v 643.73 -13.02 460.24
v 640.93 -18.70 458.01
v 637.22 -23.45 455.05
v 632.77 -27.03 451.51
v 627.81 -29.25 447.56
v 622.58 -30.00 443.40
v 617.36 -29.25 439.25
v 612.40 -27.03 435.30
v 607.95 -23.45 431.75
v 604.23 -18.70 428.80
v 601.44 -13.02 426.57
v 599.70 -6.68 425.19
v 599.11 -0.00 424.72
v 599.70 6.68 425.19
v 601.44 13.02 426.57
v 604.23 18.70 428.80
v 607.95 23.45 431.75
v 612.40 27.03 435.30
v 617.36 29.25 439.25
v 630.31 30.00 432.77
v 635.88 29.25 436.46
v 641.16 27.03 439.96
v 645.91 23.45 443.10
v 649.87 18.70 445.72
v 652.85 13.02 447.69
v 654.70 6.68 448.91
v 655.33 0.00 449.33
v 654.70 -6.68 448.91
v 652.85 -13.02 447.69
v 649.87 -18.70 445.72
v 645.91 -23.45 443.10
v 641.16 -27.03 439.96
v 635.88 -29.25 436.46
v 630.31 -30.00 432.77
v 624.74 -29.25 429.09
v 619.45 -27.03 425.59
v 614.71 -23.45 422.45
v 610.75 -18.70 419.83
v 607.77 -13.02 417.85
v 605.92 -6.68 416.63
v 605.29 -0.00 416.21
v 605.92 6.68 416.63
v 607.77 13.02 417.85
v 610.75 18.70 419.83
v 614.71 23.45 422.45
v 619.45 27.03 425.59
v 624.74 29.25 429.09
v 637.08 30.00 421.51
v 642.94 29.25 424.69
v 648.52 27.03 427.71
v 653.52 23.45 430.43
v 657.69 18.70 432.69
v 660.83 13.02 434.39
v 662.78 6.68 435.45
v 663.45 0.00 435.81
v 662.78 -6.68 435.45
v 660.83 -13.02 434.39
v 657.69 -18.70 432.69
v 653.52 -23.45 430.43
v 648.52 -27.03 427.71
v 642.94 -29.25 424.69
v 637.08 -30.00 421.51
v 631.21 -29.25 418.32
v 625.63 -27.03 415.30
v 620.63 -23.45 412.59
v 616.46 -18.70 410.32
v 613.32 -13.02 408.62
v 611.37 -6.68 407.56
v 610.71 -0.00 407.20
v 611.37 6.68 407.56
v 613.32 13.02 408.62
v 616.46 18.70 410.32
v 620.63 23.45 412.59
v 625.63 27.03 415.30
v 631.21 29.25 418.32
v 642.83 30.00 409.69
v 648.95 29.25 412.35
v 654.77 27.03 414.87
v 659.99 23.45 417.14
v 664.35 18.70 419.03
v 667.62 13.02 420.45
v 669.66 6.68 421.33
v 670.35 0.00 421.63
v 669.66 -6.68 421.33
v 667.62 -13.02 420.45
v 664.35 -18.70 419.03
v 659.99 -23.45 417.14
v 654.77 -27.03 414.87
v 648.95 -29.25 412.35
v 642.83 -30.00 409.69
v 636.71 -29.25 407.03
v 630.89 -27.03 404.51
v 625.67 -23.45 402.25
v 621.31 -18.70 400.36
v 618.03 -13.02 398.93
v 616.00 -6.68 398.05
v 615.31 -0.00 397.75
v 616.00 6.68 398.05
v 618.03 13.02 398.93
v 621.31 18.70 400.36
v 625.67 23.45 402.25
v 630.89 27.03 404.51
v 636.71 29.25 407.03
v 647.53 30.00 397.42
v 653.85 29.25 399.56
v 659.85 27.03 401.60
v 665.24 23.45 403.43
v 669.74 18.70 404.96
v 673.12 13.02 406.11
v 675.22 6.68 406.82
v 675.94 0.00 407.06
v 675.22 -6.68 406.82
v 673.12 -13.02 406.11
v 669.74 -18.70 404.96
v 665.24 -23.45 403.43
v 659.85 -27.03 401.60
v 653.85 -29.25 399.56
v 647.53 -30.00 397.42
v 641.21 -29.25 395.27
v 635.20 -27.03 393.24
v 629.81 -23.45 391.41
v 625.32 -18.70 389.88
v 621.93 -13.02 388.73
v 619.83 -6.68 388.02
v 619.12 -0.00 387.78
v 619.83 6.68 388.02
v 621.93 13.02 388.73
v 625.32 18.70 389.88
v 629.81 23.45 391.41
v 635.20 27.03 393.24
v 641.21 29.25 395.27
v 673.52 30.00 319.26
v 679.86 29.25 321.36
v 685.88 27.03 323.35
v 691.28 23.45 325.13
v 695.79 18.70 326.62
v 699.19 13.02 327.74
v 701.29 6.68 328.44
v 702.01 0.00 328.68
v 701.29 -6.68 328.44
v 699.19 -13.02 327.74
v 695.79 -18.70 326.62
v 691.28 -23.45 325.13
v 685.88 -27.03 323.35
v 679.86 -29.25 321.36
v 673.52 -30.00 319.26
v 667.18 -29.25 317.17
v 661.16 -27.03 315.18
v 655.76 -23.45 313.39
v 651.25 -18.70 311.90
v 647.86 -13.02 310.78
v 645.75 -6.68 310.08
v 645.04 -0.00 309.84
v 645.75 6.68 310.08
v 647.86 13.02 310.78
v 651.25 18.70 311.90
v 655.76 23.45 313.39
v 661.16 27.03 315.18
v 667.18 29.25 317.17
v 674.64 30.00 315.40
v 681.08 29.25 317.17
v 687.19 27.03 318.85
v 692.68 23.45 320.35
v 697.26 18.70 321.61
v 700.70 13.02 322.56
v 702.84 6.68 323.15
v 703.57 0.00 323.34
v 702.84 -6.68 323.15
v 700.70 -13.02 322.56
v 697.26 -18.70 321.61
v 692.68 -23.45 320.35
v 687.19 -27.03 318.85
v 681.08 -29.25 317.17
v 674.64 -30.00 315.40
v 668.20 -29.25 313.63
v 662.09 -27.03 311.95
v 656.60 -23.45 310.44
v 652.02 -18.70 309.18
v 648.58 -13.02 308.24
v 646.44 -6.68 307.65
v 645.71 -0.00 307.45
v 646.44 6.68 307.65
v 648.58 13.02 308.24
v 652.02 18.70 309.18
v 656.60 23.45 310.44
v 662.09 27.03 311.95
v 668.20 29.25 313.63
v 675.65 30.00 311.51
v 682.14 29.25 313.10
v 688.29 27.03 314.62
v 693.82 23.45 315.98
v 698.43 18.70 317.11
v 701.90 13.02 317.96
v 704.05 6.68 318.49
v 704.78 0.00 318.67
v 704.05 -6.68 318.49
v 701.90 -13.02 317.96
v 698.43 -18.70 317.11
v 693.82 -23.45 315.98
v 688.29 -27.03 314.62
v 682.14 -29.25 313.10
v 675.65 -30.00 311.51
v 669.17 -29.25 309.91
v 663.01 -27.03 308.39
v 657.49 -23.45 307.04
v 652.88 -18.70 305.90
v 649.41 -13.02 305.05
v 647.25 -6.68 304.52
v 646.52 -0.00 304.34
v 647.25 6.68 304.52
v 649.41 13.02 305.05
v 652.88 18.70 305.90
v 657.49 23.45 307.04
v 663.01 27.03 308.39
v 669.17 29.25 309.91
v 676.56 30.00 307.59
v 683.09 29.25 309.01
v 689.28 27.03 310.36
v 694.84 23.45 311.57
v 699.48 18.70 312.58
v 702.97 13.02 313.34
v 705.14 6.68 313.81
v 705.87 0.00 313.97
v 705.14 -6.68 313.81
v 702.97 -13.02 313.34
v 699.48 -18.70 312.58
v 694.84 -23.45 311.57
v 689.28 -27.03 310.36
v 683.09 -29.25 309.01
v 676.56 -30.00 307.59
v 670.04 -29.25 306.17
v 663.84 -27.03 304.82
v 658.29 -23.45 303.61
v 653.65 -18.70 302.59
v 650.15 -13.02 301.83
v 647.98 -6.68 301.36
v 647.25 -0.00 301.20
v 647.98 6.68 301.36
v 650.15 13.02 301.83
v 653.65 18.70 302.59
v 658.29 23.45 303.61
v 663.84 27.03 304.82
v 670.04 29.25 306.17
v 677.37 30.00 303.65
v 683.92 29.25 304.89
v 690.15 27.03 306.08
v 695.74 23.45 307.14
v 700.41 18.70 308.02
v 703.92 13.02 308.69
v 706.10 6.68 309.10
v 706.84 0.00 309.24
v 706.10 -6.68 309.10
v 703.92 -13.02 308.69
v 700.41 -18.70 308.02
v 695.74 -23.45 307.14
v 690.15 -27.03 306.08
v 683.92 -29.25 304.89
v 677.37 -30.00 303.65
v 670.81 -29.25 302.40
v 664.58 -27.03 301.22
v 658.99 -23.45 300.16
v 654.32 -18.70 299.27
v 650.81 -13.02 298.60
v 648.63 -6.68 298.19
v 647.89 -0.00 298.05
v 648.63 6.68 298.19
v 650.81 13.02 298.60
v 654.32 18.70 299.27
v 658.99 23.45 300.16
v 664.58 27.03 301.22
v 670.81 29.25 302.40
v 678.06 30.00 299.69
v 684.65 29.25 300.76
v 690.91 27.03 301.77
v 696.53 23.45 302.68
v 701.22 18.70 303.44
v 704.74 13.02 304.02
v 706.93 6.68 304.37
v 707.68 0.00 304.49
v 706.93 -6.68 304.37
v 704.74 -13.02 304.02
v 701.22 -18.70 303.44
v 696.53 -23.45 302.68
v 690.91 -27.03 301.77
v 684.65 -29.25 300.76
v 678.06 -30.00 299.69
v 671.47 -29.25 298.62
v 665.21 -27.03 297.60
v 659.60 -23.45 296.69
v 654.91 -18.70 295.93
v 651.38 -13.02 295.36
v 649.19 -6.68 295.00
v 648.45 -0.00 294.88
v 649.19 6.68 295.00
v 651.38 13.02 295.36
v 654.91 18.70 295.93
v 659.60 23.45 296.69
v 665.21 27.03 297.60
v 671.47 29.25 298.62
v 678.65 30.00 295.71
v 685.27 29.25 296.60
v 691.55 27.03 297.45
v 697.19 23.45 298.21
v 701.90 18.70 298.84
v 705.44 13.02 299.32
v 707.64 6.68 299.62
v 708.38 0.00 299.72
v 707.64 -6.68 299.62
v 705.44 -13.02 299.32
v 701.90 -18.70 298.84
v 697.19 -23.45 298.21
v 691.55 -27.03 297.45
v 685.27 -29.25 296.60
v 678.65 -30.00 295.71
v 672.04 -29.25 294.82
v 665.75 -27.03 293.97
v 660.12 -23.45 293.21
v 655.41 -18.70 292.57
v 651.87 -13.02 292.09
v 649.67 -6.68 291.80
v 648.92 -0.00 291.70
v 649.67 6.68 291.80
v 651.87 13.02 292.09
v 655.41 18.70 292.57
v 660.12 23.45 293.21
v 665.75 27.03 293.97
v 672.04 29.25 294.82
v 679.14 30.00 291.72
v 685.78 29.25 292.43
v 692.08 27.03 293.11
v 697.74 23.45 293.72
v 702.46 18.70 294.23
v 706.01 13.02 294.61
v 708.22 6.68 294.85
v 708.97 0.00 294.93
v 708.22 -6.68 294.85
v 706.01 -13.02 294.61
v 702.46 -18.70 294.23
v 697.74 -23.45 293.72
v 692.08 -27.03 293.11
v 685.78 -29.25 292.43
v 679.14 -30.00 291.72
v 672.50 -29.25 291.00
v 666.20 -27.03 290.32
v 660.54 -23.45 289.71
v 655.82 -18.70 289.20
v 652.26 -13.02 288.82
v 650.06 -6.68 288.58
v 649.31 -0.00 288.50
v 650.06 6.68 288.58
v 652.26 13.02 288.82
v 655.82 18.70 289.20
v 660.54 23.45 289.71
v 666.20 27.03 290.32
v 672.50 29.25 291.00
v 679.51 30.00 287.71
v 686.17 29.25 288.25
v 692.49 27.03 288.76
v 698.16 23.45 289.21
v 702.89 18.70 289.60
v 706.46 13.02 289.88
v 708.67 6.68 290.06
v 709.42 0.00 290.12
v 708.67 -6.68 290.06
v 706.46 -13.02 289.88
v 702.89 -18.70 289.60
v 698.16 -23.45 289.21
v 692.49 -27.03 288.76
v 686.17 -29.25 288.25
v 679.51 -30.00 287.71
v 672.86 -29.25 287.17
v 666.54 -27.03 286.67
v 660.87 -23.45 286.21
v 656.14 -18.70 285.83
v 652.57 -13.02 285.54
v 650.36 -6.68 285.36
v 649.61 -0.00 285.30
v 650.36 6.68 285.36
v 652.57 13.02 285.54
v 656.14 18.70 285.83
v 660.87 23.45 286.21
v 666.54 27.03 286.67
v 672.86 29.25 287.17
v 679.78 30.00 283.70
v 686.45 29.25 284.06
v 692.78 27.03 284.40
v 698.46 23.45 284.70
v 703.21 18.70 284.96
v 706.77 13.02 285.15
v 708.99 6.68 285.27
v 709.74 0.00 285.31
v 708.99 -6.68 285.27
v 706.77 -13.02 285.15
v 703.21 -18.70 284.96
v 698.46 -23.45 284.70
v 692.78 -27.03 284.40
v 686.45 -29.25 284.06
v 679.78 -30.00 283.70
v 673.12 -29.25 283.34
v 666.79 -27.03 283.00
v 661.11 -23.45 282.70
v 656.36 -18.70 282.44
v 652.79 -13.02 282.25
v 650.58 -6.68 282.13
v 649.83 -0.00 282.09
v 650.58 6.68 282.13
v 652.79 13.02 282.25
v 656.36 18.70 282.44
v 661.11 23.45 282.70
v 666.79 27.03 283.00
v 673.12 29.25 283.34
v 679.95 30.00 279.68
v 686.62 29.25 279.86
v 692.96 27.03 280.03
v 698.64 23.45 280.18
v 703.39 18.70 280.31
v 706.97 13.02 280.40
v 709.18 6.68 280.46
v 709.94 0.00 280.48
v 709.18 -6.68 280.46
v 706.97 -13.02 280.40
v 703.39 -18.70 280.31
v 698.64 -23.45 280.18
v 692.96 -27.03 280.03
v 686.62 -29.25 279.86
v 679.95 -30.00 279.68
v 673.27 -29.25 279.50
v 666.93 -27.03 279.33
v 661.25 -23.45 279.18
v 656.50 -18.70 279.05
v 652.93 -13.02 278.96
v 650.71 -6.68 278.90
v 649.96 -0.00 278.88
v 650.71 6.68 278.90
v 652.93 13.02 278.96
v 656.50 18.70 279.05
v 661.25 23.45 279.18
v 666.93 27.03 279.33
v 673.27 29.25 279.50
v 680.00 30.00 275.66
v 686.68 29.25 275.66
v 693.02 27.03 275.66
v 698.70 23.45 275.66
v 703.45 18.70 275.66
v 707.03 13.02 275.66
v 709.25 6.68 275.66
v 710.00 0.00 275.66
v 709.25 -6.68 275.66
v 707.03 -13.02 275.66
v 703.45 -18.70 275.66
v 698.70 -23.45 275.66
v 693.02 -27.03 275.66
v 686.68 -29.25 275.66
v 680.00 -30.00 275.66
v 673.32 -29.25 275.66
v 666.98 -27.03 275.66
v 661.30 -23.45 275.65
v 656.55 -18.70 275.65
v 652.97 -13.02 275.65
v 650.75 -6.68 275.65
v 650.00 -0.00 275.65
v 650.75 6.68 275.65
v 652.97 13.02 275.65
v 656.55 18.70 275.65
v 661.30 23.45 275.65
v 666.98 27.03 275.66
v 673.32 29.25 275.66
v 680.00 30.00 0.00
v 686.68 29.25 0.00
v 693.02 27.03 0.00
v 698.70 23.45 0.00
v 703.45 18.70 0.00
v 707.03 13.02 0.00
v 709.25 6.68 0.00
v 710.00 0.00 0.00
v 709.25 -6.68 0.00
v 707.03 -13.02 0.00
v 703.45 -18.70 0.00
v 698.70 -23.45 0.00
v 693.02 -27.03 0.00
v 686.68 -29.25 0.00
v 680.00 -30.00 0.00
v 673.32 -29.25 -0.00
v 666.98 -27.03 -0.00
v 661.30 -23.45 -0.00
v 656.55 -18.70 -0.00
v 652.97 -13.02 -0.00
v 650.75 -6.68 -0.00
v 650.00 -0.00 -0.00
v 650.75 6.68 -0.00
v 652.97 13.02 -0.00
v 656.55 18.70 -0.00
v 661.30 23.45 -0.00
v 666.98 27.03 -0.00
v 673.32 29.25 -0.00
v -680.00 0.00 0.00
v 680.00 0.00 0.00
v -396.78 -13.93 510.00
v -396.58 -17.07 505.64
v -397.56 -20.35 501.50
v -399.66 -23.62 497.79
v -402.78 -26.71 494.69
v -406.76 -29.46 492.35
v -411.41 -31.73 490.91
v -416.49 -33.42 490.41
v -421.75 -34.43 490.91
v -426.91 -34.73 492.35
v -431.73 -34.28 494.69
v -435.97 -33.11 497.79
v -439.40 -31.29 501.50
v -441.86 -28.90 505.64
v -443.22 -26.07 510.00
v -443.42 -22.93 514.36
v -442.44 -19.65 518.50
v -440.34 -16.38 522.21
v -437.22 -13.29 525.31
v -433.24 -10.54 527.65
v -428.59 -8.27 529.09
v -423.51 -6.58 529.59
v -418.25 -5.57 529.09
v -413.09 -5.27 527.65
v -408.27 -5.72 525.31
v -404.03 -6.89 522.21
v -400.60 -8.71 518.50
v -398.14 -11.10 514.36
v -475.13 285.77 290.60
v -474.93 282.63 286.25
v -475.90 279.34 282.11
v -478.01 276.07 278.39
v -481.13 272.99 275.29
v -485.11 270.24 272.96
v -489.76 267.96 271.51
v -494.84 266.27 271.02
v -500.09 265.26 271.51
v -505.26 264.97 272.96
v -510.08 265.42 275.29
v -514.31 266.58 278.39
v -517.75 268.40 282.11
v -520.20 270.79 286.25
v -521.57 273.63 290.60
v -521.77 276.77 294.96
v -520.79 280.05 299.10
v -518.69 283.32 302.81
v -515.57 286.41 305.91
v -511.58 289.16 308.25
v -506.94 291.43 309.70
v -501.86 293.12 310.19
v -496.60 294.13 309.70
v -491.43 294.42 308.25
v -486.61 293.97 305.92
v -482.38 292.81 302.81
v -478.95 290.99 299.10
v -476.49 288.60 294.96
v -475.39 286.81 289.81
v -475.17 283.58 285.52
v -476.12 280.21 281.44
v -478.21 276.88 277.78
v -481.32 273.75 274.71
v -485.30 270.98 272.39
v -489.95 268.72 270.93
v -495.03 267.06 270.42
v -500.30 266.10 270.87
v -505.49 265.89 272.26
v -510.33 266.43 274.52
v -514.59 267.69 277.55
v -518.05 269.63 281.18
v -520.54 272.13 285.23
v -521.93 275.07 289.51
v -522.15 278.30 293.80
v -521.20 281.67 297.88
v -519.11 285.00 301.54
v -516.00 288.13 304.61
v -512.02 290.90 306.93
v -507.37 293.16 308.39
v -502.28 294.82 308.90
v -497.02 295.78 308.45
v -491.83 295.99 307.06
v -486.99 295.45 304.80
v -482.73 294.18 301.77
v -479.27 292.25 298.14
v -476.78 289.75 294.09
v -475.67 287.95 288.92
v -475.43 284.67 284.68
v -476.38 281.26 280.63
v -478.45 277.90 276.99
v -481.56 274.75 273.93
v -485.54 271.97 271.62
v -490.19 269.71 270.16
v -495.28 268.07 269.64
v -500.56 267.14 270.06
v -505.75 266.96 271.43
v -510.61 267.54 273.66
v -514.88 268.86 276.64
v -518.35 270.85 280.23
v -520.85 273.40 284.24
v -522.25 276.40 288.48
v -522.49 279.68 292.73
v -521.54 283.09 296.77
v -519.47 286.45 300.41
v -516.36 289.60 303.47
v -512.38 292.38 305.78
v -507.73 294.64 307.24
v -502.64 296.28 307.77
v -497.37 297.21 307.34
v -492.17 297.39 305.98
v -487.32 296.80 303.75
v -483.04 295.48 300.76
v -479.57 293.50 297.17
v -477.07 290.94 293.16
v -475.93 289.08 288.03
v -475.69 285.75 283.82
v -476.62 282.30 279.80
v -478.69 278.90 276.19
v -481.79 275.74 273.15
v -485.77 272.95 270.84
v -490.42 270.69 269.38
v -495.52 269.07 268.84
v -500.80 268.16 269.25
v -506.00 268.02 270.58
v -510.87 268.65 272.77
v -515.15 270.02 275.72
v -518.64 272.06 279.26
v -521.15 274.67 283.23
v -522.57 277.72 287.43
v -522.81 281.05 291.64
v -521.88 284.50 295.65
v -519.81 287.89 299.27
v -516.71 291.06 302.31
v -512.73 293.85 304.61
v -508.08 296.11 306.07
v -502.98 297.73 306.61
v -497.70 298.63 306.21
v -492.50 298.77 304.87
v -487.63 298.14 302.68
v -483.35 296.77 299.74
v -479.86 294.73 296.19
v -477.35 292.12 292.22
v -476.19 290.20 287.12
v -475.93 286.82 282.94
v -476.86 283.33 278.96
v -478.92 279.90 275.37
v -482.02 276.72 272.35
v -485.99 273.92 270.05
v -490.65 271.67 268.59
v -495.75 270.06 268.03
v -501.03 269.18 268.42
v -506.25 269.08 269.72
v -511.12 269.75 271.88
v -515.42 271.17 274.78
v -518.91 273.27 278.28
v -521.44 275.93 282.21
v -522.87 279.03 286.36
v -523.13 282.41 290.53
v -522.20 285.90 294.51
v -520.14 289.32 298.10
v -517.04 292.51 301.13
v -513.07 295.30 303.43
v -508.41 297.56 304.89
v -503.31 299.17 305.44
v -498.03 300.04 305.06
v -492.81 300.15 303.75
v -487.94 299.47 301.60
v -483.64 298.05 298.69
v -480.15 295.96 295.19
v -477.62 293.30 291.27
v -476.44 291.31 286.19
v -476.17 287.88 282.06
v -477.09 284.35 278.11
v -479.14 280.90 274.54
v -482.24 277.69 271.54
v -486.21 274.89 269.25
v -490.86 272.64 267.78
v -495.96 271.04 267.21
v -501.26 270.19 267.58
v -506.48 270.13 268.85
v -511.36 270.84 270.97
v -515.67 272.32 273.83
v -519.18 274.46 277.29
v -521.72 277.18 281.17
v -523.16 280.33 285.28
v -523.42 283.76 289.41
v -522.51 287.28 293.36
v -520.45 290.74 296.92
v -517.36 293.95 299.93
v -513.39 296.75 302.22
v -508.73 299.00 303.69
v -503.63 300.59 304.25
v -498.34 301.45 303.89
v -493.12 301.51 302.62
v -488.23 300.79 300.50
v -483.93 299.32 297.64
v -480.42 297.17 294.18
v -477.88 294.46 290.30
v -476.67 292.41 285.25
v -476.40 288.94 281.16
v -477.31 285.37 277.24
v -479.36 281.88 273.70
v -482.44 278.65 270.72
v -486.41 275.84 268.43
v -491.07 273.60 266.96
v -496.17 272.02 266.38
v -501.47 271.19 266.72
v -506.70 271.16 267.96
v -511.60 271.93 270.05
v -515.91 273.45 272.86
v -519.43 275.65 276.27
v -521.98 278.42 280.11
v -523.43 281.62 284.18
v -523.71 285.09 288.27
v -522.80 288.66 292.18
v -520.75 292.15 295.72
v -517.67 295.37 298.71
v -513.70 298.18 301.00
v -509.04 300.43 302.47
v -503.94 302.01 303.05
v -498.64 302.83 302.71
v -493.41 302.86 301.46
v -488.51 302.10 299.38
v -484.20 300.58 296.56
v -480.67 298.38 293.15
v -478.12 295.61 289.32
v -476.90 293.50 284.30
v -476.61 289.98 280.25
v -477.51 286.37 276.37
v -479.56 282.86 272.85
v -482.64 279.61 269.88
v -486.61 276.79 267.60
v -491.26 274.55 266.13
v -496.37 272.99 265.54
v -501.68 272.19 265.85
v -506.91 272.19 267.06
v -511.82 273.00 269.11
v -516.15 274.57 271.88
v -519.68 276.82 275.25
v -522.24 279.65 279.04
v -523.70 282.90 283.06
v -523.99 286.42 287.11
v -523.09 290.02 290.99
v -521.04 293.54 294.51
v -517.96 296.79 297.48
v -513.99 299.61 299.76
v -509.33 301.85 301.23
v -504.23 303.41 301.82
v -498.92 304.21 301.50
v -493.68 304.21 300.29
v -488.78 303.40 298.25
v -484.45 301.83 295.48
v -480.92 299.58 292.11
v -478.36 296.75 288.32
v -477.12 294.58 283.33
v -476.82 291.02 279.32
v -477.71 287.37 275.48
v -479.75 283.83 271.99
v -482.83 280.56 269.03
v -486.80 277.73 266.76
v -491.45 275.49 265.29
v -496.56 273.94 264.68
v -501.87 273.17 264.98
v -507.12 273.21 266.15
v -512.03 274.06 268.16
v -516.37 275.68 270.89
v -519.91 277.99 274.21
v -522.48 280.86 277.95
v -523.95 284.17 281.93
v -524.25 287.73 285.94
v -523.35 291.38 289.79
v -521.32 294.92 293.27
v -518.24 298.19 296.23
v -514.27 301.01 298.50
v -509.61 303.26 299.97
v -504.50 304.80 300.58
v -499.19 305.57 300.29
v -493.95 305.53 299.11
v -489.04 304.68 297.10
v -484.70 303.07 294.37
v -481.16 300.76 291.05
v -478.59 297.88 287.31
v -477.32 295.65 282.35
v -477.02 292.04 278.38
v -477.90 288.36 274.57
v -479.93 284.78 271.11
v -483.01 281.50 268.18
v -486.98 278.66 265.91
v -491.63 276.43 264.43
v -496.75 274.89 263.81
v -502.06 274.15 264.08
v -507.31 274.22 265.23
v -512.23 275.12 267.20
v -516.58 276.78 269.88
v -520.13 279.14 273.16
v -522.71 282.07 276.85
v -524.19 285.42 280.78
v -524.50 289.03 284.75
v -523.61 292.71 288.56
v -521.58 296.29 292.02
v -518.50 299.58 294.96
v -514.54 302.41 297.22
v -509.88 304.65 298.70
v -504.77 306.18 299.32
v -499.45 306.93 299.05
v -494.20 306.85 297.91
v -489.28 305.96 295.94
v -484.93 304.29 293.25
v -481.38 301.93 289.98
v -478.80 299.01 286.29
v -477.52 296.72 281.36
v -477.20 293.06 277.43
v -478.08 289.34 273.66
v -480.11 285.73 270.23
v -483.18 282.43 267.31
v -487.14 279.59 265.05
v -491.80 277.35 263.57
v -496.92 275.84 262.94
v -502.24 275.12 263.18
v -507.50 275.23 264.30
v -512.42 276.16 266.22
v -516.78 277.88 268.86
v -520.34 280.28 272.09
v -522.93 283.26 275.74
v -524.42 286.66 279.62
v -524.73 290.32 283.55
v -523.85 294.04 287.32
v -521.83 297.65 290.76
v -518.76 300.95 293.68
v -514.79 303.79 295.93
v -510.13 306.03 297.41
v -505.02 307.54 298.05
v -499.70 308.27 297.80
v -494.44 308.16 296.69
v -489.51 307.22 294.76
v -485.16 305.50 292.12
v -481.60 303.10 288.89
v -479.01 300.12 285.25
v -477.70 297.77 280.36
v -477.38 294.07 276.47
v -478.25 290.31 272.74
v -480.27 286.67 269.33
v -483.34 283.34 266.43
v -487.30 280.49 264.19
v -491.96 278.26 262.70
v -497.08 276.76 262.05
v -502.40 276.06 262.28
v -507.67 276.21 263.36
v -512.60 277.19 265.24
v -516.97 278.95 267.84
v -520.54 281.41 271.01
v -523.14 284.44 274.61
v -524.64 287.90 278.45
v -524.96 291.60 282.33
v -524.08 295.36 286.07
v -522.06 298.99 289.47
v -519.00 302.32 292.37
v -515.03 305.17 294.62
v -510.37 307.40 296.10
v -505.26 308.91 296.75
v -499.93 309.60 296.53
v -494.67 309.46 295.45
v -489.73 308.48 293.56
v -485.37 306.71 290.96
v -481.80 304.25 287.79
v -479.20 301.22 284.19
v -513.49 507.14 77.92
v -513.17 503.44 74.05
v -514.04 499.67 70.31
v -516.06 496.03 66.92
v -519.13 492.70 64.02
v -523.09 489.84 61.78
v -527.75 487.61 60.29
v -532.87 486.11 59.65
v -538.19 485.41 59.87
v -543.45 485.56 60.95
v -548.39 486.54 62.83
v -552.75 488.31 65.42
v -556.33 490.77 68.59
v -558.93 493.81 72.18
v -560.43 497.27 76.01
v -560.75 500.98 79.89
v -559.88 504.74 83.62
v -557.86 508.38 87.02
v -554.79 511.72 89.92
v -550.83 514.57 92.16
v -546.17 516.80 93.64
v -541.05 518.31 94.29
v -535.73 519.00 94.07
v -530.46 518.85 92.99
v -525.53 517.87 91.11
v -521.16 516.11 88.52
v -517.59 513.64 85.34
v -514.99 510.60 81.75
v -514.02 510.23 74.28
v -513.62 506.05 70.93
v -514.41 501.83 67.70
v -516.36 497.77 64.76
v -519.36 494.08 62.26
v -523.28 490.95 60.32
v -527.91 488.54 59.04
v -533.01 486.96 58.48
v -538.34 486.29 58.67
v -543.63 486.57 59.61
v -548.60 487.78 61.23
v -553.02 489.87 63.47
v -556.66 492.72 66.21
v -559.33 496.19 69.32
v -560.91 500.12 72.63
v -561.32 504.30 75.98
v -560.52 508.53 79.21
v -558.58 512.58 82.15
v -555.57 516.27 84.65
v -551.65 519.40 86.59
v -547.03 521.81 87.87
v -541.92 523.40 88.43
v -536.59 524.06 88.24
v -531.31 523.78 87.31
v -526.33 522.57 85.68
v -521.91 520.49 83.44
v -518.27 517.63 80.70
v -515.60 514.16 77.59
v -514.49 513.01 70.50
v -514.05 508.62 67.44
v -514.81 504.19 64.49
v -516.73 499.94 61.81
v -519.71 496.10 59.52
v -523.60 492.85 57.75
v -528.22 490.35 56.58
v -533.32 488.73 56.07
v -538.65 488.08 56.24
v -543.94 488.42 57.10
v -548.94 489.73 58.58
v -553.38 491.96 60.63
v -557.05 494.99 63.13
v -559.76 498.66 65.97
v -561.37 502.80 68.99
v -561.81 507.19 72.06
v -561.05 511.62 75.00
v -559.14 515.87 77.69
v -556.16 519.71 79.97
v -552.26 522.96 81.74
v -547.65 525.46 82.91
v -542.55 527.08 83.43
v -537.22 527.73 83.25
v -531.92 527.39 82.40
v -526.93 526.08 80.91
v -522.49 523.85 78.86
v -518.82 520.82 76.36
v -516.11 517.15 73.53
v -514.93 515.54 66.54
v -514.45 510.95 63.78
v -515.18 506.33 61.13
v -517.07 501.92 58.71
v -520.02 497.93 56.65
v -523.90 494.56 55.05
v -528.50 491.99 54.00
v -533.59 490.34 53.54
v -538.92 489.70 53.70
v -544.23 490.09 54.46
v -549.24 491.50 55.80
v -553.70 493.86 57.65
v -557.40 497.04 59.90
v -560.14 500.90 62.46
v -561.79 505.23 65.18
v -562.26 509.81 67.94
v -561.53 514.43 70.59
v -559.65 518.84 73.01
v -556.69 522.83 75.07
v -552.82 526.20 76.66
v -548.22 528.77 77.72
v -543.12 530.42 78.18
v -537.79 531.06 78.02
v -532.48 530.67 77.25
v -527.47 529.26 75.92
v -523.01 526.90 74.07
v -519.31 523.72 71.82
v -516.57 519.87 69.26
v -515.31 517.79 62.41
v -514.81 513.03 59.97
v -515.51 508.25 57.62
v -517.37 503.68 55.48
v -520.30 499.56 53.66
v -524.16 496.10 52.25
v -528.75 493.46 51.31
v -533.84 491.78 50.91
v -539.17 491.15 51.05
v -544.48 491.59 51.72
v -549.51 493.08 52.91
v -553.99 495.56 54.54
v -557.71 498.88 56.54
v -560.48 502.90 58.80
v -562.16 507.40 61.21
v -562.66 512.16 63.65
v -561.96 516.94 66.00
v -560.10 521.51 68.14
v -557.17 525.62 69.96
v -553.31 529.09 71.38
v -548.72 531.73 72.31
v -543.63 533.40 72.72
v -538.30 534.04 72.58
v -532.98 533.60 71.90
v -527.96 532.10 70.71
v -523.47 529.63 69.08
v -519.76 526.31 67.09
v -516.99 522.29 64.82
v -515.65 519.77 58.14
v -515.12 514.85 56.03
v -515.79 509.92 53.99
v -517.63 505.23 52.14
v -520.55 501.00 50.56
v -524.39 497.44 49.34
v -528.97 494.75 48.53
v -534.05 493.04 48.18
v -539.39 492.42 48.30
v -544.71 492.90 48.89
v -549.75 494.47 49.92
v -554.25 497.04 51.33
v -557.99 500.49 53.06
v -560.78 504.65 55.01
v -562.48 509.30 57.10
v -563.01 514.21 59.22
v -562.34 519.14 61.25
v -560.50 523.84 63.10
v -557.58 528.07 64.68
v -553.74 531.62 65.90
v -549.16 534.32 66.71
v -544.08 536.02 67.06
v -538.74 536.65 66.94
v -533.42 536.16 66.35
v -528.38 534.59 65.33
v -523.88 532.02 63.92
v -520.14 528.57 62.19
v -517.35 524.42 60.23
v -515.94 521.45 53.75
v -515.39 516.41 51.97
v -516.04 511.36 50.26
v -517.86 506.55 48.70
v -520.75 502.22 47.38
v -524.58 498.59 46.35
v -529.15 495.85 45.67
v -534.24 494.12 45.37
v -539.57 493.50 45.48
v -544.90 494.02 45.97
v -549.95 495.65 46.83
v -554.46 498.31 48.02
v -558.22 501.87 49.47
v -561.03 506.14 51.12
v -562.76 510.92 52.87
v -563.31 515.96 54.65
v -562.66 521.02 56.36
v -560.84 525.83 57.91
v -557.94 530.15 59.24
v -554.11 533.78 60.27
v -549.54 536.53 60.95
v -544.46 538.25 61.24
v -539.12 538.87 61.14
v -533.80 538.35 60.65
v -528.75 536.72 59.79
v -524.23 534.06 58.60
v -520.47 530.51 57.15
v -517.66 526.23 55.50
v -516.17 522.84 49.24
v -515.61 517.69 47.81
v -516.24 512.54 46.44
v -518.04 507.63 45.18
v -520.93 503.23 44.11
v -524.75 499.54 43.29
v -529.31 496.75 42.74
v -534.39 495.01 42.50
v -539.73 494.40 42.58
v -545.06 494.94 42.98
v -550.11 496.63 43.68
v -554.64 499.36 44.63
v -558.42 503.00 45.80
v -561.25 507.37 47.13
v -562.99 512.26 48.54
v -563.56 517.41 49.97
v -562.92 522.56 51.35
v -561.12 527.47 52.60
v -558.24 531.88 53.67
v -554.42 535.56 54.50
v -549.85 538.35 55.05
v -544.77 540.09 55.28
v -539.44 540.71 55.20
v -534.10 540.16 54.80
v -529.05 538.48 54.11
v -524.52 535.74 53.15
v -520.75 532.10 51.98
v -517.92 527.73 50.66
v -516.36 523.93 44.66
v -515.78 518.70 43.58
v -516.40 513.46 42.54
v -518.19 508.48 41.60
v -521.06 504.02 40.79
v -524.87 500.28 40.17
v -529.43 497.46 39.75
v -534.51 495.70 39.57
v -539.85 495.10 39.63
v -545.18 495.67 39.94
v -550.25 497.39 40.46
v -554.78 500.18 41.18
v -558.57 503.89 42.06
v -561.41 508.34 43.06
v -563.17 513.31 44.13
v -563.75 518.54 45.21
v -563.13 523.77 46.24
v -561.34 528.75 47.19
v -558.47 533.22 48.00
v -554.65 536.96 48.62
v -550.10 539.78 49.03
v -545.02 541.53 49.21
v -539.68 542.14 49.15
v -534.35 541.57 48.85
v -529.28 539.85 48.33
v -524.74 537.06 47.61
v -520.96 533.35 46.72
v -518.12 528.90 45.72
v -516.49 524.71 40.01
v -515.90 519.42 39.29
v -516.51 514.13 38.59
v -518.29 509.10 37.96
v -521.16 504.58 37.42
v -524.96 500.81 37.00
v -529.52 497.97 36.73
v -534.59 496.20 36.60
v -539.93 495.60 36.65
v -545.27 496.19 36.85
v -550.34 497.94 37.20
v -554.88 500.76 37.68
v -558.68 504.53 38.27
v -561.53 509.03 38.94
v -563.30 514.06 39.65
v -563.89 519.35 40.37
v -563.28 524.64 41.07
v -561.50 529.67 41.70
v -558.63 534.19 42.24
v -554.83 537.96 42.66
v -550.27 540.80 42.93
v -545.20 542.57 43.06
v -539.86 543.17 43.01
v -534.52 542.58 42.81
v -529.45 540.83 42.46
v -524.91 538.01 41.98
v -521.11 534.24 41.39
v -518.26 529.74 40.72
v -516.57 525.18 35.31
v -515.98 519.85 34.95
v -516.58 514.53 34.60
v -518.36 509.46 34.29
v -521.22 504.92 34.02
v -525.02 501.13 33.81
v -529.57 498.27 33.67
v -534.64 496.50 33.61
v -539.98 495.90 33.63
v -545.32 496.50 33.73
v -550.40 498.27 33.91
v -554.94 501.12 34.15
v -558.74 504.91 34.44
v -561.60 509.45 34.78
v -563.37 514.51 35.14
v -563.97 519.84 35.50
v -563.37 525.17 35.85
v -561.59 530.23 36.16
v -558.73 534.77 36.43
v -554.93 538.56 36.64
v -550.38 541.42 36.78
v -545.30 543.19 36.84
v -539.96 543.79 36.82
v -534.62 543.19 36.72
v -529.55 541.43 36.54
v -525.00 538.57 36.30
v -521.20 534.78 36.01
v -518.35 530.24 35.67
v -516.60 525.34 30.61
v -516.00 520.00 30.58
v -516.60 514.66 30.56
v -518.38 509.59 30.54
v -521.24 505.04 30.52
v -525.04 501.24 30.51
v -529.59 498.38 30.50
v -534.66 496.60 30.49
v -540.00 496.00 30.50
v -545.34 496.60 30.50
v -550.41 498.38 30.51
v -554.96 501.24 30.53
v -558.76 505.04 30.55
v -561.62 509.59 30.57
v -563.40 514.66 30.59
v -564.00 520.00 30.62
v -563.40 525.34 30.64
v -561.62 530.41 30.66
v -558.76 534.96 30.68
v -554.96 538.76 30.69
v -550.41 541.62 30.70
v -545.34 543.40 30.71
v -540.00 544.00 30.70
v -534.66 543.40 30.70
v -529.59 541.62 30.69
v -525.04 538.76 30.67
v -521.24 534.96 30.65
v -518.38 530.41 30.63
v -516.60 525.34 -0.00
v -516.00 520.00 -0.00
v -516.60 514.66 -0.00
v -518.38 509.59 -0.00
v -521.24 505.04 -0.00
v -525.04 501.24 -0.00
v -529.59 498.38 -0.00
v -534.66 496.60 0.00
v -540.00 496.00 0.00
v -545.34 496.60 0.00
v -550.41 498.38 0.00
v -554.96 501.24 0.00
v -558.76 505.04 0.00
v -561.62 509.59 0.00
v -563.40 514.66 0.00
v -564.00 520.00 0.00
v -563.40 525.34 0.00
v -561.62 530.41 0.00
v -558.76 534.96 0.00
v -554.96 538.76 0.00
v -550.41 541.62 0.00
v -545.34 543.40 -0.00
v -540.00 544.00 -0.00
v -534.66 543.40 -0.00
v -529.59 541.62 -0.00
v -525.04 538.76 -0.00
v -521.24 534.96 -0.00
v -518.38 530.41 -0.00
v -420.00 -20.00 510.00
v -540.00 520.00 0.00
v 443.22 -26.07 510.00
v 441.86 -28.90 505.64
v 439.40 -31.29 501.50
v 435.97 -33.11 497.79
v 431.73 -34.28 494.69
v 426.91 -34.73 492.35
v 421.75 -34.43 490.91
v 416.49 -33.42 490.41
v 411.41 -31.73 490.91
v 406.76 -29.46 492.35
v 402.78 -26.71 494.69
v 399.66 -23.62 497.79
v 397.56 -20.35 501.50
v 396.58 -17.07 505.64
v 396.78 -13.93 510.00
v 398.14 -11.10 514.36
v 400.60 -8.71 518.50
v 404.03 -6.89 522.21
v 408.27 -5.72 525.31
v 413.09 -5.27 527.65
v 418.25 -5.57 529.09
v 423.51 -6.58 529.59
v 428.59 -8.27 529.09
v 433.24 -10.54 527.65
v 437.22 -13.29 525.31
v 440.34 -16.38 522.21
v 442.44 -19.65 518.50
v 443.42 -22.93 514.36
v 521.57 273.63 290.60
v 520.20 270.79 286.25
v 517.75 268.40 282.11
v 514.31 266.58 278.39
v 510.08 265.42 275.29
v 505.26 264.97 272.96
v 500.09 265.26 271.51
v 494.84 266.27 271.02
v 489.76 267.96 271.51
v 485.11 270.24 272.96
v 481.13 272.99 275.29
v 478.01 276.07 278.39
v 475.90 279.34 282.11
v 474.93 282.63 286.25
v 475.13 285.77 290.60
v 476.49 288.60 294.96
v 478.95 290.99 299.10
v 482.38 292.81 302.81
v 486.61 293.97 305.92
v 491.43 294.42 308.25
v 496.60 294.13 309.70
v 501.86 293.12 310.19
v 506.94 291.43 309.70
v 511.58 289.16 308.25
v 515.57 286.41 305.91
v 518.69 283.32 302.81
v 520.79 280.05 299.10
v 521.77 276.77 294.96
v 521.93 275.07 289.51
v 520.54 272.13 285.23
v 518.05 269.63 281.18
v 514.59 267.69 277.55
v 510.33 266.43 274.52
v 505.49 265.89 272.26
v 500.30 266.10 270.87
v 495.03 267.06 270.42
v 489.95 268.72 270.93
v 485.30 270.98 272.39
v 481.32 273.75 274.71
v 478.21 276.88 277.78
v 476.12 280.21 281.44
v 475.17 283.58 285.52
v 475.39 286.81 289.81
v 476.78 289.75 294.09
v 479.27 292.25 298.14
v 482.73 294.18 301.77
v 486.99 295.45 304.80
v 491.83 295.99 307.06
v 497.02 295.78 308.45
v 502.28 294.82 308.90
v 507.37 293.16 308.39
v 512.02 290.90 306.93
v 516.00 288.13 304.61
v 519.11 285.00 301.54
v 521.20 281.67 297.88
v 522.15 278.30 293.80
v 522.25 276.40 288.48
v 520.85 273.40 284.24
v 518.35 270.85 280.23
v 514.88 268.86 276.64
v 510.61 267.54 273.66
v 505.75 266.96 271.43
v 500.56 267.14 270.06
v 495.28 268.07 269.64
v 490.19 269.71 270.16
v 485.54 271.97 271.62
v 481.56 274.75 273.93
v 478.45 277.90 276.99
v 476.38 281.26 280.63
v 475.43 284.67 284.68
v 475.67 287.95 288.92
v 477.07 290.94 293.16
v 479.57 293.50 297.17
v 483.04 295.48 300.76
v 487.32 296.80 303.75
v 492.17 297.39 305.98
v 497.37 297.21 307.34
v 502.64 296.28 307.77
v 507.73 294.64 307.24
v 512.38 292.38 305.78
v 516.36 289.60 303.47
v 519.47 286.45 300.41
v 521.54 283.09 296.77
v 522.49 279.68 292.73
v 522.57 277.72 287.43
v 521.15 274.67 283.23
v 518.64 272.06 279.26
v 515.15 270.02 275.72
v 510.87 268.65 272.77
v 506.00 268.02 270.58
v 500.80 268.16 269.25
v 495.52 269.07 268.84
v 490.42 270.69 269.38
v 485.77 272.95 270.84
v 481.79 275.74 273.15
v 478.69 278.90 276.19
v 476.62 282.30 279.80
v 475.69 285.75 283.82
v 475.93 289.08 288.03
v 477.35 292.12 292.22
v 479.86 294.73 296.19
v 483.35 296.77 299.74
v 487.63 298.14 302.68
v 492.50 298.77 304.87
v 497.70 298.63 306.21
v 502.98 297.73 306.61
v 508.08 296.11 306.07
v 512.73 293.85 304.61
v 516.71 291.06 302.31
v 519.81 287.89 299.27
v 521.88 284.50 295.65
v 522.81 281.05 291.64
v 522.87 279.03 286.36
v 521.44 275.93 282.21
v 518.91 273.27 278.28
v 515.42 271.17 274.78
v 511.12 269.75 271.88
v 506.25 269.08 269.72
v 501.03 269.18 268.42
v 495.75 270.06 268.03
v 490.65 271.67 268.59
v 485.99 273.92 270.05
v 482.02 276.72 272.35
v 478.92 279.90 275.37
v 476.86 283.33 278.96
v 475.93 286.82 282.94
v 476.19 290.20 287.12
v 477.62 293.30 291.27
v 480.15 295.96 295.19
v 483.64 298.05 298.69
v 487.94 299.47 301.60
v 492.81 300.15 303.75
v 498.03 300.04 305.06
v 503.31 299.17 305.44
v 508.41 297.56 304.89
v 513.07 295.30 303.43
v 517.04 292.51 301.13
v 520.14 289.32 298.10
v 522.20 285.90 294.51
v 523.13 282.41 290.53
v 523.16 280.33 285.28
v 521.72 277.18 281.17
v 519.18 274.46 277.29
v 515.67 272.32 273.83
v 511.36 270.84 270.97
v 506.48 270.13 268.85
v 501.26 270.19 267.58
v 495.96 271.04 267.21
v 490.86 272.64 267.78
v 486.21 274.89 269.25
v 482.24 277.69 271.54
v 479.14 280.90 274.54
v 477.09 284.35 278.11
v 476.17 287.88 282.06
v 476.44 291.31 286.19
v 477.88 294.46 290.30
v 480.42 297.17 294.18
v 483.93 299.32 297.64
v 488.23 300.79 300.50
v 493.12 301.51 302.62
v 498.34 301.45 303.89
v 503.63 300.59 304.25
v 508.73 299.00 303.69
v 513.39 296.75 302.22
v 517.36 293.95 299.93
v 520.45 290.74 296.92
v 522.51 287.28 293.36
v 523.42 283.76 289.41
v 523.43 281.62 284.18
v 521.98 278.42 280.11
v 519.43 275.65 276.27
v 515.91 273.45 272.86
v 511.60 271.93 270.05
v 506.70 271.16 267.96
v 501.47 271.19 266.72
v 496.17 272.02 266.38
v 491.07 273.60 266.96
v 486.41 275.84 268.43
v 482.44 278.65 270.72
v 479.36 281.88 273.70
v 477.31 285.37 277.24
v 476.40 288.94 281.16
v 476.67 292.41 285.25
v 478.12 295.61 289.32
v 480.67 298.38 293.15
v 484.20 300.58 296.56
v 488.51 302.10 299.38
v 493.41 302.86 301.46
v 498.64 302.83 302.71
v 503.94 302.01 303.05
v 509.04 300.43 302.47
v 513.70 298.18 301.00
v 517.67 295.37 298.71
v 520.75 292.15 295.72
v 522.80 288.66 292.18
v 523.71 285.09 288.27
v 523.70 282.90 283.06
v 522.24 279.65 279.04
v 519.68 276.82 275.25
v 516.15 274.57 271.88
v 511.82 273.00 269.11
v 506.91 272.19 267.06
v 501.68 272.19 265.85
v 496.37 272.99 265.54
v 491.26 274.55 266.13
v 486.61 276.79 267.60
v 482.64 279.61 269.88
v 479.56 282.86 272.85
v 477.51 286.37 276.37
v 476.61 289.98 280.25
v 476.90 293.50 284.30
v 478.36 296.75 288.32
v 480.92 299.58 292.11
v 484.45 301.83 295.48
v 488.78 303.40 298.25
v 493.68 304.21 300.29
v 498.92 304.21 301.50
v 504.23 303.41 301.82
v 509.33 301.85 301.23
v 513.99 299.61 299.76
v 517.96 296.79 297.48
v 521.04 293.54 294.51
v 523.09 290.02 290.99
v 523.99 286.42 287.11
v 523.95 284.17 281.93
v 522.48 280.86 277.95
v 519.91 277.99 274.21
v 516.37 275.68 270.89
v 512.03 274.06 268.16
v 507.12 273.21 266.15
v 501.87 273.17 264.98
v 496.56 273.94 264.68
v 491.45 275.49 265.29
v 486.80 277.73 266.76
v 482.83 280.56 269.03
v 479.75 283.83 271.99
v 477.71 287.37 275.48
v 476.82 291.02 279.32
v 477.12 294.58 283.33
v 478.59 297.88 287.31
v 481.16 300.76 291.05
v 484.70 303.07 294.37
v 489.04 304.68 297.10
v 493.95 305.53 299.11
v 499.19 305.57 300.29
v 504.50 304.80 300.58
v 509.61 303.26 299.97
v 514.27 301.01 298.50
v 518.24 298.19 296.23
v 521.32 294.92 293.27
v 523.35 291.38 289.79
v 524.25 287.73 285.94
v 524.19 285.42 280.78
v 522.71 282.07 276.85
v 520.13 279.14 273.16
v 516.58 276.78 269.88
v 512.23 275.12 267.20
v 507.31 274.22 265.23
v 502.06 274.15 264.08
v 496.75 274.89 263.81
v 491.63 276.43 264.43
v 486.98 278.66 265.91
v 483.01 281.50 268.18
v 479.93 284.78 271.11
v 477.90 288.36 274.57
v 477.02 292.04 278.38
v 477.32 295.65 282.35
v 478.80 299.01 286.29
v 481.38 301.93 289.98
v 484.93 304.29 293.25
v 489.28 305.96 295.94
v 494.20 306.85 297.91
v 499.45 306.93 299.05
v 504.77 306.18 299.32
v 509.88 304.65 298.70
v 514.54 302.41 297.22
v 518.50 299.58 294.96
v 521.58 296.29 292.02
v 523.61 292.71 288.56
v 524.50 289.03 284.75
v 524.42 286.66 279.62
v 522.93 283.26 275.74
v 520.34 280.28 272.09
v 516.78 277.88 268.86
v 512.42 276.16 266.22
v 507.50 275.23 264.30
v 502.24 275.12 263.18
v 496.92 275.84 262.94
v 491.80 277.35 263.57
v 487.14 279.59 265.05
v 483.18 282.43 267.31
v 480.11 285.73 270.23
v 478.08 289.34 273.66
v 477.20 293.06 277.43
v 477.52 296.72 281.36
v 479.01 300.12 285.25
v 481.60 303.10 288.89
v 485.16 305.50 292.12
v 489.51 307.22 294.76
v 494.44 308.16 296.69
v 499.70 308.27 297.80
v 505.02 307.54 298.05
v 510.13 306.03 297.41
v 514.79 303.79 295.93
v 518.76 300.95 293.68
v 521.83 297.65 290.76
v 523.85 294.04 287.32
v 524.73 290.32 283.55
v 524.64 287.90 278.45
v 523.14 284.44 274.61
v 520.54 281.41 271.01
v 516.97 278.95 267.84
v 512.60 277.19 265.24
v 507.67 276.21 263.36
v 502.40 276.06 262.28
v 497.08 276.76 262.05
v 491.96 278.26 262.70
v 487.30 280.49 264.19
v 483.34 283.34 266.43
v 480.27 286.67 269.33
v 478.25 290.31 272.74
v 477.38 294.07 276.47
v 477.70 297.77 280.36
v 479.20 301.22 284.19
v 481.80 304.25 287.79
v 485.37 306.71 290.96
v 489.73 308.48 293.56
v 494.67 309.46 295.45
v 499.93 309.60 296.53
v 505.26 308.91 296.75
v 510.37 307.40 296.10
v 515.03 305.17 294.62
v 519.00 302.32 292.37
v 522.06 298.99 289.47
v 524.08 295.36 286.07
v 524.96 291.60 282.33
v 560.43 497.27 76.01
v 558.93 493.81 72.18
v 556.33 490.77 68.59
v 552.75 488.31 65.42
v 548.39 486.54 62.83
v 543.45 485.56 60.95
v 538.19 485.41 59.87
v 532.87 486.11 59.65
v 527.75 487.61 60.29
v 523.09 489.84 61.78
v 519.13 492.70 64.02
v 516.06 496.03 66.92
v 514.04 499.67 70.31
v 513.17 503.44 74.05
v 513.49 507.14 77.92
v 514.99 510.60 81.75
v 517.59 513.64 85.34
v 521.16 516.11 88.52
v 525.53 517.87 91.11
v 530.46 518.85 92.99
v 535.73 519.00 94.07
v 541.05 518.31 94.29
v 546.17 516.80 93.64
v 550.83 514.57 92.16
v 554.79 511.72 89.92
v 557.86 508.38 87.02
v 559.88 504.74 83.62
v 560.75 500.98 79.89
v 560.91 500.12 72.63
v 559.33 496.19 69.32
v 556.66 492.72 66.21
v 553.02 489.87 63.47
v 548.60 487.78 61.23
v 543.63 486.57 59.61
v 538.34 486.29 58.67
v 533.01 486.96 58.48
v 527.91 488.54 59.04
v 523.28 490.95 60.32
v 519.36 494.08 62.26
v 516.36 497.77 64.76
v 514.41 501.83 67.70
v 513.62 506.05 70.93
v 514.02 510.23 74.28
v 515.60 514.16 77.59
v 518.27 517.63 80.70
v 521.91 520.49 83.44
v 526.33 522.57 85.68
v 531.31 523.78 87.31
v 536.59 524.06 88.24
v 541.92 523.40 88.43
v 547.03 521.81 87.87
v 551.65 519.40 86.59
v 555.57 516.27 84.65
v 558.58 512.58 82.15
v 560.52 508.53 79.21
v 561.32 504.30 75.98
v 561.37 502.80 68.99
v 559.76 498.66 65.97
v 557.05 494.99 63.13
v 553.38 491.96 60.63
v 548.94 489.73 58.58
v 543.94 488.42 57.10
v 538.65 488.08 56.24
v 533.32 488.73 56.07
v 528.22 490.35 56.58
v 523.60 492.85 57.75
v 519.71 496.10 59.52
v 516.73 499.94 61.81
v 514.81 504.19 64.49
v 514.05 508.62 67.44
v 514.49 513.01 70.50
v 516.11 517.15 73.53
v 518.82 520.82 76.36
v 522.49 523.85 78.86
v 526.93 526.08 80.91
v 531.92 527.39 82.40
v 537.22 527.73 83.25
v 542.55 527.08 83.43
v 547.65 525.46 82.91
v 552.26 522.96 81.74
v 556.16 519.71 79.97
v 559.14 515.87 77.69
v 561.05 511.62 75.00
v 561.81 507.19 72.06
v 561.79 505.23 65.18
v 560.14 500.90 62.46
v 557.40 497.04 59.90
v 553.70 493.86 57.65
v 549.24 491.50 55.80
v 544.23 490.09 54.46
v 538.92 489.70 53.70
v 533.59 490.34 53.54
v 528.50 491.99 54.00
v 523.90 494.56 55.05
v 520.02 497.93 56.65
v 517.07 501.92 58.71
v 515.18 506.33 61.13
v 514.45 510.95 63.78
v 514.93 515.54 66.54
v 516.57 519.87 69.26
v 519.31 523.72 71.82
v 523.01 526.90 74.07
v 527.47 529.26 75.92
v 532.48 530.67 77.25
v 537.79 531.06 78.02
v 543.12 530.42 78.18
v 548.22 528.77 77.72
v 552.82 526.20 76.66
v 556.69 522.83 75.07
v 559.65 518.84 73.01
v 561.53 514.43 70.59
v 562.26 509.81 67.94
v 562.16 507.40 61.21
v 560.48 502.90 58.80
v 557.71 498.88 56.54
v 553.99 495.56 54.54
v 549.51 493.08 52.91
v 544.48 491.59 51.72
v 539.17 491.15 51.05
v 533.84 491.78 50.91
v 528.75 493.46 51.31
v 524.16 496.10 52.25
v 520.30 499.56 53.66
v 517.37 503.68 55.48
v 515.51 508.25 57.62
v 514.81 513.03 59.97
v 515.31 517.79 62.41
v 516.99 522.29 64.82
v 519.76 526.31 67.09
v 523.47 529.63 69.08
v 527.96 532.10 70.71
v 532.98 533.60 71.90
v 538.30 534.04 72.58
v 543.63 533.40 72.72
v 548.72 531.73 72.31
v 553.31 529.09 71.38
v 557.17 525.62 69.96
v 560.10 521.51 68.14
v 561.96 516.94 66.00
v 562.66 512.16 63.65
v 562.48 509.30 57.10
v 560.78 504.65 55.01
v 557.99 500.49 53.06
v 554.25 497.04 51.33
v 549.75 494.47 49.92
v 544.71 492.90 48.89
v 539.39 492.42 48.30
v 534.05 493.04 48.18
v 528.97 494.75 48.53
v 524.39 497.44 49.34
v 520.55 501.00 50.56
v 517.63 505.23 52.14
v 515.79 509.92 53.99
v 515.12 514.85 56.03
v 515.65 519.77 58.14
v 517.35 524.42 60.23
v 520.14 528.57 62.19
v 523.88 532.02 63.92
v 528.38 534.59 65.33
v 533.42 536.16 66.35
v 538.74 536.65 66.94
v 544.08 536.02 67.06
v 549.16 534.32 66.71
v 553.74 531.62 65.90
v 557.58 528.07 64.68
v 560.50 523.84 63.10
v 562.34 519.14 61.25
v 563.01 514.21 59.22
v 562.76 510.92 52.87
v 561.03 506.14 51.12
v 558.22 501.87 49.47
v 554.46 498.31 48.02
v 549.95 495.65 46.83
v 544.90 494.02 45.97
v 539.57 493.50 45.48
v 534.24 494.12 45.37
v 529.15 495.85 45.67
v 524.58 498.59 46.35
v 520.75 502.22 47.38
v 517.86 506.55 48.70
v 516.04 511.36 50.26
v 515.39 516.41 51.97
v 515.94 521.45 53.75
v 517.66 526.23 55.50
v 520.47 530.51 57.15
v 524.23 534.06 58.60
v 528.75 536.72 59.79
v 533.80 538.35 60.65
v 539.12 538.87 61.14
v 544.46 538.25 61.24
v 549.54 536.53 60.95
v 554.11 533.78 60.27
v 557.94 530.15 59.24
v 560.84 525.83 57.91
v 562.66 521.02 56.36
v 563.31 515.96 54.65
v 562.99 512.26 48.54
v 561.25 507.37 47.13
v 558.42 503.00 45.80
v 554.64 499.36 44.63
v 550.11 496.63 43.68
v 545.06 494.94 42.98
v 539.73 494.40 42.58
v 534.39 495.01 42.50
v 529.31 496.75 42.74
v 524.75 499.54 43.29
v 520.93 503.23 44.11
v 518.04 507.63 45.18
v 516.24 512.54 46.44
v 515.61 517.69 47.81
v 516.17 522.84 49.24
v 517.92 527.73 50.66
v 520.75 532.10 51.98
v 524.52 535.74 53.15
v 529.05 538.48 54.11
v 534.10 540.16 54.80
v 539.44 540.71 55.20
v 544.77 540.09 55.28
v 549.85 538.35 55.05
v 554.42 535.56 54.50
v 558.24 531.88 53.67
v 561.12 527.47 52.60
v 562.92 522.56 51.35
v 563.56 517.41 49.97
v 563.17 513.31 44.13
v 561.41 508.34 43.06
v 558.57 503.89 42.06
v 554.78 500.18 41.18
v 550.25 497.39 40.46
v 545.18 495.67 39.94
v 539.85 495.10 39.63
v 534.51 495.70 39.57
v 529.43 497.46 39.75
v 524.87 500.28 40.17
v 521.06 504.02 40.79
v 518.19 508.48 41.60
v 516.40 513.46 42.54
v 515.78 518.70 43.58
v 516.36 523.93 44.66
v 518.12 528.90 45.72
v 520.96 533.35 46.72
v 524.74 537.06 47.61
v 529.28 539.85 48.33
v 534.35 541.57 48.85
v 539.68 542.14 49.15
v 545.02 541.53 49.21
v 550.10 539.78 49.03
v 554.65 536.96 48.62
v 558.47 533.22 48.00
v 561.34 528.75 47.19
v 563.13 523.77 46.24
v 563.75 518.54 45.21
v 563.30 514.06 39.65
v 561.53 509.03 38.94
v 558.68 504.53 38.27
v 554.88 500.76 37.68
v 550.34 497.94 37.20
v 545.27 496.19 36.85
v 539.93 495.60 36.65
v 534.59 496.20 36.60
v 529.52 497.97 36.73
v 524.96 500.81 37.00
v 521.16 504.58 37.42
v 518.29 509.10 37.96
v 516.51 514.13 38.59
v 515.90 519.42 39.29
v 516.49 524.71 40.01
v 518.26 529.74 40.72
v 521.11 534.24 41.39
v 524.91 538.01 41.98
v 529.45 540.83 42.46
v 534.52 542.58 42.81
v 539.86 543.17 43.01
v 545.20 542.57 43.06
v 550.27 540.80 42.93
v 554.83 537.96 42.66
v 558.63 534.19 42.24
v 561.50 529.67 41.70
v 563.28 524.64 41.07
v 563.89 519.35 40.37
v 563.37 514.51 35.14
v 561.60 509.45 34.78
v 558.74 504.91 34.44
v 554.94 501.12 34.15
v 550.40 498.27 33.91
v 545.32 496.50 33.73
v 539.98 495.90 33.63
v 534.64 496.50 33.61
v 529.57 498.27 33.67
v 525.02 501.13 33.81
v 521.22 504.92 34.02
v 518.36 509.46 34.29
v 516.58 514.53 34.60
v 515.98 519.85 34.95
v 516.57 525.18 35.31
v 518.35 530.24 35.67
v 521.20 534.78 36.01
v 525.00 538.57 36.30
v 529.55 541.43 36.54
v 534.62 543.19 36.72
v 539.96 543.79 36.82
v 545.30 543.19 36.84
v 550.38 541.42 36.78
v 554.93 538.56 36.64
v 558.73 534.77 36.43
v 561.59 530.23 36.16
v 563.37 525.17 35.85
v 563.97 519.84 35.50
v 563.40 514.66 30.59
v 561.62 509.59 30.57
v 558.76 505.04 30.55
v 554.96 501.24 30.53
v 550.41 498.38 30.51
v 545.34 496.60 30.50
v 540.00 496.00 30.50
v 534.66 496.60 30.49
v 529.59 498.38 30.50
v 525.04 501.24 30.51
v 521.24 505.04 30.52
v 518.38 509.59 30.54
v 516.60 514.66 30.56
v 516.00 520.00 30.58
v 516.60 525.34 30.61
v 518.38 530.41 30.63
v 521.24 534.96 30.65
v 525.04 538.76 30.67
v 529.59 541.62 30.69
v 534.66 543.40 30.70
v 540.00 544.00 30.70
v 545.34 543.40 30.71
v 550.41 541.62 30.70
v 554.96 538.76 30.69
v 558.76 534.96 30.68
v 561.62 530.41 30.66
v 563.40 525.34 30.64
v 564.00 520.00 30.62
v 563.40 514.66 0.00
v 561.62 509.59 0.00
v 558.76 505.04 0.00
v 554.96 501.24 0.00
v 550.41 498.38 0.00
v 545.34 496.60 0.00
v 540.00 496.00 0.00
v 534.66 496.60 0.00
v 529.59 498.38 -0.00
v 525.04 501.24 -0.00
v 521.24 505.04 -0.00
v 518.38 509.59 -0.00
v 516.60 514.66 -0.00
v 516.00 520.00 -0.00
v 516.60 525.34 -0.00
v 518.38 530.41 -0.00
v 521.24 534.96 -0.00
v 525.04 538.76 -0.00
v 529.59 541.62 -0.00
v 534.66 543.40 -0.00
v 540.00 544.00 -0.00
v 545.34 543.40 -0.00
v 550.41 541.62 0.00
v 554.96 538.76 0.00
v 558.76 534.96 0.00
v 561.62 530.41 0.00
v 563.40 525.34 0.00
v 564.00 520.00 0.00
v 420.00 -20.00 510.00
v 540.00 520.00 0.00
v -725.00 -80.00 0.00
v -725.00 -80.00 8.00
v -725.00 80.00 0.00
v -725.00 80.00 8.00
v -635.00 -80.00 0.00
v -635.00 -80.00 8.00
v -635.00 80.00 0.00
v -635.00 80.00 8.00
v -585.00 440.00 0.00
v -585.00 440.00 8.00
v -585.00 600.00 0.00
v -585.00 600.00 8.00
v -495.00 440.00 0.00
v -495.00 440.00 8.00
v -495.00 600.00 0.00
v -495.00 600.00 8.00
v 635.00 -80.00 0.00
v 635.00 -80.00 8.00
v 635.00 80.00 0.00
v 635.00 80.00 8.00
v 725.00 -80.00 0.00
v 725.00 -80.00 8.00
v 725.00 80.00 0.00
v 725.00 80.00 8.00
v 495.00 440.00 0.00
v 495.00 440.00 8.00
v 495.00 600.00 0.00
v 495.00 600.00 8.00
v 585.00 440.00 0.00
v 585.00 440.00 8.00
v 585.00 600.00 0.00
v 585.00 600.00 8.00
v -420.00 -20.00 360.00
v -420.00 -20.00 400.00
v -420.00 20.00 360.00
v -420.00 20.00 400.00
v 420.00 -20.00 360.00
v 420.00 -20.00 400.00
v 420.00 20.00 360.00
v 420.00 20.00 400.00
o arco_interior
f 1 29 30
f 1 30 2
f 2 30 31
f 2 31 3
f 3 31 32
f 3 32 4
f 4 32 33
f 4 33 5
f 5 33 34
f 5 34 6
f 6 34 35
f 6 35 7
f 7 35 36
f 7 36 8
f 8 36 37
f 8 37 9
f 9 37 38
f 9 38 10
f 10 38 39
f 10 39 11
f 11 39 40
f 11 40 12
f 12 40 41
f 12 41 13
f 13 41 42
f 13 42 14
f 14 42 43
f 14 43 15
f 15 43 44
f 15 44 16
f 16 44 45
f 16 45 17
f 17 45 46
f 17 46 18
f 18 46 47
f 18 47 19
f 19 47 48
f 19 48 20
f 20 48 49
f 20 49 21
f 21 49 50
f 21 50 22
f 22 50 51
f 22 51 23
f 23 51 52
f 23 52 24
f 24 52 53
f 24 53 25
f 25 53 54
f 25 54 26
f 26 54 55
f 26 55 27
f 27 55 56
f 27 56 28
f 28 56 29
f 28 29 1
f 29 57 58
f 29 58 30
f 30 58 59
f 30 59 31
f 31 59 60
f 31 60 32
f 32 60 61
f 32 61 33
f 33 61 62
f 33 62 34
f 34 62 63
f 34 63 35
f 35 63 64
f 35 64 36
f 36 64 65
f 36 65 37
f 37 65 66
f 37 66 38
f 38 66 67
f 38 67 39
f 39 67 68
f 39 68 40
f 40 68 69
f 40 69 41
f 41 69 70
f 41 70 42
f 42 70 71
f 42 71 43
f 43 71 72
f 43 72 44
f 44 72 73
f 44 73 45
f 45 73 74
f 45 74 46
f 46 74 75
f 46 75 47
f 47 75 76
f 47 76 48
f 48 76 77
f 48 77 49
f 49 77 78
f 49 78 50
f 50 78 79
f 50 79 51
f 51 79 80
f 51 80 52
f 52 80 81
f 52 81 53
f 53 81 82
f 53 82 54
f 54 82 83
f 54 83 55
f 55 83 84
f 55 84 56
f 56 84 57
f 56 57 29
f 57 85 86
f 57 86 58
f 58 86 87
f 58 87 59
f 59 87 88
f 59 88 60
f 60 88 89
f 60 89 61
f 61 89 90
f 61 90 62
f 62 90 91
f 62 91 63
f 63 91 92
f 63 92 64
f 64 92 93
f 64 93 65
f 65 93 94
f 65 94 66
f 66 94 95
f 66 95 67
f 67 95 96
f 67 96 68
f 68 96 97
f 68 97 69
f 69 97 98
f 69 98 70
f 70 98 99
f 70 99 71
f 71 99 100
f 71 100 72
f 72 100 101
f 72 101 73
f 73 101 102
f 73 102 74
f 74 102 103
f 74 103 75
f 75 103 104
f 75 104 76
f 76 104 105
f 76 105 77
f 77 105 106
f 77 106 78
f 78 106 107
f 78 107 79
f 79 107 108
f 79 108 80
f 80 108 109
f 80 109 81
f 81 109 110
f 81 110 82
f 82 110 111
f 82 111 83
f 83 111 112
f 83 112 84
f 84 112 85
f 84 85 57
f 85 113 114
f 85 114 86
f 86 114 115
f 86 115 87
f 87 115 116
f 87 116 88
f 88 116 117
f 88 117 89
f 89 117 118
f 89 118 90
f 90 118 119
f 90 119 91
f 91 119 120
f 91 120 92
f 92 120 121
f 92 121 93
f 93 121 122
f 93 122 94
f 94 122 123
f 94 123 95
f 95 123 124
f 95 124 96
f 96 124 125
f 96 125 97
f 97 125 126
f 97 126 98
f 98 126 127
f 98 127 99
f 99 127 128
f 99 128 100
f 100 128 129
f 100 129 101
f 101 129 130
f 101 130 102
f 102 130 131
f 102 131 103
f 103 131 132
f 103 132 104
f 104 132 133
f 104 133 105
f 105 133 134
f 105 134 106
f 106 134 135
f 106 135 107
f 107 135 136
f 107 136 108
f 108 136 137
f 108 137 109
f 109 137 138
f 109 138 110
f 110 138 139
f 110 139 111
f 111 139 140
f 111 140 112
f 112 140 113
f 112 113 85
f 113 141 142
f 113 142 114
f 114 142 143
f 114 143 115
f 115 143 144
f 115 144 116
f 116 144 145
f 116 145 117
f 117 145 146
f 117 146 118
f 118 146 147
f 118 147 119
f 119 147 148
f 119 148 120
f 120 148 149
f 120 149 121
f 121 149 150
f 121 150 122
f 122 150 151
f 122 151 123
f 123 151 152
f 123 152 124
f 124 152 153
f 124 153 125
f 125 153 154
f 125 154 126
f 126 154 155
f 126 155 127
f 127 155 156
f 127 156 128
f 128 156 157
f 128 157 129
f 129 157 158
f 129 158 130
f 130 158 159
f 130 159 131
f 131 159 160
f 131 160 132
f 132 160 161
f 132 161 133
f 133 161 162
f 133 162 134
f 134 162 163
f 134 163 135
f 135 163 164
f 135 164 136
f 136 164 165
f 136 165 137
f 137 165 166
f 137 166 138
f 138 166 167
f 138 167 139
f 139 167 168
f 139 168 140
f 140 168 141
f 140 141 113
f 141 169 170
f 141 170 142
f 142 170 171
f 142 171 143
f 143 171 172
f 143 172 144
f 144 172 173
f 144 173 145
f 145 173 174
f 145 174 146
f 146 174 175
f 146 175 147
f 147 175 176
f 147 176 148
f 148 176 177
f 148 177 149
f 149 177 178
f 149 178 150
f 150 178 179
f 150 179 151
f 151 179 180
f 151 180 152
f 152 180 181
f 152 181 153
f 153 181 182
f 153 182 154
f 154 182 183
f 154 183 155
f 155 183 184
f 155 184 156
f 156 184 185
f 156 185 157
f 157 185 186
f 157 186 158
f 158 186 187
f 158 187 159
f 159 187 188
f 159 188 160
f 160 188 189
f 160 189 161
f 161 189 190
f 161 190 162
f 162 190 191
f 162 191 163
f 163 191 192
f 163 192 164
f 164 192 193
f 164 193 165
f 165 193 194
f 165 194 166
f 166 194 195
f 166 195 167
f 167 195 196
f 167 196 168
f 168 196 169
f 168 169 141
f 169 197 198
f 169 198 170
f 170 198 199
f 170 199 171
f 171 199 200
f 171 200 172
f 172 200 201
f 172 201 173
f 173 201 202
f 173 202 174
f 174 202 203
f 174 203 175
f 175 203 204
f 175 204 176
f 176 204 205
f 176 205 177
f 177 205 206
f 177 206 178
f 178 206 207
f 178 207 179
f 179 207 208
f 179 208 180
f 180 208 209
f 180 209 181
f 181 209 210
f 181 210 182
f 182 210 211
f 182 211 183
f 183 211 212
f 183 212 184
f 184 212 213
f 184 213 185
f 185 213 214
f 185 214 186
f 186 214 215
f 186 215 187
f 187 215 216
f 187 216 188
f 188 216 217
f 188 217 189
f 189 217 218
f 189 218 190
f 190 218 219
f 190 219 191
f 191 219 220
f 191 220 192
f 192 220 221
f 192 221 193
f 193 221 222
f 193 222 194
f 194 222 223
f 194 223 195
f 195 223 224
f 195 224 196
f 196 224 197
f 196 197 169
f 197 225 226
f 197 226 198
f 198 226 227
f 198 227 199
f 199 227 228
f 199 228 200
f 200 228 229
f 200 229 201
f 201 229 230
f 201 230 202
f 202 230 231
f 202 231 203
f 203 231 232
f 203 232 204
f 204 232 233
f 204 233 205
f 205 233 234
f 205 234 206
f 206 234 235
f 206 235 207
f 207 235 236
f 207 236 208
f 208 236 237
f 208 237 209
f 209 237 238
f 209 238 210
f 210 238 239
f 210 239 211
f 211 239 240
f 211 240 212
f 212 240 241
f 212 241 213
f 213 241 242
f 213 242 214
f 214 242 243
f 214 243 215
f 215 243 244
f 215 244 216
f 216 244 245
f 216 245 217
f 217 245 246
f 217 246 218
f 218 246 247
f 218 247 219
f 219 247 248
f 219 248 220
f 220 248 249
f 220 249 221
f 221 249 250
f 221 250 222
f 222 250 251
f 222 251 223
f 223 251 252
f 223 252 224
f 224 252 225
f 224 225 197
f 225 253 254
f 225 254 226
f 226 254 255
f 226 255 227
f 227 255 256
f 227 256 228
f 228 256 257
f 228 257 229
f 229 257 258
f 229 258 230
f 230 258 259
f 230 259 231
f 231 259 260
f 231 260 232
f 232 260 261
f 232 261 233
f 233 261 262
f 233 262 234
f 234 262 263
f 234 263 235
f 235 263 264
f 235 264 236
f 236 264 265
f 236 265 237
f 237 265 266
f 237 266 238
f 238 266 267
f 238 267 239
f 239 267 268
f 239 268 240
f 240 268 269
f 240 269 241
f 241 269 270
f 241 270 242
f 242 270 271
f 242 271 243
f 243 271 272
f 243 272 244
f 244 272 273
f 244 273 245
f 245 273 274
f 245 274 246
f 246 274 275
f 246 275 247
f 247 275 276
f 247 276 248
f 248 276 277
f 248 277 249
f 249 277 278
f 249 278 250
f 250 278 279
f 250 279 251
f 251 279 280
f 251 280 252
f 252 280 253
f 252 253 225
f 253 281 282
f 253 282 254
f 254 282 283
f 254 283 255
f 255 283 284
f 255 284 256
f 256 284 285
f 256 285 257
f 257 285 286
f 257 286 258
f 258 286 287
f 258 287 259
f 259 287 288
f 259 288 260
f 260 288 289
f 260 289 261
f 261 289 290
f 261 290 262
f 262 290 291
f 262 291 263
f 263 291 292
f 263 292 264
f 264 292 293
f 264 293 265
f 265 293 294
f 265 294 266
f 266 294 295
f 266 295 267
f 267 295 296
f 267 296 268
f 268 296 297
f 268 297 269
f 269 297 298
f 269 298 270
f 270 298 299
f 270 299 271
f 271 299 300
f 271 300 272
f 272 300 301
f 272 301 273
f 273 301 302
f 273 302 274
f 274 302 303
f 274 303 275
f 275 303 304
f 275 304 276
f 276 304 305
f 276 305 277
f 277 305 306
f 277 306 278
f 278 306 307
f 278 307 279
f 279 307 308
f 279 308 280
f 280 308 281
f 280 281 253
f 281 309 310
f 281 310 282
f 282 310 311
f 282 311 283
f 283 311 312
f 283 312 284
f 284 312 313
f 284 313 285
f 285 313 314
f 285 314 286
f 286 314 315
f 286 315 287
f 287 315 316
f 287 316 288
f 288 316 317
f 288 317 289
f 289 317 318
f 289 318 290
f 290 318 319
f 290 319 291
f 291 319 320
f 291 320 292
f 292 320 321
f 292 321 293
f 293 321 322
f 293 322 294
f 294 322 323
f 294 323 295
f 295 323 324
f 295 324 296
f 296 324 325
f 296 325 297
f 297 325 326
f 297 326 298
f 298 326 327
f 298 327 299
f 299 327 328
f 299 328 300
f 300 328 329
f 300 329 301
f 301 329 330
f 301 330 302
f 302 330 331
f 302 331 303
f 303 331 332
f 303 332 304
f 304 332 333
f 304 333 305
f 305 333 334
f 305 334 306
f 306 334 335
f 306 335 307
f 307 335 336
f 307 336 308
f 308 336 309
f 308 309 281
f 309 337 338
f 309 338 310
f 310 338 339
f 310 339 311
f 311 339 340
f 311 340 312
f 312 340 341
f 312 341 313
f 313 341 342
f 313 342 314
f 314 342 343
f 314 343 315
f 315 343 344
f 315 344 316
f 316 344 345
f 316 345 317
f 317 345 346
f 317 346 318
f 318 346 347
f 318 347 319
f 319 347 348
f 319 348 320
f 320 348 349
f 320 349 321
f 321 349 350
f 321 350 322
f 322 350 351
f 322 351 323
f 323 351 352
f 323 352 324
f 324 352 353
f 324 353 325
f 325 353 354
f 325 354 326
f 326 354 355
f 326 355 327
f 327 355 356
f 327 356 328
f 328 356 357
f 328 357 329
f 329 357 358
f 329 358 330
f 330 358 359
f 330 359 331
f 331 359 360
f 331 360 332
f 332 360 361
f 332 361 333
f 333 361 362
f 333 362 334
f 334 362 363
f 334 363 335
f 335 363 364
f 335 364 336
f 336 364 337
f 336 337 309
f 337 365 366
f 337 366 338
f 338 366 367
f 338 367 339
f 339 367 368
f 339 368 340
f 340 368 369
f 340 369 341
f 341 369 370
f 341 370 342
f 342 370 371
f 342 371 343
f 343 371 372
f 343 372 344
f 344 372 373
f 344 373 345
f 345 373 374
f 345 374 346
f 346 374 375
f 346 375 347
f 347 375 376
f 347 376 348
f 348 376 377
f 348 377 349
f 349 377 378
f 349 378 350
f 350 378 379
f 350 379 351
f 351 379 380
f 351 380 352
f 352 380 381
f 352 381 353
f 353 381 382
f 353 382 354
f 354 382 383
f 354 383 355
f 355 383 384
f 355 384 356
f 356 384 385
f 356 385 357
f 357 385 386
f 357 386 358
f 358 386 387
f 358 387 359
f 359 387 388
f 359 388 360
f 360 388 389
f 360 389 361
f 361 389 390
f 361 390 362
f 362 390 391
f 362 391 363
f 363 391 392
f 363 392 364
f 364 392 365
f 364 365 337
f 365 393 394
f 365 394 366
f 366 394 395
f 366 395 367
f 367 395 396
f 367 396 368
f 368 396 397
f 368 397 369
f 369 397 398
f 369 398 370
f 370 398 399
f 370 399 371
f 371 399 400
f 371 400 372
f 372 400 401
f 372 401 373
f 373 401 402
f 373 402 374
f 374 402 403
f 374 403 375
f 375 403 404
f 375 404 376
f 376 404 405
f 376 405 377
f 377 405 406
f 377 406 378
f 378 406 407
f 378 407 379
f 379 407 408
f 379 408 380
f 380 408 409
f 380 409 381
f 381 409 410
f 381 410 382
f 382 410 411
f 382 411 383
f 383 411 412
f 383 412 384
f 384 412 413
f 384 413 385
f 385 413 414
f 385 414 386
f 386 414 415
f 386 415 387
f 387 415 416
f 387 416 388
f 388 416 417
f 388 417 389
f 389 417 418
f 389 418 390
f 390 418 419
f 390 419 391
f 391 419 420
f 391 420 392
f 392 420 393
f 392 393 365
f 393 421 422
f 393 422 394
f 394 422 423
f 394 423 395
f 395 423 424
f 395 424 396
f 396 424 425
f 396 425 397
f 397 425 426
f 397 426 398
f 398 426 427
f 398 427 399
f 399 427 428
f 399 428 400
f 400 428 429
f 400 429 401
f 401 429 430
f 401 430 402
f 402 430 431
f 402 431 403
f 403 431 432
f 403 432 404
f 404 432 433
f 404 433 405
f 405 433 434
f 405 434 406
f 406 434 435
f 406 435 407
f 407 435 436
f 407 436 408
f 408 436 437
f 408 437 409
f 409 437 438
f 409 438 410
f 410 438 439
f 410 439 411
f 411 439 440
f 411 440 412
f 412 440 441
f 412 441 413
f 413 441 442
f 413 442 414
f 414 442 443
f 414 443 415
f 415 443 444
f 415 444 416
f 416 444 445
f 416 445 417
f 417 445 446
f 417 446 418
f 418 446 447
f 418 447 419
f 419 447 448
f 419 448 420
f 420 448 421
f 420 421 393
f 421 449 450
f 421 450 422
f 422 450 451
f 422 451 423
f 423 451 452
f 423 452 424
f 424 452 453
f 424 453 425
f 425 453 454
f 425 454 426
f 426 454 455
f 426 455 427
f 427 455 456
f 427 456 428
f 428 456 457
f 428 457 429
f 429 457 458
f 429 458 430
f 430 458 459
f 430 459 431
f 431 459 460
f 431 460 432
f 432 460 461
f 432 461 433
f 433 461 462
f 433 462 434
f 434 462 463
f 434 463 435
f 435 463 464
f 435 464 436
f 436 464 465
f 436 465 437
f 437 465 466
f 437 466 438
f 438 466 467
f 438 467 439
f 439 467 468
f 439 468 440
f 440 468 469
f 440 469 441
f 441 469 470
f 441 470 442
f 442 470 471
f 442 471 443
f 443 471 472
f 443 472 444
f 444 472 473
f 444 473 445
f 445 473 474
f 445 474 446
f 446 474 475
f 446 475 447
f 447 475 476
f 447 476 448
f 448 476 449
f 448 449 421
f 449 477 478
f 449 478 450
f 450 478 479
f 450 479 451
f 451 479 480
f 451 480 452
f 452 480 481
f 452 481 453
f 453 481 482
f 453 482 454
f 454 482 483
f 454 483 455
f 455 483 484
f 455 484 456
f 456 484 485
f 456 485 457
f 457 485 486
f 457 486 458
f 458 486 487
f 458 487 459
f 459 487 488
f 459 488 460
f 460 488 489
f 460 489 461
f 461 489 490
f 461 490 462
f 462 490 491
f 462 491 463
f 463 491 492
f 463 492 464
f 464 492 493
f 464 493 465
f 465 493 494
f 465 494 466
f 466 494 495
f 466 495 467
f 467 495 496
f 467 496 468
f 468 496 497
f 468 497 469
f 469 497 498
f 469 498 470
f 470 498 499
f 470 499 471
f 471 499 500
f 471 500 472
f 472 500 501
f 472 501 473
f 473 501 502
f 473 502 474
f 474 502 503
f 474 503 475
f 475 503 504
f 475 504 476
f 476 504 477
f 476 477 449
f 477 505 506
f 477 506 478
f 478 506 507
f 478 507 479
f 479 507 508
f 479 508 480
f 480 508 509
f 480 509 481
f 481 509 510
f 481 510 482
f 482 510 511
f 482 511 483
f 483 511 512
f 483 512 484
f 484 512 513
f 484 513 485
f 485 513 514
f 485 514 486
f 486 514 515
f 486 515 487
f 487 515 516
f 487 516 488
f 488 516 517
f 488 517 489
f 489 517 518
f 489 518 490
f 490 518 519
f 490 519 491
f 491 519 520
f 491 520 492
f 492 520 521
f 492 521 493
f 493 521 522
f 493 522 494
f 494 522 523
f 494 523 495
f 495 523 524
f 495 524 496
f 496 524 525
f 496 525 497
f 497 525 526
f 497 526 498
f 498 526 527
f 498 527 499
f 499 527 528
f 499 528 500
f 500 528 529
f 500 529 501
f 501 529 530
f 501 530 502
f 502 530 531
f 502 531 503
f 503 531 532
f 503 532 504
f 504 532 505
f 504 505 477
f 505 533 534
f 505 534 506
f 506 534 535
f 506 535 507
f 507 535 536
f 507 536 508
f 508 536 537
f 508 537 509
f 509 537 538
f 509 538 510
f 510 538 539
f 510 539 511
f 511 539 540
f 511 540 512
f 512 540 541
f 512 541 513
f 513 541 542
f 513 542 514
f 514 542 543
f 514 543 515
f 515 543 544
f 515 544 516
f 516 544 545
f 516 545 517
f 517 545 546
f 517 546 518
f 518 546 547
f 518 547 519
f 519 547 548
f 519 548 520
f 520 548 549
f 520 549 521
f 521 549 550
f 521 550 522
f 522 550 551
f 522 551 523
f 523 551 552
f 523 552 524
f 524 552 553
f 524 553 525
f 525 553 554
f 525 554 526
f 526 554 555
f 526 555 527
f 527 555 556
f 527 556 528
f 528 556 557
f 528 557 529
f 529 557 558
f 529 558 530
f 530 558 559
f 530 559 531
f 531 559 560
f 531 560 532
f 532 560 533
f 532 533 505
f 533 561 562
f 533 562 534
f 534 562 563
f 534 563 535
f 535 563 564
f 535 564 536
f 536 564 565
f 536 565 537
f 537 565 566
f 537 566 538
f 538 566 567
f 538 567 539
f 539 567 568
f 539 568 540
f 540 568 569
f 540 569 541
f 541 569 570
f 541 570 542
f 542 570 571
f 542 571 543
f 543 571 572
f 543 572 544
f 544 572 573
f 544 573 545
f 545 573 574
f 545 574 546
f 546 574 575
f 546 575 547
f 547 575 576
f 547 576 548
f 548 576 577
f 548 577 549
f 549 577 578
f 549 578 550
f 550 578 579
f 550 579 551
f 551 579 580
f 551 580 552
f 552 580 581
f 552 581 553
f 553 581 582
f 553 582 554
f 554 582 583
f 554 583 555
f 555 583 584
f 555 584 556
f 556 584 585
f 556 585 557
f 557 585 586
f 557 586 558
f 558 586 587
f 558 587 559
f 559 587 588
f 559 588 560
f 560 588 561
f 560 561 533
f 561 589 590
f 561 590 562
f 562 590 591
f 562 591 563
f 563 591 592
f 563 592 564
f 564 592 593
f 564 593 565
f 565 593 594
f 565 594 566
f 566 594 595
f 566 595 567
f 567 595 596
f 567 596 568
f 568 596 597
f 568 597 569
f 569 597 598
f 569 598 570
f 570 598 599
f 570 599 571
f 571 599 600
f 571 600 572
f 572 600 601
f 572 601 573
f 573 601 602
f 573 602 574
f 574 602 603
f 574 603 575
f 575 603 604
f 575 604 576
f 576 604 605
f 576 605 577
f 577 605 606
f 577 606 578
f 578 606 607
f 578 607 579
f 579 607 608
f 579 608 580
f 580 608 609
f 580 609 581
f 581 609 610
f 581 610 582
f 582 610 611
f 582 611 583
f 583 611 612
f 583 612 584
f 584 612 613
f 584 613 585
f 585 613 614
f 585 614 586
f 586 614 615
f 586 615 587
f 587 615 616
f 587 616 588
f 588 616 589
f 588 589 561
f 589 617 618
f 589 618 590
f 590 618 619
f 590 619 591
f 591 619 620
f 591 620 592
f 592 620 621
f 592 621 593
f 593 621 622
f 593 622 594
f 594 622 623
f 594 623 595
f 595 623 624
f 595 624 596
f 596 624 625
f 596 625 597
f 597 625 626
f 597 626 598
f 598 626 627
f 598 627 599
f 599 627 628
f 599 628 600
f 600 628 629
f 600 629 601
f 601 629 630
f 601 630 602
f 602 630 631
f 602 631 603
f 603 631 632
f 603 632 604
f 604 632 633
f 604 633 605
f 605 633 634
f 605 634 606
f 606 634 635
f 606 635 607
f 607 635 636
f 607 636 608
f 608 636 637
f 608 637 609
f 609 637 638
f 609 638 610
f 610 638 639
f 610 639 611
f 611 639 640
f 611 640 612
f 612 640 641
f 612 641 613
f 613 641 642
f 613 642 614
f 614 642 643
f 614 643 615
f 615 643 644
f 615 644 616
f 616 644 617
f 616 617 589
f 617 645 646
f 617 646 618
f 618 646 647
f 618 647 619
f 619 647 648
f 619 648 620
f 620 648 649
f 620 649 621
f 621 649 650
f 621 650 622
f 622 650 651
f 622 651 623
f 623 651 652
f 623 652 624
f 624 652 653
f 624 653 625
f 625 653 654
f 625 654 626
f 626 654 655
f 626 655 627
f 627 655 656
f 627 656 628
f 628 656 657
f 628 657 629
f 629 657 658
f 629 658 630
f 630 658 659
f 630 659 631
f 631 659 660
f 631 660 632
f 632 660 661
f 632 661 633
f 633 661 662
f 633 662 634
f 634 662 663
f 634 663 635
f 635 663 664
f 635 664 636
f 636 664 665
f 636 665 637
f 637 665 666
f 637 666 638
f 638 666 667
f 638 667 639
f 639 667 668
f 639 668 640
f 640 668 669
f 640 669 641
f 641 669 670
f 641 670 642
f 642 670 671
f 642 671 643
f 643 671 672
f 643 672 644
f 644 672 645
f 644 645 617
f 645 673 674
f 645 674 646
f 646 674 675
f 646 675 647
f 647 675 676
f 647 676 648
f 648 676 677
f 648 677 649
f 649 677 678
f 649 678 650
f 650 678 679
f 650 679 651
f 651 679 680
f 651 680 652
f 652 680 681
f 652 681 653
f 653 681 682
f 653 682 654
f 654 682 683
f 654 683 655
f 655 683 684
f 655 684 656
f 656 684 685
f 656 685 657
f 657 685 686
f 657 686 658
f 658 686 687
f 658 687 659
f 659 687 688
f 659 688 660
f 660 688 689
f 660 689 661
f 661 689 690
f 661 690 662
f 662 690 691
f 662 691 663
f 663 691 692
f 663 692 664
f 664 692 693
f 664 693 665
f 665 693 694
f 665 694 666
f 666 694 695
f 666 695 667
f 667 695 696
f 667 696 668
f 668 696 697
f 668 697 669
f 669 697 698
f 669 698 670
f 670 698 699
f 670 699 671
f 671 699 700
f 671 700 672
f 672 700 673
f 672 673 645
f 673 701 702
f 673 702 674
f 674 702 703
f 674 703 675
f 675 703 704
f 675 704 676
f 676 704 705
f 676 705 677
f 677 705 706
f 677 706 678
f 678 706 707
f 678 707 679
f 679 707 708
f 679 708 680
f 680 708 709
f 680 709 681
f 681 709 710
f 681 710 682
f 682 710 711
f 682 711 683
f 683 711 712
f 683 712 684
f 684 712 713
f 684 713 685
f 685 713 714
f 685 714 686
f 686 714 715
f 686 715 687
f 687 715 716
f 687 716 688
f 688 716 717
f 688 717 689
f 689 717 718
f 689 718 690
f 690 718 719
f 690 719 691
f 691 719 720
f 691 720 692
f 692 720 721
f 692 721 693
f 693 721 722
f 693 722 694
f 694 722 723
f 694 723 695
f 695 723 724
f 695 724 696
f 696 724 725
f 696 725 697
f 697 725 726
f 697 726 698
f 698 726 727
f 698 727 699
f 699 727 728
f 699 728 700
f 700 728 701
f 700 701 673
f 701 729 730
f 701 730 702
f 702 730 731
f 702 731 703
f 703 731 732
f 703 732 704
f 704 732 733
f 704 733 705
f 705 733 734
f 705 734 706
f 706 734 735
f 706 735 707
f 707 735 736
f 707 736 708
f 708 736 737
f 708 737 709
f 709 737 738
f 709 738 710
f 710 738 739
f 710 739 711
f 711 739 740
f 711 740 712
f 712 740 741
f 712 741 713
f 713 741 742
f 713 742 714
f 714 742 743
f 714 743 715
f 715 743 744
f 715 744 716
f 716 744 745
f 716 745 717
f 717 745 746
f 717 746 718
f 718 746 747
f 718 747 719
f 719 747 748
f 719 748 720
f 720 748 749
f 720 749 721
f 721 749 750
f 721 750 722
f 722 750 751
f 722 751 723
f 723 751 752
f 723 752 724
f 724 752 753
f 724 753 725
f 725 753 754
f 725 754 726
f 726 754 755
f 726 755 727
f 727 755 756
f 727 756 728
f 728 756 729
f 728 729 701
f 729 757 758
f 729 758 730
f 730 758 759
f 730 759 731
f 731 759 760
f 731 760 732
f 732 760 761
f 732 761 733
f 733 761 762
f 733 762 734
f 734 762 763
f 734 763 735
f 735 763 764
f 735 764 736
f 736 764 765
f 736 765 737
f 737 765 766
f 737 766 738
f 738 766 767
f 738 767 739
f 739 767 768
f 739 768 740
f 740 768 769
f 740 769 741
f 741 769 770
f 741 770 742
f 742 770 771
f 742 771 743
f 743 771 772
f 743 772 744
f 744 772 773
f 744 773 745
f 745 773 774
f 745 774 746
f 746 774 775
f 746 775 747
f 747 775 776
f 747 776 748
f 748 776 777
f 748 777 749
f 749 777 778
f 749 778 750
f 750 778 779
f 750 779 751
f 751 779 780
f 751 780 752
f 752 780 781
f 752 781 753
f 753 781 782
f 753 782 754
f 754 782 783
f 754 783 755
f 755 783 784
f 755 784 756
f 756 784 757
f 756 757 729
f 757 785 786
f 757 786 758
f 758 786 787
f 758 787 759
f 759 787 788
f 759 788 760
f 760 788 789
f 760 789 761
f 761 789 790
f 761 790 762
f 762 790 791
f 762 791 763
f 763 791 792
f 763 792 764
f 764 792 793
f 764 793 765
f 765 793 794
f 765 794 766
f 766 794 795
f 766 795 767
f 767 795 796
f 767 796 768
f 768 796 797
f 768 797 769
f 769 797 798
f 769 798 770
f 770 798 799
f 770 799 771
f 771 799 800
f 771 800 772
f 772 800 801
f 772 801 773
f 773 801 802
f 773 802 774
f 774 802 803
f 774 803 775
f 775 803 804
f 775 804 776
f 776 804 805
f 776 805 777
f 777 805 806
f 777 806 778
f 778 806 807
f 778 807 779
f 779 807 808
f 779 808 780
f 780 808 809
f 780 809 781
f 781 809 810
f 781 810 782
f 782 810 811
f 782 811 783
f 783 811 812
f 783 812 784
f 784 812 785
f 784 785 757
f 785 813 814
f 785 814 786
f 786 814 815
f 786 815 787
f 787 815 816
f 787 816 788
f 788 816 817
f 788 817 789
f 789 817 818
f 789 818 790
f 790 818 819
f 790 819 791
f 791 819 820
f 791 820 792
f 792 820 821
f 792 821 793
f 793 821 822
f 793 822 794
f 794 822 823
f 794 823 795
f 795 823 824
f 795 824 796
f 796 824 825
f 796 825 797
f 797 825 826
f 797 826 798
f 798 826 827
f 798 827 799
f 799 827 828
f 799 828 800
f 800 828 829
f 800 829 801
f 801 829 830
f 801 830 802
f 802 830 831
f 802 831 803
f 803 831 832
f 803 832 804
f 804 832 833
f 804 833 805
f 805 833 834
f 805 834 806
f 806 834 835
f 806 835 807
f 807 835 836
f 807 836 808
f 808 836 837
f 808 837 809
f 809 837 838
f 809 838 810
f 810 838 839
f 810 839 811
f 811 839 840
f 811 840 812
f 812 840 813
f 812 813 785
f 813 841 842
f 813 842 814
f 814 842 843
f 814 843 815
f 815 843 844
f 815 844 816
f 816 844 845
f 816 845 817
f 817 845 846
f 817 846 818
f 818 846 847
f 818 847 819
f 819 847 848
f 819 848 820
f 820 848 849
f 820 849 821
f 821 849 850
f 821 850 822
f 822 850 851
f 822 851 823
f 823 851 852
f 823 852 824
f 824 852 853
f 824 853 825
f 825 853 854
f 825 854 826
f 826 854 855
f 826 855 827
f 827 855 856
f 827 856 828
f 828 856 857
f 828 857 829
f 829 857 858
f 829 858 830
f 830 858 859
f 830 859 831
f 831 859 860
f 831 860 832
f 832 860 861
f 832 861 833
f 833 861 862
f 833 862 834
f 834 862 863
f 834 863 835
f 835 863 864
f 835 864 836
f 836 864 865
f 836 865 837
f 837 865 866
f 837 866 838
f 838 866 867
f 838 867 839
f 839 867 868
f 839 868 840
f 840 868 841
f 840 841 813
f 841 869 870
f 841 870 842
f 842 870 871
f 842 871 843
f 843 871 872
f 843 872 844
f 844 872 873
f 844 873 845
f 845 873 874
f 845 874 846
f 846 874 875
f 846 875 847
f 847 875 876
f 847 876 848
f 848 876 877
f 848 877 849
f 849 877 878
f 849 878 850
f 850 878 879
f 850 879 851
f 851 879 880
f 851 880 852
f 852 880 881
f 852 881 853
f 853 881 882
f 853 882 854
f 854 882 883
f 854 883 855
f 855 883 884
f 855 884 856
f 856 884 885
f 856 885 857
f 857 885 886
f 857 886 858
f 858 886 887
f 858 887 859
f 859 887 888
f 859 888 860
f 860 888 889
f 860 889 861
f 861 889 890
f 861 890 862
f 862 890 891
f 862 891 863
f 863 891 892
f 863 892 864
f 864 892 893
f 864 893 865
f 865 893 894
f 865 894 866
f 866 894 895
f 866 895 867
f 867 895 896
f 867 896 868
f 868 896 869
f 868 869 841
f 869 897 898
f 869 898 870
f 870 898 899
f 870 899 871
f 871 899 900
f 871 900 872
f 872 900 901
f 872 901 873
f 873 901 902
f 873 902 874
f 874 902 903
f 874 903 875
f 875 903 904
f 875 904 876
f 876 904 905
f 876 905 877
f 877 905 906
f 877 906 878
f 878 906 907
f 878 907 879
f 879 907 908
f 879 908 880
f 880 908 909
f 880 909 881
f 881 909 910
f 881 910 882
f 882 910 911
f 882 911 883
f 883 911 912
f 883 912 884
f 884 912 913
f 884 913 885
f 885 913 914
f 885 914 886
f 886 914 915
f 886 915 887
f 887 915 916
f 887 916 888
f 888 916 917
f 888 917 889
f 889 917 918
f 889 918 890
f 890 918 919
f 890 919 891
f 891 919 920
f 891 920 892
f 892 920 921
f 892 921 893
f 893 921 922
f 893 922 894
f 894 922 923
f 894 923 895
f 895 923 924
f 895 924 896
f 896 924 897
f 896 897 869
f 897 925 926
f 897 926 898
f 898 926 927
f 898 927 899
f 899 927 928
f 899 928 900
f 900 928 929
f 900 929 901
f 901 929 930
f 901 930 902
f 902 930 931
f 902 931 903
f 903 931 932
f 903 932 904
f 904 932 933
f 904 933 905
f 905 933 934
f 905 934 906
f 906 934 935
f 906 935 907
f 907 935 936
f 907 936 908
f 908 936 937
f 908 937 909
f 909 937 938
f 909 938 910
f 910 938 939
f 910 939 911
f 911 939 940
f 911 940 912
f 912 940 941
f 912 941 913
f 913 941 942
f 913 942 914
f 914 942 943
f 914 943 915
f 915 943 944
f 915 944 916
f 916 944 945
f 916 945 917
f 917 945 946
f 917 946 918
f 918 946 947
f 918 947 919
f 919 947 948
f 919 948 920
f 920 948 949
f 920 949 921
f 921 949 950
f 921 950 922
f 922 950 951
f 922 951 923
f 923 951 952
f 923 952 924
f 924 952 925
f 924 925 897
f 925 953 954
f 925 954 926
f 926 954 955
f 926 955 927
f 927 955 956
f 927 956 928
f 928 956 957
f 928 957 929
f 929 957 958
f 929 958 930
f 930 958 959
f 930 959 931
f 931 959 960
f 931 960 932
f 932 960 961
f 932 961 933
f 933 961 962
f 933 962 934
f 934 962 963
f 934 963 935
f 935 963 964
f 935 964 936
f 936 964 965
f 936 965 937
f 937 965 966
f 937 966 938
f 938 966 967
f 938 967 939
f 939 967 968
f 939 968 940
f 940 968 969
f 940 969 941
f 941 969 970
f 941 970 942
f 942 970 971
f 942 971 943
f 943 971 972
f 943 972 944
f 944 972 973
f 944 973 945
f 945 973 974
f 945 974 946
f 946 974 975
f 946 975 947
f 947 975 976
f 947 976 948
f 948 976 977
f 948 977 949
f 949 977 978
f 949 978 950
f 950 978 979
f 950 979 951
f 951 979 980
f 951 980 952
f 952 980 953
f 952 953 925
f 953 981 982
f 953 982 954
f 954 982 983
f 954 983 955
f 955 983 984
f 955 984 956
f 956 984 985
f 956 985 957
f 957 985 986
f 957 986 958
f 958 986 987
f 958 987 959
f 959 987 988
f 959 988 960
f 960 988 989
f 960 989 961
f 961 989 990
f 961 990 962
f 962 990 991
f 962 991 963
f 963 991 992
f 963 992 964
f 964 992 993
f 964 993 965
f 965 993 994
f 965 994 966
f 966 994 995
f 966 995 967
f 967 995 996
f 967 996 968
f 968 996 997
f 968 997 969
f 969 997 998
f 969 998 970
f 970 998 999
f 970 999 971
f 971 999 1000
f 971 1000 972
f 972 1000 1001
f 972 1001 973
f 973 1001 1002
f 973 1002 974
f 974 1002 1003
f 974 1003 975
f 975 1003 1004
f 975 1004 976
f 976 1004 1005
f 976 1005 977
f 977 1005 1006
f 977 1006 978
f 978 1006 1007
f 978 1007 979
f 979 1007 1008
f 979 1008 980
f 980 1008 981
f 980 981 953
f 981 1009 1010
f 981 1010 982
f 982 1010 1011
f 982 1011 983
f 983 1011 1012
f 983 1012 984
f 984 1012 1013
f 984 1013 985
f 985 1013 1014
f 985 1014 986
f 986 1014 1015
f 986 1015 987
f 987 1015 1016
f 987 1016 988
f 988 1016 1017
f 988 1017 989
f 989 1017 1018
f 989 1018 990
f 990 1018 1019
f 990 1019 991
f 991 1019 1020
f 991 1020 992
f 992 1020 1021
f 992 1021 993
f 993 1021 1022
f 993 1022 994
f 994 1022 1023
f 994 1023 995
f 995 1023 1024
f 995 1024 996
f 996 1024 1025
f 996 1025 997
f 997 1025 1026
f 997 1026 998
f 998 1026 1027
f 998 1027 999
f 999 1027 1028
f 999 1028 1000
f 1000 1028 1029
f 1000 1029 1001
f 1001 1029 1030
f 1001 1030 1002
f 1002 1030 1031
f 1002 1031 1003
f 1003 1031 1032
f 1003 1032 1004
f 1004 1032 1033
f 1004 1033 1005
f 1005 1033 1034
f 1005 1034 1006
f 1006 1034 1035
f 1006 1035 1007
f 1007 1035 1036
f 1007 1036 1008
f 1008 1036 1009
f 1008 1009 981
f 1009 1037 1038
f 1009 1038 1010
f 1010 1038 1039
f 1010 1039 1011
f 1011 1039 1040
f 1011 1040 1012
f 1012 1040 1041
f 1012 1041 1013
f 1013 1041 1042
f 1013 1042 1014
f 1014 1042 1043
f 1014 1043 1015
f 1015 1043 1044
f 1015 1044 1016
f 1016 1044 1045
f 1016 1045 1017
f 1017 1045 1046
f 1017 1046 1018
f 1018 1046 1047
f 1018 1047 1019
f 1019 1047 1048
f 1019 1048 1020
f 1020 1048 1049
f 1020 1049 1021
f 1021 1049 1050
f 1021 1050 1022
f 1022 1050 1051
f 1022 1051 1023
f 1023 1051 1052
f 1023 1052 1024
f 1024 1052 1053
f 1024 1053 1025
f 1025 1053 1054
f 1025 1054 1026
f 1026 1054 1055
f 1026 1055 1027
f 1027 1055 1056
f 1027 1056 1028
f 1028 1056 1057
f 1028 1057 1029
f 1029 1057 1058
f 1029 1058 1030
f 1030 1058 1059
f 1030 1059 1031
f 1031 1059 1060
f 1031 1060 1032
f 1032 1060 1061
f 1032 1061 1033
f 1033 1061 1062
f 1033 1062 1034
f 1034 1062 1063
f 1034 1063 1035
f 1035 1063 1064
f 1035 1064 1036
f 1036 1064 1037
f 1036 1037 1009
f 1037 1065 1066
f 1037 1066 1038
f 1038 1066 1067
f 1038 1067 1039
f 1039 1067 1068
f 1039 1068 1040
f 1040 1068 1069
f 1040 1069 1041
f 1041 1069 1070
f 1041 1070 1042
f 1042 1070 1071
f 1042 1071 1043
f 1043 1071 1072
f 1043 1072 1044
f 1044 1072 1073
f 1044 1073 1045
f 1045 1073 1074
f 1045 1074 1046
f 1046 1074 1075
f 1046 1075 1047
f 1047 1075 1076
f 1047 1076 1048
f 1048 1076 1077
f 1048 1077 1049
f 1049 1077 1078
f 1049 1078 1050
f 1050 1078 1079
f 1050 1079 1051
f 1051 1079 1080
f 1051 1080 1052
f 1052 1080 1081
f 1052 1081 1053
f 1053 1081 1082
f 1053 1082 1054
f 1054 1082 1083
f 1054 1083 1055
f 1055 1083 1084
f 1055 1084 1056
f 1056 1084 1085
f 1056 1085 1057
f 1057 1085 1086
f 1057 1086 1058
f 1058 1086 1087
f 1058 1087 1059
f 1059 1087 1088
f 1059 1088 1060
f 1060 1088 1089
f 1060 1089 1061
f 1061 1089 1090
f 1061 1090 1062
f 1062 1090 1091
f 1062 1091 1063
f 1063 1091 1092
f 1063 1092 1064
f 1064 1092 1065
f 1064 1065 1037
f 1065 1093 1094
f 1065 1094 1066
f 1066 1094 1095
f 1066 1095 1067
f 1067 1095 1096
f 1067 1096 1068
f 1068 1096 1097
f 1068 1097 1069
f 1069 1097 1098
f 1069 1098 1070
f 1070 1098 1099
f 1070 1099 1071
f 1071 1099 1100
f 1071 1100 1072
f 1072 1100 1101
f 1072 1101 1073
f 1073 1101 1102
f 1073 1102 1074
f 1074 1102 1103
f 1074 1103 1075
f 1075 1103 1104
f 1075 1104 1076
f 1076 1104 1105
f 1076 1105 1077
f 1077 1105 1106
f 1077 1106 1078
f 1078 1106 1107
f 1078 1107 1079
f 1079 1107 1108
f 1079 1108 1080
f 1080 1108 1109
f 1080 1109 1081
f 1081 1109 1110
f 1081 1110 1082
f 1082 1110 1111
f 1082 1111 1083
f 1083 1111 1112
f 1083 1112 1084
f 1084 1112 1113
f 1084 1113 1085
f 1085 1113 1114
f 1085 1114 1086
f 1086 1114 1115
f 1086 1115 1087
f 1087 1115 1116
f 1087 1116 1088
f 1088 1116 1117
f 1088 1117 1089
f 1089 1117 1118
f 1089 1118 1090
f 1090 1118 1119
f 1090 1119 1091
f 1091 1119 1120
f 1091 1120 1092
f 1092 1120 1093
f 1092 1093 1065
f 1093 1121 1122
f 1093 1122 1094
f 1094 1122 1123
f 1094 1123 1095
f 1095 1123 1124
f 1095 1124 1096
f 1096 1124 1125
f 1096 1125 1097
f 1097 1125 1126
f 1097 1126 1098
f 1098 1126 1127
f 1098 1127 1099
f 1099 1127 1128
f 1099 1128 1100
f 1100 1128 1129
f 1100 1129 1101
f 1101 1129 1130
f 1101 1130 1102
f 1102 1130 1131
f 1102 1131 1103
f 1103 1131 1132
f 1103 1132 1104
f 1104 1132 1133
f 1104 1133 1105
f 1105 1133 1134
f 1105 1134 1106
f 1106 1134 1135
f 1106 1135 1107
f 1107 1135 1136
f 1107 1136 1108
f 1108 1136 1137
f 1108 1137 1109
f 1109 1137 1138
f 1109 1138 1110
f 1110 1138 1139
f 1110 1139 1111
f 1111 1139 1140
f 1111 1140 1112
f 1112 1140 1141
f 1112 1141 1113
f 1113 1141 1142
f 1113 1142 1114
f 1114 1142 1143
f 1114 1143 1115
f 1115 1143 1144
f 1115 1144 1116
f 1116 1144 1145
f 1116 1145 1117
f 1117 1145 1146
f 1117 1146 1118
f 1118 1146 1147
f 1118 1147 1119
f 1119 1147 1148
f 1119 1148 1120
f 1120 1148 1121
f 1120 1121 1093
f 1121 1149 1150
f 1121 1150 1122
f 1122 1150 1151
f 1122 1151 1123
f 1123 1151 1152
f 1123 1152 1124
f 1124 1152 1153
f 1124 1153 1125
f 1125 1153 1154
f 1125 1154 1126
f 1126 1154 1155
f 1126 1155 1127
f 1127 1155 1156
f 1127 1156 1128
f 1128 1156 1157
f 1128 1157 1129
f 1129 1157 1158
f 1129 1158 1130
f 1130 1158 1159
f 1130 1159 1131
f 1131 1159 1160
f 1131 1160 1132
f 1132 1160 1161
f 1132 1161 1133
f 1133 1161 1162
f 1133 1162 1134
f 1134 1162 1163
f 1134 1163 1135
f 1135 1163 1164
f 1135 1164 1136
f 1136 1164 1165
f 1136 1165 1137
f 1137 1165 1166
f 1137 1166 1138
f 1138 1166 1167
f 1138 1167 1139
f 1139 1167 1168
f 1139 1168 1140
f 1140 1168 1169
f 1140 1169 1141
f 1141 1169 1170
f 1141 1170 1142
f 1142 1170 1171
f 1142 1171 1143
f 1143 1171 1172
f 1143 1172 1144
f 1144 1172 1173
f 1144 1173 1145
f 1145 1173 1174
f 1145 1174 1146
f 1146 1174 1175
f 1146 1175 1147
f 1147 1175 1176
f 1147 1176 1148
f 1148 1176 1149
f 1148 1149 1121
f 1149 1177 1178
f 1149 1178 1150
f 1150 1178 1179
f 1150 1179 1151
f 1151 1179 1180
f 1151 1180 1152
f 1152 1180 1181
f 1152 1181 1153
f 1153 1181 1182
f 1153 1182 1154
f 1154 1182 1183
f 1154 1183 1155
f 1155 1183 1184
f 1155 1184 1156
f 1156 1184 1185
f 1156 1185 1157
f 1157 1185 1186
f 1157 1186 1158
f 1158 1186 1187
f 1158 1187 1159
f 1159 1187 1188
f 1159 1188 1160
f 1160 1188 1189
f 1160 1189 1161
f 1161 1189 1190
f 1161 1190 1162
f 1162 1190 1191
f 1162 1191 1163
f 1163 1191 1192
f 1163 1192 1164
f 1164 1192 1193
f 1164 1193 1165
f 1165 1193 1194
f 1165 1194 1166
f 1166 1194 1195
f 1166 1195 1167
f 1167 1195 1196
f 1167 1196 1168
f 1168 1196 1197
f 1168 1197 1169
f 1169 1197 1198
f 1169 1198 1170
f 1170 1198 1199
f 1170 1199 1171
f 1171 1199 1200
f 1171 1200 1172
f 1172 1200 1201
f 1172 1201 1173
f 1173 1201 1202
f 1173 1202 1174
f 1174 1202 1203
f 1174 1203 1175
f 1175 1203 1204
f 1175 1204 1176
f 1176 1204 1177
f 1176 1177 1149
f 1177 1205 1206
f 1177 1206 1178
f 1178 1206 1207
f 1178 1207 1179
f 1179 1207 1208
f 1179 1208 1180
f 1180 1208 1209
f 1180 1209 1181
f 1181 1209 1210
f 1181 1210 1182
f 1182 1210 1211
f 1182 1211 1183
f 1183 1211 1212
f 1183 1212 1184
f 1184 1212 1213
f 1184 1213 1185
f 1185 1213 1214
f 1185 1214 1186
f 1186 1214 1215
f 1186 1215 1187
f 1187 1215 1216
f 1187 1216 1188
f 1188 1216 1217
f 1188 1217 1189
f 1189 1217 1218
f 1189 1218 1190
f 1190 1218 1219
f 1190 1219 1191
f 1191 1219 1220
f 1191 1220 1192
f 1192 1220 1221
f 1192 1221 1193
f 1193 1221 1222
f 1193 1222 1194
f 1194 1222 1223
f 1194 1223 1195
f 1195 1223 1224
f 1195 1224 1196
f 1196 1224 1225
f 1196 1225 1197
f 1197 1225 1226
f 1197 1226 1198
f 1198 1226 1227
f 1198 1227 1199
f 1199 1227 1228
f 1199 1228 1200
f 1200 1228 1229
f 1200 1229 1201
f 1201 1229 1230
f 1201 1230 1202
f 1202 1230 1231
f 1202 1231 1203
f 1203 1231 1232
f 1203 1232 1204
f 1204 1232 1205
f 1204 1205 1177
f 1205 1233 1234
f 1205 1234 1206
f 1206 1234 1235
f 1206 1235 1207
f 1207 1235 1236
f 1207 1236 1208
f 1208 1236 1237
f 1208 1237 1209
f 1209 1237 1238
f 1209 1238 1210
f 1210 1238 1239
f 1210 1239 1211
f 1211 1239 1240
f 1211 1240 1212
f 1212 1240 1241
f 1212 1241 1213
f 1213 1241 1242
f 1213 1242 1214
f 1214 1242 1243
f 1214 1243 1215
f 1215 1243 1244
f 1215 1244 1216
f 1216 1244 1245
f 1216 1245 1217
f 1217 1245 1246
f 1217 1246 1218
f 1218 1246 1247
f 1218 1247 1219
f 1219 1247 1248
f 1219 1248 1220
f 1220 1248 1249
f 1220 1249 1221
f 1221 1249 1250
f 1221 1250 1222
f 1222 1250 1251
f 1222 1251 1223
f 1223 1251 1252
f 1223 1252 1224
f 1224 1252 1253
f 1224 1253 1225
f 1225 1253 1254
f 1225 1254 1226
f 1226 1254 1255
f 1226 1255 1227
f 1227 1255 1256
f 1227 1256 1228
f 1228 1256 1257
f 1228 1257 1229
f 1229 1257 1258
f 1229 1258 1230
f 1230 1258 1259
f 1230 1259 1231
f 1231 1259 1260
f 1231 1260 1232
f 1232 1260 1233
f 1232 1233 1205
f 1233 1261 1262
f 1233 1262 1234
f 1234 1262 1263
f 1234 1263 1235
f 1235 1263 1264
f 1235 1264 1236
f 1236 1264 1265
f 1236 1265 1237
f 1237 1265 1266
f 1237 1266 1238
f 1238 1266 1267
f 1238 1267 1239
f 1239 1267 1268
f 1239 1268 1240
f 1240 1268 1269
f 1240 1269 1241
f 1241 1269 1270
f 1241 1270 1242
f 1242 1270 1271
f 1242 1271 1243
f 1243 1271 1272
f 1243 1272 1244
f 1244 1272 1273
f 1244 1273 1245
f 1245 1273 1274
f 1245 1274 1246
f 1246 1274 1275
f 1246 1275 1247
f 1247 1275 1276
f 1247 1276 1248
f 1248 1276 1277
f 1248 1277 1249
f 1249 1277 1278
f 1249 1278 1250
f 1250 1278 1279
f 1250 1279 1251
f 1251 1279 1280
f 1251 1280 1252
f 1252 1280 1281
f 1252 1281 1253
f 1253 1281 1282
f 1253 1282 1254
f 1254 1282 1283
f 1254 1283 1255
f 1255 1283 1284
f 1255 1284 1256
f 1256 1284 1285
f 1256 1285 1257
f 1257 1285 1286
f 1257 1286 1258
f 1258 1286 1287
f 1258 1287 1259
f 1259 1287 1288
f 1259 1288 1260
f 1260 1288 1261
f 1260 1261 1233
f 1261 1289 1290
f 1261 1290 1262
f 1262 1290 1291
f 1262 1291 1263
f 1263 1291 1292
f 1263 1292 1264
f 1264 1292 1293
f 1264 1293 1265
f 1265 1293 1294
f 1265 1294 1266
f 1266 1294 1295
f 1266 1295 1267
f 1267 1295 1296
f 1267 1296 1268
f 1268 1296 1297
f 1268 1297 1269
f 1269 1297 1298
f 1269 1298 1270
f 1270 1298 1299
f 1270 1299 1271
f 1271 1299 1300
f 1271 1300 1272
f 1272 1300 1301
f 1272 1301 1273
f 1273 1301 1302
f 1273 1302 1274
f 1274 1302 1303
f 1274 1303 1275
f 1275 1303 1304
f 1275 1304 1276
f 1276 1304 1305
f 1276 1305 1277
f 1277 1305 1306
f 1277 1306 1278
f 1278 1306 1307
f 1278 1307 1279
f 1279 1307 1308
f 1279 1308 1280
f 1280 1308 1309
f 1280 1309 1281
f 1281 1309 1310
f 1281 1310 1282
f 1282 1310 1311
f 1282 1311 1283
f 1283 1311 1312
f 1283 1312 1284
f 1284 1312 1313
f 1284 1313 1285
f 1285 1313 1314
f 1285 1314 1286
f 1286 1314 1315
f 1286 1315 1287
f 1287 1315 1316
f 1287 1316 1288
f 1288 1316 1289
f 1288 1289 1261
f 1289 1317 1318
f 1289 1318 1290
f 1290 1318 1319
f 1290 1319 1291
f 1291 1319 1320
f 1291 1320 1292
f 1292 1320 1321
f 1292 1321 1293
f 1293 1321 1322
f 1293 1322 1294
f 1294 1322 1323
f 1294 1323 1295
f 1295 1323 1324
f 1295 1324 1296
f 1296 1324 1325
f 1296 1325 1297
f 1297 1325 1326
f 1297 1326 1298
f 1298 1326 1327
f 1298 1327 1299
f 1299 1327 1328
f 1299 1328 1300
f 1300 1328 1329
f 1300 1329 1301
f 1301 1329 1330
f 1301 1330 1302
f 1302 1330 1331
f 1302 1331 1303
f 1303 1331 1332
f 1303 1332 1304
f 1304 1332 1333
f 1304 1333 1305
f 1305 1333 1334
f 1305 1334 1306
f 1306 1334 1335
f 1306 1335 1307
f 1307 1335 1336
f 1307 1336 1308
f 1308 1336 1337
f 1308 1337 1309
f 1309 1337 1338
f 1309 1338 1310
f 1310 1338 1339
f 1310 1339 1311
f 1311 1339 1340
f 1311 1340 1312
f 1312 1340 1341
f 1312 1341 1313
f 1313 1341 1342
f 1313 1342 1314
f 1314 1342 1343
f 1314 1343 1315
f 1315 1343 1344
f 1315 1344 1316
f 1316 1344 1317
f 1316 1317 1289
f 1317 1345 1346
f 1317 1346 1318
f 1318 1346 1347
f 1318 1347 1319
f 1319 1347 1348
f 1319 1348 1320
f 1320 1348 1349
f 1320 1349 1321
f 1321 1349 1350
f 1321 1350 1322
f 1322 1350 1351
f 1322 1351 1323
f 1323 1351 1352
f 1323 1352 1324
f 1324 1352 1353
f 1324 1353 1325
f 1325 1353 1354
f 1325 1354 1326
f 1326 1354 1355
f 1326 1355 1327
f 1327 1355 1356
f 1327 1356 1328
f 1328 1356 1357
f 1328 1357 1329
f 1329 1357 1358
f 1329 1358 1330
f 1330 1358 1359
f 1330 1359 1331
f 1331 1359 1360
f 1331 1360 1332
f 1332 1360 1361
f 1332 1361 1333
f 1333 1361 1362
f 1333 1362 1334
f 1334 1362 1363
f 1334 1363 1335
f 1335 1363 1364
f 1335 1364 1336
f 1336 1364 1365
f 1336 1365 1337
f 1337 1365 1366
f 1337 1366 1338
f 1338 1366 1367
f 1338 1367 1339
f 1339 1367 1368
f 1339 1368 1340
f 1340 1368 1369
f 1340 1369 1341
f 1341 1369 1370
f 1341 1370 1342
f 1342 1370 1371
f 1342 1371 1343
f 1343 1371 1372
f 1343 1372 1344
f 1344 1372 1345
f 1344 1345 1317
f 1345 1373 1374
f 1345 1374 1346
f 1346 1374 1375
f 1346 1375 1347
f 1347 1375 1376
f 1347 1376 1348
f 1348 1376 1377
f 1348 1377 1349
f 1349 1377 1378
f 1349 1378 1350
f 1350 1378 1379
f 1350 1379 1351
f 1351 1379 1380
f 1351 1380 1352
f 1352 1380 1381
f 1352 1381 1353
f 1353 1381 1382
f 1353 1382 1354
f 1354 1382 1383
f 1354 1383 1355
f 1355 1383 1384
f 1355 1384 1356
f 1356 1384 1385
f 1356 1385 1357
f 1357 1385 1386
f 1357 1386 1358
f 1358 1386 1387
f 1358 1387 1359
f 1359 1387 1388
f 1359 1388 1360
f 1360 1388 1389
f 1360 1389 1361
f 1361 1389 1390
f 1361 1390 1362
f 1362 1390 1391
f 1362 1391 1363
f 1363 1391 1392
f 1363 1392 1364
f 1364 1392 1393
f 1364 1393 1365
f 1365 1393 1394
f 1365 1394 1366
f 1366 1394 1395
f 1366 1395 1367
f 1367 1395 1396
f 1367 1396 1368
f 1368 1396 1397
f 1368 1397 1369
f 1369 1397 1398
f 1369 1398 1370
f 1370 1398 1399
f 1370 1399 1371
f 1371 1399 1400
f 1371 1400 1372
f 1372 1400 1373
f 1372 1373 1345
f 1373 1401 1402
f 1373 1402 1374
f 1374 1402 1403
f 1374 1403 1375
f 1375 1403 1404
f 1375 1404 1376
f 1376 1404 1405
f 1376 1405 1377
f 1377 1405 1406
f 1377 1406 1378
f 1378 1406 1407
f 1378 1407 1379
f 1379 1407 1408
f 1379 1408 1380
f 1380 1408 1409
f 1380 1409 1381
f 1381 1409 1410
f 1381 1410 1382
f 1382 1410 1411
f 1382 1411 1383
f 1383 1411 1412
f 1383 1412 1384
f 1384 1412 1413
f 1384 1413 1385
f 1385 1413 1414
f 1385 1414 1386
f 1386 1414 1415
f 1386 1415 1387
f 1387 1415 1416
f 1387 1416 1388
f 1388 1416 1417
f 1388 1417 1389
f 1389 1417 1418
f 1389 1418 1390
f 1390 1418 1419
f 1390 1419 1391
f 1391 1419 1420
f 1391 1420 1392
f 1392 1420 1421
f 1392 1421 1393
f 1393 1421 1422
f 1393 1422 1394
f 1394 1422 1423
f 1394 1423 1395
f 1395 1423 1424
f 1395 1424 1396
f 1396 1424 1425
f 1396 1425 1397
f 1397 1425 1426
f 1397 1426 1398
f 1398 1426 1427
f 1398 1427 1399
f 1399 1427 1428
f 1399 1428 1400
f 1400 1428 1401
f 1400 1401 1373
f 1401 1429 1430
f 1401 1430 1402
f 1402 1430 1431
f 1402 1431 1403
f 1403 1431 1432
f 1403 1432 1404
f 1404 1432 1433
f 1404 1433 1405
f 1405 1433 1434
f 1405 1434 1406
f 1406 1434 1435
f 1406 1435 1407
f 1407 1435 1436
f 1407 1436 1408
f 1408 1436 1437
f 1408 1437 1409
f 1409 1437 1438
f 1409 1438 1410
f 1410 1438 1439
f 1410 1439 1411
f 1411 1439 1440
f 1411 1440 1412
f 1412 1440 1441
f 1412 1441 1413
f 1413 1441 1442
f 1413 1442 1414
f 1414 1442 1443
f 1414 1443 1415
f 1415 1443 1444
f 1415 1444 1416
f 1416 1444 1445
f 1416 1445 1417
f 1417 1445 1446
f 1417 1446 1418
f 1418 1446 1447
f 1418 1447 1419
f 1419 1447 1448
f 1419 1448 1420
f 1420 1448 1449
f 1420 1449 1421
f 1421 1449 1450
f 1421 1450 1422
f 1422 1450 1451
f 1422 1451 1423
f 1423 1451 1452
f 1423 1452 1424
f 1424 1452 1453
f 1424 1453 1425
f 1425 1453 1454
f 1425 1454 1426
f 1426 1454 1455
f 1426 1455 1427
f 1427 1455 1456
f 1427 1456 1428
f 1428 1456 1429
f 1428 1429 1401
f 1429 1457 1458
f 1429 1458 1430
f 1430 1458 1459
f 1430 1459 1431
f 1431 1459 1460
f 1431 1460 1432
f 1432 1460 1461
f 1432 1461 1433
f 1433 1461 1462
f 1433 1462 1434
f 1434 1462 1463
f 1434 1463 1435
f 1435 1463 1464
f 1435 1464 1436
f 1436 1464 1465
f 1436 1465 1437
f 1437 1465 1466
f 1437 1466 1438
f 1438 1466 1467
f 1438 1467 1439
f 1439 1467 1468
f 1439 1468 1440
f 1440 1468 1469
f 1440 1469 1441
f 1441 1469 1470
f 1441 1470 1442
f 1442 1470 1471
f 1442 1471 1443
f 1443 1471 1472
f 1443 1472 1444
f 1444 1472 1473
f 1444 1473 1445
f 1445 1473 1474
f 1445 1474 1446
f 1446 1474 1475
f 1446 1475 1447
f 1447 1475 1476
f 1447 1476 1448
f 1448 1476 1477
f 1448 1477 1449
f 1449 1477 1478
f 1449 1478 1450
f 1450 1478 1479
f 1450 1479 1451
f 1451 1479 1480
f 1451 1480 1452
f 1452 1480 1481
f 1452 1481 1453
f 1453 1481 1482
f 1453 1482 1454
f 1454 1482 1483
f 1454 1483 1455
f 1455 1483 1484
f 1455 1484 1456
f 1456 1484 1457
f 1456 1457 1429
f 1457 1485 1486
f 1457 1486 1458
f 1458 1486 1487
f 1458 1487 1459
f 1459 1487 1488
f 1459 1488 1460
f 1460 1488 1489
f 1460 1489 1461
f 1461 1489 1490
f 1461 1490 1462
f 1462 1490 1491
f 1462 1491 1463
f 1463 1491 1492
f 1463 1492 1464
f 1464 1492 1493
f 1464 1493 1465
f 1465 1493 1494
f 1465 1494 1466
f 1466 1494 1495
f 1466 1495 1467
f 1467 1495 1496
f 1467 1496 1468
f 1468 1496 1497
f 1468 1497 1469
f 1469 1497 1498
f 1469 1498 1470
f 1470 1498 1499
f 1470 1499 1471
f 1471 1499 1500
f 1471 1500 1472
f 1472 1500 1501
f 1472 1501 1473
f 1473 1501 1502
f 1473 1502 1474
f 1474 1502 1503
f 1474 1503 1475
f 1475 1503 1504
f 1475 1504 1476
f 1476 1504 1505
f 1476 1505 1477
f 1477 1505 1506
f 1477 1506 1478
f 1478 1506 1507
f 1478 1507 1479
f 1479 1507 1508
f 1479 1508 1480
f 1480 1508 1509
f 1480 1509 1481
f 1481 1509 1510
f 1481 1510 1482
f 1482 1510 1511
f 1482 1511 1483
f 1483 1511 1512
f 1483 1512 1484
f 1484 1512 1485
f 1484 1485 1457
f 1485 1513 1514
f 1485 1514 1486
f 1486 1514 1515
f 1486 1515 1487
f 1487 1515 1516
f 1487 1516 1488
f 1488 1516 1517
f 1488 1517 1489
f 1489 1517 1518
f 1489 1518 1490
f 1490 1518 1519
f 1490 1519 1491
f 1491 1519 1520
f 1491 1520 1492
f 1492 1520 1521
f 1492 1521 1493
f 1493 1521 1522
f 1493 1522 1494
f 1494 1522 1523
f 1494 1523 1495
f 1495 1523 1524
f 1495 1524 1496
f 1496 1524 1525
f 1496 1525 1497
f 1497 1525 1526
f 1497 1526 1498
f 1498 1526 1527
f 1498 1527 1499
f 1499 1527 1528
f 1499 1528 1500
f 1500 1528 1529
f 1500 1529 1501
f 1501 1529 1530
f 1501 1530 1502
f 1502 1530 1531
f 1502 1531 1503
f 1503 1531 1532
f 1503 1532 1504
f 1504 1532 1533
f 1504 1533 1505
f 1505 1533 1534
f 1505 1534 1506
f 1506 1534 1535
f 1506 1535 1507
f 1507 1535 1536
f 1507 1536 1508
f 1508 1536 1537
f 1508 1537 1509
f 1509 1537 1538
f 1509 1538 1510
f 1510 1538 1539
f 1510 1539 1511
f 1511 1539 1540
f 1511 1540 1512
f 1512 1540 1513
f 1512 1513 1485
f 1513 1541 1542
f 1513 1542 1514
f 1514 1542 1543
f 1514 1543 1515
f 1515 1543 1544
f 1515 1544 1516
f 1516 1544 1545
f 1516 1545 1517
f 1517 1545 1546
f 1517 1546 1518
f 1518 1546 1547
f 1518 1547 1519
f 1519 1547 1548
f 1519 1548 1520
f 1520 1548 1549
f 1520 1549 1521
f 1521 1549 1550
f 1521 1550 1522
f 1522 1550 1551
f 1522 1551 1523
f 1523 1551 1552
f 1523 1552 1524
f 1524 1552 1553
f 1524 1553 1525
f 1525 1553 1554
f 1525 1554 1526
f 1526 1554 1555
f 1526 1555 1527
f 1527 1555 1556
f 1527 1556 1528
f 1528 1556 1557
f 1528 1557 1529
f 1529 1557 1558
f 1529 1558 1530
f 1530 1558 1559
f 1530 1559 1531
f 1531 1559 1560
f 1531 1560 1532
f 1532 1560 1561
f 1532 1561 1533
f 1533 1561 1562
f 1533 1562 1534
f 1534 1562 1563
f 1534 1563 1535
f 1535 1563 1564
f 1535 1564 1536
f 1536 1564 1565
f 1536 1565 1537
f 1537 1565 1566
f 1537 1566 1538
f 1538 1566 1567
f 1538 1567 1539
f 1539 1567 1568
f 1539 1568 1540
f 1540 1568 1541
f 1540 1541 1513
f 1541 1569 1570
f 1541 1570 1542
f 1542 1570 1571
f 1542 1571 1543
f 1543 1571 1572
f 1543 1572 1544
f 1544 1572 1573
f 1544 1573 1545
f 1545 1573 1574
f 1545 1574 1546
f 1546 1574 1575
f 1546 1575 1547
f 1547 1575 1576
f 1547 1576 1548
f 1548 1576 1577
f 1548 1577 1549
f 1549 1577 1578
f 1549 1578 1550
f 1550 1578 1579
f 1550 1579 1551
f 1551 1579 1580
f 1551 1580 1552
f 1552 1580 1581
f 1552 1581 1553
f 1553 1581 1582
f 1553 1582 1554
f 1554 1582 1583
f 1554 1583 1555
f 1555 1583 1584
f 1555 1584 1556
f 1556 1584 1585
f 1556 1585 1557
f 1557 1585 1586
f 1557 1586 1558
f 1558 1586 1587
f 1558 1587 1559
f 1559 1587 1588
f 1559 1588 1560
f 1560 1588 1589
f 1560 1589 1561
f 1561 1589 1590
f 1561 1590 1562
f 1562 1590 1591
f 1562 1591 1563
f 1563 1591 1592
f 1563 1592 1564
f 1564 1592 1593
f 1564 1593 1565
f 1565 1593 1594
f 1565 1594 1566
f 1566 1594 1595
f 1566 1595 1567
f 1567 1595 1596
f 1567 1596 1568
f 1568 1596 1569
f 1568 1569 1541
f 1569 1597 1598
f 1569 1598 1570
f 1570 1598 1599
f 1570 1599 1571
f 1571 1599 1600
f 1571 1600 1572
f 1572 1600 1601
f 1572 1601 1573
f 1573 1601 1602
f 1573 1602 1574
f 1574 1602 1603
f 1574 1603 1575
f 1575 1603 1604
f 1575 1604 1576
f 1576 1604 1605
f 1576 1605 1577
f 1577 1605 1606
f 1577 1606 1578
f 1578 1606 1607
f 1578 1607 1579
f 1579 1607 1608
f 1579 1608 1580
f 1580 1608 1609
f 1580 1609 1581
f 1581 1609 1610
f 1581 1610 1582
f 1582 1610 1611
f 1582 1611 1583
f 1583 1611 1612
f 1583 1612 1584
f 1584 1612 1613
f 1584 1613 1585
f 1585 1613 1614
f 1585 1614 1586
f 1586 1614 1615
f 1586 1615 1587
f 1587 1615 1616
f 1587 1616 1588
f 1588 1616 1617
f 1588 1617 1589
f 1589 1617 1618
f 1589 1618 1590
f 1590 1618 1619
f 1590 1619 1591
f 1591 1619 1620
f 1591 1620 1592
f 1592 1620 1621
f 1592 1621 1593
f 1593 1621 1622
f 1593 1622 1594
f 1594 1622 1623
f 1594 1623 1595
f 1595 1623 1624
f 1595 1624 1596
f 1596 1624 1597
f 1596 1597 1569
f 1597 1625 1626
f 1597 1626 1598
f 1598 1626 1627
f 1598 1627 1599
f 1599 1627 1628
f 1599 1628 1600
f 1600 1628 1629
f 1600 1629 1601
f 1601 1629 1630
f 1601 1630 1602
f 1602 1630 1631
f 1602 1631 1603
f 1603 1631 1632
f 1603 1632 1604
f 1604 1632 1633
f 1604 1633 1605
f 1605 1633 1634
f 1605 1634 1606
f 1606 1634 1635
f 1606 1635 1607
f 1607 1635 1636
f 1607 1636 1608
f 1608 1636 1637
f 1608 1637 1609
f 1609 1637 1638
f 1609 1638 1610
f 1610 1638 1639
f 1610 1639 1611
f 1611 1639 1640
f 1611 1640 1612
f 1612 1640 1641
f 1612 1641 1613
f 1613 1641 1642
f 1613 1642 1614
f 1614 1642 1643
f 1614 1643 1615
f 1615 1643 1644
f 1615 1644 1616
f 1616 1644 1645
f 1616 1645 1617
f 1617 1645 1646
f 1617 1646 1618
f 1618 1646 1647
f 1618 1647 1619
f 1619 1647 1648
f 1619 1648 1620
f 1620 1648 1649
f 1620 1649 1621
f 1621 1649 1650
f 1621 1650 1622
f 1622 1650 1651
f 1622 1651 1623
f 1623 1651 1652
f 1623 1652 1624
f 1624 1652 1625
f 1624 1625 1597
f 1625 1653 1654
f 1625 1654 1626
f 1626 1654 1655
f 1626 1655 1627
f 1627 1655 1656
f 1627 1656 1628
f 1628 1656 1657
f 1628 1657 1629
f 1629 1657 1658
f 1629 1658 1630
f 1630 1658 1659
f 1630 1659 1631
f 1631 1659 1660
f 1631 1660 1632
f 1632 1660 1661
f 1632 1661 1633
f 1633 1661 1662
f 1633 1662 1634
f 1634 1662 1663
f 1634 1663 1635
f 1635 1663 1664
f 1635 1664 1636
f 1636 1664 1665
f 1636 1665 1637
f 1637 1665 1666
f 1637 1666 1638
f 1638 1666 1667
f 1638 1667 1639
f 1639 1667 1668
f 1639 1668 1640
f 1640 1668 1669
f 1640 1669 1641
f 1641 1669 1670
f 1641 1670 1642
f 1642 1670 1671
f 1642 1671 1643
f 1643 1671 1672
f 1643 1672 1644
f 1644 1672 1673
f 1644 1673 1645
f 1645 1673 1674
f 1645 1674 1646
f 1646 1674 1675
f 1646 1675 1647
f 1647 1675 1676
f 1647 1676 1648
f 1648 1676 1677
f 1648 1677 1649
f 1649 1677 1678
f 1649 1678 1650
f 1650 1678 1679
f 1650 1679 1651
f 1651 1679 1680
f 1651 1680 1652
f 1652 1680 1653
f 1652 1653 1625
f 1653 1681 1682
f 1653 1682 1654
f 1654 1682 1683
f 1654 1683 1655
f 1655 1683 1684
f 1655 1684 1656
f 1656 1684 1685
f 1656 1685 1657
f 1657 1685 1686
f 1657 1686 1658
f 1658 1686 1687
f 1658 1687 1659
f 1659 1687 1688
f 1659 1688 1660
f 1660 1688 1689
f 1660 1689 1661
f 1661 1689 1690
f 1661 1690 1662
f 1662 1690 1691
f 1662 1691 1663
f 1663 1691 1692
f 1663 1692 1664
f 1664 1692 1693
f 1664 1693 1665
f 1665 1693 1694
f 1665 1694 1666
f 1666 1694 1695
f 1666 1695 1667
f 1667 1695 1696
f 1667 1696 1668
f 1668 1696 1697
f 1668 1697 1669
f 1669 1697 1698
f 1669 1698 1670
f 1670 1698 1699
f 1670 1699 1671
f 1671 1699 1700
f 1671 1700 1672
f 1672 1700 1701
f 1672 1701 1673
f 1673 1701 1702
f 1673 1702 1674
f 1674 1702 1703
f 1674 1703 1675
f 1675 1703 1704
f 1675 1704 1676
f 1676 1704 1705
f 1676 1705 1677
f 1677 1705 1706
f 1677 1706 1678
f 1678 1706 1707
f 1678 1707 1679
f 1679 1707 1708
f 1679 1708 1680
f 1680 1708 1681
f 1680 1681 1653
f 1681 1709 1710
f 1681 1710 1682
f 1682 1710 1711
f 1682 1711 1683
f 1683 1711 1712
f 1683 1712 1684
f 1684 1712 1713
f 1684 1713 1685
f 1685 1713 1714
f 1685 1714 1686
f 1686 1714 1715
f 1686 1715 1687
f 1687 1715 1716
f 1687 1716 1688
f 1688 1716 1717
f 1688 1717 1689
f 1689 1717 1718
f 1689 1718 1690
f 1690 1718 1719
f 1690 1719 1691
f 1691 1719 1720
f 1691 1720 1692
f 1692 1720 1721
f 1692 1721 1693
f 1693 1721 1722
f 1693 1722 1694
f 1694 1722 1723
f 1694 1723 1695
f 1695 1723 1724
f 1695 1724 1696
f 1696 1724 1725
f 1696 1725 1697
f 1697 1725 1726
f 1697 1726 1698
f 1698 1726 1727
f 1698 1727 1699
f 1699 1727 1728
f 1699 1728 1700
f 1700 1728 1729
f 1700 1729 1701
f 1701 1729 1730
f 1701 1730 1702
f 1702 1730 1731
f 1702 1731 1703
f 1703 1731 1732
f 1703 1732 1704
f 1704 1732 1733
f 1704 1733 1705
f 1705 1733 1734
f 1705 1734 1706
f 1706 1734 1735
f 1706 1735 1707
f 1707 1735 1736
f 1707 1736 1708
f 1708 1736 1709
f 1708 1709 1681
f 1709 1737 1738
f 1709 1738 1710
f 1710 1738 1739
f 1710 1739 1711
f 1711 1739 1740
f 1711 1740 1712
f 1712 1740 1741
f 1712 1741 1713
f 1713 1741 1742
f 1713 1742 1714
f 1714 1742 1743
f 1714 1743 1715
f 1715 1743 1744
f 1715 1744 1716
f 1716 1744 1745
f 1716 1745 1717
f 1717 1745 1746
f 1717 1746 1718
f 1718 1746 1747
f 1718 1747 1719
f 1719 1747 1748
f 1719 1748 1720
f 1720 1748 1749
f 1720 1749 1721
f 1721 1749 1750
f 1721 1750 1722
f 1722 1750 1751
f 1722 1751 1723
f 1723 1751 1752
f 1723 1752 1724
f 1724 1752 1753
f 1724 1753 1725
f 1725 1753 1754
f 1725 1754 1726
f 1726 1754 1755
f 1726 1755 1727
f 1727 1755 1756
f 1727 1756 1728
f 1728 1756 1757
f 1728 1757 1729
f 1729 1757 1758
f 1729 1758 1730
f 1730 1758 1759
f 1730 1759 1731
f 1731 1759 1760
f 1731 1760 1732
f 1732 1760 1761
f 1732 1761 1733
f 1733 1761 1762
f 1733 1762 1734
f 1734 1762 1763
f 1734 1763 1735
f 1735 1763 1764
f 1735 1764 1736
f 1736 1764 1737
f 1736 1737 1709
f 1737 1765 1766
f 1737 1766 1738
f 1738 1766 1767
f 1738 1767 1739
f 1739 1767 1768
f 1739 1768 1740
f 1740 1768 1769
f 1740 1769 1741
f 1741 1769 1770
f 1741 1770 1742
f 1742 1770 1771
f 1742 1771 1743
f 1743 1771 1772
f 1743 1772 1744
f 1744 1772 1773
f 1744 1773 1745
f 1745 1773 1774
f 1745 1774 1746
f 1746 1774 1775
f 1746 1775 1747
f 1747 1775 1776
f 1747 1776 1748
f 1748 1776 1777
f 1748 1777 1749
f 1749 1777 1778
f 1749 1778 1750
f 1750 1778 1779
f 1750 1779 1751
f 1751 1779 1780
f 1751 1780 1752
f 1752 1780 1781
f 1752 1781 1753
f 1753 1781 1782
f 1753 1782 1754
f 1754 1782 1783
f 1754 1783 1755
f 1755 1783 1784
f 1755 1784 1756
f 1756 1784 1785
f 1756 1785 1757
f 1757 1785 1786
f 1757 1786 1758
f 1758 1786 1787
f 1758 1787 1759
f 1759 1787 1788
f 1759 1788 1760
f 1760 1788 1789
f 1760 1789 1761
f 1761 1789 1790
f 1761 1790 1762
f 1762 1790 1791
f 1762 1791 1763
f 1763 1791 1792
f 1763 1792 1764
f 1764 1792 1765
f 1764 1765 1737
f 1765 1793 1794
f 1765 1794 1766
f 1766 1794 1795
f 1766 1795 1767
f 1767 1795 1796
f 1767 1796 1768
f 1768 1796 1797
f 1768 1797 1769
f 1769 1797 1798
f 1769 1798 1770
f 1770 1798 1799
f 1770 1799 1771
f 1771 1799 1800
f 1771 1800 1772
f 1772 1800 1801
f 1772 1801 1773
f 1773 1801 1802
f 1773 1802 1774
f 1774 1802 1803
f 1774 1803 1775
f 1775 1803 1804
f 1775 1804 1776
f 1776 1804 1805
f 1776 1805 1777
f 1777 1805 1806
f 1777 1806 1778
f 1778 1806 1807
f 1778 1807 1779
f 1779 1807 1808
f 1779 1808 1780
f 1780 1808 1809
f 1780 1809 1781
f 1781 1809 1810
f 1781 1810 1782
f 1782 1810 1811
f 1782 1811 1783
f 1783 1811 1812
f 1783 1812 1784
f 1784 1812 1813
f 1784 1813 1785
f 1785 1813 1814
f 1785 1814 1786
f 1786 1814 1815
f 1786 1815 1787
f 1787 1815 1816
f 1787 1816 1788
f 1788 1816 1817
f 1788 1817 1789
f 1789 1817 1818
f 1789 1818 1790
f 1790 1818 1819
f 1790 1819 1791
f 1791 1819 1820
f 1791 1820 1792
f 1792 1820 1793
f 1792 1793 1765
f 1793 1821 1822
f 1793 1822 1794
f 1794 1822 1823
f 1794 1823 1795
f 1795 1823 1824
f 1795 1824 1796
f 1796 1824 1825
f 1796 1825 1797
f 1797 1825 1826
f 1797 1826 1798
f 1798 1826 1827
f 1798 1827 1799
f 1799 1827 1828
f 1799 1828 1800
f 1800 1828 1829
f 1800 1829 1801
f 1801 1829 1830
f 1801 1830 1802
f 1802 1830 1831
f 1802 1831 1803
f 1803 1831 1832
f 1803 1832 1804
f 1804 1832 1833
f 1804 1833 1805
f 1805 1833 1834
f 1805 1834 1806
f 1806 1834 1835
f 1806 1835 1807
f 1807 1835 1836
f 1807 1836 1808
f 1808 1836 1837
f 1808 1837 1809
f 1809 1837 1838
f 1809 1838 1810
f 1810 1838 1839
f 1810 1839 1811
f 1811 1839 1840
f 1811 1840 1812
f 1812 1840 1841
f 1812 1841 1813
f 1813 1841 1842
f 1813 1842 1814
f 1814 1842 1843
f 1814 1843 1815
f 1815 1843 1844
f 1815 1844 1816
f 1816 1844 1845
f 1816 1845 1817
f 1817 1845 1846
f 1817 1846 1818
f 1818 1846 1847
f 1818 1847 1819
f 1819 1847 1848
f 1819 1848 1820
f 1820 1848 1821
f 1820 1821 1793
f 1821 1849 1850
f 1821 1850 1822
f 1822 1850 1851
f 1822 1851 1823
f 1823 1851 1852
f 1823 1852 1824
f 1824 1852 1853
f 1824 1853 1825
f 1825 1853 1854
f 1825 1854 1826
f 1826 1854 1855
f 1826 1855 1827
f 1827 1855 1856
f 1827 1856 1828
f 1828 1856 1857
f 1828 1857 1829
f 1829 1857 1858
f 1829 1858 1830
f 1830 1858 1859
f 1830 1859 1831
f 1831 1859 1860
f 1831 1860 1832
f 1832 1860 1861
f 1832 1861 1833
f 1833 1861 1862
f 1833 1862 1834
f 1834 1862 1863
f 1834 1863 1835
f 1835 1863 1864
f 1835 1864 1836
f 1836 1864 1865
f 1836 1865 1837
f 1837 1865 1866
f 1837 1866 1838
f 1838 1866 1867
f 1838 1867 1839
f 1839 1867 1868
f 1839 1868 1840
f 1840 1868 1869
f 1840 1869 1841
f 1841 1869 1870
f 1841 1870 1842
f 1842 1870 1871
f 1842 1871 1843
f 1843 1871 1872
f 1843 1872 1844
f 1844 1872 1873
f 1844 1873 1845
f 1845 1873 1874
f 1845 1874 1846
f 1846 1874 1875
f 1846 1875 1847
f 1847 1875 1876
f 1847 1876 1848
f 1848 1876 1849
f 1848 1849 1821
f 1849 1877 1878
f 1849 1878 1850
f 1850 1878 1879
f 1850 1879 1851
f 1851 1879 1880
f 1851 1880 1852
f 1852 1880 1881
f 1852 1881 1853
f 1853 1881 1882
f 1853 1882 1854
f 1854 1882 1883
f 1854 1883 1855
f 1855 1883 1884
f 1855 1884 1856
f 1856 1884 1885
f 1856 1885 1857
f 1857 1885 1886
f 1857 1886 1858
f 1858 1886 1887
f 1858 1887 1859
f 1859 1887 1888
f 1859 1888 1860
f 1860 1888 1889
f 1860 1889 1861
f 1861 1889 1890
f 1861 1890 1862
f 1862 1890 1891
f 1862 1891 1863
f 1863 1891 1892
f 1863 1892 1864
f 1864 1892 1893
f 1864 1893 1865
f 1865 1893 1894
f 1865 1894 1866
f 1866 1894 1895
f 1866 1895 1867
f 1867 1895 1896
f 1867 1896 1868
f 1868 1896 1897
f 1868 1897 1869
f 1869 1897 1898
f 1869 1898 1870
f 1870 1898 1899
f 1870 1899 1871
f 1871 1899 1900
f 1871 1900 1872
f 1872 1900 1901
f 1872 1901 1873
f 1873 1901 1902
f 1873 1902 1874
f 1874 1902 1903
f 1874 1903 1875
f 1875 1903 1904
f 1875 1904 1876
f 1876 1904 1877
f 1876 1877 1849
f 1877 1905 1906
f 1877 1906 1878
f 1878 1906 1907
f 1878 1907 1879
f 1879 1907 1908
f 1879 1908 1880
f 1880 1908 1909
f 1880 1909 1881
f 1881 1909 1910
f 1881 1910 1882
f 1882 1910 1911
f 1882 1911 1883
f 1883 1911 1912
f 1883 1912 1884
f 1884 1912 1913
f 1884 1913 1885
f 1885 1913 1914
f 1885 1914 1886
f 1886 1914 1915
f 1886 1915 1887
f 1887 1915 1916
f 1887 1916 1888
f 1888 1916 1917
f 1888 1917 1889
f 1889 1917 1918
f 1889 1918 1890
f 1890 1918 1919
f 1890 1919 1891
f 1891 1919 1920
f 1891 1920 1892
f 1892 1920 1921
f 1892 1921 1893
f 1893 1921 1922
f 1893 1922 1894
f 1894 1922 1923
f 1894 1923 1895
f 1895 1923 1924
f 1895 1924 1896
f 1896 1924 1925
f 1896 1925 1897
f 1897 1925 1926
f 1897 1926 1898
f 1898 1926 1927
f 1898 1927 1899
f 1899 1927 1928
f 1899 1928 1900
f 1900 1928 1929
f 1900 1929 1901
f 1901 1929 1930
f 1901 1930 1902
f 1902 1930 1931
f 1902 1931 1903
f 1903 1931 1932
f 1903 1932 1904
f 1904 1932 1905
f 1904 1905 1877
f 1905 1933 1934
f 1905 1934 1906
f 1906 1934 1935
f 1906 1935 1907
f 1907 1935 1936
f 1907 1936 1908
f 1908 1936 1937
f 1908 1937 1909
f 1909 1937 1938
f 1909 1938 1910
f 1910 1938 1939
f 1910 1939 1911
f 1911 1939 1940
f 1911 1940 1912
f 1912 1940 1941
f 1912 1941 1913
f 1913 1941 1942
f 1913 1942 1914
f 1914 1942 1943
f 1914 1943 1915
f 1915 1943 1944
f 1915 1944 1916
f 1916 1944 1945
f 1916 1945 1917
f 1917 1945 1946
f 1917 1946 1918
f 1918 1946 1947
f 1918 1947 1919
f 1919 1947 1948
f 1919 1948 1920
f 1920 1948 1949
f 1920 1949 1921
f 1921 1949 1950
f 1921 1950 1922
f 1922 1950 1951
f 1922 1951 1923
f 1923 1951 1952
f 1923 1952 1924
f 1924 1952 1953
f 1924 1953 1925
f 1925 1953 1954
f 1925 1954 1926
f 1926 1954 1955
f 1926 1955 1927
f 1927 1955 1956
f 1927 1956 1928
f 1928 1956 1957
f 1928 1957 1929
f 1929 1957 1958
f 1929 1958 1930
f 1930 1958 1959
f 1930 1959 1931
f 1931 1959 1960
f 1931 1960 1932
f 1932 1960 1933
f 1932 1933 1905
f 1933 1961 1962
f 1933 1962 1934
f 1934 1962 1963
f 1934 1963 1935
f 1935 1963 1964
f 1935 1964 1936
f 1936 1964 1965
f 1936 1965 1937
f 1937 1965 1966
f 1937 1966 1938
f 1938 1966 1967
f 1938 1967 1939
f 1939 1967 1968
f 1939 1968 1940
f 1940 1968 1969
f 1940 1969 1941
f 1941 1969 1970
f 1941 1970 1942
f 1942 1970 1971
f 1942 1971 1943
f 1943 1971 1972
f 1943 1972 1944
f 1944 1972 1973
f 1944 1973 1945
f 1945 1973 1974
f 1945 1974 1946
f 1946 1974 1975
f 1946 1975 1947
f 1947 1975 1976
f 1947 1976 1948
f 1948 1976 1977
f 1948 1977 1949
f 1949 1977 1978
f 1949 1978 1950
f 1950 1978 1979
f 1950 1979 1951
f 1951 1979 1980
f 1951 1980 1952
f 1952 1980 1981
f 1952 1981 1953
f 1953 1981 1982
f 1953 1982 1954
f 1954 1982 1983
f 1954 1983 1955
f 1955 1983 1984
f 1955 1984 1956
f 1956 1984 1985
f 1956 1985 1957
f 1957 1985 1986
f 1957 1986 1958
f 1958 1986 1987
f 1958 1987 1959
f 1959 1987 1988
f 1959 1988 1960
f 1960 1988 1961
f 1960 1961 1933
f 1961 1989 1990
f 1961 1990 1962
f 1962 1990 1991
f 1962 1991 1963
f 1963 1991 1992
f 1963 1992 1964
f 1964 1992 1993
f 1964 1993 1965
f 1965 1993 1994
f 1965 1994 1966
f 1966 1994 1995
f 1966 1995 1967
f 1967 1995 1996
f 1967 1996 1968
f 1968 1996 1997
f 1968 1997 1969
f 1969 1997 1998
f 1969 1998 1970
f 1970 1998 1999
f 1970 1999 1971
f 1971 1999 2000
f 1971 2000 1972
f 1972 2000 2001
f 1972 2001 1973
f 1973 2001 2002
f 1973 2002 1974
f 1974 2002 2003
f 1974 2003 1975
f 1975 2003 2004
f 1975 2004 1976
f 1976 2004 2005
f 1976 2005 1977
f 1977 2005 2006
f 1977 2006 1978
f 1978 2006 2007
f 1978 2007 1979
f 1979 2007 2008
f 1979 2008 1980
f 1980 2008 2009
f 1980 2009 1981
f 1981 2009 2010
f 1981 2010 1982
f 1982 2010 2011
f 1982 2011 1983
f 1983 2011 2012
f 1983 2012 1984
f 1984 2012 2013
f 1984 2013 1985
f 1985 2013 2014
f 1985 2014 1986
f 1986 2014 2015
f 1986 2015 1987
f 1987 2015 2016
f 1987 2016 1988
f 1988 2016 1989
f 1988 1989 1961
f 1989 2017 2018
f 1989 2018 1990
f 1990 2018 2019
f 1990 2019 1991
f 1991 2019 2020
f 1991 2020 1992
f 1992 2020 2021
f 1992 2021 1993
f 1993 2021 2022
f 1993 2022 1994
f 1994 2022 2023
f 1994 2023 1995
f 1995 2023 2024
f 1995 2024 1996
f 1996 2024 2025
f 1996 2025 1997
f 1997 2025 2026
f 1997 2026 1998
f 1998 2026 2027
f 1998 2027 1999
f 1999 2027 2028
f 1999 2028 2000
f 2000 2028 2029
f 2000 2029 2001
f 2001 2029 2030
f 2001 2030 2002
f 2002 2030 2031
f 2002 2031 2003
f 2003 2031 2032
f 2003 2032 2004
f 2004 2032 2033
f 2004 2033 2005
f 2005 2033 2034
f 2005 2034 2006
f 2006 2034 2035
f 2006 2035 2007
f 2007 2035 2036
f 2007 2036 2008
f 2008 2036 2037
f 2008 2037 2009
f 2009 2037 2038
f 2009 2038 2010
f 2010 2038 2039
f 2010 2039 2011
f 2011 2039 2040
f 2011 2040 2012
f 2012 2040 2041
f 2012 2041 2013
f 2013 2041 2042
f 2013 2042 2014
f 2014 2042 2043
f 2014 2043 2015
f 2015 2043 2044
f 2015 2044 2016
f 2016 2044 2017
f 2016 2017 1989
f 2017 2045 2046
f 2017 2046 2018
f 2018 2046 2047
f 2018 2047 2019
f 2019 2047 2048
f 2019 2048 2020
f 2020 2048 2049
f 2020 2049 2021
f 2021 2049 2050
f 2021 2050 2022
f 2022 2050 2051
f 2022 2051 2023
f 2023 2051 2052
f 2023 2052 2024
f 2024 2052 2053
f 2024 2053 2025
f 2025 2053 2054
f 2025 2054 2026
f 2026 2054 2055
f 2026 2055 2027
f 2027 2055 2056
f 2027 2056 2028
f 2028 2056 2057
f 2028 2057 2029
f 2029 2057 2058
f 2029 2058 2030
f 2030 2058 2059
f 2030 2059 2031
f 2031 2059 2060
f 2031 2060 2032
f 2032 2060 2061
f 2032 2061 2033
f 2033 2061 2062
f 2033 2062 2034
f 2034 2062 2063
f 2034 2063 2035
f 2035 2063 2064
f 2035 2064 2036
f 2036 2064 2065
f 2036 2065 2037
f 2037 2065 2066
f 2037 2066 2038
f 2038 2066 2067
f 2038 2067 2039
f 2039 2067 2068
f 2039 2068 2040
f 2040 2068 2069
f 2040 2069 2041
f 2041 2069 2070
f 2041 2070 2042
f 2042 2070 2071
f 2042 2071 2043
f 2043 2071 2072
f 2043 2072 2044
f 2044 2072 2045
f 2044 2045 2017
f 2073 2 1
f 2073 3 2
f 2073 4 3
f 2073 5 4
f 2073 6 5
f 2073 7 6
f 2073 8 7
f 2073 9 8
f 2073 10 9
f 2073 11 10
f 2073 12 11
f 2073 13 12
f 2073 14 13
f 2073 15 14
f 2073 16 15
f 2073 17 16
f 2073 18 17
f 2073 19 18
f 2073 20 19
f 2073 21 20
f 2073 22 21
f 2073 23 22
f 2073 24 23
f 2073 25 24
f 2073 26 25
f 2073 27 26
f 2073 28 27
f 2073 1 28
f 2074 2045 2046
f 2074 2046 2047
f 2074 2047 2048
f 2074 2048 2049
f 2074 2049 2050
f 2074 2050 2051
f 2074 2051 2052
f 2074 2052 2053
f 2074 2053 2054
f 2074 2054 2055
f 2074 2055 2056
f 2074 2056 2057
f 2074 2057 2058
f 2074 2058 2059
f 2074 2059 2060
f 2074 2060 2061
f 2074 2061 2062
f 2074 2062 2063
f 2074 2063 2064
f 2074 2064 2065
f 2074 2065 2066
f 2074 2066 2067
f 2074 2067 2068
f 2074 2068 2069
f 2074 2069 2070
f 2074 2070 2071
f 2074 2071 2072
f 2074 2072 2045
o brazos_apoyo
f 2075 2103 2104
f 2075 2104 2076
f 2076 2104 2105
f 2076 2105 2077
f 2077 2105 2106
f 2077 2106 2078
f 2078 2106 2107
f 2078 2107 2079
f 2079 2107 2108
f 2079 2108 2080
f 2080 2108 2109
f 2080 2109 2081
f 2081 2109 2110
f 2081 2110 2082
f 2082 2110 2111
f 2082 2111 2083
f 2083 2111 2112
f 2083 2112 2084
f 2084 2112 2113
f 2084 2113 2085
f 2085 2113 2114
f 2085 2114 2086
f 2086 2114 2115
f 2086 2115 2087
f 2087 2115 2116
f 2087 2116 2088
f 2088 2116 2117
f 2088 2117 2089
f 2089 2117 2118
f 2089 2118 2090
f 2090 2118 2119
f 2090 2119 2091
f 2091 2119 2120
f 2091 2120 2092
f 2092 2120 2121
f 2092 2121 2093
f 2093 2121 2122
f 2093 2122 2094
f 2094 2122 2123
f 2094 2123 2095
f 2095 2123 2124
f 2095 2124 2096
f 2096 2124 2125
f 2096 2125 2097
f 2097 2125 2126
f 2097 2126 2098
f 2098 2126 2127
f 2098 2127 2099
f 2099 2127 2128
f 2099 2128 2100
f 2100 2128 2129
f 2100 2129 2101
f 2101 2129 2130
f 2101 2130 2102
f 2102 2130 2103
f 2102 2103 2075
f 2103 2131 2132
f 2103 2132 2104
f 2104 2132 2133
f 2104 2133 2105
f 2105 2133 2134
f 2105 2134 2106
f 2106 2134 2135
f 2106 2135 2107
f 2107 2135 2136
f 2107 2136 2108
f 2108 2136 2137
f 2108 2137 2109
f 2109 2137 2138
f 2109 2138 2110
f 2110 2138 2139
f 2110 2139 2111
f 2111 2139 2140
f 2111 2140 2112
f 2112 2140 2141
f 2112 2141 2113
f 2113 2141 2142
f 2113 2142 2114
f 2114 2142 2143
f 2114 2143 2115
f 2115 2143 2144
f 2115 2144 2116
f 2116 2144 2145
f 2116 2145 2117
f 2117 2145 2146
f 2117 2146 2118
f 2118 2146 2147
f 2118 2147 2119
f 2119 2147 2148
f 2119 2148 2120
f 2120 2148 2149
f 2120 2149 2121
f 2121 2149 2150
f 2121 2150 2122
f 2122 2150 2151
f 2122 2151 2123
f 2123 2151 2152
f 2123 2152 2124
f 2124 2152 2153
f 2124 2153 2125
f 2125 2153 2154
f 2125 2154 2126
f 2126 2154 2155
f 2126 2155 2127
f 2127 2155 2156
f 2127 2156 2128
f 2128 2156 2157
f 2128 2157 2129
f 2129 2157 2158
f 2129 2158 2130
f 2130 2158 2131
f 2130 2131 2103
f 2131 2159 2160
f 2131 2160 2132
f 2132 2160 2161
f 2132 2161 2133
f 2133 2161 2162
f 2133 2162 2134
f 2134 2162 2163
f 2134 2163 2135
f 2135 2163 2164
f 2135 2164 2136
f 2136 2164 2165
f 2136 2165 2137
f 2137 2165 2166
f 2137 2166 2138
f 2138 2166 2167
f 2138 2167 2139
f 2139 2167 2168
f 2139 2168 2140
f 2140 2168 2169
f 2140 2169 2141
f 2141 2169 2170
f 2141 2170 2142
f 2142 2170 2171
f 2142 2171 2143
f 2143 2171 2172
f 2143 2172 2144
f 2144 2172 2173
f 2144 2173 2145
f 2145 2173 2174
f 2145 2174 2146
f 2146 2174 2175
f 2146 2175 2147
f 2147 2175 2176
f 2147 2176 2148
f 2148 2176 2177
f 2148 2177 2149
f 2149 2177 2178
f 2149 2178 2150
f 2150 2178 2179
f 2150 2179 2151
f 2151 2179 2180
f 2151 2180 2152
f 2152 2180 2181
f 2152 2181 2153
f 2153 2181 2182
f 2153 2182 2154
f 2154 2182 2183
f 2154 2183 2155
f 2155 2183 2184
f 2155 2184 2156
f 2156 2184 2185
f 2156 2185 2157
f 2157 2185 2186
f 2157 2186 2158
f 2158 2186 2159
f 2158 2159 2131
f 2159 2187 2188
f 2159 2188 2160
f 2160 2188 2189
f 2160 2189 2161
f 2161 2189 2190
f 2161 2190 2162
f 2162 2190 2191
f 2162 2191 2163
f 2163 2191 2192
f 2163 2192 2164
f 2164 2192 2193
f 2164 2193 2165
f 2165 2193 2194
f 2165 2194 2166
f 2166 2194 2195
f 2166 2195 2167
f 2167 2195 2196
f 2167 2196 2168
f 2168 2196 2197
f 2168 2197 2169
f 2169 2197 2198
f 2169 2198 2170
f 2170 2198 2199
f 2170 2199 2171
f 2171 2199 2200
f 2171 2200 2172
f 2172 2200 2201
f 2172 2201 2173
f 2173 2201 2202
f 2173 2202 2174
f 2174 2202 2203
f 2174 2203 2175
f 2175 2203 2204
f 2175 2204 2176
f 2176 2204 2205
f 2176 2205 2177
f 2177 2205 2206
f 2177 2206 2178
f 2178 2206 2207
f 2178 2207 2179
f 2179 2207 2208
f 2179 2208 2180
f 2180 2208 2209
f 2180 2209 2181
f 2181 2209 2210
f 2181 2210 2182
f 2182 2210 2211
f 2182 2211 2183
f 2183 2211 2212
f 2183 2212 2184
f 2184 2212 2213
f 2184 2213 2185
f 2185 2213 2214
f 2185 2214 2186
f 2186 2214 2187
f 2186 2187 2159
f 2187 2215 2216
f 2187 2216 2188
f 2188 2216 2217
f 2188 2217 2189
f 2189 2217 2218
f 2189 2218 2190
f 2190 2218 2219
f 2190 2219 2191
f 2191 2219 2220
f 2191 2220 2192
f 2192 2220 2221
f 2192 2221 2193
f 2193 2221 2222
f 2193 2222 2194
f 2194 2222 2223
f 2194 2223 2195
f 2195 2223 2224
f 2195 2224 2196
f 2196 2224 2225
f 2196 2225 2197
f 2197 2225 2226
f 2197 2226 2198
f 2198 2226 2227
f 2198 2227 2199
f 2199 2227 2228
f 2199 2228 2200
f 2200 2228 2229
f 2200 2229 2201
f 2201 2229 2230
f 2201 2230 2202
f 2202 2230 2231
f 2202 2231 2203
f 2203 2231 2232
f 2203 2232 2204
f 2204 2232 2233
f 2204 2233 2205
f 2205 2233 2234
f 2205 2234 2206
f 2206 2234 2235
f 2206 2235 2207
f 2207 2235 2236
f 2207 2236 2208
f 2208 2236 2237
f 2208 2237 2209
f 2209 2237 2238
f 2209 2238 2210
f 2210 2238 2239
f 2210 2239 2211
f 2211 2239 2240
f 2211 2240 2212
f 2212 2240 2241
f 2212 2241 2213
f 2213 2241 2242
f 2213 2242 2214
f 2214 2242 2215
f 2214 2215 2187
f 2215 2243 2244
f 2215 2244 2216
f 2216 2244 2245
f 2216 2245 2217
f 2217 2245 2246
f 2217 2246 2218
f 2218 2246 2247
f 2218 2247 2219
f 2219 2247 2248
f 2219 2248 2220
f 2220 2248 2249
f 2220 2249 2221
f 2221 2249 2250
f 2221 2250 2222
f 2222 2250 2251
f 2222 2251 2223
f 2223 2251 2252
f 2223 2252 2224
f 2224 2252 2253
f 2224 2253 2225
f 2225 2253 2254
f 2225 2254 2226
f 2226 2254 2255
f 2226 2255 2227
f 2227 2255 2256
f 2227 2256 2228
f 2228 2256 2257
f 2228 2257 2229
f 2229 2257 2258
f 2229 2258 2230
f 2230 2258 2259
f 2230 2259 2231
f 2231 2259 2260
f 2231 2260 2232
f 2232 2260 2261
f 2232 2261 2233
f 2233 2261 2262
f 2233 2262 2234
f 2234 2262 2263
f 2234 2263 2235
f 2235 2263 2264
f 2235 2264 2236
f 2236 2264 2265
f 2236 2265 2237
f 2237 2265 2266
f 2237 2266 2238
f 2238 2266 2267
f 2238 2267 2239
f 2239 2267 2268
f 2239 2268 2240
f 2240 2268 2269
f 2240 2269 2241
f 2241 2269 2270
f 2241 2270 2242
f 2242 2270 2243
f 2242 2243 2215
f 2243 2271 2272
f 2243 2272 2244
f 2244 2272 2273
f 2244 2273 2245
f 2245 2273 2274
f 2245 2274 2246
f 2246 2274 2275
f 2246 2275 2247
f 2247 2275 2276
f 2247 2276 2248
f 2248 2276 2277
f 2248 2277 2249
f 2249 2277 2278
f 2249 2278 2250
f 2250 2278 2279
f 2250 2279 2251
f 2251 2279 2280
f 2251 2280 2252
f 2252 2280 2281
f 2252 2281 2253
f 2253 2281 2282
f 2253 2282 2254
f 2254 2282 2283
f 2254 2283 2255
f 2255 2283 2284
f 2255 2284 2256
f 2256 2284 2285
f 2256 2285 2257
f 2257 2285 2286
f 2257 2286 2258
f 2258 2286 2287
f 2258 2287 2259
f 2259 2287 2288
f 2259 2288 2260
f 2260 2288 2289
f 2260 2289 2261
f 2261 2289 2290
f 2261 2290 2262
f 2262 2290 2291
f 2262 2291 2263
f 2263 2291 2292
f 2263 2292 2264
f 2264 2292 2293
f 2264 2293 2265
f 2265 2293 2294
f 2265 2294 2266
f 2266 2294 2295
f 2266 2295 2267
f 2267 2295 2296
f 2267 2296 2268
f 2268 2296 2297
f 2268 2297 2269
f 2269 2297 2298
f 2269 2298 2270
f 2270 2298 2271
f 2270 2271 2243
f 2271 2299 2300
f 2271 2300 2272
f 2272 2300 2301
f 2272 2301 2273
f 2273 2301 2302
f 2273 2302 2274
f 2274 2302 2303
f 2274 2303 2275
f 2275 2303 2304
f 2275 2304 2276
f 2276 2304 2305
f 2276 2305 2277
f 2277 2305 2306
f 2277 2306 2278
f 2278 2306 2307
f 2278 2307 2279
f 2279 2307 2308
f 2279 2308 2280
f 2280 2308 2309
f 2280 2309 2281
f 2281 2309 2310
f 2281 2310 2282
f 2282 2310 2311
f 2282 2311 2283
f 2283 2311 2312
f 2283 2312 2284
f 2284 2312 2313
f 2284 2313 2285
f 2285 2313 2314
f 2285 2314 2286
f 2286 2314 2315
f 2286 2315 2287
f 2287 2315 2316
f 2287 2316 2288
f 2288 2316 2317
f 2288 2317 2289
f 2289 2317 2318
f 2289 2318 2290
f 2290 2318 2319
f 2290 2319 2291
f 2291 2319 2320
f 2291 2320 2292
f 2292 2320 2321
f 2292 2321 2293
f 2293 2321 2322
f 2293 2322 2294
f 2294 2322 2323
f 2294 2323 2295
f 2295 2323 2324
f 2295 2324 2296
f 2296 2324 2325
f 2296 2325 2297
f 2297 2325 2326
f 2297 2326 2298
f 2298 2326 2299
f 2298 2299 2271
f 2299 2327 2328
f 2299 2328 2300
f 2300 2328 2329
f 2300 2329 2301
f 2301 2329 2330
f 2301 2330 2302
f 2302 2330 2331
f 2302 2331 2303
f 2303 2331 2332
f 2303 2332 2304
f 2304 2332 2333
f 2304 2333 2305
f 2305 2333 2334
f 2305 2334 2306
f 2306 2334 2335
f 2306 2335 2307
f 2307 2335 2336
f 2307 2336 2308
f 2308 2336 2337
f 2308 2337 2309
f 2309 2337 2338
f 2309 2338 2310
f 2310 2338 2339
f 2310 2339 2311
f 2311 2339 2340
f 2311 2340 2312
f 2312 2340 2341
f 2312 2341 2313
f 2313 2341 2342
f 2313 2342 2314
f 2314 2342 2343
f 2314 2343 2315
f 2315 2343 2344
f 2315 2344 2316
f 2316 2344 2345
f 2316 2345 2317
f 2317 2345 2346
f 2317 2346 2318
f 2318 2346 2347
f 2318 2347 2319
f 2319 2347 2348
f 2319 2348 2320
f 2320 2348 2349
f 2320 2349 2321
f 2321 2349 2350
f 2321 2350 2322
f 2322 2350 2351
f 2322 2351 2323
f 2323 2351 2352
f 2323 2352 2324
f 2324 2352 2353
f 2324 2353 2325
f 2325 2353 2354
f 2325 2354 2326
f 2326 2354 2327
f 2326 2327 2299
f 2327 2355 2356
f 2327 2356 2328
f 2328 2356 2357
f 2328 2357 2329
f 2329 2357 2358
f 2329 2358 2330
f 2330 2358 2359
f 2330 2359 2331
f 2331 2359 2360
f 2331 2360 2332
f 2332 2360 2361
f 2332 2361 2333
f 2333 2361 2362
f 2333 2362 2334
f 2334 2362 2363
f 2334 2363 2335
f 2335 2363 2364
f 2335 2364 2336
f 2336 2364 2365
f 2336 2365 2337
f 2337 2365 2366
f 2337 2366 2338
f 2338 2366 2367
f 2338 2367 2339
f 2339 2367 2368
f 2339 2368 2340
f 2340 2368 2369
f 2340 2369 2341
f 2341 2369 2370
f 2341 2370 2342
f 2342 2370 2371
f 2342 2371 2343
f 2343 2371 2372
f 2343 2372 2344
f 2344 2372 2373
f 2344 2373 2345
f 2345 2373 2374
f 2345 2374 2346
f 2346 2374 2375
f 2346 2375 2347
f 2347 2375 2376
f 2347 2376 2348
f 2348 2376 2377
f 2348 2377 2349
f 2349 2377 2378
f 2349 2378 2350
f 2350 2378 2379
f 2350 2379 2351
f 2351 2379 2380
f 2351 2380 2352
f 2352 2380 2381
f 2352 2381 2353
f 2353 2381 2382
f 2353 2382 2354
f 2354 2382 2355
f 2354 2355 2327
f 2355 2383 2384
f 2355 2384 2356
f 2356 2384 2385
f 2356 2385 2357
f 2357 2385 2386
f 2357 2386 2358
f 2358 2386 2387
f 2358 2387 2359
f 2359 2387 2388
f 2359 2388 2360
f 2360 2388 2389
f 2360 2389 2361
f 2361 2389 2390
f 2361 2390 2362
f 2362 2390 2391
f 2362 2391 2363
f 2363 2391 2392
f 2363 2392 2364
f 2364 2392 2393
f 2364 2393 2365
f 2365 2393 2394
f 2365 2394 2366
f 2366 2394 2395
f 2366 2395 2367
f 2367 2395 2396
f 2367 2396 2368
f 2368 2396 2397
f 2368 2397 2369
f 2369 2397 2398
f 2369 2398 2370
f 2370 2398 2399
f 2370 2399 2371
f 2371 2399 2400
f 2371 2400 2372
f 2372 2400 2401
f 2372 2401 2373
f 2373 2401 2402
f 2373 2402 2374
f 2374 2402 2403
f 2374 2403 2375
f 2375 2403 2404
f 2375 2404 2376
f 2376 2404 2405
f 2376 2405 2377
f 2377 2405 2406
f 2377 2406 2378
f 2378 2406 2407
f 2378 2407 2379
f 2379 2407 2408
f 2379 2408 2380
f 2380 2408 2409
f 2380 2409 2381
f 2381 2409 2410
f 2381 2410 2382
f 2382 2410 2383
f 2382 2383 2355
f 2383 2411 2412
f 2383 2412 2384
f 2384 2412 2413
f 2384 2413 2385
f 2385 2413 2414
f 2385 2414 2386
f 2386 2414 2415
f 2386 2415 2387
f 2387 2415 2416
f 2387 2416 2388
f 2388 2416 2417
f 2388 2417 2389
f 2389 2417 2418
f 2389 2418 2390
f 2390 2418 2419
f 2390 2419 2391
f 2391 2419 2420
f 2391 2420 2392
f 2392 2420 2421
f 2392 2421 2393
f 2393 2421 2422
f 2393 2422 2394
f 2394 2422 2423
f 2394 2423 2395
f 2395 2423 2424
f 2395 2424 2396
f 2396 2424 2425
f 2396 2425 2397
f 2397 2425 2426
f 2397 2426 2398
f 2398 2426 2427
f 2398 2427 2399
f 2399 2427 2428
f 2399 2428 2400
f 2400 2428 2429
f 2400 2429 2401
f 2401 2429 2430
f 2401 2430 2402
f 2402 2430 2431
f 2402 2431 2403
f 2403 2431 2432
f 2403 2432 2404
f 2404 2432 2433
f 2404 2433 2405
f 2405 2433 2434
f 2405 2434 2406
f 2406 2434 2435
f 2406 2435 2407
f 2407 2435 2436
f 2407 2436 2408
f 2408 2436 2437
f 2408 2437 2409
f 2409 2437 2438
f 2409 2438 2410
f 2410 2438 2411
f 2410 2411 2383
f 2411 2439 2440
f 2411 2440 2412
f 2412 2440 2441
f 2412 2441 2413
f 2413 2441 2442
f 2413 2442 2414
f 2414 2442 2443
f 2414 2443 2415
f 2415 2443 2444
f 2415 2444 2416
f 2416 2444 2445
f 2416 2445 2417
f 2417 2445 2446
f 2417 2446 2418
f 2418 2446 2447
f 2418 2447 2419
f 2419 2447 2448
f 2419 2448 2420
f 2420 2448 2449
f 2420 2449 2421
f 2421 2449 2450
f 2421 2450 2422
f 2422 2450 2451
f 2422 2451 2423
f 2423 2451 2452
f 2423 2452 2424
f 2424 2452 2453
f 2424 2453 2425
f 2425 2453 2454
f 2425 2454 2426
f 2426 2454 2455
f 2426 2455 2427
f 2427 2455 2456
f 2427 2456 2428
f 2428 2456 2457
f 2428 2457 2429
f 2429 2457 2458
f 2429 2458 2430
f 2430 2458 2459
f 2430 2459 2431
f 2431 2459 2460
f 2431 2460 2432
f 2432 2460 2461
f 2432 2461 2433
f 2433 2461 2462
f 2433 2462 2434
f 2434 2462 2463
f 2434 2463 2435
f 2435 2463 2464
f 2435 2464 2436
f 2436 2464 2465
f 2436 2465 2437
f 2437 2465 2466
f 2437 2466 2438
f 2438 2466 2439
f 2438 2439 2411
f 2439 2467 2468
f 2439 2468 2440
f 2440 2468 2469
f 2440 2469 2441
f 2441 2469 2470
f 2441 2470 2442
f 2442 2470 2471
f 2442 2471 2443
f 2443 2471 2472
f 2443 2472 2444
f 2444 2472 2473
f 2444 2473 2445
f 2445 2473 2474
f 2445 2474 2446
f 2446 2474 2475
f 2446 2475 2447
f 2447 2475 2476
f 2447 2476 2448
f 2448 2476 2477
f 2448 2477 2449
f 2449 2477 2478
f 2449 2478 2450
f 2450 2478 2479
f 2450 2479 2451
f 2451 2479 2480
f 2451 2480 2452
f 2452 2480 2481
f 2452 2481 2453
f 2453 2481 2482
f 2453 2482 2454
f 2454 2482 2483
f 2454 2483 2455
f 2455 2483 2484
f 2455 2484 2456
f 2456 2484 2485
f 2456 2485 2457
f 2457 2485 2486
f 2457 2486 2458
f 2458 2486 2487
f 2458 2487 2459
f 2459 2487 2488
f 2459 2488 2460
f 2460 2488 2489
f 2460 2489 2461
f 2461 2489 2490
f 2461 2490 2462
f 2462 2490 2491
f 2462 2491 2463
f 2463 2491 2492
f 2463 2492 2464
f 2464 2492 2493
f 2464 2493 2465
f 2465 2493 2494
f 2465 2494 2466
f 2466 2494 2467
f 2466 2467 2439
f 2467 2495 2496
f 2467 2496 2468
f 2468 2496 2497
f 2468 2497 2469
f 2469 2497 2498
f 2469 2498 2470
f 2470 2498 2499
f 2470 2499 2471
f 2471 2499 2500
f 2471 2500 2472
f 2472 2500 2501
f 2472 2501 2473
f 2473 2501 2502
f 2473 2502 2474
f 2474 2502 2503
f 2474 2503 2475
f 2475 2503 2504
f 2475 2504 2476
f 2476 2504 2505
f 2476 2505 2477
f 2477 2505 2506
f 2477 2506 2478
f 2478 2506 2507
f 2478 2507 2479
f 2479 2507 2508
f 2479 2508 2480
f 2480 2508 2509
f 2480 2509 2481
f 2481 2509 2510
f 2481 2510 2482
f 2482 2510 2511
f 2482 2511 2483
f 2483 2511 2512
f 2483 2512 2484
f 2484 2512 2513
f 2484 2513 2485
f 2485 2513 2514
f 2485 2514 2486
f 2486 2514 2515
f 2486 2515 2487
f 2487 2515 2516
f 2487 2516 2488
f 2488 2516 2517
f 2488 2517 2489
f 2489 2517 2518
f 2489 2518 2490
f 2490 2518 2519
f 2490 2519 2491
f 2491 2519 2520
f 2491 2520 2492
f 2492 2520 2521
f 2492 2521 2493
f 2493 2521 2522
f 2493 2522 2494
f 2494 2522 2495
f 2494 2495 2467
f 2495 2523 2524
f 2495 2524 2496
f 2496 2524 2525
f 2496 2525 2497
f 2497 2525 2526
f 2497 2526 2498
f 2498 2526 2527
f 2498 2527 2499
f 2499 2527 2528
f 2499 2528 2500
f 2500 2528 2529
f 2500 2529 2501
f 2501 2529 2530
f 2501 2530 2502
f 2502 2530 2531
f 2502 2531 2503
f 2503 2531 2532
f 2503 2532 2504
f 2504 2532 2533
f 2504 2533 2505
f 2505 2533 2534
f 2505 2534 2506
f 2506 2534 2535
f 2506 2535 2507
f 2507 2535 2536
f 2507 2536 2508
f 2508 2536 2537
f 2508 2537 2509
f 2509 2537 2538
f 2509 2538 2510
f 2510 2538 2539
f 2510 2539 2511
f 2511 2539 2540
f 2511 2540 2512
f 2512 2540 2541
f 2512 2541 2513
f 2513 2541 2542
f 2513 2542 2514
f 2514 2542 2543
f 2514 2543 2515
f 2515 2543 2544
f 2515 2544 2516
f 2516 2544 2545
f 2516 2545 2517
f 2517 2545 2546
f 2517 2546 2518
f 2518 2546 2547
f 2518 2547 2519
f 2519 2547 2548
f 2519 2548 2520
f 2520 2548 2549
f 2520 2549 2521
f 2521 2549 2550
f 2521 2550 2522
f 2522 2550 2523
f 2522 2523 2495
f 2523 2551 2552
f 2523 2552 2524
f 2524 2552 2553
f 2524 2553 2525
f 2525 2553 2554
f 2525 2554 2526
f 2526 2554 2555
f 2526 2555 2527
f 2527 2555 2556
f 2527 2556 2528
f 2528 2556 2557
f 2528 2557 2529
f 2529 2557 2558
f 2529 2558 2530
f 2530 2558 2559
f 2530 2559 2531
f 2531 2559 2560
f 2531 2560 2532
f 2532 2560 2561
f 2532 2561 2533
f 2533 2561 2562
f 2533 2562 2534
f 2534 2562 2563
f 2534 2563 2535
f 2535 2563 2564
f 2535 2564 2536
f 2536 2564 2565
f 2536 2565 2537
f 2537 2565 2566
f 2537 2566 2538
f 2538 2566 2567
f 2538 2567 2539
f 2539 2567 2568
f 2539 2568 2540
f 2540 2568 2569
f 2540 2569 2541
f 2541 2569 2570
f 2541 2570 2542
f 2542 2570 2571
f 2542 2571 2543
f 2543 2571 2572
f 2543 2572 2544
f 2544 2572 2573
f 2544 2573 2545
f 2545 2573 2574
f 2545 2574 2546
f 2546 2574 2575
f 2546 2575 2547
f 2547 2575 2576
f 2547 2576 2548
f 2548 2576 2577
f 2548 2577 2549
f 2549 2577 2578
f 2549 2578 2550
f 2550 2578 2551
f 2550 2551 2523
f 2551 2579 2580
f 2551 2580 2552
f 2552 2580 2581
f 2552 2581 2553
f 2553 2581 2582
f 2553 2582 2554
f 2554 2582 2583
f 2554 2583 2555
f 2555 2583 2584
f 2555 2584 2556
f 2556 2584 2585
f 2556 2585 2557
f 2557 2585 2586
f 2557 2586 2558
f 2558 2586 2587
f 2558 2587 2559
f 2559 2587 2588
f 2559 2588 2560
f 2560 2588 2589
f 2560 2589 2561
f 2561 2589 2590
f 2561 2590 2562
f 2562 2590 2591
f 2562 2591 2563
f 2563 2591 2592
f 2563 2592 2564
f 2564 2592 2593
f 2564 2593 2565
f 2565 2593 2594
f 2565 2594 2566
f 2566 2594 2595
f 2566 2595 2567
f 2567 2595 2596
f 2567 2596 2568
f 2568 2596 2597
f 2568 2597 2569
f 2569 2597 2598
f 2569 2598 2570
f 2570 2598 2599
f 2570 2599 2571
f 2571 2599 2600
f 2571 2600 2572
f 2572 2600 2601
f 2572 2601 2573
f 2573 2601 2602
f 2573 2602 2574
f 2574 2602 2603
f 2574 2603 2575
f 2575 2603 2604
f 2575 2604 2576
f 2576 2604 2605
f 2576 2605 2577
f 2577 2605 2606
f 2577 2606 2578
f 2578 2606 2579
f 2578 2579 2551
f 2579 2607 2608
f 2579 2608 2580
f 2580 2608 2609
f 2580 2609 2581
f 2581 2609 2610
f 2581 2610 2582
f 2582 2610 2611
f 2582 2611 2583
f 2583 2611 2612
f 2583 2612 2584
f 2584 2612 2613
f 2584 2613 2585
f 2585 2613 2614
f 2585 2614 2586
f 2586 2614 2615
f 2586 2615 2587
f 2587 2615 2616
f 2587 2616 2588
f 2588 2616 2617
f 2588 2617 2589
f 2589 2617 2618
f 2589 2618 2590
f 2590 2618 2619
f 2590 2619 2591
f 2591 2619 2620
f 2591 2620 2592
f 2592 2620 2621
f 2592 2621 2593
f 2593 2621 2622
f 2593 2622 2594
f 2594 2622 2623
f 2594 2623 2595
f 2595 2623 2624
f 2595 2624 2596
f 2596 2624 2625
f 2596 2625 2597
f 2597 2625 2626
f 2597 2626 2598
f 2598 2626 2627
f 2598 2627 2599
f 2599 2627 2628
f 2599 2628 2600
f 2600 2628 2629
f 2600 2629 2601
f 2601 2629 2630
f 2601 2630 2602
f 2602 2630 2631
f 2602 2631 2603
f 2603 2631 2632
f 2603 2632 2604
f 2604 2632 2633
f 2604 2633 2605
f 2605 2633 2634
f 2605 2634 2606
f 2606 2634 2607
f 2606 2607 2579
f 2607 2635 2636
f 2607 2636 2608
f 2608 2636 2637
f 2608 2637 2609
f 2609 2637 2638
f 2609 2638 2610
f 2610 2638 2639
f 2610 2639 2611
f 2611 2639 2640
f 2611 2640 2612
f 2612 2640 2641
f 2612 2641 2613
f 2613 2641 2642
f 2613 2642 2614
f 2614 2642 2643
f 2614 2643 2615
f 2615 2643 2644
f 2615 2644 2616
f 2616 2644 2645
f 2616 2645 2617
f 2617 2645 2646
f 2617 2646 2618
f 2618 2646 2647
f 2618 2647 2619
f 2619 2647 2648
f 2619 2648 2620
f 2620 2648 2649
f 2620 2649 2621
f 2621 2649 2650
f 2621 2650 2622
f 2622 2650 2651
f 2622 2651 2623
f 2623 2651 2652
f 2623 2652 2624
f 2624 2652 2653
f 2624 2653 2625
f 2625 2653 2654
f 2625 2654 2626
f 2626 2654 2655
f 2626 2655 2627
f 2627 2655 2656
f 2627 2656 2628
f 2628 2656 2657
f 2628 2657 2629
f 2629 2657 2658
f 2629 2658 2630
f 2630 2658 2659
f 2630 2659 2631
f 2631 2659 2660
f 2631 2660 2632
f 2632 2660 2661
f 2632 2661 2633
f 2633 2661 2662
f 2633 2662 2634
f 2634 2662 2635
f 2634 2635 2607
f 2635 2663 2664
f 2635 2664 2636
f 2636 2664 2665
f 2636 2665 2637
f 2637 2665 2666
f 2637 2666 2638
f 2638 2666 2667
f 2638 2667 2639
f 2639 2667 2668
f 2639 2668 2640
f 2640 2668 2669
f 2640 2669 2641
f 2641 2669 2670
f 2641 2670 2642
f 2642 2670 2671
f 2642 2671 2643
f 2643 2671 2672
f 2643 2672 2644
f 2644 2672 2673
f 2644 2673 2645
f 2645 2673 2674
f 2645 2674 2646
f 2646 2674 2675
f 2646 2675 2647
f 2647 2675 2676
f 2647 2676 2648
f 2648 2676 2677
f 2648 2677 2649
f 2649 2677 2678
f 2649 2678 2650
f 2650 2678 2679
f 2650 2679 2651
f 2651 2679 2680
f 2651 2680 2652
f 2652 2680 2681
f 2652 2681 2653
f 2653 2681 2682
f 2653 2682 2654
f 2654 2682 2683
f 2654 2683 2655
f 2655 2683 2684
f 2655 2684 2656
f 2656 2684 2685
f 2656 2685 2657
f 2657 2685 2686
f 2657 2686 2658
f 2658 2686 2687
f 2658 2687 2659
f 2659 2687 2688
f 2659 2688 2660
f 2660 2688 2689
f 2660 2689 2661
f 2661 2689 2690
f 2661 2690 2662
f 2662 2690 2663
f 2662 2663 2635
f 2663 2691 2692
f 2663 2692 2664
f 2664 2692 2693
f 2664 2693 2665
f 2665 2693 2694
f 2665 2694 2666
f 2666 2694 2695
f 2666 2695 2667
f 2667 2695 2696
f 2667 2696 2668
f 2668 2696 2697
f 2668 2697 2669
f 2669 2697 2698
f 2669 2698 2670
f 2670 2698 2699
f 2670 2699 2671
f 2671 2699 2700
f 2671 2700 2672
f 2672 2700 2701
f 2672 2701 2673
f 2673 2701 2702
f 2673 2702 2674
f 2674 2702 2703
f 2674 2703 2675
f 2675 2703 2704
f 2675 2704 2676
f 2676 2704 2705
f 2676 2705 2677
f 2677 2705 2706
f 2677 2706 2678
f 2678 2706 2707
f 2678 2707 2679
f 2679 2707 2708
f 2679 2708 2680
f 2680 2708 2709
f 2680 2709 2681
f 2681 2709 2710
f 2681 2710 2682
f 2682 2710 2711
f 2682 2711 2683
f 2683 2711 2712
f 2683 2712 2684
f 2684 2712 2713
f 2684 2713 2685
f 2685 2713 2714
f 2685 2714 2686
f 2686 2714 2715
f 2686 2715 2687
f 2687 2715 2716
f 2687 2716 2688
f 2688 2716 2717
f 2688 2717 2689
f 2689 2717 2718
f 2689 2718 2690
f 2690 2718 2691
f 2690 2691 2663
f 2691 2719 2720
f 2691 2720 2692
f 2692 2720 2721
f 2692 2721 2693
f 2693 2721 2722
f 2693 2722 2694
f 2694 2722 2723
f 2694 2723 2695
f 2695 2723 2724
f 2695 2724 2696
f 2696 2724 2725
f 2696 2725 2697
f 2697 2725 2726
f 2697 2726 2698
f 2698 2726 2727
f 2698 2727 2699
f 2699 2727 2728
f 2699 2728 2700
f 2700 2728 2729
f 2700 2729 2701
f 2701 2729 2730
f 2701 2730 2702
f 2702 2730 2731
f 2702 2731 2703
f 2703 2731 2732
f 2703 2732 2704
f 2704 2732 2733
f 2704 2733 2705
f 2705 2733 2734
f 2705 2734 2706
f 2706 2734 2735
f 2706 2735 2707
f 2707 2735 2736
f 2707 2736 2708
f 2708 2736 2737
f 2708 2737 2709
f 2709 2737 2738
f 2709 2738 2710
f 2710 2738 2739
f 2710 2739 2711
f 2711 2739 2740
f 2711 2740 2712
f 2712 2740 2741
f 2712 2741 2713
f 2713 2741 2742
f 2713 2742 2714
f 2714 2742 2743
f 2714 2743 2715
f 2715 2743 2744
f 2715 2744 2716
f 2716 2744 2745
f 2716 2745 2717
f 2717 2745 2746
f 2717 2746 2718
f 2718 2746 2719
f 2718 2719 2691
f 2719 2747 2748
f 2719 2748 2720
f 2720 2748 2749
f 2720 2749 2721
f 2721 2749 2750
f 2721 2750 2722
f 2722 2750 2751
f 2722 2751 2723
f 2723 2751 2752
f 2723 2752 2724
f 2724 2752 2753
f 2724 2753 2725
f 2725 2753 2754
f 2725 2754 2726
f 2726 2754 2755
f 2726 2755 2727
f 2727 2755 2756
f 2727 2756 2728
f 2728 2756 2757
f 2728 2757 2729
f 2729 2757 2758
f 2729 2758 2730
f 2730 2758 2759
f 2730 2759 2731
f 2731 2759 2760
f 2731 2760 2732
f 2732 2760 2761
f 2732 2761 2733
f 2733 2761 2762
f 2733 2762 2734
f 2734 2762 2763
f 2734 2763 2735
f 2735 2763 2764
f 2735 2764 2736
f 2736 2764 2765
f 2736 2765 2737
f 2737 2765 2766
f 2737 2766 2738
f 2738 2766 2767
f 2738 2767 2739
f 2739 2767 2768
f 2739 2768 2740
f 2740 2768 2769
f 2740 2769 2741
f 2741 2769 2770
f 2741 2770 2742
f 2742 2770 2771
f 2742 2771 2743
f 2743 2771 2772
f 2743 2772 2744
f 2744 2772 2773
f 2744 2773 2745
f 2745 2773 2774
f 2745 2774 2746
f 2746 2774 2747
f 2746 2747 2719
f 2747 2775 2776
f 2747 2776 2748
f 2748 2776 2777
f 2748 2777 2749
f 2749 2777 2778
f 2749 2778 2750
f 2750 2778 2779
f 2750 2779 2751
f 2751 2779 2780
f 2751 2780 2752
f 2752 2780 2781
f 2752 2781 2753
f 2753 2781 2782
f 2753 2782 2754
f 2754 2782 2783
f 2754 2783 2755
f 2755 2783 2784
f 2755 2784 2756
f 2756 2784 2785
f 2756 2785 2757
f 2757 2785 2786
f 2757 2786 2758
f 2758 2786 2787
f 2758 2787 2759
f 2759 2787 2788
f 2759 2788 2760
f 2760 2788 2789
f 2760 2789 2761
f 2761 2789 2790
f 2761 2790 2762
f 2762 2790 2791
f 2762 2791 2763
f 2763 2791 2792
f 2763 2792 2764
f 2764 2792 2793
f 2764 2793 2765
f 2765 2793 2794
f 2765 2794 2766
f 2766 2794 2795
f 2766 2795 2767
f 2767 2795 2796
f 2767 2796 2768
f 2768 2796 2797
f 2768 2797 2769
f 2769 2797 2798
f 2769 2798 2770
f 2770 2798 2799
f 2770 2799 2771
f 2771 2799 2800
f 2771 2800 2772
f 2772 2800 2801
f 2772 2801 2773
f 2773 2801 2802
f 2773 2802 2774
f 2774 2802 2775
f 2774 2775 2747
f 2803 2076 2075
f 2803 2077 2076
f 2803 2078 2077
f 2803 2079 2078
f 2803 2080 2079
f 2803 2081 2080
f 2803 2082 2081
f 2803 2083 2082
f 2803 2084 2083
f 2803 2085 2084
f 2803 2086 2085
f 2803 2087 2086
f 2803 2088 2087
f 2803 2089 2088
f 2803 2090 2089
f 2803 2091 2090
f 2803 2092 2091
f 2803 2093 2092
f 2803 2094 2093
f 2803 2095 2094
f 2803 2096 2095
f 2803 2097 2096
f 2803 2098 2097
f 2803 2099 2098
f 2803 2100 2099
f 2803 2101 2100
f 2803 2102 2101
f 2803 2075 2102
f 2804 2775 2776
f 2804 2776 2777
f 2804 2777 2778
f 2804 2778 2779
f 2804 2779 2780
f 2804 2780 2781
f 2804 2781 2782
f 2804 2782 2783
f 2804 2783 2784
f 2804 2784 2785
f 2804 2785 2786
f 2804 2786 2787
f 2804 2787 2788
f 2804 2788 2789
f 2804 2789 2790
f 2804 2790 2791
f 2804 2791 2792
f 2804 2792 2793
f 2804 2793 2794
f 2804 2794 2795
f 2804 2795 2796
f 2804 2796 2797
f 2804 2797 2798
f 2804 2798 2799
f 2804 2799 2800
f 2804 2800 2801
f 2804 2801 2802
f 2804 2802 2775
f 2805 2833 2834
f 2805 2834 2806
f 2806 2834 2835
f 2806 2835 2807
f 2807 2835 2836
f 2807 2836 2808
f 2808 2836 2837
f 2808 2837 2809
f 2809 2837 2838
f 2809 2838 2810
f 2810 2838 2839
f 2810 2839 2811
f 2811 2839 2840
f 2811 2840 2812
f 2812 2840 2841
f 2812 2841 2813
f 2813 2841 2842
f 2813 2842 2814
f 2814 2842 2843
f 2814 2843 2815
f 2815 2843 2844
f 2815 2844 2816
f 2816 2844 2845
f 2816 2845 2817
f 2817 2845 2846
f 2817 2846 2818
f 2818 2846 2847
f 2818 2847 2819
f 2819 2847 2848
f 2819 2848 2820
f 2820 2848 2849
f 2820 2849 2821
f 2821 2849 2850
f 2821 2850 2822
f 2822 2850 2851
f 2822 2851 2823
f 2823 2851 2852
f 2823 2852 2824
f 2824 2852 2853
f 2824 2853 2825
f 2825 2853 2854
f 2825 2854 2826
f 2826 2854 2855
f 2826 2855 2827
f 2827 2855 2856
f 2827 2856 2828
f 2828 2856 2857
f 2828 2857 2829
f 2829 2857 2858
f 2829 2858 2830
f 2830 2858 2859
f 2830 2859 2831
f 2831 2859 2860
f 2831 2860 2832
f 2832 2860 2833
f 2832 2833 2805
f 2833 2861 2862
f 2833 2862 2834
f 2834 2862 2863
f 2834 2863 2835
f 2835 2863 2864
f 2835 2864 2836
f 2836 2864 2865
f 2836 2865 2837
f 2837 2865 2866
f 2837 2866 2838
f 2838 2866 2867
f 2838 2867 2839
f 2839 2867 2868
f 2839 2868 2840
f 2840 2868 2869
f 2840 2869 2841
f 2841 2869 2870
f 2841 2870 2842
f 2842 2870 2871
f 2842 2871 2843
f 2843 2871 2872
f 2843 2872 2844
f 2844 2872 2873
f 2844 2873 2845
f 2845 2873 2874
f 2845 2874 2846
f 2846 2874 2875
f 2846 2875 2847
f 2847 2875 2876
f 2847 2876 2848
f 2848 2876 2877
f 2848 2877 2849
f 2849 2877 2878
f 2849 2878 2850
f 2850 2878 2879
f 2850 2879 2851
f 2851 2879 2880
f 2851 2880 2852
f 2852 2880 2881
f 2852 2881 2853
f 2853 2881 2882
f 2853 2882 2854
f 2854 2882 2883
f 2854 2883 2855
f 2855 2883 2884
f 2855 2884 2856
f 2856 2884 2885
f 2856 2885 2857
f 2857 2885 2886
f 2857 2886 2858
f 2858 2886 2887
f 2858 2887 2859
f 2859 2887 2888
f 2859 2888 2860
f 2860 2888 2861
f 2860 2861 2833
f 2861 2889 2890
f 2861 2890 2862
f 2862 2890 2891
f 2862 2891 2863
f 2863 2891 2892
f 2863 2892 2864
f 2864 2892 2893
f 2864 2893 2865
f 2865 2893 2894
f 2865 2894 2866
f 2866 2894 2895
f 2866 2895 2867
f 2867 2895 2896
f 2867 2896 2868
f 2868 2896 2897
f 2868 2897 2869
f 2869 2897 2898
f 2869 2898 2870
f 2870 2898 2899
f 2870 2899 2871
f 2871 2899 2900
f 2871 2900 2872
f 2872 2900 2901
f 2872 2901 2873
f 2873 2901 2902
f 2873 2902 2874
f 2874 2902 2903
f 2874 2903 2875
f 2875 2903 2904
f 2875 2904 2876
f 2876 2904 2905
f 2876 2905 2877
f 2877 2905 2906
f 2877 2906 2878
f 2878 2906 2907
f 2878 2907 2879
f 2879 2907 2908
f 2879 2908 2880
f 2880 2908 2909
f 2880 2909 2881
f 2881 2909 2910
f 2881 2910 2882
f 2882 2910 2911
f 2882 2911 2883
f 2883 2911 2912
f 2883 2912 2884
f 2884 2912 2913
f 2884 2913 2885
f 2885 2913 2914
f 2885 2914 2886
f 2886 2914 2915
f 2886 2915 2887
f 2887 2915 2916
f 2887 2916 2888
f 2888 2916 2889
f 2888 2889 2861
f 2889 2917 2918
f 2889 2918 2890
f 2890 2918 2919
f 2890 2919 2891
f 2891 2919 2920
f 2891 2920 2892
f 2892 2920 2921
f 2892 2921 2893
f 2893 2921 2922
f 2893 2922 2894
f 2894 2922 2923
f 2894 2923 2895
f 2895 2923 2924
f 2895 2924 2896
f 2896 2924 2925
f 2896 2925 2897
f 2897 2925 2926
f 2897 2926 2898
f 2898 2926 2927
f 2898 2927 2899
f 2899 2927 2928
f 2899 2928 2900
f 2900 2928 2929
f 2900 2929 2901
f 2901 2929 2930
f 2901 2930 2902
f 2902 2930 2931
f 2902 2931 2903
f 2903 2931 2932
f 2903 2932 2904
f 2904 2932 2933
f 2904 2933 2905
f 2905 2933 2934
f 2905 2934 2906
f 2906 2934 2935
f 2906 2935 2907
f 2907 2935 2936
f 2907 2936 2908
f 2908 2936 2937
f 2908 2937 2909
f 2909 2937 2938
f 2909 2938 2910
f 2910 2938 2939
f 2910 2939 2911
f 2911 2939 2940
f 2911 2940 2912
f 2912 2940 2941
f 2912 2941 2913
f 2913 2941 2942
f 2913 2942 2914
f 2914 2942 2943
f 2914 2943 2915
f 2915 2943 2944
f 2915 2944 2916
f 2916 2944 2917
f 2916 2917 2889
f 2917 2945 2946
f 2917 2946 2918
f 2918 2946 2947
f 2918 2947 2919
f 2919 2947 2948
f 2919 2948 2920
f 2920 2948 2949
f 2920 2949 2921
f 2921 2949 2950
f 2921 2950 2922
f 2922 2950 2951
f 2922 2951 2923
f 2923 2951 2952
f 2923 2952 2924
f 2924 2952 2953
f 2924 2953 2925
f 2925 2953 2954
f 2925 2954 2926
f 2926 2954 2955
f 2926 2955 2927
f 2927 2955 2956
f 2927 2956 2928
f 2928 2956 2957
f 2928 2957 2929
f 2929 2957 2958
f 2929 2958 2930
f 2930 2958 2959
f 2930 2959 2931
f 2931 2959 2960
f 2931 2960 2932
f 2932 2960 2961
f 2932 2961 2933
f 2933 2961 2962
f 2933 2962 2934
f 2934 2962 2963
f 2934 2963 2935
f 2935 2963 2964
f 2935 2964 2936
f 2936 2964 2965
f 2936 2965 2937
f 2937 2965 2966
f 2937 2966 2938
f 2938 2966 2967
f 2938 2967 2939
f 2939 2967 2968
f 2939 2968 2940
f 2940 2968 2969
f 2940 2969 2941
f 2941 2969 2970
f 2941 2970 2942
f 2942 2970 2971
f 2942 2971 2943
f 2943 2971 2972
f 2943 2972 2944
f 2944 2972 2945
f 2944 2945 2917
f 2945 2973 2974
f 2945 2974 2946
f 2946 2974 2975
f 2946 2975 2947
f 2947 2975 2976
f 2947 2976 2948
f 2948 2976 2977
f 2948 2977 2949
f 2949 2977 2978
f 2949 2978 2950
f 2950 2978 2979
f 2950 2979 2951
f 2951 2979 2980
f 2951 2980 2952
f 2952 2980 2981
f 2952 2981 2953
f 2953 2981 2982
f 2953 2982 2954
f 2954 2982 2983
f 2954 2983 2955
f 2955 2983 2984
f 2955 2984 2956
f 2956 2984 2985
f 2956 2985 2957
f 2957 2985 2986
f 2957 2986 2958
f 2958 2986 2987
f 2958 2987 2959
f 2959 2987 2988
f 2959 2988 2960
f 2960 2988 2989
f 2960 2989 2961
f 2961 2989 2990
f 2961 2990 2962
f 2962 2990 2991
f 2962 2991 2963
f 2963 2991 2992
f 2963 2992 2964
f 2964 2992 2993
f 2964 2993 2965
f 2965 2993 2994
f 2965 2994 2966
f 2966 2994 2995
f 2966 2995 2967
f 2967 2995 2996
f 2967 2996 2968
f 2968 2996 2997
f 2968 2997 2969
f 2969 2997 2998
f 2969 2998 2970
f 2970 2998 2999
f 2970 2999 2971
f 2971 2999 3000
f 2971 3000 2972
f 2972 3000 2973
f 2972 2973 2945
f 2973 3001 3002
f 2973 3002 2974
f 2974 3002 3003
f 2974 3003 2975
f 2975 3003 3004
f 2975 3004 2976
f 2976 3004 3005
f 2976 3005 2977
f 2977 3005 3006
f 2977 3006 2978
f 2978 3006 3007
f 2978 3007 2979
f 2979 3007 3008
f 2979 3008 2980
f 2980 3008 3009
f 2980 3009 2981
f 2981 3009 3010
f 2981 3010 2982
f 2982 3010 3011
f 2982 3011 2983
f 2983 3011 3012
f 2983 3012 2984
f 2984 3012 3013
f 2984 3013 2985
f 2985 3013 3014
f 2985 3014 2986
f 2986 3014 3015
f 2986 3015 2987
f 2987 3015 3016
f 2987 3016 2988
f 2988 3016 3017
f 2988 3017 2989
f 2989 3017 3018
f 2989 3018 2990
f 2990 3018 3019
f 2990 3019 2991
f 2991 3019 3020
f 2991 3020 2992
f 2992 3020 3021
f 2992 3021 2993
f 2993 3021 3022
f 2993 3022 2994
f 2994 3022 3023
f 2994 3023 2995
f 2995 3023 3024
f 2995 3024 2996
f 2996 3024 3025
f 2996 3025 2997
f 2997 3025 3026
f 2997 3026 2998
f 2998 3026 3027
f 2998 3027 2999
f 2999 3027 3028
f 2999 3028 3000
f 3000 3028 3001
f 3000 3001 2973
f 3001 3029 3030
f 3001 3030 3002
f 3002 3030 3031
f 3002 3031 3003
f 3003 3031 3032
f 3003 3032 3004
f 3004 3032 3033
f 3004 3033 3005
f 3005 3033 3034
f 3005 3034 3006
f 3006 3034 3035
f 3006 3035 3007
f 3007 3035 3036
f 3007 3036 3008
f 3008 3036 3037
f 3008 3037 3009
f 3009 3037 3038
f 3009 3038 3010
f 3010 3038 3039
f 3010 3039 3011
f 3011 3039 3040
f 3011 3040 3012
f 3012 3040 3041
f 3012 3041 3013
f 3013 3041 3042
f 3013 3042 3014
f 3014 3042 3043
f 3014 3043 3015
f 3015 3043 3044
f 3015 3044 3016
f 3016 3044 3045
f 3016 3045 3017
f 3017 3045 3046
f 3017 3046 3018
f 3018 3046 3047
f 3018 3047 3019
f 3019 3047 3048
f 3019 3048 3020
f 3020 3048 3049
f 3020 3049 3021
f 3021 3049 3050
f 3021 3050 3022
f 3022 3050 3051
f 3022 3051 3023
f 3023 3051 3052
f 3023 3052 3024
f 3024 3052 3053
f 3024 3053 3025
f 3025 3053 3054
f 3025 3054 3026
f 3026 3054 3055
f 3026 3055 3027
f 3027 3055 3056
f 3027 3056 3028
f 3028 3056 3029
f 3028 3029 3001
f 3029 3057 3058
f 3029 3058 3030
f 3030 3058 3059
f 3030 3059 3031
f 3031 3059 3060
f 3031 3060 3032
f 3032 3060 3061
f 3032 3061 3033
f 3033 3061 3062
f 3033 3062 3034
f 3034 3062 3063
f 3034 3063 3035
f 3035 3063 3064
f 3035 3064 3036
f 3036 3064 3065
f 3036 3065 3037
f 3037 3065 3066
f 3037 3066 3038
f 3038 3066 3067
f 3038 3067 3039
f 3039 3067 3068
f 3039 3068 3040
f 3040 3068 3069
f 3040 3069 3041
f 3041 3069 3070
f 3041 3070 3042
f 3042 3070 3071
f 3042 3071 3043
f 3043 3071 3072
f 3043 3072 3044
f 3044 3072 3073
f 3044 3073 3045
f 3045 3073 3074
f 3045 3074 3046
f 3046 3074 3075
f 3046 3075 3047
f 3047 3075 3076
f 3047 3076 3048
f 3048 3076 3077
f 3048 3077 3049
f 3049 3077 3078
f 3049 3078 3050
f 3050 3078 3079
f 3050 3079 3051
f 3051 3079 3080
f 3051 3080 3052
f 3052 3080 3081
f 3052 3081 3053
f 3053 3081 3082
f 3053 3082 3054
f 3054 3082 3083
f 3054 3083 3055
f 3055 3083 3084
f 3055 3084 3056
f 3056 3084 3057
f 3056 3057 3029
f 3057 3085 3086
f 3057 3086 3058
f 3058 3086 3087
f 3058 3087 3059
f 3059 3087 3088
f 3059 3088 3060
f 3060 3088 3089
f 3060 3089 3061
f 3061 3089 3090
f 3061 3090 3062
f 3062 3090 3091
f 3062 3091 3063
f 3063 3091 3092
f 3063 3092 3064
f 3064 3092 3093
f 3064 3093 3065
f 3065 3093 3094
f 3065 3094 3066
f 3066 3094 3095
f 3066 3095 3067
f 3067 3095 3096
f 3067 3096 3068
f 3068 3096 3097
f 3068 3097 3069
f 3069 3097 3098
f 3069 3098 3070
f 3070 3098 3099
f 3070 3099 3071
f 3071 3099 3100
f 3071 3100 3072
f 3072 3100 3101
f 3072 3101 3073
f 3073 3101 3102
f 3073 3102 3074
f 3074 3102 3103
f 3074 3103 3075
f 3075 3103 3104
f 3075 3104 3076
f 3076 3104 3105
f 3076 3105 3077
f 3077 3105 3106
f 3077 3106 3078
f 3078 3106 3107
f 3078 3107 3079
f 3079 3107 3108
f 3079 3108 3080
f 3080 3108 3109
f 3080 3109 3081
f 3081 3109 3110
f 3081 3110 3082
f 3082 3110 3111
f 3082 3111 3083
f 3083 3111 3112
f 3083 3112 3084
f 3084 3112 3085
f 3084 3085 3057
f 3085 3113 3114
f 3085 3114 3086
f 3086 3114 3115
f 3086 3115 3087
f 3087 3115 3116
f 3087 3116 3088
f 3088 3116 3117
f 3088 3117 3089
f 3089 3117 3118
f 3089 3118 3090
f 3090 3118 3119
f 3090 3119 3091
f 3091 3119 3120
f 3091 3120 3092
f 3092 3120 3121
f 3092 3121 3093
f 3093 3121 3122
f 3093 3122 3094
f 3094 3122 3123
f 3094 3123 3095
f 3095 3123 3124
f 3095 3124 3096
f 3096 3124 3125
f 3096 3125 3097
f 3097 3125 3126
f 3097 3126 3098
f 3098 3126 3127
f 3098 3127 3099
f 3099 3127 3128
f 3099 3128 3100
f 3100 3128 3129
f 3100 3129 3101
f 3101 3129 3130
f 3101 3130 3102
f 3102 3130 3131
f 3102 3131 3103
f 3103 3131 3132
f 3103 3132 3104
f 3104 3132 3133
f 3104 3133 3105
f 3105 3133 3134
f 3105 3134 3106
f 3106 3134 3135
f 3106 3135 3107
f 3107 3135 3136
f 3107 3136 3108
f 3108 3136 3137
f 3108 3137 3109
f 3109 3137 3138
f 3109 3138 3110
f 3110 3138 3139
f 3110 3139 3111
f 3111 3139 3140
f 3111 3140 3112
f 3112 3140 3113
f 3112 3113 3085
f 3113 3141 3142
f 3113 3142 3114
f 3114 3142 3143
f 3114 3143 3115
f 3115 3143 3144
f 3115 3144 3116
f 3116 3144 3145
f 3116 3145 3117
f 3117 3145 3146
f 3117 3146 3118
f 3118 3146 3147
f 3118 3147 3119
f 3119 3147 3148
f 3119 3148 3120
f 3120 3148 3149
f 3120 3149 3121
f 3121 3149 3150
f 3121 3150 3122
f 3122 3150 3151
f 3122 3151 3123
f 3123 3151 3152
f 3123 3152 3124
f 3124 3152 3153
f 3124 3153 3125
f 3125 3153 3154
f 3125 3154 3126
f 3126 3154 3155
f 3126 3155 3127
f 3127 3155 3156
f 3127 3156 3128
f 3128 3156 3157
f 3128 3157 3129
f 3129 3157 3158
f 3129 3158 3130
f 3130 3158 3159
f 3130 3159 3131
f 3131 3159 3160
f 3131 3160 3132
f 3132 3160 3161
f 3132 3161 3133
f 3133 3161 3162
f 3133 3162 3134
f 3134 3162 3163
f 3134 3163 3135
f 3135 3163 3164
f 3135 3164 3136
f 3136 3164 3165
f 3136 3165 3137
f 3137 3165 3166
f 3137 3166 3138
f 3138 3166 3167
f 3138 3167 3139
f 3139 3167 3168
f 3139 3168 3140
f 3140 3168 3141
f 3140 3141 3113
f 3141 3169 3170
f 3141 3170 3142
f 3142 3170 3171
f 3142 3171 3143
f 3143 3171 3172
f 3143 3172 3144
f 3144 3172 3173
f 3144 3173 3145
f 3145 3173 3174
f 3145 3174 3146
f 3146 3174 3175
f 3146 3175 3147
f 3147 3175 3176
f 3147 3176 3148
f 3148 3176 3177
f 3148 3177 3149
f 3149 3177 3178
f 3149 3178 3150
f 3150 3178 3179
f 3150 3179 3151
f 3151 3179 3180
f 3151 3180 3152
f 3152 3180 3181
f 3152 3181 3153
f 3153 3181 3182
f 3153 3182 3154
f 3154 3182 3183
f 3154 3183 3155
f 3155 3183 3184
f 3155 3184 3156
f 3156 3184 3185
f 3156 3185 3157
f 3157 3185 3186
f 3157 3186 3158
f 3158 3186 3187
f 3158 3187 3159
f 3159 3187 3188
f 3159 3188 3160
f 3160 3188 3189
f 3160 3189 3161
f 3161 3189 3190
f 3161 3190 3162
f 3162 3190 3191
f 3162 3191 3163
f 3163 3191 3192
f 3163 3192 3164
f 3164 3192 3193
f 3164 3193 3165
f 3165 3193 3194
f 3165 3194 3166
f 3166 3194 3195
f 3166 3195 3167
f 3167 3195 3196
f 3167 3196 3168
f 3168 3196 3169
f 3168 3169 3141
f 3169 3197 3198
f 3169 3198 3170
f 3170 3198 3199
f 3170 3199 3171
f 3171 3199 3200
f 3171 3200 3172
f 3172 3200 3201
f 3172 3201 3173
f 3173 3201 3202
f 3173 3202 3174
f 3174 3202 3203
f 3174 3203 3175
f 3175 3203 3204
f 3175 3204 3176
f 3176 3204 3205
f 3176 3205 3177
f 3177 3205 3206
f 3177 3206 3178
f 3178 3206 3207
f 3178 3207 3179
f 3179 3207 3208
f 3179 3208 3180
f 3180 3208 3209
f 3180 3209 3181
f 3181 3209 3210
f 3181 3210 3182
f 3182 3210 3211
f 3182 3211 3183
f 3183 3211 3212
f 3183 3212 3184
f 3184 3212 3213
f 3184 3213 3185
f 3185 3213 3214
f 3185 3214 3186
f 3186 3214 3215
f 3186 3215 3187
f 3187 3215 3216
f 3187 3216 3188
f 3188 3216 3217
f 3188 3217 3189
f 3189 3217 3218
f 3189 3218 3190
f 3190 3218 3219
f 3190 3219 3191
f 3191 3219 3220
f 3191 3220 3192
f 3192 3220 3221
f 3192 3221 3193
f 3193 3221 3222
f 3193 3222 3194
f 3194 3222 3223
f 3194 3223 3195
f 3195 3223 3224
f 3195 3224 3196
f 3196 3224 3197
f 3196 3197 3169
f 3197 3225 3226
f 3197 3226 3198
f 3198 3226 3227
f 3198 3227 3199
f 3199 3227 3228
f 3199 3228 3200
f 3200 3228 3229
f 3200 3229 3201
f 3201 3229 3230
f 3201 3230 3202
f 3202 3230 3231
f 3202 3231 3203
f 3203 3231 3232
f 3203 3232 3204
f 3204 3232 3233
f 3204 3233 3205
f 3205 3233 3234
f 3205 3234 3206
f 3206 3234 3235
f 3206 3235 3207
f 3207 3235 3236
f 3207 3236 3208
f 3208 3236 3237
f 3208 3237 3209
f 3209 3237 3238
f 3209 3238 3210
f 3210 3238 3239
f 3210 3239 3211
f 3211 3239 3240
f 3211 3240 3212
f 3212 3240 3241
f 3212 3241 3213
f 3213 3241 3242
f 3213 3242 3214
f 3214 3242 3243
f 3214 3243 3215
f 3215 3243 3244
f 3215 3244 3216
f 3216 3244 3245
f 3216 3245 3217
f 3217 3245 3246
f 3217 3246 3218
f 3218 3246 3247
f 3218 3247 3219
f 3219 3247 3248
f 3219 3248 3220
f 3220 3248 3249
f 3220 3249 3221
f 3221 3249 3250
f 3221 3250 3222
f 3222 3250 3251
f 3222 3251 3223
f 3223 3251 3252
f 3223 3252 3224
f 3224 3252 3225
f 3224 3225 3197
f 3225 3253 3254
f 3225 3254 3226
f 3226 3254 3255
f 3226 3255 3227
f 3227 3255 3256
f 3227 3256 3228
f 3228 3256 3257
f 3228 3257 3229
f 3229 3257 3258
f 3229 3258 3230
f 3230 3258 3259
f 3230 3259 3231
f 3231 3259 3260
f 3231 3260 3232
f 3232 3260 3261
f 3232 3261 3233
f 3233 3261 3262
f 3233 3262 3234
f 3234 3262 3263
f 3234 3263 3235
f 3235 3263 3264
f 3235 3264 3236
f 3236 3264 3265
f 3236 3265 3237
f 3237 3265 3266
f 3237 3266 3238
f 3238 3266 3267
f 3238 3267 3239
f 3239 3267 3268
f 3239 3268 3240
f 3240 3268 3269
f 3240 3269 3241
f 3241 3269 3270
f 3241 3270 3242
f 3242 3270 3271
f 3242 3271 3243
f 3243 3271 3272
f 3243 3272 3244
f 3244 3272 3273
f 3244 3273 3245
f 3245 3273 3274
f 3245 3274 3246
f 3246 3274 3275
f 3246 3275 3247
f 3247 3275 3276
f 3247 3276 3248
f 3248 3276 3277
f 3248 3277 3249
f 3249 3277 3278
f 3249 3278 3250
f 3250 3278 3279
f 3250 3279 3251
f 3251 3279 3280
f 3251 3280 3252
f 3252 3280 3253
f 3252 3253 3225
f 3253 3281 3282
f 3253 3282 3254
f 3254 3282 3283
f 3254 3283 3255
f 3255 3283 3284
f 3255 3284 3256
f 3256 3284 3285
f 3256 3285 3257
f 3257 3285 3286
f 3257 3286 3258
f 3258 3286 3287
f 3258 3287 3259
f 3259 3287 3288
f 3259 3288 3260
f 3260 3288 3289
f 3260 3289 3261
f 3261 3289 3290
f 3261 3290 3262
f 3262 3290 3291
f 3262 3291 3263
f 3263 3291 3292
f 3263 3292 3264
f 3264 3292 3293
f 3264 3293 3265
f 3265 3293 3294
f 3265 3294 3266
f 3266 3294 3295
f 3266 3295 3267
f 3267 3295 3296
f 3267 3296 3268
f 3268 3296 3297
f 3268 3297 3269
f 3269 3297 3298
f 3269 3298 3270
f 3270 3298 3299
f 3270 3299 3271
f 3271 3299 3300
f 3271 3300 3272
f 3272 3300 3301
f 3272 3301 3273
f 3273 3301 3302
f 3273 3302 3274
f 3274 3302 3303
f 3274 3303 3275
f 3275 3303 3304
f 3275 3304 3276
f 3276 3304 3305
f 3276 3305 3277
f 3277 3305 3306
f 3277 3306 3278
f 3278 3306 3307
f 3278 3307 3279
f 3279 3307 3308
f 3279 3308 3280
f 3280 3308 3281
f 3280 3281 3253
f 3281 3309 3310
f 3281 3310 3282
f 3282 3310 3311
f 3282 3311 3283
f 3283 3311 3312
f 3283 3312 3284
f 3284 3312 3313
f 3284 3313 3285
f 3285 3313 3314
f 3285 3314 3286
f 3286 3314 3315
f 3286 3315 3287
f 3287 3315 3316
f 3287 3316 3288
f 3288 3316 3317
f 3288 3317 3289
f 3289 3317 3318
f 3289 3318 3290
f 3290 3318 3319
f 3290 3319 3291
f 3291 3319 3320
f 3291 3320 3292
f 3292 3320 3321
f 3292 3321 3293
f 3293 3321 3322
f 3293 3322 3294
f 3294 3322 3323
f 3294 3323 3295
f 3295 3323 3324
f 3295 3324 3296
f 3296 3324 3325
f 3296 3325 3297
f 3297 3325 3326
f 3297 3326 3298
f 3298 3326 3327
f 3298 3327 3299
f 3299 3327 3328
f 3299 3328 3300
f 3300 3328 3329
f 3300 3329 3301
f 3301 3329 3330
f 3301 3330 3302
f 3302 3330 3331
f 3302 3331 3303
f 3303 3331 3332
f 3303 3332 3304
f 3304 3332 3333
f 3304 3333 3305
f 3305 3333 3334
f 3305 3334 3306
f 3306 3334 3335
f 3306 3335 3307
f 3307 3335 3336
f 3307 3336 3308
f 3308 3336 3309
f 3308 3309 3281
f 3309 3337 3338
f 3309 3338 3310
f 3310 3338 3339
f 3310 3339 3311
f 3311 3339 3340
f 3311 3340 3312
f 3312 3340 3341
f 3312 3341 3313
f 3313 3341 3342
f 3313 3342 3314
f 3314 3342 3343
f 3314 3343 3315
f 3315 3343 3344
f 3315 3344 3316
f 3316 3344 3345
f 3316 3345 3317
f 3317 3345 3346
f 3317 3346 3318
f 3318 3346 3347
f 3318 3347 3319
f 3319 3347 3348
f 3319 3348 3320
f 3320 3348 3349
f 3320 3349 3321
f 3321 3349 3350
f 3321 3350 3322
f 3322 3350 3351
f 3322 3351 3323
f 3323 3351 3352
f 3323 3352 3324
f 3324 3352 3353
f 3324 3353 3325
f 3325 3353 3354
f 3325 3354 3326
f 3326 3354 3355
f 3326 3355 3327
f 3327 3355 3356
f 3327 3356 3328
f 3328 3356 3357
f 3328 3357 3329
f 3329 3357 3358
f 3329 3358 3330
f 3330 3358 3359
f 3330 3359 3331
f 3331 3359 3360
f 3331 3360 3332
f 3332 3360 3361
f 3332 3361 3333
f 3333 3361 3362
f 3333 3362 3334
f 3334 3362 3363
f 3334 3363 3335
f 3335 3363 3364
f 3335 3364 3336
f 3336 3364 3337
f 3336 3337 3309
f 3337 3365 3366
f 3337 3366 3338
f 3338 3366 3367
f 3338 3367 3339
f 3339 3367 3368
f 3339 3368 3340
f 3340 3368 3369
f 3340 3369 3341
f 3341 3369 3370
f 3341 3370 3342
f 3342 3370 3371
f 3342 3371 3343
f 3343 3371 3372
f 3343 3372 3344
f 3344 3372 3373
f 3344 3373 3345
f 3345 3373 3374
f 3345 3374 3346
f 3346 3374 3375
f 3346 3375 3347
f 3347 3375 3376
f 3347 3376 3348
f 3348 3376 3377
f 3348 3377 3349
f 3349 3377 3378
f 3349 3378 3350
f 3350 3378 3379
f 3350 3379 3351
f 3351 3379 3380
f 3351 3380 3352
f 3352 3380 3381
f 3352 3381 3353
f 3353 3381 3382
f 3353 3382 3354
f 3354 3382 3383
f 3354 3383 3355
f 3355 3383 3384
f 3355 3384 3356
f 3356 3384 3385
f 3356 3385 3357
f 3357 3385 3386
f 3357 3386 3358
f 3358 3386 3387
f 3358 3387 3359
f 3359 3387 3388
f 3359 3388 3360
f 3360 3388 3389
f 3360 3389 3361
f 3361 3389 3390
f 3361 3390 3362
f 3362 3390 3391
f 3362 3391 3363
f 3363 3391 3392
f 3363 3392 3364
f 3364 3392 3365
f 3364 3365 3337
f 3365 3393 3394
f 3365 3394 3366
f 3366 3394 3395
f 3366 3395 3367
f 3367 3395 3396
f 3367 3396 3368
f 3368 3396 3397
f 3368 3397 3369
f 3369 3397 3398
f 3369 3398 3370
f 3370 3398 3399
f 3370 3399 3371
f 3371 3399 3400
f 3371 3400 3372
f 3372 3400 3401
f 3372 3401 3373
f 3373 3401 3402
f 3373 3402 3374
f 3374 3402 3403
f 3374 3403 3375
f 3375 3403 3404
f 3375 3404 3376
f 3376 3404 3405
f 3376 3405 3377
f 3377 3405 3406
f 3377 3406 3378
f 3378 3406 3407
f 3378 3407 3379
f 3379 3407 3408
f 3379 3408 3380
f 3380 3408 3409
f 3380 3409 3381
f 3381 3409 3410
f 3381 3410 3382
f 3382 3410 3411
f 3382 3411 3383
f 3383 3411 3412
f 3383 3412 3384
f 3384 3412 3413
f 3384 3413 3385
f 3385 3413 3414
f 3385 3414 3386
f 3386 3414 3415
f 3386 3415 3387
f 3387 3415 3416
f 3387 3416 3388
f 3388 3416 3417
f 3388 3417 3389
f 3389 3417 3418
f 3389 3418 3390
f 3390 3418 3419
f 3390 3419 3391
f 3391 3419 3420
f 3391 3420 3392
f 3392 3420 3393
f 3392 3393 3365
f 3393 3421 3422
f 3393 3422 3394
f 3394 3422 3423
f 3394 3423 3395
f 3395 3423 3424
f 3395 3424 3396
f 3396 3424 3425
f 3396 3425 3397
f 3397 3425 3426
f 3397 3426 3398
f 3398 3426 3427
f 3398 3427 3399
f 3399 3427 3428
f 3399 3428 3400
f 3400 3428 3429
f 3400 3429 3401
f 3401 3429 3430
f 3401 3430 3402
f 3402 3430 3431
f 3402 3431 3403
f 3403 3431 3432
f 3403 3432 3404
f 3404 3432 3433
f 3404 3433 3405
f 3405 3433 3434
f 3405 3434 3406
f 3406 3434 3435
f 3406 3435 3407
f 3407 3435 3436
f 3407 3436 3408
f 3408 3436 3437
f 3408 3437 3409
f 3409 3437 3438
f 3409 3438 3410
f 3410 3438 3439
f 3410 3439 3411
f 3411 3439 3440
f 3411 3440 3412
f 3412 3440 3441
f 3412 3441 3413
f 3413 3441 3442
f 3413 3442 3414
f 3414 3442 3443
f 3414 3443 3415
f 3415 3443 3444
f 3415 3444 3416
f 3416 3444 3445
f 3416 3445 3417
f 3417 3445 3446
f 3417 3446 3418
f 3418 3446 3447
f 3418 3447 3419
f 3419 3447 3448
f 3419 3448 3420
f 3420 3448 3421
f 3420 3421 3393
f 3421 3449 3450
f 3421 3450 3422
f 3422 3450 3451
f 3422 3451 3423
f 3423 3451 3452
f 3423 3452 3424
f 3424 3452 3453
f 3424 3453 3425
f 3425 3453 3454
f 3425 3454 3426
f 3426 3454 3455
f 3426 3455 3427
f 3427 3455 3456
f 3427 3456 3428
f 3428 3456 3457
f 3428 3457 3429
f 3429 3457 3458
f 3429 3458 3430
f 3430 3458 3459
f 3430 3459 3431
f 3431 3459 3460
f 3431 3460 3432
f 3432 3460 3461
f 3432 3461 3433
f 3433 3461 3462
f 3433 3462 3434
f 3434 3462 3463
f 3434 3463 3435
f 3435 3463 3464
f 3435 3464 3436
f 3436 3464 3465
f 3436 3465 3437
f 3437 3465 3466
f 3437 3466 3438
f 3438 3466 3467
f 3438 3467 3439
f 3439 3467 3468
f 3439 3468 3440
f 3440 3468 3469
f 3440 3469 3441
f 3441 3469 3470
f 3441 3470 3442
f 3442 3470 3471
f 3442 3471 3443
f 3443 3471 3472
f 3443 3472 3444
f 3444 3472 3473
f 3444 3473 3445
f 3445 3473 3474
f 3445 3474 3446
f 3446 3474 3475
f 3446 3475 3447
f 3447 3475 3476
f 3447 3476 3448
f 3448 3476 3449
f 3448 3449 3421
f 3449 3477 3478
f 3449 3478 3450
f 3450 3478 3479
f 3450 3479 3451
f 3451 3479 3480
f 3451 3480 3452
f 3452 3480 3481
f 3452 3481 3453
f 3453 3481 3482
f 3453 3482 3454
f 3454 3482 3483
f 3454 3483 3455
f 3455 3483 3484
f 3455 3484 3456
f 3456 3484 3485
f 3456 3485 3457
f 3457 3485 3486
f 3457 3486 3458
f 3458 3486 3487
f 3458 3487 3459
f 3459 3487 3488
f 3459 3488 3460
f 3460 3488 3489
f 3460 3489 3461
f 3461 3489 3490
f 3461 3490 3462
f 3462 3490 3491
f 3462 3491 3463
f 3463 3491 3492
f 3463 3492 3464
f 3464 3492 3493
f 3464 3493 3465
f 3465 3493 3494
f 3465 3494 3466
f 3466 3494 3495
f 3466 3495 3467
f 3467 3495 3496
f 3467 3496 3468
f 3468 3496 3497
f 3468 3497 3469
f 3469 3497 3498
f 3469 3498 3470
f 3470 3498 3499
f 3470 3499 3471
f 3471 3499 3500
f 3471 3500 3472
f 3472 3500 3501
f 3472 3501 3473
f 3473 3501 3502
f 3473 3502 3474
f 3474 3502 3503
f 3474 3503 3475
f 3475 3503 3504
f 3475 3504 3476
f 3476 3504 3477
f 3476 3477 3449
f 3477 3505 3506
f 3477 3506 3478
f 3478 3506 3507
f 3478 3507 3479
f 3479 3507 3508
f 3479 3508 3480
f 3480 3508 3509
f 3480 3509 3481
f 3481 3509 3510
f 3481 3510 3482
f 3482 3510 3511
f 3482 3511 3483
f 3483 3511 3512
f 3483 3512 3484
f 3484 3512 3513
f 3484 3513 3485
f 3485 3513 3514
f 3485 3514 3486
f 3486 3514 3515
f 3486 3515 3487
f 3487 3515 3516
f 3487 3516 3488
f 3488 3516 3517
f 3488 3517 3489
f 3489 3517 3518
f 3489 3518 3490
f 3490 3518 3519
f 3490 3519 3491
f 3491 3519 3520
f 3491 3520 3492
f 3492 3520 3521
f 3492 3521 3493
f 3493 3521 3522
f 3493 3522 3494
f 3494 3522 3523
f 3494 3523 3495
f 3495 3523 3524
f 3495 3524 3496
f 3496 3524 3525
f 3496 3525 3497
f 3497 3525 3526
f 3497 3526 3498
f 3498 3526 3527
f 3498 3527 3499
f 3499 3527 3528
f 3499 3528 3500
f 3500 3528 3529
f 3500 3529 3501
f 3501 3529 3530
f 3501 3530 3502
f 3502 3530 3531
f 3502 3531 3503
f 3503 3531 3532
f 3503 3532 3504
f 3504 3532 3505
f 3504 3505 3477
f 3533 2806 2805
f 3533 2807 2806
f 3533 2808 2807
f 3533 2809 2808
f 3533 2810 2809
f 3533 2811 2810
f 3533 2812 2811
f 3533 2813 2812
f 3533 2814 2813
f 3533 2815 2814
f 3533 2816 2815
f 3533 2817 2816
f 3533 2818 2817
f 3533 2819 2818
f 3533 2820 2819
f 3533 2821 2820
f 3533 2822 2821
f 3533 2823 2822
f 3533 2824 2823
f 3533 2825 2824
f 3533 2826 2825
f 3533 2827 2826
f 3533 2828 2827
f 3533 2829 2828
f 3533 2830 2829
f 3533 2831 2830
f 3533 2832 2831
f 3533 2805 2832
f 3534 3505 3506
f 3534 3506 3507
f 3534 3507 3508
f 3534 3508 3509
f 3534 3509 3510
f 3534 3510 3511
f 3534 3511 3512
f 3534 3512 3513
f 3534 3513 3514
f 3534 3514 3515
f 3534 3515 3516
f 3534 3516 3517
f 3534 3517 3518
f 3534 3518 3519
f 3534 3519 3520
f 3534 3520 3521
f 3534 3521 3522
f 3534 3522 3523
f 3534 3523 3524
f 3534 3524 3525
f 3534 3525 3526
f 3534 3526 3527
f 3534 3527 3528
f 3534 3528 3529
f 3534 3529 3530
f 3534 3530 3531
f 3534 3531 3532
f 3534 3532 3505
o placas_base
f 3535 3537 3541
f 3535 3541 3539
f 3536 3540 3542
f 3536 3542 3538
f 3535 3539 3540
f 3535 3540 3536
f 3537 3538 3542
f 3537 3542 3541
f 3535 3536 3538
f 3535 3538 3537
f 3539 3541 3542
f 3539 3542 3540
f 3543 3545 3549
f 3543 3549 3547
f 3544 3548 3550
f 3544 3550 3546
f 3543 3547 3548
f 3543 3548 3544
f 3545 3546 3550
f 3545 3550 3549
f 3543 3544 3546
f 3543 3546 3545
f 3547 3549 3550
f 3547 3550 3548
f 3551 3553 3557
f 3551 3557 3555
f 3552 3556 3558
f 3552 3558 3554
f 3551 3555 3556
f 3551 3556 3552
f 3553 3554 3558
f 3553 3558 3557
f 3551 3552 3554
f 3551 3554 3553
f 3555 3557 3558
f 3555 3558 3556
f 3559 3561 3565
f 3559 3565 3563
f 3560 3564 3566
f 3560 3566 3562
f 3559 3563 3564
f 3559 3564 3560
f 3561 3562 3566
f 3561 3566 3565
f 3559 3560 3562
f 3559 3562 3561
f 3563 3565 3566
f 3563 3566 3564
o refuerzo_horizontal
f 3567 3569 3573
f 3567 3573 3571
f 3568 3572 3574
f 3568 3574 3570
f 3567 3571 3572
f 3567 3572 3568
f 3569 3570 3574
f 3569 3574 3573
f 3567 3568 3570
f 3567 3570 3569
f 3571 3573 3574
f 3571 3574 3572
