v -660.00 24.06 2.04
v -663.78 23.76 2.08
v -667.46 22.88 2.06
v -670.96 21.43 2.00
v -674.19 19.45 1.89
v -677.07 16.99 1.73
v -679.53 14.12 1.53
v -681.51 10.89 1.29
v -682.96 7.40 1.02
v -683.85 3.73 0.72
v -684.15 -0.03 0.41
v -683.85 -3.80 0.08
v -682.96 -7.47 -0.24
v -681.51 -10.96 -0.56
v -679.53 -14.17 -0.87
v -677.07 -17.04 -1.16
v -674.19 -19.49 -1.41
v -670.96 -21.46 -1.63
v -667.46 -22.90 -1.81
v -663.78 -23.77 -1.95
v -660.00 -24.06 -2.04
v -656.22 -23.76 -2.08
v -652.54 -22.88 -2.06
v -649.04 -21.43 -2.00
v -645.81 -19.45 -1.89
v -642.93 -16.99 -1.73
v -640.47 -14.12 -1.53
v -638.49 -10.89 -1.29
v -637.04 -7.40 -1.02
v -636.15 -3.73 -0.72
v -635.85 0.03 -0.41
v -636.15 3.80 -0.08
v -637.04 7.47 0.24
v -638.49 10.96 0.56
v -640.47 14.17 0.87
v -642.93 17.04 1.16
v -645.81 19.49 1.41
v -649.04 21.46 1.63
v -652.54 22.90 1.81
v -656.22 23.77 1.95
v -648.31 -34.52 693.29
v -652.09 -34.82 693.33
v -655.77 -35.71 693.31
v -659.27 -37.16 693.25
v -662.51 -39.13 693.14
v -665.39 -41.59 692.98
v -667.85 -44.46 692.78
v -669.83 -47.69 692.54
v -671.28 -51.18 692.26
v -672.16 -54.85 691.97
v -672.46 -58.61 691.65
v -672.16 -62.38 691.33
v -671.28 -66.05 691.00
v -669.83 -69.54 690.68
v -667.85 -72.75 690.38
v -665.39 -75.62 690.09
v -662.51 -78.07 689.84
v -659.27 -80.04 689.62
v -655.77 -81.48 689.43
v -652.09 -82.35 689.30
v -648.31 -82.64 689.21
v -644.53 -82.34 689.17
v -640.85 -81.46 689.18
v -637.35 -80.01 689.25
v -634.12 -78.03 689.36
v -631.24 -75.57 689.52
v -628.78 -72.70 689.72
v -626.80 -69.47 689.96
v -625.35 -65.98 690.23
v -624.46 -62.31 690.53
v -624.17 -58.55 690.84
v -624.46 -54.78 691.17
v -625.35 -51.11 691.49
v -626.80 -47.63 691.81
v -628.78 -44.41 692.12
v -631.24 -41.54 692.40
v -634.12 -39.09 692.66
v -637.35 -37.12 692.88
v -640.85 -35.68 693.06
v -644.53 -34.81 693.20
v -648.28 -34.62 694.53
v -652.05 -34.93 694.63
v -655.74 -35.82 694.67
v -659.23 -37.27 694.66
v -662.46 -39.26 694.60
v -665.34 -41.72 694.48
v -667.80 -44.59 694.32
v -669.78 -47.82 694.11
v -671.23 -51.31 693.86
v -672.12 -54.99 693.58
v -672.41 -58.75 693.27
v -672.12 -62.52 692.94
v -671.23 -66.18 692.60
v -669.78 -69.67 692.26
v -667.80 -72.88 691.92
v -665.34 -75.75 691.60
v -662.46 -78.19 691.30
v -659.23 -80.16 691.03
v -655.74 -81.59 690.79
v -652.05 -82.46 690.60
v -648.28 -82.75 690.45
v -644.50 -82.44 690.36
v -640.82 -81.55 690.31
v -637.32 -80.10 690.32
v -634.09 -78.11 690.38
v -631.21 -75.65 690.50
v -628.75 -72.78 690.66
v -626.77 -69.55 690.87
v -625.32 -66.06 691.12
v -624.44 -62.39 691.40
v -624.14 -58.62 691.71
v -624.44 -54.86 692.04
v -625.32 -51.19 692.38
v -626.77 -47.70 692.72
v -628.75 -44.49 693.06
v -631.21 -41.62 693.38
v -634.09 -39.18 693.68
v -637.32 -37.21 693.96
v -640.82 -35.78 694.19
v -644.50 -34.91 694.38
v -648.23 -34.73 695.77
v -652.01 -35.04 695.90
v -655.69 -35.93 695.97
v -659.19 -37.39 695.99
v -662.42 -39.37 695.95
v -665.29 -41.83 695.86
v -667.75 -44.71 695.71
v -669.73 -47.94 695.52
v -671.18 -51.43 695.28
v -672.06 -55.11 695.01
v -672.36 -58.87 694.70
v -672.06 -62.64 694.37
v -671.18 -66.30 694.02
v -669.73 -69.79 693.67
v -667.75 -73.00 693.32
v -665.29 -75.86 692.97
v -662.42 -78.31 692.65
v -659.19 -80.27 692.35
v -655.69 -81.70 692.09
v -652.01 -82.57 691.87
v -648.23 -82.85 691.69
v -644.46 -82.55 691.57
v -640.77 -81.65 691.50
v -637.28 -80.19 691.48
v -634.05 -78.21 691.52
v -631.17 -75.75 691.61
v -628.71 -72.87 691.76
v -626.73 -69.64 691.95
v -625.28 -66.15 692.19
v -624.40 -62.47 692.46
v -624.10 -58.71 692.77
v -624.40 -54.95 693.10
v -625.28 -51.28 693.45
v -626.73 -47.79 693.80
v -628.71 -44.58 694.15
v -631.17 -41.72 694.49
v -634.05 -39.28 694.82
v -637.28 -37.31 695.11
v -640.77 -35.88 695.38
v -644.46 -35.01 695.60
v -648.18 -34.83 697.02
v -651.95 -35.14 697.17
v -655.63 -36.04 697.27
v -659.13 -37.50 697.32
v -662.36 -39.49 697.30
v -665.23 -41.95 697.23
v -667.69 -44.83 697.11
v -669.67 -48.06 696.93
v -671.12 -51.55 696.70
v -672.00 -55.23 696.43
v -672.30 -58.99 696.13
v -672.00 -62.76 695.79
v -671.12 -66.43 695.44
v -669.67 -69.91 695.08
v -667.69 -73.12 694.71
v -665.23 -75.98 694.35
v -662.36 -78.42 694.00
v -659.13 -80.38 693.68
v -655.63 -81.81 693.39
v -651.95 -82.68 693.14
v -648.18 -82.96 692.94
v -644.40 -82.65 692.78
v -640.72 -81.75 692.68
v -637.23 -80.29 692.64
v -634.00 -78.31 692.65
v -631.12 -75.84 692.72
v -628.66 -72.96 692.85
v -626.68 -69.73 693.03
v -625.23 -66.24 693.25
v -624.35 -62.56 693.52
v -624.05 -58.80 693.83
v -624.35 -55.04 694.16
v -625.23 -51.37 694.51
v -626.68 -47.88 694.88
v -628.66 -44.67 695.24
v -631.12 -41.81 695.61
v -634.00 -39.37 695.95
v -637.23 -37.41 696.27
v -640.72 -35.98 696.56
v -644.40 -35.11 696.81
v -648.11 -34.94 698.26
v -651.88 -35.25 698.44
v -655.56 -36.15 698.57
v -659.06 -37.61 698.64
v -662.29 -39.60 698.65
v -665.16 -42.07 698.60
v -667.62 -44.95 698.50
v -669.60 -48.18 698.33
v -671.04 -51.67 698.12
v -671.93 -55.35 697.86
v -672.22 -59.11 697.55
v -671.93 -62.88 697.22
v -671.04 -66.55 696.86
v -669.60 -70.03 696.48
v -667.62 -73.24 696.10
v -665.16 -76.10 695.72
v -662.29 -78.54 695.35
v -659.06 -80.49 695.01
v -655.56 -81.92 694.69
v -651.88 -82.79 694.41
v -648.11 -83.07 694.18
v -644.34 -82.75 693.99
v -640.66 -81.85 693.87
v -637.17 -80.39 693.79
v -633.94 -78.40 693.78
v -631.06 -75.94 693.83
v -628.60 -73.05 693.94
v -626.63 -69.83 694.10
v -625.18 -66.33 694.32
v -624.30 -62.65 694.58
v -624.00 -58.89 694.88
v -624.30 -55.13 695.22
v -625.18 -51.46 695.58
v -626.63 -47.98 695.95
v -628.60 -44.77 696.34
v -631.06 -41.91 696.72
v -633.94 -39.47 697.08
v -637.17 -37.51 697.43
v -640.66 -36.08 697.74
v -644.34 -35.22 698.02
v -648.04 -35.04 699.50
v -651.81 -35.36 699.71
v -655.49 -36.26 699.87
v -658.98 -37.72 699.97
v -662.20 -39.71 700.00
v -665.08 -42.18 699.98
v -667.54 -45.07 699.89
v -669.51 -48.30 699.74
v -670.96 -51.79 699.54
v -671.84 -55.47 699.28
v -672.14 -59.24 698.98
v -671.84 -63.00 698.64
v -670.96 -66.67 698.28
v -669.51 -70.15 697.89
v -667.54 -73.36 697.49
v -665.08 -76.21 697.09
v -662.20 -78.65 696.70
v -658.98 -80.61 696.33
v -655.49 -82.03 695.99
v -651.81 -82.89 695.68
v -648.04 -83.17 695.42
v -644.27 -82.85 695.21
v -640.59 -81.95 695.05
v -637.10 -80.49 694.95
v -633.87 -78.50 694.91
v -631.00 -76.03 694.94
v -628.54 -73.15 695.03
v -626.56 -69.92 695.18
v -625.12 -66.42 695.38
v -624.23 -62.74 695.64
v -623.94 -58.98 695.94
v -624.23 -55.21 696.27
v -625.12 -51.55 696.64
v -626.56 -48.07 697.03
v -628.54 -44.86 697.43
v -631.00 -42.00 697.82
v -633.87 -39.56 698.21
v -637.10 -37.61 698.59
v -640.59 -36.18 698.93
v -644.27 -35.32 699.24
v -647.95 -35.15 700.74
v -651.72 -35.47 700.98
v -655.40 -36.37 701.17
v -658.89 -37.84 701.29
v -662.11 -39.83 701.35
v -664.99 -42.30 701.35
v -667.44 -45.18 701.28
v -669.42 -48.42 701.15
v -670.86 -51.91 700.95
v -671.75 -55.59 700.71
v -672.04 -59.36 700.41
v -671.75 -63.12 700.07
v -670.86 -66.79 699.69
v -669.42 -70.27 699.30
v -667.44 -73.47 698.88
v -664.99 -76.33 698.47
v -662.11 -78.76 698.05
v -658.89 -80.72 697.66
v -655.40 -82.14 697.29
v -651.72 -83.00 696.95
v -647.95 -83.28 696.66
v -644.19 -82.96 696.42
v -640.51 -82.05 696.23
v -637.02 -80.59 696.11
v -633.80 -78.59 696.05
v -630.92 -76.13 696.05
v -628.47 -73.24 696.12
v -626.49 -70.01 696.25
v -625.04 -66.51 696.45
v -624.16 -62.83 696.69
v -623.87 -59.07 696.99
v -624.16 -55.30 697.33
v -625.04 -51.64 697.71
v -626.49 -48.16 698.10
v -628.47 -44.95 698.52
v -630.92 -42.09 698.93
v -633.80 -39.66 699.35
v -637.02 -37.71 699.74
v -640.51 -36.28 700.11
v -644.19 -35.42 700.45
v -647.86 -35.25 701.98
v -651.63 -35.57 702.25
v -655.30 -36.48 702.46
v -658.79 -37.95 702.62
v -662.01 -39.94 702.70
v -664.88 -42.41 702.72
v -667.34 -45.30 702.67
v -669.31 -48.54 702.55
v -670.76 -52.03 702.37
v -671.64 -55.71 702.13
v -671.94 -59.48 701.83
v -671.64 -63.24 701.49
v -670.76 -66.91 701.11
v -669.31 -70.38 700.70
v -667.34 -73.59 700.27
v -664.88 -76.45 699.84
v -662.01 -78.88 699.40
v -658.79 -80.83 698.98
v -655.30 -82.25 698.59
v -651.63 -83.11 698.22
v -647.86 -83.38 697.90
v -644.09 -83.06 697.63
v -640.42 -82.15 697.41
v -636.93 -80.69 697.26
v -633.71 -78.69 697.18
v -630.84 -76.22 697.16
v -628.38 -73.33 697.21
v -626.41 -70.10 697.33
v -624.96 -66.60 697.51
v -624.08 -62.92 697.75
v -623.79 -59.16 698.05
v -624.08 -55.39 698.39
v -624.96 -51.73 698.77
v -626.41 -48.25 699.18
v -628.38 -45.04 699.61
v -630.84 -42.19 700.04
v -633.71 -39.75 700.48
v -636.93 -37.80 700.90
v -640.42 -36.38 701.29
v -644.09 -35.52 701.66
v -647.76 -35.36 703.22
v -651.52 -35.68 703.52
v -655.19 -36.59 703.76
v -658.68 -38.06 703.94
v -661.90 -40.06 704.05
v -664.77 -42.53 704.09
v -667.22 -45.42 704.06
v -669.20 -48.65 703.96
v -670.64 -52.15 703.79
v -671.52 -55.83 703.55
v -671.82 -59.60 703.26
v -671.52 -63.36 702.91
v -670.64 -67.03 702.53
v -669.20 -70.50 702.11
v -667.22 -73.71 701.66
v -664.77 -76.56 701.21
v -661.90 -78.99 700.75
v -658.68 -80.94 700.31
v -655.19 -82.36 699.88
v -651.52 -83.22 699.49
v -647.76 -83.49 699.14
v -643.99 -83.16 698.84
v -640.32 -82.25 698.60
v -636.84 -80.78 698.42
v -633.62 -78.79 698.31
v -630.75 -76.31 698.27
v -628.29 -73.42 698.30
v -626.32 -70.19 698.40
v -624.88 -66.69 698.57
v -623.99 -63.01 698.81
v -623.70 -59.25 699.10
v -623.99 -55.48 699.44
v -624.88 -51.82 699.83
v -626.32 -48.34 700.25
v -628.29 -45.14 700.69
v -630.75 -42.28 701.15
v -633.62 -39.85 701.61
v -636.84 -37.90 702.05
v -640.32 -36.48 702.48
v -643.99 -35.63 702.87
v -647.65 -35.46 704.46
v -651.41 -35.79 704.79
v -655.07 -36.70 705.06
v -658.56 -38.17 705.26
v -661.78 -40.17 705.40
v -664.65 -42.65 705.46
v -667.10 -45.54 705.45
v -669.07 -48.77 705.36
v -670.51 -52.27 705.20
v -671.39 -55.95 704.97
v -671.69 -59.72 704.68
v -671.39 -63.48 704.34
v -670.51 -67.15 703.94
v -669.07 -70.62 703.51
v -667.10 -73.83 703.05
v -664.65 -76.68 702.58
v -661.78 -79.11 702.10
v -658.56 -81.05 701.63
v -655.07 -82.47 701.18
v -651.41 -83.32 700.76
v -647.65 -83.59 700.38
v -643.88 -83.26 700.05
v -640.22 -82.35 699.78
v -636.73 -80.88 699.57
v -633.51 -78.88 699.44
v -630.64 -76.41 699.37
v -628.19 -73.52 699.39
v -626.22 -70.28 699.47
v -624.78 -66.78 699.63
v -623.90 -63.10 699.86
v -623.60 -59.33 700.15
v -623.90 -55.57 700.50
v -624.78 -51.91 700.89
v -626.22 -48.43 701.32
v -628.19 -45.23 701.78
v -630.64 -42.38 702.26
v -633.51 -39.95 702.74
v -636.73 -38.00 703.21
v -640.22 -36.58 703.66
v -643.88 -35.73 704.08
v -647.52 -35.57 705.69
v -651.28 -35.90 706.05
v -654.95 -36.81 706.35
v -658.43 -38.29 706.58
v -661.64 -40.29 706.74
v -664.51 -42.76 706.83
v -666.96 -45.66 706.84
v -668.93 -48.89 706.76
v -670.37 -52.39 706.62
v -671.25 -56.07 706.39
v -671.55 -59.84 706.11
v -671.25 -63.60 705.76
v -670.37 -67.27 705.35
v -668.93 -70.74 704.91
v -666.96 -73.94 704.44
v -664.51 -76.79 703.95
v -661.64 -79.22 703.44
v -658.43 -81.17 702.95
v -654.95 -82.58 702.47
v -651.28 -83.43 702.02
v -647.52 -83.70 701.62
v -643.76 -83.37 701.26
v -640.10 -82.45 700.96
v -636.62 -80.98 700.72
v -633.40 -78.98 700.56
v -630.54 -76.50 700.48
v -628.09 -73.61 700.47
v -626.12 -70.37 700.54
v -624.67 -66.87 700.69
v -623.79 -63.19 700.91
v -623.50 -59.42 701.20
v -623.79 -55.66 701.55
v -624.67 -52.00 701.95
v -626.12 -48.52 702.40
v -628.09 -45.32 702.87
v -630.54 -42.47 703.36
v -633.40 -40.04 703.86
v -636.62 -38.10 704.36
v -640.10 -36.68 704.84
v -643.76 -35.83 705.29
v -647.39 -35.67 706.93
v -651.15 -36.00 707.32
v -654.81 -36.92 707.64
v -658.29 -38.40 707.90
v -661.50 -40.40 708.09
v -664.36 -42.88 708.20
v -666.81 -45.77 708.22
v -668.78 -49.01 708.17
v -670.22 -52.51 708.03
v -671.10 -56.19 707.81
v -671.40 -59.96 707.53
v -671.10 -63.72 707.18
v -670.22 -67.39 706.77
v -668.78 -70.86 706.31
v -666.81 -74.06 705.82
v -664.36 -76.91 705.31
v -661.50 -79.34 704.79
v -658.29 -81.28 704.27
v -654.81 -82.69 703.77
v -651.15 -83.54 703.29
v -647.39 -83.80 702.85
v -643.64 -83.47 702.46
v -639.97 -82.55 702.14
v -636.49 -81.08 701.88
v -633.28 -79.07 701.69
v -630.42 -76.59 701.58
v -627.97 -73.70 701.56
v -626.00 -70.46 701.62
v -624.56 -66.96 701.75
v -623.68 -63.28 701.97
v -623.39 -59.51 702.25
v -623.68 -55.75 702.61
v -624.56 -52.09 703.01
v -626.00 -48.61 703.47
v -627.97 -45.41 703.96
v -630.42 -42.56 704.47
v -633.28 -40.14 704.99
v -636.49 -38.19 705.51
v -639.97 -36.78 706.02
v -643.64 -35.93 706.49
v -647.25 -35.78 708.17
v -651.00 -36.11 708.58
v -654.66 -37.03 708.94
v -658.14 -38.51 709.22
v -661.35 -40.51 709.43
v -664.21 -42.99 709.56
v -666.65 -45.89 709.61
v -668.62 -49.13 709.57
v -670.06 -52.63 709.44
v -670.94 -56.31 709.23
v -671.23 -60.08 708.95
v -670.94 -63.84 708.59
v -670.06 -67.50 708.18
v -668.62 -70.98 707.71
v -666.65 -74.18 707.21
v -664.21 -77.03 706.68
v -661.35 -79.45 706.13
v -658.14 -81.39 705.59
v -654.66 -82.80 705.06
v -651.00 -83.65 704.55
v -647.25 -83.90 704.09
v -643.50 -83.57 703.67
v -639.84 -82.65 703.31
v -636.36 -81.17 703.03
v -633.15 -79.17 702.82
v -630.29 -76.69 702.69
v -627.85 -73.79 702.64
v -625.88 -70.55 702.69
v -624.44 -67.05 702.81
v -623.56 -63.37 703.02
v -623.27 -59.60 703.30
v -623.56 -55.84 703.66
v -624.44 -52.18 704.07
v -625.88 -48.70 704.54
v -627.85 -45.50 705.04
v -630.29 -42.66 705.57
v -633.15 -40.23 706.12
v -636.36 -38.29 706.66
v -639.84 -36.88 707.19
v -643.50 -36.04 707.70
v -647.10 -35.88 709.40
v -650.85 -36.22 709.84
v -654.50 -37.14 710.23
v -657.98 -38.62 710.54
v -661.18 -40.63 710.78
v -664.04 -43.11 710.93
v -666.48 -46.01 710.99
v -668.45 -49.25 710.96
v -669.89 -52.75 710.85
v -670.76 -56.43 710.65
v -671.06 -60.20 710.37
v -670.76 -63.96 710.01
v -669.89 -67.62 709.59
v -668.45 -71.10 709.11
v -666.48 -74.30 708.59
v -664.04 -77.14 708.04
v -661.18 -79.56 707.48
v -657.98 -81.50 706.91
v -654.50 -82.91 706.35
v -650.85 -83.75 705.82
v -647.10 -84.01 705.32
v -643.35 -83.67 704.88
v -639.69 -82.75 704.49
v -636.22 -81.27 704.18
v -633.01 -79.26 703.94
v -630.16 -76.78 703.79
v -627.71 -73.88 703.73
v -625.75 -70.64 703.76
v -624.31 -67.14 703.87
v -623.43 -63.46 704.07
v -623.14 -59.69 704.35
v -623.43 -55.93 704.71
v -624.31 -52.27 705.13
v -625.75 -48.79 705.61
v -627.71 -45.60 706.13
v -630.16 -42.75 706.68
v -633.01 -40.33 707.24
v -636.22 -38.39 707.81
v -639.69 -36.98 708.37
v -643.35 -36.14 708.90
v -646.94 -35.99 710.63
v -650.68 -36.33 711.11
v -654.33 -37.25 711.52
v -657.80 -38.73 711.86
v -661.01 -40.74 712.12
v -663.86 -43.23 712.29
v -666.30 -46.12 712.37
v -668.27 -49.37 712.36
v -669.70 -52.87 712.26
v -670.58 -56.55 712.06
v -670.87 -60.32 711.78
v -670.58 -64.08 711.43
v -669.70 -67.74 711.00
v -668.27 -71.22 710.51
v -666.30 -74.41 709.98
v -663.86 -77.26 709.41
v -661.01 -79.68 708.82
v -657.80 -81.61 708.22
v -654.33 -83.02 707.64
v -650.68 -83.86 707.08
v -646.94 -84.11 706.55
v -643.19 -83.78 706.08
v -639.54 -82.85 705.67
v -636.07 -81.37 705.33
v -632.87 -79.36 705.07
v -630.01 -76.87 704.89
v -627.57 -73.98 704.81
v -625.61 -70.73 704.82
v -624.17 -67.23 704.93
v -623.30 -63.55 705.12
v -623.00 -59.78 705.40
v -623.30 -56.02 705.76
v -624.17 -52.36 706.19
v -625.61 -48.88 706.68
v -627.57 -45.69 707.21
v -630.01 -42.84 707.78
v -632.87 -40.42 708.37
v -636.07 -38.49 708.96
v -639.54 -37.08 709.55
v -643.19 -36.24 710.11
v -646.77 -36.09 711.86
v -650.51 -36.43 712.37
v -654.16 -37.36 712.81
v -657.62 -38.84 713.17
v -660.82 -40.85 713.46
v -663.68 -43.34 713.65
v -666.11 -46.24 713.75
v -668.07 -49.48 713.76
v -669.51 -52.99 713.67
v -670.38 -56.67 713.48
v -670.68 -60.44 713.20
v -670.38 -64.20 712.84
v -669.51 -67.86 712.40
v -668.07 -71.33 711.91
v -666.11 -74.53 711.36
v -663.68 -77.37 710.77
v -660.82 -79.79 710.16
v -657.62 -81.73 709.54
v -654.16 -83.13 708.93
v -650.51 -83.97 708.34
v -646.77 -84.22 707.79
v -643.03 -83.88 707.28
v -639.38 -82.95 706.84
v -635.91 -81.47 706.48
v -632.71 -79.45 706.19
v -629.86 -76.97 706.00
v -627.42 -74.07 705.90
v -625.46 -70.82 705.89
v -624.03 -67.32 705.98
v -623.15 -63.64 706.17
v -622.86 -59.87 706.45
v -623.15 -56.11 706.81
v -624.03 -52.45 707.24
v -625.46 -48.98 707.74
v -627.42 -45.78 708.29
v -629.86 -42.94 708.88
v -632.71 -40.52 709.49
v -635.91 -38.58 710.11
v -639.38 -37.18 710.72
v -643.03 -36.34 711.31
v -646.59 -36.20 713.09
v -650.32 -36.54 713.63
v -653.97 -37.47 714.09
v -657.43 -38.95 714.49
v -660.63 -40.97 714.80
v -663.48 -43.46 715.01
v -665.91 -46.36 715.13
v -667.87 -49.60 715.15
v -669.30 -53.11 715.07
v -670.18 -56.79 714.89
v -670.47 -60.56 714.62
v -670.18 -64.32 714.25
v -669.30 -67.98 713.81
v -667.87 -71.45 713.30
v -665.91 -74.65 712.74
v -663.48 -77.49 712.13
v -660.63 -79.90 711.50
v -657.43 -81.84 710.85
v -653.97 -83.24 710.22
v -650.32 -84.07 709.60
v -646.59 -84.32 709.02
v -642.85 -83.98 708.48
v -639.21 -83.05 708.02
v -635.74 -81.56 707.62
v -632.55 -79.55 707.31
v -629.70 -77.06 707.10
v -627.27 -74.16 706.98
v -625.31 -70.91 706.96
v -623.87 -67.41 707.04
v -623.00 -63.73 707.22
v -622.70 -59.96 707.50
v -623.00 -56.20 707.86
v -623.87 -52.54 708.30
v -625.31 -49.07 708.81
v -627.27 -45.87 709.37
v -629.70 -43.03 709.98
v -632.55 -40.61 710.61
v -635.74 -38.68 711.26
v -639.21 -37.28 711.89
v -642.85 -36.44 712.51
v -646.40 -36.30 714.32
v -650.13 -36.65 714.88
v -653.77 -37.58 715.38
v -657.23 -39.07 715.80
v -660.42 -41.08 716.13
v -663.27 -43.57 716.37
v -665.70 -46.48 716.51
v -667.65 -49.72 716.55
v -669.09 -53.23 716.48
v -669.96 -56.91 716.30
v -670.25 -60.68 716.03
v -669.96 -64.44 715.66
v -669.09 -68.10 715.21
v -667.65 -71.57 714.69
v -665.70 -74.76 714.11
v -663.27 -77.60 713.49
v -660.42 -80.02 712.83
v -657.23 -81.95 712.17
v -653.77 -83.35 711.50
v -650.13 -84.18 710.86
v -646.40 -84.43 710.24
v -642.67 -84.08 709.68
v -639.03 -83.15 709.19
v -635.57 -81.66 708.77
v -632.38 -79.64 708.43
v -629.53 -77.15 708.19
v -627.10 -74.25 708.06
v -625.14 -71.01 708.02
v -623.71 -67.50 708.09
v -622.84 -63.81 708.27
v -622.54 -60.05 708.54
v -622.84 -56.29 708.90
v -623.71 -52.63 709.35
v -625.14 -49.16 709.87
v -627.10 -45.96 710.45
v -629.53 -43.12 711.08
v -632.38 -40.71 711.73
v -635.57 -38.78 712.40
v -639.03 -37.38 713.07
v -642.67 -36.55 713.71
v -646.20 -36.40 715.55
v -649.93 -36.75 716.14
v -653.56 -37.68 716.66
v -657.02 -39.18 717.11
v -660.20 -41.19 717.47
v -663.05 -43.69 717.73
v -665.48 -46.59 717.89
v -667.43 -49.84 717.94
v -668.86 -53.35 717.88
v -669.73 -57.03 717.71
v -670.03 -60.80 717.44
v -669.73 -64.56 717.07
v -668.86 -68.22 716.62
v -667.43 -71.69 716.09
v -665.48 -74.88 715.49
v -663.05 -77.72 714.85
v -660.20 -80.13 714.17
v -657.02 -82.06 713.48
v -653.56 -83.46 712.79
v -649.93 -84.29 712.11
v -646.20 -84.53 711.47
v -642.47 -84.18 710.88
v -638.84 -83.25 710.36
v -635.38 -81.76 709.91
v -632.19 -79.74 709.55
v -629.35 -77.25 709.29
v -626.92 -74.34 709.13
v -624.97 -71.10 709.09
v -623.54 -67.59 709.15
v -622.67 -63.90 709.31
v -622.37 -60.13 709.58
v -622.67 -56.37 709.95
v -623.54 -52.71 710.41
v -624.97 -49.25 710.94
v -626.92 -46.05 711.53
v -629.35 -43.22 712.18
v -632.19 -40.80 712.85
v -635.38 -38.87 713.54
v -638.84 -37.48 714.24
v -642.47 -36.65 714.91
v -645.99 -36.51 716.78
v -649.71 -36.86 717.39
v -653.34 -37.79 717.95
v -656.79 -39.29 718.42
v -659.98 -41.31 718.80
v -662.82 -43.80 719.09
v -665.24 -46.71 719.26
v -667.19 -49.96 719.33
v -668.62 -53.47 719.28
v -669.49 -57.15 719.12
v -669.79 -60.92 718.85
v -669.49 -64.68 718.48
v -668.62 -68.34 718.02
v -667.19 -71.81 717.47
v -665.24 -75.00 716.87
v -662.82 -77.83 716.20
v -659.98 -80.24 715.50
v -656.79 -82.17 714.79
v -653.34 -83.56 714.07
v -649.71 -84.39 713.37
v -645.99 -84.63 712.70
v -642.27 -84.28 712.08
v -638.64 -83.35 711.53
v -635.19 -81.85 711.05
v -632.00 -79.83 710.67
v -629.17 -77.34 710.39
v -626.74 -74.43 710.21
v -624.79 -71.19 710.15
v -623.36 -67.68 710.20
v -622.49 -63.99 710.36
v -622.20 -60.22 710.63
v -622.49 -56.46 710.99
v -623.36 -52.80 711.46
v -624.79 -49.34 712.00
v -626.74 -46.14 712.61
v -629.17 -43.31 713.27
v -632.00 -40.90 713.97
v -635.19 -38.97 714.69
v -638.64 -37.58 715.41
v -642.27 -36.75 716.11
v -645.77 -36.61 718.00
v -649.49 -36.96 718.65
v -653.12 -37.90 719.23
v -656.56 -39.40 719.73
v -659.74 -41.42 720.14
v -662.58 -43.92 720.44
v -665.00 -46.82 720.63
v -666.95 -50.07 720.71
v -668.37 -53.58 720.68
v -669.24 -57.27 720.52
v -669.54 -61.04 720.26
v -669.24 -64.80 719.88
v -668.37 -68.46 719.42
v -666.95 -71.92 718.86
v -665.00 -75.11 718.24
v -662.58 -77.95 717.56
v -659.74 -80.36 716.84
v -656.56 -82.28 716.09
v -653.12 -83.67 715.35
v -649.49 -84.50 714.62
v -645.77 -84.74 713.92
v -642.06 -84.39 713.28
v -638.43 -83.45 712.69
v -634.99 -81.95 712.19
v -631.81 -79.93 711.79
v -628.97 -77.43 711.48
v -626.55 -74.52 711.29
v -624.60 -71.28 711.21
v -623.17 -67.76 711.25
v -622.30 -64.08 711.40
v -622.01 -60.31 711.67
v -622.30 -56.55 712.04
v -623.17 -52.89 712.51
v -624.60 -49.43 713.06
v -626.55 -46.24 713.68
v -628.97 -43.40 714.37
v -631.81 -40.99 715.09
v -634.99 -39.07 715.83
v -638.43 -37.68 716.57
v -642.06 -36.85 717.30
v -645.55 -36.71 719.22
v -649.26 -37.07 719.90
v -652.88 -38.01 720.51
v -656.32 -39.51 721.03
v -659.49 -41.53 721.47
v -662.32 -44.03 721.79
v -664.74 -46.94 722.01
v -666.69 -50.19 722.10
v -668.11 -53.70 722.07
v -668.98 -57.39 721.93
v -669.27 -61.16 721.66
v -668.98 -64.92 721.29
v -668.11 -68.58 720.81
v -666.69 -72.04 720.25
v -664.74 -75.23 719.61
v -662.32 -78.06 718.91
v -659.49 -80.47 718.17
v -656.32 -82.39 717.40
v -652.88 -83.78 716.63
v -649.26 -84.61 715.87
v -645.55 -84.84 715.14
v -641.83 -84.49 714.47
v -638.21 -83.55 713.86
v -634.77 -82.05 713.33
v -631.60 -80.02 712.90
v -628.77 -77.53 712.57
v -626.35 -74.62 712.36
v -624.40 -71.36 712.27
v -622.98 -67.85 712.29
v -622.11 -64.17 712.44
v -621.82 -60.40 712.70
v -622.11 -56.64 713.08
v -622.98 -52.98 713.55
v -624.40 -49.52 714.12
v -626.35 -46.33 714.76
v -628.77 -43.49 715.46
v -631.60 -41.09 716.20
v -634.77 -39.17 716.97
v -638.21 -37.78 717.74
v -641.83 -36.95 718.50
v -645.31 -36.82 720.44
v -649.02 -37.18 721.15
v -652.63 -38.12 721.78
v -656.06 -39.62 722.34
v -659.23 -41.65 722.79
v -662.06 -44.15 723.14
v -664.48 -47.06 723.37
v -666.42 -50.31 723.48
v -667.84 -53.82 723.47
v -668.71 -57.51 723.33
v -669.00 -61.28 723.07
v -668.71 -65.04 722.69
v -667.84 -68.69 722.21
v -666.42 -72.16 721.63
v -664.48 -75.35 720.98
v -662.06 -78.18 720.26
v -659.23 -80.58 719.49
v -656.06 -82.50 718.70
v -652.63 -83.89 717.91
v -649.02 -84.71 717.12
v -645.31 -84.95 716.36
v -641.60 -84.59 715.66
v -637.99 -83.65 715.02
v -634.55 -82.14 714.47
v -631.38 -80.12 714.01
v -628.56 -77.62 713.67
v -626.14 -74.71 713.43
v -624.20 -71.45 713.32
v -622.78 -67.94 713.34
v -621.91 -64.26 713.48
v -621.62 -60.49 713.74
v -621.91 -56.73 714.12
v -622.78 -53.07 714.60
v -624.20 -49.61 715.18
v -626.14 -46.42 715.83
v -628.56 -43.59 716.55
v -631.38 -41.18 717.31
v -634.55 -39.26 718.10
v -637.99 -37.87 718.90
v -641.60 -37.05 719.69
v -645.06 -36.92 721.66
v -648.76 -37.28 722.39
v -652.37 -38.23 723.06
v -655.80 -39.73 723.64
v -658.97 -41.76 724.12
v -661.79 -44.26 724.49
v -664.20 -47.17 724.74
v -666.14 -50.43 724.87
v -667.56 -53.94 724.86
v -668.43 -57.63 724.73
v -668.72 -61.40 724.47
v -668.43 -65.15 724.09
v -667.56 -68.81 723.60
v -666.14 -72.28 723.01
v -664.20 -75.46 722.34
v -661.79 -78.29 721.61
v -658.97 -80.69 720.82
v -655.80 -82.61 720.01
v -652.37 -84.00 719.18
v -648.76 -84.82 718.37
v -645.06 -85.05 717.58
v -641.36 -84.69 716.85
v -637.75 -83.74 716.19
v -634.32 -82.24 715.61
v -631.16 -80.21 715.13
v -628.34 -77.71 714.76
v -625.92 -74.80 714.51
v -623.98 -71.54 714.38
v -622.56 -68.03 714.39
v -621.70 -64.34 714.52
v -621.41 -60.57 714.78
v -621.70 -56.82 715.16
v -622.56 -53.16 715.65
v -623.98 -49.69 716.23
v -625.92 -46.51 716.90
v -628.34 -43.68 717.64
v -631.16 -41.28 718.43
v -634.32 -39.36 719.24
v -637.75 -37.97 720.07
v -641.36 -37.15 720.88
v -644.81 -37.02 722.88
v -648.50 -37.39 723.64
v -652.10 -38.33 724.33
v -655.53 -39.84 724.94
v -658.69 -41.87 725.44
v -661.51 -44.37 725.84
v -663.91 -47.29 726.11
v -665.85 -50.54 726.24
v -667.27 -54.06 726.25
v -668.13 -57.74 726.12
v -668.42 -61.51 725.87
v -668.13 -65.27 725.49
v -667.27 -68.93 724.99
v -665.85 -72.39 724.39
v -663.91 -75.58 723.71
v -661.51 -78.40 722.95
v -658.69 -80.81 722.14
v -655.53 -82.72 721.30
v -652.10 -84.11 720.45
v -648.50 -84.92 719.61
v -644.81 -85.15 718.80
v -641.11 -84.79 718.04
v -637.51 -83.84 717.35
v -634.08 -82.34 716.74
v -630.92 -80.31 716.24
v -628.11 -77.80 715.84
v -625.70 -74.89 715.57
v -623.76 -71.63 715.43
v -622.35 -68.12 715.43
v -621.48 -64.43 715.56
v -621.19 -60.66 715.81
v -621.48 -56.90 716.19
v -622.35 -53.25 716.69
v -623.76 -49.78 717.29
v -625.70 -46.60 717.97
v -628.11 -43.77 718.73
v -630.92 -41.37 719.53
v -634.08 -39.45 720.37
v -637.51 -38.07 721.23
v -641.11 -37.25 722.07
v -644.54 -37.13 724.09
v -648.23 -37.49 724.88
v -651.83 -38.44 725.60
v -655.24 -39.95 726.24
v -658.40 -41.98 726.77
v -661.21 -44.49 727.18
v -663.62 -47.40 727.47
v -665.55 -50.66 727.62
v -666.96 -54.17 727.64
v -667.83 -57.86 727.52
v -668.12 -61.63 727.26
v -667.83 -65.39 726.88
v -666.96 -69.05 726.38
v -665.55 -72.51 725.77
v -663.62 -75.69 725.07
v -661.21 -78.52 724.30
v -658.40 -80.92 723.47
v -655.24 -82.83 722.60
v -651.83 -84.21 721.72
v -648.23 -85.03 720.86
v -644.54 -85.25 720.02
v -640.85 -84.89 719.23
v -637.26 -83.94 718.51
v -633.84 -82.43 717.87
v -630.68 -80.40 717.34
v -627.87 -77.89 716.93
v -625.47 -74.98 716.64
v -623.53 -71.72 716.49
v -622.12 -68.21 716.47
v -621.25 -64.52 716.59
v -620.96 -60.75 716.85
v -621.25 -56.99 717.23
v -622.12 -53.34 717.73
v -623.53 -49.87 718.34
v -625.47 -46.69 719.04
v -627.87 -43.86 719.81
v -630.68 -41.46 720.64
v -633.84 -39.55 721.51
v -637.26 -38.17 722.38
v -640.85 -37.35 723.25
v -644.27 -37.23 725.31
v -647.95 -37.60 726.12
v -651.54 -38.55 726.87
v -654.95 -40.06 727.53
v -658.10 -42.09 728.09
v -660.91 -44.60 728.52
v -663.31 -47.52 728.83
v -665.24 -50.78 729.00
v -666.65 -54.29 729.02
v -667.51 -57.98 728.91
v -667.80 -61.75 728.66
v -667.51 -65.51 728.27
v -666.65 -69.16 727.76
v -665.24 -72.63 727.14
v -663.31 -75.81 726.43
v -660.91 -78.63 725.64
v -658.10 -81.03 724.79
v -654.95 -82.94 723.90
v -651.54 -84.32 722.99
v -647.95 -85.13 722.10
v -644.27 -85.36 721.23
v -640.58 -84.99 720.41
v -636.99 -84.04 719.66
v -633.58 -82.53 719.00
v -630.43 -80.49 718.45
v -627.62 -77.99 718.01
v -625.23 -75.07 717.71
v -623.30 -71.81 717.54
v -621.88 -68.30 717.51
v -621.02 -64.61 717.62
v -620.73 -60.84 717.88
v -621.02 -57.08 718.26
v -621.88 -53.42 718.77
v -623.30 -49.96 719.39
v -625.23 -46.78 720.10
v -627.62 -43.96 720.90
v -630.43 -41.56 721.75
v -633.58 -39.65 722.64
v -636.99 -38.27 723.54
v -640.58 -37.45 724.44
v -643.98 -37.33 726.52
v -647.66 -37.70 727.36
v -651.24 -38.66 728.14
v -654.65 -40.17 728.82
v -657.79 -42.21 729.40
v -660.59 -44.71 729.86
v -662.99 -47.63 730.18
v -664.91 -50.89 730.37
v -666.33 -54.41 730.41
v -667.19 -58.10 730.30
v -667.48 -61.87 730.05
v -667.19 -65.63 729.66
v -666.33 -69.28 729.15
v -664.91 -72.74 728.52
v -662.99 -75.92 727.79
v -660.59 -78.75 726.98
v -657.79 -81.14 726.10
v -654.65 -83.05 725.19
v -651.24 -84.43 724.26
v -647.66 -85.24 723.33
v -643.98 -85.46 722.44
v -640.31 -85.09 721.59
v -636.72 -84.14 720.82
v -633.32 -82.62 720.13
v -630.17 -80.59 719.55
v -627.37 -78.08 719.10
v -624.98 -75.16 718.77
v -623.05 -71.90 718.59
v -621.64 -68.38 718.55
v -620.78 -64.69 718.65
v -620.49 -60.92 718.91
v -620.78 -57.17 719.29
v -621.64 -53.51 719.81
v -623.05 -50.05 720.44
v -624.98 -46.87 721.17
v -627.37 -44.05 721.98
v -630.17 -41.65 722.85
v -633.32 -39.74 723.76
v -636.72 -38.36 724.70
v -640.31 -37.56 725.62
v -643.69 -37.44 727.72
v -647.36 -37.81 728.60
v -650.93 -38.76 729.40
v -654.33 -40.28 730.11
v -657.47 -42.32 730.72
v -660.27 -44.83 731.20
v -662.66 -47.75 731.54
v -664.58 -51.01 731.74
v -665.99 -54.53 731.79
v -666.85 -58.22 731.69
v -667.14 -61.99 731.44
v -666.85 -65.74 731.05
v -665.99 -69.40 730.53
v -664.58 -72.86 729.89
v -662.66 -76.04 729.14
v -660.27 -78.86 728.31
v -657.47 -81.25 727.42
v -654.33 -83.16 726.48
v -650.93 -84.54 725.52
v -647.36 -85.34 724.57
v -643.69 -85.56 723.65
v -640.02 -85.19 722.77
v -636.44 -84.23 721.97
v -633.04 -82.72 721.26
v -629.91 -80.68 720.65
v -627.11 -78.17 720.18
v -624.72 -75.25 719.83
v -622.79 -71.99 719.63
v -621.39 -68.47 719.58
v -620.53 -64.78 719.68
v -620.24 -61.01 719.93
v -620.53 -57.25 720.32
v -621.39 -53.60 720.84
v -622.79 -50.14 721.49
v -624.72 -46.96 722.23
v -627.11 -44.14 723.06
v -629.91 -41.74 723.95
v -633.04 -39.84 724.89
v -636.44 -38.46 725.85
v -640.02 -37.66 726.80
v -643.39 -37.54 728.93
v -647.05 -37.91 729.83
v -650.62 -38.87 730.66
v -654.01 -40.39 731.40
v -657.14 -42.43 732.03
v -659.93 -44.94 732.53
v -662.32 -47.86 732.89
v -664.24 -51.12 733.10
v -665.64 -54.64 733.17
v -666.50 -58.33 733.07
v -666.79 -62.10 732.83
v -666.50 -65.86 732.43
v -665.64 -69.52 731.91
v -664.24 -72.97 731.25
v -662.32 -76.15 730.49
v -659.93 -78.97 729.65
v -657.14 -81.36 728.73
v -654.01 -83.27 727.77
v -650.62 -84.64 726.79
v -647.05 -85.45 725.81
v -643.39 -85.66 724.85
v -639.72 -85.29 723.95
v -636.15 -84.33 723.12
v -632.76 -82.81 722.38
v -629.63 -80.77 721.75
v -626.84 -78.26 721.25
v -624.45 -75.34 720.89
v -622.53 -72.08 720.68
v -621.13 -68.56 720.62
v -620.27 -64.87 720.71
v -619.98 -61.10 720.96
v -620.27 -57.34 721.35
v -621.13 -53.69 721.88
v -622.53 -50.23 722.53
v -624.45 -47.05 723.29
v -626.84 -44.23 724.14
v -629.63 -41.84 725.05
v -632.76 -39.93 726.01
v -636.15 -38.56 727.00
v -639.72 -37.75 727.98
v -643.07 -37.64 730.13
v -646.73 -38.02 731.07
v -650.29 -38.98 731.92
v -653.68 -40.50 732.69
v -656.80 -42.54 733.34
v -659.59 -45.05 733.86
v -661.97 -47.98 734.24
v -663.88 -51.24 734.47
v -665.29 -54.76 734.54
v -666.14 -58.45 734.45
v -666.43 -62.22 734.21
v -666.14 -65.98 733.82
v -665.29 -69.63 733.28
v -663.88 -73.09 732.62
v -661.97 -76.27 731.84
v -659.59 -79.09 730.98
v -656.80 -81.48 730.04
v -653.68 -83.38 729.05
v -650.29 -84.75 728.05
v -646.73 -85.55 727.04
v -643.07 -85.77 726.06
v -639.42 -85.39 725.12
v -635.86 -84.43 724.27
v -632.47 -82.91 723.50
v -629.34 -80.87 722.85
v -626.56 -78.35 722.33
v -624.18 -75.43 721.95
v -622.26 -72.17 721.72
v -620.86 -68.65 721.65
v -620.00 -64.96 721.74
v -619.72 -61.18 721.98
v -620.00 -57.43 722.37
v -620.86 -53.77 722.91
v -622.26 -50.32 723.57
v -624.18 -47.14 724.35
v -626.56 -44.32 725.21
v -629.34 -41.93 726.15
v -632.47 -40.03 727.14
v -635.86 -38.66 728.14
v -639.42 -37.85 729.15
v -642.75 -37.74 731.34
v -646.40 -38.12 732.30
v -649.95 -39.08 733.18
v -653.33 -40.61 733.97
v -656.45 -42.65 734.65
v -659.23 -45.17 735.19
v -661.61 -48.09 735.59
v -663.52 -51.36 735.83
v -664.92 -54.88 735.92
v -665.77 -58.57 735.83
v -666.06 -62.34 735.59
v -665.77 -66.10 735.20
v -664.92 -69.75 734.65
v -663.52 -73.20 733.98
v -661.61 -76.38 733.19
v -659.23 -79.20 732.31
v -656.45 -81.59 731.35
v -653.33 -83.49 730.34
v -649.95 -84.86 729.30
v -646.40 -85.66 728.27
v -642.75 -85.87 727.26
v -639.11 -85.49 726.30
v -635.55 -84.53 725.41
v -632.17 -83.00 724.62
v -629.05 -80.96 723.94
v -626.27 -78.44 723.40
v -623.89 -75.52 723.00
v -621.98 -72.25 722.76
v -620.58 -68.73 722.68
v -619.73 -65.04 722.76
v -619.44 -61.27 723.00
v -619.73 -57.51 723.40
v -620.58 -53.86 723.94
v -621.98 -50.40 724.61
v -623.89 -47.23 725.40
v -626.27 -44.41 726.29
v -629.05 -42.02 727.24
v -632.17 -40.12 728.25
v -635.55 -38.75 729.29
v -639.11 -37.95 730.33
v -591.16 -53.81 920.91
v -594.81 -54.19 921.87
v -598.37 -55.15 922.76
v -601.74 -56.67 923.55
v -604.86 -58.72 924.22
v -607.64 -61.23 924.77
v -610.02 -64.16 925.17
v -611.93 -67.42 925.41
v -613.33 -70.94 925.50
v -614.18 -74.63 925.42
v -614.47 -78.40 925.17
v -614.18 -82.16 924.78
v -613.33 -85.81 924.23
v -611.93 -89.27 923.56
v -610.02 -92.45 922.77
v -607.64 -95.26 921.88
v -604.86 -97.65 920.92
v -601.74 -99.55 919.91
v -598.37 -100.92 918.88
v -594.81 -101.72 917.84
v -591.16 -101.93 916.83
v -587.52 -101.55 915.87
v -583.96 -100.59 914.98
v -580.58 -99.07 914.19
v -577.46 -97.02 913.51
v -574.68 -94.51 912.97
v -572.31 -91.58 912.57
v -570.40 -88.32 912.32
v -569.00 -84.80 912.24
v -568.14 -81.11 912.32
v -567.86 -77.34 912.56
v -568.14 -73.58 912.96
v -569.00 -69.93 913.50
v -570.40 -66.47 914.18
v -572.31 -63.29 914.96
v -574.68 -60.48 915.85
v -577.46 -58.09 916.81
v -580.58 -56.19 917.82
v -583.96 -54.82 918.86
v -587.52 -54.02 919.90
v -590.37 -54.03 923.55
v -593.98 -54.42 924.64
v -597.50 -55.39 925.65
v -600.85 -56.93 926.55
v -603.93 -58.98 927.33
v -606.69 -61.50 927.97
v -609.04 -64.44 928.45
v -610.93 -67.71 928.76
v -612.32 -71.23 928.89
v -613.16 -74.92 928.84
v -613.45 -78.70 928.61
v -613.16 -82.45 928.20
v -612.32 -86.10 927.63
v -610.93 -89.55 926.91
v -609.04 -92.72 926.05
v -606.69 -95.54 925.09
v -603.93 -97.92 924.03
v -600.85 -99.81 922.92
v -597.50 -101.17 921.77
v -593.98 -101.96 920.61
v -590.37 -102.16 919.48
v -586.76 -101.77 918.39
v -583.24 -100.79 917.38
v -579.89 -99.26 916.48
v -576.80 -97.21 915.70
v -574.05 -94.69 915.06
v -571.70 -91.75 914.58
v -569.81 -88.48 914.27
v -568.42 -84.96 914.14
v -567.58 -81.27 914.19
v -567.29 -77.49 914.42
v -567.58 -73.74 914.83
v -568.42 -70.09 915.40
v -569.81 -66.63 916.12
v -571.70 -63.46 916.98
v -574.05 -60.65 917.94
v -576.80 -58.27 919.00
v -579.89 -56.38 920.11
v -583.24 -55.02 921.26
v -586.76 -54.23 922.42
v -589.53 -54.25 926.19
v -593.12 -54.65 927.33
v -596.62 -55.63 928.40
v -599.95 -57.16 929.36
v -603.02 -59.22 930.20
v -605.76 -61.75 930.88
v -608.10 -64.69 931.40
v -609.98 -67.96 931.74
v -611.36 -71.48 931.90
v -612.20 -75.18 931.86
v -612.48 -78.95 931.63
v -612.20 -82.71 931.22
v -611.36 -86.36 930.64
v -609.98 -89.81 929.89
v -608.10 -92.98 929.01
v -605.76 -95.78 928.00
v -603.02 -98.16 926.90
v -599.95 -100.05 925.73
v -596.62 -101.40 924.52
v -593.12 -102.18 923.31
v -589.53 -102.38 922.11
v -585.94 -101.99 920.96
v -582.44 -101.01 919.90
v -579.11 -99.47 918.93
v -576.04 -97.41 918.10
v -573.30 -94.88 917.41
v -570.96 -91.95 916.89
v -569.08 -88.68 916.55
v -567.70 -85.15 916.40
v -566.86 -81.46 916.44
v -566.58 -77.68 916.66
v -566.86 -73.93 917.07
v -567.70 -70.28 917.66
v -569.08 -66.83 918.40
v -570.96 -63.66 919.29
v -573.30 -60.85 920.30
v -576.04 -58.48 921.40
v -579.11 -56.59 922.57
v -582.44 -55.24 923.77
v -585.94 -54.45 924.99
v -588.64 -54.48 928.81
v -592.21 -54.88 930.01
v -595.70 -55.86 931.14
v -599.00 -57.40 932.16
v -602.06 -59.46 933.05
v -604.78 -62.00 933.78
v -607.10 -64.94 934.34
v -608.98 -68.21 934.71
v -610.35 -71.74 934.89
v -611.18 -75.43 934.87
v -611.46 -79.21 934.65
v -611.18 -82.96 934.23
v -610.35 -86.61 933.63
v -608.98 -90.06 932.86
v -607.10 -93.22 931.94
v -604.78 -96.03 930.90
v -602.06 -98.40 929.75
v -599.00 -100.28 928.53
v -595.70 -101.63 927.26
v -592.21 -102.41 925.98
v -588.64 -102.60 924.73
v -585.07 -102.20 923.52
v -581.59 -101.22 922.39
v -578.28 -99.68 921.37
v -575.23 -97.62 920.49
v -572.51 -95.08 919.75
v -570.18 -92.14 919.19
v -568.31 -88.87 918.82
v -566.94 -85.34 918.64
v -566.11 -81.64 918.67
v -565.82 -77.87 918.89
v -566.11 -74.12 919.30
v -566.94 -70.47 919.90
v -568.31 -67.02 920.67
v -570.18 -63.86 921.59
v -572.51 -61.05 922.64
v -575.23 -58.68 923.79
v -578.28 -56.80 925.01
v -581.59 -55.45 926.27
v -585.07 -54.67 927.55
v -587.71 -54.70 931.41
v -591.26 -55.10 932.68
v -594.72 -56.09 933.86
v -598.01 -57.64 934.94
v -601.04 -59.70 935.88
v -603.75 -62.24 936.66
v -606.06 -65.18 937.26
v -607.92 -68.46 937.66
v -609.28 -71.99 937.86
v -610.11 -75.69 937.86
v -610.39 -79.46 937.64
v -610.11 -83.22 937.22
v -609.28 -86.86 936.60
v -607.92 -90.31 935.81
v -606.06 -93.47 934.86
v -603.75 -96.27 933.77
v -601.04 -98.64 932.58
v -598.01 -100.52 931.31
v -594.72 -101.86 929.98
v -591.26 -102.64 928.65
v -587.71 -102.82 927.33
v -584.17 -102.42 926.06
v -580.71 -101.43 924.87
v -577.42 -99.88 923.80
v -574.38 -97.82 922.86
v -571.68 -95.28 922.08
v -569.37 -92.34 921.48
v -567.51 -89.06 921.08
v -566.14 -85.53 920.87
v -565.31 -81.83 920.88
v -565.03 -78.06 921.10
v -565.31 -74.30 921.52
v -566.14 -70.66 922.13
v -567.51 -67.21 922.93
v -569.37 -64.05 923.88
v -571.68 -61.25 924.96
v -574.38 -58.88 926.16
v -577.42 -57.00 927.43
v -580.71 -55.66 928.75
v -584.17 -54.88 930.09
v -586.74 -54.92 933.99
v -590.26 -55.33 935.32
v -593.70 -56.32 936.57
v -596.97 -57.87 937.70
v -599.98 -59.94 938.69
v -602.67 -62.48 939.52
v -604.97 -65.43 940.16
v -606.82 -68.71 940.59
v -608.17 -72.24 940.82
v -608.99 -75.94 940.82
v -609.27 -79.71 940.61
v -608.99 -83.47 940.19
v -608.17 -87.11 939.56
v -606.82 -90.56 938.74
v -604.97 -93.72 937.76
v -602.67 -96.51 936.63
v -599.98 -98.88 935.39
v -596.97 -100.75 934.07
v -593.70 -102.09 932.69
v -590.26 -102.86 931.30
v -586.74 -103.04 929.92
v -583.21 -102.63 928.59
v -579.78 -101.64 927.34
v -576.51 -100.09 926.21
v -573.49 -98.02 925.22
v -570.81 -95.48 924.39
v -568.51 -92.53 923.75
v -566.66 -89.25 923.32
v -565.31 -85.72 923.09
v -564.48 -82.02 923.09
v -564.21 -78.25 923.30
v -564.48 -74.49 923.72
v -565.31 -70.85 924.35
v -566.66 -67.40 925.17
v -568.51 -64.24 926.15
v -570.81 -61.44 927.28
v -573.49 -59.08 928.52
v -576.51 -57.21 929.84
v -579.78 -55.87 931.22
v -583.21 -55.10 932.62
v -585.72 -55.13 936.56
v -589.22 -55.55 937.95
v -592.63 -56.55 939.26
v -595.88 -58.10 940.45
v -598.87 -60.18 941.49
v -601.54 -62.72 942.36
v -603.82 -65.67 943.04
v -605.66 -68.96 943.51
v -607.00 -72.49 943.75
v -607.82 -76.19 943.77
v -608.10 -79.96 943.57
v -607.82 -83.72 943.14
v -607.00 -87.36 942.49
v -605.66 -90.80 941.66
v -603.82 -93.96 940.64
v -601.54 -96.75 939.48
v -598.87 -99.12 938.19
v -595.88 -100.99 936.81
v -592.63 -102.32 935.38
v -589.22 -103.08 933.92
v -585.72 -103.26 932.48
v -582.22 -102.84 931.10
v -578.80 -101.85 929.79
v -575.56 -100.29 928.60
v -572.56 -98.21 927.56
v -569.89 -95.67 926.69
v -567.61 -92.72 926.01
v -565.78 -89.44 925.54
v -564.43 -85.90 925.29
v -563.61 -82.20 925.27
v -563.34 -78.43 925.48
v -563.61 -74.68 925.91
v -564.43 -71.03 926.55
v -565.78 -67.59 927.39
v -567.61 -64.43 928.41
v -569.89 -61.64 929.57
v -572.56 -59.28 930.86
v -575.56 -57.41 932.24
v -578.80 -56.07 933.67
v -582.22 -55.31 935.12
v -584.65 -55.35 939.11
v -588.13 -55.77 940.56
v -591.52 -56.77 941.93
v -594.74 -58.33 943.17
v -597.72 -60.41 944.27
v -600.37 -62.96 945.18
v -602.63 -65.92 945.90
v -604.45 -69.20 946.40
v -605.79 -72.74 946.67
v -606.60 -76.44 946.70
v -606.88 -80.21 946.50
v -606.60 -83.97 946.07
v -605.79 -87.61 945.41
v -604.45 -91.05 944.55
v -602.63 -94.20 943.50
v -600.37 -96.99 942.30
v -597.72 -99.35 940.97
v -594.74 -101.22 939.54
v -591.52 -102.55 938.05
v -588.13 -103.31 936.54
v -584.65 -103.48 935.04
v -581.18 -103.06 933.59
v -577.79 -102.05 932.22
v -574.57 -100.49 930.98
v -571.59 -98.41 929.88
v -568.94 -95.86 928.97
v -566.68 -92.91 928.25
v -564.86 -89.63 927.75
v -563.52 -86.09 927.48
v -562.71 -82.39 927.45
v -562.43 -78.61 927.65
v -562.71 -74.86 928.08
v -563.52 -71.22 928.74
v -564.86 -67.78 929.60
v -566.68 -64.62 930.65
v -568.94 -61.83 931.85
v -571.59 -59.48 933.18
v -574.57 -57.61 934.61
v -577.79 -56.28 936.10
v -581.18 -55.52 937.61
v -583.55 -55.56 941.65
v -587.00 -55.99 943.16
v -590.36 -57.00 944.58
v -593.56 -58.56 945.88
v -596.51 -60.65 947.02
v -599.14 -63.20 947.98
v -601.39 -66.16 948.74
v -603.20 -69.44 949.27
v -604.52 -72.98 949.56
v -605.33 -76.68 949.61
v -605.60 -80.46 949.41
v -605.33 -84.21 948.97
v -604.52 -87.85 948.30
v -603.20 -91.29 947.42
v -601.39 -94.44 946.34
v -599.14 -97.23 945.10
v -596.51 -99.58 943.72
v -593.56 -101.45 942.24
v -590.36 -102.77 940.70
v -587.00 -103.53 939.13
v -583.55 -103.69 937.57
v -580.10 -103.27 936.06
v -576.73 -102.26 934.64
v -573.53 -100.69 933.34
v -570.58 -98.61 932.19
v -567.95 -96.06 931.23
v -565.70 -93.10 930.48
v -563.90 -89.81 929.94
v -562.57 -86.27 929.65
v -561.76 -82.57 929.60
v -561.49 -78.80 929.80
v -561.76 -75.04 930.24
v -562.57 -71.40 930.91
v -563.90 -67.96 931.80
v -565.70 -64.81 932.87
v -567.95 -62.02 934.12
v -570.58 -59.67 935.49
v -573.53 -57.81 936.97
v -576.73 -56.48 938.52
v -580.10 -55.73 940.09
v -582.40 -55.78 944.16
v -585.82 -56.21 945.73
v -589.16 -57.22 947.21
v -592.33 -58.79 948.56
v -595.26 -60.88 949.76
v -597.87 -63.44 950.76
v -600.10 -66.39 951.56
v -601.89 -69.68 952.12
v -603.21 -73.23 952.43
v -604.01 -76.93 952.50
v -604.28 -80.70 952.30
v -604.01 -84.46 951.86
v -603.21 -88.10 951.17
v -601.89 -91.53 950.27
v -600.10 -94.68 949.16
v -597.87 -97.47 947.88
v -595.26 -99.82 946.46
v -592.33 -101.67 944.93
v -589.16 -102.99 943.33
v -585.82 -103.74 941.70
v -582.40 -103.90 940.08
v -578.97 -103.47 938.51
v -575.63 -102.46 937.03
v -572.46 -100.89 935.68
v -569.53 -98.80 934.48
v -566.92 -96.25 933.48
v -564.69 -93.29 932.68
v -562.90 -90.00 932.12
v -561.59 -86.46 931.80
v -560.78 -82.75 931.74
v -560.51 -78.98 931.94
v -560.78 -75.22 932.38
v -561.59 -71.58 933.07
v -562.90 -68.15 933.97
v -564.69 -65.00 935.08
v -566.92 -62.21 936.36
v -569.53 -59.87 937.78
v -572.46 -58.01 939.31
v -575.63 -56.69 940.91
v -578.97 -55.94 942.54
v -581.20 -55.99 946.65
v -584.60 -56.42 948.28
v -587.91 -57.44 949.81
v -591.05 -59.02 951.22
v -593.96 -61.11 952.47
v -596.55 -63.67 953.52
v -598.76 -66.63 954.35
v -600.54 -69.92 954.94
v -601.84 -73.47 955.28
v -602.64 -77.17 955.36
v -602.90 -80.95 955.17
v -602.64 -84.70 954.72
v -601.84 -88.34 954.02
v -600.54 -91.77 953.09
v -598.76 -94.92 951.95
v -596.55 -97.70 950.64
v -593.96 -100.05 949.17
v -591.05 -101.90 947.59
v -587.91 -103.21 945.94
v -584.60 -103.96 944.25
v -581.20 -104.12 942.57
v -577.81 -103.68 940.95
v -574.49 -102.66 939.41
v -571.35 -101.09 938.00
v -568.45 -98.99 936.76
v -565.86 -96.43 935.70
v -563.64 -93.47 934.87
v -561.86 -90.18 934.28
v -560.56 -86.64 933.94
v -559.77 -82.93 933.87
v -559.50 -79.16 934.05
v -559.77 -75.40 934.50
v -560.56 -71.76 935.20
v -561.86 -68.33 936.13
v -563.64 -65.18 937.27
v -565.86 -62.40 938.59
v -568.45 -60.06 940.06
v -571.35 -58.20 941.64
v -574.49 -56.89 943.29
v -577.81 -56.14 944.97
v -579.96 -56.20 949.12
v -583.33 -56.64 950.81
v -586.61 -57.66 952.40
v -589.73 -59.24 953.86
v -592.61 -61.34 955.16
v -595.18 -63.90 956.25
v -597.37 -66.87 957.12
v -599.13 -70.16 957.75
v -600.43 -73.71 958.11
v -601.21 -77.41 958.20
v -601.48 -81.19 958.01
v -601.21 -84.94 957.56
v -600.43 -88.58 956.85
v -599.13 -92.01 955.90
v -597.37 -95.15 954.73
v -595.18 -97.93 953.37
v -592.61 -100.27 951.86
v -589.73 -102.12 950.23
v -586.61 -103.43 948.52
v -583.33 -104.17 946.78
v -579.96 -104.33 945.04
v -576.60 -103.88 943.36
v -573.31 -102.86 941.77
v -570.20 -101.28 940.30
v -567.32 -99.18 939.01
v -564.75 -96.62 937.91
v -562.56 -93.66 937.04
v -560.79 -90.36 936.42
v -559.50 -86.82 936.06
v -558.71 -83.11 935.97
v -558.45 -79.34 936.15
v -558.71 -75.58 936.61
v -559.50 -71.94 937.32
v -560.79 -68.51 938.27
v -562.56 -65.37 939.44
v -564.75 -62.59 940.80
v -567.32 -60.25 942.31
v -570.20 -58.40 943.94
v -573.31 -57.09 945.65
v -576.60 -56.35 947.39
v -578.68 -56.41 951.57
v -582.02 -56.85 953.31
v -585.27 -57.88 954.96
v -588.36 -59.46 956.48
v -591.22 -61.56 957.82
v -593.76 -64.13 958.96
v -595.93 -67.10 959.87
v -597.68 -70.40 960.52
v -598.96 -73.94 960.91
v -599.74 -77.65 961.01
v -600.01 -81.43 960.83
v -599.74 -85.18 960.37
v -598.96 -88.82 959.65
v -597.68 -92.25 958.67
v -595.93 -95.39 957.47
v -593.76 -98.16 956.08
v -591.22 -100.50 954.52
v -588.36 -102.34 952.84
v -585.27 -103.65 951.08
v -582.02 -104.39 949.29
v -578.68 -104.53 947.49
v -575.35 -104.09 945.75
v -572.09 -103.06 944.10
v -569.00 -101.48 942.59
v -566.15 -99.37 941.24
v -563.61 -96.81 940.10
v -561.43 -93.84 939.20
v -559.68 -90.54 938.54
v -558.40 -86.99 938.16
v -557.62 -83.29 938.06
v -557.36 -79.51 938.24
v -557.62 -75.76 938.69
v -558.40 -72.12 939.42
v -559.68 -68.69 940.39
v -561.43 -65.55 941.59
v -563.61 -62.78 942.99
v -566.15 -60.44 944.54
v -569.00 -58.59 946.22
v -572.09 -57.29 947.98
v -575.35 -56.55 949.78
v -577.36 -56.61 954.00
v -580.67 -57.06 955.80
v -583.89 -58.09 957.50
v -586.95 -59.68 959.07
v -589.78 -61.79 960.46
v -592.30 -64.36 961.65
v -594.45 -67.33 962.59
v -596.18 -70.63 963.28
v -597.45 -74.18 963.68
v -598.23 -77.89 963.80
v -598.49 -81.66 963.62
v -598.23 -85.42 963.16
v -597.45 -89.05 962.42
v -596.18 -92.48 961.42
v -594.45 -95.62 960.20
v -592.30 -98.39 958.76
v -589.78 -100.72 957.16
v -586.95 -102.56 955.44
v -583.89 -103.87 953.62
v -580.67 -104.60 951.77
v -577.36 -104.74 949.92
v -574.06 -104.29 948.12
v -570.83 -103.26 946.42
v -567.77 -101.67 944.85
v -564.94 -99.56 943.46
v -562.42 -96.99 942.27
v -560.27 -94.02 941.33
v -558.54 -90.72 940.64
v -557.27 -87.17 940.24
v -556.50 -83.46 940.12
v -556.24 -79.69 940.30
v -556.50 -75.93 940.76
v -557.27 -72.30 941.50
v -558.54 -68.87 942.50
v -560.27 -65.73 943.72
v -562.42 -62.96 945.16
v -564.94 -60.63 946.76
v -567.77 -58.78 948.48
v -570.83 -57.48 950.30
v -574.06 -56.75 952.15
v -576.00 -56.81 956.40
v -579.27 -57.27 958.26
v -582.46 -58.31 960.02
v -585.50 -59.90 961.64
v -588.29 -62.01 963.08
v -590.79 -64.58 964.31
v -592.92 -67.56 965.29
v -594.64 -70.86 966.00
v -595.89 -74.41 966.43
v -596.66 -78.12 966.56
v -596.92 -81.90 966.39
v -596.66 -85.65 965.92
v -595.89 -89.28 965.17
v -594.64 -92.71 964.15
v -592.92 -95.85 962.89
v -590.79 -98.61 961.42
v -588.29 -100.95 959.78
v -585.50 -102.78 958.01
v -582.46 -104.08 956.14
v -579.27 -104.81 954.23
v -576.00 -104.94 952.32
v -572.73 -104.49 950.47
v -569.53 -103.45 948.71
v -566.50 -101.86 947.09
v -563.70 -99.75 945.65
v -561.20 -97.17 944.42
v -559.07 -94.20 943.44
v -557.36 -90.90 942.73
v -556.10 -87.35 942.30
v -555.34 -83.64 942.17
v -555.08 -79.86 942.34
v -555.34 -76.11 942.81
v -556.10 -72.47 943.56
v -557.36 -69.05 944.58
v -559.07 -65.91 945.84
v -561.20 -63.14 947.31
v -563.70 -60.81 948.95
v -566.50 -58.97 950.72
v -569.53 -57.68 952.59
v -572.73 -56.95 954.50
v -574.59 -57.02 958.78
v -577.83 -57.48 960.69
v -580.99 -58.52 962.51
v -583.99 -60.12 964.18
v -586.76 -62.23 965.67
v -589.24 -64.81 966.94
v -591.35 -67.78 967.96
v -593.04 -71.09 968.70
v -594.29 -74.64 969.15
v -595.05 -78.35 969.29
v -595.30 -82.13 969.12
v -595.05 -85.88 968.65
v -594.29 -89.51 967.89
v -593.04 -92.94 966.85
v -591.35 -96.07 965.56
v -589.24 -98.84 964.06
v -586.76 -101.16 962.37
v -583.99 -103.00 960.55
v -580.99 -104.29 958.63
v -577.83 -105.01 956.67
v -574.59 -105.14 954.70
v -571.35 -104.68 952.79
v -568.19 -103.64 950.98
v -565.19 -102.04 949.31
v -562.42 -99.93 947.82
v -559.95 -97.35 946.55
v -557.84 -94.38 945.53
v -556.14 -91.07 944.79
v -554.90 -87.52 944.34
v -554.14 -83.81 944.20
v -553.88 -80.03 944.36
v -554.14 -76.28 944.84
v -554.90 -72.65 945.60
v -556.14 -69.22 946.64
v -557.84 -66.09 947.93
v -559.95 -63.32 949.43
v -562.42 -61.00 951.12
v -565.19 -59.16 952.94
v -568.19 -57.87 954.86
v -571.35 -57.15 956.82
v -573.15 -57.22 961.14
v -576.35 -57.68 963.11
v -579.48 -58.73 964.97
v -582.45 -60.33 966.70
v -585.19 -62.45 968.23
v -587.64 -65.03 969.55
v -589.72 -68.01 970.60
v -591.40 -71.32 971.37
v -592.64 -74.87 971.84
v -593.39 -78.58 972.00
v -593.64 -82.36 971.83
v -593.39 -86.11 971.36
v -592.64 -89.74 970.58
v -591.40 -93.17 969.52
v -589.72 -96.30 968.20
v -587.64 -99.06 966.66
v -585.19 -101.38 964.93
v -582.45 -103.21 963.06
v -579.48 -104.50 961.10
v -576.35 -105.22 959.08
v -573.15 -105.34 957.06
v -569.94 -104.88 955.09
v -566.81 -103.83 953.23
v -563.84 -102.23 951.50
v -561.10 -100.11 949.96
v -558.66 -97.53 948.65
v -556.57 -94.55 947.60
v -554.89 -91.24 946.83
v -553.66 -87.69 946.36
v -552.91 -83.98 946.20
v -552.65 -80.20 946.37
v -552.91 -76.45 946.84
v -553.66 -72.82 947.62
v -554.89 -69.39 948.68
v -556.57 -66.26 950.00
v -558.66 -63.50 951.54
v -561.10 -61.18 953.26
v -563.84 -59.35 955.14
v -566.81 -58.06 957.10
v -569.94 -57.34 959.12
v -571.66 -57.41 963.47
v -574.83 -57.88 965.49
v -577.92 -58.93 967.41
v -580.86 -60.54 969.19
v -583.57 -62.66 970.77
v -585.99 -65.25 972.12
v -588.06 -68.23 973.21
v -589.72 -71.54 974.01
v -590.94 -75.10 974.50
v -591.68 -78.81 974.67
v -591.93 -82.59 974.51
v -591.68 -86.34 974.03
v -590.94 -89.97 973.24
v -589.72 -93.39 972.16
v -588.06 -96.52 970.82
v -585.99 -99.28 969.24
v -583.57 -101.60 967.47
v -580.86 -103.42 965.55
v -577.92 -104.71 963.53
v -574.83 -105.42 961.46
v -571.66 -105.54 959.39
v -568.49 -105.07 957.37
v -565.40 -104.02 955.45
v -562.46 -102.41 953.67
v -559.75 -100.29 952.09
v -557.33 -97.71 950.74
v -555.26 -94.72 949.65
v -553.60 -91.41 948.85
v -552.38 -87.86 948.36
v -551.64 -84.15 948.19
v -551.39 -80.37 948.35
v -551.64 -76.62 948.83
v -552.38 -72.99 949.62
v -553.60 -69.56 950.70
v -555.26 -66.44 952.04
v -557.33 -63.68 953.62
v -559.75 -61.36 955.39
v -562.46 -59.53 957.31
v -565.40 -58.25 959.33
v -568.49 -57.54 961.40
v -570.13 -57.61 965.77
v -573.27 -58.08 967.85
v -576.33 -59.14 969.82
v -579.23 -60.75 971.65
v -581.91 -62.87 973.28
v -584.30 -65.46 974.67
v -586.34 -68.45 975.80
v -587.99 -71.76 976.63
v -589.19 -75.32 977.14
v -589.93 -79.03 977.32
v -590.17 -82.81 977.16
v -589.93 -86.56 976.68
v -589.19 -90.19 975.88
v -587.99 -93.61 974.77
v -586.34 -96.74 973.40
v -584.30 -99.49 971.79
v -581.91 -101.81 969.98
v -579.23 -103.63 968.01
v -576.33 -104.91 965.94
v -573.27 -105.62 963.82
v -570.13 -105.74 961.69
v -567.00 -105.26 959.62
v -563.94 -104.21 957.64
v -561.04 -102.60 955.82
v -558.36 -100.47 954.19
v -555.96 -97.88 952.79
v -553.92 -94.90 951.67
v -552.28 -91.58 950.84
v -551.08 -88.03 950.33
v -550.34 -84.31 950.15
v -550.09 -80.53 950.30
v -550.34 -76.78 950.79
v -551.08 -73.15 951.59
v -552.28 -69.73 952.69
v -553.92 -66.61 954.07
v -555.96 -63.85 955.68
v -558.36 -61.54 957.49
v -561.04 -59.71 959.45
v -563.94 -58.43 961.52
v -567.00 -57.73 963.65
v -568.57 -57.80 968.05
v -571.67 -58.28 970.18
v -574.69 -59.34 972.21
v -577.56 -60.95 974.08
v -580.21 -63.08 975.76
v -582.57 -65.68 977.19
v -584.59 -68.67 978.35
v -586.21 -71.98 979.21
v -587.40 -75.54 979.74
v -588.13 -79.25 979.93
v -588.37 -83.03 979.78
v -588.13 -86.78 979.30
v -587.40 -90.41 978.48
v -586.21 -93.83 977.36
v -584.59 -96.95 975.95
v -582.57 -99.71 974.31
v -580.21 -102.02 972.46
v -577.56 -103.84 970.45
v -574.69 -105.11 968.33
v -571.67 -105.82 966.15
v -568.57 -105.93 963.97
v -565.47 -105.45 961.84
v -562.45 -104.39 959.82
v -559.58 -102.78 957.94
v -556.93 -100.65 956.27
v -554.56 -98.06 954.83
v -552.55 -95.07 953.67
v -550.92 -91.75 952.81
v -549.73 -88.19 952.28
v -549.01 -84.48 952.09
v -548.76 -80.70 952.24
v -549.01 -76.95 952.73
v -549.73 -73.32 953.54
v -550.92 -69.90 954.66
v -552.55 -66.78 956.07
v -554.56 -64.02 957.71
v -556.93 -61.71 959.57
v -559.58 -59.89 961.58
v -562.45 -58.62 963.69
v -565.47 -57.92 965.87
v -566.96 -57.99 970.30
v -570.02 -58.48 972.48
v -573.01 -59.54 974.56
v -575.84 -61.16 976.48
v -578.46 -63.29 978.21
v -580.79 -65.89 979.68
v -582.79 -68.88 980.88
v -584.39 -72.20 981.76
v -585.57 -75.76 982.31
v -586.28 -79.47 982.52
v -586.52 -83.25 982.37
v -586.28 -87.00 981.88
v -585.57 -90.63 981.05
v -584.39 -94.05 979.91
v -582.79 -97.17 978.48
v -580.79 -99.92 976.80
v -578.46 -102.23 974.91
v -575.84 -104.04 972.85
v -573.01 -105.31 970.68
v -570.02 -106.01 968.45
v -566.96 -106.12 966.22
v -563.90 -105.64 964.04
v -560.92 -104.57 961.96
v -558.08 -102.95 960.04
v -555.46 -100.82 958.32
v -553.13 -98.23 956.84
v -551.14 -95.23 955.65
v -549.53 -91.92 954.76
v -548.36 -88.35 954.21
v -547.64 -84.64 954.00
v -547.40 -80.86 954.15
v -547.64 -77.11 954.64
v -548.36 -73.48 955.47
v -549.53 -70.07 956.61
v -551.14 -66.94 958.04
v -553.13 -64.19 959.72
v -555.46 -61.89 961.62
v -558.08 -60.07 963.67
v -560.92 -58.80 965.84
v -563.90 -58.10 968.07
v -565.32 -58.18 972.52
v -568.34 -58.67 974.76
v -571.29 -59.74 976.89
v -574.09 -61.36 978.86
v -576.67 -63.50 980.62
v -578.98 -66.09 982.14
v -580.94 -69.09 983.37
v -582.53 -72.41 984.28
v -583.69 -75.97 984.85
v -584.39 -79.69 985.07
v -584.63 -83.47 984.93
v -584.39 -87.22 984.43
v -583.69 -90.84 983.59
v -582.53 -94.26 982.43
v -580.94 -97.38 980.97
v -578.98 -100.13 979.26
v -576.67 -102.43 977.32
v -574.09 -104.24 975.22
v -571.29 -105.51 973.01
v -568.34 -106.20 970.73
v -565.32 -106.31 968.44
v -562.30 -105.82 966.21
v -559.35 -104.75 964.08
v -556.55 -103.13 962.11
v -553.97 -100.99 960.34
v -551.66 -98.39 958.83
v -549.69 -95.40 957.60
v -548.11 -92.08 956.69
v -546.95 -88.52 956.11
v -546.24 -84.80 955.90
v -546.00 -81.02 956.04
v -546.24 -77.27 956.53
v -546.95 -73.64 957.37
v -548.11 -70.23 958.54
v -549.69 -67.11 959.99
v -551.66 -64.36 961.71
v -553.97 -62.06 963.64
v -556.55 -60.25 965.74
v -559.35 -58.98 967.96
v -562.30 -58.29 970.24
v -563.64 -58.37 974.72
v -566.62 -58.86 977.00
v -569.53 -59.93 979.18
v -572.29 -61.56 981.20
v -574.84 -63.70 983.01
v -577.11 -66.30 984.57
v -579.06 -69.30 985.83
v -580.62 -72.62 986.77
v -581.76 -76.18 987.36
v -582.46 -79.90 987.59
v -582.70 -83.68 987.45
v -582.46 -87.43 986.95
v -581.76 -91.06 986.10
v -580.62 -94.47 984.92
v -579.06 -97.59 983.43
v -577.11 -100.33 981.68
v -574.84 -102.63 979.71
v -572.29 -104.44 977.57
v -569.53 -105.70 975.30
v -566.62 -106.39 972.97
v -563.64 -106.49 970.64
v -560.65 -106.00 968.35
v -557.75 -104.93 966.17
v -554.98 -103.30 964.15
v -552.43 -101.16 962.34
v -550.16 -98.56 960.79
v -548.22 -95.56 959.52
v -546.65 -92.24 958.58
v -545.51 -88.68 957.99
v -544.81 -84.96 957.76
v -544.57 -81.18 957.90
v -544.81 -77.43 958.40
v -545.51 -73.80 959.25
v -546.65 -70.39 960.44
v -548.22 -67.27 961.92
v -550.16 -64.53 963.67
v -552.43 -62.23 965.64
v -554.98 -60.42 967.78
v -557.75 -59.16 970.05
v -560.65 -58.47 972.38
v -561.92 -58.55 976.88
v -564.86 -59.05 979.22
v -567.73 -60.12 981.45
v -570.45 -61.75 983.51
v -572.97 -63.90 985.37
v -575.21 -66.50 986.96
v -577.13 -69.50 988.26
v -578.67 -72.83 989.22
v -579.80 -76.39 989.83
v -580.49 -80.11 990.07
v -580.72 -83.89 989.94
v -580.49 -87.64 989.44
v -579.80 -91.27 988.57
v -578.67 -94.68 987.37
v -577.13 -97.79 985.86
v -575.21 -100.53 984.08
v -572.97 -102.83 982.07
v -570.45 -104.64 979.88
v -567.73 -105.89 977.57
v -564.86 -106.58 975.19
v -561.92 -106.68 972.80
v -558.98 -106.18 970.46
v -556.11 -105.10 968.23
v -553.38 -103.47 966.17
v -550.86 -101.33 964.31
v -548.62 -98.72 962.72
v -546.71 -95.72 961.42
v -545.16 -92.40 960.46
v -544.03 -88.83 959.85
v -543.35 -85.11 959.61
v -543.11 -81.33 959.74
v -543.35 -77.59 960.24
v -544.03 -73.96 961.11
v -545.16 -70.55 962.31
v -546.71 -67.43 963.82
v -548.62 -64.69 965.60
v -550.86 -62.39 967.61
v -553.38 -60.59 969.80
v -556.11 -59.33 972.11
v -558.98 -58.65 974.49
v -560.16 -58.73 979.01
v -563.06 -59.23 981.40
v -565.89 -60.31 983.68
v -568.58 -61.95 985.79
v -571.06 -64.09 987.69
v -573.27 -66.70 989.32
v -575.16 -69.71 990.65
v -576.68 -73.03 991.64
v -577.79 -76.60 992.27
v -578.47 -80.32 992.52
v -578.70 -84.10 992.40
v -578.47 -87.85 991.89
v -577.79 -91.47 991.01
v -576.68 -94.88 989.79
v -575.16 -98.00 988.25
v -573.27 -100.73 986.44
v -571.06 -103.03 984.39
v -568.58 -104.83 982.16
v -565.89 -106.08 979.80
v -563.06 -106.77 977.37
v -560.16 -106.86 974.93
v -557.26 -106.36 972.55
v -554.43 -105.28 970.27
v -551.74 -103.64 968.15
v -549.26 -101.49 966.26
v -547.05 -98.89 964.63
v -545.16 -95.88 963.30
v -543.64 -92.55 962.31
v -542.53 -88.99 961.68
v -541.85 -85.27 961.42
v -541.62 -81.49 961.55
v -541.85 -77.74 962.06
v -542.53 -74.12 962.94
v -543.64 -70.71 964.16
v -545.16 -67.59 965.69
v -547.05 -64.85 967.51
v -549.26 -62.56 969.56
v -551.74 -60.76 971.79
v -554.43 -59.50 974.15
v -557.26 -58.82 976.57
v -558.37 -58.91 981.12
v -561.22 -59.41 983.55
v -564.01 -60.50 985.88
v -566.66 -62.14 988.04
v -569.10 -64.29 989.98
v -571.28 -66.90 991.65
v -573.15 -69.91 993.01
v -574.64 -73.24 994.03
v -575.74 -76.81 994.68
v -576.41 -80.53 994.94
v -576.63 -84.31 994.82
v -576.41 -88.05 994.30
v -575.74 -91.68 993.41
v -574.64 -95.09 992.17
v -573.15 -98.20 990.61
v -571.28 -100.93 988.76
v -569.10 -103.22 986.68
v -566.66 -105.02 984.40
v -564.01 -106.27 982.00
v -561.22 -106.95 979.52
v -558.37 -107.04 977.04
v -555.51 -106.53 974.60
v -552.72 -105.45 972.27
v -550.07 -103.81 970.11
v -547.63 -101.66 968.18
v -545.45 -99.05 966.51
v -543.59 -96.04 965.14
v -542.09 -92.71 964.13
v -540.99 -89.14 963.48
v -540.32 -85.42 963.21
v -540.10 -81.64 963.34
v -540.32 -77.89 963.85
v -540.99 -74.27 964.74
v -542.09 -70.86 965.98
v -543.59 -67.75 967.54
v -545.45 -65.01 969.39
v -547.63 -62.72 971.48
v -550.07 -60.93 973.75
v -552.72 -59.67 976.15
v -555.51 -59.00 978.63
v -556.54 -59.08 983.19
v -559.35 -59.59 985.67
v -562.10 -60.68 988.05
v -564.71 -62.32 990.25
v -567.11 -64.48 992.23
v -569.26 -67.09 993.94
v -571.09 -70.10 995.33
v -572.57 -73.44 996.38
v -573.65 -77.01 997.04
v -574.31 -80.73 997.32
v -574.53 -84.51 997.20
v -574.31 -88.26 996.68
v -573.65 -91.88 995.78
v -572.57 -95.28 994.52
v -571.09 -98.39 992.94
v -569.26 -101.13 991.06
v -567.11 -103.42 988.93
v -564.71 -105.21 986.62
v -562.10 -106.45 984.17
v -559.35 -107.13 981.64
v -556.54 -107.21 979.11
v -553.72 -106.70 976.62
v -550.98 -105.61 974.25
v -548.37 -103.97 972.04
v -545.96 -101.82 970.06
v -543.81 -99.20 968.36
v -541.98 -96.19 966.96
v -540.51 -92.86 965.92
v -539.43 -89.29 965.25
v -538.77 -85.57 964.98
v -538.54 -81.79 965.10
v -538.77 -78.04 965.61
v -539.43 -74.42 966.51
v -540.51 -71.01 967.77
v -541.98 -67.90 969.36
v -543.81 -65.17 971.24
v -545.96 -62.88 973.36
v -548.37 -61.09 975.68
v -550.98 -59.84 978.13
v -553.72 -59.17 980.65
v -554.67 -59.26 985.23
v -557.44 -59.77 987.76
v -560.15 -60.86 990.18
v -562.71 -62.51 992.43
v -565.08 -64.67 994.45
v -567.20 -67.29 996.20
v -569.00 -70.30 997.62
v -570.45 -73.63 998.69
v -571.52 -77.20 999.38
v -572.17 -80.93 999.66
v -572.38 -84.71 999.55
v -572.17 -88.45 999.03
v -571.52 -92.08 998.12
v -570.45 -95.48 996.84
v -569.00 -98.59 995.22
v -567.20 -101.32 993.31
v -565.08 -103.60 991.15
v -562.71 -105.39 988.80
v -560.15 -106.64 986.30
v -557.44 -107.31 983.73
v -554.67 -107.38 981.15
v -551.90 -106.87 978.61
v -549.20 -105.78 976.19
v -546.63 -104.13 973.94
v -544.26 -101.97 971.92
v -542.15 -99.36 970.18
v -540.34 -96.34 968.76
v -538.89 -93.01 967.69
v -537.83 -89.44 967.00
v -537.18 -85.72 966.71
v -536.96 -81.93 966.83
v -537.18 -78.19 967.35
v -537.83 -74.57 968.26
v -538.89 -71.16 969.54
v -540.34 -68.06 971.15
v -542.15 -65.33 973.06
v -544.26 -63.04 975.22
v -546.63 -61.25 977.58
v -549.20 -60.01 980.07
v -551.90 -59.34 982.64
v -552.77 -59.43 987.23
v -555.50 -59.94 989.82
v -558.16 -61.04 992.28
v -560.68 -62.69 994.58
v -563.01 -64.85 996.64
v -565.09 -67.47 998.42
v -566.87 -70.49 999.87
v -568.30 -73.82 1000.97
v -569.35 -77.40 1001.67
v -569.98 -81.12 1001.97
v -570.20 -84.90 1001.86
v -569.98 -88.65 1001.33
v -569.35 -92.27 1000.41
v -568.30 -95.67 999.11
v -566.87 -98.78 997.48
v -565.09 -101.51 995.53
v -563.01 -103.79 993.34
v -560.68 -105.57 990.94
v -558.16 -106.81 988.40
v -555.50 -107.48 985.79
v -552.77 -107.55 983.16
v -550.05 -107.04 980.57
v -547.39 -105.94 978.11
v -544.86 -104.29 975.81
v -542.53 -102.13 973.75
v -540.45 -99.51 971.97
v -538.67 -96.49 970.52
v -537.25 -93.16 969.42
v -536.20 -89.58 968.72
v -535.56 -85.86 968.42
v -535.35 -82.08 968.53
v -535.56 -78.33 969.06
v -536.20 -74.71 969.98
v -537.25 -71.31 971.28
v -538.67 -68.20 972.92
v -540.45 -65.48 974.86
v -542.53 -63.19 977.05
v -544.86 -61.41 979.45
v -547.39 -60.17 981.99
v -550.05 -59.50 984.60
v -550.84 -59.59 989.21
v -553.52 -60.12 991.84
v -556.13 -61.22 994.35
v -558.62 -62.87 996.69
v -560.91 -65.04 998.79
v -562.95 -67.66 1000.60
v -564.70 -70.68 1002.09
v -566.10 -74.01 1003.21
v -567.13 -77.59 1003.93
v -567.76 -81.31 1004.24
v -567.97 -85.10 1004.13
v -567.76 -88.84 1003.60
v -567.13 -92.46 1002.67
v -566.10 -95.86 1001.35
v -564.70 -98.97 999.69
v -562.95 -101.69 997.72
v -560.91 -103.97 995.49
v -558.62 -105.75 993.05
v -556.13 -106.99 990.47
v -553.52 -107.65 987.81
v -550.84 -107.72 985.13
v -548.16 -107.20 982.50
v -545.54 -106.10 979.99
v -543.06 -104.45 977.65
v -540.77 -102.28 975.55
v -538.72 -99.66 973.74
v -536.98 -96.64 972.25
v -535.57 -93.30 971.13
v -534.54 -89.73 970.41
v -533.91 -86.00 970.10
v -533.70 -82.22 970.21
v -533.91 -78.47 970.74
v -534.54 -74.86 971.67
v -535.57 -71.45 972.99
v -536.98 -68.35 974.65
v -538.72 -65.63 976.62
v -540.77 -63.35 978.85
v -543.06 -61.57 981.29
v -545.54 -60.33 983.87
v -548.16 -59.67 986.53
v -548.87 -59.76 991.15
v -551.50 -60.28 993.82
v -554.07 -61.39 996.38
v -556.51 -63.05 998.76
v -558.77 -65.21 1000.90
v -560.78 -67.84 1002.75
v -562.49 -70.86 1004.26
v -563.87 -74.20 1005.41
v -564.88 -77.78 1006.15
v -565.50 -81.50 1006.47
v -565.71 -85.28 1006.36
v -565.50 -89.03 1005.83
v -564.88 -92.65 1004.89
v -563.87 -96.05 1003.55
v -562.49 -99.15 1001.87
v -560.78 -101.87 999.87
v -558.77 -104.15 997.60
v -556.51 -105.93 995.12
v -554.07 -107.16 992.50
v -551.50 -107.82 989.79
v -548.87 -107.89 987.07
v -546.24 -107.36 984.40
v -543.67 -106.26 981.84
v -541.23 -104.60 979.46
v -538.97 -102.43 977.32
v -536.96 -99.80 975.47
v -535.25 -96.78 973.96
v -533.87 -93.45 972.81
v -532.86 -89.87 972.07
v -532.24 -86.14 971.75
v -532.03 -82.36 971.86
v -532.24 -78.61 972.39
v -532.86 -75.00 973.33
v -533.87 -71.60 974.67
v -535.25 -68.50 976.35
v -536.96 -65.77 978.35
v -538.97 -63.50 980.62
v -541.23 -61.72 983.10
v -543.67 -60.49 985.72
v -546.24 -59.83 988.43
v -546.87 -59.92 993.06
v -549.46 -60.45 995.77
v -551.98 -61.56 998.38
v -554.38 -63.22 1000.80
v -556.59 -65.39 1002.98
v -558.56 -68.02 1004.86
v -560.25 -71.04 1006.40
v -561.60 -74.38 1007.57
v -562.59 -77.96 1008.33
v -563.20 -81.69 1008.66
v -563.40 -85.47 1008.56
v -563.20 -89.22 1008.02
v -562.59 -92.83 1007.07
v -561.60 -96.23 1005.72
v -560.25 -99.33 1004.01
v -558.56 -102.05 1001.98
v -556.59 -104.33 999.68
v -554.38 -106.10 997.16
v -551.98 -107.33 994.50
v -549.46 -107.98 991.75
v -546.87 -108.05 988.98
v -544.28 -107.52 986.26
v -541.76 -106.41 983.66
v -539.36 -104.75 981.24
v -537.15 -102.58 979.06
v -535.18 -99.95 977.17
v -533.49 -96.93 975.63
v -532.14 -93.58 974.46
v -531.14 -90.01 973.71
v -530.54 -86.28 973.37
v -530.33 -82.50 973.48
v -530.54 -78.75 974.01
v -531.14 -75.13 974.97
v -532.14 -71.74 976.31
v -533.49 -68.64 978.03
v -535.18 -65.92 980.06
v -537.15 -63.64 982.36
v -539.36 -61.87 984.87
v -541.76 -60.64 987.54
v -544.28 -59.98 990.29
v -388.37 -72.49 1141.38
v -390.95 -73.02 1144.10
v -393.47 -74.13 1146.71
v -395.87 -75.79 1149.13
v -398.08 -77.96 1151.31
v -400.05 -80.59 1153.19
v -401.73 -83.61 1154.74
v -403.09 -86.95 1155.91
v -404.08 -90.53 1156.66
v -404.68 -94.26 1157.00
v -404.89 -98.04 1156.89
v -404.68 -101.79 1156.36
v -404.08 -105.41 1155.40
v -403.09 -108.80 1154.05
v -401.73 -111.90 1152.34
v -400.05 -114.62 1150.31
v -398.08 -116.90 1148.01
v -395.87 -118.67 1145.49
v -393.47 -119.90 1142.83
v -390.95 -120.55 1140.07
v -388.37 -120.62 1137.30
v -385.78 -120.09 1134.58
v -383.26 -118.98 1131.98
v -380.86 -117.32 1129.56
v -378.65 -115.15 1127.38
v -376.68 -112.52 1125.49
v -375.00 -109.50 1123.94
v -373.64 -106.15 1122.78
v -372.65 -102.58 1122.02
v -372.05 -98.85 1121.69
v -371.84 -95.07 1121.79
v -372.05 -91.32 1122.33
v -372.65 -87.70 1123.28
v -373.64 -84.30 1124.63
v -375.00 -81.21 1126.34
v -376.68 -78.49 1128.37
v -378.65 -76.21 1130.68
v -380.86 -74.44 1133.19
v -383.26 -73.21 1135.86
v -385.78 -72.55 1138.61
v -385.53 -72.70 1143.85
v -387.98 -73.24 1146.69
v -390.38 -74.36 1149.41
v -392.65 -76.03 1151.94
v -394.75 -78.21 1154.22
v -396.62 -80.84 1156.19
v -398.22 -83.87 1157.81
v -399.51 -87.22 1159.04
v -400.45 -90.80 1159.84
v -401.03 -94.53 1160.20
v -401.22 -98.31 1160.11
v -401.03 -102.06 1159.56
v -400.45 -105.67 1158.58
v -399.51 -109.07 1157.19
v -398.22 -112.16 1155.42
v -396.62 -114.88 1153.31
v -394.75 -117.14 1150.92
v -392.65 -118.91 1148.30
v -390.38 -120.13 1145.53
v -387.98 -120.77 1142.66
v -385.53 -120.83 1139.78
v -383.08 -120.29 1136.94
v -380.68 -119.17 1134.22
v -378.41 -117.50 1131.69
v -376.31 -115.32 1129.41
v -374.44 -112.68 1127.44
v -372.84 -109.65 1125.82
v -371.55 -106.31 1124.59
v -370.61 -102.73 1123.79
v -370.03 -99.00 1123.43
v -369.84 -95.21 1123.52
v -370.03 -91.47 1124.07
v -370.61 -87.85 1125.05
v -371.55 -84.46 1126.44
v -372.84 -81.37 1128.21
v -374.44 -78.65 1130.32
v -376.31 -76.38 1132.71
v -378.41 -74.62 1135.33
v -380.68 -73.40 1138.10
v -383.08 -72.75 1140.97
v -382.64 -72.90 1146.26
v -385.02 -73.45 1149.15
v -387.35 -74.57 1151.92
v -389.56 -76.24 1154.51
v -391.60 -78.43 1156.84
v -393.42 -81.07 1158.85
v -394.98 -84.10 1160.51
v -396.23 -87.45 1161.77
v -397.14 -91.04 1162.59
v -397.70 -94.76 1162.97
v -397.89 -98.55 1162.88
v -397.70 -102.29 1162.33
v -397.14 -105.91 1161.33
v -396.23 -109.30 1159.92
v -394.98 -112.39 1158.11
v -393.42 -115.10 1155.97
v -391.60 -117.37 1153.54
v -389.56 -119.13 1150.87
v -387.35 -120.34 1148.05
v -385.02 -120.98 1145.12
v -382.64 -121.03 1142.18
v -380.25 -120.49 1139.29
v -377.92 -119.37 1136.52
v -375.71 -117.69 1133.93
v -373.67 -115.51 1131.60
v -371.85 -112.87 1129.59
v -370.30 -109.83 1127.93
v -369.05 -106.48 1126.67
v -368.13 -102.90 1125.85
v -367.57 -99.17 1125.47
v -367.38 -95.39 1125.56
v -367.57 -91.64 1126.11
v -368.13 -88.03 1127.11
v -369.05 -84.63 1128.52
v -370.30 -81.54 1130.33
v -371.85 -78.83 1132.47
v -373.67 -76.57 1134.90
v -375.71 -74.81 1137.57
v -377.92 -73.59 1140.39
v -380.25 -72.95 1143.32
v -379.69 -73.10 1148.60
v -382.01 -73.65 1151.54
v -384.26 -74.78 1154.37
v -386.41 -76.46 1157.00
v -388.39 -78.64 1159.38
v -390.16 -81.29 1161.44
v -391.67 -84.32 1163.13
v -392.88 -87.68 1164.42
v -393.77 -91.26 1165.26
v -394.32 -94.99 1165.65
v -394.50 -98.78 1165.57
v -394.32 -102.52 1165.01
v -393.77 -106.13 1164.00
v -392.88 -109.53 1162.57
v -391.67 -112.61 1160.74
v -390.16 -115.32 1158.56
v -388.39 -117.58 1156.08
v -386.41 -119.34 1153.37
v -384.26 -120.55 1150.49
v -382.01 -121.19 1147.52
v -379.69 -121.23 1144.52
v -377.37 -120.68 1141.57
v -375.11 -119.55 1138.74
v -372.97 -117.88 1136.11
v -370.98 -115.69 1133.73
v -369.22 -113.04 1131.67
v -367.71 -110.01 1129.98
v -366.49 -106.66 1128.69
v -365.60 -103.07 1127.85
v -365.06 -99.34 1127.46
v -364.88 -95.55 1127.55
v -365.06 -91.81 1128.10
v -365.60 -88.20 1129.11
v -366.49 -84.81 1130.55
v -367.71 -81.72 1132.38
v -369.22 -79.01 1134.56
v -370.98 -76.75 1137.03
v -372.97 -74.99 1139.74
v -375.11 -73.78 1142.62
v -377.37 -73.15 1145.60
v -376.69 -73.29 1150.86
v -378.93 -73.85 1153.86
v -381.12 -74.98 1156.74
v -383.20 -76.66 1159.43
v -385.12 -78.85 1161.85
v -386.84 -81.50 1163.95
v -388.30 -84.54 1165.68
v -389.48 -87.89 1166.99
v -390.34 -91.48 1167.86
v -390.87 -95.21 1168.25
v -391.04 -99.00 1168.17
v -390.87 -102.74 1167.62
v -390.34 -106.35 1166.60
v -389.48 -109.74 1165.14
v -388.30 -112.83 1163.28
v -386.84 -115.53 1161.06
v -385.12 -117.79 1158.55
v -383.20 -119.54 1155.79
v -381.12 -120.75 1152.86
v -378.93 -121.38 1149.84
v -376.69 -121.42 1146.78
v -374.44 -120.87 1143.78
v -372.25 -119.74 1140.90
v -370.17 -118.05 1138.22
v -368.25 -115.86 1135.80
v -366.53 -113.21 1133.70
v -365.07 -110.18 1131.97
v -363.89 -106.82 1130.66
v -363.03 -103.23 1129.79
v -362.51 -99.50 1129.39
v -362.33 -95.72 1129.47
v -362.51 -91.97 1130.03
v -363.03 -88.36 1131.05
v -363.89 -84.97 1132.51
v -365.07 -81.89 1134.37
v -366.53 -79.18 1136.58
v -368.25 -76.93 1139.10
v -370.17 -75.17 1141.86
v -372.25 -73.97 1144.78
v -374.44 -73.33 1147.81
v -373.63 -73.48 1153.06
v -375.80 -74.04 1156.11
v -377.92 -75.17 1159.04
v -379.94 -76.86 1161.77
v -381.80 -79.06 1164.24
v -383.46 -81.71 1166.38
v -384.87 -84.75 1168.14
v -386.01 -88.11 1169.48
v -386.85 -91.69 1170.37
v -387.35 -95.43 1170.78
v -387.53 -99.21 1170.70
v -387.35 -102.96 1170.14
v -386.85 -106.57 1169.11
v -386.01 -109.95 1167.63
v -384.87 -113.04 1165.74
v -383.46 -115.74 1163.49
v -381.80 -117.99 1160.94
v -379.94 -119.74 1158.14
v -377.92 -120.95 1155.16
v -375.80 -121.57 1152.08
v -373.63 -121.61 1148.98
v -371.46 -121.05 1145.93
v -369.34 -119.91 1143.00
v -367.32 -118.23 1140.27
v -365.46 -116.03 1137.80
v -363.81 -113.38 1135.66
v -362.39 -110.34 1133.90
v -361.25 -106.98 1132.56
v -360.42 -103.39 1131.67
v -359.91 -99.66 1131.26
v -359.74 -95.88 1131.34
v -359.91 -92.13 1131.90
v -360.42 -88.52 1132.93
v -361.25 -85.13 1134.41
v -362.39 -82.05 1136.29
v -363.81 -79.35 1138.54
v -365.46 -77.10 1141.10
v -367.32 -75.35 1143.90
v -369.34 -74.14 1146.88
v -371.46 -73.52 1149.95
v -370.53 -73.66 1155.18
v -372.63 -74.22 1158.29
v -374.67 -75.36 1161.26
v -376.62 -77.05 1164.04
v -378.42 -79.25 1166.55
v -380.02 -81.91 1168.73
v -381.39 -84.95 1170.52
v -382.49 -88.31 1171.89
v -383.29 -91.90 1172.80
v -383.79 -95.63 1173.22
v -383.95 -99.42 1173.14
v -383.79 -103.16 1172.58
v -383.29 -106.77 1171.54
v -382.49 -110.16 1170.04
v -381.39 -113.24 1168.13
v -380.02 -115.94 1165.84
v -378.42 -118.19 1163.25
v -376.62 -119.93 1160.41
v -374.67 -121.13 1157.38
v -372.63 -121.76 1154.26
v -370.53 -121.79 1151.10
v -368.42 -121.23 1148.00
v -366.38 -120.09 1145.02
v -364.43 -118.40 1142.24
v -362.63 -116.20 1139.74
v -361.03 -113.54 1137.56
v -359.66 -110.50 1135.76
v -358.56 -107.14 1134.39
v -357.76 -103.55 1133.49
v -357.26 -99.81 1133.07
v -357.10 -96.03 1133.14
v -357.26 -92.29 1133.70
v -357.76 -88.68 1134.75
v -358.56 -85.29 1136.25
v -359.66 -82.21 1138.16
v -361.03 -79.51 1140.44
v -362.63 -77.26 1143.03
v -364.43 -75.51 1145.88
v -366.38 -74.31 1148.90
v -368.42 -73.69 1152.03
v -367.37 -73.83 1157.23
v -369.40 -74.40 1160.38
v -371.37 -75.54 1163.41
v -373.25 -77.24 1166.23
v -374.98 -79.44 1168.78
v -376.53 -82.10 1171.00
v -377.85 -85.15 1172.82
v -378.91 -88.51 1174.22
v -379.69 -92.10 1175.14
v -380.16 -95.83 1175.57
v -380.32 -99.62 1175.50
v -380.16 -103.36 1174.93
v -379.69 -106.97 1173.88
v -378.91 -110.36 1172.36
v -377.85 -113.43 1170.43
v -376.53 -116.13 1168.11
v -374.98 -118.38 1165.48
v -373.25 -120.12 1162.60
v -371.37 -121.32 1159.53
v -369.40 -121.93 1156.35
v -367.37 -121.96 1153.15
v -365.34 -121.40 1150.00
v -363.37 -120.25 1146.98
v -361.49 -118.56 1144.15
v -359.76 -116.35 1141.60
v -358.21 -113.70 1139.39
v -356.89 -110.65 1137.56
v -355.83 -107.29 1136.17
v -355.05 -103.70 1135.24
v -354.58 -99.96 1134.81
v -354.42 -96.18 1134.88
v -354.58 -92.43 1135.45
v -355.05 -88.82 1136.50
v -355.83 -85.44 1138.02
v -356.89 -82.36 1139.96
v -358.21 -79.66 1142.27
v -359.76 -77.42 1144.90
v -361.49 -75.68 1147.79
v -363.37 -74.48 1150.85
v -365.34 -73.86 1154.03
v -364.17 -74.00 1159.21
v -366.12 -74.57 1162.40
v -368.02 -75.72 1165.47
v -369.83 -77.42 1168.34
v -371.50 -79.62 1170.93
v -372.98 -82.28 1173.18
v -374.25 -85.33 1175.04
v -375.28 -88.70 1176.46
v -376.02 -92.29 1177.40
v -376.48 -96.03 1177.84
v -376.63 -99.81 1177.78
v -376.48 -103.55 1177.20
v -376.02 -107.16 1176.14
v -375.28 -110.55 1174.60
v -374.25 -113.62 1172.64
v -372.98 -116.32 1170.30
v -371.50 -118.56 1167.63
v -369.83 -120.30 1164.71
v -368.02 -121.49 1161.60
v -366.12 -122.11 1158.38
v -364.17 -122.13 1155.13
v -362.22 -121.56 1151.93
v -360.32 -120.41 1148.86
v -358.51 -118.71 1145.99
v -356.84 -116.51 1143.40
v -355.35 -113.85 1141.15
v -354.08 -110.80 1139.29
v -353.06 -107.43 1137.88
v -352.31 -103.84 1136.93
v -351.86 -100.10 1136.49
v -351.70 -96.32 1136.56
v -351.86 -92.58 1137.13
v -352.31 -88.97 1138.19
v -353.06 -85.58 1139.73
v -354.08 -82.51 1141.69
v -355.35 -79.81 1144.03
v -356.84 -77.57 1146.70
v -358.51 -75.83 1149.63
v -360.32 -74.64 1152.74
v -362.22 -74.02 1155.96
v -360.92 -74.16 1161.10
v -362.79 -74.74 1164.35
v -364.62 -75.89 1167.46
v -366.36 -77.59 1170.37
v -367.96 -79.80 1173.00
v -369.39 -82.46 1175.28
v -370.61 -85.51 1177.17
v -371.59 -88.88 1178.61
v -372.31 -92.47 1179.57
v -372.75 -96.21 1180.02
v -372.90 -100.00 1179.96
v -372.75 -103.74 1179.39
v -372.31 -107.35 1178.31
v -371.59 -110.73 1176.76
v -370.61 -113.80 1174.77
v -369.39 -116.49 1172.40
v -367.96 -118.73 1169.70
v -366.36 -120.47 1166.73
v -364.62 -121.66 1163.58
v -362.79 -122.27 1160.32
v -360.92 -122.29 1157.03
v -359.05 -121.72 1153.78
v -357.22 -120.56 1150.67
v -355.48 -118.86 1147.76
v -353.88 -116.65 1145.13
v -352.45 -113.99 1142.85
v -351.23 -110.94 1140.96
v -350.25 -107.57 1139.52
v -349.53 -103.98 1138.56
v -349.09 -100.24 1138.11
v -348.94 -96.45 1138.17
v -349.09 -92.71 1138.74
v -349.53 -89.11 1139.82
v -350.25 -85.72 1141.37
v -351.23 -82.65 1143.36
v -352.45 -79.96 1145.73
v -353.88 -77.72 1148.43
v -355.48 -75.98 1151.39
v -357.22 -74.79 1154.55
v -359.05 -74.18 1157.81
v -357.63 -74.32 1162.93
v -359.42 -74.89 1166.21
v -361.18 -76.05 1169.37
v -362.84 -77.75 1172.32
v -364.38 -79.97 1174.98
v -365.74 -82.63 1177.30
v -366.91 -85.69 1179.21
v -367.86 -89.05 1180.68
v -368.54 -92.65 1181.65
v -368.97 -96.39 1182.12
v -369.11 -100.17 1182.06
v -368.97 -103.92 1181.48
v -368.54 -107.52 1180.39
v -367.86 -110.90 1178.83
v -366.91 -113.98 1176.82
v -365.74 -116.66 1174.42
v -364.38 -118.90 1171.68
v -362.84 -120.64 1168.68
v -361.18 -121.82 1165.49
v -359.42 -122.43 1162.18
v -357.63 -122.44 1158.85
v -355.83 -121.87 1155.56
v -354.08 -120.71 1152.40
v -352.42 -119.01 1149.46
v -350.88 -116.79 1146.79
v -349.51 -114.13 1144.47
v -348.34 -111.07 1142.56
v -347.40 -107.71 1141.10
v -346.71 -104.11 1140.12
v -346.29 -100.37 1139.66
v -346.15 -96.59 1139.71
v -346.29 -92.84 1140.29
v -346.71 -89.24 1141.38
v -347.40 -85.86 1142.95
v -348.34 -82.78 1144.96
v -349.51 -80.10 1147.36
v -350.88 -77.86 1150.09
v -352.42 -76.12 1153.09
v -354.08 -74.94 1156.28
v -355.83 -74.33 1159.59
v -354.30 -74.46 1164.67
v -356.01 -75.04 1168.00
v -357.69 -76.20 1171.19
v -359.28 -77.91 1174.18
v -360.75 -80.13 1176.88
v -362.06 -82.80 1179.23
v -363.17 -85.85 1181.17
v -364.07 -89.22 1182.66
v -364.73 -92.82 1183.65
v -365.13 -96.56 1184.12
v -365.27 -100.34 1184.07
v -365.13 -104.09 1183.48
v -364.73 -107.69 1182.39
v -364.07 -111.07 1180.80
v -363.17 -114.14 1178.77
v -362.06 -116.83 1176.35
v -360.75 -119.06 1173.58
v -359.28 -120.79 1170.55
v -357.69 -121.98 1167.32
v -356.01 -122.58 1163.97
v -354.30 -122.59 1160.59
v -352.58 -122.01 1157.26
v -350.90 -120.85 1154.07
v -349.31 -119.14 1151.08
v -347.84 -116.93 1148.38
v -346.54 -114.26 1146.03
v -345.42 -111.20 1144.09
v -344.52 -107.83 1142.61
v -343.86 -104.24 1141.61
v -343.46 -100.50 1141.14
v -343.32 -96.71 1141.20
v -343.46 -92.97 1141.78
v -343.86 -89.36 1142.87
v -344.52 -85.98 1144.46
v -345.42 -82.91 1146.49
v -346.54 -80.23 1148.92
v -347.84 -77.99 1151.68
v -349.31 -76.26 1154.72
v -350.90 -75.08 1157.95
v -352.58 -74.48 1161.29
v -350.92 -74.61 1166.34
v -352.56 -75.19 1169.70
v -354.16 -76.35 1172.94
v -355.67 -78.06 1175.96
v -357.07 -80.28 1178.69
v -358.32 -82.95 1181.07
v -359.39 -86.01 1183.04
v -360.25 -89.38 1184.55
v -360.87 -92.98 1185.55
v -361.26 -96.72 1186.04
v -361.39 -100.51 1185.98
v -361.26 -104.25 1185.40
v -360.87 -107.85 1184.29
v -360.25 -111.23 1182.69
v -359.39 -114.30 1180.64
v -358.32 -116.98 1178.19
v -357.07 -119.22 1175.39
v -355.67 -120.94 1172.32
v -354.16 -122.12 1169.06
v -352.56 -122.72 1165.67
v -350.92 -122.73 1162.26
v -349.28 -122.15 1158.89
v -347.69 -120.99 1155.65
v -346.17 -119.28 1152.63
v -344.77 -117.06 1149.90
v -343.52 -114.39 1147.52
v -342.46 -111.33 1145.55
v -341.60 -107.96 1144.05
v -340.97 -104.36 1143.04
v -340.59 -100.62 1142.56
v -340.46 -96.83 1142.61
v -340.59 -93.09 1143.19
v -340.97 -89.49 1144.30
v -341.60 -86.11 1145.90
v -342.46 -83.04 1147.95
v -343.52 -80.35 1150.40
v -344.77 -78.12 1153.20
v -346.17 -76.39 1156.27
v -347.69 -75.22 1159.53
v -349.28 -74.61 1162.92
v -347.51 -74.74 1167.92
v -349.07 -75.33 1171.33
v -350.58 -76.49 1174.60
v -352.03 -78.21 1177.65
v -353.36 -80.43 1180.42
v -354.54 -83.10 1182.83
v -355.56 -86.16 1184.82
v -356.37 -89.53 1186.34
v -356.97 -93.13 1187.37
v -357.34 -96.87 1187.86
v -357.46 -100.66 1187.81
v -357.34 -104.40 1187.22
v -356.97 -108.01 1186.11
v -356.37 -111.38 1184.49
v -355.56 -114.45 1182.42
v -354.54 -117.13 1179.94
v -353.36 -119.36 1177.12
v -352.03 -121.09 1174.02
v -350.58 -122.26 1170.72
v -349.07 -122.86 1167.30
v -347.51 -122.87 1163.84
v -345.95 -122.28 1160.44
v -344.44 -121.12 1157.17
v -342.99 -119.40 1154.11
v -341.66 -117.18 1151.34
v -340.48 -114.51 1148.93
v -339.46 -111.44 1146.94
v -338.65 -108.07 1145.42
v -338.05 -104.47 1144.40
v -337.68 -100.73 1143.91
v -337.56 -96.95 1143.95
v -337.68 -93.20 1144.54
v -338.05 -89.60 1145.66
v -338.65 -86.22 1147.27
v -339.46 -83.16 1149.34
v -340.48 -80.47 1151.82
v -341.66 -78.24 1154.64
v -342.99 -76.52 1157.74
v -344.44 -75.34 1161.05
v -345.95 -74.75 1164.47
v -344.06 -74.87 1169.43
v -345.54 -75.46 1172.87
v -346.97 -76.63 1176.17
v -348.34 -78.34 1179.26
v -349.60 -80.57 1182.06
v -350.73 -83.24 1184.49
v -351.69 -86.31 1186.51
v -352.46 -89.68 1188.05
v -353.03 -93.28 1189.09
v -353.37 -97.02 1189.59
v -353.49 -100.81 1189.54
v -353.37 -104.55 1188.95
v -353.03 -108.15 1187.83
v -352.46 -111.53 1186.20
v -351.69 -114.59 1184.11
v -350.73 -117.27 1181.61
v -349.60 -119.50 1178.76
v -348.34 -121.22 1175.63
v -346.97 -122.40 1172.29
v -345.54 -122.99 1168.84
v -344.06 -122.99 1165.35
v -342.59 -122.40 1161.91
v -341.15 -121.24 1158.60
v -339.78 -119.52 1155.51
v -338.52 -117.30 1152.71
v -337.40 -114.62 1150.28
v -336.44 -111.56 1148.26
v -335.66 -108.18 1146.72
v -335.10 -104.58 1145.69
v -334.75 -100.84 1145.19
v -334.63 -97.05 1145.23
v -334.75 -93.31 1145.82
v -335.10 -89.71 1146.95
v -335.66 -86.33 1148.57
v -336.44 -83.27 1150.66
v -337.40 -80.59 1153.16
v -338.52 -78.36 1156.01
v -339.78 -76.64 1159.15
v -341.15 -75.46 1162.48
v -342.59 -74.87 1165.93
v -340.58 -74.99 1170.85
v -341.97 -75.58 1174.32
v -343.33 -76.75 1177.66
v -344.62 -78.47 1180.78
v -345.81 -80.70 1183.61
v -346.87 -83.38 1186.07
v -347.78 -86.44 1188.11
v -348.51 -89.82 1189.67
v -349.04 -93.42 1190.71
v -349.37 -97.16 1191.22
v -349.48 -100.95 1191.18
v -349.37 -104.69 1190.58
v -349.04 -108.29 1189.45
v -348.51 -111.67 1187.82
v -347.78 -114.73 1185.71
v -346.87 -117.41 1183.19
v -345.81 -119.63 1180.31
v -344.62 -121.35 1177.15
v -343.33 -122.52 1173.78
v -341.97 -123.12 1170.29
v -340.58 -123.12 1166.77
v -339.19 -122.52 1163.30
v -337.83 -121.35 1159.96
v -336.54 -119.63 1156.84
v -335.35 -117.41 1154.01
v -334.29 -114.73 1151.55
v -333.38 -111.66 1149.51
v -332.65 -108.29 1147.95
v -332.11 -104.68 1146.90
v -331.79 -100.94 1146.40
v -331.68 -97.16 1146.44
v -331.79 -93.41 1147.03
v -332.11 -89.81 1148.16
v -332.65 -86.44 1149.80
v -333.38 -83.37 1151.91
v -334.29 -80.70 1154.43
v -335.35 -78.47 1157.31
v -336.54 -76.75 1160.47
v -337.83 -75.58 1163.84
v -339.19 -74.99 1167.32
v -337.06 -75.10 1172.19
v -338.37 -75.70 1175.70
v -339.65 -76.87 1179.07
v -340.86 -78.59 1182.22
v -341.98 -80.82 1185.07
v -342.98 -83.50 1187.55
v -343.83 -86.57 1189.61
v -344.52 -89.95 1191.19
v -345.02 -93.55 1192.25
v -345.33 -97.29 1192.76
v -345.43 -101.08 1192.72
v -345.33 -104.82 1192.13
v -345.02 -108.42 1190.99
v -344.52 -111.79 1189.34
v -343.83 -114.86 1187.21
v -342.98 -117.53 1184.67
v -341.98 -119.76 1181.77
v -340.86 -121.47 1178.58
v -339.65 -122.64 1175.19
v -338.37 -123.23 1171.67
v -337.06 -123.23 1168.11
v -335.76 -122.63 1164.61
v -334.48 -121.46 1161.24
v -333.27 -119.74 1158.09
v -332.15 -117.51 1155.23
v -331.15 -114.83 1152.75
v -330.29 -111.76 1150.69
v -329.61 -108.39 1149.11
v -329.11 -104.78 1148.05
v -328.80 -101.04 1147.54
v -328.70 -97.25 1147.58
v -328.80 -93.51 1148.17
v -329.11 -89.91 1149.31
v -329.61 -86.54 1150.96
v -330.29 -83.47 1153.09
v -331.15 -80.80 1155.63
v -332.15 -78.57 1158.53
v -333.27 -76.86 1161.72
v -334.48 -75.69 1165.11
v -335.76 -75.10 1168.63
v -333.52 -75.21 1173.45
v -334.74 -75.81 1176.98
v -335.94 -76.98 1180.38
v -337.07 -78.71 1183.56
v -338.12 -80.94 1186.44
v -339.06 -83.62 1188.95
v -339.86 -86.69 1191.02
v -340.50 -90.07 1192.62
v -340.97 -93.67 1193.69
v -341.25 -97.41 1194.21
v -341.35 -101.20 1194.17
v -341.25 -104.94 1193.57
v -340.97 -108.54 1192.43
v -340.50 -111.92 1190.76
v -339.86 -114.98 1188.63
v -339.06 -117.65 1186.06
v -338.12 -119.87 1183.14
v -337.07 -121.59 1179.93
v -335.94 -122.75 1176.50
v -334.74 -123.34 1172.96
v -333.52 -123.34 1169.37
v -332.29 -122.74 1165.83
v -331.10 -121.56 1162.43
v -329.96 -119.84 1159.26
v -328.92 -117.61 1156.38
v -327.98 -114.92 1153.87
v -327.18 -111.86 1151.79
v -326.54 -108.48 1150.20
v -326.07 -104.87 1149.13
v -325.78 -101.13 1148.61
v -325.69 -97.34 1148.65
v -325.78 -93.60 1149.24
v -326.07 -90.00 1150.39
v -326.54 -86.63 1152.05
v -327.18 -83.57 1154.19
v -327.98 -80.89 1156.75
v -328.92 -78.67 1159.68
v -329.96 -76.96 1162.89
v -331.10 -75.79 1166.31
v -332.29 -75.20 1169.86
v -329.94 -75.31 1174.62
v -331.09 -75.91 1178.19
v -332.20 -77.09 1181.61
v -333.25 -78.81 1184.81
v -334.23 -81.05 1187.72
v -335.10 -83.73 1190.25
v -335.84 -86.80 1192.34
v -336.44 -90.18 1193.95
v -336.88 -93.78 1195.03
v -337.15 -97.53 1195.56
v -337.24 -101.32 1195.52
v -337.15 -105.06 1194.92
v -336.88 -108.66 1193.77
v -336.44 -112.03 1192.10
v -335.84 -115.09 1189.94
v -335.10 -117.76 1187.36
v -334.23 -119.98 1184.42
v -333.25 -121.69 1181.18
v -332.20 -122.86 1177.73
v -331.09 -123.44 1174.16
v -329.94 -123.44 1170.54
v -328.80 -122.83 1166.98
v -327.69 -121.66 1163.55
v -326.63 -119.93 1160.35
v -325.66 -117.70 1157.45
v -324.79 -115.01 1154.92
v -324.05 -111.94 1152.82
v -323.45 -108.56 1151.22
v -323.01 -104.96 1150.13
v -322.74 -101.22 1149.61
v -322.65 -97.43 1149.64
v -322.74 -93.69 1150.24
v -323.01 -90.09 1151.40
v -323.45 -86.71 1153.07
v -324.05 -83.65 1155.22
v -324.79 -80.98 1157.80
v -325.66 -78.76 1160.75
v -326.63 -77.05 1163.98
v -327.69 -75.88 1167.43
v -328.80 -75.30 1171.01
v -326.34 -75.40 1175.71
v -327.40 -76.00 1179.30
v -328.43 -77.18 1182.75
v -329.41 -78.91 1185.98
v -330.31 -81.15 1188.90
v -331.11 -83.83 1191.45
v -331.80 -86.90 1193.56
v -332.35 -90.28 1195.19
v -332.76 -93.89 1196.28
v -333.01 -97.63 1196.81
v -333.09 -101.42 1196.78
v -333.01 -105.16 1196.17
v -332.76 -108.76 1195.02
v -332.35 -112.13 1193.33
v -331.80 -115.19 1191.17
v -331.11 -117.86 1188.57
v -330.31 -120.08 1185.60
v -329.41 -121.79 1182.35
v -328.43 -122.95 1178.87
v -327.40 -123.54 1175.27
v -326.34 -123.53 1171.63
v -325.29 -122.92 1168.04
v -324.26 -121.74 1164.59
v -323.28 -120.02 1161.37
v -322.38 -117.78 1158.44
v -321.57 -115.09 1155.89
v -320.89 -112.02 1153.78
v -320.33 -108.64 1152.16
v -319.93 -105.04 1151.07
v -319.68 -101.29 1150.53
v -319.60 -97.51 1150.57
v -319.68 -93.77 1151.17
v -319.93 -90.17 1152.33
v -320.33 -86.79 1154.01
v -320.89 -83.74 1156.18
v -321.57 -81.06 1158.78
v -322.38 -78.84 1161.74
v -323.28 -77.13 1165.00
v -324.26 -75.97 1168.47
v -325.29 -75.39 1172.07
v -322.72 -75.49 1176.72
v -323.69 -76.09 1180.33
v -324.63 -77.27 1183.80
v -325.53 -79.00 1187.05
v -326.36 -81.24 1190.00
v -327.10 -83.93 1192.57
v -327.73 -87.00 1194.69
v -328.24 -90.38 1196.33
v -328.61 -93.99 1197.43
v -328.84 -97.73 1197.97
v -328.92 -101.52 1197.94
v -328.84 -105.26 1197.33
v -328.61 -108.86 1196.17
v -328.24 -112.23 1194.47
v -327.73 -115.29 1192.29
v -327.10 -117.96 1189.68
v -326.36 -120.18 1186.70
v -325.53 -121.88 1183.42
v -324.63 -123.04 1179.93
v -323.69 -123.62 1176.30
v -322.72 -123.61 1172.64
v -321.75 -123.01 1169.03
v -320.80 -121.83 1165.55
v -319.90 -120.10 1162.30
v -319.08 -117.86 1159.36
v -318.34 -115.17 1156.79
v -317.70 -112.10 1154.66
v -317.20 -108.72 1153.03
v -316.82 -105.11 1151.93
v -316.60 -101.37 1151.39
v -316.52 -97.58 1151.42
v -316.60 -93.84 1152.03
v -316.82 -90.24 1153.19
v -317.20 -86.87 1154.88
v -317.70 -83.81 1157.06
v -318.34 -81.14 1159.67
v -319.08 -78.92 1162.66
v -319.90 -77.21 1165.94
v -320.80 -76.05 1169.43
v -321.75 -75.47 1173.05
v -319.07 -75.56 1177.64
v -319.95 -76.17 1181.27
v -320.81 -77.35 1184.77
v -321.63 -79.09 1188.04
v -322.39 -81.32 1191.00
v -323.06 -84.01 1193.58
v -323.64 -87.09 1195.72
v -324.10 -90.47 1197.37
v -324.44 -94.08 1198.48
v -324.65 -97.82 1199.03
v -324.72 -101.61 1198.99
v -324.65 -105.35 1198.39
v -324.44 -108.95 1197.22
v -324.10 -112.32 1195.52
v -323.64 -115.38 1193.33
v -323.06 -118.04 1190.70
v -322.39 -120.26 1187.70
v -321.63 -121.97 1184.40
v -320.81 -123.13 1180.89
v -319.95 -123.70 1177.24
v -319.07 -123.69 1173.56
v -318.19 -123.08 1169.92
v -317.33 -121.90 1166.43
v -316.51 -120.17 1163.16
v -315.75 -117.93 1160.19
v -315.08 -115.24 1157.61
v -314.50 -112.17 1155.47
v -314.04 -108.78 1153.82
v -313.70 -105.18 1152.72
v -313.49 -101.43 1152.17
v -313.42 -97.64 1152.20
v -313.49 -93.90 1152.81
v -313.70 -90.31 1153.98
v -314.04 -86.94 1155.68
v -314.50 -83.88 1157.87
v -315.08 -81.21 1160.49
v -315.75 -78.99 1163.49
v -316.51 -77.29 1166.79
v -317.33 -76.13 1170.31
v -318.19 -75.55 1173.95
v -315.40 -75.63 1178.47
v -316.20 -76.24 1182.12
v -316.97 -77.43 1185.64
v -317.71 -79.16 1188.93
v -318.39 -81.40 1191.91
v -319.00 -84.09 1194.51
v -319.52 -87.17 1196.66
v -319.94 -90.55 1198.32
v -320.24 -94.16 1199.43
v -320.43 -97.90 1199.98
v -320.49 -101.69 1199.95
v -320.43 -105.43 1199.35
v -320.24 -109.03 1198.17
v -319.94 -112.40 1196.46
v -319.52 -115.45 1194.26
v -319.00 -118.12 1191.62
v -318.39 -120.34 1188.61
v -317.71 -122.04 1185.29
v -316.97 -123.20 1181.76
v -316.20 -123.78 1178.10
v -315.40 -123.76 1174.39
v -314.61 -123.15 1170.74
v -313.83 -121.97 1167.22
v -313.09 -120.23 1163.93
v -312.41 -117.99 1160.95
v -311.80 -115.30 1158.36
v -311.28 -112.23 1156.20
v -310.87 -108.85 1154.55
v -310.56 -105.24 1153.43
v -310.37 -101.49 1152.88
v -310.31 -97.70 1152.91
v -310.37 -93.96 1153.52
v -310.56 -90.37 1154.69
v -310.87 -87.00 1156.40
v -311.28 -83.94 1158.60
v -311.80 -81.27 1161.24
v -312.41 -79.06 1164.25
v -313.09 -77.35 1167.57
v -313.83 -76.20 1171.10
v -314.61 -75.62 1174.76
v -311.71 -75.70 1179.22
v -312.42 -76.31 1182.89
v -313.11 -77.49 1186.42
v -313.77 -79.23 1189.73
v -314.38 -81.47 1192.72
v -314.92 -84.16 1195.33
v -315.38 -87.24 1197.50
v -315.75 -90.62 1199.16
v -316.02 -94.23 1200.29
v -316.19 -97.97 1200.84
v -316.25 -101.76 1200.81
v -316.19 -105.50 1200.20
v -316.02 -109.10 1199.03
v -315.75 -112.47 1197.31
v -315.38 -115.53 1195.10
v -314.92 -118.19 1192.45
v -314.38 -120.41 1189.42
v -313.77 -122.11 1186.09
v -313.11 -123.27 1182.54
v -312.42 -123.84 1178.86
v -311.71 -123.82 1175.14
v -311.01 -123.21 1171.47
v -310.31 -122.03 1167.93
v -309.66 -120.29 1164.63
v -309.05 -118.05 1161.63
v -308.51 -115.36 1159.02
v -308.05 -112.28 1156.86
v -307.68 -108.90 1155.19
v -307.40 -105.29 1154.07
v -307.24 -101.55 1153.51
v -307.18 -97.76 1153.54
v -307.24 -94.02 1154.15
v -307.40 -90.42 1155.33
v -307.68 -87.05 1157.04
v -308.05 -84.00 1159.25
v -308.51 -81.33 1161.91
v -309.05 -79.12 1164.93
v -309.66 -77.41 1168.26
v -310.31 -76.26 1171.81
v -311.01 -75.68 1175.49
v -308.01 -75.75 1179.88
v -308.63 -76.36 1183.56
v -309.24 -77.55 1187.11
v -309.81 -79.29 1190.43
v -310.34 -81.53 1193.44
v -310.82 -84.22 1196.06
v -311.22 -87.30 1198.24
v -311.55 -90.68 1199.91
v -311.79 -94.29 1201.04
v -311.93 -98.04 1201.60
v -311.98 -101.83 1201.57
v -311.93 -105.57 1200.96
v -311.79 -109.17 1199.78
v -311.55 -112.53 1198.06
v -311.22 -115.59 1195.84
v -310.82 -118.25 1193.18
v -310.34 -120.47 1190.14
v -309.81 -122.17 1186.80
v -309.24 -123.32 1183.23
v -308.63 -123.90 1179.54
v -308.01 -123.88 1175.80
v -307.39 -123.27 1172.11
v -306.78 -122.08 1168.56
v -306.21 -120.34 1165.24
v -305.68 -118.10 1162.24
v -305.20 -115.41 1159.61
v -304.80 -112.33 1157.44
v -304.47 -108.95 1155.76
v -304.23 -105.34 1154.63
v -304.09 -101.59 1154.07
v -304.04 -97.81 1154.10
v -304.09 -94.07 1154.71
v -304.23 -90.47 1155.89
v -304.47 -87.10 1157.61
v -304.80 -84.05 1159.83
v -305.20 -81.38 1162.50
v -305.68 -79.17 1165.54
v -306.21 -77.46 1168.88
v -306.78 -76.31 1172.44
v -307.39 -75.73 1176.14
v -304.29 -75.80 1180.45
v -304.83 -76.41 1184.15
v -305.35 -77.60 1187.71
v -305.84 -79.34 1191.04
v -306.30 -81.58 1194.06
v -306.70 -84.28 1196.70
v -307.05 -87.35 1198.88
v -307.33 -90.74 1200.56
v -307.53 -94.35 1201.70
v -307.66 -98.09 1202.26
v -307.70 -101.88 1202.23
v -307.66 -105.62 1201.62
v -307.53 -109.22 1200.44
v -307.33 -112.59 1198.71
v -307.05 -115.64 1196.48
v -306.70 -118.31 1193.81
v -306.30 -120.52 1190.76
v -305.84 -122.22 1187.41
v -305.35 -123.38 1183.83
v -304.83 -123.95 1180.12
v -304.29 -123.93 1176.37
v -303.76 -123.32 1172.67
v -303.24 -122.13 1169.11
v -302.75 -120.39 1165.78
v -302.29 -118.15 1162.76
v -301.88 -115.45 1160.12
v -301.54 -112.38 1157.94
v -301.26 -108.99 1156.26
v -301.05 -105.38 1155.12
v -300.93 -101.64 1154.56
v -300.88 -97.85 1154.59
v -300.93 -94.11 1155.20
v -301.05 -90.51 1156.38
v -301.26 -87.14 1158.11
v -301.54 -84.09 1160.34
v -301.88 -81.42 1163.01
v -302.29 -79.21 1166.06
v -302.75 -77.51 1169.41
v -303.24 -76.36 1172.99
v -303.76 -75.78 1176.70
v -300.56 -75.84 1180.93
v -301.01 -76.46 1184.65
v -301.44 -77.65 1188.22
v -301.85 -79.38 1191.56
v -302.23 -81.63 1194.59
v -302.57 -84.32 1197.23
v -302.86 -87.40 1199.43
v -303.09 -90.79 1201.11
v -303.27 -94.40 1202.25
v -303.37 -98.14 1202.82
v -303.40 -101.93 1202.79
v -303.37 -105.67 1202.18
v -303.27 -109.27 1200.99
v -303.09 -112.64 1199.26
v -302.86 -115.69 1197.03
v -302.57 -118.35 1194.35
v -302.23 -120.56 1191.29
v -301.85 -122.27 1187.93
v -301.44 -123.42 1184.34
v -301.01 -123.99 1180.62
v -300.56 -123.97 1176.86
v -300.12 -123.36 1173.14
v -299.68 -122.17 1169.57
v -299.27 -120.43 1166.23
v -298.89 -118.18 1163.20
v -298.55 -115.49 1160.56
v -298.26 -112.41 1158.36
v -298.03 -109.03 1156.68
v -297.86 -105.42 1155.54
v -297.75 -101.67 1154.97
v -297.72 -97.88 1155.00
v -297.75 -94.14 1155.61
v -297.86 -90.54 1156.80
v -298.03 -87.18 1158.53
v -298.26 -84.12 1160.76
v -298.55 -81.46 1163.44
v -298.89 -79.25 1166.50
v -299.27 -77.55 1169.86
v -299.68 -76.39 1173.45
v -300.12 -75.82 1177.17
v -296.82 -75.88 1181.33
v -297.18 -76.49 1185.05
v -297.52 -77.68 1188.64
v -297.85 -79.42 1191.99
v -298.16 -81.67 1195.02
v -298.43 -84.36 1197.67
v -298.66 -87.44 1199.87
v -298.85 -90.82 1201.56
v -298.99 -94.43 1202.71
v -299.07 -98.18 1203.27
v -299.10 -101.97 1203.25
v -299.07 -105.71 1202.64
v -298.99 -109.31 1201.45
v -298.85 -112.67 1199.71
v -298.66 -115.73 1197.48
v -298.43 -118.39 1194.79
v -298.16 -120.60 1191.72
v -297.85 -122.30 1188.35
v -297.52 -123.45 1184.76
v -297.18 -124.03 1181.03
v -296.82 -124.00 1177.25
v -296.46 -123.39 1173.53
v -296.12 -122.20 1169.95
v -295.79 -120.46 1166.60
v -295.48 -118.21 1163.56
v -295.21 -115.52 1160.91
v -294.98 -112.44 1158.71
v -294.79 -109.06 1157.02
v -294.66 -105.45 1155.88
v -294.57 -101.70 1155.31
v -294.54 -97.91 1155.34
v -294.57 -94.17 1155.95
v -294.66 -90.57 1157.14
v -294.79 -87.21 1158.87
v -294.98 -84.15 1161.11
v -295.21 -81.49 1163.79
v -295.48 -79.28 1166.86
v -295.79 -77.58 1170.23
v -296.12 -76.43 1173.83
v -296.46 -75.85 1177.56
v -293.07 -75.90 1181.64
v -293.34 -76.52 1185.37
v -293.60 -77.71 1188.96
v -293.85 -79.45 1192.32
v -294.08 -81.69 1195.36
v -294.28 -84.39 1198.02
v -294.45 -87.47 1200.22
v -294.59 -90.85 1201.92
v -294.70 -94.46 1203.06
v -294.76 -98.21 1203.63
v -294.78 -102.00 1203.61
v -294.76 -105.74 1202.99
v -294.70 -109.34 1201.80
v -294.59 -112.70 1200.06
v -294.45 -115.76 1197.82
v -294.28 -118.42 1195.13
v -294.08 -120.63 1192.06
v -293.85 -122.33 1188.68
v -293.60 -123.48 1185.08
v -293.34 -124.05 1181.34
v -293.07 -124.03 1177.56
v -292.80 -123.42 1173.83
v -292.54 -122.22 1170.25
v -292.30 -120.48 1166.89
v -292.07 -118.24 1163.84
v -291.86 -115.54 1161.19
v -291.69 -112.46 1158.98
v -291.55 -109.08 1157.29
v -291.45 -105.47 1156.14
v -291.38 -101.72 1155.58
v -291.36 -97.93 1155.60
v -291.38 -94.19 1156.21
v -291.45 -90.60 1157.40
v -291.55 -87.23 1159.14
v -291.69 -84.18 1161.38
v -291.86 -81.51 1164.07
v -292.07 -79.30 1167.14
v -292.30 -77.60 1170.52
v -292.54 -76.45 1174.12
v -292.80 -75.88 1177.86
v -289.32 -75.92 1181.86
v -289.49 -76.54 1185.60
v -289.67 -77.73 1189.19
v -289.83 -79.47 1192.55
v -289.99 -81.71 1195.60
v -290.12 -84.41 1198.26
v -290.24 -87.49 1200.47
v -290.33 -90.88 1202.17
v -290.40 -94.49 1203.31
v -290.44 -98.23 1203.88
v -290.45 -102.02 1203.86
v -290.44 -105.76 1203.25
v -290.40 -109.36 1202.05
v -290.33 -112.72 1200.31
v -290.24 -115.78 1198.07
v -290.12 -118.44 1195.38
v -289.99 -120.65 1192.30
v -289.83 -122.35 1188.92
v -289.67 -123.50 1185.31
v -289.49 -124.07 1181.57
v -289.32 -124.05 1177.78
v -289.14 -123.43 1174.05
v -288.96 -122.24 1170.46
v -288.80 -120.50 1167.09
v -288.65 -118.26 1164.04
v -288.51 -115.56 1161.38
v -288.39 -112.48 1159.18
v -288.30 -109.09 1157.48
v -288.23 -105.48 1156.33
v -288.19 -101.74 1155.76
v -288.18 -97.95 1155.79
v -288.19 -94.21 1156.40
v -288.23 -90.61 1157.59
v -288.30 -87.25 1159.33
v -288.39 -84.19 1161.58
v -288.51 -81.53 1164.27
v -288.65 -79.32 1167.34
v -288.80 -77.62 1170.73
v -288.96 -76.47 1174.33
v -289.14 -75.90 1178.08
v -285.56 -75.93 1182.00
v -285.64 -76.55 1185.73
v -285.73 -77.74 1189.33
v -285.81 -79.48 1192.69
v -285.89 -81.73 1195.75
v -285.96 -84.42 1198.41
v -286.02 -87.50 1200.62
v -286.06 -90.89 1202.32
v -286.10 -94.50 1203.47
v -286.12 -98.25 1204.04
v -286.13 -102.03 1204.01
v -286.12 -105.77 1203.40
v -286.10 -109.37 1202.21
v -286.06 -112.74 1200.46
v -286.02 -115.79 1198.22
v -285.96 -118.45 1195.52
v -285.89 -120.66 1192.45
v -285.81 -122.36 1189.06
v -285.73 -123.51 1185.45
v -285.64 -124.08 1181.70
v -285.56 -124.06 1177.92
v -285.47 -123.44 1174.18
v -285.38 -122.25 1170.58
v -285.30 -120.51 1167.22
v -285.22 -118.27 1164.17
v -285.15 -115.57 1161.50
v -285.09 -112.49 1159.29
v -285.05 -109.10 1157.59
v -285.01 -105.49 1156.45
v -284.99 -101.75 1155.88
v -284.99 -97.96 1155.90
v -284.99 -94.22 1156.51
v -285.01 -90.62 1157.71
v -285.05 -87.26 1159.45
v -285.09 -84.20 1161.69
v -285.15 -81.54 1164.39
v -285.22 -79.33 1167.47
v -285.30 -77.63 1170.85
v -285.38 -76.48 1174.46
v -285.47 -75.91 1178.21
v -281.79 -75.94 1182.04
v -281.79 -76.55 1185.78
v -281.79 -77.74 1189.38
v -281.79 -79.48 1192.74
v -281.79 -81.73 1195.79
v -281.79 -84.43 1198.46
v -281.79 -87.51 1200.67
v -281.79 -90.89 1202.37
v -281.79 -94.50 1203.52
v -281.79 -98.25 1204.09
v -281.79 -102.04 1204.06
v -281.79 -105.78 1203.45
v -281.79 -109.38 1202.26
v -281.79 -112.74 1200.52
v -281.79 -115.79 1198.27
v -281.79 -118.46 1195.57
v -281.79 -120.67 1192.49
v -281.79 -122.37 1189.11
v -281.79 -123.52 1185.50
v -281.79 -124.09 1181.75
v -281.79 -124.06 1177.96
v -281.79 -123.45 1174.22
v -281.79 -122.26 1170.62
v -281.79 -120.52 1167.26
v -281.79 -118.27 1164.21
v -281.79 -115.57 1161.54
v -281.79 -112.49 1159.33
v -281.79 -109.11 1157.63
v -281.79 -105.50 1156.48
v -281.79 -101.75 1155.91
v -281.79 -97.96 1155.94
v -281.79 -94.22 1156.55
v -281.79 -90.62 1157.74
v -281.79 -87.26 1159.48
v -281.79 -84.21 1161.73
v -281.79 -81.54 1164.43
v -281.79 -79.33 1167.51
v -281.79 -77.63 1170.89
v -281.79 -76.48 1174.50
v -281.79 -75.91 1178.25
v 349.10 -75.93 1182.01
v 349.10 -76.55 1185.75
v 349.10 -77.74 1189.34
v 349.10 -79.48 1192.71
v 349.10 -81.73 1195.76
v 349.10 -84.42 1198.42
v 349.10 -87.50 1200.63
v 349.10 -90.89 1202.33
v 349.10 -94.50 1203.48
v 349.10 -98.25 1204.05
v 349.10 -102.04 1204.03
v 349.10 -105.78 1203.42
v 349.10 -109.37 1202.22
v 349.10 -112.74 1200.48
v 349.10 -115.79 1198.24
v 349.10 -118.45 1195.54
v 349.10 -120.66 1192.46
v 349.10 -122.36 1189.07
v 349.10 -123.51 1185.46
v 349.10 -124.08 1181.72
v 349.10 -124.06 1177.93
v 349.10 -123.45 1174.19
v 349.10 -122.25 1170.59
v 349.10 -120.51 1167.22
v 349.10 -118.27 1164.17
v 349.10 -115.57 1161.51
v 349.09 -112.49 1159.30
v 349.09 -109.10 1157.60
v 349.09 -105.49 1156.45
v 349.09 -101.75 1155.88
v 349.09 -97.96 1155.90
v 349.09 -94.22 1156.52
v 349.09 -90.62 1157.71
v 349.09 -87.26 1159.45
v 349.09 -84.20 1161.70
v 349.10 -81.54 1164.39
v 349.10 -79.33 1167.47
v 349.10 -77.63 1170.86
v 349.10 -76.48 1174.47
v 349.10 -75.91 1178.22
v 352.36 -75.92 1181.91
v 352.52 -76.54 1185.64
v 352.67 -77.73 1189.24
v 352.81 -79.47 1192.60
v 352.94 -81.72 1195.65
v 353.06 -84.41 1198.31
v 353.16 -87.49 1200.52
v 353.24 -90.88 1202.22
v 353.30 -94.49 1203.36
v 353.34 -98.24 1203.93
v 353.35 -102.03 1203.91
v 353.34 -105.77 1203.30
v 353.30 -109.36 1202.10
v 353.24 -112.73 1200.36
v 353.16 -115.78 1198.12
v 353.06 -118.45 1195.43
v 352.94 -120.65 1192.35
v 352.81 -122.35 1188.97
v 352.67 -123.50 1185.36
v 352.52 -124.07 1181.61
v 352.36 -124.05 1177.83
v 352.21 -123.44 1174.09
v 352.06 -122.25 1170.50
v 351.91 -120.50 1167.13
v 351.78 -118.26 1164.08
v 351.66 -115.56 1161.42
v 351.56 -112.48 1159.22
v 351.48 -109.10 1157.52
v 351.42 -105.49 1156.37
v 351.38 -101.74 1155.80
v 351.37 -97.95 1155.82
v 351.38 -94.21 1156.44
v 351.42 -90.61 1157.63
v 351.48 -87.25 1159.37
v 351.56 -84.20 1161.61
v 351.66 -81.53 1164.31
v 351.78 -79.32 1167.38
v 351.91 -77.62 1170.77
v 352.06 -76.47 1174.38
v 352.21 -75.90 1178.12
v 355.62 -75.91 1181.74
v 355.85 -76.53 1185.47
v 356.08 -77.72 1189.06
v 356.29 -79.46 1192.42
v 356.49 -81.70 1195.47
v 356.67 -84.40 1198.13
v 356.82 -87.48 1200.33
v 356.94 -90.86 1202.03
v 357.03 -94.47 1203.17
v 357.09 -98.22 1203.74
v 357.10 -102.01 1203.72
v 357.09 -105.75 1203.10
v 357.03 -109.35 1201.91
v 356.94 -112.71 1200.18
v 356.82 -115.77 1197.93
v 356.67 -118.43 1195.24
v 356.49 -120.64 1192.17
v 356.29 -122.34 1188.79
v 356.08 -123.49 1185.18
v 355.85 -124.06 1181.44
v 355.62 -124.04 1177.66
v 355.39 -123.42 1173.93
v 355.16 -122.23 1170.34
v 354.95 -120.49 1166.98
v 354.75 -118.25 1163.93
v 354.57 -115.55 1161.27
v 354.42 -112.47 1159.07
v 354.30 -109.09 1157.37
v 354.21 -105.47 1156.23
v 354.16 -101.73 1155.66
v 354.14 -97.94 1155.68
v 354.16 -94.20 1156.30
v 354.21 -90.60 1157.49
v 354.30 -87.24 1159.23
v 354.42 -84.18 1161.47
v 354.57 -81.52 1164.16
v 354.75 -79.31 1167.23
v 354.95 -77.61 1170.61
v 355.16 -76.46 1174.22
v 355.39 -75.89 1177.96
v 358.88 -75.89 1181.51
v 359.19 -76.51 1185.23
v 359.49 -77.70 1188.82
v 359.77 -79.44 1192.17
v 360.04 -81.68 1195.21
v 360.27 -84.38 1197.87
v 360.48 -87.45 1200.07
v 360.64 -90.84 1201.76
v 360.76 -94.45 1202.91
v 360.83 -98.20 1203.47
v 360.85 -101.99 1203.45
v 360.83 -105.73 1202.84
v 360.76 -109.32 1201.65
v 360.64 -112.69 1199.91
v 360.48 -115.74 1197.67
v 360.27 -118.41 1194.98
v 360.04 -120.62 1191.91
v 359.77 -122.32 1188.54
v 359.49 -123.47 1184.94
v 359.19 -124.04 1181.21
v 358.88 -124.02 1177.43
v 358.57 -123.40 1173.70
v 358.27 -122.21 1170.12
v 357.98 -120.47 1166.76
v 357.72 -118.23 1163.72
v 357.48 -115.53 1161.07
v 357.28 -112.45 1158.87
v 357.12 -109.07 1157.17
v 357.00 -105.46 1156.03
v 356.93 -101.71 1155.46
v 356.90 -97.92 1155.48
v 356.93 -94.18 1156.10
v 357.00 -90.59 1157.29
v 357.12 -87.22 1159.02
v 357.28 -84.17 1161.26
v 357.48 -81.50 1163.95
v 357.72 -79.29 1167.02
v 357.98 -77.59 1170.40
v 358.27 -76.44 1174.00
v 358.57 -75.87 1177.73
v 362.13 -75.87 1181.21
v 362.51 -76.48 1184.93
v 362.89 -77.67 1188.50
v 363.25 -79.41 1191.85
v 363.58 -81.65 1194.89
v 363.87 -84.35 1197.54
v 364.12 -87.43 1199.73
v 364.33 -90.81 1201.42
v 364.47 -94.42 1202.56
v 364.57 -98.17 1203.13
v 364.60 -101.96 1203.11
v 364.57 -105.70 1202.49
v 364.47 -109.29 1201.30
v 364.33 -112.66 1199.57
v 364.12 -115.72 1197.34
v 363.87 -118.38 1194.65
v 363.58 -120.59 1191.59
v 363.25 -122.29 1188.22
v 362.89 -123.44 1184.63
v 362.51 -124.01 1180.90
v 362.13 -123.99 1177.13
v 361.74 -123.38 1173.41
v 361.36 -122.19 1169.83
v 361.01 -120.45 1166.48
v 360.68 -118.21 1163.45
v 360.38 -115.51 1160.80
v 360.13 -112.43 1158.60
v 359.93 -109.05 1156.91
v 359.78 -105.44 1155.77
v 359.69 -101.69 1155.21
v 359.66 -97.90 1155.23
v 359.69 -94.16 1155.84
v 359.78 -90.56 1157.03
v 359.93 -87.20 1158.77
v 360.13 -84.14 1161.00
v 360.38 -81.48 1163.68
v 360.68 -79.27 1166.75
v 361.01 -77.57 1170.12
v 361.36 -76.42 1173.71
v 361.74 -75.84 1177.44
v 365.37 -75.83 1180.84
v 365.83 -76.45 1184.55
v 366.29 -77.64 1188.12
v 366.71 -79.38 1191.46
v 367.11 -81.62 1194.49
v 367.46 -84.31 1197.13
v 367.77 -87.39 1199.32
v 368.01 -90.78 1201.01
v 368.19 -94.39 1202.15
v 368.29 -98.13 1202.71
v 368.33 -101.92 1202.69
v 368.29 -105.66 1202.07
v 368.19 -109.26 1200.89
v 368.01 -112.63 1199.16
v 367.77 -115.68 1196.93
v 367.46 -118.35 1194.25
v 367.11 -120.56 1191.19
v 366.71 -122.26 1187.83
v 366.29 -123.41 1184.24
v 365.83 -123.98 1180.52
v 365.37 -123.96 1176.76
v 364.91 -123.35 1173.05
v 364.46 -122.16 1169.48
v 364.03 -120.42 1166.14
v 363.63 -118.18 1163.12
v 363.28 -115.48 1160.47
v 362.98 -112.41 1158.28
v 362.73 -109.02 1156.60
v 362.56 -105.41 1155.46
v 362.45 -101.66 1154.90
v 362.41 -97.87 1154.92
v 362.45 -94.14 1155.53
v 362.56 -90.54 1156.72
v 362.73 -87.17 1158.45
v 362.98 -84.12 1160.68
v 363.28 -81.45 1163.36
v 363.63 -79.24 1166.41
v 364.03 -77.54 1169.78
v 364.46 -76.39 1173.36
v 364.91 -75.81 1177.08
v 368.61 -75.80 1180.41
v 369.15 -76.41 1184.11
v 369.67 -77.60 1187.67
v 370.17 -79.34 1191.00
v 370.63 -81.58 1194.02
v 371.05 -84.27 1196.65
v 371.40 -87.35 1198.84
v 371.68 -90.74 1200.52
v 371.89 -94.35 1201.65
v 372.01 -98.09 1202.21
v 372.06 -101.88 1202.19
v 372.01 -105.62 1201.58
v 371.89 -109.22 1200.39
v 371.68 -112.59 1198.67
v 371.40 -115.64 1196.44
v 371.05 -118.30 1193.77
v 370.63 -120.52 1190.72
v 370.17 -122.22 1187.37
v 369.67 -123.37 1183.79
v 369.15 -123.95 1180.08
v 368.61 -123.93 1176.33
v 368.07 -123.31 1172.63
v 367.54 -122.12 1169.07
v 367.04 -120.39 1165.74
v 366.58 -118.14 1162.72
v 366.17 -115.45 1160.09
v 365.82 -112.37 1157.90
v 365.53 -108.99 1156.22
v 365.33 -105.38 1155.09
v 365.20 -101.63 1154.53
v 365.16 -97.84 1154.55
v 365.20 -94.10 1155.17
v 365.33 -90.51 1156.35
v 365.53 -87.14 1158.08
v 365.82 -84.08 1160.30
v 366.17 -81.42 1162.97
v 366.58 -79.21 1166.02
v 367.04 -77.50 1169.38
v 367.54 -76.35 1172.95
v 368.07 -75.78 1176.66
v 371.83 -75.76 1179.91
v 372.45 -76.37 1183.60
v 373.05 -77.56 1187.15
v 373.62 -79.29 1190.47
v 374.15 -81.53 1193.48
v 374.62 -84.23 1196.10
v 375.02 -87.30 1198.28
v 375.34 -90.69 1199.95
v 375.58 -94.30 1201.08
v 375.72 -98.04 1201.64
v 375.77 -101.83 1201.62
v 375.72 -105.57 1201.00
v 375.58 -109.17 1199.82
v 375.34 -112.54 1198.10
v 375.02 -115.59 1195.88
v 374.62 -118.26 1193.22
v 374.15 -120.47 1190.18
v 373.62 -122.17 1186.84
v 373.05 -123.33 1183.27
v 372.45 -123.90 1179.57
v 371.83 -123.88 1175.83
v 371.22 -123.27 1172.15
v 370.62 -122.08 1168.60
v 370.05 -120.35 1165.28
v 369.52 -118.11 1162.27
v 369.05 -115.41 1159.64
v 368.65 -112.34 1157.47
v 368.32 -108.95 1155.79
v 368.09 -105.34 1154.66
v 367.94 -101.60 1154.11
v 367.89 -97.81 1154.13
v 367.94 -94.07 1154.74
v 368.09 -90.47 1155.92
v 368.32 -87.10 1157.65
v 368.65 -84.05 1159.86
v 369.05 -81.38 1162.53
v 369.52 -79.17 1165.57
v 370.05 -77.47 1168.91
v 370.62 -76.31 1172.48
v 371.22 -75.74 1176.17
v 375.05 -75.71 1179.35
v 375.74 -76.32 1183.03
v 376.42 -77.51 1186.56
v 377.06 -79.24 1189.87
v 377.65 -81.48 1192.87
v 378.18 -84.17 1195.48
v 378.63 -87.25 1197.65
v 378.99 -90.63 1199.31
v 379.26 -94.24 1200.44
v 379.42 -97.99 1200.99
v 379.47 -101.78 1200.97
v 379.42 -105.52 1200.36
v 379.26 -109.11 1199.18
v 378.99 -112.48 1197.46
v 378.63 -115.54 1195.25
v 378.18 -118.21 1192.60
v 377.65 -120.42 1189.57
v 377.06 -122.12 1186.23
v 376.42 -123.28 1182.68
v 375.74 -123.85 1179.00
v 375.05 -123.84 1175.27
v 374.36 -123.23 1171.60
v 373.68 -122.04 1168.06
v 373.04 -120.30 1164.75
v 372.45 -118.06 1161.76
v 371.92 -115.37 1159.14
v 371.47 -112.29 1156.97
v 371.11 -108.91 1155.31
v 370.84 -105.30 1154.18
v 370.68 -101.56 1153.63
v 370.62 -97.77 1153.65
v 370.68 -94.03 1154.26
v 370.84 -90.43 1155.44
v 371.11 -87.06 1157.16
v 371.47 -84.01 1159.37
v 371.92 -81.34 1162.02
v 372.45 -79.13 1165.06
v 373.04 -77.42 1168.39
v 373.68 -76.27 1171.94
v 374.36 -75.69 1175.62
v 378.25 -75.66 1178.72
v 379.02 -76.26 1182.38
v 379.77 -77.45 1185.90
v 380.48 -79.18 1189.20
v 381.14 -81.42 1192.18
v 381.72 -84.12 1194.78
v 382.22 -87.19 1196.94
v 382.63 -90.57 1198.60
v 382.92 -94.18 1199.72
v 383.10 -97.93 1200.27
v 383.16 -101.72 1200.24
v 383.10 -105.46 1199.63
v 382.92 -109.05 1198.46
v 382.63 -112.42 1196.75
v 382.22 -115.48 1194.54
v 381.72 -118.15 1191.90
v 381.14 -120.36 1188.88
v 380.48 -122.07 1185.56
v 379.77 -123.22 1182.02
v 379.02 -123.80 1178.35
v 378.25 -123.78 1174.64
v 377.48 -123.17 1170.98
v 376.73 -121.99 1167.46
v 376.02 -120.25 1164.17
v 375.37 -118.01 1161.18
v 374.78 -115.32 1158.58
v 374.28 -112.25 1156.42
v 373.88 -108.86 1154.76
v 373.58 -105.26 1153.64
v 373.40 -101.51 1153.09
v 373.34 -97.72 1153.12
v 373.40 -93.98 1153.73
v 373.58 -90.38 1154.90
v 373.88 -87.01 1156.61
v 374.28 -83.96 1158.82
v 374.78 -81.29 1161.46
v 375.37 -79.08 1164.48
v 376.02 -77.37 1167.80
v 376.73 -76.22 1171.34
v 377.48 -75.64 1175.01
v 381.44 -75.60 1178.03
v 382.28 -76.20 1181.67
v 383.11 -77.39 1185.18
v 383.89 -79.12 1188.45
v 384.61 -81.36 1191.42
v 385.25 -84.05 1194.02
v 385.80 -87.12 1196.16
v 386.25 -90.51 1197.81
v 386.57 -94.11 1198.93
v 386.77 -97.86 1199.47
v 386.83 -101.65 1199.44
v 386.77 -105.39 1198.84
v 386.57 -108.99 1197.67
v 386.25 -112.36 1195.96
v 385.80 -115.41 1193.77
v 385.25 -118.08 1191.13
v 384.61 -120.30 1188.13
v 383.89 -122.00 1184.82
v 383.11 -123.16 1181.30
v 382.28 -123.74 1177.64
v 381.44 -123.72 1173.95
v 380.60 -123.12 1170.30
v 379.77 -121.93 1166.80
v 378.99 -120.20 1163.52
v 378.27 -117.96 1160.55
v 377.63 -115.27 1157.96
v 377.08 -112.20 1155.81
v 376.64 -108.81 1154.16
v 376.31 -105.21 1153.05
v 376.11 -101.46 1152.50
v 376.05 -97.67 1152.53
v 376.11 -93.93 1153.14
v 376.31 -90.33 1154.31
v 376.64 -86.96 1156.01
v 377.08 -83.91 1158.21
v 377.63 -81.24 1160.84
v 378.27 -79.02 1163.85
v 378.99 -77.32 1167.16
v 379.77 -76.16 1170.68
v 380.60 -75.58 1174.33
v 384.62 -75.53 1177.27
v 385.53 -76.14 1180.89
v 386.43 -77.32 1184.38
v 387.28 -79.05 1187.64
v 388.07 -81.29 1190.60
v 388.77 -83.98 1193.18
v 389.37 -87.05 1195.31
v 389.85 -90.43 1196.95
v 390.20 -94.04 1198.06
v 390.42 -97.79 1198.60
v 390.49 -101.57 1198.57
v 390.42 -105.31 1197.96
v 390.20 -108.91 1196.80
v 389.85 -112.28 1195.10
v 389.37 -115.34 1192.91
v 388.77 -118.01 1190.29
v 388.07 -120.23 1187.30
v 387.28 -121.93 1184.01
v 386.43 -123.09 1180.50
v 385.53 -123.67 1176.87
v 384.62 -123.66 1173.19
v 383.70 -123.05 1169.56
v 382.80 -121.87 1166.08
v 381.95 -120.14 1162.82
v 381.16 -117.90 1159.86
v 380.46 -115.21 1157.28
v 379.86 -112.14 1155.15
v 379.38 -108.76 1153.51
v 379.03 -105.15 1152.40
v 378.81 -101.41 1151.86
v 378.74 -97.62 1151.89
v 378.81 -93.88 1152.49
v 379.03 -90.28 1153.66
v 379.38 -86.91 1155.36
v 379.86 -83.85 1157.54
v 380.46 -81.18 1160.17
v 381.16 -78.97 1163.16
v 381.95 -77.26 1166.45
v 382.80 -76.10 1169.96
v 383.70 -75.52 1173.59
v 387.77 -75.46 1176.44
v 388.77 -76.07 1180.05
v 389.74 -77.25 1183.52
v 390.66 -78.98 1186.76
v 391.51 -81.21 1189.70
v 392.27 -83.90 1192.26
v 392.91 -86.97 1194.39
v 393.43 -90.35 1196.02
v 393.81 -93.96 1197.12
v 394.05 -97.70 1197.66
v 394.13 -101.49 1197.62
v 394.05 -105.23 1197.02
v 393.81 -108.83 1195.86
v 393.43 -112.20 1194.17
v 392.91 -115.26 1191.99
v 392.27 -117.93 1189.38
v 391.51 -120.15 1186.40
v 390.66 -121.86 1183.13
v 389.74 -123.02 1179.64
v 388.77 -123.60 1176.02
v 387.77 -123.59 1172.37
v 386.78 -122.99 1168.76
v 385.81 -121.80 1165.29
v 384.89 -120.07 1162.05
v 384.04 -117.84 1159.11
v 383.28 -115.15 1156.55
v 382.64 -112.08 1154.42
v 382.11 -108.70 1152.79
v 381.73 -105.09 1151.70
v 381.50 -101.35 1151.16
v 381.42 -97.56 1151.19
v 381.50 -93.82 1151.79
v 381.73 -90.22 1152.96
v 382.11 -86.85 1154.65
v 382.64 -83.79 1156.82
v 383.28 -81.12 1159.43
v 384.04 -78.90 1162.41
v 384.89 -77.19 1165.68
v 385.81 -76.03 1169.17
v 386.78 -75.45 1172.79
v 390.92 -75.39 1175.56
v 391.98 -75.99 1179.14
v 393.02 -77.17 1182.59
v 394.01 -78.90 1185.81
v 394.93 -81.13 1188.74
v 395.74 -83.82 1191.28
v 396.44 -86.89 1193.39
v 397.00 -90.27 1195.01
v 397.41 -93.87 1196.10
v 397.66 -97.62 1196.64
v 397.74 -101.41 1196.60
v 397.66 -105.15 1196.00
v 397.41 -108.75 1194.84
v 397.00 -112.12 1193.16
v 396.44 -115.18 1190.99
v 395.74 -117.85 1188.40
v 394.93 -120.07 1185.44
v 394.01 -121.78 1182.18
v 393.02 -122.94 1178.71
v 391.98 -123.52 1175.11
v 390.92 -123.51 1171.48
v 389.85 -122.91 1167.89
v 388.81 -121.73 1164.45
v 387.82 -120.00 1161.22
v 386.90 -117.77 1158.30
v 386.09 -115.08 1155.75
v 385.39 -112.01 1153.65
v 384.83 -108.63 1152.03
v 384.42 -105.03 1150.94
v 384.17 -101.28 1150.40
v 384.09 -97.49 1150.44
v 384.17 -93.75 1151.04
v 384.42 -90.15 1152.20
v 384.83 -86.78 1153.88
v 385.39 -83.72 1156.04
v 386.09 -81.05 1158.64
v 386.90 -78.83 1161.60
v 387.82 -77.12 1164.86
v 388.81 -75.96 1168.32
v 389.85 -75.38 1171.92
v 394.04 -75.31 1174.61
v 395.18 -75.91 1178.17
v 396.29 -77.08 1181.59
v 397.35 -78.81 1184.80
v 398.33 -81.04 1187.70
v 399.20 -83.73 1190.23
v 399.94 -86.80 1192.32
v 400.54 -90.18 1193.93
v 400.98 -93.78 1195.01
v 401.25 -97.53 1195.54
v 401.34 -101.31 1195.50
v 401.25 -105.05 1194.90
v 400.98 -108.65 1193.75
v 400.54 -112.03 1192.08
v 399.94 -115.09 1189.93
v 399.20 -117.76 1187.34
v 398.33 -119.98 1184.40
v 397.35 -121.69 1181.16
v 396.29 -122.86 1177.72
v 395.18 -123.44 1174.14
v 394.04 -123.43 1170.53
v 392.90 -122.83 1166.96
v 391.78 -121.66 1163.54
v 390.72 -119.93 1160.34
v 389.75 -117.70 1157.43
v 388.88 -115.01 1154.90
v 388.13 -111.94 1152.81
v 387.53 -108.56 1151.20
v 387.10 -104.96 1150.12
v 386.83 -101.21 1149.59
v 386.74 -97.43 1149.63
v 386.83 -93.69 1150.23
v 387.10 -90.09 1151.38
v 387.53 -86.71 1153.05
v 388.13 -83.65 1155.21
v 388.88 -80.98 1157.79
v 389.75 -78.76 1160.73
v 390.72 -77.05 1163.97
v 391.78 -75.88 1167.42
v 392.90 -75.30 1170.99
v 397.14 -75.22 1173.59
v 398.36 -75.82 1177.13
v 399.54 -76.99 1180.53
v 400.67 -78.72 1183.71
v 401.71 -80.95 1186.59
v 402.63 -83.63 1189.10
v 403.42 -86.70 1191.18
v 404.06 -90.08 1192.78
v 404.53 -93.68 1193.85
v 404.81 -97.43 1194.37
v 404.91 -101.21 1194.34
v 404.81 -104.96 1193.74
v 404.53 -108.56 1192.59
v 404.06 -111.93 1190.93
v 403.42 -114.99 1188.79
v 402.63 -117.66 1186.22
v 401.71 -119.89 1183.29
v 400.67 -121.60 1180.08
v 399.54 -122.77 1176.65
v 398.36 -123.35 1173.10
v 397.14 -123.35 1169.51
v 395.92 -122.75 1165.97
v 394.74 -121.57 1162.57
v 393.61 -119.85 1159.39
v 392.57 -117.62 1156.51
v 391.65 -114.93 1154.00
v 390.85 -111.87 1151.92
v 390.22 -108.49 1150.32
v 389.75 -104.88 1149.25
v 389.47 -101.14 1148.73
v 389.37 -97.35 1148.77
v 389.47 -93.61 1149.37
v 389.75 -90.01 1150.51
v 390.22 -86.64 1152.18
v 390.85 -83.58 1154.32
v 391.65 -80.90 1156.88
v 392.57 -78.68 1159.81
v 393.61 -76.97 1163.02
v 394.74 -75.80 1166.45
v 395.92 -75.21 1170.00
v 400.22 -75.13 1172.51
v 401.51 -75.73 1176.03
v 402.77 -76.90 1179.40
v 403.96 -78.62 1182.56
v 405.06 -80.85 1185.42
v 406.04 -83.53 1187.91
v 406.88 -86.60 1189.97
v 407.56 -89.98 1191.55
v 408.05 -93.58 1192.62
v 408.35 -97.32 1193.14
v 408.46 -101.11 1193.09
v 408.35 -104.85 1192.50
v 408.05 -108.45 1191.36
v 407.56 -111.83 1189.70
v 406.88 -114.89 1187.58
v 406.04 -117.56 1185.03
v 405.06 -119.79 1182.12
v 403.96 -121.50 1178.93
v 402.77 -122.67 1175.52
v 401.51 -123.26 1172.00
v 400.22 -123.26 1168.43
v 398.93 -122.66 1164.92
v 397.68 -121.49 1161.54
v 396.48 -119.76 1158.39
v 395.38 -117.53 1155.53
v 394.40 -114.85 1153.04
v 393.56 -111.79 1150.97
v 392.88 -108.41 1149.39
v 392.39 -104.81 1148.33
v 392.09 -101.06 1147.81
v 391.99 -97.28 1147.85
v 392.09 -93.53 1148.45
v 392.39 -89.93 1149.59
v 392.88 -86.56 1151.24
v 393.56 -83.50 1153.37
v 394.40 -80.82 1155.92
v 395.38 -78.60 1158.83
v 396.48 -76.88 1162.02
v 397.68 -75.71 1165.42
v 398.93 -75.13 1168.95
v 403.28 -75.03 1171.37
v 404.64 -75.63 1174.86
v 405.97 -76.80 1178.21
v 407.23 -78.52 1181.34
v 408.39 -80.75 1184.18
v 409.43 -83.43 1186.65
v 410.32 -86.49 1188.69
v 411.03 -89.87 1190.26
v 411.55 -93.47 1191.31
v 411.87 -97.21 1191.82
v 411.98 -101.00 1191.78
v 411.87 -104.74 1191.19
v 411.55 -108.34 1190.05
v 411.03 -111.72 1188.41
v 410.32 -114.78 1186.30
v 409.43 -117.46 1183.76
v 408.39 -119.68 1180.88
v 407.23 -121.40 1177.71
v 405.97 -122.57 1174.33
v 404.64 -123.16 1170.83
v 403.28 -123.16 1167.29
v 401.92 -122.57 1163.81
v 400.59 -121.39 1160.46
v 399.33 -119.67 1157.32
v 398.17 -117.45 1154.49
v 397.13 -114.77 1152.02
v 396.24 -111.70 1149.97
v 395.53 -108.33 1148.40
v 395.01 -104.72 1147.35
v 394.69 -100.98 1146.84
v 394.58 -97.19 1146.88
v 394.69 -93.45 1147.48
v 395.01 -89.85 1148.61
v 395.53 -86.48 1150.26
v 396.24 -83.41 1152.37
v 397.13 -80.74 1154.90
v 398.17 -78.51 1157.79
v 399.33 -76.79 1160.96
v 400.59 -75.62 1164.33
v 401.92 -75.03 1167.83
v 406.31 -74.93 1170.17
v 407.75 -75.52 1173.63
v 409.14 -76.69 1176.95
v 410.47 -78.41 1180.06
v 411.70 -80.64 1182.87
v 412.79 -83.31 1185.32
v 413.72 -86.38 1187.34
v 414.47 -89.75 1188.90
v 415.02 -93.35 1189.94
v 415.36 -97.09 1190.44
v 415.47 -100.88 1190.40
v 415.36 -104.62 1189.80
v 415.02 -108.22 1188.68
v 414.47 -111.60 1187.04
v 413.72 -114.66 1184.95
v 412.79 -117.34 1182.43
v 411.70 -119.57 1179.57
v 410.47 -121.29 1176.42
v 409.14 -122.46 1173.07
v 407.75 -123.06 1169.60
v 406.31 -123.06 1166.09
v 404.88 -122.47 1162.63
v 403.48 -121.30 1159.31
v 402.16 -119.58 1156.20
v 400.93 -117.35 1153.39
v 399.84 -114.68 1150.94
v 398.91 -111.61 1148.92
v 398.16 -108.24 1147.36
v 397.61 -104.64 1146.32
v 397.27 -100.89 1145.82
v 397.16 -97.11 1145.86
v 397.27 -93.37 1146.46
v 397.61 -89.76 1147.58
v 398.16 -86.39 1149.22
v 398.91 -83.32 1151.31
v 399.84 -80.64 1153.83
v 400.93 -78.42 1156.69
v 402.16 -76.70 1159.84
v 403.48 -75.52 1163.19
v 404.88 -74.93 1166.66
v 409.32 -74.82 1168.90
v 410.83 -75.41 1172.33
v 412.29 -76.58 1175.63
v 413.69 -78.30 1178.70
v 414.97 -80.52 1181.49
v 416.12 -83.19 1183.92
v 417.10 -86.26 1185.92
v 417.89 -89.63 1187.46
v 418.46 -93.23 1188.49
v 418.82 -96.97 1188.99
v 418.93 -100.76 1188.94
v 418.82 -104.50 1188.35
v 418.46 -108.10 1187.23
v 417.89 -111.48 1185.61
v 417.10 -114.54 1183.53
v 416.12 -117.23 1181.03
v 414.97 -119.45 1178.19
v 413.69 -121.18 1175.07
v 412.29 -122.35 1171.75
v 410.83 -122.95 1168.30
v 409.32 -122.95 1164.83
v 407.82 -122.36 1161.40
v 406.35 -121.19 1158.10
v 404.96 -119.48 1155.03
v 403.67 -117.26 1152.24
v 402.53 -114.58 1149.81
v 401.55 -111.52 1147.81
v 400.76 -108.14 1146.27
v 400.18 -104.54 1145.24
v 399.83 -100.80 1144.74
v 399.71 -97.02 1144.79
v 399.83 -93.27 1145.38
v 400.18 -89.67 1146.50
v 400.76 -86.30 1148.12
v 401.55 -83.23 1150.20
v 402.53 -80.55 1152.70
v 403.67 -78.32 1155.54
v 404.96 -76.60 1158.66
v 406.35 -75.42 1161.98
v 407.82 -74.83 1165.43
v 412.31 -74.71 1167.58
v 413.88 -75.30 1170.98
v 415.42 -76.46 1174.24
v 416.87 -78.18 1177.29
v 418.22 -80.40 1180.05
v 419.42 -83.07 1182.45
v 420.45 -86.13 1184.44
v 421.27 -89.50 1185.96
v 421.88 -93.10 1186.97
v 422.24 -96.84 1187.46
v 422.37 -100.63 1187.41
v 422.24 -104.37 1186.83
v 421.88 -107.97 1185.71
v 421.27 -111.35 1184.10
v 420.45 -114.42 1182.04
v 419.42 -117.10 1179.57
v 418.22 -119.33 1176.75
v 416.87 -121.06 1173.65
v 415.42 -122.23 1170.36
v 413.88 -122.83 1166.95
v 412.31 -122.84 1163.50
v 410.73 -122.25 1160.10
v 409.20 -121.09 1156.84
v 407.74 -119.37 1153.79
v 406.39 -117.15 1151.03
v 405.19 -114.48 1148.63
v 404.16 -111.42 1146.64
v 403.34 -108.05 1145.12
v 402.74 -104.45 1144.10
v 402.37 -100.71 1143.61
v 402.24 -96.92 1143.66
v 402.37 -93.18 1144.25
v 402.74 -89.58 1145.36
v 403.34 -86.20 1146.97
v 404.16 -83.13 1149.04
v 405.19 -80.45 1151.51
v 406.39 -78.22 1154.33
v 407.74 -76.49 1157.42
v 409.20 -75.32 1160.72
v 410.73 -74.72 1164.13
v 415.26 -74.59 1166.19
v 416.90 -75.18 1169.56
v 418.51 -76.34 1172.79
v 420.03 -78.05 1175.81
v 421.44 -80.27 1178.54
v 422.69 -82.94 1180.91
v 423.76 -86.00 1182.88
v 424.62 -89.37 1184.38
v 425.26 -92.97 1185.39
v 425.64 -96.71 1185.87
v 425.77 -100.49 1185.82
v 425.64 -104.23 1185.23
v 425.26 -107.84 1184.13
v 424.62 -111.22 1182.53
v 423.76 -114.29 1180.48
v 422.69 -116.97 1178.03
v 421.44 -119.20 1175.24
v 420.03 -120.93 1172.17
v 418.51 -122.11 1168.91
v 416.90 -122.71 1165.53
v 415.26 -122.72 1162.11
v 413.62 -122.14 1158.75
v 412.01 -120.98 1155.52
v 410.49 -119.26 1152.50
v 409.08 -117.05 1149.77
v 407.83 -114.37 1147.39
v 406.76 -111.32 1145.43
v 405.90 -107.95 1143.92
v 405.27 -104.35 1142.92
v 404.88 -100.61 1142.43
v 404.75 -96.82 1142.49
v 404.88 -93.08 1143.07
v 405.27 -89.47 1144.18
v 405.90 -86.10 1145.77
v 406.76 -83.03 1147.82
v 407.83 -80.34 1150.27
v 409.08 -78.11 1153.07
v 410.49 -76.38 1156.13
v 412.01 -75.20 1159.40
v 413.62 -74.60 1162.78
v 418.19 -74.47 1164.75
v 419.90 -75.05 1168.08
v 421.57 -76.21 1171.27
v 423.16 -77.92 1174.26
v 424.62 -80.13 1176.96
v 425.93 -82.80 1179.31
v 427.05 -85.86 1181.26
v 427.95 -89.23 1182.74
v 428.60 -92.83 1183.73
v 429.00 -96.57 1184.21
v 429.14 -100.35 1184.15
v 429.00 -104.09 1183.57
v 428.60 -107.70 1182.47
v 427.95 -111.08 1180.89
v 427.05 -114.15 1178.86
v 425.93 -116.84 1176.43
v 424.62 -119.07 1173.66
v 423.16 -120.80 1170.63
v 421.57 -121.98 1167.39
v 419.90 -122.59 1164.05
v 418.19 -122.60 1160.67
v 416.47 -122.02 1157.34
v 414.80 -120.86 1154.14
v 413.22 -119.15 1151.15
v 411.75 -116.93 1148.45
v 410.44 -114.26 1146.10
v 409.33 -111.21 1144.16
v 408.43 -107.84 1142.67
v 407.77 -104.24 1141.68
v 407.37 -100.50 1141.20
v 407.24 -96.72 1141.26
v 407.37 -92.97 1141.84
v 407.77 -89.37 1142.94
v 408.43 -85.99 1144.52
v 409.33 -82.92 1146.55
v 410.44 -80.23 1148.98
v 411.75 -78.00 1151.75
v 413.22 -76.27 1154.79
v 414.80 -75.09 1158.02
v 416.47 -74.48 1161.37
v 421.08 -74.34 1163.24
v 422.86 -74.92 1166.53
v 424.60 -76.08 1169.70
v 426.25 -77.78 1172.65
v 427.78 -80.00 1175.32
v 429.14 -82.66 1177.65
v 430.30 -85.72 1179.57
v 431.23 -89.08 1181.03
v 431.92 -92.68 1182.01
v 432.33 -96.42 1182.48
v 432.47 -100.21 1182.42
v 432.33 -103.95 1181.84
v 431.92 -107.55 1180.75
v 431.23 -110.93 1179.18
v 430.30 -114.01 1177.17
v 429.14 -116.69 1174.76
v 427.78 -118.93 1172.02
v 426.25 -120.66 1169.02
v 424.60 -121.85 1165.82
v 422.86 -122.46 1162.51
v 421.08 -122.47 1159.16
v 419.30 -121.89 1155.87
v 417.56 -120.74 1152.70
v 415.91 -119.03 1149.75
v 414.39 -116.82 1147.08
v 413.03 -114.15 1144.75
v 411.87 -111.10 1142.84
v 410.94 -107.73 1141.37
v 410.25 -104.13 1140.39
v 409.83 -100.40 1139.92
v 409.69 -96.61 1139.98
v 409.83 -92.87 1140.56
v 410.25 -89.26 1141.65
v 410.94 -85.88 1143.22
v 411.87 -82.81 1145.23
v 413.03 -80.12 1147.64
v 414.39 -77.88 1150.38
v 415.91 -76.15 1153.38
v 417.56 -74.97 1156.58
v 419.30 -74.36 1159.90
v 423.95 -74.21 1161.68
v 425.80 -74.78 1164.93
v 427.60 -75.94 1168.06
v 429.32 -77.64 1170.98
v 430.90 -79.85 1173.62
v 432.31 -82.52 1175.92
v 433.51 -85.57 1177.81
v 434.48 -88.93 1179.26
v 435.19 -92.53 1180.22
v 435.62 -96.27 1180.68
v 435.77 -100.05 1180.62
v 435.62 -103.79 1180.04
v 435.19 -107.40 1178.96
v 434.48 -110.78 1177.41
v 433.51 -113.86 1175.41
v 432.31 -116.55 1173.03
v 430.90 -118.79 1170.32
v 429.32 -120.52 1167.35
v 427.60 -121.71 1164.18
v 425.80 -122.32 1160.90
v 423.95 -122.34 1157.60
v 422.10 -121.76 1154.34
v 420.29 -120.61 1151.21
v 418.58 -118.91 1148.29
v 417.00 -116.70 1145.65
v 415.59 -114.03 1143.36
v 414.38 -110.98 1141.46
v 413.41 -107.61 1140.01
v 412.70 -104.02 1139.05
v 412.27 -100.28 1138.59
v 412.13 -96.50 1138.65
v 412.27 -92.75 1139.23
v 412.70 -89.15 1140.31
v 413.41 -85.77 1141.87
v 414.38 -82.69 1143.86
v 415.59 -80.00 1146.24
v 417.00 -77.76 1148.95
v 418.58 -76.03 1151.93
v 420.29 -74.84 1155.09
v 422.10 -74.23 1158.37
v 426.78 -74.07 1160.05
v 428.70 -74.64 1163.27
v 430.57 -75.79 1166.36
v 432.34 -77.49 1169.25
v 433.98 -79.70 1171.85
v 435.44 -82.36 1174.12
v 436.69 -85.41 1175.99
v 437.70 -88.78 1177.42
v 438.43 -92.37 1178.37
v 438.88 -96.11 1178.82
v 439.03 -99.89 1178.75
v 438.88 -103.64 1178.18
v 438.43 -107.24 1177.11
v 437.70 -110.63 1175.57
v 436.69 -113.70 1173.59
v 435.44 -116.40 1171.24
v 433.98 -118.64 1168.55
v 432.34 -120.38 1165.61
v 430.57 -121.57 1162.48
v 428.70 -122.18 1159.24
v 426.78 -122.20 1155.97
v 424.86 -121.63 1152.76
v 422.99 -120.48 1149.67
v 421.22 -118.78 1146.78
v 419.58 -116.57 1144.17
v 418.12 -113.91 1141.91
v 416.87 -110.86 1140.04
v 415.87 -107.50 1138.61
v 415.13 -103.90 1137.66
v 414.68 -100.17 1137.21
v 414.53 -96.38 1137.28
v 414.68 -92.64 1137.85
v 415.13 -89.03 1138.92
v 415.87 -85.65 1140.46
v 416.87 -82.57 1142.43
v 418.12 -79.88 1144.79
v 419.58 -77.64 1147.47
v 421.22 -75.90 1150.42
v 422.99 -74.71 1153.54
v 424.86 -74.09 1156.78
v 429.58 -73.93 1158.37
v 431.56 -74.50 1161.55
v 433.50 -75.64 1164.60
v 435.33 -77.34 1167.45
v 437.03 -79.55 1170.02
v 438.54 -82.21 1172.26
v 439.83 -85.25 1174.10
v 440.87 -88.62 1175.51
v 441.63 -92.21 1176.45
v 442.10 -95.94 1176.88
v 442.25 -99.73 1176.82
v 442.10 -103.47 1176.25
v 441.63 -107.08 1175.19
v 440.87 -110.47 1173.66
v 439.83 -113.54 1171.71
v 438.54 -116.24 1169.38
v 437.03 -118.48 1166.72
v 435.33 -120.22 1163.82
v 433.50 -121.42 1160.72
v 431.56 -122.03 1157.52
v 429.58 -122.06 1154.29
v 427.60 -121.49 1151.12
v 425.66 -120.34 1148.06
v 423.83 -118.65 1145.22
v 422.13 -116.44 1142.64
v 420.62 -113.78 1140.41
v 419.33 -110.73 1138.56
v 418.29 -107.37 1137.16
v 417.53 -103.78 1136.22
v 417.06 -100.04 1135.78
v 416.91 -96.26 1135.85
v 417.06 -92.52 1136.42
v 417.53 -88.91 1137.48
v 418.29 -85.52 1139.01
v 419.33 -82.45 1140.96
v 420.62 -79.75 1143.29
v 422.13 -77.51 1145.94
v 423.83 -75.77 1148.85
v 425.66 -74.57 1151.94
v 427.60 -73.96 1155.14
v 432.34 -73.78 1156.64
v 434.39 -74.35 1159.77
v 436.39 -75.49 1162.79
v 438.29 -77.18 1165.59
v 440.04 -79.39 1168.13
v 441.60 -82.04 1170.34
v 442.93 -85.09 1172.16
v 444.01 -88.45 1173.54
v 444.79 -92.04 1174.46
v 445.27 -95.78 1174.89
v 445.43 -99.56 1174.82
v 445.27 -103.30 1174.25
v 444.79 -106.91 1173.20
v 444.01 -110.30 1171.69
v 442.93 -113.38 1169.76
v 441.60 -116.07 1167.45
v 440.04 -118.32 1164.83
v 438.29 -120.07 1161.96
v 436.39 -121.26 1158.91
v 434.39 -121.88 1155.75
v 432.34 -121.91 1152.56
v 430.30 -121.35 1149.42
v 428.30 -120.20 1146.41
v 426.40 -118.51 1143.60
v 424.65 -116.31 1141.06
v 423.09 -113.65 1138.86
v 421.75 -110.61 1137.04
v 420.68 -107.24 1135.65
v 419.89 -103.65 1134.73
v 419.41 -99.92 1134.30
v 419.25 -96.13 1134.37
v 419.41 -92.39 1134.94
v 419.89 -88.78 1135.99
v 420.68 -85.40 1137.50
v 421.75 -82.32 1139.44
v 423.09 -79.62 1141.74
v 424.65 -77.37 1144.36
v 426.40 -75.63 1147.23
v 428.30 -74.43 1150.29
v 430.30 -73.81 1153.45
v 435.07 -73.63 1154.84
v 437.18 -74.19 1157.94
v 439.24 -75.33 1160.91
v 441.20 -77.02 1163.68
v 443.01 -79.22 1166.18
v 444.62 -81.88 1168.35
v 445.99 -84.92 1170.14
v 447.10 -88.28 1171.51
v 447.91 -91.87 1172.41
v 448.41 -95.60 1172.83
v 448.57 -99.39 1172.76
v 448.41 -103.13 1172.19
v 447.91 -106.74 1171.15
v 447.10 -110.13 1169.66
v 445.99 -113.21 1167.75
v 444.62 -115.91 1165.47
v 443.01 -118.16 1162.88
v 441.20 -119.90 1160.04
v 439.24 -121.10 1157.03
v 437.18 -121.73 1153.91
v 435.07 -121.76 1150.76
v 432.96 -121.20 1147.67
v 430.90 -120.06 1144.70
v 428.94 -118.37 1141.93
v 427.13 -116.17 1139.43
v 425.52 -113.52 1137.25
v 424.15 -110.47 1135.46
v 423.04 -107.11 1134.10
v 422.23 -103.52 1133.20
v 421.73 -99.79 1132.78
v 421.57 -96.00 1132.85
v 421.73 -92.26 1133.42
v 422.23 -88.65 1134.46
v 423.04 -85.26 1135.95
v 424.15 -82.18 1137.86
v 425.52 -79.48 1140.14
v 427.13 -77.23 1142.73
v 428.94 -75.49 1145.56
v 430.90 -74.29 1148.58
v 432.96 -73.66 1151.70
v 437.76 -73.47 1153.00
v 439.94 -74.03 1156.05
v 442.06 -75.17 1158.97
v 444.08 -76.85 1161.70
v 445.94 -79.05 1164.17
v 447.60 -81.70 1166.31
v 449.01 -84.74 1168.07
v 450.15 -88.10 1169.41
v 450.99 -91.69 1170.30
v 451.50 -95.42 1170.71
v 451.67 -99.21 1170.63
v 451.50 -102.95 1170.07
v 450.99 -106.56 1169.04
v 450.15 -109.95 1167.56
v 449.01 -113.03 1165.67
v 447.60 -115.73 1163.42
v 445.94 -117.99 1160.87
v 444.08 -119.74 1158.07
v 442.06 -120.94 1155.10
v 439.94 -121.57 1152.02
v 437.76 -121.60 1148.92
v 435.59 -121.05 1145.86
v 433.46 -119.91 1142.94
v 431.45 -118.22 1140.21
v 429.59 -116.03 1137.74
v 427.93 -113.38 1135.60
v 426.51 -110.33 1133.84
v 425.37 -106.98 1132.50
v 424.53 -103.39 1131.62
v 424.02 -99.66 1131.21
v 423.85 -95.87 1131.28
v 424.02 -92.13 1131.85
v 424.53 -88.52 1132.88
v 425.37 -85.13 1134.35
v 426.51 -82.05 1136.24
v 427.93 -79.34 1138.49
v 429.59 -77.09 1141.04
v 431.45 -75.34 1143.84
v 433.46 -74.14 1146.82
v 435.59 -73.51 1149.89
v 440.41 -73.31 1151.09
v 442.65 -73.87 1154.10
v 444.84 -75.00 1156.98
v 446.91 -76.68 1159.67
v 448.82 -78.88 1162.10
v 450.53 -81.52 1164.20
v 451.99 -84.56 1165.94
v 453.16 -87.92 1167.25
v 454.02 -91.50 1168.12
v 454.55 -95.24 1168.52
v 454.72 -99.02 1168.44
v 454.55 -102.76 1167.88
v 454.02 -106.38 1166.86
v 453.16 -109.77 1165.40
v 451.99 -112.85 1163.54
v 450.53 -115.55 1161.32
v 448.82 -117.81 1158.80
v 446.91 -119.56 1156.04
v 444.84 -120.77 1153.10
v 442.65 -121.40 1150.07
v 440.41 -121.44 1147.01
v 438.18 -120.89 1144.01
v 435.99 -119.76 1141.12
v 433.92 -118.07 1138.44
v 432.00 -115.88 1136.01
v 430.30 -113.23 1133.90
v 428.84 -110.19 1132.17
v 427.66 -106.84 1130.86
v 426.81 -103.25 1129.99
v 426.28 -99.52 1129.59
v 426.10 -95.73 1129.67
v 426.28 -91.99 1130.23
v 426.81 -88.38 1131.25
v 427.66 -84.99 1132.71
v 428.84 -81.90 1134.57
v 430.30 -79.20 1136.79
v 432.00 -76.94 1139.31
v 433.92 -75.19 1142.07
v 435.99 -73.98 1145.00
v 438.18 -73.35 1148.04
v 443.03 -73.15 1149.14
v 445.33 -73.70 1152.10
v 447.57 -74.83 1154.94
v 449.70 -76.51 1157.58
v 451.67 -78.69 1159.97
v 453.43 -81.34 1162.04
v 454.92 -84.38 1163.74
v 456.13 -87.73 1165.03
v 457.01 -91.31 1165.88
v 457.55 -95.04 1166.27
v 457.73 -98.83 1166.18
v 457.55 -102.57 1165.63
v 457.01 -106.19 1164.62
v 456.13 -109.58 1163.18
v 454.92 -112.66 1161.34
v 453.43 -115.37 1159.15
v 451.67 -117.63 1156.67
v 449.70 -119.39 1153.95
v 447.57 -120.60 1151.06
v 445.33 -121.23 1148.07
v 443.03 -121.28 1145.06
v 440.73 -120.73 1142.10
v 438.48 -119.60 1139.26
v 436.35 -117.92 1136.61
v 434.38 -115.73 1134.23
v 432.63 -113.08 1132.16
v 431.13 -110.05 1130.46
v 429.92 -106.70 1129.16
v 429.04 -103.11 1128.31
v 428.50 -99.38 1127.93
v 428.32 -95.59 1128.01
v 428.50 -91.85 1128.56
v 429.04 -88.24 1129.57
v 429.92 -84.85 1131.02
v 431.13 -81.76 1132.85
v 432.63 -79.05 1135.04
v 434.38 -76.79 1137.53
v 436.35 -75.04 1140.25
v 438.48 -73.83 1143.14
v 440.73 -73.19 1146.13
v 596.18 -63.22 1031.94
v 598.48 -63.76 1034.90
v 600.73 -64.89 1037.73
v 602.87 -66.57 1040.37
v 604.84 -68.76 1042.76
v 606.59 -71.41 1044.83
v 608.09 -74.44 1046.53
v 609.30 -77.79 1047.82
v 610.19 -81.38 1048.67
v 610.73 -85.11 1049.05
v 610.91 -88.90 1048.97
v 610.73 -92.64 1048.42
v 610.19 -96.25 1047.41
v 609.30 -99.64 1045.97
v 608.09 -102.73 1044.13
v 606.59 -105.44 1041.94
v 604.84 -107.70 1039.46
v 602.87 -109.45 1036.74
v 600.73 -110.66 1033.85
v 598.48 -111.30 1030.87
v 596.18 -111.34 1027.86
v 593.87 -110.79 1024.90
v 591.63 -109.67 1022.07
v 589.49 -107.99 1019.42
v 587.52 -105.80 1017.04
v 585.76 -103.15 1014.97
v 584.26 -100.12 1013.27
v 583.06 -96.76 1011.98
v 582.17 -93.18 1011.13
v 581.63 -89.45 1010.74
v 581.45 -85.66 1010.83
v 581.63 -81.92 1011.38
v 582.17 -78.31 1012.39
v 583.06 -74.91 1013.83
v 584.26 -71.83 1015.67
v 585.76 -69.12 1017.86
v 587.52 -66.86 1020.34
v 589.49 -65.10 1023.06
v 591.63 -63.89 1025.95
v 593.87 -63.26 1028.93
v 599.68 -62.97 1029.01
v 602.15 -63.51 1031.84
v 604.56 -64.62 1034.54
v 606.84 -66.29 1037.06
v 608.95 -68.47 1039.33
v 610.84 -71.11 1041.30
v 612.44 -74.14 1042.92
v 613.74 -77.48 1044.14
v 614.68 -81.06 1044.94
v 615.26 -84.79 1045.29
v 615.45 -88.58 1045.20
v 615.26 -92.32 1044.65
v 614.68 -95.94 1043.67
v 613.74 -99.33 1042.28
v 612.44 -102.43 1040.52
v 610.84 -105.14 1038.42
v 608.95 -107.41 1036.04
v 606.84 -109.17 1033.43
v 604.56 -110.39 1030.67
v 602.15 -111.04 1027.81
v 599.68 -111.10 1024.93
v 597.21 -110.56 1022.11
v 594.81 -109.44 1019.40
v 592.52 -107.77 1016.88
v 590.41 -105.59 1014.61
v 588.53 -102.96 1012.65
v 586.92 -99.93 1011.03
v 585.63 -96.58 1009.81
v 584.68 -93.00 1009.01
v 584.10 -89.27 1008.66
v 583.91 -85.49 1008.75
v 584.10 -81.74 1009.29
v 584.68 -78.13 1010.27
v 585.63 -74.73 1011.66
v 586.92 -71.64 1013.43
v 588.53 -68.92 1015.53
v 590.41 -66.66 1017.91
v 592.52 -64.89 1020.52
v 594.81 -63.67 1023.28
v 597.21 -63.02 1026.14
v 603.10 -62.71 1025.99
v 605.65 -63.24 1028.74
v 608.13 -64.35 1031.38
v 610.50 -66.02 1033.83
v 612.67 -68.19 1036.04
v 614.62 -70.82 1037.96
v 616.28 -73.85 1039.52
v 617.61 -77.19 1040.71
v 618.59 -80.77 1041.48
v 619.19 -84.50 1041.82
v 619.39 -88.28 1041.72
v 619.19 -92.03 1041.18
v 618.59 -95.64 1040.22
v 617.61 -99.04 1038.85
v 616.28 -102.14 1037.13
v 614.62 -104.86 1035.07
v 612.67 -107.13 1032.74
v 610.50 -108.90 1030.20
v 608.13 -110.13 1027.50
v 605.65 -110.78 1024.72
v 603.10 -110.84 1021.91
v 600.55 -110.31 1019.16
v 598.07 -109.20 1016.52
v 595.71 -107.53 1014.07
v 593.53 -105.36 1011.86
v 591.58 -102.73 1009.95
v 589.92 -99.70 1008.38
v 588.59 -96.36 1007.19
v 587.61 -92.78 1006.42
v 587.01 -89.05 1006.08
v 586.81 -85.27 1006.18
v 587.01 -81.52 1006.72
v 587.61 -77.91 1007.68
v 588.59 -74.51 1009.05
v 589.92 -71.41 1010.78
v 591.58 -68.70 1012.83
v 593.53 -66.42 1015.16
v 595.71 -64.65 1017.70
v 598.07 -63.42 1020.40
v 600.55 -62.77 1023.19
v 606.43 -62.45 1022.87
v 609.06 -62.97 1025.55
v 611.62 -64.08 1028.11
v 614.05 -65.74 1030.50
v 616.30 -67.90 1032.65
v 618.30 -70.53 1034.50
v 620.02 -73.55 1036.02
v 621.39 -76.89 1037.17
v 622.40 -80.47 1037.91
v 623.02 -84.19 1038.23
v 623.22 -87.98 1038.13
v 623.02 -91.72 1037.59
v 622.40 -95.34 1036.65
v 621.39 -98.74 1035.32
v 620.02 -101.84 1033.62
v 618.30 -104.56 1031.62
v 616.30 -106.84 1029.35
v 614.05 -108.62 1026.87
v 611.62 -109.85 1024.24
v 609.06 -110.51 1021.52
v 606.43 -110.57 1018.79
v 603.81 -110.05 1016.11
v 601.24 -108.94 1013.55
v 598.81 -107.29 1011.16
v 596.56 -105.12 1009.01
v 594.56 -102.49 1007.16
v 592.85 -99.47 1005.64
v 591.47 -96.13 1004.49
v 590.46 -92.55 1003.75
v 589.85 -88.83 1003.43
v 589.64 -85.05 1003.53
v 589.85 -81.30 1004.07
v 590.46 -77.68 1005.01
v 591.47 -74.28 1006.34
v 592.85 -71.18 1008.04
v 594.56 -68.46 1010.04
v 596.56 -66.18 1012.31
v 598.81 -64.40 1014.79
v 601.24 -63.17 1017.42
v 603.81 -62.51 1020.14
v 609.67 -62.17 1019.66
v 612.38 -62.69 1022.26
v 615.01 -63.79 1024.75
v 617.52 -65.44 1027.07
v 619.83 -67.61 1029.15
v 621.89 -70.23 1030.95
v 623.65 -73.25 1032.42
v 625.07 -76.58 1033.52
v 626.11 -80.16 1034.24
v 626.74 -83.88 1034.54
v 626.95 -87.66 1034.43
v 626.74 -91.41 1033.90
v 626.11 -95.03 1032.98
v 625.07 -98.43 1031.67
v 623.65 -101.54 1030.02
v 621.89 -104.26 1028.06
v 619.83 -106.54 1025.85
v 617.52 -108.33 1023.43
v 615.01 -109.56 1020.87
v 612.38 -110.23 1018.23
v 609.67 -110.30 1015.58
v 606.97 -109.78 1012.97
v 604.33 -108.68 1010.48
v 601.83 -107.03 1008.17
v 599.52 -104.87 1006.08
v 597.46 -102.25 1004.29
v 595.69 -99.23 1002.82
v 594.28 -95.89 1001.71
v 593.24 -92.32 1001.00
v 592.61 -88.60 1000.69
v 592.39 -84.81 1000.80
v 592.61 -81.07 1001.33
v 593.24 -77.45 1002.26
v 594.28 -74.04 1003.56
v 595.69 -70.94 1005.21
v 597.46 -68.22 1007.17
v 599.52 -65.93 1009.38
v 601.83 -64.15 1011.80
v 604.33 -62.91 1014.36
v 606.97 -62.25 1017.00
v 612.82 -61.89 1016.35
v 615.60 -62.41 1018.88
v 618.31 -63.50 1021.29
v 620.88 -65.15 1023.53
v 623.26 -67.30 1025.55
v 625.37 -69.92 1027.29
v 627.18 -72.93 1028.71
v 628.64 -76.27 1029.77
v 629.70 -79.84 1030.46
v 630.35 -83.56 1030.74
v 630.57 -87.34 1030.63
v 630.35 -91.09 1030.11
v 629.70 -94.71 1029.20
v 628.64 -98.12 1027.92
v 627.18 -101.22 1026.31
v 625.37 -103.95 1024.41
v 623.26 -106.24 1022.25
v 620.88 -108.03 1019.90
v 618.31 -109.27 1017.41
v 615.60 -109.94 1014.85
v 612.82 -110.02 1012.27
v 610.04 -109.51 1009.74
v 607.34 -108.42 1007.33
v 604.76 -106.77 1005.09
v 602.39 -104.61 1003.07
v 600.27 -102.00 1001.33
v 598.46 -98.98 999.91
v 597.00 -95.65 998.85
v 595.94 -92.08 998.16
v 595.29 -88.36 997.88
v 595.07 -84.58 998.00
v 595.29 -80.83 998.52
v 595.94 -77.21 999.43
v 597.00 -73.80 1000.70
v 598.46 -70.70 1002.31
v 600.27 -67.97 1004.22
v 602.39 -65.68 1006.37
v 604.76 -63.89 1008.72
v 607.34 -62.65 1011.21
v 610.04 -61.97 1013.77
v 615.87 -61.61 1012.96
v 618.72 -62.11 1015.40
v 621.50 -63.20 1017.74
v 624.14 -64.84 1019.91
v 626.58 -66.99 1021.86
v 628.75 -69.60 1023.53
v 630.61 -72.61 1024.90
v 632.10 -75.94 1025.92
v 633.19 -79.51 1026.58
v 633.86 -83.23 1026.85
v 634.09 -87.01 1026.72
v 633.86 -90.76 1026.21
v 633.19 -94.38 1025.32
v 632.10 -97.79 1024.07
v 630.61 -100.90 1022.50
v 628.75 -103.63 1020.65
v 626.58 -105.93 1018.56
v 624.14 -107.72 1016.28
v 621.50 -108.97 1013.86
v 618.72 -109.65 1011.38
v 615.87 -109.73 1008.88
v 613.02 -109.23 1006.43
v 610.25 -108.14 1004.09
v 607.61 -106.50 1001.93
v 605.17 -104.35 999.98
v 603.00 -101.74 998.30
v 601.14 -98.73 996.93
v 599.65 -95.40 995.91
v 598.55 -91.83 995.26
v 597.89 -88.11 994.99
v 597.66 -84.33 995.11
v 597.89 -80.58 995.63
v 598.55 -76.96 996.52
v 599.65 -73.55 997.76
v 601.14 -70.44 999.33
v 603.00 -67.71 1001.18
v 605.17 -65.42 1003.28
v 607.61 -63.62 1005.56
v 610.25 -62.37 1007.97
v 613.02 -61.69 1010.46
v 618.83 -61.31 1009.48
v 621.75 -61.81 1011.84
v 624.59 -62.89 1014.10
v 627.30 -64.52 1016.19
v 629.79 -66.67 1018.07
v 632.02 -69.28 1019.69
v 633.92 -72.28 1021.00
v 635.45 -75.61 1021.98
v 636.57 -79.17 1022.60
v 637.25 -82.89 1022.85
v 637.48 -86.67 1022.72
v 637.25 -90.42 1022.21
v 636.57 -94.04 1021.34
v 635.45 -97.45 1020.13
v 633.92 -100.57 1018.60
v 632.02 -103.31 1016.80
v 629.79 -105.61 1014.77
v 627.30 -107.40 1012.56
v 624.59 -108.66 1010.22
v 621.75 -109.35 1007.81
v 618.83 -109.44 1005.40
v 615.91 -108.94 1003.03
v 613.06 -107.86 1000.78
v 610.36 -106.23 998.68
v 607.86 -104.08 996.81
v 605.64 -101.48 995.19
v 603.73 -98.47 993.88
v 602.20 -95.15 992.90
v 601.08 -91.58 992.28
v 600.40 -87.86 992.03
v 600.17 -84.08 992.16
v 600.40 -80.33 992.67
v 601.08 -76.71 993.54
v 602.20 -73.30 994.75
v 603.73 -70.18 996.28
v 605.64 -67.44 998.08
v 607.86 -65.15 1000.11
v 610.36 -63.35 1002.32
v 613.06 -62.09 1004.66
v 615.91 -61.41 1007.06
v 621.68 -61.01 1005.92
v 624.67 -61.50 1008.20
v 627.58 -62.57 1010.37
v 630.35 -64.20 1012.39
v 632.90 -66.34 1014.19
v 635.18 -68.94 1015.74
v 637.12 -71.94 1017.00
v 638.69 -75.26 1017.94
v 639.83 -78.83 1018.53
v 640.53 -82.54 1018.76
v 640.77 -86.32 1018.62
v 640.53 -90.07 1018.12
v 639.83 -93.70 1017.27
v 638.69 -97.11 1016.09
v 637.12 -100.23 1014.61
v 635.18 -102.97 1012.86
v 632.90 -105.28 1010.89
v 630.35 -107.08 1008.75
v 627.58 -108.35 1006.49
v 624.67 -109.04 1004.17
v 621.68 -109.14 1001.84
v 618.70 -108.65 999.56
v 615.78 -107.57 997.38
v 613.02 -105.95 995.37
v 610.46 -103.81 993.56
v 608.19 -101.21 992.01
v 606.24 -98.21 990.75
v 604.68 -94.89 989.81
v 603.53 -91.32 989.22
v 602.83 -87.60 989.00
v 602.60 -83.82 989.13
v 602.83 -80.08 989.63
v 603.53 -76.45 990.48
v 604.68 -73.04 991.67
v 606.24 -69.92 993.15
v 608.19 -67.18 994.89
v 610.46 -64.87 996.86
v 613.02 -63.07 999.00
v 615.78 -61.80 1001.26
v 618.70 -61.11 1003.58
v 624.43 -60.70 1002.27
v 627.48 -61.19 1004.47
v 630.46 -62.25 1006.56
v 633.29 -63.87 1008.50
v 635.89 -66.00 1010.23
v 638.22 -68.60 1011.71
v 640.21 -71.59 1012.92
v 641.81 -74.91 1013.81
v 642.98 -78.47 1014.37
v 643.69 -82.19 1014.57
v 643.93 -85.97 1014.43
v 643.69 -89.72 1013.94
v 642.98 -93.35 1013.11
v 641.81 -96.76 1011.96
v 640.21 -99.88 1010.52
v 638.22 -102.63 1008.83
v 635.89 -104.94 1006.93
v 633.29 -106.75 1004.86
v 630.46 -108.02 1002.68
v 627.48 -108.72 1000.44
v 624.43 -108.83 998.20
v 621.38 -108.34 996.00
v 618.41 -107.28 993.91
v 615.58 -105.66 991.97
v 612.97 -103.53 990.24
v 610.64 -100.93 988.75
v 608.66 -97.94 987.55
v 607.06 -94.62 986.66
v 605.89 -91.06 986.10
v 605.17 -87.34 985.89
v 604.93 -83.56 986.04
v 605.17 -79.81 986.53
v 605.89 -76.19 987.36
v 607.06 -72.77 988.51
v 608.66 -69.65 989.95
v 610.64 -66.90 991.64
v 612.97 -64.59 993.54
v 615.58 -62.78 995.61
v 618.41 -61.51 997.79
v 621.38 -60.81 1000.03
v 627.08 -60.39 998.56
v 630.19 -60.86 1000.66
v 633.23 -61.92 1002.67
v 636.11 -63.53 1004.52
v 638.77 -65.66 1006.18
v 641.15 -68.25 1007.60
v 643.18 -71.24 1008.75
v 644.81 -74.56 1009.59
v 646.00 -78.11 1010.12
v 646.73 -81.83 1010.30
v 646.98 -85.61 1010.15
v 646.73 -89.36 1009.67
v 646.00 -92.99 1008.85
v 644.81 -96.40 1007.74
v 643.18 -99.53 1006.35
v 641.15 -102.28 1004.72
v 638.77 -104.60 1002.88
v 636.11 -106.42 1000.89
v 633.23 -107.69 998.79
v 630.19 -108.40 996.63
v 627.08 -108.51 994.48
v 623.97 -108.04 992.37
v 620.93 -106.98 990.36
v 618.05 -105.37 988.51
v 615.38 -103.24 986.85
v 613.01 -100.65 985.43
v 610.98 -97.66 984.28
v 609.35 -94.35 983.44
v 608.15 -90.79 982.92
v 607.43 -87.07 982.73
v 607.18 -83.29 982.88
v 607.43 -79.54 983.37
v 608.15 -75.92 984.18
v 609.35 -72.50 985.29
v 610.98 -69.37 986.68
v 613.01 -66.62 988.32
v 615.38 -64.30 990.15
v 618.05 -62.48 992.14
v 620.93 -61.21 994.24
v 623.97 -60.50 996.40
v 629.62 -60.07 994.76
v 632.79 -60.53 996.78
v 635.88 -61.59 998.70
v 638.82 -63.19 1000.47
v 641.54 -65.31 1002.05
v 643.96 -67.90 1003.40
v 646.02 -70.88 1004.49
v 647.69 -74.19 1005.29
v 648.90 -77.75 1005.78
v 649.65 -81.46 1005.95
v 649.90 -85.24 1005.79
v 649.65 -88.99 1005.31
v 648.90 -92.62 1004.52
v 647.69 -96.04 1003.44
v 646.02 -99.17 1002.10
v 643.96 -101.93 1000.52
v 641.54 -104.25 998.75
v 638.82 -106.07 996.84
v 635.88 -107.36 994.82
v 632.79 -108.07 992.75
v 629.62 -108.19 990.68
v 626.45 -107.72 988.66
v 623.35 -106.67 986.75
v 620.41 -105.07 984.97
v 617.70 -102.95 983.39
v 615.28 -100.36 982.04
v 613.21 -97.38 980.95
v 611.55 -94.07 980.15
v 610.33 -90.51 979.67
v 609.59 -86.80 979.50
v 609.34 -83.02 979.66
v 609.59 -79.27 980.14
v 610.33 -75.64 980.93
v 611.55 -72.22 982.01
v 613.21 -69.09 983.35
v 615.28 -66.33 984.93
v 617.70 -64.01 986.69
v 620.41 -62.19 988.61
v 623.35 -60.90 990.62
v 626.45 -60.19 992.69
v 632.05 -59.74 990.90
v 635.28 -60.20 992.83
v 638.43 -61.24 994.66
v 641.42 -62.84 996.34
v 644.18 -64.96 997.85
v 646.65 -67.53 999.13
v 648.75 -70.51 1000.16
v 650.44 -73.82 1000.91
v 651.68 -77.37 1001.36
v 652.44 -81.08 1001.51
v 652.69 -84.86 1001.34
v 652.44 -88.61 1000.87
v 651.68 -92.24 1000.10
v 650.44 -95.67 999.06
v 648.75 -98.80 997.76
v 646.65 -101.57 996.25
v 644.18 -103.89 994.55
v 641.42 -105.72 992.71
v 638.43 -107.01 990.78
v 635.28 -107.73 988.80
v 632.05 -107.87 986.82
v 628.82 -107.40 984.89
v 625.67 -106.36 983.06
v 622.67 -104.76 981.37
v 619.91 -102.65 979.87
v 617.45 -100.07 978.59
v 615.35 -97.09 977.56
v 613.65 -93.78 976.81
v 612.41 -90.23 976.35
v 611.66 -86.52 976.21
v 611.40 -82.74 976.37
v 611.66 -78.99 976.85
v 612.41 -75.36 977.61
v 613.65 -71.93 978.66
v 615.35 -68.80 979.96
v 617.45 -66.04 981.47
v 619.91 -63.71 983.17
v 622.67 -61.88 985.01
v 625.67 -60.59 986.94
v 628.82 -59.87 988.92
v 634.37 -59.40 986.97
v 637.65 -59.86 988.80
v 640.85 -60.89 990.54
v 643.90 -62.49 992.14
v 646.71 -64.59 993.57
v 649.21 -67.17 994.78
v 651.35 -70.14 995.75
v 653.07 -73.44 996.45
v 654.33 -76.99 996.87
v 655.10 -80.70 996.99
v 655.36 -84.48 996.82
v 655.10 -88.23 996.36
v 654.33 -91.86 995.61
v 653.07 -95.29 994.60
v 651.35 -98.43 993.35
v 649.21 -101.20 991.90
v 646.71 -103.53 990.27
v 643.90 -105.37 988.51
v 640.85 -106.67 986.66
v 637.65 -107.39 984.77
v 634.37 -107.53 982.89
v 631.08 -107.08 981.05
v 627.88 -106.04 979.31
v 624.83 -104.45 977.71
v 622.03 -102.34 976.29
v 619.52 -99.77 975.07
v 617.38 -96.80 974.11
v 615.66 -93.50 973.40
v 614.40 -89.95 972.98
v 613.63 -86.24 972.86
v 613.37 -82.46 973.03
v 613.63 -78.71 973.50
v 614.40 -75.07 974.25
v 615.66 -71.65 975.26
v 617.38 -68.51 976.50
v 619.52 -65.74 977.96
v 622.03 -63.41 979.59
v 624.83 -61.57 981.34
v 627.88 -60.27 983.19
v 631.08 -59.54 985.08
v 636.57 -59.07 982.97
v 639.91 -59.51 984.71
v 643.16 -60.54 986.36
v 646.25 -62.12 987.88
v 649.11 -64.22 989.22
v 651.65 -66.79 990.36
v 653.82 -69.76 991.27
v 655.57 -73.06 991.92
v 656.85 -76.60 992.30
v 657.63 -80.31 992.41
v 657.90 -84.09 992.23
v 657.63 -87.84 991.77
v 656.85 -91.48 991.04
v 655.57 -94.91 990.07
v 653.82 -98.05 988.87
v 651.65 -100.82 987.48
v 649.11 -103.16 985.92
v 646.25 -105.01 984.24
v 643.16 -106.31 982.48
v 639.91 -107.05 980.68
v 636.57 -107.19 978.89
v 633.24 -106.75 977.15
v 629.98 -105.72 975.50
v 626.89 -104.14 973.99
v 624.04 -102.04 972.64
v 621.49 -99.47 971.50
v 619.32 -96.50 970.60
v 617.57 -93.20 969.94
v 616.29 -89.66 969.56
v 615.51 -85.95 969.46
v 615.25 -82.17 969.64
v 615.51 -78.42 970.10
v 616.29 -74.78 970.82
v 617.57 -71.35 971.79
v 619.32 -68.21 972.99
v 621.49 -65.44 974.39
v 624.04 -63.10 975.94
v 626.89 -61.25 977.62
v 629.98 -59.95 979.38
v 633.24 -59.21 981.18
v 638.66 -58.72 978.91
v 642.05 -59.16 980.56
v 645.35 -60.18 982.12
v 648.49 -61.76 983.54
v 651.38 -63.85 984.80
v 653.96 -66.41 985.87
v 656.17 -69.37 986.72
v 657.94 -72.67 987.32
v 659.24 -76.21 987.67
v 660.03 -79.92 987.75
v 660.30 -83.69 987.56
v 660.03 -87.44 987.11
v 659.24 -91.08 986.41
v 657.94 -94.52 985.47
v 656.17 -97.66 984.32
v 653.96 -100.44 982.99
v 651.38 -102.79 981.50
v 648.49 -104.64 979.91
v 645.35 -105.95 978.24
v 642.05 -106.70 976.53
v 638.66 -106.85 974.84
v 635.28 -106.41 973.19
v 631.97 -105.39 971.63
v 628.84 -103.82 970.21
v 625.94 -101.72 968.94
v 623.36 -99.16 967.88
v 621.16 -96.20 967.03
v 619.38 -92.90 966.43
v 618.08 -89.36 966.08
v 617.29 -85.66 966.00
v 617.02 -81.88 966.19
v 617.29 -78.13 966.64
v 618.08 -74.49 967.34
v 619.38 -71.05 968.28
v 621.16 -67.91 969.43
v 623.36 -65.13 970.76
v 625.94 -62.79 972.24
v 628.84 -60.93 973.84
v 631.97 -59.62 975.51
v 635.28 -58.88 977.22
v 640.64 -58.37 974.80
v 644.07 -58.80 976.35
v 647.41 -59.81 977.81
v 650.59 -61.38 979.15
v 653.53 -63.47 980.33
v 656.15 -66.02 981.32
v 658.38 -68.98 982.10
v 660.18 -72.27 982.65
v 661.50 -75.81 982.96
v 662.30 -79.52 983.02
v 662.57 -83.29 982.83
v 662.30 -87.04 982.38
v 661.50 -90.68 981.70
v 660.18 -94.12 980.80
v 658.38 -97.27 979.70
v 656.15 -100.06 978.44
v 653.53 -102.41 977.03
v 650.59 -104.27 975.51
v 647.41 -105.59 973.93
v 644.07 -106.34 972.32
v 640.64 -106.50 970.72
v 637.20 -106.07 969.17
v 633.86 -105.06 967.71
v 630.68 -103.49 966.37
v 627.74 -101.40 965.19
v 625.13 -98.85 964.20
v 622.89 -95.89 963.42
v 621.09 -92.60 962.86
v 619.77 -89.06 962.55
v 618.97 -85.36 962.50
v 618.70 -81.58 962.69
v 618.97 -77.83 963.14
v 619.77 -74.19 963.81
v 621.09 -70.75 964.72
v 622.89 -67.60 965.81
v 625.13 -64.82 967.08
v 627.74 -62.47 968.49
v 630.68 -60.61 970.01
v 633.86 -59.29 971.59
v 637.20 -58.54 973.20
v 642.49 -58.02 970.63
v 645.97 -58.44 972.08
v 649.36 -59.45 973.45
v 652.58 -61.01 974.69
v 655.55 -63.09 975.79
v 658.20 -65.63 976.71
v 660.46 -68.59 977.43
v 662.28 -71.87 977.93
v 663.62 -75.41 978.20
v 664.43 -79.11 978.23
v 664.71 -82.88 978.03
v 664.43 -86.64 977.59
v 663.62 -90.28 976.94
v 662.28 -93.72 976.08
v 660.46 -96.88 975.03
v 658.20 -99.67 973.82
v 655.55 -102.02 972.49
v 652.58 -103.89 971.06
v 649.36 -105.22 969.57
v 645.97 -105.98 968.05
v 642.49 -106.15 966.55
v 639.02 -105.73 965.10
v 635.63 -104.72 963.73
v 632.41 -103.16 962.49
v 629.43 -101.08 961.39
v 626.78 -98.53 960.47
v 624.52 -95.58 959.75
v 622.70 -92.30 959.25
v 621.36 -88.76 958.98
v 620.55 -85.06 958.95
v 620.28 -81.28 959.15
v 620.55 -77.53 959.58
v 621.36 -73.89 960.24
v 622.70 -70.45 961.10
v 624.52 -67.29 962.15
v 626.78 -64.50 963.36
v 629.43 -62.15 964.69
v 632.41 -60.28 966.12
v 635.63 -58.95 967.61
v 639.02 -58.19 969.13
v 644.23 -57.66 966.41
v 647.74 -58.08 967.76
v 651.17 -59.07 969.03
v 654.43 -60.62 970.18
v 657.44 -62.70 971.19
v 660.12 -65.24 972.04
v 662.41 -68.19 972.69
v 664.25 -71.47 973.14
v 665.60 -75.00 973.37
v 666.43 -78.70 973.39
v 666.70 -82.47 973.18
v 666.43 -86.23 972.75
v 665.60 -89.87 972.11
v 664.25 -93.32 971.29
v 662.41 -96.47 970.29
v 660.12 -99.27 969.15
v 657.44 -101.63 967.90
v 654.43 -103.51 966.55
v 651.17 -104.84 965.15
v 647.74 -105.61 963.73
v 644.23 -105.79 962.33
v 640.71 -105.38 960.98
v 637.28 -104.38 959.71
v 634.02 -102.83 958.55
v 631.02 -100.76 957.54
v 628.34 -98.21 956.70
v 626.05 -95.27 956.04
v 624.20 -91.99 955.59
v 622.85 -88.45 955.36
v 622.03 -84.75 955.35
v 621.75 -80.98 955.56
v 622.03 -77.22 955.99
v 622.85 -73.58 956.62
v 624.20 -70.14 957.45
v 626.05 -66.98 958.44
v 628.34 -64.18 959.58
v 631.02 -61.82 960.84
v 634.02 -59.95 962.19
v 637.28 -58.61 963.59
v 640.71 -57.84 965.00
v 645.84 -57.30 962.14
v 649.40 -57.71 963.39
v 652.86 -58.69 964.56
v 656.16 -60.24 965.62
v 659.19 -62.30 966.55
v 661.91 -64.84 967.32
v 664.22 -67.78 967.90
v 666.08 -71.06 968.30
v 667.45 -74.59 968.50
v 668.28 -78.28 968.48
v 668.56 -82.06 968.27
v 668.28 -85.81 967.85
v 667.45 -89.46 967.24
v 666.08 -92.91 966.45
v 664.22 -96.07 965.51
v 661.91 -98.87 964.43
v 659.19 -101.24 963.25
v 656.16 -103.12 961.99
v 652.86 -104.46 960.68
v 649.40 -105.24 959.36
v 645.84 -105.43 958.06
v 642.29 -105.02 956.81
v 638.82 -104.04 955.64
v 635.53 -102.49 954.57
v 632.49 -100.43 953.65
v 629.78 -97.89 952.88
v 627.46 -94.95 952.29
v 625.60 -91.67 951.90
v 624.24 -88.14 951.70
v 623.41 -84.45 951.71
v 623.13 -80.67 951.93
v 623.41 -76.92 952.35
v 624.24 -73.27 952.96
v 625.60 -69.82 953.75
v 627.46 -66.66 954.69
v 629.78 -63.86 955.77
v 632.49 -61.49 956.95
v 635.53 -59.61 958.21
v 638.82 -58.26 959.51
v 642.29 -57.49 960.84
v 647.33 -56.94 957.83
v 650.92 -57.33 958.98
v 654.42 -58.31 960.05
v 657.75 -59.85 961.02
v 660.82 -61.91 961.86
v 663.56 -64.43 962.55
v 665.89 -67.37 963.07
v 667.78 -70.64 963.41
v 669.15 -74.17 963.57
v 669.99 -77.86 963.53
v 670.28 -81.64 963.31
v 669.99 -85.39 962.89
v 669.15 -89.04 962.31
v 667.78 -92.49 961.56
v 665.89 -95.66 960.67
v 663.56 -98.47 959.66
v 660.82 -100.84 958.56
v 657.75 -102.73 957.38
v 654.42 -104.08 956.17
v 650.92 -104.87 954.95
v 647.33 -105.06 953.75
v 643.75 -104.67 952.60
v 640.25 -103.69 951.52
v 636.92 -102.15 950.55
v 633.85 -100.09 949.72
v 631.11 -97.56 949.03
v 628.78 -94.63 948.50
v 626.89 -91.36 948.16
v 625.52 -87.83 948.00
v 624.68 -84.13 948.04
v 624.39 -80.36 948.27
v 624.68 -76.60 948.68
v 625.52 -72.96 949.26
v 626.89 -69.51 950.01
v 628.78 -66.34 950.90
v 631.11 -63.53 951.91
v 633.85 -61.16 953.02
v 636.92 -59.27 954.19
v 640.25 -57.92 955.40
v 643.75 -57.13 956.62
v 648.70 -56.57 953.47
v 652.32 -56.95 954.52
v 655.86 -57.92 955.49
v 659.21 -59.45 956.37
v 662.31 -61.50 957.12
v 665.07 -64.03 957.73
v 667.43 -66.96 958.19
v 669.33 -70.22 958.48
v 670.72 -73.75 958.59
v 671.56 -77.44 958.53
v 671.85 -81.21 958.30
v 671.56 -84.97 957.89
v 670.72 -88.62 957.33
v 669.33 -92.07 956.62
v 667.43 -95.24 955.79
v 665.07 -98.06 954.85
v 662.31 -100.44 953.82
v 659.21 -102.33 952.73
v 655.86 -103.70 951.61
v 652.32 -104.49 950.49
v 648.70 -104.69 949.39
v 645.08 -104.31 948.34
v 641.55 -103.34 947.37
v 638.20 -101.81 946.50
v 635.10 -99.76 945.75
v 632.34 -97.23 945.13
v 629.98 -94.30 944.68
v 628.08 -91.04 944.39
v 626.69 -87.51 944.27
v 625.84 -83.82 944.33
v 625.56 -80.05 944.57
v 625.84 -76.29 944.97
v 626.69 -72.64 945.53
v 628.08 -69.19 946.24
v 629.98 -66.01 947.08
v 632.34 -63.20 948.02
v 635.10 -60.82 949.05
v 638.20 -58.92 950.13
v 641.55 -57.56 951.25
v 645.08 -56.77 952.37
v 649.95 -56.19 949.08
v 653.60 -56.57 950.03
v 657.16 -57.53 950.90
v 660.54 -59.06 951.68
v 663.66 -61.10 952.34
v 666.45 -63.61 952.87
v 668.82 -66.54 953.26
v 670.74 -69.80 953.50
v 672.14 -73.32 953.57
v 672.99 -77.01 953.49
v 673.28 -80.78 953.25
v 672.99 -84.54 952.85
v 672.14 -88.19 952.31
v 670.74 -91.65 951.65
v 668.82 -94.83 950.86
v 666.45 -97.65 949.99
v 663.66 -100.03 949.04
v 660.54 -101.94 948.04
v 657.16 -103.31 947.02
v 653.60 -104.11 946.00
v 649.95 -104.32 945.00
v 646.30 -103.94 944.06
v 642.74 -102.98 943.18
v 639.36 -101.46 942.40
v 636.23 -99.42 941.74
v 633.45 -96.90 941.21
v 631.07 -93.98 940.82
v 629.16 -90.71 940.58
v 627.76 -87.19 940.51
v 626.90 -83.50 940.59
v 626.62 -79.73 940.83
v 626.90 -75.97 941.23
v 627.76 -72.32 941.77
v 629.16 -68.86 942.43
v 631.07 -65.69 943.22
v 633.45 -62.87 944.09
v 636.23 -60.48 945.04
v 639.36 -58.58 946.04
v 642.74 -57.21 947.06
v 646.30 -56.41 948.08
v 651.07 -55.82 944.65
v 654.74 -56.19 945.50
v 658.33 -57.14 946.27
v 661.74 -58.66 946.95
v 664.88 -60.69 947.52
v 667.68 -63.20 947.98
v 670.08 -66.12 948.30
v 672.01 -69.38 948.48
v 673.42 -72.89 948.52
v 674.28 -76.58 948.41
v 674.57 -80.35 948.16
v 674.28 -84.11 947.77
v 673.42 -87.77 947.26
v 672.01 -91.23 946.63
v 670.08 -94.41 945.90
v 667.68 -97.23 945.09
v 664.88 -99.63 944.22
v 661.74 -101.54 943.32
v 658.33 -102.91 942.39
v 654.74 -103.72 941.47
v 651.07 -103.95 940.58
v 647.39 -103.58 939.73
v 643.80 -102.62 938.96
v 640.40 -101.11 938.28
v 637.25 -99.07 937.71
v 634.45 -96.57 937.25
v 632.05 -93.65 936.93
v 630.13 -90.39 936.75
v 628.72 -86.87 936.71
v 627.86 -83.18 936.82
v 627.57 -79.41 937.07
v 627.86 -75.65 937.46
v 628.72 -72.00 937.97
v 630.13 -68.54 938.60
v 632.05 -65.36 939.33
v 634.45 -62.53 940.14
v 637.25 -60.14 941.01
v 640.40 -58.23 941.92
v 643.80 -56.85 942.84
v 647.39 -56.04 943.76
v 652.06 -55.44 940.20
v 655.76 -55.80 940.94
v 659.37 -56.75 941.61
v 662.79 -58.25 942.19
v 665.96 -60.28 942.68
v 668.78 -62.78 943.05
v 671.19 -65.70 943.30
v 673.13 -68.95 943.43
v 674.55 -72.46 943.43
v 675.42 -76.15 943.30
v 675.71 -79.92 943.04
v 675.42 -83.68 942.66
v 674.55 -87.33 942.17
v 673.13 -90.80 941.58
v 671.19 -93.98 940.91
v 668.78 -96.81 940.17
v 665.96 -99.22 939.38
v 662.79 -101.13 938.56
v 659.37 -102.52 937.73
v 655.76 -103.34 936.91
v 652.06 -103.57 936.12
v 648.36 -103.21 935.38
v 644.75 -102.26 934.71
v 641.32 -100.76 934.13
v 638.16 -98.73 933.64
v 635.34 -96.23 933.27
v 632.93 -93.32 933.02
v 630.99 -90.06 932.89
v 629.57 -86.55 932.89
v 628.70 -82.86 933.02
v 628.41 -79.09 933.28
v 628.70 -75.33 933.66
v 629.57 -71.68 934.15
v 630.99 -68.21 934.74
v 632.93 -65.03 935.41
v 635.34 -62.20 936.15
v 638.16 -59.79 936.94
v 641.32 -57.88 937.76
v 644.75 -56.49 938.59
v 648.36 -55.67 939.41
v 652.92 -55.06 935.72
v 656.64 -55.41 936.35
v 660.27 -56.35 936.92
v 663.72 -57.85 937.40
v 666.90 -59.87 937.80
v 669.74 -62.36 938.09
v 672.16 -65.27 938.28
v 674.11 -68.52 938.35
v 675.54 -72.03 938.31
v 676.41 -75.71 938.15
v 676.70 -79.48 937.88
v 676.41 -83.24 937.51
v 675.54 -86.90 937.05
v 674.11 -90.37 936.50
v 672.16 -93.56 935.88
v 669.74 -96.39 935.21
v 666.90 -98.80 934.50
v 663.72 -100.73 933.77
v 660.27 -102.12 933.04
v 656.64 -102.95 932.32
v 652.92 -103.19 931.64
v 649.20 -102.84 931.01
v 645.57 -101.90 930.44
v 642.13 -100.40 929.95
v 638.95 -98.38 929.56
v 636.11 -95.89 929.26
v 633.69 -92.98 929.08
v 631.74 -89.73 929.01
v 630.31 -86.22 929.05
v 629.44 -82.54 929.21
v 629.14 -78.77 929.47
v 629.44 -75.01 929.84
v 630.31 -71.35 930.31
v 631.74 -67.88 930.86
v 633.69 -64.69 931.48
v 636.11 -61.86 932.15
v 638.95 -59.45 932.86
v 642.13 -57.52 933.59
v 645.57 -56.13 934.32
v 649.20 -55.30 935.03
v 653.66 -54.68 931.21
v 657.40 -55.02 931.74
v 661.04 -55.95 932.20
v 664.50 -57.44 932.59
v 667.70 -59.45 932.90
v 670.55 -61.94 933.11
v 672.98 -64.84 933.23
v 674.94 -68.09 933.24
v 676.38 -71.59 933.16
v 677.25 -75.27 932.98
v 677.55 -79.04 932.70
v 677.25 -82.80 932.34
v 676.38 -86.46 931.90
v 674.94 -89.93 931.39
v 672.98 -93.13 930.83
v 670.55 -95.97 930.23
v 667.70 -98.39 929.60
v 664.50 -100.32 928.96
v 661.04 -101.72 928.33
v 657.40 -102.56 927.71
v 653.66 -102.81 927.13
v 649.92 -102.46 926.61
v 646.28 -101.54 926.14
v 642.81 -100.05 925.75
v 639.62 -98.04 925.45
v 636.77 -95.55 925.24
v 634.33 -92.65 925.12
v 632.37 -89.40 925.10
v 630.94 -85.90 925.19
v 630.06 -82.21 925.37
v 629.77 -78.44 925.64
v 630.06 -74.68 926.01
v 630.94 -71.02 926.45
v 632.37 -67.55 926.96
v 634.33 -64.36 927.52
v 636.77 -61.52 928.12
v 639.62 -59.10 928.75
v 642.81 -57.17 929.39
v 646.28 -55.77 930.02
v 649.92 -54.93 930.64
v 654.27 -54.30 926.69
v 658.02 -54.63 927.11
v 661.68 -55.55 927.47
v 665.15 -57.03 927.76
v 668.36 -59.03 927.98
v 671.22 -61.52 928.11
v 673.67 -64.41 928.16
v 675.63 -67.65 928.12
v 677.07 -71.15 927.99
v 677.95 -74.83 927.79
v 678.25 -78.60 927.50
v 677.95 -82.36 927.15
v 677.07 -86.03 926.73
v 675.63 -89.50 926.26
v 673.67 -92.70 925.76
v 671.22 -95.55 925.22
v 668.36 -97.97 924.68
v 665.15 -99.91 924.13
v 661.68 -101.32 923.59
v 658.02 -102.17 923.08
v 654.27 -102.42 922.61
v 650.51 -102.09 922.19
v 646.86 -101.17 921.83
v 643.38 -99.69 921.54
v 640.17 -97.69 921.32
v 637.31 -95.20 921.19
v 634.87 -92.31 921.15
v 632.90 -89.07 921.18
v 631.46 -85.57 921.31
v 630.58 -81.89 921.52
v 630.29 -78.12 921.80
v 630.58 -74.36 922.15
v 631.46 -70.69 922.57
v 632.90 -67.22 923.04
v 634.87 -64.02 923.54
v 637.31 -61.17 924.08
v 640.17 -58.75 924.62
v 643.38 -56.81 925.17
v 646.86 -55.40 925.71
v 650.51 -54.55 926.22
v 654.74 -53.91 922.15
v 658.51 -54.24 922.47
v 662.18 -55.15 922.72
v 665.66 -56.62 922.91
v 668.88 -58.62 923.04
v 671.75 -61.09 923.09
v 674.20 -63.98 923.07
v 676.17 -67.21 922.97
v 677.62 -70.71 922.81
v 678.50 -74.39 922.57
v 678.80 -78.16 922.28
v 678.50 -81.92 921.94
v 677.62 -85.59 921.55
v 676.17 -89.06 921.12
v 674.20 -92.27 920.67
v 671.75 -95.12 920.20
v 668.88 -97.55 919.74
v 665.66 -99.50 919.28
v 662.18 -100.92 918.84
v 658.51 -101.77 918.44
v 654.74 -102.04 918.07
v 650.98 -101.71 917.76
v 647.31 -100.80 917.50
v 643.82 -99.33 917.31
v 640.61 -97.34 917.19
v 637.74 -94.86 917.13
v 635.29 -91.97 917.16
v 633.31 -88.74 917.25
v 631.87 -85.24 917.42
v 630.99 -81.56 917.65
v 630.69 -77.79 917.94
v 630.99 -74.03 918.29
v 631.87 -70.36 918.68
v 633.31 -66.89 919.10
v 635.29 -63.68 919.55
v 637.74 -60.83 920.02
v 640.61 -58.40 920.49
v 643.82 -56.45 920.94
v 647.31 -55.03 921.38
v 650.98 -54.18 921.79
v 655.09 -53.53 917.60
v 658.86 -53.84 917.81
v 662.54 -54.74 917.96
v 666.04 -56.21 918.05
v 669.26 -58.20 918.09
v 672.14 -60.66 918.06
v 674.59 -63.55 917.96
v 676.57 -66.78 917.81
v 678.02 -70.27 917.61
v 678.90 -73.95 917.35
v 679.20 -77.72 917.05
v 678.90 -81.48 916.71
v 678.02 -85.15 916.35
v 676.57 -88.63 915.96
v 674.59 -91.84 915.57
v 672.14 -94.69 915.17
v 669.26 -97.13 914.79
v 666.04 -99.09 914.42
v 662.54 -100.51 914.08
v 658.86 -101.38 913.78
v 655.09 -101.65 913.52
v 651.32 -101.34 913.31
v 647.64 -100.44 913.16
v 644.15 -98.97 913.07
v 640.92 -96.98 913.04
v 638.05 -94.52 913.07
v 635.59 -91.63 913.16
v 633.62 -88.40 913.31
v 632.17 -84.91 913.51
v 631.29 -81.23 913.77
v 630.99 -77.46 914.07
v 631.29 -73.70 914.41
v 632.17 -70.03 914.77
v 633.62 -66.55 915.16
v 635.59 -63.34 915.55
v 638.05 -60.49 915.95
v 640.92 -58.05 916.34
v 644.15 -56.09 916.70
v 647.64 -54.66 917.04
v 651.32 -53.80 917.34
v 655.31 -53.14 913.04
v 659.09 -53.45 913.14
v 662.77 -54.34 913.19
v 666.27 -55.79 913.18
v 669.50 -57.78 913.12
v 672.38 -60.24 913.01
v 674.84 -63.11 912.85
v 676.82 -66.34 912.64
v 678.27 -69.83 912.40
v 679.15 -73.51 912.12
v 679.45 -77.27 911.81
v 679.15 -81.04 911.48
v 678.27 -84.70 911.14
v 676.82 -88.19 910.79
v 674.84 -91.40 910.45
v 672.38 -94.27 910.13
v 669.50 -96.71 909.83
v 666.27 -98.68 909.55
v 662.77 -100.11 909.31
v 659.09 -100.98 909.11
v 655.31 -101.27 908.96
v 651.53 -100.96 908.86
v 647.85 -100.07 908.81
v 644.35 -98.61 908.82
v 641.12 -96.63 908.88
v 638.24 -94.17 908.99
v 635.78 -91.29 909.15
v 633.80 -88.07 909.36
v 632.36 -84.57 909.61
v 631.47 -80.90 909.89
v 631.17 -77.14 910.20
v 631.47 -73.37 910.52
v 632.36 -69.70 910.87
v 633.80 -66.22 911.21
v 635.78 -63.00 911.55
v 638.24 -60.14 911.87
v 641.12 -57.70 912.18
v 644.35 -55.73 912.45
v 647.85 -54.30 912.69
v 651.53 -53.43 912.89
v 655.40 -52.75 908.48
v 659.18 -53.05 908.47
v 662.86 -53.93 908.42
v 666.36 -55.38 908.31
v 669.59 -57.35 908.16
v 672.48 -59.81 907.97
v 674.94 -62.68 907.74
v 676.92 -65.90 907.47
v 678.37 -69.39 907.19
v 679.25 -73.06 906.88
v 679.55 -76.83 906.56
v 679.25 -80.59 906.24
v 678.37 -84.26 905.93
v 676.92 -87.75 905.62
v 674.94 -90.97 905.34
v 672.48 -93.84 905.08
v 669.59 -96.29 904.86
v 666.36 -98.26 904.68
v 662.86 -99.71 904.54
v 659.18 -100.59 904.44
v 655.40 -100.88 904.40
v 651.62 -100.58 904.40
v 647.94 -99.70 904.46
v 644.44 -98.25 904.56
v 641.20 -96.28 904.72
v 638.32 -93.83 904.91
v 635.86 -90.95 905.14
v 633.88 -87.73 905.40
v 632.43 -84.24 905.69
v 631.55 -80.57 906.00
v 631.25 -76.81 906.31
v 631.55 -73.04 906.64
v 632.43 -69.37 906.95
v 633.88 -65.88 907.25
v 635.86 -62.66 907.54
v 638.32 -59.79 907.79
v 641.20 -57.34 908.02
v 644.44 -55.37 908.20
v 647.94 -53.93 908.34
v 651.62 -53.05 908.43
v 660.00 24.06 2.04
v 663.78 23.77 2.03
v 667.46 22.88 1.98
v 670.96 21.44 1.87
v 674.19 19.46 1.72
v 677.08 17.01 1.53
v 679.54 14.14 1.30
v 681.52 10.92 1.03
v 682.97 7.43 0.75
v 683.85 3.75 0.44
v 684.15 -0.01 0.12
v 683.85 -3.77 -0.20
v 682.97 -7.45 -0.51
v 681.52 -10.93 -0.82
v 679.54 -14.15 -1.10
v 677.08 -17.02 -1.36
v 674.19 -19.47 -1.58
v 670.96 -21.45 -1.76
v 667.46 -22.89 -1.90
v 663.78 -23.77 -2.00
v 660.00 -24.06 -2.04
v 656.22 -23.77 -2.03
v 652.54 -22.88 -1.98
v 649.04 -21.44 -1.87
v 645.81 -19.46 -1.72
v 642.92 -17.01 -1.53
v 640.46 -14.14 -1.30
v 638.48 -10.92 -1.03
v 637.03 -7.43 -0.75
v 636.15 -3.75 -0.44
v 635.85 0.01 -0.12
v 636.15 3.77 0.20
v 637.03 7.45 0.51
v 638.48 10.93 0.82
v 640.46 14.15 1.10
v 642.92 17.02 1.36
v 645.81 19.47 1.58
v 649.04 21.45 1.76
v 652.54 22.89 1.90
v 656.22 23.77 2.00
v -660.00 0.00 0.00
v 660.00 0.00 0.00
v -710.00 -100.00 0.00
v -710.00 -100.00 14.00
v -710.00 100.00 0.00
v -710.00 100.00 14.00
v -610.00 -100.00 0.00
v -610.00 -100.00 14.00
v -610.00 100.00 0.00
v -610.00 100.00 14.00
v 610.00 -100.00 0.00
v 610.00 -100.00 14.00
v 610.00 100.00 0.00
v 610.00 100.00 14.00
v 710.00 -100.00 0.00
v 710.00 -100.00 14.00
v 710.00 100.00 0.00
v 710.00 100.00 14.00
v -225.00 -77.50 1100.00
v -225.00 -77.50 1260.00
v -225.00 -72.50 1100.00
v -225.00 -72.50 1260.00
v -175.00 -77.50 1100.00
v -175.00 -77.50 1260.00
v -175.00 -72.50 1100.00
v -175.00 -72.50 1260.00
v 537.96 -53.63 990.00
v 537.96 -53.63 1150.00
v 540.78 -49.50 990.00
v 540.78 -49.50 1150.00
v 579.22 -81.86 990.00
v 579.22 -81.86 1150.00
v 582.04 -77.73 990.00
v 582.04 -77.73 1150.00
o marco
f 1 41 42
f 1 42 2
f 2 42 43
f 2 43 3
f 3 43 44
f 3 44 4
f 4 44 45
f 4 45 5
f 5 45 46
f 5 46 6
f 6 46 47
f 6 47 7
f 7 47 48
f 7 48 8
f 8 48 49
f 8 49 9
f 9 49 50
f 9 50 10
f 10 50 51
f 10 51 11
f 11 51 52
f 11 52 12
f 12 52 53
f 12 53 13
f 13 53 54
f 13 54 14
f 14 54 55
f 14 55 15
f 15 55 56
f 15 56 16
f 16 56 57
f 16 57 17
f 17 57 58
f 17 58 18
f 18 58 59
f 18 59 19
f 19 59 60
f 19 60 20
f 20 60 61
f 20 61 21
f 21 61 62
f 21 62 22
f 22 62 63
f 22 63 23
f 23 63 64
f 23 64 24
f 24 64 65
f 24 65 25
f 25 65 66
f 25 66 26
f 26 66 67
f 26 67 27
f 27 67 68
f 27 68 28
f 28 68 69
f 28 69 29
f 29 69 70
f 29 70 30
f 30 70 71
f 30 71 31
f 31 71 72
f 31 72 32
f 32 72 73
f 32 73 33
f 33 73 74
f 33 74 34
f 34 74 75
f 34 75 35
f 35 75 76
f 35 76 36
f 36 76 77
f 36 77 37
f 37 77 78
f 37 78 38
f 38 78 79
f 38 79 39
f 39 79 80
f 39 80 40
f 40 80 41
f 40 41 1
f 41 81 82
f 41 82 42
f 42 82 83
f 42 83 43
f 43 83 84
f 43 84 44
f 44 84 85
f 44 85 45
f 45 85 86
f 45 86 46
f 46 86 87
f 46 87 47
f 47 87 88
f 47 88 48
f 48 88 89
f 48 89 49
f 49 89 90
f 49 90 50
f 50 90 91
f 50 91 51
f 51 91 92
f 51 92 52
f 52 92 93
f 52 93 53
f 53 93 94
f 53 94 54
f 54 94 95
f 54 95 55
f 55 95 96
f 55 96 56
f 56 96 97
f 56 97 57
f 57 97 98
f 57 98 58
f 58 98 99
f 58 99 59
f 59 99 100
f 59 100 60
f 60 100 101
f 60 101 61
f 61 101 102
f 61 102 62
f 62 102 103
f 62 103 63
f 63 103 104
f 63 104 64
f 64 104 105
f 64 105 65
f 65 105 106
f 65 106 66
f 66 106 107
f 66 107 67
f 67 107 108
f 67 108 68
f 68 108 109
f 68 109 69
f 69 109 110
f 69 110 70
f 70 110 111
f 70 111 71
f 71 111 112
f 71 112 72
f 72 112 113
f 72 113 73
f 73 113 114
f 73 114 74
f 74 114 115
f 74 115 75
f 75 115 116
f 75 116 76
f 76 116 117
f 76 117 77
f 77 117 118
f 77 118 78
f 78 118 119
f 78 119 79
f 79 119 120
f 79 120 80
f 80 120 81
f 80 81 41
f 81 121 122
f 81 122 82
f 82 122 123
f 82 123 83
f 83 123 124
f 83 124 84
f 84 124 125
f 84 125 85
f 85 125 126
f 85 126 86
f 86 126 127
f 86 127 87
f 87 127 128
f 87 128 88
f 88 128 129
f 88 129 89
f 89 129 130
f 89 130 90
f 90 130 131
f 90 131 91
f 91 131 132
f 91 132 92
f 92 132 133
f 92 133 93
f 93 133 134
f 93 134 94
f 94 134 135
f 94 135 95
f 95 135 136
f 95 136 96
f 96 136 137
f 96 137 97
f 97 137 138
f 97 138 98
f 98 138 139
f 98 139 99
f 99 139 140
f 99 140 100
f 100 140 141
f 100 141 101
f 101 141 142
f 101 142 102
f 102 142 143
f 102 143 103
f 103 143 144
f 103 144 104
f 104 144 145
f 104 145 105
f 105 145 146
f 105 146 106
f 106 146 147
f 106 147 107
f 107 147 148
f 107 148 108
f 108 148 149
f 108 149 109
f 109 149 150
f 109 150 110
f 110 150 151
f 110 151 111
f 111 151 152
f 111 152 112
f 112 152 153
f 112 153 113
f 113 153 154
f 113 154 114
f 114 154 155
f 114 155 115
f 115 155 156
f 115 156 116
f 116 156 157
f 116 157 117
f 117 157 158
f 117 158 118
f 118 158 159
f 118 159 119
f 119 159 160
f 119 160 120
f 120 160 121
f 120 121 81
f 121 161 162
f 121 162 122
f 122 162 163
f 122 163 123
f 123 163 164
f 123 164 124
f 124 164 165
f 124 165 125
f 125 165 166
f 125 166 126
f 126 166 167
f 126 167 127
f 127 167 168
f 127 168 128
f 128 168 169
f 128 169 129
f 129 169 170
f 129 170 130
f 130 170 171
f 130 171 131
f 131 171 172
f 131 172 132
f 132 172 173
f 132 173 133
f 133 173 174
f 133 174 134
f 134 174 175
f 134 175 135
f 135 175 176
f 135 176 136
f 136 176 177
f 136 177 137
f 137 177 178
f 137 178 138
f 138 178 179
f 138 179 139
f 139 179 180
f 139 180 140
f 140 180 181
f 140 181 141
f 141 181 182
f 141 182 142
f 142 182 183
f 142 183 143
f 143 183 184
f 143 184 144
f 144 184 185
f 144 185 145
f 145 185 186
f 145 186 146
f 146 186 187
f 146 187 147
f 147 187 188
f 147 188 148
f 148 188 189
f 148 189 149
f 149 189 190
f 149 190 150
f 150 190 191
f 150 191 151
f 151 191 192
f 151 192 152
f 152 192 193
f 152 193 153
f 153 193 194
f 153 194 154
f 154 194 195
f 154 195 155
f 155 195 196
f 155 196 156
f 156 196 197
f 156 197 157
f 157 197 198
f 157 198 158
f 158 198 199
f 158 199 159
f 159 199 200
f 159 200 160
f 160 200 161
f 160 161 121
f 161 201 202
f 161 202 162
f 162 202 203
f 162 203 163
f 163 203 204
f 163 204 164
f 164 204 205
f 164 205 165
f 165 205 206
f 165 206 166
f 166 206 207
f 166 207 167
f 167 207 208
f 167 208 168
f 168 208 209
f 168 209 169
f 169 209 210
f 169 210 170
f 170 210 211
f 170 211 171
f 171 211 212
f 171 212 172
f 172 212 213
f 172 213 173
f 173 213 214
f 173 214 174
f 174 214 215
f 174 215 175
f 175 215 216
f 175 216 176
f 176 216 217
f 176 217 177
f 177 217 218
f 177 218 178
f 178 218 219
f 178 219 179
f 179 219 220
f 179 220 180
f 180 220 221
f 180 221 181
f 181 221 222
f 181 222 182
f 182 222 223
f 182 223 183
f 183 223 224
f 183 224 184
f 184 224 225
f 184 225 185
f 185 225 226
f 185 226 186
f 186 226 227
f 186 227 187
f 187 227 228
f 187 228 188
f 188 228 229
f 188 229 189
f 189 229 230
f 189 230 190
f 190 230 231
f 190 231 191
f 191 231 232
f 191 232 192
f 192 232 233
f 192 233 193
f 193 233 234
f 193 234 194
f 194 234 235
f 194 235 195
f 195 235 236
f 195 236 196
f 196 236 237
f 196 237 197
f 197 237 238
f 197 238 198
f 198 238 239
f 198 239 199
f 199 239 240
f 199 240 200
f 200 240 201
f 200 201 161
f 201 241 242
f 201 242 202
f 202 242 243
f 202 243 203
f 203 243 244
f 203 244 204
f 204 244 245
f 204 245 205
f 205 245 246
f 205 246 206
f 206 246 247
f 206 247 207
f 207 247 248
f 207 248 208
f 208 248 249
f 208 249 209
f 209 249 250
f 209 250 210
f 210 250 251
f 210 251 211
f 211 251 252
f 211 252 212
f 212 252 253
f 212 253 213
f 213 253 254
f 213 254 214
f 214 254 255
f 214 255 215
f 215 255 256
f 215 256 216
f 216 256 257
f 216 257 217
f 217 257 258
f 217 258 218
f 218 258 259
f 218 259 219
f 219 259 260
f 219 260 220
f 220 260 261
f 220 261 221
f 221 261 262
f 221 262 222
f 222 262 263
f 222 263 223
f 223 263 264
f 223 264 224
f 224 264 265
f 224 265 225
f 225 265 266
f 225 266 226
f 226 266 267
f 226 267 227
f 227 267 268
f 227 268 228
f 228 268 269
f 228 269 229
f 229 269 270
f 229 270 230
f 230 270 271
f 230 271 231
f 231 271 272
f 231 272 232
f 232 272 273
f 232 273 233
f 233 273 274
f 233 274 234
f 234 274 275
f 234 275 235
f 235 275 276
f 235 276 236
f 236 276 277
f 236 277 237
f 237 277 278
f 237 278 238
f 238 278 279
f 238 279 239
f 239 279 280
f 239 280 240
f 240 280 241
f 240 241 201
f 241 281 282
f 241 282 242
f 242 282 283
f 242 283 243
f 243 283 284
f 243 284 244
f 244 284 285
f 244 285 245
f 245 285 286
f 245 286 246
f 246 286 287
f 246 287 247
f 247 287 288
f 247 288 248
f 248 288 289
f 248 289 249
f 249 289 290
f 249 290 250
f 250 290 291
f 250 291 251
f 251 291 292
f 251 292 252
f 252 292 293
f 252 293 253
f 253 293 294
f 253 294 254
f 254 294 295
f 254 295 255
f 255 295 296
f 255 296 256
f 256 296 297
f 256 297 257
f 257 297 298
f 257 298 258
f 258 298 299
f 258 299 259
f 259 299 300
f 259 300 260
f 260 300 301
f 260 301 261
f 261 301 302
f 261 302 262
f 262 302 303
f 262 303 263
f 263 303 304
f 263 304 264
f 264 304 305
f 264 305 265
f 265 305 306
f 265 306 266
f 266 306 307
f 266 307 267
f 267 307 308
f 267 308 268
f 268 308 309
f 268 309 269
f 269 309 310
f 269 310 270
f 270 310 311
f 270 311 271
f 271 311 312
f 271 312 272
f 272 312 313
f 272 313 273
f 273 313 314
f 273 314 274
f 274 314 315
f 274 315 275
f 275 315 316
f 275 316 276
f 276 316 317
f 276 317 277
f 277 317 318
f 277 318 278
f 278 318 319
f 278 319 279
f 279 319 320
f 279 320 280
f 280 320 281
f 280 281 241
f 281 321 322
f 281 322 282
f 282 322 323
f 282 323 283
f 283 323 324
f 283 324 284
f 284 324 325
f 284 325 285
f 285 325 326
f 285 326 286
f 286 326 327
f 286 327 287
f 287 327 328
f 287 328 288
f 288 328 329
f 288 329 289
f 289 329 330
f 289 330 290
f 290 330 331
f 290 331 291
f 291 331 332
f 291 332 292
f 292 332 333
f 292 333 293
f 293 333 334
f 293 334 294
f 294 334 335
f 294 335 295
f 295 335 336
f 295 336 296
f 296 336 337
f 296 337 297
f 297 337 338
f 297 338 298
f 298 338 339
f 298 339 299
f 299 339 340
f 299 340 300
f 300 340 341
f 300 341 301
f 301 341 342
f 301 342 302
f 302 342 343
f 302 343 303
f 303 343 344
f 303 344 304
f 304 344 345
f 304 345 305
f 305 345 346
f 305 346 306
f 306 346 347
f 306 347 307
f 307 347 348
f 307 348 308
f 308 348 349
f 308 349 309
f 309 349 350
f 309 350 310
f 310 350 351
f 310 351 311
f 311 351 352
f 311 352 312
f 312 352 353
f 312 353 313
f 313 353 354
f 313 354 314
f 314 354 355
f 314 355 315
f 315 355 356
f 315 356 316
f 316 356 357
f 316 357 317
f 317 357 358
f 317 358 318
f 318 358 359
f 318 359 319
f 319 359 360
f 319 360 320
f 320 360 321
f 320 321 281
f 321 361 362
f 321 362 322
f 322 362 363
f 322 363 323
f 323 363 364
f 323 364 324
f 324 364 365
f 324 365 325
f 325 365 366
f 325 366 326
f 326 366 367
f 326 367 327
f 327 367 368
f 327 368 328
f 328 368 369
f 328 369 329
f 329 369 370
f 329 370 330
f 330 370 371
f 330 371 331
f 331 371 372
f 331 372 332
f 332 372 373
f 332 373 333
f 333 373 374
f 333 374 334
f 334 374 375
f 334 375 335
f 335 375 376
f 335 376 336
f 336 376 377
f 336 377 337
f 337 377 378
f 337 378 338
f 338 378 379
f 338 379 339
f 339 379 380
f 339 380 340
f 340 380 381
f 340 381 341
f 341 381 382
f 341 382 342
f 342 382 383
f 342 383 343
f 343 383 384
f 343 384 344
f 344 384 385
f 344 385 345
f 345 385 386
f 345 386 346
f 346 386 387
f 346 387 347
f 347 387 388
f 347 388 348
f 348 388 389
f 348 389 349
f 349 389 390
f 349 390 350
f 350 390 391
f 350 391 351
f 351 391 392
f 351 392 352
f 352 392 393
f 352 393 353
f 353 393 394
f 353 394 354
f 354 394 395
f 354 395 355
f 355 395 396
f 355 396 356
f 356 396 397
f 356 397 357
f 357 397 398
f 357 398 358
f 358 398 399
f 358 399 359
f 359 399 400
f 359 400 360
f 360 400 361
f 360 361 321
f 361 401 402
f 361 402 362
f 362 402 403
f 362 403 363
f 363 403 404
f 363 404 364
f 364 404 405
f 364 405 365
f 365 405 406
f 365 406 366
f 366 406 407
f 366 407 367
f 367 407 408
f 367 408 368
f 368 408 409
f 368 409 369
f 369 409 410
f 369 410 370
f 370 410 411
f 370 411 371
f 371 411 412
f 371 412 372
f 372 412 413
f 372 413 373
f 373 413 414
f 373 414 374
f 374 414 415
f 374 415 375
f 375 415 416
f 375 416 376
f 376 416 417
f 376 417 377
f 377 417 418
f 377 418 378
f 378 418 419
f 378 419 379
f 379 419 420
f 379 420 380
f 380 420 421
f 380 421 381
f 381 421 422
f 381 422 382
f 382 422 423
f 382 423 383
f 383 423 424
f 383 424 384
f 384 424 425
f 384 425 385
f 385 425 426
f 385 426 386
f 386 426 427
f 386 427 387
f 387 427 428
f 387 428 388
f 388 428 429
f 388 429 389
f 389 429 430
f 389 430 390
f 390 430 431
f 390 431 391
f 391 431 432
f 391 432 392
f 392 432 433
f 392 433 393
f 393 433 434
f 393 434 394
f 394 434 435
f 394 435 395
f 395 435 436
f 395 436 396
f 396 436 437
f 396 437 397
f 397 437 438
f 397 438 398
f 398 438 439
f 398 439 399
f 399 439 440
f 399 440 400
f 400 440 401
f 400 401 361
f 401 441 442
f 401 442 402
f 402 442 443
f 402 443 403
f 403 443 444
f 403 444 404
f 404 444 445
f 404 445 405
f 405 445 446
f 405 446 406
f 406 446 447
f 406 447 407
f 407 447 448
f 407 448 408
f 408 448 449
f 408 449 409
f 409 449 450
f 409 450 410
f 410 450 451
f 410 451 411
f 411 451 452
f 411 452 412
f 412 452 453
f 412 453 413
f 413 453 454
f 413 454 414
f 414 454 455
f 414 455 415
f 415 455 456
f 415 456 416
f 416 456 457
f 416 457 417
f 417 457 458
f 417 458 418
f 418 458 459
f 418 459 419
f 419 459 460
f 419 460 420
f 420 460 461
f 420 461 421
f 421 461 462
f 421 462 422
f 422 462 463
f 422 463 423
f 423 463 464
f 423 464 424
f 424 464 465
f 424 465 425
f 425 465 466
f 425 466 426
f 426 466 467
f 426 467 427
f 427 467 468
f 427 468 428
f 428 468 469
f 428 469 429
f 429 469 470
f 429 470 430
f 430 470 471
f 430 471 431
f 431 471 472
f 431 472 432
f 432 472 473
f 432 473 433
f 433 473 474
f 433 474 434
f 434 474 475
f 434 475 435
f 435 475 476
f 435 476 436
f 436 476 477
f 436 477 437
f 437 477 478
f 437 478 438
f 438 478 479
f 438 479 439
f 439 479 480
f 439 480 440
f 440 480 441
f 440 441 401
f 441 481 482
f 441 482 442
f 442 482 483
f 442 483 443
f 443 483 484
f 443 484 444
f 444 484 485
f 444 485 445
f 445 485 486
f 445 486 446
f 446 486 487
f 446 487 447
f 447 487 488
f 447 488 448
f 448 488 489
f 448 489 449
f 449 489 490
f 449 490 450
f 450 490 491
f 450 491 451
f 451 491 492
f 451 492 452
f 452 492 493
f 452 493 453
f 453 493 494
f 453 494 454
f 454 494 495
f 454 495 455
f 455 495 496
f 455 496 456
f 456 496 497
f 456 497 457
f 457 497 498
f 457 498 458
f 458 498 499
f 458 499 459
f 459 499 500
f 459 500 460
f 460 500 501
f 460 501 461
f 461 501 502
f 461 502 462
f 462 502 503
f 462 503 463
f 463 503 504
f 463 504 464
f 464 504 505
f 464 505 465
f 465 505 506
f 465 506 466
f 466 506 507
f 466 507 467
f 467 507 508
f 467 508 468
f 468 508 509
f 468 509 469
f 469 509 510
f 469 510 470
f 470 510 511
f 470 511 471
f 471 511 512
f 471 512 472
f 472 512 513
f 472 513 473
f 473 513 514
f 473 514 474
f 474 514 515
f 474 515 475
f 475 515 516
f 475 516 476
f 476 516 517
f 476 517 477
f 477 517 518
f 477 518 478
f 478 518 519
f 478 519 479
f 479 519 520
f 479 520 480
f 480 520 481
f 480 481 441
f 481 521 522
f 481 522 482
f 482 522 523
f 482 523 483
f 483 523 524
f 483 524 484
f 484 524 525
f 484 525 485
f 485 525 526
f 485 526 486
f 486 526 527
f 486 527 487
f 487 527 528
f 487 528 488
f 488 528 529
f 488 529 489
f 489 529 530
f 489 530 490
f 490 530 531
f 490 531 491
f 491 531 532
f 491 532 492
f 492 532 533
f 492 533 493
f 493 533 534
f 493 534 494
f 494 534 535
f 494 535 495
f 495 535 536
f 495 536 496
f 496 536 537
f 496 537 497
f 497 537 538
f 497 538 498
f 498 538 539
f 498 539 499
f 499 539 540
f 499 540 500
f 500 540 541
f 500 541 501
f 501 541 542
f 501 542 502
f 502 542 543
f 502 543 503
f 503 543 544
f 503 544 504
f 504 544 545
f 504 545 505
f 505 545 546
f 505 546 506
f 506 546 547
f 506 547 507
f 507 547 548
f 507 548 508
f 508 548 549
f 508 549 509
f 509 549 550
f 509 550 510
f 510 550 551
f 510 551 511
f 511 551 552
f 511 552 512
f 512 552 553
f 512 553 513
f 513 553 554
f 513 554 514
f 514 554 555
f 514 555 515
f 515 555 556
f 515 556 516
f 516 556 557
f 516 557 517
f 517 557 558
f 517 558 518
f 518 558 559
f 518 559 519
f 519 559 560
f 519 560 520
f 520 560 521
f 520 521 481
f 521 561 562
f 521 562 522
f 522 562 563
f 522 563 523
f 523 563 564
f 523 564 524
f 524 564 565
f 524 565 525
f 525 565 566
f 525 566 526
f 526 566 567
f 526 567 527
f 527 567 568
f 527 568 528
f 528 568 569
f 528 569 529
f 529 569 570
f 529 570 530
f 530 570 571
f 530 571 531
f 531 571 572
f 531 572 532
f 532 572 573
f 532 573 533
f 533 573 574
f 533 574 534
f 534 574 575
f 534 575 535
f 535 575 576
f 535 576 536
f 536 576 577
f 536 577 537
f 537 577 578
f 537 578 538
f 538 578 579
f 538 579 539
f 539 579 580
f 539 580 540
f 540 580 581
f 540 581 541
f 541 581 582
f 541 582 542
f 542 582 583
f 542 583 543
f 543 583 584
f 543 584 544
f 544 584 585
f 544 585 545
f 545 585 586
f 545 586 546
f 546 586 587
f 546 587 547
f 547 587 588
f 547 588 548
f 548 588 589
f 548 589 549
f 549 589 590
f 549 590 550
f 550 590 591
f 550 591 551
f 551 591 592
f 551 592 552
f 552 592 593
f 552 593 553
f 553 593 594
f 553 594 554
f 554 594 595
f 554 595 555
f 555 595 596
f 555 596 556
f 556 596 597
f 556 597 557
f 557 597 598
f 557 598 558
f 558 598 599
f 558 599 559
f 559 599 600
f 559 600 560
f 560 600 561
f 560 561 521
f 561 601 602
f 561 602 562
f 562 602 603
f 562 603 563
f 563 603 604
f 563 604 564
f 564 604 605
f 564 605 565
f 565 605 606
f 565 606 566
f 566 606 607
f 566 607 567
f 567 607 608
f 567 608 568
f 568 608 609
f 568 609 569
f 569 609 610
f 569 610 570
f 570 610 611
f 570 611 571
f 571 611 612
f 571 612 572
f 572 612 613
f 572 613 573
f 573 613 614
f 573 614 574
f 574 614 615
f 574 615 575
f 575 615 616
f 575 616 576
f 576 616 617
f 576 617 577
f 577 617 618
f 577 618 578
f 578 618 619
f 578 619 579
f 579 619 620
f 579 620 580
f 580 620 621
f 580 621 581
f 581 621 622
f 581 622 582
f 582 622 623
f 582 623 583
f 583 623 624
f 583 624 584
f 584 624 625
f 584 625 585
f 585 625 626
f 585 626 586
f 586 626 627
f 586 627 587
f 587 627 628
f 587 628 588
f 588 628 629
f 588 629 589
f 589 629 630
f 589 630 590
f 590 630 631
f 590 631 591
f 591 631 632
f 591 632 592
f 592 632 633
f 592 633 593
f 593 633 634
f 593 634 594
f 594 634 635
f 594 635 595
f 595 635 636
f 595 636 596
f 596 636 637
f 596 637 597
f 597 637 638
f 597 638 598
f 598 638 639
f 598 639 599
f 599 639 640
f 599 640 600
f 600 640 601
f 600 601 561
f 601 641 642
f 601 642 602
f 602 642 643
f 602 643 603
f 603 643 644
f 603 644 604
f 604 644 645
f 604 645 605
f 605 645 646
f 605 646 606
f 606 646 647
f 606 647 607
f 607 647 648
f 607 648 608
f 608 648 649
f 608 649 609
f 609 649 650
f 609 650 610
f 610 650 651
f 610 651 611
f 611 651 652
f 611 652 612
f 612 652 653
f 612 653 613
f 613 653 654
f 613 654 614
f 614 654 655
f 614 655 615
f 615 655 656
f 615 656 616
f 616 656 657
f 616 657 617
f 617 657 658
f 617 658 618
f 618 658 659
f 618 659 619
f 619 659 660
f 619 660 620
f 620 660 661
f 620 661 621
f 621 661 662
f 621 662 622
f 622 662 663
f 622 663 623
f 623 663 664
f 623 664 624
f 624 664 665
f 624 665 625
f 625 665 666
f 625 666 626
f 626 666 667
f 626 667 627
f 627 667 668
f 627 668 628
f 628 668 669
f 628 669 629
f 629 669 670
f 629 670 630
f 630 670 671
f 630 671 631
f 631 671 672
f 631 672 632
f 632 672 673
f 632 673 633
f 633 673 674
f 633 674 634
f 634 674 675
f 634 675 635
f 635 675 676
f 635 676 636
f 636 676 677
f 636 677 637
f 637 677 678
f 637 678 638
f 638 678 679
f 638 679 639
f 639 679 680
f 639 680 640
f 640 680 641
f 640 641 601
f 641 681 682
f 641 682 642
f 642 682 683
f 642 683 643
f 643 683 684
f 643 684 644
f 644 684 685
f 644 685 645
f 645 685 686
f 645 686 646
f 646 686 687
f 646 687 647
f 647 687 688
f 647 688 648
f 648 688 689
f 648 689 649
f 649 689 690
f 649 690 650
f 650 690 691
f 650 691 651
f 651 691 692
f 651 692 652
f 652 692 693
f 652 693 653
f 653 693 694
f 653 694 654
f 654 694 695
f 654 695 655
f 655 695 696
f 655 696 656
f 656 696 697
f 656 697 657
f 657 697 698
f 657 698 658
f 658 698 699
f 658 699 659
f 659 699 700
f 659 700 660
f 660 700 701
f 660 701 661
f 661 701 702
f 661 702 662
f 662 702 703
f 662 703 663
f 663 703 704
f 663 704 664
f 664 704 705
f 664 705 665
f 665 705 706
f 665 706 666
f 666 706 707
f 666 707 667
f 667 707 708
f 667 708 668
f 668 708 709
f 668 709 669
f 669 709 710
f 669 710 670
f 670 710 711
f 670 711 671
f 671 711 712
f 671 712 672
f 672 712 713
f 672 713 673
f 673 713 714
f 673 714 674
f 674 714 715
f 674 715 675
f 675 715 716
f 675 716 676
f 676 716 717
f 676 717 677
f 677 717 718
f 677 718 678
f 678 718 719
f 678 719 679
f 679 719 720
f 679 720 680
f 680 720 681
f 680 681 641
f 681 721 722
f 681 722 682
f 682 722 723
f 682 723 683
f 683 723 724
f 683 724 684
f 684 724 725
f 684 725 685
f 685 725 726
f 685 726 686
f 686 726 727
f 686 727 687
f 687 727 728
f 687 728 688
f 688 728 729
f 688 729 689
f 689 729 730
f 689 730 690
f 690 730 731
f 690 731 691
f 691 731 732
f 691 732 692
f 692 732 733
f 692 733 693
f 693 733 734
f 693 734 694
f 694 734 735
f 694 735 695
f 695 735 736
f 695 736 696
f 696 736 737
f 696 737 697
f 697 737 738
f 697 738 698
f 698 738 739
f 698 739 699
f 699 739 740
f 699 740 700
f 700 740 741
f 700 741 701
f 701 741 742
f 701 742 702
f 702 742 743
f 702 743 703
f 703 743 744
f 703 744 704
f 704 744 745
f 704 745 705
f 705 745 746
f 705 746 706
f 706 746 747
f 706 747 707
f 707 747 748
f 707 748 708
f 708 748 749
f 708 749 709
f 709 749 750
f 709 750 710
f 710 750 751
f 710 751 711
f 711 751 752
f 711 752 712
f 712 752 753
f 712 753 713
f 713 753 754
f 713 754 714
f 714 754 755
f 714 755 715
f 715 755 756
f 715 756 716
f 716 756 757
f 716 757 717
f 717 757 758
f 717 758 718
f 718 758 759
f 718 759 719
f 719 759 760
f 719 760 720
f 720 760 721
f 720 721 681
f 721 761 762
f 721 762 722
f 722 762 763
f 722 763 723
f 723 763 764
f 723 764 724
f 724 764 765
f 724 765 725
f 725 765 766
f 725 766 726
f 726 766 767
f 726 767 727
f 727 767 768
f 727 768 728
f 728 768 769
f 728 769 729
f 729 769 770
f 729 770 730
f 730 770 771
f 730 771 731
f 731 771 772
f 731 772 732
f 732 772 773
f 732 773 733
f 733 773 774
f 733 774 734
f 734 774 775
f 734 775 735
f 735 775 776
f 735 776 736
f 736 776 777
f 736 777 737
f 737 777 778
f 737 778 738
f 738 778 779
f 738 779 739
f 739 779 780
f 739 780 740
f 740 780 781
f 740 781 741
f 741 781 782
f 741 782 742
f 742 782 783
f 742 783 743
f 743 783 784
f 743 784 744
f 744 784 785
f 744 785 745
f 745 785 786
f 745 786 746
f 746 786 787
f 746 787 747
f 747 787 788
f 747 788 748
f 748 788 789
f 748 789 749
f 749 789 790
f 749 790 750
f 750 790 791
f 750 791 751
f 751 791 792
f 751 792 752
f 752 792 793
f 752 793 753
f 753 793 794
f 753 794 754
f 754 794 795
f 754 795 755
f 755 795 796
f 755 796 756
f 756 796 797
f 756 797 757
f 757 797 798
f 757 798 758
f 758 798 799
f 758 799 759
f 759 799 800
f 759 800 760
f 760 800 761
f 760 761 721
f 761 801 802
f 761 802 762
f 762 802 803
f 762 803 763
f 763 803 804
f 763 804 764
f 764 804 805
f 764 805 765
f 765 805 806
f 765 806 766
f 766 806 807
f 766 807 767
f 767 807 808
f 767 808 768
f 768 808 809
f 768 809 769
f 769 809 810
f 769 810 770
f 770 810 811
f 770 811 771
f 771 811 812
f 771 812 772
f 772 812 813
f 772 813 773
f 773 813 814
f 773 814 774
f 774 814 815
f 774 815 775
f 775 815 816
f 775 816 776
f 776 816 817
f 776 817 777
f 777 817 818
f 777 818 778
f 778 818 819
f 778 819 779
f 779 819 820
f 779 820 780
f 780 820 821
f 780 821 781
f 781 821 822
f 781 822 782
f 782 822 823
f 782 823 783
f 783 823 824
f 783 824 784
f 784 824 825
f 784 825 785
f 785 825 826
f 785 826 786
f 786 826 827
f 786 827 787
f 787 827 828
f 787 828 788
f 788 828 829
f 788 829 789
f 789 829 830
f 789 830 790
f 790 830 831
f 790 831 791
f 791 831 832
f 791 832 792
f 792 832 833
f 792 833 793
f 793 833 834
f 793 834 794
f 794 834 835
f 794 835 795
f 795 835 836
f 795 836 796
f 796 836 837
f 796 837 797
f 797 837 838
f 797 838 798
f 798 838 839
f 798 839 799
f 799 839 840
f 799 840 800
f 800 840 801
f 800 801 761
f 801 841 842
f 801 842 802
f 802 842 843
f 802 843 803
f 803 843 844
f 803 844 804
f 804 844 845
f 804 845 805
f 805 845 846
f 805 846 806
f 806 846 847
f 806 847 807
f 807 847 848
f 807 848 808
f 808 848 849
f 808 849 809
f 809 849 850
f 809 850 810
f 810 850 851
f 810 851 811
f 811 851 852
f 811 852 812
f 812 852 853
f 812 853 813
f 813 853 854
f 813 854 814
f 814 854 855
f 814 855 815
f 815 855 856
f 815 856 816
f 816 856 857
f 816 857 817
f 817 857 858
f 817 858 818
f 818 858 859
f 818 859 819
f 819 859 860
f 819 860 820
f 820 860 861
f 820 861 821
f 821 861 862
f 821 862 822
f 822 862 863
f 822 863 823
f 823 863 864
f 823 864 824
f 824 864 865
f 824 865 825
f 825 865 866
f 825 866 826
f 826 866 867
f 826 867 827
f 827 867 868
f 827 868 828
f 828 868 869
f 828 869 829
f 829 869 870
f 829 870 830
f 830 870 871
f 830 871 831
f 831 871 872
f 831 872 832
f 832 872 873
f 832 873 833
f 833 873 874
f 833 874 834
f 834 874 875
f 834 875 835
f 835 875 876
f 835 876 836
f 836 876 877
f 836 877 837
f 837 877 878
f 837 878 838
f 838 878 879
f 838 879 839
f 839 879 880
f 839 880 840
f 840 880 841
f 840 841 801
f 841 881 882
f 841 882 842
f 842 882 883
f 842 883 843
f 843 883 884
f 843 884 844
f 844 884 885
f 844 885 845
f 845 885 886
f 845 886 846
f 846 886 887
f 846 887 847
f 847 887 888
f 847 888 848
f 848 888 889
f 848 889 849
f 849 889 890
f 849 890 850
f 850 890 891
f 850 891 851
f 851 891 892
f 851 892 852
f 852 892 893
f 852 893 853
f 853 893 894
f 853 894 854
f 854 894 895
f 854 895 855
f 855 895 896
f 855 896 856
f 856 896 897
f 856 897 857
f 857 897 898
f 857 898 858
f 858 898 899
f 858 899 859
f 859 899 900
f 859 900 860
f 860 900 901
f 860 901 861
f 861 901 902
f 861 902 862
f 862 902 903
f 862 903 863
f 863 903 904
f 863 904 864
f 864 904 905
f 864 905 865
f 865 905 906
f 865 906 866
f 866 906 907
f 866 907 867
f 867 907 908
f 867 908 868
f 868 908 909
f 868 909 869
f 869 909 910
f 869 910 870
f 870 910 911
f 870 911 871
f 871 911 912
f 871 912 872
f 872 912 913
f 872 913 873
f 873 913 914
f 873 914 874
f 874 914 915
f 874 915 875
f 875 915 916
f 875 916 876
f 876 916 917
f 876 917 877
f 877 917 918
f 877 918 878
f 878 918 919
f 878 919 879
f 879 919 920
f 879 920 880
f 880 920 881
f 880 881 841
f 881 921 922
f 881 922 882
f 882 922 923
f 882 923 883
f 883 923 924
f 883 924 884
f 884 924 925
f 884 925 885
f 885 925 926
f 885 926 886
f 886 926 927
f 886 927 887
f 887 927 928
f 887 928 888
f 888 928 929
f 888 929 889
f 889 929 930
f 889 930 890
f 890 930 931
f 890 931 891
f 891 931 932
f 891 932 892
f 892 932 933
f 892 933 893
f 893 933 934
f 893 934 894
f 894 934 935
f 894 935 895
f 895 935 936
f 895 936 896
f 896 936 937
f 896 937 897
f 897 937 938
f 897 938 898
f 898 938 939
f 898 939 899
f 899 939 940
f 899 940 900
f 900 940 941
f 900 941 901
f 901 941 942
f 901 942 902
f 902 942 943
f 902 943 903
f 903 943 944
f 903 944 904
f 904 944 945
f 904 945 905
f 905 945 946
f 905 946 906
f 906 946 947
f 906 947 907
f 907 947 948
f 907 948 908
f 908 948 949
f 908 949 909
f 909 949 950
f 909 950 910
f 910 950 951
f 910 951 911
f 911 951 952
f 911 952 912
f 912 952 953
f 912 953 913
f 913 953 954
f 913 954 914
f 914 954 955
f 914 955 915
f 915 955 956
f 915 956 916
f 916 956 957
f 916 957 917
f 917 957 958
f 917 958 918
f 918 958 959
f 918 959 919
f 919 959 960
f 919 960 920
f 920 960 921
f 920 921 881
f 921 961 962
f 921 962 922
f 922 962 963
f 922 963 923
f 923 963 964
f 923 964 924
f 924 964 965
f 924 965 925
f 925 965 966
f 925 966 926
f 926 966 967
f 926 967 927
f 927 967 968
f 927 968 928
f 928 968 969
f 928 969 929
f 929 969 970
f 929 970 930
f 930 970 971
f 930 971 931
f 931 971 972
f 931 972 932
f 932 972 973
f 932 973 933
f 933 973 974
f 933 974 934
f 934 974 975
f 934 975 935
f 935 975 976
f 935 976 936
f 936 976 977
f 936 977 937
f 937 977 978
f 937 978 938
f 938 978 979
f 938 979 939
f 939 979 980
f 939 980 940
f 940 980 981
f 940 981 941
f 941 981 982
f 941 982 942
f 942 982 983
f 942 983 943
f 943 983 984
f 943 984 944
f 944 984 985
f 944 985 945
f 945 985 986
f 945 986 946
f 946 986 987
f 946 987 947
f 947 987 988
f 947 988 948
f 948 988 989
f 948 989 949
f 949 989 990
f 949 990 950
f 950 990 991
f 950 991 951
f 951 991 992
f 951 992 952
f 952 992 993
f 952 993 953
f 953 993 994
f 953 994 954
f 954 994 995
f 954 995 955
f 955 995 996
f 955 996 956
f 956 996 997
f 956 997 957
f 957 997 998
f 957 998 958
f 958 998 999
f 958 999 959
f 959 999 1000
f 959 1000 960
f 960 1000 961
f 960 961 921
f 961 1001 1002
f 961 1002 962
f 962 1002 1003
f 962 1003 963
f 963 1003 1004
f 963 1004 964
f 964 1004 1005
f 964 1005 965
f 965 1005 1006
f 965 1006 966
f 966 1006 1007
f 966 1007 967
f 967 1007 1008
f 967 1008 968
f 968 1008 1009
f 968 1009 969
f 969 1009 1010
f 969 1010 970
f 970 1010 1011
f 970 1011 971
f 971 1011 1012
f 971 1012 972
f 972 1012 1013
f 972 1013 973
f 973 1013 1014
f 973 1014 974
f 974 1014 1015
f 974 1015 975
f 975 1015 1016
f 975 1016 976
f 976 1016 1017
f 976 1017 977
f 977 1017 1018
f 977 1018 978
f 978 1018 1019
f 978 1019 979
f 979 1019 1020
f 979 1020 980
f 980 1020 1021
f 980 1021 981
f 981 1021 1022
f 981 1022 982
f 982 1022 1023
f 982 1023 983
f 983 1023 1024
f 983 1024 984
f 984 1024 1025
f 984 1025 985
f 985 1025 1026
f 985 1026 986
f 986 1026 1027
f 986 1027 987
f 987 1027 1028
f 987 1028 988
f 988 1028 1029
f 988 1029 989
f 989 1029 1030
f 989 1030 990
f 990 1030 1031
f 990 1031 991
f 991 1031 1032
f 991 1032 992
f 992 1032 1033
f 992 1033 993
f 993 1033 1034
f 993 1034 994
f 994 1034 1035
f 994 1035 995
f 995 1035 1036
f 995 1036 996
f 996 1036 1037
f 996 1037 997
f 997 1037 1038
f 997 1038 998
f 998 1038 1039
f 998 1039 999
f 999 1039 1040
f 999 1040 1000
f 1000 1040 1001
f 1000 1001 961
f 1001 1041 1042
f 1001 1042 1002
f 1002 1042 1043
f 1002 1043 1003
f 1003 1043 1044
f 1003 1044 1004
f 1004 1044 1045
f 1004 1045 1005
f 1005 1045 1046
f 1005 1046 1006
f 1006 1046 1047
f 1006 1047 1007
f 1007 1047 1048
f 1007 1048 1008
f 1008 1048 1049
f 1008 1049 1009
f 1009 1049 1050
f 1009 1050 1010
f 1010 1050 1051
f 1010 1051 1011
f 1011 1051 1052
f 1011 1052 1012
f 1012 1052 1053
f 1012 1053 1013
f 1013 1053 1054
f 1013 1054 1014
f 1014 1054 1055
f 1014 1055 1015
f 1015 1055 1056
f 1015 1056 1016
f 1016 1056 1057
f 1016 1057 1017
f 1017 1057 1058
f 1017 1058 1018
f 1018 1058 1059
f 1018 1059 1019
f 1019 1059 1060
f 1019 1060 1020
f 1020 1060 1061
f 1020 1061 1021
f 1021 1061 1062
f 1021 1062 1022
f 1022 1062 1063
f 1022 1063 1023
f 1023 1063 1064
f 1023 1064 1024
f 1024 1064 1065
f 1024 1065 1025
f 1025 1065 1066
f 1025 1066 1026
f 1026 1066 1067
f 1026 1067 1027
f 1027 1067 1068
f 1027 1068 1028
f 1028 1068 1069
f 1028 1069 1029
f 1029 1069 1070
f 1029 1070 1030
f 1030 1070 1071
f 1030 1071 1031
f 1031 1071 1072
f 1031 1072 1032
f 1032 1072 1073
f 1032 1073 1033
f 1033 1073 1074
f 1033 1074 1034
f 1034 1074 1075
f 1034 1075 1035
f 1035 1075 1076
f 1035 1076 1036
f 1036 1076 1077
f 1036 1077 1037
f 1037 1077 1078
f 1037 1078 1038
f 1038 1078 1079
f 1038 1079 1039
f 1039 1079 1080
f 1039 1080 1040
f 1040 1080 1041
f 1040 1041 1001
f 1041 1081 1082
f 1041 1082 1042
f 1042 1082 1083
f 1042 1083 1043
f 1043 1083 1084
f 1043 1084 1044
f 1044 1084 1085
f 1044 1085 1045
f 1045 1085 1086
f 1045 1086 1046
f 1046 1086 1087
f 1046 1087 1047
f 1047 1087 1088
f 1047 1088 1048
f 1048 1088 1089
f 1048 1089 1049
f 1049 1089 1090
f 1049 1090 1050
f 1050 1090 1091
f 1050 1091 1051
f 1051 1091 1092
f 1051 1092 1052
f 1052 1092 1093
f 1052 1093 1053
f 1053 1093 1094
f 1053 1094 1054
f 1054 1094 1095
f 1054 1095 1055
f 1055 1095 1096
f 1055 1096 1056
f 1056 1096 1097
f 1056 1097 1057
f 1057 1097 1098
f 1057 1098 1058
f 1058 1098 1099
f 1058 1099 1059
f 1059 1099 1100
f 1059 1100 1060
f 1060 1100 1101
f 1060 1101 1061
f 1061 1101 1102
f 1061 1102 1062
f 1062 1102 1103
f 1062 1103 1063
f 1063 1103 1104
f 1063 1104 1064
f 1064 1104 1105
f 1064 1105 1065
f 1065 1105 1106
f 1065 1106 1066
f 1066 1106 1107
f 1066 1107 1067
f 1067 1107 1108
f 1067 1108 1068
f 1068 1108 1109
f 1068 1109 1069
f 1069 1109 1110
f 1069 1110 1070
f 1070 1110 1111
f 1070 1111 1071
f 1071 1111 1112
f 1071 1112 1072
f 1072 1112 1113
f 1072 1113 1073
f 1073 1113 1114
f 1073 1114 1074
f 1074 1114 1115
f 1074 1115 1075
f 1075 1115 1116
f 1075 1116 1076
f 1076 1116 1117
f 1076 1117 1077
f 1077 1117 1118
f 1077 1118 1078
f 1078 1118 1119
f 1078 1119 1079
f 1079 1119 1120
f 1079 1120 1080
f 1080 1120 1081
f 1080 1081 1041
f 1081 1121 1122
f 1081 1122 1082
f 1082 1122 1123
f 1082 1123 1083
f 1083 1123 1124
f 1083 1124 1084
f 1084 1124 1125
f 1084 1125 1085
f 1085 1125 1126
f 1085 1126 1086
f 1086 1126 1127
f 1086 1127 1087
f 1087 1127 1128
f 1087 1128 1088
f 1088 1128 1129
f 1088 1129 1089
f 1089 1129 1130
f 1089 1130 1090
f 1090 1130 1131
f 1090 1131 1091
f 1091 1131 1132
f 1091 1132 1092
f 1092 1132 1133
f 1092 1133 1093
f 1093 1133 1134
f 1093 1134 1094
f 1094 1134 1135
f 1094 1135 1095
f 1095 1135 1136
f 1095 1136 1096
f 1096 1136 1137
f 1096 1137 1097
f 1097 1137 1138
f 1097 1138 1098
f 1098 1138 1139
f 1098 1139 1099
f 1099 1139 1140
f 1099 1140 1100
f 1100 1140 1141
f 1100 1141 1101
f 1101 1141 1142
f 1101 1142 1102
f 1102 1142 1143
f 1102 1143 1103
f 1103 1143 1144
f 1103 1144 1104
f 1104 1144 1145
f 1104 1145 1105
f 1105 1145 1146
f 1105 1146 1106
f 1106 1146 1147
f 1106 1147 1107
f 1107 1147 1148
f 1107 1148 1108
f 1108 1148 1149
f 1108 1149 1109
f 1109 1149 1150
f 1109 1150 1110
f 1110 1150 1151
f 1110 1151 1111
f 1111 1151 1152
f 1111 1152 1112
f 1112 1152 1153
f 1112 1153 1113
f 1113 1153 1154
f 1113 1154 1114
f 1114 1154 1155
f 1114 1155 1115
f 1115 1155 1156
f 1115 1156 1116
f 1116 1156 1157
f 1116 1157 1117
f 1117 1157 1158
f 1117 1158 1118
f 1118 1158 1159
f 1118 1159 1119
f 1119 1159 1160
f 1119 1160 1120
f 1120 1160 1121
f 1120 1121 1081
f 1121 1161 1162
f 1121 1162 1122
f 1122 1162 1163
f 1122 1163 1123
f 1123 1163 1164
f 1123 1164 1124
f 1124 1164 1165
f 1124 1165 1125
f 1125 1165 1166
f 1125 1166 1126
f 1126 1166 1167
f 1126 1167 1127
f 1127 1167 1168
f 1127 1168 1128
f 1128 1168 1169
f 1128 1169 1129
f 1129 1169 1170
f 1129 1170 1130
f 1130 1170 1171
f 1130 1171 1131
f 1131 1171 1172
f 1131 1172 1132
f 1132 1172 1173
f 1132 1173 1133
f 1133 1173 1174
f 1133 1174 1134
f 1134 1174 1175
f 1134 1175 1135
f 1135 1175 1176
f 1135 1176 1136
f 1136 1176 1177
f 1136 1177 1137
f 1137 1177 1178
f 1137 1178 1138
f 1138 1178 1179
f 1138 1179 1139
f 1139 1179 1180
f 1139 1180 1140
f 1140 1180 1181
f 1140 1181 1141
f 1141 1181 1182
f 1141 1182 1142
f 1142 1182 1183
f 1142 1183 1143
f 1143 1183 1184
f 1143 1184 1144
f 1144 1184 1185
f 1144 1185 1145
f 1145 1185 1186
f 1145 1186 1146
f 1146 1186 1187
f 1146 1187 1147
f 1147 1187 1188
f 1147 1188 1148
f 1148 1188 1189
f 1148 1189 1149
f 1149 1189 1190
f 1149 1190 1150
f 1150 1190 1191
f 1150 1191 1151
f 1151 1191 1192
f 1151 1192 1152
f 1152 1192 1193
f 1152 1193 1153
f 1153 1193 1194
f 1153 1194 1154
f 1154 1194 1195
f 1154 1195 1155
f 1155 1195 1196
f 1155 1196 1156
f 1156 1196 1197
f 1156 1197 1157
f 1157 1197 1198
f 1157 1198 1158
f 1158 1198 1199
f 1158 1199 1159
f 1159 1199 1200
f 1159 1200 1160
f 1160 1200 1161
f 1160 1161 1121
f 1161 1201 1202
f 1161 1202 1162
f 1162 1202 1203
f 1162 1203 1163
f 1163 1203 1204
f 1163 1204 1164
f 1164 1204 1205
f 1164 1205 1165
f 1165 1205 1206
f 1165 1206 1166
f 1166 1206 1207
f 1166 1207 1167
f 1167 1207 1208
f 1167 1208 1168
f 1168 1208 1209
f 1168 1209 1169
f 1169 1209 1210
f 1169 1210 1170
f 1170 1210 1211
f 1170 1211 1171
f 1171 1211 1212
f 1171 1212 1172
f 1172 1212 1213
f 1172 1213 1173
f 1173 1213 1214
f 1173 1214 1174
f 1174 1214 1215
f 1174 1215 1175
f 1175 1215 1216
f 1175 1216 1176
f 1176 1216 1217
f 1176 1217 1177
f 1177 1217 1218
f 1177 1218 1178
f 1178 1218 1219
f 1178 1219 1179
f 1179 1219 1220
f 1179 1220 1180
f 1180 1220 1221
f 1180 1221 1181
f 1181 1221 1222
f 1181 1222 1182
f 1182 1222 1223
f 1182 1223 1183
f 1183 1223 1224
f 1183 1224 1184
f 1184 1224 1225
f 1184 1225 1185
f 1185 1225 1226
f 1185 1226 1186
f 1186 1226 1227
f 1186 1227 1187
f 1187 1227 1228
f 1187 1228 1188
f 1188 1228 1229
f 1188 1229 1189
f 1189 1229 1230
f 1189 1230 1190
f 1190 1230 1231
f 1190 1231 1191
f 1191 1231 1232
f 1191 1232 1192
f 1192 1232 1233
f 1192 1233 1193
f 1193 1233 1234
f 1193 1234 1194
f 1194 1234 1235
f 1194 1235 1195
f 1195 1235 1236
f 1195 1236 1196
f 1196 1236 1237
f 1196 1237 1197
f 1197 1237 1238
f 1197 1238 1198
f 1198 1238 1239
f 1198 1239 1199
f 1199 1239 1240
f 1199 1240 1200
f 1200 1240 1201
f 1200 1201 1161
f 1201 1241 1242
f 1201 1242 1202
f 1202 1242 1243
f 1202 1243 1203
f 1203 1243 1244
f 1203 1244 1204
f 1204 1244 1245
f 1204 1245 1205
f 1205 1245 1246
f 1205 1246 1206
f 1206 1246 1247
f 1206 1247 1207
f 1207 1247 1248
f 1207 1248 1208
f 1208 1248 1249
f 1208 1249 1209
f 1209 1249 1250
f 1209 1250 1210
f 1210 1250 1251
f 1210 1251 1211
f 1211 1251 1252
f 1211 1252 1212
f 1212 1252 1253
f 1212 1253 1213
f 1213 1253 1254
f 1213 1254 1214
f 1214 1254 1255
f 1214 1255 1215
f 1215 1255 1256
f 1215 1256 1216
f 1216 1256 1257
f 1216 1257 1217
f 1217 1257 1258
f 1217 1258 1218
f 1218 1258 1259
f 1218 1259 1219
f 1219 1259 1260
f 1219 1260 1220
f 1220 1260 1261
f 1220 1261 1221
f 1221 1261 1262
f 1221 1262 1222
f 1222 1262 1263
f 1222 1263 1223
f 1223 1263 1264
f 1223 1264 1224
f 1224 1264 1265
f 1224 1265 1225
f 1225 1265 1266
f 1225 1266 1226
f 1226 1266 1267
f 1226 1267 1227
f 1227 1267 1268
f 1227 1268 1228
f 1228 1268 1269
f 1228 1269 1229
f 1229 1269 1270
f 1229 1270 1230
f 1230 1270 1271
f 1230 1271 1231
f 1231 1271 1272
f 1231 1272 1232
f 1232 1272 1273
f 1232 1273 1233
f 1233 1273 1274
f 1233 1274 1234
f 1234 1274 1275
f 1234 1275 1235
f 1235 1275 1276
f 1235 1276 1236
f 1236 1276 1277
f 1236 1277 1237
f 1237 1277 1278
f 1237 1278 1238
f 1238 1278 1279
f 1238 1279 1239
f 1239 1279 1280
f 1239 1280 1240
f 1240 1280 1241
f 1240 1241 1201
f 1241 1281 1282
f 1241 1282 1242
f 1242 1282 1283
f 1242 1283 1243
f 1243 1283 1284
f 1243 1284 1244
f 1244 1284 1285
f 1244 1285 1245
f 1245 1285 1286
f 1245 1286 1246
f 1246 1286 1287
f 1246 1287 1247
f 1247 1287 1288
f 1247 1288 1248
f 1248 1288 1289
f 1248 1289 1249
f 1249 1289 1290
f 1249 1290 1250
f 1250 1290 1291
f 1250 1291 1251
f 1251 1291 1292
f 1251 1292 1252
f 1252 1292 1293
f 1252 1293 1253
f 1253 1293 1294
f 1253 1294 1254
f 1254 1294 1295
f 1254 1295 1255
f 1255 1295 1296
f 1255 1296 1256
f 1256 1296 1297
f 1256 1297 1257
f 1257 1297 1298
f 1257 1298 1258
f 1258 1298 1299
f 1258 1299 1259
f 1259 1299 1300
f 1259 1300 1260
f 1260 1300 1301
f 1260 1301 1261
f 1261 1301 1302
f 1261 1302 1262
f 1262 1302 1303
f 1262 1303 1263
f 1263 1303 1304
f 1263 1304 1264
f 1264 1304 1305
f 1264 1305 1265
f 1265 1305 1306
f 1265 1306 1266
f 1266 1306 1307
f 1266 1307 1267
f 1267 1307 1308
f 1267 1308 1268
f 1268 1308 1309
f 1268 1309 1269
f 1269 1309 1310
f 1269 1310 1270
f 1270 1310 1311
f 1270 1311 1271
f 1271 1311 1312
f 1271 1312 1272
f 1272 1312 1313
f 1272 1313 1273
f 1273 1313 1314
f 1273 1314 1274
f 1274 1314 1315
f 1274 1315 1275
f 1275 1315 1316
f 1275 1316 1276
f 1276 1316 1317
f 1276 1317 1277
f 1277 1317 1318
f 1277 1318 1278
f 1278 1318 1319
f 1278 1319 1279
f 1279 1319 1320
f 1279 1320 1280
f 1280 1320 1281
f 1280 1281 1241
f 1281 1321 1322
f 1281 1322 1282
f 1282 1322 1323
f 1282 1323 1283
f 1283 1323 1324
f 1283 1324 1284
f 1284 1324 1325
f 1284 1325 1285
f 1285 1325 1326
f 1285 1326 1286
f 1286 1326 1327
f 1286 1327 1287
f 1287 1327 1328
f 1287 1328 1288
f 1288 1328 1329
f 1288 1329 1289
f 1289 1329 1330
f 1289 1330 1290
f 1290 1330 1331
f 1290 1331 1291
f 1291 1331 1332
f 1291 1332 1292
f 1292 1332 1333
f 1292 1333 1293
f 1293 1333 1334
f 1293 1334 1294
f 1294 1334 1335
f 1294 1335 1295
f 1295 1335 1336
f 1295 1336 1296
f 1296 1336 1337
f 1296 1337 1297
f 1297 1337 1338
f 1297 1338 1298
f 1298 1338 1339
f 1298 1339 1299
f 1299 1339 1340
f 1299 1340 1300
f 1300 1340 1341
f 1300 1341 1301
f 1301 1341 1342
f 1301 1342 1302
f 1302 1342 1343
f 1302 1343 1303
f 1303 1343 1344
f 1303 1344 1304
f 1304 1344 1345
f 1304 1345 1305
f 1305 1345 1346
f 1305 1346 1306
f 1306 1346 1347
f 1306 1347 1307
f 1307 1347 1348
f 1307 1348 1308
f 1308 1348 1349
f 1308 1349 1309
f 1309 1349 1350
f 1309 1350 1310
f 1310 1350 1351
f 1310 1351 1311
f 1311 1351 1352
f 1311 1352 1312
f 1312 1352 1353
f 1312 1353 1313
f 1313 1353 1354
f 1313 1354 1314
f 1314 1354 1355
f 1314 1355 1315
f 1315 1355 1356
f 1315 1356 1316
f 1316 1356 1357
f 1316 1357 1317
f 1317 1357 1358
f 1317 1358 1318
f 1318 1358 1359
f 1318 1359 1319
f 1319 1359 1360
f 1319 1360 1320
f 1320 1360 1321
f 1320 1321 1281
f 1321 1361 1362
f 1321 1362 1322
f 1322 1362 1363
f 1322 1363 1323
f 1323 1363 1364
f 1323 1364 1324
f 1324 1364 1365
f 1324 1365 1325
f 1325 1365 1366
f 1325 1366 1326
f 1326 1366 1367
f 1326 1367 1327
f 1327 1367 1368
f 1327 1368 1328
f 1328 1368 1369
f 1328 1369 1329
f 1329 1369 1370
f 1329 1370 1330
f 1330 1370 1371
f 1330 1371 1331
f 1331 1371 1372
f 1331 1372 1332
f 1332 1372 1373
f 1332 1373 1333
f 1333 1373 1374
f 1333 1374 1334
f 1334 1374 1375
f 1334 1375 1335
f 1335 1375 1376
f 1335 1376 1336
f 1336 1376 1377
f 1336 1377 1337
f 1337 1377 1378
f 1337 1378 1338
f 1338 1378 1379
f 1338 1379 1339
f 1339 1379 1380
f 1339 1380 1340
f 1340 1380 1381
f 1340 1381 1341
f 1341 1381 1382
f 1341 1382 1342
f 1342 1382 1383
f 1342 1383 1343
f 1343 1383 1384
f 1343 1384 1344
f 1344 1384 1385
f 1344 1385 1345
f 1345 1385 1386
f 1345 1386 1346
f 1346 1386 1387
f 1346 1387 1347
f 1347 1387 1388
f 1347 1388 1348
f 1348 1388 1389
f 1348 1389 1349
f 1349 1389 1390
f 1349 1390 1350
f 1350 1390 1391
f 1350 1391 1351
f 1351 1391 1392
f 1351 1392 1352
f 1352 1392 1393
f 1352 1393 1353
f 1353 1393 1394
f 1353 1394 1354
f 1354 1394 1395
f 1354 1395 1355
f 1355 1395 1396
f 1355 1396 1356
f 1356 1396 1397
f 1356 1397 1357
f 1357 1397 1398
f 1357 1398 1358
f 1358 1398 1399
f 1358 1399 1359
f 1359 1399 1400
f 1359 1400 1360
f 1360 1400 1361
f 1360 1361 1321
f 1361 1401 1402
f 1361 1402 1362
f 1362 1402 1403
f 1362 1403 1363
f 1363 1403 1404
f 1363 1404 1364
f 1364 1404 1405
f 1364 1405 1365
f 1365 1405 1406
f 1365 1406 1366
f 1366 1406 1407
f 1366 1407 1367
f 1367 1407 1408
f 1367 1408 1368
f 1368 1408 1409
f 1368 1409 1369
f 1369 1409 1410
f 1369 1410 1370
f 1370 1410 1411
f 1370 1411 1371
f 1371 1411 1412
f 1371 1412 1372
f 1372 1412 1413
f 1372 1413 1373
f 1373 1413 1414
f 1373 1414 1374
f 1374 1414 1415
f 1374 1415 1375
f 1375 1415 1416
f 1375 1416 1376
f 1376 1416 1417
f 1376 1417 1377
f 1377 1417 1418
f 1377 1418 1378
f 1378 1418 1419
f 1378 1419 1379
f 1379 1419 1420
f 1379 1420 1380
f 1380 1420 1421
f 1380 1421 1381
f 1381 1421 1422
f 1381 1422 1382
f 1382 1422 1423
f 1382 1423 1383
f 1383 1423 1424
f 1383 1424 1384
f 1384 1424 1425
f 1384 1425 1385
f 1385 1425 1426
f 1385 1426 1386
f 1386 1426 1427
f 1386 1427 1387
f 1387 1427 1428
f 1387 1428 1388
f 1388 1428 1429
f 1388 1429 1389
f 1389 1429 1430
f 1389 1430 1390
f 1390 1430 1431
f 1390 1431 1391
f 1391 1431 1432
f 1391 1432 1392
f 1392 1432 1433
f 1392 1433 1393
f 1393 1433 1434
f 1393 1434 1394
f 1394 1434 1435
f 1394 1435 1395
f 1395 1435 1436
f 1395 1436 1396
f 1396 1436 1437
f 1396 1437 1397
f 1397 1437 1438
f 1397 1438 1398
f 1398 1438 1439
f 1398 1439 1399
f 1399 1439 1440
f 1399 1440 1400
f 1400 1440 1401
f 1400 1401 1361
f 1401 1441 1442
f 1401 1442 1402
f 1402 1442 1443
f 1402 1443 1403
f 1403 1443 1444
f 1403 1444 1404
f 1404 1444 1445
f 1404 1445 1405
f 1405 1445 1446
f 1405 1446 1406
f 1406 1446 1447
f 1406 1447 1407
f 1407 1447 1448
f 1407 1448 1408
f 1408 1448 1449
f 1408 1449 1409
f 1409 1449 1450
f 1409 1450 1410
f 1410 1450 1451
f 1410 1451 1411
f 1411 1451 1452
f 1411 1452 1412
f 1412 1452 1453
f 1412 1453 1413
f 1413 1453 1454
f 1413 1454 1414
f 1414 1454 1455
f 1414 1455 1415
f 1415 1455 1456
f 1415 1456 1416
f 1416 1456 1457
f 1416 1457 1417
f 1417 1457 1458
f 1417 1458 1418
f 1418 1458 1459
f 1418 1459 1419
f 1419 1459 1460
f 1419 1460 1420
f 1420 1460 1461
f 1420 1461 1421
f 1421 1461 1462
f 1421 1462 1422
f 1422 1462 1463
f 1422 1463 1423
f 1423 1463 1464
f 1423 1464 1424
f 1424 1464 1465
f 1424 1465 1425
f 1425 1465 1466
f 1425 1466 1426
f 1426 1466 1467
f 1426 1467 1427
f 1427 1467 1468
f 1427 1468 1428
f 1428 1468 1469
f 1428 1469 1429
f 1429 1469 1470
f 1429 1470 1430
f 1430 1470 1471
f 1430 1471 1431
f 1431 1471 1472
f 1431 1472 1432
f 1432 1472 1473
f 1432 1473 1433
f 1433 1473 1474
f 1433 1474 1434
f 1434 1474 1475
f 1434 1475 1435
f 1435 1475 1476
f 1435 1476 1436
f 1436 1476 1477
f 1436 1477 1437
f 1437 1477 1478
f 1437 1478 1438
f 1438 1478 1479
f 1438 1479 1439
f 1439 1479 1480
f 1439 1480 1440
f 1440 1480 1441
f 1440 1441 1401
f 1441 1481 1482
f 1441 1482 1442
f 1442 1482 1483
f 1442 1483 1443
f 1443 1483 1484
f 1443 1484 1444
f 1444 1484 1485
f 1444 1485 1445
f 1445 1485 1486
f 1445 1486 1446
f 1446 1486 1487
f 1446 1487 1447
f 1447 1487 1488
f 1447 1488 1448
f 1448 1488 1489
f 1448 1489 1449
f 1449 1489 1490
f 1449 1490 1450
f 1450 1490 1491
f 1450 1491 1451
f 1451 1491 1492
f 1451 1492 1452
f 1452 1492 1493
f 1452 1493 1453
f 1453 1493 1494
f 1453 1494 1454
f 1454 1494 1495
f 1454 1495 1455
f 1455 1495 1496
f 1455 1496 1456
f 1456 1496 1497
f 1456 1497 1457
f 1457 1497 1498
f 1457 1498 1458
f 1458 1498 1499
f 1458 1499 1459
f 1459 1499 1500
f 1459 1500 1460
f 1460 1500 1501
f 1460 1501 1461
f 1461 1501 1502
f 1461 1502 1462
f 1462 1502 1503
f 1462 1503 1463
f 1463 1503 1504
f 1463 1504 1464
f 1464 1504 1505
f 1464 1505 1465
f 1465 1505 1506
f 1465 1506 1466
f 1466 1506 1507
f 1466 1507 1467
f 1467 1507 1508
f 1467 1508 1468
f 1468 1508 1509
f 1468 1509 1469
f 1469 1509 1510
f 1469 1510 1470
f 1470 1510 1511
f 1470 1511 1471
f 1471 1511 1512
f 1471 1512 1472
f 1472 1512 1513
f 1472 1513 1473
f 1473 1513 1514
f 1473 1514 1474
f 1474 1514 1515
f 1474 1515 1475
f 1475 1515 1516
f 1475 1516 1476
f 1476 1516 1517
f 1476 1517 1477
f 1477 1517 1518
f 1477 1518 1478
f 1478 1518 1519
f 1478 1519 1479
f 1479 1519 1520
f 1479 1520 1480
f 1480 1520 1481
f 1480 1481 1441
f 1481 1521 1522
f 1481 1522 1482
f 1482 1522 1523
f 1482 1523 1483
f 1483 1523 1524
f 1483 1524 1484
f 1484 1524 1525
f 1484 1525 1485
f 1485 1525 1526
f 1485 1526 1486
f 1486 1526 1527
f 1486 1527 1487
f 1487 1527 1528
f 1487 1528 1488
f 1488 1528 1529
f 1488 1529 1489
f 1489 1529 1530
f 1489 1530 1490
f 1490 1530 1531
f 1490 1531 1491
f 1491 1531 1532
f 1491 1532 1492
f 1492 1532 1533
f 1492 1533 1493
f 1493 1533 1534
f 1493 1534 1494
f 1494 1534 1535
f 1494 1535 1495
f 1495 1535 1536
f 1495 1536 1496
f 1496 1536 1537
f 1496 1537 1497
f 1497 1537 1538
f 1497 1538 1498
f 1498 1538 1539
f 1498 1539 1499
f 1499 1539 1540
f 1499 1540 1500
f 1500 1540 1541
f 1500 1541 1501
f 1501 1541 1542
f 1501 1542 1502
f 1502 1542 1543
f 1502 1543 1503
f 1503 1543 1544
f 1503 1544 1504
f 1504 1544 1545
f 1504 1545 1505
f 1505 1545 1546
f 1505 1546 1506
f 1506 1546 1547
f 1506 1547 1507
f 1507 1547 1548
f 1507 1548 1508
f 1508 1548 1549
f 1508 1549 1509
f 1509 1549 1550
f 1509 1550 1510
f 1510 1550 1551
f 1510 1551 1511
f 1511 1551 1552
f 1511 1552 1512
f 1512 1552 1553
f 1512 1553 1513
f 1513 1553 1554
f 1513 1554 1514
f 1514 1554 1555
f 1514 1555 1515
f 1515 1555 1556
f 1515 1556 1516
f 1516 1556 1557
f 1516 1557 1517
f 1517 1557 1558
f 1517 1558 1518
f 1518 1558 1559
f 1518 1559 1519
f 1519 1559 1560
f 1519 1560 1520
f 1520 1560 1521
f 1520 1521 1481
f 1521 1561 1562
f 1521 1562 1522
f 1522 1562 1563
f 1522 1563 1523
f 1523 1563 1564
f 1523 1564 1524
f 1524 1564 1565
f 1524 1565 1525
f 1525 1565 1566
f 1525 1566 1526
f 1526 1566 1567
f 1526 1567 1527
f 1527 1567 1568
f 1527 1568 1528
f 1528 1568 1569
f 1528 1569 1529
f 1529 1569 1570
f 1529 1570 1530
f 1530 1570 1571
f 1530 1571 1531
f 1531 1571 1572
f 1531 1572 1532
f 1532 1572 1573
f 1532 1573 1533
f 1533 1573 1574
f 1533 1574 1534
f 1534 1574 1575
f 1534 1575 1535
f 1535 1575 1576
f 1535 1576 1536
f 1536 1576 1577
f 1536 1577 1537
f 1537 1577 1578
f 1537 1578 1538
f 1538 1578 1579
f 1538 1579 1539
f 1539 1579 1580
f 1539 1580 1540
f 1540 1580 1581
f 1540 1581 1541
f 1541 1581 1582
f 1541 1582 1542
f 1542 1582 1583
f 1542 1583 1543
f 1543 1583 1584
f 1543 1584 1544
f 1544 1584 1585
f 1544 1585 1545
f 1545 1585 1586
f 1545 1586 1546
f 1546 1586 1587
f 1546 1587 1547
f 1547 1587 1588
f 1547 1588 1548
f 1548 1588 1589
f 1548 1589 1549
f 1549 1589 1590
f 1549 1590 1550
f 1550 1590 1591
f 1550 1591 1551
f 1551 1591 1592
f 1551 1592 1552
f 1552 1592 1593
f 1552 1593 1553
f 1553 1593 1594
f 1553 1594 1554
f 1554 1594 1595
f 1554 1595 1555
f 1555 1595 1596
f 1555 1596 1556
f 1556 1596 1597
f 1556 1597 1557
f 1557 1597 1598
f 1557 1598 1558
f 1558 1598 1599
f 1558 1599 1559
f 1559 1599 1600
f 1559 1600 1560
f 1560 1600 1561
f 1560 1561 1521
f 1561 1601 1602
f 1561 1602 1562
f 1562 1602 1603
f 1562 1603 1563
f 1563 1603 1604
f 1563 1604 1564
f 1564 1604 1605
f 1564 1605 1565
f 1565 1605 1606
f 1565 1606 1566
f 1566 1606 1607
f 1566 1607 1567
f 1567 1607 1608
f 1567 1608 1568
f 1568 1608 1609
f 1568 1609 1569
f 1569 1609 1610
f 1569 1610 1570
f 1570 1610 1611
f 1570 1611 1571
f 1571 1611 1612
f 1571 1612 1572
f 1572 1612 1613
f 1572 1613 1573
f 1573 1613 1614
f 1573 1614 1574
f 1574 1614 1615
f 1574 1615 1575
f 1575 1615 1616
f 1575 1616 1576
f 1576 1616 1617
f 1576 1617 1577
f 1577 1617 1618
f 1577 1618 1578
f 1578 1618 1619
f 1578 1619 1579
f 1579 1619 1620
f 1579 1620 1580
f 1580 1620 1621
f 1580 1621 1581
f 1581 1621 1622
f 1581 1622 1582
f 1582 1622 1623
f 1582 1623 1583
f 1583 1623 1624
f 1583 1624 1584
f 1584 1624 1625
f 1584 1625 1585
f 1585 1625 1626
f 1585 1626 1586
f 1586 1626 1627
f 1586 1627 1587
f 1587 1627 1628
f 1587 1628 1588
f 1588 1628 1629
f 1588 1629 1589
f 1589 1629 1630
f 1589 1630 1590
f 1590 1630 1631
f 1590 1631 1591
f 1591 1631 1632
f 1591 1632 1592
f 1592 1632 1633
f 1592 1633 1593
f 1593 1633 1634
f 1593 1634 1594
f 1594 1634 1635
f 1594 1635 1595
f 1595 1635 1636
f 1595 1636 1596
f 1596 1636 1637
f 1596 1637 1597
f 1597 1637 1638
f 1597 1638 1598
f 1598 1638 1639
f 1598 1639 1599
f 1599 1639 1640
f 1599 1640 1600
f 1600 1640 1601
f 1600 1601 1561
f 1601 1641 1642
f 1601 1642 1602
f 1602 1642 1643
f 1602 1643 1603
f 1603 1643 1644
f 1603 1644 1604
f 1604 1644 1645
f 1604 1645 1605
f 1605 1645 1646
f 1605 1646 1606
f 1606 1646 1647
f 1606 1647 1607
f 1607 1647 1648
f 1607 1648 1608
f 1608 1648 1649
f 1608 1649 1609
f 1609 1649 1650
f 1609 1650 1610
f 1610 1650 1651
f 1610 1651 1611
f 1611 1651 1652
f 1611 1652 1612
f 1612 1652 1653
f 1612 1653 1613
f 1613 1653 1654
f 1613 1654 1614
f 1614 1654 1655
f 1614 1655 1615
f 1615 1655 1656
f 1615 1656 1616
f 1616 1656 1657
f 1616 1657 1617
f 1617 1657 1658
f 1617 1658 1618
f 1618 1658 1659
f 1618 1659 1619
f 1619 1659 1660
f 1619 1660 1620
f 1620 1660 1661
f 1620 1661 1621
f 1621 1661 1662
f 1621 1662 1622
f 1622 1662 1663
f 1622 1663 1623
f 1623 1663 1664
f 1623 1664 1624
f 1624 1664 1665
f 1624 1665 1625
f 1625 1665 1666
f 1625 1666 1626
f 1626 1666 1667
f 1626 1667 1627
f 1627 1667 1668
f 1627 1668 1628
f 1628 1668 1669
f 1628 1669 1629
f 1629 1669 1670
f 1629 1670 1630
f 1630 1670 1671
f 1630 1671 1631
f 1631 1671 1672
f 1631 1672 1632
f 1632 1672 1673
f 1632 1673 1633
f 1633 1673 1674
f 1633 1674 1634
f 1634 1674 1675
f 1634 1675 1635
f 1635 1675 1676
f 1635 1676 1636
f 1636 1676 1677
f 1636 1677 1637
f 1637 1677 1678
f 1637 1678 1638
f 1638 1678 1679
f 1638 1679 1639
f 1639 1679 1680
f 1639 1680 1640
f 1640 1680 1641
f 1640 1641 1601
f 1641 1681 1682
f 1641 1682 1642
f 1642 1682 1683
f 1642 1683 1643
f 1643 1683 1684
f 1643 1684 1644
f 1644 1684 1685
f 1644 1685 1645
f 1645 1685 1686
f 1645 1686 1646
f 1646 1686 1687
f 1646 1687 1647
f 1647 1687 1688
f 1647 1688 1648
f 1648 1688 1689
f 1648 1689 1649
f 1649 1689 1690
f 1649 1690 1650
f 1650 1690 1691
f 1650 1691 1651
f 1651 1691 1692
f 1651 1692 1652
f 1652 1692 1693
f 1652 1693 1653
f 1653 1693 1694
f 1653 1694 1654
f 1654 1694 1695
f 1654 1695 1655
f 1655 1695 1696
f 1655 1696 1656
f 1656 1696 1697
f 1656 1697 1657
f 1657 1697 1698
f 1657 1698 1658
f 1658 1698 1699
f 1658 1699 1659
f 1659 1699 1700
f 1659 1700 1660
f 1660 1700 1701
f 1660 1701 1661
f 1661 1701 1702
f 1661 1702 1662
f 1662 1702 1703
f 1662 1703 1663
f 1663 1703 1704
f 1663 1704 1664
f 1664 1704 1705
f 1664 1705 1665
f 1665 1705 1706
f 1665 1706 1666
f 1666 1706 1707
f 1666 1707 1667
f 1667 1707 1708
f 1667 1708 1668
f 1668 1708 1709
f 1668 1709 1669
f 1669 1709 1710
f 1669 1710 1670
f 1670 1710 1711
f 1670 1711 1671
f 1671 1711 1712
f 1671 1712 1672
f 1672 1712 1713
f 1672 1713 1673
f 1673 1713 1714
f 1673 1714 1674
f 1674 1714 1715
f 1674 1715 1675
f 1675 1715 1716
f 1675 1716 1676
f 1676 1716 1717
f 1676 1717 1677
f 1677 1717 1718
f 1677 1718 1678
f 1678 1718 1719
f 1678 1719 1679
f 1679 1719 1720
f 1679 1720 1680
f 1680 1720 1681
f 1680 1681 1641
f 1681 1721 1722
f 1681 1722 1682
f 1682 1722 1723
f 1682 1723 1683
f 1683 1723 1724
f 1683 1724 1684
f 1684 1724 1725
f 1684 1725 1685
f 1685 1725 1726
f 1685 1726 1686
f 1686 1726 1727
f 1686 1727 1687
f 1687 1727 1728
f 1687 1728 1688
f 1688 1728 1729
f 1688 1729 1689
f 1689 1729 1730
f 1689 1730 1690
f 1690 1730 1731
f 1690 1731 1691
f 1691 1731 1732
f 1691 1732 1692
f 1692 1732 1733
f 1692 1733 1693
f 1693 1733 1734
f 1693 1734 1694
f 1694 1734 1735
f 1694 1735 1695
f 1695 1735 1736
f 1695 1736 1696
f 1696 1736 1737
f 1696 1737 1697
f 1697 1737 1738
f 1697 1738 1698
f 1698 1738 1739
f 1698 1739 1699
f 1699 1739 1740
f 1699 1740 1700
f 1700 1740 1741
f 1700 1741 1701
f 1701 1741 1742
f 1701 1742 1702
f 1702 1742 1743
f 1702 1743 1703
f 1703 1743 1744
f 1703 1744 1704
f 1704 1744 1745
f 1704 1745 1705
f 1705 1745 1746
f 1705 1746 1706
f 1706 1746 1747
f 1706 1747 1707
f 1707 1747 1748
f 1707 1748 1708
f 1708 1748 1749
f 1708 1749 1709
f 1709 1749 1750
f 1709 1750 1710
f 1710 1750 1751
f 1710 1751 1711
f 1711 1751 1752
f 1711 1752 1712
f 1712 1752 1753
f 1712 1753 1713
f 1713 1753 1754
f 1713 1754 1714
f 1714 1754 1755
f 1714 1755 1715
f 1715 1755 1756
f 1715 1756 1716
f 1716 1756 1757
f 1716 1757 1717
f 1717 1757 1758
f 1717 1758 1718
f 1718 1758 1759
f 1718 1759 1719
f 1719 1759 1760
f 1719 1760 1720
f 1720 1760 1721
f 1720 1721 1681
f 1721 1761 1762
f 1721 1762 1722
f 1722 1762 1763
f 1722 1763 1723
f 1723 1763 1764
f 1723 1764 1724
f 1724 1764 1765
f 1724 1765 1725
f 1725 1765 1766
f 1725 1766 1726
f 1726 1766 1767
f 1726 1767 1727
f 1727 1767 1768
f 1727 1768 1728
f 1728 1768 1769
f 1728 1769 1729
f 1729 1769 1770
f 1729 1770 1730
f 1730 1770 1771
f 1730 1771 1731
f 1731 1771 1772
f 1731 1772 1732
f 1732 1772 1773
f 1732 1773 1733
f 1733 1773 1774
f 1733 1774 1734
f 1734 1774 1775
f 1734 1775 1735
f 1735 1775 1776
f 1735 1776 1736
f 1736 1776 1777
f 1736 1777 1737
f 1737 1777 1778
f 1737 1778 1738
f 1738 1778 1779
f 1738 1779 1739
f 1739 1779 1780
f 1739 1780 1740
f 1740 1780 1781
f 1740 1781 1741
f 1741 1781 1782
f 1741 1782 1742
f 1742 1782 1783
f 1742 1783 1743
f 1743 1783 1784
f 1743 1784 1744
f 1744 1784 1785
f 1744 1785 1745
f 1745 1785 1786
f 1745 1786 1746
f 1746 1786 1787
f 1746 1787 1747
f 1747 1787 1788
f 1747 1788 1748
f 1748 1788 1789
f 1748 1789 1749
f 1749 1789 1790
f 1749 1790 1750
f 1750 1790 1791
f 1750 1791 1751
f 1751 1791 1792
f 1751 1792 1752
f 1752 1792 1793
f 1752 1793 1753
f 1753 1793 1794
f 1753 1794 1754
f 1754 1794 1795
f 1754 1795 1755
f 1755 1795 1796
f 1755 1796 1756
f 1756 1796 1797
f 1756 1797 1757
f 1757 1797 1798
f 1757 1798 1758
f 1758 1798 1799
f 1758 1799 1759
f 1759 1799 1800
f 1759 1800 1760
f 1760 1800 1761
f 1760 1761 1721
f 1761 1801 1802
f 1761 1802 1762
f 1762 1802 1803
f 1762 1803 1763
f 1763 1803 1804
f 1763 1804 1764
f 1764 1804 1805
f 1764 1805 1765
f 1765 1805 1806
f 1765 1806 1766
f 1766 1806 1807
f 1766 1807 1767
f 1767 1807 1808
f 1767 1808 1768
f 1768 1808 1809
f 1768 1809 1769
f 1769 1809 1810
f 1769 1810 1770
f 1770 1810 1811
f 1770 1811 1771
f 1771 1811 1812
f 1771 1812 1772
f 1772 1812 1813
f 1772 1813 1773
f 1773 1813 1814
f 1773 1814 1774
f 1774 1814 1815
f 1774 1815 1775
f 1775 1815 1816
f 1775 1816 1776
f 1776 1816 1817
f 1776 1817 1777
f 1777 1817 1818
f 1777 1818 1778
f 1778 1818 1819
f 1778 1819 1779
f 1779 1819 1820
f 1779 1820 1780
f 1780 1820 1821
f 1780 1821 1781
f 1781 1821 1822
f 1781 1822 1782
f 1782 1822 1823
f 1782 1823 1783
f 1783 1823 1824
f 1783 1824 1784
f 1784 1824 1825
f 1784 1825 1785
f 1785 1825 1826
f 1785 1826 1786
f 1786 1826 1827
f 1786 1827 1787
f 1787 1827 1828
f 1787 1828 1788
f 1788 1828 1829
f 1788 1829 1789
f 1789 1829 1830
f 1789 1830 1790
f 1790 1830 1831
f 1790 1831 1791
f 1791 1831 1832
f 1791 1832 1792
f 1792 1832 1833
f 1792 1833 1793
f 1793 1833 1834
f 1793 1834 1794
f 1794 1834 1835
f 1794 1835 1795
f 1795 1835 1836
f 1795 1836 1796
f 1796 1836 1837
f 1796 1837 1797
f 1797 1837 1838
f 1797 1838 1798
f 1798 1838 1839
f 1798 1839 1799
f 1799 1839 1840
f 1799 1840 1800
f 1800 1840 1801
f 1800 1801 1761
f 1801 1841 1842
f 1801 1842 1802
f 1802 1842 1843
f 1802 1843 1803
f 1803 1843 1844
f 1803 1844 1804
f 1804 1844 1845
f 1804 1845 1805
f 1805 1845 1846
f 1805 1846 1806
f 1806 1846 1847
f 1806 1847 1807
f 1807 1847 1848
f 1807 1848 1808
f 1808 1848 1849
f 1808 1849 1809
f 1809 1849 1850
f 1809 1850 1810
f 1810 1850 1851
f 1810 1851 1811
f 1811 1851 1852
f 1811 1852 1812
f 1812 1852 1853
f 1812 1853 1813
f 1813 1853 1854
f 1813 1854 1814
f 1814 1854 1855
f 1814 1855 1815
f 1815 1855 1856
f 1815 1856 1816
f 1816 1856 1857
f 1816 1857 1817
f 1817 1857 1858
f 1817 1858 1818
f 1818 1858 1859
f 1818 1859 1819
f 1819 1859 1860
f 1819 1860 1820
f 1820 1860 1861
f 1820 1861 1821
f 1821 1861 1862
f 1821 1862 1822
f 1822 1862 1863
f 1822 1863 1823
f 1823 1863 1864
f 1823 1864 1824
f 1824 1864 1865
f 1824 1865 1825
f 1825 1865 1866
f 1825 1866 1826
f 1826 1866 1867
f 1826 1867 1827
f 1827 1867 1868
f 1827 1868 1828
f 1828 1868 1869
f 1828 1869 1829
f 1829 1869 1870
f 1829 1870 1830
f 1830 1870 1871
f 1830 1871 1831
f 1831 1871 1872
f 1831 1872 1832
f 1832 1872 1873
f 1832 1873 1833
f 1833 1873 1874
f 1833 1874 1834
f 1834 1874 1875
f 1834 1875 1835
f 1835 1875 1876
f 1835 1876 1836
f 1836 1876 1877
f 1836 1877 1837
f 1837 1877 1878
f 1837 1878 1838
f 1838 1878 1879
f 1838 1879 1839
f 1839 1879 1880
f 1839 1880 1840
f 1840 1880 1841
f 1840 1841 1801
f 1841 1881 1882
f 1841 1882 1842
f 1842 1882 1883
f 1842 1883 1843
f 1843 1883 1884
f 1843 1884 1844
f 1844 1884 1885
f 1844 1885 1845
f 1845 1885 1886
f 1845 1886 1846
f 1846 1886 1887
f 1846 1887 1847
f 1847 1887 1888
f 1847 1888 1848
f 1848 1888 1889
f 1848 1889 1849
f 1849 1889 1890
f 1849 1890 1850
f 1850 1890 1891
f 1850 1891 1851
f 1851 1891 1892
f 1851 1892 1852
f 1852 1892 1893
f 1852 1893 1853
f 1853 1893 1894
f 1853 1894 1854
f 1854 1894 1895
f 1854 1895 1855
f 1855 1895 1896
f 1855 1896 1856
f 1856 1896 1897
f 1856 1897 1857
f 1857 1897 1898
f 1857 1898 1858
f 1858 1898 1899
f 1858 1899 1859
f 1859 1899 1900
f 1859 1900 1860
f 1860 1900 1901
f 1860 1901 1861
f 1861 1901 1902
f 1861 1902 1862
f 1862 1902 1903
f 1862 1903 1863
f 1863 1903 1904
f 1863 1904 1864
f 1864 1904 1905
f 1864 1905 1865
f 1865 1905 1906
f 1865 1906 1866
f 1866 1906 1907
f 1866 1907 1867
f 1867 1907 1908
f 1867 1908 1868
f 1868 1908 1909
f 1868 1909 1869
f 1869 1909 1910
f 1869 1910 1870
f 1870 1910 1911
f 1870 1911 1871
f 1871 1911 1912
f 1871 1912 1872
f 1872 1912 1913
f 1872 1913 1873
f 1873 1913 1914
f 1873 1914 1874
f 1874 1914 1915
f 1874 1915 1875
f 1875 1915 1916
f 1875 1916 1876
f 1876 1916 1917
f 1876 1917 1877
f 1877 1917 1918
f 1877 1918 1878
f 1878 1918 1919
f 1878 1919 1879
f 1879 1919 1920
f 1879 1920 1880
f 1880 1920 1881
f 1880 1881 1841
f 1881 1921 1922
f 1881 1922 1882
f 1882 1922 1923
f 1882 1923 1883
f 1883 1923 1924
f 1883 1924 1884
f 1884 1924 1925
f 1884 1925 1885
f 1885 1925 1926
f 1885 1926 1886
f 1886 1926 1927
f 1886 1927 1887
f 1887 1927 1928
f 1887 1928 1888
f 1888 1928 1929
f 1888 1929 1889
f 1889 1929 1930
f 1889 1930 1890
f 1890 1930 1931
f 1890 1931 1891
f 1891 1931 1932
f 1891 1932 1892
f 1892 1932 1933
f 1892 1933 1893
f 1893 1933 1934
f 1893 1934 1894
f 1894 1934 1935
f 1894 1935 1895
f 1895 1935 1936
f 1895 1936 1896
f 1896 1936 1937
f 1896 1937 1897
f 1897 1937 1938
f 1897 1938 1898
f 1898 1938 1939
f 1898 1939 1899
f 1899 1939 1940
f 1899 1940 1900
f 1900 1940 1941
f 1900 1941 1901
f 1901 1941 1942
f 1901 1942 1902
f 1902 1942 1943
f 1902 1943 1903
f 1903 1943 1944
f 1903 1944 1904
f 1904 1944 1945
f 1904 1945 1905
f 1905 1945 1946
f 1905 1946 1906
f 1906 1946 1947
f 1906 1947 1907
f 1907 1947 1948
f 1907 1948 1908
f 1908 1948 1949
f 1908 1949 1909
f 1909 1949 1950
f 1909 1950 1910
f 1910 1950 1951
f 1910 1951 1911
f 1911 1951 1952
f 1911 1952 1912
f 1912 1952 1953
f 1912 1953 1913
f 1913 1953 1954
f 1913 1954 1914
f 1914 1954 1955
f 1914 1955 1915
f 1915 1955 1956
f 1915 1956 1916
f 1916 1956 1957
f 1916 1957 1917
f 1917 1957 1958
f 1917 1958 1918
f 1918 1958 1959
f 1918 1959 1919
f 1919 1959 1960
f 1919 1960 1920
f 1920 1960 1921
f 1920 1921 1881
f 1921 1961 1962
f 1921 1962 1922
f 1922 1962 1963
f 1922 1963 1923
f 1923 1963 1964
f 1923 1964 1924
f 1924 1964 1965
f 1924 1965 1925
f 1925 1965 1966
f 1925 1966 1926
f 1926 1966 1967
f 1926 1967 1927
f 1927 1967 1968
f 1927 1968 1928
f 1928 1968 1969
f 1928 1969 1929
f 1929 1969 1970
f 1929 1970 1930
f 1930 1970 1971
f 1930 1971 1931
f 1931 1971 1972
f 1931 1972 1932
f 1932 1972 1973
f 1932 1973 1933
f 1933 1973 1974
f 1933 1974 1934
f 1934 1974 1975
f 1934 1975 1935
f 1935 1975 1976
f 1935 1976 1936
f 1936 1976 1977
f 1936 1977 1937
f 1937 1977 1978
f 1937 1978 1938
f 1938 1978 1979
f 1938 1979 1939
f 1939 1979 1980
f 1939 1980 1940
f 1940 1980 1981
f 1940 1981 1941
f 1941 1981 1982
f 1941 1982 1942
f 1942 1982 1983
f 1942 1983 1943
f 1943 1983 1984
f 1943 1984 1944
f 1944 1984 1985
f 1944 1985 1945
f 1945 1985 1986
f 1945 1986 1946
f 1946 1986 1987
f 1946 1987 1947
f 1947 1987 1988
f 1947 1988 1948
f 1948 1988 1989
f 1948 1989 1949
f 1949 1989 1990
f 1949 1990 1950
f 1950 1990 1991
f 1950 1991 1951
f 1951 1991 1992
f 1951 1992 1952
f 1952 1992 1993
f 1952 1993 1953
f 1953 1993 1994
f 1953 1994 1954
f 1954 1994 1995
f 1954 1995 1955
f 1955 1995 1996
f 1955 1996 1956
f 1956 1996 1997
f 1956 1997 1957
f 1957 1997 1998
f 1957 1998 1958
f 1958 1998 1999
f 1958 1999 1959
f 1959 1999 2000
f 1959 2000 1960
f 1960 2000 1961
f 1960 1961 1921
f 1961 2001 2002
f 1961 2002 1962
f 1962 2002 2003
f 1962 2003 1963
f 1963 2003 2004
f 1963 2004 1964
f 1964 2004 2005
f 1964 2005 1965
f 1965 2005 2006
f 1965 2006 1966
f 1966 2006 2007
f 1966 2007 1967
f 1967 2007 2008
f 1967 2008 1968
f 1968 2008 2009
f 1968 2009 1969
f 1969 2009 2010
f 1969 2010 1970
f 1970 2010 2011
f 1970 2011 1971
f 1971 2011 2012
f 1971 2012 1972
f 1972 2012 2013
f 1972 2013 1973
f 1973 2013 2014
f 1973 2014 1974
f 1974 2014 2015
f 1974 2015 1975
f 1975 2015 2016
f 1975 2016 1976
f 1976 2016 2017
f 1976 2017 1977
f 1977 2017 2018
f 1977 2018 1978
f 1978 2018 2019
f 1978 2019 1979
f 1979 2019 2020
f 1979 2020 1980
f 1980 2020 2021
f 1980 2021 1981
f 1981 2021 2022
f 1981 2022 1982
f 1982 2022 2023
f 1982 2023 1983
f 1983 2023 2024
f 1983 2024 1984
f 1984 2024 2025
f 1984 2025 1985
f 1985 2025 2026
f 1985 2026 1986
f 1986 2026 2027
f 1986 2027 1987
f 1987 2027 2028
f 1987 2028 1988
f 1988 2028 2029
f 1988 2029 1989
f 1989 2029 2030
f 1989 2030 1990
f 1990 2030 2031
f 1990 2031 1991
f 1991 2031 2032
f 1991 2032 1992
f 1992 2032 2033
f 1992 2033 1993
f 1993 2033 2034
f 1993 2034 1994
f 1994 2034 2035
f 1994 2035 1995
f 1995 2035 2036
f 1995 2036 1996
f 1996 2036 2037
f 1996 2037 1997
f 1997 2037 2038
f 1997 2038 1998
f 1998 2038 2039
f 1998 2039 1999
f 1999 2039 2040
f 1999 2040 2000
f 2000 2040 2001
f 2000 2001 1961
f 2001 2041 2042
f 2001 2042 2002
f 2002 2042 2043
f 2002 2043 2003
f 2003 2043 2044
f 2003 2044 2004
f 2004 2044 2045
f 2004 2045 2005
f 2005 2045 2046
f 2005 2046 2006
f 2006 2046 2047
f 2006 2047 2007
f 2007 2047 2048
f 2007 2048 2008
f 2008 2048 2049
f 2008 2049 2009
f 2009 2049 2050
f 2009 2050 2010
f 2010 2050 2051
f 2010 2051 2011
f 2011 2051 2052
f 2011 2052 2012
f 2012 2052 2053
f 2012 2053 2013
f 2013 2053 2054
f 2013 2054 2014
f 2014 2054 2055
f 2014 2055 2015
f 2015 2055 2056
f 2015 2056 2016
f 2016 2056 2057
f 2016 2057 2017
f 2017 2057 2058
f 2017 2058 2018
f 2018 2058 2059
f 2018 2059 2019
f 2019 2059 2060
f 2019 2060 2020
f 2020 2060 2061
f 2020 2061 2021
f 2021 2061 2062
f 2021 2062 2022
f 2022 2062 2063
f 2022 2063 2023
f 2023 2063 2064
f 2023 2064 2024
f 2024 2064 2065
f 2024 2065 2025
f 2025 2065 2066
f 2025 2066 2026
f 2026 2066 2067
f 2026 2067 2027
f 2027 2067 2068
f 2027 2068 2028
f 2028 2068 2069
f 2028 2069 2029
f 2029 2069 2070
f 2029 2070 2030
f 2030 2070 2071
f 2030 2071 2031
f 2031 2071 2072
f 2031 2072 2032
f 2032 2072 2073
f 2032 2073 2033
f 2033 2073 2074
f 2033 2074 2034
f 2034 2074 2075
f 2034 2075 2035
f 2035 2075 2076
f 2035 2076 2036
f 2036 2076 2077
f 2036 2077 2037
f 2037 2077 2078
f 2037 2078 2038
f 2038 2078 2079
f 2038 2079 2039
f 2039 2079 2080
f 2039 2080 2040
f 2040 2080 2041
f 2040 2041 2001
f 2041 2081 2082
f 2041 2082 2042
f 2042 2082 2083
f 2042 2083 2043
f 2043 2083 2084
f 2043 2084 2044
f 2044 2084 2085
f 2044 2085 2045
f 2045 2085 2086
f 2045 2086 2046
f 2046 2086 2087
f 2046 2087 2047
f 2047 2087 2088
f 2047 2088 2048
f 2048 2088 2089
f 2048 2089 2049
f 2049 2089 2090
f 2049 2090 2050
f 2050 2090 2091
f 2050 2091 2051
f 2051 2091 2092
f 2051 2092 2052
f 2052 2092 2093
f 2052 2093 2053
f 2053 2093 2094
f 2053 2094 2054
f 2054 2094 2095
f 2054 2095 2055
f 2055 2095 2096
f 2055 2096 2056
f 2056 2096 2097
f 2056 2097 2057
f 2057 2097 2098
f 2057 2098 2058
f 2058 2098 2099
f 2058 2099 2059
f 2059 2099 2100
f 2059 2100 2060
f 2060 2100 2101
f 2060 2101 2061
f 2061 2101 2102
f 2061 2102 2062
f 2062 2102 2103
f 2062 2103 2063
f 2063 2103 2104
f 2063 2104 2064
f 2064 2104 2105
f 2064 2105 2065
f 2065 2105 2106
f 2065 2106 2066
f 2066 2106 2107
f 2066 2107 2067
f 2067 2107 2108
f 2067 2108 2068
f 2068 2108 2109
f 2068 2109 2069
f 2069 2109 2110
f 2069 2110 2070
f 2070 2110 2111
f 2070 2111 2071
f 2071 2111 2112
f 2071 2112 2072
f 2072 2112 2113
f 2072 2113 2073
f 2073 2113 2114
f 2073 2114 2074
f 2074 2114 2115
f 2074 2115 2075
f 2075 2115 2116
f 2075 2116 2076
f 2076 2116 2117
f 2076 2117 2077
f 2077 2117 2118
f 2077 2118 2078
f 2078 2118 2119
f 2078 2119 2079
f 2079 2119 2120
f 2079 2120 2080
f 2080 2120 2081
f 2080 2081 2041
f 2081 2121 2122
f 2081 2122 2082
f 2082 2122 2123
f 2082 2123 2083
f 2083 2123 2124
f 2083 2124 2084
f 2084 2124 2125
f 2084 2125 2085
f 2085 2125 2126
f 2085 2126 2086
f 2086 2126 2127
f 2086 2127 2087
f 2087 2127 2128
f 2087 2128 2088
f 2088 2128 2129
f 2088 2129 2089
f 2089 2129 2130
f 2089 2130 2090
f 2090 2130 2131
f 2090 2131 2091
f 2091 2131 2132
f 2091 2132 2092
f 2092 2132 2133
f 2092 2133 2093
f 2093 2133 2134
f 2093 2134 2094
f 2094 2134 2135
f 2094 2135 2095
f 2095 2135 2136
f 2095 2136 2096
f 2096 2136 2137
f 2096 2137 2097
f 2097 2137 2138
f 2097 2138 2098
f 2098 2138 2139
f 2098 2139 2099
f 2099 2139 2140
f 2099 2140 2100
f 2100 2140 2141
f 2100 2141 2101
f 2101 2141 2142
f 2101 2142 2102
f 2102 2142 2143
f 2102 2143 2103
f 2103 2143 2144
f 2103 2144 2104
f 2104 2144 2145
f 2104 2145 2105
f 2105 2145 2146
f 2105 2146 2106
f 2106 2146 2147
f 2106 2147 2107
f 2107 2147 2148
f 2107 2148 2108
f 2108 2148 2149
f 2108 2149 2109
f 2109 2149 2150
f 2109 2150 2110
f 2110 2150 2151
f 2110 2151 2111
f 2111 2151 2152
f 2111 2152 2112
f 2112 2152 2153
f 2112 2153 2113
f 2113 2153 2154
f 2113 2154 2114
f 2114 2154 2155
f 2114 2155 2115
f 2115 2155 2156
f 2115 2156 2116
f 2116 2156 2157
f 2116 2157 2117
f 2117 2157 2158
f 2117 2158 2118
f 2118 2158 2159
f 2118 2159 2119
f 2119 2159 2160
f 2119 2160 2120
f 2120 2160 2121
f 2120 2121 2081
f 2121 2161 2162
f 2121 2162 2122
f 2122 2162 2163
f 2122 2163 2123
f 2123 2163 2164
f 2123 2164 2124
f 2124 2164 2165
f 2124 2165 2125
f 2125 2165 2166
f 2125 2166 2126
f 2126 2166 2167
f 2126 2167 2127
f 2127 2167 2168
f 2127 2168 2128
f 2128 2168 2169
f 2128 2169 2129
f 2129 2169 2170
f 2129 2170 2130
f 2130 2170 2171
f 2130 2171 2131
f 2131 2171 2172
f 2131 2172 2132
f 2132 2172 2173
f 2132 2173 2133
f 2133 2173 2174
f 2133 2174 2134
f 2134 2174 2175
f 2134 2175 2135
f 2135 2175 2176
f 2135 2176 2136
f 2136 2176 2177
f 2136 2177 2137
f 2137 2177 2178
f 2137 2178 2138
f 2138 2178 2179
f 2138 2179 2139
f 2139 2179 2180
f 2139 2180 2140
f 2140 2180 2181
f 2140 2181 2141
f 2141 2181 2182
f 2141 2182 2142
f 2142 2182 2183
f 2142 2183 2143
f 2143 2183 2184
f 2143 2184 2144
f 2144 2184 2185
f 2144 2185 2145
f 2145 2185 2186
f 2145 2186 2146
f 2146 2186 2187
f 2146 2187 2147
f 2147 2187 2188
f 2147 2188 2148
f 2148 2188 2189
f 2148 2189 2149
f 2149 2189 2190
f 2149 2190 2150
f 2150 2190 2191
f 2150 2191 2151
f 2151 2191 2192
f 2151 2192 2152
f 2152 2192 2193
f 2152 2193 2153
f 2153 2193 2194
f 2153 2194 2154
f 2154 2194 2195
f 2154 2195 2155
f 2155 2195 2196
f 2155 2196 2156
f 2156 2196 2197
f 2156 2197 2157
f 2157 2197 2198
f 2157 2198 2158
f 2158 2198 2199
f 2158 2199 2159
f 2159 2199 2200
f 2159 2200 2160
f 2160 2200 2161
f 2160 2161 2121
f 2161 2201 2202
f 2161 2202 2162
f 2162 2202 2203
f 2162 2203 2163
f 2163 2203 2204
f 2163 2204 2164
f 2164 2204 2205
f 2164 2205 2165
f 2165 2205 2206
f 2165 2206 2166
f 2166 2206 2207
f 2166 2207 2167
f 2167 2207 2208
f 2167 2208 2168
f 2168 2208 2209
f 2168 2209 2169
f 2169 2209 2210
f 2169 2210 2170
f 2170 2210 2211
f 2170 2211 2171
f 2171 2211 2212
f 2171 2212 2172
f 2172 2212 2213
f 2172 2213 2173
f 2173 2213 2214
f 2173 2214 2174
f 2174 2214 2215
f 2174 2215 2175
f 2175 2215 2216
f 2175 2216 2176
f 2176 2216 2217
f 2176 2217 2177
f 2177 2217 2218
f 2177 2218 2178
f 2178 2218 2219
f 2178 2219 2179
f 2179 2219 2220
f 2179 2220 2180
f 2180 2220 2221
f 2180 2221 2181
f 2181 2221 2222
f 2181 2222 2182
f 2182 2222 2223
f 2182 2223 2183
f 2183 2223 2224
f 2183 2224 2184
f 2184 2224 2225
f 2184 2225 2185
f 2185 2225 2226
f 2185 2226 2186
f 2186 2226 2227
f 2186 2227 2187
f 2187 2227 2228
f 2187 2228 2188
f 2188 2228 2229
f 2188 2229 2189
f 2189 2229 2230
f 2189 2230 2190
f 2190 2230 2231
f 2190 2231 2191
f 2191 2231 2232
f 2191 2232 2192
f 2192 2232 2233
f 2192 2233 2193
f 2193 2233 2234
f 2193 2234 2194
f 2194 2234 2235
f 2194 2235 2195
f 2195 2235 2236
f 2195 2236 2196
f 2196 2236 2237
f 2196 2237 2197
f 2197 2237 2238
f 2197 2238 2198
f 2198 2238 2239
f 2198 2239 2199
f 2199 2239 2240
f 2199 2240 2200
f 2200 2240 2201
f 2200 2201 2161
f 2201 2241 2242
f 2201 2242 2202
f 2202 2242 2243
f 2202 2243 2203
f 2203 2243 2244
f 2203 2244 2204
f 2204 2244 2245
f 2204 2245 2205
f 2205 2245 2246
f 2205 2246 2206
f 2206 2246 2247
f 2206 2247 2207
f 2207 2247 2248
f 2207 2248 2208
f 2208 2248 2249
f 2208 2249 2209
f 2209 2249 2250
f 2209 2250 2210
f 2210 2250 2251
f 2210 2251 2211
f 2211 2251 2252
f 2211 2252 2212
f 2212 2252 2253
f 2212 2253 2213
f 2213 2253 2254
f 2213 2254 2214
f 2214 2254 2255
f 2214 2255 2215
f 2215 2255 2256
f 2215 2256 2216
f 2216 2256 2257
f 2216 2257 2217
f 2217 2257 2258
f 2217 2258 2218
f 2218 2258 2259
f 2218 2259 2219
f 2219 2259 2260
f 2219 2260 2220
f 2220 2260 2261
f 2220 2261 2221
f 2221 2261 2262
f 2221 2262 2222
f 2222 2262 2263
f 2222 2263 2223
f 2223 2263 2264
f 2223 2264 2224
f 2224 2264 2265
f 2224 2265 2225
f 2225 2265 2266
f 2225 2266 2226
f 2226 2266 2267
f 2226 2267 2227
f 2227 2267 2268
f 2227 2268 2228
f 2228 2268 2269
f 2228 2269 2229
f 2229 2269 2270
f 2229 2270 2230
f 2230 2270 2271
f 2230 2271 2231
f 2231 2271 2272
f 2231 2272 2232
f 2232 2272 2273
f 2232 2273 2233
f 2233 2273 2274
f 2233 2274 2234
f 2234 2274 2275
f 2234 2275 2235
f 2235 2275 2276
f 2235 2276 2236
f 2236 2276 2277
f 2236 2277 2237
f 2237 2277 2278
f 2237 2278 2238
f 2238 2278 2279
f 2238 2279 2239
f 2239 2279 2280
f 2239 2280 2240
f 2240 2280 2241
f 2240 2241 2201
f 2241 2281 2282
f 2241 2282 2242
f 2242 2282 2283
f 2242 2283 2243
f 2243 2283 2284
f 2243 2284 2244
f 2244 2284 2285
f 2244 2285 2245
f 2245 2285 2286
f 2245 2286 2246
f 2246 2286 2287
f 2246 2287 2247
f 2247 2287 2288
f 2247 2288 2248
f 2248 2288 2289
f 2248 2289 2249
f 2249 2289 2290
f 2249 2290 2250
f 2250 2290 2291
f 2250 2291 2251
f 2251 2291 2292
f 2251 2292 2252
f 2252 2292 2293
f 2252 2293 2253
f 2253 2293 2294
f 2253 2294 2254
f 2254 2294 2295
f 2254 2295 2255
f 2255 2295 2296
f 2255 2296 2256
f 2256 2296 2297
f 2256 2297 2257
f 2257 2297 2298
f 2257 2298 2258
f 2258 2298 2299
f 2258 2299 2259
f 2259 2299 2300
f 2259 2300 2260
f 2260 2300 2301
f 2260 2301 2261
f 2261 2301 2302
f 2261 2302 2262
f 2262 2302 2303
f 2262 2303 2263
f 2263 2303 2304
f 2263 2304 2264
f 2264 2304 2305
f 2264 2305 2265
f 2265 2305 2306
f 2265 2306 2266
f 2266 2306 2307
f 2266 2307 2267
f 2267 2307 2308
f 2267 2308 2268
f 2268 2308 2309
f 2268 2309 2269
f 2269 2309 2310
f 2269 2310 2270
f 2270 2310 2311
f 2270 2311 2271
f 2271 2311 2312
f 2271 2312 2272
f 2272 2312 2313
f 2272 2313 2273
f 2273 2313 2314
f 2273 2314 2274
f 2274 2314 2315
f 2274 2315 2275
f 2275 2315 2316
f 2275 2316 2276
f 2276 2316 2317
f 2276 2317 2277
f 2277 2317 2318
f 2277 2318 2278
f 2278 2318 2319
f 2278 2319 2279
f 2279 2319 2320
f 2279 2320 2280
f 2280 2320 2281
f 2280 2281 2241
f 2281 2321 2322
f 2281 2322 2282
f 2282 2322 2323
f 2282 2323 2283
f 2283 2323 2324
f 2283 2324 2284
f 2284 2324 2325
f 2284 2325 2285
f 2285 2325 2326
f 2285 2326 2286
f 2286 2326 2327
f 2286 2327 2287
f 2287 2327 2328
f 2287 2328 2288
f 2288 2328 2329
f 2288 2329 2289
f 2289 2329 2330
f 2289 2330 2290
f 2290 2330 2331
f 2290 2331 2291
f 2291 2331 2332
f 2291 2332 2292
f 2292 2332 2333
f 2292 2333 2293
f 2293 2333 2334
f 2293 2334 2294
f 2294 2334 2335
f 2294 2335 2295
f 2295 2335 2336
f 2295 2336 2296
f 2296 2336 2337
f 2296 2337 2297
f 2297 2337 2338
f 2297 2338 2298
f 2298 2338 2339
f 2298 2339 2299
f 2299 2339 2340
f 2299 2340 2300
f 2300 2340 2341
f 2300 2341 2301
f 2301 2341 2342
f 2301 2342 2302
f 2302 2342 2343
f 2302 2343 2303
f 2303 2343 2344
f 2303 2344 2304
f 2304 2344 2345
f 2304 2345 2305
f 2305 2345 2346
f 2305 2346 2306
f 2306 2346 2347
f 2306 2347 2307
f 2307 2347 2348
f 2307 2348 2308
f 2308 2348 2349
f 2308 2349 2309
f 2309 2349 2350
f 2309 2350 2310
f 2310 2350 2351
f 2310 2351 2311
f 2311 2351 2352
f 2311 2352 2312
f 2312 2352 2353
f 2312 2353 2313
f 2313 2353 2354
f 2313 2354 2314
f 2314 2354 2355
f 2314 2355 2315
f 2315 2355 2356
f 2315 2356 2316
f 2316 2356 2357
f 2316 2357 2317
f 2317 2357 2358
f 2317 2358 2318
f 2318 2358 2359
f 2318 2359 2319
f 2319 2359 2360
f 2319 2360 2320
f 2320 2360 2321
f 2320 2321 2281
f 2321 2361 2362
f 2321 2362 2322
f 2322 2362 2363
f 2322 2363 2323
f 2323 2363 2364
f 2323 2364 2324
f 2324 2364 2365
f 2324 2365 2325
f 2325 2365 2366
f 2325 2366 2326
f 2326 2366 2367
f 2326 2367 2327
f 2327 2367 2368
f 2327 2368 2328
f 2328 2368 2369
f 2328 2369 2329
f 2329 2369 2370
f 2329 2370 2330
f 2330 2370 2371
f 2330 2371 2331
f 2331 2371 2372
f 2331 2372 2332
f 2332 2372 2373
f 2332 2373 2333
f 2333 2373 2374
f 2333 2374 2334
f 2334 2374 2375
f 2334 2375 2335
f 2335 2375 2376
f 2335 2376 2336
f 2336 2376 2377
f 2336 2377 2337
f 2337 2377 2378
f 2337 2378 2338
f 2338 2378 2379
f 2338 2379 2339
f 2339 2379 2380
f 2339 2380 2340
f 2340 2380 2381
f 2340 2381 2341
f 2341 2381 2382
f 2341 2382 2342
f 2342 2382 2383
f 2342 2383 2343
f 2343 2383 2384
f 2343 2384 2344
f 2344 2384 2385
f 2344 2385 2345
f 2345 2385 2386
f 2345 2386 2346
f 2346 2386 2387
f 2346 2387 2347
f 2347 2387 2388
f 2347 2388 2348
f 2348 2388 2389
f 2348 2389 2349
f 2349 2389 2390
f 2349 2390 2350
f 2350 2390 2391
f 2350 2391 2351
f 2351 2391 2392
f 2351 2392 2352
f 2352 2392 2393
f 2352 2393 2353
f 2353 2393 2394
f 2353 2394 2354
f 2354 2394 2395
f 2354 2395 2355
f 2355 2395 2396
f 2355 2396 2356
f 2356 2396 2397
f 2356 2397 2357
f 2357 2397 2398
f 2357 2398 2358
f 2358 2398 2399
f 2358 2399 2359
f 2359 2399 2400
f 2359 2400 2360
f 2360 2400 2361
f 2360 2361 2321
f 2361 2401 2402
f 2361 2402 2362
f 2362 2402 2403
f 2362 2403 2363
f 2363 2403 2404
f 2363 2404 2364
f 2364 2404 2405
f 2364 2405 2365
f 2365 2405 2406
f 2365 2406 2366
f 2366 2406 2407
f 2366 2407 2367
f 2367 2407 2408
f 2367 2408 2368
f 2368 2408 2409
f 2368 2409 2369
f 2369 2409 2410
f 2369 2410 2370
f 2370 2410 2411
f 2370 2411 2371
f 2371 2411 2412
f 2371 2412 2372
f 2372 2412 2413
f 2372 2413 2373
f 2373 2413 2414
f 2373 2414 2374
f 2374 2414 2415
f 2374 2415 2375
f 2375 2415 2416
f 2375 2416 2376
f 2376 2416 2417
f 2376 2417 2377
f 2377 2417 2418
f 2377 2418 2378
f 2378 2418 2419
f 2378 2419 2379
f 2379 2419 2420
f 2379 2420 2380
f 2380 2420 2421
f 2380 2421 2381
f 2381 2421 2422
f 2381 2422 2382
f 2382 2422 2423
f 2382 2423 2383
f 2383 2423 2424
f 2383 2424 2384
f 2384 2424 2425
f 2384 2425 2385
f 2385 2425 2426
f 2385 2426 2386
f 2386 2426 2427
f 2386 2427 2387
f 2387 2427 2428
f 2387 2428 2388
f 2388 2428 2429
f 2388 2429 2389
f 2389 2429 2430
f 2389 2430 2390
f 2390 2430 2431
f 2390 2431 2391
f 2391 2431 2432
f 2391 2432 2392
f 2392 2432 2433
f 2392 2433 2393
f 2393 2433 2434
f 2393 2434 2394
f 2394 2434 2435
f 2394 2435 2395
f 2395 2435 2436
f 2395 2436 2396
f 2396 2436 2437
f 2396 2437 2397
f 2397 2437 2438
f 2397 2438 2398
f 2398 2438 2439
f 2398 2439 2399
f 2399 2439 2440
f 2399 2440 2400
f 2400 2440 2401
f 2400 2401 2361
f 2401 2441 2442
f 2401 2442 2402
f 2402 2442 2443
f 2402 2443 2403
f 2403 2443 2444
f 2403 2444 2404
f 2404 2444 2445
f 2404 2445 2405
f 2405 2445 2446
f 2405 2446 2406
f 2406 2446 2447
f 2406 2447 2407
f 2407 2447 2448
f 2407 2448 2408
f 2408 2448 2449
f 2408 2449 2409
f 2409 2449 2450
f 2409 2450 2410
f 2410 2450 2451
f 2410 2451 2411
f 2411 2451 2452
f 2411 2452 2412
f 2412 2452 2453
f 2412 2453 2413
f 2413 2453 2454
f 2413 2454 2414
f 2414 2454 2455
f 2414 2455 2415
f 2415 2455 2456
f 2415 2456 2416
f 2416 2456 2457
f 2416 2457 2417
f 2417 2457 2458
f 2417 2458 2418
f 2418 2458 2459
f 2418 2459 2419
f 2419 2459 2460
f 2419 2460 2420
f 2420 2460 2461
f 2420 2461 2421
f 2421 2461 2462
f 2421 2462 2422
f 2422 2462 2463
f 2422 2463 2423
f 2423 2463 2464
f 2423 2464 2424
f 2424 2464 2465
f 2424 2465 2425
f 2425 2465 2466
f 2425 2466 2426
f 2426 2466 2467
f 2426 2467 2427
f 2427 2467 2468
f 2427 2468 2428
f 2428 2468 2469
f 2428 2469 2429
f 2429 2469 2470
f 2429 2470 2430
f 2430 2470 2471
f 2430 2471 2431
f 2431 2471 2472
f 2431 2472 2432
f 2432 2472 2473
f 2432 2473 2433
f 2433 2473 2474
f 2433 2474 2434
f 2434 2474 2475
f 2434 2475 2435
f 2435 2475 2476
f 2435 2476 2436
f 2436 2476 2477
f 2436 2477 2437
f 2437 2477 2478
f 2437 2478 2438
f 2438 2478 2479
f 2438 2479 2439
f 2439 2479 2480
f 2439 2480 2440
f 2440 2480 2441
f 2440 2441 2401
f 2441 2481 2482
f 2441 2482 2442
f 2442 2482 2483
f 2442 2483 2443
f 2443 2483 2484
f 2443 2484 2444
f 2444 2484 2485
f 2444 2485 2445
f 2445 2485 2486
f 2445 2486 2446
f 2446 2486 2487
f 2446 2487 2447
f 2447 2487 2488
f 2447 2488 2448
f 2448 2488 2489
f 2448 2489 2449
f 2449 2489 2490
f 2449 2490 2450
f 2450 2490 2491
f 2450 2491 2451
f 2451 2491 2492
f 2451 2492 2452
f 2452 2492 2493
f 2452 2493 2453
f 2453 2493 2494
f 2453 2494 2454
f 2454 2494 2495
f 2454 2495 2455
f 2455 2495 2496
f 2455 2496 2456
f 2456 2496 2497
f 2456 2497 2457
f 2457 2497 2498
f 2457 2498 2458
f 2458 2498 2499
f 2458 2499 2459
f 2459 2499 2500
f 2459 2500 2460
f 2460 2500 2501
f 2460 2501 2461
f 2461 2501 2502
f 2461 2502 2462
f 2462 2502 2503
f 2462 2503 2463
f 2463 2503 2504
f 2463 2504 2464
f 2464 2504 2505
f 2464 2505 2465
f 2465 2505 2506
f 2465 2506 2466
f 2466 2506 2507
f 2466 2507 2467
f 2467 2507 2508
f 2467 2508 2468
f 2468 2508 2509
f 2468 2509 2469
f 2469 2509 2510
f 2469 2510 2470
f 2470 2510 2511
f 2470 2511 2471
f 2471 2511 2512
f 2471 2512 2472
f 2472 2512 2513
f 2472 2513 2473
f 2473 2513 2514
f 2473 2514 2474
f 2474 2514 2515
f 2474 2515 2475
f 2475 2515 2516
f 2475 2516 2476
f 2476 2516 2517
f 2476 2517 2477
f 2477 2517 2518
f 2477 2518 2478
f 2478 2518 2519
f 2478 2519 2479
f 2479 2519 2520
f 2479 2520 2480
f 2480 2520 2481
f 2480 2481 2441
f 2481 2521 2522
f 2481 2522 2482
f 2482 2522 2523
f 2482 2523 2483
f 2483 2523 2524
f 2483 2524 2484
f 2484 2524 2525
f 2484 2525 2485
f 2485 2525 2526
f 2485 2526 2486
f 2486 2526 2527
f 2486 2527 2487
f 2487 2527 2528
f 2487 2528 2488
f 2488 2528 2529
f 2488 2529 2489
f 2489 2529 2530
f 2489 2530 2490
f 2490 2530 2531
f 2490 2531 2491
f 2491 2531 2532
f 2491 2532 2492
f 2492 2532 2533
f 2492 2533 2493
f 2493 2533 2534
f 2493 2534 2494
f 2494 2534 2535
f 2494 2535 2495
f 2495 2535 2536
f 2495 2536 2496
f 2496 2536 2537
f 2496 2537 2497
f 2497 2537 2538
f 2497 2538 2498
f 2498 2538 2539
f 2498 2539 2499
f 2499 2539 2540
f 2499 2540 2500
f 2500 2540 2541
f 2500 2541 2501
f 2501 2541 2542
f 2501 2542 2502
f 2502 2542 2543
f 2502 2543 2503
f 2503 2543 2544
f 2503 2544 2504
f 2504 2544 2545
f 2504 2545 2505
f 2505 2545 2546
f 2505 2546 2506
f 2506 2546 2547
f 2506 2547 2507
f 2507 2547 2548
f 2507 2548 2508
f 2508 2548 2549
f 2508 2549 2509
f 2509 2549 2550
f 2509 2550 2510
f 2510 2550 2551
f 2510 2551 2511
f 2511 2551 2552
f 2511 2552 2512
f 2512 2552 2553
f 2512 2553 2513
f 2513 2553 2554
f 2513 2554 2514
f 2514 2554 2555
f 2514 2555 2515
f 2515 2555 2556
f 2515 2556 2516
f 2516 2556 2557
f 2516 2557 2517
f 2517 2557 2558
f 2517 2558 2518
f 2518 2558 2559
f 2518 2559 2519
f 2519 2559 2560
f 2519 2560 2520
f 2520 2560 2521
f 2520 2521 2481
f 2521 2561 2562
f 2521 2562 2522
f 2522 2562 2563
f 2522 2563 2523
f 2523 2563 2564
f 2523 2564 2524
f 2524 2564 2565
f 2524 2565 2525
f 2525 2565 2566
f 2525 2566 2526
f 2526 2566 2567
f 2526 2567 2527
f 2527 2567 2568
f 2527 2568 2528
f 2528 2568 2569
f 2528 2569 2529
f 2529 2569 2570
f 2529 2570 2530
f 2530 2570 2571
f 2530 2571 2531
f 2531 2571 2572
f 2531 2572 2532
f 2532 2572 2573
f 2532 2573 2533
f 2533 2573 2574
f 2533 2574 2534
f 2534 2574 2575
f 2534 2575 2535
f 2535 2575 2576
f 2535 2576 2536
f 2536 2576 2577
f 2536 2577 2537
f 2537 2577 2578
f 2537 2578 2538
f 2538 2578 2579
f 2538 2579 2539
f 2539 2579 2580
f 2539 2580 2540
f 2540 2580 2581
f 2540 2581 2541
f 2541 2581 2582
f 2541 2582 2542
f 2542 2582 2583
f 2542 2583 2543
f 2543 2583 2584
f 2543 2584 2544
f 2544 2584 2585
f 2544 2585 2545
f 2545 2585 2586
f 2545 2586 2546
f 2546 2586 2587
f 2546 2587 2547
f 2547 2587 2588
f 2547 2588 2548
f 2548 2588 2589
f 2548 2589 2549
f 2549 2589 2590
f 2549 2590 2550
f 2550 2590 2591
f 2550 2591 2551
f 2551 2591 2592
f 2551 2592 2552
f 2552 2592 2593
f 2552 2593 2553
f 2553 2593 2594
f 2553 2594 2554
f 2554 2594 2595
f 2554 2595 2555
f 2555 2595 2596
f 2555 2596 2556
f 2556 2596 2597
f 2556 2597 2557
f 2557 2597 2598
f 2557 2598 2558
f 2558 2598 2599
f 2558 2599 2559
f 2559 2599 2600
f 2559 2600 2560
f 2560 2600 2561
f 2560 2561 2521
f 2561 2601 2602
f 2561 2602 2562
f 2562 2602 2603
f 2562 2603 2563
f 2563 2603 2604
f 2563 2604 2564
f 2564 2604 2605
f 2564 2605 2565
f 2565 2605 2606
f 2565 2606 2566
f 2566 2606 2607
f 2566 2607 2567
f 2567 2607 2608
f 2567 2608 2568
f 2568 2608 2609
f 2568 2609 2569
f 2569 2609 2610
f 2569 2610 2570
f 2570 2610 2611
f 2570 2611 2571
f 2571 2611 2612
f 2571 2612 2572
f 2572 2612 2613
f 2572 2613 2573
f 2573 2613 2614
f 2573 2614 2574
f 2574 2614 2615
f 2574 2615 2575
f 2575 2615 2616
f 2575 2616 2576
f 2576 2616 2617
f 2576 2617 2577
f 2577 2617 2618
f 2577 2618 2578
f 2578 2618 2619
f 2578 2619 2579
f 2579 2619 2620
f 2579 2620 2580
f 2580 2620 2621
f 2580 2621 2581
f 2581 2621 2622
f 2581 2622 2582
f 2582 2622 2623
f 2582 2623 2583
f 2583 2623 2624
f 2583 2624 2584
f 2584 2624 2625
f 2584 2625 2585
f 2585 2625 2626
f 2585 2626 2586
f 2586 2626 2627
f 2586 2627 2587
f 2587 2627 2628
f 2587 2628 2588
f 2588 2628 2629
f 2588 2629 2589
f 2589 2629 2630
f 2589 2630 2590
f 2590 2630 2631
f 2590 2631 2591
f 2591 2631 2632
f 2591 2632 2592
f 2592 2632 2633
f 2592 2633 2593
f 2593 2633 2634
f 2593 2634 2594
f 2594 2634 2635
f 2594 2635 2595
f 2595 2635 2636
f 2595 2636 2596
f 2596 2636 2637
f 2596 2637 2597
f 2597 2637 2638
f 2597 2638 2598
f 2598 2638 2639
f 2598 2639 2599
f 2599 2639 2640
f 2599 2640 2600
f 2600 2640 2601
f 2600 2601 2561
f 2601 2641 2642
f 2601 2642 2602
f 2602 2642 2643
f 2602 2643 2603
f 2603 2643 2644
f 2603 2644 2604
f 2604 2644 2645
f 2604 2645 2605
f 2605 2645 2646
f 2605 2646 2606
f 2606 2646 2647
f 2606 2647 2607
f 2607 2647 2648
f 2607 2648 2608
f 2608 2648 2649
f 2608 2649 2609
f 2609 2649 2650
f 2609 2650 2610
f 2610 2650 2651
f 2610 2651 2611
f 2611 2651 2652
f 2611 2652 2612
f 2612 2652 2653
f 2612 2653 2613
f 2613 2653 2654
f 2613 2654 2614
f 2614 2654 2655
f 2614 2655 2615
f 2615 2655 2656
f 2615 2656 2616
f 2616 2656 2657
f 2616 2657 2617
f 2617 2657 2658
f 2617 2658 2618
f 2618 2658 2659
f 2618 2659 2619
f 2619 2659 2660
f 2619 2660 2620
f 2620 2660 2661
f 2620 2661 2621
f 2621 2661 2662
f 2621 2662 2622
f 2622 2662 2663
f 2622 2663 2623
f 2623 2663 2664
f 2623 2664 2624
f 2624 2664 2665
f 2624 2665 2625
f 2625 2665 2666
f 2625 2666 2626
f 2626 2666 2667
f 2626 2667 2627
f 2627 2667 2668
f 2627 2668 2628
f 2628 2668 2669
f 2628 2669 2629
f 2629 2669 2670
f 2629 2670 2630
f 2630 2670 2671
f 2630 2671 2631
f 2631 2671 2672
f 2631 2672 2632
f 2632 2672 2673
f 2632 2673 2633
f 2633 2673 2674
f 2633 2674 2634
f 2634 2674 2675
f 2634 2675 2635
f 2635 2675 2676
f 2635 2676 2636
f 2636 2676 2677
f 2636 2677 2637
f 2637 2677 2678
f 2637 2678 2638
f 2638 2678 2679
f 2638 2679 2639
f 2639 2679 2680
f 2639 2680 2640
f 2640 2680 2641
f 2640 2641 2601
f 2641 2681 2682
f 2641 2682 2642
f 2642 2682 2683
f 2642 2683 2643
f 2643 2683 2684
f 2643 2684 2644
f 2644 2684 2685
f 2644 2685 2645
f 2645 2685 2686
f 2645 2686 2646
f 2646 2686 2687
f 2646 2687 2647
f 2647 2687 2688
f 2647 2688 2648
f 2648 2688 2689
f 2648 2689 2649
f 2649 2689 2690
f 2649 2690 2650
f 2650 2690 2691
f 2650 2691 2651
f 2651 2691 2692
f 2651 2692 2652
f 2652 2692 2693
f 2652 2693 2653
f 2653 2693 2694
f 2653 2694 2654
f 2654 2694 2695
f 2654 2695 2655
f 2655 2695 2696
f 2655 2696 2656
f 2656 2696 2697
f 2656 2697 2657
f 2657 2697 2698
f 2657 2698 2658
f 2658 2698 2699
f 2658 2699 2659
f 2659 2699 2700
f 2659 2700 2660
f 2660 2700 2701
f 2660 2701 2661
f 2661 2701 2702
f 2661 2702 2662
f 2662 2702 2703
f 2662 2703 2663
f 2663 2703 2704
f 2663 2704 2664
f 2664 2704 2705
f 2664 2705 2665
f 2665 2705 2706
f 2665 2706 2666
f 2666 2706 2707
f 2666 2707 2667
f 2667 2707 2708
f 2667 2708 2668
f 2668 2708 2709
f 2668 2709 2669
f 2669 2709 2710
f 2669 2710 2670
f 2670 2710 2711
f 2670 2711 2671
f 2671 2711 2712
f 2671 2712 2672
f 2672 2712 2713
f 2672 2713 2673
f 2673 2713 2714
f 2673 2714 2674
f 2674 2714 2715
f 2674 2715 2675
f 2675 2715 2716
f 2675 2716 2676
f 2676 2716 2717
f 2676 2717 2677
f 2677 2717 2718
f 2677 2718 2678
f 2678 2718 2719
f 2678 2719 2679
f 2679 2719 2720
f 2679 2720 2680
f 2680 2720 2681
f 2680 2681 2641
f 2681 2721 2722
f 2681 2722 2682
f 2682 2722 2723
f 2682 2723 2683
f 2683 2723 2724
f 2683 2724 2684
f 2684 2724 2725
f 2684 2725 2685
f 2685 2725 2726
f 2685 2726 2686
f 2686 2726 2727
f 2686 2727 2687
f 2687 2727 2728
f 2687 2728 2688
f 2688 2728 2729
f 2688 2729 2689
f 2689 2729 2730
f 2689 2730 2690
f 2690 2730 2731
f 2690 2731 2691
f 2691 2731 2732
f 2691 2732 2692
f 2692 2732 2733
f 2692 2733 2693
f 2693 2733 2734
f 2693 2734 2694
f 2694 2734 2735
f 2694 2735 2695
f 2695 2735 2736
f 2695 2736 2696
f 2696 2736 2737
f 2696 2737 2697
f 2697 2737 2738
f 2697 2738 2698
f 2698 2738 2739
f 2698 2739 2699
f 2699 2739 2740
f 2699 2740 2700
f 2700 2740 2741
f 2700 2741 2701
f 2701 2741 2742
f 2701 2742 2702
f 2702 2742 2743
f 2702 2743 2703
f 2703 2743 2744
f 2703 2744 2704
f 2704 2744 2745
f 2704 2745 2705
f 2705 2745 2746
f 2705 2746 2706
f 2706 2746 2747
f 2706 2747 2707
f 2707 2747 2748
f 2707 2748 2708
f 2708 2748 2749
f 2708 2749 2709
f 2709 2749 2750
f 2709 2750 2710
f 2710 2750 2751
f 2710 2751 2711
f 2711 2751 2752
f 2711 2752 2712
f 2712 2752 2753
f 2712 2753 2713
f 2713 2753 2754
f 2713 2754 2714
f 2714 2754 2755
f 2714 2755 2715
f 2715 2755 2756
f 2715 2756 2716
f 2716 2756 2757
f 2716 2757 2717
f 2717 2757 2758
f 2717 2758 2718
f 2718 2758 2759
f 2718 2759 2719
f 2719 2759 2760
f 2719 2760 2720
f 2720 2760 2721
f 2720 2721 2681
f 2721 2761 2762
f 2721 2762 2722
f 2722 2762 2763
f 2722 2763 2723
f 2723 2763 2764
f 2723 2764 2724
f 2724 2764 2765
f 2724 2765 2725
f 2725 2765 2766
f 2725 2766 2726
f 2726 2766 2767
f 2726 2767 2727
f 2727 2767 2768
f 2727 2768 2728
f 2728 2768 2769
f 2728 2769 2729
f 2729 2769 2770
f 2729 2770 2730
f 2730 2770 2771
f 2730 2771 2731
f 2731 2771 2772
f 2731 2772 2732
f 2732 2772 2773
f 2732 2773 2733
f 2733 2773 2774
f 2733 2774 2734
f 2734 2774 2775
f 2734 2775 2735
f 2735 2775 2776
f 2735 2776 2736
f 2736 2776 2777
f 2736 2777 2737
f 2737 2777 2778
f 2737 2778 2738
f 2738 2778 2779
f 2738 2779 2739
f 2739 2779 2780
f 2739 2780 2740
f 2740 2780 2781
f 2740 2781 2741
f 2741 2781 2782
f 2741 2782 2742
f 2742 2782 2783
f 2742 2783 2743
f 2743 2783 2784
f 2743 2784 2744
f 2744 2784 2785
f 2744 2785 2745
f 2745 2785 2786
f 2745 2786 2746
f 2746 2786 2787
f 2746 2787 2747
f 2747 2787 2788
f 2747 2788 2748
f 2748 2788 2789
f 2748 2789 2749
f 2749 2789 2790
f 2749 2790 2750
f 2750 2790 2791
f 2750 2791 2751
f 2751 2791 2792
f 2751 2792 2752
f 2752 2792 2793
f 2752 2793 2753
f 2753 2793 2794
f 2753 2794 2754
f 2754 2794 2795
f 2754 2795 2755
f 2755 2795 2796
f 2755 2796 2756
f 2756 2796 2797
f 2756 2797 2757
f 2757 2797 2798
f 2757 2798 2758
f 2758 2798 2799
f 2758 2799 2759
f 2759 2799 2800
f 2759 2800 2760
f 2760 2800 2761
f 2760 2761 2721
f 2761 2801 2802
f 2761 2802 2762
f 2762 2802 2803
f 2762 2803 2763
f 2763 2803 2804
f 2763 2804 2764
f 2764 2804 2805
f 2764 2805 2765
f 2765 2805 2806
f 2765 2806 2766
f 2766 2806 2807
f 2766 2807 2767
f 2767 2807 2808
f 2767 2808 2768
f 2768 2808 2809
f 2768 2809 2769
f 2769 2809 2810
f 2769 2810 2770
f 2770 2810 2811
f 2770 2811 2771
f 2771 2811 2812
f 2771 2812 2772
f 2772 2812 2813
f 2772 2813 2773
f 2773 2813 2814
f 2773 2814 2774
f 2774 2814 2815
f 2774 2815 2775
f 2775 2815 2816
f 2775 2816 2776
f 2776 2816 2817
f 2776 2817 2777
f 2777 2817 2818
f 2777 2818 2778
f 2778 2818 2819
f 2778 2819 2779
f 2779 2819 2820
f 2779 2820 2780
f 2780 2820 2821
f 2780 2821 2781
f 2781 2821 2822
f 2781 2822 2782
f 2782 2822 2823
f 2782 2823 2783
f 2783 2823 2824
f 2783 2824 2784
f 2784 2824 2825
f 2784 2825 2785
f 2785 2825 2826
f 2785 2826 2786
f 2786 2826 2827
f 2786 2827 2787
f 2787 2827 2828
f 2787 2828 2788
f 2788 2828 2829
f 2788 2829 2789
f 2789 2829 2830
f 2789 2830 2790
f 2790 2830 2831
f 2790 2831 2791
f 2791 2831 2832
f 2791 2832 2792
f 2792 2832 2833
f 2792 2833 2793
f 2793 2833 2834
f 2793 2834 2794
f 2794 2834 2835
f 2794 2835 2795
f 2795 2835 2836
f 2795 2836 2796
f 2796 2836 2837
f 2796 2837 2797
f 2797 2837 2838
f 2797 2838 2798
f 2798 2838 2839
f 2798 2839 2799
f 2799 2839 2840
f 2799 2840 2800
f 2800 2840 2801
f 2800 2801 2761
f 2801 2841 2842
f 2801 2842 2802
f 2802 2842 2843
f 2802 2843 2803
f 2803 2843 2844
f 2803 2844 2804
f 2804 2844 2845
f 2804 2845 2805
f 2805 2845 2846
f 2805 2846 2806
f 2806 2846 2847
f 2806 2847 2807
f 2807 2847 2848
f 2807 2848 2808
f 2808 2848 2849
f 2808 2849 2809
f 2809 2849 2850
f 2809 2850 2810
f 2810 2850 2851
f 2810 2851 2811
f 2811 2851 2852
f 2811 2852 2812
f 2812 2852 2853
f 2812 2853 2813
f 2813 2853 2854
f 2813 2854 2814
f 2814 2854 2855
f 2814 2855 2815
f 2815 2855 2856
f 2815 2856 2816
f 2816 2856 2857
f 2816 2857 2817
f 2817 2857 2858
f 2817 2858 2818
f 2818 2858 2859
f 2818 2859 2819
f 2819 2859 2860
f 2819 2860 2820
f 2820 2860 2861
f 2820 2861 2821
f 2821 2861 2862
f 2821 2862 2822
f 2822 2862 2863
f 2822 2863 2823
f 2823 2863 2864
f 2823 2864 2824
f 2824 2864 2865
f 2824 2865 2825
f 2825 2865 2866
f 2825 2866 2826
f 2826 2866 2867
f 2826 2867 2827
f 2827 2867 2868
f 2827 2868 2828
f 2828 2868 2869
f 2828 2869 2829
f 2829 2869 2870
f 2829 2870 2830
f 2830 2870 2871
f 2830 2871 2831
f 2831 2871 2872
f 2831 2872 2832
f 2832 2872 2873
f 2832 2873 2833
f 2833 2873 2874
f 2833 2874 2834
f 2834 2874 2875
f 2834 2875 2835
f 2835 2875 2876
f 2835 2876 2836
f 2836 2876 2877
f 2836 2877 2837
f 2837 2877 2878
f 2837 2878 2838
f 2838 2878 2879
f 2838 2879 2839
f 2839 2879 2880
f 2839 2880 2840
f 2840 2880 2841
f 2840 2841 2801
f 2841 2881 2882
f 2841 2882 2842
f 2842 2882 2883
f 2842 2883 2843
f 2843 2883 2884
f 2843 2884 2844
f 2844 2884 2885
f 2844 2885 2845
f 2845 2885 2886
f 2845 2886 2846
f 2846 2886 2887
f 2846 2887 2847
f 2847 2887 2888
f 2847 2888 2848
f 2848 2888 2889
f 2848 2889 2849
f 2849 2889 2890
f 2849 2890 2850
f 2850 2890 2891
f 2850 2891 2851
f 2851 2891 2892
f 2851 2892 2852
f 2852 2892 2893
f 2852 2893 2853
f 2853 2893 2894
f 2853 2894 2854
f 2854 2894 2895
f 2854 2895 2855
f 2855 2895 2896
f 2855 2896 2856
f 2856 2896 2897
f 2856 2897 2857
f 2857 2897 2898
f 2857 2898 2858
f 2858 2898 2899
f 2858 2899 2859
f 2859 2899 2900
f 2859 2900 2860
f 2860 2900 2901
f 2860 2901 2861
f 2861 2901 2902
f 2861 2902 2862
f 2862 2902 2903
f 2862 2903 2863
f 2863 2903 2904
f 2863 2904 2864
f 2864 2904 2905
f 2864 2905 2865
f 2865 2905 2906
f 2865 2906 2866
f 2866 2906 2907
f 2866 2907 2867
f 2867 2907 2908
f 2867 2908 2868
f 2868 2908 2909
f 2868 2909 2869
f 2869 2909 2910
f 2869 2910 2870
f 2870 2910 2911
f 2870 2911 2871
f 2871 2911 2912
f 2871 2912 2872
f 2872 2912 2913
f 2872 2913 2873
f 2873 2913 2914
f 2873 2914 2874
f 2874 2914 2915
f 2874 2915 2875
f 2875 2915 2916
f 2875 2916 2876
f 2876 2916 2917
f 2876 2917 2877
f 2877 2917 2918
f 2877 2918 2878
f 2878 2918 2919
f 2878 2919 2879
f 2879 2919 2920
f 2879 2920 2880
f 2880 2920 2881
f 2880 2881 2841
f 2881 2921 2922
f 2881 2922 2882
f 2882 2922 2923
f 2882 2923 2883
f 2883 2923 2924
f 2883 2924 2884
f 2884 2924 2925
f 2884 2925 2885
f 2885 2925 2926
f 2885 2926 2886
f 2886 2926 2927
f 2886 2927 2887
f 2887 2927 2928
f 2887 2928 2888
f 2888 2928 2929
f 2888 2929 2889
f 2889 2929 2930
f 2889 2930 2890
f 2890 2930 2931
f 2890 2931 2891
f 2891 2931 2932
f 2891 2932 2892
f 2892 2932 2933
f 2892 2933 2893
f 2893 2933 2934
f 2893 2934 2894
f 2894 2934 2935
f 2894 2935 2895
f 2895 2935 2936
f 2895 2936 2896
f 2896 2936 2937
f 2896 2937 2897
f 2897 2937 2938
f 2897 2938 2898
f 2898 2938 2939
f 2898 2939 2899
f 2899 2939 2940
f 2899 2940 2900
f 2900 2940 2941
f 2900 2941 2901
f 2901 2941 2942
f 2901 2942 2902
f 2902 2942 2943
f 2902 2943 2903
f 2903 2943 2944
f 2903 2944 2904
f 2904 2944 2945
f 2904 2945 2905
f 2905 2945 2946
f 2905 2946 2906
f 2906 2946 2947
f 2906 2947 2907
f 2907 2947 2948
f 2907 2948 2908
f 2908 2948 2949
f 2908 2949 2909
f 2909 2949 2950
f 2909 2950 2910
f 2910 2950 2951
f 2910 2951 2911
f 2911 2951 2952
f 2911 2952 2912
f 2912 2952 2953
f 2912 2953 2913
f 2913 2953 2954
f 2913 2954 2914
f 2914 2954 2955
f 2914 2955 2915
f 2915 2955 2956
f 2915 2956 2916
f 2916 2956 2957
f 2916 2957 2917
f 2917 2957 2958
f 2917 2958 2918
f 2918 2958 2959
f 2918 2959 2919
f 2919 2959 2960
f 2919 2960 2920
f 2920 2960 2921
f 2920 2921 2881
f 2921 2961 2962
f 2921 2962 2922
f 2922 2962 2963
f 2922 2963 2923
f 2923 2963 2964
f 2923 2964 2924
f 2924 2964 2965
f 2924 2965 2925
f 2925 2965 2966
f 2925 2966 2926
f 2926 2966 2967
f 2926 2967 2927
f 2927 2967 2968
f 2927 2968 2928
f 2928 2968 2969
f 2928 2969 2929
f 2929 2969 2970
f 2929 2970 2930
f 2930 2970 2971
f 2930 2971 2931
f 2931 2971 2972
f 2931 2972 2932
f 2932 2972 2973
f 2932 2973 2933
f 2933 2973 2974
f 2933 2974 2934
f 2934 2974 2975
f 2934 2975 2935
f 2935 2975 2976
f 2935 2976 2936
f 2936 2976 2977
f 2936 2977 2937
f 2937 2977 2978
f 2937 2978 2938
f 2938 2978 2979
f 2938 2979 2939
f 2939 2979 2980
f 2939 2980 2940
f 2940 2980 2981
f 2940 2981 2941
f 2941 2981 2982
f 2941 2982 2942
f 2942 2982 2983
f 2942 2983 2943
f 2943 2983 2984
f 2943 2984 2944
f 2944 2984 2985
f 2944 2985 2945
f 2945 2985 2986
f 2945 2986 2946
f 2946 2986 2987
f 2946 2987 2947
f 2947 2987 2988
f 2947 2988 2948
f 2948 2988 2989
f 2948 2989 2949
f 2949 2989 2990
f 2949 2990 2950
f 2950 2990 2991
f 2950 2991 2951
f 2951 2991 2992
f 2951 2992 2952
f 2952 2992 2993
f 2952 2993 2953
f 2953 2993 2994
f 2953 2994 2954
f 2954 2994 2995
f 2954 2995 2955
f 2955 2995 2996
f 2955 2996 2956
f 2956 2996 2997
f 2956 2997 2957
f 2957 2997 2998
f 2957 2998 2958
f 2958 2998 2999
f 2958 2999 2959
f 2959 2999 3000
f 2959 3000 2960
f 2960 3000 2961
f 2960 2961 2921
f 2961 3001 3002
f 2961 3002 2962
f 2962 3002 3003
f 2962 3003 2963
f 2963 3003 3004
f 2963 3004 2964
f 2964 3004 3005
f 2964 3005 2965
f 2965 3005 3006
f 2965 3006 2966
f 2966 3006 3007
f 2966 3007 2967
f 2967 3007 3008
f 2967 3008 2968
f 2968 3008 3009
f 2968 3009 2969
f 2969 3009 3010
f 2969 3010 2970
f 2970 3010 3011
f 2970 3011 2971
f 2971 3011 3012
f 2971 3012 2972
f 2972 3012 3013
f 2972 3013 2973
f 2973 3013 3014
f 2973 3014 2974
f 2974 3014 3015
f 2974 3015 2975
f 2975 3015 3016
f 2975 3016 2976
f 2976 3016 3017
f 2976 3017 2977
f 2977 3017 3018
f 2977 3018 2978
f 2978 3018 3019
f 2978 3019 2979
f 2979 3019 3020
f 2979 3020 2980
f 2980 3020 3021
f 2980 3021 2981
f 2981 3021 3022
f 2981 3022 2982
f 2982 3022 3023
f 2982 3023 2983
f 2983 3023 3024
f 2983 3024 2984
f 2984 3024 3025
f 2984 3025 2985
f 2985 3025 3026
f 2985 3026 2986
f 2986 3026 3027
f 2986 3027 2987
f 2987 3027 3028
f 2987 3028 2988
f 2988 3028 3029
f 2988 3029 2989
f 2989 3029 3030
f 2989 3030 2990
f 2990 3030 3031
f 2990 3031 2991
f 2991 3031 3032
f 2991 3032 2992
f 2992 3032 3033
f 2992 3033 2993
f 2993 3033 3034
f 2993 3034 2994
f 2994 3034 3035
f 2994 3035 2995
f 2995 3035 3036
f 2995 3036 2996
f 2996 3036 3037
f 2996 3037 2997
f 2997 3037 3038
f 2997 3038 2998
f 2998 3038 3039
f 2998 3039 2999
f 2999 3039 3040
f 2999 3040 3000
f 3000 3040 3001
f 3000 3001 2961
f 3001 3041 3042
f 3001 3042 3002
f 3002 3042 3043
f 3002 3043 3003
f 3003 3043 3044
f 3003 3044 3004
f 3004 3044 3045
f 3004 3045 3005
f 3005 3045 3046
f 3005 3046 3006
f 3006 3046 3047
f 3006 3047 3007
f 3007 3047 3048
f 3007 3048 3008
f 3008 3048 3049
f 3008 3049 3009
f 3009 3049 3050
f 3009 3050 3010
f 3010 3050 3051
f 3010 3051 3011
f 3011 3051 3052
f 3011 3052 3012
f 3012 3052 3053
f 3012 3053 3013
f 3013 3053 3054
f 3013 3054 3014
f 3014 3054 3055
f 3014 3055 3015
f 3015 3055 3056
f 3015 3056 3016
f 3016 3056 3057
f 3016 3057 3017
f 3017 3057 3058
f 3017 3058 3018
f 3018 3058 3059
f 3018 3059 3019
f 3019 3059 3060
f 3019 3060 3020
f 3020 3060 3061
f 3020 3061 3021
f 3021 3061 3062
f 3021 3062 3022
f 3022 3062 3063
f 3022 3063 3023
f 3023 3063 3064
f 3023 3064 3024
f 3024 3064 3065
f 3024 3065 3025
f 3025 3065 3066
f 3025 3066 3026
f 3026 3066 3067
f 3026 3067 3027
f 3027 3067 3068
f 3027 3068 3028
f 3028 3068 3069
f 3028 3069 3029
f 3029 3069 3070
f 3029 3070 3030
f 3030 3070 3071
f 3030 3071 3031
f 3031 3071 3072
f 3031 3072 3032
f 3032 3072 3073
f 3032 3073 3033
f 3033 3073 3074
f 3033 3074 3034
f 3034 3074 3075
f 3034 3075 3035
f 3035 3075 3076
f 3035 3076 3036
f 3036 3076 3077
f 3036 3077 3037
f 3037 3077 3078
f 3037 3078 3038
f 3038 3078 3079
f 3038 3079 3039
f 3039 3079 3080
f 3039 3080 3040
f 3040 3080 3041
f 3040 3041 3001
f 3041 3081 3082
f 3041 3082 3042
f 3042 3082 3083
f 3042 3083 3043
f 3043 3083 3084
f 3043 3084 3044
f 3044 3084 3085
f 3044 3085 3045
f 3045 3085 3086
f 3045 3086 3046
f 3046 3086 3087
f 3046 3087 3047
f 3047 3087 3088
f 3047 3088 3048
f 3048 3088 3089
f 3048 3089 3049
f 3049 3089 3090
f 3049 3090 3050
f 3050 3090 3091
f 3050 3091 3051
f 3051 3091 3092
f 3051 3092 3052
f 3052 3092 3093
f 3052 3093 3053
f 3053 3093 3094
f 3053 3094 3054
f 3054 3094 3095
f 3054 3095 3055
f 3055 3095 3096
f 3055 3096 3056
f 3056 3096 3097
f 3056 3097 3057
f 3057 3097 3098
f 3057 3098 3058
f 3058 3098 3099
f 3058 3099 3059
f 3059 3099 3100
f 3059 3100 3060
f 3060 3100 3101
f 3060 3101 3061
f 3061 3101 3102
f 3061 3102 3062
f 3062 3102 3103
f 3062 3103 3063
f 3063 3103 3104
f 3063 3104 3064
f 3064 3104 3105
f 3064 3105 3065
f 3065 3105 3106
f 3065 3106 3066
f 3066 3106 3107
f 3066 3107 3067
f 3067 3107 3108
f 3067 3108 3068
f 3068 3108 3109
f 3068 3109 3069
f 3069 3109 3110
f 3069 3110 3070
f 3070 3110 3111
f 3070 3111 3071
f 3071 3111 3112
f 3071 3112 3072
f 3072 3112 3113
f 3072 3113 3073
f 3073 3113 3114
f 3073 3114 3074
f 3074 3114 3115
f 3074 3115 3075
f 3075 3115 3116
f 3075 3116 3076
f 3076 3116 3117
f 3076 3117 3077
f 3077 3117 3118
f 3077 3118 3078
f 3078 3118 3119
f 3078 3119 3079
f 3079 3119 3120
f 3079 3120 3080
f 3080 3120 3081
f 3080 3081 3041
f 3081 3121 3122
f 3081 3122 3082
f 3082 3122 3123
f 3082 3123 3083
f 3083 3123 3124
f 3083 3124 3084
f 3084 3124 3125
f 3084 3125 3085
f 3085 3125 3126
f 3085 3126 3086
f 3086 3126 3127
f 3086 3127 3087
f 3087 3127 3128
f 3087 3128 3088
f 3088 3128 3129
f 3088 3129 3089
f 3089 3129 3130
f 3089 3130 3090
f 3090 3130 3131
f 3090 3131 3091
f 3091 3131 3132
f 3091 3132 3092
f 3092 3132 3133
f 3092 3133 3093
f 3093 3133 3134
f 3093 3134 3094
f 3094 3134 3135
f 3094 3135 3095
f 3095 3135 3136
f 3095 3136 3096
f 3096 3136 3137
f 3096 3137 3097
f 3097 3137 3138
f 3097 3138 3098
f 3098 3138 3139
f 3098 3139 3099
f 3099 3139 3140
f 3099 3140 3100
f 3100 3140 3141
f 3100 3141 3101
f 3101 3141 3142
f 3101 3142 3102
f 3102 3142 3143
f 3102 3143 3103
f 3103 3143 3144
f 3103 3144 3104
f 3104 3144 3145
f 3104 3145 3105
f 3105 3145 3146
f 3105 3146 3106
f 3106 3146 3147
f 3106 3147 3107
f 3107 3147 3148
f 3107 3148 3108
f 3108 3148 3149
f 3108 3149 3109
f 3109 3149 3150
f 3109 3150 3110
f 3110 3150 3151
f 3110 3151 3111
f 3111 3151 3152
f 3111 3152 3112
f 3112 3152 3153
f 3112 3153 3113
f 3113 3153 3154
f 3113 3154 3114
f 3114 3154 3155
f 3114 3155 3115
f 3115 3155 3156
f 3115 3156 3116
f 3116 3156 3157
f 3116 3157 3117
f 3117 3157 3158
f 3117 3158 3118
f 3118 3158 3159
f 3118 3159 3119
f 3119 3159 3160
f 3119 3160 3120
f 3120 3160 3121
f 3120 3121 3081
f 3121 3161 3162
f 3121 3162 3122
f 3122 3162 3163
f 3122 3163 3123
f 3123 3163 3164
f 3123 3164 3124
f 3124 3164 3165
f 3124 3165 3125
f 3125 3165 3166
f 3125 3166 3126
f 3126 3166 3167
f 3126 3167 3127
f 3127 3167 3168
f 3127 3168 3128
f 3128 3168 3169
f 3128 3169 3129
f 3129 3169 3170
f 3129 3170 3130
f 3130 3170 3171
f 3130 3171 3131
f 3131 3171 3172
f 3131 3172 3132
f 3132 3172 3173
f 3132 3173 3133
f 3133 3173 3174
f 3133 3174 3134
f 3134 3174 3175
f 3134 3175 3135
f 3135 3175 3176
f 3135 3176 3136
f 3136 3176 3177
f 3136 3177 3137
f 3137 3177 3178
f 3137 3178 3138
f 3138 3178 3179
f 3138 3179 3139
f 3139 3179 3180
f 3139 3180 3140
f 3140 3180 3181
f 3140 3181 3141
f 3141 3181 3182
f 3141 3182 3142
f 3142 3182 3183
f 3142 3183 3143
f 3143 3183 3184
f 3143 3184 3144
f 3144 3184 3185
f 3144 3185 3145
f 3145 3185 3186
f 3145 3186 3146
f 3146 3186 3187
f 3146 3187 3147
f 3147 3187 3188
f 3147 3188 3148
f 3148 3188 3189
f 3148 3189 3149
f 3149 3189 3190
f 3149 3190 3150
f 3150 3190 3191
f 3150 3191 3151
f 3151 3191 3192
f 3151 3192 3152
f 3152 3192 3193
f 3152 3193 3153
f 3153 3193 3194
f 3153 3194 3154
f 3154 3194 3195
f 3154 3195 3155
f 3155 3195 3196
f 3155 3196 3156
f 3156 3196 3197
f 3156 3197 3157
f 3157 3197 3198
f 3157 3198 3158
f 3158 3198 3199
f 3158 3199 3159
f 3159 3199 3200
f 3159 3200 3160
f 3160 3200 3161
f 3160 3161 3121
f 3161 3201 3202
f 3161 3202 3162
f 3162 3202 3203
f 3162 3203 3163
f 3163 3203 3204
f 3163 3204 3164
f 3164 3204 3205
f 3164 3205 3165
f 3165 3205 3206
f 3165 3206 3166
f 3166 3206 3207
f 3166 3207 3167
f 3167 3207 3208
f 3167 3208 3168
f 3168 3208 3209
f 3168 3209 3169
f 3169 3209 3210
f 3169 3210 3170
f 3170 3210 3211
f 3170 3211 3171
f 3171 3211 3212
f 3171 3212 3172
f 3172 3212 3213
f 3172 3213 3173
f 3173 3213 3214
f 3173 3214 3174
f 3174 3214 3215
f 3174 3215 3175
f 3175 3215 3216
f 3175 3216 3176
f 3176 3216 3217
f 3176 3217 3177
f 3177 3217 3218
f 3177 3218 3178
f 3178 3218 3219
f 3178 3219 3179
f 3179 3219 3220
f 3179 3220 3180
f 3180 3220 3221
f 3180 3221 3181
f 3181 3221 3222
f 3181 3222 3182
f 3182 3222 3223
f 3182 3223 3183
f 3183 3223 3224
f 3183 3224 3184
f 3184 3224 3225
f 3184 3225 3185
f 3185 3225 3226
f 3185 3226 3186
f 3186 3226 3227
f 3186 3227 3187
f 3187 3227 3228
f 3187 3228 3188
f 3188 3228 3229
f 3188 3229 3189
f 3189 3229 3230
f 3189 3230 3190
f 3190 3230 3231
f 3190 3231 3191
f 3191 3231 3232
f 3191 3232 3192
f 3192 3232 3233
f 3192 3233 3193
f 3193 3233 3234
f 3193 3234 3194
f 3194 3234 3235
f 3194 3235 3195
f 3195 3235 3236
f 3195 3236 3196
f 3196 3236 3237
f 3196 3237 3197
f 3197 3237 3238
f 3197 3238 3198
f 3198 3238 3239
f 3198 3239 3199
f 3199 3239 3240
f 3199 3240 3200
f 3200 3240 3201
f 3200 3201 3161
f 3201 3241 3242
f 3201 3242 3202
f 3202 3242 3243
f 3202 3243 3203
f 3203 3243 3244
f 3203 3244 3204
f 3204 3244 3245
f 3204 3245 3205
f 3205 3245 3246
f 3205 3246 3206
f 3206 3246 3247
f 3206 3247 3207
f 3207 3247 3248
f 3207 3248 3208
f 3208 3248 3249
f 3208 3249 3209
f 3209 3249 3250
f 3209 3250 3210
f 3210 3250 3251
f 3210 3251 3211
f 3211 3251 3252
f 3211 3252 3212
f 3212 3252 3253
f 3212 3253 3213
f 3213 3253 3254
f 3213 3254 3214
f 3214 3254 3255
f 3214 3255 3215
f 3215 3255 3256
f 3215 3256 3216
f 3216 3256 3257
f 3216 3257 3217
f 3217 3257 3258
f 3217 3258 3218
f 3218 3258 3259
f 3218 3259 3219
f 3219 3259 3260
f 3219 3260 3220
f 3220 3260 3261
f 3220 3261 3221
f 3221 3261 3262
f 3221 3262 3222
f 3222 3262 3263
f 3222 3263 3223
f 3223 3263 3264
f 3223 3264 3224
f 3224 3264 3265
f 3224 3265 3225
f 3225 3265 3266
f 3225 3266 3226
f 3226 3266 3267
f 3226 3267 3227
f 3227 3267 3268
f 3227 3268 3228
f 3228 3268 3269
f 3228 3269 3229
f 3229 3269 3270
f 3229 3270 3230
f 3230 3270 3271
f 3230 3271 3231
f 3231 3271 3272
f 3231 3272 3232
f 3232 3272 3273
f 3232 3273 3233
f 3233 3273 3274
f 3233 3274 3234
f 3234 3274 3275
f 3234 3275 3235
f 3235 3275 3276
f 3235 3276 3236
f 3236 3276 3277
f 3236 3277 3237
f 3237 3277 3278
f 3237 3278 3238
f 3238 3278 3279
f 3238 3279 3239
f 3239 3279 3280
f 3239 3280 3240
f 3240 3280 3241
f 3240 3241 3201
f 3241 3281 3282
f 3241 3282 3242
f 3242 3282 3283
f 3242 3283 3243
f 3243 3283 3284
f 3243 3284 3244
f 3244 3284 3285
f 3244 3285 3245
f 3245 3285 3286
f 3245 3286 3246
f 3246 3286 3287
f 3246 3287 3247
f 3247 3287 3288
f 3247 3288 3248
f 3248 3288 3289
f 3248 3289 3249
f 3249 3289 3290
f 3249 3290 3250
f 3250 3290 3291
f 3250 3291 3251
f 3251 3291 3292
f 3251 3292 3252
f 3252 3292 3293
f 3252 3293 3253
f 3253 3293 3294
f 3253 3294 3254
f 3254 3294 3295
f 3254 3295 3255
f 3255 3295 3296
f 3255 3296 3256
f 3256 3296 3297
f 3256 3297 3257
f 3257 3297 3298
f 3257 3298 3258
f 3258 3298 3299
f 3258 3299 3259
f 3259 3299 3300
f 3259 3300 3260
f 3260 3300 3301
f 3260 3301 3261
f 3261 3301 3302
f 3261 3302 3262
f 3262 3302 3303
f 3262 3303 3263
f 3263 3303 3304
f 3263 3304 3264
f 3264 3304 3305
f 3264 3305 3265
f 3265 3305 3306
f 3265 3306 3266
f 3266 3306 3307
f 3266 3307 3267
f 3267 3307 3308
f 3267 3308 3268
f 3268 3308 3309
f 3268 3309 3269
f 3269 3309 3310
f 3269 3310 3270
f 3270 3310 3311
f 3270 3311 3271
f 3271 3311 3312
f 3271 3312 3272
f 3272 3312 3313
f 3272 3313 3273
f 3273 3313 3314
f 3273 3314 3274
f 3274 3314 3315
f 3274 3315 3275
f 3275 3315 3316
f 3275 3316 3276
f 3276 3316 3317
f 3276 3317 3277
f 3277 3317 3318
f 3277 3318 3278
f 3278 3318 3319
f 3278 3319 3279
f 3279 3319 3320
f 3279 3320 3280
f 3280 3320 3281
f 3280 3281 3241
f 3281 3321 3322
f 3281 3322 3282
f 3282 3322 3323
f 3282 3323 3283
f 3283 3323 3324
f 3283 3324 3284
f 3284 3324 3325
f 3284 3325 3285
f 3285 3325 3326
f 3285 3326 3286
f 3286 3326 3327
f 3286 3327 3287
f 3287 3327 3328
f 3287 3328 3288
f 3288 3328 3329
f 3288 3329 3289
f 3289 3329 3330
f 3289 3330 3290
f 3290 3330 3331
f 3290 3331 3291
f 3291 3331 3332
f 3291 3332 3292
f 3292 3332 3333
f 3292 3333 3293
f 3293 3333 3334
f 3293 3334 3294
f 3294 3334 3335
f 3294 3335 3295
f 3295 3335 3336
f 3295 3336 3296
f 3296 3336 3337
f 3296 3337 3297
f 3297 3337 3338
f 3297 3338 3298
f 3298 3338 3339
f 3298 3339 3299
f 3299 3339 3340
f 3299 3340 3300
f 3300 3340 3341
f 3300 3341 3301
f 3301 3341 3342
f 3301 3342 3302
f 3302 3342 3343
f 3302 3343 3303
f 3303 3343 3344
f 3303 3344 3304
f 3304 3344 3345
f 3304 3345 3305
f 3305 3345 3346
f 3305 3346 3306
f 3306 3346 3347
f 3306 3347 3307
f 3307 3347 3348
f 3307 3348 3308
f 3308 3348 3349
f 3308 3349 3309
f 3309 3349 3350
f 3309 3350 3310
f 3310 3350 3351
f 3310 3351 3311
f 3311 3351 3352
f 3311 3352 3312
f 3312 3352 3353
f 3312 3353 3313
f 3313 3353 3354
f 3313 3354 3314
f 3314 3354 3355
f 3314 3355 3315
f 3315 3355 3356
f 3315 3356 3316
f 3316 3356 3357
f 3316 3357 3317
f 3317 3357 3358
f 3317 3358 3318
f 3318 3358 3359
f 3318 3359 3319
f 3319 3359 3360
f 3319 3360 3320
f 3320 3360 3321
f 3320 3321 3281
f 3321 3361 3362
f 3321 3362 3322
f 3322 3362 3363
f 3322 3363 3323
f 3323 3363 3364
f 3323 3364 3324
f 3324 3364 3365
f 3324 3365 3325
f 3325 3365 3366
f 3325 3366 3326
f 3326 3366 3367
f 3326 3367 3327
f 3327 3367 3368
f 3327 3368 3328
f 3328 3368 3369
f 3328 3369 3329
f 3329 3369 3370
f 3329 3370 3330
f 3330 3370 3371
f 3330 3371 3331
f 3331 3371 3372
f 3331 3372 3332
f 3332 3372 3373
f 3332 3373 3333
f 3333 3373 3374
f 3333 3374 3334
f 3334 3374 3375
f 3334 3375 3335
f 3335 3375 3376
f 3335 3376 3336
f 3336 3376 3377
f 3336 3377 3337
f 3337 3377 3378
f 3337 3378 3338
f 3338 3378 3379
f 3338 3379 3339
f 3339 3379 3380
f 3339 3380 3340
f 3340 3380 3381
f 3340 3381 3341
f 3341 3381 3382
f 3341 3382 3342
f 3342 3382 3383
f 3342 3383 3343
f 3343 3383 3384
f 3343 3384 3344
f 3344 3384 3385
f 3344 3385 3345
f 3345 3385 3386
f 3345 3386 3346
f 3346 3386 3387
f 3346 3387 3347
f 3347 3387 3388
f 3347 3388 3348
f 3348 3388 3389
f 3348 3389 3349
f 3349 3389 3390
f 3349 3390 3350
f 3350 3390 3391
f 3350 3391 3351
f 3351 3391 3392
f 3351 3392 3352
f 3352 3392 3393
f 3352 3393 3353
f 3353 3393 3394
f 3353 3394 3354
f 3354 3394 3395
f 3354 3395 3355
f 3355 3395 3396
f 3355 3396 3356
f 3356 3396 3397
f 3356 3397 3357
f 3357 3397 3398
f 3357 3398 3358
f 3358 3398 3399
f 3358 3399 3359
f 3359 3399 3400
f 3359 3400 3360
f 3360 3400 3361
f 3360 3361 3321
f 3361 3401 3402
f 3361 3402 3362
f 3362 3402 3403
f 3362 3403 3363
f 3363 3403 3404
f 3363 3404 3364
f 3364 3404 3405
f 3364 3405 3365
f 3365 3405 3406
f 3365 3406 3366
f 3366 3406 3407
f 3366 3407 3367
f 3367 3407 3408
f 3367 3408 3368
f 3368 3408 3409
f 3368 3409 3369
f 3369 3409 3410
f 3369 3410 3370
f 3370 3410 3411
f 3370 3411 3371
f 3371 3411 3412
f 3371 3412 3372
f 3372 3412 3413
f 3372 3413 3373
f 3373 3413 3414
f 3373 3414 3374
f 3374 3414 3415
f 3374 3415 3375
f 3375 3415 3416
f 3375 3416 3376
f 3376 3416 3417
f 3376 3417 3377
f 3377 3417 3418
f 3377 3418 3378
f 3378 3418 3419
f 3378 3419 3379
f 3379 3419 3420
f 3379 3420 3380
f 3380 3420 3421
f 3380 3421 3381
f 3381 3421 3422
f 3381 3422 3382
f 3382 3422 3423
f 3382 3423 3383
f 3383 3423 3424
f 3383 3424 3384
f 3384 3424 3425
f 3384 3425 3385
f 3385 3425 3426
f 3385 3426 3386
f 3386 3426 3427
f 3386 3427 3387
f 3387 3427 3428
f 3387 3428 3388
f 3388 3428 3429
f 3388 3429 3389
f 3389 3429 3430
f 3389 3430 3390
f 3390 3430 3431
f 3390 3431 3391
f 3391 3431 3432
f 3391 3432 3392
f 3392 3432 3433
f 3392 3433 3393
f 3393 3433 3434
f 3393 3434 3394
f 3394 3434 3435
f 3394 3435 3395
f 3395 3435 3436
f 3395 3436 3396
f 3396 3436 3437
f 3396 3437 3397
f 3397 3437 3438
f 3397 3438 3398
f 3398 3438 3439
f 3398 3439 3399
f 3399 3439 3440
f 3399 3440 3400
f 3400 3440 3401
f 3400 3401 3361
f 3401 3441 3442
f 3401 3442 3402
f 3402 3442 3443
f 3402 3443 3403
f 3403 3443 3444
f 3403 3444 3404
f 3404 3444 3445
f 3404 3445 3405
f 3405 3445 3446
f 3405 3446 3406
f 3406 3446 3447
f 3406 3447 3407
f 3407 3447 3448
f 3407 3448 3408
f 3408 3448 3449
f 3408 3449 3409
f 3409 3449 3450
f 3409 3450 3410
f 3410 3450 3451
f 3410 3451 3411
f 3411 3451 3452
f 3411 3452 3412
f 3412 3452 3453
f 3412 3453 3413
f 3413 3453 3454
f 3413 3454 3414
f 3414 3454 3455
f 3414 3455 3415
f 3415 3455 3456
f 3415 3456 3416
f 3416 3456 3457
f 3416 3457 3417
f 3417 3457 3458
f 3417 3458 3418
f 3418 3458 3459
f 3418 3459 3419
f 3419 3459 3460
f 3419 3460 3420
f 3420 3460 3461
f 3420 3461 3421
f 3421 3461 3462
f 3421 3462 3422
f 3422 3462 3463
f 3422 3463 3423
f 3423 3463 3464
f 3423 3464 3424
f 3424 3464 3465
f 3424 3465 3425
f 3425 3465 3466
f 3425 3466 3426
f 3426 3466 3467
f 3426 3467 3427
f 3427 3467 3468
f 3427 3468 3428
f 3428 3468 3469
f 3428 3469 3429
f 3429 3469 3470
f 3429 3470 3430
f 3430 3470 3471
f 3430 3471 3431
f 3431 3471 3472
f 3431 3472 3432
f 3432 3472 3473
f 3432 3473 3433
f 3433 3473 3474
f 3433 3474 3434
f 3434 3474 3475
f 3434 3475 3435
f 3435 3475 3476
f 3435 3476 3436
f 3436 3476 3477
f 3436 3477 3437
f 3437 3477 3478
f 3437 3478 3438
f 3438 3478 3479
f 3438 3479 3439
f 3439 3479 3480
f 3439 3480 3440
f 3440 3480 3441
f 3440 3441 3401
f 3441 3481 3482
f 3441 3482 3442
f 3442 3482 3483
f 3442 3483 3443
f 3443 3483 3484
f 3443 3484 3444
f 3444 3484 3485
f 3444 3485 3445
f 3445 3485 3486
f 3445 3486 3446
f 3446 3486 3487
f 3446 3487 3447
f 3447 3487 3488
f 3447 3488 3448
f 3448 3488 3489
f 3448 3489 3449
f 3449 3489 3490
f 3449 3490 3450
f 3450 3490 3491
f 3450 3491 3451
f 3451 3491 3492
f 3451 3492 3452
f 3452 3492 3493
f 3452 3493 3453
f 3453 3493 3494
f 3453 3494 3454
f 3454 3494 3495
f 3454 3495 3455
f 3455 3495 3496
f 3455 3496 3456
f 3456 3496 3497
f 3456 3497 3457
f 3457 3497 3498
f 3457 3498 3458
f 3458 3498 3499
f 3458 3499 3459
f 3459 3499 3500
f 3459 3500 3460
f 3460 3500 3501
f 3460 3501 3461
f 3461 3501 3502
f 3461 3502 3462
f 3462 3502 3503
f 3462 3503 3463
f 3463 3503 3504
f 3463 3504 3464
f 3464 3504 3505
f 3464 3505 3465
f 3465 3505 3506
f 3465 3506 3466
f 3466 3506 3507
f 3466 3507 3467
f 3467 3507 3508
f 3467 3508 3468
f 3468 3508 3509
f 3468 3509 3469
f 3469 3509 3510
f 3469 3510 3470
f 3470 3510 3511
f 3470 3511 3471
f 3471 3511 3512
f 3471 3512 3472
f 3472 3512 3513
f 3472 3513 3473
f 3473 3513 3514
f 3473 3514 3474
f 3474 3514 3515
f 3474 3515 3475
f 3475 3515 3516
f 3475 3516 3476
f 3476 3516 3517
f 3476 3517 3477
f 3477 3517 3518
f 3477 3518 3478
f 3478 3518 3519
f 3478 3519 3479
f 3479 3519 3520
f 3479 3520 3480
f 3480 3520 3481
f 3480 3481 3441
f 3481 3521 3522
f 3481 3522 3482
f 3482 3522 3523
f 3482 3523 3483
f 3483 3523 3524
f 3483 3524 3484
f 3484 3524 3525
f 3484 3525 3485
f 3485 3525 3526
f 3485 3526 3486
f 3486 3526 3527
f 3486 3527 3487
f 3487 3527 3528
f 3487 3528 3488
f 3488 3528 3529
f 3488 3529 3489
f 3489 3529 3530
f 3489 3530 3490
f 3490 3530 3531
f 3490 3531 3491
f 3491 3531 3532
f 3491 3532 3492
f 3492 3532 3533
f 3492 3533 3493
f 3493 3533 3534
f 3493 3534 3494
f 3494 3534 3535
f 3494 3535 3495
f 3495 3535 3536
f 3495 3536 3496
f 3496 3536 3537
f 3496 3537 3497
f 3497 3537 3538
f 3497 3538 3498
f 3498 3538 3539
f 3498 3539 3499
f 3499 3539 3540
f 3499 3540 3500
f 3500 3540 3541
f 3500 3541 3501
f 3501 3541 3542
f 3501 3542 3502
f 3502 3542 3543
f 3502 3543 3503
f 3503 3543 3544
f 3503 3544 3504
f 3504 3544 3545
f 3504 3545 3505
f 3505 3545 3546
f 3505 3546 3506
f 3506 3546 3547
f 3506 3547 3507
f 3507 3547 3548
f 3507 3548 3508
f 3508 3548 3549
f 3508 3549 3509
f 3509 3549 3550
f 3509 3550 3510
f 3510 3550 3551
f 3510 3551 3511
f 3511 3551 3552
f 3511 3552 3512
f 3512 3552 3553
f 3512 3553 3513
f 3513 3553 3554
f 3513 3554 3514
f 3514 3554 3555
f 3514 3555 3515
f 3515 3555 3556
f 3515 3556 3516
f 3516 3556 3557
f 3516 3557 3517
f 3517 3557 3558
f 3517 3558 3518
f 3518 3558 3559
f 3518 3559 3519
f 3519 3559 3560
f 3519 3560 3520
f 3520 3560 3521
f 3520 3521 3481
f 3521 3561 3562
f 3521 3562 3522
f 3522 3562 3563
f 3522 3563 3523
f 3523 3563 3564
f 3523 3564 3524
f 3524 3564 3565
f 3524 3565 3525
f 3525 3565 3566
f 3525 3566 3526
f 3526 3566 3567
f 3526 3567 3527
f 3527 3567 3568
f 3527 3568 3528
f 3528 3568 3569
f 3528 3569 3529
f 3529 3569 3570
f 3529 3570 3530
f 3530 3570 3571
f 3530 3571 3531
f 3531 3571 3572
f 3531 3572 3532
f 3532 3572 3573
f 3532 3573 3533
f 3533 3573 3574
f 3533 3574 3534
f 3534 3574 3575
f 3534 3575 3535
f 3535 3575 3576
f 3535 3576 3536
f 3536 3576 3577
f 3536 3577 3537
f 3537 3577 3578
f 3537 3578 3538
f 3538 3578 3579
f 3538 3579 3539
f 3539 3579 3580
f 3539 3580 3540
f 3540 3580 3581
f 3540 3581 3541
f 3541 3581 3582
f 3541 3582 3542
f 3542 3582 3583
f 3542 3583 3543
f 3543 3583 3584
f 3543 3584 3544
f 3544 3584 3585
f 3544 3585 3545
f 3545 3585 3586
f 3545 3586 3546
f 3546 3586 3587
f 3546 3587 3547
f 3547 3587 3588
f 3547 3588 3548
f 3548 3588 3589
f 3548 3589 3549
f 3549 3589 3590
f 3549 3590 3550
f 3550 3590 3591
f 3550 3591 3551
f 3551 3591 3592
f 3551 3592 3552
f 3552 3592 3593
f 3552 3593 3553
f 3553 3593 3594
f 3553 3594 3554
f 3554 3594 3595
f 3554 3595 3555
f 3555 3595 3596
f 3555 3596 3556
f 3556 3596 3597
f 3556 3597 3557
f 3557 3597 3598
f 3557 3598 3558
f 3558 3598 3599
f 3558 3599 3559
f 3559 3599 3600
f 3559 3600 3560
f 3560 3600 3561
f 3560 3561 3521
f 3561 3601 3602
f 3561 3602 3562
f 3562 3602 3603
f 3562 3603 3563
f 3563 3603 3604
f 3563 3604 3564
f 3564 3604 3605
f 3564 3605 3565
f 3565 3605 3606
f 3565 3606 3566
f 3566 3606 3607
f 3566 3607 3567
f 3567 3607 3608
f 3567 3608 3568
f 3568 3608 3609
f 3568 3609 3569
f 3569 3609 3610
f 3569 3610 3570
f 3570 3610 3611
f 3570 3611 3571
f 3571 3611 3612
f 3571 3612 3572
f 3572 3612 3613
f 3572 3613 3573
f 3573 3613 3614
f 3573 3614 3574
f 3574 3614 3615
f 3574 3615 3575
f 3575 3615 3616
f 3575 3616 3576
f 3576 3616 3617
f 3576 3617 3577
f 3577 3617 3618
f 3577 3618 3578
f 3578 3618 3619
f 3578 3619 3579
f 3579 3619 3620
f 3579 3620 3580
f 3580 3620 3621
f 3580 3621 3581
f 3581 3621 3622
f 3581 3622 3582
f 3582 3622 3623
f 3582 3623 3583
f 3583 3623 3624
f 3583 3624 3584
f 3584 3624 3625
f 3584 3625 3585
f 3585 3625 3626
f 3585 3626 3586
f 3586 3626 3627
f 3586 3627 3587
f 3587 3627 3628
f 3587 3628 3588
f 3588 3628 3629
f 3588 3629 3589
f 3589 3629 3630
f 3589 3630 3590
f 3590 3630 3631
f 3590 3631 3591
f 3591 3631 3632
f 3591 3632 3592
f 3592 3632 3633
f 3592 3633 3593
f 3593 3633 3634
f 3593 3634 3594
f 3594 3634 3635
f 3594 3635 3595
f 3595 3635 3636
f 3595 3636 3596
f 3596 3636 3637
f 3596 3637 3597
f 3597 3637 3638
f 3597 3638 3598
f 3598 3638 3639
f 3598 3639 3599
f 3599 3639 3640
f 3599 3640 3600
f 3600 3640 3601
f 3600 3601 3561
f 3601 3641 3642
f 3601 3642 3602
f 3602 3642 3643
f 3602 3643 3603
f 3603 3643 3644
f 3603 3644 3604
f 3604 3644 3645
f 3604 3645 3605
f 3605 3645 3646
f 3605 3646 3606
f 3606 3646 3647
f 3606 3647 3607
f 3607 3647 3648
f 3607 3648 3608
f 3608 3648 3649
f 3608 3649 3609
f 3609 3649 3650
f 3609 3650 3610
f 3610 3650 3651
f 3610 3651 3611
f 3611 3651 3652
f 3611 3652 3612
f 3612 3652 3653
f 3612 3653 3613
f 3613 3653 3654
f 3613 3654 3614
f 3614 3654 3655
f 3614 3655 3615
f 3615 3655 3656
f 3615 3656 3616
f 3616 3656 3657
f 3616 3657 3617
f 3617 3657 3658
f 3617 3658 3618
f 3618 3658 3659
f 3618 3659 3619
f 3619 3659 3660
f 3619 3660 3620
f 3620 3660 3661
f 3620 3661 3621
f 3621 3661 3662
f 3621 3662 3622
f 3622 3662 3663
f 3622 3663 3623
f 3623 3663 3664
f 3623 3664 3624
f 3624 3664 3665
f 3624 3665 3625
f 3625 3665 3666
f 3625 3666 3626
f 3626 3666 3667
f 3626 3667 3627
f 3627 3667 3668
f 3627 3668 3628
f 3628 3668 3669
f 3628 3669 3629
f 3629 3669 3670
f 3629 3670 3630
f 3630 3670 3671
f 3630 3671 3631
f 3631 3671 3672
f 3631 3672 3632
f 3632 3672 3673
f 3632 3673 3633
f 3633 3673 3674
f 3633 3674 3634
f 3634 3674 3675
f 3634 3675 3635
f 3635 3675 3676
f 3635 3676 3636
f 3636 3676 3677
f 3636 3677 3637
f 3637 3677 3678
f 3637 3678 3638
f 3638 3678 3679
f 3638 3679 3639
f 3639 3679 3680
f 3639 3680 3640
f 3640 3680 3641
f 3640 3641 3601
f 3641 3681 3682
f 3641 3682 3642
f 3642 3682 3683
f 3642 3683 3643
f 3643 3683 3684
f 3643 3684 3644
f 3644 3684 3685
f 3644 3685 3645
f 3645 3685 3686
f 3645 3686 3646
f 3646 3686 3687
f 3646 3687 3647
f 3647 3687 3688
f 3647 3688 3648
f 3648 3688 3689
f 3648 3689 3649
f 3649 3689 3690
f 3649 3690 3650
f 3650 3690 3691
f 3650 3691 3651
f 3651 3691 3692
f 3651 3692 3652
f 3652 3692 3693
f 3652 3693 3653
f 3653 3693 3694
f 3653 3694 3654
f 3654 3694 3695
f 3654 3695 3655
f 3655 3695 3696
f 3655 3696 3656
f 3656 3696 3697
f 3656 3697 3657
f 3657 3697 3698
f 3657 3698 3658
f 3658 3698 3699
f 3658 3699 3659
f 3659 3699 3700
f 3659 3700 3660
f 3660 3700 3701
f 3660 3701 3661
f 3661 3701 3702
f 3661 3702 3662
f 3662 3702 3703
f 3662 3703 3663
f 3663 3703 3704
f 3663 3704 3664
f 3664 3704 3705
f 3664 3705 3665
f 3665 3705 3706
f 3665 3706 3666
f 3666 3706 3707
f 3666 3707 3667
f 3667 3707 3708
f 3667 3708 3668
f 3668 3708 3709
f 3668 3709 3669
f 3669 3709 3710
f 3669 3710 3670
f 3670 3710 3711
f 3670 3711 3671
f 3671 3711 3712
f 3671 3712 3672
f 3672 3712 3713
f 3672 3713 3673
f 3673 3713 3714
f 3673 3714 3674
f 3674 3714 3715
f 3674 3715 3675
f 3675 3715 3716
f 3675 3716 3676
f 3676 3716 3717
f 3676 3717 3677
f 3677 3717 3718
f 3677 3718 3678
f 3678 3718 3719
f 3678 3719 3679
f 3679 3719 3720
f 3679 3720 3680
f 3680 3720 3681
f 3680 3681 3641
f 3681 3721 3722
f 3681 3722 3682
f 3682 3722 3723
f 3682 3723 3683
f 3683 3723 3724
f 3683 3724 3684
f 3684 3724 3725
f 3684 3725 3685
f 3685 3725 3726
f 3685 3726 3686
f 3686 3726 3727
f 3686 3727 3687
f 3687 3727 3728
f 3687 3728 3688
f 3688 3728 3729
f 3688 3729 3689
f 3689 3729 3730
f 3689 3730 3690
f 3690 3730 3731
f 3690 3731 3691
f 3691 3731 3732
f 3691 3732 3692
f 3692 3732 3733
f 3692 3733 3693
f 3693 3733 3734
f 3693 3734 3694
f 3694 3734 3735
f 3694 3735 3695
f 3695 3735 3736
f 3695 3736 3696
f 3696 3736 3737
f 3696 3737 3697
f 3697 3737 3738
f 3697 3738 3698
f 3698 3738 3739
f 3698 3739 3699
f 3699 3739 3740
f 3699 3740 3700
f 3700 3740 3741
f 3700 3741 3701
f 3701 3741 3742
f 3701 3742 3702
f 3702 3742 3743
f 3702 3743 3703
f 3703 3743 3744
f 3703 3744 3704
f 3704 3744 3745
f 3704 3745 3705
f 3705 3745 3746
f 3705 3746 3706
f 3706 3746 3747
f 3706 3747 3707
f 3707 3747 3748
f 3707 3748 3708
f 3708 3748 3749
f 3708 3749 3709
f 3709 3749 3750
f 3709 3750 3710
f 3710 3750 3751
f 3710 3751 3711
f 3711 3751 3752
f 3711 3752 3712
f 3712 3752 3753
f 3712 3753 3713
f 3713 3753 3754
f 3713 3754 3714
f 3714 3754 3755
f 3714 3755 3715
f 3715 3755 3756
f 3715 3756 3716
f 3716 3756 3757
f 3716 3757 3717
f 3717 3757 3758
f 3717 3758 3718
f 3718 3758 3759
f 3718 3759 3719
f 3719 3759 3760
f 3719 3760 3720
f 3720 3760 3721
f 3720 3721 3681
f 3721 3761 3762
f 3721 3762 3722
f 3722 3762 3763
f 3722 3763 3723
f 3723 3763 3764
f 3723 3764 3724
f 3724 3764 3765
f 3724 3765 3725
f 3725 3765 3766
f 3725 3766 3726
f 3726 3766 3767
f 3726 3767 3727
f 3727 3767 3768
f 3727 3768 3728
f 3728 3768 3769
f 3728 3769 3729
f 3729 3769 3770
f 3729 3770 3730
f 3730 3770 3771
f 3730 3771 3731
f 3731 3771 3772
f 3731 3772 3732
f 3732 3772 3773
f 3732 3773 3733
f 3733 3773 3774
f 3733 3774 3734
f 3734 3774 3775
f 3734 3775 3735
f 3735 3775 3776
f 3735 3776 3736
f 3736 3776 3777
f 3736 3777 3737
f 3737 3777 3778
f 3737 3778 3738
f 3738 3778 3779
f 3738 3779 3739
f 3739 3779 3780
f 3739 3780 3740
f 3740 3780 3781
f 3740 3781 3741
f 3741 3781 3782
f 3741 3782 3742
f 3742 3782 3783
f 3742 3783 3743
f 3743 3783 3784
f 3743 3784 3744
f 3744 3784 3785
f 3744 3785 3745
f 3745 3785 3786
f 3745 3786 3746
f 3746 3786 3787
f 3746 3787 3747
f 3747 3787 3788
f 3747 3788 3748
f 3748 3788 3789
f 3748 3789 3749
f 3749 3789 3790
f 3749 3790 3750
f 3750 3790 3791
f 3750 3791 3751
f 3751 3791 3792
f 3751 3792 3752
f 3752 3792 3793
f 3752 3793 3753
f 3753 3793 3794
f 3753 3794 3754
f 3754 3794 3795
f 3754 3795 3755
f 3755 3795 3796
f 3755 3796 3756
f 3756 3796 3797
f 3756 3797 3757
f 3757 3797 3798
f 3757 3798 3758
f 3758 3798 3799
f 3758 3799 3759
f 3759 3799 3800
f 3759 3800 3760
f 3760 3800 3761
f 3760 3761 3721
f 3761 3801 3802
f 3761 3802 3762
f 3762 3802 3803
f 3762 3803 3763
f 3763 3803 3804
f 3763 3804 3764
f 3764 3804 3805
f 3764 3805 3765
f 3765 3805 3806
f 3765 3806 3766
f 3766 3806 3807
f 3766 3807 3767
f 3767 3807 3808
f 3767 3808 3768
f 3768 3808 3809
f 3768 3809 3769
f 3769 3809 3810
f 3769 3810 3770
f 3770 3810 3811
f 3770 3811 3771
f 3771 3811 3812
f 3771 3812 3772
f 3772 3812 3813
f 3772 3813 3773
f 3773 3813 3814
f 3773 3814 3774
f 3774 3814 3815
f 3774 3815 3775
f 3775 3815 3816
f 3775 3816 3776
f 3776 3816 3817
f 3776 3817 3777
f 3777 3817 3818
f 3777 3818 3778
f 3778 3818 3819
f 3778 3819 3779
f 3779 3819 3820
f 3779 3820 3780
f 3780 3820 3821
f 3780 3821 3781
f 3781 3821 3822
f 3781 3822 3782
f 3782 3822 3823
f 3782 3823 3783
f 3783 3823 3824
f 3783 3824 3784
f 3784 3824 3825
f 3784 3825 3785
f 3785 3825 3826
f 3785 3826 3786
f 3786 3826 3827
f 3786 3827 3787
f 3787 3827 3828
f 3787 3828 3788
f 3788 3828 3829
f 3788 3829 3789
f 3789 3829 3830
f 3789 3830 3790
f 3790 3830 3831
f 3790 3831 3791
f 3791 3831 3832
f 3791 3832 3792
f 3792 3832 3833
f 3792 3833 3793
f 3793 3833 3834
f 3793 3834 3794
f 3794 3834 3835
f 3794 3835 3795
f 3795 3835 3836
f 3795 3836 3796
f 3796 3836 3837
f 3796 3837 3797
f 3797 3837 3838
f 3797 3838 3798
f 3798 3838 3839
f 3798 3839 3799
f 3799 3839 3840
f 3799 3840 3800
f 3800 3840 3801
f 3800 3801 3761
f 3801 3841 3842
f 3801 3842 3802
f 3802 3842 3843
f 3802 3843 3803
f 3803 3843 3844
f 3803 3844 3804
f 3804 3844 3845
f 3804 3845 3805
f 3805 3845 3846
f 3805 3846 3806
f 3806 3846 3847
f 3806 3847 3807
f 3807 3847 3848
f 3807 3848 3808
f 3808 3848 3849
f 3808 3849 3809
f 3809 3849 3850
f 3809 3850 3810
f 3810 3850 3851
f 3810 3851 3811
f 3811 3851 3852
f 3811 3852 3812
f 3812 3852 3853
f 3812 3853 3813
f 3813 3853 3854
f 3813 3854 3814
f 3814 3854 3855
f 3814 3855 3815
f 3815 3855 3856
f 3815 3856 3816
f 3816 3856 3857
f 3816 3857 3817
f 3817 3857 3858
f 3817 3858 3818
f 3818 3858 3859
f 3818 3859 3819
f 3819 3859 3860
f 3819 3860 3820
f 3820 3860 3861
f 3820 3861 3821
f 3821 3861 3862
f 3821 3862 3822
f 3822 3862 3863
f 3822 3863 3823
f 3823 3863 3864
f 3823 3864 3824
f 3824 3864 3865
f 3824 3865 3825
f 3825 3865 3866
f 3825 3866 3826
f 3826 3866 3867
f 3826 3867 3827
f 3827 3867 3868
f 3827 3868 3828
f 3828 3868 3869
f 3828 3869 3829
f 3829 3869 3870
f 3829 3870 3830
f 3830 3870 3871
f 3830 3871 3831
f 3831 3871 3872
f 3831 3872 3832
f 3832 3872 3873
f 3832 3873 3833
f 3833 3873 3874
f 3833 3874 3834
f 3834 3874 3875
f 3834 3875 3835
f 3835 3875 3876
f 3835 3876 3836
f 3836 3876 3877
f 3836 3877 3837
f 3837 3877 3878
f 3837 3878 3838
f 3838 3878 3879
f 3838 3879 3839
f 3839 3879 3880
f 3839 3880 3840
f 3840 3880 3841
f 3840 3841 3801
f 3841 3881 3882
f 3841 3882 3842
f 3842 3882 3883
f 3842 3883 3843
f 3843 3883 3884
f 3843 3884 3844
f 3844 3884 3885
f 3844 3885 3845
f 3845 3885 3886
f 3845 3886 3846
f 3846 3886 3887
f 3846 3887 3847
f 3847 3887 3888
f 3847 3888 3848
f 3848 3888 3889
f 3848 3889 3849
f 3849 3889 3890
f 3849 3890 3850
f 3850 3890 3891
f 3850 3891 3851
f 3851 3891 3892
f 3851 3892 3852
f 3852 3892 3893
f 3852 3893 3853
f 3853 3893 3894
f 3853 3894 3854
f 3854 3894 3895
f 3854 3895 3855
f 3855 3895 3896
f 3855 3896 3856
f 3856 3896 3897
f 3856 3897 3857
f 3857 3897 3898
f 3857 3898 3858
f 3858 3898 3899
f 3858 3899 3859
f 3859 3899 3900
f 3859 3900 3860
f 3860 3900 3901
f 3860 3901 3861
f 3861 3901 3902
f 3861 3902 3862
f 3862 3902 3903
f 3862 3903 3863
f 3863 3903 3904
f 3863 3904 3864
f 3864 3904 3905
f 3864 3905 3865
f 3865 3905 3906
f 3865 3906 3866
f 3866 3906 3907
f 3866 3907 3867
f 3867 3907 3908
f 3867 3908 3868
f 3868 3908 3909
f 3868 3909 3869
f 3869 3909 3910
f 3869 3910 3870
f 3870 3910 3911
f 3870 3911 3871
f 3871 3911 3912
f 3871 3912 3872
f 3872 3912 3913
f 3872 3913 3873
f 3873 3913 3914
f 3873 3914 3874
f 3874 3914 3915
f 3874 3915 3875
f 3875 3915 3916
f 3875 3916 3876
f 3876 3916 3917
f 3876 3917 3877
f 3877 3917 3918
f 3877 3918 3878
f 3878 3918 3919
f 3878 3919 3879
f 3879 3919 3920
f 3879 3920 3880
f 3880 3920 3881
f 3880 3881 3841
f 3881 3921 3922
f 3881 3922 3882
f 3882 3922 3923
f 3882 3923 3883
f 3883 3923 3924
f 3883 3924 3884
f 3884 3924 3925
f 3884 3925 3885
f 3885 3925 3926
f 3885 3926 3886
f 3886 3926 3927
f 3886 3927 3887
f 3887 3927 3928
f 3887 3928 3888
f 3888 3928 3929
f 3888 3929 3889
f 3889 3929 3930
f 3889 3930 3890
f 3890 3930 3931
f 3890 3931 3891
f 3891 3931 3932
f 3891 3932 3892
f 3892 3932 3933
f 3892 3933 3893
f 3893 3933 3934
f 3893 3934 3894
f 3894 3934 3935
f 3894 3935 3895
f 3895 3935 3936
f 3895 3936 3896
f 3896 3936 3937
f 3896 3937 3897
f 3897 3937 3938
f 3897 3938 3898
f 3898 3938 3939
f 3898 3939 3899
f 3899 3939 3940
f 3899 3940 3900
f 3900 3940 3941
f 3900 3941 3901
f 3901 3941 3942
f 3901 3942 3902
f 3902 3942 3943
f 3902 3943 3903
f 3903 3943 3944
f 3903 3944 3904
f 3904 3944 3945
f 3904 3945 3905
f 3905 3945 3946
f 3905 3946 3906
f 3906 3946 3947
f 3906 3947 3907
f 3907 3947 3948
f 3907 3948 3908
f 3908 3948 3949
f 3908 3949 3909
f 3909 3949 3950
f 3909 3950 3910
f 3910 3950 3951
f 3910 3951 3911
f 3911 3951 3952
f 3911 3952 3912
f 3912 3952 3953
f 3912 3953 3913
f 3913 3953 3954
f 3913 3954 3914
f 3914 3954 3955
f 3914 3955 3915
f 3915 3955 3956
f 3915 3956 3916
f 3916 3956 3957
f 3916 3957 3917
f 3917 3957 3958
f 3917 3958 3918
f 3918 3958 3959
f 3918 3959 3919
f 3919 3959 3960
f 3919 3960 3920
f 3920 3960 3921
f 3920 3921 3881
f 3921 3961 3962
f 3921 3962 3922
f 3922 3962 3963
f 3922 3963 3923
f 3923 3963 3964
f 3923 3964 3924
f 3924 3964 3965
f 3924 3965 3925
f 3925 3965 3966
f 3925 3966 3926
f 3926 3966 3967
f 3926 3967 3927
f 3927 3967 3968
f 3927 3968 3928
f 3928 3968 3969
f 3928 3969 3929
f 3929 3969 3970
f 3929 3970 3930
f 3930 3970 3971
f 3930 3971 3931
f 3931 3971 3972
f 3931 3972 3932
f 3932 3972 3973
f 3932 3973 3933
f 3933 3973 3974
f 3933 3974 3934
f 3934 3974 3975
f 3934 3975 3935
f 3935 3975 3976
f 3935 3976 3936
f 3936 3976 3977
f 3936 3977 3937
f 3937 3977 3978
f 3937 3978 3938
f 3938 3978 3979
f 3938 3979 3939
f 3939 3979 3980
f 3939 3980 3940
f 3940 3980 3981
f 3940 3981 3941
f 3941 3981 3982
f 3941 3982 3942
f 3942 3982 3983
f 3942 3983 3943
f 3943 3983 3984
f 3943 3984 3944
f 3944 3984 3985
f 3944 3985 3945
f 3945 3985 3986
f 3945 3986 3946
f 3946 3986 3987
f 3946 3987 3947
f 3947 3987 3988
f 3947 3988 3948
f 3948 3988 3989
f 3948 3989 3949
f 3949 3989 3990
f 3949 3990 3950
f 3950 3990 3991
f 3950 3991 3951
f 3951 3991 3992
f 3951 3992 3952
f 3952 3992 3993
f 3952 3993 3953
f 3953 3993 3994
f 3953 3994 3954
f 3954 3994 3995
f 3954 3995 3955
f 3955 3995 3996
f 3955 3996 3956
f 3956 3996 3997
f 3956 3997 3957
f 3957 3997 3998
f 3957 3998 3958
f 3958 3998 3999
f 3958 3999 3959
f 3959 3999 4000
f 3959 4000 3960
f 3960 4000 3961
f 3960 3961 3921
f 3961 4001 4002
f 3961 4002 3962
f 3962 4002 4003
f 3962 4003 3963
f 3963 4003 4004
f 3963 4004 3964
f 3964 4004 4005
f 3964 4005 3965
f 3965 4005 4006
f 3965 4006 3966
f 3966 4006 4007
f 3966 4007 3967
f 3967 4007 4008
f 3967 4008 3968
f 3968 4008 4009
f 3968 4009 3969
f 3969 4009 4010
f 3969 4010 3970
f 3970 4010 4011
f 3970 4011 3971
f 3971 4011 4012
f 3971 4012 3972
f 3972 4012 4013
f 3972 4013 3973
f 3973 4013 4014
f 3973 4014 3974
f 3974 4014 4015
f 3974 4015 3975
f 3975 4015 4016
f 3975 4016 3976
f 3976 4016 4017
f 3976 4017 3977
f 3977 4017 4018
f 3977 4018 3978
f 3978 4018 4019
f 3978 4019 3979
f 3979 4019 4020
f 3979 4020 3980
f 3980 4020 4021
f 3980 4021 3981
f 3981 4021 4022
f 3981 4022 3982
f 3982 4022 4023
f 3982 4023 3983
f 3983 4023 4024
f 3983 4024 3984
f 3984 4024 4025
f 3984 4025 3985
f 3985 4025 4026
f 3985 4026 3986
f 3986 4026 4027
f 3986 4027 3987
f 3987 4027 4028
f 3987 4028 3988
f 3988 4028 4029
f 3988 4029 3989
f 3989 4029 4030
f 3989 4030 3990
f 3990 4030 4031
f 3990 4031 3991
f 3991 4031 4032
f 3991 4032 3992
f 3992 4032 4033
f 3992 4033 3993
f 3993 4033 4034
f 3993 4034 3994
f 3994 4034 4035
f 3994 4035 3995
f 3995 4035 4036
f 3995 4036 3996
f 3996 4036 4037
f 3996 4037 3997
f 3997 4037 4038
f 3997 4038 3998
f 3998 4038 4039
f 3998 4039 3999
f 3999 4039 4040
f 3999 4040 4000
f 4000 4040 4001
f 4000 4001 3961
f 4001 4041 4042
f 4001 4042 4002
f 4002 4042 4043
f 4002 4043 4003
f 4003 4043 4044
f 4003 4044 4004
f 4004 4044 4045
f 4004 4045 4005
f 4005 4045 4046
f 4005 4046 4006
f 4006 4046 4047
f 4006 4047 4007
f 4007 4047 4048
f 4007 4048 4008
f 4008 4048 4049
f 4008 4049 4009
f 4009 4049 4050
f 4009 4050 4010
f 4010 4050 4051
f 4010 4051 4011
f 4011 4051 4052
f 4011 4052 4012
f 4012 4052 4053
f 4012 4053 4013
f 4013 4053 4054
f 4013 4054 4014
f 4014 4054 4055
f 4014 4055 4015
f 4015 4055 4056
f 4015 4056 4016
f 4016 4056 4057
f 4016 4057 4017
f 4017 4057 4058
f 4017 4058 4018
f 4018 4058 4059
f 4018 4059 4019
f 4019 4059 4060
f 4019 4060 4020
f 4020 4060 4061
f 4020 4061 4021
f 4021 4061 4062
f 4021 4062 4022
f 4022 4062 4063
f 4022 4063 4023
f 4023 4063 4064
f 4023 4064 4024
f 4024 4064 4065
f 4024 4065 4025
f 4025 4065 4066
f 4025 4066 4026
f 4026 4066 4067
f 4026 4067 4027
f 4027 4067 4068
f 4027 4068 4028
f 4028 4068 4069
f 4028 4069 4029
f 4029 4069 4070
f 4029 4070 4030
f 4030 4070 4071
f 4030 4071 4031
f 4031 4071 4072
f 4031 4072 4032
f 4032 4072 4073
f 4032 4073 4033
f 4033 4073 4074
f 4033 4074 4034
f 4034 4074 4075
f 4034 4075 4035
f 4035 4075 4076
f 4035 4076 4036
f 4036 4076 4077
f 4036 4077 4037
f 4037 4077 4078
f 4037 4078 4038
f 4038 4078 4079
f 4038 4079 4039
f 4039 4079 4080
f 4039 4080 4040
f 4040 4080 4041
f 4040 4041 4001
f 4041 4081 4082
f 4041 4082 4042
f 4042 4082 4083
f 4042 4083 4043
f 4043 4083 4084
f 4043 4084 4044
f 4044 4084 4085
f 4044 4085 4045
f 4045 4085 4086
f 4045 4086 4046
f 4046 4086 4087
f 4046 4087 4047
f 4047 4087 4088
f 4047 4088 4048
f 4048 4088 4089
f 4048 4089 4049
f 4049 4089 4090
f 4049 4090 4050
f 4050 4090 4091
f 4050 4091 4051
f 4051 4091 4092
f 4051 4092 4052
f 4052 4092 4093
f 4052 4093 4053
f 4053 4093 4094
f 4053 4094 4054
f 4054 4094 4095
f 4054 4095 4055
f 4055 4095 4096
f 4055 4096 4056
f 4056 4096 4097
f 4056 4097 4057
f 4057 4097 4098
f 4057 4098 4058
f 4058 4098 4099
f 4058 4099 4059
f 4059 4099 4100
f 4059 4100 4060
f 4060 4100 4101
f 4060 4101 4061
f 4061 4101 4102
f 4061 4102 4062
f 4062 4102 4103
f 4062 4103 4063
f 4063 4103 4104
f 4063 4104 4064
f 4064 4104 4105
f 4064 4105 4065
f 4065 4105 4106
f 4065 4106 4066
f 4066 4106 4107
f 4066 4107 4067
f 4067 4107 4108
f 4067 4108 4068
f 4068 4108 4109
f 4068 4109 4069
f 4069 4109 4110
f 4069 4110 4070
f 4070 4110 4111
f 4070 4111 4071
f 4071 4111 4112
f 4071 4112 4072
f 4072 4112 4113
f 4072 4113 4073
f 4073 4113 4114
f 4073 4114 4074
f 4074 4114 4115
f 4074 4115 4075
f 4075 4115 4116
f 4075 4116 4076
f 4076 4116 4117
f 4076 4117 4077
f 4077 4117 4118
f 4077 4118 4078
f 4078 4118 4119
f 4078 4119 4079
f 4079 4119 4120
f 4079 4120 4080
f 4080 4120 4081
f 4080 4081 4041
f 4081 4121 4122
f 4081 4122 4082
f 4082 4122 4123
f 4082 4123 4083
f 4083 4123 4124
f 4083 4124 4084
f 4084 4124 4125
f 4084 4125 4085
f 4085 4125 4126
f 4085 4126 4086
f 4086 4126 4127
f 4086 4127 4087
f 4087 4127 4128
f 4087 4128 4088
f 4088 4128 4129
f 4088 4129 4089
f 4089 4129 4130
f 4089 4130 4090
f 4090 4130 4131
f 4090 4131 4091
f 4091 4131 4132
f 4091 4132 4092
f 4092 4132 4133
f 4092 4133 4093
f 4093 4133 4134
f 4093 4134 4094
f 4094 4134 4135
f 4094 4135 4095
f 4095 4135 4136
f 4095 4136 4096
f 4096 4136 4137
f 4096 4137 4097
f 4097 4137 4138
f 4097 4138 4098
f 4098 4138 4139
f 4098 4139 4099
f 4099 4139 4140
f 4099 4140 4100
f 4100 4140 4141
f 4100 4141 4101
f 4101 4141 4142
f 4101 4142 4102
f 4102 4142 4143
f 4102 4143 4103
f 4103 4143 4144
f 4103 4144 4104
f 4104 4144 4145
f 4104 4145 4105
f 4105 4145 4146
f 4105 4146 4106
f 4106 4146 4147
f 4106 4147 4107
f 4107 4147 4148
f 4107 4148 4108
f 4108 4148 4149
f 4108 4149 4109
f 4109 4149 4150
f 4109 4150 4110
f 4110 4150 4151
f 4110 4151 4111
f 4111 4151 4152
f 4111 4152 4112
f 4112 4152 4153
f 4112 4153 4113
f 4113 4153 4154
f 4113 4154 4114
f 4114 4154 4155
f 4114 4155 4115
f 4115 4155 4156
f 4115 4156 4116
f 4116 4156 4157
f 4116 4157 4117
f 4117 4157 4158
f 4117 4158 4118
f 4118 4158 4159
f 4118 4159 4119
f 4119 4159 4160
f 4119 4160 4120
f 4120 4160 4121
f 4120 4121 4081
f 4121 4161 4162
f 4121 4162 4122
f 4122 4162 4163
f 4122 4163 4123
f 4123 4163 4164
f 4123 4164 4124
f 4124 4164 4165
f 4124 4165 4125
f 4125 4165 4166
f 4125 4166 4126
f 4126 4166 4167
f 4126 4167 4127
f 4127 4167 4168
f 4127 4168 4128
f 4128 4168 4169
f 4128 4169 4129
f 4129 4169 4170
f 4129 4170 4130
f 4130 4170 4171
f 4130 4171 4131
f 4131 4171 4172
f 4131 4172 4132
f 4132 4172 4173
f 4132 4173 4133
f 4133 4173 4174
f 4133 4174 4134
f 4134 4174 4175
f 4134 4175 4135
f 4135 4175 4176
f 4135 4176 4136
f 4136 4176 4177
f 4136 4177 4137
f 4137 4177 4178
f 4137 4178 4138
f 4138 4178 4179
f 4138 4179 4139
f 4139 4179 4180
f 4139 4180 4140
f 4140 4180 4181
f 4140 4181 4141
f 4141 4181 4182
f 4141 4182 4142
f 4142 4182 4183
f 4142 4183 4143
f 4143 4183 4184
f 4143 4184 4144
f 4144 4184 4185
f 4144 4185 4145
f 4145 4185 4186
f 4145 4186 4146
f 4146 4186 4187
f 4146 4187 4147
f 4147 4187 4188
f 4147 4188 4148
f 4148 4188 4189
f 4148 4189 4149
f 4149 4189 4190
f 4149 4190 4150
f 4150 4190 4191
f 4150 4191 4151
f 4151 4191 4192
f 4151 4192 4152
f 4152 4192 4193
f 4152 4193 4153
f 4153 4193 4194
f 4153 4194 4154
f 4154 4194 4195
f 4154 4195 4155
f 4155 4195 4196
f 4155 4196 4156
f 4156 4196 4197
f 4156 4197 4157
f 4157 4197 4198
f 4157 4198 4158
f 4158 4198 4199
f 4158 4199 4159
f 4159 4199 4200
f 4159 4200 4160
f 4160 4200 4161
f 4160 4161 4121
f 4161 4201 4202
f 4161 4202 4162
f 4162 4202 4203
f 4162 4203 4163
f 4163 4203 4204
f 4163 4204 4164
f 4164 4204 4205
f 4164 4205 4165
f 4165 4205 4206
f 4165 4206 4166
f 4166 4206 4207
f 4166 4207 4167
f 4167 4207 4208
f 4167 4208 4168
f 4168 4208 4209
f 4168 4209 4169
f 4169 4209 4210
f 4169 4210 4170
f 4170 4210 4211
f 4170 4211 4171
f 4171 4211 4212
f 4171 4212 4172
f 4172 4212 4213
f 4172 4213 4173
f 4173 4213 4214
f 4173 4214 4174
f 4174 4214 4215
f 4174 4215 4175
f 4175 4215 4216
f 4175 4216 4176
f 4176 4216 4217
f 4176 4217 4177
f 4177 4217 4218
f 4177 4218 4178
f 4178 4218 4219
f 4178 4219 4179
f 4179 4219 4220
f 4179 4220 4180
f 4180 4220 4221
f 4180 4221 4181
f 4181 4221 4222
f 4181 4222 4182
f 4182 4222 4223
f 4182 4223 4183
f 4183 4223 4224
f 4183 4224 4184
f 4184 4224 4225
f 4184 4225 4185
f 4185 4225 4226
f 4185 4226 4186
f 4186 4226 4227
f 4186 4227 4187
f 4187 4227 4228
f 4187 4228 4188
f 4188 4228 4229
f 4188 4229 4189
f 4189 4229 4230
f 4189 4230 4190
f 4190 4230 4231
f 4190 4231 4191
f 4191 4231 4232
f 4191 4232 4192
f 4192 4232 4233
f 4192 4233 4193
f 4193 4233 4234
f 4193 4234 4194
f 4194 4234 4235
f 4194 4235 4195
f 4195 4235 4236
f 4195 4236 4196
f 4196 4236 4237
f 4196 4237 4197
f 4197 4237 4238
f 4197 4238 4198
f 4198 4238 4239
f 4198 4239 4199
f 4199 4239 4240
f 4199 4240 4200
f 4200 4240 4201
f 4200 4201 4161
f 4201 4241 4242
f 4201 4242 4202
f 4202 4242 4243
f 4202 4243 4203
f 4203 4243 4244
f 4203 4244 4204
f 4204 4244 4245
f 4204 4245 4205
f 4205 4245 4246
f 4205 4246 4206
f 4206 4246 4247
f 4206 4247 4207
f 4207 4247 4248
f 4207 4248 4208
f 4208 4248 4249
f 4208 4249 4209
f 4209 4249 4250
f 4209 4250 4210
f 4210 4250 4251
f 4210 4251 4211
f 4211 4251 4252
f 4211 4252 4212
f 4212 4252 4253
f 4212 4253 4213
f 4213 4253 4254
f 4213 4254 4214
f 4214 4254 4255
f 4214 4255 4215
f 4215 4255 4256
f 4215 4256 4216
f 4216 4256 4257
f 4216 4257 4217
f 4217 4257 4258
f 4217 4258 4218
f 4218 4258 4259
f 4218 4259 4219
f 4219 4259 4260
f 4219 4260 4220
f 4220 4260 4261
f 4220 4261 4221
f 4221 4261 4262
f 4221 4262 4222
f 4222 4262 4263
f 4222 4263 4223
f 4223 4263 4264
f 4223 4264 4224
f 4224 4264 4265
f 4224 4265 4225
f 4225 4265 4266
f 4225 4266 4226
f 4226 4266 4267
f 4226 4267 4227
f 4227 4267 4268
f 4227 4268 4228
f 4228 4268 4269
f 4228 4269 4229
f 4229 4269 4270
f 4229 4270 4230
f 4230 4270 4271
f 4230 4271 4231
f 4231 4271 4272
f 4231 4272 4232
f 4232 4272 4273
f 4232 4273 4233
f 4233 4273 4274
f 4233 4274 4234
f 4234 4274 4275
f 4234 4275 4235
f 4235 4275 4276
f 4235 4276 4236
f 4236 4276 4277
f 4236 4277 4237
f 4237 4277 4278
f 4237 4278 4238
f 4238 4278 4279
f 4238 4279 4239
f 4239 4279 4280
f 4239 4280 4240
f 4240 4280 4241
f 4240 4241 4201
f 4241 4281 4282
f 4241 4282 4242
f 4242 4282 4283
f 4242 4283 4243
f 4243 4283 4284
f 4243 4284 4244
f 4244 4284 4285
f 4244 4285 4245
f 4245 4285 4286
f 4245 4286 4246
f 4246 4286 4287
f 4246 4287 4247
f 4247 4287 4288
f 4247 4288 4248
f 4248 4288 4289
f 4248 4289 4249
f 4249 4289 4290
f 4249 4290 4250
f 4250 4290 4291
f 4250 4291 4251
f 4251 4291 4292
f 4251 4292 4252
f 4252 4292 4293
f 4252 4293 4253
f 4253 4293 4294
f 4253 4294 4254
f 4254 4294 4295
f 4254 4295 4255
f 4255 4295 4296
f 4255 4296 4256
f 4256 4296 4297
f 4256 4297 4257
f 4257 4297 4298
f 4257 4298 4258
f 4258 4298 4299
f 4258 4299 4259
f 4259 4299 4300
f 4259 4300 4260
f 4260 4300 4301
f 4260 4301 4261
f 4261 4301 4302
f 4261 4302 4262
f 4262 4302 4303
f 4262 4303 4263
f 4263 4303 4304
f 4263 4304 4264
f 4264 4304 4305
f 4264 4305 4265
f 4265 4305 4306
f 4265 4306 4266
f 4266 4306 4307
f 4266 4307 4267
f 4267 4307 4308
f 4267 4308 4268
f 4268 4308 4309
f 4268 4309 4269
f 4269 4309 4310
f 4269 4310 4270
f 4270 4310 4311
f 4270 4311 4271
f 4271 4311 4312
f 4271 4312 4272
f 4272 4312 4313
f 4272 4313 4273
f 4273 4313 4314
f 4273 4314 4274
f 4274 4314 4315
f 4274 4315 4275
f 4275 4315 4316
f 4275 4316 4276
f 4276 4316 4317
f 4276 4317 4277
f 4277 4317 4318
f 4277 4318 4278
f 4278 4318 4319
f 4278 4319 4279
f 4279 4319 4320
f 4279 4320 4280
f 4280 4320 4281
f 4280 4281 4241
f 4281 4321 4322
f 4281 4322 4282
f 4282 4322 4323
f 4282 4323 4283
f 4283 4323 4324
f 4283 4324 4284
f 4284 4324 4325
f 4284 4325 4285
f 4285 4325 4326
f 4285 4326 4286
f 4286 4326 4327
f 4286 4327 4287
f 4287 4327 4328
f 4287 4328 4288
f 4288 4328 4329
f 4288 4329 4289
f 4289 4329 4330
f 4289 4330 4290
f 4290 4330 4331
f 4290 4331 4291
f 4291 4331 4332
f 4291 4332 4292
f 4292 4332 4333
f 4292 4333 4293
f 4293 4333 4334
f 4293 4334 4294
f 4294 4334 4335
f 4294 4335 4295
f 4295 4335 4336
f 4295 4336 4296
f 4296 4336 4337
f 4296 4337 4297
f 4297 4337 4338
f 4297 4338 4298
f 4298 4338 4339
f 4298 4339 4299
f 4299 4339 4340
f 4299 4340 4300
f 4300 4340 4341
f 4300 4341 4301
f 4301 4341 4342
f 4301 4342 4302
f 4302 4342 4343
f 4302 4343 4303
f 4303 4343 4344
f 4303 4344 4304
f 4304 4344 4345
f 4304 4345 4305
f 4305 4345 4346
f 4305 4346 4306
f 4306 4346 4347
f 4306 4347 4307
f 4307 4347 4348
f 4307 4348 4308
f 4308 4348 4349
f 4308 4349 4309
f 4309 4349 4350
f 4309 4350 4310
f 4310 4350 4351
f 4310 4351 4311
f 4311 4351 4352
f 4311 4352 4312
f 4312 4352 4353
f 4312 4353 4313
f 4313 4353 4354
f 4313 4354 4314
f 4314 4354 4355
f 4314 4355 4315
f 4315 4355 4356
f 4315 4356 4316
f 4316 4356 4357
f 4316 4357 4317
f 4317 4357 4358
f 4317 4358 4318
f 4318 4358 4359
f 4318 4359 4319
f 4319 4359 4360
f 4319 4360 4320
f 4320 4360 4321
f 4320 4321 4281
f 4321 4361 4362
f 4321 4362 4322
f 4322 4362 4363
f 4322 4363 4323
f 4323 4363 4364
f 4323 4364 4324
f 4324 4364 4365
f 4324 4365 4325
f 4325 4365 4366
f 4325 4366 4326
f 4326 4366 4367
f 4326 4367 4327
f 4327 4367 4368
f 4327 4368 4328
f 4328 4368 4369
f 4328 4369 4329
f 4329 4369 4370
f 4329 4370 4330
f 4330 4370 4371
f 4330 4371 4331
f 4331 4371 4372
f 4331 4372 4332
f 4332 4372 4373
f 4332 4373 4333
f 4333 4373 4374
f 4333 4374 4334
f 4334 4374 4375
f 4334 4375 4335
f 4335 4375 4376
f 4335 4376 4336
f 4336 4376 4377
f 4336 4377 4337
f 4337 4377 4378
f 4337 4378 4338
f 4338 4378 4379
f 4338 4379 4339
f 4339 4379 4380
f 4339 4380 4340
f 4340 4380 4381
f 4340 4381 4341
f 4341 4381 4382
f 4341 4382 4342
f 4342 4382 4383
f 4342 4383 4343
f 4343 4383 4384
f 4343 4384 4344
f 4344 4384 4385
f 4344 4385 4345
f 4345 4385 4386
f 4345 4386 4346
f 4346 4386 4387
f 4346 4387 4347
f 4347 4387 4388
f 4347 4388 4348
f 4348 4388 4389
f 4348 4389 4349
f 4349 4389 4390
f 4349 4390 4350
f 4350 4390 4391
f 4350 4391 4351
f 4351 4391 4392
f 4351 4392 4352
f 4352 4392 4393
f 4352 4393 4353
f 4353 4393 4394
f 4353 4394 4354
f 4354 4394 4395
f 4354 4395 4355
f 4355 4395 4396
f 4355 4396 4356
f 4356 4396 4397
f 4356 4397 4357
f 4357 4397 4398
f 4357 4398 4358
f 4358 4398 4399
f 4358 4399 4359
f 4359 4399 4400
f 4359 4400 4360
f 4360 4400 4361
f 4360 4361 4321
f 4361 4401 4402
f 4361 4402 4362
f 4362 4402 4403
f 4362 4403 4363
f 4363 4403 4404
f 4363 4404 4364
f 4364 4404 4405
f 4364 4405 4365
f 4365 4405 4406
f 4365 4406 4366
f 4366 4406 4407
f 4366 4407 4367
f 4367 4407 4408
f 4367 4408 4368
f 4368 4408 4409
f 4368 4409 4369
f 4369 4409 4410
f 4369 4410 4370
f 4370 4410 4411
f 4370 4411 4371
f 4371 4411 4412
f 4371 4412 4372
f 4372 4412 4413
f 4372 4413 4373
f 4373 4413 4414
f 4373 4414 4374
f 4374 4414 4415
f 4374 4415 4375
f 4375 4415 4416
f 4375 4416 4376
f 4376 4416 4417
f 4376 4417 4377
f 4377 4417 4418
f 4377 4418 4378
f 4378 4418 4419
f 4378 4419 4379
f 4379 4419 4420
f 4379 4420 4380
f 4380 4420 4421
f 4380 4421 4381
f 4381 4421 4422
f 4381 4422 4382
f 4382 4422 4423
f 4382 4423 4383
f 4383 4423 4424
f 4383 4424 4384
f 4384 4424 4425
f 4384 4425 4385
f 4385 4425 4426
f 4385 4426 4386
f 4386 4426 4427
f 4386 4427 4387
f 4387 4427 4428
f 4387 4428 4388
f 4388 4428 4429
f 4388 4429 4389
f 4389 4429 4430
f 4389 4430 4390
f 4390 4430 4431
f 4390 4431 4391
f 4391 4431 4432
f 4391 4432 4392
f 4392 4432 4433
f 4392 4433 4393
f 4393 4433 4434
f 4393 4434 4394
f 4394 4434 4435
f 4394 4435 4395
f 4395 4435 4436
f 4395 4436 4396
f 4396 4436 4437
f 4396 4437 4397
f 4397 4437 4438
f 4397 4438 4398
f 4398 4438 4439
f 4398 4439 4399
f 4399 4439 4440
f 4399 4440 4400
f 4400 4440 4401
f 4400 4401 4361
f 4401 4441 4442
f 4401 4442 4402
f 4402 4442 4443
f 4402 4443 4403
f 4403 4443 4444
f 4403 4444 4404
f 4404 4444 4445
f 4404 4445 4405
f 4405 4445 4446
f 4405 4446 4406
f 4406 4446 4447
f 4406 4447 4407
f 4407 4447 4448
f 4407 4448 4408
f 4408 4448 4449
f 4408 4449 4409
f 4409 4449 4450
f 4409 4450 4410
f 4410 4450 4451
f 4410 4451 4411
f 4411 4451 4452
f 4411 4452 4412
f 4412 4452 4453
f 4412 4453 4413
f 4413 4453 4454
f 4413 4454 4414
f 4414 4454 4455
f 4414 4455 4415
f 4415 4455 4456
f 4415 4456 4416
f 4416 4456 4457
f 4416 4457 4417
f 4417 4457 4458
f 4417 4458 4418
f 4418 4458 4459
f 4418 4459 4419
f 4419 4459 4460
f 4419 4460 4420
f 4420 4460 4461
f 4420 4461 4421
f 4421 4461 4462
f 4421 4462 4422
f 4422 4462 4463
f 4422 4463 4423
f 4423 4463 4464
f 4423 4464 4424
f 4424 4464 4465
f 4424 4465 4425
f 4425 4465 4466
f 4425 4466 4426
f 4426 4466 4467
f 4426 4467 4427
f 4427 4467 4468
f 4427 4468 4428
f 4428 4468 4469
f 4428 4469 4429
f 4429 4469 4470
f 4429 4470 4430
f 4430 4470 4471
f 4430 4471 4431
f 4431 4471 4472
f 4431 4472 4432
f 4432 4472 4473
f 4432 4473 4433
f 4433 4473 4474
f 4433 4474 4434
f 4434 4474 4475
f 4434 4475 4435
f 4435 4475 4476
f 4435 4476 4436
f 4436 4476 4477
f 4436 4477 4437
f 4437 4477 4478
f 4437 4478 4438
f 4438 4478 4479
f 4438 4479 4439
f 4439 4479 4480
f 4439 4480 4440
f 4440 4480 4441
f 4440 4441 4401
f 4441 4481 4482
f 4441 4482 4442
f 4442 4482 4483
f 4442 4483 4443
f 4443 4483 4484
f 4443 4484 4444
f 4444 4484 4485
f 4444 4485 4445
f 4445 4485 4486
f 4445 4486 4446
f 4446 4486 4487
f 4446 4487 4447
f 4447 4487 4488
f 4447 4488 4448
f 4448 4488 4489
f 4448 4489 4449
f 4449 4489 4490
f 4449 4490 4450
f 4450 4490 4491
f 4450 4491 4451
f 4451 4491 4492
f 4451 4492 4452
f 4452 4492 4493
f 4452 4493 4453
f 4453 4493 4494
f 4453 4494 4454
f 4454 4494 4495
f 4454 4495 4455
f 4455 4495 4496
f 4455 4496 4456
f 4456 4496 4497
f 4456 4497 4457
f 4457 4497 4498
f 4457 4498 4458
f 4458 4498 4499
f 4458 4499 4459
f 4459 4499 4500
f 4459 4500 4460
f 4460 4500 4501
f 4460 4501 4461
f 4461 4501 4502
f 4461 4502 4462
f 4462 4502 4503
f 4462 4503 4463
f 4463 4503 4504
f 4463 4504 4464
f 4464 4504 4505
f 4464 4505 4465
f 4465 4505 4506
f 4465 4506 4466
f 4466 4506 4507
f 4466 4507 4467
f 4467 4507 4508
f 4467 4508 4468
f 4468 4508 4509
f 4468 4509 4469
f 4469 4509 4510
f 4469 4510 4470
f 4470 4510 4511
f 4470 4511 4471
f 4471 4511 4512
f 4471 4512 4472
f 4472 4512 4513
f 4472 4513 4473
f 4473 4513 4514
f 4473 4514 4474
f 4474 4514 4515
f 4474 4515 4475
f 4475 4515 4516
f 4475 4516 4476
f 4476 4516 4517
f 4476 4517 4477
f 4477 4517 4518
f 4477 4518 4478
f 4478 4518 4519
f 4478 4519 4479
f 4479 4519 4520
f 4479 4520 4480
f 4480 4520 4481
f 4480 4481 4441
f 4481 4521 4522
f 4481 4522 4482
f 4482 4522 4523
f 4482 4523 4483
f 4483 4523 4524
f 4483 4524 4484
f 4484 4524 4525
f 4484 4525 4485
f 4485 4525 4526
f 4485 4526 4486
f 4486 4526 4527
f 4486 4527 4487
f 4487 4527 4528
f 4487 4528 4488
f 4488 4528 4529
f 4488 4529 4489
f 4489 4529 4530
f 4489 4530 4490
f 4490 4530 4531
f 4490 4531 4491
f 4491 4531 4532
f 4491 4532 4492
f 4492 4532 4533
f 4492 4533 4493
f 4493 4533 4534
f 4493 4534 4494
f 4494 4534 4535
f 4494 4535 4495
f 4495 4535 4536
f 4495 4536 4496
f 4496 4536 4537
f 4496 4537 4497
f 4497 4537 4538
f 4497 4538 4498
f 4498 4538 4539
f 4498 4539 4499
f 4499 4539 4540
f 4499 4540 4500
f 4500 4540 4541
f 4500 4541 4501
f 4501 4541 4542
f 4501 4542 4502
f 4502 4542 4543
f 4502 4543 4503
f 4503 4543 4544
f 4503 4544 4504
f 4504 4544 4545
f 4504 4545 4505
f 4505 4545 4546
f 4505 4546 4506
f 4506 4546 4547
f 4506 4547 4507
f 4507 4547 4548
f 4507 4548 4508
f 4508 4548 4549
f 4508 4549 4509
f 4509 4549 4550
f 4509 4550 4510
f 4510 4550 4551
f 4510 4551 4511
f 4511 4551 4552
f 4511 4552 4512
f 4512 4552 4553
f 4512 4553 4513
f 4513 4553 4554
f 4513 4554 4514
f 4514 4554 4555
f 4514 4555 4515
f 4515 4555 4556
f 4515 4556 4516
f 4516 4556 4557
f 4516 4557 4517
f 4517 4557 4558
f 4517 4558 4518
f 4518 4558 4559
f 4518 4559 4519
f 4519 4559 4560
f 4519 4560 4520
f 4520 4560 4521
f 4520 4521 4481
f 4521 4561 4562
f 4521 4562 4522
f 4522 4562 4563
f 4522 4563 4523
f 4523 4563 4564
f 4523 4564 4524
f 4524 4564 4565
f 4524 4565 4525
f 4525 4565 4566
f 4525 4566 4526
f 4526 4566 4567
f 4526 4567 4527
f 4527 4567 4568
f 4527 4568 4528
f 4528 4568 4569
f 4528 4569 4529
f 4529 4569 4570
f 4529 4570 4530
f 4530 4570 4571
f 4530 4571 4531
f 4531 4571 4572
f 4531 4572 4532
f 4532 4572 4573
f 4532 4573 4533
f 4533 4573 4574
f 4533 4574 4534
f 4534 4574 4575
f 4534 4575 4535
f 4535 4575 4576
f 4535 4576 4536
f 4536 4576 4577
f 4536 4577 4537
f 4537 4577 4578
f 4537 4578 4538
f 4538 4578 4579
f 4538 4579 4539
f 4539 4579 4580
f 4539 4580 4540
f 4540 4580 4581
f 4540 4581 4541
f 4541 4581 4582
f 4541 4582 4542
f 4542 4582 4583
f 4542 4583 4543
f 4543 4583 4584
f 4543 4584 4544
f 4544 4584 4585
f 4544 4585 4545
f 4545 4585 4586
f 4545 4586 4546
f 4546 4586 4587
f 4546 4587 4547
f 4547 4587 4588
f 4547 4588 4548
f 4548 4588 4589
f 4548 4589 4549
f 4549 4589 4590
f 4549 4590 4550
f 4550 4590 4591
f 4550 4591 4551
f 4551 4591 4592
f 4551 4592 4552
f 4552 4592 4593
f 4552 4593 4553
f 4553 4593 4594
f 4553 4594 4554
f 4554 4594 4595
f 4554 4595 4555
f 4555 4595 4596
f 4555 4596 4556
f 4556 4596 4597
f 4556 4597 4557
f 4557 4597 4598
f 4557 4598 4558
f 4558 4598 4599
f 4558 4599 4559
f 4559 4599 4600
f 4559 4600 4560
f 4560 4600 4561
f 4560 4561 4521
f 4561 4601 4602
f 4561 4602 4562
f 4562 4602 4603
f 4562 4603 4563
f 4563 4603 4604
f 4563 4604 4564
f 4564 4604 4605
f 4564 4605 4565
f 4565 4605 4606
f 4565 4606 4566
f 4566 4606 4607
f 4566 4607 4567
f 4567 4607 4608
f 4567 4608 4568
f 4568 4608 4609
f 4568 4609 4569
f 4569 4609 4610
f 4569 4610 4570
f 4570 4610 4611
f 4570 4611 4571
f 4571 4611 4612
f 4571 4612 4572
f 4572 4612 4613
f 4572 4613 4573
f 4573 4613 4614
f 4573 4614 4574
f 4574 4614 4615
f 4574 4615 4575
f 4575 4615 4616
f 4575 4616 4576
f 4576 4616 4617
f 4576 4617 4577
f 4577 4617 4618
f 4577 4618 4578
f 4578 4618 4619
f 4578 4619 4579
f 4579 4619 4620
f 4579 4620 4580
f 4580 4620 4621
f 4580 4621 4581
f 4581 4621 4622
f 4581 4622 4582
f 4582 4622 4623
f 4582 4623 4583
f 4583 4623 4624
f 4583 4624 4584
f 4584 4624 4625
f 4584 4625 4585
f 4585 4625 4626
f 4585 4626 4586
f 4586 4626 4627
f 4586 4627 4587
f 4587 4627 4628
f 4587 4628 4588
f 4588 4628 4629
f 4588 4629 4589
f 4589 4629 4630
f 4589 4630 4590
f 4590 4630 4631
f 4590 4631 4591
f 4591 4631 4632
f 4591 4632 4592
f 4592 4632 4633
f 4592 4633 4593
f 4593 4633 4634
f 4593 4634 4594
f 4594 4634 4635
f 4594 4635 4595
f 4595 4635 4636
f 4595 4636 4596
f 4596 4636 4637
f 4596 4637 4597
f 4597 4637 4638
f 4597 4638 4598
f 4598 4638 4639
f 4598 4639 4599
f 4599 4639 4640
f 4599 4640 4600
f 4600 4640 4601
f 4600 4601 4561
f 4601 4641 4642
f 4601 4642 4602
f 4602 4642 4643
f 4602 4643 4603
f 4603 4643 4644
f 4603 4644 4604
f 4604 4644 4645
f 4604 4645 4605
f 4605 4645 4646
f 4605 4646 4606
f 4606 4646 4647
f 4606 4647 4607
f 4607 4647 4648
f 4607 4648 4608
f 4608 4648 4649
f 4608 4649 4609
f 4609 4649 4650
f 4609 4650 4610
f 4610 4650 4651
f 4610 4651 4611
f 4611 4651 4652
f 4611 4652 4612
f 4612 4652 4653
f 4612 4653 4613
f 4613 4653 4654
f 4613 4654 4614
f 4614 4654 4655
f 4614 4655 4615
f 4615 4655 4656
f 4615 4656 4616
f 4616 4656 4657
f 4616 4657 4617
f 4617 4657 4658
f 4617 4658 4618
f 4618 4658 4659
f 4618 4659 4619
f 4619 4659 4660
f 4619 4660 4620
f 4620 4660 4661
f 4620 4661 4621
f 4621 4661 4662
f 4621 4662 4622
f 4622 4662 4663
f 4622 4663 4623
f 4623 4663 4664
f 4623 4664 4624
f 4624 4664 4665
f 4624 4665 4625
f 4625 4665 4666
f 4625 4666 4626
f 4626 4666 4667
f 4626 4667 4627
f 4627 4667 4668
f 4627 4668 4628
f 4628 4668 4669
f 4628 4669 4629
f 4629 4669 4670
f 4629 4670 4630
f 4630 4670 4671
f 4630 4671 4631
f 4631 4671 4672
f 4631 4672 4632
f 4632 4672 4673
f 4632 4673 4633
f 4633 4673 4674
f 4633 4674 4634
f 4634 4674 4675
f 4634 4675 4635
f 4635 4675 4676
f 4635 4676 4636
f 4636 4676 4677
f 4636 4677 4637
f 4637 4677 4678
f 4637 4678 4638
f 4638 4678 4679
f 4638 4679 4639
f 4639 4679 4680
f 4639 4680 4640
f 4640 4680 4641
f 4640 4641 4601
f 4641 4681 4682
f 4641 4682 4642
f 4642 4682 4683
f 4642 4683 4643
f 4643 4683 4684
f 4643 4684 4644
f 4644 4684 4685
f 4644 4685 4645
f 4645 4685 4686
f 4645 4686 4646
f 4646 4686 4687
f 4646 4687 4647
f 4647 4687 4688
f 4647 4688 4648
f 4648 4688 4689
f 4648 4689 4649
f 4649 4689 4690
f 4649 4690 4650
f 4650 4690 4691
f 4650 4691 4651
f 4651 4691 4692
f 4651 4692 4652
f 4652 4692 4693
f 4652 4693 4653
f 4653 4693 4694
f 4653 4694 4654
f 4654 4694 4695
f 4654 4695 4655
f 4655 4695 4696
f 4655 4696 4656
f 4656 4696 4697
f 4656 4697 4657
f 4657 4697 4698
f 4657 4698 4658
f 4658 4698 4699
f 4658 4699 4659
f 4659 4699 4700
f 4659 4700 4660
f 4660 4700 4701
f 4660 4701 4661
f 4661 4701 4702
f 4661 4702 4662
f 4662 4702 4703
f 4662 4703 4663
f 4663 4703 4704
f 4663 4704 4664
f 4664 4704 4705
f 4664 4705 4665
f 4665 4705 4706
f 4665 4706 4666
f 4666 4706 4707
f 4666 4707 4667
f 4667 4707 4708
f 4667 4708 4668
f 4668 4708 4709
f 4668 4709 4669
f 4669 4709 4710
f 4669 4710 4670
f 4670 4710 4711
f 4670 4711 4671
f 4671 4711 4712
f 4671 4712 4672
f 4672 4712 4713
f 4672 4713 4673
f 4673 4713 4714
f 4673 4714 4674
f 4674 4714 4715
f 4674 4715 4675
f 4675 4715 4716
f 4675 4716 4676
f 4676 4716 4717
f 4676 4717 4677
f 4677 4717 4718
f 4677 4718 4678
f 4678 4718 4719
f 4678 4719 4679
f 4679 4719 4720
f 4679 4720 4680
f 4680 4720 4681
f 4680 4681 4641
f 4681 4721 4722
f 4681 4722 4682
f 4682 4722 4723
f 4682 4723 4683
f 4683 4723 4724
f 4683 4724 4684
f 4684 4724 4725
f 4684 4725 4685
f 4685 4725 4726
f 4685 4726 4686
f 4686 4726 4727
f 4686 4727 4687
f 4687 4727 4728
f 4687 4728 4688
f 4688 4728 4729
f 4688 4729 4689
f 4689 4729 4730
f 4689 4730 4690
f 4690 4730 4731
f 4690 4731 4691
f 4691 4731 4732
f 4691 4732 4692
f 4692 4732 4733
f 4692 4733 4693
f 4693 4733 4734
f 4693 4734 4694
f 4694 4734 4735
f 4694 4735 4695
f 4695 4735 4736
f 4695 4736 4696
f 4696 4736 4737
f 4696 4737 4697
f 4697 4737 4738
f 4697 4738 4698
f 4698 4738 4739
f 4698 4739 4699
f 4699 4739 4740
f 4699 4740 4700
f 4700 4740 4741
f 4700 4741 4701
f 4701 4741 4742
f 4701 4742 4702
f 4702 4742 4743
f 4702 4743 4703
f 4703 4743 4744
f 4703 4744 4704
f 4704 4744 4745
f 4704 4745 4705
f 4705 4745 4746
f 4705 4746 4706
f 4706 4746 4747
f 4706 4747 4707
f 4707 4747 4748
f 4707 4748 4708
f 4708 4748 4749
f 4708 4749 4709
f 4709 4749 4750
f 4709 4750 4710
f 4710 4750 4751
f 4710 4751 4711
f 4711 4751 4752
f 4711 4752 4712
f 4712 4752 4753
f 4712 4753 4713
f 4713 4753 4754
f 4713 4754 4714
f 4714 4754 4755
f 4714 4755 4715
f 4715 4755 4756
f 4715 4756 4716
f 4716 4756 4757
f 4716 4757 4717
f 4717 4757 4758
f 4717 4758 4718
f 4718 4758 4759
f 4718 4759 4719
f 4719 4759 4760
f 4719 4760 4720
f 4720 4760 4721
f 4720 4721 4681
f 4721 4761 4762
f 4721 4762 4722
f 4722 4762 4763
f 4722 4763 4723
f 4723 4763 4764
f 4723 4764 4724
f 4724 4764 4765
f 4724 4765 4725
f 4725 4765 4766
f 4725 4766 4726
f 4726 4766 4767
f 4726 4767 4727
f 4727 4767 4768
f 4727 4768 4728
f 4728 4768 4769
f 4728 4769 4729
f 4729 4769 4770
f 4729 4770 4730
f 4730 4770 4771
f 4730 4771 4731
f 4731 4771 4772
f 4731 4772 4732
f 4732 4772 4773
f 4732 4773 4733
f 4733 4773 4774
f 4733 4774 4734
f 4734 4774 4775
f 4734 4775 4735
f 4735 4775 4776
f 4735 4776 4736
f 4736 4776 4777
f 4736 4777 4737
f 4737 4777 4778
f 4737 4778 4738
f 4738 4778 4779
f 4738 4779 4739
f 4739 4779 4780
f 4739 4780 4740
f 4740 4780 4781
f 4740 4781 4741
f 4741 4781 4782
f 4741 4782 4742
f 4742 4782 4783
f 4742 4783 4743
f 4743 4783 4784
f 4743 4784 4744
f 4744 4784 4785
f 4744 4785 4745
f 4745 4785 4786
f 4745 4786 4746
f 4746 4786 4787
f 4746 4787 4747
f 4747 4787 4788
f 4747 4788 4748
f 4748 4788 4789
f 4748 4789 4749
f 4749 4789 4790
f 4749 4790 4750
f 4750 4790 4791
f 4750 4791 4751
f 4751 4791 4792
f 4751 4792 4752
f 4752 4792 4793
f 4752 4793 4753
f 4753 4793 4794
f 4753 4794 4754
f 4754 4794 4795
f 4754 4795 4755
f 4755 4795 4796
f 4755 4796 4756
f 4756 4796 4797
f 4756 4797 4757
f 4757 4797 4798
f 4757 4798 4758
f 4758 4798 4799
f 4758 4799 4759
f 4759 4799 4800
f 4759 4800 4760
f 4760 4800 4761
f 4760 4761 4721
f 4761 4801 4802
f 4761 4802 4762
f 4762 4802 4803
f 4762 4803 4763
f 4763 4803 4804
f 4763 4804 4764
f 4764 4804 4805
f 4764 4805 4765
f 4765 4805 4806
f 4765 4806 4766
f 4766 4806 4807
f 4766 4807 4767
f 4767 4807 4808
f 4767 4808 4768
f 4768 4808 4809
f 4768 4809 4769
f 4769 4809 4810
f 4769 4810 4770
f 4770 4810 4811
f 4770 4811 4771
f 4771 4811 4812
f 4771 4812 4772
f 4772 4812 4813
f 4772 4813 4773
f 4773 4813 4814
f 4773 4814 4774
f 4774 4814 4815
f 4774 4815 4775
f 4775 4815 4816
f 4775 4816 4776
f 4776 4816 4817
f 4776 4817 4777
f 4777 4817 4818
f 4777 4818 4778
f 4778 4818 4819
f 4778 4819 4779
f 4779 4819 4820
f 4779 4820 4780
f 4780 4820 4821
f 4780 4821 4781
f 4781 4821 4822
f 4781 4822 4782
f 4782 4822 4823
f 4782 4823 4783
f 4783 4823 4824
f 4783 4824 4784
f 4784 4824 4825
f 4784 4825 4785
f 4785 4825 4826
f 4785 4826 4786
f 4786 4826 4827
f 4786 4827 4787
f 4787 4827 4828
f 4787 4828 4788
f 4788 4828 4829
f 4788 4829 4789
f 4789 4829 4830
f 4789 4830 4790
f 4790 4830 4831
f 4790 4831 4791
f 4791 4831 4832
f 4791 4832 4792
f 4792 4832 4833
f 4792 4833 4793
f 4793 4833 4834
f 4793 4834 4794
f 4794 4834 4835
f 4794 4835 4795
f 4795 4835 4836
f 4795 4836 4796
f 4796 4836 4837
f 4796 4837 4797
f 4797 4837 4838
f 4797 4838 4798
f 4798 4838 4839
f 4798 4839 4799
f 4799 4839 4840
f 4799 4840 4800
f 4800 4840 4801
f 4800 4801 4761
f 4801 4841 4842
f 4801 4842 4802
f 4802 4842 4843
f 4802 4843 4803
f 4803 4843 4844
f 4803 4844 4804
f 4804 4844 4845
f 4804 4845 4805
f 4805 4845 4846
f 4805 4846 4806
f 4806 4846 4847
f 4806 4847 4807
f 4807 4847 4848
f 4807 4848 4808
f 4808 4848 4849
f 4808 4849 4809
f 4809 4849 4850
f 4809 4850 4810
f 4810 4850 4851
f 4810 4851 4811
f 4811 4851 4852
f 4811 4852 4812
f 4812 4852 4853
f 4812 4853 4813
f 4813 4853 4854
f 4813 4854 4814
f 4814 4854 4855
f 4814 4855 4815
f 4815 4855 4856
f 4815 4856 4816
f 4816 4856 4857
f 4816 4857 4817
f 4817 4857 4858
f 4817 4858 4818
f 4818 4858 4859
f 4818 4859 4819
f 4819 4859 4860
f 4819 4860 4820
f 4820 4860 4861
f 4820 4861 4821
f 4821 4861 4862
f 4821 4862 4822
f 4822 4862 4863
f 4822 4863 4823
f 4823 4863 4864
f 4823 4864 4824
f 4824 4864 4865
f 4824 4865 4825
f 4825 4865 4866
f 4825 4866 4826
f 4826 4866 4867
f 4826 4867 4827
f 4827 4867 4868
f 4827 4868 4828
f 4828 4868 4869
f 4828 4869 4829
f 4829 4869 4870
f 4829 4870 4830
f 4830 4870 4871
f 4830 4871 4831
f 4831 4871 4872
f 4831 4872 4832
f 4832 4872 4873
f 4832 4873 4833
f 4833 4873 4874
f 4833 4874 4834
f 4834 4874 4875
f 4834 4875 4835
f 4835 4875 4876
f 4835 4876 4836
f 4836 4876 4877
f 4836 4877 4837
f 4837 4877 4878
f 4837 4878 4838
f 4838 4878 4879
f 4838 4879 4839
f 4839 4879 4880
f 4839 4880 4840
f 4840 4880 4841
f 4840 4841 4801
f 4841 4881 4882
f 4841 4882 4842
f 4842 4882 4883
f 4842 4883 4843
f 4843 4883 4884
f 4843 4884 4844
f 4844 4884 4885
f 4844 4885 4845
f 4845 4885 4886
f 4845 4886 4846
f 4846 4886 4887
f 4846 4887 4847
f 4847 4887 4888
f 4847 4888 4848
f 4848 4888 4889
f 4848 4889 4849
f 4849 4889 4890
f 4849 4890 4850
f 4850 4890 4891
f 4850 4891 4851
f 4851 4891 4892
f 4851 4892 4852
f 4852 4892 4893
f 4852 4893 4853
f 4853 4893 4894
f 4853 4894 4854
f 4854 4894 4895
f 4854 4895 4855
f 4855 4895 4896
f 4855 4896 4856
f 4856 4896 4897
f 4856 4897 4857
f 4857 4897 4898
f 4857 4898 4858
f 4858 4898 4899
f 4858 4899 4859
f 4859 4899 4900
f 4859 4900 4860
f 4860 4900 4901
f 4860 4901 4861
f 4861 4901 4902
f 4861 4902 4862
f 4862 4902 4903
f 4862 4903 4863
f 4863 4903 4904
f 4863 4904 4864
f 4864 4904 4905
f 4864 4905 4865
f 4865 4905 4906
f 4865 4906 4866
f 4866 4906 4907
f 4866 4907 4867
f 4867 4907 4908
f 4867 4908 4868
f 4868 4908 4909
f 4868 4909 4869
f 4869 4909 4910
f 4869 4910 4870
f 4870 4910 4911
f 4870 4911 4871
f 4871 4911 4912
f 4871 4912 4872
f 4872 4912 4913
f 4872 4913 4873
f 4873 4913 4914
f 4873 4914 4874
f 4874 4914 4915
f 4874 4915 4875
f 4875 4915 4916
f 4875 4916 4876
f 4876 4916 4917
f 4876 4917 4877
f 4877 4917 4918
f 4877 4918 4878
f 4878 4918 4919
f 4878 4919 4879
f 4879 4919 4920
f 4879 4920 4880
f 4880 4920 4881
f 4880 4881 4841
f 4881 4921 4922
f 4881 4922 4882
f 4882 4922 4923
f 4882 4923 4883
f 4883 4923 4924
f 4883 4924 4884
f 4884 4924 4925
f 4884 4925 4885
f 4885 4925 4926
f 4885 4926 4886
f 4886 4926 4927
f 4886 4927 4887
f 4887 4927 4928
f 4887 4928 4888
f 4888 4928 4929
f 4888 4929 4889
f 4889 4929 4930
f 4889 4930 4890
f 4890 4930 4931
f 4890 4931 4891
f 4891 4931 4932
f 4891 4932 4892
f 4892 4932 4933
f 4892 4933 4893
f 4893 4933 4934
f 4893 4934 4894
f 4894 4934 4935
f 4894 4935 4895
f 4895 4935 4936
f 4895 4936 4896
f 4896 4936 4937
f 4896 4937 4897
f 4897 4937 4938
f 4897 4938 4898
f 4898 4938 4939
f 4898 4939 4899
f 4899 4939 4940
f 4899 4940 4900
f 4900 4940 4941
f 4900 4941 4901
f 4901 4941 4942
f 4901 4942 4902
f 4902 4942 4943
f 4902 4943 4903
f 4903 4943 4944
f 4903 4944 4904
f 4904 4944 4945
f 4904 4945 4905
f 4905 4945 4946
f 4905 4946 4906
f 4906 4946 4947
f 4906 4947 4907
f 4907 4947 4948
f 4907 4948 4908
f 4908 4948 4949
f 4908 4949 4909
f 4909 4949 4950
f 4909 4950 4910
f 4910 4950 4951
f 4910 4951 4911
f 4911 4951 4952
f 4911 4952 4912
f 4912 4952 4953
f 4912 4953 4913
f 4913 4953 4954
f 4913 4954 4914
f 4914 4954 4955
f 4914 4955 4915
f 4915 4955 4956
f 4915 4956 4916
f 4916 4956 4957
f 4916 4957 4917
f 4917 4957 4958
f 4917 4958 4918
f 4918 4958 4959
f 4918 4959 4919
f 4919 4959 4960
f 4919 4960 4920
f 4920 4960 4921
f 4920 4921 4881
f 4921 4961 4962
f 4921 4962 4922
f 4922 4962 4963
f 4922 4963 4923
f 4923 4963 4964
f 4923 4964 4924
f 4924 4964 4965
f 4924 4965 4925
f 4925 4965 4966
f 4925 4966 4926
f 4926 4966 4967
f 4926 4967 4927
f 4927 4967 4968
f 4927 4968 4928
f 4928 4968 4969
f 4928 4969 4929
f 4929 4969 4970
f 4929 4970 4930
f 4930 4970 4971
f 4930 4971 4931
f 4931 4971 4972
f 4931 4972 4932
f 4932 4972 4973
f 4932 4973 4933
f 4933 4973 4974
f 4933 4974 4934
f 4934 4974 4975
f 4934 4975 4935
f 4935 4975 4976
f 4935 4976 4936
f 4936 4976 4977
f 4936 4977 4937
f 4937 4977 4978
f 4937 4978 4938
f 4938 4978 4979
f 4938 4979 4939
f 4939 4979 4980
f 4939 4980 4940
f 4940 4980 4981
f 4940 4981 4941
f 4941 4981 4982
f 4941 4982 4942
f 4942 4982 4983
f 4942 4983 4943
f 4943 4983 4984
f 4943 4984 4944
f 4944 4984 4985
f 4944 4985 4945
f 4945 4985 4986
f 4945 4986 4946
f 4946 4986 4987
f 4946 4987 4947
f 4947 4987 4988
f 4947 4988 4948
f 4948 4988 4989
f 4948 4989 4949
f 4949 4989 4990
f 4949 4990 4950
f 4950 4990 4991
f 4950 4991 4951
f 4951 4991 4992
f 4951 4992 4952
f 4952 4992 4993
f 4952 4993 4953
f 4953 4993 4994
f 4953 4994 4954
f 4954 4994 4995
f 4954 4995 4955
f 4955 4995 4996
f 4955 4996 4956
f 4956 4996 4997
f 4956 4997 4957
f 4957 4997 4998
f 4957 4998 4958
f 4958 4998 4999
f 4958 4999 4959
f 4959 4999 5000
f 4959 5000 4960
f 4960 5000 4961
f 4960 4961 4921
f 4961 5001 5002
f 4961 5002 4962
f 4962 5002 5003
f 4962 5003 4963
f 4963 5003 5004
f 4963 5004 4964
f 4964 5004 5005
f 4964 5005 4965
f 4965 5005 5006
f 4965 5006 4966
f 4966 5006 5007
f 4966 5007 4967
f 4967 5007 5008
f 4967 5008 4968
f 4968 5008 5009
f 4968 5009 4969
f 4969 5009 5010
f 4969 5010 4970
f 4970 5010 5011
f 4970 5011 4971
f 4971 5011 5012
f 4971 5012 4972
f 4972 5012 5013
f 4972 5013 4973
f 4973 5013 5014
f 4973 5014 4974
f 4974 5014 5015
f 4974 5015 4975
f 4975 5015 5016
f 4975 5016 4976
f 4976 5016 5017
f 4976 5017 4977
f 4977 5017 5018
f 4977 5018 4978
f 4978 5018 5019
f 4978 5019 4979
f 4979 5019 5020
f 4979 5020 4980
f 4980 5020 5021
f 4980 5021 4981
f 4981 5021 5022
f 4981 5022 4982
f 4982 5022 5023
f 4982 5023 4983
f 4983 5023 5024
f 4983 5024 4984
f 4984 5024 5025
f 4984 5025 4985
f 4985 5025 5026
f 4985 5026 4986
f 4986 5026 5027
f 4986 5027 4987
f 4987 5027 5028
f 4987 5028 4988
f 4988 5028 5029
f 4988 5029 4989
f 4989 5029 5030
f 4989 5030 4990
f 4990 5030 5031
f 4990 5031 4991
f 4991 5031 5032
f 4991 5032 4992
f 4992 5032 5033
f 4992 5033 4993
f 4993 5033 5034
f 4993 5034 4994
f 4994 5034 5035
f 4994 5035 4995
f 4995 5035 5036
f 4995 5036 4996
f 4996 5036 5037
f 4996 5037 4997
f 4997 5037 5038
f 4997 5038 4998
f 4998 5038 5039
f 4998 5039 4999
f 4999 5039 5040
f 4999 5040 5000
f 5000 5040 5001
f 5000 5001 4961
f 5001 5041 5042
f 5001 5042 5002
f 5002 5042 5043
f 5002 5043 5003
f 5003 5043 5044
f 5003 5044 5004
f 5004 5044 5045
f 5004 5045 5005
f 5005 5045 5046
f 5005 5046 5006
f 5006 5046 5047
f 5006 5047 5007
f 5007 5047 5048
f 5007 5048 5008
f 5008 5048 5049
f 5008 5049 5009
f 5009 5049 5050
f 5009 5050 5010
f 5010 5050 5051
f 5010 5051 5011
f 5011 5051 5052
f 5011 5052 5012
f 5012 5052 5053
f 5012 5053 5013
f 5013 5053 5054
f 5013 5054 5014
f 5014 5054 5055
f 5014 5055 5015
f 5015 5055 5056
f 5015 5056 5016
f 5016 5056 5057
f 5016 5057 5017
f 5017 5057 5058
f 5017 5058 5018
f 5018 5058 5059
f 5018 5059 5019
f 5019 5059 5060
f 5019 5060 5020
f 5020 5060 5061
f 5020 5061 5021
f 5021 5061 5062
f 5021 5062 5022
f 5022 5062 5063
f 5022 5063 5023
f 5023 5063 5064
f 5023 5064 5024
f 5024 5064 5065
f 5024 5065 5025
f 5025 5065 5066
f 5025 5066 5026
f 5026 5066 5067
f 5026 5067 5027
f 5027 5067 5068
f 5027 5068 5028
f 5028 5068 5069
f 5028 5069 5029
f 5029 5069 5070
f 5029 5070 5030
f 5030 5070 5071
f 5030 5071 5031
f 5031 5071 5072
f 5031 5072 5032
f 5032 5072 5073
f 5032 5073 5033
f 5033 5073 5074
f 5033 5074 5034
f 5034 5074 5075
f 5034 5075 5035
f 5035 5075 5076
f 5035 5076 5036
f 5036 5076 5077
f 5036 5077 5037
f 5037 5077 5078
f 5037 5078 5038
f 5038 5078 5079
f 5038 5079 5039
f 5039 5079 5080
f 5039 5080 5040
f 5040 5080 5041
f 5040 5041 5001
f 5041 5081 5082
f 5041 5082 5042
f 5042 5082 5083
f 5042 5083 5043
f 5043 5083 5084
f 5043 5084 5044
f 5044 5084 5085
f 5044 5085 5045
f 5045 5085 5086
f 5045 5086 5046
f 5046 5086 5087
f 5046 5087 5047
f 5047 5087 5088
f 5047 5088 5048
f 5048 5088 5089
f 5048 5089 5049
f 5049 5089 5090
f 5049 5090 5050
f 5050 5090 5091
f 5050 5091 5051
f 5051 5091 5092
f 5051 5092 5052
f 5052 5092 5093
f 5052 5093 5053
f 5053 5093 5094
f 5053 5094 5054
f 5054 5094 5095
f 5054 5095 5055
f 5055 5095 5096
f 5055 5096 5056
f 5056 5096 5097
f 5056 5097 5057
f 5057 5097 5098
f 5057 5098 5058
f 5058 5098 5099
f 5058 5099 5059
f 5059 5099 5100
f 5059 5100 5060
f 5060 5100 5101
f 5060 5101 5061
f 5061 5101 5102
f 5061 5102 5062
f 5062 5102 5103
f 5062 5103 5063
f 5063 5103 5104
f 5063 5104 5064
f 5064 5104 5105
f 5064 5105 5065
f 5065 5105 5106
f 5065 5106 5066
f 5066 5106 5107
f 5066 5107 5067
f 5067 5107 5108
f 5067 5108 5068
f 5068 5108 5109
f 5068 5109 5069
f 5069 5109 5110
f 5069 5110 5070
f 5070 5110 5111
f 5070 5111 5071
f 5071 5111 5112
f 5071 5112 5072
f 5072 5112 5113
f 5072 5113 5073
f 5073 5113 5114
f 5073 5114 5074
f 5074 5114 5115
f 5074 5115 5075
f 5075 5115 5116
f 5075 5116 5076
f 5076 5116 5117
f 5076 5117 5077
f 5077 5117 5118
f 5077 5118 5078
f 5078 5118 5119
f 5078 5119 5079
f 5079 5119 5120
f 5079 5120 5080
f 5080 5120 5081
f 5080 5081 5041
f 5081 5121 5122
f 5081 5122 5082
f 5082 5122 5123
f 5082 5123 5083
f 5083 5123 5124
f 5083 5124 5084
f 5084 5124 5125
f 5084 5125 5085
f 5085 5125 5126
f 5085 5126 5086
f 5086 5126 5127
f 5086 5127 5087
f 5087 5127 5128
f 5087 5128 5088
f 5088 5128 5129
f 5088 5129 5089
f 5089 5129 5130
f 5089 5130 5090
f 5090 5130 5131
f 5090 5131 5091
f 5091 5131 5132
f 5091 5132 5092
f 5092 5132 5133
f 5092 5133 5093
f 5093 5133 5134
f 5093 5134 5094
f 5094 5134 5135
f 5094 5135 5095
f 5095 5135 5136
f 5095 5136 5096
f 5096 5136 5137
f 5096 5137 5097
f 5097 5137 5138
f 5097 5138 5098
f 5098 5138 5139
f 5098 5139 5099
f 5099 5139 5140
f 5099 5140 5100
f 5100 5140 5141
f 5100 5141 5101
f 5101 5141 5142
f 5101 5142 5102
f 5102 5142 5143
f 5102 5143 5103
f 5103 5143 5144
f 5103 5144 5104
f 5104 5144 5145
f 5104 5145 5105
f 5105 5145 5146
f 5105 5146 5106
f 5106 5146 5147
f 5106 5147 5107
f 5107 5147 5148
f 5107 5148 5108
f 5108 5148 5149
f 5108 5149 5109
f 5109 5149 5150
f 5109 5150 5110
f 5110 5150 5151
f 5110 5151 5111
f 5111 5151 5152
f 5111 5152 5112
f 5112 5152 5153
f 5112 5153 5113
f 5113 5153 5154
f 5113 5154 5114
f 5114 5154 5155
f 5114 5155 5115
f 5115 5155 5156
f 5115 5156 5116
f 5116 5156 5157
f 5116 5157 5117
f 5117 5157 5158
f 5117 5158 5118
f 5118 5158 5159
f 5118 5159 5119
f 5119 5159 5160
f 5119 5160 5120
f 5120 5160 5121
f 5120 5121 5081
f 5121 5161 5162
f 5121 5162 5122
f 5122 5162 5163
f 5122 5163 5123
f 5123 5163 5164
f 5123 5164 5124
f 5124 5164 5165
f 5124 5165 5125
f 5125 5165 5166
f 5125 5166 5126
f 5126 5166 5167
f 5126 5167 5127
f 5127 5167 5168
f 5127 5168 5128
f 5128 5168 5169
f 5128 5169 5129
f 5129 5169 5170
f 5129 5170 5130
f 5130 5170 5171
f 5130 5171 5131
f 5131 5171 5172
f 5131 5172 5132
f 5132 5172 5173
f 5132 5173 5133
f 5133 5173 5174
f 5133 5174 5134
f 5134 5174 5175
f 5134 5175 5135
f 5135 5175 5176
f 5135 5176 5136
f 5136 5176 5177
f 5136 5177 5137
f 5137 5177 5178
f 5137 5178 5138
f 5138 5178 5179
f 5138 5179 5139
f 5139 5179 5180
f 5139 5180 5140
f 5140 5180 5181
f 5140 5181 5141
f 5141 5181 5182
f 5141 5182 5142
f 5142 5182 5183
f 5142 5183 5143
f 5143 5183 5184
f 5143 5184 5144
f 5144 5184 5185
f 5144 5185 5145
f 5145 5185 5186
f 5145 5186 5146
f 5146 5186 5187
f 5146 5187 5147
f 5147 5187 5188
f 5147 5188 5148
f 5148 5188 5189
f 5148 5189 5149
f 5149 5189 5190
f 5149 5190 5150
f 5150 5190 5191
f 5150 5191 5151
f 5151 5191 5192
f 5151 5192 5152
f 5152 5192 5193
f 5152 5193 5153
f 5153 5193 5194
f 5153 5194 5154
f 5154 5194 5195
f 5154 5195 5155
f 5155 5195 5196
f 5155 5196 5156
f 5156 5196 5197
f 5156 5197 5157
f 5157 5197 5198
f 5157 5198 5158
f 5158 5198 5199
f 5158 5199 5159
f 5159 5199 5200
f 5159 5200 5160
f 5160 5200 5161
f 5160 5161 5121
f 5161 5201 5202
f 5161 5202 5162
f 5162 5202 5203
f 5162 5203 5163
f 5163 5203 5204
f 5163 5204 5164
f 5164 5204 5205
f 5164 5205 5165
f 5165 5205 5206
f 5165 5206 5166
f 5166 5206 5207
f 5166 5207 5167
f 5167 5207 5208
f 5167 5208 5168
f 5168 5208 5209
f 5168 5209 5169
f 5169 5209 5210
f 5169 5210 5170
f 5170 5210 5211
f 5170 5211 5171
f 5171 5211 5212
f 5171 5212 5172
f 5172 5212 5213
f 5172 5213 5173
f 5173 5213 5214
f 5173 5214 5174
f 5174 5214 5215
f 5174 5215 5175
f 5175 5215 5216
f 5175 5216 5176
f 5176 5216 5217
f 5176 5217 5177
f 5177 5217 5218
f 5177 5218 5178
f 5178 5218 5219
f 5178 5219 5179
f 5179 5219 5220
f 5179 5220 5180
f 5180 5220 5221
f 5180 5221 5181
f 5181 5221 5222
f 5181 5222 5182
f 5182 5222 5223
f 5182 5223 5183
f 5183 5223 5224
f 5183 5224 5184
f 5184 5224 5225
f 5184 5225 5185
f 5185 5225 5226
f 5185 5226 5186
f 5186 5226 5227
f 5186 5227 5187
f 5187 5227 5228
f 5187 5228 5188
f 5188 5228 5229
f 5188 5229 5189
f 5189 5229 5230
f 5189 5230 5190
f 5190 5230 5231
f 5190 5231 5191
f 5191 5231 5232
f 5191 5232 5192
f 5192 5232 5233
f 5192 5233 5193
f 5193 5233 5234
f 5193 5234 5194
f 5194 5234 5235
f 5194 5235 5195
f 5195 5235 5236
f 5195 5236 5196
f 5196 5236 5237
f 5196 5237 5197
f 5197 5237 5238
f 5197 5238 5198
f 5198 5238 5239
f 5198 5239 5199
f 5199 5239 5240
f 5199 5240 5200
f 5200 5240 5201
f 5200 5201 5161
f 5201 5241 5242
f 5201 5242 5202
f 5202 5242 5243
f 5202 5243 5203
f 5203 5243 5244
f 5203 5244 5204
f 5204 5244 5245
f 5204 5245 5205
f 5205 5245 5246
f 5205 5246 5206
f 5206 5246 5247
f 5206 5247 5207
f 5207 5247 5248
f 5207 5248 5208
f 5208 5248 5249
f 5208 5249 5209
f 5209 5249 5250
f 5209 5250 5210
f 5210 5250 5251
f 5210 5251 5211
f 5211 5251 5252
f 5211 5252 5212
f 5212 5252 5253
f 5212 5253 5213
f 5213 5253 5254
f 5213 5254 5214
f 5214 5254 5255
f 5214 5255 5215
f 5215 5255 5256
f 5215 5256 5216
f 5216 5256 5257
f 5216 5257 5217
f 5217 5257 5258
f 5217 5258 5218
f 5218 5258 5259
f 5218 5259 5219
f 5219 5259 5260
f 5219 5260 5220
f 5220 5260 5261
f 5220 5261 5221
f 5221 5261 5262
f 5221 5262 5222
f 5222 5262 5263
f 5222 5263 5223
f 5223 5263 5264
f 5223 5264 5224
f 5224 5264 5265
f 5224 5265 5225
f 5225 5265 5266
f 5225 5266 5226
f 5226 5266 5267
f 5226 5267 5227
f 5227 5267 5268
f 5227 5268 5228
f 5228 5268 5269
f 5228 5269 5229
f 5229 5269 5270
f 5229 5270 5230
f 5230 5270 5271
f 5230 5271 5231
f 5231 5271 5272
f 5231 5272 5232
f 5232 5272 5273
f 5232 5273 5233
f 5233 5273 5274
f 5233 5274 5234
f 5234 5274 5275
f 5234 5275 5235
f 5235 5275 5276
f 5235 5276 5236
f 5236 5276 5277
f 5236 5277 5237
f 5237 5277 5278
f 5237 5278 5238
f 5238 5278 5279
f 5238 5279 5239
f 5239 5279 5280
f 5239 5280 5240
f 5240 5280 5241
f 5240 5241 5201
f 5241 5281 5282
f 5241 5282 5242
f 5242 5282 5283
f 5242 5283 5243
f 5243 5283 5284
f 5243 5284 5244
f 5244 5284 5285
f 5244 5285 5245
f 5245 5285 5286
f 5245 5286 5246
f 5246 5286 5287
f 5246 5287 5247
f 5247 5287 5288
f 5247 5288 5248
f 5248 5288 5289
f 5248 5289 5249
f 5249 5289 5290
f 5249 5290 5250
f 5250 5290 5291
f 5250 5291 5251
f 5251 5291 5292
f 5251 5292 5252
f 5252 5292 5293
f 5252 5293 5253
f 5253 5293 5294
f 5253 5294 5254
f 5254 5294 5295
f 5254 5295 5255
f 5255 5295 5296
f 5255 5296 5256
f 5256 5296 5297
f 5256 5297 5257
f 5257 5297 5298
f 5257 5298 5258
f 5258 5298 5299
f 5258 5299 5259
f 5259 5299 5300
f 5259 5300 5260
f 5260 5300 5301
f 5260 5301 5261
f 5261 5301 5302
f 5261 5302 5262
f 5262 5302 5303
f 5262 5303 5263
f 5263 5303 5304
f 5263 5304 5264
f 5264 5304 5305
f 5264 5305 5265
f 5265 5305 5306
f 5265 5306 5266
f 5266 5306 5307
f 5266 5307 5267
f 5267 5307 5308
f 5267 5308 5268
f 5268 5308 5309
f 5268 5309 5269
f 5269 5309 5310
f 5269 5310 5270
f 5270 5310 5311
f 5270 5311 5271
f 5271 5311 5312
f 5271 5312 5272
f 5272 5312 5313
f 5272 5313 5273
f 5273 5313 5314
f 5273 5314 5274
f 5274 5314 5315
f 5274 5315 5275
f 5275 5315 5316
f 5275 5316 5276
f 5276 5316 5317
f 5276 5317 5277
f 5277 5317 5318
f 5277 5318 5278
f 5278 5318 5319
f 5278 5319 5279
f 5279 5319 5320
f 5279 5320 5280
f 5280 5320 5281
f 5280 5281 5241
f 5281 5321 5322
f 5281 5322 5282
f 5282 5322 5323
f 5282 5323 5283
f 5283 5323 5324
f 5283 5324 5284
f 5284 5324 5325
f 5284 5325 5285
f 5285 5325 5326
f 5285 5326 5286
f 5286 5326 5327
f 5286 5327 5287
f 5287 5327 5328
f 5287 5328 5288
f 5288 5328 5329
f 5288 5329 5289
f 5289 5329 5330
f 5289 5330 5290
f 5290 5330 5331
f 5290 5331 5291
f 5291 5331 5332
f 5291 5332 5292
f 5292 5332 5333
f 5292 5333 5293
f 5293 5333 5334
f 5293 5334 5294
f 5294 5334 5335
f 5294 5335 5295
f 5295 5335 5336
f 5295 5336 5296
f 5296 5336 5337
f 5296 5337 5297
f 5297 5337 5338
f 5297 5338 5298
f 5298 5338 5339
f 5298 5339 5299
f 5299 5339 5340
f 5299 5340 5300
f 5300 5340 5341
f 5300 5341 5301
f 5301 5341 5342
f 5301 5342 5302
f 5302 5342 5343
f 5302 5343 5303
f 5303 5343 5344
f 5303 5344 5304
f 5304 5344 5345
f 5304 5345 5305
f 5305 5345 5346
f 5305 5346 5306
f 5306 5346 5347
f 5306 5347 5307
f 5307 5347 5348
f 5307 5348 5308
f 5308 5348 5349
f 5308 5349 5309
f 5309 5349 5350
f 5309 5350 5310
f 5310 5350 5351
f 5310 5351 5311
f 5311 5351 5352
f 5311 5352 5312
f 5312 5352 5353
f 5312 5353 5313
f 5313 5353 5354
f 5313 5354 5314
f 5314 5354 5355
f 5314 5355 5315
f 5315 5355 5356
f 5315 5356 5316
f 5316 5356 5357
f 5316 5357 5317
f 5317 5357 5358
f 5317 5358 5318
f 5318 5358 5359
f 5318 5359 5319
f 5319 5359 5360
f 5319 5360 5320
f 5320 5360 5321
f 5320 5321 5281
f 5321 5361 5362
f 5321 5362 5322
f 5322 5362 5363
f 5322 5363 5323
f 5323 5363 5364
f 5323 5364 5324
f 5324 5364 5365
f 5324 5365 5325
f 5325 5365 5366
f 5325 5366 5326
f 5326 5366 5367
f 5326 5367 5327
f 5327 5367 5368
f 5327 5368 5328
f 5328 5368 5369
f 5328 5369 5329
f 5329 5369 5370
f 5329 5370 5330
f 5330 5370 5371
f 5330 5371 5331
f 5331 5371 5372
f 5331 5372 5332
f 5332 5372 5373
f 5332 5373 5333
f 5333 5373 5374
f 5333 5374 5334
f 5334 5374 5375
f 5334 5375 5335
f 5335 5375 5376
f 5335 5376 5336
f 5336 5376 5377
f 5336 5377 5337
f 5337 5377 5378
f 5337 5378 5338
f 5338 5378 5379
f 5338 5379 5339
f 5339 5379 5380
f 5339 5380 5340
f 5340 5380 5381
f 5340 5381 5341
f 5341 5381 5382
f 5341 5382 5342
f 5342 5382 5383
f 5342 5383 5343
f 5343 5383 5384
f 5343 5384 5344
f 5344 5384 5385
f 5344 5385 5345
f 5345 5385 5386
f 5345 5386 5346
f 5346 5386 5387
f 5346 5387 5347
f 5347 5387 5388
f 5347 5388 5348
f 5348 5388 5389
f 5348 5389 5349
f 5349 5389 5390
f 5349 5390 5350
f 5350 5390 5391
f 5350 5391 5351
f 5351 5391 5392
f 5351 5392 5352
f 5352 5392 5393
f 5352 5393 5353
f 5353 5393 5394
f 5353 5394 5354
f 5354 5394 5395
f 5354 5395 5355
f 5355 5395 5396
f 5355 5396 5356
f 5356 5396 5397
f 5356 5397 5357
f 5357 5397 5398
f 5357 5398 5358
f 5358 5398 5399
f 5358 5399 5359
f 5359 5399 5400
f 5359 5400 5360
f 5360 5400 5361
f 5360 5361 5321
f 5361 5401 5402
f 5361 5402 5362
f 5362 5402 5403
f 5362 5403 5363
f 5363 5403 5404
f 5363 5404 5364
f 5364 5404 5405
f 5364 5405 5365
f 5365 5405 5406
f 5365 5406 5366
f 5366 5406 5407
f 5366 5407 5367
f 5367 5407 5408
f 5367 5408 5368
f 5368 5408 5409
f 5368 5409 5369
f 5369 5409 5410
f 5369 5410 5370
f 5370 5410 5411
f 5370 5411 5371
f 5371 5411 5412
f 5371 5412 5372
f 5372 5412 5413
f 5372 5413 5373
f 5373 5413 5414
f 5373 5414 5374
f 5374 5414 5415
f 5374 5415 5375
f 5375 5415 5416
f 5375 5416 5376
f 5376 5416 5417
f 5376 5417 5377
f 5377 5417 5418
f 5377 5418 5378
f 5378 5418 5419
f 5378 5419 5379
f 5379 5419 5420
f 5379 5420 5380
f 5380 5420 5421
f 5380 5421 5381
f 5381 5421 5422
f 5381 5422 5382
f 5382 5422 5423
f 5382 5423 5383
f 5383 5423 5424
f 5383 5424 5384
f 5384 5424 5425
f 5384 5425 5385
f 5385 5425 5426
f 5385 5426 5386
f 5386 5426 5427
f 5386 5427 5387
f 5387 5427 5428
f 5387 5428 5388
f 5388 5428 5429
f 5388 5429 5389
f 5389 5429 5430
f 5389 5430 5390
f 5390 5430 5431
f 5390 5431 5391
f 5391 5431 5432
f 5391 5432 5392
f 5392 5432 5433
f 5392 5433 5393
f 5393 5433 5434
f 5393 5434 5394
f 5394 5434 5435
f 5394 5435 5395
f 5395 5435 5436
f 5395 5436 5396
f 5396 5436 5437
f 5396 5437 5397
f 5397 5437 5438
f 5397 5438 5398
f 5398 5438 5439
f 5398 5439 5399
f 5399 5439 5440
f 5399 5440 5400
f 5400 5440 5401
f 5400 5401 5361
f 5401 5441 5442
f 5401 5442 5402
f 5402 5442 5443
f 5402 5443 5403
f 5403 5443 5444
f 5403 5444 5404
f 5404 5444 5445
f 5404 5445 5405
f 5405 5445 5446
f 5405 5446 5406
f 5406 5446 5447
f 5406 5447 5407
f 5407 5447 5448
f 5407 5448 5408
f 5408 5448 5449
f 5408 5449 5409
f 5409 5449 5450
f 5409 5450 5410
f 5410 5450 5451
f 5410 5451 5411
f 5411 5451 5452
f 5411 5452 5412
f 5412 5452 5453
f 5412 5453 5413
f 5413 5453 5454
f 5413 5454 5414
f 5414 5454 5455
f 5414 5455 5415
f 5415 5455 5456
f 5415 5456 5416
f 5416 5456 5457
f 5416 5457 5417
f 5417 5457 5458
f 5417 5458 5418
f 5418 5458 5459
f 5418 5459 5419
f 5419 5459 5460
f 5419 5460 5420
f 5420 5460 5461
f 5420 5461 5421
f 5421 5461 5462
f 5421 5462 5422
f 5422 5462 5463
f 5422 5463 5423
f 5423 5463 5464
f 5423 5464 5424
f 5424 5464 5465
f 5424 5465 5425
f 5425 5465 5466
f 5425 5466 5426
f 5426 5466 5467
f 5426 5467 5427
f 5427 5467 5468
f 5427 5468 5428
f 5428 5468 5469
f 5428 5469 5429
f 5429 5469 5470
f 5429 5470 5430
f 5430 5470 5471
f 5430 5471 5431
f 5431 5471 5472
f 5431 5472 5432
f 5432 5472 5473
f 5432 5473 5433
f 5433 5473 5474
f 5433 5474 5434
f 5434 5474 5475
f 5434 5475 5435
f 5435 5475 5476
f 5435 5476 5436
f 5436 5476 5477
f 5436 5477 5437
f 5437 5477 5478
f 5437 5478 5438
f 5438 5478 5479
f 5438 5479 5439
f 5439 5479 5480
f 5439 5480 5440
f 5440 5480 5441
f 5440 5441 5401
f 5441 5481 5482
f 5441 5482 5442
f 5442 5482 5483
f 5442 5483 5443
f 5443 5483 5484
f 5443 5484 5444
f 5444 5484 5485
f 5444 5485 5445
f 5445 5485 5486
f 5445 5486 5446
f 5446 5486 5487
f 5446 5487 5447
f 5447 5487 5488
f 5447 5488 5448
f 5448 5488 5489
f 5448 5489 5449
f 5449 5489 5490
f 5449 5490 5450
f 5450 5490 5491
f 5450 5491 5451
f 5451 5491 5492
f 5451 5492 5452
f 5452 5492 5493
f 5452 5493 5453
f 5453 5493 5494
f 5453 5494 5454
f 5454 5494 5495
f 5454 5495 5455
f 5455 5495 5496
f 5455 5496 5456
f 5456 5496 5497
f 5456 5497 5457
f 5457 5497 5498
f 5457 5498 5458
f 5458 5498 5499
f 5458 5499 5459
f 5459 5499 5500
f 5459 5500 5460
f 5460 5500 5501
f 5460 5501 5461
f 5461 5501 5502
f 5461 5502 5462
f 5462 5502 5503
f 5462 5503 5463
f 5463 5503 5504
f 5463 5504 5464
f 5464 5504 5505
f 5464 5505 5465
f 5465 5505 5506
f 5465 5506 5466
f 5466 5506 5507
f 5466 5507 5467
f 5467 5507 5508
f 5467 5508 5468
f 5468 5508 5509
f 5468 5509 5469
f 5469 5509 5510
f 5469 5510 5470
f 5470 5510 5511
f 5470 5511 5471
f 5471 5511 5512
f 5471 5512 5472
f 5472 5512 5513
f 5472 5513 5473
f 5473 5513 5514
f 5473 5514 5474
f 5474 5514 5515
f 5474 5515 5475
f 5475 5515 5516
f 5475 5516 5476
f 5476 5516 5517
f 5476 5517 5477
f 5477 5517 5518
f 5477 5518 5478
f 5478 5518 5519
f 5478 5519 5479
f 5479 5519 5520
f 5479 5520 5480
f 5480 5520 5481
f 5480 5481 5441
f 5481 5521 5522
f 5481 5522 5482
f 5482 5522 5523
f 5482 5523 5483
f 5483 5523 5524
f 5483 5524 5484
f 5484 5524 5525
f 5484 5525 5485
f 5485 5525 5526
f 5485 5526 5486
f 5486 5526 5527
f 5486 5527 5487
f 5487 5527 5528
f 5487 5528 5488
f 5488 5528 5529
f 5488 5529 5489
f 5489 5529 5530
f 5489 5530 5490
f 5490 5530 5531
f 5490 5531 5491
f 5491 5531 5532
f 5491 5532 5492
f 5492 5532 5533
f 5492 5533 5493
f 5493 5533 5534
f 5493 5534 5494
f 5494 5534 5535
f 5494 5535 5495
f 5495 5535 5536
f 5495 5536 5496
f 5496 5536 5537
f 5496 5537 5497
f 5497 5537 5538
f 5497 5538 5498
f 5498 5538 5539
f 5498 5539 5499
f 5499 5539 5540
f 5499 5540 5500
f 5500 5540 5541
f 5500 5541 5501
f 5501 5541 5542
f 5501 5542 5502
f 5502 5542 5543
f 5502 5543 5503
f 5503 5543 5544
f 5503 5544 5504
f 5504 5544 5545
f 5504 5545 5505
f 5505 5545 5546
f 5505 5546 5506
f 5506 5546 5547
f 5506 5547 5507
f 5507 5547 5548
f 5507 5548 5508
f 5508 5548 5549
f 5508 5549 5509
f 5509 5549 5550
f 5509 5550 5510
f 5510 5550 5551
f 5510 5551 5511
f 5511 5551 5552
f 5511 5552 5512
f 5512 5552 5553
f 5512 5553 5513
f 5513 5553 5554
f 5513 5554 5514
f 5514 5554 5555
f 5514 5555 5515
f 5515 5555 5556
f 5515 5556 5516
f 5516 5556 5557
f 5516 5557 5517
f 5517 5557 5558
f 5517 5558 5518
f 5518 5558 5559
f 5518 5559 5519
f 5519 5559 5560
f 5519 5560 5520
f 5520 5560 5521
f 5520 5521 5481
f 5521 5561 5562
f 5521 5562 5522
f 5522 5562 5563
f 5522 5563 5523
f 5523 5563 5564
f 5523 5564 5524
f 5524 5564 5565
f 5524 5565 5525
f 5525 5565 5566
f 5525 5566 5526
f 5526 5566 5567
f 5526 5567 5527
f 5527 5567 5568
f 5527 5568 5528
f 5528 5568 5569
f 5528 5569 5529
f 5529 5569 5570
f 5529 5570 5530
f 5530 5570 5571
f 5530 5571 5531
f 5531 5571 5572
f 5531 5572 5532
f 5532 5572 5573
f 5532 5573 5533
f 5533 5573 5574
f 5533 5574 5534
f 5534 5574 5575
f 5534 5575 5535
f 5535 5575 5576
f 5535 5576 5536
f 5536 5576 5577
f 5536 5577 5537
f 5537 5577 5578
f 5537 5578 5538
f 5538 5578 5579
f 5538 5579 5539
f 5539 5579 5580
f 5539 5580 5540
f 5540 5580 5581
f 5540 5581 5541
f 5541 5581 5582
f 5541 5582 5542
f 5542 5582 5583
f 5542 5583 5543
f 5543 5583 5584
f 5543 5584 5544
f 5544 5584 5585
f 5544 5585 5545
f 5545 5585 5586
f 5545 5586 5546
f 5546 5586 5587
f 5546 5587 5547
f 5547 5587 5588
f 5547 5588 5548
f 5548 5588 5589
f 5548 5589 5549
f 5549 5589 5590
f 5549 5590 5550
f 5550 5590 5591
f 5550 5591 5551
f 5551 5591 5592
f 5551 5592 5552
f 5552 5592 5593
f 5552 5593 5553
f 5553 5593 5594
f 5553 5594 5554
f 5554 5594 5595
f 5554 5595 5555
f 5555 5595 5596
f 5555 5596 5556
f 5556 5596 5597
f 5556 5597 5557
f 5557 5597 5598
f 5557 5598 5558
f 5558 5598 5599
f 5558 5599 5559
f 5559 5599 5600
f 5559 5600 5560
f 5560 5600 5561
f 5560 5561 5521
f 5561 5601 5602
f 5561 5602 5562
f 5562 5602 5603
f 5562 5603 5563
f 5563 5603 5604
f 5563 5604 5564
f 5564 5604 5605
f 5564 5605 5565
f 5565 5605 5606
f 5565 5606 5566
f 5566 5606 5607
f 5566 5607 5567
f 5567 5607 5608
f 5567 5608 5568
f 5568 5608 5609
f 5568 5609 5569
f 5569 5609 5610
f 5569 5610 5570
f 5570 5610 5611
f 5570 5611 5571
f 5571 5611 5612
f 5571 5612 5572
f 5572 5612 5613
f 5572 5613 5573
f 5573 5613 5614
f 5573 5614 5574
f 5574 5614 5615
f 5574 5615 5575
f 5575 5615 5616
f 5575 5616 5576
f 5576 5616 5617
f 5576 5617 5577
f 5577 5617 5618
f 5577 5618 5578
f 5578 5618 5619
f 5578 5619 5579
f 5579 5619 5620
f 5579 5620 5580
f 5580 5620 5621
f 5580 5621 5581
f 5581 5621 5622
f 5581 5622 5582
f 5582 5622 5623
f 5582 5623 5583
f 5583 5623 5624
f 5583 5624 5584
f 5584 5624 5625
f 5584 5625 5585
f 5585 5625 5626
f 5585 5626 5586
f 5586 5626 5627
f 5586 5627 5587
f 5587 5627 5628
f 5587 5628 5588
f 5588 5628 5629
f 5588 5629 5589
f 5589 5629 5630
f 5589 5630 5590
f 5590 5630 5631
f 5590 5631 5591
f 5591 5631 5632
f 5591 5632 5592
f 5592 5632 5633
f 5592 5633 5593
f 5593 5633 5634
f 5593 5634 5594
f 5594 5634 5635
f 5594 5635 5595
f 5595 5635 5636
f 5595 5636 5596
f 5596 5636 5637
f 5596 5637 5597
f 5597 5637 5638
f 5597 5638 5598
f 5598 5638 5639
f 5598 5639 5599
f 5599 5639 5640
f 5599 5640 5600
f 5600 5640 5601
f 5600 5601 5561
f 5601 5641 5642
f 5601 5642 5602
f 5602 5642 5643
f 5602 5643 5603
f 5603 5643 5644
f 5603 5644 5604
f 5604 5644 5645
f 5604 5645 5605
f 5605 5645 5646
f 5605 5646 5606
f 5606 5646 5647
f 5606 5647 5607
f 5607 5647 5648
f 5607 5648 5608
f 5608 5648 5649
f 5608 5649 5609
f 5609 5649 5650
f 5609 5650 5610
f 5610 5650 5651
f 5610 5651 5611
f 5611 5651 5652
f 5611 5652 5612
f 5612 5652 5653
f 5612 5653 5613
f 5613 5653 5654
f 5613 5654 5614
f 5614 5654 5655
f 5614 5655 5615
f 5615 5655 5656
f 5615 5656 5616
f 5616 5656 5657
f 5616 5657 5617
f 5617 5657 5658
f 5617 5658 5618
f 5618 5658 5659
f 5618 5659 5619
f 5619 5659 5660
f 5619 5660 5620
f 5620 5660 5661
f 5620 5661 5621
f 5621 5661 5662
f 5621 5662 5622
f 5622 5662 5663
f 5622 5663 5623
f 5623 5663 5664
f 5623 5664 5624
f 5624 5664 5665
f 5624 5665 5625
f 5625 5665 5666
f 5625 5666 5626
f 5626 5666 5667
f 5626 5667 5627
f 5627 5667 5668
f 5627 5668 5628
f 5628 5668 5669
f 5628 5669 5629
f 5629 5669 5670
f 5629 5670 5630
f 5630 5670 5671
f 5630 5671 5631
f 5631 5671 5672
f 5631 5672 5632
f 5632 5672 5673
f 5632 5673 5633
f 5633 5673 5674
f 5633 5674 5634
f 5634 5674 5675
f 5634 5675 5635
f 5635 5675 5676
f 5635 5676 5636
f 5636 5676 5677
f 5636 5677 5637
f 5637 5677 5678
f 5637 5678 5638
f 5638 5678 5679
f 5638 5679 5639
f 5639 5679 5680
f 5639 5680 5640
f 5640 5680 5641
f 5640 5641 5601
f 5641 5681 5682
f 5641 5682 5642
f 5642 5682 5683
f 5642 5683 5643
f 5643 5683 5684
f 5643 5684 5644
f 5644 5684 5685
f 5644 5685 5645
f 5645 5685 5686
f 5645 5686 5646
f 5646 5686 5687
f 5646 5687 5647
f 5647 5687 5688
f 5647 5688 5648
f 5648 5688 5689
f 5648 5689 5649
f 5649 5689 5690
f 5649 5690 5650
f 5650 5690 5691
f 5650 5691 5651
f 5651 5691 5692
f 5651 5692 5652
f 5652 5692 5693
f 5652 5693 5653
f 5653 5693 5694
f 5653 5694 5654
f 5654 5694 5695
f 5654 5695 5655
f 5655 5695 5696
f 5655 5696 5656
f 5656 5696 5697
f 5656 5697 5657
f 5657 5697 5698
f 5657 5698 5658
f 5658 5698 5699
f 5658 5699 5659
f 5659 5699 5700
f 5659 5700 5660
f 5660 5700 5701
f 5660 5701 5661
f 5661 5701 5702
f 5661 5702 5662
f 5662 5702 5703
f 5662 5703 5663
f 5663 5703 5704
f 5663 5704 5664
f 5664 5704 5705
f 5664 5705 5665
f 5665 5705 5706
f 5665 5706 5666
f 5666 5706 5707
f 5666 5707 5667
f 5667 5707 5708
f 5667 5708 5668
f 5668 5708 5709
f 5668 5709 5669
f 5669 5709 5710
f 5669 5710 5670
f 5670 5710 5711
f 5670 5711 5671
f 5671 5711 5712
f 5671 5712 5672
f 5672 5712 5713
f 5672 5713 5673
f 5673 5713 5714
f 5673 5714 5674
f 5674 5714 5715
f 5674 5715 5675
f 5675 5715 5716
f 5675 5716 5676
f 5676 5716 5717
f 5676 5717 5677
f 5677 5717 5718
f 5677 5718 5678
f 5678 5718 5719
f 5678 5719 5679
f 5679 5719 5720
f 5679 5720 5680
f 5680 5720 5681
f 5680 5681 5641
f 5681 5721 5722
f 5681 5722 5682
f 5682 5722 5723
f 5682 5723 5683
f 5683 5723 5724
f 5683 5724 5684
f 5684 5724 5725
f 5684 5725 5685
f 5685 5725 5726
f 5685 5726 5686
f 5686 5726 5727
f 5686 5727 5687
f 5687 5727 5728
f 5687 5728 5688
f 5688 5728 5729
f 5688 5729 5689
f 5689 5729 5730
f 5689 5730 5690
f 5690 5730 5731
f 5690 5731 5691
f 5691 5731 5732
f 5691 5732 5692
f 5692 5732 5733
f 5692 5733 5693
f 5693 5733 5734
f 5693 5734 5694
f 5694 5734 5735
f 5694 5735 5695
f 5695 5735 5736
f 5695 5736 5696
f 5696 5736 5737
f 5696 5737 5697
f 5697 5737 5738
f 5697 5738 5698
f 5698 5738 5739
f 5698 5739 5699
f 5699 5739 5740
f 5699 5740 5700
f 5700 5740 5741
f 5700 5741 5701
f 5701 5741 5742
f 5701 5742 5702
f 5702 5742 5743
f 5702 5743 5703
f 5703 5743 5744
f 5703 5744 5704
f 5704 5744 5745
f 5704 5745 5705
f 5705 5745 5746
f 5705 5746 5706
f 5706 5746 5747
f 5706 5747 5707
f 5707 5747 5748
f 5707 5748 5708
f 5708 5748 5749
f 5708 5749 5709
f 5709 5749 5750
f 5709 5750 5710
f 5710 5750 5751
f 5710 5751 5711
f 5711 5751 5752
f 5711 5752 5712
f 5712 5752 5753
f 5712 5753 5713
f 5713 5753 5754
f 5713 5754 5714
f 5714 5754 5755
f 5714 5755 5715
f 5715 5755 5756
f 5715 5756 5716
f 5716 5756 5757
f 5716 5757 5717
f 5717 5757 5758
f 5717 5758 5718
f 5718 5758 5759
f 5718 5759 5719
f 5719 5759 5760
f 5719 5760 5720
f 5720 5760 5721
f 5720 5721 5681
f 5721 5761 5762
f 5721 5762 5722
f 5722 5762 5763
f 5722 5763 5723
f 5723 5763 5764
f 5723 5764 5724
f 5724 5764 5765
f 5724 5765 5725
f 5725 5765 5766
f 5725 5766 5726
f 5726 5766 5767
f 5726 5767 5727
f 5727 5767 5768
f 5727 5768 5728
f 5728 5768 5769
f 5728 5769 5729
f 5729 5769 5770
f 5729 5770 5730
f 5730 5770 5771
f 5730 5771 5731
f 5731 5771 5772
f 5731 5772 5732
f 5732 5772 5773
f 5732 5773 5733
f 5733 5773 5774
f 5733 5774 5734
f 5734 5774 5775
f 5734 5775 5735
f 5735 5775 5776
f 5735 5776 5736
f 5736 5776 5777
f 5736 5777 5737
f 5737 5777 5778
f 5737 5778 5738
f 5738 5778 5779
f 5738 5779 5739
f 5739 5779 5780
f 5739 5780 5740
f 5740 5780 5781
f 5740 5781 5741
f 5741 5781 5782
f 5741 5782 5742
f 5742 5782 5783
f 5742 5783 5743
f 5743 5783 5784
f 5743 5784 5744
f 5744 5784 5785
f 5744 5785 5745
f 5745 5785 5786
f 5745 5786 5746
f 5746 5786 5787
f 5746 5787 5747
f 5747 5787 5788
f 5747 5788 5748
f 5748 5788 5789
f 5748 5789 5749
f 5749 5789 5790
f 5749 5790 5750
f 5750 5790 5791
f 5750 5791 5751
f 5751 5791 5792
f 5751 5792 5752
f 5752 5792 5793
f 5752 5793 5753
f 5753 5793 5794
f 5753 5794 5754
f 5754 5794 5795
f 5754 5795 5755
f 5755 5795 5796
f 5755 5796 5756
f 5756 5796 5797
f 5756 5797 5757
f 5757 5797 5798
f 5757 5798 5758
f 5758 5798 5799
f 5758 5799 5759
f 5759 5799 5800
f 5759 5800 5760
f 5760 5800 5761
f 5760 5761 5721
f 5761 5801 5802
f 5761 5802 5762
f 5762 5802 5803
f 5762 5803 5763
f 5763 5803 5804
f 5763 5804 5764
f 5764 5804 5805
f 5764 5805 5765
f 5765 5805 5806
f 5765 5806 5766
f 5766 5806 5807
f 5766 5807 5767
f 5767 5807 5808
f 5767 5808 5768
f 5768 5808 5809
f 5768 5809 5769
f 5769 5809 5810
f 5769 5810 5770
f 5770 5810 5811
f 5770 5811 5771
f 5771 5811 5812
f 5771 5812 5772
f 5772 5812 5813
f 5772 5813 5773
f 5773 5813 5814
f 5773 5814 5774
f 5774 5814 5815
f 5774 5815 5775
f 5775 5815 5816
f 5775 5816 5776
f 5776 5816 5817
f 5776 5817 5777
f 5777 5817 5818
f 5777 5818 5778
f 5778 5818 5819
f 5778 5819 5779
f 5779 5819 5820
f 5779 5820 5780
f 5780 5820 5821
f 5780 5821 5781
f 5781 5821 5822
f 5781 5822 5782
f 5782 5822 5823
f 5782 5823 5783
f 5783 5823 5824
f 5783 5824 5784
f 5784 5824 5825
f 5784 5825 5785
f 5785 5825 5826
f 5785 5826 5786
f 5786 5826 5827
f 5786 5827 5787
f 5787 5827 5828
f 5787 5828 5788
f 5788 5828 5829
f 5788 5829 5789
f 5789 5829 5830
f 5789 5830 5790
f 5790 5830 5831
f 5790 5831 5791
f 5791 5831 5832
f 5791 5832 5792
f 5792 5832 5833
f 5792 5833 5793
f 5793 5833 5834
f 5793 5834 5794
f 5794 5834 5835
f 5794 5835 5795
f 5795 5835 5836
f 5795 5836 5796
f 5796 5836 5837
f 5796 5837 5797
f 5797 5837 5838
f 5797 5838 5798
f 5798 5838 5839
f 5798 5839 5799
f 5799 5839 5840
f 5799 5840 5800
f 5800 5840 5801
f 5800 5801 5761
f 5801 5841 5842
f 5801 5842 5802
f 5802 5842 5843
f 5802 5843 5803
f 5803 5843 5844
f 5803 5844 5804
f 5804 5844 5845
f 5804 5845 5805
f 5805 5845 5846
f 5805 5846 5806
f 5806 5846 5847
f 5806 5847 5807
f 5807 5847 5848
f 5807 5848 5808
f 5808 5848 5849
f 5808 5849 5809
f 5809 5849 5850
f 5809 5850 5810
f 5810 5850 5851
f 5810 5851 5811
f 5811 5851 5852
f 5811 5852 5812
f 5812 5852 5853
f 5812 5853 5813
f 5813 5853 5854
f 5813 5854 5814
f 5814 5854 5855
f 5814 5855 5815
f 5815 5855 5856
f 5815 5856 5816
f 5816 5856 5857
f 5816 5857 5817
f 5817 5857 5858
f 5817 5858 5818
f 5818 5858 5859
f 5818 5859 5819
f 5819 5859 5860
f 5819 5860 5820
f 5820 5860 5861
f 5820 5861 5821
f 5821 5861 5862
f 5821 5862 5822
f 5822 5862 5863
f 5822 5863 5823
f 5823 5863 5864
f 5823 5864 5824
f 5824 5864 5865
f 5824 5865 5825
f 5825 5865 5866
f 5825 5866 5826
f 5826 5866 5867
f 5826 5867 5827
f 5827 5867 5868
f 5827 5868 5828
f 5828 5868 5869
f 5828 5869 5829
f 5829 5869 5870
f 5829 5870 5830
f 5830 5870 5871
f 5830 5871 5831
f 5831 5871 5872
f 5831 5872 5832
f 5832 5872 5873
f 5832 5873 5833
f 5833 5873 5874
f 5833 5874 5834
f 5834 5874 5875
f 5834 5875 5835
f 5835 5875 5876
f 5835 5876 5836
f 5836 5876 5877
f 5836 5877 5837
f 5837 5877 5878
f 5837 5878 5838
f 5838 5878 5879
f 5838 5879 5839
f 5839 5879 5880
f 5839 5880 5840
f 5840 5880 5841
f 5840 5841 5801
f 5841 5881 5882
f 5841 5882 5842
f 5842 5882 5883
f 5842 5883 5843
f 5843 5883 5884
f 5843 5884 5844
f 5844 5884 5885
f 5844 5885 5845
f 5845 5885 5886
f 5845 5886 5846
f 5846 5886 5887
f 5846 5887 5847
f 5847 5887 5888
f 5847 5888 5848
f 5848 5888 5889
f 5848 5889 5849
f 5849 5889 5890
f 5849 5890 5850
f 5850 5890 5891
f 5850 5891 5851
f 5851 5891 5892
f 5851 5892 5852
f 5852 5892 5893
f 5852 5893 5853
f 5853 5893 5894
f 5853 5894 5854
f 5854 5894 5895
f 5854 5895 5855
f 5855 5895 5896
f 5855 5896 5856
f 5856 5896 5897
f 5856 5897 5857
f 5857 5897 5898
f 5857 5898 5858
f 5858 5898 5899
f 5858 5899 5859
f 5859 5899 5900
f 5859 5900 5860
f 5860 5900 5901
f 5860 5901 5861
f 5861 5901 5902
f 5861 5902 5862
f 5862 5902 5903
f 5862 5903 5863
f 5863 5903 5904
f 5863 5904 5864
f 5864 5904 5905
f 5864 5905 5865
f 5865 5905 5906
f 5865 5906 5866
f 5866 5906 5907
f 5866 5907 5867
f 5867 5907 5908
f 5867 5908 5868
f 5868 5908 5909
f 5868 5909 5869
f 5869 5909 5910
f 5869 5910 5870
f 5870 5910 5911
f 5870 5911 5871
f 5871 5911 5912
f 5871 5912 5872
f 5872 5912 5913
f 5872 5913 5873
f 5873 5913 5914
f 5873 5914 5874
f 5874 5914 5915
f 5874 5915 5875
f 5875 5915 5916
f 5875 5916 5876
f 5876 5916 5917
f 5876 5917 5877
f 5877 5917 5918
f 5877 5918 5878
f 5878 5918 5919
f 5878 5919 5879
f 5879 5919 5920
f 5879 5920 5880
f 5880 5920 5881
f 5880 5881 5841
f 5881 5921 5922
f 5881 5922 5882
f 5882 5922 5923
f 5882 5923 5883
f 5883 5923 5924
f 5883 5924 5884
f 5884 5924 5925
f 5884 5925 5885
f 5885 5925 5926
f 5885 5926 5886
f 5886 5926 5927
f 5886 5927 5887
f 5887 5927 5928
f 5887 5928 5888
f 5888 5928 5929
f 5888 5929 5889
f 5889 5929 5930
f 5889 5930 5890
f 5890 5930 5931
f 5890 5931 5891
f 5891 5931 5932
f 5891 5932 5892
f 5892 5932 5933
f 5892 5933 5893
f 5893 5933 5934
f 5893 5934 5894
f 5894 5934 5935
f 5894 5935 5895
f 5895 5935 5936
f 5895 5936 5896
f 5896 5936 5937
f 5896 5937 5897
f 5897 5937 5938
f 5897 5938 5898
f 5898 5938 5939
f 5898 5939 5899
f 5899 5939 5940
f 5899 5940 5900
f 5900 5940 5941
f 5900 5941 5901
f 5901 5941 5942
f 5901 5942 5902
f 5902 5942 5943
f 5902 5943 5903
f 5903 5943 5944
f 5903 5944 5904
f 5904 5944 5945
f 5904 5945 5905
f 5905 5945 5946
f 5905 5946 5906
f 5906 5946 5947
f 5906 5947 5907
f 5907 5947 5948
f 5907 5948 5908
f 5908 5948 5949
f 5908 5949 5909
f 5909 5949 5950
f 5909 5950 5910
f 5910 5950 5951
f 5910 5951 5911
f 5911 5951 5952
f 5911 5952 5912
f 5912 5952 5953
f 5912 5953 5913
f 5913 5953 5954
f 5913 5954 5914
f 5914 5954 5955
f 5914 5955 5915
f 5915 5955 5956
f 5915 5956 5916
f 5916 5956 5957
f 5916 5957 5917
f 5917 5957 5958
f 5917 5958 5918
f 5918 5958 5959
f 5918 5959 5919
f 5919 5959 5960
f 5919 5960 5920
f 5920 5960 5921
f 5920 5921 5881
f 5921 5961 5962
f 5921 5962 5922
f 5922 5962 5963
f 5922 5963 5923
f 5923 5963 5964
f 5923 5964 5924
f 5924 5964 5965
f 5924 5965 5925
f 5925 5965 5966
f 5925 5966 5926
f 5926 5966 5967
f 5926 5967 5927
f 5927 5967 5968
f 5927 5968 5928
f 5928 5968 5969
f 5928 5969 5929
f 5929 5969 5970
f 5929 5970 5930
f 5930 5970 5971
f 5930 5971 5931
f 5931 5971 5972
f 5931 5972 5932
f 5932 5972 5973
f 5932 5973 5933
f 5933 5973 5974
f 5933 5974 5934
f 5934 5974 5975
f 5934 5975 5935
f 5935 5975 5976
f 5935 5976 5936
f 5936 5976 5977
f 5936 5977 5937
f 5937 5977 5978
f 5937 5978 5938
f 5938 5978 5979
f 5938 5979 5939
f 5939 5979 5980
f 5939 5980 5940
f 5940 5980 5981
f 5940 5981 5941
f 5941 5981 5982
f 5941 5982 5942
f 5942 5982 5983
f 5942 5983 5943
f 5943 5983 5984
f 5943 5984 5944
f 5944 5984 5985
f 5944 5985 5945
f 5945 5985 5986
f 5945 5986 5946
f 5946 5986 5987
f 5946 5987 5947
f 5947 5987 5988
f 5947 5988 5948
f 5948 5988 5989
f 5948 5989 5949
f 5949 5989 5990
f 5949 5990 5950
f 5950 5990 5991
f 5950 5991 5951
f 5951 5991 5992
f 5951 5992 5952
f 5952 5992 5993
f 5952 5993 5953
f 5953 5993 5994
f 5953 5994 5954
f 5954 5994 5995
f 5954 5995 5955
f 5955 5995 5996
f 5955 5996 5956
f 5956 5996 5997
f 5956 5997 5957
f 5957 5997 5998
f 5957 5998 5958
f 5958 5998 5999
f 5958 5999 5959
f 5959 5999 6000
f 5959 6000 5960
f 5960 6000 5961
f 5960 5961 5921
f 5961 6001 6002
f 5961 6002 5962
f 5962 6002 6003
f 5962 6003 5963
f 5963 6003 6004
f 5963 6004 5964
f 5964 6004 6005
f 5964 6005 5965
f 5965 6005 6006
f 5965 6006 5966
f 5966 6006 6007
f 5966 6007 5967
f 5967 6007 6008
f 5967 6008 5968
f 5968 6008 6009
f 5968 6009 5969
f 5969 6009 6010
f 5969 6010 5970
f 5970 6010 6011
f 5970 6011 5971
f 5971 6011 6012
f 5971 6012 5972
f 5972 6012 6013
f 5972 6013 5973
f 5973 6013 6014
f 5973 6014 5974
f 5974 6014 6015
f 5974 6015 5975
f 5975 6015 6016
f 5975 6016 5976
f 5976 6016 6017
f 5976 6017 5977
f 5977 6017 6018
f 5977 6018 5978
f 5978 6018 6019
f 5978 6019 5979
f 5979 6019 6020
f 5979 6020 5980
f 5980 6020 6021
f 5980 6021 5981
f 5981 6021 6022
f 5981 6022 5982
f 5982 6022 6023
f 5982 6023 5983
f 5983 6023 6024
f 5983 6024 5984
f 5984 6024 6025
f 5984 6025 5985
f 5985 6025 6026
f 5985 6026 5986
f 5986 6026 6027
f 5986 6027 5987
f 5987 6027 6028
f 5987 6028 5988
f 5988 6028 6029
f 5988 6029 5989
f 5989 6029 6030
f 5989 6030 5990
f 5990 6030 6031
f 5990 6031 5991
f 5991 6031 6032
f 5991 6032 5992
f 5992 6032 6033
f 5992 6033 5993
f 5993 6033 6034
f 5993 6034 5994
f 5994 6034 6035
f 5994 6035 5995
f 5995 6035 6036
f 5995 6036 5996
f 5996 6036 6037
f 5996 6037 5997
f 5997 6037 6038
f 5997 6038 5998
f 5998 6038 6039
f 5998 6039 5999
f 5999 6039 6040
f 5999 6040 6000
f 6000 6040 6001
f 6000 6001 5961
f 6001 6041 6042
f 6001 6042 6002
f 6002 6042 6043
f 6002 6043 6003
f 6003 6043 6044
f 6003 6044 6004
f 6004 6044 6045
f 6004 6045 6005
f 6005 6045 6046
f 6005 6046 6006
f 6006 6046 6047
f 6006 6047 6007
f 6007 6047 6048
f 6007 6048 6008
f 6008 6048 6049
f 6008 6049 6009
f 6009 6049 6050
f 6009 6050 6010
f 6010 6050 6051
f 6010 6051 6011
f 6011 6051 6052
f 6011 6052 6012
f 6012 6052 6053
f 6012 6053 6013
f 6013 6053 6054
f 6013 6054 6014
f 6014 6054 6055
f 6014 6055 6015
f 6015 6055 6056
f 6015 6056 6016
f 6016 6056 6057
f 6016 6057 6017
f 6017 6057 6058
f 6017 6058 6018
f 6018 6058 6059
f 6018 6059 6019
f 6019 6059 6060
f 6019 6060 6020
f 6020 6060 6061
f 6020 6061 6021
f 6021 6061 6062
f 6021 6062 6022
f 6022 6062 6063
f 6022 6063 6023
f 6023 6063 6064
f 6023 6064 6024
f 6024 6064 6065
f 6024 6065 6025
f 6025 6065 6066
f 6025 6066 6026
f 6026 6066 6067
f 6026 6067 6027
f 6027 6067 6068
f 6027 6068 6028
f 6028 6068 6069
f 6028 6069 6029
f 6029 6069 6070
f 6029 6070 6030
f 6030 6070 6071
f 6030 6071 6031
f 6031 6071 6072
f 6031 6072 6032
f 6032 6072 6073
f 6032 6073 6033
f 6033 6073 6074
f 6033 6074 6034
f 6034 6074 6075
f 6034 6075 6035
f 6035 6075 6076
f 6035 6076 6036
f 6036 6076 6077
f 6036 6077 6037
f 6037 6077 6078
f 6037 6078 6038
f 6038 6078 6079
f 6038 6079 6039
f 6039 6079 6080
f 6039 6080 6040
f 6040 6080 6041
f 6040 6041 6001
f 6041 6081 6082
f 6041 6082 6042
f 6042 6082 6083
f 6042 6083 6043
f 6043 6083 6084
f 6043 6084 6044
f 6044 6084 6085
f 6044 6085 6045
f 6045 6085 6086
f 6045 6086 6046
f 6046 6086 6087
f 6046 6087 6047
f 6047 6087 6088
f 6047 6088 6048
f 6048 6088 6089
f 6048 6089 6049
f 6049 6089 6090
f 6049 6090 6050
f 6050 6090 6091
f 6050 6091 6051
f 6051 6091 6092
f 6051 6092 6052
f 6052 6092 6093
f 6052 6093 6053
f 6053 6093 6094
f 6053 6094 6054
f 6054 6094 6095
f 6054 6095 6055
f 6055 6095 6096
f 6055 6096 6056
f 6056 6096 6097
f 6056 6097 6057
f 6057 6097 6098
f 6057 6098 6058
f 6058 6098 6099
f 6058 6099 6059
f 6059 6099 6100
f 6059 6100 6060
f 6060 6100 6101
f 6060 6101 6061
f 6061 6101 6102
f 6061 6102 6062
f 6062 6102 6103
f 6062 6103 6063
f 6063 6103 6104
f 6063 6104 6064
f 6064 6104 6105
f 6064 6105 6065
f 6065 6105 6106
f 6065 6106 6066
f 6066 6106 6107
f 6066 6107 6067
f 6067 6107 6108
f 6067 6108 6068
f 6068 6108 6109
f 6068 6109 6069
f 6069 6109 6110
f 6069 6110 6070
f 6070 6110 6111
f 6070 6111 6071
f 6071 6111 6112
f 6071 6112 6072
f 6072 6112 6113
f 6072 6113 6073
f 6073 6113 6114
f 6073 6114 6074
f 6074 6114 6115
f 6074 6115 6075
f 6075 6115 6116
f 6075 6116 6076
f 6076 6116 6117
f 6076 6117 6077
f 6077 6117 6118
f 6077 6118 6078
f 6078 6118 6119
f 6078 6119 6079
f 6079 6119 6120
f 6079 6120 6080
f 6080 6120 6081
f 6080 6081 6041
f 6081 6121 6122
f 6081 6122 6082
f 6082 6122 6123
f 6082 6123 6083
f 6083 6123 6124
f 6083 6124 6084
f 6084 6124 6125
f 6084 6125 6085
f 6085 6125 6126
f 6085 6126 6086
f 6086 6126 6127
f 6086 6127 6087
f 6087 6127 6128
f 6087 6128 6088
f 6088 6128 6129
f 6088 6129 6089
f 6089 6129 6130
f 6089 6130 6090
f 6090 6130 6131
f 6090 6131 6091
f 6091 6131 6132
f 6091 6132 6092
f 6092 6132 6133
f 6092 6133 6093
f 6093 6133 6134
f 6093 6134 6094
f 6094 6134 6135
f 6094 6135 6095
f 6095 6135 6136
f 6095 6136 6096
f 6096 6136 6137
f 6096 6137 6097
f 6097 6137 6138
f 6097 6138 6098
f 6098 6138 6139
f 6098 6139 6099
f 6099 6139 6140
f 6099 6140 6100
f 6100 6140 6141
f 6100 6141 6101
f 6101 6141 6142
f 6101 6142 6102
f 6102 6142 6143
f 6102 6143 6103
f 6103 6143 6144
f 6103 6144 6104
f 6104 6144 6145
f 6104 6145 6105
f 6105 6145 6146
f 6105 6146 6106
f 6106 6146 6147
f 6106 6147 6107
f 6107 6147 6148
f 6107 6148 6108
f 6108 6148 6149
f 6108 6149 6109
f 6109 6149 6150
f 6109 6150 6110
f 6110 6150 6151
f 6110 6151 6111
f 6111 6151 6152
f 6111 6152 6112
f 6112 6152 6153
f 6112 6153 6113
f 6113 6153 6154
f 6113 6154 6114
f 6114 6154 6155
f 6114 6155 6115
f 6115 6155 6156
f 6115 6156 6116
f 6116 6156 6157
f 6116 6157 6117
f 6117 6157 6158
f 6117 6158 6118
f 6118 6158 6159
f 6118 6159 6119
f 6119 6159 6160
f 6119 6160 6120
f 6120 6160 6121
f 6120 6121 6081
f 6121 6161 6162
f 6121 6162 6122
f 6122 6162 6163
f 6122 6163 6123
f 6123 6163 6164
f 6123 6164 6124
f 6124 6164 6165
f 6124 6165 6125
f 6125 6165 6166
f 6125 6166 6126
f 6126 6166 6167
f 6126 6167 6127
f 6127 6167 6168
f 6127 6168 6128
f 6128 6168 6169
f 6128 6169 6129
f 6129 6169 6170
f 6129 6170 6130
f 6130 6170 6171
f 6130 6171 6131
f 6131 6171 6172
f 6131 6172 6132
f 6132 6172 6173
f 6132 6173 6133
f 6133 6173 6174
f 6133 6174 6134
f 6134 6174 6175
f 6134 6175 6135
f 6135 6175 6176
f 6135 6176 6136
f 6136 6176 6177
f 6136 6177 6137
f 6137 6177 6178
f 6137 6178 6138
f 6138 6178 6179
f 6138 6179 6139
f 6139 6179 6180
f 6139 6180 6140
f 6140 6180 6181
f 6140 6181 6141
f 6141 6181 6182
f 6141 6182 6142
f 6142 6182 6183
f 6142 6183 6143
f 6143 6183 6184
f 6143 6184 6144
f 6144 6184 6185
f 6144 6185 6145
f 6145 6185 6186
f 6145 6186 6146
f 6146 6186 6187
f 6146 6187 6147
f 6147 6187 6188
f 6147 6188 6148
f 6148 6188 6189
f 6148 6189 6149
f 6149 6189 6190
f 6149 6190 6150
f 6150 6190 6191
f 6150 6191 6151
f 6151 6191 6192
f 6151 6192 6152
f 6152 6192 6193
f 6152 6193 6153
f 6153 6193 6194
f 6153 6194 6154
f 6154 6194 6195
f 6154 6195 6155
f 6155 6195 6196
f 6155 6196 6156
f 6156 6196 6197
f 6156 6197 6157
f 6157 6197 6198
f 6157 6198 6158
f 6158 6198 6199
f 6158 6199 6159
f 6159 6199 6200
f 6159 6200 6160
f 6160 6200 6161
f 6160 6161 6121
f 6161 6201 6202
f 6161 6202 6162
f 6162 6202 6203
f 6162 6203 6163
f 6163 6203 6204
f 6163 6204 6164
f 6164 6204 6205
f 6164 6205 6165
f 6165 6205 6206
f 6165 6206 6166
f 6166 6206 6207
f 6166 6207 6167
f 6167 6207 6208
f 6167 6208 6168
f 6168 6208 6209
f 6168 6209 6169
f 6169 6209 6210
f 6169 6210 6170
f 6170 6210 6211
f 6170 6211 6171
f 6171 6211 6212
f 6171 6212 6172
f 6172 6212 6213
f 6172 6213 6173
f 6173 6213 6214
f 6173 6214 6174
f 6174 6214 6215
f 6174 6215 6175
f 6175 6215 6216
f 6175 6216 6176
f 6176 6216 6217
f 6176 6217 6177
f 6177 6217 6218
f 6177 6218 6178
f 6178 6218 6219
f 6178 6219 6179
f 6179 6219 6220
f 6179 6220 6180
f 6180 6220 6221
f 6180 6221 6181
f 6181 6221 6222
f 6181 6222 6182
f 6182 6222 6223
f 6182 6223 6183
f 6183 6223 6224
f 6183 6224 6184
f 6184 6224 6225
f 6184 6225 6185
f 6185 6225 6226
f 6185 6226 6186
f 6186 6226 6227
f 6186 6227 6187
f 6187 6227 6228
f 6187 6228 6188
f 6188 6228 6229
f 6188 6229 6189
f 6189 6229 6230
f 6189 6230 6190
f 6190 6230 6231
f 6190 6231 6191
f 6191 6231 6232
f 6191 6232 6192
f 6192 6232 6233
f 6192 6233 6193
f 6193 6233 6234
f 6193 6234 6194
f 6194 6234 6235
f 6194 6235 6195
f 6195 6235 6236
f 6195 6236 6196
f 6196 6236 6237
f 6196 6237 6197
f 6197 6237 6238
f 6197 6238 6198
f 6198 6238 6239
f 6198 6239 6199
f 6199 6239 6240
f 6199 6240 6200
f 6200 6240 6201
f 6200 6201 6161
f 6201 6241 6242
f 6201 6242 6202
f 6202 6242 6243
f 6202 6243 6203
f 6203 6243 6244
f 6203 6244 6204
f 6204 6244 6245
f 6204 6245 6205
f 6205 6245 6246
f 6205 6246 6206
f 6206 6246 6247
f 6206 6247 6207
f 6207 6247 6248
f 6207 6248 6208
f 6208 6248 6249
f 6208 6249 6209
f 6209 6249 6250
f 6209 6250 6210
f 6210 6250 6251
f 6210 6251 6211
f 6211 6251 6252
f 6211 6252 6212
f 6212 6252 6253
f 6212 6253 6213
f 6213 6253 6254
f 6213 6254 6214
f 6214 6254 6255
f 6214 6255 6215
f 6215 6255 6256
f 6215 6256 6216
f 6216 6256 6257
f 6216 6257 6217
f 6217 6257 6258
f 6217 6258 6218
f 6218 6258 6259
f 6218 6259 6219
f 6219 6259 6260
f 6219 6260 6220
f 6220 6260 6261
f 6220 6261 6221
f 6221 6261 6262
f 6221 6262 6222
f 6222 6262 6263
f 6222 6263 6223
f 6223 6263 6264
f 6223 6264 6224
f 6224 6264 6265
f 6224 6265 6225
f 6225 6265 6266
f 6225 6266 6226
f 6226 6266 6267
f 6226 6267 6227
f 6227 6267 6268
f 6227 6268 6228
f 6228 6268 6269
f 6228 6269 6229
f 6229 6269 6270
f 6229 6270 6230
f 6230 6270 6271
f 6230 6271 6231
f 6231 6271 6272
f 6231 6272 6232
f 6232 6272 6273
f 6232 6273 6233
f 6233 6273 6274
f 6233 6274 6234
f 6234 6274 6275
f 6234 6275 6235
f 6235 6275 6276
f 6235 6276 6236
f 6236 6276 6277
f 6236 6277 6237
f 6237 6277 6278
f 6237 6278 6238
f 6238 6278 6279
f 6238 6279 6239
f 6239 6279 6280
f 6239 6280 6240
f 6240 6280 6241
f 6240 6241 6201
f 6241 6281 6282
f 6241 6282 6242
f 6242 6282 6283
f 6242 6283 6243
f 6243 6283 6284
f 6243 6284 6244
f 6244 6284 6285
f 6244 6285 6245
f 6245 6285 6286
f 6245 6286 6246
f 6246 6286 6287
f 6246 6287 6247
f 6247 6287 6288
f 6247 6288 6248
f 6248 6288 6289
f 6248 6289 6249
f 6249 6289 6290
f 6249 6290 6250
f 6250 6290 6291
f 6250 6291 6251
f 6251 6291 6292
f 6251 6292 6252
f 6252 6292 6293
f 6252 6293 6253
f 6253 6293 6294
f 6253 6294 6254
f 6254 6294 6295
f 6254 6295 6255
f 6255 6295 6296
f 6255 6296 6256
f 6256 6296 6297
f 6256 6297 6257
f 6257 6297 6298
f 6257 6298 6258
f 6258 6298 6299
f 6258 6299 6259
f 6259 6299 6300
f 6259 6300 6260
f 6260 6300 6301
f 6260 6301 6261
f 6261 6301 6302
f 6261 6302 6262
f 6262 6302 6303
f 6262 6303 6263
f 6263 6303 6304
f 6263 6304 6264
f 6264 6304 6305
f 6264 6305 6265
f 6265 6305 6306
f 6265 6306 6266
f 6266 6306 6307
f 6266 6307 6267
f 6267 6307 6308
f 6267 6308 6268
f 6268 6308 6309
f 6268 6309 6269
f 6269 6309 6310
f 6269 6310 6270
f 6270 6310 6311
f 6270 6311 6271
f 6271 6311 6312
f 6271 6312 6272
f 6272 6312 6313
f 6272 6313 6273
f 6273 6313 6314
f 6273 6314 6274
f 6274 6314 6315
f 6274 6315 6275
f 6275 6315 6316
f 6275 6316 6276
f 6276 6316 6317
f 6276 6317 6277
f 6277 6317 6318
f 6277 6318 6278
f 6278 6318 6319
f 6278 6319 6279
f 6279 6319 6320
f 6279 6320 6280
f 6280 6320 6281
f 6280 6281 6241
f 6281 6321 6322
f 6281 6322 6282
f 6282 6322 6323
f 6282 6323 6283
f 6283 6323 6324
f 6283 6324 6284
f 6284 6324 6325
f 6284 6325 6285
f 6285 6325 6326
f 6285 6326 6286
f 6286 6326 6327
f 6286 6327 6287
f 6287 6327 6328
f 6287 6328 6288
f 6288 6328 6329
f 6288 6329 6289
f 6289 6329 6330
f 6289 6330 6290
f 6290 6330 6331
f 6290 6331 6291
f 6291 6331 6332
f 6291 6332 6292
f 6292 6332 6333
f 6292 6333 6293
f 6293 6333 6334
f 6293 6334 6294
f 6294 6334 6335
f 6294 6335 6295
f 6295 6335 6336
f 6295 6336 6296
f 6296 6336 6337
f 6296 6337 6297
f 6297 6337 6338
f 6297 6338 6298
f 6298 6338 6339
f 6298 6339 6299
f 6299 6339 6340
f 6299 6340 6300
f 6300 6340 6341
f 6300 6341 6301
f 6301 6341 6342
f 6301 6342 6302
f 6302 6342 6343
f 6302 6343 6303
f 6303 6343 6344
f 6303 6344 6304
f 6304 6344 6345
f 6304 6345 6305
f 6305 6345 6346
f 6305 6346 6306
f 6306 6346 6347
f 6306 6347 6307
f 6307 6347 6348
f 6307 6348 6308
f 6308 6348 6349
f 6308 6349 6309
f 6309 6349 6350
f 6309 6350 6310
f 6310 6350 6351
f 6310 6351 6311
f 6311 6351 6352
f 6311 6352 6312
f 6312 6352 6353
f 6312 6353 6313
f 6313 6353 6354
f 6313 6354 6314
f 6314 6354 6355
f 6314 6355 6315
f 6315 6355 6356
f 6315 6356 6316
f 6316 6356 6357
f 6316 6357 6317
f 6317 6357 6358
f 6317 6358 6318
f 6318 6358 6359
f 6318 6359 6319
f 6319 6359 6360
f 6319 6360 6320
f 6320 6360 6321
f 6320 6321 6281
f 6321 6361 6362
f 6321 6362 6322
f 6322 6362 6363
f 6322 6363 6323
f 6323 6363 6364
f 6323 6364 6324
f 6324 6364 6365
f 6324 6365 6325
f 6325 6365 6366
f 6325 6366 6326
f 6326 6366 6367
f 6326 6367 6327
f 6327 6367 6368
f 6327 6368 6328
f 6328 6368 6369
f 6328 6369 6329
f 6329 6369 6370
f 6329 6370 6330
f 6330 6370 6371
f 6330 6371 6331
f 6331 6371 6372
f 6331 6372 6332
f 6332 6372 6373
f 6332 6373 6333
f 6333 6373 6374
f 6333 6374 6334
f 6334 6374 6375
f 6334 6375 6335
f 6335 6375 6376
f 6335 6376 6336
f 6336 6376 6377
f 6336 6377 6337
f 6337 6377 6378
f 6337 6378 6338
f 6338 6378 6379
f 6338 6379 6339
f 6339 6379 6380
f 6339 6380 6340
f 6340 6380 6381
f 6340 6381 6341
f 6341 6381 6382
f 6341 6382 6342
f 6342 6382 6383
f 6342 6383 6343
f 6343 6383 6384
f 6343 6384 6344
f 6344 6384 6385
f 6344 6385 6345
f 6345 6385 6386
f 6345 6386 6346
f 6346 6386 6387
f 6346 6387 6347
f 6347 6387 6388
f 6347 6388 6348
f 6348 6388 6389
f 6348 6389 6349
f 6349 6389 6390
f 6349 6390 6350
f 6350 6390 6391
f 6350 6391 6351
f 6351 6391 6392
f 6351 6392 6352
f 6352 6392 6393
f 6352 6393 6353
f 6353 6393 6394
f 6353 6394 6354
f 6354 6394 6395
f 6354 6395 6355
f 6355 6395 6396
f 6355 6396 6356
f 6356 6396 6397
f 6356 6397 6357
f 6357 6397 6398
f 6357 6398 6358
f 6358 6398 6399
f 6358 6399 6359
f 6359 6399 6400
f 6359 6400 6360
f 6360 6400 6361
f 6360 6361 6321
f 6361 6401 6402
f 6361 6402 6362
f 6362 6402 6403
f 6362 6403 6363
f 6363 6403 6404
f 6363 6404 6364
f 6364 6404 6405
f 6364 6405 6365
f 6365 6405 6406
f 6365 6406 6366
f 6366 6406 6407
f 6366 6407 6367
f 6367 6407 6408
f 6367 6408 6368
f 6368 6408 6409
f 6368 6409 6369
f 6369 6409 6410
f 6369 6410 6370
f 6370 6410 6411
f 6370 6411 6371
f 6371 6411 6412
f 6371 6412 6372
f 6372 6412 6413
f 6372 6413 6373
f 6373 6413 6414
f 6373 6414 6374
f 6374 6414 6415
f 6374 6415 6375
f 6375 6415 6416
f 6375 6416 6376
f 6376 6416 6417
f 6376 6417 6377
f 6377 6417 6418
f 6377 6418 6378
f 6378 6418 6419
f 6378 6419 6379
f 6379 6419 6420
f 6379 6420 6380
f 6380 6420 6421
f 6380 6421 6381
f 6381 6421 6422
f 6381 6422 6382
f 6382 6422 6423
f 6382 6423 6383
f 6383 6423 6424
f 6383 6424 6384
f 6384 6424 6425
f 6384 6425 6385
f 6385 6425 6426
f 6385 6426 6386
f 6386 6426 6427
f 6386 6427 6387
f 6387 6427 6428
f 6387 6428 6388
f 6388 6428 6429
f 6388 6429 6389
f 6389 6429 6430
f 6389 6430 6390
f 6390 6430 6431
f 6390 6431 6391
f 6391 6431 6432
f 6391 6432 6392
f 6392 6432 6433
f 6392 6433 6393
f 6393 6433 6434
f 6393 6434 6394
f 6394 6434 6435
f 6394 6435 6395
f 6395 6435 6436
f 6395 6436 6396
f 6396 6436 6437
f 6396 6437 6397
f 6397 6437 6438
f 6397 6438 6398
f 6398 6438 6439
f 6398 6439 6399
f 6399 6439 6440
f 6399 6440 6400
f 6400 6440 6401
f 6400 6401 6361
f 6401 6441 6442
f 6401 6442 6402
f 6402 6442 6443
f 6402 6443 6403
f 6403 6443 6444
f 6403 6444 6404
f 6404 6444 6445
f 6404 6445 6405
f 6405 6445 6446
f 6405 6446 6406
f 6406 6446 6447
f 6406 6447 6407
f 6407 6447 6448
f 6407 6448 6408
f 6408 6448 6449
f 6408 6449 6409
f 6409 6449 6450
f 6409 6450 6410
f 6410 6450 6451
f 6410 6451 6411
f 6411 6451 6452
f 6411 6452 6412
f 6412 6452 6453
f 6412 6453 6413
f 6413 6453 6454
f 6413 6454 6414
f 6414 6454 6455
f 6414 6455 6415
f 6415 6455 6456
f 6415 6456 6416
f 6416 6456 6457
f 6416 6457 6417
f 6417 6457 6458
f 6417 6458 6418
f 6418 6458 6459
f 6418 6459 6419
f 6419 6459 6460
f 6419 6460 6420
f 6420 6460 6461
f 6420 6461 6421
f 6421 6461 6462
f 6421 6462 6422
f 6422 6462 6463
f 6422 6463 6423
f 6423 6463 6464
f 6423 6464 6424
f 6424 6464 6465
f 6424 6465 6425
f 6425 6465 6466
f 6425 6466 6426
f 6426 6466 6467
f 6426 6467 6427
f 6427 6467 6468
f 6427 6468 6428
f 6428 6468 6469
f 6428 6469 6429
f 6429 6469 6470
f 6429 6470 6430
f 6430 6470 6471
f 6430 6471 6431
f 6431 6471 6472
f 6431 6472 6432
f 6432 6472 6473
f 6432 6473 6433
f 6433 6473 6474
f 6433 6474 6434
f 6434 6474 6475
f 6434 6475 6435
f 6435 6475 6476
f 6435 6476 6436
f 6436 6476 6477
f 6436 6477 6437
f 6437 6477 6478
f 6437 6478 6438
f 6438 6478 6479
f 6438 6479 6439
f 6439 6479 6480
f 6439 6480 6440
f 6440 6480 6441
f 6440 6441 6401
f 6481 2 1
f 6481 3 2
f 6481 4 3
f 6481 5 4
f 6481 6 5
f 6481 7 6
f 6481 8 7
f 6481 9 8
f 6481 10 9
f 6481 11 10
f 6481 12 11
f 6481 13 12
f 6481 14 13
f 6481 15 14
f 6481 16 15
f 6481 17 16
f 6481 18 17
f 6481 19 18
f 6481 20 19
f 6481 21 20
f 6481 22 21
f 6481 23 22
f 6481 24 23
f 6481 25 24
f 6481 26 25
f 6481 27 26
f 6481 28 27
f 6481 29 28
f 6481 30 29
f 6481 31 30
f 6481 32 31
f 6481 33 32
f 6481 34 33
f 6481 35 34
f 6481 36 35
f 6481 37 36
f 6481 38 37
f 6481 39 38
f 6481 40 39
f 6481 1 40
f 6482 6441 6442
f 6482 6442 6443
f 6482 6443 6444
f 6482 6444 6445
f 6482 6445 6446
f 6482 6446 6447
f 6482 6447 6448
f 6482 6448 6449
f 6482 6449 6450
f 6482 6450 6451
f 6482 6451 6452
f 6482 6452 6453
f 6482 6453 6454
f 6482 6454 6455
f 6482 6455 6456
f 6482 6456 6457
f 6482 6457 6458
f 6482 6458 6459
f 6482 6459 6460
f 6482 6460 6461
f 6482 6461 6462
f 6482 6462 6463
f 6482 6463 6464
f 6482 6464 6465
f 6482 6465 6466
f 6482 6466 6467
f 6482 6467 6468
f 6482 6468 6469
f 6482 6469 6470
f 6482 6470 6471
f 6482 6471 6472
f 6482 6472 6473
f 6482 6473 6474
f 6482 6474 6475
f 6482 6475 6476
f 6482 6476 6477
f 6482 6477 6478
f 6482 6478 6479
f 6482 6479 6480
f 6482 6480 6441
o placas_base
f 6483 6485 6489
f 6483 6489 6487
f 6484 6488 6490
f 6484 6490 6486
f 6483 6487 6488
f 6483 6488 6484
f 6485 6486 6490
f 6485 6490 6489
f 6483 6484 6486
f 6483 6486 6485
f 6487 6489 6490
f 6487 6490 6488
f 6491 6493 6497
f 6491 6497 6495
f 6492 6496 6498
f 6492 6498 6494
f 6491 6495 6496
f 6491 6496 6492
f 6493 6494 6498
f 6493 6498 6497
f 6491 6492 6494
f 6491 6494 6493
f 6495 6497 6498
f 6495 6498 6496
o orejas
f 6499 6501 6505
f 6499 6505 6503
f 6500 6504 6506
f 6500 6506 6502
f 6499 6503 6504
f 6499 6504 6500
f 6501 6502 6506
f 6501 6506 6505
f 6499 6500 6502
f 6499 6502 6501
f 6503 6505 6506
f 6503 6506 6504
f 6507 6509 6513
f 6507 6513 6511
f 6508 6512 6514
f 6508 6514 6510
f 6507 6511 6512
f 6507 6512 6508
f 6509 6510 6514
f 6509 6514 6513
f 6507 6508 6510
f 6507 6510 6509
f 6511 6513 6514
f 6511 6514 6512
