o acc_0
v 2171.618 2158.411 -551.500
v 2087.618 2158.411 -551.500
v 2087.618 2158.411 -565.500
f 1 2 3
v 2171.618 2158.411 -565.500
f 4 1 3
v 2179.618 2166.411 -565.500
v 2179.618 2166.411 -551.500
v 2179.608 2166.018 -551.500
f 5 6 7
v 2179.608 2166.018 -565.500
v 2179.579 2165.627 -551.500
f 8 7 9
f 8 5 7
v 2179.579 2165.627 -565.500
v 2179.531 2165.237 -551.500
f 10 9 11
f 10 8 9
v 2179.531 2165.237 -565.500
v 2179.464 2164.850 -551.500
f 12 11 13
f 12 10 11
v 2179.464 2164.850 -565.500
f 14 12 13
v 2179.378 2164.467 -565.500
v 2179.378 2164.467 -551.500
v 2179.273 2164.088 -551.500
f 15 16 17
f 15 13 16
f 15 14 13
v 2179.273 2164.088 -565.500
f 18 15 17
v 2179.150 2163.716 -565.500
f 19 18 17
v 2179.150 2163.716 -551.500
f 19 17 20
v 2179.009 2163.349 -565.500
f 21 19 20
v 2179.009 2163.349 -551.500
f 21 20 22
v 2178.850 2162.990 -565.500
f 23 21 22
v 2178.850 2162.990 -551.500
f 23 22 24
v 2178.673 2162.640 -565.500
f 25 23 24
v 2178.673 2162.640 -551.500
f 25 24 26
v 2178.480 2162.298 -565.500
f 27 25 26
v 2178.480 2162.298 -551.500
f 27 26 28
v 2178.269 2161.966 -565.500
v 2178.269 2161.966 -551.500
f 29 28 30
f 29 27 28
v 2178.043 2161.645 -565.500
v 2178.043 2161.645 -551.500
f 31 30 32
f 31 29 30
v 2177.802 2161.336 -565.500
v 2177.802 2161.336 -551.500
f 33 32 34
f 33 31 32
v 2177.545 2161.038 -565.500
v 2177.545 2161.038 -551.500
f 35 34 36
f 35 33 34
v 2177.275 2160.754 -565.500
v 2177.275 2160.754 -551.500
f 37 36 38
f 37 35 36
v 2176.990 2160.483 -565.500
v 2176.990 2160.483 -551.500
f 39 38 40
f 39 37 38
v 2176.693 2160.227 -565.500
v 2176.693 2160.227 -551.500
f 41 40 42
f 41 39 40
v 2176.383 2159.985 -565.500
v 2176.383 2159.985 -551.500
f 43 42 44
f 43 41 42
v 2176.062 2159.759 -565.500
v 2176.062 2159.759 -551.500
f 45 44 46
f 45 43 44
v 2175.731 2159.549 -565.500
v 2175.731 2159.549 -551.500
f 47 46 48
f 47 45 46
v 2175.389 2159.355 -565.500
v 2175.389 2159.355 -551.500
f 49 48 50
f 49 47 48
v 2175.038 2159.179 -565.500
v 2175.038 2159.179 -551.500
f 51 50 52
f 51 49 50
v 2174.679 2159.020 -565.500
v 2174.679 2159.020 -551.500
f 53 52 54
f 53 51 52
v 2174.313 2158.878 -565.500
v 2174.313 2158.878 -551.500
f 55 54 56
f 55 53 54
v 2173.940 2158.755 -565.500
v 2173.940 2158.755 -551.500
f 57 56 58
f 57 55 56
v 2173.562 2158.650 -565.500
v 2173.562 2158.650 -551.500
f 59 58 60
f 59 57 58
v 2173.178 2158.564 -565.500
v 2173.178 2158.564 -551.500
f 61 60 62
f 61 59 60
v 2172.792 2158.497 -565.500
v 2172.792 2158.497 -551.500
f 63 62 64
f 63 61 62
v 2172.402 2158.449 -565.500
v 2172.402 2158.449 -551.500
f 65 64 66
f 65 63 64
v 2172.010 2158.420 -565.500
v 2172.010 2158.420 -551.500
f 67 66 68
f 67 65 66
f 4 68 1
f 4 67 68
v 2179.618 2350.411 -565.500
f 6 5 69
v 2179.618 2350.411 -551.500
f 6 69 70
v 2171.618 2358.411 -565.500
v 2171.618 2358.411 -551.500
v 2172.010 2358.401 -551.500
f 71 72 73
v 2172.010 2358.401 -565.500
v 2172.402 2358.372 -551.500
f 74 73 75
f 74 71 73
v 2172.402 2358.372 -565.500
v 2172.792 2358.324 -551.500
f 76 75 77
f 76 74 75
v 2172.792 2358.324 -565.500
v 2173.178 2358.257 -551.500
f 78 77 79
f 78 76 77
v 2173.178 2358.257 -565.500
v 2173.562 2358.171 -551.500
f 80 79 81
f 80 78 79
v 2173.562 2358.171 -565.500
f 82 80 81
v 2173.940 2358.066 -565.500
v 2173.940 2358.066 -551.500
f 83 81 84
f 83 82 81
v 2174.313 2357.943 -565.500
v 2174.313 2357.943 -551.500
f 85 84 86
f 85 83 84
v 2174.679 2357.802 -565.500
f 87 85 86
v 2174.679 2357.802 -551.500
f 87 86 88
v 2175.038 2357.643 -565.500
f 89 87 88
v 2175.038 2357.643 -551.500
f 89 88 90
v 2175.389 2357.466 -565.500
f 91 89 90
v 2175.389 2357.466 -551.500
f 91 90 92
v 2175.731 2357.273 -565.500
f 93 91 92
v 2175.731 2357.273 -551.500
f 93 92 94
v 2176.062 2357.062 -565.500
v 2176.062 2357.062 -551.500
f 95 94 96
f 95 93 94
v 2176.383 2356.836 -565.500
v 2176.383 2356.836 -551.500
f 97 96 98
f 97 95 96
v 2176.693 2356.595 -565.500
v 2176.693 2356.595 -551.500
f 99 98 100
f 99 97 98
v 2176.990 2356.338 -565.500
v 2176.990 2356.338 -551.500
f 101 100 102
f 101 99 100
v 2177.275 2356.068 -565.500
v 2177.275 2356.068 -551.500
f 103 102 104
f 103 101 102
v 2177.545 2355.783 -565.500
v 2177.545 2355.783 -551.500
f 105 104 106
f 105 103 104
v 2177.802 2355.486 -565.500
v 2177.802 2355.486 -551.500
f 107 106 108
f 107 105 106
v 2178.043 2355.176 -565.500
v 2178.043 2355.176 -551.500
f 109 108 110
f 109 107 108
v 2178.269 2354.855 -565.500
v 2178.269 2354.855 -551.500
f 111 110 112
f 111 109 110
v 2178.480 2354.524 -565.500
v 2178.480 2354.524 -551.500
f 113 112 114
f 113 111 112
v 2178.673 2354.182 -565.500
v 2178.673 2354.182 -551.500
f 115 114 116
f 115 113 114
v 2178.850 2353.831 -565.500
v 2178.850 2353.831 -551.500
f 117 116 118
f 117 115 116
v 2179.009 2353.472 -565.500
v 2179.009 2353.472 -551.500
f 119 118 120
f 119 117 118
v 2179.150 2353.106 -565.500
v 2179.150 2353.106 -551.500
f 121 120 122
f 121 119 120
v 2179.273 2352.733 -565.500
v 2179.273 2352.733 -551.500
f 123 122 124
f 123 121 122
v 2179.378 2352.355 -565.500
v 2179.378 2352.355 -551.500
f 125 124 126
f 125 123 124
v 2179.464 2351.971 -565.500
v 2179.464 2351.971 -551.500
f 127 126 128
f 127 125 126
v 2179.531 2351.585 -565.500
v 2179.531 2351.585 -551.500
f 129 128 130
f 129 127 128
v 2179.579 2351.195 -565.500
v 2179.579 2351.195 -551.500
f 131 130 132
f 131 129 130
v 2179.608 2350.803 -565.500
v 2179.608 2350.803 -551.500
f 133 132 134
f 133 131 132
f 69 134 70
f 69 133 134
v 2087.618 2358.411 -565.500
v 2087.618 2358.411 -551.500
f 71 135 136
f 72 71 136
v 2079.618 2350.411 -565.500
v 2079.618 2350.411 -551.500
v 2079.627 2350.803 -551.500
f 137 138 139
v 2079.627 2350.803 -565.500
v 2079.656 2351.195 -551.500
f 140 139 141
f 140 137 139
v 2079.656 2351.195 -565.500
v 2079.704 2351.585 -551.500
f 142 141 143
f 142 140 141
v 2079.704 2351.585 -565.500
v 2079.771 2351.971 -551.500
f 144 143 145
f 144 142 143
v 2079.771 2351.971 -565.500
v 2079.857 2352.355 -551.500
f 146 145 147
f 146 144 145
v 2079.857 2352.355 -565.500
f 148 146 147
v 2079.962 2352.733 -565.500
v 2079.962 2352.733 -551.500
f 149 147 150
f 149 148 147
v 2080.085 2353.106 -565.500
v 2080.085 2353.106 -551.500
f 151 150 152
f 151 149 150
v 2080.227 2353.472 -565.500
f 153 151 152
v 2080.227 2353.472 -551.500
f 153 152 154
v 2080.386 2353.831 -565.500
f 155 153 154
v 2080.386 2353.831 -551.500
f 155 154 156
v 2080.562 2354.182 -565.500
f 157 155 156
v 2080.562 2354.182 -551.500
f 157 156 158
v 2080.756 2354.524 -565.500
f 159 157 158
v 2080.756 2354.524 -551.500
f 159 158 160
v 2080.966 2354.855 -565.500
f 161 159 160
v 2080.966 2354.855 -551.500
f 161 160 162
v 2081.192 2355.176 -565.500
v 2081.192 2355.176 -551.500
f 163 162 164
f 163 161 162
v 2081.434 2355.486 -565.500
v 2081.434 2355.486 -551.500
f 165 164 166
f 165 163 164
v 2081.690 2355.783 -565.500
v 2081.690 2355.783 -551.500
f 167 166 168
f 167 165 166
v 2081.961 2356.068 -565.500
v 2081.961 2356.068 -551.500
f 169 168 170
f 169 167 168
v 2082.245 2356.338 -565.500
v 2082.245 2356.338 -551.500
f 171 170 172
f 171 169 170
v 2082.543 2356.595 -565.500
v 2082.543 2356.595 -551.500
f 173 172 174
f 173 171 172
v 2082.852 2356.836 -565.500
v 2082.852 2356.836 -551.500
f 175 174 176
f 175 173 174
v 2083.173 2357.062 -565.500
v 2083.173 2357.062 -551.500
f 177 176 178
f 177 175 176
v 2083.505 2357.273 -565.500
v 2083.505 2357.273 -551.500
f 179 178 180
f 179 177 178
v 2083.847 2357.466 -565.500
v 2083.847 2357.466 -551.500
f 181 180 182
f 181 179 180
v 2084.197 2357.643 -565.500
v 2084.197 2357.643 -551.500
f 183 182 184
f 183 181 182
v 2084.556 2357.802 -565.500
v 2084.556 2357.802 -551.500
f 185 184 186
f 185 183 184
v 2084.923 2357.943 -565.500
v 2084.923 2357.943 -551.500
f 187 186 188
f 187 185 186
v 2085.295 2358.066 -565.500
v 2085.295 2358.066 -551.500
f 189 188 190
f 189 187 188
v 2085.674 2358.171 -565.500
v 2085.674 2358.171 -551.500
f 191 190 192
f 191 189 190
v 2086.057 2358.257 -565.500
v 2086.057 2358.257 -551.500
f 193 192 194
f 193 191 192
v 2086.444 2358.324 -565.500
v 2086.444 2358.324 -551.500
f 195 194 196
f 195 193 194
v 2086.834 2358.372 -565.500
v 2086.834 2358.372 -551.500
f 197 196 198
f 197 195 196
v 2087.225 2358.401 -565.500
v 2087.225 2358.401 -551.500
f 199 198 200
f 199 197 198
f 135 200 136
f 135 199 200
v 2079.618 2166.411 -565.500
v 2079.618 2166.411 -551.500
f 201 202 138
f 201 138 137
v 2087.225 2158.420 -551.500
f 3 2 203
v 2087.225 2158.420 -565.500
v 2086.834 2158.449 -551.500
f 204 203 205
f 204 3 203
v 2086.834 2158.449 -565.500
v 2086.444 2158.497 -551.500
f 206 205 207
f 206 204 205
v 2086.444 2158.497 -565.500
f 208 206 207
v 2086.057 2158.564 -565.500
v 2086.057 2158.564 -551.500
f 209 207 210
f 209 208 207
v 2085.674 2158.650 -565.500
v 2085.674 2158.650 -551.500
v 2085.295 2158.755 -551.500
f 211 212 213
f 211 210 212
f 211 209 210
v 2085.295 2158.755 -565.500
f 214 211 213
v 2084.923 2158.878 -565.500
f 215 214 213
v 2084.923 2158.878 -551.500
f 215 213 216
v 2084.556 2159.020 -565.500
f 217 215 216
v 2084.556 2159.020 -551.500
f 217 216 218
v 2084.197 2159.179 -565.500
f 219 217 218
v 2084.197 2159.179 -551.500
f 219 218 220
v 2083.847 2159.355 -565.500
f 221 219 220
v 2083.847 2159.355 -551.500
f 221 220 222
v 2083.505 2159.549 -565.500
f 223 221 222
v 2083.505 2159.549 -551.500
f 223 222 224
v 2083.173 2159.759 -565.500
v 2083.173 2159.759 -551.500
f 225 224 226
f 225 223 224
v 2082.852 2159.985 -565.500
v 2082.852 2159.985 -551.500
f 227 226 228
f 227 225 226
v 2082.543 2160.227 -565.500
v 2082.543 2160.227 -551.500
f 229 228 230
f 229 227 228
v 2082.245 2160.483 -565.500
v 2082.245 2160.483 -551.500
f 231 230 232
f 231 229 230
v 2081.961 2160.754 -565.500
v 2081.961 2160.754 -551.500
f 233 232 234
f 233 231 232
v 2081.690 2161.038 -565.500
v 2081.690 2161.038 -551.500
f 235 234 236
f 235 233 234
v 2081.434 2161.336 -565.500
v 2081.434 2161.336 -551.500
f 237 236 238
f 237 235 236
v 2081.192 2161.645 -565.500
v 2081.192 2161.645 -551.500
f 239 238 240
f 239 237 238
v 2080.966 2161.966 -565.500
v 2080.966 2161.966 -551.500
f 241 240 242
f 241 239 240
v 2080.756 2162.298 -565.500
v 2080.756 2162.298 -551.500
f 243 242 244
f 243 241 242
v 2080.562 2162.640 -565.500
v 2080.562 2162.640 -551.500
f 245 244 246
f 245 243 244
v 2080.386 2162.990 -565.500
v 2080.386 2162.990 -551.500
f 247 246 248
f 247 245 246
v 2080.227 2163.349 -565.500
v 2080.227 2163.349 -551.500
f 249 248 250
f 249 247 248
v 2080.085 2163.716 -565.500
v 2080.085 2163.716 -551.500
f 251 250 252
f 251 249 250
v 2079.962 2164.088 -565.500
v 2079.962 2164.088 -551.500
f 253 252 254
f 253 251 252
v 2079.857 2164.467 -565.500
v 2079.857 2164.467 -551.500
f 255 254 256
f 255 253 254
v 2079.771 2164.850 -565.500
v 2079.771 2164.850 -551.500
f 257 256 258
f 257 255 256
v 2079.704 2165.237 -565.500
v 2079.704 2165.237 -551.500
f 259 258 260
f 259 257 258
v 2079.656 2165.627 -565.500
v 2079.656 2165.627 -551.500
f 261 260 262
f 261 259 260
v 2079.627 2166.018 -565.500
v 2079.627 2166.018 -551.500
f 263 262 264
f 263 261 262
f 201 264 202
f 201 263 264
v 2124.255 2243.911 -551.500
v 2124.486 2243.649 -551.500
v 2124.730 2243.400 -551.500
f 265 266 267
v 2123.645 2244.761 -551.500
v 2124.038 2244.184 -551.500
f 268 269 265
v 2123.834 2244.467 -551.500
f 268 270 269
v 2126.739 2242.030 -551.500
v 2126.118 2242.349 -551.500
v 2126.424 2242.182 -551.500
f 271 272 273
v 2123.040 2246.017 -551.500
v 2123.167 2245.692 -551.500
v 2123.311 2245.374 -551.500
f 274 275 276
v 2127.388 2241.775 -551.500
v 2127.060 2241.895 -551.500
f 277 271 278
v 2122.929 2246.347 -551.500
f 279 274 276
v 2122.696 2247.367 -551.500
v 2122.756 2247.024 -551.500
v 2122.834 2246.683 -551.500
f 280 281 282
v 2129.095 2241.430 -551.500
v 2128.402 2241.517 -551.500
v 2128.747 2241.465 -551.500
f 283 284 285
v 2122.652 2249.108 -551.500
v 2122.626 2248.760 -551.500
v 2122.618 2248.411 -551.500
f 286 287 288
v 2122.756 2249.798 -551.500
v 2122.696 2249.454 -551.500
f 289 290 286
v 2122.929 2250.474 -551.500
f 291 286 288
f 291 289 286
v 2122.652 2247.714 -551.500
f 291 292 280
v 2122.626 2248.062 -551.500
f 291 293 292
f 291 288 293
v 2122.834 2250.138 -551.500
f 291 294 289
v 2131.847 2241.775 -551.500
v 2131.175 2241.586 -551.500
v 2131.514 2241.672 -551.500
f 295 296 297
v 2123.167 2251.130 -551.500
v 2123.040 2250.805 -551.500
f 298 299 291
v 2132.497 2242.030 -551.500
v 2132.175 2241.895 -551.500
f 300 295 301
v 2123.311 2251.448 -551.500
f 302 291 280
f 302 298 291
v 2123.470 2245.063 -551.500
f 302 276 303
f 302 282 279
f 302 279 276
f 302 280 282
v 2123.834 2252.354 -551.500
v 2123.645 2252.061 -551.500
v 2123.470 2251.758 -551.500
f 304 305 306
v 2133.704 2242.727 -551.500
v 2133.118 2242.349 -551.500
v 2133.416 2242.531 -551.500
f 307 308 309
v 2124.038 2252.637 -551.500
f 310 302 303
f 310 304 306
f 310 303 268
f 310 306 302
v 2124.255 2252.910 -551.500
f 311 310 268
f 311 268 265
v 2134.505 2243.400 -551.500
v 2133.982 2242.938 -551.500
v 2134.249 2243.162 -551.500
f 312 313 314
v 2124.730 2253.422 -551.500
f 315 265 267
f 315 311 265
v 2124.986 2243.162 -551.500
f 315 267 316
v 2124.486 2253.172 -551.500
f 315 317 311
v 2125.253 2253.884 -551.500
v 2125.253 2242.938 -551.500
v 2125.531 2242.727 -551.500
f 318 319 320
f 318 316 319
f 318 315 316
v 2124.986 2253.659 -551.500
f 318 321 315
v 2135.198 2244.184 -551.500
v 2134.749 2243.649 -551.500
v 2134.980 2243.911 -551.500
f 322 323 324
f 322 312 323
f 322 313 312
v 2125.820 2254.291 -551.500
v 2125.531 2254.094 -551.500
f 325 326 318
v 2135.591 2244.761 -551.500
v 2135.401 2244.467 -551.500
f 327 322 328
f 327 313 322
v 2126.424 2254.640 -551.500
f 329 325 318
v 2125.820 2242.531 -551.500
f 329 330 272
f 329 320 330
f 329 272 271
f 329 318 320
v 2126.118 2254.473 -551.500
f 329 331 325
v 2135.924 2245.374 -551.500
v 2135.765 2245.063 -551.500
f 332 327 333
v 2127.060 2254.927 -551.500
f 334 329 271
v 2126.739 2254.791 -551.500
f 334 335 329
v 2136.307 2246.347 -551.500
v 2136.068 2245.692 -551.500
v 2136.196 2246.017 -551.500
f 336 337 338
f 336 332 337
v 2127.722 2255.149 -551.500
f 339 334 271
v 2127.722 2241.672 -551.500
v 2128.060 2241.586 -551.500
f 339 340 341
f 339 277 340
f 339 271 277
v 2127.388 2255.046 -551.500
f 339 342 334
v 2136.401 2246.683 -551.500
f 343 332 336
v 2136.479 2247.024 -551.500
f 344 327 332
f 344 332 343
v 2128.402 2255.304 -551.500
f 345 339 341
v 2128.060 2255.235 -551.500
f 345 346 339
v 2128.747 2255.356 -551.500
f 347 341 284
f 347 345 341
v 2136.583 2247.714 -551.500
v 2136.540 2247.367 -551.500
f 348 344 349
v 2136.609 2248.062 -551.500
f 350 344 348
v 2129.443 2255.409 -551.500
f 351 347 284
v 2129.443 2241.413 -551.500
f 351 283 352
f 351 284 283
v 2129.095 2255.391 -551.500
f 351 353 347
v 2129.792 2255.409 -551.500
f 354 351 352
v 2136.609 2248.760 -551.500
f 355 327 344
v 2136.618 2248.411 -551.500
f 355 350 356
f 355 344 350
v 2136.583 2249.108 -551.500
f 357 327 355
v 2130.488 2255.356 -551.500
f 358 354 352
v 2129.792 2241.413 -551.500
v 2130.141 2241.430 -551.500
f 358 359 360
f 358 352 359
v 2130.141 2255.391 -551.500
f 358 361 354
v 2130.833 2255.304 -551.500
f 362 358 360
v 2130.833 2241.517 -551.500
f 362 363 296
v 2130.488 2241.465 -551.500
f 362 364 363
f 362 360 364
v 2136.479 2249.798 -551.500
v 2136.540 2249.454 -551.500
f 365 357 366
f 365 327 357
v 2131.514 2255.149 -551.500
f 367 362 296
f 367 296 295
v 2131.175 2255.235 -551.500
f 367 368 362
v 2136.307 2250.474 -551.500
v 2136.401 2250.138 -551.500
f 369 365 370
v 2136.196 2250.805 -551.500
f 371 365 369
v 2132.175 2254.927 -551.500
v 2131.847 2255.046 -551.500
f 372 373 367
f 372 295 300
f 372 367 295
v 2136.068 2251.130 -551.500
f 374 327 365
f 374 365 371
v 2132.811 2254.640 -551.500
v 2132.497 2254.791 -551.500
f 375 376 372
v 2135.765 2251.758 -551.500
v 2135.924 2251.448 -551.500
f 377 374 378
f 377 327 374
v 2133.416 2254.291 -551.500
v 2133.118 2254.473 -551.500
f 379 380 375
f 379 372 300
v 2132.811 2242.182 -551.500
f 379 381 308
f 379 300 381
f 379 308 307
f 379 375 372
v 2135.198 2252.637 -551.500
v 2135.591 2252.061 -551.500
v 2135.401 2252.354 -551.500
f 382 383 384
f 382 377 383
f 382 327 377
f 382 313 327
v 2133.982 2253.884 -551.500
v 2133.704 2254.094 -551.500
f 385 386 379
v 2134.980 2252.910 -551.500
f 387 313 382
v 2134.249 2253.659 -551.500
f 388 379 307
f 388 385 379
v 2134.505 2253.422 -551.500
v 2134.749 2253.172 -551.500
f 389 387 390
f 389 307 313
f 389 313 387
f 389 388 307
v 2124.255 2243.911 -565.500
v 2124.038 2244.184 -565.500
v 2124.486 2243.649 -565.500
f 391 392 393
v 2123.834 2244.467 -565.500
v 2123.645 2244.761 -565.500
f 394 395 392
v 2125.531 2242.727 -565.500
v 2126.118 2242.349 -565.500
v 2125.820 2242.531 -565.500
f 396 397 398
v 2123.470 2245.063 -565.500
v 2123.311 2245.374 -565.500
f 399 400 395
v 2126.739 2242.030 -565.500
v 2126.424 2242.182 -565.500
f 397 401 402
v 2123.167 2245.692 -565.500
v 2123.040 2246.017 -565.500
f 403 404 400
v 2122.929 2246.347 -565.500
f 404 405 400
v 2127.722 2241.672 -565.500
v 2127.060 2241.895 -565.500
f 401 406 407
v 2127.388 2241.775 -565.500
f 407 406 408
v 2122.834 2246.683 -565.500
v 2122.756 2247.024 -565.500
f 409 410 405
v 2129.095 2241.430 -565.500
v 2129.792 2241.413 -565.500
v 2129.443 2241.413 -565.500
f 411 412 413
v 2122.626 2248.760 -565.500
v 2122.652 2249.108 -565.500
v 2122.618 2248.411 -565.500
f 414 415 416
v 2130.488 2241.465 -565.500
v 2130.141 2241.430 -565.500
f 412 417 418
v 2122.696 2249.454 -565.500
f 410 419 405
f 405 419 400
v 2122.626 2248.062 -565.500
f 416 419 420
v 2122.652 2247.714 -565.500
f 420 419 421
v 2122.696 2247.367 -565.500
f 421 419 422
f 422 419 410
f 415 419 416
v 2131.175 2241.586 -565.500
v 2130.833 2241.517 -565.500
f 417 423 424
v 2122.834 2250.138 -565.500
v 2122.929 2250.474 -565.500
v 2122.756 2249.798 -565.500
f 425 426 427
v 2131.847 2241.775 -565.500
v 2131.514 2241.672 -565.500
f 423 428 429
v 2123.040 2250.805 -565.500
f 427 430 419
f 426 430 427
v 2123.311 2251.448 -565.500
f 430 431 419
v 2123.167 2251.130 -565.500
f 432 431 430
v 2132.811 2242.182 -565.500
v 2132.175 2241.895 -565.500
f 428 433 434
v 2132.497 2242.030 -565.500
f 434 433 435
v 2123.470 2251.758 -565.500
f 431 436 419
f 419 436 400
v 2123.645 2252.061 -565.500
f 436 437 400
f 395 437 392
f 400 437 395
v 2133.416 2242.531 -565.500
v 2133.982 2242.938 -565.500
v 2133.704 2242.727 -565.500
f 438 439 440
v 2124.255 2252.910 -565.500
f 437 441 392
f 392 441 393
v 2124.038 2252.637 -565.500
v 2123.834 2252.354 -565.500
f 442 441 443
f 443 441 437
v 2124.730 2243.400 -565.500
f 393 441 444
v 2124.486 2253.172 -565.500
v 2124.730 2253.422 -565.500
f 445 446 441
v 2124.986 2253.659 -565.500
f 446 447 441
v 2124.986 2243.162 -565.500
f 444 447 448
v 2125.253 2242.938 -565.500
f 448 447 449
f 449 447 396
f 441 447 444
v 2134.749 2243.649 -565.500
v 2135.198 2244.184 -565.500
v 2134.980 2243.911 -565.500
f 450 451 452
v 2125.253 2253.884 -565.500
v 2125.531 2254.094 -565.500
f 453 454 447
f 396 454 397
f 447 454 396
v 2135.401 2244.467 -565.500
v 2135.765 2245.063 -565.500
v 2135.591 2244.761 -565.500
f 455 456 457
v 2126.118 2254.473 -565.500
v 2126.424 2254.640 -565.500
v 2125.820 2254.291 -565.500
f 458 459 460
f 460 459 454
v 2126.739 2254.791 -565.500
f 454 461 397
f 459 461 454
v 2136.068 2245.692 -565.500
v 2135.924 2245.374 -565.500
f 456 462 463
v 2127.060 2254.927 -565.500
f 397 464 401
f 461 464 397
v 2127.388 2255.046 -565.500
f 401 465 406
f 464 465 401
v 2136.307 2246.347 -565.500
v 2136.196 2246.017 -565.500
f 462 466 467
v 2136.401 2246.683 -565.500
f 456 468 462
f 462 468 466
v 2127.722 2255.149 -565.500
v 2128.060 2255.235 -565.500
f 469 470 465
f 465 470 406
v 2128.060 2241.586 -565.500
f 406 470 471
v 2128.402 2241.517 -565.500
f 471 470 472
v 2136.479 2247.024 -565.500
f 456 473 468
v 2128.402 2255.304 -565.500
f 470 474 472
v 2128.747 2241.465 -565.500
f 472 474 475
f 475 474 411
v 2136.583 2247.714 -565.500
f 456 476 473
v 2136.540 2247.367 -565.500
f 473 476 477
v 2128.747 2255.356 -565.500
v 2129.095 2255.391 -565.500
f 478 479 474
v 2136.609 2248.062 -565.500
f 456 480 476
v 2129.443 2255.409 -565.500
f 479 481 474
f 474 481 411
v 2136.618 2248.411 -565.500
f 456 482 480
v 2129.792 2255.409 -565.500
f 481 483 411
f 411 483 412
v 2130.141 2255.391 -565.500
f 483 484 412
v 2130.488 2255.356 -565.500
f 484 485 412
v 2136.540 2249.454 -565.500
v 2136.609 2248.760 -565.500
f 482 486 487
v 2136.583 2249.108 -565.500
f 487 486 488
v 2130.833 2255.304 -565.500
f 412 489 417
f 417 489 423
f 485 489 412
v 2136.479 2249.798 -565.500
f 482 490 486
v 2131.514 2255.149 -565.500
f 489 491 423
f 423 491 428
v 2131.175 2255.235 -565.500
f 492 491 489
v 2136.307 2250.474 -565.500
v 2136.401 2250.138 -565.500
f 490 493 494
f 482 493 490
f 456 493 482
f 455 493 456
v 2132.175 2254.927 -565.500
v 2132.497 2254.791 -565.500
v 2131.847 2255.046 -565.500
f 495 496 497
f 497 496 491
f 491 496 428
v 2136.196 2250.805 -565.500
v 2135.924 2251.448 -565.500
v 2136.068 2251.130 -565.500
f 498 499 500
v 2135.765 2251.758 -565.500
f 493 501 498
f 455 501 493
f 498 501 499
v 2133.118 2254.473 -565.500
v 2133.118 2242.349 -565.500
f 433 502 503
f 503 502 438
f 428 502 433
v 2132.811 2254.640 -565.500
f 504 502 496
f 496 502 428
v 2133.416 2254.291 -565.500
v 2133.704 2254.094 -565.500
f 505 506 502
f 502 506 438
v 2135.401 2252.354 -565.500
v 2134.749 2253.172 -565.500
v 2135.198 2252.637 -565.500
f 507 508 509
v 2134.980 2252.910 -565.500
f 509 508 510
v 2134.505 2253.422 -565.500
v 2134.249 2243.162 -565.500
f 439 511 512
v 2134.505 2243.400 -565.500
f 512 511 513
f 513 511 450
v 2135.591 2252.061 -565.500
f 501 511 514
f 514 511 507
f 451 511 455
v 2134.249 2253.659 -565.500
v 2133.982 2253.884 -565.500
f 515 511 516
f 516 511 506
f 438 511 439
f 455 511 501
f 450 511 451
f 507 511 508
f 506 511 438
o acc_1
v 3149.635 1455.644 0.024
v 3149.391 1455.644 0.006
v 3149.145 1455.644 0.000
f 517 518 519
v 3149.879 1455.644 0.054
f 520 517 519
v 3150.121 1455.644 0.096
f 521 520 519
v 3150.597 1455.644 0.215
v 3150.360 1455.644 0.150
f 522 523 521
f 522 521 519
v 3151.059 1455.644 0.381
v 3150.830 1455.644 0.292
f 524 525 522
v 3151.283 1455.644 0.480
f 526 524 522
f 526 522 519
v 3151.716 1455.644 0.711
v 3151.502 1455.644 0.590
f 527 528 526
v 3151.923 1455.644 0.843
f 529 526 519
f 529 527 526
v 3152.124 1455.644 0.984
f 530 529 519
v 3152.503 1455.644 1.295
v 3152.317 1455.644 1.135
f 531 532 530
v 3152.681 1455.644 1.464
f 533 531 530
v 3094.145 1455.644 60.000
v 3018.145 1455.644 0.000
v 3018.145 1455.644 60.000
f 534 535 536
f 534 519 535
v 3153.010 1455.644 1.828
v 3152.850 1455.644 1.642
f 537 538 533
f 537 533 530
v 3153.161 1455.644 2.022
f 539 537 530
f 539 530 519
v 3153.303 1455.644 2.222
f 540 539 519
v 3153.434 1455.644 2.429
f 541 540 519
v 3153.665 1455.644 2.862
f 542 541 519
v 3153.555 1455.644 2.643
f 542 543 541
v 3153.765 1455.644 3.087
f 544 542 519
v 3153.930 1455.644 3.549
f 545 544 519
v 3153.853 1455.644 3.316
f 545 546 544
v 3154.049 1455.644 4.025
v 3153.995 1455.644 3.785
f 547 548 545
v 3154.091 1455.644 4.266
f 549 547 545
v 3154.139 1455.644 4.755
f 550 545 519
f 550 549 545
v 3154.121 1455.644 4.510
f 550 551 549
v 3154.145 1455.644 5.000
f 552 550 519
f 552 519 534
v 3154.145 1455.644 112.597
f 553 552 534
v 3129.145 1455.644 135.000
f 553 534 554
v 3154.121 1455.644 113.094
v 3154.139 1455.644 112.846
f 555 556 553
v 3154.090 1455.644 113.341
f 557 555 553
v 3154.046 1455.644 113.586
f 558 557 553
v 3153.991 1455.644 113.829
f 559 558 553
v 3153.924 1455.644 114.068
f 560 559 553
v 3153.845 1455.644 114.304
f 561 560 553
v 3153.754 1455.644 114.536
f 562 561 553
v 3153.652 1455.644 114.763
f 563 562 553
v 3153.279 1455.644 115.409
v 3153.414 1455.644 115.200
v 3153.538 1455.644 114.984
f 564 565 566
v 3153.134 1455.644 115.611
f 567 566 563
f 567 563 553
f 567 564 566
v 3152.269 1455.644 116.501
f 568 553 554
v 3152.815 1455.644 115.993
v 3152.979 1455.644 115.806
f 569 570 567
f 569 567 553
v 3152.641 1455.644 116.171
v 3152.459 1455.644 116.341
f 571 568 572
f 571 553 568
f 571 569 553
v 3129.145 1455.644 200.000
v 3094.145 1455.644 200.000
f 573 554 574
f 534 574 554
v 3129.145 1450.644 200.000
f 554 573 575
v 3129.145 1450.644 135.000
f 576 554 575
v 3094.145 1450.644 200.000
f 577 575 573
f 574 577 573
v 3094.145 1450.644 60.000
f 534 578 577
f 534 577 574
v 3154.145 1450.644 5.000
f 550 552 579
v 3154.139 1450.644 4.755
f 550 579 580
v 3154.121 1450.644 4.510
f 551 580 581
f 551 550 580
v 3154.091 1450.644 4.266
f 549 581 582
f 549 551 581
v 3154.049 1450.644 4.025
f 547 582 583
v 3153.995 1450.644 3.785
f 547 583 584
f 547 549 582
f 548 547 584
v 3153.930 1450.644 3.549
f 545 584 585
v 3153.853 1450.644 3.316
f 545 585 586
f 545 548 584
f 546 545 586
f 544 546 586
v 3153.765 1450.644 3.087
f 544 586 587
f 542 544 587
v 3153.665 1450.644 2.862
f 542 587 588
v 3153.555 1450.644 2.643
f 542 588 589
f 543 542 589
v 3153.434 1450.644 2.429
f 541 589 590
f 541 543 589
v 3153.303 1450.644 2.222
f 540 590 591
f 540 541 590
v 3153.161 1450.644 2.022
f 539 591 592
f 539 540 591
v 3153.010 1450.644 1.828
f 537 592 593
v 3152.850 1450.644 1.642
f 537 593 594
f 537 539 592
f 538 537 594
v 3152.681 1450.644 1.464
f 533 594 595
f 533 538 594
v 3152.503 1450.644 1.295
f 531 595 596
v 3152.317 1450.644 1.135
f 531 596 597
f 531 533 595
f 532 531 597
v 3152.124 1450.644 0.984
f 530 597 598
f 530 532 597
v 3151.923 1450.644 0.843
f 529 598 599
v 3151.716 1450.644 0.711
f 529 599 600
f 529 530 598
f 527 529 600
v 3151.502 1450.644 0.590
f 528 600 601
f 528 527 600
v 3151.283 1450.644 0.480
f 526 601 602
v 3151.059 1450.644 0.381
f 526 602 603
f 526 528 601
f 524 526 603
v 3150.830 1450.644 0.292
f 525 603 604
f 525 524 603
v 3150.597 1450.644 0.215
f 522 604 605
v 3150.360 1450.644 0.150
f 522 605 606
f 522 525 604
f 523 522 606
v 3150.121 1450.644 0.096
f 521 606 607
f 521 523 606
v 3149.879 1450.644 0.054
f 520 607 608
f 520 521 607
v 3149.635 1450.644 0.024
f 517 608 609
v 3149.391 1450.644 0.006
f 517 609 610
f 517 520 608
v 3149.145 1450.644 -0.000
f 518 610 611
f 518 517 610
f 519 518 611
v 3154.145 1450.644 112.597
f 579 553 612
f 579 552 553
v 3152.269 1450.644 116.501
f 572 568 613
v 3152.459 1450.644 116.341
f 572 613 614
v 3152.641 1450.644 116.171
f 571 614 615
v 3152.815 1450.644 115.993
f 571 615 616
f 571 572 614
f 569 571 616
v 3152.979 1450.644 115.806
f 570 616 617
f 570 569 616
v 3153.134 1450.644 115.611
f 567 617 618
f 567 570 617
v 3153.279 1450.644 115.409
f 564 618 619
f 564 567 618
v 3153.414 1450.644 115.200
f 565 619 620
f 565 564 619
v 3153.538 1450.644 114.984
f 566 620 621
v 3153.652 1450.644 114.763
f 566 621 622
f 566 565 620
v 3153.754 1450.644 114.536
f 563 622 623
f 563 566 622
v 3153.845 1450.644 114.304
f 562 623 624
f 562 563 623
f 561 562 624
v 3153.924 1450.644 114.068
f 560 624 625
f 560 561 624
v 3153.991 1450.644 113.829
f 559 625 626
f 559 560 625
v 3154.046 1450.644 113.586
f 558 626 627
v 3154.090 1450.644 113.341
f 558 627 628
f 558 559 626
f 557 558 628
f 555 557 628
v 3154.121 1450.644 113.094
f 555 628 629
f 556 555 629
v 3154.139 1450.644 112.846
f 556 629 630
f 553 556 630
f 553 630 612
f 554 613 568
f 576 613 554
v 3013.145 1450.644 60.000
f 536 631 578
f 536 578 534
v 3013.145 1489.948 60.000
v 3018.145 1489.948 60.000
f 632 536 633
f 632 631 536
f 576 575 577
v 3013.145 1450.644 0.000
f 578 631 634
f 615 614 613
f 619 616 615
f 619 617 616
f 619 618 617
f 619 615 613
f 620 619 613
f 621 620 613
f 622 621 613
f 624 623 622
f 624 622 613
f 626 625 624
f 626 624 613
f 627 626 613
f 629 627 613
f 629 628 627
f 630 629 613
f 612 630 613
f 612 613 576
f 612 576 578
f 579 612 578
f 611 579 578
f 611 578 634
f 582 581 580
f 584 583 582
f 584 582 580
f 585 580 579
f 585 584 580
f 603 605 604
f 603 606 605
f 603 607 606
f 603 608 607
f 589 587 586
f 589 588 587
f 601 603 602
f 601 609 608
f 601 610 609
f 601 611 610
f 601 608 603
f 590 589 586
f 600 611 601
f 591 586 585
f 591 585 579
f 591 590 586
f 592 591 579
f 598 600 599
f 596 598 597
f 596 600 598
f 595 579 611
f 595 593 592
f 595 594 593
f 595 611 600
f 595 592 579
f 595 600 596
f 577 578 576
v 3013.145 1489.948 0.000
v 3018.145 1489.948 0.000
f 535 635 636
f 535 519 611
f 634 535 611
f 634 635 535
v 3013.145 1494.942 4.755
v 3013.145 1494.948 5.000
v 3018.145 1494.948 5.000
f 637 638 639
v 3018.145 1494.942 4.755
f 637 639 640
v 3013.145 1494.924 4.510
v 3018.145 1494.924 4.510
f 641 640 642
f 641 637 640
v 3013.145 1494.894 4.266
v 3018.145 1494.894 4.266
f 643 642 644
f 643 641 642
v 3013.145 1494.852 4.025
v 3018.145 1494.852 4.025
f 645 644 646
f 645 643 644
v 3013.145 1494.799 3.785
v 3018.145 1494.799 3.785
f 647 646 648
f 647 645 646
v 3013.145 1494.733 3.549
v 3018.145 1494.733 3.549
f 649 648 650
f 649 647 648
v 3013.145 1494.656 3.316
v 3018.145 1494.656 3.316
f 651 650 652
v 3018.145 1494.568 3.087
f 651 652 653
f 651 649 650
v 3013.145 1494.568 3.087
f 654 651 653
v 3013.145 1494.468 2.862
f 655 654 653
v 3018.145 1494.468 2.862
f 655 653 656
v 3013.145 1494.358 2.643
v 3018.145 1494.358 2.643
f 657 656 658
f 657 655 656
v 3018.145 1494.237 2.429
f 657 658 659
v 3013.145 1494.237 2.429
v 3018.145 1494.106 2.222
f 660 659 661
f 660 657 659
v 3013.145 1494.106 2.222
f 662 660 661
v 3013.145 1493.965 2.022
v 3018.145 1493.965 2.022
f 663 661 664
f 663 662 661
v 3013.145 1493.814 1.828
v 3018.145 1493.814 1.828
f 665 664 666
v 3018.145 1493.653 1.642
f 665 666 667
f 665 663 664
v 3013.145 1493.653 1.642
f 668 665 667
v 3013.145 1493.484 1.464
v 3018.145 1493.484 1.464
f 669 667 670
v 3018.145 1493.306 1.295
f 669 670 671
f 669 668 667
v 3013.145 1493.306 1.295
v 3018.145 1493.120 1.135
f 672 671 673
f 672 669 671
v 3013.145 1493.120 1.135
v 3018.145 1492.927 0.984
f 674 673 675
f 674 672 673
v 3013.145 1492.927 0.984
f 676 674 675
v 3013.145 1492.726 0.843
v 3018.145 1492.726 0.843
f 677 675 678
f 677 676 675
v 3013.145 1492.519 0.711
v 3018.145 1492.519 0.711
f 679 678 680
f 679 677 678
v 3013.145 1492.305 0.590
v 3018.145 1492.305 0.590
f 681 680 682
f 681 679 680
v 3013.145 1492.086 0.480
v 3018.145 1492.086 0.480
f 683 682 684
f 683 681 682
v 3013.145 1491.862 0.381
v 3018.145 1491.862 0.381
f 685 684 686
f 685 683 684
v 3013.145 1491.633 0.292
v 3018.145 1491.633 0.292
f 687 686 688
v 3018.145 1491.400 0.215
f 687 688 689
f 687 685 686
v 3013.145 1491.400 0.215
f 690 687 689
v 3013.145 1491.163 0.150
v 3018.145 1491.163 0.150
f 691 689 692
v 3018.145 1490.924 0.096
f 691 692 693
f 691 690 689
v 3013.145 1490.924 0.096
f 694 691 693
v 3013.145 1490.682 0.054
v 3018.145 1490.682 0.054
f 695 693 696
f 695 694 693
v 3013.145 1490.439 0.024
v 3018.145 1490.439 0.024
f 697 696 698
f 697 695 696
v 3013.145 1490.194 0.006
v 3018.145 1490.194 0.006
f 699 698 700
f 699 697 698
f 635 700 636
f 635 699 700
v 3018.145 1494.948 55.000
f 701 639 638
v 3013.145 1494.948 55.000
f 701 638 702
f 695 697 699
f 691 694 695
f 685 687 690
f 685 690 691
f 683 691 695
f 683 685 691
f 679 681 683
f 679 683 695
f 677 679 695
f 668 669 672
f 668 672 674
f 668 674 676
f 665 668 676
f 662 663 665
f 660 662 665
f 657 660 665
f 649 651 654
f 649 654 655
f 649 655 657
f 645 649 657
f 645 647 649
f 643 665 676
f 643 657 665
f 643 645 657
f 643 676 677
f 637 641 643
f 638 677 695
f 638 637 643
f 638 643 677
f 638 699 635
f 638 635 634
f 638 695 699
v 3013.145 1490.439 59.976
v 3013.145 1490.194 59.994
f 703 632 704
v 3013.145 1490.682 59.946
f 705 632 703
v 3013.145 1491.400 59.785
v 3013.145 1490.924 59.904
f 706 705 707
v 3013.145 1491.163 59.850
f 706 707 708
v 3013.145 1491.862 59.619
v 3013.145 1491.633 59.708
f 709 706 710
f 709 705 706
v 3013.145 1492.305 59.410
v 3013.145 1492.086 59.520
f 711 709 712
f 711 705 709
v 3013.145 1492.726 59.157
v 3013.145 1492.519 59.289
f 713 711 714
f 713 632 705
f 713 705 711
v 3013.145 1492.927 59.016
f 715 632 713
f 702 631 632
f 702 638 634
f 702 634 631
v 3013.145 1493.306 58.705
v 3013.145 1493.120 58.865
f 716 715 717
v 3013.145 1494.942 55.245
f 718 702 632
v 3013.145 1494.924 55.490
f 719 632 715
f 719 718 632
v 3013.145 1493.653 58.358
v 3013.145 1493.484 58.536
f 720 716 721
f 720 715 716
v 3013.145 1493.814 58.172
f 722 715 720
v 3013.145 1493.965 57.978
f 723 715 722
v 3013.145 1494.733 56.451
v 3013.145 1494.799 56.215
v 3013.145 1494.852 55.975
f 724 725 726
v 3013.145 1494.237 57.571
v 3013.145 1494.106 57.778
f 727 723 728
v 3013.145 1494.656 56.684
v 3013.145 1494.894 55.734
f 729 726 730
f 729 724 726
v 3013.145 1494.358 57.357
f 731 723 727
v 3013.145 1494.468 57.138
v 3013.145 1494.568 56.913
f 732 733 729
f 732 730 719
f 732 719 715
f 732 723 731
f 732 715 723
f 732 729 730
f 698 696 700
f 693 692 696
f 696 692 700
f 692 689 700
f 688 686 689
f 684 682 686
f 680 678 682
f 682 678 686
f 678 673 686
f 675 673 678
f 689 671 700
f 686 671 689
f 673 671 686
f 671 670 700
f 667 666 670
f 666 664 670
f 664 659 670
f 661 659 664
f 653 652 656
f 656 652 658
f 650 648 652
f 648 644 652
f 646 644 648
f 644 642 652
f 652 642 658
f 659 640 670
f 642 640 658
f 658 640 659
f 670 639 700
f 640 639 670
f 700 639 636
f 636 639 535
v 3018.145 1490.682 59.946
v 3018.145 1490.194 59.994
f 633 734 735
v 3018.145 1490.439 59.976
f 735 734 736
v 3018.145 1490.924 59.904
v 3018.145 1491.400 59.785
v 3018.145 1491.163 59.850
f 737 738 739
v 3018.145 1491.862 59.619
f 734 740 737
v 3018.145 1491.633 59.708
f 738 740 741
f 737 740 738
v 3018.145 1492.305 59.410
v 3018.145 1492.086 59.520
f 740 742 743
f 633 742 734
f 734 742 740
v 3018.145 1492.726 59.157
v 3018.145 1492.519 59.289
f 742 744 745
f 633 744 742
f 535 701 536
f 536 701 633
f 639 701 535
v 3018.145 1492.927 59.016
v 3018.145 1493.306 58.705
v 3018.145 1493.120 58.865
f 746 747 748
v 3018.145 1494.942 55.245
f 701 749 633
v 3018.145 1493.484 58.536
f 744 750 746
f 746 750 747
v 3018.145 1493.814 58.172
v 3018.145 1493.653 58.358
f 750 751 752
v 3018.145 1494.894 55.734
v 3018.145 1494.852 55.975
v 3018.145 1494.924 55.490
f 753 754 755
f 755 754 749
f 749 754 633
f 633 754 744
f 744 754 750
v 3018.145 1493.965 57.978
f 750 756 751
v 3018.145 1494.799 56.215
v 3018.145 1494.733 56.451
f 757 758 754
v 3018.145 1494.656 56.684
f 758 759 754
v 3018.145 1494.358 57.357
v 3018.145 1494.106 57.778
f 756 760 761
v 3018.145 1494.237 57.571
f 761 760 762
v 3018.145 1494.568 56.913
f 759 763 754
v 3018.145 1494.468 57.138
f 763 764 754
f 754 764 750
f 750 764 756
f 756 764 760
v 3152.269 1464.773 237.734
v 3129.145 1458.143 220.463
v 3129.145 1462.811 218.672
f 765 766 767
v 3152.269 1469.441 235.942
f 765 767 768
v 3154.139 1470.751 239.354
v 3154.145 1470.840 239.587
v 3154.145 1466.172 241.379
f 769 770 771
v 3154.139 1466.083 241.146
f 769 771 772
v 3154.121 1470.662 239.123
v 3154.121 1465.994 240.915
f 773 772 774
f 773 769 772
v 3154.090 1470.573 238.892
v 3154.090 1465.905 240.684
f 775 774 776
f 775 773 774
v 3154.046 1470.485 238.663
v 3154.046 1465.818 240.455
f 777 776 778
f 777 775 776
v 3153.991 1470.398 238.437
v 3153.991 1465.731 240.229
f 779 778 780
v 3153.924 1465.645 240.005
f 779 780 781
f 779 777 778
v 3153.924 1470.313 238.213
f 782 779 781
v 3153.845 1470.228 237.993
v 3153.845 1465.560 239.785
f 783 781 784
f 783 782 781
v 3153.754 1470.145 237.777
v 3153.754 1465.477 239.568
f 785 784 786
f 785 783 784
v 3153.652 1470.064 237.565
v 3153.652 1465.396 239.356
f 787 786 788
f 787 785 786
v 3153.538 1469.984 237.358
v 3153.538 1465.316 239.150
f 789 788 790
f 789 787 788
v 3153.414 1469.907 237.156
v 3153.414 1465.239 238.948
f 791 790 792
f 791 789 790
v 3153.279 1469.832 236.961
v 3153.279 1465.164 238.753
f 793 792 794
f 793 791 792
v 3153.134 1469.760 236.772
v 3153.134 1465.092 238.564
f 795 794 796
f 795 793 794
v 3152.979 1469.690 236.591
v 3152.979 1465.022 238.382
f 797 796 798
v 3152.815 1464.955 238.208
f 797 798 799
f 797 795 796
v 3152.815 1469.623 236.416
f 800 797 799
v 3152.641 1469.559 236.250
f 801 800 799
v 3152.641 1464.891 238.041
f 801 799 802
v 3152.459 1464.830 237.883
f 801 802 803
v 3152.459 1469.498 236.091
f 804 801 803
f 768 804 803
f 768 803 765
v 3154.145 1493.273 298.026
v 3154.145 1488.605 299.818
f 771 805 806
f 771 770 805
v 3149.391 1495.062 302.688
v 3149.145 1495.064 302.694
v 3149.145 1490.397 304.486
f 807 808 809
v 3149.391 1490.394 304.480
f 807 809 810
v 3149.635 1495.056 302.671
v 3149.635 1490.388 304.463
f 811 810 812
f 811 807 810
v 3149.879 1495.045 302.643
v 3149.879 1490.377 304.435
f 813 812 814
f 813 811 812
v 3150.121 1495.030 302.604
v 3150.121 1490.362 304.396
f 815 814 816
f 815 813 814
v 3150.360 1495.011 302.554
v 3150.360 1490.343 304.346
f 817 816 818
v 3150.597 1490.319 304.285
f 817 818 819
f 817 815 816
v 3150.597 1494.987 302.493
f 820 817 819
v 3150.830 1494.960 302.421
v 3150.830 1490.292 304.213
f 821 819 822
v 3151.059 1490.260 304.130
f 821 822 823
f 821 820 819
v 3151.059 1494.928 302.339
f 824 821 823
v 3151.283 1490.224 304.038
f 824 823 825
v 3151.283 1494.892 302.246
f 826 824 825
v 3151.502 1494.853 302.143
v 3151.502 1490.185 303.935
f 827 825 828
f 827 826 825
v 3151.716 1494.809 302.030
v 3151.716 1490.142 303.822
f 829 828 830
f 829 827 828
v 3151.923 1494.762 301.907
v 3151.923 1490.095 303.699
f 831 830 832
f 831 829 830
v 3152.124 1494.712 301.775
v 3152.124 1490.044 303.567
f 833 832 834
f 833 831 832
v 3152.317 1494.658 301.634
v 3152.317 1489.990 303.426
f 835 834 836
f 835 833 834
v 3152.503 1494.600 301.485
v 3152.503 1489.932 303.276
f 837 836 838
v 3152.681 1489.872 303.118
f 837 838 839
f 837 835 836
v 3152.681 1494.540 301.327
f 840 837 839
v 3152.850 1494.476 301.161
v 3152.850 1489.808 302.953
f 841 839 842
v 3153.010 1489.741 302.779
f 841 842 843
f 841 840 839
v 3153.010 1494.409 300.987
v 3153.161 1489.672 302.598
f 844 843 845
f 844 841 843
v 3153.161 1494.340 300.807
f 846 844 845
v 3153.303 1494.268 300.619
v 3153.303 1489.600 302.411
f 847 845 848
f 847 846 845
v 3153.434 1494.194 300.426
v 3153.434 1489.526 302.218
f 849 848 850
f 849 847 848
v 3153.555 1494.117 300.226
v 3153.555 1489.449 302.018
f 851 850 852
v 3153.665 1489.371 301.814
f 851 852 853
f 851 849 850
v 3153.665 1494.039 300.022
v 3153.765 1489.290 301.604
f 854 853 855
f 854 851 853
v 3153.765 1493.958 299.812
v 3153.853 1489.208 301.390
f 856 855 857
f 856 854 855
v 3153.853 1493.876 299.599
f 858 856 857
v 3153.930 1493.793 299.381
v 3153.930 1489.125 301.173
f 859 857 860
v 3153.995 1489.040 300.952
f 859 860 861
f 859 858 857
v 3153.995 1493.708 299.160
v 3154.049 1488.954 300.728
f 862 861 863
f 862 859 861
v 3154.049 1493.622 298.937
f 864 862 863
v 3154.091 1493.535 298.711
v 3154.091 1488.868 300.503
f 865 863 866
f 865 864 863
v 3154.121 1493.448 298.483
v 3154.121 1488.780 300.275
f 867 866 868
v 3154.139 1488.693 300.047
f 867 868 869
f 867 865 866
v 3154.139 1493.360 298.255
f 870 867 869
f 805 869 806
f 805 870 869
v 3099.145 1495.064 302.694
v 3099.145 1490.397 304.486
f 871 872 809
f 871 809 808
v 3094.151 1493.360 298.255
v 3094.145 1493.273 298.026
v 3094.145 1488.605 299.818
f 873 874 875
v 3094.151 1488.693 300.047
f 873 875 876
v 3094.169 1493.448 298.483
v 3094.169 1488.780 300.275
f 877 876 878
f 877 873 876
v 3094.199 1493.535 298.711
v 3094.199 1488.868 300.503
f 879 878 880
f 879 877 878
v 3094.241 1493.622 298.937
v 3094.241 1488.954 300.728
f 881 880 882
f 881 879 880
v 3094.295 1493.708 299.160
v 3094.295 1489.040 300.952
f 883 882 884
f 883 881 882
v 3094.361 1493.793 299.381
v 3094.361 1489.125 301.173
f 885 884 886
f 885 883 884
v 3094.438 1493.876 299.599
v 3094.438 1489.208 301.390
f 887 886 888
f 887 885 886
v 3094.526 1493.958 299.812
v 3094.526 1489.290 301.604
f 889 888 890
v 3094.625 1489.371 301.814
f 889 890 891
f 889 887 888
v 3094.625 1494.039 300.022
f 892 889 891
v 3094.736 1494.117 300.226
v 3094.736 1489.449 302.018
f 893 891 894
f 893 892 891
v 3094.857 1494.194 300.426
v 3094.857 1489.526 302.218
f 895 894 896
f 895 893 894
v 3094.988 1489.600 302.411
f 895 896 897
v 3094.988 1494.268 300.619
v 3095.129 1489.672 302.598
f 898 897 899
f 898 895 897
v 3095.129 1494.340 300.807
f 900 898 899
v 3095.280 1494.409 300.987
v 3095.280 1489.741 302.779
f 901 899 902
f 901 900 899
v 3095.441 1494.476 301.161
v 3095.441 1489.808 302.953
f 903 902 904
f 903 901 902
v 3095.610 1494.540 301.327
v 3095.610 1489.872 303.118
f 905 904 906
f 905 903 904
v 3095.787 1494.600 301.485
v 3095.787 1489.932 303.276
f 907 906 908
f 907 905 906
v 3095.973 1494.658 301.634
v 3095.973 1489.990 303.426
f 909 908 910
f 909 907 908
v 3096.167 1494.712 301.775
v 3096.167 1490.044 303.567
f 911 910 912
f 911 909 910
v 3096.367 1494.762 301.907
v 3096.367 1490.095 303.699
f 913 912 914
f 913 911 912
v 3096.575 1494.809 302.030
v 3096.575 1490.142 303.822
f 915 914 916
f 915 913 914
v 3096.788 1494.853 302.143
v 3096.788 1490.185 303.935
f 917 916 918
v 3097.008 1490.224 304.038
f 917 918 919
f 917 915 916
v 3097.008 1494.892 302.246
f 920 917 919
v 3097.232 1494.928 302.339
f 921 920 919
v 3097.232 1490.260 304.130
f 921 919 922
v 3097.461 1494.960 302.421
v 3097.461 1490.292 304.213
f 923 922 924
f 923 921 922
v 3097.694 1494.987 302.493
v 3097.694 1490.319 304.285
f 925 924 926
f 925 923 924
v 3097.930 1495.011 302.554
v 3097.930 1490.343 304.346
f 927 926 928
f 927 925 926
v 3098.170 1495.030 302.604
v 3098.170 1490.362 304.396
f 929 928 930
f 929 927 928
v 3098.412 1495.045 302.643
v 3098.412 1490.377 304.435
f 931 930 932
v 3098.655 1490.388 304.463
f 931 932 933
f 931 929 930
v 3098.655 1495.056 302.671
f 934 931 933
v 3098.900 1495.062 302.688
v 3098.900 1490.394 304.480
f 935 933 936
f 935 936 872
f 935 934 933
f 871 935 872
v 3094.145 1450.976 201.792
f 574 937 875
f 574 875 874
v 3129.145 1450.976 201.792
f 937 573 938
f 937 574 573
f 573 767 766
f 938 573 766
v 3146.439 1488.541 285.699
v 3147.010 1488.740 286.219
v 3146.731 1488.638 285.952
f 939 940 941
v 3145.815 1488.362 285.235
v 3146.133 1488.449 285.459
f 942 939 943
v 3147.755 1489.075 287.091
v 3147.522 1488.959 286.789
v 3147.274 1488.847 286.498
f 944 945 946
v 3145.145 1488.207 284.831
v 3145.486 1488.282 285.025
f 947 942 948
v 3143.312 1487.930 284.109
v 3144.068 1488.021 284.346
v 3143.693 1487.973 284.219
f 949 950 951
v 3141.345 1487.824 283.832
v 3142.140 1487.846 283.888
v 3141.743 1487.831 283.851
f 952 953 954
v 3142.534 1487.867 283.943
f 952 955 953
v 3140.946 1487.824 283.832
f 956 955 952
v 3142.925 1487.895 284.017
f 956 957 955
v 3140.547 1487.831 283.851
f 958 957 956
v 3139.365 1487.895 284.017
v 3140.151 1487.846 283.888
v 3139.756 1487.867 283.943
f 959 960 961
f 959 958 960
v 3148.790 1491.535 293.500
v 3148.898 1491.398 293.142
v 3148.987 1491.258 292.779
f 962 963 964
v 3138.597 1487.973 284.219
v 3144.436 1488.077 284.491
f 965 966 950
f 965 958 959
f 965 950 949
v 3138.979 1487.930 284.109
f 965 959 967
f 965 957 958
f 965 949 957
v 3137.855 1488.077 284.491
f 968 966 965
v 3138.223 1488.021 284.346
f 968 965 969
v 3136.805 1488.282 285.025
v 3144.795 1488.139 284.652
f 970 971 966
f 970 947 971
f 970 966 968
f 970 942 947
v 3137.496 1488.139 284.652
v 3137.145 1488.207 284.831
f 970 972 973
f 970 968 972
v 3136.475 1488.362 285.235
f 974 939 942
f 974 942 970
v 3136.157 1488.449 285.459
f 975 939 974
v 3147.010 1492.640 296.379
v 3147.274 1492.533 296.099
v 3147.522 1492.421 295.808
f 976 977 978
v 3135.559 1488.638 285.952
f 979 946 940
f 979 940 939
f 979 939 975
v 3135.852 1488.541 285.699
f 979 975 980
v 3135.281 1488.740 286.219
f 981 946 979
v 3146.439 1492.840 296.898
v 3146.731 1492.743 296.645
f 982 983 976
v 3135.017 1488.847 286.498
f 984 946 981
v 3134.768 1488.959 286.789
f 985 944 946
f 985 946 984
v 3134.319 1489.195 287.404
v 3147.972 1489.195 287.404
f 986 987 944
f 986 944 985
v 3134.535 1489.075 287.091
f 986 985 988
v 3145.145 1493.173 297.767
v 3145.486 1493.099 297.572
v 3145.815 1493.018 297.363
f 989 990 991
v 3134.120 1489.319 287.727
f 992 987 986
v 3133.938 1489.446 288.058
v 3148.171 1489.319 287.727
f 993 994 987
v 3148.353 1489.446 288.058
f 993 995 994
v 3148.517 1489.577 288.398
f 993 996 995
f 993 987 992
v 3144.436 1493.303 298.106
v 3144.795 1493.241 297.945
f 997 998 989
v 3133.628 1489.710 288.744
v 3148.663 1489.710 288.744
f 999 1000 996
v 3133.773 1489.577 288.398
f 999 993 1001
f 999 996 993
v 3143.693 1493.408 298.378
v 3144.068 1493.359 298.251
f 1002 1003 997
v 3133.501 1489.845 289.097
v 3148.790 1489.845 289.097
f 1004 1005 1000
v 3148.898 1489.983 289.456
f 1004 1006 1005
f 1004 1000 999
v 3133.393 1489.983 289.456
v 3148.987 1490.122 289.819
f 1007 1008 1006
f 1007 1006 1004
v 3142.925 1493.485 298.580
v 3143.312 1493.450 298.488
f 1009 1010 1002
v 3133.304 1490.122 289.819
f 1011 1008 1007
v 3133.235 1490.263 290.185
v 3149.056 1490.263 290.185
f 1012 1013 1008
v 3149.106 1490.405 290.555
f 1012 1014 1013
f 1012 1008 1011
v 3133.185 1490.405 290.555
f 1015 1014 1012
v 3133.155 1490.547 290.926
f 1016 1014 1015
v 3149.135 1490.547 290.926
f 1016 1017 1014
v 3141.345 1493.556 298.765
v 3142.140 1493.535 298.709
v 3142.534 1493.514 298.654
f 1018 1019 1020
v 3141.743 1493.549 298.746
f 1018 1021 1019
v 3133.145 1490.690 291.299
v 3149.135 1490.833 291.671
v 3149.145 1490.690 291.299
f 1022 1023 1024
f 1022 1017 1016
f 1022 1024 1017
v 3140.946 1493.556 298.765
f 1025 1018 1020
f 1025 1020 1009
v 3133.155 1490.833 291.671
f 1026 1023 1022
v 3133.185 1490.976 292.042
f 1027 1023 1026
v 3149.106 1490.976 292.042
f 1027 1028 1023
v 3149.056 1491.117 292.412
f 1027 1029 1028
v 3140.151 1493.535 298.709
v 3140.547 1493.549 298.746
f 1030 1031 1025
v 3133.235 1491.117 292.412
f 1032 1029 1027
v 3133.304 1491.258 292.779
f 1033 964 1029
f 1033 1029 1032
v 3139.365 1493.485 298.580
f 1034 1030 1025
v 3139.756 1493.514 298.654
f 1034 1035 1030
f 1034 1025 1009
f 1034 1002 997
f 1034 1009 1002
v 3133.393 1491.398 293.142
f 1036 964 1033
v 3133.501 1491.535 293.500
f 1037 962 964
f 1037 964 1036
v 3133.628 1491.671 293.853
v 3148.663 1491.671 293.853
f 1038 1039 962
f 1038 962 1037
v 3138.223 1493.359 298.251
v 3138.979 1493.450 298.488
f 1040 1041 1034
v 3138.597 1493.408 298.378
f 1040 1042 1041
f 1040 1034 997
v 3133.773 1491.804 294.200
v 3148.517 1491.804 294.200
f 1043 1044 1039
f 1043 1039 1038
v 3133.938 1491.934 294.539
v 3148.353 1491.934 294.539
f 1045 1046 1044
v 3148.171 1492.061 294.871
f 1045 1047 1046
f 1045 1044 1043
v 3137.496 1493.241 297.945
v 3137.855 1493.303 298.106
f 1048 1049 1040
f 1048 1040 997
f 1048 997 989
v 3134.120 1492.061 294.871
f 1050 1047 1045
v 3134.319 1492.185 295.193
v 3147.972 1492.185 295.193
f 1051 1052 1047
v 3147.755 1492.305 295.506
f 1051 1053 1052
f 1051 1047 1050
v 3136.805 1493.099 297.572
v 3137.145 1493.173 297.767
f 1054 1055 1048
f 1054 989 991
f 1054 1048 989
v 3134.535 1492.305 295.506
f 1056 1053 1051
f 1056 978 1053
v 3134.768 1492.421 295.808
f 1057 978 1056
v 3135.017 1492.533 296.099
f 1058 978 1057
f 1058 976 978
v 3135.852 1492.840 296.898
v 3146.133 1492.932 297.138
f 1059 1060 982
f 1059 991 1060
v 3136.475 1493.018 297.363
f 1059 1061 1054
v 3136.157 1492.932 297.138
f 1059 1062 1061
f 1059 1054 991
f 1059 982 976
v 3135.281 1492.640 296.379
f 1063 1059 976
f 1063 976 1058
v 3135.559 1492.743 296.645
f 1064 1059 1063
v 3147.010 1484.072 288.010
v 3146.439 1483.873 287.491
v 3146.731 1483.970 287.744
f 1065 1066 1067
v 3145.815 1483.695 287.026
v 3146.133 1483.781 287.251
f 1066 1068 1069
v 3147.522 1484.291 288.581
v 3147.755 1484.407 288.883
v 3147.274 1484.179 288.290
f 1070 1071 1072
v 3145.145 1483.539 286.622
v 3145.486 1483.614 286.817
f 1068 1073 1074
v 3144.068 1483.354 286.138
v 3143.312 1483.263 285.901
v 3143.693 1483.305 286.011
f 1075 1076 1077
v 3142.140 1483.178 285.680
v 3141.345 1483.156 285.624
v 3141.743 1483.163 285.643
f 1078 1079 1080
v 3142.534 1483.199 285.735
f 1081 1079 1078
v 3140.946 1483.156 285.624
f 1081 1082 1079
v 3142.925 1483.227 285.809
f 1083 1082 1081
v 3140.547 1483.163 285.643
f 1083 1084 1082
v 3140.151 1483.178 285.680
v 3139.365 1483.227 285.809
v 3139.756 1483.199 285.735
f 1085 1086 1087
f 1084 1086 1085
v 3148.898 1486.730 294.933
v 3148.790 1486.867 295.292
v 3148.987 1486.590 294.570
f 1088 1089 1090
v 3144.436 1483.409 286.283
v 3138.597 1483.305 286.011
f 1091 1092 1075
f 1084 1092 1086
f 1075 1092 1076
v 3138.979 1483.263 285.901
f 1086 1092 1093
f 1083 1092 1084
f 1076 1092 1083
v 3137.855 1483.409 286.283
f 1091 1094 1092
v 3138.223 1483.354 286.138
f 1092 1094 1095
v 3144.795 1483.471 286.444
v 3136.805 1483.614 286.817
f 1096 1097 1091
f 1073 1097 1096
f 1091 1097 1094
f 1068 1097 1073
v 3137.496 1483.471 286.444
v 3137.145 1483.539 286.622
f 1098 1097 1099
f 1094 1097 1098
v 3136.475 1483.695 287.026
f 1066 1100 1068
f 1068 1100 1097
v 3136.157 1483.781 287.251
f 1066 1101 1100
v 3147.274 1487.865 297.891
v 3147.010 1487.972 298.170
v 3147.522 1487.753 297.600
f 1102 1103 1104
v 3135.559 1483.970 287.744
f 1072 1105 1065
f 1065 1105 1066
f 1066 1105 1101
v 3135.852 1483.873 287.491
f 1101 1105 1106
v 3135.281 1484.072 288.010
f 1072 1107 1105
v 3146.731 1488.075 298.437
v 3146.439 1488.172 298.690
f 1108 1109 1103
v 3135.017 1484.179 288.290
f 1072 1110 1107
v 3134.768 1484.291 288.581
f 1071 1111 1072
f 1072 1111 1110
v 3147.972 1484.527 289.196
v 3134.319 1484.527 289.196
f 1112 1113 1071
f 1071 1113 1111
v 3134.535 1484.407 288.883
f 1111 1113 1114
v 3145.486 1488.431 299.364
v 3145.145 1488.505 299.558
v 3145.815 1488.350 299.155
f 1115 1116 1117
v 3134.120 1484.651 289.519
f 1112 1118 1113
v 3148.171 1484.651 289.519
v 3133.938 1484.778 289.850
f 1119 1120 1112
v 3148.353 1484.778 289.850
f 1121 1120 1119
v 3148.517 1484.909 290.189
f 1122 1120 1121
f 1112 1120 1118
v 3144.795 1488.574 299.737
v 3144.436 1488.636 299.898
f 1123 1124 1116
v 3148.663 1485.042 290.536
v 3133.628 1485.042 290.536
f 1125 1126 1122
v 3133.773 1484.909 290.189
f 1120 1126 1127
f 1122 1126 1120
v 3144.068 1488.691 300.043
v 3143.693 1488.740 300.170
f 1128 1129 1124
v 3148.790 1485.177 290.889
v 3133.501 1485.177 290.889
f 1130 1131 1125
v 3148.898 1485.315 291.248
f 1132 1131 1130
f 1125 1131 1126
v 3148.987 1485.454 291.611
v 3133.393 1485.315 291.248
f 1133 1134 1132
f 1132 1134 1131
v 3143.312 1488.782 300.280
v 3142.925 1488.817 300.372
f 1135 1136 1129
v 3133.304 1485.454 291.611
f 1133 1137 1134
v 3149.056 1485.595 291.977
v 3133.235 1485.595 291.977
f 1138 1139 1133
v 3149.106 1485.737 292.347
f 1140 1139 1138
f 1133 1139 1137
v 3133.185 1485.737 292.347
f 1140 1141 1139
v 3133.155 1485.879 292.718
f 1140 1142 1141
v 3149.135 1485.879 292.718
f 1143 1142 1140
v 3142.140 1488.867 300.501
v 3141.345 1488.888 300.557
v 3142.534 1488.846 300.446
f 1144 1145 1146
v 3141.743 1488.881 300.538
f 1147 1145 1144
v 3149.135 1486.165 293.463
v 3133.145 1486.022 293.090
v 3149.145 1486.022 293.090
f 1148 1149 1150
f 1143 1149 1142
f 1150 1149 1143
v 3140.946 1488.888 300.557
f 1145 1151 1146
f 1146 1151 1136
v 3133.155 1486.165 293.463
f 1148 1152 1149
v 3133.185 1486.308 293.834
f 1148 1153 1152
v 3149.106 1486.308 293.834
f 1154 1153 1148
v 3149.056 1486.450 294.204
f 1155 1153 1154
v 3140.547 1488.881 300.538
v 3140.151 1488.867 300.501
f 1156 1157 1151
v 3133.235 1486.450 294.204
f 1155 1158 1153
v 3133.304 1486.590 294.570
f 1090 1159 1155
f 1155 1159 1158
v 3139.365 1488.817 300.372
f 1157 1160 1151
v 3139.756 1488.846 300.446
f 1161 1160 1157
f 1151 1160 1136
f 1129 1160 1124
f 1136 1160 1129
v 3133.393 1486.730 294.933
f 1090 1162 1159
v 3133.501 1486.867 295.292
f 1089 1163 1090
f 1090 1163 1162
v 3148.663 1487.003 295.645
v 3133.628 1487.003 295.645
f 1164 1165 1089
f 1089 1165 1163
v 3138.979 1488.782 300.280
v 3138.223 1488.691 300.043
f 1166 1167 1160
v 3138.597 1488.740 300.170
f 1168 1167 1166
f 1160 1167 1124
v 3148.517 1487.136 295.992
v 3133.773 1487.136 295.992
f 1169 1170 1164
f 1164 1170 1165
v 3148.353 1487.266 296.331
v 3133.938 1487.266 296.331
f 1171 1172 1169
v 3148.171 1487.393 296.662
f 1173 1172 1171
f 1169 1172 1170
v 3137.855 1488.636 299.898
v 3137.496 1488.574 299.737
f 1174 1175 1167
f 1167 1175 1124
f 1124 1175 1116
v 3134.120 1487.393 296.662
f 1173 1176 1172
v 3147.972 1487.517 296.985
v 3134.319 1487.517 296.985
f 1177 1178 1173
v 3147.755 1487.637 297.298
f 1179 1178 1177
f 1173 1178 1176
v 3137.145 1488.505 299.558
v 3136.805 1488.431 299.364
f 1180 1181 1175
f 1116 1181 1117
f 1175 1181 1116
v 3134.535 1487.637 297.298
f 1179 1182 1178
f 1104 1182 1179
v 3134.768 1487.753 297.600
f 1104 1183 1182
v 3135.017 1487.865 297.891
f 1104 1184 1183
f 1103 1184 1104
v 3146.133 1488.264 298.930
v 3135.852 1488.172 298.690
f 1185 1186 1109
f 1117 1186 1185
v 3136.475 1488.350 299.155
f 1187 1186 1181
v 3136.157 1488.264 298.930
f 1188 1186 1187
f 1181 1186 1117
f 1109 1186 1103
v 3135.281 1487.972 298.170
f 1186 1189 1103
f 1103 1189 1184
v 3135.559 1488.075 298.437
f 1186 1190 1189
o main_0
v 14037.458 -17954.999 -565.500
v 14037.458 -17954.999 -551.500
v 13953.458 -17954.999 -551.500
f 1191 1192 1193
v 13953.458 -17954.999 -565.500
f 1191 1193 1194
v 14045.448 -17947.392 -565.500
v 14045.458 -17946.999 -551.500
v 14045.448 -17947.392 -551.500
f 1195 1196 1197
v 14045.458 -17946.999 -565.500
f 1195 1198 1196
v 14045.419 -17947.784 -565.500
v 14045.419 -17947.784 -551.500
f 1199 1197 1200
f 1199 1195 1197
v 14045.371 -17948.173 -565.500
v 14045.371 -17948.173 -551.500
f 1201 1200 1202
f 1201 1199 1200
v 14045.304 -17948.560 -565.500
v 14045.304 -17948.560 -551.500
f 1203 1202 1204
f 1203 1201 1202
v 14045.218 -17948.943 -565.500
v 14045.218 -17948.943 -551.500
f 1205 1204 1206
f 1205 1203 1204
v 14045.113 -17949.322 -565.500
v 14045.113 -17949.322 -551.500
f 1207 1206 1208
f 1207 1205 1206
v 14044.990 -17949.695 -565.500
v 14044.990 -17949.695 -551.500
f 1209 1208 1210
f 1209 1207 1208
v 14044.849 -17950.061 -565.500
f 1211 1209 1210
v 14044.849 -17950.061 -551.500
f 1211 1210 1212
v 14044.690 -17950.420 -565.500
f 1213 1211 1212
v 14044.690 -17950.420 -551.500
f 1213 1212 1214
v 14044.513 -17950.771 -565.500
f 1215 1213 1214
v 14044.513 -17950.771 -551.500
f 1215 1214 1216
v 14044.319 -17951.112 -565.500
f 1217 1215 1216
v 14044.319 -17951.112 -551.500
f 1217 1216 1218
v 14044.109 -17951.444 -565.500
v 14044.109 -17951.444 -551.500
f 1219 1218 1220
f 1219 1217 1218
v 14043.883 -17951.765 -565.500
v 14043.883 -17951.765 -551.500
f 1221 1220 1222
f 1221 1219 1220
v 14043.642 -17952.075 -565.500
v 14043.642 -17952.075 -551.500
f 1223 1222 1224
f 1223 1221 1222
v 14043.385 -17952.372 -565.500
v 14043.385 -17952.372 -551.500
f 1225 1224 1226
f 1225 1223 1224
v 14043.114 -17952.656 -565.500
v 14043.114 -17952.656 -551.500
f 1227 1226 1228
f 1227 1225 1226
v 14042.830 -17952.927 -565.500
v 14042.830 -17952.927 -551.500
f 1229 1228 1230
f 1229 1227 1228
v 14042.533 -17953.184 -565.500
v 14042.533 -17953.184 -551.500
f 1231 1230 1232
f 1231 1229 1230
v 14042.223 -17953.425 -565.500
v 14042.223 -17953.425 -551.500
f 1233 1232 1234
f 1233 1231 1232
v 14041.902 -17953.651 -565.500
v 14041.902 -17953.651 -551.500
f 1235 1234 1236
f 1235 1233 1234
v 14041.570 -17953.861 -565.500
v 14041.570 -17953.861 -551.500
f 1237 1236 1238
f 1237 1235 1236
v 14041.229 -17954.055 -565.500
v 14041.229 -17954.055 -551.500
f 1239 1238 1240
f 1239 1237 1238
v 14040.878 -17954.231 -565.500
v 14040.878 -17954.231 -551.500
f 1241 1240 1242
f 1241 1239 1240
v 14040.519 -17954.391 -565.500
v 14040.519 -17954.391 -551.500
f 1243 1242 1244
f 1243 1241 1242
v 14040.153 -17954.532 -565.500
v 14040.153 -17954.532 -551.500
f 1245 1244 1246
f 1245 1243 1244
v 14039.780 -17954.655 -565.500
v 14039.780 -17954.655 -551.500
f 1247 1246 1248
f 1247 1245 1246
v 14039.401 -17954.760 -565.500
v 14039.401 -17954.760 -551.500
f 1249 1248 1250
f 1249 1247 1248
v 14039.018 -17954.846 -565.500
v 14039.018 -17954.846 -551.500
f 1251 1250 1252
f 1251 1249 1250
v 14038.631 -17954.913 -565.500
v 14038.631 -17954.913 -551.500
f 1253 1252 1254
f 1253 1251 1252
v 14038.242 -17954.961 -565.500
v 14038.242 -17954.961 -551.500
f 1255 1254 1256
f 1255 1253 1254
v 14037.850 -17954.990 -565.500
v 14037.850 -17954.990 -551.500
f 1257 1258 1192
f 1257 1256 1258
f 1257 1255 1256
f 1191 1257 1192
v 14045.458 -17762.999 -565.500
f 1196 1198 1259
v 14045.458 -17762.999 -551.500
f 1196 1259 1260
v 14037.850 -17755.009 -565.500
v 14037.458 -17754.999 -551.500
v 14037.850 -17755.009 -551.500
f 1261 1262 1263
v 14037.458 -17754.999 -565.500
f 1261 1264 1262
v 14038.242 -17755.038 -565.500
v 14038.242 -17755.038 -551.500
f 1265 1263 1266
f 1265 1261 1263
v 14038.631 -17755.086 -565.500
v 14038.631 -17755.086 -551.500
f 1267 1266 1268
f 1267 1265 1266
v 14039.018 -17755.153 -565.500
v 14039.018 -17755.153 -551.500
f 1269 1268 1270
f 1269 1267 1268
v 14039.401 -17755.239 -565.500
v 14039.401 -17755.239 -551.500
f 1271 1270 1272
f 1271 1269 1270
v 14039.780 -17755.344 -565.500
v 14039.780 -17755.344 -551.500
f 1273 1272 1274
f 1273 1271 1272
v 14040.153 -17755.467 -565.500
v 14040.153 -17755.467 -551.500
f 1275 1274 1276
f 1275 1273 1274
v 14040.519 -17755.608 -565.500
f 1277 1275 1276
v 14040.519 -17755.608 -551.500
f 1277 1276 1278
v 14040.878 -17755.768 -565.500
f 1279 1277 1278
v 14040.878 -17755.768 -551.500
f 1279 1278 1280
v 14041.229 -17755.944 -565.500
f 1281 1279 1280
v 14041.229 -17755.944 -551.500
f 1281 1280 1282
v 14041.570 -17756.138 -565.500
f 1283 1281 1282
v 14041.570 -17756.138 -551.500
f 1283 1282 1284
v 14041.902 -17756.348 -565.500
v 14041.902 -17756.348 -551.500
f 1285 1284 1286
f 1285 1283 1284
v 14042.223 -17756.574 -565.500
v 14042.223 -17756.574 -551.500
f 1287 1286 1288
f 1287 1285 1286
v 14042.533 -17756.815 -565.500
v 14042.533 -17756.815 -551.500
f 1289 1288 1290
f 1289 1287 1288
v 14042.830 -17757.072 -565.500
v 14042.830 -17757.072 -551.500
f 1291 1290 1292
f 1291 1289 1290
v 14043.114 -17757.343 -565.500
v 14043.114 -17757.343 -551.500
f 1293 1292 1294
f 1293 1291 1292
v 14043.385 -17757.627 -565.500
v 14043.385 -17757.627 -551.500
f 1295 1294 1296
f 1295 1293 1294
v 14043.642 -17757.924 -565.500
v 14043.642 -17757.924 -551.500
f 1297 1296 1298
f 1297 1295 1296
v 14043.883 -17758.234 -565.500
v 14043.883 -17758.234 -551.500
f 1299 1298 1300
f 1299 1297 1298
v 14044.109 -17758.555 -565.500
v 14044.109 -17758.555 -551.500
f 1301 1300 1302
f 1301 1299 1300
v 14044.319 -17758.887 -565.500
v 14044.319 -17758.887 -551.500
f 1303 1302 1304
f 1303 1301 1302
v 14044.513 -17759.228 -565.500
v 14044.513 -17759.228 -551.500
f 1305 1304 1306
f 1305 1303 1304
v 14044.690 -17759.579 -565.500
v 14044.690 -17759.579 -551.500
f 1307 1306 1308
f 1307 1305 1306
v 14044.849 -17759.938 -565.500
v 14044.849 -17759.938 -551.500
f 1309 1308 1310
f 1309 1307 1308
v 14044.990 -17760.304 -565.500
v 14044.990 -17760.304 -551.500
f 1311 1310 1312
f 1311 1309 1310
v 14045.113 -17760.677 -565.500
v 14045.113 -17760.677 -551.500
v 14045.218 -17761.056 -551.500
f 1313 1314 1315
f 1313 1312 1314
f 1313 1311 1312
v 14045.218 -17761.056 -565.500
f 1316 1313 1315
v 14045.304 -17761.439 -565.500
v 14045.304 -17761.439 -551.500
f 1317 1315 1318
f 1317 1316 1315
v 14045.371 -17761.826 -565.500
v 14045.371 -17761.826 -551.500
f 1319 1318 1320
f 1319 1317 1318
v 14045.419 -17762.215 -565.500
v 14045.419 -17762.215 -551.500
f 1321 1320 1322
f 1321 1319 1320
v 14045.448 -17762.607 -565.500
v 14045.448 -17762.607 -551.500
f 1323 1322 1324
f 1323 1321 1322
f 1259 1324 1260
f 1259 1323 1324
v 13953.458 -17754.999 -565.500
f 1262 1264 1325
v 13953.458 -17754.999 -551.500
f 1262 1325 1326
v 13945.467 -17762.607 -565.500
v 13945.458 -17762.999 -565.500
v 13945.458 -17762.999 -551.500
f 1327 1328 1329
v 13945.467 -17762.607 -551.500
f 1327 1329 1330
v 13945.496 -17762.215 -565.500
v 13945.496 -17762.215 -551.500
f 1331 1330 1332
f 1331 1327 1330
v 13945.544 -17761.826 -565.500
v 13945.544 -17761.826 -551.500
f 1333 1332 1334
f 1333 1331 1332
v 13945.611 -17761.439 -565.500
v 13945.611 -17761.439 -551.500
f 1335 1334 1336
f 1335 1333 1334
v 13945.697 -17761.056 -565.500
v 13945.697 -17761.056 -551.500
f 1337 1336 1338
f 1337 1335 1336
v 13945.802 -17760.677 -565.500
v 13945.802 -17760.677 -551.500
f 1339 1338 1340
f 1339 1337 1338
v 13945.925 -17760.304 -565.500
v 13945.925 -17760.304 -551.500
f 1341 1340 1342
f 1341 1339 1340
v 13946.067 -17759.938 -565.500
f 1343 1341 1342
v 13946.067 -17759.938 -551.500
f 1343 1342 1344
v 13946.226 -17759.579 -565.500
f 1345 1343 1344
v 13946.226 -17759.579 -551.500
f 1345 1344 1346
v 13946.402 -17759.228 -565.500
f 1347 1345 1346
v 13946.402 -17759.228 -551.500
f 1347 1346 1348
v 13946.596 -17758.887 -565.500
f 1349 1347 1348
v 13946.596 -17758.887 -551.500
f 1349 1348 1350
v 13946.806 -17758.555 -565.500
f 1351 1349 1350
v 13946.806 -17758.555 -551.500
f 1351 1350 1352
v 13947.032 -17758.234 -565.500
v 13947.032 -17758.234 -551.500
f 1353 1352 1354
f 1353 1351 1352
v 13947.274 -17757.924 -565.500
v 13947.274 -17757.924 -551.500
f 1355 1354 1356
f 1355 1353 1354
v 13947.530 -17757.627 -565.500
v 13947.530 -17757.627 -551.500
f 1357 1356 1358
f 1357 1355 1356
v 13947.801 -17757.343 -565.500
v 13947.801 -17757.343 -551.500
f 1359 1358 1360
f 1359 1357 1358
v 13948.085 -17757.072 -565.500
v 13948.085 -17757.072 -551.500
f 1361 1360 1362
f 1361 1359 1360
v 13948.382 -17756.815 -565.500
v 13948.382 -17756.815 -551.500
f 1363 1362 1364
f 1363 1361 1362
v 13948.692 -17756.574 -565.500
v 13948.692 -17756.574 -551.500
f 1365 1364 1366
f 1365 1363 1364
v 13949.013 -17756.348 -565.500
v 13949.013 -17756.348 -551.500
f 1367 1366 1368
f 1367 1365 1366
v 13949.345 -17756.138 -565.500
v 13949.345 -17756.138 -551.500
f 1369 1368 1370
f 1369 1367 1368
v 13949.686 -17755.944 -565.500
v 13949.686 -17755.944 -551.500
f 1371 1370 1372
f 1371 1369 1370
v 13950.037 -17755.768 -565.500
v 13950.037 -17755.768 -551.500
f 1373 1372 1374
f 1373 1371 1372
v 13950.396 -17755.608 -565.500
v 13950.396 -17755.608 -551.500
f 1375 1374 1376
f 1375 1373 1374
v 13950.763 -17755.467 -565.500
v 13950.763 -17755.467 -551.500
f 1377 1376 1378
f 1377 1375 1376
v 13951.135 -17755.344 -565.500
v 13951.135 -17755.344 -551.500
f 1379 1378 1380
f 1379 1377 1378
v 13951.514 -17755.239 -565.500
v 13951.514 -17755.239 -551.500
f 1381 1380 1382
f 1381 1379 1380
v 13951.897 -17755.153 -565.500
v 13951.897 -17755.153 -551.500
f 1383 1382 1384
f 1383 1381 1382
v 13952.284 -17755.086 -565.500
v 13952.284 -17755.086 -551.500
f 1385 1384 1386
f 1385 1383 1384
v 13952.674 -17755.038 -565.500
v 13952.674 -17755.038 -551.500
f 1387 1386 1388
f 1387 1385 1386
v 13953.065 -17755.009 -565.500
v 13953.065 -17755.009 -551.500
f 1389 1388 1390
f 1389 1387 1388
f 1325 1390 1326
f 1325 1389 1390
v 13945.458 -17946.999 -565.500
v 13945.458 -17946.999 -551.500
f 1391 1392 1329
f 1391 1329 1328
v 13953.065 -17954.990 -565.500
v 13953.065 -17954.990 -551.500
f 1393 1193 1394
f 1393 1194 1193
v 13952.674 -17954.961 -565.500
v 13952.674 -17954.961 -551.500
f 1395 1394 1396
f 1395 1393 1394
v 13952.284 -17954.913 -565.500
v 13952.284 -17954.913 -551.500
f 1397 1396 1398
f 1397 1395 1396
v 13951.897 -17954.846 -565.500
v 13951.897 -17954.846 -551.500
f 1399 1398 1400
f 1399 1397 1398
v 13951.514 -17954.760 -565.500
v 13951.514 -17954.760 -551.500
f 1401 1400 1402
f 1401 1399 1400
v 13951.135 -17954.655 -565.500
v 13951.135 -17954.655 -551.500
f 1403 1402 1404
f 1403 1401 1402
v 13950.763 -17954.532 -565.500
v 13950.763 -17954.532 -551.500
f 1405 1404 1406
f 1405 1403 1404
v 13950.396 -17954.391 -565.500
f 1407 1405 1406
v 13950.396 -17954.391 -551.500
f 1407 1406 1408
v 13950.037 -17954.231 -565.500
f 1409 1407 1408
v 13950.037 -17954.231 -551.500
f 1409 1408 1410
v 13949.686 -17954.055 -565.500
f 1411 1409 1410
v 13949.686 -17954.055 -551.500
f 1411 1410 1412
v 13949.345 -17953.861 -565.500
f 1413 1411 1412
v 13949.345 -17953.861 -551.500
f 1413 1412 1414
v 13949.013 -17953.651 -565.500
v 13949.013 -17953.651 -551.500
f 1415 1414 1416
f 1415 1413 1414
v 13948.692 -17953.425 -565.500
v 13948.692 -17953.425 -551.500
f 1417 1416 1418
f 1417 1415 1416
v 13948.382 -17953.184 -565.500
v 13948.382 -17953.184 -551.500
f 1419 1418 1420
f 1419 1417 1418
v 13948.085 -17952.927 -565.500
v 13948.085 -17952.927 -551.500
f 1421 1420 1422
f 1421 1419 1420
v 13947.801 -17952.656 -565.500
v 13947.801 -17952.656 -551.500
f 1423 1422 1424
f 1423 1421 1422
v 13947.530 -17952.372 -565.500
v 13947.530 -17952.372 -551.500
f 1425 1424 1426
f 1425 1423 1424
v 13947.274 -17952.075 -565.500
v 13947.274 -17952.075 -551.500
f 1427 1426 1428
f 1427 1425 1426
v 13947.032 -17951.765 -565.500
v 13947.032 -17951.765 -551.500
f 1429 1428 1430
f 1429 1427 1428
v 13946.806 -17951.444 -565.500
v 13946.806 -17951.444 -551.500
f 1431 1430 1432
f 1431 1429 1430
v 13946.596 -17951.112 -565.500
v 13946.596 -17951.112 -551.500
f 1433 1432 1434
f 1433 1431 1432
v 13946.402 -17950.771 -565.500
v 13946.402 -17950.771 -551.500
f 1435 1434 1436
f 1435 1433 1434
v 13946.226 -17950.420 -565.500
v 13946.226 -17950.420 -551.500
f 1437 1436 1438
f 1437 1435 1436
v 13946.067 -17950.061 -565.500
v 13946.067 -17950.061 -551.500
f 1439 1438 1440
f 1439 1437 1438
v 13945.925 -17949.695 -565.500
v 13945.925 -17949.695 -551.500
f 1441 1440 1442
f 1441 1439 1440
v 13945.802 -17949.322 -565.500
v 13945.802 -17949.322 -551.500
f 1443 1442 1444
f 1443 1441 1442
v 13945.697 -17948.943 -565.500
v 13945.697 -17948.943 -551.500
f 1445 1444 1446
f 1445 1443 1444
v 13945.611 -17948.560 -565.500
v 13945.611 -17948.560 -551.500
f 1447 1446 1448
f 1447 1445 1446
v 13945.544 -17948.173 -565.500
v 13945.544 -17948.173 -551.500
f 1449 1448 1450
f 1449 1447 1448
v 13945.496 -17947.784 -565.500
v 13945.496 -17947.784 -551.500
f 1451 1450 1452
f 1451 1449 1450
v 13945.467 -17947.392 -565.500
v 13945.467 -17947.392 -551.500
f 1453 1452 1454
f 1453 1451 1452
f 1391 1454 1392
f 1391 1453 1454
v 13991.093 -17870.472 -551.500
v 13990.570 -17870.011 -551.500
v 13990.826 -17870.248 -551.500
f 1455 1456 1457
v 13992.264 -17871.229 -551.500
v 13991.660 -17870.880 -551.500
v 13991.958 -17871.062 -551.500
f 1458 1459 1460
v 13992.900 -17871.516 -551.500
v 13992.579 -17871.380 -551.500
f 1461 1458 1462
v 13993.562 -17871.738 -551.500
v 13993.228 -17871.635 -551.500
f 1463 1461 1464
v 13993.900 -17871.824 -551.500
f 1465 1461 1463
v 13995.283 -17871.997 -551.500
v 13994.587 -17871.945 -551.500
v 13994.935 -17871.980 -551.500
f 1466 1467 1468
v 13994.242 -17871.893 -551.500
f 1466 1469 1467
v 13995.632 -17871.997 -551.500
f 1470 1465 1469
f 1470 1469 1466
f 1470 1461 1465
v 13995.981 -17871.980 -551.500
f 1471 1461 1470
v 13996.673 -17871.893 -551.500
v 13996.328 -17871.945 -551.500
f 1472 1471 1473
v 13997.015 -17871.824 -551.500
f 1474 1471 1472
v 13997.354 -17871.738 -551.500
f 1475 1471 1474
f 1475 1461 1471
v 13998.015 -17871.516 -551.500
v 13997.687 -17871.635 -551.500
f 1476 1475 1477
f 1476 1461 1475
v 13998.337 -17871.380 -551.500
f 1478 1461 1476
v 13998.958 -17871.062 -551.500
f 1479 1461 1478
v 13998.651 -17871.229 -551.500
f 1479 1478 1480
f 1479 1459 1458
v 13991.371 -17870.683 -551.500
f 1479 1481 1459
f 1479 1458 1461
v 13999.255 -17870.880 -551.500
f 1482 1481 1479
v 13999.544 -17870.683 -551.500
f 1483 1455 1481
f 1483 1481 1482
v 14000.089 -17870.248 -551.500
v 13999.822 -17870.472 -551.500
f 1484 1483 1485
f 1484 1455 1483
f 1484 1456 1455
v 14000.589 -17869.761 -551.500
v 14000.345 -17870.011 -551.500
f 1486 1484 1487
f 1486 1456 1484
v 13990.326 -17869.761 -551.500
f 1486 1488 1456
v 13990.095 -17869.499 -551.500
f 1486 1489 1488
v 14001.038 -17869.226 -551.500
v 14000.820 -17869.499 -551.500
f 1490 1486 1491
f 1490 1489 1486
v 13991.371 -17859.316 -551.500
v 13991.093 -17859.527 -551.500
v 13990.826 -17859.751 -551.500
f 1492 1493 1494
v 14001.241 -17868.943 -551.500
v 13989.878 -17869.226 -551.500
f 1495 1496 1489
f 1495 1489 1490
v 14001.431 -17868.650 -551.500
v 13989.674 -17868.943 -551.500
f 1497 1498 1496
v 13989.485 -17868.650 -551.500
f 1497 1499 1498
f 1497 1496 1495
v 14001.605 -17868.347 -551.500
f 1500 1499 1497
v 13989.310 -17868.347 -551.500
f 1500 1501 1499
v 13989.151 -17868.037 -551.500
f 1500 1502 1501
v 13992.264 -17858.770 -551.500
v 13991.660 -17859.119 -551.500
f 1503 1504 1492
v 13991.958 -17858.937 -551.500
f 1503 1505 1504
v 13992.579 -17858.619 -551.500
f 1506 1503 1492
v 14001.908 -17867.719 -551.500
v 14001.764 -17868.037 -551.500
f 1507 1500 1508
f 1507 1502 1500
v 13992.900 -17858.483 -551.500
f 1509 1506 1492
v 14002.036 -17867.394 -551.500
v 13989.007 -17867.719 -551.500
f 1510 1511 1502
v 13988.880 -17867.394 -551.500
f 1510 1512 1511
f 1510 1502 1507
v 14002.147 -17867.063 -551.500
v 13988.769 -17867.063 -551.500
f 1513 1514 1512
f 1513 1512 1510
v 13993.562 -17858.261 -551.500
v 13993.228 -17858.364 -551.500
f 1515 1516 1509
v 14002.241 -17866.727 -551.500
v 13988.674 -17866.727 -551.500
f 1517 1518 1514
f 1517 1514 1513
v 13993.900 -17858.175 -551.500
f 1519 1515 1509
v 14002.319 -17866.386 -551.500
v 13988.596 -17866.386 -551.500
f 1520 1521 1518
f 1520 1518 1517
v 13994.242 -17858.106 -551.500
f 1522 1519 1509
v 14002.379 -17866.043 -551.500
f 1523 1521 1520
v 13988.536 -17866.043 -551.500
f 1523 1524 1521
v 13994.935 -17858.019 -551.500
v 13994.587 -17858.054 -551.500
f 1525 1526 1522
f 1525 1522 1509
v 14002.449 -17865.348 -551.500
v 14002.423 -17865.696 -551.500
f 1527 1523 1528
f 1527 1524 1523
v 13988.492 -17865.696 -551.500
f 1527 1529 1524
v 13988.466 -17865.348 -551.500
f 1527 1530 1529
v 13988.458 -17864.999 -551.500
f 1527 1531 1530
v 14002.458 -17864.999 -551.500
f 1532 1531 1527
v 14002.449 -17864.651 -551.500
f 1533 1531 1532
v 13988.466 -17864.651 -551.500
f 1533 1534 1531
v 13995.981 -17858.019 -551.500
v 13995.632 -17858.002 -551.500
v 13995.283 -17858.002 -551.500
f 1535 1536 1537
v 14002.423 -17864.303 -551.500
f 1538 1534 1533
v 13988.492 -17864.303 -551.500
f 1538 1539 1534
v 13988.536 -17863.956 -551.500
f 1538 1540 1539
v 14002.379 -17863.956 -551.500
f 1541 1540 1538
v 13996.673 -17858.106 -551.500
f 1542 1535 1537
v 13996.328 -17858.054 -551.500
f 1542 1543 1535
v 14002.241 -17863.272 -551.500
v 14002.319 -17863.612 -551.500
f 1544 1541 1545
f 1544 1540 1541
v 13988.596 -17863.612 -551.500
f 1544 1546 1540
v 13988.674 -17863.272 -551.500
f 1544 1547 1546
v 13988.769 -17862.936 -551.500
f 1544 1548 1547
v 13997.687 -17858.364 -551.500
f 1549 1542 1537
f 1549 1537 1525
v 13997.015 -17858.175 -551.500
f 1549 1550 1542
v 13997.354 -17858.261 -551.500
f 1549 1551 1550
v 13998.015 -17858.483 -551.500
f 1552 1549 1525
v 14001.908 -17862.280 -551.500
v 14002.147 -17862.936 -551.500
v 14002.036 -17862.605 -551.500
f 1553 1554 1555
f 1553 1544 1554
f 1553 1548 1544
v 13988.880 -17862.605 -551.500
f 1553 1556 1548
v 13989.007 -17862.280 -551.500
f 1553 1557 1556
v 14001.764 -17861.962 -551.500
f 1558 1557 1553
v 13989.151 -17861.962 -551.500
f 1558 1559 1557
v 13998.651 -17858.770 -551.500
v 13998.337 -17858.619 -551.500
f 1560 1561 1552
v 14001.605 -17861.652 -551.500
f 1562 1559 1558
v 13989.310 -17861.652 -551.500
f 1562 1563 1559
v 13989.485 -17861.349 -551.500
f 1562 1564 1563
v 14001.431 -17861.349 -551.500
f 1565 1564 1562
v 13989.674 -17861.056 -551.500
f 1565 1566 1564
v 13989.878 -17860.773 -551.500
f 1565 1567 1566
v 13999.255 -17859.119 -551.500
v 13998.958 -17858.937 -551.500
f 1568 1569 1560
f 1568 1560 1552
v 13999.544 -17859.316 -551.500
f 1570 1552 1525
f 1570 1568 1552
f 1570 1509 1492
f 1570 1525 1509
v 14001.038 -17860.773 -551.500
v 14001.241 -17861.056 -551.500
f 1571 1565 1572
f 1571 1567 1565
v 13990.095 -17860.500 -551.500
f 1571 1573 1567
v 13990.326 -17860.238 -551.500
f 1571 1574 1573
v 13999.822 -17859.527 -551.500
f 1575 1570 1492
f 1575 1492 1494
v 14000.089 -17859.751 -551.500
f 1576 1575 1494
v 14000.589 -17860.238 -551.500
v 14000.820 -17860.500 -551.500
f 1577 1571 1578
f 1577 1574 1571
v 14000.345 -17859.988 -551.500
f 1579 1574 1577
f 1579 1576 1494
v 13990.570 -17859.988 -551.500
f 1579 1580 1574
f 1579 1494 1580
v 13990.095 -17869.499 -565.500
v 13989.878 -17869.226 -565.500
v 13990.326 -17869.761 -565.500
f 1581 1582 1583
v 13991.093 -17870.472 -565.500
v 13991.660 -17870.880 -565.500
v 13991.371 -17870.683 -565.500
f 1584 1585 1586
v 13991.958 -17871.062 -565.500
v 13992.900 -17871.516 -565.500
v 13992.264 -17871.229 -565.500
f 1587 1588 1589
v 13992.579 -17871.380 -565.500
f 1589 1588 1590
v 13988.880 -17867.394 -565.500
v 13988.769 -17867.063 -565.500
v 13989.007 -17867.719 -565.500
f 1591 1592 1593
v 13993.562 -17871.738 -565.500
v 13993.228 -17871.635 -565.500
f 1588 1594 1595
v 13993.900 -17871.824 -565.500
v 13994.587 -17871.945 -565.500
v 13994.242 -17871.893 -565.500
f 1596 1597 1598
v 13994.935 -17871.980 -565.500
f 1596 1599 1597
v 13995.283 -17871.997 -565.500
f 1596 1600 1599
v 13996.673 -17871.893 -565.500
v 13995.632 -17871.997 -565.500
f 1600 1601 1602
v 13995.981 -17871.980 -565.500
f 1602 1601 1603
v 13996.328 -17871.945 -565.500
f 1603 1601 1604
v 13997.015 -17871.824 -565.500
f 1594 1605 1596
f 1596 1605 1600
f 1600 1605 1601
v 13997.354 -17871.738 -565.500
f 1594 1606 1605
f 1588 1606 1594
v 13997.687 -17871.635 -565.500
f 1588 1607 1606
v 13998.015 -17871.516 -565.500
v 13998.651 -17871.229 -565.500
v 13998.337 -17871.380 -565.500
f 1608 1609 1610
v 13998.958 -17871.062 -565.500
f 1607 1611 1608
f 1587 1611 1588
f 1588 1611 1607
f 1585 1611 1587
f 1608 1611 1609
v 13999.544 -17870.683 -565.500
v 13999.255 -17870.880 -565.500
f 1611 1612 1613
f 1584 1612 1585
f 1585 1612 1611
v 13990.826 -17870.248 -565.500
f 1614 1612 1584
v 14000.089 -17870.248 -565.500
v 13999.822 -17870.472 -565.500
f 1612 1615 1616
f 1614 1615 1612
v 13990.570 -17870.011 -565.500
f 1617 1615 1614
v 14000.345 -17870.011 -565.500
f 1617 1618 1615
v 14000.589 -17869.761 -565.500
f 1617 1619 1618
v 14000.820 -17869.499 -565.500
f 1617 1620 1619
f 1583 1620 1617
v 14001.038 -17869.226 -565.500
f 1583 1621 1620
f 1582 1621 1583
v 14001.431 -17868.650 -565.500
v 14001.241 -17868.943 -565.500
f 1621 1622 1623
f 1582 1622 1621
v 13989.674 -17868.943 -565.500
f 1624 1622 1582
v 13989.151 -17868.037 -565.500
v 14001.605 -17868.347 -565.500
v 13989.310 -17868.347 -565.500
f 1625 1626 1627
f 1624 1626 1622
v 13989.485 -17868.650 -565.500
f 1627 1626 1628
f 1628 1626 1624
v 13991.958 -17858.937 -565.500
v 13992.264 -17858.770 -565.500
v 13991.660 -17859.119 -565.500
f 1629 1630 1631
v 13991.371 -17859.316 -565.500
f 1631 1630 1632
v 14001.764 -17868.037 -565.500
f 1625 1633 1626
v 14001.908 -17867.719 -565.500
f 1593 1634 1625
f 1625 1634 1633
v 13992.579 -17858.619 -565.500
v 13992.900 -17858.483 -565.500
f 1635 1636 1630
v 14002.036 -17867.394 -565.500
f 1593 1637 1634
v 14002.147 -17867.063 -565.500
f 1593 1638 1637
f 1592 1638 1593
v 13993.228 -17858.364 -565.500
v 13993.562 -17858.261 -565.500
f 1639 1640 1636
v 13993.900 -17858.175 -565.500
f 1640 1641 1636
v 14002.319 -17866.386 -565.500
v 14002.241 -17866.727 -565.500
f 1638 1642 1643
v 13988.596 -17866.386 -565.500
v 13988.674 -17866.727 -565.500
f 1644 1642 1645
f 1645 1642 1592
f 1592 1642 1638
v 13994.242 -17858.106 -565.500
f 1641 1646 1636
v 13988.536 -17866.043 -565.500
v 14002.379 -17866.043 -565.500
f 1647 1648 1644
f 1644 1648 1642
v 14002.423 -17865.696 -565.500
f 1647 1649 1648
v 13988.492 -17865.696 -565.500
f 1650 1649 1647
v 13994.587 -17858.054 -565.500
v 13994.935 -17858.019 -565.500
f 1651 1652 1646
v 14002.449 -17865.348 -565.500
f 1650 1653 1649
v 13988.466 -17865.348 -565.500
f 1654 1653 1650
v 13995.283 -17858.002 -565.500
f 1652 1655 1646
v 14002.458 -17864.999 -565.500
f 1654 1656 1653
v 13988.458 -17864.999 -565.500
f 1657 1656 1654
v 14002.449 -17864.651 -565.500
f 1657 1658 1656
v 13995.981 -17858.019 -565.500
f 1646 1659 1636
f 1655 1659 1646
v 13995.632 -17858.002 -565.500
f 1660 1659 1655
v 13988.492 -17864.303 -565.500
v 14002.423 -17864.303 -565.500
v 13988.466 -17864.651 -565.500
f 1661 1662 1663
f 1663 1662 1657
f 1657 1662 1658
v 14002.379 -17863.956 -565.500
f 1661 1664 1662
v 13988.536 -17863.956 -565.500
f 1665 1664 1661
v 14002.319 -17863.612 -565.500
f 1665 1666 1664
v 13988.596 -17863.612 -565.500
f 1667 1666 1665
v 13996.673 -17858.106 -565.500
v 13997.015 -17858.175 -565.500
v 13996.328 -17858.054 -565.500
f 1668 1669 1670
f 1670 1669 1659
v 14002.147 -17862.936 -565.500
v 14002.241 -17863.272 -565.500
f 1666 1671 1672
f 1667 1671 1666
v 13988.769 -17862.936 -565.500
v 13988.674 -17863.272 -565.500
f 1673 1671 1674
f 1674 1671 1667
v 13997.354 -17858.261 -565.500
v 13997.687 -17858.364 -565.500
f 1675 1676 1669
v 14002.036 -17862.605 -565.500
f 1673 1677 1671
v 13988.880 -17862.605 -565.500
f 1678 1677 1673
v 13998.015 -17858.483 -565.500
f 1659 1679 1636
f 1669 1679 1659
f 1676 1679 1669
f 1636 1679 1630
v 14001.908 -17862.280 -565.500
f 1678 1680 1677
v 13989.151 -17861.962 -565.500
v 13989.007 -17862.280 -565.500
f 1681 1680 1682
f 1682 1680 1678
v 14001.764 -17861.962 -565.500
f 1681 1683 1680
v 13998.337 -17858.619 -565.500
v 13998.651 -17858.770 -565.500
f 1684 1685 1679
f 1679 1685 1630
v 14001.605 -17861.652 -565.500
f 1681 1686 1683
v 13989.485 -17861.349 -565.500
v 13989.310 -17861.652 -565.500
f 1687 1686 1688
f 1688 1686 1681
v 13999.255 -17859.119 -565.500
f 1630 1689 1632
v 13998.958 -17858.937 -565.500
f 1690 1689 1685
f 1685 1689 1630
v 14001.241 -17861.056 -565.500
v 14001.431 -17861.349 -565.500
f 1686 1691 1692
v 13989.674 -17861.056 -565.500
f 1693 1691 1687
f 1687 1691 1686
v 13999.544 -17859.316 -565.500
v 13991.093 -17859.527 -565.500
f 1632 1694 1695
f 1689 1694 1632
v 13990.095 -17860.500 -565.500
v 14001.038 -17860.773 -565.500
v 13989.878 -17860.773 -565.500
f 1696 1697 1698
f 1698 1697 1693
f 1693 1697 1691
v 13999.822 -17859.527 -565.500
v 14000.089 -17859.751 -565.500
f 1699 1700 1694
f 1694 1700 1695
v 13990.826 -17859.751 -565.500
f 1695 1700 1701
v 13990.570 -17859.988 -565.500
f 1701 1700 1702
v 14000.345 -17859.988 -565.500
v 14000.820 -17860.500 -565.500
f 1697 1703 1704
v 14000.589 -17860.238 -565.500
f 1704 1703 1705
f 1696 1703 1697
v 13990.326 -17860.238 -565.500
f 1702 1703 1706
f 1706 1703 1696
f 1700 1703 1702
o main_1
v 12795.458 -17954.999 -565.500
v 12795.458 -17954.999 -551.500
v 12711.458 -17954.999 -551.500
f 1707 1708 1709
v 12711.458 -17954.999 -565.500
f 1707 1709 1710
v 12703.458 -17946.999 -551.500
v 12703.458 -17946.999 -565.500
v 12703.467 -17947.392 -565.500
f 1711 1712 1713
v 12703.467 -17947.392 -551.500
v 12703.496 -17947.784 -565.500
f 1714 1713 1715
f 1714 1711 1713
v 12703.496 -17947.784 -551.500
v 12703.544 -17948.173 -565.500
f 1716 1715 1717
f 1716 1714 1715
v 12703.544 -17948.173 -551.500
v 12703.611 -17948.560 -565.500
f 1718 1717 1719
f 1718 1716 1717
v 12703.611 -17948.560 -551.500
v 12703.697 -17948.943 -565.500
f 1720 1719 1721
f 1720 1718 1719
v 12703.697 -17948.943 -551.500
v 12703.802 -17949.322 -565.500
f 1722 1721 1723
f 1722 1720 1721
v 12703.802 -17949.322 -551.500
v 12703.925 -17949.695 -565.500
f 1724 1723 1725
f 1724 1722 1723
v 12703.925 -17949.695 -551.500
v 12704.067 -17950.061 -565.500
f 1726 1725 1727
f 1726 1724 1725
v 12704.067 -17950.061 -551.500
f 1728 1726 1727
v 12704.226 -17950.420 -565.500
f 1728 1727 1729
v 12704.226 -17950.420 -551.500
f 1730 1728 1729
v 12704.402 -17950.771 -565.500
f 1730 1729 1731
v 12704.402 -17950.771 -551.500
f 1732 1730 1731
v 12704.596 -17951.112 -565.500
f 1732 1731 1733
v 12704.596 -17951.112 -551.500
f 1734 1732 1733
v 12704.806 -17951.444 -565.500
f 1734 1733 1735
v 12704.806 -17951.444 -551.500
f 1736 1734 1735
v 12705.032 -17951.765 -565.500
f 1736 1735 1737
v 12705.032 -17951.765 -551.500
f 1738 1736 1737
v 12705.274 -17952.075 -565.500
f 1738 1737 1739
v 12705.274 -17952.075 -551.500
f 1740 1738 1739
v 12705.530 -17952.372 -565.500
f 1740 1739 1741
v 12705.530 -17952.372 -551.500
f 1742 1740 1741
v 12705.801 -17952.656 -565.500
f 1742 1741 1743
v 12705.801 -17952.656 -551.500
f 1744 1742 1743
v 12706.085 -17952.927 -565.500
f 1744 1743 1745
v 12706.085 -17952.927 -551.500
f 1746 1744 1745
v 12706.382 -17953.184 -551.500
f 1747 1746 1745
v 12706.382 -17953.184 -565.500
f 1747 1745 1748
v 12706.692 -17953.425 -565.500
f 1747 1748 1749
v 12706.692 -17953.425 -551.500
f 1750 1747 1749
v 12707.013 -17953.651 -565.500
f 1750 1749 1751
v 12707.013 -17953.651 -551.500
f 1752 1750 1751
v 12707.345 -17953.861 -565.500
f 1752 1751 1753
v 12707.345 -17953.861 -551.500
v 12707.686 -17954.055 -565.500
f 1754 1753 1755
f 1754 1752 1753
v 12707.686 -17954.055 -551.500
v 12708.037 -17954.231 -565.500
f 1756 1755 1757
f 1756 1754 1755
v 12708.037 -17954.231 -551.500
v 12708.396 -17954.391 -565.500
f 1758 1757 1759
f 1758 1756 1757
v 12708.396 -17954.391 -551.500
v 12708.763 -17954.532 -565.500
f 1760 1759 1761
f 1760 1758 1759
v 12708.763 -17954.532 -551.500
v 12709.135 -17954.655 -565.500
f 1762 1761 1763
f 1762 1760 1761
v 12709.135 -17954.655 -551.500
v 12709.514 -17954.760 -565.500
f 1764 1763 1765
f 1764 1762 1763
v 12709.514 -17954.760 -551.500
v 12709.897 -17954.846 -565.500
f 1766 1765 1767
f 1766 1764 1765
v 12709.897 -17954.846 -551.500
v 12710.284 -17954.913 -565.500
f 1768 1767 1769
f 1768 1766 1767
v 12710.284 -17954.913 -551.500
f 1770 1768 1769
v 12710.674 -17954.961 -551.500
v 12710.674 -17954.961 -565.500
f 1771 1769 1772
v 12711.065 -17954.990 -565.500
f 1771 1772 1773
f 1771 1770 1769
v 12711.065 -17954.990 -551.500
f 1774 1771 1773
f 1774 1773 1710
f 1709 1774 1710
v 12703.458 -17762.999 -551.500
f 1712 1711 1775
v 12703.458 -17762.999 -565.500
f 1712 1775 1776
v 12711.458 -17754.999 -551.500
v 12711.458 -17754.999 -565.500
v 12711.065 -17755.009 -565.500
f 1777 1778 1779
v 12711.065 -17755.009 -551.500
v 12710.674 -17755.038 -565.500
f 1780 1779 1781
f 1780 1777 1779
v 12710.674 -17755.038 -551.500
v 12710.284 -17755.086 -565.500
f 1782 1781 1783
f 1782 1780 1781
v 12710.284 -17755.086 -551.500
v 12709.897 -17755.153 -565.500
f 1784 1783 1785
f 1784 1782 1783
v 12709.897 -17755.153 -551.500
v 12709.514 -17755.239 -565.500
f 1786 1785 1787
f 1786 1784 1785
v 12709.514 -17755.239 -551.500
v 12709.135 -17755.344 -565.500
f 1788 1787 1789
f 1788 1786 1787
v 12709.135 -17755.344 -551.500
v 12708.763 -17755.467 -565.500
f 1790 1789 1791
f 1790 1788 1789
v 12708.763 -17755.467 -551.500
v 12708.396 -17755.608 -565.500
f 1792 1791 1793
f 1792 1790 1791
v 12708.396 -17755.608 -551.500
f 1794 1792 1793
v 12708.037 -17755.768 -565.500
f 1794 1793 1795
v 12708.037 -17755.768 -551.500
f 1796 1794 1795
v 12707.686 -17755.944 -565.500
f 1796 1795 1797
v 12707.686 -17755.944 -551.500
f 1798 1796 1797
v 12707.345 -17756.138 -565.500
f 1798 1797 1799
v 12707.345 -17756.138 -551.500
f 1800 1798 1799
v 12707.013 -17756.348 -565.500
f 1800 1799 1801
v 12707.013 -17756.348 -551.500
f 1802 1800 1801
v 12706.692 -17756.574 -565.500
f 1802 1801 1803
v 12706.692 -17756.574 -551.500
f 1804 1802 1803
v 12706.382 -17756.815 -565.500
f 1804 1803 1805
v 12706.382 -17756.815 -551.500
f 1806 1804 1805
v 12706.085 -17757.072 -565.500
f 1806 1805 1807
v 12706.085 -17757.072 -551.500
f 1808 1806 1807
v 12705.801 -17757.343 -565.500
f 1808 1807 1809
v 12705.801 -17757.343 -551.500
f 1810 1808 1809
v 12705.530 -17757.627 -565.500
f 1810 1809 1811
v 12705.530 -17757.627 -551.500
f 1812 1810 1811
v 12705.274 -17757.924 -565.500
f 1812 1811 1813
v 12705.274 -17757.924 -551.500
f 1814 1812 1813
v 12705.032 -17758.234 -565.500
f 1814 1813 1815
v 12705.032 -17758.234 -551.500
f 1816 1814 1815
v 12704.806 -17758.555 -565.500
f 1816 1815 1817
v 12704.806 -17758.555 -551.500
f 1818 1816 1817
v 12704.596 -17758.887 -551.500
v 12704.596 -17758.887 -565.500
f 1819 1817 1820
f 1819 1818 1817
v 12704.402 -17759.228 -551.500
v 12704.402 -17759.228 -565.500
f 1821 1820 1822
f 1821 1819 1820
v 12704.226 -17759.579 -565.500
f 1821 1822 1823
v 12704.226 -17759.579 -551.500
f 1824 1821 1823
v 12704.067 -17759.938 -551.500
v 12704.067 -17759.938 -565.500
f 1825 1823 1826
f 1825 1824 1823
v 12703.925 -17760.304 -551.500
v 12703.925 -17760.304 -565.500
f 1827 1826 1828
f 1827 1825 1826
v 12703.802 -17760.677 -551.500
v 12703.802 -17760.677 -565.500
f 1829 1828 1830
v 12703.697 -17761.056 -565.500
f 1829 1830 1831
f 1829 1827 1828
v 12703.697 -17761.056 -551.500
v 12703.611 -17761.439 -565.500
f 1832 1831 1833
f 1832 1829 1831
v 12703.611 -17761.439 -551.500
v 12703.544 -17761.826 -565.500
f 1834 1833 1835
f 1834 1832 1833
v 12703.544 -17761.826 -551.500
f 1836 1834 1835
v 12703.496 -17762.215 -551.500
v 12703.496 -17762.215 -565.500
f 1837 1835 1838
f 1837 1836 1835
v 12703.467 -17762.607 -551.500
v 12703.467 -17762.607 -565.500
f 1839 1838 1840
f 1839 1837 1838
f 1775 1840 1776
f 1775 1839 1840
v 12795.458 -17754.999 -551.500
f 1841 1778 1777
v 12795.458 -17754.999 -565.500
f 1841 1842 1778
v 12803.458 -17762.999 -551.500
v 12803.458 -17762.999 -565.500
v 12803.448 -17762.607 -565.500
f 1843 1844 1845
v 12803.448 -17762.607 -551.500
v 12803.419 -17762.215 -565.500
f 1846 1845 1847
f 1846 1843 1845
v 12803.419 -17762.215 -551.500
v 12803.371 -17761.826 -565.500
f 1848 1847 1849
f 1848 1846 1847
v 12803.371 -17761.826 -551.500
v 12803.304 -17761.439 -565.500
f 1850 1849 1851
f 1850 1848 1849
v 12803.304 -17761.439 -551.500
v 12803.218 -17761.056 -565.500
f 1852 1851 1853
f 1852 1850 1851
v 12803.218 -17761.056 -551.500
v 12803.113 -17760.677 -565.500
f 1854 1853 1855
f 1854 1852 1853
v 12803.113 -17760.677 -551.500
v 12802.990 -17760.304 -565.500
f 1856 1855 1857
f 1856 1854 1855
v 12802.990 -17760.304 -551.500
v 12802.849 -17759.938 -565.500
f 1858 1857 1859
f 1858 1856 1857
v 12802.849 -17759.938 -551.500
f 1860 1858 1859
v 12802.690 -17759.579 -565.500
f 1860 1859 1861
v 12802.690 -17759.579 -551.500
f 1862 1860 1861
v 12802.513 -17759.228 -565.500
f 1862 1861 1863
v 12802.513 -17759.228 -551.500
v 12802.319 -17758.887 -565.500
f 1864 1863 1865
f 1864 1862 1863
v 12802.319 -17758.887 -551.500
v 12802.109 -17758.555 -565.500
f 1866 1865 1867
f 1866 1864 1865
v 12802.109 -17758.555 -551.500
v 12801.883 -17758.234 -565.500
f 1868 1867 1869
f 1868 1866 1867
v 12801.883 -17758.234 -551.500
v 12801.642 -17757.924 -565.500
f 1870 1869 1871
f 1870 1868 1869
v 12801.642 -17757.924 -551.500
v 12801.385 -17757.627 -565.500
f 1872 1871 1873
f 1872 1870 1871
v 12801.385 -17757.627 -551.500
v 12801.114 -17757.343 -565.500
f 1874 1873 1875
f 1874 1872 1873
v 12801.114 -17757.343 -551.500
v 12800.830 -17757.072 -565.500
f 1876 1875 1877
f 1876 1874 1875
v 12800.830 -17757.072 -551.500
f 1878 1876 1877
v 12800.533 -17756.815 -551.500
v 12800.533 -17756.815 -565.500
f 1879 1877 1880
v 12800.223 -17756.574 -565.500
f 1879 1880 1881
f 1879 1878 1877
v 12800.223 -17756.574 -551.500
v 12799.902 -17756.348 -565.500
f 1882 1881 1883
f 1882 1879 1881
v 12799.902 -17756.348 -551.500
v 12799.570 -17756.138 -565.500
f 1884 1883 1885
f 1884 1882 1883
v 12799.570 -17756.138 -551.500
v 12799.229 -17755.944 -565.500
f 1886 1885 1887
f 1886 1884 1885
v 12799.229 -17755.944 -551.500
v 12798.878 -17755.768 -565.500
f 1888 1887 1889
f 1888 1886 1887
v 12798.878 -17755.768 -551.500
v 12798.519 -17755.608 -565.500
f 1890 1889 1891
f 1890 1888 1889
v 12798.519 -17755.608 -551.500
v 12798.153 -17755.467 -565.500
f 1892 1891 1893
f 1892 1890 1891
v 12798.153 -17755.467 -551.500
v 12797.780 -17755.344 -565.500
f 1894 1893 1895
f 1894 1892 1893
v 12797.780 -17755.344 -551.500
f 1896 1894 1895
v 12797.401 -17755.239 -551.500
v 12797.401 -17755.239 -565.500
f 1897 1895 1898
v 12797.018 -17755.153 -565.500
f 1897 1898 1899
f 1897 1896 1895
v 12797.018 -17755.153 -551.500
f 1900 1897 1899
v 12796.631 -17755.086 -551.500
v 12796.631 -17755.086 -565.500
f 1901 1899 1902
v 12796.242 -17755.038 -565.500
f 1901 1902 1903
f 1901 1900 1899
v 12796.242 -17755.038 -551.500
v 12795.850 -17755.009 -565.500
f 1904 1903 1905
f 1904 1901 1903
v 12795.850 -17755.009 -551.500
f 1906 1905 1842
f 1906 1904 1905
f 1841 1906 1842
v 12803.458 -17946.999 -551.500
f 1907 1844 1843
v 12803.458 -17946.999 -565.500
f 1907 1908 1844
v 12795.850 -17954.990 -551.500
v 12795.850 -17954.990 -565.500
f 1909 1707 1910
f 1909 1708 1707
v 12796.242 -17954.961 -551.500
v 12796.242 -17954.961 -565.500
f 1911 1910 1912
f 1911 1909 1910
v 12796.631 -17954.913 -551.500
v 12796.631 -17954.913 -565.500
f 1913 1912 1914
f 1913 1911 1912
v 12797.018 -17954.846 -551.500
v 12797.018 -17954.846 -565.500
f 1915 1914 1916
f 1915 1913 1914
v 12797.401 -17954.760 -551.500
v 12797.401 -17954.760 -565.500
f 1917 1916 1918
f 1917 1915 1916
v 12797.780 -17954.655 -551.500
v 12797.780 -17954.655 -565.500
f 1919 1918 1920
f 1919 1917 1918
v 12798.153 -17954.532 -551.500
v 12798.153 -17954.532 -565.500
f 1921 1920 1922
f 1921 1919 1920
v 12798.519 -17954.391 -551.500
v 12798.519 -17954.391 -565.500
f 1923 1922 1924
f 1923 1921 1922
v 12798.878 -17954.231 -551.500
f 1925 1923 1924
v 12798.878 -17954.231 -565.500
f 1925 1924 1926
v 12799.229 -17954.055 -551.500
v 12799.229 -17954.055 -565.500
f 1927 1926 1928
f 1927 1925 1926
v 12799.570 -17953.861 -551.500
v 12799.570 -17953.861 -565.500
f 1929 1928 1930
f 1929 1927 1928
v 12799.902 -17953.651 -551.500
v 12799.902 -17953.651 -565.500
f 1931 1930 1932
f 1931 1929 1930
v 12800.223 -17953.425 -551.500
v 12800.223 -17953.425 -565.500
f 1933 1932 1934
f 1933 1931 1932
v 12800.533 -17953.184 -551.500
v 12800.533 -17953.184 -565.500
f 1935 1934 1936
f 1935 1933 1934
v 12800.830 -17952.927 -551.500
v 12800.830 -17952.927 -565.500
f 1937 1936 1938
f 1937 1935 1936
v 12801.114 -17952.656 -551.500
v 12801.114 -17952.656 -565.500
f 1939 1938 1940
f 1939 1937 1938
v 12801.385 -17952.372 -551.500
v 12801.385 -17952.372 -565.500
f 1941 1940 1942
f 1941 1939 1940
v 12801.642 -17952.075 -551.500
v 12801.642 -17952.075 -565.500
f 1943 1942 1944
f 1943 1941 1942
v 12801.883 -17951.765 -551.500
v 12801.883 -17951.765 -565.500
f 1945 1944 1946
f 1945 1943 1944
v 12802.109 -17951.444 -551.500
v 12802.109 -17951.444 -565.500
f 1947 1946 1948
f 1947 1945 1946
v 12802.319 -17951.112 -551.500
v 12802.319 -17951.112 -565.500
f 1949 1948 1950
f 1949 1947 1948
v 12802.513 -17950.771 -551.500
v 12802.513 -17950.771 -565.500
f 1951 1950 1952
f 1951 1949 1950
v 12802.690 -17950.420 -551.500
v 12802.690 -17950.420 -565.500
f 1953 1952 1954
f 1953 1951 1952
v 12802.849 -17950.061 -551.500
v 12802.849 -17950.061 -565.500
f 1955 1954 1956
f 1955 1953 1954
v 12802.990 -17949.695 -551.500
v 12802.990 -17949.695 -565.500
f 1957 1956 1958
f 1957 1955 1956
v 12803.113 -17949.322 -551.500
v 12803.113 -17949.322 -565.500
f 1959 1958 1960
f 1959 1957 1958
v 12803.218 -17948.943 -551.500
v 12803.218 -17948.943 -565.500
f 1961 1960 1962
f 1961 1959 1960
v 12803.304 -17948.560 -551.500
v 12803.304 -17948.560 -565.500
f 1963 1962 1964
f 1963 1961 1962
v 12803.371 -17948.173 -551.500
v 12803.371 -17948.173 -565.500
f 1965 1964 1966
f 1965 1963 1964
v 12803.419 -17947.784 -551.500
v 12803.419 -17947.784 -565.500
f 1967 1966 1968
f 1967 1965 1966
v 12803.448 -17947.392 -551.500
v 12803.448 -17947.392 -565.500
f 1969 1968 1970
f 1969 1967 1968
f 1907 1970 1908
f 1907 1969 1970
v 12748.826 -17870.248 -551.500
v 12748.326 -17869.761 -551.500
v 12748.570 -17870.011 -551.500
f 1971 1972 1973
v 12749.660 -17870.880 -551.500
v 12749.093 -17870.472 -551.500
v 12749.371 -17870.683 -551.500
f 1974 1975 1976
v 12750.264 -17871.229 -551.500
v 12749.958 -17871.062 -551.500
f 1977 1974 1978
v 12750.900 -17871.516 -551.500
v 12750.579 -17871.380 -551.500
f 1979 1977 1980
v 12751.562 -17871.738 -551.500
v 12751.228 -17871.635 -551.500
f 1981 1979 1982
f 1981 1977 1979
v 12752.935 -17871.980 -551.500
v 12751.900 -17871.824 -551.500
v 12752.242 -17871.893 -551.500
f 1983 1984 1985
v 12752.587 -17871.945 -551.500
f 1983 1985 1986
v 12753.632 -17871.997 -551.500
v 12753.283 -17871.997 -551.500
f 1987 1983 1988
v 12753.981 -17871.980 -551.500
f 1989 1984 1983
f 1989 1983 1987
v 12754.673 -17871.893 -551.500
f 1990 1981 1984
v 12754.328 -17871.945 -551.500
f 1990 1989 1991
f 1990 1984 1989
v 12755.687 -17871.635 -551.500
v 12755.015 -17871.824 -551.500
v 12755.354 -17871.738 -551.500
f 1992 1993 1994
v 12756.015 -17871.516 -551.500
f 1995 1993 1992
v 12756.337 -17871.380 -551.500
f 1996 1990 1993
f 1996 1981 1990
f 1996 1977 1981
f 1996 1993 1995
v 12756.958 -17871.062 -551.500
f 1997 1977 1996
v 12756.651 -17871.229 -551.500
f 1997 1996 1998
f 1997 1974 1977
v 12757.544 -17870.683 -551.500
f 1999 1974 1997
v 12757.255 -17870.880 -551.500
f 1999 1997 2000
v 12747.878 -17860.773 -551.500
v 12747.674 -17861.056 -551.500
v 12747.485 -17861.349 -551.500
f 2001 2002 2003
v 12757.822 -17870.472 -551.500
f 2004 1975 1974
f 2004 1974 1999
v 12758.089 -17870.248 -551.500
f 2005 1971 1975
f 2005 1972 1971
f 2005 1975 2004
v 12748.570 -17859.988 -551.500
v 12748.326 -17860.238 -551.500
v 12748.095 -17860.500 -551.500
f 2006 2007 2008
v 12758.820 -17869.499 -551.500
f 2009 1972 2005
v 12747.674 -17868.943 -551.500
v 12747.878 -17869.226 -551.500
f 2009 2010 2011
v 12748.095 -17869.499 -551.500
f 2009 2011 2012
f 2009 2012 1972
v 12758.345 -17870.011 -551.500
f 2009 2005 2013
v 12758.589 -17869.761 -551.500
f 2009 2013 2014
v 12749.093 -17859.527 -551.500
v 12748.826 -17859.751 -551.500
f 2015 2016 2006
v 12759.431 -17868.650 -551.500
v 12747.310 -17868.347 -551.500
v 12747.485 -17868.650 -551.500
f 2017 2018 2019
f 2017 2019 2010
f 2017 2010 2009
v 12759.038 -17869.226 -551.500
f 2017 2009 2020
v 12759.241 -17868.943 -551.500
f 2017 2020 2021
v 12750.264 -17858.770 -551.500
v 12749.958 -17858.937 -551.500
v 12749.660 -17859.119 -551.500
f 2022 2023 2024
v 12759.764 -17868.037 -551.500
f 2025 2018 2017
v 12747.007 -17867.719 -551.500
v 12747.151 -17868.037 -551.500
f 2025 2026 2027
f 2025 2027 2018
v 12759.605 -17868.347 -551.500
f 2025 2017 2028
v 12760.036 -17867.394 -551.500
f 2029 2026 2025
v 12759.908 -17867.719 -551.500
f 2029 2025 2030
v 12751.228 -17858.364 -551.500
v 12750.900 -17858.483 -551.500
v 12750.579 -17858.619 -551.500
f 2031 2032 2033
f 2031 2033 2022
v 12760.147 -17867.063 -551.500
v 12746.674 -17866.727 -551.500
v 12746.769 -17867.063 -551.500
f 2034 2035 2036
v 12746.880 -17867.394 -551.500
f 2034 2036 2037
f 2034 2037 2026
f 2034 2026 2029
v 12751.562 -17858.261 -551.500
f 2038 2031 2022
v 12760.241 -17866.727 -551.500
v 12746.596 -17866.386 -551.500
f 2039 2040 2035
f 2039 2035 2034
v 12752.242 -17858.106 -551.500
f 2041 2038 2022
v 12751.900 -17858.175 -551.500
f 2041 2042 2038
v 12760.379 -17866.043 -551.500
v 12746.536 -17866.043 -551.500
f 2043 2044 2040
f 2043 2040 2039
v 12760.319 -17866.386 -551.500
f 2043 2039 2045
v 12752.587 -17858.054 -551.500
f 2046 2041 2022
v 12760.423 -17865.696 -551.500
f 2047 2044 2043
v 12752.935 -17858.019 -551.500
f 2048 2046 2022
v 12760.449 -17865.348 -551.500
v 12746.458 -17864.999 -551.500
v 12746.466 -17865.348 -551.500
f 2049 2050 2051
v 12746.492 -17865.696 -551.500
f 2049 2051 2052
f 2049 2052 2044
f 2049 2044 2047
v 12760.458 -17864.999 -551.500
f 2053 2050 2049
v 12746.466 -17864.651 -551.500
f 2053 2054 2050
v 12753.632 -17858.002 -551.500
v 12753.283 -17858.002 -551.500
f 2055 2056 2048
v 12760.449 -17864.651 -551.500
f 2057 2054 2053
v 12746.492 -17864.303 -551.500
f 2057 2058 2054
v 12754.328 -17858.054 -551.500
f 2059 2055 2048
v 12753.981 -17858.019 -551.500
f 2059 2060 2055
v 12760.379 -17863.956 -551.500
f 2061 2058 2057
v 12746.596 -17863.612 -551.500
v 12746.536 -17863.956 -551.500
f 2061 2062 2063
f 2061 2063 2058
v 12760.423 -17864.303 -551.500
f 2061 2057 2064
v 12760.319 -17863.612 -551.500
v 12746.674 -17863.272 -551.500
f 2065 2066 2062
f 2065 2062 2061
v 12755.354 -17858.261 -551.500
v 12755.015 -17858.175 -551.500
v 12754.673 -17858.106 -551.500
f 2067 2068 2069
v 12760.147 -17862.936 -551.500
f 2070 2066 2065
v 12746.769 -17862.936 -551.500
f 2070 2071 2066
v 12760.241 -17863.272 -551.500
f 2070 2065 2072
v 12755.687 -17858.364 -551.500
f 2073 2048 2022
f 2073 2067 2069
f 2073 2059 2048
f 2073 2069 2059
v 12760.036 -17862.605 -551.500
v 12746.880 -17862.605 -551.500
f 2074 2075 2071
f 2074 2071 2070
v 12759.908 -17862.280 -551.500
v 12747.151 -17861.962 -551.500
v 12747.007 -17862.280 -551.500
f 2076 2077 2078
f 2076 2078 2075
f 2076 2075 2074
v 12759.764 -17861.962 -551.500
v 12747.310 -17861.652 -551.500
f 2079 2003 2080
f 2079 2080 2077
f 2079 2077 2076
v 12756.651 -17858.770 -551.500
f 2081 2073 2022
f 2081 2022 2024
v 12756.337 -17858.619 -551.500
v 12756.015 -17858.483 -551.500
f 2081 2082 2083
f 2081 2083 2073
v 12757.255 -17859.119 -551.500
v 12756.958 -17858.937 -551.500
f 2084 2085 2081
v 12759.038 -17860.773 -551.500
f 2086 2001 2003
f 2086 2008 2001
f 2086 2003 2079
v 12759.605 -17861.652 -551.500
f 2086 2079 2087
v 12759.431 -17861.349 -551.500
f 2086 2087 2088
v 12759.241 -17861.056 -551.500
f 2086 2088 2089
v 12757.822 -17859.527 -551.500
v 12749.371 -17859.316 -551.500
f 2090 2024 2091
f 2090 2091 2015
f 2090 2081 2024
f 2090 2084 2081
v 12757.544 -17859.316 -551.500
f 2090 2092 2084
v 12758.820 -17860.500 -551.500
f 2093 2008 2086
v 12758.345 -17859.988 -551.500
f 2094 2006 2008
f 2094 2090 2015
f 2094 2008 2093
v 12758.589 -17860.238 -551.500
f 2094 2093 2095
f 2094 2015 2006
v 12758.089 -17859.751 -551.500
f 2094 2096 2090
v 12748.570 -17870.011 -565.500
v 12749.093 -17870.472 -565.500
v 12748.826 -17870.248 -565.500
f 2097 2098 2099
v 12747.674 -17868.943 -565.500
v 12747.485 -17868.650 -565.500
v 12747.878 -17869.226 -565.500
f 2100 2101 2102
v 12750.264 -17871.229 -565.500
v 12750.900 -17871.516 -565.500
v 12750.579 -17871.380 -565.500
f 2103 2104 2105
v 12751.562 -17871.738 -565.500
v 12751.228 -17871.635 -565.500
f 2104 2106 2107
v 12752.242 -17871.893 -565.500
f 2103 2108 2104
f 2104 2108 2106
v 12751.900 -17871.824 -565.500
f 2106 2108 2109
v 12752.935 -17871.980 -565.500
v 12752.587 -17871.945 -565.500
f 2108 2110 2111
v 12753.632 -17871.997 -565.500
f 2108 2112 2110
v 12753.283 -17871.997 -565.500
f 2110 2112 2113
v 12754.328 -17871.945 -565.500
v 12755.015 -17871.824 -565.500
v 12754.673 -17871.893 -565.500
f 2114 2115 2116
v 12753.981 -17871.980 -565.500
f 2117 2115 2114
f 2112 2115 2117
f 2108 2115 2112
v 12755.687 -17871.635 -565.500
f 2108 2118 2115
f 2103 2118 2108
v 12755.354 -17871.738 -565.500
f 2115 2118 2119
v 12756.337 -17871.380 -565.500
v 12756.015 -17871.516 -565.500
f 2118 2120 2121
v 12756.958 -17871.062 -565.500
f 2118 2122 2120
v 12756.651 -17871.229 -565.500
f 2120 2122 2123
f 2103 2122 2118
v 12747.310 -17861.652 -565.500
v 12747.485 -17861.349 -565.500
v 12747.151 -17861.962 -565.500
f 2124 2125 2126
v 12757.544 -17870.683 -565.500
v 12757.255 -17870.880 -565.500
f 2122 2127 2128
v 12749.958 -17871.062 -565.500
v 12757.822 -17870.472 -565.500
f 2129 2130 2103
v 12749.660 -17870.880 -565.500
f 2131 2130 2129
v 12749.371 -17870.683 -565.500
f 2132 2130 2131
f 2098 2130 2132
f 2122 2130 2127
f 2103 2130 2122
v 12747.878 -17860.773 -565.500
v 12748.095 -17860.500 -565.500
v 12747.674 -17861.056 -565.500
f 2133 2134 2135
v 12748.326 -17869.761 -565.500
v 12758.345 -17870.011 -565.500
f 2136 2137 2097
f 2097 2137 2098
f 2098 2137 2130
v 12758.089 -17870.248 -565.500
f 2130 2137 2138
v 12748.326 -17860.238 -565.500
v 12748.570 -17859.988 -565.500
f 2139 2140 2134
v 12748.826 -17859.751 -565.500
f 2140 2141 2134
v 12758.820 -17869.499 -565.500
f 2136 2142 2137
v 12758.589 -17869.761 -565.500
f 2137 2142 2143
v 12748.095 -17869.499 -565.500
v 12759.038 -17869.226 -565.500
f 2144 2145 2136
f 2136 2145 2142
f 2102 2145 2144
v 12759.241 -17868.943 -565.500
f 2102 2146 2145
v 12749.093 -17859.527 -565.500
v 12749.660 -17859.119 -565.500
f 2147 2148 2141
v 12749.371 -17859.316 -565.500
f 2149 2148 2147
v 12759.431 -17868.650 -565.500
f 2102 2150 2146
f 2101 2150 2102
v 12749.958 -17858.937 -565.500
v 12750.264 -17858.770 -565.500
f 2151 2152 2148
v 12747.310 -17868.347 -565.500
v 12759.764 -17868.037 -565.500
f 2153 2154 2101
v 12747.151 -17868.037 -565.500
f 2155 2154 2153
f 2101 2154 2150
v 12759.605 -17868.347 -565.500
f 2150 2154 2156
v 12747.007 -17867.719 -565.500
v 12759.908 -17867.719 -565.500
f 2157 2158 2155
v 12746.880 -17867.394 -565.500
f 2159 2158 2157
f 2155 2158 2154
v 12750.579 -17858.619 -565.500
v 12750.900 -17858.483 -565.500
f 2160 2161 2152
f 2152 2161 2148
v 12751.228 -17858.364 -565.500
f 2161 2162 2148
v 12746.769 -17867.063 -565.500
v 12760.147 -17867.063 -565.500
f 2163 2164 2159
v 12746.674 -17866.727 -565.500
f 2165 2164 2163
v 12760.036 -17867.394 -565.500
f 2158 2164 2166
f 2159 2164 2158
v 12760.319 -17866.386 -565.500
v 12760.241 -17866.727 -565.500
f 2164 2167 2168
f 2165 2167 2164
v 12751.900 -17858.175 -565.500
v 12752.242 -17858.106 -565.500
v 12751.562 -17858.261 -565.500
f 2169 2170 2171
v 12746.596 -17866.386 -565.500
v 12760.379 -17866.043 -565.500
f 2172 2173 2165
v 12746.536 -17866.043 -565.500
f 2174 2173 2172
v 12746.492 -17865.696 -565.500
f 2175 2173 2174
f 2165 2173 2167
v 12760.423 -17865.696 -565.500
f 2175 2176 2173
v 12752.587 -17858.054 -565.500
v 12752.935 -17858.019 -565.500
f 2177 2178 2170
v 12760.449 -17865.348 -565.500
f 2175 2179 2176
v 12760.458 -17864.999 -565.500
f 2175 2180 2179
v 12746.466 -17865.348 -565.500
f 2181 2180 2175
v 12746.458 -17864.999 -565.500
f 2182 2180 2181
v 12753.283 -17858.002 -565.500
v 12753.632 -17858.002 -565.500
f 2183 2184 2178
v 12746.466 -17864.651 -565.500
v 12760.449 -17864.651 -565.500
f 2185 2186 2182
v 12746.492 -17864.303 -565.500
f 2187 2186 2185
f 2182 2186 2180
v 12753.981 -17858.019 -565.500
f 2170 2188 2171
f 2171 2188 2162
f 2178 2188 2170
f 2184 2188 2178
v 12746.536 -17863.956 -565.500
v 12760.379 -17863.956 -565.500
f 2189 2190 2187
v 12746.596 -17863.612 -565.500
f 2191 2190 2189
f 2187 2190 2186
v 12760.423 -17864.303 -565.500
f 2186 2190 2192
v 12754.673 -17858.106 -565.500
f 2188 2193 2162
v 12754.328 -17858.054 -565.500
f 2194 2193 2188
v 12760.319 -17863.612 -565.500
f 2191 2195 2190
v 12746.674 -17863.272 -565.500
v 12760.147 -17862.936 -565.500
f 2196 2197 2191
v 12746.769 -17862.936 -565.500
f 2198 2197 2196
v 12746.880 -17862.605 -565.500
f 2199 2197 2198
f 2191 2197 2195
v 12760.241 -17863.272 -565.500
f 2195 2197 2200
v 12755.354 -17858.261 -565.500
v 12755.687 -17858.364 -565.500
v 12755.015 -17858.175 -565.500
f 2201 2202 2203
v 12756.015 -17858.483 -565.500
f 2203 2204 2193
f 2202 2204 2203
v 12759.908 -17862.280 -565.500
f 2199 2205 2197
v 12760.036 -17862.605 -565.500
f 2197 2205 2206
v 12747.007 -17862.280 -565.500
v 12759.764 -17861.962 -565.500
f 2207 2208 2199
f 2126 2208 2207
f 2199 2208 2205
v 12756.651 -17858.770 -565.500
f 2193 2209 2162
v 12756.337 -17858.619 -565.500
f 2210 2209 2204
f 2204 2209 2193
f 2162 2209 2148
v 12759.431 -17861.349 -565.500
f 2135 2211 2125
f 2125 2211 2126
f 2126 2211 2208
v 12759.605 -17861.652 -565.500
f 2208 2211 2212
v 12756.958 -17858.937 -565.500
v 12757.544 -17859.316 -565.500
f 2213 2214 2209
v 12757.255 -17859.119 -565.500
f 2215 2214 2213
f 2209 2214 2148
v 12759.038 -17860.773 -565.500
v 12759.241 -17861.056 -565.500
f 2211 2216 2217
f 2135 2216 2211
f 2134 2216 2135
v 12758.820 -17860.500 -565.500
f 2134 2218 2216
v 12757.822 -17859.527 -565.500
v 12758.089 -17859.751 -565.500
f 2219 2220 2214
f 2214 2220 2148
f 2148 2220 2141
v 12758.589 -17860.238 -565.500
f 2134 2221 2218
v 12758.345 -17859.988 -565.500
f 2141 2222 2134
f 2134 2222 2221
f 2220 2222 2141
o main_2
v 12990.096 -17814.519 584.734
v 12978.165 -17813.514 585.979
v 12990.220 -17812.478 585.976
f 2223 2224 2225
v 12978.165 -17814.519 585.330
f 2223 2226 2224
v 12978.165 -17815.491 584.631
f 2223 2227 2226
v 12989.952 -17816.426 583.297
f 2228 2227 2223
v 12978.165 -17816.426 583.885
f 2228 2229 2227
v 12978.165 -17817.324 583.093
f 2228 2230 2229
v 12989.790 -17818.180 581.677
f 2231 2230 2228
v 12978.165 -17818.180 582.258
f 2231 2232 2230
v 12978.165 -17818.994 581.380
f 2231 2233 2232
v 12989.611 -17819.763 579.892
f 2234 2233 2231
v 12978.165 -17819.763 580.464
f 2234 2235 2233
v 12978.165 -17820.486 579.510
f 2234 2236 2235
v 12989.418 -17821.160 577.959
f 2237 2236 2234
v 12978.165 -17821.160 578.521
f 2237 2238 2236
v 12978.165 -17821.784 577.500
f 2237 2239 2238
v 12989.212 -17822.356 575.898
f 2240 2239 2237
v 12978.165 -17822.356 576.449
f 2240 2241 2239
v 12978.165 -17822.876 575.371
f 2240 2242 2241
v 12988.994 -17823.340 573.728
f 2243 2242 2240
v 12978.165 -17823.340 574.268
f 2243 2244 2242
v 12978.165 -17823.750 573.144
f 2243 2245 2244
v 12988.769 -17824.102 571.471
v 12978.165 -17824.102 572.000
f 2246 2247 2245
v 12978.165 -17824.398 570.841
f 2246 2248 2247
f 2246 2245 2243
v 12988.536 -17824.635 569.150
f 2249 2248 2246
v 12978.165 -17824.635 569.668
f 2249 2250 2248
v 12978.165 -17824.813 568.484
f 2249 2251 2250
v 12988.300 -17824.932 566.788
v 12978.165 -17824.932 567.294
f 2252 2253 2251
v 12978.165 -17824.992 566.098
f 2252 2254 2253
f 2252 2251 2249
v 12988.062 -17824.992 564.408
v 12978.165 -17824.992 564.902
f 2255 2256 2254
v 12978.165 -17824.932 563.706
f 2255 2257 2256
f 2255 2254 2252
v 12987.824 -17824.813 562.034
f 2258 2257 2255
v 12978.165 -17824.813 562.516
f 2258 2259 2257
v 12978.165 -17824.635 561.332
f 2258 2260 2259
v 12999.267 -17824.102 569.889
f 2261 2249 2246
v 12987.590 -17824.398 559.689
v 12978.165 -17824.398 560.159
f 2262 2263 2260
v 12978.165 -17824.102 559.000
f 2262 2264 2263
f 2262 2260 2258
v 12998.805 -17824.635 567.602
f 2265 2249 2261
v 12987.360 -17823.750 557.397
v 12978.165 -17823.750 557.856
f 2266 2267 2264
v 12978.165 -17823.340 556.732
f 2266 2268 2267
f 2266 2264 2262
v 12998.335 -17824.932 565.275
f 2269 2252 2249
f 2269 2255 2252
f 2269 2249 2265
v 12987.139 -17822.876 555.181
v 12978.165 -17822.876 555.629
f 2270 2271 2268
v 12978.165 -17822.356 554.551
f 2270 2272 2271
f 2270 2268 2266
v 12997.861 -17824.992 562.931
f 2273 2255 2269
v 12986.927 -17821.784 553.063
v 12978.165 -17821.784 553.500
f 2274 2275 2272
v 12978.165 -17821.160 552.479
f 2274 2276 2275
f 2274 2272 2270
v 12997.388 -17824.813 560.592
f 2277 2258 2255
f 2277 2255 2273
v 12986.727 -17820.486 551.063
f 2278 2276 2274
v 12978.165 -17820.486 551.490
f 2278 2279 2276
v 12978.165 -17819.763 550.536
f 2278 2280 2279
v 13009.556 -17824.102 567.269
f 2281 2265 2261
v 12996.921 -17824.398 558.283
f 2282 2258 2277
f 2282 2262 2258
v 12986.540 -17818.994 549.202
v 12978.165 -17818.994 549.620
f 2283 2284 2280
v 12978.165 -17818.180 548.742
f 2283 2285 2284
f 2283 2280 2278
v 13008.869 -17824.635 565.040
f 2286 2265 2281
v 12996.465 -17823.750 556.025
f 2287 2266 2262
f 2287 2262 2282
v 12986.370 -17817.324 547.497
v 12978.165 -17817.324 547.907
f 2288 2289 2285
v 12978.165 -17816.426 547.115
f 2288 2290 2289
f 2288 2285 2283
v 13008.169 -17824.932 562.771
f 2291 2265 2286
f 2291 2269 2265
v 12996.023 -17822.876 553.842
f 2292 2270 2266
f 2292 2274 2270
f 2292 2266 2287
v 12986.217 -17815.491 545.967
v 12978.165 -17815.491 546.369
f 2293 2294 2290
v 12978.165 -17814.519 545.670
f 2293 2295 2294
f 2293 2290 2288
v 13007.464 -17824.992 560.486
f 2296 2269 2291
f 2296 2273 2269
v 12995.602 -17821.784 551.755
f 2297 2274 2292
v 12986.082 -17813.514 544.626
v 12978.165 -17813.514 545.021
f 2298 2299 2295
v 12978.165 -17812.478 544.423
f 2298 2300 2299
f 2298 2295 2293
v 13006.761 -17824.813 558.206
f 2301 2277 2273
f 2301 2273 2296
v 12995.203 -17820.486 549.785
f 2302 2278 2274
f 2302 2274 2297
v 12985.968 -17811.413 543.487
v 12978.165 -17811.413 543.877
f 2303 2304 2300
v 12978.165 -17810.322 543.385
f 2303 2305 2304
f 2303 2300 2298
v 13006.066 -17824.398 555.954
f 2306 2282 2277
f 2306 2277 2301
v 12994.833 -17818.994 547.952
f 2307 2283 2278
f 2307 2278 2302
v 13018.627 -17824.635 561.488
f 2308 2286 2281
v 13019.533 -17824.102 563.637
f 2308 2281 2309
v 12985.876 -17809.208 542.563
v 12978.165 -17809.208 542.947
f 2310 2311 2305
v 12978.165 -17808.074 542.566
f 2310 2312 2311
f 2310 2305 2303
v 13005.387 -17823.750 553.753
f 2313 2287 2282
f 2313 2282 2306
v 12994.493 -17817.324 546.273
f 2314 2288 2283
f 2314 2283 2307
v 13017.705 -17824.932 559.300
f 2315 2291 2286
f 2315 2296 2291
f 2315 2286 2308
v 12985.806 -17806.922 541.861
v 12978.165 -17806.922 542.242
f 2316 2317 2312
v 12978.165 -17805.755 541.976
f 2316 2318 2317
f 2316 2312 2310
v 13004.731 -17822.876 551.625
f 2319 2287 2313
f 2319 2292 2287
f 2319 2297 2292
v 12994.189 -17815.491 544.765
f 2320 2293 2288
f 2320 2288 2314
v 13016.776 -17824.992 557.096
f 2321 2296 2315
v 12985.759 -17804.576 541.389
f 2322 2318 2316
v 12978.165 -17804.576 541.768
f 2322 2323 2318
v 12978.165 -17803.389 541.619
f 2322 2324 2323
v 13004.103 -17821.784 549.590
f 2325 2297 2319
v 12993.921 -17813.514 543.444
f 2326 2293 2320
f 2326 2298 2293
v 13015.849 -17824.813 554.898
f 2327 2301 2296
f 2327 2306 2301
f 2327 2296 2321
v 12985.735 -17802.196 541.152
v 12978.165 -17802.196 541.530
f 2328 2329 2324
v 12978.165 -17800.999 541.500
f 2328 2330 2329
f 2328 2324 2322
v 13003.511 -17820.486 547.670
f 2331 2297 2325
f 2331 2302 2297
f 2331 2307 2302
v 12993.695 -17811.413 542.323
f 2332 2303 2298
f 2332 2298 2326
v 13014.934 -17824.398 552.726
f 2333 2313 2306
f 2333 2306 2327
v 12985.735 -17799.803 541.152
v 12978.165 -17799.803 541.530
f 2334 2335 2330
v 12978.165 -17798.610 541.619
f 2334 2336 2335
f 2334 2330 2328
v 13002.959 -17818.994 545.882
f 2337 2307 2331
v 13027.983 -17824.635 556.982
f 2338 2308 2309
v 13029.099 -17824.102 559.031
f 2338 2309 2339
v 12993.511 -17809.208 541.412
f 2340 2303 2332
f 2340 2310 2303
v 13014.039 -17823.750 550.604
f 2341 2313 2333
v 13002.454 -17817.324 544.246
f 2342 2307 2337
f 2342 2314 2307
v 12985.759 -17797.422 541.389
v 12978.165 -17797.422 541.768
f 2343 2344 2336
v 12978.165 -17796.244 541.976
f 2343 2345 2344
f 2343 2336 2334
v 13026.848 -17824.932 554.897
f 2346 2315 2308
f 2346 2308 2338
v 12993.371 -17806.922 540.721
f 2347 2310 2340
f 2347 2316 2310
v 13013.174 -17822.876 548.552
f 2348 2319 2313
f 2348 2313 2341
v 12985.806 -17795.077 541.861
v 12978.165 -17795.077 542.242
f 2349 2350 2345
v 12978.165 -17793.925 542.566
f 2349 2351 2350
f 2349 2345 2343
v 13002.001 -17815.491 542.776
f 2352 2314 2342
f 2352 2320 2314
v 13025.704 -17824.992 552.797
f 2353 2315 2346
f 2353 2321 2315
f 2353 2327 2321
v 13012.347 -17821.784 546.590
f 2354 2319 2348
f 2354 2331 2325
f 2354 2325 2319
v 12993.277 -17804.576 540.256
f 2355 2316 2347
f 2355 2322 2316
v 12985.876 -17792.791 542.563
v 12978.165 -17792.791 542.947
f 2356 2357 2351
v 12978.165 -17791.677 543.385
f 2356 2358 2357
f 2356 2351 2349
v 13001.604 -17813.514 541.488
f 2359 2320 2352
f 2359 2332 2326
f 2359 2326 2320
v 13024.563 -17824.813 550.701
f 2360 2333 2327
f 2360 2327 2353
v 12993.230 -17802.196 540.022
f 2361 2322 2355
f 2361 2328 2322
v 13011.566 -17820.486 544.738
f 2362 2331 2354
v 12985.968 -17790.586 543.487
f 2363 2358 2356
v 12978.165 -17790.586 543.877
f 2363 2364 2358
v 12978.165 -17789.521 544.423
f 2363 2365 2364
v 13001.267 -17811.413 540.395
f 2366 2332 2359
v 13023.436 -17824.398 548.632
f 2367 2333 2360
v 12993.230 -17799.803 540.022
f 2368 2334 2328
f 2368 2328 2361
v 13010.840 -17818.994 543.014
f 2369 2337 2331
f 2369 2331 2362
v 13036.844 -17824.635 551.567
f 2370 2346 2338
f 2370 2338 2339
v 13038.158 -17824.102 553.495
f 2370 2339 2371
v 12986.082 -17788.485 544.626
f 2372 2365 2363
v 12978.165 -17788.485 545.021
f 2372 2373 2365
v 12978.165 -17787.480 545.670
f 2372 2374 2373
v 13000.993 -17809.208 539.507
f 2375 2332 2366
f 2375 2340 2332
v 13022.334 -17823.750 546.609
f 2376 2341 2333
f 2376 2333 2367
f 2376 2348 2341
v 12993.277 -17797.422 540.256
f 2377 2343 2334
f 2377 2334 2368
v 13010.174 -17817.324 541.436
f 2378 2352 2342
f 2378 2342 2337
f 2378 2337 2369
v 13035.507 -17824.932 549.606
f 2379 2346 2370
v 13021.269 -17822.876 544.653
f 2380 2348 2376
v 12986.217 -17786.508 545.967
v 12978.165 -17786.508 546.369
f 2381 2382 2374
v 12978.165 -17785.573 547.115
f 2381 2383 2382
f 2381 2374 2372
v 13000.785 -17806.922 538.833
f 2384 2347 2340
f 2384 2340 2375
v 13009.577 -17815.491 540.019
f 2385 2359 2352
f 2385 2352 2378
v 12993.371 -17795.077 540.721
f 2386 2343 2377
f 2386 2356 2349
f 2386 2349 2343
v 13034.160 -17824.992 547.630
f 2387 2353 2346
f 2387 2346 2379
v 12986.370 -17784.675 547.497
v 12978.165 -17784.675 547.907
f 2388 2389 2383
v 12978.165 -17783.819 548.742
f 2388 2390 2389
f 2388 2383 2381
v 13000.645 -17804.576 538.380
f 2391 2355 2347
f 2391 2347 2384
v 13020.251 -17821.784 542.784
f 2392 2348 2380
f 2392 2354 2348
v 13009.053 -17813.514 538.777
f 2393 2359 2385
v 12993.511 -17792.791 541.412
f 2394 2356 2386
v 13032.816 -17824.813 545.658
f 2395 2353 2387
f 2395 2360 2353
f 2395 2367 2360
v 12986.540 -17783.005 549.202
f 2396 2390 2388
v 12978.165 -17783.005 549.620
f 2396 2397 2390
v 12978.165 -17782.236 550.536
f 2396 2398 2397
v 13019.290 -17820.486 541.018
f 2399 2362 2354
f 2399 2354 2392
v 13000.575 -17802.196 538.152
f 2400 2361 2355
f 2400 2355 2391
v 13046.622 -17824.102 547.084
f 2401 2370 2371
v 13008.609 -17811.413 537.722
f 2402 2359 2393
f 2402 2375 2366
f 2402 2366 2359
v 12993.695 -17790.586 542.323
f 2403 2356 2394
f 2403 2363 2356
v 13031.488 -17824.398 543.711
f 2404 2367 2395
f 2404 2376 2367
v 12986.727 -17781.513 551.063
v 12978.165 -17781.513 551.490
f 2405 2406 2398
v 12978.165 -17780.839 552.479
f 2405 2407 2406
f 2405 2398 2396
v 13000.575 -17799.803 538.152
f 2408 2361 2400
f 2408 2377 2368
f 2408 2368 2361
v 13018.395 -17818.994 539.376
f 2409 2362 2399
f 2409 2369 2362
v 13045.122 -17824.635 545.297
f 2410 2370 2401
v 12993.921 -17788.485 543.444
f 2411 2372 2363
f 2411 2363 2403
v 13030.191 -17823.750 541.808
f 2412 2376 2404
v 13008.248 -17809.208 536.866
f 2413 2384 2375
f 2413 2375 2402
v 12986.927 -17780.215 553.063
v 12978.165 -17780.215 553.500
f 2414 2415 2407
v 12978.165 -17779.643 554.551
f 2414 2416 2415
f 2414 2407 2405
v 13000.645 -17797.422 538.380
f 2417 2377 2408
v 13017.576 -17817.324 537.871
f 2418 2369 2409
f 2418 2378 2369
v 13043.596 -17824.932 543.478
f 2419 2370 2410
f 2419 2379 2370
v 13007.974 -17806.922 536.216
f 2420 2384 2413
f 2420 2391 2384
v 12994.189 -17786.508 544.765
f 2421 2381 2372
f 2421 2372 2411
v 13028.936 -17822.876 539.968
f 2422 2376 2412
f 2422 2392 2380
f 2422 2380 2376
v 12987.139 -17779.123 555.181
v 12978.165 -17779.123 555.629
f 2423 2424 2416
v 12978.165 -17778.659 556.732
f 2423 2425 2424
f 2423 2416 2414
v 13000.785 -17795.077 538.833
f 2426 2377 2417
f 2426 2394 2386
f 2426 2386 2377
v 13016.841 -17815.491 536.521
f 2427 2385 2378
f 2427 2378 2418
v 13042.059 -17824.992 541.646
f 2428 2379 2419
f 2428 2395 2387
f 2428 2387 2379
v 13027.737 -17821.784 538.209
f 2429 2392 2422
v 13007.790 -17804.576 535.779
f 2430 2391 2420
v 12994.493 -17784.675 546.273
f 2431 2381 2421
f 2431 2388 2381
v 13000.993 -17792.791 539.507
f 2432 2394 2426
v 13016.196 -17813.514 535.337
f 2433 2385 2427
f 2433 2393 2385
v 12987.360 -17778.249 557.397
f 2434 2425 2423
v 12978.165 -17778.249 557.856
f 2434 2435 2425
v 12978.165 -17777.896 559.000
f 2434 2436 2435
v 13040.525 -17824.813 539.818
f 2437 2404 2395
f 2437 2395 2428
v 13026.605 -17820.486 536.548
f 2438 2392 2429
f 2438 2399 2392
v 13007.697 -17802.196 535.560
f 2439 2400 2391
f 2439 2391 2430
v 12994.833 -17783.005 547.952
f 2440 2396 2388
f 2440 2388 2431
v 13015.649 -17811.413 534.332
f 2441 2402 2393
f 2441 2393 2433
v 13001.267 -17790.586 540.395
f 2442 2411 2403
f 2442 2394 2432
f 2442 2403 2394
v 12987.590 -17777.601 559.689
v 12978.165 -17777.601 560.159
f 2443 2444 2436
v 12978.165 -17777.364 561.332
f 2443 2445 2444
f 2443 2436 2434
v 13039.011 -17824.398 538.013
f 2446 2412 2404
f 2446 2404 2437
v 13025.551 -17818.994 535.003
f 2447 2399 2438
f 2447 2409 2399
v 12995.203 -17781.513 549.785
f 2448 2396 2440
f 2448 2405 2396
v 13007.697 -17799.803 535.560
f 2449 2408 2400
f 2449 2400 2439
v 13052.735 -17824.635 538.234
f 2450 2410 2401
v 13054.405 -17824.102 539.862
f 2450 2401 2451
v 12987.824 -17777.186 562.034
f 2452 2445 2443
v 12978.165 -17777.186 562.516
f 2452 2453 2445
v 12978.165 -17777.067 563.706
f 2452 2454 2453
v 13001.604 -17788.485 541.488
f 2455 2411 2442
v 13037.530 -17823.750 536.249
f 2456 2412 2446
v 13015.204 -17809.208 533.516
f 2457 2413 2402
f 2457 2402 2441
v 13007.790 -17797.422 535.779
f 2458 2408 2449
f 2458 2417 2408
v 13024.586 -17817.324 533.588
f 2459 2418 2409
f 2459 2409 2447
v 12995.602 -17780.215 551.755
f 2460 2405 2448
f 2460 2414 2405
v 13051.035 -17824.932 536.576
f 2461 2419 2410
f 2461 2428 2419
f 2461 2410 2450
v 12988.062 -17777.007 564.408
v 12978.165 -17777.007 564.902
f 2462 2463 2454
v 12978.165 -17777.007 566.098
f 2462 2464 2463
f 2462 2454 2452
v 13036.099 -17822.876 534.543
f 2465 2412 2456
f 2465 2422 2412
v 13014.867 -17806.922 532.897
f 2466 2420 2413
f 2466 2413 2457
v 13002.001 -17786.508 542.776
f 2467 2411 2455
f 2467 2421 2411
v 12996.023 -17779.123 553.842
f 2468 2423 2414
f 2468 2414 2460
v 13023.720 -17815.491 532.317
f 2469 2418 2459
f 2469 2427 2418
v 13007.974 -17795.077 536.216
f 2470 2426 2417
f 2470 2417 2458
v 13049.323 -17824.992 534.906
f 2471 2428 2461
v 13034.730 -17821.784 532.912
f 2472 2422 2465
f 2472 2429 2422
v 12988.300 -17777.067 566.788
f 2473 2464 2462
v 12978.165 -17777.067 567.294
f 2473 2474 2464
v 12978.165 -17777.186 568.484
f 2473 2475 2474
v 13014.640 -17804.576 532.480
f 2476 2430 2420
f 2476 2420 2466
v 13002.454 -17784.675 544.246
f 2477 2431 2421
f 2477 2421 2467
v 13022.960 -17813.514 531.203
f 2478 2427 2469
f 2478 2433 2427
v 13008.248 -17792.791 536.866
f 2479 2426 2470
f 2479 2432 2426
v 12996.465 -17778.249 556.025
f 2480 2423 2468
f 2480 2434 2423
v 13047.615 -17824.813 533.240
f 2481 2446 2437
f 2481 2428 2471
f 2481 2437 2428
v 13033.438 -17820.486 531.372
f 2482 2429 2472
f 2482 2438 2429
v 12988.536 -17777.364 569.150
f 2483 2475 2473
v 12978.165 -17777.364 569.668
f 2483 2484 2475
v 12978.165 -17777.601 570.841
f 2483 2485 2484
v 13014.526 -17802.196 532.271
f 2486 2439 2430
f 2486 2449 2439
f 2486 2430 2476
v 13002.959 -17783.005 545.882
f 2487 2440 2431
f 2487 2431 2477
v 13061.430 -17824.102 531.902
f 2488 2450 2451
v 13022.316 -17811.413 530.258
f 2489 2433 2478
f 2489 2441 2433
v 13045.928 -17824.398 531.595
f 2490 2446 2481
v 13008.609 -17790.586 537.722
f 2491 2442 2432
f 2491 2432 2479
v 12996.921 -17777.601 558.283
f 2492 2434 2480
f 2492 2443 2434
v 13003.511 -17781.513 547.670
f 2493 2460 2448
f 2493 2440 2487
f 2493 2448 2440
v 13032.236 -17818.994 529.939
f 2494 2447 2438
f 2494 2438 2482
v 12988.769 -17777.896 571.471
v 12978.165 -17777.896 572.000
f 2495 2496 2485
v 12978.165 -17778.249 573.144
f 2495 2497 2496
f 2495 2485 2483
v 13014.526 -17799.803 532.271
f 2498 2449 2486
v 13059.606 -17824.635 530.447
f 2499 2450 2488
v 13021.792 -17809.208 529.490
f 2500 2457 2441
f 2500 2441 2489
v 13009.053 -17788.485 538.777
f 2501 2455 2442
f 2501 2442 2491
v 12997.388 -17777.186 560.592
f 2502 2452 2443
f 2502 2443 2492
v 13044.279 -17823.750 529.987
f 2503 2456 2446
f 2503 2446 2490
v 13031.135 -17817.324 528.627
f 2504 2459 2447
f 2504 2447 2494
v 13014.640 -17797.422 532.480
f 2505 2470 2458
f 2505 2449 2498
f 2505 2458 2449
v 12988.994 -17778.659 573.728
f 2506 2497 2495
v 12978.165 -17778.659 574.268
f 2506 2507 2497
v 12978.165 -17779.123 575.371
f 2506 2508 2507
v 13004.103 -17780.215 549.590
f 2509 2460 2493
v 13057.750 -17824.932 528.967
f 2510 2450 2499
f 2510 2461 2450
v 12997.861 -17777.007 562.931
f 2511 2462 2452
f 2511 2452 2502
v 13009.577 -17786.508 540.019
f 2512 2467 2455
f 2512 2455 2501
f 2512 2477 2467
v 13021.395 -17806.922 528.907
f 2513 2457 2500
f 2513 2466 2457
v 13042.685 -17822.876 528.431
f 2514 2465 2456
f 2514 2456 2503
f 2514 2472 2465
v 13004.731 -17779.123 551.625
f 2515 2460 2509
f 2515 2468 2460
v 13014.867 -17795.077 532.897
f 2516 2479 2470
f 2516 2470 2505
v 13030.146 -17815.491 527.449
f 2517 2459 2504
f 2517 2469 2459
v 12989.212 -17779.643 575.898
v 12978.165 -17779.643 576.449
f 2518 2519 2508
v 12978.165 -17780.215 577.500
f 2518 2520 2519
f 2518 2508 2506
v 13055.880 -17824.992 527.476
f 2521 2461 2510
f 2521 2471 2461
f 2521 2481 2471
v 13041.161 -17821.784 526.945
f 2522 2472 2514
v 13021.128 -17804.576 528.516
f 2523 2476 2466
f 2523 2466 2513
v 12998.335 -17777.067 565.275
f 2524 2473 2462
f 2524 2462 2511
v 13010.174 -17784.675 541.436
f 2525 2477 2512
v 12989.418 -17780.839 577.959
f 2526 2520 2518
v 12978.165 -17780.839 578.521
f 2526 2527 2520
v 12978.165 -17781.513 579.510
f 2526 2528 2527
v 13029.280 -17813.514 526.417
f 2529 2489 2478
f 2529 2478 2469
f 2529 2469 2517
v 13005.387 -17778.249 553.753
f 2530 2468 2515
f 2530 2480 2468
v 13015.204 -17792.791 533.516
f 2531 2479 2516
f 2531 2491 2479
v 13054.015 -17824.813 525.988
f 2532 2481 2521
v 13010.840 -17783.005 543.014
f 2533 2487 2477
f 2533 2477 2525
v 12998.805 -17777.364 567.602
f 2534 2483 2473
f 2534 2473 2524
v 13020.994 -17802.196 528.319
f 2535 2486 2476
f 2535 2476 2523
v 13039.722 -17820.486 525.541
f 2536 2482 2472
f 2536 2472 2522
v 12989.611 -17782.236 579.892
f 2537 2528 2526
v 12978.165 -17782.236 580.464
f 2537 2538 2528
v 12978.165 -17783.005 581.380
f 2537 2539 2538
v 13015.649 -17790.586 534.332
f 2540 2501 2491
f 2540 2491 2531
v 13028.544 -17811.413 525.540
f 2541 2489 2529
v 13006.066 -17777.601 555.954
f 2542 2492 2480
f 2542 2480 2530
v 13052.172 -17824.398 524.519
f 2543 2490 2481
f 2543 2503 2490
f 2543 2481 2532
v 13020.994 -17799.803 528.319
f 2544 2486 2535
f 2544 2498 2486
v 13038.383 -17818.994 524.235
f 2545 2482 2536
f 2545 2494 2482
v 13011.566 -17781.513 544.738
f 2546 2509 2493
f 2546 2493 2487
f 2546 2487 2533
v 12999.267 -17777.896 569.889
f 2547 2483 2534
f 2547 2495 2483
v 13065.668 -17824.635 522.016
f 2548 2499 2488
v 13067.628 -17824.102 523.281
f 2548 2488 2549
v 12989.790 -17783.819 581.677
f 2550 2539 2537
v 12978.165 -17783.819 582.258
f 2550 2551 2539
v 12978.165 -17784.675 583.093
f 2550 2552 2551
v 13027.947 -17809.208 524.828
f 2553 2513 2500
f 2553 2500 2489
f 2553 2489 2541
v 13016.196 -17788.485 535.337
f 2554 2501 2540
v 13006.761 -17777.186 558.206
f 2555 2492 2542
f 2555 2502 2492
v 13050.372 -17823.750 523.083
f 2556 2503 2543
v 13012.347 -17780.215 546.590
f 2557 2509 2546
v 13021.128 -17797.422 528.516
f 2558 2505 2498
f 2558 2498 2544
v 13037.157 -17817.324 523.039
f 2559 2494 2545
f 2559 2504 2494
f 2559 2517 2504
v 13063.674 -17824.932 520.728
f 2560 2521 2510
f 2560 2499 2548
f 2560 2510 2499
v 13027.494 -17806.922 524.288
f 2561 2523 2513
f 2561 2513 2553
v 13048.630 -17822.876 521.695
f 2562 2503 2556
f 2562 2514 2503
v 13007.464 -17777.007 560.486
f 2563 2524 2511
f 2563 2502 2555
f 2563 2511 2502
v 12989.952 -17785.573 583.297
f 2564 2552 2550
v 12978.165 -17785.573 583.885
f 2564 2565 2552
v 13016.841 -17786.508 536.521
f 2566 2501 2554
f 2566 2512 2501
f 2566 2525 2512
v 13013.174 -17779.123 548.552
f 2567 2509 2557
f 2567 2515 2509
v 13021.395 -17795.077 528.907
f 2568 2505 2558
f 2568 2516 2505
v 13036.056 -17815.491 521.966
f 2569 2517 2559
f 2569 2529 2517
v 13061.665 -17824.992 519.430
f 2570 2521 2560
v 13017.576 -17784.675 537.871
f 2571 2533 2525
f 2571 2525 2566
v 13046.966 -17821.784 520.367
f 2572 2514 2562
f 2572 2522 2514
v 13027.189 -17804.576 523.925
f 2573 2523 2561
v 13008.169 -17777.067 562.771
f 2574 2524 2563
v 13035.091 -17813.514 521.024
f 2575 2529 2569
f 2575 2541 2529
v 13021.792 -17792.791 529.490
f 2576 2516 2568
f 2576 2531 2516
v 13059.660 -17824.813 518.136
f 2577 2521 2570
f 2577 2532 2521
f 2577 2543 2532
v 13014.039 -17778.249 550.604
f 2578 2530 2515
f 2578 2515 2567
v 13027.036 -17802.196 523.742
f 2579 2535 2523
f 2579 2523 2573
v 13008.869 -17777.364 565.040
f 2580 2534 2524
f 2580 2524 2574
v 13045.394 -17820.486 519.114
f 2581 2522 2572
f 2581 2536 2522
v 13018.395 -17783.005 539.376
f 2582 2533 2571
v 13072.936 -17824.102 514.086
f 2583 2548 2549
v 13014.934 -17777.601 552.726
f 2584 2555 2542
f 2584 2542 2530
f 2584 2530 2578
v 13034.272 -17811.413 520.226
f 2585 2541 2575
v 13057.681 -17824.398 516.857
f 2586 2556 2543
f 2586 2543 2577
v 13022.316 -17790.586 530.258
f 2587 2531 2576
f 2587 2540 2531
v 13027.036 -17799.803 523.742
f 2588 2535 2579
f 2588 2544 2535
v 13019.290 -17781.513 541.018
f 2589 2533 2582
f 2589 2546 2533
v 13043.932 -17818.994 517.948
f 2590 2559 2545
f 2590 2545 2536
f 2590 2536 2581
v 13009.556 -17777.896 567.269
f 2591 2534 2580
f 2591 2547 2534
v 13070.860 -17824.635 513.022
f 2592 2560 2548
f 2592 2548 2583
v 13022.960 -17788.485 531.203
f 2593 2554 2540
f 2593 2540 2587
v 13033.607 -17809.208 519.577
f 2594 2553 2541
f 2594 2541 2585
f 2594 2561 2553
v 13055.746 -17823.750 515.608
f 2595 2556 2586
v 13015.849 -17777.186 554.898
f 2596 2555 2584
v 13027.189 -17797.422 523.925
f 2597 2544 2588
f 2597 2558 2544
v 13042.593 -17817.324 516.880
f 2598 2559 2590
v 13020.251 -17780.215 542.784
f 2599 2546 2589
f 2599 2557 2546
v 13068.748 -17824.932 511.939
f 2600 2560 2592
f 2600 2570 2560
v 13033.102 -17806.922 519.084
f 2601 2561 2594
f 2601 2573 2561
v 13016.776 -17777.007 557.096
f 2602 2563 2555
f 2602 2555 2596
v 13023.720 -17786.508 532.317
f 2603 2554 2593
f 2603 2566 2554
v 13053.875 -17822.876 514.399
f 2604 2562 2556
f 2604 2556 2595
f 2604 2572 2562
v 13021.269 -17779.123 544.653
f 2605 2557 2599
f 2605 2567 2557
v 13027.494 -17795.077 524.288
f 2606 2576 2568
f 2606 2568 2558
f 2606 2558 2597
v 13041.390 -17815.491 515.921
f 2607 2559 2598
f 2607 2569 2559
v 13066.619 -17824.992 510.848
f 2608 2570 2600
v 13052.087 -17821.784 513.244
f 2609 2572 2604
v 13032.762 -17804.576 518.753
f 2610 2573 2601
v 13017.705 -17777.067 559.300
f 2611 2580 2574
f 2611 2563 2602
f 2611 2574 2563
v 13024.586 -17784.675 533.588
f 2612 2571 2566
f 2612 2566 2603
v 13022.334 -17778.249 546.609
f 2613 2578 2567
f 2613 2567 2605
v 13027.947 -17792.791 524.828
f 2614 2576 2606
v 13040.337 -17813.514 515.081
f 2615 2575 2569
f 2615 2569 2607
v 13064.496 -17824.813 509.760
f 2616 2570 2608
f 2616 2577 2570
v 13025.551 -17783.005 535.003
f 2617 2582 2571
f 2617 2571 2612
v 13050.399 -17820.486 512.154
f 2618 2581 2572
f 2618 2572 2609
v 13018.627 -17777.364 561.488
f 2619 2580 2611
v 13032.592 -17802.196 518.587
f 2620 2579 2573
f 2620 2573 2610
v 13028.544 -17790.586 525.540
f 2621 2576 2614
f 2621 2587 2576
f 2621 2593 2587
v 13039.442 -17811.413 514.367
f 2622 2585 2575
f 2622 2575 2615
v 13062.399 -17824.398 508.685
f 2623 2586 2577
f 2623 2577 2616
v 13023.436 -17777.601 548.632
f 2624 2584 2578
f 2624 2596 2584
f 2624 2578 2613
v 13019.533 -17777.896 563.637
f 2625 2580 2619
f 2625 2591 2580
v 13010.225 -17778.659 569.436
f 2625 2626 2591
v 13048.827 -17818.994 511.139
f 2627 2581 2618
f 2627 2590 2581
v 13032.592 -17799.803 518.587
f 2628 2588 2579
f 2628 2597 2588
f 2628 2579 2620
v 13026.605 -17781.513 536.548
f 2629 2582 2617
f 2629 2589 2582
v 13075.131 -17824.635 503.557
v 13077.303 -17824.102 504.409
f 2630 2583 2631
f 2630 2600 2592
f 2630 2592 2583
v 13024.563 -17777.186 550.701
f 2632 2602 2596
f 2632 2596 2624
v 13029.280 -17788.485 526.417
f 2633 2593 2621
f 2633 2603 2593
v 13060.350 -17823.750 507.634
f 2634 2586 2623
f 2634 2595 2586
v 13038.715 -17809.208 513.788
f 2635 2594 2585
f 2635 2585 2622
v 13032.762 -17797.422 518.753
f 2636 2597 2628
f 2636 2606 2597
v 13027.737 -17780.215 538.209
f 2637 2599 2589
f 2637 2589 2629
v 13047.388 -17817.324 510.209
f 2638 2598 2590
f 2638 2590 2627
v 13020.414 -17778.659 565.727
f 2639 2626 2625
v 13072.922 -17824.932 502.689
f 2640 2600 2630
f 2640 2608 2600
v 13058.368 -17822.876 506.618
f 2641 2595 2634
f 2641 2604 2595
v 13038.164 -17806.922 513.348
f 2642 2601 2594
f 2642 2594 2635
v 13030.146 -17786.508 527.449
f 2643 2603 2633
v 13025.704 -17777.007 552.797
f 2644 2602 2632
v 13033.102 -17795.077 519.084
f 2645 2606 2636
f 2645 2614 2606
v 13028.936 -17779.123 539.968
f 2646 2605 2599
f 2646 2599 2637
v 13046.097 -17815.491 509.375
f 2647 2598 2638
f 2647 2607 2598
v 13021.261 -17779.643 567.737
f 2648 2626 2639
v 13010.867 -17779.643 571.520
f 2648 2649 2626
v 13070.695 -17824.992 501.816
f 2650 2608 2640
f 2650 2616 2608
v 13056.473 -17821.784 505.647
f 2651 2604 2641
f 2651 2609 2604
v 13031.135 -17784.675 528.627
f 2652 2612 2603
f 2652 2603 2643
v 13026.848 -17777.067 554.897
f 2653 2602 2644
f 2653 2611 2602
v 13037.793 -17804.576 513.052
f 2654 2610 2601
f 2654 2601 2642
v 13044.964 -17813.514 508.644
f 2655 2607 2647
f 2655 2615 2607
v 13033.607 -17792.791 519.577
f 2656 2614 2645
v 13030.191 -17778.249 541.808
f 2657 2605 2646
f 2657 2613 2605
v 13068.474 -17824.813 500.944
f 2658 2623 2616
f 2658 2616 2650
v 13022.066 -17780.839 569.646
f 2659 2649 2648
v 13011.478 -17780.839 573.500
f 2659 2660 2649
v 13032.236 -17783.005 529.939
f 2661 2612 2652
f 2661 2617 2612
v 13054.685 -17820.486 504.730
f 2662 2618 2609
f 2662 2609 2651
v 13027.983 -17777.364 556.982
f 2663 2611 2653
f 2663 2619 2611
v 13037.607 -17802.196 512.904
f 2664 2610 2654
f 2664 2620 2610
f 2664 2628 2620
v 13034.272 -17790.586 520.226
f 2665 2621 2614
f 2665 2614 2656
v 13066.281 -17824.398 500.083
f 2666 2623 2658
v 13031.488 -17777.601 543.711
f 2667 2613 2657
f 2667 2624 2613
v 13044.003 -17811.413 508.023
f 2668 2615 2655
f 2668 2622 2615
v 13022.821 -17782.236 571.436
v 13012.051 -17782.236 575.356
f 2669 2670 2660
f 2669 2660 2659
v 13033.438 -17781.513 531.372
f 2671 2617 2661
f 2671 2637 2629
f 2671 2629 2617
v 13053.020 -17818.994 503.876
f 2672 2618 2662
f 2672 2627 2618
v 13037.607 -17799.803 512.904
f 2673 2628 2664
v 13029.099 -17777.896 559.031
f 2674 2625 2619
f 2674 2619 2663
v 13078.439 -17824.635 493.713
f 2675 2640 2630
f 2675 2630 2631
v 13080.684 -17824.102 494.345
f 2675 2631 2676
v 13035.091 -17788.485 521.024
f 2677 2621 2665
f 2677 2633 2621
v 13043.222 -17809.208 507.519
f 2678 2622 2668
f 2678 2635 2622
v 13064.137 -17823.750 499.242
f 2679 2623 2666
f 2679 2634 2623
v 13032.816 -17777.186 545.658
f 2680 2632 2624
f 2680 2624 2667
v 13023.517 -17783.819 573.089
f 2681 2670 2669
v 13012.580 -17783.819 577.070
f 2681 2682 2670
v 13051.496 -17817.324 503.095
f 2683 2627 2672
f 2683 2638 2627
v 13037.793 -17797.422 513.052
f 2684 2636 2628
f 2684 2628 2673
v 13034.730 -17780.215 532.912
f 2685 2637 2671
v 13030.184 -17778.659 561.023
f 2686 2639 2625
f 2686 2625 2674
v 13076.154 -17824.932 493.070
f 2687 2640 2675
v 13062.064 -17822.876 498.428
f 2688 2634 2679
f 2688 2641 2634
v 13034.160 -17777.007 547.630
f 2689 2644 2632
f 2689 2632 2680
v 13042.630 -17806.922 507.136
f 2690 2635 2678
f 2690 2642 2635
v 13036.056 -17786.508 521.966
f 2691 2652 2643
f 2691 2643 2633
f 2691 2633 2677
v 13024.150 -17785.573 574.589
v 13013.059 -17785.573 578.626
f 2692 2693 2682
f 2692 2682 2681
v 13036.099 -17779.123 534.543
f 2694 2646 2637
f 2694 2657 2646
f 2694 2637 2685
v 13050.128 -17815.491 502.393
f 2695 2638 2683
f 2695 2647 2638
v 13031.226 -17779.643 562.938
f 2696 2648 2639
f 2696 2639 2686
v 13073.851 -17824.992 492.422
f 2697 2640 2687
f 2697 2658 2650
f 2697 2650 2640
v 13038.164 -17795.077 513.348
f 2698 2645 2636
f 2698 2636 2684
v 13060.082 -17821.784 497.650
f 2699 2641 2688
f 2699 2651 2641
v 13037.157 -17784.675 523.039
f 2700 2652 2691
v 13035.507 -17777.067 549.606
f 2701 2663 2653
f 2701 2644 2689
f 2701 2653 2644
v 13042.232 -17804.576 506.879
f 2702 2642 2690
f 2702 2654 2642
v 13024.711 -17787.480 575.920
f 2703 2693 2692
v 13013.485 -17787.480 580.006
f 2703 2704 2693
v 13032.217 -17780.839 564.758
f 2705 2648 2696
f 2705 2659 2648
v 13038.715 -17792.791 513.788
f 2706 2656 2645
f 2706 2645 2698
v 13071.554 -17824.813 491.776
f 2707 2658 2697
v 13037.530 -17778.249 536.249
f 2708 2667 2657
f 2708 2657 2694
v 13048.928 -17813.514 501.778
f 2709 2647 2695
f 2709 2655 2647
v 13038.383 -17783.005 524.235
f 2710 2661 2652
f 2710 2652 2700
v 13036.844 -17777.364 551.567
f 2711 2663 2701
v 13042.032 -17802.196 506.750
f 2712 2654 2702
f 2712 2664 2654
v 13058.211 -17820.486 496.916
f 2713 2651 2699
f 2713 2672 2662
f 2713 2662 2651
v 13025.195 -17789.521 577.070
v 13013.853 -17789.521 581.198
f 2714 2715 2704
f 2714 2704 2703
v 13083.047 -17824.102 483.994
f 2716 2675 2676
v 13047.910 -17811.413 501.256
f 2717 2668 2655
f 2717 2655 2709
v 13039.442 -17790.586 514.367
f 2718 2677 2665
f 2718 2665 2656
f 2718 2656 2706
v 13039.011 -17777.601 538.013
f 2719 2667 2708
v 13069.286 -17824.398 491.138
f 2720 2658 2707
f 2720 2666 2658
f 2720 2679 2666
v 13056.469 -17818.994 496.232
f 2721 2672 2713
v 13039.722 -17781.513 525.541
f 2722 2661 2710
f 2722 2671 2661
v 13025.599 -17791.677 578.026
v 13014.159 -17791.677 582.190
f 2723 2724 2715
f 2723 2715 2714
v 13038.158 -17777.896 553.495
f 2725 2674 2663
f 2725 2663 2711
v 13042.032 -17799.803 506.750
f 2726 2664 2712
f 2726 2673 2664
v 13080.750 -17824.635 483.589
f 2727 2675 2716
v 13067.069 -17823.750 490.514
f 2728 2679 2720
v 13040.525 -17777.186 539.818
f 2729 2680 2667
f 2729 2667 2719
v 13040.337 -17788.485 515.081
f 2730 2677 2718
v 13047.083 -17809.208 500.832
f 2731 2678 2668
f 2731 2668 2717
v 13101.084 -17803.389 450.096
v 13101.202 -17800.999 450.081
v 13100.281 -17800.999 443.968
f 2732 2733 2734
v 13042.232 -17797.422 506.879
f 2735 2673 2726
f 2735 2698 2684
f 2735 2684 2673
v 13054.875 -17817.324 495.607
f 2736 2672 2721
f 2736 2683 2672
v 13041.161 -17780.215 526.945
f 2737 2671 2722
f 2737 2685 2671
f 2737 2694 2685
v 13078.412 -17824.932 483.176
f 2738 2675 2727
f 2738 2697 2687
f 2738 2687 2675
v 13041.390 -17786.508 515.921
f 2739 2677 2730
f 2739 2691 2677
v 13042.059 -17777.007 541.646
f 2740 2680 2729
f 2740 2689 2680
v 13064.925 -17822.876 489.911
f 2741 2679 2728
f 2741 2688 2679
f 2741 2699 2688
v 13046.455 -17806.922 500.511
f 2742 2678 2731
f 2742 2690 2678
v 13042.685 -17779.123 528.431
f 2743 2694 2737
f 2743 2708 2694
v 13053.443 -17815.491 495.045
f 2744 2683 2736
f 2744 2695 2683
f 2744 2709 2695
v 13042.630 -17795.077 507.136
f 2745 2706 2698
f 2745 2698 2735
v 13076.056 -17824.992 482.761
f 2746 2697 2738
f 2746 2707 2697
v 13043.596 -17777.067 543.478
f 2747 2701 2689
f 2747 2689 2740
v 13062.876 -17821.784 489.334
f 2748 2699 2741
v 13046.033 -17804.576 500.294
f 2749 2690 2742
f 2749 2702 2690
v 13042.593 -17784.675 516.880
f 2750 2691 2739
f 2750 2710 2700
f 2750 2700 2691
v 13052.189 -17813.514 494.552
f 2751 2709 2744
v 13043.222 -17792.791 507.519
f 2752 2706 2745
v 13044.279 -17778.249 529.987
f 2753 2719 2708
f 2753 2708 2743
v 13073.707 -17824.813 482.347
f 2754 2707 2746
v 13060.941 -17820.486 488.790
f 2755 2699 2748
f 2755 2713 2699
v 13045.122 -17777.364 545.297
f 2756 2711 2701
f 2756 2701 2747
v 13043.932 -17783.005 517.948
f 2757 2710 2750
v 13045.821 -17802.196 500.186
f 2758 2702 2749
f 2758 2712 2702
v 13084.367 -17824.102 473.459
f 2759 2727 2716
v 13071.386 -17824.398 481.937
f 2760 2707 2754
f 2760 2720 2707
v 13051.124 -17811.413 494.134
f 2761 2709 2751
f 2761 2717 2709
v 13044.003 -17790.586 508.023
f 2762 2706 2752
f 2762 2718 2706
v 13045.928 -17777.601 531.595
f 2763 2719 2753
v 13059.140 -17818.994 488.283
f 2764 2713 2755
f 2764 2721 2713
f 2764 2736 2721
v 13045.821 -17799.803 500.186
f 2765 2726 2712
f 2765 2712 2758
v 13046.622 -17777.896 547.084
f 2766 2725 2711
f 2766 2711 2756
v 13045.394 -17781.513 519.114
f 2767 2722 2710
f 2767 2710 2757
v 13082.041 -17824.635 473.284
f 2768 2727 2759
v 13069.118 -17823.750 481.538
f 2769 2728 2720
f 2769 2720 2760
v 13050.258 -17809.208 493.795
f 2770 2717 2761
f 2770 2731 2717
v 13044.964 -17788.485 508.644
f 2771 2730 2718
f 2771 2718 2762
v 13047.615 -17777.186 533.240
f 2772 2729 2719
f 2772 2719 2763
v 13046.033 -17797.422 500.294
f 2773 2726 2765
f 2773 2735 2726
v 13057.491 -17817.324 487.819
f 2774 2736 2764
v 13046.966 -17780.215 520.367
f 2775 2722 2767
f 2775 2737 2722
v 13079.674 -17824.932 473.107
f 2776 2727 2768
f 2776 2738 2727
v 13049.323 -17777.007 534.906
f 2777 2729 2772
f 2777 2740 2729
v 13066.925 -17822.876 481.151
f 2778 2728 2769
f 2778 2741 2728
v 13046.097 -17786.508 509.375
f 2779 2750 2739
f 2779 2730 2771
f 2779 2739 2730
v 13049.602 -17806.922 493.537
f 2780 2731 2770
f 2780 2742 2731
v 13048.630 -17779.123 521.695
f 2781 2743 2737
f 2781 2753 2743
f 2781 2737 2775
v 13056.011 -17815.491 487.403
f 2782 2736 2774
f 2782 2744 2736
f 2782 2751 2744
v 13046.455 -17795.077 500.511
f 2783 2735 2773
f 2783 2745 2735
v 13077.288 -17824.992 472.928
f 2784 2746 2738
f 2784 2738 2776
v 13049.161 -17804.576 493.364
f 2785 2742 2780
f 2785 2749 2742
f 2785 2758 2749
v 13064.828 -17821.784 480.781
f 2786 2741 2778
f 2786 2748 2741
f 2786 2755 2748
v 13051.035 -17777.067 536.576
f 2787 2747 2740
f 2787 2756 2747
f 2787 2740 2777
v 13047.388 -17784.675 510.209
f 2788 2750 2779
v 13054.714 -17813.514 487.038
f 2789 2751 2782
v 13047.083 -17792.791 500.832
f 2790 2745 2783
f 2790 2752 2745
v 13050.372 -17778.249 523.083
f 2791 2753 2781
v 13074.909 -17824.813 472.750
f 2792 2746 2784
f 2792 2754 2746
v 13048.939 -17802.196 493.277
f 2793 2758 2785
v 13062.848 -17820.486 480.432
f 2794 2755 2786
v 13052.735 -17777.364 538.234
f 2795 2756 2787
v 13048.827 -17783.005 511.139
f 2796 2750 2788
f 2796 2757 2750
v 13053.612 -17811.413 486.728
f 2797 2751 2789
f 2797 2761 2751
v 13052.172 -17777.601 524.519
f 2798 2753 2791
f 2798 2763 2753
v 13072.559 -17824.398 472.574
f 2799 2760 2754
f 2799 2754 2792
v 13047.910 -17790.586 501.256
f 2800 2752 2790
f 2800 2762 2752
v 13054.405 -17777.896 539.862
f 2801 2756 2795
f 2801 2766 2756
v 13061.006 -17818.994 480.107
f 2802 2774 2764
f 2802 2755 2794
f 2802 2764 2755
v 13048.939 -17799.803 493.277
f 2803 2773 2765
f 2803 2758 2793
f 2803 2765 2758
v 13050.399 -17781.513 512.154
f 2804 2767 2757
f 2804 2757 2796
v 13082.300 -17824.635 462.903
v 13084.632 -17824.102 462.845
f 2805 2759 2806
f 2805 2768 2759
v 13070.263 -17823.750 472.402
f 2807 2778 2769
f 2807 2760 2799
f 2807 2769 2760
v 13052.717 -17809.208 486.476
f 2808 2761 2797
f 2808 2770 2761
v 13048.928 -17788.485 501.778
f 2809 2762 2800
f 2809 2771 2762
f 2809 2779 2771
v 13054.015 -17777.186 525.988
f 2810 2763 2798
f 2810 2772 2763
v 13095.595 -17803.389 426.046
v 13095.708 -17800.999 426.008
v 13093.593 -17800.999 420.198
f 2811 2812 2813
v 13059.319 -17817.324 479.810
f 2814 2774 2802
f 2814 2782 2774
v 13049.161 -17797.422 493.364
f 2815 2773 2803
v 13052.087 -17780.215 513.244
f 2816 2767 2804
f 2816 2775 2767
v 13079.927 -17824.932 462.962
f 2817 2776 2768
f 2817 2768 2805
v 13068.042 -17822.876 472.235
f 2818 2778 2807
v 13052.039 -17806.922 486.285
f 2819 2780 2770
f 2819 2770 2808
v 13055.880 -17777.007 527.476
f 2820 2777 2772
f 2820 2772 2810
v 13050.128 -17786.508 502.393
f 2821 2779 2809
v 13053.875 -17779.123 514.399
f 2822 2775 2816
f 2822 2781 2775
v 13057.805 -17815.491 479.543
f 2823 2782 2814
v 13049.602 -17795.077 493.537
f 2824 2783 2773
f 2824 2773 2815
v 13077.535 -17824.992 463.022
f 2825 2784 2776
f 2825 2776 2817
v 13065.919 -17821.784 472.076
f 2826 2778 2818
f 2826 2794 2786
f 2826 2786 2778
v 13051.582 -17804.576 486.156
f 2827 2780 2819
f 2827 2785 2780
v 13051.496 -17784.675 503.095
f 2828 2788 2779
f 2828 2779 2821
f 2828 2796 2788
v 13057.750 -17777.067 528.967
f 2829 2787 2777
f 2829 2777 2820
v 13056.478 -17813.514 479.309
f 2830 2782 2823
f 2830 2789 2782
v 13075.150 -17824.813 463.081
f 2831 2792 2784
f 2831 2784 2825
v 13050.258 -17792.791 493.795
f 2832 2790 2783
f 2832 2783 2824
v 13055.746 -17778.249 515.608
f 2833 2791 2781
f 2833 2781 2822
f 2833 2798 2791
v 13053.020 -17783.005 503.876
f 2834 2796 2828
v 13051.353 -17802.196 486.092
f 2835 2803 2793
f 2835 2785 2827
f 2835 2793 2785
v 13063.914 -17820.486 471.926
f 2836 2794 2826
v 13059.606 -17777.364 530.447
f 2837 2787 2829
f 2837 2795 2787
v 13055.351 -17811.413 479.110
f 2838 2789 2830
f 2838 2808 2797
f 2838 2797 2789
v 13072.795 -17824.398 463.140
f 2839 2792 2831
f 2839 2799 2792
v 13051.124 -17790.586 494.134
f 2840 2800 2790
f 2840 2790 2832
v 13057.681 -17777.601 516.857
f 2841 2798 2833
v 13062.049 -17818.994 471.786
f 2842 2794 2836
f 2842 2802 2794
v 13051.353 -17799.803 486.092
f 2843 2803 2835
v 13054.685 -17781.513 504.730
f 2844 2804 2796
f 2844 2796 2834
v 13081.524 -17824.635 452.547
v 13083.838 -17824.102 452.257
f 2845 2806 2846
f 2845 2805 2806
v 13061.430 -17777.896 531.902
f 2847 2795 2837
f 2847 2801 2795
v 13070.492 -17823.750 463.197
f 2848 2799 2839
f 2848 2807 2799
v 13054.435 -17809.208 478.949
f 2849 2808 2838
v 13052.189 -17788.485 494.552
f 2850 2809 2800
f 2850 2800 2840
v 13059.660 -17777.186 518.136
f 2851 2810 2798
f 2851 2798 2841
v 13060.341 -17817.324 471.658
f 2852 2814 2802
f 2852 2802 2842
v 13056.473 -17780.215 505.647
f 2853 2816 2804
f 2853 2804 2844
v 13051.582 -17797.422 486.156
f 2854 2815 2803
f 2854 2803 2843
v 13079.168 -17824.932 452.843
f 2855 2817 2805
f 2855 2805 2845
v 13068.266 -17822.876 463.253
f 2856 2826 2818
f 2856 2807 2848
f 2856 2818 2807
v 13053.741 -17806.922 478.826
f 2857 2819 2808
f 2857 2808 2849
f 2857 2827 2819
v 13061.665 -17777.007 519.430
f 2858 2820 2810
f 2858 2810 2851
v 13053.443 -17786.508 495.045
f 2859 2821 2809
f 2859 2809 2850
v 13058.807 -17815.491 471.543
f 2860 2814 2852
f 2860 2823 2814
v 13052.039 -17795.077 486.285
f 2861 2815 2854
f 2861 2824 2815
f 2861 2832 2824
v 13058.368 -17779.123 506.618
f 2862 2816 2853
f 2862 2833 2822
f 2862 2822 2816
v 13076.795 -17824.992 453.140
f 2863 2817 2855
f 2863 2825 2817
v 13066.137 -17821.784 463.306
f 2864 2826 2856
v 13053.274 -17804.576 478.744
f 2865 2827 2857
v 13063.674 -17777.067 520.728
f 2866 2829 2820
f 2866 2820 2858
f 2866 2837 2829
v 13054.875 -17784.675 495.607
f 2867 2821 2859
f 2867 2828 2821
v 13074.428 -17824.813 453.437
f 2868 2825 2863
f 2868 2831 2825
v 13057.463 -17813.514 471.443
f 2869 2823 2860
f 2869 2838 2830
f 2869 2830 2823
v 13060.350 -17778.249 507.634
f 2870 2833 2862
v 13052.717 -17792.791 486.476
f 2871 2832 2861
v 13064.128 -17820.486 463.356
f 2872 2826 2864
f 2872 2836 2826
v 13056.469 -17783.005 496.232
f 2873 2834 2828
f 2873 2828 2867
v 13065.668 -17777.364 522.016
f 2874 2837 2866
f 2874 2847 2837
v 13053.039 -17802.196 478.702
f 2875 2843 2835
f 2875 2835 2827
f 2875 2827 2865
v 13072.090 -17824.398 453.730
f 2876 2831 2868
f 2876 2839 2831
v 13056.322 -17811.413 471.357
f 2877 2838 2869
v 13053.612 -17790.586 486.728
f 2878 2850 2840
f 2878 2832 2871
f 2878 2840 2832
v 13062.399 -17777.601 508.685
f 2879 2851 2841
f 2879 2841 2833
f 2879 2833 2870
v 13062.258 -17818.994 463.403
f 2880 2842 2836
f 2880 2836 2872
v 13058.211 -17781.513 496.916
f 2881 2834 2873
f 2881 2853 2844
f 2881 2844 2834
v 13053.039 -17799.803 478.702
f 2882 2843 2875
v 13067.628 -17777.896 523.281
f 2883 2847 2874
v 13079.721 -17824.635 442.321
v 13081.995 -17824.102 441.801
f 2884 2846 2885
f 2884 2855 2845
f 2884 2845 2846
v 13069.804 -17823.750 454.016
f 2886 2839 2876
f 2886 2848 2839
v 13055.395 -17809.208 471.288
f 2887 2838 2877
f 2887 2849 2838
v 13054.714 -17788.485 487.038
f 2888 2850 2878
v 13064.496 -17777.186 509.760
f 2889 2851 2879
f 2889 2858 2851
v 13085.449 -17803.389 403.560
v 13085.552 -17800.999 403.500
v 13082.328 -17800.999 398.224
f 2890 2891 2892
v 13060.546 -17817.324 463.446
f 2893 2842 2880
f 2893 2852 2842
v 13053.274 -17797.422 478.744
f 2894 2854 2843
f 2894 2861 2854
f 2894 2843 2882
v 13060.082 -17780.215 497.650
f 2895 2853 2881
v 13077.406 -17824.932 442.849
f 2896 2855 2884
v 13067.594 -17822.876 454.293
f 2897 2856 2848
f 2897 2864 2856
f 2897 2848 2886
v 13054.692 -17806.922 471.235
f 2898 2857 2849
f 2898 2849 2887
v 13056.011 -17786.508 487.403
f 2899 2850 2888
f 2899 2867 2859
f 2899 2859 2850
v 13066.619 -17777.007 510.848
f 2900 2858 2889
v 13059.008 -17815.491 463.484
f 2901 2860 2852
f 2901 2869 2860
f 2901 2852 2893
v 13053.741 -17795.077 478.826
f 2902 2861 2894
v 13062.064 -17779.123 498.428
f 2903 2870 2862
f 2903 2862 2853
f 2903 2853 2895
v 13075.074 -17824.992 443.381
f 2904 2855 2896
f 2904 2863 2855
v 13065.482 -17821.784 454.558
f 2905 2864 2897
v 13054.219 -17804.576 471.200
f 2906 2857 2898
f 2906 2875 2865
f 2906 2865 2857
v 13057.491 -17784.675 487.819
f 2907 2867 2899
v 13068.748 -17777.067 511.939
f 2908 2858 2900
f 2908 2866 2858
v 13057.661 -17813.514 463.517
f 2909 2869 2901
f 2909 2877 2869
v 13054.435 -17792.791 478.949
f 2910 2871 2861
f 2910 2861 2902
v 13064.137 -17778.249 499.242
f 2911 2870 2903
v 13072.748 -17824.813 443.912
f 2912 2863 2904
f 2912 2868 2863
v 13063.487 -17820.486 454.808
f 2913 2872 2864
f 2913 2864 2905
v 13053.982 -17802.196 471.182
f 2914 2875 2906
v 13070.860 -17777.364 513.022
f 2915 2866 2908
f 2915 2874 2866
v 13059.140 -17783.005 488.283
f 2916 2867 2907
f 2916 2881 2873
f 2916 2873 2867
v 13056.517 -17811.413 463.546
f 2917 2877 2909
v 13070.451 -17824.398 444.436
f 2918 2876 2868
f 2918 2868 2912
v 13055.351 -17790.586 479.110
f 2919 2871 2910
f 2919 2878 2871
v 13066.281 -17777.601 500.083
f 2920 2879 2870
f 2920 2870 2911
v 13061.631 -17818.994 455.040
f 2921 2872 2913
f 2921 2880 2872
v 13053.982 -17799.803 471.182
f 2922 2875 2914
f 2922 2882 2875
v 13060.941 -17781.513 488.790
f 2923 2881 2916
v 13072.936 -17777.896 514.086
f 2924 2883 2874
f 2924 2874 2915
v 13076.908 -17824.635 432.324
f 2925 2884 2885
v 13079.119 -17824.102 431.581
f 2925 2885 2926
v 13055.588 -17809.208 463.569
f 2927 2877 2917
f 2927 2898 2887
f 2927 2887 2877
v 13056.478 -17788.485 479.309
f 2928 2878 2919
f 2928 2888 2878
v 13068.474 -17777.186 500.944
f 2929 2879 2920
f 2929 2889 2879
v 13068.205 -17823.750 444.949
f 2930 2876 2918
f 2930 2886 2876
v 13078.748 -17803.389 393.185
v 13078.845 -17800.999 393.116
v 13075.112 -17800.999 388.187
f 2931 2932 2933
v 13059.932 -17817.324 455.253
f 2934 2893 2880
f 2934 2880 2921
v 13054.219 -17797.422 471.200
f 2935 2882 2922
f 2935 2894 2882
v 13062.876 -17780.215 489.334
f 2936 2895 2881
f 2936 2881 2923
f 2936 2903 2895
v 13074.658 -17824.932 433.080
f 2937 2904 2896
f 2937 2884 2925
f 2937 2896 2884
v 13054.883 -17806.922 463.587
f 2938 2898 2927
f 2938 2906 2898
v 13070.695 -17777.007 501.816
f 2939 2900 2889
f 2939 2889 2929
v 13057.805 -17786.508 479.543
f 2940 2899 2888
f 2940 2888 2928
v 13066.034 -17822.876 445.444
f 2941 2886 2930
f 2941 2897 2886
v 13058.406 -17815.491 455.444
f 2942 2901 2893
f 2942 2893 2934
v 13054.692 -17795.077 471.235
f 2943 2894 2935
f 2943 2910 2902
f 2943 2902 2894
v 13064.925 -17779.123 489.911
f 2944 2903 2936
f 2944 2911 2903
v 13072.390 -17824.992 433.842
f 2945 2904 2937
v 13054.409 -17804.576 463.599
f 2946 2906 2938
v 13063.958 -17821.784 445.918
f 2947 2905 2897
f 2947 2897 2941
v 13072.922 -17777.067 502.689
f 2948 2900 2939
f 2948 2908 2900
v 13059.319 -17784.675 479.810
f 2949 2899 2940
f 2949 2907 2899
f 2949 2916 2907
v 13057.069 -17813.514 455.612
f 2950 2901 2942
f 2950 2909 2901
v 13055.395 -17792.791 471.288
f 2951 2910 2943
v 13070.129 -17824.813 434.602
f 2952 2912 2904
f 2952 2904 2945
v 13067.069 -17778.249 490.514
f 2953 2911 2944
v 13054.171 -17802.196 463.605
f 2954 2906 2946
f 2954 2914 2906
v 13061.999 -17820.486 446.365
f 2955 2905 2947
f 2955 2913 2905
v 13061.006 -17783.005 480.107
f 2956 2923 2916
f 2956 2916 2949
v 13075.131 -17777.364 503.557
f 2957 2915 2908
f 2957 2908 2948
f 2957 2924 2915
v 13055.933 -17811.413 455.754
f 2958 2917 2909
f 2958 2927 2917
f 2958 2909 2950
v 13067.895 -17824.398 435.352
f 2959 2918 2912
f 2959 2912 2952
v 13056.322 -17790.586 471.357
f 2960 2910 2951
f 2960 2919 2910
v 13069.286 -17777.601 491.138
f 2961 2920 2911
f 2961 2911 2953
f 2961 2929 2920
v 13077.303 -17777.896 504.409
f 2962 2924 2957
v 13054.171 -17799.803 463.605
f 2963 2914 2954
f 2963 2922 2914
v 13062.848 -17781.513 480.432
f 2964 2923 2956
v 13060.175 -17818.994 446.782
f 2965 2921 2913
f 2965 2913 2955
v 13073.114 -17824.635 422.657
f 2966 2937 2925
v 13075.240 -17824.102 421.698
f 2966 2926 2967
f 2966 2925 2926
v 13055.011 -17809.208 455.870
f 2968 2927 2958
f 2968 2938 2927
v 13071.554 -17777.186 491.776
f 2969 2929 2961
f 2969 2939 2929
v 13057.463 -17788.485 471.443
f 2970 2919 2960
f 2970 2928 2919
f 2970 2940 2928
v 13065.712 -17823.750 436.086
f 2971 2918 2959
f 2971 2941 2930
f 2971 2930 2918
v 13071.048 -17803.389 383.530
v 13071.138 -17800.999 383.451
v 13066.932 -17800.999 378.919
f 2972 2973 2974
v 13054.409 -17797.422 463.599
f 2975 2935 2922
f 2975 2922 2963
v 13064.828 -17780.215 480.781
f 2976 2936 2923
f 2976 2944 2936
f 2976 2923 2964
v 13058.505 -17817.324 447.163
f 2977 2934 2921
f 2977 2921 2965
v 13070.950 -17824.932 423.634
f 2978 2937 2966
v 13054.311 -17806.922 455.958
f 2979 2938 2968
f 2979 2946 2938
v 13063.601 -17822.876 436.795
f 2980 2941 2971
v 13058.807 -17786.508 471.543
f 2981 2940 2970
v 13073.851 -17777.007 492.422
f 2982 2939 2969
f 2982 2948 2939
v 13066.925 -17779.123 481.151
f 2983 2953 2944
f 2983 2944 2976
v 13054.883 -17795.077 463.587
f 2984 2951 2943
f 2984 2943 2935
f 2984 2935 2975
v 13057.006 -17815.491 447.505
f 2985 2942 2934
f 2985 2934 2977
f 2985 2950 2942
v 13068.770 -17824.992 424.617
f 2986 2945 2937
f 2986 2937 2978
v 13053.841 -17804.576 456.017
f 2987 2946 2979
v 13061.582 -17821.784 437.473
f 2988 2941 2980
f 2988 2947 2941
v 13076.154 -17777.067 493.070
f 2989 2957 2948
f 2989 2948 2982
v 13060.341 -17784.675 471.658
f 2990 2940 2981
f 2990 2949 2940
v 13055.692 -17813.514 447.805
f 2991 2950 2985
v 13055.588 -17792.791 463.569
f 2992 2951 2984
v 13069.118 -17778.249 481.538
f 2993 2953 2983
v 13066.595 -17824.813 425.599
f 2994 2945 2986
f 2994 2952 2945
v 13053.604 -17802.196 456.046
f 2995 2946 2987
f 2995 2954 2946
v 13059.677 -17820.486 438.113
f 2996 2947 2988
f 2996 2955 2947
v 13078.439 -17777.364 493.713
f 2997 2957 2989
v 13062.049 -17783.005 471.786
f 2998 2956 2949
f 2998 2949 2990
v 13071.386 -17777.601 481.937
f 2999 2953 2993
f 2999 2961 2953
v 13056.517 -17790.586 463.546
f 3000 2960 2951
f 3000 2951 2992
v 13064.447 -17824.398 426.568
f 3001 2952 2994
f 3001 2959 2952
v 13054.576 -17811.413 448.060
f 3002 2958 2950
f 3002 2950 2991
v 13063.914 -17781.513 471.926
f 3003 2956 2998
f 3003 2964 2956
v 13053.604 -17799.803 456.046
f 3004 2954 2995
f 3004 2963 2954
v 13057.904 -17818.994 438.709
f 3005 2965 2955
f 3005 2955 2996
f 3005 2977 2965
v 13080.684 -17777.896 494.345
f 3006 2962 2957
f 3006 2957 2997
v 13068.376 -17824.635 413.416
f 3007 2966 2967
v 13070.397 -17824.102 412.250
f 3007 2967 3008
f 3007 2978 2966
v 13057.661 -17788.485 463.517
f 3009 2970 2960
f 3009 2960 3000
v 13062.348 -17823.750 427.515
f 3010 2959 3001
f 3010 2971 2959
v 13053.670 -17809.208 448.266
f 3011 2958 3002
f 3011 2968 2958
f 3011 2979 2968
v 13073.707 -17777.186 482.347
f 3012 2961 2999
f 3012 2982 2969
f 3012 2969 2961
v 13062.425 -17803.389 374.689
v 13062.506 -17800.999 374.602
v 13057.870 -17800.999 370.510
f 3013 3014 3015
v 13053.841 -17797.422 456.017
f 3016 2984 2975
f 3016 2975 2963
f 3016 2963 3004
v 13056.280 -17817.324 439.255
f 3017 2977 3005
v 13065.919 -17780.215 472.076
f 3018 2964 3003
f 3018 2976 2964
v 13066.320 -17824.932 414.603
f 3019 2978 3007
v 13060.318 -17822.876 428.431
f 3020 2980 2971
f 3020 2971 3010
v 13052.983 -17806.922 448.423
f 3021 2979 3011
v 13076.056 -17777.007 482.761
f 3022 2982 3012
v 13059.008 -17786.508 463.484
f 3023 2970 3009
f 3023 2981 2970
v 13054.311 -17795.077 455.958
f 3024 2984 3016
f 3024 2992 2984
v 13054.822 -17815.491 439.744
f 3025 2977 3017
f 3025 2985 2977
v 13068.042 -17779.123 472.235
f 3026 2983 2976
f 3026 2976 3018
f 3026 2993 2983
v 13064.249 -17824.992 415.799
f 3027 2978 3019
f 3027 2986 2978
v 13058.377 -17821.784 429.307
f 3028 2980 3020
f 3028 2988 2980
v 13078.412 -17777.067 483.176
f 3029 2982 3022
f 3029 2989 2982
v 13060.546 -17784.675 463.446
f 3030 2990 2981
f 3030 2981 3023
v 13052.521 -17804.576 448.529
f 3031 2979 3021
f 3031 2987 2979
v 13053.545 -17813.514 440.174
f 3032 2985 3025
f 3032 2991 2985
v 13070.263 -17778.249 472.402
f 3033 2993 3026
v 13055.011 -17792.791 455.870
f 3034 2992 3024
v 13062.183 -17824.813 416.992
f 3035 2986 3027
f 3035 3001 2994
f 3035 2994 2986
v 13056.545 -17820.486 430.133
f 3036 2988 3028
f 3036 2996 2988
v 13080.750 -17777.364 483.589
f 3037 2997 2989
f 3037 2989 3029
v 13052.288 -17802.196 448.582
f 3038 2995 2987
f 3038 2987 3031
v 13062.258 -17783.005 463.403
f 3039 2998 2990
f 3039 2990 3030
v 13055.933 -17790.586 455.754
f 3040 2992 3034
f 3040 3000 2992
v 13052.460 -17811.413 440.538
f 3041 2991 3032
f 3041 3002 2991
v 13072.559 -17777.601 472.574
f 3042 2999 2993
f 3042 2993 3033
v 13060.142 -17824.398 418.170
f 3043 3001 3035
v 13054.840 -17818.994 430.903
f 3044 3005 2996
f 3044 2996 3036
v 13064.128 -17781.513 463.356
f 3045 2998 3039
f 3045 3003 2998
v 13052.288 -17799.803 448.582
f 3046 3004 2995
f 3046 3016 3004
f 3046 2995 3038
v 13083.047 -17777.896 483.994
f 3047 3006 2997
f 3047 2997 3037
v 13062.742 -17824.635 404.693
v 13064.636 -17824.102 403.331
f 3048 3008 3049
f 3048 3019 3007
f 3048 3007 3008
v 13057.069 -17788.485 455.612
f 3050 3000 3040
f 3050 3009 3000
v 13051.579 -17809.208 440.834
f 3051 3002 3041
f 3051 3011 3002
v 13058.148 -17823.750 419.322
f 3052 3010 3001
f 3052 3001 3043
v 13074.909 -17777.186 472.750
f 3053 3012 2999
f 3053 2999 3042
v 13053.279 -17817.324 431.607
f 3054 3005 3044
f 3054 3017 3005
v 13052.521 -17797.422 448.529
f 3055 3016 3046
v 13066.137 -17780.215 463.306
f 3056 3003 3045
f 3056 3018 3003
f 3056 3026 3018
v 13060.815 -17824.932 406.079
f 3057 3019 3048
v 13050.911 -17806.922 441.059
f 3058 3011 3051
f 3058 3021 3011
v 13077.288 -17777.007 472.928
f 3059 3012 3053
f 3059 3022 3012
v 13056.219 -17822.876 420.435
f 3060 3010 3052
f 3060 3020 3010
f 3060 3028 3020
v 13058.406 -17786.508 455.444
f 3061 3009 3050
f 3061 3023 3009
v 13052.983 -17795.077 448.423
f 3062 3016 3055
f 3062 3024 3016
v 13068.266 -17779.123 463.253
f 3063 3026 3056
v 13051.877 -17815.491 432.240
f 3064 3025 3017
f 3064 3017 3054
v 13058.873 -17824.992 407.475
f 3065 3027 3019
f 3065 3019 3057
v 13079.674 -17777.067 473.107
f 3066 3029 3022
f 3066 3022 3059
v 13054.375 -17821.784 421.500
f 3067 3028 3060
v 13050.461 -17804.576 441.210
f 3068 3021 3058
f 3068 3031 3021
v 13059.932 -17784.675 455.253
f 3069 3030 3023
f 3069 3023 3061
v 13053.670 -17792.791 448.266
f 3070 3034 3024
f 3070 3024 3062
v 13050.649 -17813.514 432.794
f 3071 3032 3025
f 3071 3025 3064
f 3071 3041 3032
v 13070.492 -17778.249 463.197
f 3072 3026 3063
f 3072 3033 3026
v 13056.935 -17824.813 408.868
f 3073 3027 3065
f 3073 3035 3027
v 13061.631 -17783.005 455.040
f 3074 3039 3030
f 3074 3030 3069
v 13050.235 -17802.196 441.286
f 3075 3038 3031
f 3075 3031 3068
v 13082.041 -17777.364 473.284
f 3076 3029 3066
f 3076 3037 3029
f 3076 3047 3037
v 13052.634 -17820.486 422.505
f 3077 3036 3028
f 3077 3028 3067
v 13049.606 -17811.413 433.265
f 3078 3041 3071
v 13054.576 -17790.586 448.060
f 3079 3034 3070
f 3079 3040 3034
v 13072.795 -17777.601 463.140
f 3080 3042 3033
f 3080 3033 3072
v 13055.022 -17824.398 410.243
f 3081 3043 3035
f 3081 3035 3073
v 13050.235 -17799.803 441.286
f 3082 3046 3038
f 3082 3038 3075
v 13063.487 -17781.513 454.808
f 3083 3045 3039
f 3083 3039 3074
v 13084.367 -17777.896 473.459
f 3084 3047 3076
v 13051.014 -17818.994 423.440
f 3085 3044 3036
f 3085 3036 3077
v 13056.268 -17824.635 396.574
v 13058.016 -17824.102 395.030
f 3086 3049 3087
f 3086 3048 3049
f 3086 3057 3048
v 13075.150 -17777.186 463.081
f 3088 3053 3042
f 3088 3042 3080
f 3088 3059 3053
v 13048.758 -17809.208 433.647
f 3089 3051 3041
f 3089 3041 3078
v 13055.692 -17788.485 447.805
f 3090 3040 3079
f 3090 3050 3040
v 13053.152 -17823.750 411.588
f 3091 3043 3081
f 3091 3052 3043
v 13042.760 -17803.389 359.794
v 13042.823 -17800.999 359.692
v 13037.468 -17800.999 356.601
f 3092 3093 3094
v 13050.461 -17797.422 441.210
f 3095 3055 3046
f 3095 3046 3082
v 13065.482 -17780.215 454.558
f 3096 3056 3045
f 3096 3045 3083
v 13049.531 -17817.324 424.297
f 3097 3054 3044
f 3097 3064 3054
f 3097 3044 3085
v 13054.488 -17824.932 398.145
f 3098 3057 3086
v 13077.535 -17777.007 463.022
f 3099 3059 3088
v 13057.006 -17786.508 447.505
f 3100 3061 3050
f 3100 3069 3061
f 3100 3050 3090
v 13048.116 -17806.922 433.937
f 3101 3058 3051
f 3101 3051 3089
v 13051.344 -17822.876 412.888
f 3102 3052 3091
f 3102 3060 3052
v 13050.911 -17795.077 441.059
f 3103 3062 3055
f 3103 3070 3062
f 3103 3055 3095
v 13067.594 -17779.123 454.293
f 3104 3056 3096
f 3104 3063 3056
v 13048.199 -17815.491 425.066
f 3105 3064 3097
v 13052.694 -17824.992 399.727
f 3106 3073 3065
f 3106 3065 3057
f 3106 3057 3098
v 13047.683 -17804.576 434.132
f 3107 3068 3058
f 3107 3058 3101
v 13058.505 -17784.675 447.163
f 3108 3069 3100
v 13079.927 -17777.067 462.962
f 3109 3066 3059
f 3109 3059 3099
v 13049.615 -17821.784 414.131
f 3110 3067 3060
f 3110 3060 3102
v 13051.579 -17792.791 440.834
f 3111 3070 3103
v 13047.032 -17813.514 425.739
f 3112 3071 3064
f 3112 3064 3105
v 13069.804 -17778.249 454.016
f 3113 3063 3104
f 3113 3072 3063
v 13050.905 -17824.813 401.306
f 3114 3073 3106
v 13047.466 -17802.196 434.230
f 3115 3068 3107
f 3115 3075 3068
v 13082.300 -17777.364 462.903
f 3116 3066 3109
f 3116 3076 3066
v 13060.175 -17783.005 446.782
f 3117 3069 3108
f 3117 3074 3069
v 13047.983 -17820.486 415.304
f 3118 3067 3110
f 3118 3077 3067
v 13052.460 -17790.586 440.538
f 3119 3070 3111
f 3119 3079 3070
v 13046.041 -17811.413 426.312
f 3120 3078 3071
f 3120 3089 3078
f 3120 3071 3112
v 13072.090 -17777.601 453.730
f 3121 3072 3113
f 3121 3080 3072
v 13049.139 -17824.398 402.865
f 3122 3073 3114
f 3122 3081 3073
v 13084.632 -17777.896 462.845
f 3123 3076 3116
f 3123 3084 3076
v 13047.466 -17799.803 434.230
f 3124 3075 3115
f 3124 3082 3075
v 13061.999 -17781.513 446.365
f 3125 3096 3083
f 3125 3083 3074
f 3125 3074 3117
v 13046.465 -17818.994 416.396
f 3126 3085 3077
f 3126 3077 3118
v 13049.017 -17824.635 389.140
v 13050.603 -17824.102 387.430
f 3127 3087 3128
f 3127 3086 3087
v 13045.236 -17809.208 426.776
f 3129 3089 3120
v 13053.545 -17788.485 440.174
f 3130 3090 3079
f 3130 3079 3119
f 3130 3100 3090
v 13074.428 -17777.186 453.437
f 3131 3088 3080
f 3131 3080 3121
v 13047.412 -17823.750 404.389
f 3132 3091 3081
f 3132 3081 3122
v 13031.915 -17803.389 353.887
v 13031.966 -17800.999 353.780
v 13026.331 -17800.999 351.237
f 3133 3134 3135
v 13063.958 -17780.215 445.918
f 3136 3096 3125
v 13047.683 -17797.422 434.132
f 3137 3095 3082
f 3137 3082 3124
v 13045.074 -17817.324 417.396
f 3138 3097 3085
f 3138 3085 3126
v 13047.402 -17824.932 390.880
f 3139 3086 3127
f 3139 3098 3086
v 13054.822 -17786.508 439.744
f 3140 3100 3130
v 13076.795 -17777.007 453.140
f 3141 3099 3088
f 3141 3088 3131
v 13044.625 -17806.922 427.129
f 3142 3101 3089
f 3142 3107 3101
f 3142 3089 3129
v 13045.742 -17822.876 405.863
f 3143 3102 3091
f 3143 3091 3132
v 13066.034 -17779.123 445.444
f 3144 3104 3096
f 3144 3096 3136
v 13048.116 -17795.077 433.937
f 3145 3103 3095
f 3145 3095 3137
v 13043.825 -17815.491 418.293
f 3146 3097 3138
f 3146 3105 3097
v 13045.775 -17824.992 392.633
f 3147 3098 3139
f 3147 3106 3098
v 13056.280 -17784.675 439.255
f 3148 3100 3140
f 3148 3108 3100
v 13079.168 -17777.067 452.843
f 3149 3099 3141
f 3149 3116 3109
f 3149 3109 3099
v 13044.215 -17804.576 427.366
f 3150 3107 3142
v 13044.145 -17821.784 407.272
f 3151 3110 3102
f 3151 3102 3143
v 13048.758 -17792.791 433.647
f 3152 3103 3145
f 3152 3111 3103
v 13068.205 -17778.249 444.949
f 3153 3113 3104
f 3153 3104 3144
v 13042.731 -17813.514 419.080
f 3154 3112 3105
f 3154 3105 3146
v 13044.152 -17824.813 394.382
f 3155 3114 3106
f 3155 3106 3147
v 13057.904 -17783.005 438.709
f 3156 3117 3108
f 3156 3108 3148
v 13044.008 -17802.196 427.485
f 3157 3124 3115
f 3157 3115 3107
f 3157 3107 3150
v 13081.524 -17777.364 452.547
f 3158 3116 3149
v 13042.638 -17820.486 408.602
f 3159 3110 3151
f 3159 3118 3110
v 13042.470 -17824.102 380.605
f 3160 3127 3128
v 13049.606 -17790.586 433.265
f 3161 3119 3111
f 3161 3130 3119
f 3161 3111 3152
v 13070.451 -17777.601 444.436
f 3162 3113 3153
f 3162 3121 3113
v 13041.802 -17811.413 419.748
f 3163 3112 3154
f 3163 3120 3112
f 3163 3129 3120
v 13042.549 -17824.398 396.110
f 3164 3132 3122
f 3164 3114 3155
f 3164 3122 3114
v 13059.677 -17781.513 438.113
f 3165 3117 3156
f 3165 3125 3117
v 13083.838 -17777.896 452.257
f 3166 3116 3158
f 3166 3123 3116
v 13044.008 -17799.803 427.485
f 3167 3124 3157
v 13041.236 -17818.994 409.839
f 3168 3118 3159
f 3168 3126 3118
v 13041.061 -17824.635 382.465
f 3169 3127 3160
v 13050.649 -17788.485 432.794
f 3170 3130 3161
f 3170 3140 3130
v 13072.748 -17777.186 443.912
f 3171 3141 3131
f 3171 3131 3121
f 3171 3121 3162
v 13041.047 -17809.208 420.291
f 3172 3129 3163
v 13040.983 -17823.750 397.798
f 3173 3132 3164
v 13020.534 -17803.389 349.090
v 13020.575 -17800.999 348.978
v 13014.714 -17800.999 347.009
f 3174 3175 3176
v 13061.582 -17780.215 437.473
f 3177 3125 3165
f 3177 3136 3125
v 13044.215 -17797.422 427.366
f 3178 3137 3124
f 3178 3124 3167
f 3178 3145 3137
v 13086.089 -17778.659 451.975
v 13086.899 -17778.659 462.788
f 3179 3180 3123
f 3179 3123 3166
v 13039.952 -17817.324 410.973
f 3181 3138 3126
f 3181 3126 3168
v 13039.628 -17824.932 384.357
f 3182 3139 3127
f 3182 3147 3139
f 3182 3127 3169
v 13051.877 -17786.508 432.240
f 3183 3140 3170
v 13075.074 -17777.007 443.381
f 3184 3141 3171
v 13040.475 -17806.922 420.702
f 3185 3142 3129
f 3185 3129 3172
v 13039.468 -17822.876 399.431
f 3186 3151 3143
f 3186 3143 3132
f 3186 3132 3173
v 13063.601 -17779.123 436.795
f 3187 3136 3177
f 3187 3153 3144
f 3187 3144 3136
v 13044.625 -17795.077 427.129
f 3188 3145 3178
f 3188 3152 3145
v 13088.253 -17779.643 451.704
v 13089.079 -17779.643 462.734
f 3189 3190 3180
f 3189 3180 3179
v 13038.799 -17815.491 411.990
f 3191 3138 3181
f 3191 3146 3138
v 13038.184 -17824.992 386.264
f 3192 3147 3182
v 13053.279 -17784.675 431.607
f 3193 3148 3140
f 3193 3140 3183
v 13077.406 -17777.067 442.849
f 3194 3149 3141
f 3194 3141 3184
v 13040.090 -17804.576 420.979
f 3195 3142 3185
f 3195 3157 3150
f 3195 3150 3142
v 13038.020 -17821.784 400.991
f 3196 3151 3186
f 3196 3159 3151
v 13045.236 -17792.791 426.776
f 3197 3161 3152
f 3197 3152 3188
v 13065.712 -17778.249 436.086
f 3198 3153 3187
v 13090.309 -17780.839 451.447
f 3199 3190 3189
v 13091.151 -17780.839 462.682
f 3199 3200 3190
v 13037.788 -17813.514 412.882
f 3201 3154 3146
f 3201 3146 3191
v 13036.743 -17824.813 388.166
f 3202 3155 3147
f 3202 3164 3155
f 3202 3147 3192
v 13054.840 -17783.005 430.903
f 3203 3148 3193
f 3203 3156 3148
v 13079.721 -17777.364 442.321
f 3204 3149 3194
f 3204 3158 3149
v 13039.896 -17802.196 421.118
f 3205 3157 3195
v 13036.653 -17820.486 402.465
f 3206 3159 3196
v 13033.698 -17824.102 374.624
f 3207 3169 3160
v 13067.895 -17777.601 435.352
f 3208 3162 3153
f 3208 3153 3198
v 13092.236 -17782.236 451.205
v 13093.093 -17782.236 462.634
f 3209 3210 3200
f 3209 3200 3199
v 13046.041 -17790.586 426.312
f 3211 3161 3197
v 13036.930 -17811.413 413.639
f 3212 3172 3163
f 3212 3154 3201
f 3212 3163 3154
v 13035.321 -17824.398 390.044
f 3213 3173 3164
f 3213 3164 3202
v 13056.545 -17781.513 430.133
f 3214 3165 3156
f 3214 3156 3203
v 13081.995 -17777.896 441.801
f 3215 3166 3158
f 3215 3158 3204
v 13039.896 -17799.803 421.118
f 3216 3167 3157
f 3216 3157 3205
v 13035.380 -17818.994 403.836
f 3217 3181 3168
f 3217 3159 3206
f 3217 3168 3159
v 13032.481 -17824.635 376.615
f 3218 3169 3207
v 13070.129 -17777.186 434.602
f 3219 3171 3162
f 3219 3162 3208
v 13094.016 -17783.819 450.982
v 13096.513 -17785.573 462.549
v 13094.886 -17783.819 462.589
f 3220 3221 3222
f 3220 3210 3209
f 3220 3222 3210
v 13047.032 -17788.485 425.739
f 3223 3161 3211
f 3223 3183 3170
f 3223 3170 3161
v 13036.233 -17809.208 414.254
f 3224 3172 3212
v 13033.930 -17823.750 391.880
f 3225 3173 3213
v 13008.733 -17803.389 345.450
v 13008.763 -17800.999 345.334
v 13002.735 -17800.999 343.959
f 3226 3227 3228
v 13058.377 -17780.215 429.307
f 3229 3177 3165
f 3229 3165 3214
v 13040.090 -17797.422 420.979
f 3230 3188 3178
f 3230 3167 3216
f 3230 3178 3167
v 13034.216 -17817.324 405.092
f 3231 3181 3217
f 3231 3191 3181
v 13031.243 -17824.932 378.641
f 3232 3182 3169
f 3232 3169 3218
v 13048.199 -17786.508 425.066
f 3233 3183 3223
v 13072.390 -17777.007 433.842
f 3234 3171 3219
f 3234 3184 3171
v 13095.631 -17785.573 450.780
f 3235 3221 3220
v 13035.704 -17806.922 414.721
f 3236 3185 3172
f 3236 3172 3224
v 13032.585 -17822.876 393.655
f 3237 3173 3225
f 3237 3186 3173
v 13060.318 -17779.123 428.431
f 3238 3187 3177
f 3238 3198 3187
f 3238 3177 3229
v 13040.475 -17795.077 420.702
f 3239 3188 3230
v 13033.169 -17815.491 406.219
f 3240 3191 3231
v 13029.996 -17824.992 380.681
f 3241 3202 3192
f 3241 3192 3182
f 3241 3182 3232
v 13074.658 -17777.067 433.080
f 3242 3194 3184
f 3242 3184 3234
v 13097.064 -17787.480 450.600
v 13097.957 -17787.480 462.513
f 3243 3244 3221
f 3243 3221 3235
v 13049.531 -17784.675 424.297
f 3245 3183 3233
f 3245 3203 3193
f 3245 3193 3183
v 13035.349 -17804.576 415.034
f 3246 3195 3185
f 3246 3185 3236
v 13031.299 -17821.784 395.352
f 3247 3186 3237
f 3247 3196 3186
v 13062.348 -17778.249 427.515
f 3248 3198 3238
v 13041.047 -17792.791 420.291
f 3249 3188 3239
f 3249 3197 3188
v 13032.253 -17813.514 407.207
f 3250 3201 3191
f 3250 3191 3240
v 13028.752 -17824.813 382.717
f 3251 3202 3241
f 3251 3213 3202
v 13076.908 -17777.364 432.324
f 3252 3204 3194
f 3252 3194 3242
f 3252 3215 3204
v 13098.302 -17789.521 450.445
v 13099.204 -17789.521 462.481
f 3253 3254 3244
f 3253 3244 3243
v 13051.014 -17783.005 423.440
f 3255 3203 3245
v 13035.170 -17802.196 415.192
f 3256 3205 3195
f 3256 3195 3246
v 13030.086 -17820.486 396.954
f 3257 3206 3196
f 3257 3196 3247
v 13064.447 -17777.601 426.568
f 3258 3198 3248
f 3258 3208 3198
v 13041.802 -17790.586 419.748
f 3259 3211 3197
f 3259 3197 3249
v 13031.474 -17811.413 408.046
f 3260 3201 3250
f 3260 3212 3201
v 13027.523 -17824.398 384.728
f 3261 3213 3251
f 3261 3225 3213
v 13052.634 -17781.513 422.505
f 3262 3214 3203
f 3262 3203 3255
v 13079.119 -17777.896 431.581
f 3263 3215 3252
v 13099.332 -17791.677 450.316
f 3264 3254 3253
v 13100.242 -17791.677 462.456
f 3264 3265 3254
v 13035.170 -17799.803 415.192
f 3266 3230 3216
f 3266 3205 3256
f 3266 3216 3205
v 13028.956 -17818.994 398.446
f 3267 3206 3257
f 3267 3217 3206
v 13023.361 -17824.635 371.648
v 13024.373 -17824.102 369.547
f 3268 3207 3269
f 3268 3218 3207
v 13066.595 -17777.186 425.599
f 3270 3208 3258
f 3270 3219 3208
v 13042.731 -17788.485 419.080
f 3271 3223 3211
f 3271 3211 3259
v 13030.842 -17809.208 408.727
f 3272 3212 3260
f 3272 3224 3212
v 13026.323 -17823.750 386.693
f 3273 3225 3261
v 13054.375 -17780.215 421.500
f 3274 3229 3214
f 3274 3214 3262
v 13081.269 -17778.659 430.859
v 13084.206 -17778.659 441.297
f 3275 3276 3215
f 3275 3215 3263
v 13035.349 -17797.422 415.034
f 3277 3239 3230
f 3277 3230 3266
v 13027.922 -17817.324 399.811
f 3278 3231 3217
f 3278 3217 3267
v 13022.331 -17824.932 373.787
f 3279 3218 3268
f 3279 3232 3218
v 13068.770 -17777.007 424.617
f 3280 3234 3219
f 3280 3219 3270
v 13043.825 -17786.508 418.293
f 3281 3223 3271
f 3281 3233 3223
v 13030.363 -17806.922 409.244
f 3282 3246 3236
f 3282 3236 3224
f 3282 3224 3272
v 13025.161 -17822.876 388.594
f 3283 3247 3237
f 3283 3225 3273
f 3283 3237 3225
v 13056.219 -17779.123 420.435
f 3284 3238 3229
f 3284 3229 3274
v 13083.336 -17779.643 430.164
f 3285 3276 3275
v 13086.332 -17779.643 440.811
f 3285 3286 3276
v 13035.704 -17795.077 414.721
f 3287 3239 3277
v 13026.994 -17815.491 401.037
f 3288 3231 3278
f 3288 3240 3231
v 13021.293 -17824.992 375.942
f 3289 3241 3232
f 3289 3232 3279
v 13070.950 -17777.067 423.634
f 3290 3242 3234
f 3290 3234 3280
v 13045.074 -17784.675 417.396
f 3291 3233 3281
f 3291 3245 3233
v 13030.040 -17804.576 409.592
f 3292 3246 3282
v 13024.051 -17821.784 390.410
f 3293 3247 3283
f 3293 3257 3247
v 13085.300 -17780.839 429.504
v 13088.352 -17780.839 440.350
f 3294 3295 3286
f 3294 3286 3285
v 13058.148 -17778.249 419.322
f 3296 3238 3284
f 3296 3248 3238
v 13036.233 -17792.791 414.254
f 3297 3249 3239
f 3297 3239 3287
v 13026.180 -17813.514 402.111
f 3298 3250 3240
f 3298 3240 3288
v 13020.258 -17824.813 378.092
f 3299 3251 3241
f 3299 3241 3289
v 13073.114 -17777.364 422.657
f 3300 3263 3252
f 3300 3252 3242
f 3300 3242 3290
v 13046.465 -17783.005 416.396
f 3301 3255 3245
f 3301 3245 3291
v 13029.878 -17802.196 409.766
f 3302 3256 3246
f 3302 3246 3292
v 13023.003 -17820.486 392.125
f 3303 3257 3293
v 13060.142 -17777.601 418.170
f 3304 3270 3258
f 3304 3248 3296
f 3304 3258 3248
v 13087.142 -17782.236 428.886
f 3305 3295 3294
v 13090.246 -17782.236 439.918
f 3305 3306 3295
v 13036.930 -17790.586 413.639
f 3307 3259 3249
f 3307 3249 3297
v 13025.489 -17811.413 403.023
f 3308 3250 3298
f 3308 3260 3250
v 13019.236 -17824.398 380.215
f 3309 3251 3299
f 3309 3261 3251
v 13075.240 -17777.896 421.698
f 3310 3263 3300
v 13047.983 -17781.513 415.304
f 3311 3262 3255
f 3311 3255 3301
f 3311 3274 3262
v 13029.878 -17799.803 409.766
f 3312 3277 3266
f 3312 3256 3302
f 3312 3266 3256
v 13022.028 -17818.994 393.722
f 3313 3257 3303
f 3313 3267 3257
v 13013.792 -17824.635 367.615
v 13014.590 -17824.102 365.423
f 3314 3269 3315
f 3314 3268 3269
v 13088.842 -17783.819 428.314
f 3316 3306 3305
v 13091.995 -17783.819 439.519
f 3316 3317 3306
v 13093.582 -17785.573 439.157
f 3316 3318 3317
v 13062.183 -17777.186 416.992
f 3319 3270 3304
v 13037.788 -17788.485 412.882
f 3320 3271 3259
f 3320 3259 3307
v 13024.928 -17809.208 403.764
f 3321 3282 3272
f 3321 3260 3308
f 3321 3272 3260
v 13018.237 -17823.750 382.290
f 3322 3261 3309
f 3322 3273 3261
v 12984.340 -17803.389 341.773
v 12984.346 -17800.999 341.654
v 12978.165 -17800.999 341.500
f 3323 3324 3325
v 13049.615 -17780.215 414.131
f 3326 3274 3311
v 13021.134 -17817.324 395.183
f 3327 3278 3267
f 3327 3267 3313
v 13030.040 -17797.422 409.592
f 3328 3287 3277
f 3328 3277 3312
v 13012.980 -17824.932 369.845
f 3329 3279 3268
f 3329 3268 3314
v 13064.249 -17777.007 415.799
f 3330 3270 3319
f 3330 3280 3270
v 13090.385 -17785.573 427.796
f 3331 3318 3316
v 13038.799 -17786.508 411.990
f 3332 3271 3320
f 3332 3281 3271
f 3332 3291 3281
v 13024.502 -17806.922 404.326
f 3333 3282 3321
v 13017.270 -17822.876 384.296
f 3334 3283 3273
f 3334 3273 3322
v 13051.344 -17779.123 412.888
f 3335 3274 3326
f 3335 3284 3274
v 13030.363 -17795.077 409.244
f 3336 3287 3328
v 13020.333 -17815.491 396.495
f 3337 3298 3288
f 3337 3288 3278
f 3337 3278 3327
v 13012.162 -17824.992 372.093
f 3338 3289 3279
f 3338 3279 3329
v 13066.320 -17777.067 414.603
f 3339 3290 3280
f 3339 3280 3330
f 3339 3300 3290
v 13091.755 -17787.480 427.336
v 13094.990 -17787.480 438.835
f 3340 3341 3318
f 3340 3318 3331
v 13039.952 -17784.675 410.973
f 3342 3291 3332
v 13024.216 -17804.576 404.704
f 3343 3282 3333
f 3343 3292 3282
v 13016.346 -17821.784 386.215
f 3344 3303 3293
f 3344 3283 3334
f 3344 3293 3283
v 13053.152 -17778.249 411.588
f 3345 3296 3284
f 3345 3284 3335
v 13030.842 -17792.791 408.727
f 3346 3297 3287
f 3346 3287 3336
v 13019.630 -17813.514 397.645
f 3347 3298 3337
v 13011.346 -17824.813 374.335
f 3348 3299 3289
f 3348 3289 3338
v 13068.376 -17777.364 413.416
f 3349 3300 3339
v 13092.937 -17789.521 426.939
v 13096.206 -17789.521 438.558
f 3350 3351 3341
f 3350 3341 3340
v 13041.236 -17783.005 409.839
f 3352 3291 3342
f 3352 3301 3291
v 13024.072 -17802.196 404.894
f 3353 3302 3292
f 3353 3292 3343
v 13015.474 -17820.486 388.026
f 3354 3303 3344
v 13055.022 -17777.601 410.243
f 3355 3296 3345
f 3355 3304 3296
v 13031.474 -17790.586 408.046
f 3356 3307 3297
f 3356 3297 3346
v 13019.033 -17811.413 398.622
f 3357 3321 3308
f 3357 3298 3347
f 3357 3308 3298
v 13010.540 -17824.398 376.549
f 3358 3299 3348
f 3358 3309 3299
v 13093.921 -17791.677 426.608
f 3359 3351 3350
v 13097.218 -17791.677 438.327
f 3359 3360 3351
v 13070.397 -17777.896 412.250
f 3361 3310 3300
f 3361 3300 3349
v 13042.638 -17781.513 408.602
f 3362 3311 3301
f 3362 3301 3352
v 13024.072 -17799.803 404.894
f 3363 3302 3353
f 3363 3312 3302
v 13014.663 -17818.994 389.711
f 3364 3313 3303
f 3364 3303 3354
v 13003.869 -17824.635 364.554
v 13004.444 -17824.102 362.293
f 3365 3315 3366
f 3365 3314 3315
v 13056.935 -17777.186 408.868
f 3367 3304 3355
f 3367 3319 3304
v 13032.253 -17788.485 407.207
f 3368 3332 3320
f 3368 3307 3356
f 3368 3320 3307
v 13018.548 -17809.208 399.415
f 3369 3321 3357
v 13009.752 -17823.750 378.713
f 3370 3309 3358
f 3370 3322 3309
v 12971.990 -17803.389 341.773
v 12971.984 -17800.999 341.654
v 12965.818 -17800.999 342.116
f 3371 3372 3373
v 13044.145 -17780.215 407.272
f 3374 3311 3362
f 3374 3326 3311
v 13013.920 -17817.324 391.254
f 3375 3313 3364
f 3375 3337 3327
f 3375 3327 3313
v 13024.216 -17797.422 404.704
f 3376 3312 3363
f 3376 3328 3312
v 13003.283 -17824.932 366.854
f 3377 3314 3365
f 3377 3329 3314
v 13058.873 -17777.007 407.475
f 3378 3330 3319
f 3378 3319 3367
v 13033.169 -17786.508 406.219
f 3379 3332 3368
v 13018.181 -17806.922 400.017
f 3380 3321 3369
f 3380 3333 3321
v 13008.991 -17822.876 380.806
f 3381 3334 3322
f 3381 3322 3370
v 13045.742 -17779.123 405.863
f 3382 3326 3374
f 3382 3335 3326
v 13024.502 -17795.077 404.326
f 3383 3336 3328
f 3383 3328 3376
v 13013.252 -17815.491 392.640
f 3384 3337 3375
v 13002.693 -17824.992 369.172
f 3385 3348 3338
f 3385 3329 3377
f 3385 3338 3329
v 13060.815 -17777.067 406.079
f 3386 3339 3330
f 3386 3330 3378
v 13017.934 -17804.576 400.421
f 3387 3333 3380
f 3387 3343 3333
f 3387 3353 3343
v 13034.216 -17784.675 405.092
f 3388 3342 3332
f 3388 3332 3379
v 13008.262 -17821.784 382.807
f 3389 3334 3381
f 3389 3344 3334
v 13047.412 -17778.249 404.389
f 3390 3335 3382
f 3390 3345 3335
v 13024.928 -17792.791 403.764
f 3391 3346 3336
f 3391 3336 3383
v 13012.668 -17813.514 393.854
f 3392 3337 3384
f 3392 3347 3337
v 13002.104 -17824.813 371.484
f 3393 3348 3385
v 13062.742 -17777.364 404.693
f 3394 3339 3386
f 3394 3349 3339
v 13035.380 -17783.005 403.836
f 3395 3352 3342
f 3395 3342 3388
v 13017.809 -17802.196 400.624
f 3396 3353 3387
v 13007.575 -17820.486 384.696
f 3397 3354 3344
f 3397 3344 3389
v 13049.139 -17777.601 402.865
f 3398 3345 3390
f 3398 3355 3345
v 13025.489 -17790.586 403.023
f 3399 3346 3391
f 3399 3356 3346
v 13012.171 -17811.413 394.885
f 3400 3357 3347
f 3400 3347 3392
v 13001.523 -17824.398 373.768
f 3401 3358 3348
f 3401 3348 3393
v 13064.636 -17777.896 403.331
f 3402 3361 3349
f 3402 3349 3394
v 13036.653 -17781.513 402.465
f 3403 3352 3395
f 3403 3362 3352
v 13017.809 -17799.803 400.624
f 3404 3363 3353
f 3404 3353 3396
v 13006.935 -17818.994 386.454
f 3405 3364 3354
f 3405 3354 3397
v 12993.690 -17824.635 362.496
f 3406 3365 3366
v 12994.038 -17824.102 360.189
f 3406 3366 3407
v 13050.905 -17777.186 401.306
f 3408 3367 3355
f 3408 3355 3398
v 13026.180 -17788.485 402.111
f 3409 3368 3356
f 3409 3356 3399
v 13011.768 -17809.208 395.722
f 3410 3369 3357
f 3410 3357 3400
v 13000.954 -17823.750 376.000
f 3411 3370 3358
f 3411 3358 3401
f 3411 3381 3370
v 12959.701 -17803.389 343.003
v 12959.683 -17800.999 342.885
v 12953.595 -17800.999 343.959
f 3412 3413 3414
v 13066.478 -17778.659 402.007
f 3415 3361 3402
v 13072.361 -17778.659 411.116
f 3415 3416 3361
v 13038.020 -17780.215 400.991
f 3417 3374 3362
f 3417 3362 3403
v 13017.934 -17797.422 400.421
f 3418 3376 3363
f 3418 3363 3404
v 13006.349 -17817.324 388.063
f 3419 3384 3375
f 3419 3375 3364
f 3419 3364 3405
v 12993.336 -17824.932 364.843
f 3420 3377 3365
f 3420 3365 3406
v 13052.694 -17777.007 399.727
f 3421 3367 3408
f 3421 3378 3367
v 13026.994 -17786.508 401.037
f 3422 3388 3379
f 3422 3368 3409
f 3422 3379 3368
v 13011.462 -17806.922 396.358
f 3423 3369 3410
f 3423 3380 3369
v 13000.405 -17822.876 378.158
f 3424 3381 3411
v 13039.468 -17779.123 399.431
f 3425 3382 3374
f 3425 3374 3417
v 13018.181 -17795.077 400.017
f 3426 3383 3376
f 3426 3376 3418
v 13005.823 -17815.491 389.508
f 3427 3384 3419
v 12992.980 -17824.992 367.209
f 3428 3385 3377
f 3428 3377 3420
v 13054.488 -17777.067 398.145
f 3429 3386 3378
f 3429 3378 3421
v 13011.256 -17804.576 396.785
f 3430 3387 3380
f 3430 3396 3387
f 3430 3380 3423
v 13027.922 -17784.675 399.811
f 3431 3388 3422
v 12999.879 -17821.784 380.221
f 3432 3389 3381
f 3432 3381 3424
v 13040.983 -17778.249 397.798
f 3433 3390 3382
f 3433 3382 3425
v 13018.548 -17792.791 399.415
f 3434 3383 3426
f 3434 3391 3383
v 13005.362 -17813.514 390.775
f 3435 3392 3384
f 3435 3384 3427
v 12992.624 -17824.813 369.568
f 3436 3393 3385
f 3436 3385 3428
v 13056.268 -17777.364 396.574
f 3437 3386 3429
f 3437 3394 3386
v 13028.956 -17783.005 398.446
f 3438 3388 3431
f 3438 3395 3388
v 13011.153 -17802.196 396.999
f 3439 3396 3430
v 12999.383 -17820.486 382.169
f 3440 3405 3397
f 3440 3397 3389
f 3440 3389 3432
v 12983.473 -17824.102 359.132
f 3441 3406 3407
v 13042.549 -17777.601 396.110
f 3442 3390 3433
f 3442 3398 3390
v 13019.033 -17790.586 398.622
f 3443 3391 3434
f 3443 3399 3391
v 13004.971 -17811.413 391.850
f 3444 3410 3400
f 3444 3392 3435
f 3444 3400 3392
v 12992.273 -17824.398 371.898
f 3445 3401 3393
f 3445 3393 3436
v 13058.016 -17777.896 395.030
f 3446 3402 3394
f 3446 3394 3437
v 13030.086 -17781.513 396.954
f 3447 3403 3395
f 3447 3417 3403
f 3447 3395 3438
v 13011.153 -17799.803 396.999
f 3448 3404 3396
f 3448 3396 3439
v 12998.922 -17818.994 383.982
f 3449 3405 3440
v 12983.357 -17824.635 361.462
f 3450 3406 3441
v 13019.630 -17788.485 397.645
f 3451 3409 3399
f 3451 3399 3443
f 3451 3422 3409
v 13044.152 -17777.186 394.382
f 3452 3408 3398
f 3452 3421 3408
f 3452 3398 3442
v 13004.653 -17809.208 392.723
f 3453 3423 3410
f 3453 3410 3444
v 12991.930 -17823.750 374.175
f 3454 3411 3401
f 3454 3401 3445
v 12947.596 -17803.389 345.450
v 12947.567 -17800.999 345.334
v 12941.615 -17800.999 347.009
f 3455 3456 3457
v 13031.299 -17780.215 395.352
f 3458 3417 3447
v 13011.256 -17797.422 396.785
f 3459 3404 3448
f 3459 3418 3404
v 12998.499 -17817.324 385.641
f 3460 3405 3449
f 3460 3419 3405
v 12983.239 -17824.932 363.833
f 3461 3420 3406
f 3461 3406 3450
v 13045.775 -17777.007 392.633
f 3462 3421 3452
v 13020.333 -17786.508 396.495
f 3463 3422 3451
v 13004.412 -17806.922 393.386
f 3464 3423 3453
v 12991.598 -17822.876 376.378
f 3465 3424 3411
f 3465 3411 3454
f 3465 3432 3424
v 13032.585 -17779.123 393.655
f 3466 3417 3458
f 3466 3425 3417
v 13011.462 -17795.077 396.358
f 3467 3418 3459
f 3467 3426 3418
v 12998.120 -17815.491 387.132
f 3468 3427 3419
f 3468 3435 3427
f 3468 3419 3460
v 12983.119 -17824.992 366.222
f 3469 3428 3420
f 3469 3420 3461
v 13047.402 -17777.067 390.880
f 3470 3421 3462
f 3470 3437 3429
f 3470 3429 3421
v 13021.134 -17784.675 395.183
f 3471 3431 3422
f 3471 3422 3463
v 13004.250 -17804.576 393.831
f 3472 3430 3423
f 3472 3423 3464
v 12991.280 -17821.784 378.483
f 3473 3432 3465
f 3473 3440 3432
v 13033.930 -17778.249 391.880
f 3474 3442 3433
f 3474 3433 3425
f 3474 3425 3466
v 13011.768 -17792.791 395.722
f 3475 3443 3434
f 3475 3426 3467
f 3475 3434 3426
v 12997.787 -17813.514 388.438
f 3476 3435 3468
v 12983.001 -17824.813 368.605
f 3477 3428 3469
f 3477 3436 3428
v 13049.017 -17777.364 389.140
f 3478 3437 3470
v 13022.028 -17783.005 393.722
f 3479 3438 3431
f 3479 3447 3438
f 3479 3431 3471
v 13004.168 -17802.196 394.055
f 3480 3439 3430
f 3480 3430 3472
f 3480 3448 3439
v 12990.981 -17820.486 380.470
f 3481 3440 3473
v 12972.856 -17824.102 359.132
f 3482 3450 3441
v 13035.321 -17777.601 390.044
f 3483 3442 3474
f 3483 3452 3442
v 13012.171 -17790.586 394.885
f 3484 3443 3475
v 12997.505 -17811.413 389.547
f 3485 3435 3476
f 3485 3444 3435
v 12982.883 -17824.398 370.958
f 3486 3436 3477
f 3486 3445 3436
v 13050.603 -17777.896 387.430
f 3487 3437 3478
f 3487 3446 3437
v 13023.003 -17781.513 392.125
f 3488 3447 3479
v 13004.168 -17799.803 394.055
f 3489 3448 3480
v 12990.702 -17818.994 382.320
f 3490 3440 3481
f 3490 3449 3440
v 12972.972 -17824.635 361.462
f 3491 3450 3482
v 13012.668 -17788.485 393.854
f 3492 3443 3484
f 3492 3451 3443
f 3492 3463 3451
v 13036.743 -17777.186 388.166
f 3493 3452 3483
v 12997.275 -17809.208 390.448
f 3494 3453 3444
f 3494 3444 3485
v 12982.768 -17823.750 373.259
f 3495 3445 3486
f 3495 3454 3445
v 12935.795 -17803.389 349.090
v 12935.754 -17800.999 348.978
v 12929.999 -17800.999 351.237
f 3496 3497 3498
v 13024.051 -17780.215 390.410
f 3499 3458 3447
f 3499 3447 3488
v 13004.250 -17797.422 393.831
f 3500 3448 3489
f 3500 3459 3448
v 12990.447 -17817.324 384.014
f 3501 3460 3449
f 3501 3468 3460
f 3501 3449 3490
v 12973.091 -17824.932 363.833
f 3502 3469 3461
f 3502 3461 3450
f 3502 3450 3491
v 13038.184 -17777.007 386.264
f 3503 3462 3452
f 3503 3452 3493
v 13013.252 -17786.508 392.640
f 3504 3463 3492
v 12997.101 -17806.922 391.131
f 3505 3464 3453
f 3505 3453 3494
v 12982.657 -17822.876 375.483
f 3506 3454 3495
f 3506 3465 3454
v 13025.161 -17779.123 388.594
f 3507 3458 3499
f 3507 3466 3458
v 13004.412 -17795.077 393.386
f 3508 3459 3500
f 3508 3467 3459
v 12990.218 -17815.491 385.534
f 3509 3468 3501
v 12973.210 -17824.992 366.222
f 3510 3477 3469
f 3510 3469 3502
v 13039.628 -17777.067 384.357
f 3511 3462 3503
f 3511 3470 3462
v 13013.920 -17784.675 391.254
f 3512 3479 3471
f 3512 3463 3504
f 3512 3471 3463
v 12996.984 -17804.576 391.590
f 3513 3464 3505
f 3513 3472 3464
v 12982.551 -17821.784 377.609
f 3514 3465 3506
f 3514 3473 3465
v 13026.323 -17778.249 386.693
f 3515 3474 3466
f 3515 3466 3507
f 3515 3483 3474
v 13004.653 -17792.791 392.723
f 3516 3475 3467
f 3516 3467 3508
v 12990.017 -17813.514 386.867
f 3517 3476 3468
f 3517 3468 3509
v 12973.329 -17824.813 368.605
f 3518 3477 3510
v 13041.061 -17777.364 382.465
f 3519 3470 3511
f 3519 3478 3470
v 13014.663 -17783.005 389.711
f 3520 3479 3512
v 12996.926 -17802.196 391.821
f 3521 3480 3472
f 3521 3472 3513
v 12982.451 -17820.486 379.617
f 3522 3481 3473
f 3522 3473 3514
v 13027.523 -17777.601 384.728
f 3523 3483 3515
v 13004.971 -17790.586 391.850
f 3524 3475 3516
f 3524 3484 3475
v 12989.846 -17811.413 387.999
f 3525 3485 3476
f 3525 3476 3517
v 12973.446 -17824.398 370.958
f 3526 3477 3518
f 3526 3486 3477
v 13042.470 -17777.896 380.605
f 3527 3487 3478
f 3527 3478 3519
v 13015.474 -17781.513 388.026
f 3528 3479 3520
f 3528 3488 3479
v 12996.926 -17799.803 391.821
f 3529 3480 3521
f 3529 3489 3480
v 12982.358 -17818.994 381.485
f 3530 3481 3522
f 3530 3490 3481
v 12962.639 -17824.635 362.496
v 12962.292 -17824.102 360.189
f 3531 3482 3532
f 3531 3491 3482
v 13028.752 -17777.186 382.717
f 3533 3483 3523
f 3533 3493 3483
v 13005.362 -17788.485 390.775
f 3534 3492 3484
f 3534 3484 3524
v 12989.708 -17809.208 388.918
f 3535 3485 3525
f 3535 3494 3485
v 12973.561 -17823.750 373.259
f 3536 3495 3486
f 3536 3506 3495
f 3536 3486 3526
v 12924.415 -17803.389 353.887
v 12924.363 -17800.999 353.780
v 12918.861 -17800.999 356.601
f 3537 3538 3539
v 13016.346 -17780.215 386.215
f 3540 3507 3499
f 3540 3499 3488
f 3540 3488 3528
v 12996.984 -17797.422 391.590
f 3541 3500 3489
f 3541 3489 3529
v 12982.272 -17817.324 383.196
f 3542 3501 3490
f 3542 3490 3530
v 12962.993 -17824.932 364.843
f 3543 3502 3491
f 3543 3491 3531
f 3543 3510 3502
v 13029.996 -17777.007 380.681
f 3544 3503 3493
f 3544 3493 3533
v 13005.823 -17786.508 389.508
f 3545 3504 3492
f 3545 3492 3534
v 12989.602 -17806.922 389.615
f 3546 3505 3494
f 3546 3494 3535
v 12973.672 -17822.876 375.483
f 3547 3514 3506
f 3547 3506 3536
v 13017.270 -17779.123 384.296
f 3548 3507 3540
v 12982.196 -17815.491 384.732
f 3549 3509 3501
f 3549 3501 3542
v 12997.101 -17795.077 391.131
f 3550 3500 3541
f 3550 3508 3500
v 12963.350 -17824.992 367.209
f 3551 3518 3510
f 3551 3510 3543
v 13031.243 -17777.067 378.641
f 3552 3519 3511
f 3552 3503 3544
f 3552 3511 3503
v 13006.349 -17784.675 388.063
f 3553 3504 3545
f 3553 3512 3504
v 12989.532 -17804.576 390.084
f 3554 3513 3505
f 3554 3505 3546
v 12973.778 -17821.784 377.609
f 3555 3514 3547
v 13018.237 -17778.249 382.290
f 3556 3507 3548
f 3556 3515 3507
v 12997.275 -17792.791 390.448
f 3557 3516 3508
f 3557 3508 3550
v 12982.128 -17813.514 386.078
f 3558 3517 3509
f 3558 3509 3549
v 12963.705 -17824.813 369.568
f 3559 3518 3551
v 13032.481 -17777.364 376.615
f 3560 3519 3552
f 3560 3527 3519
v 13006.935 -17783.005 386.454
f 3561 3512 3553
f 3561 3520 3512
v 12989.496 -17802.196 390.319
f 3562 3513 3554
f 3562 3521 3513
v 12973.878 -17820.486 379.617
f 3563 3514 3555
f 3563 3522 3514
f 3563 3530 3522
v 13019.236 -17777.601 380.215
f 3564 3523 3515
f 3564 3515 3556
v 12997.505 -17790.586 389.547
f 3565 3524 3516
f 3565 3516 3557
v 12982.071 -17811.413 387.221
f 3566 3517 3558
f 3566 3525 3517
v 12964.056 -17824.398 371.898
f 3567 3526 3518
f 3567 3518 3559
v 13033.698 -17777.896 374.624
f 3568 3527 3560
v 13007.575 -17781.513 384.696
f 3569 3520 3561
f 3569 3528 3520
v 12989.496 -17799.803 390.319
f 3570 3521 3562
f 3570 3529 3521
v 12973.972 -17818.994 381.485
f 3571 3542 3530
f 3571 3530 3563
v 12952.461 -17824.635 364.554
v 12951.885 -17824.102 362.293
f 3572 3532 3573
f 3572 3531 3532
v 13020.258 -17777.186 378.092
f 3574 3533 3523
f 3574 3523 3564
v 12997.787 -17788.485 388.438
f 3575 3545 3534
f 3575 3534 3524
f 3575 3524 3565
v 12982.025 -17809.208 388.149
f 3576 3525 3566
f 3576 3535 3525
v 12964.400 -17823.750 374.175
f 3577 3536 3526
f 3577 3526 3567
v 12913.569 -17803.389 359.794
v 12913.507 -17800.999 359.692
v 12908.313 -17800.999 363.046
f 3578 3579 3580
v 13008.262 -17780.215 382.807
f 3581 3540 3528
f 3581 3528 3569
v 12989.532 -17797.422 390.084
f 3582 3541 3529
f 3582 3529 3570
f 3582 3550 3541
v 12974.057 -17817.324 383.196
f 3583 3542 3571
f 3583 3549 3542
v 12953.046 -17824.932 366.854
f 3584 3531 3572
f 3584 3543 3531
v 13021.293 -17777.007 375.942
f 3585 3533 3574
f 3585 3544 3533
v 12998.120 -17786.508 387.132
f 3586 3545 3575
v 12981.990 -17806.922 388.853
f 3587 3546 3535
f 3587 3535 3576
v 12964.732 -17822.876 376.378
f 3588 3547 3536
f 3588 3536 3577
v 13008.991 -17779.123 380.806
f 3589 3540 3581
f 3589 3548 3540
v 12974.134 -17815.491 384.732
f 3590 3558 3549
f 3590 3549 3583
v 12989.602 -17795.077 389.615
f 3591 3557 3550
f 3591 3550 3582
v 12953.637 -17824.992 369.172
f 3592 3551 3543
f 3592 3543 3584
v 13022.331 -17777.067 373.787
f 3593 3544 3585
f 3593 3552 3544
v 12998.499 -17784.675 385.641
f 3594 3545 3586
f 3594 3553 3545
v 12981.966 -17804.576 389.327
f 3595 3546 3587
f 3595 3554 3546
v 12965.049 -17821.784 378.483
f 3596 3547 3588
f 3596 3555 3547
v 13009.752 -17778.249 378.713
f 3597 3556 3548
f 3597 3548 3589
v 12989.708 -17792.791 388.918
f 3598 3565 3557
f 3598 3557 3591
v 12974.201 -17813.514 386.078
f 3599 3566 3558
f 3599 3558 3590
v 12954.225 -17824.813 371.484
f 3600 3559 3551
f 3600 3551 3592
v 13023.361 -17777.364 371.648
f 3601 3552 3593
f 3601 3560 3552
v 12998.922 -17783.005 383.982
f 3602 3553 3594
f 3602 3561 3553
f 3602 3569 3561
v 12981.954 -17802.196 389.565
f 3603 3554 3595
f 3603 3562 3554
v 12965.349 -17820.486 380.470
f 3604 3563 3555
f 3604 3555 3596
v 13010.540 -17777.601 376.549
f 3605 3574 3564
f 3605 3556 3597
f 3605 3564 3556
v 12989.846 -17790.586 387.999
f 3606 3565 3598
v 12974.258 -17811.413 387.221
f 3607 3566 3599
f 3607 3576 3566
v 12954.807 -17824.398 373.768
f 3608 3567 3559
f 3608 3559 3600
v 13024.373 -17777.896 369.547
f 3609 3568 3560
f 3609 3560 3601
v 12999.383 -17781.513 382.169
f 3610 3581 3569
f 3610 3569 3602
v 12981.954 -17799.803 389.565
f 3611 3570 3562
f 3611 3562 3603
v 12965.627 -17818.994 382.320
f 3612 3563 3604
f 3612 3571 3563
f 3612 3583 3571
v 12942.537 -17824.635 367.615
v 12941.739 -17824.102 365.423
f 3613 3573 3614
f 3613 3572 3573
v 13011.346 -17777.186 374.335
f 3615 3574 3605
v 12990.017 -17788.485 386.867
f 3616 3575 3565
f 3616 3565 3606
v 12974.304 -17809.208 388.149
f 3617 3587 3576
f 3617 3576 3607
v 12955.375 -17823.750 376.000
f 3618 3567 3608
f 3618 3577 3567
v 12903.365 -17803.389 366.751
v 12903.293 -17800.999 366.656
v 12898.459 -17800.999 370.510
f 3619 3620 3621
v 13025.357 -17778.659 367.503
v 13034.880 -17778.659 372.689
f 3622 3623 3568
f 3622 3568 3609
v 12999.879 -17780.215 380.221
f 3624 3581 3610
v 12981.966 -17797.422 389.327
f 3625 3570 3611
f 3625 3582 3570
v 12965.883 -17817.324 384.014
f 3626 3583 3612
v 12943.349 -17824.932 369.845
f 3627 3572 3613
f 3627 3584 3572
v 13012.162 -17777.007 372.093
f 3628 3574 3615
f 3628 3585 3574
v 12990.218 -17786.508 385.534
f 3629 3575 3616
f 3629 3586 3575
v 12974.339 -17806.922 388.853
f 3630 3587 3617
f 3630 3595 3587
v 12955.925 -17822.876 378.158
f 3631 3588 3577
f 3631 3577 3618
v 13000.405 -17779.123 378.158
f 3632 3581 3624
f 3632 3589 3581
v 12981.990 -17795.077 388.853
f 3633 3591 3582
f 3633 3582 3625
v 12966.112 -17815.491 385.534
f 3634 3583 3626
f 3634 3590 3583
v 12944.167 -17824.992 372.093
f 3635 3592 3584
f 3635 3584 3627
v 13012.980 -17777.067 369.845
f 3636 3601 3593
f 3636 3593 3585
f 3636 3585 3628
v 12990.447 -17784.675 384.014
f 3637 3594 3586
f 3637 3586 3629
v 12974.363 -17804.576 389.327
f 3638 3595 3630
v 12956.450 -17821.784 380.221
f 3639 3596 3588
f 3639 3588 3631
f 3639 3604 3596
v 13000.954 -17778.249 376.000
f 3640 3605 3597
f 3640 3589 3632
f 3640 3597 3589
v 12982.025 -17792.791 388.149
f 3641 3598 3591
f 3641 3591 3633
v 12966.313 -17813.514 386.867
f 3642 3590 3634
f 3642 3607 3599
f 3642 3599 3590
v 12944.983 -17824.813 374.335
f 3643 3592 3635
f 3643 3600 3592
v 13013.792 -17777.364 367.615
f 3644 3601 3636
v 12990.702 -17783.005 382.320
f 3645 3610 3602
f 3645 3594 3637
f 3645 3602 3594
v 12974.375 -17802.196 389.565
f 3646 3611 3603
f 3646 3595 3638
f 3646 3603 3595
v 12956.946 -17820.486 382.169
f 3647 3612 3604
f 3647 3604 3639
v 13001.523 -17777.601 373.768
f 3648 3605 3640
v 12982.071 -17790.586 387.221
f 3649 3606 3598
f 3649 3598 3641
v 12966.483 -17811.413 387.999
f 3650 3607 3642
f 3650 3617 3607
v 12945.789 -17824.398 376.549
f 3651 3600 3643
f 3651 3608 3600
v 13014.590 -17777.896 365.423
f 3652 3609 3601
f 3652 3601 3644
v 12974.375 -17799.803 389.565
f 3653 3611 3646
v 12990.981 -17781.513 380.470
f 3654 3610 3645
v 12957.408 -17818.994 383.982
f 3655 3612 3647
v 12932.968 -17824.635 371.648
f 3656 3627 3613
v 12931.956 -17824.102 369.547
f 3656 3614 3657
f 3656 3613 3614
v 13002.104 -17777.186 371.484
f 3658 3615 3605
f 3658 3605 3648
v 12982.128 -17788.485 386.078
f 3659 3616 3606
f 3659 3606 3649
v 12966.622 -17809.208 388.918
f 3660 3617 3650
v 12946.577 -17823.750 378.713
f 3661 3608 3651
f 3661 3618 3608
v 12893.904 -17803.389 374.689
v 12893.823 -17800.999 374.602
v 12889.397 -17800.999 378.919
f 3662 3663 3664
v 13015.366 -17778.659 363.291
f 3665 3622 3609
f 3665 3609 3652
v 12991.280 -17780.215 378.483
f 3666 3624 3610
f 3666 3610 3654
v 12974.363 -17797.422 389.327
f 3667 3611 3653
f 3667 3633 3625
f 3667 3625 3611
v 12957.830 -17817.324 385.641
f 3668 3612 3655
f 3668 3634 3626
f 3668 3626 3612
v 12933.998 -17824.932 373.787
f 3669 3627 3656
v 13002.693 -17777.007 369.172
f 3670 3615 3658
f 3670 3628 3615
v 12982.196 -17786.508 384.732
f 3671 3629 3616
f 3671 3616 3659
v 12966.727 -17806.922 389.615
f 3672 3617 3660
f 3672 3630 3617
v 12947.339 -17822.876 380.806
f 3673 3618 3661
f 3673 3631 3618
v 12991.598 -17779.123 376.378
f 3674 3632 3624
f 3674 3640 3632
f 3674 3624 3666
v 12974.339 -17795.077 388.853
f 3675 3633 3667
f 3675 3641 3633
v 12958.210 -17815.491 387.132
f 3676 3634 3668
v 12935.036 -17824.992 375.942
f 3677 3627 3669
f 3677 3635 3627
v 12982.272 -17784.675 383.196
f 3678 3637 3629
f 3678 3629 3671
v 13003.283 -17777.067 366.854
f 3679 3636 3628
f 3679 3628 3670
v 12966.798 -17804.576 390.084
f 3680 3630 3672
f 3680 3638 3630
v 12948.067 -17821.784 382.807
f 3681 3631 3673
f 3681 3647 3639
f 3681 3639 3631
v 12991.930 -17778.249 374.175
f 3682 3640 3674
v 12974.304 -17792.791 388.149
f 3683 3641 3675
v 12958.542 -17813.514 388.438
f 3684 3634 3676
f 3684 3650 3642
f 3684 3642 3634
v 12936.071 -17824.813 378.092
f 3685 3643 3635
f 3685 3635 3677
v 13003.869 -17777.364 364.554
f 3686 3636 3679
f 3686 3644 3636
v 12982.358 -17783.005 381.485
f 3687 3637 3678
f 3687 3645 3637
v 12966.833 -17802.196 390.319
f 3688 3638 3680
f 3688 3646 3638
v 12948.754 -17820.486 384.696
f 3689 3647 3681
v 12992.273 -17777.601 371.898
f 3690 3640 3682
f 3690 3648 3640
v 12974.258 -17790.586 387.221
f 3691 3641 3683
f 3691 3659 3649
f 3691 3649 3641
v 12958.825 -17811.413 389.547
f 3692 3660 3650
f 3692 3650 3684
v 12937.093 -17824.398 380.215
f 3693 3643 3685
f 3693 3651 3643
v 13004.444 -17777.896 362.293
f 3694 3652 3644
f 3694 3644 3686
v 12982.451 -17781.513 379.617
f 3695 3654 3645
f 3695 3645 3687
v 12966.833 -17799.803 390.319
f 3696 3646 3688
f 3696 3653 3646
v 12949.394 -17818.994 386.454
f 3697 3655 3647
f 3697 3647 3689
v 12923.848 -17824.635 376.615
f 3698 3656 3657
v 12922.632 -17824.102 374.624
f 3698 3657 3699
v 12992.624 -17777.186 369.568
f 3700 3670 3658
f 3700 3658 3648
f 3700 3648 3690
v 12974.201 -17788.485 386.078
f 3701 3659 3691
v 12959.054 -17809.208 390.448
f 3702 3672 3660
f 3702 3660 3692
v 12938.093 -17823.750 382.290
f 3703 3673 3661
f 3703 3661 3651
f 3703 3651 3693
v 12885.281 -17803.389 383.530
v 12885.192 -17800.999 383.451
v 12881.218 -17800.999 388.187
f 3704 3705 3706
v 12982.551 -17780.215 377.609
f 3707 3666 3654
f 3707 3654 3695
v 12966.798 -17797.422 390.084
f 3708 3667 3653
f 3708 3675 3667
f 3708 3653 3696
v 12949.980 -17817.324 388.063
f 3709 3655 3697
f 3709 3668 3655
v 12925.086 -17824.932 378.641
f 3710 3669 3656
f 3710 3656 3698
v 12992.980 -17777.007 367.209
f 3711 3670 3700
v 12974.134 -17786.508 384.732
f 3712 3678 3671
f 3712 3659 3701
f 3712 3671 3659
v 12959.228 -17806.922 391.131
f 3713 3672 3702
v 12939.059 -17822.876 384.296
f 3714 3673 3703
v 12982.657 -17779.123 375.483
f 3715 3666 3707
f 3715 3674 3666
v 12966.727 -17795.077 389.615
f 3716 3675 3708
v 12950.506 -17815.491 389.508
f 3717 3676 3668
f 3717 3684 3676
f 3717 3668 3709
v 12926.333 -17824.992 380.681
f 3718 3669 3710
f 3718 3677 3669
v 12897.642 -17816.426 378.718
v 12906.683 -17816.426 371.131
v 12905.811 -17814.519 369.980
f 3719 3720 3721
v 12896.660 -17814.519 377.659
f 3719 3721 3722
v 12974.057 -17784.675 383.196
f 3723 3678 3712
v 12993.336 -17777.067 364.843
f 3724 3679 3670
f 3724 3670 3711
v 12959.345 -17804.576 391.590
f 3725 3672 3713
f 3725 3680 3672
f 3725 3688 3680
v 12939.983 -17821.784 386.215
f 3726 3673 3714
f 3726 3681 3673
v 12982.768 -17778.249 373.259
f 3727 3682 3674
f 3727 3674 3715
v 12966.622 -17792.791 388.918
f 3728 3683 3675
f 3728 3675 3716
v 12950.967 -17813.514 390.775
f 3729 3684 3717
v 12927.577 -17824.813 382.717
f 3730 3685 3677
f 3730 3677 3718
v 12898.749 -17818.180 379.911
f 3731 3720 3719
v 12907.666 -17818.180 372.429
f 3731 3732 3720
v 12993.690 -17777.364 362.496
f 3733 3686 3679
f 3733 3679 3724
f 3733 3694 3686
v 12973.972 -17783.005 381.485
f 3734 3678 3723
f 3734 3687 3678
v 12959.404 -17802.196 391.821
f 3735 3688 3725
v 12940.855 -17820.486 388.026
f 3736 3697 3689
f 3736 3681 3726
f 3736 3689 3681
v 12982.883 -17777.601 370.958
f 3737 3682 3727
f 3737 3690 3682
v 12966.483 -17790.586 387.999
f 3738 3691 3683
f 3738 3683 3728
v 12951.358 -17811.413 391.850
f 3739 3684 3729
f 3739 3702 3692
f 3739 3692 3684
v 12928.806 -17824.398 384.728
f 3740 3693 3685
f 3740 3685 3730
v 12899.969 -17819.763 381.226
v 12908.749 -17819.763 373.859
f 3741 3742 3732
f 3741 3732 3731
v 12994.038 -17777.896 360.189
f 3743 3694 3733
v 12973.878 -17781.513 379.617
f 3744 3687 3734
f 3744 3695 3687
f 3744 3707 3695
v 12959.404 -17799.803 391.821
f 3745 3688 3735
f 3745 3696 3688
v 12941.667 -17818.994 389.711
f 3746 3709 3697
f 3746 3697 3736
v 12915.268 -17824.635 382.465
f 3747 3698 3699
v 12913.859 -17824.102 380.605
f 3747 3699 3748
v 12983.001 -17777.186 368.605
f 3749 3700 3690
f 3749 3690 3737
v 12966.313 -17788.485 386.867
f 3750 3701 3691
f 3750 3691 3738
v 12951.676 -17809.208 392.723
f 3751 3702 3739
v 12930.007 -17823.750 386.693
f 3752 3693 3740
f 3752 3703 3693
v 12901.291 -17821.160 382.650
v 12911.173 -17822.356 377.059
v 12909.922 -17821.160 375.407
f 3753 3754 3755
f 3753 3755 3742
f 3753 3742 3741
v 12877.581 -17803.389 393.185
v 12877.484 -17800.999 393.116
v 12874.001 -17800.999 398.224
f 3756 3757 3758
v 12973.778 -17780.215 377.609
f 3759 3707 3744
v 12959.345 -17797.422 391.590
f 3760 3708 3696
f 3760 3716 3708
f 3760 3696 3745
v 12942.410 -17817.324 391.254
f 3761 3709 3746
v 12916.701 -17824.932 384.357
f 3762 3710 3698
f 3762 3698 3747
v 12983.119 -17777.007 366.222
f 3763 3711 3700
f 3763 3700 3749
v 12966.112 -17786.508 385.534
f 3764 3701 3750
f 3764 3712 3701
v 12951.917 -17806.922 393.386
f 3765 3725 3713
f 3765 3702 3751
f 3765 3713 3702
v 12931.168 -17822.876 388.594
f 3766 3714 3703
f 3766 3703 3752
v 12902.700 -17822.356 384.169
f 3767 3754 3753
v 12973.672 -17779.123 375.483
f 3768 3727 3715
f 3768 3707 3759
f 3768 3715 3707
v 12959.228 -17795.077 391.131
f 3769 3716 3760
f 3769 3728 3716
v 12943.077 -17815.491 392.640
f 3770 3729 3717
f 3770 3717 3709
f 3770 3709 3761
v 12918.146 -17824.992 386.264
f 3771 3718 3710
f 3771 3710 3762
v 12889.402 -17816.426 387.166
f 3772 3719 3722
v 12888.319 -17814.519 386.210
f 3772 3722 3773
v 12983.239 -17777.067 363.833
f 3774 3711 3763
f 3774 3724 3711
v 12965.883 -17784.675 384.014
f 3775 3723 3712
f 3775 3712 3764
v 12952.079 -17804.576 393.831
f 3776 3735 3725
f 3776 3725 3765
v 12932.278 -17821.784 390.410
f 3777 3726 3714
f 3777 3714 3766
v 12904.184 -17823.340 385.767
v 12912.490 -17823.340 378.797
f 3778 3779 3754
f 3778 3754 3767
v 12973.561 -17778.249 373.259
f 3780 3727 3768
v 12959.054 -17792.791 390.448
f 3781 3728 3769
f 3781 3738 3728
v 12943.662 -17813.514 393.854
f 3782 3739 3729
f 3782 3729 3770
v 12919.586 -17824.813 388.166
f 3783 3730 3718
f 3783 3718 3771
v 12890.622 -17818.180 388.243
f 3784 3731 3719
f 3784 3741 3731
f 3784 3719 3772
v 12983.357 -17777.364 361.462
f 3785 3733 3724
f 3785 3724 3774
v 12965.627 -17783.005 382.320
f 3786 3723 3775
f 3786 3734 3723
v 12952.161 -17802.196 394.055
f 3787 3735 3776
v 12933.326 -17820.486 392.125
f 3788 3736 3726
f 3788 3726 3777
v 12905.726 -17824.102 387.430
f 3789 3748 3779
f 3789 3779 3778
v 12973.446 -17777.601 370.958
f 3790 3727 3780
f 3790 3737 3727
f 3790 3749 3737
v 12958.825 -17790.586 389.547
f 3791 3750 3738
f 3791 3738 3781
v 12944.158 -17811.413 394.885
f 3792 3751 3739
f 3792 3739 3782
v 12921.009 -17824.398 390.044
f 3793 3740 3730
f 3793 3730 3783
v 12891.967 -17819.763 389.430
f 3794 3741 3784
v 12983.473 -17777.896 359.132
f 3795 3733 3785
f 3795 3743 3733
v 12965.349 -17781.513 380.470
f 3796 3734 3786
f 3796 3744 3734
v 12952.161 -17799.803 394.055
f 3797 3745 3735
f 3797 3735 3787
v 12934.302 -17818.994 393.722
f 3798 3736 3788
f 3798 3746 3736
f 3798 3761 3746
v 12907.313 -17824.635 389.140
f 3799 3762 3747
f 3799 3747 3748
f 3799 3748 3789
v 12973.329 -17777.186 368.605
f 3800 3749 3790
v 12958.542 -17788.485 388.438
f 3801 3750 3791
v 12944.561 -17809.208 395.722
f 3802 3765 3751
f 3802 3751 3792
v 12922.400 -17823.750 391.880
f 3803 3740 3793
f 3803 3752 3740
v 12893.424 -17821.160 390.716
f 3804 3741 3794
f 3804 3753 3741
f 3804 3767 3753
v 12870.881 -17803.389 403.560
v 12870.778 -17800.999 403.500
v 12867.821 -17800.999 408.930
f 3805 3806 3807
v 12965.049 -17780.215 378.483
f 3808 3744 3796
f 3808 3759 3744
v 12952.079 -17797.422 393.831
f 3809 3760 3745
f 3809 3769 3760
f 3809 3745 3797
v 12935.195 -17817.324 395.183
f 3810 3761 3798
v 12908.927 -17824.932 390.880
f 3811 3762 3799
v 12973.210 -17777.007 366.222
f 3812 3774 3763
f 3812 3763 3749
f 3812 3749 3800
v 12958.210 -17786.508 387.132
f 3813 3775 3764
f 3813 3750 3801
f 3813 3764 3750
v 12944.868 -17806.922 396.358
f 3814 3765 3802
f 3814 3776 3765
v 12923.744 -17822.876 393.655
f 3815 3766 3752
f 3815 3752 3803
v 12894.977 -17822.356 392.087
f 3816 3767 3804
v 12964.732 -17779.123 376.378
f 3817 3759 3808
f 3817 3768 3759
f 3817 3780 3768
v 12951.917 -17795.077 393.386
f 3818 3781 3769
f 3818 3769 3809
v 12935.997 -17815.491 396.495
f 3819 3782 3770
f 3819 3770 3761
f 3819 3761 3810
v 12910.554 -17824.992 392.633
f 3820 3762 3811
f 3820 3771 3762
v 12882.043 -17816.426 396.393
v 12880.870 -17814.519 395.550
f 3821 3773 3822
f 3821 3772 3773
v 12973.091 -17777.067 363.833
f 3823 3785 3774
f 3823 3774 3812
v 12957.830 -17784.675 385.641
f 3824 3775 3813
f 3824 3786 3775
v 12945.073 -17804.576 396.785
f 3825 3776 3814
v 12925.030 -17821.784 395.352
f 3826 3766 3815
f 3826 3788 3777
f 3826 3777 3766
v 12896.612 -17823.340 393.530
f 3827 3778 3767
f 3827 3767 3816
v 12964.400 -17778.249 374.175
f 3828 3780 3817
v 12951.676 -17792.791 392.723
f 3829 3781 3818
f 3829 3791 3781
v 12936.700 -17813.514 397.645
f 3830 3782 3819
v 12912.177 -17824.813 394.382
f 3831 3783 3771
f 3831 3771 3820
v 12883.365 -17818.180 397.343
f 3832 3794 3784
f 3832 3784 3772
f 3832 3772 3821
v 12972.972 -17777.364 361.462
f 3833 3785 3823
v 12957.408 -17783.005 383.982
f 3834 3786 3824
v 12945.177 -17802.196 396.999
f 3835 3776 3825
f 3835 3787 3776
v 12926.243 -17820.486 396.954
f 3836 3798 3788
f 3836 3788 3826
v 12898.313 -17824.102 395.030
f 3837 3789 3778
f 3837 3778 3827
v 12964.056 -17777.601 371.898
f 3838 3790 3780
f 3838 3780 3828
v 12951.358 -17790.586 391.850
f 3839 3791 3829
v 12937.296 -17811.413 398.622
f 3840 3802 3792
f 3840 3792 3782
f 3840 3782 3830
v 12913.780 -17824.398 396.110
f 3841 3783 3831
f 3841 3793 3783
v 12884.821 -17819.763 398.391
f 3842 3794 3832
v 12972.856 -17777.896 359.132
v 12983.586 -17778.659 356.867
f 3843 3844 3795
f 3843 3795 3785
f 3843 3785 3833
v 12956.946 -17781.513 382.169
f 3845 3786 3834
f 3845 3796 3786
v 12945.177 -17799.803 396.999
f 3846 3809 3797
f 3846 3787 3835
f 3846 3797 3787
v 12927.373 -17818.994 398.446
f 3847 3798 3836
v 12900.062 -17824.635 396.574
f 3848 3799 3789
f 3848 3789 3837
v 12963.705 -17777.186 369.568
f 3849 3790 3838
f 3849 3800 3790
v 12950.967 -17788.485 390.775
f 3850 3791 3839
f 3850 3801 3791
v 12937.781 -17809.208 399.415
f 3851 3802 3840
v 12915.346 -17823.750 397.798
f 3852 3803 3793
f 3852 3793 3841
v 12886.399 -17821.160 399.525
f 3853 3794 3842
f 3853 3804 3794
v 12865.247 -17803.389 414.549
v 12865.138 -17800.999 414.500
v 12862.736 -17800.999 420.198
f 3854 3855 3856
v 12972.743 -17778.659 356.867
f 3857 3844 3843
v 12956.450 -17780.215 380.221
f 3858 3808 3796
f 3858 3796 3845
f 3858 3817 3808
v 12945.073 -17797.422 396.785
f 3859 3809 3846
f 3859 3818 3809
v 12928.407 -17817.324 399.811
f 3860 3819 3810
f 3860 3810 3798
f 3860 3798 3847
v 12901.842 -17824.932 398.145
f 3861 3811 3799
f 3861 3799 3848
v 12963.350 -17777.007 367.209
f 3862 3812 3800
f 3862 3800 3849
v 12950.506 -17786.508 389.508
f 3863 3813 3801
f 3863 3801 3850
v 12938.149 -17806.922 400.017
f 3864 3814 3802
f 3864 3802 3851
f 3864 3825 3814
v 12916.861 -17822.876 399.431
f 3865 3815 3803
f 3865 3803 3852
v 12888.081 -17822.356 400.734
f 3866 3816 3804
f 3866 3804 3853
v 12972.634 -17779.643 354.689
f 3867 3844 3857
v 12983.695 -17779.643 354.689
f 3867 3868 3844
v 12955.925 -17779.123 378.158
f 3869 3828 3817
f 3869 3817 3858
v 12944.868 -17795.077 396.358
f 3870 3818 3859
v 12929.336 -17815.491 401.037
f 3871 3819 3860
v 12903.635 -17824.992 399.727
f 3872 3820 3811
f 3872 3811 3861
v 12962.993 -17777.067 364.843
f 3873 3812 3862
f 3873 3823 3812
v 12949.980 -17784.675 388.063
f 3874 3813 3863
f 3874 3824 3813
v 12938.396 -17804.576 400.421
f 3875 3825 3864
v 12918.309 -17821.784 400.991
f 3876 3815 3865
f 3876 3826 3815
v 12889.852 -17823.340 402.007
f 3877 3816 3866
f 3877 3827 3816
v 12972.531 -17780.839 352.619
f 3878 3868 3867
v 12983.798 -17780.839 352.619
f 3878 3879 3868
v 12983.895 -17782.236 350.679
f 3878 3880 3879
v 12955.375 -17778.249 376.000
f 3881 3828 3869
v 12944.561 -17792.791 395.722
f 3882 3818 3870
f 3882 3829 3818
v 12930.150 -17813.514 402.111
f 3883 3819 3871
f 3883 3830 3819
f 3883 3840 3830
v 12905.424 -17824.813 401.306
f 3884 3831 3820
f 3884 3820 3872
v 12962.639 -17777.364 362.496
f 3885 3833 3823
f 3885 3823 3873
v 12949.394 -17783.005 386.454
f 3886 3824 3874
f 3886 3834 3824
v 12938.520 -17802.196 400.624
f 3887 3825 3875
f 3887 3835 3825
v 12919.676 -17820.486 402.465
f 3888 3836 3826
f 3888 3826 3876
v 12891.693 -17824.102 403.331
f 3889 3837 3827
f 3889 3827 3877
v 12972.434 -17782.236 350.679
f 3890 3880 3878
v 12954.807 -17777.601 373.768
f 3891 3838 3828
f 3891 3828 3881
v 12944.158 -17790.586 394.885
f 3892 3850 3839
f 3892 3829 3882
f 3892 3839 3829
v 12930.840 -17811.413 403.023
f 3893 3840 3883
f 3893 3851 3840
v 12907.191 -17824.398 402.865
f 3894 3841 3831
f 3894 3831 3884
v 12962.292 -17777.896 360.189
f 3895 3833 3885
f 3895 3843 3833
v 12948.754 -17781.513 384.696
f 3896 3845 3834
f 3896 3858 3845
f 3896 3834 3886
v 12938.520 -17799.803 400.624
f 3897 3846 3835
f 3897 3835 3887
v 12920.949 -17818.994 403.836
f 3898 3836 3888
f 3898 3847 3836
f 3898 3860 3847
v 12893.587 -17824.635 404.693
f 3899 3837 3889
f 3899 3848 3837
v 12972.345 -17783.819 348.887
f 3900 3880 3890
v 12983.985 -17783.819 348.887
f 3900 3901 3880
v 12984.066 -17785.573 347.262
f 3900 3902 3901
v 12954.225 -17777.186 371.484
f 3903 3849 3838
f 3903 3838 3891
v 12943.662 -17788.485 393.854
f 3904 3850 3892
v 12931.402 -17809.208 403.764
f 3905 3851 3893
f 3905 3864 3851
v 12908.918 -17823.750 404.389
f 3906 3841 3894
f 3906 3865 3852
f 3906 3852 3841
v 12860.735 -17803.389 426.046
v 12860.622 -17800.999 426.008
v 12858.799 -17800.999 431.916
f 3907 3908 3909
v 12961.954 -17778.659 357.947
f 3910 3843 3895
f 3910 3857 3843
v 12948.067 -17780.215 382.807
f 3911 3858 3896
v 12938.396 -17797.422 400.421
f 3912 3870 3859
f 3912 3846 3897
f 3912 3859 3846
v 12922.114 -17817.324 405.092
f 3913 3860 3898
v 12895.515 -17824.932 406.079
f 3914 3861 3848
f 3914 3848 3899
v 12972.264 -17785.573 347.262
f 3915 3902 3900
v 12953.637 -17777.007 369.172
f 3916 3862 3849
f 3916 3849 3903
v 12943.077 -17786.508 392.640
f 3917 3863 3850
f 3917 3874 3863
f 3917 3850 3904
v 12931.827 -17806.922 404.326
f 3918 3864 3905
v 12910.588 -17822.876 405.863
f 3919 3865 3906
v 12947.339 -17779.123 380.806
f 3920 3869 3858
f 3920 3858 3911
v 12938.149 -17795.077 400.017
f 3921 3870 3912
v 12923.160 -17815.491 406.219
f 3922 3871 3860
f 3922 3860 3913
v 12897.457 -17824.992 407.475
f 3923 3872 3861
f 3923 3861 3914
v 12972.192 -17787.480 345.819
v 12984.138 -17787.480 345.819
f 3924 3925 3902
f 3924 3902 3915
v 12984.200 -17789.521 344.573
f 3924 3926 3925
v 12953.046 -17777.067 366.854
f 3927 3873 3862
f 3927 3862 3916
f 3927 3885 3873
v 12942.410 -17784.675 391.254
f 3928 3874 3917
f 3928 3886 3874
v 12932.114 -17804.576 404.704
f 3929 3864 3918
f 3929 3875 3864
f 3929 3887 3875
v 12912.184 -17821.784 407.272
f 3930 3865 3919
f 3930 3876 3865
v 12946.577 -17778.249 378.713
f 3931 3891 3881
f 3931 3869 3920
f 3931 3881 3869
v 12937.781 -17792.791 399.415
f 3932 3882 3870
f 3932 3870 3921
v 12924.077 -17813.514 407.207
f 3933 3883 3871
f 3933 3871 3922
v 12899.394 -17824.813 408.868
f 3934 3872 3923
f 3934 3884 3872
v 12972.129 -17789.521 344.573
f 3935 3926 3924
v 12952.461 -17777.364 364.554
f 3936 3885 3927
f 3936 3895 3885
v 12941.667 -17783.005 389.711
f 3937 3886 3928
v 12932.258 -17802.196 404.894
f 3938 3887 3929
v 12913.691 -17820.486 408.602
f 3939 3898 3888
f 3939 3876 3930
f 3939 3888 3876
v 12945.789 -17777.601 376.549
f 3940 3891 3931
v 12937.296 -17790.586 398.622
f 3941 3892 3882
f 3941 3882 3932
v 12924.855 -17811.413 408.046
f 3942 3905 3893
f 3942 3883 3933
f 3942 3893 3883
v 12901.307 -17824.398 410.243
f 3943 3894 3884
f 3943 3884 3934
v 12972.078 -17791.677 343.536
v 12984.252 -17791.677 343.536
f 3944 3945 3926
f 3944 3926 3935
v 12951.885 -17777.896 362.293
f 3946 3895 3936
v 12940.855 -17781.513 388.026
f 3947 3896 3886
f 3947 3886 3937
v 12932.258 -17799.803 404.894
f 3948 3887 3938
f 3948 3897 3887
v 12915.093 -17818.994 409.839
f 3949 3898 3939
f 3949 3913 3898
v 12887.953 -17824.635 413.416
f 3950 3899 3889
v 12885.933 -17824.102 412.250
f 3950 3889 3951
v 12944.983 -17777.186 374.335
f 3952 3903 3891
f 3952 3891 3940
v 12936.700 -17788.485 397.645
f 3953 3904 3892
f 3953 3892 3941
v 12925.487 -17809.208 408.727
f 3954 3905 3942
v 12903.177 -17823.750 411.588
f 3955 3906 3894
f 3955 3919 3906
f 3955 3894 3943
v 12857.390 -17803.389 437.934
v 12857.274 -17800.999 437.907
v 12856.049 -17800.999 443.968
f 3956 3957 3958
v 12951.325 -17778.659 360.095
v 12961.629 -17779.643 355.790
f 3959 3960 3910
f 3959 3910 3895
f 3959 3895 3946
v 12939.983 -17780.215 386.215
f 3961 3896 3947
f 3961 3911 3896
v 12932.114 -17797.422 404.704
f 3962 3921 3912
f 3962 3897 3948
f 3962 3912 3897
v 12916.378 -17817.324 410.973
f 3963 3922 3913
f 3963 3913 3949
v 12890.009 -17824.932 414.603
f 3964 3914 3899
f 3964 3899 3950
v 12944.167 -17777.007 372.093
f 3965 3903 3952
f 3965 3916 3903
v 12935.997 -17786.508 396.495
f 3966 3904 3953
f 3966 3917 3904
v 12925.967 -17806.922 409.244
f 3967 3918 3905
f 3967 3905 3954
v 12904.985 -17822.876 412.888
f 3968 3919 3955
v 12950.787 -17779.643 357.982
f 3969 3960 3959
v 12939.059 -17779.123 384.296
f 3970 3920 3911
f 3970 3911 3961
f 3970 3931 3920
v 12931.827 -17795.077 404.326
f 3971 3921 3962
f 3971 3932 3921
v 12917.531 -17815.491 411.990
f 3972 3933 3922
f 3972 3922 3963
v 12892.080 -17824.992 415.799
f 3973 3923 3914
f 3973 3914 3964
v 12943.349 -17777.067 369.845
f 3974 3936 3927
f 3974 3916 3965
f 3974 3927 3916
v 12935.195 -17784.675 395.183
f 3975 3917 3966
f 3975 3928 3917
v 12926.289 -17804.576 409.592
f 3976 3929 3918
f 3976 3918 3967
v 12906.714 -17821.784 414.131
f 3977 3930 3919
f 3977 3919 3968
v 12950.276 -17780.839 355.974
v 12961.320 -17780.839 353.741
f 3978 3979 3960
f 3978 3960 3969
v 12961.030 -17782.236 351.820
f 3978 3980 3979
v 12938.093 -17778.249 382.290
f 3981 3931 3970
v 12931.402 -17792.791 403.764
f 3982 3932 3971
f 3982 3941 3932
v 12918.541 -17813.514 412.882
f 3983 3942 3933
f 3983 3933 3972
v 12894.147 -17824.813 416.992
f 3984 3934 3923
f 3984 3923 3973
v 12942.537 -17777.364 367.615
f 3985 3936 3974
v 12934.302 -17783.005 393.722
f 3986 3928 3975
f 3986 3937 3928
v 12926.451 -17802.196 409.766
f 3987 3938 3929
f 3987 3929 3976
v 12908.346 -17820.486 415.304
f 3988 3939 3930
f 3988 3930 3977
v 12949.796 -17782.236 354.091
f 3989 3980 3978
v 12937.093 -17777.601 380.215
f 3990 3931 3981
f 3990 3940 3931
v 12930.840 -17790.586 403.023
f 3991 3953 3941
f 3991 3941 3982
v 12919.399 -17811.413 413.639
f 3992 3942 3983
f 3992 3954 3942
v 12896.187 -17824.398 418.170
f 3993 3943 3934
f 3993 3934 3984
v 12941.739 -17777.896 365.423
f 3994 3946 3936
f 3994 3936 3985
v 12933.326 -17781.513 392.125
f 3995 3961 3947
f 3995 3937 3986
f 3995 3947 3937
v 12926.451 -17799.803 409.766
f 3996 3938 3987
f 3996 3948 3938
f 3996 3962 3948
v 12909.865 -17818.994 416.396
f 3997 3949 3939
f 3997 3939 3988
f 3997 3963 3949
v 12883.215 -17824.635 422.657
v 12881.089 -17824.102 421.698
f 3998 3951 3999
f 3998 3964 3950
f 3998 3950 3951
v 12949.354 -17783.819 352.353
v 12960.763 -17783.819 350.046
f 4000 4001 3980
f 4000 3980 3989
v 12936.071 -17777.186 378.092
f 4002 3965 3952
f 4002 3952 3940
f 4002 3940 3990
v 12930.150 -17788.485 402.111
f 4003 3953 3991
v 12920.096 -17809.208 414.254
f 4004 3967 3954
f 4004 3954 3992
v 12898.182 -17823.750 419.322
f 4005 3955 3943
f 4005 3943 3993
f 4005 3968 3955
v 12855.245 -17803.389 450.096
v 12855.127 -17800.999 450.081
v 12854.511 -17800.999 456.233
f 4006 4007 4008
v 12940.964 -17778.659 363.291
f 4009 3959 3946
f 4009 3946 3994
v 12932.278 -17780.215 390.410
f 4010 3961 3995
v 12926.289 -17797.422 409.592
f 4011 3971 3962
f 4011 3962 3996
v 12911.256 -17817.324 417.396
f 4012 3963 3997
v 12885.379 -17824.932 423.634
f 4013 3964 3998
v 12948.952 -17785.573 350.776
v 12960.520 -17785.573 348.437
f 4014 4015 4001
v 12960.305 -17787.480 347.009
f 4014 4016 4015
f 4014 4001 4000
v 12935.036 -17777.007 375.942
f 4017 3974 3965
f 4017 3965 4002
v 12929.336 -17786.508 401.037
f 4018 3975 3966
f 4018 3953 4003
f 4018 3966 3953
v 12900.111 -17822.876 420.435
f 4019 3968 4005
v 12920.625 -17806.922 414.721
f 4020 3967 4004
f 4020 3976 3967
v 12940.218 -17779.643 361.242
f 4021 3978 3969
f 4021 3959 4009
f 4021 3969 3959
v 12931.168 -17779.123 388.594
f 4022 3961 4010
f 4022 3970 3961
v 12925.967 -17795.077 409.244
f 4023 3971 4011
v 12912.504 -17815.491 418.293
f 4024 3972 3963
f 4024 3963 4012
v 12887.559 -17824.992 424.617
f 4025 3973 3964
f 4025 3964 4013
v 12948.596 -17787.480 349.376
f 4026 4016 4014
v 12960.119 -17789.521 345.775
f 4026 4027 4016
v 12933.998 -17777.067 373.787
f 4028 3974 4017
v 12928.407 -17784.675 399.811
f 4029 3986 3975
f 4029 3975 4018
v 12901.954 -17821.784 421.500
f 4030 3988 3977
f 4030 3968 4019
f 4030 3977 3968
v 12920.980 -17804.576 415.034
f 4031 3976 4020
v 12939.509 -17780.839 359.295
f 4032 3978 4021
v 12930.007 -17778.249 386.693
f 4033 3990 3981
f 4033 3981 3970
f 4033 3970 4022
v 12925.487 -17792.791 408.727
f 4034 3982 3971
f 4034 3971 4023
v 12913.599 -17813.514 419.080
f 4035 3972 4024
f 4035 3992 3983
f 4035 3983 3972
v 12889.734 -17824.813 425.599
f 4036 3984 3973
f 4036 3973 4025
v 12948.288 -17789.521 348.167
f 4037 4027 4026
v 12932.968 -17777.364 371.648
f 4038 3974 4028
f 4038 3985 3974
f 4038 3994 3985
v 12927.373 -17783.005 398.446
f 4039 3986 4029
v 12903.695 -17820.486 422.505
f 4040 3997 3988
f 4040 3988 4030
v 12921.159 -17802.196 415.192
f 4041 3996 3987
f 4041 3987 3976
f 4041 3976 4031
v 12938.845 -17782.236 357.469
f 4042 3978 4032
f 4042 3989 3978
v 12928.806 -17777.601 384.728
f 4043 3990 4033
v 12924.855 -17790.586 408.046
f 4044 3991 3982
f 4044 3982 4034
v 12914.528 -17811.413 419.748
f 4045 4004 3992
f 4045 3992 4035
v 12891.882 -17824.398 426.568
f 4046 3984 4036
f 4046 3993 3984
v 12948.032 -17791.677 347.161
f 4047 4027 4037
v 12959.964 -17791.677 344.749
f 4047 4048 4027
v 12931.956 -17777.896 369.547
f 4049 3994 4038
v 12926.243 -17781.513 396.954
f 4050 3995 3986
f 4050 3986 4039
v 12921.159 -17799.803 415.192
f 4051 3996 4041
v 12905.315 -17818.994 423.440
f 4052 3997 4040
v 12879.421 -17824.635 432.324
v 12877.210 -17824.102 431.581
f 4053 3999 4054
f 4053 3998 3999
v 12938.231 -17783.819 355.784
f 4055 4000 3989
f 4055 3989 4042
v 12927.577 -17777.186 382.717
f 4056 4002 3990
f 4056 3990 4043
v 12924.077 -17788.485 407.207
f 4057 4003 3991
f 4057 3991 4044
v 12915.282 -17809.208 420.291
f 4058 4004 4045
v 12893.981 -17823.750 427.515
f 4059 3993 4046
f 4059 4005 3993
v 12854.322 -17803.389 462.412
v 12854.203 -17800.999 462.409
v 12854.203 -17800.999 468.591
f 4060 4061 4062
v 12925.030 -17780.215 395.352
f 4063 3995 4050
f 4063 4010 3995
f 4063 4022 4010
v 12906.798 -17817.324 424.297
f 4064 4012 3997
f 4064 3997 4052
f 4064 4024 4012
v 12920.980 -17797.422 415.034
f 4065 4023 4011
f 4065 4011 3996
f 4065 3996 4051
v 12881.672 -17824.932 433.080
f 4066 4013 3998
f 4066 3998 4053
v 12937.675 -17785.573 354.254
f 4067 4000 4055
f 4067 4026 4014
f 4067 4014 4000
v 12926.333 -17777.007 380.681
f 4068 4017 4002
f 4068 4002 4056
v 12923.160 -17786.508 406.219
f 4069 4003 4057
f 4069 4018 4003
v 12915.855 -17806.922 420.702
f 4070 4004 4058
f 4070 4020 4004
f 4070 4031 4020
v 12896.011 -17822.876 428.431
f 4071 4019 4005
f 4071 4005 4059
v 12923.744 -17779.123 393.655
f 4072 4022 4063
v 12908.130 -17815.491 425.066
f 4073 4024 4064
v 12920.625 -17795.077 414.721
f 4074 4034 4023
f 4074 4023 4065
v 12883.939 -17824.992 433.842
f 4075 4013 4066
f 4075 4025 4013
v 12937.180 -17787.480 352.897
f 4076 4026 4067
v 12925.086 -17777.067 378.641
f 4077 4017 4068
f 4077 4028 4017
v 12922.114 -17784.675 405.092
f 4078 4029 4018
f 4078 4018 4069
v 12897.952 -17821.784 429.307
f 4079 4040 4030
f 4079 4019 4071
f 4079 4030 4019
v 12916.240 -17804.576 420.979
f 4080 4031 4070
f 4080 4041 4031
v 12922.400 -17778.249 391.880
f 4081 4033 4022
f 4081 4022 4072
v 12920.096 -17792.791 414.254
f 4082 4034 4074
v 12909.297 -17813.514 425.739
f 4083 4024 4073
f 4083 4035 4024
f 4083 4045 4035
v 12886.201 -17824.813 434.602
f 4084 4046 4036
f 4084 4036 4025
f 4084 4025 4075
v 12936.754 -17789.521 351.725
f 4085 4037 4026
f 4085 4026 4076
f 4085 4047 4037
v 12923.848 -17777.364 376.615
f 4086 4028 4077
f 4086 4038 4028
v 12920.949 -17783.005 403.836
f 4087 4029 4078
f 4087 4039 4029
v 12899.784 -17820.486 430.133
f 4088 4040 4079
v 12916.433 -17802.196 421.118
f 4089 4041 4080
v 12874.335 -17824.102 441.801
f 4090 4053 4054
v 12921.009 -17777.601 390.044
f 4091 4043 4033
f 4091 4033 4081
v 12910.288 -17811.413 426.312
f 4092 4045 4083
v 12919.399 -17790.586 413.639
f 4093 4057 4044
f 4093 4044 4034
f 4093 4034 4082
v 12888.434 -17824.398 435.352
f 4094 4059 4046
f 4094 4046 4084
v 12936.399 -17791.677 350.749
f 4095 4047 4085
v 12922.632 -17777.896 374.624
f 4096 4038 4086
f 4096 4049 4038
v 12919.676 -17781.513 402.465
f 4097 4050 4039
f 4097 4039 4087
v 12916.433 -17799.803 421.118
f 4098 4041 4089
f 4098 4051 4041
f 4098 4065 4051
v 12901.489 -17818.994 430.903
f 4099 4040 4088
f 4099 4052 4040
f 4099 4064 4052
v 12876.609 -17824.635 442.321
f 4100 4053 4090
v 12919.586 -17777.186 388.166
f 4101 4056 4043
f 4101 4043 4091
v 12911.093 -17809.208 426.776
f 4102 4058 4045
f 4102 4045 4092
v 12918.541 -17788.485 412.882
f 4103 4057 4093
v 12890.618 -17823.750 436.086
f 4104 4059 4094
v 12854.630 -17803.389 474.758
v 12854.511 -17800.999 474.767
v 12855.127 -17800.999 480.919
f 4105 4106 4107
v 12918.309 -17780.215 400.991
f 4108 4063 4050
f 4108 4050 4097
v 12916.240 -17797.422 420.979
f 4109 4074 4065
f 4109 4065 4098
v 12903.050 -17817.324 431.607
f 4110 4064 4099
v 12878.923 -17824.932 442.849
f 4111 4053 4100
f 4111 4066 4053
v 12918.146 -17777.007 386.264
f 4112 4068 4056
f 4112 4056 4101
f 4112 4077 4068
v 12911.704 -17806.922 427.129
f 4113 4058 4102
f 4113 4070 4058
f 4113 4080 4070
v 12917.531 -17786.508 411.990
f 4114 4078 4069
f 4114 4069 4057
f 4114 4057 4103
v 12892.729 -17822.876 436.795
f 4115 4071 4059
f 4115 4059 4104
f 4115 4079 4071
v 12916.861 -17779.123 399.431
f 4116 4081 4072
f 4116 4072 4063
f 4116 4063 4108
v 12904.452 -17815.491 432.240
f 4117 4073 4064
f 4117 4083 4073
f 4117 4064 4110
v 12915.855 -17795.077 420.702
f 4118 4074 4109
v 12881.255 -17824.992 443.381
f 4119 4075 4066
f 4119 4066 4111
f 4119 4084 4075
v 12916.701 -17777.067 384.357
f 4120 4077 4112
f 4120 4086 4077
v 12916.378 -17784.675 410.973
f 4121 4078 4114
v 12912.115 -17804.576 427.366
f 4122 4080 4113
v 12894.747 -17821.784 437.473
f 4123 4079 4115
v 12915.346 -17778.249 397.798
f 4124 4081 4116
v 12915.282 -17792.791 420.291
f 4125 4074 4118
f 4125 4082 4074
v 12905.681 -17813.514 432.794
f 4126 4083 4117
v 12883.581 -17824.813 443.912
f 4127 4084 4119
v 12915.268 -17777.364 382.465
f 4128 4096 4086
f 4128 4086 4120
v 12912.321 -17802.196 427.485
f 4129 4089 4080
f 4129 4080 4122
v 12915.093 -17783.005 409.839
f 4130 4087 4078
f 4130 4078 4121
v 12896.652 -17820.486 438.113
f 4131 4088 4079
f 4131 4099 4088
f 4131 4079 4123
v 12913.780 -17777.601 396.110
f 4132 4091 4081
f 4132 4081 4124
v 12906.724 -17811.413 433.265
f 4133 4083 4126
f 4133 4092 4083
v 12914.528 -17790.586 419.748
f 4134 4082 4125
f 4134 4093 4082
v 12885.879 -17824.398 444.436
f 4135 4094 4084
f 4135 4084 4127
v 12913.859 -17777.896 380.605
f 4136 4096 4128
v 12912.321 -17799.803 427.485
f 4137 4098 4089
f 4137 4109 4098
f 4137 4089 4129
v 12913.691 -17781.513 408.602
f 4138 4087 4130
f 4138 4108 4097
f 4138 4097 4087
v 12898.425 -17818.994 438.709
f 4139 4099 4131
v 12874.806 -17824.635 452.547
f 4140 4100 4090
v 12872.491 -17824.102 452.257
f 4140 4090 4141
v 12912.177 -17777.186 394.382
f 4142 4112 4101
f 4142 4091 4132
f 4142 4101 4091
v 12907.571 -17809.208 433.647
f 4143 4092 4133
f 4143 4102 4092
v 12913.599 -17788.485 419.080
f 4144 4093 4134
f 4144 4103 4093
v 12888.124 -17823.750 444.949
f 4145 4104 4094
f 4145 4094 4135
v 12856.166 -17803.389 487.012
v 12856.049 -17800.999 487.032
v 12857.274 -17800.999 493.093
f 4146 4147 4148
v 12912.184 -17780.215 407.272
f 4149 4108 4138
v 12912.115 -17797.422 427.366
f 4150 4109 4137
f 4150 4118 4109
v 12900.049 -17817.324 439.255
f 4151 4110 4099
f 4151 4099 4139
v 12877.161 -17824.932 452.843
f 4152 4100 4140
f 4152 4111 4100
v 12910.554 -17777.007 392.633
f 4153 4112 4142
v 12908.214 -17806.922 433.937
f 4154 4122 4113
f 4154 4102 4143
f 4154 4113 4102
v 12912.504 -17786.508 418.293
f 4155 4103 4144
f 4155 4114 4103
v 12890.295 -17822.876 445.444
f 4156 4115 4104
f 4156 4104 4145
v 12911.704 -17795.077 427.129
f 4157 4118 4150
v 12910.588 -17779.123 405.863
f 4158 4116 4108
f 4158 4108 4149
v 12901.507 -17815.491 439.744
f 4159 4110 4151
f 4159 4117 4110
v 12879.534 -17824.992 453.140
f 4160 4119 4111
f 4160 4111 4152
v 12908.927 -17777.067 390.880
f 4161 4112 4153
f 4161 4120 4112
v 12911.256 -17784.675 417.396
f 4162 4121 4114
f 4162 4114 4155
v 12908.646 -17804.576 434.132
f 4163 4122 4154
v 12892.371 -17821.784 445.918
f 4164 4115 4156
f 4164 4123 4115
v 12911.093 -17792.791 426.776
f 4165 4118 4157
f 4165 4125 4118
v 12908.918 -17778.249 404.389
f 4166 4116 4158
f 4166 4124 4116
v 12902.785 -17813.514 440.174
f 4167 4126 4117
f 4167 4117 4159
v 12881.902 -17824.813 453.437
f 4168 4127 4119
f 4168 4119 4160
f 4168 4135 4127
v 12907.313 -17777.364 389.140
f 4169 4120 4161
f 4169 4128 4120
f 4169 4136 4128
v 12908.863 -17802.196 434.230
f 4170 4122 4163
f 4170 4129 4122
f 4170 4137 4129
v 12909.865 -17783.005 416.396
f 4171 4130 4121
f 4171 4121 4162
v 12894.330 -17820.486 446.365
f 4172 4131 4123
f 4172 4123 4164
v 12871.698 -17824.102 462.845
f 4173 4140 4141
v 12910.288 -17790.586 426.312
f 4174 4134 4125
f 4174 4144 4134
f 4174 4125 4165
v 12907.191 -17777.601 402.865
f 4175 4142 4132
f 4175 4132 4124
f 4175 4124 4166
v 12903.869 -17811.413 440.538
f 4176 4143 4133
f 4176 4133 4126
f 4176 4126 4167
v 12884.240 -17824.398 453.730
f 4177 4145 4135
f 4177 4135 4168
v 12905.726 -17777.896 387.430
f 4178 4136 4169
v 12908.863 -17799.803 434.230
f 4179 4137 4170
v 12908.346 -17781.513 415.304
f 4180 4138 4130
f 4180 4130 4171
v 12896.154 -17818.994 446.782
f 4181 4131 4172
f 4181 4139 4131
f 4181 4151 4139
v 12874.029 -17824.635 462.903
f 4182 4152 4140
f 4182 4140 4173
v 12905.424 -17777.186 401.306
f 4183 4142 4175
v 12909.297 -17788.485 425.739
f 4184 4144 4174
v 12904.750 -17809.208 440.834
f 4185 4154 4143
f 4185 4143 4176
v 12886.525 -17823.750 454.016
f 4186 4145 4177
v 12858.914 -17803.389 499.052
v 12858.799 -17800.999 499.084
v 12860.622 -17800.999 504.992
f 4187 4188 4189
v 12906.714 -17780.215 414.131
f 4190 4138 4180
f 4190 4149 4138
v 12908.646 -17797.422 434.132
f 4191 4137 4179
f 4191 4150 4137
v 12897.824 -17817.324 447.163
f 4192 4151 4181
v 12876.403 -17824.932 462.962
f 4193 4152 4182
v 12908.130 -17786.508 425.066
f 4194 4155 4144
f 4194 4144 4184
f 4194 4162 4155
v 12903.635 -17777.007 399.727
f 4195 4142 4183
f 4195 4153 4142
f 4195 4161 4153
v 12905.419 -17806.922 441.059
f 4196 4154 4185
v 12888.735 -17822.876 454.293
f 4197 4156 4145
f 4197 4145 4186
f 4197 4164 4156
v 12908.214 -17795.077 433.937
f 4198 4157 4150
f 4198 4150 4191
v 12904.985 -17779.123 412.888
f 4199 4166 4158
f 4199 4149 4190
f 4199 4158 4149
v 12899.323 -17815.491 447.505
f 4200 4159 4151
f 4200 4167 4159
f 4200 4151 4192
v 12878.794 -17824.992 463.022
f 4201 4168 4160
f 4201 4160 4152
f 4201 4152 4193
v 12901.842 -17777.067 398.145
f 4202 4161 4195
v 12906.798 -17784.675 424.297
f 4203 4171 4162
f 4203 4162 4194
v 12905.868 -17804.576 441.210
f 4204 4163 4154
f 4204 4170 4163
f 4204 4154 4196
v 12890.848 -17821.784 454.558
f 4205 4164 4197
v 12907.571 -17792.791 433.647
f 4206 4157 4198
f 4206 4165 4157
v 12903.177 -17778.249 411.588
f 4207 4166 4199
v 12900.637 -17813.514 447.805
f 4208 4167 4200
f 4208 4176 4167
v 12881.179 -17824.813 463.081
f 4209 4168 4201
f 4209 4177 4168
v 12900.062 -17777.364 396.574
f 4210 4169 4161
f 4210 4161 4202
v 12905.315 -17783.005 423.440
f 4211 4171 4203
f 4211 4180 4171
v 12906.094 -17802.196 441.286
f 4212 4170 4204
v 12892.842 -17820.486 454.808
f 4213 4164 4205
f 4213 4181 4172
f 4213 4172 4164
v 12906.724 -17790.586 433.265
f 4214 4174 4165
f 4214 4165 4206
v 12901.307 -17777.601 410.243
f 4215 4175 4166
f 4215 4166 4207
f 4215 4183 4175
v 12901.753 -17811.413 448.060
f 4216 4176 4208
v 12883.535 -17824.398 463.140
f 4217 4177 4209
v 12903.695 -17781.513 422.505
f 4218 4190 4180
f 4218 4180 4211
v 12898.313 -17777.896 395.030
f 4219 4178 4169
v 12904.184 -17778.659 385.767
f 4219 4220 4178
f 4219 4169 4210
v 12906.094 -17799.803 441.286
f 4221 4191 4179
f 4221 4179 4170
f 4221 4170 4212
v 12894.698 -17818.994 455.040
f 4222 4181 4213
v 12874.288 -17824.635 473.284
f 4223 4182 4173
v 12871.962 -17824.102 473.459
f 4223 4173 4224
v 12899.394 -17777.186 408.868
f 4225 4183 4215
v 12905.681 -17788.485 432.794
f 4226 4184 4174
f 4226 4174 4214
v 12902.659 -17809.208 448.266
f 4227 4176 4216
f 4227 4185 4176
v 12885.837 -17823.750 463.197
f 4228 4197 4186
f 4228 4177 4217
f 4228 4186 4177
v 12862.847 -17803.389 510.759
v 12862.736 -17800.999 510.802
v 12865.138 -17800.999 516.500
f 4229 4230 4231
v 12901.954 -17780.215 421.500
f 4232 4190 4218
v 12896.612 -17778.659 393.530
f 4233 4220 4219
v 12902.700 -17779.643 384.169
f 4233 4234 4220
v 12905.868 -17797.422 441.210
f 4235 4191 4221
v 12896.397 -17817.324 455.253
f 4236 4200 4192
f 4236 4192 4181
f 4236 4181 4222
v 12876.656 -17824.932 473.107
f 4237 4193 4182
f 4237 4201 4193
f 4237 4182 4223
v 12904.452 -17786.508 432.240
f 4238 4194 4184
f 4238 4203 4194
f 4238 4184 4226
v 12897.457 -17777.007 407.475
f 4239 4183 4225
f 4239 4195 4183
v 12903.347 -17806.922 448.423
f 4240 4196 4185
f 4240 4185 4227
v 12888.064 -17822.876 463.253
f 4241 4197 4228
f 4241 4205 4197
v 12900.111 -17779.123 420.435
f 4242 4190 4232
f 4242 4199 4190
v 12894.977 -17779.643 392.087
f 4243 4234 4233
v 12905.419 -17795.077 441.059
f 4244 4206 4198
f 4244 4191 4235
f 4244 4198 4191
v 12897.923 -17815.491 455.444
f 4245 4200 4236
v 12879.041 -17824.992 472.928
f 4246 4201 4237
v 12895.515 -17777.067 406.079
f 4247 4202 4195
f 4247 4195 4239
v 12903.050 -17784.675 431.607
f 4248 4203 4238
v 12903.809 -17804.576 448.529
f 4249 4196 4240
f 4249 4204 4196
v 12890.192 -17821.784 463.306
f 4250 4205 4241
v 12893.424 -17780.839 390.716
v 12899.969 -17782.236 381.226
v 12901.291 -17780.839 382.650
f 4251 4252 4253
f 4251 4234 4243
f 4251 4253 4234
v 12898.182 -17778.249 419.322
f 4254 4199 4242
f 4254 4207 4199
v 12904.750 -17792.791 440.834
f 4255 4206 4244
v 12899.261 -17813.514 455.612
f 4256 4200 4245
f 4256 4208 4200
v 12881.420 -17824.813 472.750
f 4257 4209 4201
f 4257 4217 4209
f 4257 4201 4246
v 12893.587 -17777.364 404.693
f 4258 4210 4202
f 4258 4202 4247
v 12901.489 -17783.005 430.903
f 4259 4218 4211
f 4259 4203 4248
f 4259 4211 4203
v 12904.041 -17802.196 448.582
f 4260 4221 4212
f 4260 4204 4249
f 4260 4212 4204
v 12892.201 -17820.486 463.356
f 4261 4213 4205
f 4261 4205 4250
v 12896.187 -17777.601 418.170
f 4262 4215 4207
f 4262 4207 4254
v 12891.967 -17782.236 389.430
f 4263 4252 4251
v 12903.869 -17790.586 440.538
f 4264 4214 4206
f 4264 4206 4255
f 4264 4226 4214
v 12900.396 -17811.413 455.754
f 4265 4227 4216
f 4265 4216 4208
f 4265 4208 4256
v 12883.770 -17824.398 472.574
f 4266 4217 4257
v 12899.784 -17781.513 430.133
f 4267 4218 4259
v 12891.693 -17777.896 403.331
f 4268 4210 4258
f 4268 4219 4210
v 12904.041 -17799.803 448.582
f 4269 4221 4260
v 12894.071 -17818.994 463.403
f 4270 4213 4261
f 4270 4222 4213
f 4270 4236 4222
v 12875.580 -17824.635 483.589
f 4271 4223 4224
v 12873.282 -17824.102 483.994
f 4271 4224 4272
v 12890.622 -17783.819 388.243
f 4273 4252 4263
v 12898.749 -17783.819 379.911
f 4273 4274 4252
v 12894.147 -17777.186 416.992
f 4275 4225 4215
f 4275 4215 4262
f 4275 4239 4225
v 12902.785 -17788.485 440.174
f 4276 4226 4264
v 12901.318 -17809.208 455.870
f 4277 4227 4265
f 4277 4240 4227
v 12886.067 -17823.750 472.402
f 4278 4217 4266
f 4278 4228 4217
v 12867.927 -17803.389 522.016
v 12867.821 -17800.999 522.070
v 12870.778 -17800.999 527.500
f 4279 4280 4281
v 12897.952 -17780.215 429.307
f 4282 4218 4267
f 4282 4232 4218
v 12903.809 -17797.422 448.529
f 4283 4235 4221
f 4283 4221 4269
v 12895.784 -17817.324 463.446
f 4284 4236 4270
v 12877.918 -17824.932 483.176
f 4285 4237 4223
f 4285 4223 4271
v 12892.080 -17777.007 415.799
f 4286 4239 4275
v 12889.402 -17785.573 387.166
f 4287 4274 4273
v 12897.642 -17785.573 378.718
f 4287 4288 4274
v 12901.507 -17786.508 439.744
f 4289 4226 4276
f 4289 4238 4226
v 12902.018 -17806.922 455.958
f 4290 4240 4277
v 12888.288 -17822.876 472.235
f 4291 4228 4278
f 4291 4241 4228
f 4291 4250 4241
v 12896.011 -17779.123 428.431
f 4292 4232 4282
f 4292 4242 4232
v 12903.347 -17795.077 448.423
f 4293 4235 4283
f 4293 4244 4235
v 12897.321 -17815.491 463.484
f 4294 4236 4284
f 4294 4245 4236
v 12880.273 -17824.992 482.761
f 4295 4257 4246
f 4295 4237 4285
f 4295 4246 4237
v 12890.009 -17777.067 414.603
f 4296 4258 4247
f 4296 4247 4239
f 4296 4239 4286
v 12888.319 -17787.480 386.210
f 4297 4288 4287
v 12896.660 -17787.480 377.659
f 4297 4298 4288
v 12895.811 -17789.521 376.744
f 4297 4299 4298
v 12900.049 -17784.675 439.255
f 4300 4259 4248
f 4300 4238 4289
f 4300 4248 4238
v 12902.489 -17804.576 456.017
f 4301 4249 4240
f 4301 4240 4290
v 12890.411 -17821.784 472.076
f 4302 4250 4291
v 12893.981 -17778.249 427.515
f 4303 4242 4292
f 4303 4254 4242
v 12902.659 -17792.791 448.266
f 4304 4255 4244
f 4304 4244 4293
v 12898.668 -17813.514 463.517
f 4305 4245 4294
f 4305 4256 4245
v 12882.623 -17824.813 482.347
f 4306 4257 4295
v 12887.953 -17777.364 413.416
f 4307 4258 4296
v 12887.383 -17789.521 385.385
f 4308 4299 4297
v 12898.425 -17783.005 438.709
f 4309 4259 4300
f 4309 4267 4259
v 12902.725 -17802.196 456.046
f 4310 4260 4249
f 4310 4249 4301
v 12892.415 -17820.486 471.926
f 4311 4250 4302
f 4311 4261 4250
v 12891.882 -17777.601 426.568
f 4312 4254 4303
f 4312 4262 4254
v 12901.753 -17790.586 448.060
f 4313 4264 4255
f 4313 4255 4304
v 12899.812 -17811.413 463.546
f 4314 4256 4305
f 4314 4265 4256
v 12884.943 -17824.398 481.937
f 4315 4257 4306
f 4315 4266 4257
f 4315 4278 4266
v 12886.605 -17791.677 384.698
v 12895.105 -17791.677 375.983
f 4316 4317 4299
f 4316 4299 4308
v 12885.933 -17777.896 412.250
f 4318 4268 4258
f 4318 4258 4307
v 12896.652 -17781.513 438.113
f 4319 4282 4267
f 4319 4267 4309
v 12902.725 -17799.803 456.046
f 4320 4260 4310
f 4320 4269 4260
f 4320 4283 4269
v 12894.280 -17818.994 471.786
f 4321 4284 4270
f 4321 4270 4261
f 4321 4261 4311
v 12877.890 -17824.635 493.713
v 12875.645 -17824.102 494.345
f 4322 4272 4323
f 4322 4285 4271
f 4322 4271 4272
v 12889.734 -17777.186 425.599
f 4324 4286 4275
f 4324 4262 4312
f 4324 4275 4262
v 12900.637 -17788.485 447.805
f 4325 4264 4313
f 4325 4276 4264
v 12900.741 -17809.208 463.569
f 4326 4265 4314
f 4326 4277 4265
v 12887.211 -17823.750 481.538
f 4327 4278 4315
v 12874.102 -17803.389 532.711
v 12874.001 -17800.999 532.776
v 12877.484 -17800.999 537.884
f 4328 4329 4330
v 12894.747 -17780.215 437.473
f 4331 4282 4319
v 12902.489 -17797.422 456.017
f 4332 4283 4320
v 12895.988 -17817.324 471.658
f 4333 4284 4321
v 12880.176 -17824.932 493.070
f 4334 4295 4285
f 4334 4285 4322
v 12871.532 -17814.519 520.168
v 12867.963 -17816.426 508.751
v 12866.618 -17814.519 509.279
f 4335 4336 4337
v 12887.559 -17777.007 424.617
f 4338 4286 4324
v 12899.323 -17786.508 447.505
f 4339 4276 4325
f 4339 4300 4289
f 4339 4289 4276
v 12901.446 -17806.922 463.587
f 4340 4290 4277
f 4340 4301 4290
f 4340 4277 4326
v 12889.405 -17822.876 481.151
f 4341 4278 4327
f 4341 4291 4278
v 12892.729 -17779.123 436.795
f 4342 4282 4331
f 4342 4292 4282
v 12902.018 -17795.077 455.958
f 4343 4304 4293
f 4343 4283 4332
f 4343 4293 4283
v 12897.522 -17815.491 471.543
f 4344 4284 4333
f 4344 4294 4284
v 12882.478 -17824.992 492.422
f 4345 4295 4334
v 12872.817 -17816.426 519.509
f 4346 4336 4335
v 12885.379 -17777.067 423.634
f 4347 4296 4286
f 4347 4286 4338
f 4347 4307 4296
v 12897.824 -17784.675 447.163
f 4348 4300 4339
v 12901.920 -17804.576 463.599
f 4349 4301 4340
v 12891.502 -17821.784 480.781
f 4350 4302 4291
f 4350 4291 4341
v 12890.618 -17778.249 436.086
f 4351 4303 4292
f 4351 4312 4303
f 4351 4292 4342
v 12901.318 -17792.791 455.870
f 4352 4304 4343
v 12898.866 -17813.514 471.443
f 4353 4305 4294
f 4353 4294 4344
v 12884.775 -17824.813 491.776
f 4354 4295 4345
f 4354 4306 4295
v 12874.265 -17818.180 518.766
v 12869.478 -17818.180 508.156
f 4355 4356 4336
v 12871.148 -17819.763 507.501
f 4355 4357 4356
f 4355 4336 4346
v 12883.215 -17777.364 422.657
f 4358 4307 4347
v 12896.154 -17783.005 446.782
f 4359 4309 4300
f 4359 4300 4348
v 12902.158 -17802.196 463.605
f 4360 4301 4349
f 4360 4310 4301
v 12893.481 -17820.486 480.432
f 4361 4311 4302
f 4361 4302 4350
v 12879.026 -17824.102 504.409
f 4362 4322 4323
v 12888.434 -17777.601 435.352
f 4363 4324 4312
f 4363 4312 4351
v 12900.396 -17790.586 455.754
f 4364 4304 4352
f 4364 4313 4304
f 4364 4325 4313
v 12900.007 -17811.413 471.357
f 4365 4326 4314
f 4365 4314 4305
f 4365 4305 4353
v 12887.043 -17824.398 491.138
f 4366 4327 4315
f 4366 4306 4354
f 4366 4315 4306
v 12875.862 -17819.763 517.948
f 4367 4357 4355
v 12881.089 -17777.896 421.698
f 4368 4307 4358
f 4368 4318 4307
v 12894.330 -17781.513 446.365
f 4369 4309 4359
f 4369 4319 4309
v 12902.158 -17799.803 463.605
f 4370 4310 4360
f 4370 4320 4310
v 12895.323 -17818.994 480.107
f 4371 4311 4361
f 4371 4321 4311
v 12881.198 -17824.635 503.557
f 4372 4322 4362
v 12886.201 -17777.186 434.602
f 4373 4324 4363
v 12899.261 -17788.485 455.612
f 4374 4325 4364
v 12900.934 -17809.208 471.288
f 4375 4326 4365
f 4375 4340 4326
v 12889.260 -17823.750 490.514
f 4376 4341 4327
f 4376 4327 4366
v 12877.590 -17821.160 517.061
v 12872.956 -17821.160 506.791
f 4377 4378 4357
f 4377 4357 4367
v 12881.311 -17803.389 542.738
v 12881.218 -17800.999 542.813
v 12885.192 -17800.999 547.549
f 4379 4380 4381
v 12892.371 -17780.215 445.918
f 4382 4319 4369
f 4382 4331 4319
v 12901.920 -17797.422 463.599
f 4383 4332 4320
f 4383 4320 4370
v 12897.010 -17817.324 479.810
f 4384 4333 4321
f 4384 4321 4371
v 12883.408 -17824.932 502.689
f 4385 4334 4322
f 4385 4322 4372
f 4385 4345 4334
v 12883.939 -17777.007 433.842
f 4386 4338 4324
f 4386 4347 4338
f 4386 4324 4373
v 12897.923 -17786.508 455.444
f 4387 4339 4325
f 4387 4325 4374
v 12901.637 -17806.922 471.235
f 4388 4340 4375
v 12891.404 -17822.876 489.911
f 4389 4341 4376
v 12879.434 -17822.356 516.116
v 12874.885 -17822.356 506.034
f 4390 4391 4378
f 4390 4378 4377
v 12890.295 -17779.123 445.444
f 4392 4331 4382
f 4392 4342 4331
v 12901.446 -17795.077 463.587
f 4393 4332 4383
f 4393 4343 4332
v 12898.524 -17815.491 479.543
f 4394 4344 4333
f 4394 4333 4384
f 4394 4353 4344
v 12885.634 -17824.992 501.816
f 4395 4345 4385
f 4395 4354 4345
v 12878.718 -17816.426 529.729
v 12877.505 -17814.519 530.513
f 4396 4335 4397
f 4396 4346 4335
f 4396 4355 4346
v 12881.672 -17777.067 433.080
f 4398 4347 4386
v 12896.397 -17784.675 455.253
f 4399 4348 4339
f 4399 4359 4348
f 4399 4339 4387
v 12902.110 -17804.576 471.200
f 4400 4349 4340
f 4400 4340 4388
v 12893.454 -17821.784 489.334
f 4401 4350 4341
f 4401 4341 4389
v 12881.375 -17823.340 515.121
f 4402 4391 4390
v 12876.915 -17823.340 505.237
f 4402 4403 4391
v 12888.124 -17778.249 444.949
f 4404 4363 4351
f 4404 4342 4392
f 4404 4351 4342
v 12900.741 -17792.791 463.569
f 4405 4352 4343
f 4405 4343 4393
v 12899.852 -17813.514 479.309
f 4406 4353 4394
v 12887.855 -17824.813 500.944
f 4407 4366 4354
f 4407 4354 4395
v 12880.085 -17818.180 528.846
f 4408 4355 4396
v 12879.421 -17777.364 432.324
f 4409 4358 4347
f 4409 4368 4358
f 4409 4347 4398
v 12894.698 -17783.005 455.040
f 4410 4359 4399
v 12902.347 -17802.196 471.182
f 4411 4370 4360
f 4411 4360 4349
f 4411 4349 4400
v 12895.388 -17820.486 488.790
f 4412 4350 4401
f 4412 4361 4350
v 12883.393 -17824.102 514.086
f 4413 4403 4402
f 4413 4362 4403
v 12885.879 -17777.601 444.436
f 4414 4363 4404
v 12899.812 -17790.586 463.546
f 4415 4352 4405
f 4415 4364 4352
v 12900.979 -17811.413 479.110
f 4416 4353 4406
f 4416 4365 4353
v 12890.049 -17824.398 500.083
f 4417 4366 4407
f 4417 4376 4366
v 12881.592 -17819.763 527.873
f 4418 4367 4355
f 4418 4355 4408
v 12877.210 -17777.896 431.581
f 4419 4368 4409
v 12892.842 -17781.513 454.808
f 4420 4382 4369
f 4420 4359 4410
f 4420 4369 4359
v 12902.347 -17799.803 471.182
f 4421 4383 4370
f 4421 4370 4411
v 12897.189 -17818.994 488.283
f 4422 4361 4412
f 4422 4371 4361
v 12885.469 -17824.635 513.022
f 4423 4385 4372
f 4423 4362 4413
f 4423 4372 4362
v 12883.581 -17777.186 443.912
f 4424 4373 4363
f 4424 4363 4414
v 12898.668 -17788.485 463.517
f 4425 4364 4415
f 4425 4374 4364
v 12901.894 -17809.208 478.949
f 4426 4375 4365
f 4426 4365 4416
v 12892.193 -17823.750 499.242
f 4427 4376 4417
v 12883.224 -17821.160 526.819
f 4428 4367 4418
f 4428 4377 4367
v 12889.483 -17803.389 551.998
v 12889.397 -17800.999 552.081
v 12893.823 -17800.999 556.398
f 4429 4430 4431
v 12890.848 -17780.215 454.558
f 4432 4382 4420
v 12902.110 -17797.422 471.200
f 4433 4383 4421
v 12898.838 -17817.324 487.819
f 4434 4384 4371
f 4434 4371 4422
v 12887.581 -17824.932 511.939
f 4435 4385 4423
v 12884.478 -17814.519 540.213
f 4436 4396 4397
v 12881.255 -17777.007 443.381
f 4437 4386 4373
f 4437 4373 4424
v 12897.321 -17786.508 463.484
f 4438 4374 4425
f 4438 4399 4387
f 4438 4387 4374
v 12902.588 -17806.922 478.826
f 4439 4388 4375
f 4439 4375 4426
v 12894.266 -17822.876 498.428
f 4440 4401 4389
f 4440 4389 4376
f 4440 4376 4427
v 12884.965 -17822.356 525.695
f 4441 4390 4377
f 4441 4377 4428
f 4441 4402 4390
v 12888.735 -17779.123 454.293
f 4442 4392 4382
f 4442 4382 4432
v 12901.637 -17795.077 471.235
f 4443 4405 4393
f 4443 4383 4433
f 4443 4393 4383
v 12900.318 -17815.491 487.403
f 4444 4394 4384
f 4444 4406 4394
f 4444 4384 4434
v 12889.710 -17824.992 510.848
f 4445 4395 4385
f 4445 4407 4395
f 4445 4385 4435
v 12885.607 -17816.426 539.312
f 4446 4396 4436
v 12878.923 -17777.067 442.849
f 4447 4398 4386
f 4447 4386 4437
v 12895.784 -17784.675 463.446
f 4448 4399 4438
v 12903.055 -17804.576 478.744
f 4449 4411 4400
f 4449 4400 4388
f 4449 4388 4439
v 12896.248 -17821.784 497.650
f 4450 4401 4440
v 12886.797 -17823.340 524.512
f 4451 4402 4441
v 12886.525 -17778.249 454.016
f 4452 4404 4392
f 4452 4414 4404
f 4452 4392 4442
v 12900.934 -17792.791 471.288
f 4453 4405 4443
v 12901.616 -17813.514 487.038
f 4454 4406 4444
v 12891.833 -17824.813 509.760
f 4455 4407 4445
v 12886.880 -17818.180 538.297
f 4456 4396 4446
f 4456 4408 4396
v 12876.609 -17777.364 442.321
f 4457 4409 4398
f 4457 4398 4447
v 12894.071 -17783.005 463.403
f 4458 4410 4399
f 4458 4399 4448
v 12903.290 -17802.196 478.702
f 4459 4411 4449
v 12898.119 -17820.486 496.916
f 4460 4412 4401
f 4460 4401 4450
v 12888.702 -17824.102 523.281
f 4461 4413 4402
f 4461 4402 4451
v 12884.240 -17777.601 453.730
f 4462 4424 4414
f 4462 4414 4452
v 12900.007 -17790.586 471.357
f 4463 4415 4405
f 4463 4405 4453
v 12902.717 -17811.413 486.728
f 4464 4406 4454
f 4464 4416 4406
v 12893.930 -17824.398 508.685
f 4465 4417 4407
f 4465 4407 4455
v 12888.282 -17819.763 537.179
f 4466 4418 4408
f 4466 4428 4418
f 4466 4408 4456
v 12874.335 -17777.896 441.801
f 4467 4409 4457
f 4467 4419 4409
v 12892.201 -17781.513 463.356
f 4468 4410 4458
f 4468 4420 4410
v 12903.290 -17799.803 478.702
f 4469 4411 4459
f 4469 4421 4411
v 12899.860 -17818.994 496.232
f 4470 4422 4412
f 4470 4412 4460
v 12890.661 -17824.635 522.016
f 4471 4423 4413
f 4471 4413 4461
v 12881.902 -17777.186 453.437
f 4472 4424 4462
v 12898.866 -17788.485 471.443
f 4473 4438 4425
f 4473 4415 4463
f 4473 4425 4415
v 12903.612 -17809.208 486.476
f 4474 4426 4416
f 4474 4416 4464
v 12895.979 -17823.750 507.634
f 4475 4417 4465
f 4475 4427 4417
v 12889.801 -17821.160 535.968
f 4476 4428 4466
v 12898.536 -17803.389 560.398
v 12898.459 -17800.999 560.490
v 12903.293 -17800.999 564.344
f 4477 4478 4479
v 12890.192 -17780.215 463.306
f 4480 4432 4420
f 4480 4420 4468
v 12903.055 -17797.422 478.744
f 4481 4421 4469
f 4481 4433 4421
v 12901.454 -17817.324 495.607
f 4482 4444 4434
f 4482 4422 4470
f 4482 4434 4422
v 12892.655 -17824.932 520.728
f 4483 4435 4423
f 4483 4423 4471
v 12879.534 -17777.007 453.140
f 4484 4437 4424
f 4484 4424 4472
f 4484 4447 4437
v 12897.522 -17786.508 471.543
f 4485 4438 4473
v 12904.291 -17806.922 486.285
f 4486 4426 4474
f 4486 4449 4439
f 4486 4439 4426
v 12897.961 -17822.876 506.618
f 4487 4427 4475
f 4487 4440 4427
f 4487 4450 4440
v 12891.421 -17822.356 534.676
f 4488 4441 4428
f 4488 4428 4476
v 12888.064 -17779.123 463.253
f 4489 4442 4432
f 4489 4432 4480
f 4489 4452 4442
v 12902.588 -17795.077 478.826
f 4490 4443 4433
f 4490 4433 4481
v 12902.886 -17815.491 495.045
f 4491 4444 4482
v 12894.665 -17824.992 519.430
f 4492 4435 4483
f 4492 4445 4435
v 12877.161 -17777.067 452.843
f 4493 4447 4484
v 12895.988 -17784.675 471.658
f 4494 4438 4485
f 4494 4448 4438
v 12904.747 -17804.576 486.156
f 4495 4449 4486
f 4495 4459 4449
v 12899.856 -17821.784 505.647
f 4496 4450 4487
v 12893.126 -17823.340 533.316
f 4497 4441 4488
f 4497 4451 4441
v 12885.837 -17778.249 463.197
f 4498 4452 4489
v 12901.894 -17792.791 478.949
f 4499 4453 4443
f 4499 4443 4490
f 4499 4463 4453
v 12904.141 -17813.514 494.552
f 4500 4454 4444
f 4500 4444 4491
v 12896.669 -17824.813 518.136
f 4501 4445 4492
f 4501 4455 4445
v 12874.806 -17777.364 452.547
f 4502 4467 4457
f 4502 4457 4447
f 4502 4447 4493
v 12894.280 -17783.005 471.786
f 4503 4468 4458
f 4503 4458 4448
f 4503 4448 4494
v 12904.976 -17802.196 486.092
f 4504 4459 4495
v 12901.644 -17820.486 504.730
f 4505 4460 4450
f 4505 4450 4496
v 12894.899 -17824.102 531.902
f 4506 4451 4497
f 4506 4461 4451
v 12883.535 -17777.601 463.140
f 4507 4452 4498
f 4507 4462 4452
v 12900.979 -17790.586 479.110
f 4508 4463 4499
v 12905.206 -17811.413 494.134
f 4509 4464 4454
f 4509 4454 4500
v 12898.648 -17824.398 516.857
f 4510 4455 4501
f 4510 4465 4455
f 4510 4475 4465
v 12872.491 -17777.896 452.257
f 4511 4467 4502
v 12892.415 -17781.513 471.926
f 4512 4468 4503
v 12904.976 -17799.803 486.092
f 4513 4469 4459
f 4513 4459 4504
v 12903.309 -17818.994 503.876
f 4514 4470 4460
f 4514 4460 4505
v 12896.723 -17824.635 530.447
f 4515 4471 4461
f 4515 4461 4506
f 4515 4483 4471
v 12881.179 -17777.186 463.081
f 4516 4484 4472
f 4516 4462 4507
f 4516 4472 4462
v 12899.852 -17788.485 479.309
f 4517 4473 4463
f 4517 4463 4508
v 12906.071 -17809.208 493.795
f 4518 4474 4464
f 4518 4464 4509
v 12900.583 -17823.750 515.608
f 4519 4475 4510
v 12908.380 -17803.389 567.855
v 12908.313 -17800.999 567.954
v 12913.507 -17800.999 571.308
f 4520 4521 4522
v 12890.411 -17780.215 472.076
f 4523 4480 4468
f 4523 4468 4512
v 12904.747 -17797.422 486.156
f 4524 4490 4481
f 4524 4481 4469
f 4524 4469 4513
v 12904.833 -17817.324 503.095
f 4525 4470 4514
f 4525 4482 4470
v 12898.579 -17824.932 528.967
f 4526 4483 4515
f 4526 4492 4483
v 12878.794 -17777.007 463.022
f 4527 4484 4516
v 12898.524 -17786.508 479.543
f 4528 4473 4517
f 4528 4485 4473
v 12906.727 -17806.922 493.537
f 4529 4486 4474
f 4529 4474 4518
v 12902.454 -17822.876 514.399
f 4530 4475 4519
f 4530 4496 4487
f 4530 4487 4475
v 12888.288 -17779.123 472.235
f 4531 4480 4523
f 4531 4489 4480
v 12904.291 -17795.077 486.285
f 4532 4490 4524
v 12906.202 -17815.491 502.393
f 4533 4491 4482
f 4533 4482 4525
v 12900.449 -17824.992 527.476
f 4534 4492 4526
f 4534 4501 4492
v 12876.403 -17777.067 462.962
f 4535 4493 4484
f 4535 4484 4527
v 12897.010 -17784.675 479.810
f 4536 4485 4528
f 4536 4494 4485
f 4536 4503 4494
v 12907.169 -17804.576 493.364
f 4537 4486 4529
f 4537 4495 4486
v 12904.242 -17821.784 513.244
f 4538 4496 4530
v 12886.067 -17778.249 472.402
f 4539 4489 4531
f 4539 4498 4489
f 4539 4507 4498
v 12903.612 -17792.791 486.476
f 4540 4499 4490
f 4540 4490 4532
f 4540 4508 4499
v 12907.401 -17813.514 501.778
f 4541 4500 4491
f 4541 4491 4533
v 12902.315 -17824.813 525.988
f 4542 4501 4534
f 4542 4510 4501
v 12874.029 -17777.364 462.903
f 4543 4502 4493
f 4543 4493 4535
v 12895.323 -17783.005 480.107
f 4544 4503 4536
v 12907.391 -17802.196 493.277
f 4545 4504 4495
f 4545 4495 4537
v 12905.931 -17820.486 512.154
f 4546 4496 4538
f 4546 4514 4505
f 4546 4505 4496
v 12883.770 -17777.601 472.574
f 4547 4507 4539
f 4547 4516 4507
v 12902.717 -17790.586 486.728
f 4548 4508 4540
v 12908.419 -17811.413 501.256
f 4549 4500 4541
f 4549 4509 4500
v 12904.157 -17824.398 524.519
f 4550 4519 4510
f 4550 4510 4542
v 12871.698 -17777.896 462.845
f 4551 4511 4502
f 4551 4502 4543
v 12893.481 -17781.513 480.432
f 4552 4503 4544
f 4552 4512 4503
v 12907.391 -17799.803 493.277
f 4553 4513 4504
f 4553 4524 4513
f 4553 4504 4545
v 12907.502 -17818.994 511.139
f 4554 4514 4546
v 12903.595 -17824.635 538.234
v 12901.925 -17824.102 539.862
f 4555 4506 4556
f 4555 4515 4506
v 12881.420 -17777.186 472.750
f 4557 4516 4547
v 12901.616 -17788.485 487.038
f 4558 4517 4508
f 4558 4528 4517
f 4558 4508 4548
v 12909.246 -17809.208 500.832
f 4559 4518 4509
f 4559 4509 4549
v 12905.958 -17823.750 523.083
f 4560 4519 4550
v 12918.918 -17803.389 574.295
v 12918.861 -17800.999 574.399
v 12924.363 -17800.999 577.220
f 4561 4562 4563
v 12891.502 -17780.215 480.781
f 4564 4512 4552
f 4564 4523 4512
v 12907.169 -17797.422 493.364
f 4565 4524 4553
v 12908.941 -17817.324 510.209
f 4566 4525 4514
f 4566 4514 4554
v 12905.294 -17824.932 536.576
f 4567 4526 4515
f 4567 4515 4555
v 12879.041 -17777.007 472.928
f 4568 4535 4527
f 4568 4527 4516
f 4568 4516 4557
v 12900.318 -17786.508 487.403
f 4569 4528 4558
v 12909.874 -17806.922 500.511
f 4570 4529 4518
f 4570 4518 4559
v 12907.699 -17822.876 521.695
f 4571 4538 4530
f 4571 4519 4560
f 4571 4530 4519
v 12889.405 -17779.123 481.151
f 4572 4531 4523
f 4572 4523 4564
v 12906.727 -17795.077 493.537
f 4573 4524 4565
f 4573 4532 4524
v 12910.233 -17815.491 509.375
f 4574 4525 4566
f 4574 4533 4525
v 12907.006 -17824.992 534.906
f 4575 4526 4567
f 4575 4534 4526
v 12876.656 -17777.067 473.107
f 4576 4535 4568
v 12898.838 -17784.675 487.819
f 4577 4536 4528
f 4577 4544 4536
f 4577 4528 4569
v 12910.296 -17804.576 500.294
f 4578 4537 4529
f 4578 4529 4570
v 12909.364 -17821.784 520.367
f 4579 4538 4571
v 12887.211 -17778.249 481.538
f 4580 4547 4539
f 4580 4539 4531
f 4580 4531 4572
v 12906.071 -17792.791 493.795
f 4581 4540 4532
f 4581 4532 4573
v 12908.714 -17824.813 533.240
f 4582 4542 4534
f 4582 4550 4542
f 4582 4534 4575
v 12911.365 -17813.514 508.644
f 4583 4541 4533
f 4583 4533 4574
v 12874.288 -17777.364 473.284
f 4584 4535 4576
f 4584 4543 4535
v 12897.189 -17783.005 488.283
f 4585 4544 4577
v 12910.508 -17802.196 500.186
f 4586 4545 4537
f 4586 4537 4578
v 12910.935 -17820.486 519.114
f 4587 4546 4538
f 4587 4538 4579
v 12909.708 -17824.102 547.084
f 4588 4555 4556
v 12884.943 -17777.601 481.937
f 4589 4547 4580
v 12905.206 -17790.586 494.134
f 4590 4548 4540
f 4590 4540 4581
f 4590 4558 4548
v 12912.326 -17811.413 508.023
f 4591 4541 4583
f 4591 4549 4541
v 12910.401 -17824.398 531.595
f 4592 4550 4582
v 12871.962 -17777.896 473.459
f 4593 4551 4543
f 4593 4543 4584
v 12895.388 -17781.513 488.790
f 4594 4544 4585
f 4594 4552 4544
v 12910.508 -17799.803 500.186
f 4595 4553 4545
f 4595 4545 4586
v 12912.397 -17818.994 517.948
f 4596 4546 4587
f 4596 4554 4546
f 4596 4566 4554
v 12911.207 -17824.635 545.297
f 4597 4555 4588
v 12882.623 -17777.186 482.347
f 4598 4557 4547
f 4598 4547 4589
v 12904.141 -17788.485 494.552
f 4599 4558 4590
v 12913.107 -17809.208 507.519
f 4600 4549 4591
f 4600 4559 4549
v 12912.050 -17823.750 529.987
f 4601 4550 4592
f 4601 4560 4550
v 12930.045 -17803.389 579.653
v 12929.999 -17800.999 579.763
v 12935.754 -17800.999 582.022
f 4602 4603 4604
v 12893.454 -17780.215 489.334
f 4605 4564 4552
f 4605 4552 4594
f 4605 4572 4564
v 12910.296 -17797.422 500.294
f 4606 4553 4595
f 4606 4565 4553
v 12913.736 -17817.324 516.880
f 4607 4566 4596
v 12912.733 -17824.932 543.478
f 4608 4575 4567
f 4608 4555 4597
f 4608 4567 4555
v 12880.273 -17777.007 482.761
f 4609 4568 4557
f 4609 4557 4598
v 12902.886 -17786.508 495.045
f 4610 4558 4599
f 4610 4569 4558
v 12913.699 -17806.922 507.136
f 4611 4578 4570
f 4611 4570 4559
f 4611 4559 4600
v 12913.644 -17822.876 528.431
f 4612 4579 4571
f 4612 4560 4601
f 4612 4571 4560
v 12891.404 -17779.123 489.911
f 4613 4580 4572
f 4613 4572 4605
v 12909.874 -17795.077 500.511
f 4614 4565 4606
f 4614 4573 4565
v 12914.939 -17815.491 515.921
f 4615 4574 4566
f 4615 4566 4607
v 12914.271 -17824.992 541.646
f 4616 4575 4608
v 12877.918 -17777.067 483.176
f 4617 4568 4609
f 4617 4576 4568
v 12901.454 -17784.675 495.607
f 4618 4577 4569
f 4618 4569 4610
f 4618 4585 4577
v 12915.168 -17821.784 526.945
f 4619 4579 4612
v 12914.098 -17804.576 506.879
f 4620 4578 4611
f 4620 4586 4578
v 12889.260 -17778.249 490.514
f 4621 4580 4613
f 4621 4589 4580
v 12909.246 -17792.791 500.832
f 4622 4581 4573
f 4622 4573 4614
v 12915.804 -17824.813 539.818
f 4623 4575 4616
f 4623 4582 4575
v 12915.993 -17813.514 515.081
f 4624 4583 4574
f 4624 4574 4615
v 12875.580 -17777.364 483.589
f 4625 4584 4576
f 4625 4576 4617
v 12899.860 -17783.005 496.232
f 4626 4585 4618
v 12914.298 -17802.196 506.750
f 4627 4586 4620
v 12916.607 -17820.486 525.541
f 4628 4587 4579
f 4628 4596 4587
f 4628 4579 4619
v 12887.043 -17777.601 491.138
f 4629 4589 4621
v 12908.419 -17790.586 501.256
f 4630 4590 4581
f 4630 4581 4622
v 12916.887 -17811.413 514.367
f 4631 4591 4583
f 4631 4583 4624
v 12917.319 -17824.398 538.013
f 4632 4592 4582
f 4632 4582 4623
v 12873.282 -17777.896 483.994
f 4633 4584 4625
f 4633 4593 4584
v 12898.119 -17781.513 496.916
f 4634 4585 4626
f 4634 4594 4585
v 12914.298 -17799.803 506.750
f 4635 4595 4586
f 4635 4606 4595
f 4635 4586 4627
v 12917.946 -17818.994 524.235
f 4636 4596 4628
v 12919.485 -17824.635 551.567
f 4637 4597 4588
v 12918.171 -17824.102 553.495
f 4637 4588 4638
v 12907.401 -17788.485 501.778
f 4639 4599 4590
f 4639 4590 4630
v 12884.775 -17777.186 491.776
f 4640 4598 4589
f 4640 4589 4629
f 4640 4609 4598
v 12918.799 -17823.750 536.249
f 4641 4601 4592
f 4641 4592 4632
f 4641 4612 4601
v 12917.614 -17809.208 513.788
f 4642 4600 4591
f 4642 4591 4631
v 12896.248 -17780.215 497.650
f 4643 4594 4634
f 4643 4605 4594
v 12919.172 -17817.324 523.039
f 4644 4596 4636
f 4644 4607 4596
v 12914.098 -17797.422 506.879
f 4645 4606 4635
v 12920.822 -17824.932 549.606
f 4646 4608 4597
f 4646 4597 4637
v 12882.478 -17777.007 492.422
f 4647 4609 4640
v 12920.231 -17822.876 534.543
f 4648 4612 4641
v 12918.165 -17806.922 513.348
f 4649 4611 4600
f 4649 4600 4642
v 12906.202 -17786.508 502.393
f 4650 4610 4599
f 4650 4599 4639
v 12894.266 -17779.123 498.428
f 4651 4605 4643
f 4651 4613 4605
v 12920.273 -17815.491 521.966
f 4652 4607 4644
f 4652 4615 4607
v 12913.699 -17795.077 507.136
f 4653 4614 4606
f 4653 4622 4614
f 4653 4606 4645
v 12922.170 -17824.992 547.630
f 4654 4623 4616
f 4654 4608 4646
f 4654 4616 4608
v 12880.176 -17777.067 493.070
f 4655 4609 4647
f 4655 4625 4617
f 4655 4617 4609
v 12918.536 -17804.576 513.052
f 4656 4611 4649
f 4656 4620 4611
v 12904.833 -17784.675 503.095
f 4657 4610 4650
f 4657 4618 4610
v 12921.599 -17821.784 532.912
f 4658 4619 4612
f 4658 4612 4648
v 12892.193 -17778.249 499.242
f 4659 4629 4621
f 4659 4613 4651
f 4659 4621 4613
v 12921.238 -17813.514 521.024
f 4660 4631 4624
f 4660 4624 4615
f 4660 4615 4652
v 12913.107 -17792.791 507.519
f 4661 4622 4653
v 12923.514 -17824.813 545.658
f 4662 4623 4654
v 12877.890 -17777.364 493.713
f 4663 4625 4655
v 12903.309 -17783.005 503.876
f 4664 4626 4618
f 4664 4618 4657
v 12922.891 -17820.486 531.372
f 4665 4628 4619
f 4665 4619 4658
v 12918.722 -17802.196 512.904
f 4666 4627 4620
f 4666 4635 4627
f 4666 4620 4656
v 12927.231 -17824.102 559.031
f 4667 4637 4638
v 12922.057 -17811.413 520.226
f 4668 4631 4660
v 12912.326 -17790.586 508.023
f 4669 4639 4630
f 4669 4630 4622
f 4669 4622 4661
v 12890.049 -17777.601 500.083
f 4670 4640 4629
f 4670 4629 4659
v 12924.841 -17824.398 543.711
f 4671 4623 4662
f 4671 4632 4623
v 12875.645 -17777.896 494.345
f 4672 4625 4663
f 4672 4633 4625
v 12901.644 -17781.513 504.730
f 4673 4634 4626
f 4673 4626 4664
v 12924.094 -17818.994 529.939
f 4674 4628 4665
f 4674 4636 4628
v 12918.722 -17799.803 512.904
f 4675 4635 4666
v 12928.346 -17824.635 556.982
f 4676 4646 4637
f 4676 4637 4667
v 12911.365 -17788.485 508.644
f 4677 4639 4669
v 12887.855 -17777.186 500.944
f 4678 4640 4670
v 12926.139 -17823.750 541.808
f 4679 4632 4671
f 4679 4641 4632
v 12922.723 -17809.208 519.577
f 4680 4642 4631
f 4680 4631 4668
v 12899.856 -17780.215 505.647
f 4681 4634 4673
f 4681 4643 4634
v 12925.195 -17817.324 528.627
f 4682 4636 4674
f 4682 4644 4636
v 12918.536 -17797.422 513.052
f 4683 4635 4675
f 4683 4645 4635
v 12929.481 -17824.932 554.897
f 4684 4646 4676
f 4684 4654 4646
v 12885.634 -17777.007 501.816
f 4685 4647 4640
f 4685 4640 4678
f 4685 4655 4647
v 12927.393 -17822.876 539.968
f 4686 4641 4679
f 4686 4648 4641
v 12923.228 -17806.922 519.084
f 4687 4649 4642
f 4687 4642 4680
f 4687 4656 4649
v 12910.233 -17786.508 509.375
f 4688 4639 4677
f 4688 4650 4639
v 12897.961 -17779.123 506.618
f 4689 4659 4651
f 4689 4651 4643
f 4689 4643 4681
v 12926.183 -17815.491 527.449
f 4690 4660 4652
f 4690 4652 4644
f 4690 4644 4682
v 12918.165 -17795.077 513.348
f 4691 4653 4645
f 4691 4645 4683
v 12930.625 -17824.992 552.797
f 4692 4654 4684
v 12883.408 -17777.067 502.689
f 4693 4655 4685
v 12923.567 -17804.576 518.753
f 4694 4656 4687
v 12908.941 -17784.675 510.209
f 4695 4657 4650
f 4695 4650 4688
v 12928.593 -17821.784 538.209
f 4696 4648 4686
f 4696 4658 4648
v 12895.979 -17778.249 507.634
f 4697 4659 4689
v 12927.050 -17813.514 526.417
f 4698 4660 4690
f 4698 4668 4660
v 12917.614 -17792.791 513.788
f 4699 4661 4653
f 4699 4653 4691
v 12931.766 -17824.813 550.701
f 4700 4654 4692
f 4700 4671 4662
f 4700 4662 4654
v 12881.198 -17777.364 503.557
f 4701 4655 4693
f 4701 4663 4655
v 12923.737 -17802.196 518.587
f 4702 4656 4694
f 4702 4666 4656
v 12907.502 -17783.005 511.139
f 4703 4657 4695
f 4703 4673 4664
f 4703 4664 4657
v 12929.725 -17820.486 536.548
f 4704 4665 4658
f 4704 4658 4696
v 12936.796 -17824.102 563.637
f 4705 4676 4667
v 12927.785 -17811.413 525.540
f 4706 4668 4698
v 12916.887 -17790.586 514.367
f 4707 4669 4661
f 4707 4661 4699
v 12893.930 -17777.601 508.685
f 4708 4670 4659
f 4708 4659 4697
v 12932.893 -17824.398 548.632
f 4709 4679 4671
f 4709 4671 4700
v 12879.026 -17777.896 504.409
f 4710 4663 4701
f 4710 4672 4663
v 12923.737 -17799.803 518.587
f 4711 4675 4666
f 4711 4666 4702
f 4711 4683 4675
v 12905.931 -17781.513 512.154
f 4712 4673 4703
v 12930.778 -17818.994 535.003
f 4713 4665 4704
f 4713 4674 4665
v 12937.702 -17824.635 561.488
f 4714 4676 4705
v 12915.993 -17788.485 515.081
f 4715 4677 4669
f 4715 4669 4707
f 4715 4688 4677
v 12891.833 -17777.186 509.760
f 4716 4678 4670
f 4716 4685 4678
f 4716 4670 4708
v 12933.995 -17823.750 546.609
f 4717 4679 4709
v 12928.382 -17809.208 524.828
f 4718 4668 4706
f 4718 4687 4680
f 4718 4680 4668
v 12923.567 -17797.422 518.753
f 4719 4683 4711
v 12904.242 -17780.215 513.244
f 4720 4689 4681
f 4720 4673 4712
f 4720 4681 4673
v 12931.743 -17817.324 533.588
f 4721 4674 4713
f 4721 4682 4674
v 12938.625 -17824.932 559.300
f 4722 4684 4676
f 4722 4676 4714
f 4722 4692 4684
v 12889.710 -17777.007 510.848
f 4723 4685 4716
v 12935.060 -17822.876 544.653
f 4724 4696 4686
f 4724 4679 4717
f 4724 4686 4679
v 12928.836 -17806.922 524.288
f 4725 4687 4718
v 12914.939 -17786.508 515.921
f 4726 4695 4688
f 4726 4688 4715
v 12923.228 -17795.077 519.084
f 4727 4691 4683
f 4727 4683 4719
f 4727 4699 4691
v 12902.454 -17779.123 514.399
f 4728 4689 4720
v 12932.610 -17815.491 532.317
f 4729 4690 4682
f 4729 4682 4721
v 12939.554 -17824.992 557.096
f 4730 4692 4722
v 12887.581 -17777.067 511.939
f 4731 4693 4685
f 4731 4685 4723
v 12929.141 -17804.576 523.925
f 4732 4687 4725
f 4732 4694 4687
v 12913.736 -17784.675 516.880
f 4733 4695 4726
v 12936.078 -17821.784 542.784
f 4734 4696 4724
v 12900.583 -17778.249 515.608
f 4735 4689 4728
f 4735 4697 4689
v 12933.369 -17813.514 531.203
f 4736 4698 4690
f 4736 4690 4729
v 12922.723 -17792.791 519.577
f 4737 4699 4727
v 12940.480 -17824.813 554.898
f 4738 4700 4692
f 4738 4709 4700
f 4738 4692 4730
v 12885.469 -17777.364 513.022
f 4739 4701 4693
f 4739 4693 4731
v 12929.294 -17802.196 523.742
f 4740 4702 4694
f 4740 4711 4702
f 4740 4694 4732
v 12912.397 -17783.005 517.948
f 4741 4695 4733
f 4741 4703 4695
v 12937.040 -17820.486 541.018
f 4742 4704 4696
f 4742 4713 4704
f 4742 4696 4734
v 12934.013 -17811.413 530.258
f 4743 4706 4698
f 4743 4698 4736
v 12922.057 -17790.586 520.226
f 4744 4699 4737
f 4744 4715 4707
f 4744 4707 4699
v 12898.648 -17777.601 516.857
f 4745 4708 4697
f 4745 4697 4735
f 4745 4716 4708
v 12941.396 -17824.398 552.726
f 4746 4709 4738
f 4746 4717 4709
v 12883.393 -17777.896 514.086
f 4747 4710 4701
f 4747 4701 4739
v 12929.294 -17799.803 523.742
f 4748 4711 4740
v 12910.935 -17781.513 519.114
f 4749 4712 4703
f 4749 4703 4741
v 12937.934 -17818.994 539.376
f 4750 4721 4713
f 4750 4713 4742
v 12947.461 -17824.635 565.040
f 4751 4714 4705
v 12946.773 -17824.102 567.269
f 4751 4705 4752
v 12921.238 -17788.485 521.024
f 4753 4715 4744
v 12896.669 -17777.186 518.136
f 4754 4716 4745
v 12942.290 -17823.750 550.604
f 4755 4717 4746
v 12934.537 -17809.208 529.490
f 4756 4718 4706
f 4756 4706 4743
v 12929.141 -17797.422 523.925
f 4757 4711 4748
f 4757 4719 4711
v 12909.364 -17780.215 520.367
f 4758 4712 4749
f 4758 4720 4712
v 12938.753 -17817.324 537.871
f 4759 4721 4750
v 12948.161 -17824.932 562.771
f 4760 4714 4751
f 4760 4722 4714
v 12920.273 -17786.508 521.966
f 4761 4726 4715
f 4761 4715 4753
v 12894.665 -17777.007 519.430
f 4762 4723 4716
f 4762 4731 4723
f 4762 4716 4754
v 12943.155 -17822.876 548.552
f 4763 4717 4755
f 4763 4724 4717
f 4763 4734 4724
v 12934.934 -17806.922 528.907
f 4764 4718 4756
f 4764 4725 4718
v 12928.836 -17795.077 524.288
f 4765 4719 4757
f 4765 4727 4719
v 12907.699 -17779.123 521.695
f 4766 4728 4720
f 4766 4720 4758
v 12939.489 -17815.491 536.521
f 4767 4721 4759
f 4767 4729 4721
v 12948.866 -17824.992 560.486
f 4768 4722 4760
f 4768 4730 4722
f 4768 4738 4730
v 12966.377 -17816.426 583.297
f 4769 2229 2230
v 12919.172 -17784.675 523.039
f 4770 4733 4726
f 4770 4726 4761
v 12892.655 -17777.067 520.728
f 4771 4731 4762
v 12935.201 -17804.576 528.516
f 4772 4725 4764
f 4772 4732 4725
v 12943.982 -17821.784 546.590
f 4773 4734 4763
v 12905.958 -17778.249 523.083
f 4774 4735 4728
f 4774 4728 4766
v 12928.382 -17792.791 524.828
f 4775 4727 4765
f 4775 4744 4737
f 4775 4737 4727
v 12940.133 -17813.514 535.337
f 4776 4729 4767
f 4776 4736 4729
v 12949.569 -17824.813 558.206
f 4777 4746 4738
f 4777 4738 4768
v 12966.539 -17818.180 581.677
f 4778 2230 2232
f 4778 2232 2233
f 4778 4769 2230
v 12917.946 -17783.005 524.235
f 4779 4741 4733
f 4779 4733 4770
v 12890.661 -17777.364 522.016
f 4780 4739 4731
f 4780 4731 4771
v 12935.336 -17802.196 528.319
f 4781 4740 4732
f 4781 4732 4772
v 12944.763 -17820.486 544.738
f 4782 4734 4773
f 4782 4742 4734
f 4782 4750 4742
v 12940.681 -17811.413 534.332
f 4783 4736 4776
f 4783 4743 4736
v 12927.785 -17790.586 525.540
f 4784 4744 4775
v 12904.157 -17777.601 524.519
f 4785 4735 4774
f 4785 4745 4735
v 12950.263 -17824.398 555.954
f 4786 4755 4746
f 4786 4746 4777
v 12966.718 -17819.763 579.892
f 4787 2233 2235
f 4787 2235 2236
f 4787 4778 2233
v 12888.702 -17777.896 523.281
f 4788 4739 4780
f 4788 4747 4739
v 12935.336 -17799.803 528.319
f 4789 4748 4740
f 4789 4740 4781
v 12916.607 -17781.513 525.541
f 4790 4741 4779
f 4790 4749 4741
v 12945.490 -17818.994 543.014
f 4791 4750 4782
v 12957.524 -17824.635 567.602
f 4792 4751 4752
f 4792 4760 4751
v 12957.062 -17824.102 569.889
f 4792 4752 4793
v 12927.050 -17788.485 526.417
f 4794 4744 4784
f 4794 4753 4744
v 12902.315 -17777.186 525.988
f 4795 4745 4785
f 4795 4754 4745
v 12950.942 -17823.750 553.753
f 4796 4755 4786
v 12941.125 -17809.208 533.516
f 4797 4764 4756
f 4797 4743 4783
f 4797 4756 4743
v 12966.911 -17821.160 577.959
f 4798 2236 2238
f 4798 2238 2239
f 4798 4787 2236
v 12935.201 -17797.422 528.516
f 4799 4748 4789
f 4799 4757 4748
v 12915.168 -17780.215 526.945
f 4800 4749 4790
f 4800 4758 4749
v 12946.155 -17817.324 541.436
f 4801 4759 4750
f 4801 4750 4791
v 12957.995 -17824.932 565.275
f 4802 4760 4792
v 12926.183 -17786.508 527.449
f 4803 4753 4794
f 4803 4761 4753
f 4803 4770 4761
v 12900.449 -17777.007 527.476
f 4804 4754 4795
f 4804 4762 4754
v 12951.599 -17822.876 551.625
f 4805 4763 4755
f 4805 4755 4796
f 4805 4773 4763
v 12941.462 -17806.922 532.897
f 4806 4764 4797
v 12967.118 -17822.356 575.898
f 4807 4798 2239
f 4807 2239 2241
f 4807 2241 2242
v 12934.934 -17795.077 528.907
f 4808 4757 4799
f 4808 4765 4757
v 12913.644 -17779.123 528.431
f 4809 4766 4758
f 4809 4758 4800
v 12946.752 -17815.491 540.019
f 4810 4767 4759
f 4810 4759 4801
v 12958.469 -17824.992 562.931
f 4811 4768 4760
f 4811 4760 4802
v 12925.195 -17784.675 528.627
f 4812 4770 4803
v 12898.579 -17777.067 528.967
f 4813 4762 4804
f 4813 4771 4762
v 12941.689 -17804.576 532.480
f 4814 4764 4806
f 4814 4772 4764
v 12952.226 -17821.784 549.590
f 4815 4773 4805
v 12967.335 -17823.340 573.728
f 4816 2242 2244
f 4816 2244 2245
f 4816 4807 2242
v 12912.050 -17778.249 529.987
f 4817 4766 4809
f 4817 4774 4766
v 12947.276 -17813.514 538.777
f 4818 4767 4810
f 4818 4776 4767
v 12934.537 -17792.791 529.490
f 4819 4775 4765
f 4819 4765 4808
f 4819 4784 4775
v 12958.941 -17824.813 560.592
f 4820 4768 4811
f 4820 4777 4768
v 12924.094 -17783.005 529.939
f 4821 4770 4812
f 4821 4790 4779
f 4821 4779 4770
v 12896.723 -17777.364 530.447
f 4822 4780 4771
f 4822 4771 4813
v 12941.803 -17802.196 532.271
f 4823 4772 4814
f 4823 4781 4772
v 12952.819 -17820.486 547.670
f 4824 4773 4815
f 4824 4782 4773
v 12967.561 -17824.102 571.471
f 4825 4816 2245
f 4825 2245 2247
f 4825 2247 2248
v 12910.401 -17777.601 531.595
f 4826 4774 4817
f 4826 4785 4774
f 4826 4795 4785
v 12947.720 -17811.413 537.722
f 4827 4783 4776
f 4827 4776 4818
v 12934.013 -17790.586 530.258
f 4828 4784 4819
v 12959.408 -17824.398 558.283
f 4829 4786 4777
f 4829 4777 4820
v 12894.899 -17777.896 531.902
f 4830 4780 4822
f 4830 4788 4780
v 12941.803 -17799.803 532.271
f 4831 4789 4781
f 4831 4799 4789
f 4831 4781 4823
v 12922.891 -17781.513 531.372
f 4832 4800 4790
f 4832 4790 4821
v 12953.370 -17818.994 545.882
f 4833 4782 4824
f 4833 4791 4782
v 12967.793 -17824.635 569.150
f 4834 4825 2248
f 4834 4792 4793
f 4834 2248 2250
f 4834 2250 2251
f 4834 4793 4825
f 4834 4802 4792
v 12908.714 -17777.186 533.240
f 4835 4795 4826
v 12933.369 -17788.485 531.203
f 4836 4794 4784
f 4836 4784 4828
v 12959.865 -17823.750 556.025
f 4837 4786 4829
f 4837 4796 4786
v 12948.081 -17809.208 536.866
f 4838 4783 4827
f 4838 4797 4783
v 12941.689 -17797.422 532.480
f 4839 4799 4831
v 12921.599 -17780.215 532.912
f 4840 4800 4832
v 12893.126 -17778.659 533.316
v 12886.797 -17778.659 524.512
f 4841 4842 4788
f 4841 4788 4830
v 12953.875 -17817.324 544.246
f 4843 4791 4833
f 4843 4801 4791
v 12968.029 -17824.932 566.788
f 4844 4802 4834
f 4844 2251 2253
f 4844 2253 2254
f 4844 4834 2251
v 12907.006 -17777.007 534.906
f 4845 4813 4804
f 4845 4795 4835
f 4845 4804 4795
v 12932.610 -17786.508 532.317
f 4846 4794 4836
f 4846 4803 4794
v 12960.306 -17822.876 553.842
f 4847 4815 4805
f 4847 4805 4796
f 4847 4796 4837
v 12948.355 -17806.922 536.216
f 4848 4806 4797
f 4848 4797 4838
f 4848 4814 4806
v 12941.462 -17795.077 532.897
f 4849 4808 4799
f 4849 4799 4839
v 12920.231 -17779.123 534.543
f 4850 4809 4800
f 4850 4800 4840
v 12891.421 -17779.643 534.676
v 12884.965 -17779.643 525.695
f 4851 4852 4842
f 4851 4842 4841
v 12954.328 -17815.491 542.776
f 4853 4810 4801
f 4853 4801 4843
v 12968.267 -17824.992 564.408
f 4854 4844 2254
f 4854 4811 4802
f 4854 2254 2256
f 4854 4820 4811
f 4854 2256 2257
f 4854 4802 4844
v 12905.294 -17777.067 536.576
f 4855 4813 4845
v 12931.743 -17784.675 533.588
f 4856 4803 4846
f 4856 4821 4812
f 4856 4812 4803
v 12948.539 -17804.576 535.779
f 4857 4814 4848
v 12960.728 -17821.784 551.755
f 4858 4815 4847
v 12918.799 -17778.249 536.249
f 4859 4826 4817
f 4859 4809 4850
f 4859 4817 4809
v 12889.801 -17780.839 535.968
v 12883.224 -17780.839 526.819
f 4860 4861 4852
f 4860 4852 4851
v 12954.725 -17813.514 541.488
f 4862 4810 4853
f 4862 4818 4810
v 12941.125 -17792.791 533.516
f 4863 4819 4808
f 4863 4808 4849
v 12968.505 -17824.813 562.034
f 4864 2257 2259
f 4864 4854 2257
f 4864 2259 2260
f 4864 4820 4854
v 12930.778 -17783.005 535.003
f 4865 4821 4856
v 12903.595 -17777.364 538.234
f 4866 4813 4855
f 4866 4822 4813
f 4866 4830 4822
v 12948.632 -17802.196 535.560
f 4867 4823 4814
f 4867 4814 4857
v 12961.126 -17820.486 549.785
f 4868 4824 4815
f 4868 4815 4858
v 12917.319 -17777.601 538.013
f 4869 4826 4859
v 12955.063 -17811.413 540.395
f 4870 4818 4862
f 4870 4827 4818
v 12940.681 -17790.586 534.332
f 4871 4828 4819
f 4871 4836 4828
f 4871 4819 4863
v 12968.740 -17824.398 559.689
f 4872 4829 4820
f 4872 4820 4864
f 4872 2260 2263
f 4872 2263 2264
f 4872 4864 2260
v 12901.925 -17777.896 539.862
f 4873 4830 4866
v 12948.632 -17799.803 535.560
f 4874 4823 4867
f 4874 4831 4823
f 4874 4839 4831
v 12929.725 -17781.513 536.548
f 4875 4832 4821
f 4875 4821 4865
v 12961.497 -17818.994 547.952
f 4876 4833 4824
f 4876 4824 4868
v 12915.804 -17777.186 539.818
f 4877 4835 4826
f 4877 4845 4835
f 4877 4826 4869
v 12940.133 -17788.485 535.337
f 4878 4836 4871
v 12968.969 -17823.750 557.397
f 4879 4837 4829
f 4879 4829 4872
f 4879 2264 2267
f 4879 2267 2268
f 4879 4872 2264
v 12955.337 -17809.208 539.507
f 4880 4827 4870
f 4880 4838 4827
v 12948.539 -17797.422 535.779
f 4881 4839 4874
v 12928.593 -17780.215 538.209
f 4882 4840 4832
f 4882 4832 4875
v 12961.836 -17817.324 546.273
f 4883 4833 4876
f 4883 4843 4833
v 12914.271 -17777.007 541.646
f 4884 4845 4877
v 12939.489 -17786.508 536.521
f 4885 4856 4846
f 4885 4846 4836
f 4885 4836 4878
v 12969.191 -17822.876 555.181
f 4886 4837 4879
f 4886 4879 2268
f 4886 4847 4837
f 4886 2268 2271
f 4886 2271 2272
v 12955.545 -17806.922 538.833
f 4887 4848 4838
f 4887 4838 4880
v 12948.355 -17795.077 536.216
f 4888 4839 4881
f 4888 4849 4839
v 12927.393 -17779.123 539.968
f 4889 4840 4882
f 4889 4850 4840
f 4889 4859 4850
v 12962.141 -17815.491 544.765
f 4890 4853 4843
f 4890 4862 4853
f 4890 4843 4883
v 12912.733 -17777.067 543.478
f 4891 4845 4884
f 4891 4855 4845
f 4891 4866 4855
v 12938.753 -17784.675 537.871
f 4892 4856 4885
f 4892 4865 4856
v 12955.684 -17804.576 538.380
f 4893 4857 4848
f 4893 4848 4887
v 12969.403 -17821.784 553.063
f 4894 4847 4886
f 4894 4886 2272
f 4894 2272 2275
f 4894 2275 2276
f 4894 4858 4847
v 12926.139 -17778.249 541.808
f 4895 4859 4889
v 12962.408 -17813.514 543.444
f 4896 4862 4890
f 4896 4870 4862
v 12948.081 -17792.791 536.866
f 4897 4863 4849
f 4897 4849 4888
v 12937.934 -17783.005 539.376
f 4898 4865 4892
v 12911.207 -17777.364 545.297
f 4899 4866 4891
v 12955.754 -17802.196 538.152
f 4900 4857 4893
f 4900 4867 4857
v 12969.603 -17820.486 551.063
f 4901 4894 2276
f 4901 2276 2279
f 4901 2279 2280
f 4901 4858 4894
f 4901 4868 4858
v 12924.841 -17777.601 543.711
f 4902 4859 4895
f 4902 4869 4859
v 12962.635 -17811.413 542.323
f 4903 4870 4896
f 4903 4880 4870
v 12947.720 -17790.586 537.722
f 4904 4863 4897
f 4904 4878 4871
f 4904 4871 4863
v 12909.708 -17777.896 547.084
f 4905 4873 4866
f 4905 4866 4899
v 12955.754 -17799.803 538.152
f 4906 4874 4867
f 4906 4867 4900
v 12937.040 -17781.513 541.018
f 4907 4865 4898
f 4907 4882 4875
f 4907 4875 4865
v 12969.789 -17818.994 549.202
f 4908 4876 4868
f 4908 4868 4901
f 4908 4901 2280
f 4908 2280 2284
f 4908 2284 2285
v 12923.514 -17777.186 545.658
f 4909 4884 4877
f 4909 4869 4902
f 4909 4877 4869
v 12947.276 -17788.485 538.777
f 4910 4878 4904
v 12962.819 -17809.208 541.412
f 4911 4880 4903
v 12955.684 -17797.422 538.380
f 4912 4881 4874
f 4912 4874 4906
v 12936.078 -17780.215 542.784
f 4913 4882 4907
v 12969.960 -17817.324 547.497
f 4914 4876 4908
f 4914 2285 2289
f 4914 2289 2290
f 4914 4908 2285
f 4914 4890 4883
f 4914 4883 4876
v 12922.170 -17777.007 547.630
f 4915 4884 4909
v 12946.752 -17786.508 540.019
f 4916 4885 4878
f 4916 4878 4910
v 12962.959 -17806.922 540.721
f 4917 4887 4880
f 4917 4880 4911
v 12955.545 -17795.077 538.833
f 4918 4888 4881
f 4918 4881 4912
v 12935.060 -17779.123 544.653
f 4919 4889 4882
f 4919 4882 4913
v 12970.113 -17815.491 545.967
f 4920 4914 2290
f 4920 4890 4914
f 4920 2290 2294
f 4920 2294 2295
f 4920 4896 4890
v 12920.822 -17777.067 549.606
f 4921 4899 4891
f 4921 4891 4884
f 4921 4884 4915
v 12946.155 -17784.675 541.436
f 4922 4892 4885
f 4922 4885 4916
v 12963.052 -17804.576 540.256
f 4923 4887 4917
f 4923 4893 4887
v 12933.995 -17778.249 546.609
f 4924 4889 4919
f 4924 4895 4889
v 12970.247 -17813.514 544.626
f 4925 4920 2295
f 4925 2295 2299
f 4925 2299 2300
f 4925 4896 4920
v 12955.337 -17792.791 539.507
f 4926 4888 4918
f 4926 4897 4888
v 12945.490 -17783.005 543.014
f 4927 4892 4922
f 4927 4898 4892
v 12919.485 -17777.364 551.567
f 4928 4899 4921
v 12963.100 -17802.196 540.022
f 4929 4900 4893
f 4929 4893 4923
v 12932.893 -17777.601 548.632
f 4930 4895 4924
f 4930 4902 4895
f 4930 4909 4902
v 12970.361 -17811.413 543.487
f 4931 4925 2300
f 4931 4896 4925
f 4931 2300 2304
f 4931 2304 2305
f 4931 4903 4896
v 12955.063 -17790.586 540.395
f 4932 4897 4926
f 4932 4904 4897
v 12918.171 -17777.896 553.495
f 4933 4899 4928
f 4933 4905 4899
v 12963.100 -17799.803 540.022
f 4934 4900 4929
f 4934 4906 4900
v 12944.763 -17781.513 544.738
f 4935 4898 4927
f 4935 4913 4907
f 4935 4907 4898
v 12931.766 -17777.186 550.701
f 4936 4909 4930
v 12954.725 -17788.485 541.488
f 4937 4904 4932
f 4937 4910 4904
v 12970.453 -17809.208 542.563
f 4938 4911 4903
f 4938 4903 4931
f 4938 4931 2305
f 4938 2305 2311
f 4938 2311 2312
v 12963.052 -17797.422 540.256
f 4939 4906 4934
f 4939 4912 4906
v 12943.982 -17780.215 546.590
f 4940 4913 4935
v 12930.625 -17777.007 552.797
f 4941 4909 4936
f 4941 4915 4909
f 4941 4921 4915
v 12954.328 -17786.508 542.776
f 4942 4916 4910
f 4942 4910 4937
v 12970.524 -17806.922 541.861
f 4943 4911 4938
f 4943 4917 4911
f 4943 2312 2317
f 4943 2317 2318
f 4943 4938 2312
v 12962.959 -17795.077 540.721
f 4944 4926 4918
f 4944 4912 4939
f 4944 4918 4912
v 12943.155 -17779.123 548.552
f 4945 4924 4919
f 4945 4913 4940
f 4945 4919 4913
v 12929.481 -17777.067 554.897
f 4946 4921 4941
v 12953.875 -17784.675 544.246
f 4947 4916 4942
f 4947 4922 4916
v 12970.571 -17804.576 541.389
f 4948 4943 2318
f 4948 4923 4917
f 4948 4917 4943
f 4948 2318 2323
f 4948 2323 2324
v 12942.290 -17778.249 550.604
f 4949 4924 4945
v 12962.819 -17792.791 541.412
f 4950 4932 4926
f 4950 4926 4944
v 12953.370 -17783.005 545.882
f 4951 4922 4947
f 4951 4927 4922
v 12928.346 -17777.364 556.982
f 4952 4928 4921
f 4952 4921 4946
v 12970.595 -17802.196 541.152
f 4953 4934 4929
f 4953 4923 4948
f 4953 4929 4923
f 4953 2324 2329
f 4953 2329 2330
f 4953 4948 2324
v 12941.396 -17777.601 552.726
f 4954 4930 4924
f 4954 4924 4949
f 4954 4936 4930
v 12962.635 -17790.586 542.323
f 4955 4932 4950
v 12927.231 -17777.896 559.031
f 4956 4933 4928
f 4956 4928 4952
v 12970.595 -17799.803 541.152
f 4957 4934 4953
f 4957 4953 2330
f 4957 2330 2335
f 4957 2335 2336
v 12952.819 -17781.513 547.670
f 4958 4935 4927
f 4958 4927 4951
v 12940.480 -17777.186 554.898
f 4959 4936 4954
v 12962.408 -17788.485 543.444
f 4960 4932 4955
f 4960 4937 4932
v 12970.571 -17797.422 541.389
f 4961 4939 4934
f 4961 4934 4957
f 4961 4957 2336
f 4961 2336 2344
f 4961 2344 2345
v 12952.226 -17780.215 549.590
f 4962 4935 4958
f 4962 4940 4935
v 12939.554 -17777.007 557.096
f 4963 4936 4959
f 4963 4941 4936
v 12962.141 -17786.508 544.765
f 4964 4937 4960
f 4964 4942 4937
v 12970.524 -17795.077 541.861
f 4965 4961 2345
f 4965 4944 4939
f 4965 4939 4961
f 4965 2345 2350
f 4965 2350 2351
v 12951.599 -17779.123 551.625
f 4966 4940 4962
f 4966 4945 4940
v 12938.625 -17777.067 559.300
f 4967 4941 4963
f 4967 4946 4941
v 12961.836 -17784.675 546.273
f 4968 4947 4942
f 4968 4942 4964
v 12950.942 -17778.249 553.753
f 4969 4945 4966
f 4969 4949 4945
v 12970.453 -17792.791 542.563
f 4970 4944 4965
f 4970 4965 2351
f 4970 2351 2357
f 4970 2357 2358
f 4970 4950 4944
v 12961.497 -17783.005 547.952
f 4971 4947 4968
f 4971 4951 4947
v 12937.702 -17777.364 561.488
f 4972 4952 4946
f 4972 4956 4952
f 4972 4946 4967
v 12950.263 -17777.601 555.954
f 4973 4954 4949
f 4973 4949 4969
v 12970.361 -17790.586 543.487
f 4974 4955 4950
f 4974 4970 2358
f 4974 4950 4970
f 4974 2358 2364
f 4974 2364 2365
v 12936.796 -17777.896 563.637
f 4975 4956 4972
v 12961.126 -17781.513 549.785
f 4976 4951 4971
f 4976 4958 4951
v 12949.569 -17777.186 558.206
f 4977 4959 4954
f 4977 4954 4973
v 12970.247 -17788.485 544.626
f 4978 4955 4974
f 4978 4960 4955
f 4978 4974 2365
f 4978 2365 2373
f 4978 2373 2374
v 12960.728 -17780.215 551.755
f 4979 4958 4976
f 4979 4962 4958
v 12948.866 -17777.007 560.486
f 4980 4963 4959
f 4980 4959 4977
v 12970.113 -17786.508 545.967
f 4981 2374 2382
f 4981 2382 2383
f 4981 4960 4978
f 4981 4978 2374
f 4981 4964 4960
f 4981 4968 4964
v 12960.306 -17779.123 553.842
f 4982 4966 4962
f 4982 4962 4979
v 12948.161 -17777.067 562.771
f 4983 4963 4980
f 4983 4967 4963
v 12969.960 -17784.675 547.497
f 4984 2383 2389
f 4984 2389 2390
f 4984 4968 4981
f 4984 4981 2383
v 12959.865 -17778.249 556.025
f 4985 4966 4982
f 4985 4969 4966
v 12969.789 -17783.005 549.202
f 4986 4968 4984
f 4986 2390 2397
f 4986 2397 2398
f 4986 4971 4968
f 4986 4984 2390
f 4986 4976 4971
v 12947.461 -17777.364 565.040
f 4987 4972 4967
f 4987 4967 4983
v 12959.408 -17777.601 558.283
f 4988 4969 4985
f 4988 4973 4969
v 12946.773 -17777.896 567.269
f 4989 4975 4972
f 4989 4972 4987
v 12969.603 -17781.513 551.063
f 4990 2398 2406
f 4990 2406 2407
f 4990 4976 4986
f 4990 4986 2398
v 12958.941 -17777.186 560.592
f 4991 4973 4988
f 4991 4977 4973
v 12969.403 -17780.215 553.063
f 4992 2407 2415
f 4992 2415 2416
f 4992 4982 4979
f 4992 4979 4976
f 4992 4990 2407
f 4992 4976 4990
v 12958.469 -17777.007 562.931
f 4993 4977 4991
f 4993 4980 4977
v 12969.191 -17779.123 555.181
f 4994 4982 4992
f 4994 2416 2424
f 4994 4992 2416
f 4994 2424 2425
v 12957.995 -17777.067 565.275
f 4995 4980 4993
f 4995 4983 4980
f 4995 4987 4983
v 12968.969 -17778.249 557.397
f 4996 4985 4982
f 4996 2425 2435
f 4996 2435 2436
f 4996 4982 4994
f 4996 4994 2425
v 12957.524 -17777.364 567.602
f 4997 4987 4995
f 4997 4989 4987
v 12968.740 -17777.601 559.689
f 4998 4985 4996
f 4998 2436 2444
f 4998 2444 2445
f 4998 4991 4988
f 4998 4996 2436
f 4998 4988 4985
v 12957.062 -17777.896 569.889
f 4999 4989 4997
v 12968.505 -17777.186 562.034
f 5000 2445 2453
f 5000 2453 2454
f 5000 4998 2445
f 5000 4991 4998
v 12956.613 -17778.659 572.112
v 12946.105 -17778.659 569.436
f 5001 5002 4989
f 5001 4989 4999
v 12968.267 -17777.007 564.408
f 5003 2454 2463
f 5003 2463 2464
f 5003 4993 4991
f 5003 5000 2454
f 5003 4991 5000
v 12956.181 -17779.643 574.249
v 12945.462 -17779.643 571.520
f 5004 5005 5002
f 5004 5002 5001
v 12968.029 -17777.067 566.788
f 5006 4993 5003
f 5006 2464 2474
f 5006 2474 2475
f 5006 4997 4995
f 5006 4995 4993
f 5006 5003 2464
v 12955.770 -17780.839 576.280
f 5007 5005 5004
v 12944.851 -17780.839 573.500
f 5007 5008 5005
v 12967.793 -17777.364 569.150
f 5009 4997 5006
f 5009 2475 2484
f 5009 2484 2485
f 5009 5006 2475
v 12955.385 -17782.236 578.184
f 5010 5008 5007
v 12944.279 -17782.236 575.356
f 5010 5011 5008
v 12967.561 -17777.896 571.471
f 5012 4997 5009
f 5012 2485 2496
f 5012 2496 2497
f 5012 5009 2485
f 5012 4999 4997
v 12955.030 -17783.819 579.943
f 5013 5011 5010
v 12943.750 -17783.819 577.070
f 5013 5014 5011
v 12967.335 -17778.659 573.728
f 5015 5001 4999
f 5015 2497 2507
f 5015 2507 2508
f 5015 5012 2497
f 5015 4999 5012
v 12954.707 -17785.573 581.538
f 5016 5014 5013
v 12943.270 -17785.573 578.626
f 5016 5017 5014
v 12967.118 -17779.643 575.898
f 5018 5004 5001
f 5018 2508 2519
f 5018 2519 2520
f 5018 5015 2508
f 5018 5001 5015
v 12954.421 -17787.480 582.954
f 5019 5017 5016
v 12942.844 -17787.480 580.006
f 5019 5020 5017
v 12966.911 -17780.839 577.959
f 5021 2520 2527
f 5021 2527 2528
f 5021 5007 5004
f 5021 5004 5018
f 5021 5018 2520
v 12954.174 -17789.521 584.177
f 5022 5020 5019
v 12942.476 -17789.521 581.198
f 5022 5023 5020
v 12966.718 -17782.236 579.892
f 5024 5010 5007
f 5024 5021 2528
f 5024 2528 2538
f 5024 2538 2539
f 5024 5007 5021
v 12953.968 -17791.677 585.194
f 5025 5023 5022
v 12942.171 -17791.677 582.190
f 5025 5026 5023
v 12966.539 -17783.819 581.677
f 5027 2539 2551
f 5027 2551 2552
f 5027 5024 2539
f 5027 5010 5024
f 5027 5013 5010
v 12966.377 -17785.573 583.297
f 5028 2552 2565
f 5028 5016 5013
f 5028 5013 5027
f 5028 5027 2552
v 12981.251 -17803.984 589.275
v 12978.165 -17800.999 589.500
v 12984.346 -17800.999 589.346
f 5029 5030 5031
v 12978.165 -17802.196 589.470
f 5029 5032 5030
v 12978.165 -17803.389 589.381
f 5029 5033 5032
v 12978.165 -17804.576 589.232
f 5029 5034 5033
v 12978.165 -17805.755 589.024
f 5029 5035 5034
v 12984.332 -17804.576 589.078
f 5036 5029 5031
v 12987.422 -17803.389 589.034
v 12990.511 -17800.999 588.884
f 5037 5031 5038
v 12990.499 -17803.389 588.765
f 5037 5038 5039
f 5037 5036 5031
v 12990.464 -17805.755 588.410
f 5037 5039 5040
v 12993.568 -17803.389 588.419
v 12996.646 -17800.999 588.115
f 5041 5038 5042
f 5041 5039 5038
v 12999.676 -17803.389 587.499
v 13002.735 -17800.999 587.041
f 5043 5042 5044
v 13002.711 -17803.389 586.924
f 5043 5044 5045
v 13005.731 -17803.389 586.275
v 13008.763 -17800.999 585.666
f 5046 5044 5047
f 5046 5045 5044
v 13011.717 -17803.389 584.751
v 13014.714 -17800.999 583.991
f 5048 5047 5049
v 13014.679 -17803.389 583.877
f 5048 5049 5050
v 13017.619 -17803.389 582.930
v 13020.575 -17800.999 582.022
f 5051 5049 5052
f 5051 5050 5049
v 13023.423 -17803.389 580.817
v 13026.331 -17800.999 579.763
f 5053 5052 5054
v 13026.284 -17803.389 579.653
f 5053 5054 5055
v 13029.115 -17803.389 578.418
v 13031.966 -17800.999 577.220
f 5056 5054 5057
f 5056 5055 5054
v 13034.680 -17803.389 575.738
v 13037.468 -17800.999 574.399
f 5058 5057 5059
v 13037.411 -17803.389 574.295
f 5058 5059 5060
v 13040.105 -17803.389 572.784
v 13042.823 -17800.999 571.308
f 5061 5059 5062
f 5061 5060 5059
v 13045.376 -17803.389 569.563
v 13048.016 -17800.999 567.954
f 5063 5062 5064
v 13047.949 -17803.389 567.855
f 5063 5064 5065
v 13050.479 -17803.389 566.083
v 13053.036 -17800.999 564.344
f 5066 5064 5067
f 5066 5065 5064
v 13055.403 -17803.389 562.354
v 13057.870 -17800.999 560.490
f 5068 5067 5069
v 13057.794 -17803.389 560.398
f 5068 5069 5070
v 13060.135 -17803.389 558.383
v 13062.506 -17800.999 556.398
f 5071 5069 5072
f 5071 5070 5069
v 13064.663 -17803.389 554.182
v 13066.932 -17800.999 552.081
f 5073 5072 5074
v 13066.847 -17803.389 551.998
f 5073 5074 5075
v 13068.976 -17803.389 549.760
v 13071.138 -17800.999 547.549
f 5076 5074 5077
f 5076 5075 5074
v 13073.063 -17803.389 545.129
v 13075.112 -17800.999 542.813
f 5078 5077 5079
v 13075.019 -17803.389 542.738
f 5078 5079 5080
v 13076.914 -17803.389 540.300
v 13078.845 -17800.999 537.884
f 5081 5079 5082
f 5081 5080 5079
v 13080.520 -17803.389 535.284
v 13082.328 -17800.999 532.776
f 5083 5082 5084
v 13082.228 -17803.389 532.711
f 5083 5084 5085
v 13083.871 -17803.389 530.096
v 13085.552 -17800.999 527.500
f 5086 5084 5087
f 5086 5085 5084
v 13086.959 -17803.389 524.746
v 13088.509 -17800.999 522.070
v 13088.403 -17803.389 522.016
f 5088 5089 5090
f 5088 5087 5089
v 13089.777 -17803.389 519.250
f 5091 5090 5089
v 13091.191 -17800.999 516.500
f 5091 5089 5092
v 13092.318 -17803.389 513.620
v 13093.593 -17800.999 510.802
f 5093 5092 5094
v 13093.482 -17803.389 510.759
f 5093 5094 5095
v 13094.574 -17803.389 507.870
v 13095.708 -17800.999 504.992
f 5096 5094 5097
f 5096 5095 5094
v 13096.542 -17803.389 502.014
v 13097.530 -17800.999 499.084
f 5098 5097 5099
v 13097.415 -17803.389 499.052
f 5098 5099 5100
v 13098.215 -17803.389 496.069
v 13099.056 -17800.999 493.093
f 5101 5099 5102
f 5101 5100 5099
v 12981.251 -17798.015 589.275
v 12978.165 -17797.422 589.232
v 12978.165 -17796.244 589.024
f 5103 5104 5105
v 12978.165 -17798.610 589.381
f 5103 5106 5104
v 13099.589 -17803.389 490.046
v 13100.281 -17800.999 487.032
f 5107 5102 5108
v 13100.163 -17803.389 487.012
f 5107 5108 5109
v 12981.253 -17798.610 589.342
f 5110 5031 5030
f 5110 5106 5103
v 12978.165 -17799.803 589.470
f 5110 5111 5106
f 5110 5030 5111
v 12984.332 -17797.422 589.078
f 5112 5110 5103
f 5112 5031 5110
v 13100.662 -17803.389 483.963
v 13101.202 -17800.999 480.919
f 5113 5108 5114
f 5113 5109 5108
v 12987.422 -17798.610 589.034
v 12990.464 -17796.244 588.410
v 12990.499 -17798.610 588.765
f 5115 5116 5117
f 5115 5038 5031
f 5115 5031 5112
f 5115 5117 5038
v 13101.430 -17803.389 477.835
v 13101.818 -17800.999 474.767
v 13101.699 -17803.389 474.758
f 5118 5119 5120
f 5118 5114 5119
v 12993.568 -17798.610 588.419
f 5121 5042 5038
f 5121 5038 5117
v 13101.891 -17803.389 471.675
f 5122 5120 5119
v 13102.126 -17800.999 468.591
f 5122 5119 5123
v 12999.676 -17798.610 587.499
v 13002.711 -17798.610 586.924
f 5124 5125 5044
f 5124 5044 5042
v 13102.045 -17803.389 465.500
v 13102.126 -17800.999 462.409
v 13102.007 -17803.389 462.412
f 5126 5127 5128
f 5126 5123 5127
v 13005.731 -17798.610 586.275
f 5129 5044 5125
f 5129 5047 5044
v 13101.891 -17803.389 459.325
f 5130 5128 5127
v 13101.818 -17800.999 456.233
f 5130 5127 5131
v 13011.717 -17798.610 584.751
f 5132 5049 5047
v 13014.679 -17798.610 583.877
f 5132 5133 5049
v 13101.430 -17803.389 453.165
f 5134 5131 2733
f 5134 2733 2732
v 13017.619 -17798.610 582.930
f 5135 5052 5049
f 5135 5049 5133
v 13023.423 -17798.610 580.817
f 5136 5054 5052
v 13026.284 -17798.610 579.653
f 5136 5137 5054
v 13099.589 -17803.389 440.954
v 13099.056 -17800.999 437.907
f 5138 2734 5139
v 13098.939 -17803.389 437.934
f 5138 5139 5140
v 13029.115 -17798.610 578.418
f 5141 5057 5054
f 5141 5054 5137
v 13098.215 -17803.389 434.931
v 13097.530 -17800.999 431.916
f 5142 5139 5143
f 5142 5140 5139
v 13034.680 -17798.610 575.738
f 5144 5059 5057
v 13037.411 -17798.610 574.295
f 5144 5145 5059
v 13096.542 -17803.389 428.986
f 5146 5143 2812
f 5146 2812 2811
v 13040.105 -17798.610 572.784
f 5147 5062 5059
f 5147 5059 5145
v 13045.376 -17798.610 569.563
v 13047.949 -17798.610 567.855
f 5148 5149 5064
f 5148 5064 5062
v 13092.318 -17803.389 417.380
v 13091.191 -17800.999 414.500
f 5150 2813 5151
v 13091.083 -17803.389 414.549
f 5150 5151 5152
v 13050.479 -17798.610 566.083
f 5153 5064 5149
f 5153 5067 5064
v 13089.777 -17803.389 411.750
v 13088.509 -17800.999 408.930
f 5154 5151 5155
f 5154 5152 5151
v 13055.403 -17798.610 562.354
f 5156 5069 5067
v 13057.794 -17798.610 560.398
f 5156 5157 5069
v 13086.959 -17803.389 406.254
f 5158 5155 2891
f 5158 2891 2890
v 13060.135 -17798.610 558.383
f 5159 5072 5069
f 5159 5069 5157
v 13064.663 -17798.610 554.182
v 13066.847 -17798.610 551.998
f 5160 5161 5074
f 5160 5074 5072
v 13080.520 -17803.389 395.716
f 5162 2892 2932
f 5162 2932 2931
v 13068.976 -17798.610 549.760
f 5163 5074 5161
f 5163 5077 5074
v 13073.063 -17798.610 545.129
f 5164 5079 5077
v 13075.019 -17798.610 542.738
f 5164 5165 5079
v 13073.063 -17803.389 385.871
f 5166 2973 2972
f 5166 2933 2973
v 13076.914 -17798.610 540.300
f 5167 5082 5079
f 5167 5079 5165
v 13080.520 -17798.610 535.284
f 5168 5084 5082
v 13082.228 -17798.610 532.711
f 5168 5169 5084
v 13064.663 -17803.389 376.818
f 5170 3014 3013
f 5170 2974 3014
v 13083.871 -17798.610 530.096
f 5171 5087 5084
f 5171 5084 5169
v 13086.959 -17798.610 524.746
f 5172 5089 5087
v 13088.403 -17798.610 522.016
f 5172 5173 5089
v 13055.403 -17803.389 368.646
v 13053.036 -17800.999 366.656
f 5174 3015 5175
v 13052.964 -17803.389 366.751
f 5174 5175 5176
v 13089.777 -17798.610 519.250
f 5177 5092 5089
f 5177 5089 5173
v 13050.479 -17803.389 364.917
v 13048.016 -17800.999 363.046
f 5178 5175 5179
f 5178 5176 5175
v 13092.318 -17798.610 513.620
v 13093.482 -17798.610 510.759
f 5180 5181 5094
f 5180 5094 5092
v 13045.376 -17803.389 361.437
f 5182 3093 3092
f 5182 5179 3093
v 13094.574 -17798.610 507.870
f 5183 5094 5181
f 5183 5097 5094
v 13096.542 -17798.610 502.014
v 13097.415 -17798.610 499.052
f 5184 5185 5099
f 5184 5099 5097
v 13034.680 -17803.389 355.262
f 5186 3134 3133
f 5186 3094 3134
v 13098.215 -17798.610 496.069
f 5187 5099 5185
f 5187 5102 5099
v 13099.589 -17798.610 490.046
v 13100.163 -17798.610 487.012
f 5188 5189 5108
f 5188 5108 5102
v 13023.423 -17803.389 350.183
f 5190 3175 3174
f 5190 3135 3175
v 13100.662 -17798.610 483.963
f 5191 5108 5189
f 5191 5114 5108
v 13101.430 -17798.610 477.835
v 13101.699 -17798.610 474.758
f 5192 5193 5119
f 5192 5119 5114
v 13011.717 -17803.389 346.249
f 5194 3227 3226
f 5194 3176 3227
v 13101.891 -17798.610 471.675
f 5195 5119 5193
f 5195 5123 5119
v 13102.045 -17798.610 465.500
v 13102.007 -17798.610 462.412
f 5196 5197 5127
f 5196 5127 5123
v 12999.676 -17803.389 343.501
v 12996.646 -17800.999 342.885
v 12996.628 -17803.389 343.003
f 5198 5199 5200
f 5198 3228 5199
v 13101.891 -17798.610 459.325
f 5201 5127 5197
f 5201 5131 5127
v 12993.568 -17803.389 342.581
f 5202 5200 5199
v 12990.511 -17800.999 342.116
f 5202 5199 5203
v 13101.430 -17798.610 453.165
v 13101.084 -17798.610 450.096
f 5204 5205 2733
f 5204 2733 5131
v 12987.422 -17803.389 341.966
f 5206 5203 3324
f 5206 3324 3323
v 13100.662 -17798.610 447.037
f 5207 2733 5205
f 5207 2734 2733
v 13099.589 -17798.610 440.954
v 13098.939 -17798.610 437.934
f 5208 5209 5139
f 5208 5139 2734
v 12975.076 -17803.389 341.658
f 5210 3372 3371
f 5210 3325 3372
v 13098.215 -17798.610 434.931
f 5211 5139 5209
f 5211 5143 5139
v 13096.542 -17798.610 428.986
v 13095.595 -17798.610 426.046
f 5212 5213 2812
f 5212 2812 5143
v 12962.761 -17803.389 342.581
f 5214 3413 3412
f 5214 3373 3413
v 13094.574 -17798.610 423.130
f 5215 2812 5213
f 5215 2813 2812
v 13092.318 -17798.610 417.380
v 13091.083 -17798.610 414.549
f 5216 5217 5151
f 5216 5151 2813
v 12950.599 -17803.389 344.725
f 5218 3456 3455
f 5218 3414 3456
v 13089.777 -17798.610 411.750
f 5219 5151 5217
f 5219 5155 5151
v 13086.959 -17798.610 406.254
v 13085.449 -17798.610 403.560
f 5220 5221 2891
f 5220 2891 5155
v 12938.710 -17803.389 348.070
f 5222 3497 3496
f 5222 3457 3497
v 13083.871 -17798.610 400.904
f 5223 2891 5221
f 5223 2892 2891
v 13080.520 -17798.610 395.716
f 5224 2932 2892
v 13078.748 -17798.610 393.185
f 5224 5225 2932
v 12927.214 -17803.389 352.582
f 5226 3498 3538
f 5226 3538 3537
v 13076.914 -17798.610 390.700
f 5227 2933 2932
f 5227 2932 5225
v 13073.063 -17798.610 385.871
v 13071.048 -17798.610 383.530
f 5228 5229 2973
f 5228 2973 2933
v 12916.224 -17803.389 358.216
f 5230 3539 3579
f 5230 3579 3578
v 13068.976 -17798.610 381.240
f 5231 2973 5229
f 5231 2974 2973
v 13064.663 -17798.610 376.818
v 13062.425 -17798.610 374.689
f 5232 5233 3014
f 5232 3014 2974
v 12905.850 -17803.389 364.917
f 5234 3620 3619
f 5234 3580 3620
v 13060.135 -17798.610 372.617
f 5235 3014 5233
f 5235 3015 3014
v 13055.403 -17798.610 368.646
v 13052.964 -17798.610 366.751
f 5236 5237 5175
f 5236 5175 3015
v 12896.195 -17803.389 372.617
f 5238 3663 3662
f 5238 3621 3663
v 13050.479 -17798.610 364.917
f 5239 5179 5175
f 5239 5175 5237
v 13045.376 -17798.610 361.437
f 5240 3093 5179
v 13042.760 -17798.610 359.794
f 5240 5241 3093
v 12887.354 -17803.389 381.240
f 5242 3705 3704
f 5242 3664 3705
v 13040.105 -17798.610 358.216
f 5243 3094 3093
f 5243 3093 5241
v 13034.680 -17798.610 355.262
f 5244 3134 3094
v 13031.915 -17798.610 353.887
f 5244 5245 3134
v 12879.415 -17803.389 390.700
f 5246 3757 3756
f 5246 3706 3757
v 13029.115 -17798.610 352.582
f 5247 3135 3134
f 5247 3134 5245
v 13023.423 -17798.610 350.183
f 5248 3175 3135
v 13020.534 -17798.610 349.090
f 5248 5249 3175
v 12872.458 -17803.389 400.904
f 5250 3758 3806
f 5250 3806 3805
v 13017.619 -17798.610 348.070
f 5251 3176 3175
f 5251 3175 5249
v 13011.717 -17798.610 346.249
f 5252 3227 3176
v 13008.733 -17798.610 345.450
f 5252 5253 3227
v 12866.552 -17803.389 411.750
f 5254 3855 3854
f 5254 3807 3855
v 13005.731 -17798.610 344.725
f 5255 3228 3227
f 5255 3227 5253
v 12999.676 -17798.610 343.501
f 5256 5199 3228
v 12996.628 -17798.610 343.003
f 5256 5257 5199
v 12861.755 -17803.389 423.130
f 5258 3908 3907
f 5258 3856 3908
v 12993.568 -17798.610 342.581
f 5259 5203 5199
f 5259 5199 5257
v 12987.422 -17798.610 341.966
f 5260 3324 5203
v 12984.340 -17798.610 341.773
f 5260 5261 3324
v 12858.115 -17803.389 434.931
f 5262 3957 3956
f 5262 3909 3957
v 12981.253 -17798.610 341.658
f 5263 3325 3324
f 5263 3324 5261
v 12975.076 -17798.610 341.658
f 5264 3372 3325
v 12971.990 -17798.610 341.773
f 5264 5265 3372
v 12855.668 -17803.389 447.037
f 5266 4007 4006
f 5266 3958 4007
v 12968.907 -17798.610 341.966
f 5267 3373 3372
f 5267 3372 5265
v 12962.761 -17798.610 342.581
f 5268 3413 3373
v 12959.701 -17798.610 343.003
f 5268 5269 3413
v 12854.438 -17803.389 459.325
f 5270 4061 4060
f 5270 4008 4061
v 12956.653 -17798.610 343.501
f 5271 3414 3413
f 5271 3413 5269
v 12950.599 -17798.610 344.725
f 5272 3456 3414
v 12947.596 -17798.610 345.450
f 5272 5273 3456
v 12854.438 -17803.389 471.675
f 5274 4106 4105
f 5274 4062 4106
v 12944.613 -17798.610 346.249
f 5275 3457 3456
f 5275 3456 5273
v 12938.710 -17798.610 348.070
f 5276 3497 3457
v 12935.795 -17798.610 349.090
f 5276 5277 3497
v 12855.668 -17803.389 483.963
f 5278 4147 4146
f 5278 4107 4147
v 12932.906 -17798.610 350.183
f 5279 3498 3497
f 5279 3497 5277
v 12927.214 -17798.610 352.582
f 5280 3538 3498
v 12924.415 -17798.610 353.887
f 5280 5281 3538
v 12858.115 -17803.389 496.069
f 5282 4188 4187
f 5282 4148 4188
v 12921.649 -17798.610 355.262
f 5283 3539 3538
f 5283 3538 5281
v 12916.224 -17798.610 358.216
f 5284 3579 3539
v 12913.569 -17798.610 359.794
f 5284 5285 3579
v 12861.755 -17803.389 507.870
f 5286 4189 4230
f 5286 4230 4229
v 12910.954 -17798.610 361.437
f 5287 3580 3579
f 5287 3579 5285
v 12905.850 -17798.610 364.917
f 5288 3620 3580
v 12903.365 -17798.610 366.751
f 5288 5289 3620
v 12866.552 -17803.389 519.250
f 5290 4231 4280
f 5290 4280 4279
v 12900.926 -17798.610 368.646
f 5291 3621 3620
f 5291 3620 5289
v 12896.195 -17798.610 372.617
v 12893.904 -17798.610 374.689
f 5292 5293 3663
f 5292 3663 3621
v 12872.458 -17803.389 530.096
f 5294 4281 4329
f 5294 4329 4328
v 12891.667 -17798.610 376.818
f 5295 3663 5293
f 5295 3664 3663
v 12887.354 -17798.610 381.240
f 5296 3705 3664
v 12885.281 -17798.610 383.530
f 5296 5297 3705
v 12879.415 -17803.389 540.300
f 5298 4330 4380
f 5298 4380 4379
v 12883.267 -17798.610 385.871
f 5299 3706 3705
f 5299 3705 5297
v 12879.415 -17798.610 390.700
f 5300 3757 3706
v 12877.581 -17798.610 393.185
f 5300 5301 3757
v 12887.354 -17803.389 549.760
f 5302 4381 4430
f 5302 4430 4429
v 12875.810 -17798.610 395.716
f 5303 3758 3757
f 5303 3757 5301
v 12872.458 -17798.610 400.904
f 5304 3806 3758
v 12870.881 -17798.610 403.560
f 5304 5305 3806
v 12896.195 -17803.389 558.383
f 5306 4431 4478
f 5306 4478 4477
v 12869.370 -17798.610 406.254
f 5307 3807 3806
f 5307 3806 5305
v 12866.552 -17798.610 411.750
f 5308 3855 3807
v 12865.247 -17798.610 414.549
f 5308 5309 3855
v 12905.850 -17803.389 566.083
f 5310 4479 4521
f 5310 4521 4520
v 12864.012 -17798.610 417.380
f 5311 3856 3855
f 5311 3855 5309
v 12861.755 -17798.610 423.130
f 5312 3908 3856
v 12860.735 -17798.610 426.046
f 5312 5313 3908
v 12916.224 -17803.389 572.784
f 5314 4522 4562
f 5314 4562 4561
v 12859.788 -17798.610 428.986
f 5315 3909 3908
f 5315 3908 5313
v 12858.115 -17798.610 434.931
f 5316 3957 3909
v 12857.390 -17798.610 437.934
f 5316 5317 3957
v 12927.214 -17803.389 578.418
f 5318 4563 4603
f 5318 4603 4602
v 12856.740 -17798.610 440.954
f 5319 3958 3957
f 5319 3957 5317
v 12855.668 -17798.610 447.037
v 12855.245 -17798.610 450.096
f 5320 5321 4007
f 5320 4007 3958
v 12938.710 -17803.389 582.930
v 12941.615 -17800.999 583.991
f 5322 4604 5323
v 12941.650 -17803.389 583.877
f 5322 5323 5324
v 12854.900 -17798.610 453.165
f 5325 4007 5321
f 5325 4008 4007
v 12944.613 -17803.389 584.751
v 12947.567 -17800.999 585.666
f 5326 5323 5327
f 5326 5324 5323
v 12854.438 -17798.610 459.325
f 5328 4061 4008
v 12854.322 -17798.610 462.412
f 5328 5329 4061
v 12950.599 -17803.389 586.275
v 12953.595 -17800.999 587.041
f 5330 5327 5331
v 12953.618 -17803.389 586.924
f 5330 5331 5332
v 12854.284 -17798.610 465.500
f 5333 4062 4061
f 5333 4061 5329
v 12956.653 -17803.389 587.499
v 12959.683 -17800.999 588.115
f 5334 5331 5335
f 5334 5332 5331
v 12854.438 -17798.610 471.675
f 5336 4106 4062
v 12854.630 -17798.610 474.758
f 5336 5337 4106
v 12962.761 -17803.389 588.419
v 12965.818 -17800.999 588.884
f 5338 5335 5339
v 12965.830 -17803.389 588.765
f 5338 5339 5340
v 12854.900 -17798.610 477.835
f 5341 4107 4106
f 5341 4106 5337
v 12968.907 -17803.389 589.034
v 12971.984 -17800.999 589.346
f 5342 5339 5343
f 5342 5340 5339
v 12965.866 -17805.755 588.410
f 5342 5344 5340
v 12855.668 -17798.610 483.963
f 5345 4147 4107
v 12856.166 -17798.610 487.012
f 5345 5346 4147
v 12971.997 -17804.576 589.078
f 5347 5342 5343
v 12975.076 -17803.389 589.342
f 5348 5343 5030
f 5348 5030 5032
f 5348 5032 5033
f 5348 5347 5343
v 12856.740 -17798.610 490.046
f 5349 4148 4147
f 5349 4147 5346
v 12975.078 -17803.984 589.275
f 5350 5348 5033
f 5350 5033 5034
f 5350 5034 5035
f 5350 5347 5348
v 12858.115 -17798.610 496.069
v 12858.914 -17798.610 499.052
f 5351 5352 4188
f 5351 4188 4148
v 12859.788 -17798.610 502.014
f 5353 4188 5352
f 5353 4189 4188
v 12861.755 -17798.610 507.870
f 5354 4230 4189
v 12862.847 -17798.610 510.759
f 5354 5355 4230
v 12864.012 -17798.610 513.620
f 5356 4231 4230
f 5356 4230 5355
v 12866.552 -17798.610 519.250
f 5357 4280 4231
v 12867.927 -17798.610 522.016
f 5357 5358 4280
v 12869.370 -17798.610 524.746
f 5359 4281 4280
f 5359 4280 5358
v 12872.458 -17798.610 530.096
f 5360 4329 4281
v 12874.102 -17798.610 532.711
f 5360 5361 4329
v 12875.810 -17798.610 535.284
f 5362 4330 4329
f 5362 4329 5361
v 12879.415 -17798.610 540.300
v 12881.311 -17798.610 542.738
f 5363 5364 4380
f 5363 4380 4330
v 12883.267 -17798.610 545.129
f 5365 4380 5364
f 5365 4381 4380
v 12887.354 -17798.610 549.760
f 5366 4430 4381
v 12889.483 -17798.610 551.998
f 5366 5367 4430
v 12891.667 -17798.610 554.182
f 5368 4431 4430
f 5368 4430 5367
v 12896.195 -17798.610 558.383
v 12898.536 -17798.610 560.398
f 5369 5370 4478
f 5369 4478 4431
v 12900.926 -17798.610 562.354
f 5371 4478 5370
f 5371 4479 4478
v 12905.850 -17798.610 566.083
f 5372 4521 4479
v 12908.380 -17798.610 567.855
f 5372 5373 4521
v 12910.954 -17798.610 569.563
f 5374 4522 4521
f 5374 4521 5373
v 12916.224 -17798.610 572.784
f 5375 4562 4522
v 12918.918 -17798.610 574.295
f 5375 5376 4562
v 12921.649 -17798.610 575.738
f 5377 4563 4562
f 5377 4562 5376
v 12927.214 -17798.610 578.418
v 12930.045 -17798.610 579.653
f 5378 5379 4603
f 5378 4603 4563
v 12932.906 -17798.610 580.817
f 5380 4603 5379
f 5380 4604 4603
v 12938.710 -17798.610 582.930
f 5381 5323 4604
v 12941.650 -17798.610 583.877
f 5381 5382 5323
v 12944.613 -17798.610 584.751
f 5383 5327 5323
f 5383 5323 5382
v 12950.599 -17798.610 586.275
f 5384 5331 5327
v 12953.618 -17798.610 586.924
f 5384 5385 5331
v 12956.653 -17798.610 587.499
f 5386 5335 5331
f 5386 5331 5385
v 12962.761 -17798.610 588.419
v 12965.830 -17798.610 588.765
f 5387 5388 5339
f 5387 5339 5335
v 12968.907 -17798.610 589.034
v 12965.866 -17796.244 588.410
f 5389 5388 5390
f 5389 5339 5388
f 5389 5343 5339
v 12971.997 -17797.422 589.078
f 5391 5343 5389
v 12975.078 -17798.015 589.275
f 5392 5105 5104
f 5392 5104 5106
v 12975.076 -17798.610 589.342
f 5393 5106 5111
f 5393 5111 5030
f 5393 5343 5391
f 5393 5391 5392
f 5393 5030 5343
f 5393 5392 5106
v 12981.238 -17806.922 588.720
f 5394 5029 5036
f 5394 5035 5029
v 12978.165 -17806.922 588.758
f 5394 5395 5035
v 12981.234 -17807.500 588.565
f 5396 5395 5394
f 5396 5394 5036
v 12978.165 -17808.074 588.434
f 5396 5397 5395
v 12978.165 -17809.208 588.053
f 5396 5398 5397
v 12978.165 -17810.322 587.615
f 5396 5399 5398
v 12978.165 -17811.413 587.123
f 5396 5400 5399
v 12987.364 -17807.500 588.259
f 5401 5036 5037
f 5401 5037 5040
f 5401 5396 5036
v 12990.405 -17808.074 587.823
f 5401 5040 5402
v 12991.995 -17805.755 588.247
f 5403 5039 5041
f 5403 5040 5039
f 5403 5402 5040
v 12995.051 -17805.755 587.864
f 5404 5403 5041
f 5404 5041 5042
f 5404 5042 5043
v 13001.129 -17805.755 586.871
v 13002.641 -17805.755 586.575
v 13002.524 -17808.074 585.996
f 5405 5406 5407
f 5405 5043 5045
f 5405 5045 5406
v 13004.148 -17805.755 586.260
f 5408 5407 5406
f 5408 5045 5046
f 5408 5406 5045
v 13007.151 -17805.755 585.575
f 5409 5047 5048
f 5409 5408 5046
f 5409 5046 5047
v 13013.100 -17805.755 583.981
f 5410 5048 5050
v 13014.574 -17805.755 583.536
v 13014.400 -17808.074 582.972
f 5410 5411 5412
f 5410 5050 5411
v 13016.043 -17805.755 583.073
f 5413 5050 5051
f 5413 5412 5411
f 5413 5411 5050
v 13018.962 -17805.755 582.092
f 5414 5413 5051
f 5414 5052 5053
f 5414 5051 5052
v 13024.723 -17805.755 579.914
v 13026.146 -17805.755 579.325
f 5415 5055 5416
v 13025.916 -17808.074 578.781
f 5415 5416 5417
f 5415 5053 5055
v 13027.561 -17805.755 578.718
f 5418 5055 5056
f 5418 5416 5055
f 5418 5417 5416
v 13030.368 -17805.755 577.451
f 5419 5418 5056
f 5419 5057 5058
f 5419 5056 5057
v 13035.884 -17805.755 574.710
v 13037.241 -17805.755 573.982
v 13036.958 -17808.074 573.463
f 5420 5421 5422
f 5420 5058 5060
f 5420 5060 5421
v 13038.588 -17805.755 573.237
f 5423 5422 5421
f 5423 5060 5061
f 5423 5421 5060
v 13041.256 -17805.755 571.697
f 5424 5061 5062
f 5424 5062 5063
f 5424 5423 5061
v 13046.471 -17805.755 568.420
v 13047.748 -17805.755 567.560
v 13047.416 -17808.074 567.073
f 5425 5426 5427
f 5425 5063 5065
f 5425 5065 5426
v 13049.015 -17805.755 566.685
f 5428 5427 5426
f 5428 5065 5066
f 5428 5426 5065
v 13051.516 -17805.755 564.887
f 5429 5067 5068
f 5429 5428 5066
f 5429 5066 5067
v 13056.379 -17805.755 561.107
v 13057.564 -17805.755 560.125
v 13057.185 -17808.074 559.673
f 5430 5431 5432
f 5430 5068 5070
f 5430 5070 5431
v 13058.738 -17805.755 559.128
f 5433 5432 5431
f 5433 5070 5071
f 5433 5431 5070
v 13061.047 -17805.755 557.090
f 5434 5433 5071
f 5434 5071 5072
f 5434 5072 5073
v 13065.509 -17805.755 552.845
v 13066.591 -17805.755 551.749
f 5435 5075 5436
v 13066.169 -17808.074 551.337
f 5435 5436 5437
f 5435 5073 5075
v 13067.660 -17805.755 550.640
f 5438 5436 5075
f 5438 5437 5436
f 5438 5075 5076
v 13069.755 -17805.755 548.382
f 5439 5077 5078
f 5439 5438 5076
f 5439 5076 5077
v 13073.772 -17805.755 543.714
v 13074.740 -17805.755 542.516
v 13074.278 -17808.074 542.148
f 5440 5441 5442
f 5440 5080 5441
f 5440 5078 5080
v 13075.692 -17805.755 541.306
f 5443 5442 5441
f 5443 5441 5080
f 5443 5080 5081
v 13077.552 -17805.755 538.851
f 5444 5082 5083
f 5444 5081 5082
f 5444 5443 5081
v 13081.085 -17805.755 533.806
v 13081.928 -17805.755 532.518
f 5445 5085 5446
f 5445 5083 5085
v 13081.432 -17808.074 532.197
f 5445 5446 5447
v 13082.756 -17805.755 531.219
f 5448 5446 5085
f 5448 5447 5446
f 5448 5085 5086
v 13084.361 -17805.755 528.591
f 5449 5448 5086
f 5449 5086 5087
f 5449 5087 5088
v 13087.374 -17805.755 523.219
v 13088.085 -17805.755 521.853
v 13087.560 -17808.074 521.584
f 5450 5451 5452
f 5450 5088 5090
f 5450 5090 5451
v 13088.779 -17805.755 520.478
f 5453 5452 5451
f 5453 5090 5091
f 5453 5451 5090
v 13090.116 -17805.755 517.704
f 5454 5092 5093
f 5454 5453 5091
f 5454 5091 5092
v 13092.579 -17805.755 512.058
v 13093.150 -17805.755 510.628
v 13092.600 -17808.074 510.413
f 5455 5456 5457
f 5455 5095 5456
f 5455 5093 5095
v 13093.704 -17805.755 509.191
f 5458 5457 5456
f 5458 5456 5095
f 5458 5095 5096
v 13095.738 -17805.755 503.378
f 5459 5097 5098
f 5459 5096 5097
v 13096.646 -17805.755 500.435
v 13097.072 -17805.755 498.955
f 5460 5100 5461
f 5460 5098 5100
v 13096.504 -17808.074 498.795
f 5460 5461 5462
f 5460 5459 5098
v 13097.480 -17805.755 497.470
f 5463 5461 5100
f 5463 5462 5461
f 5463 5100 5101
v 12981.234 -17794.499 588.565
v 12978.165 -17793.925 588.434
v 12978.165 -17792.791 588.053
f 5464 5465 5466
v 12978.165 -17795.077 588.758
f 5464 5467 5465
v 12981.238 -17795.077 588.720
f 5468 5103 5105
f 5468 5112 5103
f 5468 5467 5464
f 5468 5105 5467
v 12984.286 -17793.545 588.160
v 12990.220 -17789.521 585.976
v 12990.323 -17791.677 587.009
f 5469 5470 5471
f 5469 5112 5468
f 5469 5468 5464
v 13098.925 -17805.755 491.483
f 5472 5102 5107
f 5472 5101 5102
v 12987.364 -17794.499 588.259
f 5473 5469 5471
f 5473 5115 5112
f 5473 5112 5469
f 5473 5116 5115
v 12990.405 -17793.925 587.823
f 5473 5471 5474
f 5473 5474 5116
v 13099.535 -17805.755 488.465
f 5475 5107 5109
v 13099.812 -17805.755 486.950
f 5475 5109 5476
v 13099.231 -17808.074 486.847
f 5475 5476 5477
f 5475 5472 5107
v 13100.070 -17805.755 485.432
f 5478 5109 5113
f 5478 5476 5109
f 5478 5477 5476
v 12991.995 -17796.244 588.247
f 5479 5117 5116
f 5479 5121 5117
f 5479 5116 5474
v 13100.529 -17805.755 482.386
f 5480 5113 5114
f 5480 5478 5113
f 5480 5114 5118
v 12995.051 -17796.244 587.864
f 5481 5042 5121
f 5481 5121 5479
f 5481 5124 5042
v 13101.219 -17805.755 476.266
v 13101.343 -17805.755 474.731
v 13100.755 -17808.074 474.687
f 5482 5483 5484
f 5482 5118 5120
f 5482 5120 5483
v 13001.129 -17796.244 586.871
f 5485 5125 5124
v 13002.641 -17796.244 586.575
f 5485 5486 5125
v 13002.524 -17793.925 585.996
f 5485 5487 5486
v 13101.449 -17805.755 473.195
f 5488 5120 5122
f 5488 5484 5483
f 5488 5483 5120
v 13004.148 -17796.244 586.260
f 5489 5129 5125
f 5489 5125 5486
f 5489 5486 5487
v 13101.602 -17805.755 470.119
f 5490 5122 5123
f 5490 5488 5122
f 5490 5123 5126
v 13007.151 -17796.244 585.575
f 5491 5047 5129
f 5491 5129 5489
f 5491 5132 5047
v 13101.679 -17805.755 463.960
f 5492 5126 5128
v 13101.650 -17805.755 462.420
f 5492 5128 5493
v 13101.060 -17808.074 462.435
f 5492 5493 5494
v 13013.100 -17796.244 583.981
v 13014.400 -17793.925 582.972
v 13014.574 -17796.244 583.536
f 5495 5496 5497
f 5495 5133 5132
f 5495 5497 5133
v 13101.602 -17805.755 460.881
f 5498 5128 5130
f 5498 5493 5128
f 5498 5494 5493
v 13016.043 -17796.244 583.073
f 5499 5497 5496
f 5499 5135 5133
f 5499 5133 5497
v 13101.219 -17805.755 454.734
f 5500 5131 5134
f 5500 5130 5131
v 13021.856 -17796.244 581.039
f 5501 5052 5135
f 5501 2724 2723
v 13025.916 -17793.925 578.781
f 5501 2723 5502
f 5501 5135 5499
f 5501 5496 2724
f 5501 5136 5052
f 5501 5499 5496
v 13100.912 -17805.755 451.670
f 5503 5500 5134
f 5503 5134 2732
v 13100.730 -17805.755 450.141
f 5503 2732 5504
v 13100.144 -17808.074 450.214
f 5503 5504 5505
v 13024.723 -17796.244 579.914
v 13026.146 -17796.244 579.325
f 5506 5502 5507
f 5506 5501 5502
f 5506 5137 5136
f 5506 5136 5501
f 5506 5507 5137
v 13027.561 -17796.244 578.718
f 5508 5507 5502
f 5508 5137 5507
f 5508 5141 5137
v 13100.070 -17805.755 445.568
f 5509 2734 5138
f 5509 5504 2732
f 5509 2732 2734
v 13030.368 -17796.244 577.451
f 5510 5057 5141
f 5510 5144 5057
f 5510 5141 5508
v 13098.925 -17805.755 439.517
v 13098.592 -17805.755 438.013
v 13098.016 -17808.074 438.145
f 5511 5512 5513
f 5511 5138 5140
f 5511 5140 5512
v 13035.884 -17796.244 574.710
v 13036.958 -17793.925 573.463
v 13037.241 -17796.244 573.982
f 5514 5515 5516
f 5514 5516 5145
f 5514 5145 5144
v 13098.240 -17805.755 436.514
f 5517 5513 5512
f 5517 5140 5142
f 5517 5512 5140
v 13038.588 -17796.244 573.237
f 5518 5516 5515
f 5518 5145 5516
f 5518 5147 5145
v 13097.480 -17805.755 433.530
f 5519 5143 5146
f 5519 5517 5142
f 5519 5142 5143
v 13043.883 -17796.244 570.091
f 5520 5148 5062
f 5520 5062 5147
v 13095.738 -17805.755 427.622
f 5521 5146 2811
v 13095.257 -17805.755 426.159
f 5521 2811 5522
v 13094.697 -17808.074 426.347
f 5521 5522 5523
v 13046.471 -17796.244 568.420
f 5524 5148 5520
f 5524 5149 5148
v 13047.748 -17796.244 567.560
f 5524 5525 5149
v 13047.416 -17793.925 567.073
f 5524 5526 5525
v 13049.015 -17796.244 566.685
f 5527 5153 5149
f 5527 5149 5525
f 5527 5525 5526
v 13093.704 -17805.755 421.809
f 5528 2811 2813
f 5528 2813 5150
f 5528 5522 2811
v 13053.971 -17796.244 563.028
f 5529 5067 5153
f 5529 5156 5067
v 13091.382 -17805.755 416.104
v 13090.758 -17805.755 414.696
v 13090.219 -17808.074 414.939
f 5530 5531 5532
f 5530 5150 5152
f 5530 5152 5531
v 13056.379 -17796.244 561.107
v 13057.564 -17796.244 560.125
f 5533 5534 5157
f 5533 5157 5156
v 13057.185 -17793.925 559.673
f 5533 5535 5534
f 5533 5156 5529
v 13090.116 -17805.755 413.296
f 5536 5532 5531
f 5536 5152 5154
f 5536 5531 5152
v 13058.738 -17796.244 559.128
f 5537 5159 5157
f 5537 5157 5534
f 5537 5534 5535
v 13088.779 -17805.755 410.522
f 5538 5154 5155
f 5538 5536 5154
f 5538 5155 5158
v 13061.047 -17796.244 557.090
f 5539 5072 5159
f 5539 5160 5072
f 5539 5159 5537
v 13085.901 -17805.755 405.076
v 13085.140 -17805.755 403.738
f 5540 2890 5541
v 13084.628 -17808.074 404.033
f 5540 5541 5542
f 5540 5158 2890
v 13065.509 -17796.244 552.845
v 13066.169 -17793.925 551.337
v 13066.591 -17796.244 551.749
f 5543 5544 5545
f 5543 5545 5161
f 5543 5161 5160
v 13067.660 -17796.244 550.640
f 5546 5545 5544
f 5546 5161 5545
f 5546 5163 5161
v 13082.756 -17805.755 399.781
f 5547 2892 5162
f 5547 2890 2892
f 5547 5541 2890
v 13069.755 -17796.244 548.382
f 5548 5163 5546
f 5548 5077 5163
f 5548 5164 5077
v 13079.350 -17805.755 394.649
v 13078.459 -17805.755 393.394
f 5549 2931 5550
v 13077.979 -17808.074 393.738
f 5549 5550 5551
f 5549 5162 2931
v 13073.772 -17796.244 543.714
v 13074.740 -17796.244 542.516
f 5552 5553 5165
f 5552 5164 5548
f 5552 5165 5164
v 13074.278 -17793.925 542.148
f 5552 5554 5553
v 13075.692 -17796.244 541.306
f 5555 5165 5553
f 5555 5553 5554
f 5555 5167 5165
v 13075.692 -17805.755 389.694
f 5556 2931 2933
f 5556 2933 5166
f 5556 5550 2931
v 13079.350 -17796.244 536.351
f 5557 5082 5167
f 5557 5168 5082
v 13071.792 -17805.755 384.927
v 13070.781 -17805.755 383.766
f 5558 2972 5559
f 5558 5166 2972
v 13070.338 -17808.074 384.156
f 5558 5559 5560
v 13081.085 -17796.244 533.806
f 5561 5169 5168
v 13081.432 -17793.925 532.197
v 13081.928 -17796.244 532.518
f 5561 5562 5563
f 5561 5563 5169
f 5561 5168 5557
v 13082.756 -17796.244 531.219
f 5564 5171 5169
f 5564 5563 5562
f 5564 5169 5563
v 13067.660 -17805.755 380.360
f 5565 5559 2972
f 5565 2974 5170
f 5565 2972 2974
v 13084.361 -17796.244 528.591
f 5566 5087 5171
f 5566 5171 5564
f 5566 5172 5087
v 13063.305 -17805.755 376.005
v 13062.182 -17805.755 374.950
f 5567 3013 5568
v 13061.781 -17808.074 375.383
f 5567 5568 5569
f 5567 5170 3013
v 13087.374 -17796.244 523.219
f 5570 5173 5172
v 13087.560 -17793.925 521.584
v 13088.085 -17796.244 521.853
f 5570 5571 5572
f 5570 5572 5173
f 5570 5172 5566
v 13088.779 -17796.244 520.478
f 5573 5177 5173
f 5573 5572 5571
f 5573 5173 5572
v 13058.738 -17805.755 371.872
f 5574 3015 5174
f 5574 5568 3013
f 5574 3013 3015
v 13090.116 -17796.244 517.704
f 5575 5177 5573
f 5575 5180 5092
f 5575 5092 5177
v 13053.971 -17805.755 367.972
v 13052.749 -17805.755 367.035
v 13052.393 -17808.074 367.506
f 5576 5577 5578
f 5576 5174 5176
f 5576 5176 5577
v 13092.579 -17796.244 512.058
f 5579 5181 5180
v 13093.150 -17796.244 510.628
f 5579 5580 5181
v 13092.600 -17793.925 510.413
f 5579 5581 5580
v 13051.516 -17805.755 366.113
f 5582 5578 5577
f 5582 5176 5178
f 5582 5577 5176
v 13093.704 -17796.244 509.191
f 5583 5183 5181
f 5583 5181 5580
f 5583 5580 5581
v 13049.015 -17805.755 364.315
f 5584 5178 5179
f 5584 5582 5178
f 5584 5179 5182
v 13094.757 -17796.244 506.297
f 5585 5097 5183
f 5585 5184 5097
f 5585 5183 5583
v 13043.883 -17805.755 360.909
v 13042.574 -17805.755 360.098
v 13042.267 -17808.074 360.602
f 5586 5587 5588
f 5586 5182 3092
f 5586 3092 5587
v 13096.646 -17796.244 500.435
v 13097.072 -17796.244 498.955
f 5589 5590 5185
v 13096.504 -17793.925 498.795
f 5589 5591 5590
f 5589 5185 5184
v 13097.480 -17796.244 497.470
f 5592 5187 5185
f 5592 5185 5590
f 5592 5590 5591
v 13038.588 -17805.755 357.763
f 5593 3094 5186
f 5593 3092 3094
f 5593 5587 3092
v 13098.240 -17796.244 494.486
f 5594 5187 5592
f 5594 5102 5187
f 5594 5188 5102
v 13033.143 -17805.755 354.885
f 5595 5186 3133
v 13031.760 -17805.755 354.209
v 13031.504 -17808.074 354.741
f 5595 5596 5597
f 5595 3133 5596
v 13099.535 -17796.244 488.465
v 13099.812 -17796.244 486.950
f 5598 5599 5189
v 13099.231 -17793.925 486.847
f 5598 5600 5599
f 5598 5189 5188
v 13100.070 -17796.244 485.432
f 5601 5189 5599
f 5601 5599 5600
f 5601 5191 5189
v 13027.561 -17805.755 352.282
f 5602 3133 3135
f 5602 3135 5190
f 5602 5596 3133
v 13100.529 -17796.244 482.386
f 5603 5191 5601
f 5603 5114 5191
f 5603 5192 5114
v 13021.856 -17805.755 349.961
v 13020.412 -17805.755 349.425
v 13020.210 -17808.074 349.980
f 5604 5605 5606
f 5604 5190 3174
f 5604 3174 5605
v 13101.219 -17796.244 476.266
v 13101.343 -17796.244 474.731
f 5607 5608 5193
v 13100.755 -17793.925 474.687
f 5607 5609 5608
f 5607 5193 5192
v 13101.449 -17796.244 473.195
f 5610 5193 5608
f 5610 5608 5609
f 5610 5195 5193
v 13016.043 -17805.755 347.927
f 5611 3174 3176
f 5611 3176 5194
f 5611 5605 3174
v 13101.602 -17796.244 470.119
f 5612 5195 5610
f 5612 5123 5195
f 5612 5196 5123
v 13010.135 -17805.755 346.185
v 13008.645 -17805.755 345.796
v 13008.499 -17808.074 346.368
f 5613 5614 5615
f 5613 3226 5614
f 5613 5194 3226
v 13101.679 -17796.244 463.960
f 5616 5197 5196
v 13101.060 -17793.925 462.435
v 13101.650 -17796.244 462.420
f 5616 5617 5618
f 5616 5196 5612
f 5616 5618 5197
v 13101.602 -17796.244 460.881
f 5619 5618 5617
f 5619 5201 5197
f 5619 5197 5618
v 13004.148 -17805.755 344.740
f 5620 3226 3228
f 5620 3228 5198
f 5620 5614 3226
v 13101.449 -17796.244 457.805
v 13100.144 -17793.925 450.214
f 5621 3264 5622
f 5621 5201 5619
f 5621 3265 3264
f 5621 5131 5201
f 5621 5617 3265
f 5621 5204 5131
f 5621 5619 5617
v 12998.096 -17805.755 343.595
v 12996.575 -17805.755 343.356
f 5623 5200 5624
v 12996.487 -17808.074 343.939
f 5623 5624 5625
f 5623 5198 5200
v 13100.912 -17796.244 451.670
v 13100.730 -17796.244 450.141
f 5626 5622 5627
f 5626 5627 5205
f 5626 5204 5621
f 5626 5621 5622
f 5626 5205 5204
v 12995.051 -17805.755 343.136
f 5628 5624 5200
f 5628 5625 5624
f 5628 5200 5202
v 13100.529 -17796.244 448.614
f 5629 5627 5622
f 5629 5205 5627
f 5629 5207 5205
v 12991.995 -17805.755 342.753
f 5630 5628 5202
f 5630 5203 5206
f 5630 5202 5203
v 13100.070 -17796.244 445.568
f 5631 5207 5629
f 5631 5208 2734
f 5631 2734 5207
v 12985.859 -17805.755 342.216
v 12984.322 -17805.755 342.129
v 12984.292 -17808.074 342.719
f 5632 5633 5634
f 5632 3323 5633
f 5632 5206 3323
v 13098.925 -17796.244 439.517
f 5635 5209 5208
v 13098.592 -17796.244 438.013
f 5635 5636 5209
v 13098.016 -17793.925 438.145
f 5635 5637 5636
v 13098.240 -17796.244 436.514
f 5638 5209 5636
f 5638 5211 5209
f 5638 5636 5637
v 12979.705 -17805.755 341.985
f 5639 5633 3323
f 5639 3325 5210
f 5639 3323 3325
v 13097.480 -17796.244 433.530
f 5640 5638 5637
f 5640 5637 3360
f 5640 5143 5211
f 5640 5211 5638
f 5640 3360 3359
v 13094.697 -17793.925 426.347
f 5640 3359 5641
f 5640 5212 5143
v 12973.546 -17805.755 342.062
v 12972.008 -17805.755 342.129
f 5642 3371 5643
f 5642 5210 3371
v 12972.037 -17808.074 342.719
f 5642 5643 5644
v 13095.738 -17796.244 427.622
f 5645 5213 5212
v 13095.257 -17796.244 426.159
f 5645 5646 5213
f 5645 5640 5641
f 5645 5641 5646
f 5645 5212 5640
v 13094.757 -17796.244 424.703
f 5647 5215 5213
f 5647 5213 5646
f 5647 5646 5641
v 12967.399 -17805.755 342.446
f 5648 5643 3371
f 5648 3373 5214
f 5648 3371 3373
v 13093.704 -17796.244 421.809
f 5649 5216 2813
f 5649 5215 5647
f 5649 2813 5215
v 12961.278 -17805.755 343.136
v 12959.754 -17805.755 343.356
f 5650 3412 5651
v 12959.842 -17808.074 343.939
f 5650 5651 5652
f 5650 5214 3412
v 13091.382 -17796.244 416.104
v 13090.758 -17796.244 414.696
f 5653 5654 5217
v 13090.219 -17793.925 414.939
f 5653 5655 5654
f 5653 5217 5216
v 13090.116 -17796.244 413.296
f 5656 5217 5654
f 5656 5654 5655
f 5656 5219 5217
v 12955.200 -17805.755 344.129
f 5657 3414 5218
f 5657 5651 3412
f 5657 3412 3414
v 13088.779 -17796.244 410.522
f 5658 5155 5219
f 5658 5219 5656
f 5658 5220 5155
v 12949.179 -17805.755 345.425
v 12947.684 -17805.755 345.796
f 5659 3455 5660
f 5659 5218 3455
v 12947.830 -17808.074 346.368
f 5659 5660 5661
v 13085.901 -17796.244 405.076
f 5662 5221 5220
v 13084.628 -17793.925 404.033
v 13085.140 -17796.244 403.738
f 5662 5663 5664
f 5662 5664 5221
v 13084.361 -17796.244 402.409
f 5665 5664 5663
f 5665 5223 5221
f 5665 5221 5664
v 12943.230 -17805.755 347.019
f 5666 5660 3455
f 5666 3457 5222
f 5666 3455 3457
v 13082.756 -17796.244 399.781
f 5667 2892 5223
f 5667 5224 2892
f 5667 5223 5665
v 12937.367 -17805.755 348.908
v 12935.917 -17805.755 349.425
v 12936.119 -17808.074 349.980
f 5668 5669 5670
f 5668 5222 3496
f 5668 3496 5669
v 13079.350 -17796.244 394.649
v 13077.979 -17793.925 393.738
v 13078.459 -17796.244 393.394
f 5671 5672 5673
f 5671 5225 5224
f 5671 5673 5225
v 13077.552 -17796.244 392.149
f 5674 5673 5672
f 5674 5227 5225
f 5674 5225 5673
v 12931.606 -17805.755 351.086
f 5675 3496 3498
f 5675 3498 5226
f 5675 5669 3496
v 13073.772 -17796.244 387.286
f 5676 5228 2933
f 5676 2933 5227
v 12925.961 -17805.755 353.549
f 5677 5226 3537
v 12924.570 -17805.755 354.209
v 12924.826 -17808.074 354.741
f 5677 5678 5679
f 5677 3537 5678
v 13071.792 -17796.244 384.927
f 5680 5229 5228
f 5680 5228 5676
v 13070.338 -17793.925 384.156
v 13070.781 -17796.244 383.766
f 5680 5681 5682
f 5680 5682 5229
v 13069.755 -17796.244 382.618
f 5683 5231 5229
f 5683 5682 5681
f 5683 5229 5682
v 12920.446 -17805.755 356.290
f 5684 5678 3537
f 5684 3539 5230
f 5684 3537 3539
v 13067.660 -17796.244 380.360
f 5685 2974 5231
f 5685 5232 2974
f 5685 5231 5683
v 12915.074 -17805.755 359.303
v 12913.755 -17805.755 360.098
f 5686 3578 5687
v 12914.063 -17808.074 360.602
f 5686 5687 5688
f 5686 5230 3578
v 13063.305 -17796.244 376.005
v 13061.781 -17793.925 375.383
v 13062.182 -17796.244 374.950
f 5689 5690 5691
f 5689 5691 5233
f 5689 5233 5232
v 13061.047 -17796.244 373.910
f 5692 5691 5690
f 5692 5233 5691
f 5692 5235 5233
v 12909.859 -17805.755 362.580
f 5693 5687 3578
f 5693 3580 5234
f 5693 3578 3580
v 13058.738 -17796.244 371.872
f 5694 5236 3015
f 5694 3015 5235
f 5694 5235 5692
v 12904.814 -17805.755 366.113
v 12903.580 -17805.755 367.035
f 5695 3619 5696
f 5695 5234 3619
v 12903.937 -17808.074 367.506
f 5695 5696 5697
v 13053.971 -17796.244 367.972
v 13052.393 -17793.925 367.506
v 13052.749 -17796.244 367.035
f 5698 5699 5700
f 5698 5237 5236
f 5698 5700 5237
v 13051.516 -17796.244 366.113
f 5701 5700 5699
f 5701 5237 5700
f 5701 5239 5237
v 12899.951 -17805.755 369.893
f 5702 5696 3619
f 5702 3619 3621
f 5702 3621 5238
v 13046.471 -17796.244 362.580
f 5703 5240 5179
f 5703 5179 5239
v 12895.282 -17805.755 373.910
v 12894.147 -17805.755 374.950
f 5704 3662 5705
f 5704 5238 3662
v 12894.549 -17808.074 375.383
f 5704 5705 5706
v 13043.883 -17796.244 360.909
f 5707 5240 5703
v 13042.574 -17796.244 360.098
f 5707 5708 5241
f 5707 5241 5240
v 13042.267 -17793.925 360.602
f 5707 5709 5708
v 13041.256 -17796.244 359.303
f 5710 5243 5241
f 5710 5241 5708
f 5710 5708 5709
v 12890.820 -17805.755 378.155
f 5711 5705 3662
f 5711 3662 3664
f 5711 3664 5242
v 13038.588 -17796.244 357.763
f 5712 5243 5710
f 5712 5244 3094
f 5712 3094 5243
v 12886.575 -17805.755 382.618
v 12885.549 -17805.755 383.766
f 5713 3704 5714
f 5713 5242 3704
v 12885.991 -17808.074 384.156
f 5713 5714 5715
v 13033.143 -17796.244 354.885
v 13031.760 -17796.244 354.209
f 5716 5717 5245
f 5716 5245 5244
v 13031.504 -17793.925 354.741
f 5716 5718 5717
v 13030.368 -17796.244 353.549
f 5719 5245 5717
f 5719 5247 5245
f 5719 5717 5718
v 12882.557 -17805.755 387.286
f 5720 3704 3706
f 5720 5714 3704
f 5720 3706 5246
v 13027.561 -17796.244 352.282
f 5721 5247 5719
f 5721 3135 5247
f 5721 5248 3135
v 12878.777 -17805.755 392.149
v 12877.871 -17805.755 393.394
v 12878.350 -17808.074 393.738
f 5722 5723 5724
f 5722 3756 5723
f 5722 5246 3756
v 13021.856 -17796.244 349.961
v 13020.412 -17796.244 349.425
f 5725 5726 5249
v 13020.210 -17793.925 349.980
f 5725 5727 5726
f 5725 5249 5248
v 13018.962 -17796.244 348.908
f 5728 5251 5249
f 5728 5249 5726
f 5728 5726 5727
v 12875.245 -17805.755 397.194
f 5729 3756 3758
f 5729 5723 3756
f 5729 3758 5250
v 13013.100 -17796.244 347.019
f 5730 3176 5251
f 5730 5252 3176
v 12871.968 -17805.755 402.409
v 12871.190 -17805.755 403.738
v 12871.701 -17808.074 404.033
f 5731 5732 5733
f 5731 3805 5732
f 5731 5250 3805
v 13010.135 -17796.244 346.185
f 5734 5252 5730
v 13008.499 -17793.925 346.368
v 13008.645 -17796.244 345.796
f 5734 5735 5736
f 5734 5253 5252
f 5734 5736 5253
v 13007.151 -17796.244 345.425
f 5737 5736 5735
f 5737 5253 5736
f 5737 5255 5253
v 12868.955 -17805.755 407.781
f 5738 5732 3805
f 5738 3807 5254
f 5738 3805 3807
v 13004.148 -17796.244 344.740
f 5739 3228 5255
f 5739 5255 5737
f 5739 5256 3228
v 12866.214 -17805.755 413.296
v 12865.572 -17805.755 414.696
f 5740 3854 5741
v 12866.110 -17808.074 414.939
f 5740 5741 5742
f 5740 5254 3854
v 12998.096 -17796.244 343.595
v 12996.487 -17793.925 343.939
v 12996.575 -17796.244 343.356
f 5743 5744 5745
f 5743 5745 5257
f 5743 5257 5256
v 12995.051 -17796.244 343.136
f 5746 5745 5744
f 5746 5257 5745
f 5746 5259 5257
v 12863.751 -17805.755 418.942
f 5747 5741 3854
f 5747 3854 3856
f 5747 3856 5258
v 12988.931 -17796.244 342.446
f 5748 5260 5203
f 5748 5203 5259
v 12861.572 -17805.755 424.703
v 12861.073 -17805.755 426.159
v 12861.632 -17808.074 426.347
f 5749 5750 5751
f 5749 3907 5750
f 5749 5258 3907
v 12985.859 -17796.244 342.216
v 12984.292 -17793.925 342.719
v 12984.322 -17796.244 342.129
f 5752 5753 5754
f 5752 5754 5261
f 5752 5260 5748
f 5752 5261 5260
v 12982.783 -17796.244 342.062
f 5755 5263 5261
f 5755 5754 5753
f 5755 5261 5754
v 12859.684 -17805.755 430.565
f 5756 3909 5262
f 5756 5750 3907
f 5756 3907 3909
v 12979.705 -17796.244 341.985
f 5757 5264 3325
f 5757 3945 3944
f 5757 5263 5755
f 5757 5753 3945
v 12972.037 -17793.925 342.719
f 5757 3944 5758
f 5757 3325 5263
f 5757 5755 5753
v 12858.090 -17805.755 436.514
f 5759 5262 3956
v 12857.738 -17805.755 438.013
f 5759 3956 5760
v 12858.313 -17808.074 438.145
f 5759 5760 5761
v 12973.546 -17796.244 342.062
f 5762 5265 5264
v 12972.008 -17796.244 342.129
f 5762 5763 5265
f 5762 5264 5757
f 5762 5757 5758
f 5762 5758 5763
v 12970.470 -17796.244 342.216
f 5764 5267 5265
f 5764 5265 5763
f 5764 5763 5758
v 12856.794 -17805.755 442.535
f 5765 3958 5266
f 5765 3956 3958
f 5765 5760 3956
v 12964.334 -17796.244 342.753
f 5766 5268 3373
f 5766 3373 5267
v 12855.800 -17805.755 448.614
f 5767 5266 4006
v 12855.599 -17805.755 450.141
v 12856.185 -17808.074 450.214
f 5767 5768 5769
f 5767 4006 5768
v 12961.278 -17796.244 343.136
f 5770 5268 5766
f 5770 5269 5268
v 12959.754 -17796.244 343.356
f 5770 5771 5269
v 12959.842 -17793.925 343.939
f 5770 5772 5771
v 12958.233 -17796.244 343.595
f 5773 5269 5771
f 5773 5271 5269
f 5773 5771 5772
v 12855.111 -17805.755 454.734
f 5774 4008 5270
f 5774 4006 4008
f 5774 5768 4006
v 12955.200 -17796.244 344.129
f 5775 5773 5772
f 5775 5272 3414
f 5775 5271 5773
v 12947.830 -17793.925 346.368
f 5775 4047 5776
f 5775 5772 4048
f 5775 3414 5271
f 5775 4048 4047
v 12854.727 -17805.755 460.881
v 12854.679 -17805.755 462.420
v 12855.269 -17808.074 462.435
f 5777 5778 5779
f 5777 5270 4060
f 5777 4060 5778
v 12949.179 -17796.244 345.425
v 12947.684 -17796.244 345.796
f 5780 5781 5273
f 5780 5775 5776
f 5780 5273 5272
f 5780 5272 5775
f 5780 5776 5781
v 12946.194 -17796.244 346.185
f 5782 5273 5781
f 5782 5275 5273
f 5782 5781 5776
v 12854.650 -17805.755 467.040
f 5783 4062 5274
f 5783 4060 4062
f 5783 5778 4060
v 12943.230 -17796.244 347.019
f 5784 5782 5776
v 12936.119 -17793.925 349.980
f 5784 4095 5785
f 5784 5275 5782
f 5784 5776 4047
f 5784 5276 3457
f 5784 3457 5275
f 5784 4047 4095
v 12854.880 -17805.755 473.195
v 12854.986 -17805.755 474.731
v 12855.575 -17808.074 474.687
f 5786 5787 5788
f 5786 5274 4105
f 5786 4105 5787
v 12937.367 -17796.244 348.908
f 5789 5784 5785
f 5789 5276 5784
f 5789 5277 5276
v 12935.917 -17796.244 349.425
f 5789 5790 5277
f 5789 5785 5790
v 12934.473 -17796.244 349.961
f 5791 5279 5277
f 5791 5277 5790
f 5791 5790 5785
v 12855.417 -17805.755 479.330
f 5792 4105 4107
f 5792 5787 4105
f 5792 4107 5278
v 12931.606 -17796.244 351.086
f 5793 3498 5279
f 5793 5280 3498
f 5793 5279 5791
v 12856.259 -17805.755 485.432
v 12856.517 -17805.755 486.950
v 12857.099 -17808.074 486.847
f 5794 5795 5796
f 5794 4146 5795
f 5794 5278 4146
v 12925.961 -17796.244 353.549
v 12924.826 -17793.925 354.741
v 12924.570 -17796.244 354.209
f 5797 5798 5799
f 5797 5281 5280
f 5797 5799 5281
v 12923.186 -17796.244 354.885
f 5800 5799 5798
f 5800 5283 5281
f 5800 5281 5799
v 12857.404 -17805.755 491.483
f 5801 5795 4146
f 5801 4148 5282
f 5801 4146 4148
v 12920.446 -17796.244 356.290
f 5802 3539 5283
f 5802 5284 3539
f 5802 5283 5800
v 12858.850 -17805.755 497.470
v 12859.257 -17805.755 498.955
f 5803 4187 5804
f 5803 5282 4187
v 12859.826 -17808.074 498.795
f 5803 5804 5805
v 12915.074 -17796.244 359.303
v 12914.063 -17793.925 360.602
v 12913.755 -17796.244 360.098
f 5806 5807 5808
f 5806 5285 5284
f 5806 5808 5285
v 12912.446 -17796.244 360.909
f 5809 5808 5807
f 5809 5285 5808
f 5809 5287 5285
v 12860.591 -17805.755 503.378
f 5810 5804 4187
f 5810 4187 4189
f 5810 4189 5286
v 12909.859 -17796.244 362.580
f 5811 3580 5287
f 5811 5287 5809
f 5811 5288 3580
v 12862.626 -17805.755 509.191
v 12863.179 -17805.755 510.628
v 12863.729 -17808.074 510.413
f 5812 5813 5814
f 5812 5286 4229
f 5812 4229 5813
v 12904.814 -17796.244 366.113
v 12903.937 -17793.925 367.506
v 12903.580 -17796.244 367.035
f 5815 5816 5817
f 5815 5817 5289
f 5815 5289 5288
v 12902.359 -17796.244 367.972
f 5818 5817 5816
f 5818 5289 5817
f 5818 5291 5289
v 12864.947 -17805.755 514.896
f 5819 4229 4231
f 5819 5813 4229
f 5819 4231 5290
v 12897.591 -17796.244 371.872
f 5820 5292 3621
f 5820 3621 5291
v 12867.550 -17805.755 520.478
v 12868.244 -17805.755 521.853
v 12868.769 -17808.074 521.584
f 5821 5822 5823
f 5821 5290 4279
f 5821 4279 5822
v 12895.282 -17796.244 373.910
v 12894.147 -17796.244 374.950
f 5824 5825 5293
f 5824 5292 5820
f 5824 5293 5292
v 12894.549 -17793.925 375.383
f 5824 5826 5825
v 12893.025 -17796.244 376.005
f 5827 5293 5825
f 5827 5295 5293
f 5827 5825 5826
v 12870.428 -17805.755 525.924
f 5828 4279 4281
f 5828 5822 4279
f 5828 4281 5294
v 12890.820 -17796.244 378.155
f 5829 5826 4317
f 5829 4317 4316
v 12885.991 -17793.925 384.156
f 5829 4316 5830
f 5829 5827 5826
f 5829 3664 5295
f 5829 5296 3664
f 5829 5295 5827
v 12873.574 -17805.755 531.219
v 12874.401 -17805.755 532.518
f 5831 4328 5832
v 12874.897 -17808.074 532.197
f 5831 5832 5833
f 5831 5294 4328
v 12886.575 -17796.244 382.618
v 12885.549 -17796.244 383.766
f 5834 5830 5835
f 5834 5835 5297
f 5834 5297 5296
f 5834 5829 5830
f 5834 5296 5829
v 12884.537 -17796.244 384.927
f 5836 5835 5830
f 5836 5297 5835
f 5836 5299 5297
v 12876.980 -17805.755 536.351
f 5837 5832 4328
f 5837 4330 5298
f 5837 4328 4330
v 12882.557 -17796.244 387.286
f 5838 3706 5299
f 5838 5299 5836
f 5838 5300 3706
v 12880.637 -17805.755 541.306
v 12881.590 -17805.755 542.516
f 5839 4379 5840
v 12882.051 -17808.074 542.148
f 5839 5840 5841
f 5839 5298 4379
v 12878.777 -17796.244 392.149
v 12878.350 -17793.925 393.738
v 12877.871 -17796.244 393.394
f 5842 5843 5844
f 5842 5301 5300
f 5842 5844 5301
v 12876.980 -17796.244 394.649
f 5845 5844 5843
f 5845 5303 5301
f 5845 5301 5844
v 12884.537 -17805.755 546.073
f 5846 4379 4381
f 5846 5840 4379
f 5846 4381 5302
v 12875.245 -17796.244 397.194
f 5847 3758 5303
f 5847 5303 5845
f 5847 5304 3758
v 12888.669 -17805.755 550.640
v 12889.738 -17805.755 551.749
f 5848 4429 5849
v 12890.160 -17808.074 551.337
f 5848 5849 5850
f 5848 5302 4429
v 12871.968 -17796.244 402.409
f 5851 5305 5304
v 12871.701 -17793.925 404.033
v 12871.190 -17796.244 403.738
f 5851 5852 5853
f 5851 5853 5305
v 12870.428 -17796.244 405.076
f 5854 5307 5305
f 5854 5853 5852
f 5854 5305 5853
v 12893.025 -17805.755 554.995
f 5855 4431 5306
f 5855 5849 4429
f 5855 4429 4431
v 12867.550 -17796.244 410.522
f 5856 5308 3807
f 5856 3807 5307
v 12897.591 -17805.755 559.128
v 12898.765 -17805.755 560.125
v 12899.144 -17808.074 559.673
f 5857 5858 5859
f 5857 4477 5858
f 5857 5306 4477
v 12866.214 -17796.244 413.296
f 5860 5308 5856
f 5860 5309 5308
v 12866.110 -17793.925 414.939
v 12865.572 -17796.244 414.696
f 5860 5861 5862
f 5860 5862 5309
v 12864.947 -17796.244 416.104
f 5863 5311 5309
f 5863 5862 5861
f 5863 5309 5862
v 12902.359 -17805.755 563.028
f 5864 5858 4477
f 5864 4477 4479
f 5864 4479 5310
v 12863.751 -17796.244 418.942
f 5865 5312 3856
f 5865 3856 5311
f 5865 5311 5863
v 12907.314 -17805.755 566.685
v 12908.581 -17805.755 567.560
f 5866 4520 5867
f 5866 5310 4520
v 12908.914 -17808.074 567.073
f 5866 5867 5868
v 12861.572 -17796.244 424.703
f 5869 5313 5312
v 12861.632 -17793.925 426.347
v 12861.073 -17796.244 426.159
f 5869 5870 5871
f 5869 5871 5313
v 12860.591 -17796.244 427.622
f 5872 5315 5313
f 5872 5871 5870
f 5872 5313 5871
v 12912.446 -17805.755 570.091
f 5873 5867 4520
f 5873 4520 4522
f 5873 4522 5314
v 12858.850 -17796.244 433.530
f 5874 5316 3909
f 5874 3909 5315
v 12917.741 -17805.755 573.237
f 5875 5314 4561
v 12919.089 -17805.755 573.982
v 12919.371 -17808.074 573.463
f 5875 5876 5877
f 5875 4561 5876
v 12858.090 -17796.244 436.514
f 5878 5317 5316
v 12857.738 -17796.244 438.013
f 5878 5879 5317
f 5878 5316 5874
v 12858.313 -17793.925 438.145
f 5878 5880 5879
v 12857.404 -17796.244 439.517
f 5881 5317 5879
f 5881 5319 5317
f 5881 5879 5880
v 12923.186 -17805.755 576.115
f 5882 4563 5318
f 5882 4561 4563
f 5882 5876 4561
v 12856.794 -17796.244 442.535
f 5883 3958 5319
f 5883 5319 5881
f 5883 5320 3958
v 12928.768 -17805.755 578.718
f 5884 5318 4602
v 12930.184 -17805.755 579.325
v 12930.413 -17808.074 578.781
f 5884 5885 5886
f 5884 4602 5885
v 12855.800 -17796.244 448.614
v 12855.599 -17796.244 450.141
f 5887 5888 5321
f 5887 5321 5320
v 12856.185 -17793.925 450.214
f 5887 5889 5888
v 12855.417 -17796.244 451.670
f 5890 5321 5888
f 5890 5888 5889
f 5890 5325 5321
v 12934.473 -17805.755 581.039
f 5891 4602 4604
f 5891 4604 5322
f 5891 5885 4602
v 12855.111 -17796.244 454.734
f 5892 4008 5325
f 5892 5325 5890
f 5892 5328 4008
v 12940.287 -17805.755 583.073
f 5893 5322 5324
v 12941.755 -17805.755 583.536
f 5893 5324 5894
v 12941.929 -17808.074 582.972
f 5893 5894 5895
v 12854.727 -17796.244 460.881
v 12854.679 -17796.244 462.420
f 5896 5897 5329
v 12855.269 -17793.925 462.435
f 5896 5898 5897
f 5896 5329 5328
v 12943.230 -17805.755 583.981
f 5899 5894 5324
f 5899 5324 5326
f 5899 5895 5894
v 12854.650 -17796.244 463.960
f 5900 5329 5897
f 5900 5897 5898
f 5900 5333 5329
v 12854.650 -17796.244 467.040
f 5901 5333 5900
f 5901 4062 5333
f 5901 5336 4062
v 12949.179 -17805.755 585.575
f 5902 5326 5327
f 5902 5327 5330
v 12952.181 -17805.755 586.260
f 5903 5330 5332
f 5903 5902 5330
v 12953.689 -17805.755 586.575
f 5903 5332 5904
v 12953.806 -17808.074 585.996
f 5903 5904 5905
v 12854.880 -17796.244 473.195
v 12855.575 -17793.925 474.687
v 12854.986 -17796.244 474.731
f 5906 5907 5908
f 5906 5337 5336
f 5906 5908 5337
v 12955.200 -17805.755 586.871
f 5909 5332 5334
f 5909 5904 5332
f 5909 5905 5904
v 12855.111 -17796.244 476.266
f 5910 5908 5907
f 5910 5341 5337
f 5910 5337 5908
v 12958.233 -17805.755 587.405
f 5911 5334 5335
f 5911 5909 5334
f 5911 5335 5338
v 12855.417 -17796.244 479.330
f 5912 5341 5910
f 5912 4107 5341
f 5912 5345 4107
v 12964.334 -17805.755 588.247
v 12965.924 -17808.074 587.823
f 5913 5344 5914
f 5913 5338 5340
f 5913 5340 5344
v 12856.259 -17796.244 485.432
v 12857.099 -17793.925 486.847
v 12856.517 -17796.244 486.950
f 5915 5916 5917
f 5915 5917 5346
f 5915 5346 5345
v 12856.794 -17796.244 488.465
f 5918 5917 5916
f 5918 5346 5917
f 5918 5349 5346
v 12968.965 -17807.500 588.259
f 5919 5914 5344
v 12966.006 -17810.322 587.009
f 5919 5920 5914
f 5919 5344 5342
f 5919 5342 5347
v 12857.404 -17796.244 491.483
f 5921 5349 5918
f 5921 4148 5349
f 5921 5351 4148
v 12972.043 -17808.454 588.160
f 5922 5920 5919
v 12966.109 -17812.478 585.976
f 5922 5923 5920
f 5922 5919 5347
v 12975.092 -17806.922 588.720
f 5924 5035 5395
f 5924 5922 5347
f 5924 5350 5035
f 5924 5347 5350
v 12975.096 -17807.500 588.565
f 5925 5395 5397
f 5925 5397 5398
f 5925 5922 5924
f 5925 5924 5395
v 12858.850 -17796.244 497.470
v 12859.826 -17793.925 498.795
v 12859.257 -17796.244 498.955
f 5926 5927 5928
f 5926 5928 5352
f 5926 5352 5351
v 12859.684 -17796.244 500.435
f 5929 5928 5927
f 5929 5352 5928
f 5929 5353 5352
v 12861.572 -17796.244 506.297
f 5930 4189 5353
f 5930 5354 4189
v 12862.626 -17796.244 509.191
v 12863.729 -17793.925 510.413
v 12863.179 -17796.244 510.628
f 5931 5932 5933
f 5931 5933 5355
f 5931 5354 5930
f 5931 5355 5354
v 12863.751 -17796.244 512.058
f 5934 5933 5932
f 5934 5355 5933
f 5934 5356 5355
v 12864.947 -17796.244 514.896
f 5935 5356 5934
f 5935 4231 5356
f 5935 5357 4231
v 12867.550 -17796.244 520.478
v 12868.769 -17793.925 521.584
v 12868.244 -17796.244 521.853
f 5936 5937 5938
f 5936 5938 5358
f 5936 5358 5357
v 12868.955 -17796.244 523.219
f 5939 5938 5937
f 5939 5358 5938
f 5939 5359 5358
v 12870.428 -17796.244 525.924
f 5940 4281 5359
f 5940 5360 4281
f 5940 5359 5939
v 12873.574 -17796.244 531.219
f 5941 5361 5360
v 12874.897 -17793.925 532.197
v 12874.401 -17796.244 532.518
f 5941 5942 5943
f 5941 5943 5361
v 12875.245 -17796.244 533.806
f 5944 5362 5361
f 5944 5943 5942
f 5944 5361 5943
v 12878.777 -17796.244 538.851
f 5945 5363 4330
f 5945 4330 5362
v 12880.637 -17796.244 541.306
f 5946 5364 5363
v 12881.590 -17796.244 542.516
f 5946 5947 5364
f 5946 5363 5945
v 12882.051 -17793.925 542.148
f 5946 5948 5947
v 12882.557 -17796.244 543.714
f 5949 5364 5947
f 5949 5365 5364
f 5949 5947 5948
v 12884.537 -17796.244 546.073
f 5950 4381 5365
f 5950 5366 4381
f 5950 5365 5949
v 12888.669 -17796.244 550.640
f 5951 5367 5366
v 12889.738 -17796.244 551.749
f 5951 5952 5367
v 12890.160 -17793.925 551.337
f 5951 5953 5952
v 12890.820 -17796.244 552.845
f 5954 5367 5952
f 5954 5952 5953
f 5954 5368 5367
v 12895.282 -17796.244 557.090
f 5955 5369 4431
f 5955 4431 5368
v 12897.591 -17796.244 559.128
f 5956 5370 5369
v 12898.765 -17796.244 560.125
f 5956 5957 5370
f 5956 5369 5955
v 12899.144 -17793.925 559.673
f 5956 5958 5957
v 12899.951 -17796.244 561.107
f 5959 5370 5957
f 5959 5371 5370
f 5959 5957 5958
v 12902.359 -17796.244 563.028
f 5960 4479 5371
f 5960 5372 4479
f 5960 5371 5959
v 12907.314 -17796.244 566.685
v 12908.581 -17796.244 567.560
f 5961 5962 5373
f 5961 5373 5372
v 12908.914 -17793.925 567.073
f 5961 5963 5962
v 12909.859 -17796.244 568.420
f 5964 5373 5962
f 5964 5374 5373
f 5964 5962 5963
v 12912.446 -17796.244 570.091
f 5965 5375 4522
f 5965 4522 5374
f 5965 5374 5964
v 12917.741 -17796.244 573.237
f 5966 5376 5375
v 12919.089 -17796.244 573.982
f 5966 5967 5376
v 12919.371 -17793.925 573.463
f 5966 5968 5967
v 12920.446 -17796.244 574.710
f 5969 5377 5376
f 5969 5376 5967
f 5969 5967 5968
v 12923.186 -17796.244 576.115
f 5970 4563 5377
f 5970 5378 4563
f 5970 5377 5969
v 12928.768 -17796.244 578.718
v 12930.413 -17793.925 578.781
v 12930.184 -17796.244 579.325
f 5971 5972 5973
f 5971 5973 5379
f 5971 5379 5378
v 12931.606 -17796.244 579.914
f 5974 5973 5972
f 5974 5380 5379
f 5974 5379 5973
v 12937.367 -17796.244 582.092
f 5975 4604 5380
f 5975 5381 4604
v 12940.287 -17796.244 583.073
f 5976 5382 5381
v 12941.929 -17793.925 582.972
v 12941.755 -17796.244 583.536
f 5976 5977 5978
f 5976 5381 5975
f 5976 5978 5382
v 12943.230 -17796.244 583.981
f 5979 5978 5977
f 5979 5383 5382
f 5979 5382 5978
v 12946.194 -17796.244 584.815
f 5980 5977 5026
f 5980 5384 5327
f 5980 5026 5025
f 5980 5979 5977
f 5980 5383 5979
f 5980 5327 5383
v 12953.806 -17793.925 585.996
f 5980 5025 5981
v 12952.181 -17796.244 586.260
f 5982 5385 5384
f 5982 5384 5980
f 5982 5980 5981
v 12953.689 -17796.244 586.575
f 5982 5981 5983
f 5982 5983 5385
v 12955.200 -17796.244 586.871
f 5984 5386 5385
f 5984 5983 5981
f 5984 5385 5983
v 12961.278 -17796.244 587.864
f 5985 5387 5335
f 5985 5335 5386
v 12964.334 -17796.244 588.247
f 5986 5387 5985
f 5986 5390 5388
f 5986 5388 5387
v 12965.924 -17793.925 587.823
f 5986 5987 5390
v 12968.965 -17794.499 588.259
f 5988 5389 5390
v 12966.006 -17791.677 587.009
f 5988 5987 5989
f 5988 5390 5987
f 5988 5391 5389
v 12972.043 -17793.545 588.160
f 5990 5988 5989
f 5990 5391 5988
v 12966.109 -17789.521 585.976
f 5990 5989 5991
v 12975.096 -17794.499 588.565
f 5992 5466 5465
f 5992 5465 5467
v 12975.092 -17795.077 588.720
f 5993 5467 5105
f 5993 5992 5467
f 5993 5105 5392
f 5993 5392 5391
f 5993 5391 5990
f 5993 5990 5992
v 12988.818 -17810.046 587.265
f 5994 5396 5401
f 5994 5400 5396
v 12990.323 -17810.322 587.009
f 5994 5995 2225
f 5994 2225 2224
f 5994 5401 5402
v 12978.165 -17812.478 586.577
f 5994 5996 5400
f 5994 2224 5996
f 5994 5402 5995
v 12992.690 -17808.074 587.573
f 5997 5403 5404
f 5997 5402 5403
v 12998.757 -17808.074 586.697
f 5998 5405 5407
f 5998 5404 5043
f 5998 5043 5405
v 13004.772 -17808.074 585.520
f 5999 5408 5409
f 5999 5407 5408
v 13010.722 -17808.074 584.044
f 6000 5048 5410
f 6000 5410 5412
f 6000 5409 5048
v 13016.590 -17808.074 582.274
f 6001 5413 5414
f 6001 5412 5413
v 13022.363 -17808.074 580.214
f 6002 5053 5415
f 6002 5414 5053
f 6002 5415 5417
v 13028.026 -17808.074 577.868
f 6003 5418 5419
f 6003 5417 5418
v 13033.565 -17808.074 575.243
f 6004 5419 5058
f 6004 5058 5420
f 6004 5420 5422
v 13038.967 -17808.074 572.345
f 6005 5423 5424
f 6005 5422 5423
v 13044.217 -17808.074 569.181
f 6006 5424 5063
f 6006 5425 5427
f 6006 5063 5425
v 13049.303 -17808.074 565.760
f 6007 5428 5429
f 6007 5427 5428
v 13054.212 -17808.074 562.089
f 6008 5068 5430
f 6008 5430 5432
f 6008 5429 5068
v 13058.932 -17808.074 558.179
f 6009 5432 5433
f 6009 5433 5434
v 13063.451 -17808.074 554.038
f 6010 5434 5073
f 6010 5435 5437
f 6010 5073 5435
v 13067.759 -17808.074 549.676
f 6011 5437 5438
f 6011 5438 5439
v 13071.843 -17808.074 545.106
f 6012 5440 5442
f 6012 5078 5440
f 6012 5439 5078
v 13075.695 -17808.074 540.337
f 6013 5443 5444
f 6013 5442 5443
v 13079.304 -17808.074 535.383
f 6014 5444 5083
f 6014 5083 5445
f 6014 5445 5447
v 13082.661 -17808.074 530.255
f 6015 5447 5448
f 6015 5448 5449
v 13085.759 -17808.074 524.965
f 6016 5450 5452
f 6016 5449 5088
f 6016 5088 5450
v 13088.590 -17808.074 519.528
f 6017 5452 5453
f 6017 5453 5454
v 13091.145 -17808.074 513.957
f 6018 5455 5457
f 6018 5093 5455
f 6018 5454 5093
v 13093.944 -17808.074 506.825
f 6019 5458 5096
f 6019 5096 5459
f 6019 5457 5458
v 12981.201 -17790.947 587.256
f 6020 5470 5469
v 12990.096 -17787.480 584.734
f 6020 6021 5470
f 6020 5469 5464
f 6020 5464 5466
v 12978.165 -17790.586 587.123
v 12978.165 -17789.521 586.577
f 6020 6022 6023
v 12978.165 -17791.677 587.615
f 6020 6024 6022
f 6020 5466 6024
v 13095.860 -17808.074 501.002
f 6025 5460 5462
f 6025 5459 5460
v 13097.484 -17808.074 495.092
f 6026 5462 5463
f 6026 5463 5101
f 6026 5101 5472
v 13098.810 -17808.074 489.107
f 6027 5475 5477
f 6027 5472 5475
v 12992.690 -17793.925 587.573
f 6028 5479 5474
f 6028 5481 5479
v 13099.609 -17808.074 484.580
f 6029 5477 5478
f 6029 5478 5480
v 12998.757 -17793.925 586.697
f 6030 5485 5124
f 6030 5124 5481
f 6030 5487 5485
v 13002.361 -17791.677 585.194
f 6030 6031 5487
v 13100.409 -17808.074 478.502
f 6032 5480 5118
f 6032 5118 5482
f 6032 5482 5484
v 13004.772 -17793.925 585.520
f 6033 5491 5489
f 6033 5489 5487
v 13100.905 -17808.074 472.393
f 6034 5488 5490
f 6034 5484 5488
v 13010.722 -17793.925 584.044
f 6035 5132 5491
f 6035 5496 5495
f 6035 5495 5132
v 13101.096 -17808.074 466.266
f 6036 5490 5126
f 6036 5126 5492
f 6036 5492 5494
v 13100.905 -17808.074 458.607
f 6037 5130 5500
f 6037 5494 5498
f 6037 5498 5130
v 13100.409 -17808.074 452.498
f 6038 5503 5505
f 6038 5500 5503
v 13028.026 -17793.925 577.868
f 6039 5510 5508
f 6039 5508 5502
v 13099.837 -17808.074 447.936
f 6040 5504 5509
f 6040 5505 5504
v 13033.565 -17793.925 575.243
f 6041 5144 5510
f 6041 5514 5144
f 6041 5515 5514
v 13098.810 -17808.074 441.893
f 6042 5511 5513
f 6042 5509 5138
f 6042 5138 5511
v 13040.294 -17793.925 571.579
v 13036.567 -17791.677 572.744
f 6043 5515 6044
f 6043 5147 5518
f 6043 5518 5515
f 6043 5520 5147
v 13097.484 -17808.074 435.908
f 6045 5517 5519
f 6045 5513 5517
v 13045.504 -17793.925 568.350
f 6046 5524 5520
f 6046 5526 5524
v 13095.860 -17808.074 429.998
f 6047 5146 5521
f 6047 5519 5146
f 6047 5521 5523
v 13050.547 -17793.925 564.865
f 6048 5153 5527
f 6048 5529 5153
v 13046.955 -17791.677 566.396
f 6048 5526 6049
f 6048 5527 5526
v 13093.944 -17808.074 424.175
f 6050 5523 5522
f 6050 5522 5528
v 13055.410 -17793.925 561.134
f 6051 5535 5533
f 6051 5533 5529
v 13091.741 -17808.074 418.455
f 6052 5150 5530
f 6052 5530 5532
f 6052 5528 5150
v 13058.932 -17793.925 558.179
v 13056.659 -17791.677 559.046
f 6053 5535 6054
f 6053 5539 5537
f 6053 5537 5535
v 13089.254 -17808.074 412.852
f 6055 5532 5536
f 6055 5536 5538
v 13063.451 -17793.925 554.038
f 6056 5160 5539
f 6056 5544 5543
f 6056 5543 5160
v 13086.492 -17808.074 407.381
f 6057 5538 5158
f 6057 5540 5542
f 6057 5158 5540
v 13067.759 -17793.925 549.676
v 13065.583 -17791.677 550.765
f 6058 5544 6059
f 6058 5546 5544
f 6058 5548 5546
v 13083.460 -17808.074 402.053
f 6060 5541 5547
f 6060 5542 5541
v 13080.167 -17808.074 396.883
f 6061 5549 5551
f 6061 5162 5549
f 6061 5547 5162
v 13076.620 -17793.925 539.116
f 6062 5167 5555
f 6062 5555 5554
f 6062 5557 5167
v 13073.638 -17791.677 541.638
f 6062 5554 6063
v 13076.620 -17808.074 391.884
f 6064 5550 5556
f 6064 5551 5550
v 13080.167 -17793.925 534.117
f 6065 5562 5561
f 6065 5561 5557
v 13072.828 -17808.074 387.068
f 6066 5556 5166
f 6066 5558 5560
f 6066 5166 5558
v 13082.661 -17793.925 530.255
f 6067 5564 5562
f 6067 5566 5564
v 13068.801 -17808.074 382.447
f 6068 5559 5565
f 6068 5560 5559
v 13064.548 -17808.074 378.033
f 6069 5565 5170
f 6069 5567 5569
f 6069 5170 5567
v 13088.590 -17793.925 519.528
f 6070 5575 5573
f 6070 5573 5571
v 13060.081 -17808.074 373.835
f 6071 5568 5574
f 6071 5569 5568
v 13091.145 -17793.925 513.957
f 6072 5180 5575
f 6072 5579 5180
f 6072 5581 5579
v 13055.410 -17808.074 369.866
f 6073 5574 5174
f 6073 5576 5578
f 6073 5174 5576
v 13093.420 -17793.925 508.265
f 6074 5583 5581
f 6074 5585 5583
v 13050.547 -17808.074 366.135
f 6075 5578 5582
f 6075 5582 5584
v 13095.409 -17793.925 502.467
f 6076 5184 5585
f 6076 5591 5589
f 6076 5589 5184
v 13045.504 -17808.074 362.650
f 6077 5586 5588
f 6077 5584 5182
f 6077 5182 5586
v 13097.106 -17793.925 496.577
f 6078 5594 5592
f 6078 5592 5591
v 13040.294 -17808.074 359.421
f 6079 5588 5587
f 6079 5587 5593
v 13098.507 -17793.925 490.609
f 6080 5598 5188
f 6080 5188 5594
f 6080 5600 5598
v 13034.929 -17808.074 356.456
f 6081 5595 5597
f 6081 5186 5595
f 6081 5593 5186
v 13099.609 -17793.925 484.580
f 6082 5601 5600
f 6082 5603 5601
v 13029.423 -17808.074 353.763
f 6083 5596 5602
f 6083 5597 5596
v 13100.409 -17793.925 478.502
f 6084 5607 5192
f 6084 5192 5603
f 6084 5609 5607
v 13023.790 -17808.074 351.346
f 6085 5602 5190
f 6085 5190 5604
f 6085 5604 5606
v 13100.905 -17793.925 472.393
f 6086 5612 5610
f 6086 5610 5609
v 13018.043 -17808.074 349.214
f 6087 5606 5605
f 6087 5605 5611
v 13012.197 -17808.074 347.371
f 6088 5611 5194
f 6088 5194 5613
f 6088 5613 5615
v 13006.267 -17808.074 345.821
f 6089 5615 5614
f 6089 5614 5620
v 13000.266 -17808.074 344.569
f 6090 5623 5625
f 6090 5198 5623
f 6090 5620 5198
v 13099.837 -17793.925 447.936
f 6091 5631 5629
f 6091 5629 5622
v 12994.211 -17808.074 343.618
f 6092 5628 5630
f 6092 5625 5628
v 13098.810 -17793.925 441.893
f 6093 5208 5631
f 6093 5635 5208
f 6093 5637 5635
v 12988.115 -17808.074 342.970
f 6094 5632 5634
f 6094 5630 5206
f 6094 5206 5632
v 12981.995 -17808.074 342.626
f 6095 5634 5633
f 6095 5633 5639
v 12975.866 -17808.074 342.588
f 6096 5639 5210
f 6096 5210 5642
f 6096 5642 5644
v 13093.944 -17793.925 424.175
f 6097 5649 5647
f 6097 5647 5641
v 12969.742 -17808.074 342.855
f 6098 5643 5648
f 6098 5644 5643
v 13091.741 -17793.925 418.455
f 6099 5655 5653
f 6099 5653 5216
f 6099 5216 5649
v 12963.639 -17808.074 343.427
f 6100 5650 5652
f 6100 5214 5650
f 6100 5648 5214
v 12957.573 -17808.074 344.303
f 6101 5651 5657
f 6101 5652 5651
v 13086.492 -17793.925 407.381
f 6102 5662 5220
f 6102 5220 5658
f 6102 5663 5662
v 12951.557 -17808.074 345.480
f 6103 5218 5659
f 6103 5659 5661
f 6103 5657 5218
v 13083.460 -17793.925 402.053
f 6104 5665 5663
f 6104 5667 5665
v 12945.608 -17808.074 346.956
f 6105 5660 5666
f 6105 5661 5660
v 13080.167 -17793.925 396.883
f 6106 5672 5671
f 6106 5224 5667
f 6106 5671 5224
v 12939.739 -17808.074 348.726
f 6107 5666 5222
f 6107 5222 5668
f 6107 5668 5670
v 13075.695 -17793.925 390.663
f 6108 5227 5674
f 6108 5676 5227
f 6108 5674 5672
v 12933.966 -17808.074 350.786
f 6109 5670 5669
f 6109 5669 5675
v 13071.843 -17793.925 385.894
f 6110 5680 5676
f 6110 5681 5680
v 12928.303 -17808.074 353.132
f 6111 5226 5677
f 6111 5677 5679
f 6111 5675 5226
v 13068.801 -17793.925 382.447
f 6112 5683 5681
f 6112 5685 5683
v 12922.764 -17808.074 355.757
f 6113 5679 5678
f 6113 5678 5684
v 13064.548 -17793.925 378.033
f 6114 5232 5685
f 6114 5689 5232
f 6114 5690 5689
v 12917.363 -17808.074 358.655
f 6115 5684 5230
f 6115 5230 5686
f 6115 5686 5688
v 13060.081 -17793.925 373.835
v 13061.224 -17791.677 375.983
f 6116 5690 6117
f 6116 5692 5690
f 6116 5694 5692
v 12912.112 -17808.074 361.819
f 6118 5687 5693
f 6118 5688 5687
v 13055.410 -17793.925 369.866
f 6119 5236 5694
f 6119 5698 5236
f 6119 5699 5698
v 12907.026 -17808.074 365.240
f 6120 5234 5695
f 6120 5695 5697
f 6120 5693 5234
v 13049.303 -17793.925 365.240
f 6121 5701 5699
f 6121 5239 5701
f 6121 5703 5239
v 12902.117 -17808.074 368.911
f 6122 5696 5702
f 6122 5697 5696
v 13044.217 -17793.925 361.819
f 6123 5707 5703
f 6123 5709 5707
v 12897.397 -17808.074 372.821
f 6124 5702 5238
f 6124 5704 5706
f 6124 5238 5704
v 13040.294 -17793.925 359.421
f 6125 5712 5710
f 6125 5710 5709
v 12892.878 -17808.074 376.962
f 6126 5705 5711
f 6126 5706 5705
v 13034.929 -17793.925 356.456
f 6127 5716 5244
f 6127 5718 5716
f 6127 5244 5712
v 12888.571 -17808.074 381.324
f 6128 5711 5242
f 6128 5713 5715
f 6128 5242 5713
v 13029.423 -17793.925 353.763
f 6129 5721 5719
f 6129 5719 5718
v 12884.486 -17808.074 385.894
f 6130 5714 5720
f 6130 5715 5714
v 13023.790 -17793.925 351.346
f 6131 5248 5721
f 6131 5727 5725
f 6131 5725 5248
v 12880.635 -17808.074 390.663
f 6132 5720 5246
f 6132 5246 5722
f 6132 5722 5724
v 13016.590 -17793.925 348.726
f 6133 5251 5728
f 6133 5728 5727
f 6133 5730 5251
v 12877.026 -17808.074 395.617
f 6134 5724 5723
f 6134 5723 5729
v 13010.722 -17793.925 346.956
f 6135 5734 5730
f 6135 5735 5734
v 12873.668 -17808.074 400.745
f 6136 5250 5731
f 6136 5729 5250
f 6136 5731 5733
v 13006.267 -17793.925 345.821
f 6137 5739 5737
f 6137 5737 5735
v 12870.570 -17808.074 406.035
f 6138 5733 5732
f 6138 5732 5738
v 13000.266 -17793.925 344.569
f 6139 5256 5739
f 6139 5743 5256
f 6139 5744 5743
v 12867.740 -17808.074 411.472
f 6140 5740 5742
f 6140 5254 5740
f 6140 5738 5254
v 12992.690 -17793.925 343.427
f 6141 5259 5746
f 6141 5746 5744
f 6141 5748 5259
v 12865.184 -17808.074 417.043
f 6142 5742 5741
f 6142 5741 5747
v 12986.587 -17793.925 342.855
f 6143 5752 5748
f 6143 5753 5752
v 12862.909 -17808.074 422.735
f 6144 5747 5258
f 6144 5258 5749
f 6144 5749 5751
v 12860.921 -17808.074 428.533
f 6145 5751 5750
f 6145 5750 5756
v 12859.224 -17808.074 434.423
f 6146 5262 5759
f 6146 5756 5262
f 6146 5759 5761
v 12968.214 -17793.925 342.970
f 6147 5764 5758
f 6147 5267 5764
f 6147 5766 5267
v 12857.823 -17808.074 440.391
f 6148 5760 5765
f 6148 5761 5760
v 12962.119 -17793.925 343.618
f 6149 5770 5766
f 6149 5772 5770
v 12856.721 -17808.074 446.420
f 6150 5765 5266
f 6150 5266 5767
f 6150 5767 5769
v 12855.920 -17808.074 452.498
f 6151 5768 5774
f 6151 5769 5768
v 12855.424 -17808.074 458.607
f 6152 5270 5777
f 6152 5777 5779
f 6152 5774 5270
v 12855.233 -17808.074 464.734
f 6153 5779 5778
f 6153 5778 5783
v 12855.348 -17808.074 470.862
f 6154 5786 5788
f 6154 5274 5786
f 6154 5783 5274
v 12933.966 -17793.925 350.786
f 6155 5793 5791
f 6155 5791 5785
v 12855.768 -17808.074 476.978
f 6156 5787 5792
f 6156 5788 5787
v 12928.303 -17793.925 353.132
f 6157 5798 5797
f 6157 5797 5280
f 6157 5280 5793
v 12856.492 -17808.074 483.064
f 6158 5792 5278
f 6158 5278 5794
f 6158 5794 5796
v 12922.764 -17793.925 355.757
f 6159 5802 5800
f 6159 5800 5798
v 12857.519 -17808.074 489.107
f 6160 5796 5795
f 6160 5795 5801
v 12917.363 -17793.925 358.655
f 6161 5284 5802
f 6161 5807 5806
f 6161 5806 5284
v 12858.846 -17808.074 495.092
f 6162 5801 5282
f 6162 5282 5803
f 6162 5803 5805
v 12912.112 -17793.925 361.819
f 6163 5811 5809
f 6163 5809 5807
v 12860.469 -17808.074 501.002
f 6164 5805 5804
f 6164 5804 5810
v 12907.026 -17793.925 365.240
f 6165 5816 5815
f 6165 5288 5811
f 6165 5815 5288
v 12862.385 -17808.074 506.825
f 6166 5812 5814
f 6166 5810 5286
f 6166 5286 5812
v 12900.919 -17793.925 369.866
v 12904.431 -17791.677 368.158
f 6167 5816 6168
f 6167 5818 5816
f 6167 5820 5291
f 6167 5291 5818
v 12864.589 -17808.074 512.545
f 6169 5814 5813
f 6169 5813 5819
v 12896.248 -17793.925 373.835
f 6170 5824 5820
f 6170 5826 5824
v 12867.075 -17808.074 518.148
f 6171 5821 5823
f 6171 5819 5290
f 6171 5290 5821
v 12869.837 -17808.074 523.619
f 6172 5823 5822
f 6172 5822 5828
v 12872.869 -17808.074 528.947
f 6173 5294 5831
f 6173 5828 5294
f 6173 5831 5833
v 12876.162 -17808.074 534.117
f 6174 5833 5832
f 6174 5832 5837
v 12880.635 -17793.925 390.663
f 6175 5300 5838
f 6175 5842 5300
f 6175 5843 5842
v 12879.709 -17808.074 539.116
f 6176 5298 5839
f 6176 5839 5841
f 6176 5837 5298
v 12883.501 -17808.074 543.932
f 6177 5840 5846
f 6177 5841 5840
v 12873.668 -17793.925 400.745
f 6178 5851 5304
f 6178 5304 5847
f 6178 5852 5851
v 12887.528 -17808.074 548.553
f 6179 5846 5302
f 6179 5848 5850
f 6179 5302 5848
v 12869.837 -17793.925 407.381
f 6180 5307 5854
f 6180 5856 5307
f 6180 5854 5852
v 12891.781 -17808.074 552.967
f 6181 5849 5855
f 6181 5850 5849
v 12867.075 -17793.925 412.852
f 6182 5860 5856
f 6182 5861 5860
v 12896.248 -17808.074 557.165
f 6183 5857 5859
f 6183 5306 5857
f 6183 5855 5306
v 12865.184 -17793.925 417.043
f 6184 5863 5861
f 6184 5865 5863
v 12900.919 -17808.074 561.134
f 6185 5859 5858
f 6185 5858 5864
v 12862.909 -17793.925 422.735
f 6186 5312 5865
f 6186 5870 5869
f 6186 5869 5312
v 12905.782 -17808.074 564.865
f 6187 5864 5310
f 6187 5310 5866
f 6187 5866 5868
v 12860.469 -17793.925 429.998
f 6188 5872 5870
f 6188 5315 5872
f 6188 5874 5315
v 12910.825 -17808.074 568.350
f 6189 5867 5873
f 6189 5868 5867
v 12858.846 -17793.925 435.908
f 6190 5878 5874
f 6190 5880 5878
v 12916.035 -17808.074 571.579
f 6191 5314 5875
f 6191 5873 5314
f 6191 5875 5877
v 12857.823 -17793.925 440.391
f 6192 5883 5881
f 6192 5881 5880
v 12921.400 -17808.074 574.544
f 6193 5877 5876
f 6193 5876 5882
v 12856.721 -17793.925 446.420
f 6194 5889 5887
f 6194 5320 5883
f 6194 5887 5320
v 12926.906 -17808.074 577.237
f 6195 5882 5318
f 6195 5318 5884
f 6195 5884 5886
v 12855.920 -17793.925 452.498
f 6196 5890 5889
f 6196 5892 5890
v 12932.539 -17808.074 579.654
f 6197 5886 5885
f 6197 5885 5891
v 12855.424 -17793.925 458.607
f 6198 5328 5892
f 6198 5896 5328
f 6198 5898 5896
v 12938.286 -17808.074 581.786
f 6199 5893 5895
f 6199 5891 5322
f 6199 5322 5893
v 12855.233 -17793.925 464.734
f 6200 5900 5898
f 6200 5901 5900
v 12945.608 -17808.074 584.044
f 6201 5895 5899
f 6201 5326 5902
f 6201 5899 5326
v 12855.348 -17793.925 470.862
f 6202 5906 5336
f 6202 5336 5901
f 6202 5907 5906
v 12951.557 -17808.074 585.520
f 6203 5902 5903
f 6203 5903 5905
v 12855.768 -17793.925 476.978
f 6204 5912 5910
f 6204 5910 5907
v 12956.063 -17808.074 586.431
f 6205 5905 5909
f 6205 5909 5911
v 12856.492 -17793.925 483.064
f 6206 5345 5912
f 6206 5915 5345
f 6206 5916 5915
v 12962.119 -17808.074 587.382
f 6207 5911 5338
f 6207 5338 5913
f 6207 5913 5914
v 12857.519 -17793.925 489.107
f 6208 5918 5916
f 6208 5921 5918
v 12858.846 -17793.925 495.092
f 6209 5351 5921
f 6209 5926 5351
f 6209 5927 5926
v 12860.921 -17793.925 502.467
f 6210 5929 5927
v 12860.613 -17791.677 498.574
f 6210 5927 6211
f 6210 5353 5929
f 6210 5930 5353
v 12975.128 -17811.052 587.256
f 6212 5923 5922
f 6212 5398 5399
f 6212 5399 5400
f 6212 5400 5996
f 6212 5922 5925
v 12966.233 -17814.519 584.734
f 6212 6213 5923
f 6212 5925 5398
v 12862.909 -17793.925 508.265
f 6214 5932 5931
f 6214 5931 5930
v 12864.589 -17793.925 512.545
f 6215 5934 5932
f 6215 5935 5934
v 12867.075 -17793.925 518.148
f 6216 5357 5935
f 6216 5936 5357
f 6216 5937 5936
v 12869.837 -17793.925 523.619
f 6217 5939 5937
f 6217 5940 5939
v 12872.869 -17793.925 528.947
f 6218 5941 5360
f 6218 5360 5940
f 6218 5942 5941
v 12877.026 -17793.925 535.383
f 6219 5362 5944
v 12875.585 -17791.677 531.753
f 6219 5942 6220
f 6219 5945 5362
f 6219 5944 5942
v 12880.635 -17793.925 540.337
f 6221 5946 5945
f 6221 5948 5946
v 12887.528 -17793.925 548.553
f 6222 5951 5366
f 6222 5366 5950
f 6222 5953 5951
v 12892.878 -17793.925 554.038
f 6223 5955 5368
f 6223 5954 5953
f 6223 5368 5954
v 12897.397 -17793.925 558.179
f 6224 5958 5956
f 6224 5956 5955
v 12900.919 -17793.925 561.134
f 6225 5959 5958
f 6225 5960 5959
v 12905.782 -17793.925 564.865
f 6226 5961 5372
f 6226 5372 5960
f 6226 5963 5961
v 12910.825 -17793.925 568.350
f 6227 5964 5963
f 6227 5965 5964
v 12916.035 -17793.925 571.579
f 6228 5968 5966
f 6228 5966 5375
f 6228 5375 5965
v 12921.400 -17793.925 574.544
f 6229 5970 5969
f 6229 5969 5968
v 12926.906 -17793.925 577.237
f 6230 5972 5971
f 6230 5971 5378
f 6230 5378 5970
v 12933.966 -17793.925 580.214
f 6231 5975 5380
f 6231 5974 5972
f 6231 5380 5974
v 12939.739 -17793.925 582.274
f 6232 5977 5976
f 6232 5976 5975
v 12957.573 -17793.925 586.697
f 6233 5386 5984
f 6233 5985 5386
f 6233 5984 5981
v 12963.639 -17793.925 587.573
f 6234 5986 5985
f 6234 5987 5986
v 12975.128 -17790.947 587.256
f 6235 6023 6022
f 6235 6022 6024
f 6235 6024 5466
f 6235 5992 5990
f 6235 5990 5991
v 12966.233 -17787.480 584.734
f 6235 5991 6236
f 6235 5466 5992
v 12991.459 -17810.322 586.890
f 6237 2225 5995
f 6237 5402 5997
f 6237 5995 5402
v 12994.481 -17810.322 586.520
f 6238 5997 5404
f 6238 6237 5997
f 6238 5404 5998
v 13000.493 -17810.322 585.557
v 13002.361 -17810.322 585.194
f 6239 5407 6240
v 13002.156 -17812.478 584.177
f 6239 6240 6241
f 6239 5998 5407
v 13003.479 -17810.322 584.963
f 6242 6240 5407
f 6242 6241 6240
f 6242 5407 5999
v 13006.450 -17810.322 584.294
f 6243 6242 5999
f 6243 5999 5409
f 6243 5409 6000
v 13012.336 -17810.322 582.737
v 13014.159 -17810.322 582.190
f 6244 5412 6245
v 13013.853 -17812.478 581.198
f 6244 6245 6246
f 6244 6000 5412
v 13015.248 -17810.322 581.849
f 6247 6245 5412
f 6247 6246 6245
f 6247 5412 6001
v 13018.137 -17810.322 580.888
f 6248 5414 6002
f 6248 6247 6001
f 6248 6001 5414
v 13023.839 -17810.322 578.752
v 13025.599 -17810.322 578.026
f 6249 5417 6250
f 6249 6002 5417
v 13025.195 -17812.478 577.070
f 6249 6250 6251
v 13026.649 -17810.322 577.578
f 6252 5417 6003
f 6252 6250 5417
f 6252 6251 6250
v 13029.428 -17810.322 576.334
f 6253 5419 6004
f 6253 6003 5419
f 6253 6252 6003
v 13034.889 -17810.322 573.641
f 6254 6004 5422
v 13036.567 -17810.322 572.744
f 6254 5422 6255
v 13036.070 -17812.478 571.833
f 6254 6255 6256
v 13037.567 -17810.322 572.194
f 6257 5422 6005
f 6257 6255 5422
f 6257 6256 6255
v 13040.209 -17810.322 570.680
f 6258 5424 6006
f 6258 6257 6005
f 6258 6005 5424
v 13045.374 -17810.322 567.456
f 6259 6006 5427
v 13046.955 -17810.322 566.396
v 13046.370 -17812.478 565.539
f 6259 6260 6261
f 6259 5427 6260
v 13047.895 -17810.322 565.749
f 6262 5427 6007
f 6262 6261 6260
f 6262 6260 5427
v 13050.373 -17810.322 563.979
f 6263 6007 5429
f 6263 5429 6008
f 6263 6262 6007
v 13055.192 -17810.322 560.258
v 13056.659 -17810.322 559.046
f 6264 5432 6265
v 13055.992 -17812.478 558.251
f 6264 6265 6266
f 6264 6008 5432
v 13057.530 -17810.322 558.308
f 6267 6265 5432
f 6267 5432 6009
f 6267 6266 6265
v 13059.819 -17810.322 556.300
f 6268 6009 5434
f 6268 6267 6009
f 6268 5434 6010
v 13064.244 -17810.322 552.117
f 6269 6010 5437
v 13065.583 -17810.322 550.765
f 6269 5437 6270
v 13064.840 -17812.478 550.041
f 6269 6270 6271
v 13066.376 -17810.322 549.944
f 6272 6270 5437
f 6272 6271 6270
f 6272 5437 6011
v 13068.454 -17810.322 547.719
f 6273 6272 6011
f 6273 6011 5439
f 6273 5439 6012
v 13072.440 -17810.322 543.116
v 13073.638 -17810.322 541.638
v 13072.827 -17812.478 540.990
f 6274 6275 6276
f 6274 6012 5442
f 6274 5442 6275
v 13074.346 -17810.322 540.742
f 6277 6276 6275
f 6277 5442 6013
f 6277 6275 5442
v 13076.192 -17810.322 538.320
f 6278 6013 5444
f 6278 6277 6013
f 6278 5444 6014
v 13079.700 -17810.322 533.344
v 13080.745 -17810.322 531.753
v 13079.873 -17812.478 531.190
f 6279 6280 6281
f 6279 6014 5447
f 6279 5447 6280
v 13081.360 -17810.322 530.791
f 6282 5447 6015
f 6282 6281 6280
f 6282 6280 5447
v 13082.955 -17810.322 528.198
f 6283 6282 6015
f 6283 6015 5449
f 6283 5449 6016
v 13085.950 -17810.322 522.897
f 6284 6016 5452
v 13086.832 -17810.322 521.210
v 13085.908 -17812.478 520.737
f 6284 6285 6286
f 6284 5452 6285
v 13087.348 -17810.322 520.192
f 6287 5452 6017
f 6287 6286 6285
f 6287 6285 5452
v 13088.677 -17810.322 517.453
f 6288 6287 6017
f 6288 6017 5454
f 6288 5454 6018
v 13091.130 -17810.322 511.880
v 13091.839 -17810.322 510.114
f 6289 5457 6290
v 13090.872 -17812.478 509.735
f 6289 6290 6291
f 6289 6018 5457
v 12979.668 -17788.656 586.073
f 6292 2565 2564
f 6292 6021 6020
f 6292 2564 6021
f 6292 6020 6023
v 12978.165 -17786.508 584.631
f 6292 6293 2565
v 12978.165 -17787.480 585.330
f 6292 6294 6293
v 12978.165 -17788.485 585.979
f 6292 6295 6294
f 6292 6023 6295
v 13092.520 -17810.322 508.337
f 6296 6290 5457
f 6296 6291 6290
f 6296 5457 6019
v 13094.513 -17810.322 502.584
f 6297 6019 5459
f 6297 5459 6025
v 13095.402 -17810.322 499.671
f 6298 6297 6025
f 6298 6025 5462
v 13095.716 -17810.322 498.574
v 13094.717 -17812.478 498.293
f 6298 6299 6300
f 6298 5462 6299
v 13096.217 -17810.322 496.738
f 6301 6300 6299
f 6301 6299 5462
f 6301 5462 6026
v 12991.459 -17791.677 586.890
f 6302 6028 5474
f 6302 5471 5470
f 6302 5474 5471
v 12994.481 -17791.677 586.520
f 6303 6030 5481
f 6303 6028 6302
f 6303 5481 6028
v 13097.627 -17810.322 490.815
f 6304 6026 5472
f 6304 5472 6027
v 13098.221 -17810.322 487.829
v 13098.425 -17810.322 486.705
v 13097.403 -17812.478 486.525
f 6305 6306 6307
f 6305 6304 6027
f 6305 5477 6306
f 6305 6027 5477
v 13098.618 -17810.322 485.580
f 6308 5477 6029
f 6308 6307 6306
f 6308 6306 5477
v 13003.479 -17791.677 584.963
v 13002.156 -17789.521 584.177
f 6309 6031 6310
f 6309 6033 5487
f 6309 5487 6031
v 13099.081 -17810.322 482.571
f 6311 6029 5480
f 6311 6308 6029
f 6311 5480 6032
v 13006.450 -17791.677 584.294
f 6312 5491 6033
f 6312 6035 5491
f 6312 6033 6309
v 13099.782 -17810.322 476.522
f 6313 6032 5484
v 13099.939 -17810.322 474.626
f 6313 5484 6314
v 13098.903 -17812.478 474.548
f 6313 6314 6315
v 13012.336 -17791.677 582.737
f 6316 5496 6035
f 6316 2715 2724
f 6316 2724 5496
v 13100.019 -17810.322 473.487
f 6317 6314 5484
f 6317 5484 6034
f 6317 6315 6314
v 13100.180 -17810.322 470.446
f 6318 6034 5490
f 6318 5490 6036
f 6318 6317 6034
v 13100.275 -17810.322 464.358
f 6319 6036 5494
v 13100.242 -17810.322 462.456
v 13099.204 -17812.478 462.481
f 6319 6320 6321
f 6319 5494 6320
v 13100.180 -17810.322 460.554
f 6322 6321 6320
f 6322 6320 5494
f 6322 5494 6037
v 13026.649 -17791.677 577.578
f 6323 6039 5502
f 6323 5502 2723
f 6323 2723 2714
v 13029.428 -17791.677 576.334
f 6324 5510 6039
f 6324 6041 5510
f 6324 6039 6323
v 13099.782 -17810.322 454.478
f 6325 6037 5500
f 6325 5500 6038
v 13099.469 -17810.322 451.449
f 6326 6038 5505
v 13099.332 -17810.322 450.316
f 6326 5505 6327
v 13098.302 -17812.478 450.445
f 6326 6327 6328
f 6326 6325 6038
v 13034.889 -17791.677 573.641
f 6329 6044 5515
v 13036.070 -17789.521 571.833
f 6329 6330 6044
f 6329 5515 6041
v 13099.185 -17810.322 449.183
f 6331 6327 5505
f 6331 6328 6327
f 6331 5505 6040
v 13098.741 -17810.322 446.171
f 6332 5509 6042
f 6332 6331 6040
f 6332 6040 5509
v 13097.627 -17810.322 440.185
v 13097.218 -17810.322 438.327
v 13096.206 -17812.478 438.558
f 6333 6334 6335
f 6333 5513 6334
f 6333 6042 5513
v 13043.456 -17791.677 568.695
f 6336 5520 6043
f 6336 6046 5520
v 13096.959 -17810.322 437.215
f 6337 6335 6334
f 6337 5513 6045
f 6337 6334 5513
v 13046.008 -17791.677 567.035
f 6338 5526 6046
f 6338 6049 5526
v 13046.370 -17789.521 565.539
f 6338 6339 6049
f 6338 6046 6336
v 13096.217 -17810.322 434.262
f 6340 5519 6047
f 6340 6337 6045
f 6340 6045 5519
v 13094.513 -17810.322 428.416
v 13093.921 -17810.322 426.608
v 13092.937 -17812.478 426.939
f 6341 6342 6343
f 6341 5523 6342
f 6341 6047 5523
v 13053.406 -17791.677 561.681
f 6344 6051 5529
f 6344 5529 6048
v 13093.553 -17810.322 425.527
f 6345 5523 6050
f 6345 6343 6342
f 6345 6342 5523
v 13055.781 -17791.677 559.776
f 6346 5535 6051
v 13055.992 -17789.521 558.251
f 6346 6347 6054
f 6346 6054 5535
f 6346 6051 6344
v 13092.520 -17810.322 422.663
f 6348 5528 6052
f 6348 6345 6050
f 6348 6050 5528
v 13059.819 -17791.677 556.300
f 6349 6053 6054
f 6349 6056 5539
f 6349 5539 6053
v 13090.243 -17810.322 417.016
v 13089.474 -17810.322 415.276
f 6350 5532 6351
f 6350 6052 5532
v 13088.527 -17812.478 415.702
f 6350 6351 6352
v 13064.244 -17791.677 552.117
f 6353 5544 6056
f 6353 6059 5544
v 13064.840 -17789.521 550.041
f 6353 6354 6059
v 13088.999 -17810.322 414.237
f 6355 5532 6055
f 6355 6351 5532
f 6355 6352 6351
v 13087.687 -17810.322 411.490
f 6356 6055 5538
f 6356 5538 6057
f 6356 6355 6055
v 13084.858 -17810.322 406.098
f 6357 6057 5542
v 13083.920 -17810.322 404.442
f 6357 5542 6358
v 13083.021 -17812.478 404.961
f 6357 6358 6359
v 13083.344 -17810.322 403.456
f 6360 6358 5542
f 6360 6359 6358
f 6360 5542 6060
v 13081.765 -17810.322 400.853
f 6361 5547 6061
f 6361 6060 5547
f 6361 6360 6060
v 13078.414 -17810.322 395.770
f 6362 6061 5551
v 13077.315 -17810.322 394.216
v 13076.472 -17812.478 394.822
f 6362 6363 6364
f 6362 5551 6363
v 13078.414 -17791.677 535.230
f 6365 5557 6062
f 6365 6065 5557
v 13076.644 -17810.322 393.292
f 6366 5551 6064
f 6366 6364 6363
f 6366 6363 5551
v 13080.121 -17791.677 532.709
v 13079.873 -17789.521 531.190
v 13080.745 -17791.677 531.753
f 6367 6368 6369
f 6367 5562 6065
f 6367 6065 6365
f 6367 6369 5562
v 13081.360 -17791.677 530.791
f 6370 6369 6368
f 6370 6067 5562
f 6370 5562 6369
v 13074.813 -17810.322 390.859
f 6371 5556 6066
f 6371 6064 5556
f 6371 6366 6064
v 13070.973 -17810.322 386.134
v 13069.725 -17810.322 384.698
v 13068.946 -17812.478 385.385
f 6372 6373 6374
f 6372 6066 5560
f 6372 5560 6373
v 13068.965 -17810.322 383.845
f 6375 6374 6373
f 6375 5560 6068
f 6375 6373 5560
v 13087.348 -17791.677 520.192
v 13086.832 -17791.677 521.210
f 6376 5571 6377
f 6376 6070 5571
v 13085.908 -17789.521 520.737
f 6376 6377 6378
v 13066.901 -17810.322 381.607
f 6379 6375 6068
f 6379 5565 6069
f 6379 6068 5565
v 13088.677 -17791.677 517.453
f 6380 6070 6376
f 6380 5575 6070
f 6380 6072 5575
v 13062.609 -17810.322 377.288
f 6381 6069 5569
v 13061.224 -17810.322 375.983
v 13060.518 -17812.478 376.744
f 6381 6382 6383
f 6381 5569 6382
v 13091.130 -17791.677 511.880
v 13090.872 -17789.521 509.735
v 13091.839 -17791.677 510.114
f 6384 6385 6386
f 6384 6386 5581
f 6384 5581 6072
v 13060.384 -17810.322 375.210
f 6387 6383 6382
f 6387 6382 5569
f 6387 5569 6071
v 13092.251 -17791.677 509.049
f 6388 6386 6385
f 6388 5581 6386
f 6388 6074 5581
v 13058.107 -17810.322 373.189
f 6389 6387 6071
f 6389 5574 6073
f 6389 6071 5574
v 13093.301 -17791.677 506.191
f 6390 6074 6388
f 6390 6076 5585
f 6390 5585 6074
v 13053.406 -17810.322 369.319
v 13051.899 -17810.322 368.158
v 13051.272 -17812.478 368.985
f 6391 6392 6393
f 6391 5578 6392
f 6391 6073 5578
v 13095.186 -17791.677 500.402
v 13095.716 -17791.677 498.574
f 6394 6395 5591
f 6394 5591 6076
v 13094.717 -17789.521 498.293
f 6394 6396 6395
v 13050.985 -17810.322 367.473
f 6397 6393 6392
f 6397 6392 5578
f 6397 5578 6075
v 13096.020 -17791.677 497.473
f 6398 5591 6395
f 6398 6395 6396
f 6398 6078 5591
v 13048.519 -17810.322 365.688
f 6399 6397 6075
f 6399 6075 5584
f 6399 5584 6077
v 13096.781 -17791.677 494.525
f 6400 6080 5594
f 6400 5594 6078
f 6400 6078 6398
v 13043.456 -17810.322 362.305
v 13041.840 -17810.322 361.300
f 6401 5588 6402
v 13041.299 -17812.478 362.186
f 6401 6402 6403
f 6401 6077 5588
v 13098.080 -17791.677 488.577
f 6404 5600 6080
v 13098.425 -17791.677 486.705
f 6404 6405 5600
v 13097.403 -17789.521 486.525
f 6404 6406 6405
v 13040.863 -17810.322 360.709
f 6407 6402 5588
f 6407 5588 6079
f 6407 6403 6402
v 13098.618 -17791.677 485.580
f 6408 6082 5600
f 6408 5600 6405
f 6408 6405 6406
v 13038.231 -17810.322 359.179
f 6409 5593 6081
f 6409 6079 5593
f 6409 6407 6079
f 6409 6403 6407
v 13099.081 -17791.677 482.571
f 6410 5603 6082
f 6410 6084 5603
f 6410 6082 6408
v 13032.857 -17810.322 356.317
v 13031.149 -17810.322 355.478
v 13030.698 -17812.478 356.413
f 6411 6412 6413
f 6411 6081 5597
f 6411 5597 6412
v 13099.782 -17791.677 476.522
v 13099.939 -17791.677 474.626
f 6414 6415 5609
v 13098.903 -17789.521 474.548
f 6414 6416 6415
f 6414 5609 6084
v 13030.118 -17810.322 354.987
f 6417 5597 6083
f 6417 6413 6412
f 6417 6412 5597
v 13100.019 -17791.677 473.487
f 6418 5609 6415
f 6418 6086 5609
f 6418 6415 6416
v 13027.346 -17810.322 353.726
f 6419 6083 5602
f 6419 5602 6085
f 6419 6417 6083
f 6419 6413 6417
v 13021.714 -17810.322 351.414
v 13019.931 -17810.322 350.749
f 6420 5606 6421
f 6420 6085 5606
v 13019.576 -17812.478 351.725
f 6420 6421 6422
v 13018.856 -17810.322 350.364
f 6423 5606 6087
f 6423 6421 5606
f 6423 6422 6421
v 13015.973 -17810.322 349.385
f 6424 6087 5611
f 6424 6423 6087
f 6424 5611 6088
v 13010.138 -17810.322 347.645
f 6425 6088 5615
v 13008.298 -17810.322 347.161
v 13008.041 -17812.478 348.167
f 6425 6426 6427
f 6425 5615 6426
v 13007.190 -17810.322 346.884
f 6428 5615 6089
f 6428 6427 6426
f 6428 6426 5615
v 13099.185 -17791.677 449.183
f 6429 5622 3264
f 6429 3264 3253
f 6429 6091 5622
v 13004.224 -17810.322 346.197
f 6430 5620 6090
f 6430 6089 5620
f 6430 6428 6089
v 13098.741 -17791.677 446.171
f 6431 6091 6429
f 6431 5631 6091
f 6431 6093 5631
v 12998.244 -17810.322 345.047
v 12996.365 -17810.322 344.749
v 12996.210 -17812.478 345.775
f 6432 6433 6434
f 6432 6090 5625
f 6432 5625 6433
v 13097.627 -17791.677 440.185
f 6435 3360 5637
f 6435 3351 3360
f 6435 5637 6093
v 12995.235 -17810.322 344.584
f 6436 6434 6433
f 6436 6433 5625
f 6436 5625 6092
v 12992.215 -17810.322 344.196
f 6437 5630 6094
f 6437 6092 5630
f 6437 6436 6092
v 12986.151 -17810.322 343.646
f 6438 6094 5634
v 12984.252 -17810.322 343.536
f 6438 5634 6439
v 12984.200 -17812.478 344.573
f 6438 6439 6440
v 12983.111 -17810.322 343.485
f 6441 6439 5634
f 6441 5634 6095
f 6441 6440 6439
v 13093.553 -17791.677 425.527
f 6442 6097 5641
f 6442 5641 3359
f 6442 3359 3350
v 12980.068 -17810.322 343.399
f 6443 6441 6095
f 6443 6095 5639
f 6443 5639 6096
v 13092.520 -17791.677 422.663
f 6444 6097 6442
f 6444 6099 5649
f 6444 5649 6097
v 12973.979 -17810.322 343.456
v 12972.078 -17810.322 343.536
f 6445 5644 6446
v 12972.129 -17812.478 344.573
f 6445 6446 6447
f 6445 6096 5644
v 13090.243 -17791.677 417.016
v 13089.474 -17791.677 415.276
f 6448 6449 5655
f 6448 5655 6099
v 13088.527 -17789.521 415.702
f 6448 6450 6449
v 12970.938 -17810.322 343.599
f 6451 6446 5644
f 6451 5644 6098
f 6451 6447 6446
v 12967.901 -17810.322 343.817
f 6452 6451 6098
f 6452 6098 5648
f 6452 5648 6100
v 12961.848 -17810.322 344.480
f 6453 6100 5652
v 12959.964 -17810.322 344.749
f 6453 5652 6454
v 12960.119 -17812.478 345.775
f 6453 6454 6455
v 13084.858 -17791.677 406.098
f 6456 5663 6102
v 13083.021 -17789.521 404.961
v 13083.920 -17791.677 404.442
f 6456 6457 6458
f 6456 6458 5663
v 12958.836 -17810.322 344.924
f 6459 6454 5652
f 6459 6455 6454
f 6459 5652 6101
v 13083.344 -17791.677 403.456
f 6460 6104 5663
f 6460 6458 6457
f 6460 5663 6458
v 12955.836 -17810.322 345.443
f 6461 6101 5657
f 6461 6459 6101
f 6461 5657 6103
v 13081.765 -17791.677 400.853
f 6462 6106 5667
f 6462 5667 6104
f 6462 6104 6460
v 12949.879 -17810.322 346.706
f 6463 6103 5661
v 12948.032 -17810.322 347.161
f 6463 5661 6464
v 12948.288 -17812.478 348.167
f 6463 6464 6465
v 13078.414 -17791.677 395.770
v 13077.315 -17791.677 394.216
f 6466 6467 5672
f 6466 5672 6106
v 13076.472 -17789.521 394.822
f 6466 6468 6467
v 12946.927 -17810.322 347.448
f 6469 6464 5661
f 6469 5661 6105
f 6469 6465 6464
v 12943.993 -17810.322 348.263
f 6470 5666 6107
f 6470 6105 5666
f 6470 6469 6105
v 13076.192 -17791.677 392.680
f 6471 5672 6467
f 6471 6467 6468
f 6471 6108 5672
v 12938.192 -17810.322 350.112
v 12936.399 -17810.322 350.749
f 6472 5670 6473
v 12936.754 -17812.478 351.725
f 6472 6473 6474
f 6472 6107 5670
v 13072.440 -17791.677 387.884
f 6475 5676 6108
f 6475 6110 5676
v 12935.328 -17810.322 351.145
f 6476 6473 5670
f 6476 6474 6473
f 6476 5670 6109
v 13070.476 -17791.677 385.558
v 13068.946 -17789.521 385.385
v 13069.725 -17791.677 384.698
f 6477 6478 6479
f 6477 6479 5681
f 6477 5681 6110
f 6477 6110 6475
v 13068.965 -17791.677 383.845
f 6480 6479 6478
f 6480 5681 6479
f 6480 6112 5681
v 12932.490 -17810.322 352.248
f 6481 6109 5675
f 6481 6476 6109
f 6481 5675 6111
v 13066.901 -17791.677 381.607
f 6482 5685 6112
f 6482 6112 6480
f 6482 6114 5685
v 12926.902 -17810.322 354.666
v 12925.181 -17810.322 355.478
v 12925.631 -17812.478 356.413
f 6483 6484 6485
f 6483 6111 5679
f 6483 5679 6484
v 13062.609 -17791.677 377.288
v 13060.518 -17789.521 376.744
f 6486 6487 6117
f 6486 5690 6114
f 6486 6117 5690
v 12924.154 -17810.322 355.978
f 6488 5679 6113
f 6488 6485 6484
f 6488 6484 5679
v 12921.441 -17810.322 357.359
f 6489 6113 5684
f 6489 5684 6115
f 6489 6488 6113
v 13058.107 -17791.677 373.189
f 6490 5694 6116
f 6490 6119 5694
f 6490 6116 6117
v 12916.121 -17810.322 360.320
v 12914.489 -17810.322 361.300
v 12915.031 -17812.478 362.186
f 6491 6492 6493
f 6491 6115 5688
f 6491 5688 6492
v 13053.406 -17791.677 369.319
f 6494 5699 6119
v 13051.272 -17789.521 368.985
v 13051.899 -17791.677 368.158
f 6494 6495 6496
f 6494 6496 5699
v 12913.518 -17810.322 361.900
f 6497 6493 6492
f 6497 5688 6118
f 6497 6492 5688
v 12910.955 -17810.322 363.544
f 6498 6118 5693
f 6498 5693 6120
f 6498 6497 6118
v 13050.373 -17791.677 367.021
f 6499 6496 6495
f 6499 6121 5699
f 6499 5699 6496
v 12905.957 -17810.322 367.021
v 12904.431 -17810.322 368.158
f 6500 5697 6501
f 6500 6120 5697
v 12905.058 -17812.478 368.985
f 6500 6501 6502
v 13045.374 -17791.677 363.544
f 6503 5703 6121
f 6503 6123 5703
v 12903.524 -17810.322 368.851
f 6504 6501 5697
f 6504 6502 6501
f 6504 5697 6122
v 13042.811 -17791.677 361.900
v 13041.299 -17789.521 362.186
v 13041.840 -17791.677 361.300
f 6505 6506 6507
f 6505 5709 6123
f 6505 6507 5709
f 6505 6123 6503
v 13040.863 -17791.677 360.709
f 6508 6507 6506
f 6508 6125 5709
f 6508 5709 6507
v 12901.138 -17810.322 370.742
f 6509 6122 5702
f 6509 5702 6124
f 6509 3722 3721
f 6509 6504 6122
f 6509 6502 6504
f 6509 3721 6502
v 13038.231 -17791.677 359.179
f 6510 6127 5712
f 6510 5712 6125
f 6510 6125 6508
v 12896.510 -17810.322 374.700
f 6511 6124 5706
v 12895.105 -17810.322 375.983
f 6511 5706 6512
f 6511 6509 6124
v 12895.811 -17812.478 376.744
f 6511 6512 6513
f 6511 3722 6509
f 6511 6513 3722
v 13032.857 -17791.677 356.317
v 13031.149 -17791.677 355.478
f 6514 6515 5718
v 13030.698 -17789.521 356.413
f 6514 6516 6515
f 6514 5718 6127
v 12894.272 -17810.322 376.764
f 6517 6512 5706
f 6517 6513 6512
f 6517 5706 6126
v 13030.118 -17791.677 354.987
f 6518 5718 6515
f 6518 6515 6516
f 6518 6129 5718
v 12892.086 -17810.322 378.883
f 6519 6517 6126
f 6519 6126 5711
f 6519 6513 6517
f 6519 3773 3722
f 6519 3722 6513
f 6519 5711 6128
v 13027.346 -17791.677 353.726
f 6520 6131 5721
f 6520 5721 6129
f 6520 6129 6518
v 12887.875 -17810.322 383.281
v 12886.605 -17810.322 384.698
f 6521 5715 6522
f 6521 6519 6128
v 12887.383 -17812.478 385.385
f 6521 6522 6523
f 6521 6128 5715
f 6521 6523 3773
f 6521 3773 6519
v 13021.714 -17791.677 351.414
v 13019.931 -17791.677 350.749
f 6524 6525 5727
f 6524 5727 6131
v 13019.576 -17789.521 351.725
f 6524 6526 6525
v 12885.853 -17810.322 385.558
f 6527 6522 5715
f 6527 5715 6130
f 6527 6523 6522
v 12883.889 -17810.322 387.884
f 6528 3822 3773
f 6528 5720 6132
f 6528 6130 5720
f 6528 3773 6523
f 6528 6527 6130
f 6528 6523 6527
v 13018.137 -17791.677 350.112
f 6529 5727 6525
f 6529 6133 5727
f 6529 6525 6526
v 12880.137 -17810.322 392.680
v 12879.015 -17810.322 394.216
v 12879.857 -17812.478 394.822
f 6530 6531 6532
f 6530 3822 6528
f 6530 5724 6531
f 6530 6132 5724
f 6530 6528 6132
f 6530 6532 3822
v 13012.336 -17791.677 348.263
f 6533 5730 6133
f 6533 6135 5730
v 12878.352 -17810.322 395.146
f 6534 5724 6134
f 6534 6532 6531
f 6534 6531 5724
v 13009.403 -17791.677 347.448
f 6535 5735 6135
v 13008.298 -17791.677 347.161
f 6535 6536 5735
f 6535 6135 6533
v 13008.041 -17789.521 348.167
f 6535 6537 6536
v 13007.190 -17791.677 346.884
f 6538 5735 6536
f 6538 6536 6537
f 6538 6137 5735
v 12876.629 -17810.322 397.656
f 6539 6134 5729
f 6539 6532 6534
f 6539 5729 6136
f 6539 6534 6134
v 13004.224 -17791.677 346.197
f 6540 6137 6538
f 6540 5739 6137
f 6540 6139 5739
v 12873.374 -17810.322 402.802
v 12872.410 -17810.322 404.442
f 6541 5733 6542
v 12873.309 -17812.478 404.961
f 6541 6542 6543
f 6541 6136 5733
v 12998.244 -17791.677 345.047
v 12996.210 -17789.521 345.775
v 12996.365 -17791.677 344.749
f 6544 6545 6546
f 6544 5744 6139
f 6544 6546 5744
v 12871.843 -17810.322 405.434
f 6547 6542 5733
f 6547 6543 6542
f 6547 5733 6138
v 12870.379 -17810.322 408.103
f 6548 6547 6138
f 6548 6138 5738
f 6548 5738 6140
v 12994.481 -17791.677 344.480
f 6549 6546 6545
f 6549 6141 5744
f 6549 5744 6546
v 12867.652 -17810.322 413.547
v 12866.856 -17810.322 415.276
v 12867.802 -17812.478 415.702
f 6550 6551 6552
f 6550 6140 5742
f 6550 5742 6551
v 12988.429 -17791.677 343.817
f 6553 5748 6141
f 6553 6143 5748
v 12866.391 -17810.322 416.318
f 6554 6552 6551
f 6554 6551 5742
f 6554 5742 6142
v 12985.392 -17791.677 343.599
f 6555 6143 6553
f 6555 3945 5753
f 6555 3926 3945
f 6555 5753 6143
v 12865.200 -17810.322 419.120
f 6556 6554 6142
f 6556 6142 5747
f 6556 5747 6144
v 12863.028 -17810.322 424.809
v 12862.408 -17810.322 426.608
v 12863.392 -17812.478 426.939
f 6557 6558 6559
f 6557 5751 6558
f 6557 6144 5751
v 12862.050 -17810.322 427.692
f 6560 6559 6558
f 6560 6558 5751
f 6560 5751 6145
v 12861.143 -17810.322 430.598
f 6561 6560 6145
f 6561 6145 5756
f 6561 5756 6146
v 12970.178 -17791.677 343.646
f 6562 3944 3935
f 6562 5758 3944
f 6562 6147 5758
v 12859.549 -17810.322 436.475
v 12859.111 -17810.322 438.327
f 6563 5761 6564
v 12860.123 -17812.478 438.558
f 6563 6564 6565
f 6563 6146 5761
v 12964.114 -17791.677 344.196
f 6566 6149 5766
f 6566 5766 6147
v 12858.862 -17810.322 439.441
f 6567 6564 5761
f 6567 5761 6148
f 6567 6565 6564
v 12961.094 -17791.677 344.584
f 6568 5772 6149
f 6568 4048 5772
f 6568 6149 6566
f 6568 4027 4048
v 12858.249 -17810.322 442.423
f 6569 6148 5765
f 6569 6567 6148
f 6569 5765 6150
v 12857.248 -17810.322 448.429
f 6570 6150 5769
v 12856.997 -17810.322 450.316
v 12858.027 -17812.478 450.445
f 6570 6571 6572
f 6570 5769 6571
v 12856.860 -17810.322 451.449
f 6573 5769 6151
f 6573 6572 6571
f 6573 6571 5769
v 12856.548 -17810.322 454.478
f 6574 6151 5774
f 6574 5774 6152
f 6574 6573 6151
v 12856.149 -17810.322 460.554
v 12856.087 -17810.322 462.456
f 6575 5779 6576
f 6575 6152 5779
v 12857.125 -17812.478 462.481
f 6575 6576 6577
v 12856.064 -17810.322 463.597
f 6578 6576 5779
f 6578 6577 6576
f 6578 5779 6153
v 12935.328 -17791.677 351.145
f 6579 5785 4095
f 6579 6155 5785
f 6579 4095 4085
v 12856.055 -17810.322 466.642
f 6580 5783 6154
f 6580 6153 5783
f 6580 6578 6153
v 12932.490 -17791.677 352.248
f 6581 5793 6155
f 6581 6157 5793
f 6581 6155 6579
v 12856.263 -17810.322 472.727
v 12856.391 -17810.322 474.626
v 12857.426 -17812.478 474.548
f 6582 6583 6584
f 6582 6154 5788
f 6582 5788 6583
v 12926.902 -17791.677 354.666
f 6585 5798 6157
v 12925.631 -17789.521 356.413
v 12925.181 -17791.677 355.478
f 6585 6586 6587
f 6585 6587 5798
v 12856.481 -17810.322 475.764
f 6588 6584 6583
f 6588 6583 5788
f 6588 5788 6156
v 12924.154 -17791.677 355.978
f 6589 6159 5798
f 6589 6587 6586
f 6589 5798 6587
v 12856.775 -17810.322 478.794
f 6590 6588 6156
f 6590 5792 6158
f 6590 6156 5792
v 12921.441 -17791.677 357.359
f 6591 5802 6159
f 6591 6159 6589
f 6591 6161 5802
v 12857.589 -17810.322 484.829
v 12857.904 -17810.322 486.705
f 6592 5796 6593
f 6592 6158 5796
v 12858.927 -17812.478 486.525
f 6592 6593 6594
v 12916.121 -17791.677 360.320
v 12915.031 -17789.521 362.186
v 12914.489 -17791.677 361.300
f 6595 6596 6597
f 6595 5807 6161
f 6595 6597 5807
v 12858.108 -17810.322 487.829
f 6598 6593 5796
f 6598 6594 6593
f 6598 5796 6160
v 12913.518 -17791.677 361.900
f 6599 6597 6596
f 6599 6163 5807
f 6599 5807 6597
v 12858.702 -17810.322 490.815
f 6600 6598 6160
f 6600 6160 5801
f 6600 5801 6162
v 12910.955 -17791.677 363.544
f 6601 6163 6599
f 6601 6165 5811
f 6601 5811 6163
v 12860.112 -17810.322 496.738
f 6602 6162 5805
v 12860.613 -17810.322 498.574
v 12861.613 -17812.478 498.293
f 6602 6603 6604
f 6602 5805 6603
v 12905.957 -17791.677 367.021
v 12905.058 -17789.521 368.985
f 6605 6606 6168
f 6605 6168 5816
f 6605 5816 6165
v 12860.928 -17810.322 499.671
f 6607 5805 6164
f 6607 6604 6603
f 6607 6603 5805
v 12861.816 -17810.322 502.584
f 6608 6164 5810
f 6608 6607 6164
f 6608 5810 6166
v 12863.809 -17810.322 508.337
v 12864.491 -17810.322 510.114
v 12865.457 -17812.478 509.735
f 6609 6610 6611
f 6609 6166 5814
f 6609 5814 6610
v 12898.222 -17791.677 373.189
f 6612 5820 6167
f 6612 6170 5820
v 12864.913 -17810.322 511.175
f 6613 6611 6610
f 6613 5814 6169
f 6613 6610 5814
v 12895.946 -17791.677 375.210
f 6614 4317 5826
f 6614 4299 4317
f 6614 6170 6612
f 6614 5826 6170
v 12866.087 -17810.322 513.984
f 6615 4335 4337
f 6615 6613 6169
f 6615 4337 6611
f 6615 6169 5819
f 6615 6611 6613
f 6615 5819 6171
v 12868.643 -17810.322 519.510
v 12869.498 -17810.322 521.210
v 12870.421 -17812.478 520.737
f 6616 6617 6618
f 6616 6171 5823
f 6616 6618 4335
f 6616 4335 6615
f 6616 6615 6171
f 6616 5823 6617
v 12870.023 -17810.322 522.224
f 6619 5823 6172
f 6619 6618 6617
f 6619 6617 5823
v 12871.471 -17810.322 524.902
f 6620 4397 4335
f 6620 4335 6618
f 6620 6172 5828
f 6620 6619 6172
f 6620 6618 6619
f 6620 5828 6173
v 12874.565 -17810.322 530.147
v 12875.585 -17810.322 531.753
v 12876.457 -17812.478 531.190
f 6621 6622 6623
f 6621 5833 6622
f 6621 4397 6620
f 6621 6620 6173
f 6621 6623 4397
f 6621 6173 5833
v 12880.137 -17791.677 392.680
v 12879.857 -17789.521 394.822
v 12879.015 -17791.677 394.216
f 6624 6625 6626
f 6624 5843 6175
f 6624 6626 5843
v 12876.209 -17810.322 532.709
f 6627 5833 6174
f 6627 6623 6622
f 6627 6622 5833
v 12877.916 -17810.322 535.230
f 6628 6174 5837
f 6628 4436 4397
f 6628 6623 6627
f 6628 6627 6174
f 6628 5837 6176
f 6628 4397 6623
v 12881.516 -17810.322 540.141
v 12883.503 -17812.478 540.990
f 6629 6630 4436
v 12882.691 -17810.322 541.638
f 6629 5841 6631
f 6629 6631 6630
f 6629 6176 5841
f 6629 6628 6176
f 6629 4436 6628
v 12873.374 -17791.677 402.802
v 12872.410 -17791.677 404.442
f 6632 6633 5852
v 12873.309 -17789.521 404.961
f 6632 6634 6633
f 6632 5852 6178
v 12883.407 -17810.322 542.527
f 6635 5841 6177
f 6635 6631 5841
f 6635 6630 6631
v 12885.357 -17810.322 544.866
f 6636 5846 6179
f 6636 6177 5846
f 6636 6630 6635
f 6636 6635 6177
v 12871.471 -17791.677 406.098
f 6637 6180 5852
f 6637 5852 6633
f 6637 6633 6634
v 12889.428 -17810.322 549.393
v 12890.746 -17810.322 550.765
f 6638 5850 6639
v 12891.489 -17812.478 550.041
f 6638 6639 6640
f 6638 6179 5850
v 12868.643 -17791.677 411.490
f 6641 5856 6180
f 6641 6182 5856
v 12891.547 -17810.322 551.579
f 6642 6639 5850
f 6642 5850 6181
f 6642 6640 6639
v 12867.330 -17791.677 414.237
f 6643 5861 6182
v 12867.802 -17789.521 415.702
v 12866.856 -17791.677 415.276
f 6643 6644 6645
f 6643 6645 5861
f 6643 6182 6641
v 12866.391 -17791.677 416.318
f 6646 6184 5861
f 6646 6645 6644
f 6646 5861 6645
v 12893.720 -17810.322 553.712
f 6647 5855 6183
f 6647 6642 6181
f 6647 6181 5855
v 12865.200 -17791.677 419.120
f 6648 5865 6184
f 6648 6184 6646
f 6648 6186 5865
v 12898.222 -17810.322 557.811
f 6649 6183 5859
v 12899.670 -17810.322 559.046
f 6649 5859 6650
v 12900.338 -17812.478 558.251
f 6649 6650 6651
v 12863.028 -17791.677 424.809
f 6652 5870 6186
v 12863.392 -17789.521 426.939
v 12862.408 -17791.677 426.608
f 6652 6653 6654
f 6652 6654 5870
v 12900.548 -17810.322 559.776
f 6655 6650 5859
f 6655 6651 6650
f 6655 5859 6185
v 12902.923 -17810.322 561.681
f 6656 6655 6185
f 6656 6185 5864
f 6656 5864 6187
v 12861.816 -17791.677 428.416
f 6657 6188 5870
f 6657 6654 6653
f 6657 5870 6654
v 12907.811 -17810.322 565.312
v 12909.375 -17810.322 566.396
f 6658 5868 6659
f 6658 6187 5868
v 12909.959 -17812.478 565.539
f 6658 6659 6660
v 12860.112 -17791.677 434.262
f 6661 5874 6188
f 6661 6190 5874
v 12910.321 -17810.322 567.035
f 6662 5868 6189
f 6662 6659 5868
f 6662 6660 6659
v 12859.370 -17791.677 437.215
v 12860.123 -17789.521 438.558
v 12859.111 -17791.677 438.327
f 6663 6664 6665
f 6663 5880 6190
f 6663 6190 6661
f 6663 6665 5880
v 12858.862 -17791.677 439.441
f 6666 6665 6664
f 6666 6192 5880
f 6666 5880 6665
v 12912.873 -17810.322 568.695
f 6667 6662 6189
f 6667 6189 5873
f 6667 5873 6191
v 12858.249 -17791.677 442.423
f 6668 5883 6192
f 6668 6194 5883
f 6668 6192 6666
v 12918.098 -17810.322 571.821
v 12919.762 -17810.322 572.744
v 12920.259 -17812.478 571.833
f 6669 6670 6671
f 6669 5877 6670
f 6669 6191 5877
v 12857.248 -17791.677 448.429
f 6672 5889 6194
v 12856.997 -17791.677 450.316
f 6672 6673 5889
v 12858.027 -17789.521 450.445
f 6672 6674 6673
v 12920.768 -17810.322 573.286
f 6675 6671 6670
f 6675 6670 5877
f 6675 5877 6193
v 12856.860 -17791.677 451.449
f 6676 5889 6673
f 6676 6196 5889
f 6676 6673 6674
v 12923.473 -17810.322 574.683
f 6677 6193 5882
f 6677 6675 6193
f 6677 5882 6195
v 12856.548 -17791.677 454.478
f 6678 6198 5892
f 6678 6196 6676
f 6678 5892 6196
v 12928.983 -17810.322 577.274
v 12930.731 -17810.322 578.026
f 6679 5886 6680
f 6679 6195 5886
v 12931.134 -17812.478 577.070
f 6679 6680 6681
v 12856.149 -17791.677 460.554
v 12856.087 -17791.677 462.456
f 6682 6683 5898
f 6682 5898 6198
v 12857.125 -17789.521 462.481
f 6682 6684 6683
v 12931.785 -17810.322 578.465
f 6685 6680 5886
f 6685 6681 6680
f 6685 5886 6197
v 12856.064 -17791.677 463.597
f 6686 5898 6683
f 6686 6200 5898
f 6686 6683 6684
v 12934.616 -17810.322 579.586
f 6687 6197 5891
f 6687 5891 6199
f 6687 6685 6197
v 12856.055 -17791.677 466.642
f 6688 5901 6200
f 6688 6202 5901
f 6688 6200 6686
v 12940.357 -17810.322 581.615
v 12942.171 -17810.322 582.190
v 12942.476 -17812.478 581.198
f 6689 6690 6691
f 6689 6199 5895
f 6689 5895 6690
v 12856.263 -17791.677 472.727
v 12856.391 -17791.677 474.626
f 6692 6693 5907
f 6692 5907 6202
v 12857.426 -17789.521 474.548
f 6692 6694 6693
v 12943.993 -17810.322 582.737
f 6695 5895 6201
f 6695 6691 6690
f 6695 6690 5895
v 12856.481 -17791.677 475.764
f 6696 5907 6693
f 6696 6693 6694
f 6696 6204 5907
v 12856.775 -17791.677 478.794
f 6697 6204 6696
f 6697 5912 6204
f 6697 6206 5912
v 12949.879 -17810.322 584.294
f 6698 5902 6203
f 6698 6201 5902
v 12952.850 -17810.322 584.963
f 6699 6698 6203
v 12953.968 -17810.322 585.194
v 12954.174 -17812.478 584.177
f 6699 6700 6701
f 6699 6203 5905
f 6699 5905 6700
v 12857.589 -17791.677 484.829
v 12858.927 -17789.521 486.525
v 12857.904 -17791.677 486.705
f 6702 6703 6704
f 6702 6704 5916
f 6702 5916 6206
v 12955.088 -17810.322 585.415
f 6705 5905 6205
f 6705 6701 6700
f 6705 6700 5905
v 12858.108 -17791.677 487.829
f 6706 6704 6703
f 6706 5916 6704
f 6706 6208 5916
v 12958.085 -17810.322 585.953
f 6707 5911 6207
f 6707 6205 5911
f 6707 6705 6205
v 12858.702 -17791.677 490.815
f 6708 6208 6706
f 6708 6209 5921
f 6708 5921 6208
v 12964.114 -17810.322 586.804
f 6709 5914 5920
f 6709 5920 5923
f 6709 6207 5914
v 12860.112 -17791.677 496.738
f 6710 6211 5927
v 12861.613 -17789.521 498.293
f 6710 6711 6211
f 6710 5927 6209
v 12863.028 -17791.677 506.191
f 6712 5930 6210
f 6712 6214 5930
v 12864.078 -17791.677 509.049
f 6713 6214 6712
v 12864.491 -17791.677 510.114
f 6713 6714 5932
f 6713 5932 6214
v 12865.457 -17789.521 509.735
f 6713 6715 6714
v 12976.661 -17813.343 586.073
f 6716 6212 5996
f 6716 5996 2224
f 6716 2224 2226
f 6716 2226 2227
f 6716 2227 2229
f 6716 4769 6213
f 6716 2229 4769
f 6716 6213 6212
v 12864.913 -17791.677 511.175
f 6717 5932 6714
f 6717 6714 6715
f 6717 6215 5932
v 12866.087 -17791.677 513.984
f 6718 6215 6717
f 6718 6216 5935
f 6718 5935 6215
v 12868.643 -17791.677 519.510
v 12870.421 -17789.521 520.737
v 12869.498 -17791.677 521.210
f 6719 6720 6721
f 6719 6721 5937
f 6719 5937 6216
v 12870.023 -17791.677 522.224
f 6722 6721 6720
f 6722 5937 6721
f 6722 6217 5937
v 12871.471 -17791.677 524.902
f 6723 5940 6217
f 6723 6217 6722
f 6723 6218 5940
v 12874.565 -17791.677 530.147
f 6724 5942 6218
v 12876.457 -17789.521 531.190
f 6724 6725 6220
f 6724 6220 5942
v 12880.137 -17791.677 538.320
f 6726 6221 5945
f 6726 5945 6219
v 12881.983 -17791.677 540.742
f 6727 5948 6221
v 12883.503 -17789.521 540.990
v 12882.691 -17791.677 541.638
f 6727 6728 6729
f 6727 6729 5948
f 6727 6221 6726
v 12889.428 -17791.677 549.393
f 6730 5953 6222
v 12891.489 -17789.521 550.041
v 12890.746 -17791.677 550.765
f 6730 6731 6732
f 6730 6732 5953
v 12892.086 -17791.677 552.117
f 6733 6223 5953
f 6733 6732 6731
f 6733 5953 6732
v 12896.510 -17791.677 556.300
f 6734 5955 6223
f 6734 6224 5955
v 12898.799 -17791.677 558.308
f 6735 5958 6224
v 12900.338 -17789.521 558.251
v 12899.670 -17791.677 559.046
f 6735 6736 6737
f 6735 6737 5958
f 6735 6224 6734
v 12900.548 -17791.677 559.776
f 6738 6225 5958
f 6738 6737 6736
f 6738 5958 6737
v 12902.923 -17791.677 561.681
f 6739 5960 6225
f 6739 6226 5960
f 6739 6225 6738
v 12907.811 -17791.677 565.312
v 12909.959 -17789.521 565.539
v 12909.375 -17791.677 566.396
f 6740 6741 6742
f 6740 5963 6226
f 6740 6742 5963
v 12910.321 -17791.677 567.035
f 6743 6742 6741
f 6743 6227 5963
f 6743 5963 6742
v 12912.873 -17791.677 568.695
f 6744 5965 6227
f 6744 6228 5965
f 6744 6227 6743
v 12918.098 -17791.677 571.821
v 12920.259 -17789.521 571.833
v 12919.762 -17791.677 572.744
f 6745 6746 6747
f 6745 6747 5968
f 6745 5968 6228
v 12920.768 -17791.677 573.286
f 6748 6747 6746
f 6748 5968 6747
f 6748 6229 5968
v 12923.473 -17791.677 574.683
f 6749 5970 6229
f 6749 6230 5970
f 6749 6229 6748
v 12928.983 -17791.677 577.274
v 12931.134 -17789.521 577.070
v 12930.731 -17791.677 578.026
f 6750 6751 6752
f 6750 6752 5972
f 6750 5972 6230
v 12932.490 -17791.677 578.752
f 6753 6752 6751
f 6753 5972 6752
f 6753 6231 5972
v 12938.192 -17791.677 580.888
f 6754 5975 6231
f 6754 6232 5975
v 12941.081 -17791.677 581.849
f 6755 5977 6232
f 6755 6232 6754
f 6755 5026 5977
f 6755 5023 5026
v 12955.836 -17791.677 585.557
f 6756 6233 5981
f 6756 5981 5025
f 6756 5025 5022
v 12961.848 -17791.677 586.520
f 6757 5985 6233
f 6757 6234 5985
v 12964.870 -17791.677 586.890
f 6758 5989 5987
f 6758 5987 6234
f 6758 6234 6757
f 6758 5991 5989
v 12976.661 -17788.656 586.073
f 6759 6023 6235
f 6759 2565 6293
f 6759 6293 6294
f 6759 6294 6295
f 6759 6295 6023
f 6759 6235 6236
f 6759 5028 2565
f 6759 6236 5028
v 12992.283 -17812.478 585.751
f 6760 2225 6237
f 6760 2223 2225
f 6760 6237 6238
v 12998.260 -17812.478 584.898
f 6761 5998 6239
f 6761 6239 6241
f 6761 6238 5998
v 13004.186 -17812.478 583.748
f 6762 6242 6243
f 6762 6241 6242
v 13001.908 -17814.519 582.954
f 6762 6763 6241
v 13010.048 -17812.478 582.304
f 6764 6243 6000
f 6764 6000 6244
f 6764 6244 6246
v 13015.831 -17812.478 580.569
v 13013.485 -17814.519 580.006
f 6765 6766 6246
f 6765 6246 6247
f 6765 6247 6248
v 13021.520 -17812.478 578.549
f 6767 6248 6002
f 6767 6002 6249
f 6767 6249 6251
v 13027.101 -17812.478 576.247
v 13024.711 -17814.519 575.920
f 6768 6769 6251
f 6768 6251 6252
f 6768 6252 6253
v 13032.560 -17812.478 573.670
f 6770 6004 6254
f 6770 6253 6004
f 6770 6254 6256
v 13037.884 -17812.478 570.825
v 13035.474 -17814.519 570.737
f 6771 6772 6256
f 6771 6256 6257
f 6771 6257 6258
v 13043.060 -17812.478 567.717
f 6773 6006 6259
f 6773 6258 6006
f 6773 6259 6261
v 13048.075 -17812.478 564.355
v 13045.667 -17814.519 564.508
f 6774 6775 6261
f 6774 6261 6262
f 6774 6262 6263
v 13052.915 -17812.478 560.747
f 6776 6008 6264
f 6776 6264 6266
f 6776 6263 6008
v 13057.570 -17812.478 556.903
f 6777 6266 6267
f 6777 6267 6268
v 13055.190 -17814.519 557.295
f 6777 6778 6266
v 13062.027 -17812.478 552.831
f 6779 6268 6010
f 6779 6269 6271
f 6779 6010 6269
v 13066.276 -17812.478 548.543
v 13063.947 -17814.519 549.170
f 6780 6781 6271
f 6780 6271 6272
f 6780 6272 6273
v 13070.306 -17812.478 544.047
f 6782 6273 6012
f 6782 6274 6276
f 6782 6012 6274
v 13074.107 -17812.478 539.357
v 13071.851 -17814.519 540.213
f 6783 6784 6276
f 6783 6276 6277
f 6783 6277 6278
v 13077.669 -17812.478 534.483
f 6785 6278 6014
f 6785 6014 6279
f 6785 6279 6281
v 13080.984 -17812.478 529.437
v 13078.825 -17814.519 530.513
f 6786 6787 6281
f 6786 6281 6282
f 6786 6282 6283
v 13084.043 -17812.478 524.232
f 6788 6283 6016
f 6788 6016 6284
f 6788 6284 6286
v 13086.839 -17812.478 518.882
v 13084.798 -17814.519 520.168
f 6789 6790 6286
f 6789 6286 6287
f 6789 6287 6288
v 13089.365 -17812.478 513.399
f 6791 6288 6018
f 6791 6018 6289
f 6791 6289 6291
v 13092.259 -17812.478 506.023
f 6792 6291 6296
f 6792 6296 6019
f 6792 6019 6297
v 13094.137 -17812.478 500.286
v 13093.516 -17814.519 497.955
f 6793 6300 6794
f 6793 6297 6298
f 6793 6298 6300
v 12992.283 -17789.521 585.751
f 6795 5470 6021
f 6795 6302 5470
f 6795 6303 6302
v 13095.727 -17812.478 494.462
f 6796 6301 6026
f 6796 6300 6301
f 6796 6026 6304
v 12998.260 -17789.521 584.898
f 6797 6030 6303
f 6797 6310 6031
f 6797 6031 6030
v 13097.025 -17812.478 488.566
v 13096.174 -17814.519 486.308
f 6798 6307 6799
f 6798 6305 6307
f 6798 6304 6305
v 13004.186 -17789.521 583.748
v 13001.908 -17787.480 582.954
f 6800 6310 6801
f 6800 6309 6310
f 6800 6312 6309
v 13097.745 -17812.478 484.478
f 6802 6799 6307
f 6802 6307 6308
f 6802 6308 6311
v 13010.048 -17789.521 582.304
f 6803 2715 6316
f 6803 6316 6035
f 6803 6035 6312
v 13098.543 -17812.478 478.494
f 6804 6032 6313
f 6804 6311 6032
f 6804 6313 6315
v 13099.041 -17812.478 472.477
v 13097.659 -17814.519 474.455
f 6805 6806 6315
f 6805 6315 6317
f 6805 6317 6318
v 13099.238 -17812.478 466.443
f 6807 6036 6319
f 6807 6318 6036
f 6807 6319 6321
v 13027.101 -17789.521 576.247
f 6808 6323 2714
f 6808 2714 2703
f 6808 6324 6323
v 13099.041 -17812.478 458.523
f 6809 6322 6037
f 6809 6321 6322
f 6809 6037 6325
v 13032.560 -17789.521 573.670
f 6810 6330 6329
f 6810 6329 6041
f 6810 6041 6324
v 13098.543 -17812.478 452.506
f 6811 6326 6328
v 13097.064 -17814.519 450.600
f 6811 6328 6812
f 6811 6325 6326
v 13039.519 -17789.521 569.881
v 13035.474 -17787.480 570.737
f 6813 6330 6814
f 6813 6044 6330
f 6813 6043 6044
f 6813 6336 6043
v 13098.027 -17812.478 448.388
f 6815 6812 6328
f 6815 6328 6331
f 6815 6331 6332
v 13044.645 -17789.521 566.693
f 6816 6338 6336
f 6816 6339 6338
v 13045.667 -17787.480 564.508
f 6816 6817 6339
v 13097.025 -17812.478 442.434
f 6818 6332 6042
f 6818 6042 6333
f 6818 6333 6335
v 13049.607 -17789.521 563.254
f 6819 6048 6049
f 6819 6344 6048
f 6819 6339 6817
f 6819 6049 6339
v 13095.727 -17812.478 436.538
v 13094.990 -17814.519 438.835
f 6820 6821 6335
f 6820 6335 6337
f 6820 6337 6340
v 13054.390 -17789.521 559.571
f 6822 6347 6346
f 6822 6346 6344
v 13055.190 -17787.480 557.295
f 6822 6823 6347
v 13094.137 -17812.478 430.714
f 6824 6340 6047
f 6824 6047 6341
f 6824 6341 6343
v 13091.755 -17814.519 427.336
f 6824 6343 6825
v 13057.570 -17789.521 556.903
f 6826 6349 6054
f 6826 6054 6347
f 6826 6347 6823
v 13092.259 -17812.478 424.977
f 6827 6343 6345
f 6827 6345 6348
f 6827 6825 6343
v 13062.027 -17789.521 552.831
v 13063.947 -17787.480 549.170
f 6828 6829 6354
f 6828 6353 6056
f 6828 6354 6353
f 6828 6056 6349
v 13090.098 -17812.478 419.340
f 6830 6348 6052
f 6830 6350 6352
f 6830 6052 6350
v 13067.305 -17789.521 547.438
f 6831 6059 6354
v 13087.658 -17812.478 413.818
v 13087.390 -17814.519 416.216
f 6832 6833 6352
f 6832 6352 6355
f 6832 6355 6356
v 13071.278 -17789.521 542.893
v 13072.827 -17789.521 540.990
f 6834 6835 6063
v 13070.476 -17791.677 545.442
f 6834 6063 6836
v 13084.945 -17812.478 408.425
f 6837 6057 6357
f 6837 6356 6057
f 6837 6357 6359
v 13070.211 -17793.925 546.987
f 6838 5548 6058
v 13072.214 -17793.925 544.667
f 6839 6838 6836
f 6839 5552 5548
f 6839 5554 5552
f 6839 6063 5554
f 6839 6836 6063
f 6839 5548 6838
v 13075.246 -17789.521 537.853
f 6840 6063 6835
f 6840 6062 6063
f 6840 6365 6062
v 13081.968 -17812.478 403.173
v 13081.940 -17814.519 405.585
f 6841 6842 6359
f 6841 6359 6360
f 6841 6360 6361
v 13078.732 -17789.521 532.924
f 6843 6368 6367
v 13078.825 -17787.480 530.513
f 6843 6844 6368
f 6843 6367 6365
v 13078.732 -17812.478 398.076
f 6845 6362 6364
f 6845 6061 6362
f 6845 6361 6061
v 13081.773 -17789.521 528.150
f 6846 6370 6368
v 13075.246 -17812.478 393.147
v 13075.459 -17814.519 395.550
f 6847 6848 6364
f 6847 6364 6366
f 6847 6366 6371
v 13084.767 -17789.521 522.908
v 13084.486 -17791.677 525.566
f 6849 6377 6850
f 6849 6378 6377
v 13071.519 -17812.478 388.398
f 6851 6372 6374
f 6851 6066 6372
f 6851 6371 6066
v 13084.533 -17793.925 527.133
f 6852 5566 6067
v 13086.839 -17789.521 518.882
f 6853 6380 6376
f 6853 6376 6378
v 13084.798 -17787.480 520.168
f 6853 6378 6854
v 13086.036 -17793.925 524.462
f 6855 6852 6850
f 6855 6377 5571
f 6855 5566 6852
f 6855 5571 5570
f 6855 6850 6377
f 6855 5570 5566
v 13067.560 -17812.478 383.841
f 6856 6374 6375
f 6856 6375 6379
v 13068.011 -17814.519 386.210
f 6856 6857 6374
v 13089.365 -17789.521 513.399
f 6858 6072 6380
f 6858 6384 6072
f 6858 6385 6384
v 13063.378 -17812.478 379.486
f 6859 6381 6383
f 6859 6379 6069
f 6859 6069 6381
v 13059.670 -17814.519 377.659
f 6859 6383 6860
v 13091.614 -17789.521 507.796
f 6861 6390 6388
v 13089.711 -17787.480 509.279
f 6861 6385 6862
f 6861 6388 6385
v 13058.985 -17812.478 375.345
f 6863 6387 6389
f 6863 6383 6387
f 6863 6860 6383
v 13093.581 -17789.521 502.089
f 6864 6396 6394
f 6864 6076 6390
f 6864 6394 6076
v 13054.390 -17812.478 371.429
f 6865 6389 6073
f 6865 6391 6393
f 6865 6073 6391
v 13050.518 -17814.519 369.980
f 6865 6393 6866
v 13095.262 -17789.521 496.290
v 13093.516 -17787.480 497.955
f 6867 6396 6868
f 6867 6398 6396
f 6867 6400 6398
v 13049.607 -17812.478 367.746
f 6869 6397 6399
f 6869 6393 6397
f 6869 6866 6393
v 13096.651 -17789.521 490.415
f 6870 6404 6080
f 6870 6406 6404
f 6870 6080 6400
v 13044.645 -17812.478 364.307
f 6871 6399 6077
f 6871 6077 6401
f 6871 6401 6403
v 13097.745 -17789.521 484.478
v 13096.174 -17787.480 486.308
f 6872 6406 6873
f 6872 6408 6406
f 6872 6410 6408
v 13098.543 -17789.521 478.494
f 6874 6084 6410
f 6874 6416 6414
f 6874 6414 6084
v 13034.239 -17812.478 358.190
f 6875 6409 6081
f 6875 6411 6413
f 6875 6081 6411
v 13099.118 -17789.521 470.970
f 6876 6418 6416
v 13099.241 -17789.521 464.934
f 6877 3254 3265
v 13100.265 -17791.677 467.403
f 6877 3265 6878
v 13023.276 -17812.478 353.140
f 6879 6419 6085
f 6879 6085 6420
f 6879 6420 6422
v 13101.055 -17793.925 468.756
f 6880 5612 6086
v 13101.098 -17793.925 465.692
f 6881 6880 6878
f 6881 5617 5616
f 6881 5616 5612
f 6881 3265 5617
f 6881 5612 6880
f 6881 6878 3265
v 13017.619 -17812.478 351.031
f 6882 6422 6423
v 13019.149 -17814.519 352.897
f 6882 6883 6422
f 6882 6423 6424
v 13011.864 -17812.478 349.207
f 6884 6425 6427
f 6884 6424 6088
f 6884 6088 6425
v 13098.027 -17789.521 448.388
f 6885 6429 3253
f 6885 3253 3243
f 6885 6431 6429
v 13006.026 -17812.478 347.672
f 6886 6427 6428
f 6886 6428 6430
v 13007.734 -17814.519 349.376
f 6886 6887 6427
v 13097.025 -17789.521 442.434
f 6888 6093 6431
f 6888 3351 6435
f 6888 6435 6093
v 13000.118 -17812.478 346.430
f 6889 6432 6434
f 6889 6090 6432
f 6889 6430 6090
v 12994.155 -17812.478 345.483
f 6890 6436 6437
v 12996.024 -17814.519 347.009
f 6890 6891 6434
f 6890 6434 6436
v 12988.153 -17812.478 344.835
f 6892 6437 6094
f 6892 6438 6440
v 12984.138 -17814.519 345.819
f 6892 6440 6893
f 6892 6094 6438
v 13092.259 -17789.521 424.977
f 6894 6444 6442
f 6894 6442 3350
f 6894 3350 3340
v 12982.126 -17812.478 344.488
f 6895 6441 6443
f 6895 6440 6441
f 6895 6893 6440
v 13090.098 -17789.521 419.340
f 6896 6099 6444
f 6896 6450 6448
f 6896 6448 6099
v 12976.089 -17812.478 344.440
f 6897 6096 6445
f 6897 6445 6447
f 6897 6443 6096
v 13087.658 -17789.521 413.818
f 6898 6449 6450
v 13087.390 -17787.480 416.216
f 6898 6450 6899
v 13087.687 -17791.677 411.490
f 6898 6900 6449
v 12970.058 -17812.478 344.694
f 6901 6447 6451
f 6901 6451 6452
v 12972.192 -17814.519 345.819
f 6901 6902 6447
v 13084.945 -17789.521 408.425
f 6903 6102 6900
f 6903 6457 6456
f 6903 6456 6102
v 13089.007 -17793.925 412.334
f 6904 5655 6449
f 6904 5656 5655
f 6904 5658 5656
f 6904 6102 5658
f 6904 6900 6102
f 6904 6449 6900
v 12964.046 -17812.478 345.249
f 6905 6452 6100
f 6905 6453 6455
f 6905 6100 6453
v 13081.968 -17789.521 403.173
f 6906 6460 6457
v 13081.940 -17787.480 405.585
f 6906 6457 6907
f 6906 6462 6460
v 12958.069 -17812.478 346.102
f 6908 6455 6459
f 6908 6459 6461
v 12960.305 -17814.519 347.009
f 6908 6909 6455
v 13078.732 -17789.521 398.076
f 6910 6106 6462
f 6910 6466 6106
f 6910 6468 6466
v 12952.143 -17812.478 347.252
f 6911 6461 6103
f 6911 6103 6463
f 6911 6463 6465
v 13074.107 -17789.521 391.643
f 6912 6108 6471
f 6912 6475 6108
f 6912 6471 6468
v 12946.281 -17812.478 348.696
v 12948.596 -17814.519 349.376
f 6913 6914 6465
f 6913 6465 6469
f 6913 6469 6470
v 13070.306 -17789.521 386.953
v 13068.011 -17787.480 386.210
f 6915 6916 6478
f 6915 6478 6477
f 6915 6477 6475
v 12940.499 -17812.478 350.431
f 6917 6472 6474
f 6917 6470 6107
f 6917 6107 6472
v 13067.560 -17789.521 383.841
f 6918 6478 6916
f 6918 6482 6480
f 6918 6480 6478
v 12934.810 -17812.478 352.451
f 6919 6474 6476
v 12937.180 -17814.519 352.897
f 6919 6920 6474
f 6919 6476 6481
v 13063.378 -17789.521 379.486
f 6921 6487 6486
f 6921 6114 6482
f 6921 6486 6114
v 12929.229 -17812.478 354.753
f 6922 6481 6111
f 6922 6483 6485
f 6922 6111 6483
v 13058.985 -17789.521 375.345
f 6923 6117 6487
v 13059.670 -17787.480 377.659
f 6923 6487 6924
f 6923 6490 6117
v 12923.769 -17812.478 357.330
f 6925 6485 6488
f 6925 6488 6489
v 12926.173 -17814.519 357.537
f 6925 6926 6485
v 13054.390 -17789.521 371.429
f 6927 6119 6490
f 6927 6494 6119
f 6927 6495 6494
v 12918.445 -17812.478 360.175
f 6928 6489 6115
f 6928 6115 6491
f 6928 6491 6493
v 13048.075 -17789.521 366.645
f 6929 6121 6499
f 6929 6503 6121
f 6929 6499 6495
v 12913.269 -17812.478 363.283
f 6930 6493 6497
f 6930 6497 6498
v 12915.681 -17814.519 363.250
f 6930 6931 6493
v 13043.060 -17789.521 363.283
f 6932 6505 6503
f 6932 6506 6505
v 13040.648 -17787.480 363.250
f 6932 6933 6506
v 12908.255 -17812.478 366.645
f 6934 6498 6120
f 6934 6120 6500
f 6934 6500 6502
v 13039.519 -17789.521 361.119
f 6935 6510 6508
f 6935 6506 6933
f 6935 6508 6506
v 13034.239 -17789.521 358.190
f 6936 6127 6510
f 6936 6516 6514
f 6936 6514 6127
v 13028.821 -17789.521 355.529
v 13030.157 -17787.480 357.537
f 6937 6516 6938
f 6937 6518 6516
f 6937 6520 6518
v 13023.276 -17789.521 353.140
f 6939 6524 6131
f 6939 6131 6520
f 6939 6526 6524
v 13015.831 -17789.521 350.431
f 6940 6133 6529
f 6940 6533 6133
f 6940 6529 6526
v 13010.048 -17789.521 348.696
f 6941 6535 6533
f 6941 6537 6535
v 13007.734 -17787.480 349.376
f 6941 6942 6537
v 13006.026 -17789.521 347.672
f 6943 6540 6538
f 6943 6537 6942
f 6943 6538 6537
v 13000.118 -17789.521 346.430
f 6944 6545 6544
f 6944 6139 6540
f 6944 6544 6139
v 12875.346 -17812.478 401.563
f 6945 6541 6543
f 6945 6136 6541
f 6945 6539 6136
v 12992.283 -17789.521 345.249
f 6946 6553 6141
f 6946 6549 6545
f 6946 6141 6549
v 12872.286 -17812.478 406.768
f 6947 6547 6548
v 12874.389 -17814.519 405.585
f 6947 6948 6543
f 6947 6543 6547
v 12986.272 -17789.521 344.694
f 6949 3926 6555
f 6949 6555 6553
f 6949 3925 3926
v 12869.490 -17812.478 412.118
f 6950 6550 6552
f 6950 6548 6140
f 6950 6140 6550
v 12866.965 -17812.478 417.601
f 6951 6554 6556
f 6951 6552 6554
v 12868.939 -17814.519 416.216
f 6951 6952 6552
v 12864.715 -17812.478 423.204
f 6953 6556 6144
f 6953 6557 6559
f 6953 6144 6557
v 12968.176 -17789.521 344.835
f 6954 6147 6562
f 6954 6562 3935
f 6954 6566 6147
v 12862.748 -17812.478 428.911
v 12864.575 -17814.519 427.336
f 6955 6956 6559
f 6955 6559 6560
f 6955 6560 6561
v 12962.174 -17789.521 345.483
f 6957 6568 6566
f 6957 4027 6568
f 6957 4016 4027
v 12861.068 -17812.478 434.710
f 6958 6561 6146
f 6958 6146 6563
f 6958 6563 6565
v 12859.679 -17812.478 440.585
v 12861.339 -17814.519 438.835
f 6959 6960 6565
f 6959 6565 6567
f 6959 6567 6569
v 12858.584 -17812.478 446.522
f 6961 6150 6570
f 6961 6570 6572
f 6961 6569 6150
v 12857.787 -17812.478 452.506
f 6962 6573 6574
f 6962 6572 6573
v 12859.265 -17814.519 450.600
f 6962 6963 6572
v 12857.289 -17812.478 458.523
f 6964 6152 6575
f 6964 6574 6152
f 6964 6575 6577
v 12934.810 -17789.521 352.451
f 6965 6579 4085
f 6965 4085 4076
f 6965 6581 6579
v 12857.091 -17812.478 464.557
v 12858.372 -17814.519 462.513
f 6966 6967 6577
f 6966 6577 6578
f 6966 6578 6580
v 12929.229 -17789.521 354.753
f 6968 6157 6581
f 6968 6586 6585
f 6968 6585 6157
v 12857.195 -17812.478 470.593
f 6969 6580 6154
f 6969 6582 6584
f 6969 6154 6582
v 12923.769 -17789.521 357.330
f 6970 6589 6586
v 12926.173 -17787.480 357.537
f 6970 6586 6971
f 6970 6591 6589
v 12857.599 -17812.478 476.616
v 12858.670 -17814.519 474.455
f 6972 6973 6584
f 6972 6584 6588
f 6972 6588 6590
v 12918.445 -17789.521 360.175
f 6974 6161 6591
f 6974 6596 6595
f 6974 6595 6161
v 12858.303 -17812.478 482.612
f 6975 6158 6592
f 6975 6592 6594
f 6975 6590 6158
v 12913.269 -17789.521 363.283
f 6976 6599 6596
f 6976 6601 6599
v 12915.681 -17787.480 363.250
f 6976 6596 6977
v 12859.305 -17812.478 488.566
f 6978 6594 6598
v 12860.155 -17814.519 486.308
f 6978 6979 6594
f 6978 6598 6600
v 12908.255 -17789.521 366.645
f 6980 6605 6165
f 6980 6165 6601
f 6980 6606 6605
v 12860.602 -17812.478 494.462
f 6981 6602 6604
f 6981 6600 6162
f 6981 6162 6602
v 12901.939 -17789.521 371.429
f 6982 6168 6606
f 6982 6612 6167
f 6982 6167 6168
v 12862.192 -17812.478 500.286
v 12862.814 -17814.519 497.955
f 6983 6984 6604
f 6983 6607 6608
f 6983 6604 6607
v 12897.345 -17789.521 375.345
f 6985 4299 6614
f 6985 6614 6612
f 6985 4298 4299
v 12864.070 -17812.478 506.023
f 6986 6608 6166
f 6986 6166 6609
f 6986 6609 6611
v 12886.023 -17789.521 386.953
f 6987 4308 4297
v 12883.889 -17791.677 387.884
f 6987 6988 4316
f 6987 4316 4308
v 12882.223 -17789.521 391.643
f 6989 6624 6175
f 6989 6625 6624
f 6989 6175 6988
v 12884.115 -17793.925 386.333
f 6990 5838 5836
f 6990 5836 5830
f 6990 6175 5838
f 6990 4316 6988
f 6990 5830 4316
f 6990 6988 6175
v 12878.660 -17789.521 396.517
v 12880.870 -17787.480 395.550
f 6991 6625 6992
f 6991 6626 6625
v 12876.629 -17791.677 397.656
f 6991 6993 6626
v 12875.346 -17789.521 401.563
f 6994 6632 6178
f 6994 6634 6632
f 6994 6178 6993
v 12876.700 -17793.925 396.091
f 6995 6178 5847
f 6995 5845 5843
f 6995 6626 6993
f 6995 5843 6626
f 6995 6993 6178
f 6995 5847 5845
v 12871.384 -17789.521 408.425
f 6996 6641 6180
f 6996 6180 6637
f 6996 6637 6634
v 12868.672 -17789.521 413.818
f 6997 6643 6641
f 6997 6644 6643
v 12868.939 -17787.480 416.216
f 6997 6998 6644
v 12888.770 -17812.478 547.159
f 6999 6638 6640
f 6999 6636 6179
f 6999 6179 6638
v 12866.965 -17789.521 417.601
f 7000 6646 6644
f 7000 6648 6646
f 7000 6644 6998
v 12892.951 -17812.478 551.514
v 12892.383 -17814.519 549.170
f 7001 7002 6640
f 7001 6642 6647
f 7001 6640 6642
v 12864.715 -17789.521 423.204
f 7003 6652 6186
f 7003 6186 6648
f 7003 6653 6652
v 12897.345 -17812.478 555.655
f 7004 6649 6651
f 7004 6647 6183
f 7004 6183 6649
v 12862.192 -17789.521 430.714
f 7005 6661 6188
f 7005 6188 6657
f 7005 6657 6653
v 12901.939 -17812.478 559.571
f 7006 6655 6656
v 12901.140 -17814.519 557.295
f 7006 7007 6651
f 7006 6651 6655
v 12860.602 -17789.521 436.538
f 7008 6664 6663
f 7008 6663 6661
v 12861.339 -17787.480 438.835
f 7008 7009 6664
v 12906.723 -17812.478 563.254
f 7010 6187 6658
f 7010 6658 6660
f 7010 6656 6187
v 12859.679 -17789.521 440.585
f 7011 6668 6666
f 7011 6664 7009
f 7011 6666 6664
v 12911.684 -17812.478 566.693
f 7012 6660 6662
f 7012 6662 6667
v 12910.662 -17814.519 564.508
f 7012 7013 6660
v 12858.584 -17789.521 446.522
f 7014 6194 6668
f 7014 6672 6194
f 7014 6674 6672
v 12916.811 -17812.478 569.881
f 7015 6667 6191
f 7015 6669 6671
f 7015 6191 6669
v 12857.787 -17789.521 452.506
f 7016 6678 6676
v 12859.265 -17787.480 450.600
f 7016 6674 7017
f 7016 6676 6674
v 12922.090 -17812.478 572.810
f 7018 6671 6675
f 7018 6675 6677
v 12920.856 -17814.519 570.737
f 7018 7019 6671
v 12857.289 -17789.521 458.523
f 7020 6682 6198
f 7020 6198 6678
f 7020 6684 6682
v 12927.509 -17812.478 575.471
f 7021 6677 6195
f 7021 6195 6679
f 7021 6679 6681
v 12857.091 -17789.521 464.557
f 7022 6688 6686
f 7022 6686 6684
v 12858.372 -17787.480 462.513
f 7022 6684 7023
v 12933.053 -17812.478 577.860
v 12931.619 -17814.519 575.920
f 7024 7025 6681
f 7024 6681 6685
f 7024 6685 6687
v 12857.195 -17789.521 470.593
f 7026 6692 6202
f 7026 6202 6688
f 7026 6694 6692
v 12938.710 -17812.478 579.969
f 7027 6689 6691
f 7027 6687 6199
f 7027 6199 6689
v 12857.599 -17789.521 476.616
f 7028 6696 6694
v 12858.670 -17787.480 474.455
f 7028 6694 7029
f 7028 6697 6696
v 12946.281 -17812.478 582.304
f 7030 6201 6698
f 7030 6691 6695
f 7030 6695 6201
v 12858.303 -17789.521 482.612
f 7031 6206 6697
f 7031 6703 6702
f 7031 6702 6206
v 12952.143 -17812.478 583.748
f 7032 6698 6699
f 7032 6699 6701
v 12954.421 -17814.519 582.954
f 7032 6701 7033
v 12859.305 -17789.521 488.566
f 7034 6708 6706
v 12860.155 -17787.480 486.308
f 7034 6703 7035
f 7034 6706 6703
v 12956.211 -17812.478 584.570
f 7036 6701 6705
f 7036 6705 6707
f 7036 7033 6701
v 12860.602 -17789.521 494.462
f 7037 6209 6708
f 7037 6711 6710
f 7037 6710 6209
v 12962.174 -17812.478 585.517
f 7038 6707 6207
f 7038 6709 5923
f 7038 6207 6709
f 7038 5923 6213
v 12862.748 -17789.521 502.089
f 7039 6211 6711
f 7039 6210 6211
f 7039 6712 6210
v 12864.715 -17789.521 507.796
f 7040 6715 6713
v 12866.618 -17787.480 509.279
f 7040 7041 6715
f 7040 6713 6712
v 12866.232 -17789.521 511.660
f 7042 6717 6715
f 7042 6715 7041
f 7042 6718 6717
v 12868.672 -17789.521 517.182
f 7043 6216 6718
f 7043 6719 6216
f 7043 6720 6719
v 12871.384 -17789.521 522.575
v 12871.532 -17787.480 520.168
f 7044 6720 7045
f 7044 6723 6722
f 7044 6722 6720
v 12874.362 -17789.521 527.827
f 7046 6724 6218
f 7046 6725 6724
f 7046 6218 6723
v 12878.660 -17789.521 534.483
f 7047 6220 6725
f 7047 6726 6219
f 7047 6219 6220
v 12882.223 -17789.521 539.357
v 12884.478 -17787.480 540.213
f 7048 7049 6728
f 7048 6728 6727
f 7048 6727 6726
v 12884.810 -17789.521 542.602
f 7050 6728 7049
f 7050 6729 6728
v 12885.357 -17791.677 544.866
f 7050 7051 6729
v 12888.770 -17789.521 547.159
f 7052 6222 7051
f 7052 6730 6222
f 7052 6731 6730
v 12883.869 -17793.925 544.373
f 7053 5950 5949
f 7053 7051 6222
f 7053 5949 5948
f 7053 6222 5950
f 7053 5948 6729
f 7053 6729 7051
v 12894.302 -17789.521 552.831
f 7054 6223 6733
f 7054 6733 6731
f 7054 6734 6223
v 12898.759 -17789.521 556.903
f 7055 6736 6735
f 7055 6735 6734
v 12901.140 -17787.480 557.295
f 7055 7056 6736
v 12901.939 -17789.521 559.571
f 7057 6738 6736
f 7057 6739 6738
f 7057 6736 7056
v 12906.723 -17789.521 563.254
f 7058 6741 6740
f 7058 6226 6739
f 7058 6740 6226
v 12911.684 -17789.521 566.693
v 12910.662 -17787.480 564.508
f 7059 6741 7060
f 7059 6744 6743
f 7059 6743 6741
v 12916.811 -17789.521 569.881
f 7061 6228 6744
f 7061 6746 6745
f 7061 6745 6228
v 12922.090 -17789.521 572.810
f 7062 6749 6748
f 7062 6748 6746
v 12920.856 -17787.480 570.737
f 7062 6746 7063
v 12927.509 -17789.521 575.471
f 7064 6750 6230
f 7064 6230 6749
f 7064 6751 6750
v 12934.810 -17789.521 578.549
f 7065 6231 6753
f 7065 6754 6231
f 7065 6753 6751
v 12940.499 -17789.521 580.569
f 7066 6755 6754
f 7066 5023 6755
f 7066 5020 5023
v 12958.069 -17789.521 584.898
f 7067 6757 6233
f 7067 6756 5022
f 7067 6233 6756
f 7067 5019 5016
f 7067 5022 5019
f 7067 5016 5028
v 12964.046 -17789.521 585.751
f 7068 6758 6757
f 7068 5991 6758
f 7068 7067 5028
f 7068 6236 5991
f 7068 5028 6236
f 7068 6757 7067
v 12994.083 -17814.519 584.268
f 7069 2223 6760
f 7069 6760 6238
f 7069 6238 6761
v 12999.984 -17814.519 583.327
v 13001.622 -17816.426 581.538
f 7070 6763 7071
f 7070 6761 6241
f 7070 6241 6763
v 13005.830 -17814.519 582.093
f 7072 6763 6762
f 7072 6243 6764
f 7072 6762 6243
v 13011.607 -17814.519 580.569
f 7073 6246 6766
f 7073 6764 6246
v 13013.059 -17816.426 578.626
f 7073 6766 7074
v 13017.301 -17814.519 578.759
f 7075 6765 6248
f 7075 6766 6765
f 7075 6248 6767
v 13022.898 -17814.519 576.667
v 13024.150 -17816.426 574.589
f 7076 6769 7077
f 7076 6767 6251
f 7076 6251 6769
v 13028.383 -17814.519 574.299
f 7078 6253 6770
f 7078 6768 6253
f 7078 6769 6768
v 13033.744 -17814.519 571.661
f 7079 6256 6772
f 7079 6770 6256
v 13034.783 -17816.426 569.468
f 7079 6772 7080
v 13038.967 -17814.519 568.758
f 7081 6771 6258
f 7081 6258 6773
f 7081 6772 6771
v 13044.038 -17814.519 565.599
f 7082 6773 6261
v 13044.853 -17816.426 563.314
f 7082 6775 7083
f 7082 6261 6775
v 13048.946 -17814.519 562.191
f 7084 6775 6774
f 7084 6263 6776
f 7084 6774 6263
v 13053.678 -17814.519 558.543
f 7085 6776 6266
f 7085 6266 6778
v 13054.261 -17816.426 556.188
f 7085 6778 7086
v 13058.221 -17814.519 554.663
f 7087 6777 6268
f 7087 6268 6779
f 7087 6778 6777
v 13062.566 -17814.519 550.562
v 13062.913 -17816.426 548.161
f 7088 6781 7089
f 7088 6271 6781
f 7088 6779 6271
v 13066.701 -17814.519 546.249
f 7090 6781 6780
f 7090 6273 6782
f 7090 6780 6273
v 13070.616 -17814.519 541.735
f 7091 6276 6784
f 7091 6782 6276
v 13070.722 -17816.426 539.312
f 7091 6784 7092
v 13074.301 -17814.519 537.032
f 7093 6278 6785
f 7093 6784 6783
f 7093 6783 6278
v 13077.748 -17814.519 532.151
v 13077.611 -17816.426 529.729
f 7094 6787 7095
f 7094 6281 6787
f 7094 6785 6281
v 13080.946 -17814.519 527.105
f 7096 6786 6283
f 7096 6787 6786
f 7096 6283 6788
v 13083.889 -17814.519 521.905
v 13083.512 -17816.426 519.509
f 7097 6790 7098
f 7097 6788 6286
f 7097 6286 6790
v 13086.569 -17814.519 516.565
f 7099 6790 6789
f 7099 6288 6791
f 7099 6789 6288
v 13088.980 -17814.519 511.098
v 13089.711 -17814.519 509.279
v 13088.366 -17816.426 508.751
f 7100 7101 7102
f 7100 6291 7101
f 7100 6791 6291
v 13090.412 -17814.519 507.448
f 7103 7102 7101
f 7103 7101 6291
f 7103 6291 6792
v 12994.083 -17787.480 584.268
f 7104 6795 6021
f 7104 6797 6303
f 7104 6303 6795
v 13094.031 -17814.519 496.063
f 7105 6794 6300
v 13092.125 -17816.426 497.563
f 7105 7106 6794
f 7105 6300 6796
v 12999.984 -17787.480 583.327
v 13001.622 -17785.573 581.538
f 7107 7108 6801
f 7107 6310 6797
f 7107 6801 6310
v 13005.830 -17787.480 582.093
f 7109 6800 6801
f 7109 6312 6800
f 7109 6803 6312
v 13011.607 -17787.480 580.569
f 7110 2715 6803
f 7110 2693 2704
f 7110 2704 2715
v 13096.805 -17814.519 482.343
f 7111 6802 6311
f 7111 6799 6802
f 7111 6311 6804
v 13097.497 -17814.519 476.409
v 13096.219 -17816.426 474.347
f 7112 6806 7113
f 7112 6804 6315
f 7112 6315 6806
v 13097.892 -17814.519 470.447
f 7114 6805 6318
f 7114 6318 6807
f 7114 6806 6805
v 13028.383 -17787.480 574.299
f 7115 6324 6808
f 7115 6808 2703
f 7115 6810 6324
v 13097.990 -17814.519 464.473
v 13097.957 -17814.519 462.513
f 7116 6321 7117
f 7116 6807 6321
v 13096.513 -17816.426 462.549
f 7116 7117 7118
v 13097.892 -17814.519 460.553
f 7119 7117 6321
f 7119 6321 6809
f 7119 7118 7117
v 13033.744 -17787.480 571.661
v 13034.783 -17785.573 569.468
f 7120 7121 6814
f 7120 6330 6810
f 7120 6814 6330
v 13097.497 -17814.519 454.591
f 7122 6809 6325
f 7122 6325 6811
f 7122 6811 6812
v 13042.313 -17787.480 566.714
f 7123 6816 6336
f 7123 6817 6816
f 7123 6336 6813
v 13096.499 -17814.519 446.625
f 7124 6332 6818
f 7124 6815 6332
f 7124 6812 6815
v 13095.411 -17814.519 440.750
f 7125 6335 6821
v 13093.582 -17816.426 439.157
f 7125 6821 7126
f 7125 6818 6335
v 13052.072 -17787.480 559.824
f 7127 6823 6822
f 7127 6822 6344
f 7127 6344 6819
v 13094.031 -17814.519 434.937
f 7128 6340 6824
f 7128 6821 6820
f 7128 6820 6340
v 13058.221 -17787.480 554.663
f 7129 6826 6823
f 7129 6828 6349
f 7129 6349 6826
v 13090.412 -17814.519 423.552
f 7130 6825 6827
f 7130 6348 6830
f 7130 6827 6348
v 13065.176 -17787.480 547.890
f 7131 6354 6829
f 7131 6831 6354
v 13062.913 -17785.573 548.161
f 7131 6829 7132
v 13088.182 -17814.519 418.009
f 7133 6352 6833
f 7133 6830 6352
v 13086.073 -17816.426 416.810
f 7133 6833 7134
v 13069.175 -17787.480 543.451
f 7135 6836 6831
f 7135 6834 6836
v 13068.838 -17791.677 547.296
f 7136 6836 6838
f 7136 6058 6059
f 7136 6059 6831
f 7136 6831 6836
f 7136 6838 6058
v 13071.090 -17787.480 541.158
v 13070.722 -17785.573 539.312
v 13071.851 -17787.480 540.213
f 7137 7138 7139
f 7137 6834 7135
f 7137 7139 6835
f 7137 6835 6834
v 13085.678 -17814.519 412.584
f 7140 6833 6832
f 7140 6356 6837
f 7140 6832 6356
v 13073.061 -17787.480 538.670
f 7141 7139 7138
f 7141 6835 7139
f 7141 6840 6835
v 13082.907 -17814.519 407.291
f 7142 6359 6842
f 7142 6837 6359
v 13080.689 -17816.426 406.307
f 7142 6842 7143
v 13076.590 -17787.480 533.849
f 7144 6843 6365
f 7144 6365 6840
f 7144 6844 6843
v 13079.875 -17814.519 402.143
f 7145 6361 6845
f 7145 6842 6841
f 7145 6841 6361
v 13079.776 -17787.480 529.016
v 13077.611 -17785.573 529.729
f 7146 6844 7147
f 7146 6846 6368
f 7146 6368 6844
v 13076.590 -17814.519 397.151
v 13074.286 -17816.426 396.393
f 7148 6848 7149
f 7148 6364 6848
f 7148 6845 6364
v 13082.816 -17787.480 523.872
f 7150 6850 6846
f 7150 6849 6850
v 13083.247 -17791.677 527.708
f 7151 6850 6852
f 7151 6846 6850
f 7151 6370 6846
f 7151 6067 6370
f 7151 6852 6067
v 13084.239 -17787.480 521.245
v 13083.512 -17785.573 519.509
f 7152 7153 6854
f 7152 6378 6849
f 7152 6849 7150
f 7152 6854 6378
v 13073.061 -17814.519 392.330
f 7154 6371 6851
f 7154 6848 6847
f 7154 6847 6371
v 13086.569 -17787.480 516.565
f 7155 6380 6853
f 7155 6858 6380
f 7155 6853 6854
v 13069.296 -17814.519 387.691
v 13066.928 -17816.426 387.166
f 7156 6857 7157
f 7156 6851 6374
f 7156 6374 6857
v 13088.980 -17787.480 511.098
f 7158 6385 6858
v 13088.366 -17785.573 508.751
f 7158 7159 6862
f 7158 6862 6385
v 13065.304 -17814.519 383.245
f 7160 6857 6856
f 7160 6379 6859
f 7160 6856 6379
v 13091.115 -17787.480 505.518
f 7161 6861 6862
f 7161 6864 6390
f 7161 6390 6861
v 13092.969 -17787.480 499.838
f 7162 6868 6396
v 13092.125 -17785.573 497.563
f 7162 7163 6868
f 7162 6396 6864
v 13056.681 -17814.519 374.978
f 7164 6863 6389
f 7164 6860 6863
f 7164 6389 6865
v 13094.538 -17787.480 494.073
f 7165 6400 6867
f 7165 6870 6400
f 7165 6867 6868
v 13095.818 -17787.480 488.236
f 7166 6873 6406
v 13094.751 -17785.573 486.057
f 7166 7167 6873
f 7166 6406 6870
v 13047.278 -17814.519 367.610
f 7168 6399 6871
f 7168 6869 6399
f 7168 6866 6869
v 13096.805 -17787.480 482.343
f 7169 6872 6873
f 7169 6410 6872
f 7169 6874 6410
v 13042.313 -17814.519 364.286
v 13040.648 -17814.519 363.250
f 7170 6403 7171
f 7170 6871 6403
v 13039.895 -17816.426 364.483
f 7170 7171 7172
v 13097.497 -17787.480 476.409
f 7173 6416 6874
v 13096.219 -17785.573 474.347
v 13097.659 -17787.480 474.455
f 7173 7174 7175
f 7173 7175 6416
v 13037.188 -17814.519 361.215
f 7176 7171 6403
f 7176 6403 6409
f 7176 6409 6875
v 13097.779 -17787.480 472.685
f 7177 7175 7174
f 7177 6416 7175
f 7177 6876 6416
v 13031.916 -17814.519 358.402
v 13030.157 -17814.519 357.537
v 13029.530 -17816.426 358.839
f 7178 7179 7180
f 7178 6413 7179
f 7178 6875 6413
v 13097.988 -17787.480 466.714
f 7181 6878 6876
f 7181 6877 6878
v 13100.202 -17791.677 469.876
f 7182 6880 6086
f 7182 6878 6880
f 7182 6876 6878
f 7182 6418 6876
f 7182 6086 6418
v 13097.981 -17787.480 463.726
f 7183 3221 3244
f 7183 3254 6877
f 7183 3244 3254
f 7183 6877 7181
v 13026.511 -17814.519 355.856
f 7184 7179 6413
f 7184 6413 6419
f 7184 6419 6879
v 13020.986 -17814.519 353.583
f 7185 6879 6422
f 7185 6422 6883
v 13018.655 -17816.426 354.254
f 7185 6883 7186
v 13015.354 -17814.519 351.587
f 7187 6424 6884
f 7187 6882 6424
f 7187 6883 6882
v 13009.630 -17814.519 349.875
v 13007.377 -17816.426 350.776
f 7188 6887 7189
f 7188 6427 6887
f 7188 6884 6427
v 13095.411 -17787.480 440.750
f 7190 3351 6888
f 7190 3341 3351
f 7190 3318 3341
v 13003.827 -17814.519 348.450
f 7191 6887 6886
f 7191 6886 6430
f 7191 6430 6889
v 12997.961 -17814.519 347.317
v 12995.809 -17816.426 348.437
f 7192 6891 7193
f 7192 6434 6891
f 7192 6889 6434
v 12992.045 -17814.519 346.477
f 7194 6890 6437
f 7194 6437 6892
f 7194 6891 6890
v 13088.182 -17787.480 418.009
v 13086.073 -17785.573 416.810
f 7195 7196 6899
f 7195 6450 6896
f 7195 6899 6450
v 12980.125 -17814.519 345.686
f 7197 6443 6897
f 7197 6893 6895
f 7197 6895 6443
v 12974.151 -17814.519 345.738
f 7198 6897 6447
v 12972.264 -17816.426 347.262
f 7198 6902 7199
f 7198 6447 6902
v 13082.907 -17787.480 407.291
f 7200 6457 6903
f 7200 6907 6457
v 13080.689 -17785.573 406.307
f 7200 7201 6907
v 12968.186 -17814.519 346.086
f 7202 6901 6452
f 7202 6902 6901
f 7202 6452 6905
v 13079.875 -17787.480 402.143
f 7203 6462 6906
f 7203 6906 6907
f 7203 6910 6462
v 12962.246 -17814.519 346.732
f 7204 6905 6455
v 12960.520 -17816.426 348.437
f 7204 6909 7205
f 7204 6455 6909
v 13076.590 -17787.480 397.151
v 13075.459 -17787.480 395.550
f 7206 7207 6468
v 13074.286 -17785.573 396.393
f 7206 7208 7207
f 7206 6468 6910
v 12956.346 -17814.519 347.673
f 7209 6908 6461
f 7209 6909 6908
f 7209 6461 6911
v 13074.301 -17787.480 393.968
f 7210 6468 7207
f 7210 7207 7208
f 7210 6912 6468
v 12950.500 -17814.519 348.907
f 7211 6465 6914
v 12948.952 -17816.426 350.776
f 7211 6914 7212
f 7211 6911 6465
v 13070.616 -17787.480 389.265
f 7213 6475 6912
f 7213 6915 6475
f 7213 6916 6915
v 12944.722 -17814.519 350.431
f 7214 6913 6470
f 7214 6914 6913
f 7214 6470 6917
v 12939.028 -17814.519 352.241
f 7215 6917 6474
v 12937.675 -17816.426 354.254
f 7215 6920 7216
f 7215 6474 6920
v 13061.096 -17787.480 379.004
v 13058.687 -17785.573 378.718
f 7217 7218 6924
f 7217 6487 6921
f 7217 6924 6487
v 12933.432 -17814.519 354.333
f 7219 6920 6919
f 7219 6919 6481
f 7219 6481 6922
v 12927.946 -17814.519 356.701
f 7220 6922 6485
v 12926.799 -17816.426 358.839
f 7220 6926 7221
f 7220 6485 6926
v 13052.072 -17787.480 371.176
v 13049.646 -17785.573 371.131
v 13050.518 -17787.480 369.980
f 7222 7223 7224
f 7222 6495 6927
f 7222 7224 6495
v 12922.585 -17814.519 359.339
f 7225 6926 6925
f 7225 6489 6928
f 7225 6925 6489
v 13048.946 -17787.480 368.809
f 7226 7224 7223
f 7226 6495 7224
f 7226 6929 6495
v 12917.363 -17814.519 362.242
v 12916.435 -17816.426 364.483
f 7227 6931 7228
f 7227 6928 6493
f 7227 6493 6931
v 13044.038 -17787.480 365.401
f 7229 6503 6929
f 7229 6932 6503
f 7229 6933 6932
v 12912.291 -17814.519 365.401
f 7230 6931 6930
f 7230 6930 6498
f 7230 6498 6934
v 13037.188 -17787.480 361.215
f 7231 6510 6935
f 7231 6936 6510
f 7231 6935 6933
v 12907.384 -17814.519 368.809
f 7232 3721 3720
f 7232 6502 3721
f 7232 6934 6502
v 13031.916 -17787.480 358.402
f 7233 6938 6516
v 13029.530 -17785.573 358.839
f 7233 7234 6938
f 7233 6516 6936
v 13026.511 -17787.480 355.856
f 7235 6937 6938
f 7235 6939 6520
f 7235 6520 6937
v 13020.986 -17787.480 353.583
f 7236 6526 6939
v 13019.149 -17787.480 352.897
f 7236 7237 6526
v 13018.655 -17785.573 354.254
f 7236 7238 7237
v 13017.301 -17787.480 352.241
f 7239 6940 6526
f 7239 6526 7237
f 7239 7237 7238
v 13011.607 -17787.480 350.431
f 7240 6942 6941
f 7240 6533 6940
f 7240 6941 6533
v 13003.827 -17787.480 348.450
f 7241 6540 6943
f 7241 6944 6540
f 7241 6943 6942
v 12997.961 -17787.480 347.317
f 7242 6545 6944
v 12996.024 -17787.480 347.009
f 7242 7243 6545
v 12995.809 -17785.573 348.437
f 7242 7244 7243
v 12878.582 -17814.519 398.849
f 7245 6532 6539
f 7245 6539 6945
f 7245 3822 6532
v 12994.083 -17787.480 346.732
f 7246 6946 6545
f 7246 6545 7243
f 7246 7243 7244
v 12875.383 -17814.519 403.895
v 12875.640 -17816.426 406.307
f 7247 6948 7248
f 7247 6543 6948
f 7247 6945 6543
v 12988.143 -17787.480 346.086
f 7249 3925 6949
f 7249 6949 6553
f 7249 6553 6946
v 12872.440 -17814.519 409.095
f 7250 6947 6548
f 7250 6548 6950
f 7250 6948 6947
v 12869.760 -17814.519 414.435
f 7251 6950 6552
f 7251 6552 6952
v 12870.256 -17816.426 416.810
f 7251 6952 7252
v 12867.350 -17814.519 419.902
f 7253 6952 6951
f 7253 6951 6556
f 7253 6556 6953
v 12970.234 -17787.480 345.933
f 7254 6954 3935
f 7254 3924 3915
f 7254 3935 3924
v 12865.214 -17814.519 425.482
f 7255 6953 6559
v 12865.944 -17816.426 427.796
f 7255 6956 7256
f 7255 6559 6956
v 12964.284 -17787.480 346.477
f 7257 6566 6954
f 7257 4016 6957
f 7257 6957 6566
v 12863.360 -17814.519 431.162
f 7258 6955 6561
f 7258 6561 6958
f 7258 6956 6955
v 12861.791 -17814.519 436.927
f 7259 6565 6960
f 7259 6958 6565
v 12862.748 -17816.426 439.157
f 7259 6960 7260
v 12860.512 -17814.519 442.764
f 7261 6959 6569
f 7261 6569 6961
f 7261 6960 6959
v 12859.525 -17814.519 448.657
f 7262 6961 6572
f 7262 6572 6963
v 12860.698 -17816.426 450.780
f 7262 6963 7263
v 12858.833 -17814.519 454.591
f 7264 6963 6962
f 7264 6574 6964
f 7264 6962 6574
v 12933.432 -17787.480 354.333
f 7265 6965 4076
f 7265 6581 6965
f 7265 6968 6581
v 12858.437 -17814.519 460.553
v 12859.816 -17816.426 462.549
f 7266 6967 7267
f 7266 6577 6967
f 7266 6964 6577
v 12927.946 -17787.480 356.701
f 7268 6971 6586
v 12926.799 -17785.573 358.839
f 7268 7269 6971
f 7268 6586 6968
v 12858.339 -17814.519 466.527
f 7270 6966 6580
f 7270 6580 6969
f 7270 6967 6966
v 12922.585 -17787.480 359.339
f 7271 6970 6971
f 7271 6591 6970
f 7271 6974 6591
v 12858.539 -17814.519 472.499
f 7272 6969 6584
f 7272 6584 6973
v 12860.111 -17816.426 474.347
f 7272 6973 7273
v 12917.363 -17787.480 362.242
v 12916.435 -17785.573 364.483
f 7274 7275 6977
f 7274 6596 6974
f 7274 6977 6596
v 12859.037 -17814.519 478.453
f 7276 6972 6590
f 7276 6973 6972
f 7276 6590 6975
v 12912.291 -17787.480 365.401
f 7277 6980 6601
f 7277 6976 6977
f 7277 6601 6976
v 12859.831 -17814.519 484.375
f 7278 6975 6594
v 12861.578 -17816.426 486.057
f 7278 6979 7279
f 7278 6594 6979
v 12907.384 -17787.480 368.809
v 12905.811 -17787.480 369.980
f 7280 7281 6606
f 7280 6606 6980
v 12906.683 -17785.573 371.131
f 7280 7282 7281
v 12860.919 -17814.519 490.250
f 7283 6600 6981
f 7283 6978 6600
f 7283 6979 6978
v 12904.258 -17787.480 371.176
f 7284 6982 6606
f 7284 6606 7281
f 7284 7281 7282
v 12862.298 -17814.519 496.063
v 12864.204 -17816.426 497.563
f 7285 6984 7286
f 7285 6981 6604
f 7285 6604 6984
v 12899.648 -17787.480 374.978
f 7287 4298 6985
f 7287 6985 6612
f 7287 6612 6982
v 12863.966 -17814.519 501.801
f 7288 6608 6986
f 7288 6984 6983
f 7288 6983 6608
v 12865.917 -17814.519 507.448
f 7289 6986 6611
f 7289 4337 4336
f 7289 6611 4337
v 12885.713 -17787.480 389.265
f 7290 6987 4297
f 7290 6988 6987
f 7290 6989 6988
v 12882.028 -17787.480 393.968
f 7291 6992 6625
v 12882.043 -17785.573 396.393
f 7291 7292 6992
f 7291 6625 6989
v 12878.582 -17787.480 398.849
f 7293 6993 6991
f 7293 6991 6992
f 7293 6994 6993
v 12875.383 -17787.480 403.895
v 12875.640 -17785.573 406.307
v 12874.389 -17787.480 405.585
f 7294 7295 7296
f 7294 7296 6634
f 7294 6634 6994
v 12873.423 -17787.480 407.291
f 7297 7296 7295
f 7297 6634 7296
f 7297 6996 6634
v 12870.651 -17787.480 412.584
f 7298 6997 6641
f 7298 6998 6997
f 7298 6641 6996
v 12887.033 -17814.519 543.309
f 7299 4436 6630
f 7299 6636 6999
f 7299 6630 6636
v 12867.350 -17787.480 419.902
f 7300 6648 7000
f 7300 7003 6648
f 7300 7000 6998
v 12891.025 -17814.519 547.755
f 7301 6640 7002
v 12893.417 -17816.426 548.161
f 7301 7002 7302
f 7301 6999 6640
v 12865.214 -17787.480 425.482
f 7303 6653 7003
v 12865.944 -17785.573 427.796
v 12864.575 -17787.480 427.336
f 7303 7304 7305
f 7303 7305 6653
v 12895.233 -17814.519 551.996
f 7306 7001 6647
f 7306 6647 7004
f 7306 7002 7001
v 12863.966 -17787.480 429.199
f 7307 7305 7304
f 7307 7005 6653
f 7307 6653 7305
v 12899.648 -17814.519 556.022
f 7308 6651 7007
f 7308 7004 6651
v 12902.068 -17816.426 556.188
f 7308 7007 7309
v 12862.298 -17787.480 434.937
f 7310 6661 7005
f 7310 7009 7008
f 7310 7008 6661
v 12904.258 -17814.519 559.824
f 7311 7006 6656
f 7311 7007 7006
f 7311 6656 7010
v 12860.512 -17787.480 442.764
f 7312 7014 6668
f 7312 6668 7011
f 7312 7011 7009
v 12909.051 -17814.519 563.390
v 12911.476 -17816.426 563.314
f 7313 7013 7314
f 7313 7010 6660
f 7313 6660 7013
v 12859.525 -17787.480 448.657
v 12860.698 -17785.573 450.780
f 7315 7316 7017
f 7315 7017 6674
f 7315 6674 7014
v 12914.017 -17814.519 566.714
f 7317 7013 7012
f 7317 6667 7015
f 7317 7012 6667
v 12858.833 -17787.480 454.591
f 7318 6678 7016
f 7318 7016 7017
f 7318 7020 6678
v 12919.141 -17814.519 569.785
f 7319 7015 6671
f 7319 6671 7019
v 12921.547 -17816.426 569.468
f 7319 7019 7320
v 12858.437 -17787.480 460.553
v 12859.816 -17785.573 462.549
f 7321 7322 7023
f 7321 6684 7020
f 7321 7023 6684
v 12924.413 -17814.519 572.598
f 7323 6677 7021
f 7323 7018 6677
f 7323 7019 7018
v 12858.339 -17787.480 466.527
f 7324 6688 7022
f 7324 7022 7023
f 7324 7026 6688
v 12929.818 -17814.519 575.144
v 12932.180 -17816.426 574.589
f 7325 7025 7326
f 7325 6681 7025
f 7325 7021 6681
v 12858.539 -17787.480 472.499
v 12860.111 -17785.573 474.347
f 7327 7328 7029
f 7327 6694 7026
f 7327 7029 6694
v 12935.344 -17814.519 577.417
f 7329 7024 6687
f 7329 6687 7027
f 7329 7025 7024
v 12859.037 -17787.480 478.453
f 7330 7028 7029
f 7330 7031 6697
f 7330 6697 7028
v 12940.975 -17814.519 579.413
v 12942.844 -17814.519 580.006
f 7331 6691 7332
v 12943.270 -17816.426 578.626
f 7331 7332 7333
f 7331 7027 6691
v 12944.722 -17814.519 580.569
f 7334 7332 6691
f 7334 6691 7030
f 7334 7333 7332
v 12859.831 -17787.480 484.375
f 7335 7035 6703
v 12861.578 -17785.573 486.057
f 7335 7336 7035
f 7335 6703 7031
v 12950.500 -17814.519 582.093
f 7337 7032 7033
f 7337 7030 6698
f 7337 6698 7032
v 12860.919 -17787.480 490.250
f 7338 6708 7034
f 7338 7034 7035
f 7338 7037 6708
v 12862.298 -17787.480 496.063
f 7339 6711 7037
v 12862.814 -17787.480 497.955
f 7339 7340 6711
v 12864.204 -17785.573 497.563
f 7339 7341 7340
v 12958.369 -17814.519 583.683
f 7342 7036 6707
f 7342 6707 7038
f 7342 7033 7036
v 12863.360 -17787.480 499.838
f 7343 6711 7340
f 7343 7340 7341
f 7343 7039 6711
v 12865.214 -17787.480 505.518
f 7344 6712 7039
f 7344 7041 7040
f 7344 7040 6712
v 12868.147 -17787.480 512.991
f 7345 6718 7042
f 7345 7043 6718
f 7345 7042 7041
v 12870.651 -17787.480 518.416
f 7346 6720 7043
f 7346 7045 6720
v 12872.817 -17785.573 519.509
f 7346 7347 7045
v 12873.423 -17787.480 523.709
f 7348 7044 7045
f 7348 6723 7044
f 7348 7046 6723
v 12876.454 -17787.480 528.857
v 12878.718 -17785.573 529.729
v 12877.505 -17787.480 530.513
f 7349 7350 7351
f 7349 7351 6725
f 7349 6725 7046
v 12878.582 -17787.480 532.151
f 7352 7351 7350
f 7352 6725 7351
f 7352 7047 6725
v 12882.028 -17787.480 537.032
f 7353 7049 7048
f 7353 7048 6726
f 7353 6726 7047
v 12887.033 -17787.480 543.309
f 7354 7050 7049
f 7354 7052 7051
f 7354 7051 7050
v 12891.025 -17787.480 547.755
v 12892.383 -17787.480 549.170
f 7355 7356 6731
f 7355 6731 7052
v 12893.417 -17785.573 548.161
f 7355 7357 7356
v 12893.763 -17787.480 550.562
f 7358 7054 6731
f 7358 6731 7356
f 7358 7356 7357
v 12898.108 -17787.480 554.663
f 7359 6734 7054
f 7359 7056 7055
f 7359 7055 6734
v 12904.258 -17787.480 559.824
f 7360 6739 7057
f 7360 7057 7056
f 7360 7058 6739
v 12909.051 -17787.480 563.390
f 7361 7060 6741
v 12911.476 -17785.573 563.314
f 7361 7362 7060
f 7361 6741 7058
v 12914.017 -17787.480 566.714
f 7363 7061 6744
f 7363 7059 7060
f 7363 6744 7059
v 12919.141 -17787.480 569.785
v 12921.547 -17785.573 569.468
f 7364 7365 7063
f 7364 6746 7061
f 7364 7063 6746
v 12924.413 -17787.480 572.598
f 7366 7062 7063
f 7366 7064 6749
f 7366 6749 7062
v 12929.818 -17787.480 575.144
v 12932.180 -17785.573 574.589
v 12931.619 -17787.480 575.920
f 7367 7368 7369
f 7367 6751 7064
f 7367 7369 6751
v 12933.432 -17787.480 576.667
f 7370 7065 6751
f 7370 7369 7368
f 7370 6751 7369
v 12939.028 -17787.480 578.759
f 7371 7066 6754
f 7371 6754 7065
f 7371 5020 7066
v 12991.924 -17816.426 583.083
f 7372 2223 7069
f 7372 2228 2223
f 7372 2231 2228
v 12997.768 -17816.426 582.251
f 7373 6761 7070
f 7373 7070 7071
f 7373 7069 6761
v 13003.563 -17816.426 581.129
f 7374 7071 6763
f 7374 6763 7072
v 13001.300 -17818.180 579.943
f 7374 7375 7071
v 13009.295 -17816.426 579.719
f 7376 6764 7073
f 7376 7073 7074
f 7376 7072 6764
v 13014.949 -17816.426 578.025
f 7377 6766 7075
f 7377 7074 6766
v 13012.580 -17818.180 577.070
f 7377 7378 7074
v 13020.513 -17816.426 576.052
f 7379 6767 7076
f 7379 7075 6767
f 7379 7076 7077
v 13025.970 -17816.426 573.803
f 7380 7077 6769
f 7380 6769 7078
v 13023.517 -17818.180 573.089
f 7380 7381 7077
v 13031.310 -17816.426 571.286
f 7382 7079 7080
f 7382 6770 7079
f 7382 7078 6770
v 13036.516 -17816.426 568.505
f 7383 6772 7081
v 13034.004 -17818.180 568.039
f 7383 7384 7080
f 7383 7080 6772
v 13041.578 -17816.426 565.469
f 7385 7081 6773
f 7385 7082 7083
f 7385 6773 7082
v 13046.483 -17816.426 562.184
f 7386 6775 7084
v 13043.937 -17818.180 561.970
f 7386 7387 7083
f 7386 7083 6775
v 13051.217 -17816.426 558.658
f 7388 7085 7086
f 7388 7084 6776
f 7388 6776 7085
v 13055.770 -17816.426 554.901
f 7389 6778 7087
f 7389 7086 6778
v 13053.215 -17818.180 554.942
f 7389 7390 7086
v 13060.129 -17816.426 550.921
f 7391 6779 7088
f 7391 7088 7089
f 7391 7087 6779
v 13064.285 -17816.426 546.730
f 7392 7089 6781
v 13061.748 -17818.180 547.025
f 7392 7393 7089
f 7392 6781 7090
v 13068.227 -17816.426 542.336
f 7394 7090 6782
f 7394 7091 7092
f 7394 6782 7091
v 13071.945 -17816.426 537.751
f 7395 6784 7093
f 7395 7092 6784
v 13069.449 -17818.180 538.297
f 7395 7396 7092
v 13075.430 -17816.426 532.987
f 7397 7094 7095
f 7397 6785 7094
f 7397 7093 6785
v 13078.673 -17816.426 528.055
f 7398 7095 6787
v 13076.244 -17818.180 528.846
f 7398 7399 7095
f 7398 6787 7096
v 13081.666 -17816.426 522.967
f 7400 6788 7097
f 7400 7096 6788
f 7400 7097 7098
v 13084.402 -17816.426 517.736
f 7401 7098 6790
f 7401 6790 7099
v 13082.064 -17818.180 518.766
f 7401 7402 7098
v 13086.874 -17816.426 512.376
f 7403 7099 6791
f 7403 6791 7100
f 7403 7100 7102
v 12991.924 -17785.573 583.083
f 7404 6021 2564
f 7404 2564 2550
f 7404 7104 6021
v 12997.768 -17785.573 582.251
f 7405 7107 6797
f 7405 7108 7107
f 7405 6797 7104
v 13090.690 -17816.426 502.285
f 7406 7103 6792
v 13003.563 -17785.573 581.129
f 7407 6801 7108
v 13001.300 -17783.819 579.943
f 7407 7108 7408
f 7407 7109 6801
v 13009.295 -17785.573 579.719
f 7409 6803 7109
f 7409 2693 7110
f 7409 7110 6803
v 13093.793 -17816.426 490.898
f 7410 7105 6796
v 13095.079 -17816.426 484.101
f 7411 6799 7111
v 13094.751 -17816.426 486.057
f 7411 7412 6799
v 13093.149 -17818.180 485.775
f 7411 7413 7412
v 13095.861 -17816.426 478.251
f 7414 7112 7113
f 7414 7111 6804
f 7414 6804 7112
v 13025.970 -17785.573 573.803
f 7415 2692 2681
f 7415 2703 2692
f 7415 7115 2703
v 13096.350 -17816.426 472.368
f 7416 7113 6806
f 7416 6806 7114
v 13094.596 -17818.180 474.225
f 7416 7417 7113
v 13031.310 -17785.573 571.286
f 7418 7121 7120
f 7418 6810 7115
f 7418 7120 6810
v 13096.546 -17816.426 466.469
f 7419 7116 7118
f 7419 6807 7116
f 7419 7114 6807
v 13038.194 -17785.573 567.537
f 7420 6814 7121
f 7420 6813 6814
f 7420 7123 6813
v 13096.350 -17816.426 458.632
f 7421 7119 6809
f 7421 7118 7119
f 7421 6809 7122
v 13043.205 -17785.573 564.418
v 13044.853 -17785.573 563.314
f 7422 7423 6817
v 13043.937 -17783.819 561.970
f 7422 7424 7423
f 7422 6817 7123
v 13095.861 -17816.426 452.749
v 13095.631 -17816.426 450.780
v 13094.016 -17818.180 450.982
f 7425 7426 7427
f 7425 6812 7426
f 7425 7122 6812
v 13095.368 -17816.426 448.814
f 7428 7427 7426
f 7428 7426 6812
f 7428 6812 7124
v 13048.055 -17785.573 561.053
f 7429 7127 6819
f 7429 6819 6817
f 7429 6817 7423
v 13094.390 -17816.426 442.993
f 7430 7125 7126
f 7430 7124 6818
f 7430 6818 7125
v 13052.731 -17785.573 557.450
v 13054.261 -17785.573 556.188
f 7431 7432 6823
f 7431 6823 7127
v 13053.215 -17783.819 554.942
f 7431 7433 7432
v 13055.770 -17785.573 554.901
f 7434 6823 7432
f 7434 7432 7433
f 7434 7129 6823
v 13093.124 -17816.426 437.227
f 7435 7126 6821
v 13091.995 -17818.180 439.519
f 7435 7436 7126
f 7435 6821 7128
v 13060.129 -17785.573 550.921
f 7437 6828 7129
f 7437 7132 6829
f 7437 6829 6828
v 13091.572 -17816.426 431.532
f 7438 7128 6824
v 13090.385 -17816.426 427.796
f 7438 6825 7439
f 7438 6824 6825
v 13089.738 -17816.426 425.921
f 7440 7439 6825
v 13088.842 -17818.180 428.314
f 7440 7441 7439
f 7440 6825 7130
v 13065.541 -17785.573 545.378
f 7442 7131 7132
f 7442 6831 7131
f 7442 7135 6831
v 13087.626 -17816.426 420.409
f 7443 7130 6830
f 7443 6830 7133
f 7443 7133 7134
v 13069.414 -17785.573 540.923
f 7444 7137 7135
v 13069.449 -17783.819 538.297
f 7444 7445 7138
f 7444 7138 7137
v 13085.243 -17816.426 415.009
v 13084.590 -17818.180 417.479
f 7446 7447 7134
f 7446 6833 7140
f 7446 7134 6833
v 13073.115 -17785.573 536.207
f 7448 6840 7141
f 7448 7141 7138
f 7448 7144 6840
v 13082.593 -17816.426 409.734
f 7449 7140 6837
f 7449 7142 7143
f 7449 6837 7142
v 13076.521 -17785.573 531.386
v 13076.244 -17783.819 528.846
f 7450 7451 7147
f 7450 6844 7144
f 7450 7147 6844
v 13079.683 -17816.426 404.598
v 13079.280 -17818.180 407.121
f 7452 7453 7143
f 7452 6842 7145
f 7452 7143 6842
v 13079.636 -17785.573 526.481
f 7454 7150 6846
f 7454 7146 7147
f 7454 6846 7146
v 13076.521 -17816.426 399.614
f 7455 7145 6845
f 7455 6845 7148
f 7455 7148 7149
v 13082.549 -17785.573 521.347
f 7456 7153 7152
f 7456 7152 7150
v 13082.064 -17783.819 518.766
f 7456 7457 7153
v 13084.402 -17785.573 517.736
f 7458 6854 7153
f 7458 7155 6854
f 7458 7153 7457
v 13073.115 -17816.426 394.793
v 13072.965 -17818.180 397.343
f 7459 7460 7149
f 7459 7149 6848
f 7459 6848 7154
v 13086.874 -17785.573 512.376
f 7461 7159 7158
f 7461 7158 6858
f 7461 6858 7155
v 13069.472 -17816.426 390.148
f 7462 7154 6851
f 7462 7156 7157
f 7462 6851 7156
v 13089.075 -17785.573 506.899
f 7463 6862 7159
v 13086.851 -17783.819 508.156
f 7463 7159 7464
f 7463 7161 6862
v 13065.603 -17816.426 385.690
v 13065.707 -17818.180 388.243
f 7465 7466 7157
f 7465 6857 7160
f 7465 7157 6857
v 13091.001 -17785.573 501.319
f 7467 7163 7162
f 7467 7162 6864
f 7467 6864 7161
v 13061.516 -17816.426 381.431
f 7468 6859 6860
v 13058.687 -17816.426 378.718
f 7468 6860 7469
f 7468 7160 6859
v 13092.646 -17785.573 495.650
f 7470 6868 7163
f 7470 7165 6868
v 13090.558 -17783.819 497.123
f 7470 7163 7471
v 13057.222 -17816.426 377.381
f 7472 7469 6860
f 7472 6860 7164
v 13057.580 -17818.180 379.911
f 7472 7473 7469
v 13094.007 -17785.573 489.906
f 7474 7167 7166
f 7474 6870 7165
f 7474 7166 6870
v 13052.731 -17816.426 373.550
v 13049.646 -17816.426 371.131
f 7475 6866 7476
f 7475 6865 6866
f 7475 7164 6865
v 13095.079 -17785.573 484.101
v 13093.149 -17783.819 485.775
f 7477 7167 7478
f 7477 6873 7167
f 7477 7169 6873
v 13048.055 -17816.426 369.947
f 7479 7476 6866
f 7479 6866 7168
v 13048.663 -17818.180 372.429
f 7479 7480 7476
v 13095.861 -17785.573 478.251
f 7481 7173 6874
f 7481 6874 7169
f 7481 7174 7173
v 13043.205 -17816.426 366.582
f 7482 6871 7170
f 7482 7168 6871
f 7482 7170 7172
v 13038.194 -17816.426 363.463
f 7483 7172 7171
v 13039.046 -17818.180 365.872
f 7483 7484 7172
f 7483 7171 7176
v 13096.443 -17785.573 470.526
f 7485 7181 6876
f 7485 6876 7177
f 7485 7177 7174
v 13033.033 -17816.426 360.598
f 7486 7176 6875
f 7486 6875 7178
f 7486 7178 7180
v 13096.546 -17785.573 464.624
f 7487 3221 7183
f 7487 3222 3221
f 7487 7183 7181
v 13027.736 -17816.426 357.993
f 7488 7179 7184
f 7488 7180 7179
v 13028.824 -17818.180 360.305
f 7488 7489 7180
v 13022.316 -17816.426 355.656
f 7490 6879 7185
f 7490 7184 6879
f 7490 7185 7186
v 13016.786 -17816.426 353.592
f 7491 6883 7187
v 13018.098 -17818.180 355.784
f 7491 7492 7186
f 7491 7186 6883
v 13011.159 -17816.426 351.806
f 7493 6884 7188
f 7493 7188 7189
f 7493 7187 6884
v 13005.451 -17816.426 350.302
f 7494 7189 6887
v 13006.976 -17818.180 352.353
f 7494 7495 7189
f 7494 6887 7191
v 12999.675 -17816.426 349.086
f 7496 7191 6889
f 7496 6889 7192
f 7496 7192 7193
v 12993.846 -17816.426 348.158
f 7497 7193 6891
v 12995.566 -17818.180 350.046
f 7497 7498 7193
f 7497 6891 7194
v 12987.977 -17816.426 347.522
v 12984.066 -17816.426 347.262
f 7499 6893 7500
f 7499 6892 6893
f 7499 7194 6892
v 12982.084 -17816.426 347.180
f 7501 7500 6893
v 12983.985 -17818.180 348.887
f 7501 7502 7500
f 7501 6893 7197
v 12976.182 -17816.426 347.132
f 7503 7198 7199
f 7503 6897 7198
f 7503 7197 6897
v 13079.683 -17785.573 404.598
v 13079.280 -17783.819 407.121
f 7504 7201 7505
f 7504 7203 6907
f 7504 6907 7201
v 12970.284 -17816.426 347.378
v 12972.345 -17818.180 348.887
f 7506 7507 7199
f 7506 6902 7202
f 7506 7199 6902
v 13076.521 -17785.573 399.614
f 7508 6910 7203
f 7508 7208 7206
f 7508 7206 6910
v 12964.406 -17816.426 347.917
f 7509 6905 7204
f 7509 7204 7205
f 7509 7202 6905
v 12958.562 -17816.426 348.749
v 12960.763 -17818.180 350.046
f 7510 7511 7205
f 7510 6909 7209
f 7510 7205 6909
v 13071.945 -17785.573 393.249
f 7512 7210 7208
f 7512 6912 7210
f 7512 7213 6912
v 12952.767 -17816.426 349.871
f 7513 7209 6911
f 7513 6911 7211
f 7513 7211 7212
v 13068.227 -17785.573 388.664
v 13066.928 -17785.573 387.166
f 7514 7515 6916
f 7514 6916 7213
v 13065.707 -17783.819 388.243
f 7514 7516 7515
v 12947.035 -17816.426 351.281
f 7517 7212 6914
f 7517 6914 7214
v 12949.354 -17818.180 352.353
f 7517 7518 7212
v 12941.380 -17816.426 352.975
f 7519 6917 7215
f 7519 7215 7216
f 7519 7214 6917
v 12935.817 -17816.426 354.948
f 7520 7216 6920
f 7520 6920 7219
v 12938.231 -17818.180 355.784
f 7520 7521 7216
v 12930.359 -17816.426 357.197
f 7522 6922 7220
f 7522 7219 6922
f 7522 7220 7221
v 12925.020 -17816.426 359.714
f 7523 7221 6926
f 7523 6926 7225
v 12927.505 -17818.180 360.305
f 7523 7524 7221
v 13046.483 -17785.573 368.816
f 7525 7229 6929
f 7525 7226 7223
f 7525 6929 7226
v 12919.813 -17816.426 362.495
f 7526 6928 7227
f 7526 7225 6928
f 7526 7227 7228
v 13041.578 -17785.573 365.531
v 13039.895 -17785.573 364.483
f 7527 7528 6933
v 13039.046 -17783.819 365.872
f 7527 7529 7528
f 7527 6933 7229
v 13038.194 -17785.573 363.463
f 7530 7231 6933
f 7530 6933 7528
f 7530 7528 7529
v 12914.751 -17816.426 365.531
f 7531 7228 6931
v 12917.283 -17818.180 365.872
f 7531 7532 7228
f 7531 6931 7230
v 13033.033 -17785.573 360.598
f 7533 6936 7231
f 7533 7234 7233
f 7533 7233 6936
v 12909.847 -17816.426 368.816
f 7534 7232 3720
f 7534 6934 7232
f 7534 7230 6934
v 13027.736 -17785.573 357.993
f 7535 6938 7234
f 7535 7235 6938
v 13028.824 -17783.819 360.305
f 7535 7234 7536
v 13022.316 -17785.573 355.656
f 7537 6939 7235
f 7537 7238 7236
f 7537 7236 6939
v 13014.949 -17785.573 352.975
f 7538 6940 7239
f 7538 7239 7238
f 7538 7240 6940
v 13009.295 -17785.573 351.281
v 13006.976 -17783.819 352.353
v 13007.377 -17785.573 350.776
f 7539 7540 7541
f 7539 7541 6942
f 7539 6942 7240
v 13005.451 -17785.573 350.302
f 7542 7541 7540
f 7542 7241 6942
f 7542 6942 7541
v 12999.675 -17785.573 349.086
f 7543 7242 6944
f 7543 6944 7241
f 7543 7244 7242
v 12880.899 -17816.426 398.013
f 7544 3832 3821
f 7544 3822 7245
f 7544 3821 3822
v 12991.924 -17785.573 347.917
f 7545 6946 7246
f 7545 7246 7244
f 7545 7249 6946
v 12877.656 -17816.426 402.945
f 7546 7245 6945
f 7546 6945 7247
f 7546 7247 7248
v 12986.045 -17785.573 347.378
f 7547 3902 3925
f 7547 3901 3902
f 7547 3925 7249
v 12874.663 -17816.426 408.033
v 12877.050 -17818.180 407.121
f 7548 7549 7248
f 7548 6948 7250
f 7548 7248 6948
v 12871.927 -17816.426 413.264
f 7550 7250 6950
f 7550 7251 7252
f 7550 6950 7251
v 12869.456 -17816.426 418.624
v 12871.739 -17818.180 417.479
f 7551 7552 7252
f 7551 6952 7253
f 7551 7252 6952
v 12968.352 -17785.573 347.522
f 7553 7257 6954
f 7553 7254 3915
f 7553 6954 7254
v 12867.254 -17816.426 424.101
f 7554 7253 6953
f 7554 6953 7255
f 7554 7255 7256
v 12962.484 -17785.573 348.158
f 7555 4001 4015
f 7555 4016 7257
f 7555 4015 4016
v 12865.328 -17816.426 429.681
f 7556 7256 6956
v 12867.487 -17818.180 428.314
f 7556 7557 7256
f 7556 6956 7258
v 12863.683 -17816.426 435.350
f 7558 7258 6958
f 7558 7259 7260
f 7558 6958 7259
v 12862.323 -17816.426 441.094
v 12864.334 -17818.180 439.519
f 7559 7560 7260
f 7559 7260 6960
f 7559 6960 7261
v 12861.250 -17816.426 446.899
f 7561 6961 7262
f 7561 7262 7263
f 7561 7261 6961
v 12935.817 -17785.573 354.948
f 7562 7265 4076
f 7562 4067 4055
f 7562 4076 4067
v 12860.468 -17816.426 452.749
v 12862.313 -17818.180 450.982
f 7563 7564 7263
f 7563 6963 7264
f 7563 7263 6963
v 12930.359 -17785.573 357.197
f 7565 6968 7265
f 7565 7268 6968
f 7565 7269 7268
v 12859.979 -17816.426 458.632
f 7566 7266 7267
f 7566 7264 6964
f 7566 6964 7266
v 12925.020 -17785.573 359.714
f 7567 6971 7269
f 7567 7271 6971
v 12927.505 -17783.819 360.305
f 7567 7269 7568
v 12859.784 -17816.426 464.531
f 7569 7267 6967
v 12861.443 -17818.180 462.589
f 7569 7570 7267
f 7569 6967 7270
v 12919.813 -17785.573 362.495
f 7571 7275 7274
f 7571 6974 7271
f 7571 7274 6974
v 12859.882 -17816.426 470.434
f 7572 6969 7272
f 7572 7270 6969
f 7572 7272 7273
v 12914.751 -17785.573 365.531
f 7573 7277 6977
v 12917.283 -17783.819 365.872
f 7573 7275 7574
f 7573 6977 7275
v 12860.275 -17816.426 476.323
f 7575 6973 7276
f 7575 7273 6973
v 12861.733 -17818.180 474.225
f 7575 7576 7273
v 12909.847 -17785.573 368.816
f 7577 7282 7280
f 7577 7280 6980
f 7577 6980 7277
v 12860.961 -17816.426 482.186
f 7578 7278 7279
f 7578 7276 6975
f 7578 6975 7278
v 12861.939 -17816.426 488.007
f 7579 6979 7283
f 7579 7279 6979
v 12863.181 -17818.180 485.775
f 7579 7580 7279
v 12903.598 -17785.573 373.550
f 7581 7284 7282
f 7581 7287 6982
f 7581 6982 7284
v 12863.205 -17816.426 493.773
f 7582 7285 7286
f 7582 6981 7285
f 7582 7283 6981
v 12899.107 -17785.573 377.381
f 7583 4298 7287
f 7583 4274 4288
f 7583 4288 4298
v 12864.757 -17816.426 499.468
f 7584 6984 7288
f 7584 7286 6984
v 12865.771 -17818.180 497.123
f 7584 7585 7286
v 12866.592 -17816.426 505.079
f 7586 6986 7289
f 7586 7289 4336
f 7586 7288 6986
v 12888.102 -17785.573 388.664
f 7587 4287 4273
f 7587 7290 4297
f 7587 4297 4287
v 12884.384 -17785.573 393.249
f 7588 6989 7290
f 7588 7292 7291
f 7588 7291 6989
v 12880.899 -17785.573 398.013
f 7589 7293 6992
v 12883.365 -17783.819 397.343
f 7589 7292 7590
f 7589 6992 7292
v 12877.656 -17785.573 402.945
f 7591 7295 7294
f 7591 7294 6994
f 7591 6994 7293
v 12873.737 -17785.573 409.734
f 7592 7297 7295
f 7592 7298 6996
f 7592 6996 7297
v 12871.087 -17785.573 415.009
f 7593 6998 7298
v 12871.739 -17783.819 417.479
v 12870.256 -17785.573 416.810
f 7593 7594 7595
f 7593 7595 6998
v 12869.456 -17785.573 418.624
f 7596 7300 6998
f 7596 7595 7594
f 7596 6998 7595
v 12886.857 -17816.426 540.852
f 7597 4436 7299
f 7597 4456 4446
f 7597 4446 4436
v 12867.254 -17785.573 424.101
f 7598 7003 7300
f 7598 7303 7003
f 7598 7304 7303
v 12890.726 -17816.426 545.310
f 7599 6999 7301
f 7599 7299 6999
f 7599 7301 7302
v 12894.813 -17816.426 549.569
f 7600 7002 7306
v 12894.582 -17818.180 547.025
f 7600 7601 7302
f 7600 7302 7002
v 12864.757 -17785.573 431.532
f 7602 7310 7005
f 7602 7005 7307
f 7602 7307 7304
v 12899.107 -17816.426 553.619
f 7603 7004 7308
f 7603 7306 7004
f 7603 7308 7309
v 12863.205 -17785.573 437.227
v 12862.748 -17785.573 439.157
f 7604 7605 7009
v 12864.334 -17783.819 439.519
f 7604 7606 7605
f 7604 7009 7310
v 12862.323 -17785.573 441.094
f 7607 7009 7605
f 7607 7605 7606
f 7607 7312 7009
v 12903.598 -17816.426 557.450
f 7608 7309 7007
f 7608 7007 7311
v 12903.114 -17818.180 554.942
f 7608 7609 7309
v 12861.250 -17785.573 446.899
f 7610 7316 7315
f 7610 7315 7014
f 7610 7014 7312
v 12908.274 -17816.426 561.053
f 7611 7313 7314
f 7611 7311 7010
f 7611 7010 7313
v 12860.468 -17785.573 452.749
f 7612 7017 7316
f 7612 7318 7017
v 12862.313 -17783.819 450.982
f 7612 7316 7613
v 12913.124 -17816.426 564.418
f 7614 7314 7013
v 12912.393 -17818.180 561.970
f 7614 7615 7314
f 7614 7013 7317
v 12859.979 -17785.573 458.632
f 7616 7322 7321
f 7616 7020 7318
f 7616 7321 7020
v 12918.135 -17816.426 567.537
f 7617 7319 7320
f 7617 7317 7015
f 7617 7015 7319
v 12859.784 -17785.573 464.531
v 12861.443 -17783.819 462.589
f 7618 7322 7619
f 7618 7023 7322
f 7618 7324 7023
v 12923.296 -17816.426 570.402
v 12922.325 -17818.180 568.039
f 7620 7621 7320
f 7620 7320 7019
f 7620 7019 7323
v 12859.882 -17785.573 470.434
f 7622 7327 7026
f 7622 7026 7324
f 7622 7328 7327
v 12928.593 -17816.426 573.007
f 7623 7021 7325
f 7623 7325 7326
f 7623 7323 7021
v 12860.275 -17785.573 476.323
f 7624 7029 7328
v 12861.733 -17783.819 474.225
f 7624 7328 7625
f 7624 7330 7029
v 12934.014 -17816.426 575.344
f 7626 7025 7329
v 12932.812 -17818.180 573.089
f 7626 7627 7326
f 7626 7326 7025
v 12860.961 -17785.573 482.186
f 7628 7336 7335
f 7628 7335 7031
f 7628 7031 7330
v 12939.544 -17816.426 577.408
f 7629 7331 7333
f 7629 7027 7331
f 7629 7329 7027
v 12861.939 -17785.573 488.007
f 7630 7035 7336
f 7630 7338 7035
v 12863.181 -17783.819 485.775
f 7630 7336 7631
v 12947.035 -17816.426 579.719
f 7632 7030 7337
f 7632 7333 7334
f 7632 7334 7030
v 12863.205 -17785.573 493.773
f 7633 7339 7037
f 7633 7037 7338
f 7633 7341 7339
v 12952.767 -17816.426 581.129
f 7634 7337 7033
v 12954.707 -17816.426 581.538
f 7634 7033 7635
v 12955.030 -17818.180 579.943
f 7634 7635 7636
v 12956.654 -17816.426 581.914
f 7637 7635 7033
f 7637 7033 7342
f 7637 7636 7635
v 12865.328 -17785.573 501.319
f 7638 7344 7039
f 7638 7039 7343
f 7638 7343 7341
v 12962.484 -17816.426 582.842
f 7639 7342 7038
f 7639 7038 6213
f 7639 6213 4769
v 12867.254 -17785.573 506.899
f 7640 7041 7344
v 12867.963 -17785.573 508.751
f 7640 7641 7041
v 12869.478 -17783.819 508.156
f 7640 7642 7641
v 12868.703 -17785.573 510.591
f 7643 7041 7641
f 7643 7345 7041
f 7643 7641 7642
v 12871.087 -17785.573 515.991
f 7644 7043 7345
f 7644 7346 7043
f 7644 7347 7346
v 12873.737 -17785.573 521.266
f 7645 7348 7045
v 12874.265 -17783.819 518.766
f 7645 7347 7646
f 7645 7045 7347
v 12876.646 -17785.573 526.402
f 7647 7046 7348
f 7647 7350 7349
f 7647 7349 7046
v 12880.899 -17785.573 532.987
f 7648 7047 7352
f 7648 7353 7047
f 7648 7352 7350
v 12884.384 -17785.573 537.751
v 12886.880 -17783.819 538.297
v 12885.607 -17785.573 539.312
f 7649 7650 7651
f 7649 7049 7353
f 7649 7651 7049
v 12886.857 -17785.573 540.852
f 7652 7651 7650
f 7652 7354 7049
f 7652 7049 7651
v 12890.726 -17785.573 545.310
f 7653 7357 7355
f 7653 7052 7354
f 7653 7355 7052
v 12896.200 -17785.573 550.921
f 7654 7359 7054
f 7654 7358 7357
f 7654 7054 7358
v 12900.560 -17785.573 554.901
v 12903.114 -17783.819 554.942
v 12902.068 -17785.573 556.188
f 7655 7656 7657
f 7655 7056 7359
f 7655 7657 7056
v 12903.598 -17785.573 557.450
f 7658 7657 7656
f 7658 7360 7056
f 7658 7056 7657
v 12908.274 -17785.573 561.053
f 7659 7362 7361
f 7659 7058 7360
f 7659 7361 7058
v 12913.124 -17785.573 564.418
f 7660 7060 7362
v 12912.393 -17783.819 561.970
f 7660 7362 7661
f 7660 7363 7060
v 12918.135 -17785.573 567.537
f 7662 7365 7364
f 7662 7061 7363
f 7662 7364 7061
v 12923.296 -17785.573 570.402
v 12922.325 -17783.819 568.039
f 7663 7365 7664
f 7663 7063 7365
f 7663 7366 7063
v 12928.593 -17785.573 573.007
f 7665 7064 7366
f 7665 7367 7064
f 7665 7368 7367
v 12935.817 -17785.573 576.052
f 7666 7065 7370
f 7666 7370 7368
f 7666 7371 7065
v 12941.380 -17785.573 578.025
f 7667 5017 5020
f 7667 5014 5017
f 7667 5020 7371
v 12993.653 -17818.180 581.226
f 7668 2231 7372
f 7668 7372 7069
f 7668 7069 7373
v 12999.402 -17818.180 580.310
v 13000.944 -17819.763 578.184
f 7669 7375 7670
f 7669 7071 7375
f 7669 7373 7071
v 13005.098 -17818.180 579.109
f 7671 7375 7374
f 7671 7072 7376
f 7671 7374 7072
v 13010.728 -17818.180 577.625
f 7672 7376 7074
v 13012.051 -17819.763 575.356
f 7672 7378 7673
f 7672 7074 7378
v 13016.276 -17818.180 575.862
f 7674 7378 7377
f 7674 7075 7379
f 7674 7377 7075
v 13021.730 -17818.180 573.826
f 7675 7379 7077
v 13022.821 -17819.763 571.436
f 7675 7381 7676
f 7675 7077 7381
v 13027.075 -17818.180 571.519
f 7677 7380 7078
f 7677 7078 7382
f 7677 7381 7380
v 13032.299 -17818.180 568.950
f 7678 7382 7080
f 7678 7080 7384
v 13033.147 -17819.763 566.464
f 7678 7384 7679
v 13037.388 -17818.180 566.123
f 7680 7384 7383
f 7680 7383 7081
f 7680 7081 7385
v 13042.330 -17818.180 563.045
v 13042.926 -17819.763 560.488
f 7681 7387 7682
f 7681 7385 7083
f 7681 7083 7387
v 13047.113 -17818.180 559.726
f 7683 7386 7084
f 7683 7084 7388
f 7683 7387 7386
v 13051.724 -17818.180 556.172
f 7684 7388 7086
f 7684 7086 7390
v 13052.062 -17819.763 553.567
f 7684 7390 7685
v 13056.152 -17818.180 552.393
f 7686 7389 7087
f 7686 7087 7391
f 7686 7390 7389
v 13060.386 -17818.180 548.397
f 7687 7089 7393
v 13060.463 -17819.763 545.772
f 7687 7393 7688
f 7687 7391 7089
v 13064.416 -17818.180 544.196
f 7689 7090 7394
f 7689 7393 7392
f 7689 7392 7090
v 13068.232 -17818.180 539.799
v 13068.047 -17819.763 537.179
f 7690 7396 7691
f 7690 7394 7092
f 7690 7092 7396
v 13071.823 -17818.180 535.217
f 7692 7396 7395
f 7692 7395 7093
f 7692 7093 7397
v 13075.182 -17818.180 530.462
v 13074.737 -17819.763 527.873
f 7693 7399 7694
f 7693 7095 7399
f 7693 7397 7095
v 13078.299 -17818.180 525.545
f 7695 7096 7400
f 7695 7398 7096
f 7695 7399 7398
v 13081.168 -17818.180 520.479
f 7696 7400 7098
v 13080.468 -17819.763 517.948
f 7696 7402 7697
f 7696 7098 7402
v 13083.780 -17818.180 515.276
f 7698 7402 7401
f 7698 7401 7099
f 7698 7099 7403
v 12993.653 -17783.819 581.226
f 7699 7405 7104
f 7699 7104 7404
f 7699 7404 2550
v 13086.130 -17818.180 509.950
v 13086.851 -17818.180 508.156
f 7700 7102 7701
v 13085.181 -17819.763 507.501
f 7700 7701 7702
f 7700 7403 7102
v 13092.511 -17814.519 501.333
f 7703 6794 7106
f 7703 7106 7406
f 7703 6793 6794
f 7703 7406 6792
f 7703 6792 6297
f 7703 6297 6793
v 12999.402 -17783.819 580.310
f 7704 7408 7108
v 13000.944 -17782.236 578.184
f 7704 7705 7408
f 7704 7108 7405
v 13088.043 -17818.180 504.984
f 7706 7701 7102
f 7706 7102 7103
f 7706 7103 7406
v 13005.098 -17783.819 579.109
f 7707 7408 7705
f 7707 7407 7408
f 7707 7109 7407
f 7707 7409 7109
v 13089.875 -17818.180 499.458
f 7708 7406 7106
v 13090.558 -17818.180 497.123
f 7708 7106 7709
v 13088.832 -17819.763 496.637
f 7708 7709 7710
v 13095.511 -17814.519 489.770
f 7711 7412 7410
f 7711 6796 6304
f 7711 6798 6799
f 7711 6799 7412
f 7711 7410 6796
f 7711 6304 6798
v 13010.728 -17783.819 577.625
f 7712 2682 2693
f 7712 2670 2682
f 7712 2693 7409
v 13091.429 -17818.180 493.848
f 7713 7106 7105
f 7713 7105 7410
f 7713 7709 7106
v 13092.701 -17818.180 488.167
f 7714 7410 7412
v 13091.382 -17819.763 485.463
f 7714 7413 7715
f 7714 7412 7413
v 13093.760 -17818.180 481.934
f 7716 7411 7111
f 7716 7413 7411
f 7716 7111 7414
v 13027.075 -17783.819 571.519
f 7717 2681 2669
f 7717 7415 2681
f 7717 2669 2659
f 7717 7115 7415
f 7717 7418 7115
f 7717 2659 2705
v 13094.435 -17818.180 476.152
v 13092.807 -17819.763 474.091
f 7718 7417 7719
f 7718 7113 7417
f 7718 7414 7113
v 13032.299 -17783.819 568.950
f 7720 7418 7717
v 13034.004 -17783.819 568.039
f 7720 7721 7121
v 13033.147 -17782.236 566.464
f 7720 2705 7722
f 7720 7121 7418
f 7720 7722 7721
f 7720 7717 2705
v 13094.822 -17818.180 470.343
f 7723 7417 7416
f 7723 7416 7114
f 7723 7114 7419
v 13035.695 -17783.819 567.101
f 7724 7121 7721
f 7724 7420 7121
f 7724 7721 7722
v 13094.918 -17818.180 464.522
v 13094.886 -17818.180 462.589
v 13093.093 -17819.763 462.634
f 7725 7726 7727
f 7725 7118 7726
f 7725 7419 7118
v 13040.687 -17783.819 564.107
f 7728 7422 7123
f 7728 7424 7422
f 7728 7123 7420
v 13094.822 -17818.180 460.657
f 7729 7118 7421
f 7729 7727 7726
f 7729 7726 7118
v 13045.525 -17783.819 560.868
f 7730 7429 7423
f 7730 7423 7424
v 13042.926 -17782.236 560.488
f 7730 7424 7731
v 13094.435 -17818.180 454.848
f 7732 7122 7425
f 7732 7425 7427
f 7732 7421 7122
v 13050.195 -17783.819 557.391
f 7733 7433 7431
f 7733 7431 7127
f 7733 7127 7429
v 13093.468 -17818.180 447.132
f 7734 7124 7430
f 7734 7428 7124
f 7734 7427 7428
v 13056.152 -17783.819 552.393
v 13052.062 -17782.236 553.567
f 7735 7433 7736
f 7735 7437 7129
f 7735 7129 7434
f 7735 7434 7433
v 13092.410 -17818.180 441.407
v 13090.246 -17819.763 439.918
f 7737 7436 7738
f 7737 7126 7436
f 7737 7430 7126
v 13060.386 -17783.819 548.397
v 13060.463 -17782.236 545.772
v 13061.748 -17783.819 547.025
f 7739 7740 7741
f 7739 7132 7437
f 7739 7741 7132
v 13091.067 -17818.180 435.742
f 7742 7435 7128
f 7742 7436 7435
f 7742 7128 7438
v 13063.055 -17783.819 545.663
f 7743 7741 7740
f 7743 7442 7132
f 7743 7132 7741
v 13089.443 -17818.180 430.152
f 7744 7439 7441
f 7744 7438 7439
v 13087.142 -17819.763 428.886
f 7744 7441 7745
v 13066.945 -17783.819 541.331
f 7746 7445 7444
f 7746 7444 7135
f 7746 7135 7442
v 13087.543 -17818.180 424.649
f 7747 7130 7443
f 7747 7440 7130
f 7747 7441 7440
v 13070.642 -17783.819 536.776
f 7748 7138 7445
f 7748 7448 7138
v 13068.047 -17782.236 537.179
f 7748 7445 7749
v 13085.370 -17818.180 419.248
f 7750 7443 7134
f 7750 7134 7447
v 13082.955 -17819.763 418.217
f 7750 7447 7751
v 13074.080 -17783.819 532.078
f 7752 7451 7450
f 7752 7144 7448
f 7752 7450 7144
v 13082.932 -17818.180 413.961
f 7753 7446 7140
f 7753 7447 7446
f 7753 7140 7449
v 13077.255 -17783.819 527.253
f 7754 7454 7147
f 7754 7147 7451
v 13074.737 -17782.236 527.873
f 7754 7451 7755
v 13080.232 -17818.180 408.803
v 13077.726 -17819.763 408.018
f 7756 7453 7757
f 7756 7143 7453
f 7756 7449 7143
v 13080.210 -17783.819 522.236
f 7758 7150 7454
f 7758 7456 7150
f 7758 7457 7456
v 13077.279 -17818.180 403.786
f 7759 7452 7145
f 7759 7453 7452
f 7759 7145 7455
v 13083.780 -17783.819 515.276
f 7760 7155 7458
f 7760 7458 7457
f 7760 7461 7155
v 13074.080 -17818.180 398.922
f 7761 7149 7460
f 7761 7455 7149
v 13071.508 -17819.763 398.391
f 7761 7460 7762
v 13086.130 -17783.819 509.950
v 13085.181 -17782.236 507.501
f 7763 7764 7464
f 7763 7464 7159
f 7763 7159 7461
v 13070.642 -17818.180 394.224
f 7765 7460 7459
f 7765 7154 7462
f 7765 7459 7154
v 13088.212 -17783.819 504.513
f 7766 7463 7464
f 7766 7161 7463
f 7766 7467 7161
v 13066.974 -17818.180 389.703
f 7767 7157 7466
v 13064.362 -17819.763 389.430
f 7767 7466 7768
f 7767 7462 7157
v 13090.019 -17783.819 498.979
f 7769 7471 7163
v 13088.832 -17782.236 496.637
f 7769 7770 7471
f 7769 7163 7467
v 13063.086 -17818.180 385.371
f 7771 7466 7465
f 7771 7465 7160
f 7771 7160 7468
v 13091.549 -17783.819 493.362
f 7772 7165 7470
f 7772 7470 7471
f 7772 7474 7165
v 13058.986 -17818.180 381.237
f 7773 7468 7469
v 13056.360 -17819.763 381.226
f 7773 7473 7774
f 7773 7469 7473
v 13092.797 -17783.819 487.676
f 7775 7478 7167
v 13091.382 -17782.236 485.463
f 7775 7776 7478
f 7775 7167 7474
v 13054.686 -17818.180 377.313
f 7777 7164 7475
f 7777 7472 7164
f 7777 7473 7472
v 13093.760 -17783.819 481.934
f 7778 7169 7477
f 7778 7477 7478
f 7778 7481 7169
v 13050.195 -17818.180 373.609
v 13047.580 -17819.763 373.859
f 7779 7480 7780
f 7779 7475 7476
f 7779 7476 7480
v 13094.435 -17783.819 476.152
f 7781 7174 7481
v 13094.596 -17783.819 474.225
f 7781 7782 7174
v 13092.807 -17782.236 474.091
f 7781 7783 7782
v 13045.525 -17818.180 370.132
f 7784 7480 7479
f 7784 7479 7168
f 7784 7168 7482
v 13094.722 -17783.819 472.342
f 7785 7174 7782
f 7785 7485 7174
f 7785 7782 7783
v 13040.687 -17818.180 366.893
f 7786 7482 7172
v 13038.111 -17819.763 367.402
f 7786 7484 7787
f 7786 7172 7484
v 13094.918 -17783.819 466.523
f 7788 7181 7485
f 7788 3222 7487
f 7788 7487 7181
v 13035.695 -17818.180 363.899
f 7789 7176 7486
f 7789 7483 7176
f 7789 7484 7483
v 13030.559 -17818.180 361.158
f 7790 7486 7180
v 13028.046 -17819.763 361.921
f 7790 7489 7791
f 7790 7180 7489
v 13025.293 -17818.180 358.676
f 7792 7489 7488
f 7792 7184 7490
f 7792 7488 7184
v 13093.689 -17783.819 448.571
v 13094.915 -17785.573 445.897
f 7793 7794 3235
f 7793 3220 3209
f 7793 3235 3220
v 13019.909 -17818.180 356.460
v 13017.485 -17819.763 357.469
f 7795 7492 7796
f 7795 7490 7186
f 7795 7186 7492
v 13092.701 -17783.819 442.833
f 7797 3317 3318
f 7797 3318 7190
v 13096.575 -17787.480 447.110
f 7798 3235 7794
f 7798 3243 3235
f 7798 6885 3243
v 13014.422 -17818.180 354.515
f 7799 7492 7491
f 7799 7491 7187
f 7799 7187 7493
v 13096.080 -17787.480 444.163
f 7800 7797 7190
f 7800 7794 7797
f 7800 7798 7794
f 7800 7190 6888
v 13008.845 -17818.180 352.845
v 13006.533 -17819.763 354.091
f 7801 7495 7802
f 7801 7493 7189
f 7801 7189 7495
v 13003.191 -17818.180 351.456
f 7803 7495 7494
f 7803 7494 7191
f 7803 7191 7496
v 13088.043 -17783.819 426.016
v 13088.716 -17785.573 423.152
f 7804 7805 3331
f 7804 3316 3305
f 7804 3331 3316
v 12997.476 -17818.180 350.350
f 7806 7496 7193
f 7806 7193 7498
v 12995.299 -17819.763 351.820
f 7806 7498 7807
v 13085.939 -17783.819 420.588
v 13084.590 -17783.819 417.479
f 7808 7809 7196
f 7808 7196 7195
v 13090.583 -17787.480 424.012
f 7810 6894 3340
f 7810 3331 7805
f 7810 3340 3331
v 12991.712 -17818.180 349.531
f 7811 7497 7194
f 7811 7498 7497
f 7811 7194 7499
v 13089.514 -17787.480 421.222
f 7812 7805 7808
f 7812 7195 6896
f 7812 7810 7805
f 7812 7808 7195
v 13083.566 -17783.819 415.271
v 13083.951 -17785.573 412.355
f 7813 7814 7196
f 7813 7196 7809
v 13082.955 -17782.236 418.217
f 7813 7809 7815
v 12985.914 -17818.180 349.000
f 7816 7499 7500
v 12983.895 -17819.763 350.679
f 7816 7502 7817
f 7816 7500 7502
v 13080.931 -17783.819 410.080
f 7818 7505 7201
f 7818 7201 7200
v 13085.894 -17787.480 413.025
f 7819 6899 7196
f 7819 7196 7814
f 7819 6898 6899
v 12980.098 -17818.180 348.758
f 7820 7502 7501
f 7820 7501 7197
f 7820 7197 7503
v 13084.552 -17787.480 410.355
f 7821 7814 7818
f 7821 7819 7814
f 7821 7200 6903
f 7821 7818 7200
v 13077.279 -17783.819 403.786
f 7822 7504 7505
f 7822 7203 7504
f 7822 7508 7203
v 12974.276 -17818.180 348.807
f 7823 7199 7507
f 7823 7503 7199
v 12972.434 -17819.763 350.679
f 7823 7507 7824
v 13074.080 -17783.819 398.922
f 7825 7208 7508
v 13072.965 -17783.819 397.343
f 7825 7826 7208
v 13071.508 -17782.236 398.391
f 7825 7827 7826
v 12968.464 -17818.180 349.146
f 7828 7507 7506
f 7828 7202 7509
f 7828 7506 7202
v 13071.823 -17783.819 395.783
f 7829 7208 7826
f 7829 7826 7827
f 7829 7512 7208
v 12962.677 -17818.180 349.774
f 7830 7205 7511
v 12961.030 -17819.763 351.820
f 7830 7511 7831
f 7830 7509 7205
v 13068.232 -17783.819 391.201
f 7832 7516 7514
f 7832 7213 7512
f 7832 7514 7213
v 12956.928 -17818.180 350.690
f 7833 7511 7510
f 7833 7510 7209
f 7833 7209 7513
v 13064.078 -17783.819 386.435
v 13064.362 -17782.236 389.430
f 7834 7516 7835
f 7834 7515 7516
v 13063.586 -17785.573 383.535
f 7834 7836 7515
v 12951.231 -17818.180 351.891
v 12949.796 -17819.763 354.091
f 7837 7518 7838
f 7837 7513 7212
f 7837 7212 7518
v 13060.030 -17783.819 382.251
v 13057.580 -17783.819 379.911
f 7839 7840 7218
f 7839 7218 7217
v 13065.640 -17787.480 383.602
f 7841 6918 6916
f 7841 6916 7515
f 7841 7515 7836
v 12945.602 -17818.180 353.375
f 7842 7518 7517
f 7842 7517 7214
f 7842 7214 7519
v 13063.571 -17787.480 381.447
f 7843 7836 7839
f 7843 7839 7217
f 7843 7841 7836
f 7843 7217 6921
v 13055.779 -17783.819 378.274
f 7844 7218 7840
v 13055.001 -17785.573 375.437
f 7844 7845 7218
v 13056.360 -17782.236 381.226
f 7844 7840 7846
v 12940.053 -17818.180 355.138
v 12938.845 -17819.763 357.469
f 7847 7521 7848
f 7847 7519 7216
f 7847 7216 7521
v 13051.335 -17783.819 374.514
v 13048.663 -17783.819 372.429
f 7849 7850 7223
f 7849 7223 7222
v 13057.051 -17787.480 375.300
f 7851 7218 7845
f 7851 6924 7218
f 7851 6923 6924
v 12934.599 -17818.180 357.174
f 7852 7219 7522
f 7852 7520 7219
f 7852 7521 7520
v 13054.778 -17787.480 373.361
f 7853 7851 7845
f 7853 7849 7222
f 7853 7845 7849
f 7853 7222 6927
v 13047.113 -17783.819 371.274
f 7854 7223 7850
v 13047.580 -17782.236 373.859
f 7854 7850 7855
f 7854 7525 7223
v 12929.254 -17818.180 359.481
f 7856 7522 7221
f 7856 7221 7524
v 12928.284 -17819.763 361.921
f 7856 7524 7857
v 13042.330 -17783.819 367.955
f 7858 7529 7527
f 7858 7229 7525
f 7858 7527 7229
v 12924.030 -17818.180 362.050
f 7859 7523 7225
f 7859 7524 7523
f 7859 7225 7526
v 13035.695 -17783.819 363.899
f 7860 7530 7529
f 7860 7231 7530
f 7860 7533 7231
v 12918.941 -17818.180 364.877
f 7861 7526 7228
v 12918.219 -17819.763 367.402
f 7861 7532 7862
f 7861 7228 7532
v 13030.559 -17783.819 361.158
f 7863 7234 7533
f 7863 7536 7234
v 13028.046 -17782.236 361.921
f 7863 7864 7536
v 12913.999 -17818.180 367.955
f 7865 7532 7531
f 7865 7230 7534
f 7865 7531 7230
v 13025.293 -17783.819 358.676
f 7866 7537 7235
f 7866 7535 7536
f 7866 7235 7535
v 12909.216 -17818.180 371.274
f 7867 7534 3720
f 7867 3732 3742
f 7867 3720 3732
v 13019.909 -17783.819 356.460
f 7868 7238 7537
v 13018.098 -17783.819 355.784
f 7868 7869 7238
v 13017.485 -17782.236 357.469
f 7868 7870 7869
v 13016.276 -17783.819 355.138
f 7871 7538 7238
f 7871 7238 7869
f 7871 7869 7870
v 13010.728 -17783.819 353.375
f 7872 7539 7240
f 7872 7240 7538
f 7872 7540 7539
v 13003.191 -17783.819 351.456
f 7873 7542 7540
f 7873 7543 7241
f 7873 7241 7542
v 12997.476 -17783.819 350.350
f 7874 7244 7543
v 12995.299 -17782.236 351.820
v 12995.566 -17783.819 350.046
f 7874 7875 7876
f 7874 7876 7244
v 12993.653 -17783.819 349.774
f 7877 7545 7244
f 7877 7876 7875
f 7877 7244 7876
v 12987.865 -17783.819 349.146
f 7878 7249 7545
f 7878 3901 7547
f 7878 7547 7249
v 12881.147 -17818.180 400.538
f 7879 3832 7544
f 7879 7245 7546
f 7879 7544 7245
v 12878.030 -17818.180 405.455
v 12878.603 -17819.763 408.018
f 7880 7549 7881
f 7880 7248 7549
f 7880 7546 7248
v 12875.161 -17818.180 410.521
f 7882 7549 7548
f 7882 7250 7550
f 7882 7548 7250
v 12970.415 -17783.819 349.000
f 7883 7553 3915
f 7883 3900 3890
f 7883 3915 3900
v 12872.549 -17818.180 415.724
f 7884 7252 7552
f 7884 7550 7252
v 12873.375 -17819.763 418.217
f 7884 7552 7885
v 12964.617 -17783.819 349.531
f 7886 7257 7553
f 7886 4001 7555
f 7886 7555 7257
v 12870.199 -17818.180 421.050
f 7887 7552 7551
f 7887 7253 7554
f 7887 7551 7253
v 12868.118 -17818.180 426.487
f 7888 7256 7557
f 7888 7554 7256
v 12869.187 -17819.763 428.886
f 7888 7557 7889
v 12866.310 -17818.180 432.021
f 7890 7556 7258
f 7890 7557 7556
f 7890 7258 7558
v 12864.780 -17818.180 437.638
f 7891 7260 7560
v 12866.083 -17819.763 439.918
f 7891 7560 7892
f 7891 7558 7260
v 12863.532 -17818.180 443.324
f 7893 7560 7559
f 7893 7559 7261
f 7893 7261 7561
v 12934.599 -17783.819 357.174
f 7894 7265 7562
f 7894 7565 7265
f 7894 7562 4055
v 12862.569 -17818.180 449.066
f 7895 7263 7564
v 12864.093 -17819.763 451.205
f 7895 7564 7896
f 7895 7561 7263
v 12929.254 -17783.819 359.481
v 12928.284 -17782.236 361.921
f 7897 7898 7568
f 7897 7568 7269
f 7897 7269 7565
v 12861.894 -17818.180 454.848
f 7899 7563 7264
f 7899 7564 7563
f 7899 7264 7566
v 12924.030 -17783.819 362.050
f 7900 7271 7567
f 7900 7567 7568
f 7900 7571 7271
v 12861.507 -17818.180 460.657
f 7901 7267 7570
v 12863.237 -17819.763 462.634
f 7901 7570 7902
f 7901 7566 7267
v 12918.941 -17783.819 364.877
f 7903 7574 7275
f 7903 7275 7571
v 12918.219 -17782.236 367.402
f 7903 7904 7574
v 12861.411 -17818.180 466.478
f 7905 7270 7572
f 7905 7570 7569
f 7905 7569 7270
v 12913.999 -17783.819 367.955
f 7906 7577 7277
f 7906 7573 7574
f 7906 7574 7904
f 7906 7277 7573
v 12861.605 -17818.180 472.296
v 12863.522 -17819.763 474.091
f 7907 7576 7908
f 7907 7273 7576
f 7907 7572 7273
v 12909.216 -17783.819 371.274
v 12908.749 -17782.236 373.859
v 12907.666 -17783.819 372.429
f 7909 7910 7911
f 7909 7911 7282
f 7909 7282 7577
v 12862.089 -17818.180 478.098
f 7912 7276 7578
f 7912 7575 7276
f 7912 7576 7575
v 12906.135 -17783.819 373.609
f 7913 7581 7282
f 7913 7911 7910
f 7913 7282 7911
v 12862.861 -17818.180 483.868
v 12864.947 -17819.763 485.463
f 7914 7580 7915
f 7914 7578 7279
f 7914 7279 7580
v 12901.644 -17783.819 377.313
f 7916 7583 7287
f 7916 4274 7583
f 7916 7287 7581
v 12863.920 -17818.180 489.593
f 7917 7283 7582
f 7917 7579 7283
f 7917 7580 7579
v 12865.263 -17818.180 495.258
v 12867.498 -17819.763 496.637
f 7918 7585 7919
f 7918 7582 7286
f 7918 7286 7585
v 12866.886 -17818.180 500.848
f 7920 7584 7288
f 7920 7585 7584
f 7920 7288 7586
v 12888.098 -17783.819 391.201
f 7921 7290 7587
f 7921 7588 7290
f 7921 7587 4273
v 12868.787 -17818.180 506.351
f 7922 7586 4336
f 7922 4336 4356
f 7922 4356 4357
v 12884.506 -17783.819 395.783
f 7923 7292 7588
f 7923 7590 7292
v 12884.821 -17782.236 398.391
f 7923 7924 7590
v 12881.147 -17783.819 400.538
f 7925 7589 7590
f 7925 7591 7293
f 7925 7293 7589
v 12878.030 -17783.819 405.455
f 7926 7295 7591
v 12878.603 -17782.236 408.018
v 12877.050 -17783.819 407.121
f 7926 7927 7928
f 7926 7928 7295
v 12876.097 -17783.819 408.803
f 7929 7592 7295
f 7929 7928 7927
f 7929 7295 7928
v 12873.398 -17783.819 413.961
f 7930 7298 7592
f 7930 7593 7298
f 7930 7594 7593
v 12870.199 -17783.819 421.050
f 7931 7300 7596
f 7931 7598 7300
f 7931 7596 7594
v 12868.118 -17783.819 426.487
v 12869.187 -17782.236 428.886
v 12867.487 -17783.819 428.314
f 7932 7933 7934
f 7932 7304 7598
f 7932 7934 7304
v 12889.355 -17818.180 541.297
f 7935 7299 7599
f 7935 7597 7299
f 7935 4456 7597
v 12866.886 -17783.819 430.152
f 7936 7934 7933
f 7936 7602 7304
f 7936 7304 7934
v 12893.243 -17818.180 545.629
f 7937 7302 7601
f 7937 7599 7302
v 12895.866 -17819.763 545.772
f 7937 7601 7938
v 12865.263 -17783.819 435.742
f 7939 7310 7602
f 7939 7606 7604
f 7939 7604 7310
v 12897.343 -17818.180 549.763
f 7940 7306 7603
f 7940 7601 7600
f 7940 7600 7306
v 12863.532 -17783.819 443.324
f 7941 7607 7606
f 7941 7312 7607
f 7941 7610 7312
v 12901.644 -17818.180 553.687
v 12904.267 -17819.763 553.567
f 7942 7609 7943
f 7942 7309 7609
f 7942 7603 7309
v 12862.569 -17783.819 449.066
v 12864.093 -17782.236 451.205
f 7944 7945 7613
f 7944 7316 7610
f 7944 7613 7316
v 12906.135 -17818.180 557.391
f 7946 7608 7311
f 7946 7609 7608
f 7946 7311 7611
v 12861.894 -17783.819 454.848
f 7947 7616 7318
f 7947 7612 7613
f 7947 7318 7612
v 12910.805 -17818.180 560.868
f 7948 7314 7615
f 7948 7611 7314
v 12913.403 -17819.763 560.488
f 7948 7615 7949
v 12861.507 -17783.819 460.657
f 7950 7619 7322
v 12863.237 -17782.236 462.634
f 7950 7951 7619
f 7950 7322 7616
v 12915.642 -17818.180 564.107
f 7952 7614 7317
f 7952 7615 7614
f 7952 7317 7617
v 12861.411 -17783.819 466.478
f 7953 7324 7618
f 7953 7622 7324
f 7953 7618 7619
v 12920.635 -17818.180 567.101
f 7954 7617 7320
f 7954 7320 7621
v 12923.183 -17819.763 566.464
f 7954 7621 7955
v 12861.605 -17783.819 472.296
f 7956 7328 7622
f 7956 7625 7328
v 12863.522 -17782.236 474.091
f 7956 7957 7625
v 12925.771 -17818.180 569.842
f 7958 7620 7323
f 7958 7621 7620
f 7958 7323 7623
v 12862.089 -17783.819 478.098
f 7959 7330 7624
f 7959 7628 7330
f 7959 7624 7625
v 12931.037 -17818.180 572.324
v 12933.509 -17819.763 571.436
f 7960 7627 7961
f 7960 7326 7627
f 7960 7623 7326
v 12862.861 -17783.819 483.868
f 7962 7336 7628
f 7962 7631 7336
v 12864.947 -17782.236 485.463
f 7962 7963 7631
v 12936.420 -17818.180 574.540
f 7964 7627 7626
f 7964 7329 7629
f 7964 7626 7329
v 12863.920 -17783.819 489.593
f 7965 7338 7630
f 7965 7633 7338
f 7965 7630 7631
v 12941.907 -17818.180 576.485
v 12943.750 -17818.180 577.070
v 12944.279 -17819.763 575.356
f 7966 7967 7968
f 7966 7629 7333
f 7966 7333 7967
v 12945.602 -17818.180 577.625
f 7969 7968 7967
f 7969 7333 7632
f 7969 7967 7333
v 12865.263 -17783.819 495.258
f 7970 7341 7633
v 12865.771 -17783.819 497.123
f 7970 7971 7341
v 12867.498 -17782.236 496.637
f 7970 7972 7971
v 12866.310 -17783.819 498.979
f 7973 7638 7341
f 7973 7341 7971
f 7973 7971 7972
v 12951.231 -17818.180 579.109
f 7974 7632 7337
f 7974 7634 7636
f 7974 7337 7634
v 12868.118 -17783.819 504.513
f 7975 7344 7638
f 7975 7640 7344
f 7975 7642 7640
v 12958.854 -17818.180 580.650
f 7976 7342 7639
f 7976 7637 7342
f 7976 7636 7637
v 12870.959 -17783.819 511.752
f 7977 7345 7643
f 7977 7644 7345
f 7977 7643 7642
v 12964.617 -17818.180 581.469
f 7978 7639 4769
f 7978 4769 4778
f 7978 4778 4787
v 12873.398 -17783.819 517.039
v 12875.862 -17782.236 517.948
f 7979 7980 7646
f 7979 7347 7644
f 7979 7646 7347
v 12876.097 -17783.819 522.197
f 7981 7645 7646
f 7981 7348 7645
f 7981 7647 7348
v 12879.050 -17783.819 527.214
f 7982 7350 7647
v 12880.085 -17783.819 528.846
f 7982 7983 7350
v 12881.592 -17782.236 527.873
f 7982 7984 7983
v 12881.147 -17783.819 530.462
f 7985 7984 4861
f 7985 7648 7350
f 7985 7350 7983
f 7985 7983 7984
v 12884.506 -17783.819 535.217
v 12888.282 -17782.236 537.179
f 7986 7987 7650
f 7986 4861 4860
f 7986 7650 7649
f 7986 7648 7985
f 7986 4860 7987
f 7986 7985 4861
f 7986 7649 7353
f 7986 7353 7648
v 12889.355 -17783.819 541.297
f 7988 7354 7652
f 7988 7652 7650
f 7988 7653 7354
v 12893.243 -17783.819 545.629
f 7989 7357 7653
v 12894.582 -17783.819 547.025
f 7989 7990 7357
v 12895.866 -17782.236 545.772
f 7989 7991 7990
v 12895.943 -17783.819 548.397
f 7992 7357 7990
f 7992 7990 7991
f 7992 7654 7357
v 12900.177 -17783.819 552.393
f 7993 7656 7655
f 7993 7359 7654
f 7993 7655 7359
v 12906.135 -17783.819 557.391
f 7994 7658 7656
f 7994 7360 7658
f 7994 7659 7360
v 12910.805 -17783.819 560.868
v 12913.403 -17782.236 560.488
f 7995 7996 7661
f 7995 7661 7362
f 7995 7362 7659
v 12915.642 -17783.819 564.107
f 7997 7660 7661
f 7997 7363 7660
f 7997 7662 7363
v 12920.635 -17783.819 567.101
f 7998 7365 7662
f 7998 7664 7365
v 12923.183 -17782.236 566.464
f 7998 7999 7664
v 12925.771 -17783.819 569.842
f 8000 7366 7663
f 8000 7665 7366
f 8000 7663 7664
v 12931.037 -17783.819 572.324
f 8001 7368 7665
v 12932.812 -17783.819 573.089
f 8001 8002 7368
v 12933.509 -17782.236 571.436
f 8001 8003 8002
v 12934.599 -17783.819 573.826
f 8004 7368 8002
f 8004 8002 8003
f 8004 7666 7368
v 12940.053 -17783.819 575.862
f 8005 7371 7666
f 8005 5014 7667
f 8005 7667 7371
v 12991.515 -17819.763 579.686
f 8006 2231 7668
f 8006 2237 2234
f 8006 2234 2231
v 12997.190 -17819.763 578.879
f 8007 7668 7373
f 8007 7669 7670
f 8007 7373 7669
v 13002.818 -17819.763 577.789
f 8008 7670 7375
v 13000.559 -17821.160 576.280
f 8008 8009 7670
f 8008 7375 7671
v 13008.384 -17819.763 576.421
f 8010 7672 7673
f 8010 7671 7376
f 8010 7376 7672
v 13013.876 -17819.763 574.777
f 8011 7378 7674
f 8011 7673 7378
v 13011.478 -17821.160 573.500
f 8011 8012 7673
v 13019.278 -17819.763 572.861
f 8013 7674 7379
f 8013 7379 7675
f 8013 7675 7676
v 13024.579 -17819.763 570.678
f 8014 7676 7381
v 13022.066 -17821.160 569.646
f 8014 8015 7676
f 8014 7381 7677
v 13029.764 -17819.763 568.234
f 8016 7677 7382
f 8016 7382 7678
f 8016 7678 7679
v 13034.820 -17819.763 565.534
f 8017 7384 7680
v 13032.217 -17821.160 564.758
f 8017 8018 7679
f 8017 7679 7384
v 13039.736 -17819.763 562.586
f 8019 7680 7385
f 8019 7681 7682
f 8019 7385 7681
v 13044.499 -17819.763 559.396
f 8020 7682 7387
v 13041.832 -17821.160 558.882
f 8020 8021 7682
f 8020 7387 7683
v 13049.097 -17819.763 555.973
f 8022 7388 7684
f 8022 7684 7685
f 8022 7683 7388
v 13053.518 -17819.763 552.324
f 8023 7685 7390
v 13050.813 -17821.160 552.079
f 8023 8024 7685
f 8023 7390 7686
v 13057.753 -17819.763 548.460
f 8025 7686 7391
f 8025 7391 7687
f 8025 7687 7688
v 13061.789 -17819.763 544.390
f 8026 7393 7689
v 13059.073 -17821.160 544.416
f 8026 8027 7688
f 8026 7688 7393
v 13065.617 -17819.763 540.124
f 8028 7394 7690
f 8028 7689 7394
f 8028 7690 7691
v 13069.228 -17819.763 535.672
f 8029 7691 7396
f 8029 7396 7692
v 13066.528 -17821.160 535.968
f 8029 8030 7691
v 13072.613 -17819.763 531.046
f 8031 7693 7694
f 8031 7692 7397
f 8031 7397 7693
v 13075.763 -17819.763 526.256
v 13073.105 -17821.160 526.819
f 8032 8033 7694
f 8032 7399 7695
f 8032 7694 7399
v 13078.670 -17819.763 521.316
f 8034 7400 7696
f 8034 7695 7400
f 8034 7696 7697
v 12991.515 -17782.236 579.686
f 8035 7699 2550
f 8035 2550 2537
f 8035 2537 2526
v 13081.327 -17819.763 516.237
f 8036 7402 7698
f 8036 7697 7402
v 13078.739 -17821.160 517.061
f 8036 8037 7697
v 12997.190 -17782.236 578.879
f 8038 7705 7704
f 8038 7405 7699
f 8038 7704 7405
v 13083.728 -17819.763 511.031
f 8039 7700 7702
f 8039 7698 7403
f 8039 7403 7700
v 13085.780 -17819.763 505.944
f 8040 7702 7701
v 13083.373 -17821.160 506.791
f 8040 8041 7702
f 8040 7701 7706
v 13087.662 -17819.763 500.529
f 8042 7706 7406
f 8042 7406 7708
f 8042 7708 7710
v 13008.384 -17782.236 576.421
f 8043 2660 2670
f 8043 2670 7712
f 8043 7409 7707
f 8043 7712 7409
v 13089.272 -17819.763 495.028
f 8044 7709 7713
v 13086.962 -17821.160 496.111
f 8044 8045 7710
f 8044 7710 7709
v 13090.605 -17819.763 489.453
f 8046 7714 7715
f 8046 7713 7410
f 8046 7410 7714
v 13091.699 -17819.763 483.575
f 8047 7413 7716
v 13089.469 -17821.160 485.126
f 8047 8048 7715
f 8047 7715 7413
v 13092.458 -17819.763 477.893
f 8049 7716 7414
f 8049 7718 7719
f 8049 7414 7718
v 13092.934 -17819.763 472.181
f 8050 7719 7417
v 13090.870 -17821.160 473.946
f 8050 8051 7719
f 8050 7417 7723
v 13036.469 -17782.236 564.582
f 8052 7420 7724
f 8052 7724 7722
f 8052 7728 7420
v 13093.124 -17819.763 466.452
f 8053 7419 7725
f 8053 7723 7419
f 8053 7725 7727
v 13041.335 -17782.236 561.553
f 8054 7424 7728
v 13041.832 -17780.839 558.882
f 8054 8055 7731
f 8054 7731 7424
v 13046.044 -17782.236 558.285
f 8056 7429 7730
f 8056 7733 7429
f 8056 7730 7731
v 13092.934 -17819.763 458.819
f 8057 7421 7732
f 8057 7727 7729
f 8057 7729 7421
v 13050.585 -17782.236 554.786
f 8058 7736 7433
f 8058 7433 7733
v 13050.813 -17780.839 552.079
f 8058 8059 7736
v 13092.458 -17819.763 453.107
f 8060 7732 7427
v 13092.236 -17819.763 451.205
f 8060 7427 8061
v 13090.309 -17821.160 451.447
f 8060 8061 8062
v 13091.982 -17819.763 449.307
f 8063 7427 7734
f 8063 8061 7427
f 8063 8062 8061
v 13057.753 -17782.236 548.460
f 8064 7740 7739
f 8064 7739 7437
f 8064 7437 7735
v 13059.073 -17780.839 544.416
f 8064 8065 7740
v 13091.034 -17819.763 443.654
f 8066 7430 7737
f 8066 7737 7738
f 8066 7734 7430
v 13089.804 -17819.763 438.055
f 8067 7738 7436
f 8067 7436 7742
v 13088.352 -17821.160 440.350
f 8067 8068 7738
v 13063.068 -17782.236 543.011
f 8069 7743 7740
f 8069 7746 7442
f 8069 7442 7743
v 13088.298 -17819.763 432.524
f 8070 7742 7438
f 8070 7438 7744
f 8070 7744 7745
v 13066.826 -17782.236 538.683
v 13066.528 -17780.839 535.968
f 8071 8072 7749
f 8071 7445 7746
f 8071 7749 7445
v 13086.517 -17819.763 427.076
f 8073 7745 7441
f 8073 7441 7747
v 13085.300 -17821.160 429.504
f 8073 8074 7745
v 13070.378 -17782.236 534.155
f 8075 7748 7749
f 8075 7752 7448
f 8075 7448 7748
v 13084.467 -17819.763 421.723
f 8076 7747 7443
f 8076 7443 7750
f 8076 7750 7751
v 13073.685 -17782.236 529.473
f 8077 7755 7451
v 13073.105 -17780.839 526.819
f 8077 8078 7755
f 8077 7451 7752
v 13082.153 -17819.763 416.478
f 8079 7751 7447
v 13081.184 -17821.160 419.016
f 8079 8080 7751
f 8079 7447 7753
v 13076.744 -17782.236 524.651
f 8081 7758 7454
f 8081 7454 7754
f 8081 7754 7755
v 13079.580 -17819.763 411.356
f 8082 7756 7757
f 8082 7449 7756
f 8082 7753 7449
v 13079.569 -17782.236 519.664
v 13078.739 -17780.839 517.061
v 13080.468 -17782.236 517.948
f 8083 8084 8085
f 8083 8085 7457
f 8083 7457 7758
v 13081.327 -17782.236 516.237
f 8086 8085 8084
f 8086 7457 8085
f 8086 7760 7457
v 13076.755 -17819.763 406.368
f 8087 7453 7759
f 8087 7757 7453
v 13076.044 -17821.160 408.989
f 8087 8088 7757
v 13083.728 -17782.236 511.031
f 8089 7760 8086
f 8089 7764 7763
f 8089 7461 7760
f 8089 7763 7461
v 13073.685 -17819.763 401.527
f 8090 7455 7761
f 8090 7759 7455
f 8090 7761 7762
v 13085.866 -17782.236 505.713
f 8091 7464 7764
f 8091 7766 7464
v 13083.373 -17780.839 506.791
f 8091 7764 8092
v 13070.378 -17819.763 396.845
f 8093 7460 7765
v 13069.931 -17821.160 399.525
f 8093 8094 7762
f 8093 7762 7460
v 13087.737 -17782.236 500.294
f 8095 7467 7766
f 8095 7770 7769
f 8095 7766 8091
f 8095 7769 7467
v 13066.841 -17819.763 392.334
f 8096 7462 7767
f 8096 7767 7768
f 8096 7765 7462
v 13089.335 -17782.236 494.789
f 8097 7471 7770
f 8097 7772 7471
v 13086.962 -17780.839 496.111
f 8097 7770 8098
v 13063.084 -17819.763 388.005
v 13062.906 -17821.160 390.716
f 8099 8100 7768
f 8099 7768 7466
f 8099 7466 7771
v 13090.657 -17782.236 489.212
f 8101 7474 7772
f 8101 7775 7474
f 8101 7776 7775
f 8101 7772 8097
v 13059.115 -17819.763 383.869
f 8102 7771 7468
f 8102 7468 7773
f 8102 7773 7774
v 13091.699 -17782.236 483.575
f 8103 7778 7478
f 8103 7478 7776
v 13089.469 -17780.839 485.126
f 8103 7776 8104
v 13054.946 -17819.763 379.935
v 13055.039 -17821.160 382.650
f 8105 8106 7774
f 8105 7473 7777
f 8105 7774 7473
v 13092.458 -17782.236 477.893
f 8107 7781 7481
f 8107 7778 8103
f 8107 7783 7781
f 8107 7481 7778
v 13050.585 -17819.763 376.214
f 8108 7475 7779
f 8108 7777 7475
f 8108 7779 7780
v 13046.044 -17819.763 372.715
v 13046.407 -17821.160 375.407
f 8109 8110 7780
f 8109 7780 7480
f 8109 7480 7784
v 13093.028 -17782.236 470.302
f 8111 7788 7485
f 8111 7785 7783
f 8111 7485 7785
v 13041.335 -17819.763 369.447
f 8112 7784 7482
f 8112 7482 7786
f 8112 7786 7787
v 13093.125 -17782.236 464.571
f 8113 7788 8111
f 8113 3222 7788
f 8113 3200 3210
f 8113 3210 3222
v 13036.469 -17819.763 366.418
v 13037.098 -17821.160 369.060
f 8114 8115 7787
f 8114 7787 7484
f 8114 7484 7789
v 13031.457 -17819.763 363.635
f 8116 7486 7790
f 8116 7790 7791
f 8116 7789 7486
v 13026.314 -17819.763 361.105
f 8117 7489 7792
f 8117 7791 7489
v 13027.203 -17821.160 363.671
f 8117 8118 7791
v 13021.050 -17819.763 358.835
f 8119 7795 7796
f 8119 7490 7795
f 8119 7792 7490
v 13090.605 -17782.236 441.547
f 8120 3317 7797
f 8120 3306 3317
f 8120 3295 3306
v 13015.680 -17819.763 356.830
f 8121 7796 7492
f 8121 7492 7799
v 13016.820 -17821.160 359.295
f 8121 8122 7796
v 13097.517 -17789.521 445.137
f 8123 6885 7798
f 8123 7798 7800
f 8123 7800 6888
f 8123 6431 6885
f 8123 6888 6431
v 13010.217 -17819.763 355.095
f 8124 7799 7493
f 8124 7801 7802
f 8124 7493 7801
v 13004.674 -17819.763 353.634
f 8125 7802 7495
f 8125 7495 7803
v 13006.053 -17821.160 355.974
f 8125 8126 7802
v 12999.064 -17819.763 352.452
f 8127 7806 7807
f 8127 7803 7496
f 8127 7496 7806
v 13083.630 -17782.236 419.743
f 8128 7809 7808
v 13081.184 -17780.839 419.016
f 8128 8129 7815
f 8128 7815 7809
v 12993.404 -17819.763 351.551
v 12995.010 -17821.160 353.741
f 8130 8131 7807
f 8130 7498 7811
f 8130 7807 7498
v 13091.116 -17789.521 421.892
f 8132 6444 6894
f 8132 6896 6444
f 8132 6894 7810
f 8132 7812 6896
f 8132 7810 7812
v 13081.218 -17782.236 414.542
f 8133 7818 7814
f 8133 7814 7813
f 8133 7813 7815
v 12987.705 -17819.763 350.933
f 8134 7816 7817
f 8134 7499 7816
f 8134 7811 7499
v 13078.550 -17782.236 409.469
v 13077.726 -17782.236 408.018
f 8135 8136 7505
v 13076.044 -17780.839 408.989
f 8135 8137 8136
f 8135 7818 8133
f 8135 7505 7818
v 13076.755 -17782.236 406.368
f 8138 7505 8136
f 8138 8136 8137
f 8138 7822 7505
v 12981.982 -17819.763 350.600
f 8139 7817 7502
v 12983.798 -17821.160 352.619
f 8139 8140 7817
f 8139 7502 7820
v 13086.213 -17789.521 410.862
f 8141 6898 7819
f 8141 7821 6903
f 8141 6900 6898
f 8141 7819 7821
f 8141 6903 6900
v 13073.685 -17782.236 401.527
f 8142 7508 7822
f 8142 7827 7825
f 8142 7825 7508
v 12976.250 -17819.763 350.552
f 8143 7820 7503
f 8143 7823 7824
f 8143 7503 7823
v 12970.523 -17819.763 350.791
f 8144 7824 7507
f 8144 7507 7828
v 12972.531 -17821.160 352.619
f 8144 8145 7824
v 13069.228 -17782.236 395.328
f 8146 7829 7827
f 8146 7832 7512
f 8146 7512 7829
v 12964.814 -17819.763 351.314
f 8147 7830 7831
f 8147 7509 7830
f 8147 7828 7509
v 13065.617 -17782.236 390.876
f 8148 7835 7516
v 13062.906 -17780.839 390.716
f 8148 8149 7835
f 8148 7516 7832
v 12959.139 -17819.763 352.121
v 12961.320 -17821.160 353.741
f 8150 8151 7831
f 8150 7511 7833
f 8150 7831 7511
v 12953.512 -17819.763 353.211
f 8152 7833 7513
f 8152 7513 7837
f 8152 7837 7838
v 13057.575 -17782.236 382.369
v 13055.039 -17780.839 382.650
f 8153 8154 7846
f 8153 7846 7840
f 8153 7840 7839
v 12947.945 -17819.763 354.579
v 12950.276 -17821.160 355.974
f 8155 8156 7838
f 8155 7838 7518
f 8155 7518 7842
v 13065.308 -17789.521 381.442
f 8157 6921 6482
f 8157 7841 7843
f 8157 6482 6918
f 8157 7843 6921
f 8157 6918 7841
v 12942.454 -17819.763 356.223
f 8158 7842 7519
f 8158 7519 7847
f 8158 7847 7848
v 13048.903 -17782.236 374.876
v 13046.407 -17780.839 375.407
f 8159 8160 7855
f 8159 7850 7849
f 8159 7855 7850
v 12937.051 -17819.763 358.139
v 12939.509 -17821.160 359.295
f 8161 8162 7848
f 8161 7521 7852
f 8161 7848 7521
v 13044.499 -17782.236 371.604
f 8163 7858 7525
f 8163 7525 7854
f 8163 7855 8160
f 8163 7854 7855
v 13056.505 -17789.521 373.183
f 8164 7851 7853
f 8164 6927 6490
f 8164 6923 7851
f 8164 7853 6927
f 8164 6490 6923
v 12931.751 -17819.763 360.322
f 8165 7856 7857
f 8165 7522 7856
f 8165 7852 7522
v 13039.736 -17782.236 368.414
f 8166 7529 7858
v 13037.098 -17780.839 369.060
v 13038.111 -17782.236 367.402
f 8166 8167 8168
f 8166 8168 7529
v 13036.469 -17782.236 366.418
f 8169 7860 7529
f 8169 8168 8167
f 8169 7529 8168
v 12926.566 -17819.763 362.766
v 12929.127 -17821.160 363.671
f 8170 8171 7857
f 8170 7524 7859
f 8170 7857 7524
v 13031.457 -17782.236 363.635
f 8172 7533 7860
f 8172 7863 7533
f 8172 7864 7863
v 12921.509 -17819.763 365.466
f 8173 7526 7861
f 8173 7859 7526
f 8173 7861 7862
v 13026.314 -17782.236 361.105
f 8174 7536 7864
v 13027.203 -17780.839 363.671
f 8174 7864 8175
f 8174 7866 7536
v 12916.593 -17819.763 368.414
f 8176 7862 7532
v 12919.231 -17821.160 369.060
f 8176 8177 7862
f 8176 7532 7865
v 13021.050 -17782.236 358.835
f 8178 7870 7868
f 8178 7537 7866
f 8178 7868 7537
v 12911.830 -17819.763 371.604
f 8179 7867 3742
f 8179 7534 7867
f 8179 7865 7534
v 13013.876 -17782.236 356.223
f 8180 7871 7870
f 8180 7872 7538
f 8180 7538 7871
v 13008.384 -17782.236 354.579
f 8181 7540 7872
v 13006.053 -17780.839 355.974
v 13006.533 -17782.236 354.091
f 8181 8182 8183
f 8181 8183 7540
v 13004.674 -17782.236 353.634
f 8184 8183 8182
f 8184 7873 7540
f 8184 7540 8183
v 12999.064 -17782.236 352.452
f 8185 7874 7543
f 8185 7875 7874
f 8185 7543 7873
v 12991.515 -17782.236 351.314
f 8186 7878 7545
f 8186 7545 7877
f 8186 7877 7875
v 12985.807 -17782.236 350.791
f 8187 3901 7878
f 8187 3880 3901
f 8187 3879 3880
v 12883.717 -17819.763 399.954
f 8188 3853 3842
f 8188 3832 7879
f 8188 3842 3832
v 12880.567 -17819.763 404.744
f 8189 7879 7546
f 8189 7880 7881
f 8189 7546 7880
v 12877.660 -17819.763 409.684
f 8190 7881 7549
f 8190 7549 7882
v 12880.286 -17821.160 408.989
f 8190 8191 7881
v 12875.002 -17819.763 414.763
f 8192 7882 7550
f 8192 7884 7885
f 8192 7550 7884
v 12962.926 -17782.236 351.551
f 8193 3980 4001
f 8193 4001 7886
f 8193 3979 3980
v 12872.602 -17819.763 419.969
v 12875.145 -17821.160 419.016
f 8194 8195 7885
f 8194 7885 7552
f 8194 7552 7887
v 12870.463 -17819.763 425.287
f 8196 7887 7554
f 8196 7554 7888
f 8196 7888 7889
v 12868.593 -17819.763 430.706
f 8197 7557 7890
f 8197 7889 7557
v 12871.029 -17821.160 429.504
f 8197 8198 7889
v 12866.995 -17819.763 436.211
f 8199 7558 7891
f 8199 7890 7558
f 8199 7891 7892
v 12937.051 -17782.236 358.139
f 8200 4055 4042
f 8200 7894 4055
f 8200 4042 4032
v 12865.673 -17819.763 441.788
v 12867.977 -17821.160 440.350
f 8201 8202 7892
f 8201 7892 7560
f 8201 7560 7893
v 12931.751 -17782.236 360.322
f 8203 7565 7894
f 8203 7897 7565
f 8203 7898 7897
f 8203 7894 8200
v 12864.631 -17819.763 447.425
f 8204 7893 7561
f 8204 7561 7895
f 8204 7895 7896
v 12926.566 -17782.236 362.766
f 8205 7568 7898
f 8205 7900 7568
v 12929.127 -17780.839 363.671
f 8205 7898 8206
v 12863.871 -17819.763 453.107
v 12866.021 -17821.160 451.447
f 8207 8208 7896
f 8207 7564 7899
f 8207 7896 7564
v 12921.509 -17782.236 365.466
f 8209 7904 7903
f 8209 7903 7571
f 8209 7571 7900
v 12863.395 -17819.763 458.819
f 8210 7899 7566
f 8210 7566 7901
f 8210 7901 7902
v 12863.205 -17819.763 464.548
f 8211 7570 7905
v 12865.179 -17821.160 462.682
f 8211 8212 7902
f 8211 7902 7570
v 12911.830 -17782.236 371.604
f 8213 7910 7909
f 8213 7909 7577
f 8213 7577 7906
v 12863.300 -17819.763 470.280
f 8214 7905 7572
f 8214 7572 7907
f 8214 7907 7908
v 12863.681 -17819.763 475.999
v 12865.460 -17821.160 473.946
f 8215 8216 7908
f 8215 7908 7576
f 8215 7576 7912
v 12905.744 -17782.236 376.214
f 8217 7916 7581
v 12909.922 -17780.839 375.407
f 8217 7910 8218
f 8217 7913 7910
f 8217 7581 7913
v 12864.347 -17819.763 481.693
f 8219 7912 7578
f 8219 7578 7914
f 8219 7914 7915
v 12901.384 -17782.236 379.935
f 8220 4253 4252
f 8220 4252 4274
f 8220 4274 7916
v 12865.296 -17819.763 487.346
f 8221 7580 7917
f 8221 7915 7580
v 12866.861 -17821.160 485.126
f 8221 8222 7915
v 12866.525 -17819.763 492.945
f 8223 7918 7919
f 8223 7582 7918
f 8223 7917 7582
v 12890.712 -17782.236 390.876
f 8224 4273 4263
f 8224 7921 4273
f 8224 4263 4251
v 12868.032 -17819.763 498.476
f 8225 7585 7920
f 8225 7919 7585
v 12869.368 -17821.160 496.111
f 8225 8226 7919
v 12887.101 -17782.236 395.328
f 8227 7588 7921
f 8227 7923 7588
f 8227 7924 7923
v 12869.812 -17819.763 503.924
f 8228 7920 7586
f 8228 7586 7922
f 8228 7922 4357
v 12883.717 -17782.236 399.954
v 12886.399 -17780.839 399.525
f 8229 7924 8230
f 8229 7925 7590
f 8229 7590 7924
v 12880.567 -17782.236 404.744
f 8231 7927 7926
f 8231 7591 7925
f 8231 7926 7591
v 12876.749 -17782.236 411.356
f 8232 7930 7592
f 8232 7592 7929
f 8232 7929 7927
v 12874.177 -17782.236 416.478
f 8233 7594 7930
v 12875.145 -17780.839 419.016
v 12873.375 -17782.236 418.217
f 8233 8234 8235
f 8233 8235 7594
v 12872.602 -17782.236 419.969
f 8236 7931 7594
f 8236 8235 8234
f 8236 7594 8235
v 12870.463 -17782.236 425.287
f 8237 7598 7931
f 8237 7931 8236
f 8237 7933 7932
f 8237 7932 7598
v 12889.489 -17819.763 538.666
f 8238 4476 4466
f 8238 4456 7935
f 8238 4466 4456
v 12868.032 -17782.236 432.524
f 8239 7936 7933
f 8239 7602 7936
f 8239 7939 7602
v 12893.246 -17819.763 542.995
f 8240 7937 7938
f 8240 7935 7599
f 8240 7599 7937
v 12866.525 -17782.236 438.055
v 12867.977 -17780.839 440.350
v 12866.083 -17782.236 439.918
f 8241 8242 8243
f 8241 8243 7606
f 8241 7606 7939
v 12865.673 -17782.236 441.788
f 8244 8243 8242
f 8244 7606 8243
f 8244 7941 7606
v 12897.214 -17819.763 547.131
f 8245 7601 7940
v 12897.257 -17821.160 544.416
f 8245 8246 7938
f 8245 7938 7601
v 12864.631 -17782.236 447.425
f 8247 7610 7941
f 8247 7945 7944
f 8247 7944 7610
f 8247 7941 8244
v 12901.384 -17819.763 551.065
f 8248 7940 7603
f 8248 7603 7942
f 8248 7942 7943
v 12863.871 -17782.236 453.107
f 8249 7613 7945
f 8249 7947 7613
v 12866.021 -17780.839 451.447
f 8249 7945 8250
v 12905.744 -17819.763 554.786
f 8251 7609 7946
f 8251 7943 7609
v 12905.516 -17821.160 552.079
f 8251 8252 7943
v 12863.395 -17782.236 458.819
f 8253 7951 7950
f 8253 7950 7616
f 8253 7947 8249
f 8253 7616 7947
v 12910.285 -17819.763 558.285
f 8254 7946 7611
f 8254 7948 7949
f 8254 7611 7948
v 12863.205 -17782.236 464.548
f 8255 7619 7951
v 12865.179 -17780.839 462.682
f 8255 7951 8256
f 8255 7953 7619
v 12914.994 -17819.763 561.553
v 12914.498 -17821.160 558.882
f 8257 8258 7949
f 8257 7615 7952
f 8257 7949 7615
v 12863.300 -17782.236 470.280
f 8259 7953 8255
f 8259 7622 7953
f 8259 7957 7956
f 8259 7956 7622
v 12919.861 -17819.763 564.582
f 8260 7954 7955
f 8260 7952 7617
f 8260 7617 7954
v 12863.681 -17782.236 475.999
v 12865.460 -17780.839 473.946
f 8261 7957 8262
f 8261 7625 7957
f 8261 7959 7625
v 12924.872 -17819.763 567.365
v 12924.112 -17821.160 564.758
f 8263 8264 7955
f 8263 7621 7958
f 8263 7955 7621
v 12864.347 -17782.236 481.693
f 8265 7959 8261
f 8265 7628 7959
f 8265 7962 7628
f 8265 7963 7962
v 12930.016 -17819.763 569.895
f 8266 7960 7961
f 8266 7958 7623
f 8266 7623 7960
v 12865.296 -17782.236 487.346
f 8267 7965 7631
v 12866.861 -17780.839 485.126
f 8267 7963 8268
f 8267 7631 7963
v 12935.279 -17819.763 572.165
f 8269 7961 7627
f 8269 7627 7964
v 12934.263 -17821.160 569.646
f 8269 8270 7961
v 12866.525 -17782.236 492.945
f 8271 7972 7970
f 8271 7633 7965
f 8271 7970 7633
v 12940.649 -17819.763 574.170
f 8272 7629 7966
f 8272 7964 7629
f 8272 7966 7968
v 12868.593 -17782.236 500.294
f 8273 7973 7972
f 8273 7638 7973
f 8273 7975 7638
v 12869.368 -17780.839 496.111
f 8273 7972 8274
v 12947.945 -17819.763 576.421
f 8275 7968 7969
f 8275 7969 7632
f 8275 7632 7974
v 12870.463 -17782.236 505.713
f 8276 7642 7975
v 12872.956 -17780.839 506.791
v 12871.148 -17782.236 507.501
f 8276 8277 8278
f 8276 8278 7642
v 12953.512 -17819.763 577.789
f 8279 7974 7636
v 12955.385 -17819.763 578.184
v 12955.770 -17821.160 576.280
f 8279 8280 8281
f 8279 7636 8280
v 12871.862 -17782.236 509.277
f 8282 7977 7642
f 8282 8278 8277
f 8282 7642 8278
v 12957.265 -17819.763 578.548
f 8283 7636 7976
f 8283 8281 8280
f 8283 8280 7636
v 12874.177 -17782.236 514.522
f 8284 7644 7977
f 8284 7979 7644
f 8284 7980 7979
v 12962.926 -17819.763 579.449
f 8285 7978 4787
f 8285 7639 7978
f 8285 7976 7639
v 12876.749 -17782.236 519.644
f 8286 7646 7980
v 12877.590 -17780.839 517.061
f 8286 7980 8287
f 8286 7981 7646
v 12879.574 -17782.236 524.632
f 8288 7647 7981
f 8288 7984 7982
f 8288 7982 7647
v 12889.489 -17782.236 538.666
f 8289 7650 7987
f 8289 7988 7650
f 8289 7987 4860
v 12893.246 -17782.236 542.995
f 8290 7989 7653
f 8290 7653 7988
f 8290 7991 7989
v 12898.577 -17782.236 548.460
f 8291 7992 7991
f 8291 7654 7992
f 8291 7993 7654
v 12902.811 -17782.236 552.324
v 12904.267 -17782.236 553.567
f 8292 8293 7656
f 8292 7656 7993
v 12905.516 -17780.839 552.079
f 8292 8294 8293
v 12905.744 -17782.236 554.786
f 8295 7656 8293
f 8295 8293 8294
f 8295 7994 7656
v 12910.285 -17782.236 558.285
f 8296 7659 7994
f 8296 7995 7659
f 8296 7994 8295
f 8296 7996 7995
v 12914.994 -17782.236 561.553
f 8297 7661 7996
v 12914.498 -17780.839 558.882
f 8297 7996 8298
f 8297 7997 7661
v 12919.861 -17782.236 564.582
f 8299 7999 7998
f 8299 7662 7997
f 8299 7998 7662
f 8299 7997 8297
v 12924.872 -17782.236 567.365
v 12924.112 -17780.839 564.758
f 8300 7999 8301
f 8300 7664 7999
f 8300 8000 7664
v 12930.016 -17782.236 569.895
f 8302 8001 7665
f 8302 8003 8001
f 8302 7665 8000
f 8302 8000 8300
v 12937.051 -17782.236 572.861
f 8303 8004 8003
f 8303 7666 8004
f 8303 8005 7666
v 12942.454 -17782.236 574.777
f 8304 5014 8005
f 8304 5011 5014
f 8304 5008 5011
v 12993.151 -17821.160 577.523
f 8305 7668 8007
f 8305 2237 8006
f 8305 8006 7668
v 12998.717 -17821.160 576.637
v 13000.149 -17822.356 574.249
f 8306 8009 8307
f 8306 7670 8009
f 8306 8007 7670
v 13004.231 -17821.160 575.474
f 8308 7671 8010
f 8308 8008 7671
f 8308 8009 8008
v 13009.680 -17821.160 574.038
f 8309 8010 7673
v 13010.867 -17822.356 571.520
f 8309 8012 8310
f 8309 7673 8012
v 13015.051 -17821.160 572.332
f 8311 7674 8013
f 8311 8011 7674
f 8311 8012 8011
v 13020.331 -17821.160 570.361
f 8312 8013 7676
v 13021.261 -17822.356 567.737
f 8312 8015 8313
f 8312 7676 8015
v 13025.505 -17821.160 568.129
f 8314 7677 8016
f 8314 8014 7677
f 8314 8015 8014
v 13030.562 -17821.160 565.641
f 8315 8016 7679
f 8315 7679 8018
v 13031.226 -17822.356 562.938
f 8315 8018 8316
v 13035.488 -17821.160 562.905
f 8317 8018 8017
f 8317 7680 8019
f 8317 8017 7680
v 13040.272 -17821.160 559.927
v 13040.664 -17822.356 557.170
f 8318 8021 8319
f 8318 8019 7682
f 8318 7682 8021
v 13044.902 -17821.160 556.714
f 8320 8020 7683
f 8320 7683 8022
f 8320 8021 8020
v 13049.366 -17821.160 553.274
v 13049.481 -17822.356 550.492
f 8321 8024 8322
f 8321 8022 7685
f 8321 7685 8024
v 13053.652 -17821.160 549.615
f 8323 8023 7686
f 8323 7686 8025
f 8323 8024 8023
v 13057.751 -17821.160 545.748
v 13057.589 -17822.356 542.969
f 8324 8027 8325
f 8324 8025 7688
f 8324 7688 8027
v 13061.652 -17821.160 541.681
f 8326 8026 7689
f 8326 7689 8028
f 8326 8027 8026
v 13065.346 -17821.160 537.425
v 13064.908 -17822.356 534.676
f 8327 8030 8328
f 8327 8028 7691
f 8327 7691 8030
v 13068.823 -17821.160 532.990
f 8329 8030 8029
f 8329 8029 7692
f 8329 7692 8031
v 13072.074 -17821.160 528.387
f 8330 7694 8033
v 13071.365 -17822.356 525.695
f 8330 8033 8331
f 8330 8031 7694
v 13075.092 -17821.160 523.628
f 8332 8032 7695
f 8332 8033 8032
f 8332 7695 8034
v 13077.869 -17821.160 518.724
v 13076.895 -17822.356 516.116
f 8333 8037 8334
f 8333 8034 7697
f 8333 7697 8037
v 12993.151 -17780.839 577.523
f 8335 8038 7699
f 8335 8035 2526
f 8335 7699 8035
v 13080.398 -17821.160 513.688
f 8336 8036 7698
f 8336 7698 8039
f 8336 8037 8036
v 12998.717 -17780.839 576.637
v 13000.149 -17779.643 574.249
v 13000.559 -17780.839 576.280
f 8337 8338 8339
f 8337 7705 8038
f 8337 8339 7705
v 13082.673 -17821.160 508.533
f 8340 7702 8041
f 8340 8039 7702
v 13081.444 -17822.356 506.034
f 8340 8041 8341
v 13004.231 -17780.839 575.474
f 8342 7707 7705
f 8342 7705 8339
f 8342 8043 7707
v 13084.647 -17821.160 503.384
f 8343 8041 8040
f 8343 8040 7706
f 8343 7706 8042
f 8343 8341 8041
v 13079.414 -17823.340 505.237
f 8343 8344 8341
v 13086.403 -17821.160 498.029
v 13084.967 -17822.356 495.549
f 8345 8045 8346
f 8345 8042 7710
f 8345 7710 8045
v 13087.890 -17821.160 492.593
f 8347 8346 8045
f 8347 8045 8044
f 8347 7713 8046
v 13082.868 -17823.340 494.959
f 8347 8348 8346
f 8347 8044 7713
v 13089.104 -17821.160 487.090
f 8349 7715 8048
f 8349 8046 7715
v 13087.428 -17822.356 484.766
f 8349 8048 8350
v 13090.060 -17821.160 481.414
f 8351 7716 8049
f 8351 8048 8047
f 8351 8047 7716
v 13033.858 -17780.839 563.846
f 8352 7722 2705
f 8352 2705 2696
f 8352 8052 7722
v 13090.714 -17821.160 475.816
v 13088.804 -17822.356 473.791
f 8353 8051 8354
f 8353 7719 8051
f 8353 8049 7719
v 13038.691 -17780.839 560.948
f 8355 8055 8054
f 8355 7728 8052
f 8355 8054 7728
v 13091.088 -17821.160 470.193
f 8356 8051 8050
f 8356 8050 7723
f 8356 7723 8053
v 13043.374 -17780.839 557.812
v 13040.664 -17779.643 557.170
f 8357 8055 8358
f 8357 7731 8055
f 8357 8056 7731
v 13091.182 -17821.160 464.559
v 13091.151 -17821.160 462.682
f 8359 7727 8360
v 13089.079 -17822.356 462.734
f 8359 8360 8361
f 8359 8053 7727
v 13091.088 -17821.160 460.807
f 8362 8360 7727
f 8362 8361 8360
f 8362 7727 8057
v 13047.894 -17780.839 554.447
f 8363 8058 7733
f 8363 7733 8056
f 8363 8059 8058
v 13090.714 -17821.160 455.184
f 8364 8057 7732
f 8364 7732 8060
f 8364 8060 8062
v 13053.652 -17780.839 549.615
f 8365 8064 7735
v 13049.481 -17779.643 550.492
f 8365 8059 8366
v 13048.080 -17778.659 548.821
f 8365 8366 8367
f 8365 7735 7736
f 8365 7736 8059
v 13089.779 -17821.160 447.725
f 8368 7734 8066
f 8368 8063 7734
f 8368 8062 8063
v 13060.364 -17780.839 543.069
v 13057.589 -17779.643 542.969
f 8369 8065 8370
f 8369 7740 8065
v 13056.028 -17778.659 541.446
f 8369 8370 8371
f 8369 8069 7740
v 13088.755 -17821.160 442.184
f 8372 8066 7738
f 8372 7738 8068
v 13086.332 -17822.356 440.811
f 8372 8068 8373
v 13064.129 -17780.839 538.875
f 8374 7746 8069
f 8374 8072 8071
f 8374 8369 8371
f 8374 8069 8369
f 8374 8071 7746
v 13087.455 -17821.160 436.700
f 8375 8067 7742
f 8375 8068 8067
f 8375 7742 8070
v 13067.686 -17780.839 534.491
f 8376 7749 8072
f 8376 8075 7749
v 13064.908 -17779.643 534.676
f 8376 8072 8377
v 13085.883 -17821.160 431.288
v 13083.336 -17822.356 430.164
f 8378 8074 8379
f 8378 8070 7745
f 8378 7745 8074
v 13071.014 -17780.839 529.942
f 8380 7752 8075
f 8380 8077 7752
f 8380 8078 8077
v 13084.044 -17821.160 425.961
f 8381 8073 7747
f 8381 7747 8076
f 8381 8074 8073
v 13074.105 -17780.839 525.244
v 13071.365 -17779.643 525.695
f 8382 8078 8383
f 8382 8081 7755
f 8382 7755 8078
v 13081.942 -17821.160 420.733
f 8384 8076 7751
v 13079.295 -17822.356 419.868
f 8384 8080 8385
f 8384 7751 8080
v 13076.963 -17780.839 520.387
f 8386 8083 7758
f 8386 8084 8083
f 8386 7758 8081
v 13079.581 -17821.160 415.616
f 8387 8080 8079
f 8387 8079 7753
f 8387 7753 8082
v 13076.969 -17821.160 410.623
f 8388 8082 7757
v 13074.249 -17822.356 410.025
f 8388 8088 8389
f 8388 7757 8088
v 13074.110 -17821.160 405.766
f 8390 8088 8087
f 8390 7759 8090
f 8390 8087 7759
v 13082.673 -17780.839 508.533
f 8391 7764 8089
v 13081.444 -17779.643 506.034
f 8391 8392 8092
f 8391 8092 7764
v 13071.014 -17821.160 401.058
v 13068.248 -17822.356 400.734
f 8393 8094 8394
f 8393 7762 8094
f 8393 8090 7762
v 13067.686 -17821.160 396.509
f 8395 8093 7765
f 8395 7765 8096
f 8395 8094 8093
v 13086.438 -17780.839 497.913
v 13084.967 -17779.643 495.549
f 8396 8397 8098
f 8396 7770 8095
f 8396 8098 7770
v 13064.136 -17821.160 392.133
f 8398 7768 8100
f 8398 8096 7768
v 13061.352 -17822.356 392.087
f 8398 8100 8399
v 13060.372 -17821.160 387.939
f 8400 7771 8102
f 8400 8099 7771
f 8400 8100 8099
v 13089.127 -17780.839 486.971
v 13087.428 -17779.643 484.766
f 8401 8402 8104
f 8401 8104 7776
f 8401 7776 8101
v 13056.404 -17821.160 383.938
f 8403 7774 8106
v 13053.629 -17822.356 384.169
f 8403 8106 8404
f 8403 8102 7774
v 13052.241 -17821.160 380.139
f 8405 8106 8105
f 8405 8105 7777
f 8405 7777 8108
v 13090.714 -17780.839 475.816
v 13088.804 -17779.643 473.791
v 13090.870 -17780.839 473.946
f 8406 8407 8408
f 8406 8408 7783
f 8406 7783 8107
v 13090.994 -17780.839 472.084
f 8409 8111 7783
f 8409 8408 8407
f 8409 7783 8408
v 13047.894 -17821.160 376.553
f 8410 7780 8110
v 13045.156 -17822.356 377.059
f 8410 8110 8411
f 8410 8108 7780
v 13043.374 -17821.160 373.188
f 8412 8109 7784
f 8412 7784 8112
f 8412 8110 8109
v 13038.691 -17821.160 370.052
f 8413 7787 8115
f 8413 8112 7787
v 13036.017 -17822.356 370.828
f 8413 8115 8414
v 13033.858 -17821.160 367.154
f 8415 7789 8116
f 8415 8115 8114
f 8415 8114 7789
v 13028.887 -17821.160 364.500
f 8416 8116 7791
v 13026.304 -17822.356 365.538
f 8416 8118 8417
f 8416 7791 8118
v 13089.608 -17780.839 446.682
f 8418 7793 3209
f 8418 3209 3199
v 13023.789 -17821.160 362.097
f 8419 8118 8117
f 8419 7792 8119
f 8419 8117 7792
v 13018.578 -17821.160 359.951
f 8420 8119 7796
v 13016.111 -17822.356 361.242
f 8420 8122 8421
f 8420 7796 8122
v 13013.267 -17821.160 358.068
f 8422 8122 8121
f 8422 7799 8124
f 8422 8121 7799
v 13007.868 -17821.160 356.452
f 8423 8124 7802
f 8423 7802 8126
v 13005.542 -17822.356 357.982
f 8423 8126 8424
v 13083.670 -17780.839 424.973
f 8425 3305 3294
f 8425 7804 3305
v 13002.396 -17821.160 355.107
f 8426 8126 8125
f 8426 7803 8127
f 8426 8125 7803
v 13080.346 -17780.839 417.202
f 8427 8133 7815
f 8427 7815 8129
v 13079.295 -17779.643 419.868
f 8427 8129 8428
v 12996.863 -17821.160 354.036
f 8429 8127 7807
f 8429 7807 8131
v 12994.701 -17822.356 355.790
f 8429 8131 8430
v 12991.284 -17821.160 353.243
f 8431 8130 7811
f 8431 7811 8134
f 8431 8131 8130
v 12985.672 -17821.160 352.729
f 8432 8134 7817
f 8432 7817 8140
v 12983.695 -17822.356 354.689
f 8432 8140 8433
v 13074.110 -17780.839 405.766
v 13074.249 -17779.643 410.025
f 8434 8137 8435
f 8434 8435 3416
f 8434 8138 8137
f 8434 3416 3415
f 8434 8142 7822
f 8434 7822 8138
v 12980.041 -17821.160 352.494
f 8436 7820 8143
f 8436 8139 7820
f 8436 8140 8139
v 13071.014 -17780.839 401.058
f 8437 7827 8142
f 8437 8434 3415
f 8437 8142 8434
v 13069.931 -17780.839 399.525
f 8437 8438 7827
v 13068.248 -17779.643 400.734
f 8437 3415 8439
f 8437 8439 8438
v 13068.823 -17780.839 398.010
f 8440 8146 7827
f 8440 7827 8438
f 8440 8438 8439
v 12974.406 -17821.160 352.541
v 12972.634 -17822.356 354.689
f 8441 8145 8442
f 8441 8143 7824
f 8441 7824 8145
v 13065.346 -17780.839 393.575
f 8443 7832 8146
f 8443 8149 8148
f 8443 8148 7832
v 12968.780 -17821.160 352.869
f 8444 7828 8147
f 8444 8144 7828
f 8444 8145 8144
v 12963.178 -17821.160 353.477
f 8445 8147 7831
f 8445 7831 8151
v 12961.629 -17822.356 355.790
f 8445 8151 8446
v 13059.643 -17780.839 387.174
f 8447 7835 8149
f 8447 7834 7835
v 12957.613 -17821.160 354.363
f 8448 8151 8150
f 8448 8150 7833
f 8448 7833 8152
v 12952.098 -17821.160 355.526
f 8449 7838 8156
f 8449 8152 7838
v 12950.787 -17822.356 357.982
f 8449 8156 8450
v 13051.440 -17780.839 379.450
f 8451 7844 7846
f 8451 7846 8154
v 12946.649 -17821.160 356.962
f 8452 8156 8155
f 8452 8155 7842
f 8452 7842 8158
v 12941.278 -17821.160 358.668
v 12940.218 -17822.356 361.242
f 8453 8162 8454
f 8453 7848 8162
f 8453 8158 7848
v 13040.272 -17780.839 371.073
f 8455 8167 8166
f 8455 8166 7858
f 8455 7858 8163
v 12935.999 -17821.160 360.639
f 8456 7852 8165
f 8456 8162 8161
f 8456 8161 7852
v 12930.824 -17821.160 362.871
v 12930.026 -17822.356 365.538
f 8457 8171 8458
f 8457 7857 8171
f 8457 8165 7857
v 13033.858 -17780.839 367.154
f 8459 8169 8167
v 13036.017 -17779.643 370.828
f 8459 8167 8460
f 8459 3623 3622
f 8459 8460 3623
f 8459 7860 8169
f 8459 8172 7860
v 12925.768 -17821.160 365.359
f 8461 7859 8173
f 8461 8171 8170
f 8461 8170 7859
v 13028.887 -17780.839 364.500
v 13026.304 -17779.643 365.538
f 8462 8463 8175
f 8462 3622 8463
f 8462 8459 3622
f 8462 7864 8172
f 8462 8175 7864
f 8462 8172 8459
v 12920.841 -17821.160 368.095
f 8464 8173 7862
f 8464 7862 8177
v 12920.312 -17822.356 370.828
f 8464 8177 8465
v 13023.789 -17780.839 362.097
f 8466 8175 8463
f 8466 8463 3622
f 8466 8178 7866
f 8466 3622 3665
f 8466 7866 8174
f 8466 8174 8175
v 12916.057 -17821.160 371.073
f 8467 7865 8179
f 8467 8177 8176
f 8467 8176 7865
v 13018.578 -17780.839 359.951
f 8468 8466 3665
f 8468 8178 8466
f 8468 7870 8178
v 13016.111 -17779.643 361.242
f 8468 3665 8469
v 13016.820 -17780.839 359.295
f 8468 8470 7870
f 8468 8469 8470
v 13015.051 -17780.839 358.668
f 8471 8180 7870
f 8471 7870 8470
f 8471 8470 8469
v 12911.427 -17821.160 374.286
f 8472 8179 3742
f 8472 3755 3754
f 8472 3742 3755
v 13009.680 -17780.839 356.962
f 8473 8181 7872
f 8473 7872 8180
f 8473 8182 8181
v 13002.396 -17780.839 355.107
f 8474 8184 8182
f 8474 8185 7873
f 8474 7873 8184
v 12996.863 -17780.839 354.036
v 12994.701 -17779.643 355.790
v 12995.010 -17780.839 353.741
f 8475 8476 8477
f 8475 8477 7875
f 8475 7875 8185
v 12993.151 -17780.839 353.477
f 8478 8477 8476
f 8478 7875 8477
f 8478 8186 7875
v 12987.549 -17780.839 352.869
f 8479 8187 7878
f 8479 3879 8187
f 8479 7878 8186
v 12884.255 -17821.160 402.613
f 8480 8188 7879
f 8480 3853 8188
f 8480 7879 8189
v 12881.237 -17821.160 407.372
f 8481 8189 7881
v 12882.080 -17822.356 410.025
f 8481 8191 8482
f 8481 7881 8191
v 12967.848 -17780.839 352.951
f 8483 3960 3979
f 8483 3890 3878
f 8483 3910 3960
f 8483 3979 8193
f 8483 7883 3890
f 8483 3857 3910
f 8483 3867 3857
f 8483 3878 3867
v 12878.460 -17821.160 412.276
f 8484 8190 7882
f 8484 8191 8190
f 8484 7882 8192
v 12875.931 -17821.160 417.312
f 8485 7885 8195
f 8485 8192 7885
v 12877.034 -17822.356 419.868
f 8485 8195 8486
v 12873.656 -17821.160 422.467
f 8487 7887 8196
f 8487 8194 7887
f 8487 8195 8194
v 12871.641 -17821.160 427.730
f 8488 8196 7889
f 8488 7889 8198
v 12872.993 -17822.356 430.164
f 8488 8198 8489
v 12869.891 -17821.160 433.087
f 8490 8197 7890
f 8490 7890 8199
f 8490 8198 8197
v 12868.410 -17821.160 438.524
f 8491 7892 8202
f 8491 8199 7892
v 12869.997 -17822.356 440.811
f 8491 8202 8492
v 12867.202 -17821.160 444.029
f 8493 8202 8201
f 8493 7893 8204
f 8493 8201 7893
v 12930.824 -17780.839 362.871
v 12930.026 -17779.643 365.538
f 8494 8495 8206
f 8494 8206 7898
f 8494 7898 8203
v 12866.270 -17821.160 449.586
f 8496 7896 8208
v 12868.077 -17822.356 451.704
f 8496 8208 8497
f 8496 8204 7896
v 12925.768 -17780.839 365.359
f 8498 8205 8206
f 8498 7900 8205
f 8498 8209 7900
v 12865.615 -17821.160 455.184
f 8499 7899 8210
f 8499 8207 7899
f 8499 8208 8207
v 12920.841 -17780.839 368.095
v 12919.231 -17780.839 369.060
f 8500 8501 7904
v 12920.312 -17779.643 370.828
f 8500 8502 8501
f 8500 7904 8209
v 12865.241 -17821.160 460.807
f 8503 8210 7902
v 12867.250 -17822.356 462.734
f 8503 8212 8504
f 8503 7902 8212
v 12916.057 -17780.839 371.073
f 8505 8213 7906
f 8505 7904 8501
f 8505 7906 7904
v 12865.147 -17821.160 466.441
f 8506 8211 7905
f 8506 8212 8211
f 8506 7905 8214
v 12911.427 -17780.839 374.286
f 8507 8218 7910
f 8507 7910 8213
v 12911.173 -17779.643 377.059
f 8507 8508 8218
v 12865.335 -17821.160 472.073
f 8509 8214 7908
f 8509 7908 8216
v 12867.526 -17822.356 473.791
f 8509 8216 8510
v 12904.088 -17780.839 380.139
f 8511 8220 7916
f 8511 4253 8220
f 8511 7916 8217
v 12865.803 -17821.160 477.689
f 8512 8215 7912
f 8512 8216 8215
f 8512 7912 8219
v 12866.550 -17821.160 483.275
f 8513 8219 7915
v 12868.901 -17822.356 484.766
f 8513 8222 8514
f 8513 7915 8222
v 12867.575 -17821.160 488.816
f 8515 8222 8221
f 8515 7917 8223
f 8515 8221 7917
v 12868.875 -17821.160 494.300
f 8516 8223 7919
v 12871.362 -17822.356 495.549
f 8516 8226 8517
f 8516 7919 8226
v 12890.984 -17780.839 393.575
f 8518 8227 7921
f 8518 8224 4251
f 8518 7921 8224
v 12870.446 -17821.160 499.712
f 8519 8226 8225
f 8519 7920 8228
f 8519 8225 7920
v 12887.507 -17780.839 398.010
f 8520 8230 7924
v 12888.081 -17779.643 400.734
f 8520 8521 8230
f 8520 7924 8227
v 12872.285 -17821.160 505.039
f 8522 4357 4378
f 8522 8228 4357
f 8522 4378 4391
v 12884.255 -17780.839 402.613
f 8523 8229 8230
f 8523 7925 8229
f 8523 8231 7925
v 12881.237 -17780.839 407.372
v 12880.286 -17780.839 408.989
f 8524 8525 7927
f 8524 7927 8231
v 12882.080 -17779.643 410.025
f 8524 8526 8525
v 12879.361 -17780.839 410.623
f 8527 7927 8525
f 8527 8525 8526
f 8527 8232 7927
v 12876.748 -17780.839 415.616
f 8528 8234 8233
f 8528 7930 8232
f 8528 8233 7930
v 12871.641 -17780.839 427.730
f 8529 7933 8237
v 12871.029 -17780.839 429.504
f 8529 8530 7933
v 12872.993 -17779.643 430.164
f 8529 8531 8530
v 12870.446 -17780.839 431.288
f 8532 8239 7933
f 8532 7933 8530
f 8532 8530 8531
v 12868.875 -17780.839 436.700
f 8533 7939 8239
f 8533 8242 8241
f 8533 8241 7939
v 12892.193 -17821.160 538.867
f 8534 7935 8240
f 8534 8238 7935
f 8534 4476 8238
v 12895.957 -17821.160 543.061
f 8535 8240 7938
v 12898.740 -17822.356 542.969
f 8535 8246 8536
f 8535 7938 8246
v 12899.926 -17821.160 547.062
f 8537 7940 8248
f 8537 8245 7940
f 8537 8246 8245
v 12866.270 -17780.839 449.586
v 12868.077 -17779.643 451.704
f 8538 8539 8250
f 8538 7945 8247
f 8538 8250 7945
v 12904.088 -17821.160 550.861
v 12906.848 -17822.356 550.492
f 8540 8252 8541
f 8540 7943 8252
f 8540 8248 7943
v 12908.435 -17821.160 554.447
f 8542 7946 8254
f 8542 8251 7946
f 8542 8252 8251
v 12865.241 -17780.839 460.807
v 12867.250 -17779.643 462.734
f 8543 8544 8256
f 8543 8256 7951
f 8543 7951 8253
v 12912.956 -17821.160 557.812
v 12915.665 -17822.356 557.170
f 8545 8258 8546
f 8545 7949 8258
f 8545 8254 7949
v 12917.638 -17821.160 560.948
f 8547 7952 8260
f 8547 8258 8257
f 8547 8257 7952
v 12865.335 -17780.839 472.073
v 12867.526 -17779.643 473.791
f 8548 8549 8262
f 8548 8262 7957
f 8548 7957 8259
v 12922.471 -17821.160 563.846
f 8550 7955 8264
v 12925.103 -17822.356 562.938
f 8550 8264 8551
f 8550 8260 7955
v 12927.443 -17821.160 566.500
f 8552 8264 8263
f 8552 8263 7958
f 8552 7958 8266
v 12866.550 -17780.839 483.275
v 12868.901 -17779.643 484.766
f 8553 8554 8268
f 8553 7963 8265
f 8553 8268 7963
v 12932.540 -17821.160 568.903
v 12935.068 -17822.356 567.737
f 8555 8270 8556
f 8555 7961 8270
f 8555 8266 7961
v 12867.575 -17780.839 488.816
f 8557 8271 7965
f 8557 7965 8267
f 8557 8267 8268
v 12937.751 -17821.160 571.049
f 8558 7964 8272
f 8558 8269 7964
f 8558 8270 8269
v 12868.875 -17780.839 494.300
f 8559 7972 8271
v 12871.362 -17779.643 495.549
f 8559 8560 8274
f 8559 8274 7972
v 12943.062 -17821.160 572.932
f 8561 8272 7968
v 12944.851 -17821.160 573.500
f 8561 7968 8562
v 12945.462 -17822.356 571.520
f 8561 8562 8563
v 12946.649 -17821.160 574.038
f 8564 7968 8275
f 8564 8562 7968
f 8564 8563 8562
v 12871.641 -17780.839 503.270
f 8565 8276 7975
f 8565 8277 8276
f 8565 7975 8273
v 12952.098 -17821.160 575.474
f 8566 8275 7974
f 8566 8279 8281
f 8566 7974 8279
v 12874.388 -17780.839 510.267
f 8567 8284 7977
f 8567 7977 8282
f 8567 8282 8277
v 12959.466 -17821.160 576.964
f 8568 8281 8283
f 8568 7976 8285
f 8568 8283 7976
v 12876.748 -17780.839 515.384
f 8569 8287 7980
v 12879.434 -17779.643 516.116
f 8569 8570 8287
f 8569 7980 8284
v 12965.046 -17821.160 577.757
f 8571 4798 4807
f 8571 8285 4787
f 8571 4787 4798
v 12879.361 -17780.839 520.377
f 8572 8286 8287
f 8572 7981 8286
f 8572 8288 7981
v 12882.219 -17780.839 525.234
f 8573 4852 4861
f 8573 7984 8288
f 8573 4861 7984
v 12892.193 -17780.839 538.867
f 8574 8290 7988
f 8574 7988 8289
f 8574 8289 4860
v 12895.957 -17780.839 543.061
v 12898.740 -17779.643 542.969
v 12897.257 -17780.839 544.416
f 8575 8576 8577
f 8575 8577 7991
f 8575 7991 8290
v 12898.578 -17780.839 545.748
f 8578 8577 8576
f 8578 8291 7991
f 8578 7991 8577
v 12902.677 -17780.839 549.615
f 8579 8294 8292
f 8579 7993 8291
f 8579 8292 7993
v 12912.956 -17780.839 557.812
f 8580 8298 7996
f 8580 7996 8296
v 12915.665 -17779.643 557.170
f 8580 8581 8298
v 12922.471 -17780.839 563.846
v 12925.103 -17779.643 562.938
f 8582 8583 8301
f 8582 8301 7999
f 8582 7999 8299
v 12932.540 -17780.839 568.903
v 12935.068 -17779.643 567.737
v 12934.263 -17780.839 569.646
f 8584 8585 8586
f 8584 8003 8302
f 8584 8586 8003
v 12935.999 -17780.839 570.361
f 8587 8586 8585
f 8587 8003 8586
f 8587 8303 8003
v 12941.278 -17780.839 572.332
f 8588 8304 8005
f 8588 8005 8303
f 8588 5008 8304
v 12991.046 -17822.356 575.699
f 8589 2243 2240
f 8589 2240 2237
f 8589 2237 8305
f 8589 2246 2243
v 12996.523 -17822.356 574.920
f 8590 8305 8007
f 8590 2261 2246
f 8590 8589 8305
v 12999.717 -17823.340 572.112
f 8590 8591 2261
f 8590 2246 8589
f 8590 8307 8591
f 8590 8007 8306
f 8590 8306 8307
v 13001.954 -17822.356 573.869
f 8592 8009 8308
f 8592 8307 8009
f 8592 2261 8591
f 8592 8591 8307
v 13007.326 -17822.356 572.548
f 8593 8309 8310
f 8593 8308 8010
f 8593 8010 8309
f 8593 8592 8308
v 13010.225 -17823.340 569.436
f 8593 8310 8594
f 8593 2261 8592
f 8593 2281 2261
f 8593 8594 2281
v 13012.626 -17822.356 570.961
f 8595 8012 8311
f 8595 8594 8310
f 8595 8310 8012
f 8595 2281 8594
v 13017.840 -17822.356 569.113
f 8596 8311 8013
f 8596 8312 8313
v 13020.414 -17823.340 565.727
f 8596 8313 8597
f 8596 2309 2281
f 8596 2281 8595
f 8596 8013 8312
f 8596 8597 2309
f 8596 8595 8311
v 13022.955 -17822.356 567.006
f 8598 8015 8314
f 8598 8597 8313
f 8598 8313 8015
f 8598 2309 8597
v 13027.959 -17822.356 564.647
f 8599 8598 8314
f 8599 8315 8316
f 8599 8314 8016
f 8599 2309 8598
f 8599 8016 8315
v 13030.184 -17823.340 561.023
f 8599 8316 8600
f 8599 2339 2309
f 8599 8600 2339
v 13032.839 -17822.356 562.042
f 8601 8018 8317
f 8601 8316 8018
f 8601 8600 8316
f 8601 2339 8600
v 13037.584 -17822.356 559.197
f 8602 8601 8317
f 8602 8019 8318
v 13039.436 -17823.340 555.369
f 8602 8319 8603
f 8602 8318 8319
f 8602 2339 8601
f 8602 8317 8019
f 8602 2371 2339
f 8602 8603 2371
v 13042.180 -17822.356 556.118
f 8604 8319 8021
f 8604 8603 8319
f 8604 8021 8320
f 8604 2371 8603
v 13046.618 -17822.356 552.815
f 8605 2371 8604
f 8605 8321 8322
f 8605 2401 2371
f 8605 8022 8321
v 13048.080 -17823.340 548.821
f 8605 8606 2401
f 8605 8320 8022
f 8605 8604 8320
f 8605 8322 8606
v 13050.885 -17822.356 549.294
f 8607 8322 8024
f 8607 8024 8323
f 8607 2401 8606
f 8607 8606 8322
v 13054.971 -17822.356 545.565
f 8608 8324 8325
f 8608 8025 8324
f 8608 8323 8025
v 13056.028 -17823.340 541.446
f 8608 8325 8609
f 8608 8609 2451
f 8608 2401 8607
f 8608 2451 2401
f 8608 8607 8323
v 13058.867 -17822.356 541.637
f 8610 8325 8027
f 8610 8609 8325
f 8610 8027 8326
f 8610 2451 8609
v 13062.562 -17822.356 537.520
v 13063.203 -17823.340 533.316
f 8611 8612 2488
f 8611 8326 8028
f 8611 8327 8328
f 8611 8028 8327
f 8611 2488 2451
f 8611 8328 8612
f 8611 2451 8610
f 8611 8610 8326
v 13066.046 -17822.356 533.224
f 8613 8328 8030
f 8613 2488 8612
f 8613 8030 8329
f 8613 8612 8328
v 13069.313 -17822.356 528.759
f 8614 8329 8031
v 13069.533 -17823.340 524.512
f 8614 8331 8615
f 8614 8031 8330
f 8614 8615 2549
f 8614 2488 8613
f 8614 8330 8331
f 8614 2549 2488
f 8614 8613 8329
v 13072.353 -17822.356 524.137
f 8616 8331 8033
f 8616 8615 8331
f 8616 2549 8615
f 8616 8033 8332
v 12991.046 -17779.643 575.699
f 8617 2526 2518
f 8617 8335 2526
f 8617 2506 2495
f 8617 2518 2506
v 13075.159 -17822.356 519.369
f 8618 8616 8332
v 13074.954 -17823.340 515.121
f 8618 8334 8619
f 8618 8619 2583
f 8618 8333 8334
f 8618 8332 8034
f 8618 8034 8333
f 8618 2583 2549
f 8618 2549 8616
v 12996.523 -17779.643 574.920
f 8620 8617 2495
f 8620 8335 8617
v 12999.717 -17778.659 572.112
f 8620 2547 8621
f 8620 8038 8335
f 8620 8621 8338
f 8620 2495 2547
f 8620 8338 8337
f 8620 8337 8038
v 13077.723 -17822.356 514.467
f 8622 8334 8037
f 8622 8619 8334
f 8622 2583 8619
f 8622 8037 8336
v 13001.954 -17779.643 573.869
f 8623 8621 2547
f 8623 8339 8338
f 8623 8338 8621
f 8623 8342 8339
v 13080.040 -17822.356 509.444
f 8624 2631 2583
f 8624 8344 2631
f 8624 8622 8336
f 8624 8336 8039
f 8624 8039 8340
f 8624 8340 8341
f 8624 2583 8622
f 8624 8341 8344
v 13007.326 -17779.643 572.548
f 8625 8342 8623
f 8625 2649 2660
f 8625 2547 2591
f 8625 8043 8342
f 8625 2626 2649
f 8625 2660 8043
f 8625 2591 2626
f 8625 8623 2547
v 13083.891 -17822.356 499.139
f 8626 8348 2676
f 8626 2631 8344
f 8626 8346 8348
f 8626 8344 8343
f 8626 8345 8346
f 8626 8343 8042
f 8626 8042 8345
f 8626 2676 2631
v 13086.715 -17822.356 488.444
f 8627 2676 8348
f 8627 2716 2676
f 8627 8347 8046
v 13085.280 -17823.340 484.387
f 8627 8350 8628
f 8627 8348 8347
f 8627 8046 8349
f 8627 8349 8350
f 8627 8628 2716
v 13087.733 -17822.356 482.946
f 8629 8048 8351
f 8629 8628 8350
f 8629 2716 8628
f 8629 8350 8048
v 13034.435 -17779.643 561.121
f 8630 8352 2696
f 8630 2674 2725
f 8630 2686 2674
f 8630 2696 2686
f 8630 8052 8352
f 8630 8355 8052
v 13088.467 -17822.356 477.463
f 8631 2716 8629
f 8631 8351 8049
f 8631 8353 8354
v 13086.629 -17823.340 473.628
f 8631 8354 8632
f 8631 8629 8351
f 8631 8049 8353
f 8631 2759 2716
f 8631 8632 2759
v 13039.131 -17779.643 558.197
f 8633 8055 8355
f 8633 8358 8055
f 8633 8355 8630
v 13039.436 -17778.659 555.369
f 8633 8634 8358
f 8633 2725 8634
f 8633 8630 2725
v 13088.926 -17822.356 471.950
f 8635 8354 8051
f 8635 8632 8354
f 8635 8051 8356
f 8635 2759 8632
v 13043.676 -17779.643 555.043
f 8636 8363 8056
f 8636 8357 8358
f 8636 8358 8634
f 8636 2725 2766
f 8636 8634 2725
f 8636 8056 8357
v 13089.110 -17822.356 466.421
f 8637 8053 8359
f 8637 2806 2759
f 8637 8359 8361
v 13086.899 -17823.340 462.788
f 8637 8361 8638
f 8637 8635 8356
f 8637 8638 2806
f 8637 8356 8053
f 8637 2759 8635
v 13048.058 -17779.643 551.666
f 8639 8363 8636
f 8639 8366 8059
f 8639 8367 8366
f 8639 8636 2766
f 8639 2766 8367
f 8639 8059 8363
v 13088.926 -17822.356 459.050
f 8640 8362 8057
f 8640 2846 2806
f 8640 8361 8362
f 8640 8638 8361
f 8640 2806 8638
f 8640 8057 8364
v 13054.971 -17779.643 545.565
f 8641 8370 8065
f 8641 8365 8367
f 8641 8065 8064
f 8641 8367 2766
f 8641 8371 8370
f 8641 2801 8371
f 8641 2766 2801
f 8641 8064 8365
v 13088.467 -17822.356 453.537
f 8642 8364 8062
v 13088.253 -17822.356 451.704
v 13086.089 -17823.340 451.975
f 8642 8643 8644
f 8642 8644 2846
f 8642 8640 8364
f 8642 2846 8640
f 8642 8062 8643
v 13088.008 -17822.356 449.875
f 8645 8062 8368
f 8645 8644 8643
f 8645 2846 8644
f 8645 8643 8062
v 13087.093 -17822.356 444.420
f 8646 8368 8066
f 8646 8066 8372
f 8646 8372 8373
f 8646 2885 2846
v 13084.206 -17823.340 441.297
f 8646 8647 2885
f 8646 2846 8645
f 8646 8645 8368
f 8646 8373 8647
v 13063.742 -17779.643 536.113
f 8648 8072 8374
f 8648 8374 8371
f 8648 2801 2847
f 8648 8371 2801
v 13063.203 -17778.659 533.316
f 8648 2847 8649
f 8648 8649 8377
f 8648 8377 8072
v 13085.906 -17822.356 439.016
f 8650 8068 8375
f 8650 8373 8068
f 8650 2885 8647
f 8650 8647 8373
v 13067.159 -17779.643 531.755
f 8651 2847 2883
f 8651 8075 8376
f 8651 8376 8377
f 8651 8380 8075
f 8651 8649 2847
f 8651 8377 8649
v 13084.452 -17822.356 433.679
f 8652 8378 8379
v 13081.269 -17823.340 430.859
f 8652 8653 2926
f 8652 8650 8375
f 8652 8070 8378
f 8652 8375 8070
f 8652 2885 8650
f 8652 8379 8653
f 8652 2926 2885
v 13070.351 -17779.643 527.237
f 8654 8383 8078
f 8654 8078 8380
f 8654 8651 2883
v 13069.533 -17778.659 524.512
f 8654 2883 8655
f 8654 8655 8383
f 8654 8380 8651
v 13082.734 -17822.356 428.420
f 8656 8379 8074
f 8656 2926 8653
f 8656 8074 8381
f 8656 8653 8379
v 13073.311 -17779.643 522.569
f 8657 8081 8382
f 8657 8386 8081
f 8657 2883 2924
f 8657 8655 2883
f 8657 8383 8655
f 8657 8382 8383
v 13080.756 -17822.356 423.254
v 13077.308 -17823.340 420.765
f 8658 8385 8659
f 8658 8076 8384
f 8658 8384 8385
f 8658 8381 8076
f 8658 2967 2926
f 8658 2926 8656
f 8658 8656 8381
f 8658 8659 2967
v 13076.037 -17779.643 517.756
f 8660 8657 2924
f 8660 8386 8657
f 8660 8084 8386
v 13074.954 -17778.659 515.121
v 13076.895 -17779.643 516.116
f 8660 8661 8662
f 8660 8662 8084
f 8660 2924 8661
v 13078.523 -17822.356 418.193
f 8663 8659 8385
f 8663 8385 8080
f 8663 8080 8387
f 8663 2967 8659
v 13078.913 -17779.643 511.970
v 13079.414 -17778.659 505.237
f 8664 8665 8392
f 8664 8089 8086
f 8664 8391 8089
f 8664 8662 8661
f 8664 2962 8665
f 8664 8084 8662
f 8664 8086 8084
f 8664 2924 2962
f 8664 8661 2924
f 8664 8392 8391
v 13076.040 -17822.356 413.249
f 8666 8663 8387
f 8666 8387 8082
f 8666 8388 8389
v 13072.361 -17823.340 411.116
f 8666 8389 8667
f 8666 8667 3008
f 8666 8082 8388
f 8666 3008 2967
f 8666 2967 8663
v 13073.314 -17822.356 408.435
f 8668 8389 8088
f 8668 8667 8389
f 8668 3008 8667
f 8668 8088 8390
v 13083.039 -17779.643 501.708
f 8669 8392 8665
f 8669 2962 3006
f 8669 8397 8396
f 8669 8092 8392
f 8669 8091 8092
f 8669 8396 8095
f 8669 8095 8091
f 8669 8665 2962
v 13082.868 -17778.659 494.959
f 8669 8670 8397
f 8669 3006 8670
v 13070.351 -17822.356 403.763
f 8671 8668 8390
f 8671 3049 3008
v 13066.478 -17823.340 402.007
f 8671 8672 3049
f 8671 3008 8668
f 8671 8390 8090
f 8671 8393 8394
f 8671 8090 8393
f 8671 8394 8672
v 13067.159 -17822.356 399.245
f 8673 3049 8672
f 8673 8394 8094
f 8673 8094 8395
f 8673 8672 8394
v 13086.123 -17779.643 491.086
v 13085.280 -17778.659 484.387
f 8674 8675 8402
f 8674 3047 8675
f 8674 8402 8401
f 8674 8097 8098
f 8674 3006 3047
f 8674 8098 8397
f 8674 8397 8670
f 8674 8101 8097
f 8674 8401 8101
f 8674 8670 3006
v 13063.746 -17822.356 394.891
v 13059.717 -17823.340 393.530
f 8676 8677 3087
f 8676 8673 8395
f 8676 3087 3049
f 8676 8399 8677
f 8676 8398 8399
f 8676 8395 8096
f 8676 3049 8673
f 8676 8096 8398
v 13060.120 -17822.356 390.713
f 8678 3087 8677
f 8678 8677 8399
f 8678 8100 8400
f 8678 8399 8100
v 13088.134 -17779.643 480.209
v 13086.629 -17778.659 473.628
f 8679 3084 8680
f 8679 8104 8402
f 8679 8402 8675
f 8679 8407 8406
f 8679 8675 3047
f 8679 8107 8103
f 8679 8103 8104
f 8679 8406 8107
f 8679 8680 8407
f 8679 3047 3084
v 13056.290 -17822.356 386.721
v 13052.146 -17823.340 385.767
f 8681 8404 8682
f 8681 8678 8400
f 8681 3128 3087
f 8681 3087 8678
f 8681 8400 8102
f 8681 8102 8403
f 8681 8682 3128
f 8681 8403 8404
v 13052.266 -17822.356 382.925
f 8683 8682 8404
f 8683 8404 8106
f 8683 8106 8405
f 8683 3128 8682
v 13048.058 -17822.356 379.334
v 13043.839 -17823.340 378.797
f 8684 8411 8685
f 8684 8685 3160
f 8684 8683 8405
f 8684 3128 8683
f 8684 8410 8411
f 8684 8405 8108
f 8684 3160 3128
f 8684 8108 8410
v 13089.098 -17779.643 467.350
f 8686 8680 3084
f 8686 3123 3180
f 8686 3180 3190
f 8686 3190 3200
f 8686 8407 8680
f 8686 3084 3123
f 8686 8113 8111
f 8686 8409 8407
f 8686 8111 8409
f 8686 3200 8113
v 13043.676 -17822.356 375.957
f 8687 8685 8411
f 8687 3160 8685
f 8687 8411 8110
f 8687 8110 8412
v 13039.131 -17822.356 372.803
f 8688 3160 8687
f 8688 8112 8413
f 8688 8687 8412
v 13034.880 -17823.340 372.689
f 8688 8689 3207
f 8688 8414 8689
f 8688 3207 3160
f 8688 8412 8112
f 8688 8413 8414
v 13034.435 -17822.356 369.879
f 8690 8115 8415
f 8690 3207 8689
f 8690 8689 8414
f 8690 8414 8115
v 13087.934 -17779.643 449.362
f 8691 3179 3166
f 8691 3189 3179
f 8691 8418 3199
f 8691 3199 3189
v 13029.599 -17822.356 367.193
f 8692 8690 8415
f 8692 8116 8416
f 8692 8416 8417
v 13025.357 -17823.340 367.503
f 8692 8693 3269
f 8692 3269 3207
f 8692 3207 8690
f 8692 8417 8693
f 8692 8415 8116
v 13086.993 -17779.643 443.911
f 8694 3295 8120
f 8694 8691 3166
f 8694 3276 3286
f 8694 3286 3295
f 8694 3166 3215
f 8694 8418 8691
f 8694 3215 3276
v 13091.244 -17782.236 444.768
f 8695 7793 8418
f 8695 8694 8120
f 8695 8418 8694
f 8695 8120 7797
f 8695 7797 7794
f 8695 7794 7793
v 13024.635 -17822.356 364.752
f 8696 3269 8693
f 8696 8118 8419
f 8696 8417 8118
f 8696 8693 8417
v 13019.555 -17822.356 362.561
f 8697 3269 8696
f 8697 8119 8420
f 8697 8419 8119
f 8697 8420 8421
f 8697 3315 3269
f 8697 8696 8419
v 13015.366 -17823.340 363.291
f 8697 8698 3315
f 8697 8421 8698
v 13014.372 -17822.356 360.625
f 8699 8122 8422
f 8699 8421 8122
f 8699 3315 8698
f 8699 8698 8421
v 13082.560 -17779.643 427.932
f 8700 3294 3285
f 8700 3285 3275
f 8700 8425 3294
f 8700 3275 3263
v 13009.100 -17822.356 358.951
f 8701 8422 8124
f 8701 8699 8422
f 8701 8423 8424
f 8701 3366 3315
v 13005.004 -17823.340 360.095
f 8701 8424 8702
f 8701 8702 3366
f 8701 8124 8423
f 8701 3315 8699
v 13080.557 -17779.643 422.775
f 8703 8425 8700
f 8703 8129 8128
f 8703 3263 3310
v 13077.308 -17778.659 420.765
f 8703 3310 8704
f 8703 8700 3263
f 8703 8704 8428
f 8703 8428 8129
v 13084.894 -17782.236 422.773
f 8705 8128 7808
f 8705 7808 7805
f 8705 8703 8128
f 8705 7804 8425
f 8705 8425 8703
f 8705 7805 7804
v 13003.750 -17822.356 357.541
f 8706 8424 8126
f 8706 8702 8424
f 8706 3366 8702
f 8706 8126 8426
v 12998.337 -17822.356 356.400
v 12994.376 -17823.340 357.947
f 8707 8708 3407
f 8707 8426 8127
f 8707 8429 8430
f 8707 8706 8426
f 8707 8430 8708
f 8707 3407 3366
f 8707 3366 8706
f 8707 8127 8429
v 13076.444 -17779.643 414.013
f 8709 8435 8137
f 8709 3416 8435
f 8709 8427 8428
f 8709 8704 3310
f 8709 8137 8135
f 8709 8135 8133
f 8709 3310 3361
f 8709 8428 8704
f 8709 3361 3416
f 8709 8133 8427
v 12992.874 -17822.356 355.530
f 8710 3407 8708
f 8710 8131 8431
f 8710 8708 8430
f 8710 8430 8131
v 12987.374 -17822.356 354.934
f 8711 8710 8431
f 8711 3441 3407
f 8711 8432 8433
f 8711 3407 8710
f 8711 8134 8432
f 8711 8431 8134
v 12983.586 -17823.340 356.867
f 8711 8433 8712
f 8711 8712 3441
v 12981.852 -17822.356 354.612
f 8713 8140 8436
f 8713 8712 8433
f 8713 3441 8712
f 8713 8433 8140
v 13066.046 -17779.643 397.776
f 8714 3415 3402
f 8714 8443 8146
f 8714 3402 3446
f 8714 8440 8439
f 8714 8439 3415
f 8714 8146 8440
v 12976.320 -17822.356 354.566
f 8715 8436 8143
f 8715 8143 8441
f 8715 3441 8713
f 8715 8713 8436
f 8715 3482 3441
f 8715 8441 8442
v 12972.743 -17823.340 356.867
f 8715 8716 3482
f 8715 8442 8716
v 13062.562 -17779.643 393.480
v 13059.717 -17778.659 393.530
v 13061.352 -17779.643 392.087
f 8717 8718 8719
f 8717 8443 8714
f 8717 8714 3446
f 8717 8149 8443
f 8717 3446 8718
f 8717 8719 8149
v 12970.792 -17822.356 354.796
f 8720 8442 8145
f 8720 3482 8716
f 8720 8716 8442
f 8720 8145 8444
v 13059.769 -17779.643 390.331
f 8721 8719 8718
f 8721 8718 3446
f 8721 8447 8149
f 8721 8149 8719
v 12965.283 -17822.356 355.301
f 8722 8720 8444
f 8722 8444 8147
f 8722 3532 3482
v 12961.954 -17823.340 357.947
f 8722 8723 3532
f 8722 3482 8720
f 8722 8147 8445
f 8722 8445 8446
f 8722 8446 8723
v 13055.921 -17779.643 386.357
v 13053.629 -17779.643 384.169
f 8724 8725 8154
f 8724 8721 3446
f 8724 8154 8153
f 8724 3446 3487
f 8724 8447 8721
v 13052.146 -17778.659 385.767
f 8724 3487 8726
f 8724 8726 8725
v 13059.916 -17782.236 384.671
f 8727 8447 8724
f 8727 7836 7834
f 8727 7834 8447
f 8727 7839 7836
f 8727 8153 7839
f 8727 8724 8153
v 12959.806 -17822.356 356.080
f 8728 8151 8448
f 8728 3532 8723
f 8728 8446 8151
f 8728 8723 8446
v 13051.879 -17779.643 382.579
f 8729 8154 8725
f 8729 8451 8154
f 8729 8726 3487
f 8729 8725 8726
v 12954.375 -17822.356 357.131
v 12951.325 -17823.340 360.095
f 8730 8731 3573
f 8730 8450 8731
f 8730 3532 8728
f 8730 3573 3532
f 8730 8448 8152
f 8730 8152 8449
f 8730 8728 8448
f 8730 8449 8450
v 13047.655 -17779.643 379.008
f 8732 8729 3487
f 8732 3487 3527
f 8732 8451 8729
v 13043.839 -17778.659 378.797
v 13045.156 -17779.643 377.059
f 8732 8733 8734
f 8732 8734 8160
f 8732 3527 8733
f 8732 8160 8159
v 13051.462 -17782.236 376.933
f 8735 7845 7844
f 8735 7849 7845
f 8735 7844 8451
f 8735 8451 8732
f 8735 8732 8159
f 8735 8159 7849
v 12949.003 -17822.356 358.452
f 8736 3573 8731
f 8736 8731 8450
f 8736 8156 8452
f 8736 8450 8156
v 13042.180 -17779.643 374.882
f 8737 8163 8160
f 8737 3527 3568
f 8737 8734 8733
f 8737 8455 8163
f 8737 8160 8734
f 8737 8733 3527
v 12943.703 -17822.356 360.039
f 8738 3573 8736
v 12940.964 -17823.340 363.291
f 8738 8454 8739
f 8738 8736 8452
f 8738 3614 3573
f 8738 8158 8453
f 8738 8453 8454
f 8738 8452 8158
f 8738 8739 3614
v 13037.584 -17779.643 371.803
f 8740 8167 8455
f 8740 3568 3623
f 8740 8460 8167
f 8740 3623 8460
f 8740 8455 8737
f 8740 8737 3568
v 12938.489 -17822.356 361.887
f 8741 8162 8456
f 8741 8454 8162
f 8741 8739 8454
f 8741 3614 8739
v 12933.374 -17822.356 363.994
f 8742 8741 8456
f 8742 3614 8741
v 12930.972 -17823.340 367.503
f 8742 8458 8743
f 8742 8743 3657
f 8742 8457 8458
f 8742 3657 3614
f 8742 8165 8457
f 8742 8456 8165
v 12928.370 -17822.356 366.353
f 8744 8458 8171
f 8744 8743 8458
f 8744 3657 8743
f 8744 8171 8461
v 12923.490 -17822.356 368.958
f 8745 8461 8173
f 8745 8173 8464
v 12921.449 -17823.340 372.689
f 8745 8465 8746
f 8745 8744 8461
f 8745 3657 8744
f 8745 3699 3657
f 8745 8746 3699
f 8745 8464 8465
v 12918.746 -17822.356 371.803
f 8747 8177 8467
f 8747 8746 8465
f 8747 8465 8177
f 8747 3699 8746
v 13012.626 -17779.643 360.039
f 8748 8471 8469
f 8748 3652 3694
f 8748 8473 8180
f 8748 8180 8471
f 8748 8469 3665
f 8748 3665 3652
v 12914.149 -17822.356 374.882
f 8749 8747 8467
f 8749 3754 3779
f 8749 3748 3699
f 8749 8472 3754
f 8749 8467 8179
f 8749 3779 3748
f 8749 8179 8472
f 8749 3699 8747
v 13007.326 -17779.643 358.452
f 8750 8182 8473
f 8750 8473 8748
v 13005.542 -17779.643 357.982
f 8750 8751 8182
f 8750 8748 3694
v 13005.004 -17778.659 360.095
f 8750 3694 8752
f 8750 8752 8751
v 13003.750 -17779.643 357.541
f 8753 8474 8182
f 8753 8182 8751
f 8753 8752 3694
f 8753 8751 8752
v 12998.337 -17779.643 356.400
v 12994.376 -17778.659 357.947
f 8754 3743 8755
f 8754 8475 8185
f 8754 8474 8753
f 8754 8476 8475
f 8754 8185 8474
f 8754 8755 8476
f 8754 8753 3694
f 8754 3694 3743
v 12991.046 -17779.643 355.301
f 8756 8755 3743
f 8756 8478 8476
f 8756 8186 8478
f 8756 8479 8186
f 8756 8476 8755
f 8756 3743 3795
v 12985.537 -17779.643 354.796
f 8757 3795 3844
f 8757 3879 8479
f 8757 3844 3868
f 8757 3868 3879
f 8757 8756 3795
f 8757 8479 8756
v 12887.016 -17822.356 402.241
f 8758 3889 3877
f 8758 3853 8480
f 8758 3866 3853
f 8758 3877 3866
v 12883.976 -17822.356 406.863
f 8759 3889 8758
f 8759 8481 8482
f 8759 8480 8189
f 8759 8189 8481
f 8759 8758 8480
f 8759 3951 3889
v 12883.969 -17823.340 411.116
f 8759 8482 8760
f 8759 8760 3951
v 12966.247 -17782.236 351.156
f 8761 8483 8193
f 8761 7883 8483
f 8761 8193 7886
f 8761 7553 7883
f 8761 7886 7553
v 12881.171 -17822.356 411.631
f 8762 8191 8484
f 8762 8482 8191
f 8762 8760 8482
f 8762 3951 8760
v 12878.606 -17822.356 416.533
f 8763 3999 3951
f 8763 8484 8192
f 8763 3951 8762
f 8763 8192 8485
f 8763 8485 8486
v 12879.022 -17823.340 420.765
f 8763 8486 8764
f 8763 8762 8484
f 8763 8764 3999
v 12876.289 -17822.356 421.556
f 8765 8764 8486
f 8765 8195 8487
f 8765 8486 8195
f 8765 3999 8764
v 12874.225 -17822.356 426.689
f 8766 8487 8196
f 8766 8765 8487
f 8766 8196 8488
f 8766 8488 8489
f 8766 4054 3999
v 12875.060 -17823.340 430.859
f 8766 8489 8767
f 8766 8767 4054
f 8766 3999 8765
v 12872.420 -17822.356 431.918
f 8768 8198 8490
f 8768 8767 8489
f 8768 4054 8767
f 8768 8489 8198
v 12935.919 -17779.643 362.909
f 8769 8494 8203
f 8769 4032 4021
f 8769 8495 8494
f 8769 4009 3994
f 8769 8200 4032
f 8769 4021 4009
v 12930.972 -17778.659 367.503
f 8769 4049 8770
f 8769 3994 4049
f 8769 8770 8495
f 8769 8203 8200
v 12870.877 -17822.356 437.231
v 12872.124 -17823.340 441.297
f 8771 8492 8772
f 8771 4054 8768
f 8771 8490 8199
f 8771 8768 8490
f 8771 8199 8491
f 8771 4090 4054
f 8771 8491 8492
f 8771 8772 4090
v 12869.602 -17822.356 442.614
f 8773 8772 8492
f 8773 8492 8202
f 8773 8202 8493
f 8773 4090 8772
v 12928.370 -17779.643 366.353
f 8774 8498 8206
f 8774 8206 8495
f 8774 8770 4049
f 8774 8495 8770
v 12868.596 -17822.356 448.054
v 12870.241 -17823.340 451.975
f 8775 8776 4141
f 8775 8773 8493
f 8775 4090 8773
f 8775 8497 8776
f 8775 8493 8204
f 8775 8496 8497
f 8775 8204 8496
f 8775 4141 4090
v 12923.490 -17779.643 368.958
f 8777 8774 4049
v 12921.449 -17778.659 372.689
f 8777 4096 8778
f 8777 8209 8498
f 8777 8778 8502
f 8777 8498 8774
f 8777 4049 4096
f 8777 8500 8209
f 8777 8502 8500
v 12867.862 -17822.356 453.537
f 8779 4141 8776
f 8779 8497 8208
f 8779 8776 8497
f 8779 8208 8499
v 12918.746 -17779.643 371.803
f 8780 8505 8501
f 8780 8778 4096
f 8780 8502 8778
f 8780 8501 8502
v 12867.403 -17822.356 459.050
f 8781 4141 8779
f 8781 8779 8499
f 8781 4173 4141
f 8781 8499 8210
f 8781 8503 8504
f 8781 8210 8503
v 12869.430 -17823.340 462.788
f 8781 8782 4173
f 8781 8504 8782
v 12914.149 -17779.643 374.882
f 8783 8507 8213
f 8783 8213 8505
v 12912.490 -17778.659 378.797
f 8783 8784 8508
f 8783 8780 4096
f 8783 8505 8780
f 8783 8508 8507
f 8783 4096 4136
f 8783 4136 8784
v 12867.219 -17822.356 464.579
f 8785 8504 8212
f 8785 8212 8506
f 8785 4173 8782
f 8785 8782 8504
v 12908.271 -17779.643 379.334
f 8786 8511 8217
f 8786 8217 8218
f 8786 4136 4178
f 8786 8508 8784
f 8786 8218 8508
f 8786 8784 4136
v 12867.311 -17822.356 470.110
f 8787 8506 8214
f 8787 8214 8509
f 8787 8785 8506
f 8787 4224 4173
f 8787 8509 8510
f 8787 4173 8785
v 12869.701 -17823.340 473.628
f 8787 8510 8788
f 8787 8788 4224
v 12904.063 -17779.643 382.925
f 8789 8786 4178
f 8789 4220 4234
f 8789 4178 4220
f 8789 4253 8511
f 8789 8511 8786
f 8789 4234 4253
v 12867.679 -17822.356 475.630
f 8790 8216 8512
f 8790 8510 8216
f 8790 8788 8510
f 8790 4224 8788
v 12868.321 -17822.356 481.125
f 8791 8790 8512
f 8791 8219 8513
f 8791 4224 8790
v 12871.049 -17823.340 484.387
f 8791 8792 4272
f 8791 8512 8219
f 8791 8514 8792
f 8791 4272 4224
f 8791 8513 8514
v 12869.237 -17822.356 486.580
f 8793 8222 8515
f 8793 8514 8222
f 8793 4272 8792
f 8793 8792 8514
v 12893.768 -17779.643 393.480
f 8794 8518 4251
f 8794 4243 4233
f 8794 4233 4219
f 8794 4251 4243
v 12870.423 -17822.356 491.984
v 12873.462 -17823.340 494.959
f 8795 8796 4323
f 8795 8793 8515
f 8795 8223 8516
f 8795 8517 8796
f 8795 8516 8517
f 8795 8515 8223
f 8795 4323 4272
f 8795 4272 8793
v 12890.283 -17779.643 397.776
f 8797 4219 4268
f 8797 8521 8520
f 8797 8520 8227
f 8797 8227 8518
f 8797 8518 8794
f 8797 8794 4219
v 12889.852 -17778.659 402.007
f 8797 4268 8798
f 8797 8798 8521
v 12871.877 -17822.356 497.321
f 8799 8226 8519
f 8799 4323 8796
f 8799 8796 8517
f 8799 8517 8226
v 12887.016 -17779.643 402.241
f 8800 8230 8521
f 8800 8523 8230
f 8800 8798 4268
f 8800 8521 8798
v 12873.595 -17822.356 502.580
f 8801 8519 8228
f 8801 8228 8522
f 8801 8522 4391
f 8801 4362 4323
f 8801 4323 8799
f 8801 8799 8519
f 8801 4403 4362
f 8801 4391 4403
v 12883.976 -17779.643 406.863
f 8802 8231 8523
f 8802 8526 8524
v 12883.969 -17778.659 411.116
f 8802 4318 8803
f 8802 8524 8231
f 8802 8803 8526
f 8802 8523 8800
f 8802 8800 4268
f 8802 4268 4318
v 12880.290 -17779.643 413.249
f 8804 8527 8526
f 8804 8232 8527
f 8804 8803 4318
f 8804 8526 8803
f 8804 8528 8232
f 8804 4318 4368
v 12877.807 -17779.643 418.193
f 8805 8804 4368
v 12879.022 -17778.659 420.765
f 8805 4368 8806
f 8805 8234 8528
v 12877.034 -17779.643 419.868
f 8805 8806 8807
f 8805 8528 8804
f 8805 8807 8234
v 12875.225 -17779.643 424.110
f 8808 8806 4368
v 12875.060 -17778.659 430.859
f 8808 4419 8809
f 8808 4368 4419
f 8808 8809 8531
f 8808 8237 8236
f 8808 8236 8234
f 8808 8529 8237
f 8808 8807 8806
f 8808 8234 8807
f 8808 8531 8529
v 12871.877 -17779.643 433.679
f 8810 8809 4419
f 8810 4419 4467
f 8810 8532 8531
f 8810 8533 8239
f 8810 8531 8809
f 8810 8239 8532
v 12870.423 -17779.643 439.016
v 12872.124 -17778.659 441.297
v 12869.997 -17779.643 440.811
f 8811 8812 8813
f 8811 8810 4467
f 8811 8242 8533
f 8811 8813 8242
f 8811 8533 8810
f 8811 4467 8812
v 12892.584 -17822.356 536.109
f 8814 4497 4488
f 8814 4488 4476
f 8814 4506 4497
f 8814 4476 8534
v 12869.065 -17779.643 445.327
f 8815 8813 8812
f 8815 4467 4511
v 12870.241 -17778.659 451.975
f 8815 4511 8816
f 8815 8539 8538
f 8815 8538 8247
f 8815 8816 8539
f 8815 8242 8813
f 8815 8247 8244
f 8815 8244 8242
f 8815 8812 4467
v 12896.209 -17822.356 540.287
v 12900.301 -17823.340 541.446
f 8817 8536 8818
f 8817 8818 4556
f 8817 4556 4506
f 8817 8534 8240
f 8817 8240 8535
f 8817 8535 8536
f 8817 4506 8814
f 8817 8814 8534
v 12900.039 -17822.356 544.279
f 8819 8818 8536
f 8819 4556 8818
f 8819 8246 8537
f 8819 8536 8246
v 12867.599 -17779.643 456.290
f 8820 8816 4511
f 8820 8250 8539
v 12869.430 -17778.659 462.788
f 8820 4551 8821
f 8820 8543 8253
f 8820 8544 8543
f 8820 8539 8816
f 8820 8249 8250
f 8820 4511 4551
f 8820 8253 8249
f 8820 8821 8544
v 12904.063 -17822.356 548.075
f 8822 4556 8819
v 12908.250 -17823.340 548.821
f 8822 8823 4588
f 8822 8540 8541
f 8822 8248 8540
f 8822 8819 8537
f 8822 8537 8248
f 8822 8541 8823
f 8822 4588 4556
v 12908.271 -17822.356 551.666
f 8824 4588 8823
f 8824 8541 8252
f 8824 8252 8542
f 8824 8823 8541
v 12867.231 -17779.643 467.345
f 8825 8259 8255
f 8825 8256 8544
v 12869.701 -17778.659 473.628
f 8825 4593 8826
f 8825 8821 4551
f 8825 4551 4593
f 8825 8549 8548
f 8825 8548 8259
f 8825 8255 8256
f 8825 8544 8821
f 8825 8826 8549
v 12912.653 -17822.356 555.043
f 8827 4588 8824
f 8827 8824 8542
f 8827 8542 8254
f 8827 8254 8545
f 8827 8545 8546
v 12916.893 -17823.340 555.369
f 8827 8546 8828
f 8827 4638 4588
f 8827 8828 4638
v 12917.198 -17822.356 558.197
f 8829 8258 8547
f 8829 8546 8258
f 8829 8828 8546
f 8829 4638 8828
v 12867.966 -17779.643 478.381
v 12871.049 -17778.659 484.387
f 8830 8831 8554
f 8830 8554 8553
f 8830 8262 8549
f 8830 8553 8265
f 8830 8826 4593
f 8830 4633 8831
f 8830 8261 8262
f 8830 4593 4633
f 8830 8549 8826
f 8830 8265 8261
v 12921.894 -17822.356 561.121
f 8832 4638 8829
v 12926.146 -17823.340 561.023
f 8832 8551 8833
f 8832 8833 4667
f 8832 8260 8550
f 8832 8547 8260
f 8832 8829 8547
f 8832 8550 8551
f 8832 4667 4638
v 12926.731 -17822.356 563.807
f 8834 8264 8552
f 8834 8833 8551
f 8834 8551 8264
f 8834 4667 8833
v 12869.237 -17779.643 486.580
f 8835 8554 8831
f 8835 8268 8554
f 8835 8831 4633
f 8835 8557 8268
v 12931.695 -17822.356 566.248
v 12935.915 -17823.340 565.727
f 8836 8556 8837
f 8836 8555 8556
f 8836 4667 8834
f 8836 4705 4667
f 8836 8552 8266
f 8836 8834 8552
f 8836 8266 8555
f 8836 8837 4705
v 12870.423 -17779.643 491.984
f 8838 8271 8557
f 8838 8835 4633
f 8838 8557 8835
v 12873.462 -17778.659 494.959
f 8838 4672 8839
f 8838 4633 4672
f 8838 8559 8271
f 8838 8839 8560
f 8838 8560 8559
v 12936.774 -17822.356 568.439
f 8840 8837 8556
f 8840 8556 8270
f 8840 8270 8558
f 8840 4705 8837
v 12872.420 -17779.643 499.082
f 8841 8273 8274
f 8841 8839 4672
f 8841 8274 8560
f 8841 8560 8839
f 8841 4672 4710
f 8841 8565 8273
v 12941.957 -17822.356 570.375
f 8842 8558 8272
v 12946.105 -17823.340 569.436
f 8842 8563 8843
f 8842 4705 8840
f 8842 8840 8558
f 8842 4752 4705
f 8842 8843 4752
f 8842 8272 8561
f 8842 8561 8563
v 12874.225 -17779.643 504.311
v 12876.915 -17778.659 505.237
v 12874.885 -17779.643 506.034
f 8844 8845 8846
f 8844 4710 8845
f 8844 8846 8277
f 8844 8565 8841
f 8844 8841 4710
f 8844 8277 8565
v 12875.573 -17779.643 507.746
f 8847 8567 8277
f 8847 8845 4710
f 8847 8846 8845
f 8847 8277 8846
v 12949.003 -17822.356 572.548
f 8848 8275 8566
f 8848 8843 8563
f 8848 4752 8843
f 8848 4793 4752
f 8848 8564 8275
f 8848 8563 8564
v 12877.807 -17779.643 512.807
f 8849 8570 8569
f 8849 8569 8284
v 12881.375 -17778.659 515.121
f 8849 8850 8570
f 8849 8567 8847
f 8849 8284 8567
f 8849 8847 4710
f 8849 4710 4747
f 8849 4747 8850
v 12954.375 -17822.356 573.869
f 8851 8848 8566
v 12956.613 -17823.340 572.112
f 8851 8852 4793
f 8851 4793 8848
v 12956.181 -17822.356 574.249
f 8851 8281 8853
f 8851 8853 8852
f 8851 8566 8281
v 12957.992 -17822.356 574.600
f 8854 8281 8568
f 8854 4793 8852
f 8854 8853 8281
f 8854 8852 8853
v 12880.290 -17779.643 517.751
f 8855 8287 8570
f 8855 8570 8850
f 8855 8572 8287
f 8855 8850 4747
v 12963.455 -17822.356 575.470
f 8856 4793 8854
f 8856 4807 4816
f 8856 8854 8568
f 8856 8285 8571
f 8856 8571 4807
f 8856 4816 4825
f 8856 4825 4793
f 8856 8568 8285
v 12883.016 -17779.643 522.565
f 8857 4747 4788
f 8857 8288 8572
f 8857 4842 4852
f 8857 4788 4842
f 8857 8855 4747
f 8857 4852 8573
f 8857 8573 8288
f 8857 8572 8855
v 12892.584 -17779.643 536.109
f 8858 8574 4860
f 8858 4860 4851
f 8858 4851 4841
f 8858 4841 4830
v 12896.209 -17779.643 540.287
f 8859 8574 8858
f 8859 4830 4873
v 12900.301 -17778.659 541.446
f 8859 4873 8860
f 8859 8858 4830
f 8859 8575 8290
f 8859 8860 8576
f 8859 8290 8574
f 8859 8576 8575
v 12901.358 -17779.643 545.565
f 8861 8860 4873
f 8861 8291 8578
f 8861 8576 8860
f 8861 8578 8576
f 8861 8579 8291
f 8861 4873 4905
v 12905.444 -17779.643 549.294
v 12906.848 -17779.643 550.492
f 8862 8863 8294
f 8862 8294 8579
v 12908.250 -17778.659 548.821
f 8862 4905 8864
f 8862 8864 8863
f 8862 8579 8861
f 8862 8861 4905
v 12910.441 -17779.643 553.382
f 8865 8294 8863
f 8865 8580 8296
f 8865 8581 8580
f 8865 4905 4933
v 12916.893 -17778.659 555.369
f 8865 4933 8866
f 8865 8296 8295
f 8865 8864 4905
f 8865 8863 8864
f 8865 8866 8581
f 8865 8295 8294
v 12919.528 -17779.643 559.688
v 12926.146 -17778.659 561.023
f 8867 8868 8583
f 8867 4933 4956
f 8867 8866 4933
f 8867 8299 8297
f 8867 4956 8868
f 8867 8583 8582
f 8867 8298 8581
f 8867 8297 8298
f 8867 8581 8866
f 8867 8582 8299
v 12929.197 -17779.643 565.059
f 8869 8301 8583
f 8869 8583 8868
v 12935.915 -17778.659 565.727
f 8869 4975 8870
f 8869 4956 4975
f 8869 8585 8584
f 8869 8868 4956
f 8869 8584 8302
f 8869 8870 8585
f 8869 8300 8301
f 8869 8302 8300
v 12938.489 -17779.643 569.113
f 8871 4975 4989
f 8871 8303 8587
f 8871 8870 4975
f 8871 8587 8585
f 8871 8585 8870
f 8871 8588 8303
v 12943.703 -17779.643 570.961
f 8872 5008 8588
f 8872 5002 5005
f 8872 5005 5008
f 8872 8871 4989
f 8872 4989 5002
f 8872 8588 8871
v 12738.940 -17821.160 218.611
v 12734.663 -17821.784 208.323
v 12733.737 -17821.160 208.755
f 8873 8874 8875
v 12740.722 -17822.356 217.554
f 8876 8874 8873
v 12735.615 -17822.356 207.879
f 8876 8877 8874
v 12736.592 -17822.876 207.423
f 8876 8878 8877
v 12740.765 -17816.426 231.083
v 12735.725 -17818.180 220.516
v 12734.325 -17816.426 221.345
f 8879 8880 8881
v 12742.598 -17823.340 216.443
f 8882 8878 8876
v 12737.592 -17823.340 206.957
f 8882 8883 8878
v 12738.611 -17823.750 206.482
f 8882 8884 8883
v 12742.076 -17818.180 230.119
f 8885 8880 8879
v 12744.549 -17824.102 215.286
f 8886 8884 8882
v 12739.647 -17824.102 205.999
f 8886 8887 8884
v 12740.698 -17824.398 205.509
f 8886 8888 8887
v 12743.522 -17819.763 229.057
f 8889 8880 8885
v 12737.268 -17819.763 219.601
f 8889 8890 8880
v 12746.556 -17824.635 214.097
f 8891 8888 8886
v 12741.761 -17824.635 205.013
f 8891 8892 8888
v 12742.834 -17824.813 204.513
f 8891 8893 8892
v 12745.087 -17821.160 227.907
f 8894 8873 8890
f 8894 8890 8889
f 8894 8876 8873
v 12748.599 -17824.932 212.887
v 12743.913 -17824.932 204.010
f 8895 8896 8893
v 12744.996 -17824.992 203.504
f 8895 8897 8896
f 8895 8893 8891
v 12746.757 -17822.356 226.680
f 8898 8876 8894
v 12750.656 -17824.992 211.667
v 12746.081 -17824.992 202.999
f 8899 8900 8897
v 12747.164 -17824.932 202.494
f 8899 8901 8900
f 8899 8897 8895
v 12748.515 -17823.340 225.389
f 8902 8882 8876
f 8902 8876 8898
v 12752.709 -17824.813 210.451
v 12748.243 -17824.813 201.990
f 8903 8904 8901
v 12749.316 -17824.635 201.490
f 8903 8905 8904
f 8903 8901 8899
v 12750.343 -17824.102 224.046
f 8906 8886 8882
f 8906 8882 8902
v 12750.676 -17819.763 237.851
f 8907 8889 8885
v 12749.342 -17818.180 239.050
f 8907 8885 8908
f 8907 8894 8889
v 12754.736 -17824.398 209.250
v 12750.379 -17824.398 200.995
f 8909 8910 8905
v 12751.430 -17824.102 200.505
f 8909 8911 8910
f 8909 8905 8903
v 12752.222 -17824.635 222.665
f 8912 8891 8886
f 8912 8895 8891
f 8912 8886 8906
v 12752.121 -17821.160 236.552
f 8913 8894 8907
v 12756.717 -17823.750 208.075
v 12752.466 -17823.750 200.021
f 8914 8915 8911
v 12753.485 -17823.340 199.546
f 8914 8916 8915
f 8914 8911 8909
v 12754.136 -17824.932 221.259
f 8917 8895 8912
v 12753.662 -17822.356 235.167
f 8918 8894 8913
f 8918 8898 8894
v 12758.633 -17822.876 206.940
v 12754.485 -17822.876 199.080
f 8919 8920 8916
v 12755.462 -17822.356 198.624
f 8919 8921 8920
f 8919 8916 8914
v 12756.063 -17824.992 219.843
f 8922 8899 8895
f 8922 8895 8917
v 12755.284 -17823.340 233.709
f 8923 8902 8898
f 8923 8898 8918
v 12760.465 -17821.784 205.854
v 12756.414 -17821.784 198.180
f 8924 8925 8921
v 12757.340 -17821.160 197.749
f 8924 8926 8925
f 8924 8921 8919
v 12757.986 -17824.813 218.430
f 8927 8899 8922
f 8927 8903 8899
f 8927 8909 8903
v 12756.970 -17824.102 232.192
f 8928 8912 8906
f 8928 8902 8923
f 8928 8906 8902
v 12762.194 -17820.486 204.830
f 8929 8926 8924
v 12758.236 -17820.486 197.331
f 8929 8930 8926
v 12759.100 -17819.763 196.928
f 8929 8931 8930
v 12759.885 -17824.398 217.035
f 8932 8909 8927
v 12758.705 -17824.635 230.633
f 8933 8912 8928
v 12763.803 -17818.994 203.876
v 12759.931 -17818.994 196.540
f 8934 8935 8931
v 12760.726 -17818.180 196.170
f 8934 8936 8935
f 8934 8931 8929
v 12761.741 -17823.750 215.672
f 8937 8909 8932
f 8937 8914 8909
f 8937 8919 8914
v 12760.470 -17824.932 229.046
f 8938 8917 8912
f 8938 8922 8917
f 8938 8912 8933
v 12765.276 -17817.324 203.003
f 8939 8936 8934
v 12761.483 -17817.324 195.816
f 8939 8940 8936
v 12762.201 -17816.426 195.482
f 8939 8941 8940
v 12763.536 -17822.876 214.353
f 8942 8919 8937
v 12762.249 -17824.992 227.446
f 8943 8922 8938
v 12766.600 -17815.491 202.219
v 12762.877 -17815.491 195.166
f 8944 8945 8941
v 12763.510 -17814.519 194.871
f 8944 8946 8945
f 8944 8941 8939
v 12765.251 -17821.784 213.092
f 8947 8929 8924
f 8947 8924 8919
f 8947 8919 8942
v 12764.023 -17824.813 225.851
f 8948 8927 8922
f 8948 8922 8943
v 12767.759 -17813.514 201.532
f 8949 8946 8944
v 12764.099 -17813.514 194.597
f 8949 8950 8946
v 12764.641 -17812.478 194.344
f 8949 8951 8950
v 12764.368 -17824.102 239.646
f 8952 8933 8928
v 12766.871 -17820.486 211.902
f 8953 8934 8929
f 8953 8929 8947
v 12765.775 -17824.398 224.276
f 8954 8927 8948
f 8954 8932 8927
v 12768.743 -17811.413 200.948
v 12765.136 -17811.413 194.113
f 8955 8956 8951
v 12765.582 -17810.322 193.905
f 8955 8957 8956
f 8955 8951 8949
v 12765.940 -17824.635 237.924
f 8958 8933 8952
v 12768.379 -17818.994 210.795
f 8959 8934 8953
v 12767.488 -17823.750 222.736
f 8960 8937 8932
f 8960 8932 8954
v 12769.543 -17809.208 200.474
v 12765.978 -17809.208 193.720
f 8961 8962 8957
v 12766.324 -17808.074 193.559
f 8961 8963 8962
f 8961 8957 8955
v 12767.541 -17824.932 236.170
f 8964 8938 8933
f 8964 8933 8958
v 12769.759 -17817.324 209.781
f 8965 8934 8959
f 8965 8939 8934
v 12769.144 -17822.876 221.247
f 8966 8942 8937
f 8966 8937 8960
v 12770.150 -17806.922 200.115
v 12766.617 -17806.922 193.422
f 8967 8968 8963
v 12766.859 -17805.755 193.310
f 8967 8969 8968
f 8967 8963 8961
v 12769.154 -17824.992 234.404
f 8970 8948 8943
f 8970 8938 8964
f 8970 8943 8938
v 12770.998 -17815.491 208.870
f 8971 8939 8965
f 8971 8944 8939
v 12770.728 -17821.784 219.824
f 8972 8947 8942
f 8972 8942 8966
v 12770.557 -17804.576 199.873
v 12767.047 -17804.576 193.222
f 8973 8974 8969
v 12767.182 -17803.389 193.159
f 8973 8975 8974
f 8973 8969 8967
v 12770.762 -17824.813 232.642
f 8976 8954 8948
f 8976 8948 8970
v 12772.085 -17813.514 208.072
f 8977 8944 8971
f 8977 8949 8944
v 12772.222 -17820.486 218.480
f 8978 8953 8947
f 8978 8947 8972
v 12770.762 -17802.196 199.752
v 12767.263 -17802.196 193.121
f 8979 8980 8975
v 12767.290 -17800.999 193.109
f 8979 8981 8980
f 8979 8975 8973
v 12772.351 -17824.398 230.901
f 8982 8954 8976
v 12773.007 -17811.413 207.395
f 8983 8955 8949
f 8983 8949 8977
v 12773.859 -17824.635 244.466
f 8984 8964 8958
v 12772.464 -17824.102 246.336
f 8984 8952 8985
f 8984 8958 8952
v 12773.614 -17818.994 217.229
f 8986 8953 8978
f 8986 8959 8953
v 12770.762 -17799.803 199.752
v 12767.263 -17799.803 193.121
f 8987 8988 8981
v 12767.182 -17798.610 193.159
f 8987 8989 8988
f 8987 8981 8979
v 12773.904 -17823.750 229.200
f 8990 8954 8982
f 8990 8960 8954
v 12773.756 -17809.208 206.844
f 8991 8955 8983
f 8991 8961 8955
v 12775.279 -17824.932 242.564
f 8992 8964 8984
f 8992 8970 8964
v 12774.887 -17817.324 216.084
f 8993 8959 8986
f 8993 8965 8959
v 12770.557 -17797.422 199.873
v 12767.047 -17797.422 193.222
f 8994 8995 8989
v 12766.859 -17796.244 193.310
f 8994 8996 8995
f 8994 8989 8987
v 12775.405 -17822.876 227.555
f 8997 8960 8990
f 8997 8966 8960
v 12774.324 -17806.922 206.427
f 8998 8967 8961
f 8998 8961 8991
v 12776.710 -17824.992 240.647
f 8999 8970 8992
v 12776.031 -17815.491 215.056
f 9000 8971 8965
f 9000 8965 8993
v 12770.150 -17795.077 200.115
v 12766.617 -17795.077 193.422
f 9001 9002 8996
v 12766.324 -17793.925 193.559
f 9001 9003 9002
f 9001 8996 8994
v 12776.840 -17821.784 225.983
f 9004 8966 8997
f 9004 8972 8966
v 12774.706 -17804.576 206.146
f 9005 8973 8967
f 9005 8967 8998
v 12778.137 -17824.813 238.735
f 9006 8970 8999
f 9006 8976 8970
v 12777.033 -17813.514 214.155
f 9007 8977 8971
f 9007 8971 9000
f 9007 8983 8977
v 12769.543 -17792.791 200.474
v 12765.978 -17792.791 193.720
f 9008 9009 9003
v 12765.582 -17791.677 193.905
f 9008 9010 9009
f 9008 9003 9001
v 12778.196 -17820.486 224.498
f 9011 8972 9004
f 9011 8978 8972
v 12774.898 -17802.196 206.005
f 9012 8973 9005
f 9012 8979 8973
v 12779.546 -17824.398 236.847
f 9013 8982 8976
f 9013 8976 9006
v 12777.884 -17811.413 213.390
f 9014 8991 8983
f 9014 8983 9007
v 12768.743 -17790.586 200.948
f 9015 9010 9008
v 12765.136 -17790.586 194.113
f 9015 9016 9010
v 12764.641 -17789.521 194.344
f 9015 9017 9016
v 12782.384 -17824.635 250.197
f 9018 8984 8985
v 12781.179 -17824.102 252.195
f 9018 8985 9019
f 9018 8992 8984
v 12779.457 -17818.994 223.117
f 9020 8986 8978
f 9020 8978 9011
v 12774.898 -17799.803 206.005
f 9021 8987 8979
f 9021 8979 9012
v 12780.924 -17823.750 235.001
f 9022 8990 8982
f 9022 8982 9013
v 12778.575 -17809.208 212.769
f 9023 8998 8991
f 9023 8991 9014
v 12767.759 -17788.485 201.532
f 9024 9017 9015
v 12764.099 -17788.485 194.597
f 9024 9025 9017
v 12763.510 -17787.480 194.871
f 9024 9026 9025
v 12783.609 -17824.932 248.164
f 9027 8992 9018
f 9027 8999 8992
v 12780.611 -17817.324 221.852
f 9028 8986 9020
f 9028 8993 8986
f 9028 9000 8993
v 12774.706 -17797.422 206.146
f 9029 8994 8987
f 9029 8987 9021
v 12782.256 -17822.876 233.216
f 9030 8990 9022
f 9030 8997 8990
v 12779.100 -17806.922 212.297
f 9031 8998 9023
v 12766.600 -17786.508 202.219
f 9032 9026 9024
v 12762.877 -17786.508 195.166
f 9032 9033 9026
v 12762.201 -17785.573 195.482
f 9032 9034 9033
v 12784.844 -17824.992 246.116
f 9035 8999 9027
v 12781.648 -17815.491 220.716
f 9036 9000 9028
v 12774.324 -17795.077 206.427
f 9037 9001 8994
f 9037 8994 9029
v 12783.530 -17821.784 231.510
f 9038 9011 9004
f 9038 8997 9030
f 9038 9004 8997
v 12779.452 -17804.576 211.980
f 9039 9012 9005
f 9039 8998 9031
f 9039 9005 8998
v 12765.276 -17784.675 203.003
v 12761.483 -17784.675 195.816
f 9040 9041 9034
v 12760.726 -17783.819 196.170
f 9040 9042 9041
f 9040 9034 9032
v 12786.076 -17824.813 244.073
f 9043 9006 8999
f 9043 8999 9035
v 12782.557 -17813.514 219.721
f 9044 9000 9036
f 9044 9007 9000
v 12773.756 -17792.791 206.844
f 9045 9008 9001
f 9045 9015 9008
f 9045 9001 9037
v 12784.732 -17820.486 229.899
f 9046 9020 9011
f 9046 9011 9038
v 12779.629 -17802.196 211.821
f 9047 9012 9039
v 12763.803 -17783.005 203.876
f 9048 9042 9040
v 12759.931 -17783.005 196.540
f 9048 9049 9042
v 12759.100 -17782.236 196.928
f 9048 9050 9049
v 12787.293 -17824.398 242.055
f 9051 9006 9043
f 9051 9013 9006
v 12783.328 -17811.413 218.876
f 9052 9007 9044
f 9052 9014 9007
v 12773.007 -17790.586 207.395
f 9053 9024 9015
f 9053 9015 9045
v 12791.431 -17824.635 255.061
v 12790.429 -17824.102 257.167
f 9054 9019 9055
f 9054 9018 9019
v 12785.851 -17818.994 228.400
f 9056 9020 9046
v 12779.629 -17799.803 211.821
f 9057 9029 9021
f 9057 9021 9012
f 9057 9012 9047
v 12762.194 -17781.513 204.830
f 9058 9050 9048
v 12758.236 -17781.513 197.331
f 9058 9059 9050
v 12757.340 -17780.839 197.749
f 9058 9060 9059
v 12788.482 -17823.750 240.082
f 9061 9022 9013
f 9061 9013 9051
f 9061 9030 9022
v 12783.955 -17809.208 218.189
f 9062 9023 9014
f 9062 9014 9052
v 12772.085 -17788.485 208.072
f 9063 9024 9053
v 12792.451 -17824.932 252.917
f 9064 9027 9018
f 9064 9018 9054
v 12786.876 -17817.324 227.028
f 9065 9020 9056
f 9065 9028 9020
v 12779.452 -17797.422 211.980
f 9066 9037 9029
f 9066 9029 9057
v 12760.465 -17780.215 205.854
v 12756.414 -17780.215 198.180
f 9067 9068 9060
v 12755.462 -17779.643 198.624
f 9067 9069 9068
f 9067 9060 9058
v 12789.632 -17822.876 238.175
f 9070 9038 9030
f 9070 9030 9061
v 12784.430 -17806.922 217.668
f 9071 9023 9062
f 9071 9031 9023
v 12770.998 -17786.508 208.870
f 9072 9040 9032
f 9072 9024 9063
f 9072 9032 9024
v 12793.478 -17824.992 250.757
f 9073 9035 9027
f 9073 9027 9064
v 12787.796 -17815.491 225.795
f 9074 9036 9028
f 9074 9028 9065
v 12779.100 -17795.077 212.297
f 9075 9037 9066
v 12758.633 -17779.123 206.940
f 9076 9069 9067
v 12754.485 -17779.123 199.080
f 9076 9077 9069
v 12753.485 -17778.659 199.546
f 9076 9078 9077
v 12790.731 -17821.784 236.352
f 9079 9046 9038
f 9079 9038 9070
v 12784.750 -17804.576 217.318
f 9080 9031 9071
f 9080 9039 9031
v 12769.759 -17784.675 209.781
f 9081 9040 9072
f 9081 9048 9040
v 12794.503 -17824.813 248.602
f 9082 9051 9043
f 9082 9035 9073
f 9082 9043 9035
v 12788.602 -17813.514 224.715
f 9083 9036 9074
f 9083 9044 9036
f 9083 9052 9044
v 12778.575 -17792.791 212.769
f 9084 9045 9037
f 9084 9037 9075
v 12756.717 -17778.249 208.075
f 9085 9078 9076
v 12752.466 -17778.249 200.021
f 9085 9086 9078
v 12751.430 -17777.896 200.505
f 9085 9087 9086
v 12791.769 -17820.486 234.630
f 9088 9046 9079
v 12784.911 -17802.196 217.142
f 9089 9047 9039
f 9089 9039 9080
f 9089 9057 9047
v 12768.379 -17783.005 210.795
f 9090 9048 9081
v 12795.515 -17824.398 246.474
f 9091 9051 9082
v 12789.286 -17811.413 223.798
f 9092 9052 9083
f 9092 9062 9052
v 12777.884 -17790.586 213.390
f 9093 9045 9084
f 9093 9053 9045
v 12754.736 -17777.601 209.250
v 12750.379 -17777.601 200.995
f 9094 9095 9087
v 12749.316 -17777.364 201.490
f 9094 9096 9095
f 9094 9087 9085
v 12800.913 -17824.635 259.010
v 12800.124 -17824.102 261.205
f 9097 9055 9098
f 9097 9054 9055
v 12792.735 -17818.994 233.028
f 9099 9046 9088
f 9099 9056 9046
v 12784.911 -17799.803 217.142
f 9100 9057 9089
v 12766.871 -17781.513 211.902
f 9101 9048 9090
f 9101 9058 9048
v 12796.504 -17823.750 244.394
f 9102 9051 9091
f 9102 9061 9051
v 12789.842 -17809.208 223.054
f 9103 9062 9092
v 12777.033 -17788.485 214.155
f 9104 9053 9093
f 9104 9063 9053
v 12752.709 -17777.186 210.451
v 12748.243 -17777.186 201.990
f 9105 9106 9096
v 12747.164 -17777.067 202.494
f 9105 9107 9106
f 9105 9096 9094
v 12801.717 -17824.932 256.776
f 9108 9064 9054
f 9108 9054 9097
f 9108 9073 9064
v 12793.619 -17817.324 231.562
f 9109 9074 9065
f 9109 9056 9099
f 9109 9065 9056
v 12784.750 -17797.422 217.318
f 9110 9066 9057
f 9110 9057 9100
v 12765.251 -17780.215 213.092
f 9111 9076 9067
f 9111 9058 9101
f 9111 9067 9058
v 12797.460 -17822.876 242.383
f 9112 9070 9061
f 9112 9061 9102
v 12790.264 -17806.922 222.488
f 9113 9071 9062
f 9113 9062 9103
v 12776.031 -17786.508 215.056
f 9114 9063 9104
f 9114 9072 9063
v 12750.656 -17777.007 211.667
f 9115 9107 9105
v 12746.081 -17777.007 202.999
f 9115 9116 9107
v 12744.996 -17777.007 203.504
f 9115 9117 9116
v 12802.526 -17824.992 254.525
f 9118 9073 9108
v 12794.414 -17815.491 230.245
f 9119 9074 9109
f 9119 9083 9074
v 12784.430 -17795.077 217.668
f 9120 9066 9110
f 9120 9075 9066
f 9120 9084 9075
v 12763.536 -17779.123 214.353
f 9121 9076 9111
f 9121 9085 9076
v 12798.375 -17821.784 240.460
f 9122 9079 9070
f 9122 9070 9112
f 9122 9088 9079
v 12790.548 -17804.576 222.109
f 9123 9080 9071
f 9123 9089 9080
f 9123 9071 9113
v 12774.887 -17784.675 216.084
f 9124 9081 9072
f 9124 9072 9114
v 12748.599 -17777.067 212.887
v 12743.913 -17777.067 204.010
f 9125 9126 9117
v 12742.834 -17777.186 204.513
f 9125 9127 9126
f 9125 9117 9115
v 12803.334 -17824.813 252.280
f 9128 9073 9118
f 9128 9082 9073
v 12795.109 -17813.514 229.090
f 9129 9083 9119
v 12783.955 -17792.791 218.189
f 9130 9093 9084
f 9130 9084 9120
v 12761.741 -17778.249 215.672
f 9131 9085 9121
v 12799.238 -17820.486 238.645
f 9132 9088 9122
v 12790.690 -17802.196 221.918
f 9133 9089 9123
v 12773.614 -17783.005 217.229
f 9134 9090 9081
f 9134 9081 9124
v 12746.556 -17777.364 214.097
v 12741.761 -17777.364 205.013
f 9135 9136 9127
v 12740.698 -17777.601 205.509
f 9135 9137 9136
f 9135 9127 9125
v 12804.131 -17824.398 250.063
f 9138 9082 9128
f 9138 9091 9082
v 12795.700 -17811.413 228.110
f 9139 9092 9083
f 9139 9083 9129
v 12783.328 -17790.586 218.876
f 9140 9093 9130
v 12759.885 -17777.601 217.035
f 9141 9094 9085
f 9141 9105 9094
f 9141 9085 9131
v 12810.739 -17824.635 262.006
v 12810.169 -17824.102 264.268
f 9142 9098 9143
f 9142 9097 9098
v 12800.041 -17818.994 236.956
f 9144 9099 9088
f 9144 9109 9099
f 9144 9088 9132
v 12790.690 -17799.803 221.918
f 9145 9110 9100
f 9145 9089 9133
f 9145 9100 9089
v 12772.222 -17781.513 218.480
f 9146 9101 9090
f 9146 9090 9134
v 12744.549 -17777.896 215.286
f 9147 9137 9135
v 12739.647 -17777.896 205.999
f 9147 9148 9137
v 12804.911 -17823.750 247.896
f 9149 9102 9091
f 9149 9091 9138
v 12796.180 -17809.208 227.315
f 9150 9103 9092
f 9150 9092 9139
f 9150 9113 9103
v 12782.557 -17788.485 219.721
f 9151 9104 9093
f 9151 9093 9140
f 9151 9114 9104
v 12757.986 -17777.186 218.430
f 9152 9105 9141
v 12811.318 -17824.932 259.703
f 9153 9108 9097
f 9153 9097 9142
v 12800.777 -17817.324 235.409
f 9154 9109 9144
v 12790.548 -17797.422 222.109
f 9155 9110 9145
v 12770.728 -17780.215 219.824
f 9156 9111 9101
f 9156 9101 9146
v 12805.665 -17822.876 245.800
f 9157 9102 9149
f 9157 9112 9102
v 12796.544 -17806.922 226.711
f 9158 9113 9150
v 12781.648 -17786.508 220.716
f 9159 9124 9114
f 9159 9114 9151
v 12756.063 -17777.007 219.843
f 9160 9105 9152
f 9160 9115 9105
v 12811.902 -17824.992 257.384
f 9161 9108 9153
f 9161 9118 9108
v 12801.437 -17815.491 234.020
f 9162 9109 9154
f 9162 9119 9109
f 9162 9129 9119
v 12790.264 -17795.077 222.488
f 9163 9120 9110
f 9163 9110 9155
v 12769.144 -17779.123 221.247
f 9164 9111 9156
f 9164 9121 9111
v 12806.385 -17821.784 243.796
f 9165 9122 9112
f 9165 9112 9157
v 12796.789 -17804.576 226.305
f 9166 9133 9123
f 9166 9113 9158
f 9166 9123 9113
v 12780.611 -17784.675 221.852
f 9167 9134 9124
f 9167 9124 9159
v 12754.136 -17777.067 221.259
f 9168 9125 9115
f 9168 9115 9160
v 12812.485 -17824.813 255.070
f 9169 9118 9161
f 9169 9138 9128
f 9169 9128 9118
v 12802.016 -17813.514 232.803
f 9170 9139 9129
f 9170 9129 9162
v 12789.842 -17792.791 223.054
f 9171 9130 9120
f 9171 9120 9163
v 12767.488 -17778.249 222.736
f 9172 9121 9164
f 9172 9131 9121
v 12807.066 -17820.486 241.905
f 9173 9122 9165
f 9173 9132 9122
f 9173 9144 9132
v 12796.912 -17802.196 226.101
f 9174 9133 9166
v 12779.457 -17783.005 223.117
f 9175 9146 9134
f 9175 9134 9167
v 12752.222 -17777.364 222.665
f 9176 9147 9135
f 9176 9135 9125
f 9176 9125 9168
v 12813.060 -17824.398 252.785
f 9177 9138 9169
v 12802.508 -17811.413 231.770
f 9178 9139 9170
v 12789.286 -17790.586 223.798
f 9179 9140 9130
f 9179 9130 9171
v 12765.775 -17777.601 224.276
f 9180 9131 9172
f 9180 9141 9131
v 12820.811 -17824.635 264.019
f 9181 9142 9143
v 12820.467 -17824.102 266.326
f 9181 9143 9182
v 12807.699 -17818.994 240.145
f 9183 9144 9173
v 12796.912 -17799.803 226.101
f 9184 9145 9133
f 9184 9133 9174
v 12778.196 -17781.513 224.498
f 9185 9146 9175
v 12750.343 -17777.896 224.046
f 9186 9147 9176
v 12813.622 -17823.750 250.552
f 9187 9138 9177
f 9187 9149 9138
v 12802.907 -17809.208 230.931
f 9188 9150 9139
f 9188 9139 9178
f 9188 9158 9150
v 12788.602 -17788.485 224.715
f 9189 9140 9179
f 9189 9151 9140
v 12764.023 -17777.186 225.851
f 9190 9152 9141
f 9190 9141 9180
v 12821.161 -17824.932 261.671
f 9191 9161 9153
f 9191 9153 9142
f 9191 9142 9181
v 12808.278 -17817.324 238.533
f 9192 9144 9183
f 9192 9154 9144
f 9192 9162 9154
v 12796.789 -17797.422 226.305
f 9193 9145 9184
f 9193 9155 9145
v 12776.840 -17780.215 225.983
f 9194 9156 9146
f 9194 9164 9156
f 9194 9146 9185
v 12748.515 -17778.659 225.389
v 12742.598 -17778.659 216.443
f 9195 9196 9147
f 9195 9147 9186
v 12814.166 -17822.876 248.392
f 9197 9149 9187
f 9197 9157 9149
f 9197 9165 9157
v 12803.210 -17806.922 230.294
f 9198 9158 9188
v 12787.796 -17786.508 225.795
f 9199 9159 9151
f 9199 9151 9189
v 12762.249 -17777.007 227.446
f 9200 9152 9190
f 9200 9160 9152
v 12821.514 -17824.992 259.305
f 9201 9161 9191
v 12808.799 -17815.491 237.086
f 9202 9162 9192
v 12796.544 -17795.077 226.711
f 9203 9163 9155
f 9203 9155 9193
v 12775.405 -17779.123 227.555
f 9204 9164 9194
v 12746.757 -17779.643 226.680
v 12740.722 -17779.643 217.554
f 9205 9206 9196
f 9205 9196 9195
v 12814.686 -17821.784 246.327
f 9207 9165 9197
f 9207 9173 9165
v 12803.413 -17804.576 229.866
f 9208 9158 9198
f 9208 9166 9158
v 12786.876 -17784.675 227.028
f 9209 9167 9159
f 9209 9175 9167
f 9209 9159 9199
v 12760.470 -17777.067 229.046
f 9210 9168 9160
f 9210 9160 9200
v 12821.866 -17824.813 256.945
f 9211 9161 9201
f 9211 9169 9161
f 9211 9177 9169
v 12809.255 -17813.514 235.818
f 9212 9170 9162
f 9212 9162 9202
v 12796.180 -17792.791 227.315
f 9213 9171 9163
f 9213 9163 9203
v 12773.904 -17778.249 229.200
f 9214 9164 9204
f 9214 9172 9164
v 12815.176 -17820.486 244.378
f 9215 9173 9207
v 12803.516 -17802.196 229.650
f 9216 9166 9208
f 9216 9174 9166
v 12785.851 -17783.005 228.400
f 9217 9175 9209
v 12758.705 -17777.364 230.633
f 9218 9176 9168
f 9218 9168 9210
f 9218 9186 9176
v 12822.213 -17824.398 254.615
f 9219 9177 9211
v 12809.642 -17811.413 234.741
f 9220 9178 9170
f 9220 9170 9212
v 12795.700 -17790.586 228.110
f 9221 9179 9171
f 9221 9189 9179
f 9221 9171 9213
v 12772.351 -17777.601 230.901
f 9222 9180 9172
f 9222 9172 9214
f 9222 9190 9180
v 12815.633 -17818.994 242.564
f 9223 9183 9173
f 9223 9173 9215
v 12803.516 -17799.803 229.650
f 9224 9174 9216
f 9224 9193 9184
f 9224 9184 9174
v 12784.732 -17781.513 229.899
f 9225 9175 9217
f 9225 9185 9175
v 12756.970 -17777.896 232.192
f 9226 9186 9218
v 12822.553 -17823.750 252.337
f 9227 9177 9219
f 9227 9197 9187
f 9227 9187 9177
v 12809.957 -17809.208 233.866
f 9228 9178 9220
f 9228 9188 9178
v 12795.109 -17788.485 229.090
f 9229 9189 9221
v 12770.762 -17777.186 232.642
f 9230 9190 9222
v 12816.051 -17817.324 240.903
f 9231 9202 9192
f 9231 9192 9183
f 9231 9183 9223
v 12803.413 -17797.422 229.866
f 9232 9203 9193
f 9232 9193 9224
v 12783.530 -17780.215 231.510
f 9233 9185 9225
f 9233 9194 9185
v 12822.881 -17822.876 250.134
f 9234 9197 9227
v 12810.196 -17806.922 233.203
f 9235 9198 9188
f 9235 9188 9228
v 12794.414 -17786.508 230.245
f 9236 9209 9199
f 9236 9199 9189
f 9236 9189 9229
v 12769.154 -17777.007 234.404
f 9237 9200 9190
f 9237 9190 9230
v 12816.427 -17815.491 239.412
f 9238 9202 9231
v 12803.210 -17795.077 230.294
f 9239 9203 9232
v 12782.256 -17779.123 233.216
f 9240 9194 9233
f 9240 9204 9194
v 12823.195 -17821.784 248.028
f 9241 9207 9197
f 9241 9197 9234
v 12810.356 -17804.576 232.757
f 9242 9208 9198
f 9242 9198 9235
v 12793.619 -17784.675 231.562
f 9243 9217 9209
f 9243 9209 9236
v 12767.541 -17777.067 236.170
f 9244 9200 9237
f 9244 9210 9200
v 12816.756 -17813.514 238.105
f 9245 9202 9238
f 9245 9212 9202
f 9245 9220 9212
v 12802.907 -17792.791 230.931
f 9246 9213 9203
f 9246 9203 9239
v 12780.924 -17778.249 235.001
f 9247 9214 9204
f 9247 9204 9240
v 12823.491 -17820.486 246.040
f 9248 9223 9215
f 9248 9207 9241
f 9248 9215 9207
v 12810.437 -17802.196 232.533
f 9249 9216 9208
f 9249 9208 9242
v 12792.735 -17783.005 233.028
f 9250 9225 9217
f 9250 9217 9243
v 12765.940 -17777.364 237.924
f 9251 9210 9244
f 9251 9218 9210
v 12817.035 -17811.413 236.995
f 9252 9228 9220
f 9252 9220 9245
v 12802.508 -17790.586 231.770
f 9253 9221 9213
f 9253 9213 9246
f 9253 9229 9221
v 12779.546 -17777.601 236.847
f 9254 9230 9222
f 9254 9214 9247
f 9254 9222 9214
v 12823.767 -17818.994 244.190
f 9255 9223 9248
v 12810.437 -17799.803 232.533
f 9256 9216 9249
f 9256 9224 9216
v 12791.769 -17781.513 234.630
f 9257 9225 9250
v 12764.368 -17777.896 239.646
f 9258 9218 9251
f 9258 9226 9218
v 12817.262 -17809.208 236.094
f 9259 9228 9252
f 9259 9235 9228
v 12802.016 -17788.485 232.803
f 9260 9229 9253
v 12778.137 -17777.186 238.735
f 9261 9230 9254
v 12824.020 -17817.324 242.496
f 9262 9238 9231
f 9262 9223 9255
f 9262 9231 9223
v 12810.356 -17797.422 232.757
f 9263 9224 9256
f 9263 9232 9224
v 12790.731 -17780.215 236.352
f 9264 9225 9257
f 9264 9233 9225
v 12817.434 -17806.922 235.410
f 9265 9242 9235
f 9265 9235 9259
v 12801.437 -17786.508 234.020
f 9266 9243 9236
f 9266 9236 9229
f 9266 9229 9260
v 12776.710 -17777.007 240.647
f 9267 9230 9261
f 9267 9237 9230
v 12824.246 -17815.491 240.975
f 9268 9238 9262
v 12810.196 -17795.077 233.203
f 9269 9246 9239
f 9269 9232 9263
f 9269 9239 9232
v 12789.632 -17779.123 238.175
f 9270 9233 9264
f 9270 9240 9233
v 12817.550 -17804.576 234.950
f 9271 9242 9265
f 9271 9249 9242
v 12800.777 -17784.675 235.409
f 9272 9243 9266
v 12775.279 -17777.067 242.564
f 9273 9244 9237
f 9273 9237 9267
v 12824.445 -17813.514 239.642
f 9274 9238 9268
f 9274 9245 9238
v 12809.957 -17792.791 233.866
f 9275 9246 9269
f 9275 9253 9246
v 12788.482 -17778.249 240.082
f 9276 9240 9270
f 9276 9247 9240
v 12817.608 -17802.196 234.719
f 9277 9249 9271
v 12800.041 -17783.005 236.956
f 9278 9257 9250
f 9278 9250 9243
f 9278 9243 9272
v 12773.859 -17777.364 244.466
f 9279 9251 9244
f 9279 9244 9273
v 12824.614 -17811.413 238.510
f 9280 9245 9274
f 9280 9252 9245
f 9280 9259 9252
v 12809.642 -17790.586 234.741
f 9281 9253 9275
v 12787.293 -17777.601 242.055
f 9282 9254 9247
f 9282 9247 9276
v 12817.608 -17799.803 234.719
f 9283 9249 9277
f 9283 9256 9249
f 9283 9263 9256
v 12799.238 -17781.513 238.645
f 9284 9257 9278
v 12772.464 -17777.896 246.336
f 9285 9251 9279
f 9285 9258 9251
v 12762.839 -17778.659 241.321
f 9285 9286 9258
v 12824.751 -17809.208 237.591
f 9287 9259 9280
v 12809.255 -17788.485 235.818
f 9288 9253 9281
f 9288 9260 9253
f 9288 9266 9260
v 12786.076 -17777.186 244.073
f 9289 9261 9254
f 9289 9254 9282
v 12817.550 -17797.422 234.950
f 9290 9263 9283
f 9290 9269 9263
v 12798.375 -17780.215 240.460
f 9291 9257 9284
f 9291 9264 9257
v 12771.107 -17778.659 248.153
f 9292 9286 9285
v 12761.368 -17779.643 242.932
f 9292 9293 9286
v 12824.855 -17806.922 236.893
f 9294 9259 9287
f 9294 9265 9259
v 12808.799 -17786.508 237.086
f 9295 9266 9288
v 12784.844 -17777.007 246.116
f 9296 9267 9261
f 9296 9261 9289
v 12817.434 -17795.077 235.410
f 9297 9269 9290
v 12797.460 -17779.123 242.383
f 9298 9276 9270
f 9298 9270 9264
f 9298 9264 9291
v 12769.803 -17779.643 249.901
f 9299 9293 9292
v 12824.925 -17804.576 236.424
f 9300 9265 9294
f 9300 9271 9265
v 12808.278 -17784.675 238.533
f 9301 9272 9266
f 9301 9266 9295
v 12783.609 -17777.067 248.164
f 9302 9273 9267
f 9302 9267 9296
v 12817.262 -17792.791 236.094
f 9303 9275 9269
f 9303 9269 9297
f 9303 9281 9275
v 12796.504 -17778.249 244.394
f 9304 9276 9298
v 12768.563 -17780.839 251.561
f 9305 9293 9299
v 12759.971 -17780.839 244.462
f 9305 9306 9293
v 12824.960 -17802.196 236.189
f 9307 9271 9300
f 9307 9277 9271
v 12807.699 -17783.005 240.145
f 9308 9272 9301
f 9308 9278 9272
v 12782.384 -17777.364 250.197
f 9309 9273 9302
f 9309 9279 9273
v 12817.035 -17790.586 236.995
f 9310 9281 9303
v 12795.515 -17777.601 246.474
f 9311 9282 9276
f 9311 9276 9304
v 12767.401 -17782.236 253.118
v 12758.662 -17782.236 245.897
f 9312 9313 9306
f 9312 9306 9305
v 12824.960 -17799.803 236.189
f 9314 9277 9307
f 9314 9283 9277
v 12807.066 -17781.513 241.905
f 9315 9278 9308
f 9315 9284 9278
v 12781.179 -17777.896 252.195
f 9316 9279 9309
f 9316 9285 9279
f 9316 9292 9285
v 12816.756 -17788.485 238.105
f 9317 9295 9288
f 9317 9288 9281
f 9317 9281 9310
v 12794.503 -17777.186 248.602
f 9318 9282 9311
f 9318 9289 9282
v 12766.328 -17783.819 254.556
f 9319 9313 9312
v 12757.452 -17783.819 247.222
f 9319 9320 9313
v 12824.925 -17797.422 236.424
f 9321 9283 9314
f 9321 9290 9283
v 12806.385 -17780.215 243.796
f 9322 9284 9315
f 9322 9291 9284
v 12780.008 -17778.659 254.137
f 9323 9292 9316
f 9323 9299 9292
v 12816.427 -17786.508 239.412
f 9324 9295 9317
v 12793.478 -17777.007 250.757
f 9325 9296 9289
f 9325 9289 9318
v 12824.855 -17795.077 236.893
f 9326 9290 9321
f 9326 9297 9290
v 12805.665 -17779.123 245.800
f 9327 9304 9298
f 9327 9298 9291
f 9327 9291 9322
v 12778.882 -17779.643 256.005
f 9328 9299 9323
v 12816.051 -17784.675 240.903
f 9329 9295 9324
f 9329 9301 9295
v 12792.451 -17777.067 252.917
f 9330 9302 9296
f 9330 9296 9325
v 12824.751 -17792.791 237.591
f 9331 9303 9297
f 9331 9297 9326
f 9331 9310 9303
v 12804.911 -17778.249 247.896
f 9332 9304 9327
v 12777.812 -17780.839 257.779
f 9333 9305 9299
f 9333 9299 9328
v 12815.633 -17783.005 242.564
f 9334 9301 9329
f 9334 9315 9308
f 9334 9308 9301
v 12791.431 -17777.364 255.061
f 9335 9302 9330
f 9335 9309 9302
f 9335 9316 9309
v 12824.614 -17790.586 238.510
f 9336 9310 9331
v 12804.131 -17777.601 250.063
f 9337 9311 9304
f 9337 9304 9332
v 12776.809 -17782.236 259.443
f 9338 9305 9333
f 9338 9312 9305
v 12815.176 -17781.513 244.378
f 9339 9315 9334
f 9339 9322 9315
v 12790.429 -17777.896 257.167
f 9340 9316 9335
v 12824.445 -17788.485 239.642
f 9341 9310 9336
f 9341 9317 9310
v 12803.334 -17777.186 252.280
f 9342 9311 9337
f 9342 9318 9311
v 12775.883 -17783.819 260.979
f 9343 9312 9338
f 9343 9319 9312
v 12814.686 -17780.215 246.327
f 9344 9322 9339
v 12789.455 -17778.659 259.216
f 9345 9316 9340
f 9345 9328 9323
f 9345 9323 9316
v 12824.246 -17786.508 240.975
f 9346 9317 9341
f 9346 9329 9324
f 9346 9324 9317
v 12802.526 -17777.007 254.525
f 9347 9325 9318
f 9347 9318 9342
v 12814.166 -17779.123 248.392
f 9348 9327 9322
f 9348 9332 9327
f 9348 9322 9344
v 12788.518 -17779.643 261.185
f 9349 9328 9345
v 12824.020 -17784.675 242.496
f 9350 9329 9346
v 12801.717 -17777.067 256.776
f 9351 9330 9325
f 9351 9325 9347
v 12813.622 -17778.249 250.552
f 9352 9332 9348
v 12787.629 -17780.839 263.056
f 9353 9333 9328
f 9353 9328 9349
v 12823.767 -17783.005 244.190
f 9354 9334 9329
f 9354 9329 9350
v 12800.913 -17777.364 259.010
f 9355 9330 9351
f 9355 9335 9330
v 12813.060 -17777.601 252.785
f 9356 9332 9352
f 9356 9337 9332
v 12786.794 -17782.236 264.811
f 9357 9338 9333
f 9357 9333 9353
v 12823.491 -17781.513 246.040
f 9358 9334 9354
f 9358 9339 9334
v 12800.124 -17777.896 261.205
f 9359 9340 9335
f 9359 9335 9355
v 12812.485 -17777.186 255.070
f 9360 9342 9337
f 9360 9337 9356
v 12786.024 -17783.819 266.431
f 9361 9338 9357
f 9361 9343 9338
v 12823.195 -17780.215 248.028
f 9362 9339 9358
f 9362 9344 9339
f 9362 9348 9344
v 12811.902 -17777.007 257.384
f 9363 9342 9360
f 9363 9347 9342
v 12822.881 -17779.123 250.134
f 9364 9348 9362
v 12811.318 -17777.067 259.703
f 9365 9351 9347
f 9365 9347 9363
v 12822.553 -17778.249 252.337
f 9366 9348 9364
f 9366 9352 9348
v 12810.739 -17777.364 262.006
f 9367 9355 9351
f 9367 9351 9365
v 12822.213 -17777.601 254.615
f 9368 9352 9366
f 9368 9356 9352
v 12810.169 -17777.896 264.268
f 9369 9355 9367
f 9369 9359 9355
v 12821.866 -17777.186 256.945
f 9370 9360 9356
f 9370 9363 9360
f 9370 9356 9368
v 12821.514 -17777.007 259.305
f 9371 9363 9370
v 12821.161 -17777.067 261.671
f 9372 9363 9371
f 9372 9365 9363
v 12820.811 -17777.364 264.019
f 9373 9365 9372
f 9373 9367 9365
f 9373 9369 9367
v 12820.467 -17777.896 266.326
f 9374 9369 9373
v 12725.220 -17803.389 216.097
v 12723.787 -17800.999 213.394
v 12726.508 -17800.999 218.872
f 9375 9376 9377
v 12723.814 -17802.196 213.382
f 9375 9378 9376
v 12723.895 -17803.389 213.344
f 9375 9379 9378
v 12724.030 -17804.576 213.281
f 9375 9380 9379
v 12728.072 -17803.389 221.500
v 12729.495 -17800.999 224.208
v 12729.597 -17803.389 224.147
f 9381 9382 9383
f 9381 9377 9382
v 12731.187 -17803.389 226.756
f 9384 9383 9382
v 12732.741 -17800.999 229.391
f 9384 9382 9385
v 12734.557 -17803.389 231.852
v 12736.240 -17800.999 234.407
f 9386 9385 9387
v 12736.336 -17803.389 234.336
f 9386 9387 9388
v 12738.175 -17803.389 236.776
v 12739.981 -17800.999 239.245
f 9389 9387 9390
f 9389 9388 9387
v 12742.031 -17803.389 241.515
v 12743.956 -17800.999 243.892
f 9391 9390 9392
v 12744.045 -17803.389 243.812
f 9391 9392 9393
v 12746.115 -17803.389 246.059
v 12748.156 -17800.999 248.338
f 9394 9392 9395
f 9394 9393 9392
v 12750.419 -17803.389 250.395
v 12752.570 -17800.999 252.571
f 9396 9395 9397
v 12752.650 -17803.389 252.483
f 9396 9397 9398
v 12754.932 -17803.389 254.515
v 12757.187 -17800.999 256.581
f 9399 9397 9400
f 9399 9398 9397
v 12759.642 -17803.389 258.406
v 12761.996 -17800.999 260.359
f 9401 9400 9402
v 12762.067 -17803.389 260.264
f 9401 9402 9403
v 12764.538 -17803.389 262.061
v 12766.985 -17800.999 263.896
f 9404 9402 9405
f 9404 9403 9402
v 12769.608 -17803.389 265.470
v 12772.143 -17800.999 267.181
f 9406 9405 9407
v 12772.205 -17803.389 267.079
f 9406 9407 9408
v 12774.840 -17803.389 268.624
v 12777.457 -17800.999 270.209
f 9409 9407 9410
f 9409 9408 9407
v 12780.222 -17803.389 271.517
v 12782.913 -17800.999 272.971
f 9411 9410 9412
v 12782.964 -17803.389 272.863
f 9411 9412 9413
v 12785.739 -17803.389 274.141
v 12788.499 -17800.999 275.461
f 9414 9412 9415
f 9414 9413 9412
v 12791.380 -17803.389 276.490
v 12794.201 -17800.999 277.672
f 9416 9415 9417
v 12794.241 -17803.389 277.560
f 9416 9417 9418
v 12797.129 -17803.389 278.558
v 12800.005 -17800.999 279.599
f 9419 9417 9420
f 9419 9418 9417
v 12802.973 -17803.389 280.340
v 12805.897 -17800.999 281.238
f 9421 9420 9422
v 12805.926 -17803.389 281.122
f 9421 9422 9423
v 12808.898 -17803.389 281.831
v 12811.863 -17800.999 282.584
f 9424 9422 9425
f 9424 9423 9422
v 12814.889 -17803.389 283.029
v 12817.887 -17800.999 283.635
f 9426 9425 9427
v 12817.905 -17803.389 283.517
f 9426 9427 9428
v 12820.932 -17803.389 283.930
v 12823.957 -17800.999 284.387
f 9429 9427 9430
f 9429 9428 9427
v 12820.950 -17804.576 283.782
v 12817.958 -17805.755 283.164
f 9431 9432 9428
f 9431 9428 9429
v 12824.099 -17809.208 282.947
v 12818.165 -17810.322 281.771
v 12818.045 -17808.074 282.580
f 9433 9434 9435
v 12830.069 -17804.576 284.571
v 12826.026 -17805.755 284.097
v 12830.061 -17803.389 284.720
f 9436 9437 9438
v 12827.082 -17808.074 283.587
f 9439 9433 9437
f 9439 9437 9436
v 12833.114 -17803.389 284.833
v 12830.055 -17800.999 284.839
v 12836.169 -17800.999 284.990
f 9440 9441 9442
v 12836.169 -17802.196 284.960
f 9440 9442 9443
v 12836.169 -17803.389 284.871
f 9440 9443 9444
f 9440 9438 9441
v 12827.096 -17808.643 283.404
f 9445 9433 9439
v 12824.191 -17811.413 282.022
v 12818.318 -17812.478 280.744
f 9446 9447 9434
f 9446 9434 9433
v 12833.116 -17803.984 284.766
f 9448 9438 9440
v 12836.169 -17804.576 284.722
f 9448 9444 9449
f 9448 9440 9444
f 9448 9436 9438
v 12833.118 -17804.576 284.684
f 9450 9436 9448
v 12827.126 -17809.768 282.996
f 9451 9433 9445
v 12827.143 -17810.322 282.771
f 9452 9446 9433
f 9452 9433 9451
v 12827.160 -17810.870 282.533
f 9453 9446 9452
v 12830.114 -17808.454 283.653
f 9454 9445 9439
f 9454 9436 9450
v 12836.169 -17808.074 283.924
v 12836.169 -17809.208 283.542
f 9454 9455 9456
f 9454 9451 9445
f 9454 9439 9436
v 12824.303 -17813.514 280.883
v 12818.502 -17814.519 279.510
f 9457 9458 9447
f 9457 9447 9446
v 12834.137 -17805.363 284.573
f 9459 9454 9450
f 9459 9448 9449
f 9459 9450 9448
v 12836.169 -17805.755 284.514
f 9459 9449 9460
v 12836.169 -17806.922 284.248
f 9459 9460 9461
f 9459 9461 9455
f 9459 9455 9454
v 12827.199 -17811.949 282.015
f 9462 9446 9453
v 12830.141 -17809.953 283.108
f 9463 9451 9454
f 9463 9452 9451
v 12836.169 -17810.322 283.105
f 9463 9456 9464
f 9463 9454 9456
v 12827.219 -17812.478 281.736
f 9465 9457 9446
f 9465 9446 9462
v 12827.241 -17812.999 281.444
f 9466 9457 9465
v 12830.156 -17810.688 282.799
f 9467 9463 9464
f 9467 9453 9452
v 12836.169 -17811.413 282.613
f 9467 9464 9468
f 9467 9452 9463
v 12824.436 -17815.491 279.542
f 9469 9458 9457
v 12818.715 -17816.426 278.081
f 9469 9470 9458
v 12827.287 -17814.021 280.822
f 9471 9457 9466
v 12830.190 -17812.126 282.107
f 9472 9462 9453
v 12836.169 -17812.478 282.067
f 9472 9468 9473
f 9472 9465 9462
f 9472 9467 9468
f 9472 9453 9467
v 12827.311 -17814.519 280.492
f 9474 9457 9471
f 9474 9469 9457
v 12827.337 -17815.009 280.149
f 9475 9469 9474
v 12830.209 -17812.826 281.726
v 12836.169 -17813.514 281.469
f 9476 9473 9477
f 9476 9466 9465
f 9476 9465 9472
f 9476 9472 9473
v 12824.588 -17817.324 278.011
v 12818.955 -17818.180 276.472
f 9478 9479 9470
v 12819.220 -17819.763 274.697
f 9478 9480 9479
f 9478 9470 9469
v 12827.390 -17815.963 279.429
f 9481 9469 9475
v 12830.250 -17814.188 280.896
v 12836.169 -17814.519 280.820
f 9482 9477 9483
f 9482 9471 9466
f 9482 9466 9476
f 9482 9474 9471
f 9482 9476 9477
v 12827.418 -17816.426 279.051
f 9484 9478 9469
f 9484 9469 9481
v 12827.447 -17816.880 278.662
f 9485 9478 9484
v 12830.272 -17814.847 280.447
v 12836.169 -17815.491 280.121
f 9486 9483 9487
f 9486 9475 9474
f 9486 9482 9483
f 9486 9481 9475
f 9486 9474 9482
v 12827.507 -17817.757 277.850
f 9488 9478 9485
v 12830.320 -17816.119 279.484
v 12836.169 -17816.426 279.375
f 9489 9487 9490
f 9489 9484 9481
f 9489 9481 9486
f 9489 9486 9487
v 12827.539 -17818.180 277.428
f 9491 9478 9488
v 12827.571 -17818.593 276.996
f 9492 9478 9491
v 12830.345 -17816.730 278.972
f 9493 9491 9488
v 12836.169 -17817.324 278.583
f 9493 9490 9494
f 9493 9489 9490
v 12836.169 -17818.180 277.747
f 9493 9494 9495
v 12836.169 -17818.994 276.870
f 9493 9495 9496
v 12836.169 -17819.763 275.954
f 9493 9496 9497
f 9493 9492 9491
f 9493 9484 9489
f 9493 9485 9484
f 9493 9488 9485
v 12827.637 -17819.385 276.101
f 9498 9492 9493
f 9498 9478 9492
f 9498 9493 9497
v 12827.671 -17819.763 275.639
f 9499 9480 9478
f 9499 9498 9497
f 9499 9478 9498
v 12827.706 -17820.131 275.168
f 9500 9480 9499
v 12836.169 -17820.486 275.000
f 9500 9497 9501
f 9500 9499 9497
v 12827.778 -17820.829 274.199
f 9502 9500 9501
f 9502 9480 9500
v 12819.506 -17821.160 272.776
f 9502 9503 9480
v 12836.169 -17821.160 274.011
f 9502 9501 9504
v 12827.815 -17821.160 273.702
f 9505 9503 9502
f 9505 9502 9504
v 12827.852 -17821.478 273.196
f 9506 9505 9504
f 9506 9503 9505
v 12836.169 -17821.784 272.990
f 9506 9504 9507
v 12819.812 -17822.356 270.726
f 9506 9508 9503
v 12827.929 -17822.077 272.163
f 9509 9508 9506
v 12836.169 -17822.356 271.939
f 9509 9507 9510
f 9509 9506 9507
v 12827.968 -17822.356 271.635
f 9511 9508 9509
f 9511 9509 9510
v 12828.008 -17822.623 271.101
f 9512 9511 9510
f 9512 9508 9511
v 12820.133 -17823.340 268.569
f 9512 9513 9508
v 12836.169 -17822.876 270.861
f 9512 9510 9514
v 12828.088 -17823.115 270.013
f 9515 9512 9514
v 12836.169 -17823.340 269.758
f 9515 9514 9516
f 9515 9513 9512
v 12828.129 -17823.340 269.460
f 9517 9513 9515
f 9517 9515 9516
v 12828.171 -17823.552 268.902
f 9518 9517 9516
f 9518 9513 9517
v 12836.169 -17823.750 268.633
f 9518 9516 9519
v 12828.254 -17823.933 267.771
f 9520 9513 9518
v 12836.169 -17824.102 267.490
f 9520 9519 9521
f 9520 9518 9519
f 9520 9182 9513
v 12828.297 -17824.102 267.199
f 9522 9520 9521
f 9522 9182 9520
v 12828.340 -17824.257 266.622
f 9523 9182 9522
f 9523 9522 9521
v 12836.169 -17824.398 266.330
f 9523 9521 9524
v 12828.426 -17824.524 265.459
f 9525 9182 9523
f 9525 9523 9524
v 12836.169 -17824.635 265.157
f 9525 9524 9526
f 9525 9181 9182
v 12828.469 -17824.635 264.872
f 9527 9525 9526
f 9527 9181 9525
v 12828.513 -17824.731 264.283
f 9528 9527 9526
v 12836.169 -17824.813 263.974
f 9528 9526 9529
f 9528 9181 9527
v 12828.601 -17824.880 263.099
f 9530 9191 9181
v 12836.169 -17824.932 262.783
f 9530 9529 9531
f 9530 9528 9529
f 9530 9181 9528
v 12828.645 -17824.932 262.505
f 9532 9191 9530
f 9532 9530 9531
v 12725.220 -17798.610 216.097
f 9533 9377 9376
v 12724.030 -17797.422 213.281
v 12724.218 -17796.244 213.193
f 9533 9534 9535
v 12723.895 -17798.610 213.344
f 9533 9536 9534
v 12723.814 -17799.803 213.382
f 9533 9537 9536
f 9533 9376 9537
v 12828.689 -17824.970 261.909
f 9538 9201 9191
v 12836.169 -17824.992 261.588
f 9538 9531 9539
f 9538 9191 9532
f 9538 9532 9531
v 12828.777 -17824.999 260.716
f 9540 9538 9539
v 12836.169 -17824.992 260.391
f 9540 9539 9541
f 9540 9201 9538
v 12828.822 -17824.992 260.120
f 9542 9540 9541
f 9542 9201 9540
v 12828.866 -17824.970 259.523
v 12836.169 -17824.932 259.196
f 9543 9541 9544
f 9543 9201 9542
f 9543 9542 9541
v 12828.954 -17824.880 258.333
f 9545 9211 9201
v 12836.169 -17824.813 258.006
f 9545 9544 9546
f 9545 9543 9544
f 9545 9201 9543
v 12828.998 -17824.813 257.740
f 9547 9545 9546
f 9547 9211 9545
v 12829.042 -17824.731 257.149
v 12836.169 -17824.635 256.822
f 9548 9546 9549
f 9548 9547 9546
f 9548 9211 9547
v 12728.072 -17798.610 221.500
v 12729.597 -17798.610 224.147
f 9550 9551 9382
f 9550 9382 9377
v 12829.129 -17824.524 255.974
f 9552 9211 9548
f 9552 9219 9211
f 9552 9548 9549
v 12836.169 -17824.398 255.649
f 9552 9549 9553
v 12829.172 -17824.398 255.390
f 9554 9552 9553
f 9554 9219 9552
v 12829.215 -17824.257 254.810
v 12836.169 -17824.102 254.490
f 9555 9553 9556
f 9555 9554 9553
f 9555 9219 9554
v 12829.300 -17823.933 253.661
f 9557 9227 9219
v 12836.169 -17823.750 253.346
f 9557 9556 9558
f 9557 9555 9556
f 9557 9219 9555
v 12829.342 -17823.750 253.093
f 9559 9557 9558
f 9559 9227 9557
v 12829.384 -17823.552 252.530
f 9560 9559 9558
f 9560 9227 9559
v 12836.169 -17823.340 252.222
f 9560 9558 9561
f 9560 9234 9227
v 12731.187 -17798.610 226.756
f 9562 9382 9551
f 9562 9385 9382
v 12829.466 -17823.115 251.419
f 9563 9234 9560
v 12836.169 -17822.876 251.119
f 9563 9561 9564
f 9563 9560 9561
v 12829.507 -17822.876 250.872
f 9565 9234 9563
f 9565 9563 9564
v 12829.547 -17822.623 250.331
f 9566 9234 9565
f 9566 9565 9564
v 12836.169 -17822.356 250.041
f 9566 9564 9567
v 12829.626 -17822.077 249.270
f 9568 9566 9567
f 9568 9234 9566
f 9568 9241 9234
v 12836.169 -17821.784 248.990
f 9568 9567 9569
v 12829.664 -17821.784 248.749
f 9570 9568 9569
f 9570 9241 9568
v 12829.702 -17821.478 248.236
f 9571 9570 9569
f 9571 9241 9570
v 12836.169 -17821.160 247.969
f 9571 9569 9572
f 9571 9248 9241
v 12829.777 -17820.829 247.234
f 9573 9248 9571
f 9573 9571 9572
v 12836.169 -17820.486 246.980
f 9573 9572 9574
v 12734.557 -17798.610 231.852
v 12736.336 -17798.610 234.336
f 9575 9576 9387
f 9575 9387 9385
v 12829.813 -17820.486 246.745
f 9577 9248 9573
f 9577 9573 9574
v 12829.849 -17820.131 246.265
f 9578 9577 9574
f 9578 9248 9577
v 12836.169 -17819.763 246.026
f 9578 9574 9579
v 12829.918 -17819.385 245.332
f 9580 9578 9579
f 9580 9248 9578
v 12836.169 -17818.994 245.109
f 9580 9579 9581
f 9580 9255 9248
v 12829.951 -17818.994 244.879
f 9582 9255 9580
f 9582 9580 9581
v 12829.984 -17818.593 244.437
f 9583 9582 9581
f 9583 9255 9582
v 12836.169 -17818.180 244.232
f 9583 9581 9584
v 12830.047 -17817.757 243.582
f 9585 9583 9584
v 12836.169 -17817.324 243.397
f 9585 9584 9586
v 12830.078 -17817.324 243.171
f 9587 9585 9586
v 12738.175 -17798.610 236.776
f 9588 9387 9576
f 9588 9390 9387
v 12830.107 -17816.880 242.771
f 9589 9587 9586
v 12836.169 -17816.426 242.605
f 9589 9586 9590
v 12742.031 -17798.610 241.515
v 12744.045 -17798.610 243.812
f 9591 9592 9392
f 9591 9392 9390
v 12746.115 -17798.610 246.059
f 9593 9392 9592
f 9593 9395 9392
v 12750.419 -17798.610 250.395
v 12752.650 -17798.610 252.483
f 9594 9595 9397
f 9594 9397 9395
v 12754.932 -17798.610 254.515
f 9596 9397 9595
f 9596 9400 9397
v 12759.642 -17798.610 258.406
v 12762.067 -17798.610 260.264
f 9597 9598 9402
f 9597 9402 9400
v 12764.538 -17798.610 262.061
f 9599 9402 9598
f 9599 9405 9402
v 12830.107 -17785.119 242.771
v 12836.169 -17785.573 242.605
v 12836.169 -17784.675 243.397
f 9600 9601 9602
v 12830.078 -17784.675 243.171
f 9603 9600 9602
v 12830.047 -17784.242 243.582
v 12836.169 -17783.819 244.232
f 9604 9602 9605
f 9604 9603 9602
v 12769.608 -17798.610 265.470
f 9606 9407 9405
v 12772.205 -17798.610 267.079
f 9606 9607 9407
v 12829.984 -17783.406 244.437
v 12836.169 -17783.005 245.109
f 9608 9605 9609
f 9608 9604 9605
v 12829.951 -17783.005 244.879
f 9610 9354 9608
f 9610 9608 9609
v 12829.918 -17782.614 245.332
f 9611 9610 9609
v 12836.169 -17782.236 246.026
f 9611 9609 9612
f 9611 9354 9610
v 12829.849 -17781.868 246.265
v 12836.169 -17781.513 246.980
f 9613 9612 9614
f 9613 9611 9612
f 9613 9354 9611
f 9613 9358 9354
v 12829.813 -17781.513 246.745
f 9615 9613 9614
f 9615 9358 9613
v 12829.777 -17781.170 247.234
v 12836.169 -17780.839 247.969
f 9616 9614 9617
f 9616 9615 9614
f 9616 9358 9615
v 12829.702 -17780.521 248.236
v 12836.169 -17780.215 248.990
f 9618 9617 9619
f 9618 9358 9616
f 9618 9616 9617
f 9618 9362 9358
v 12774.840 -17798.610 268.624
f 9620 9410 9407
f 9620 9407 9607
v 12829.664 -17780.215 248.749
f 9621 9618 9619
f 9621 9362 9618
v 12829.626 -17779.922 249.270
v 12836.169 -17779.643 250.041
f 9622 9619 9623
f 9622 9621 9619
f 9622 9362 9621
v 12829.547 -17779.376 250.331
v 12836.169 -17779.123 251.119
f 9624 9623 9625
f 9624 9622 9623
f 9624 9362 9622
f 9624 9364 9362
v 12829.507 -17779.123 250.872
f 9626 9364 9624
f 9626 9624 9625
v 12829.466 -17778.884 251.419
v 12836.169 -17778.659 252.222
f 9627 9625 9628
f 9627 9364 9626
f 9627 9626 9625
f 9627 9366 9364
v 12829.384 -17778.447 252.530
v 12836.169 -17778.249 253.346
f 9629 9628 9630
f 9629 9627 9628
f 9629 9366 9627
v 12829.342 -17778.249 253.093
f 9631 9629 9630
f 9631 9366 9629
v 12780.222 -17798.610 271.517
v 12782.964 -17798.610 272.863
f 9632 9633 9412
f 9632 9412 9410
v 12829.300 -17778.066 253.661
v 12836.169 -17777.896 254.490
f 9634 9630 9635
f 9634 9631 9630
f 9634 9366 9631
f 9634 9368 9366
v 12829.215 -17777.742 254.810
v 12836.169 -17777.601 255.649
f 9636 9635 9637
f 9636 9634 9635
f 9636 9368 9634
v 12829.172 -17777.601 255.390
f 9638 9636 9637
f 9638 9368 9636
v 12829.129 -17777.475 255.974
v 12836.169 -17777.364 256.822
f 9639 9637 9640
f 9639 9368 9638
f 9639 9638 9637
f 9639 9370 9368
v 12829.042 -17777.268 257.149
v 12836.169 -17777.186 258.006
f 9641 9640 9642
f 9641 9639 9640
f 9641 9370 9639
v 12828.998 -17777.186 257.740
f 9643 9641 9642
f 9643 9370 9641
v 12828.954 -17777.119 258.333
v 12836.169 -17777.067 259.196
f 9644 9642 9645
f 9644 9371 9370
f 9644 9370 9643
f 9644 9643 9642
v 12785.739 -17798.610 274.141
f 9646 9412 9633
f 9646 9415 9412
v 12828.866 -17777.029 259.523
v 12836.169 -17777.007 260.391
f 9647 9645 9648
f 9647 9371 9644
f 9647 9644 9645
v 12828.822 -17777.007 260.120
f 9649 9647 9648
f 9649 9371 9647
v 12828.777 -17776.999 260.716
v 12836.169 -17777.007 261.588
f 9650 9648 9651
f 9650 9649 9648
f 9650 9371 9649
v 12828.689 -17777.029 261.909
f 9652 9372 9371
v 12836.169 -17777.067 262.783
f 9652 9651 9653
f 9652 9650 9651
f 9652 9371 9650
v 12828.645 -17777.067 262.505
f 9654 9652 9653
f 9654 9372 9652
v 12828.601 -17777.119 263.099
f 9655 9654 9653
f 9655 9372 9654
v 12836.169 -17777.186 263.974
f 9655 9653 9656
f 9655 9373 9372
v 12791.380 -17798.610 276.490
f 9657 9417 9415
v 12794.241 -17798.610 277.560
f 9657 9658 9417
v 12828.513 -17777.268 264.283
v 12836.169 -17777.364 265.157
f 9659 9656 9660
f 9659 9373 9655
f 9659 9655 9656
v 12828.469 -17777.364 264.872
f 9661 9659 9660
f 9661 9373 9659
v 12828.426 -17777.475 265.459
v 12836.169 -17777.601 266.330
f 9662 9660 9663
f 9662 9374 9373
f 9662 9661 9660
f 9662 9373 9661
v 12828.340 -17777.742 266.622
f 9664 9374 9662
v 12836.169 -17777.896 267.490
f 9664 9663 9665
f 9664 9662 9663
v 12828.297 -17777.896 267.199
f 9666 9664 9665
f 9666 9374 9664
v 12828.254 -17778.066 267.771
f 9667 9666 9665
v 12836.169 -17778.249 268.633
f 9667 9665 9668
f 9667 9374 9666
v 12828.171 -17778.447 268.902
f 9669 9374 9667
v 12836.169 -17778.659 269.758
f 9669 9668 9670
v 12820.133 -17778.659 268.569
f 9669 9671 9374
f 9669 9667 9668
v 12797.129 -17798.610 278.558
f 9672 9420 9417
f 9672 9417 9658
v 12828.129 -17778.659 269.460
f 9673 9671 9669
f 9673 9669 9670
v 12828.088 -17778.884 270.013
f 9674 9671 9673
v 12836.169 -17779.123 270.861
f 9674 9670 9675
v 12819.812 -17779.643 270.726
f 9674 9676 9671
f 9674 9673 9670
v 12828.008 -17779.376 271.101
f 9677 9674 9675
f 9677 9676 9674
v 12836.169 -17779.643 271.939
f 9677 9675 9678
v 12827.968 -17779.643 271.635
f 9679 9677 9678
f 9679 9676 9677
v 12827.929 -17779.922 272.163
f 9680 9676 9679
v 12836.169 -17780.215 272.990
f 9680 9678 9681
f 9680 9679 9678
v 12827.852 -17780.521 273.196
f 9682 9680 9681
v 12836.169 -17780.839 274.011
f 9682 9681 9683
f 9682 9676 9680
v 12819.506 -17780.839 272.776
f 9682 9684 9676
v 12827.815 -17780.839 273.702
f 9685 9682 9683
f 9685 9684 9682
v 12802.973 -17798.610 280.340
v 12805.926 -17798.610 281.122
f 9686 9687 9422
f 9686 9422 9420
v 12827.778 -17781.170 274.199
v 12819.220 -17782.236 274.697
f 9688 9689 9684
f 9688 9685 9683
v 12836.169 -17781.513 275.000
f 9688 9683 9690
f 9688 9684 9685
v 12827.706 -17781.868 275.168
f 9691 9688 9690
v 12836.169 -17782.236 275.954
f 9691 9690 9692
f 9691 9689 9688
v 12827.671 -17782.236 275.639
f 9693 9691 9692
f 9693 9689 9691
v 12827.637 -17782.614 276.101
f 9694 9693 9692
v 12824.588 -17784.675 278.011
f 9695 9689 9693
f 9695 9693 9694
v 12818.955 -17783.819 276.472
f 9695 9696 9689
v 12818.715 -17785.573 278.081
f 9695 9697 9696
v 12827.571 -17783.406 276.996
f 9698 9695 9694
v 12827.539 -17783.819 277.428
f 9699 9695 9698
v 12827.507 -17784.242 277.850
f 9700 9695 9699
v 12808.898 -17798.610 281.831
f 9701 9422 9687
f 9701 9425 9422
v 12824.436 -17786.508 279.542
v 12818.502 -17787.480 279.510
f 9702 9703 9697
f 9702 9697 9695
v 12827.447 -17785.119 278.662
f 9704 9695 9700
v 12827.418 -17785.573 279.051
f 9705 9702 9695
f 9705 9695 9704
v 12827.390 -17786.036 279.429
f 9706 9702 9705
v 12824.303 -17788.485 280.883
v 12818.318 -17789.521 280.744
f 9707 9708 9703
f 9707 9703 9702
v 12827.337 -17786.990 280.149
f 9709 9702 9706
v 12830.345 -17785.269 278.972
f 9710 9704 9700
v 12836.169 -17783.005 276.870
f 9710 9692 9711
v 12836.169 -17783.819 277.747
f 9710 9711 9712
v 12836.169 -17784.675 278.583
f 9710 9712 9713
v 12836.169 -17785.573 279.375
f 9710 9713 9714
f 9710 9694 9692
f 9710 9699 9698
f 9710 9700 9699
f 9710 9705 9704
f 9710 9698 9694
v 12827.311 -17787.480 280.492
f 9715 9707 9702
f 9715 9702 9709
v 12827.287 -17787.978 280.822
f 9716 9707 9715
v 12830.320 -17785.880 279.484
v 12836.169 -17786.508 280.121
f 9717 9714 9718
f 9717 9710 9714
f 9717 9706 9705
f 9717 9705 9710
v 12824.191 -17790.586 282.022
v 12818.165 -17791.677 281.771
f 9719 9720 9708
f 9719 9708 9707
v 12814.889 -17798.610 283.029
v 12817.905 -17798.610 283.517
f 9721 9722 9427
f 9721 9427 9425
v 12827.241 -17788.999 281.444
f 9723 9707 9716
v 12830.272 -17787.152 280.447
v 12836.169 -17787.480 280.820
f 9724 9718 9725
f 9724 9706 9717
f 9724 9709 9706
f 9724 9717 9718
f 9724 9715 9709
v 12827.219 -17789.521 281.736
f 9726 9707 9723
f 9726 9719 9707
v 12827.199 -17790.050 282.015
f 9727 9719 9726
v 12830.250 -17787.811 280.896
f 9728 9723 9716
f 9728 9715 9724
v 12836.169 -17788.485 281.469
f 9728 9725 9729
f 9728 9716 9715
f 9728 9724 9725
v 12824.099 -17792.791 282.947
v 12818.045 -17793.925 282.580
f 9730 9731 9720
f 9730 9720 9719
v 12827.160 -17791.129 282.533
f 9732 9719 9727
v 12830.209 -17789.173 281.726
f 9733 9723 9728
v 12836.169 -17789.521 282.067
f 9733 9729 9734
f 9733 9726 9723
f 9733 9728 9729
v 12827.143 -17791.677 282.771
f 9735 9730 9719
f 9735 9719 9732
v 12827.126 -17792.231 282.996
f 9736 9730 9735
v 12820.950 -17797.422 283.782
v 12817.958 -17796.244 283.164
f 9737 9722 9738
v 12830.190 -17789.873 282.107
f 9739 9726 9733
f 9739 9727 9726
v 12836.169 -17790.586 282.613
f 9739 9734 9740
f 9739 9733 9734
v 12827.096 -17793.356 283.404
f 9741 9730 9736
v 12820.932 -17798.610 283.930
f 9742 9427 9722
f 9742 9722 9737
f 9742 9430 9427
v 12830.156 -17791.311 282.799
f 9743 9735 9732
f 9743 9727 9739
f 9743 9732 9727
f 9743 9739 9740
v 12836.169 -17791.677 283.105
f 9743 9740 9744
v 12827.082 -17793.925 283.587
f 9745 9730 9741
v 12830.141 -17792.046 283.108
f 9746 9735 9743
f 9746 9736 9735
f 9746 9741 9736
v 12836.169 -17792.791 283.542
f 9746 9744 9747
f 9746 9743 9744
v 12823.983 -17797.422 284.120
f 9748 9742 9737
v 12823.968 -17798.610 284.268
f 9749 9742 9748
f 9749 9430 9742
v 12830.114 -17793.545 283.653
f 9750 9746 9747
f 9750 9745 9741
v 12836.169 -17793.925 283.924
f 9750 9747 9751
f 9750 9741 9746
v 12828.051 -17796.244 284.247
f 9752 9745 9750
f 9752 9748 9745
f 9752 9749 9748
v 12833.118 -17797.422 284.684
f 9753 9752 9750
v 12834.137 -17796.636 284.573
v 12836.169 -17795.077 284.248
f 9754 9751 9755
v 12836.169 -17796.244 284.514
f 9754 9755 9756
v 12836.169 -17797.422 284.722
f 9754 9756 9757
f 9754 9750 9751
f 9754 9753 9750
v 12833.116 -17798.015 284.766
v 12836.169 -17798.610 284.871
f 9758 9757 9759
f 9758 9754 9757
f 9758 9753 9754
v 12833.114 -17798.610 284.833
v 12836.169 -17799.803 284.960
f 9760 9759 9761
f 9760 9761 9442
f 9760 9442 9441
f 9760 9758 9759
v 12724.871 -17805.755 214.570
f 9762 9380 9375
v 12724.218 -17805.755 213.193
f 9762 9763 9380
v 12724.460 -17806.922 213.081
f 9762 9764 9763
v 12727.648 -17805.755 219.992
f 9765 9377 9381
f 9765 9375 9377
v 12729.136 -17805.755 222.650
v 12729.904 -17805.755 223.965
f 9766 9383 9767
v 12730.412 -17808.074 223.664
f 9766 9767 9768
f 9766 9765 9381
f 9766 9381 9383
v 12730.689 -17805.755 225.271
f 9769 9383 9384
f 9769 9767 9383
f 9769 9768 9767
v 12732.306 -17805.755 227.853
f 9770 9384 9385
f 9770 9385 9386
f 9770 9769 9384
v 12735.729 -17805.755 232.892
f 9771 9386 9388
v 12736.623 -17805.755 234.125
f 9771 9388 9772
v 12737.099 -17808.074 233.776
f 9771 9772 9773
v 12737.533 -17805.755 235.347
f 9774 9388 9389
f 9774 9772 9388
f 9774 9773 9772
v 12739.396 -17805.755 237.757
f 9775 9389 9390
f 9775 9390 9391
f 9775 9774 9389
v 12743.299 -17805.755 242.435
v 12744.310 -17805.755 243.574
v 12744.749 -17808.074 243.179
f 9776 9777 9778
f 9776 9393 9777
f 9776 9391 9393
v 12745.336 -17805.755 244.700
f 9779 9778 9777
f 9779 9777 9393
f 9779 9393 9394
v 12747.427 -17805.755 246.915
f 9780 9779 9394
f 9780 9394 9395
f 9780 9395 9396
v 12751.772 -17805.755 251.186
v 12752.890 -17805.755 252.219
f 9781 9398 9782
v 12753.289 -17808.074 251.783
f 9781 9782 9783
f 9781 9396 9398
v 12754.022 -17805.755 253.239
f 9784 9782 9398
f 9784 9783 9782
f 9784 9398 9399
v 12756.322 -17805.755 255.237
f 9785 9784 9399
f 9785 9399 9400
f 9785 9400 9401
v 12761.065 -17805.755 259.059
f 9786 9401 9403
v 12762.280 -17805.755 259.978
v 12762.634 -17808.074 259.505
f 9786 9787 9788
f 9786 9403 9787
v 12763.507 -17805.755 260.882
f 9789 9403 9404
f 9789 9788 9787
f 9789 9787 9403
v 12765.992 -17805.755 262.643
f 9790 9789 9404
f 9790 9404 9405
f 9790 9405 9406
v 12771.089 -17805.755 265.979
v 12772.389 -17805.755 266.774
f 9791 9408 9792
v 12772.694 -17808.074 266.268
f 9791 9792 9793
f 9791 9406 9408
v 12773.698 -17805.755 267.552
f 9794 9792 9408
f 9794 9793 9792
f 9794 9408 9409
v 12779.028 -17805.755 270.503
f 9795 9410 9411
f 9795 9409 9410
v 12781.746 -17805.755 271.879
v 12783.118 -17805.755 272.541
f 9796 9413 9797
f 9796 9795 9411
f 9796 9411 9413
v 12783.371 -17808.074 272.008
f 9796 9797 9798
v 12784.497 -17805.755 273.187
f 9799 9797 9413
f 9799 9413 9414
f 9799 9798 9797
v 12790.092 -17805.755 275.598
f 9800 9414 9415
f 9800 9415 9416
v 12792.932 -17805.755 276.700
v 12794.362 -17805.755 277.224
v 12794.562 -17808.074 276.668
f 9801 9802 9803
f 9801 9800 9416
f 9801 9416 9418
f 9801 9418 9802
v 12795.799 -17805.755 277.731
f 9804 9803 9802
f 9804 9418 9419
f 9804 9802 9418
v 12798.690 -17805.755 278.691
f 9805 9804 9419
f 9805 9419 9420
f 9805 9420 9421
v 12804.539 -17805.755 280.395
v 12806.013 -17805.755 280.776
f 9806 9423 9807
f 9806 9421 9423
v 12806.157 -17808.074 280.204
f 9806 9807 9808
v 12807.493 -17805.755 281.139
f 9809 9807 9423
f 9809 9808 9807
f 9809 9423 9424
v 12813.451 -17805.755 282.407
f 9810 9425 9426
f 9810 9424 9425
v 12816.452 -17805.755 282.930
f 9811 9428 9432
f 9811 9426 9428
f 9811 9432 9435
f 9811 9810 9426
v 12824.982 -17803.389 284.364
f 9812 9438 9437
f 9812 9430 9441
f 9812 9429 9430
f 9812 9441 9438
f 9812 9431 9429
v 12822.518 -17806.922 283.489
f 9813 9437 9433
f 9813 9433 9435
f 9813 9431 9812
f 9813 9435 9432
f 9813 9432 9431
f 9813 9812 9437
v 12726.226 -17796.244 217.298
f 9814 9533 9535
f 9814 9377 9533
f 9814 9550 9377
v 12729.136 -17796.244 222.650
v 12730.412 -17793.925 223.664
v 12729.904 -17796.244 223.965
f 9815 9816 9817
f 9815 9551 9550
f 9815 9817 9551
v 12730.689 -17796.244 225.271
f 9818 9817 9816
f 9818 9562 9551
f 9818 9551 9817
v 12732.306 -17796.244 227.853
f 9819 9575 9385
f 9819 9385 9562
f 9819 9562 9818
v 12735.729 -17796.244 232.892
f 9820 9576 9575
v 12736.623 -17796.244 234.125
f 9820 9821 9576
v 12737.099 -17793.925 233.776
f 9820 9822 9821
v 12737.533 -17796.244 235.347
f 9823 9588 9576
f 9823 9576 9821
f 9823 9821 9822
v 12741.319 -17796.244 240.120
f 9824 9591 9390
f 9824 9390 9588
v 12827.428 -17812.478 239.427
f 9825 9280 9274
v 12827.362 -17813.514 240.022
f 9825 9274 9826
v 12743.299 -17796.244 242.435
f 9827 9592 9591
v 12744.310 -17796.244 243.574
f 9827 9828 9592
v 12744.749 -17793.925 243.179
f 9827 9829 9828
f 9827 9591 9824
v 12745.336 -17796.244 244.700
f 9830 9593 9592
f 9830 9592 9828
f 9830 9828 9829
v 12833.228 -17813.514 240.456
f 9831 9589 9590
v 12830.191 -17815.491 241.637
f 9831 9832 9589
v 12836.169 -17815.491 241.859
f 9831 9590 9833
v 12836.169 -17814.519 241.160
f 9831 9833 9834
v 12836.169 -17813.514 240.511
f 9831 9834 9835
v 12833.239 -17812.999 240.151
f 9836 9831 9835
v 12836.169 -17812.478 239.912
f 9836 9835 9837
v 12747.427 -17796.244 246.915
f 9838 9594 9395
f 9838 9395 9593
f 9838 9593 9830
v 12834.241 -17811.052 239.173
v 12833.250 -17812.478 239.858
f 9839 9840 9836
v 12833.261 -17811.949 239.579
f 9839 9841 9840
f 9839 9836 9837
v 12836.169 -17811.413 239.367
f 9839 9837 9842
v 12836.169 -17810.322 238.874
f 9839 9842 9843
v 12751.772 -17796.244 251.186
f 9844 9595 9594
v 12752.890 -17796.244 252.219
f 9844 9845 9595
v 12753.289 -17793.925 251.783
f 9844 9846 9845
v 12754.022 -17796.244 253.239
f 9847 9595 9845
f 9847 9596 9595
f 9847 9845 9846
v 12756.322 -17796.244 255.237
f 9848 9596 9847
f 9848 9400 9596
f 9848 9597 9400
v 12761.065 -17796.244 259.059
v 12762.280 -17796.244 259.978
f 9849 9850 9598
v 12762.634 -17793.925 259.505
f 9849 9851 9850
f 9849 9598 9597
v 12827.428 -17789.521 239.427
f 9852 9341 9336
v 12827.362 -17788.485 240.022
f 9853 9341 9852
v 12763.507 -17796.244 260.882
f 9854 9598 9850
f 9854 9599 9598
f 9854 9850 9851
v 12765.992 -17796.244 262.643
f 9855 9599 9854
f 9855 9405 9599
f 9855 9606 9405
v 12834.241 -17790.947 239.173
v 12836.169 -17791.677 238.874
v 12836.169 -17790.586 239.367
f 9856 9857 9858
v 12836.169 -17789.521 239.912
f 9856 9858 9859
v 12833.250 -17789.521 239.858
v 12833.261 -17790.050 239.579
f 9860 9861 9856
v 12833.239 -17788.999 240.151
f 9862 9856 9859
f 9862 9860 9856
v 12836.169 -17788.485 240.511
f 9862 9859 9863
v 12833.228 -17788.485 240.456
f 9864 9601 9600
f 9864 9862 9863
v 12830.191 -17786.508 241.637
f 9864 9600 9865
v 12836.169 -17787.480 241.160
f 9864 9863 9866
v 12836.169 -17786.508 241.859
f 9864 9866 9867
f 9864 9867 9601
v 12771.089 -17796.244 265.979
f 9868 9607 9606
v 12772.694 -17793.925 266.268
v 12772.389 -17796.244 266.774
f 9868 9869 9870
f 9868 9870 9607
v 12773.698 -17796.244 267.552
f 9871 9620 9607
f 9871 9870 9869
f 9871 9607 9870
v 12776.345 -17796.244 269.061
f 9872 9620 9871
f 9872 9632 9410
f 9872 9410 9620
v 12781.746 -17796.244 271.879
v 12783.371 -17793.925 272.008
v 12783.118 -17796.244 272.541
f 9873 9874 9875
f 9873 9633 9632
f 9873 9875 9633
v 12784.497 -17796.244 273.187
f 9876 9875 9874
f 9876 9633 9875
f 9876 9646 9633
v 12790.092 -17796.244 275.598
f 9877 9657 9415
f 9877 9415 9646
v 12792.932 -17796.244 276.700
v 12794.562 -17793.925 276.668
v 12794.362 -17796.244 277.224
f 9878 9879 9880
f 9878 9657 9877
f 9878 9880 9658
f 9878 9658 9657
v 12795.799 -17796.244 277.731
f 9881 9672 9658
f 9881 9880 9879
f 9881 9658 9880
v 12798.690 -17796.244 278.691
f 9882 9686 9420
f 9882 9420 9672
f 9882 9672 9881
v 12804.539 -17796.244 280.395
v 12806.013 -17796.244 280.776
f 9883 9884 9687
f 9883 9687 9686
v 12806.157 -17793.925 280.204
f 9883 9885 9884
v 12807.493 -17796.244 281.139
f 9886 9701 9687
f 9886 9687 9884
f 9886 9884 9885
v 12810.464 -17796.244 281.810
f 9887 9721 9425
f 9887 9701 9886
f 9887 9425 9701
v 12816.452 -17796.244 282.930
f 9888 9722 9721
f 9888 9731 9738
f 9888 9738 9722
v 12822.518 -17795.077 283.489
f 9889 9731 9730
f 9889 9738 9731
f 9889 9737 9738
f 9889 9730 9745
f 9889 9748 9737
f 9889 9745 9748
v 12829.044 -17798.610 284.665
f 9890 9430 9749
f 9890 9749 9752
f 9890 9752 9753
f 9890 9441 9430
f 9890 9753 9758
f 9890 9760 9441
f 9890 9758 9760
v 12726.408 -17808.074 216.353
f 9891 9375 9765
f 9891 9762 9375
v 12724.753 -17808.074 212.944
f 9891 9892 9764
v 12725.099 -17809.208 212.783
f 9891 9893 9892
f 9891 9764 9762
v 12729.271 -17808.074 221.698
f 9894 9765 9766
f 9894 9766 9768
v 12731.589 -17808.074 225.610
f 9895 9768 9769
f 9895 9769 9770
v 12734.903 -17808.074 230.687
f 9896 9770 9386
f 9896 9386 9771
f 9896 9771 9773
v 12738.462 -17808.074 235.596
f 9897 9774 9775
f 9897 9773 9774
v 12742.259 -17808.074 240.322
f 9898 9391 9776
f 9898 9776 9778
f 9898 9775 9391
v 12746.285 -17808.074 244.856
f 9899 9778 9779
f 9899 9779 9780
v 12750.529 -17808.074 249.186
f 9900 9780 9396
f 9900 9781 9783
f 9900 9396 9781
v 12754.982 -17808.074 253.301
f 9901 9783 9784
f 9901 9784 9785
v 12759.632 -17808.074 257.191
f 9902 9785 9401
f 9902 9786 9788
f 9902 9401 9786
v 12764.468 -17808.074 260.848
f 9903 9788 9789
f 9903 9789 9790
v 12769.479 -17808.074 264.262
f 9904 9790 9406
f 9904 9791 9793
f 9904 9406 9791
v 12775.969 -17808.074 268.175
f 9905 9793 9794
f 9905 9794 9409
f 9905 9409 9795
v 12781.327 -17808.074 271.013
f 9906 9795 9796
f 9906 9796 9798
v 12786.818 -17808.074 273.583
f 9907 9798 9799
f 9907 9799 9414
f 9907 9414 9800
v 12792.430 -17808.074 275.879
f 9908 9800 9801
f 9908 9801 9803
v 12796.709 -17808.074 277.418
f 9909 9804 9805
f 9909 9803 9804
v 12802.497 -17808.074 279.222
v 12806.357 -17810.322 279.410
f 9910 9808 9911
f 9910 9805 9421
f 9910 9421 9806
f 9910 9806 9808
v 12809.846 -17808.074 281.072
f 9912 9809 9424
f 9912 9808 9809
f 9912 9424 9810
v 12815.799 -17808.074 282.224
f 9913 9811 9435
f 9913 9810 9811
v 12725.733 -17793.925 214.996
f 9914 9814 9535
v 12725.099 -17792.791 212.783
v 12725.495 -17791.677 212.598
f 9914 9915 9916
v 12724.753 -17793.925 212.944
f 9914 9917 9915
v 12724.460 -17795.077 213.081
f 9914 9918 9917
f 9914 9535 9918
v 12728.530 -17793.925 220.375
f 9919 9550 9814
f 9919 9815 9550
f 9919 9816 9815
v 12731.589 -17793.925 225.610
f 9920 9818 9816
f 9920 9819 9818
v 12734.903 -17793.925 230.687
f 9921 9820 9575
f 9921 9575 9819
f 9921 9822 9820
v 12739.390 -17793.925 236.795
f 9922 9588 9823
f 9922 9824 9588
f 9922 9823 9822
v 12825.728 -17815.491 241.182
f 9923 9274 9268
f 9923 9583 9585
f 9923 9255 9583
f 9923 9587 9589
f 9923 9589 9832
f 9923 9262 9255
f 9923 9585 9587
f 9923 9826 9274
f 9923 9268 9262
f 9923 9832 9826
v 12743.245 -17793.925 241.474
f 9924 9829 9827
f 9924 9827 9824
v 12826.142 -17809.768 237.999
f 9925 9287 9280
f 9925 9280 9825
v 12746.285 -17793.925 244.856
f 9926 9838 9830
f 9926 9830 9829
v 12829.007 -17809.488 238.210
f 9927 9925 9825
v 12829.530 -17807.883 237.711
v 12829.044 -17808.359 237.816
f 9928 9929 9927
v 12750.529 -17793.925 249.186
f 9930 9846 9844
f 9930 9844 9594
f 9930 9594 9838
v 12754.982 -17793.925 253.301
f 9931 9848 9847
f 9931 9847 9846
v 12835.217 -17808.454 238.171
f 9932 9839 9843
v 12836.169 -17809.208 238.437
f 9932 9843 9933
v 12836.169 -17808.074 238.056
f 9932 9933 9934
v 12836.169 -17806.922 237.732
f 9932 9934 9935
v 12836.169 -17805.755 237.466
f 9932 9935 9936
v 12826.142 -17792.231 237.999
f 9937 9852 9336
f 9937 9336 9331
v 12759.632 -17793.925 257.191
f 9938 9597 9848
f 9938 9849 9597
f 9938 9851 9849
v 12829.007 -17792.511 238.210
v 12829.044 -17793.640 237.816
v 12829.530 -17794.116 237.711
f 9939 9940 9941
f 9939 9852 9937
v 12764.468 -17793.925 260.848
f 9942 9854 9851
f 9942 9855 9854
v 12825.728 -17786.508 241.182
f 9943 9604 9608
f 9943 9608 9354
f 9943 9350 9346
f 9943 9853 9865
f 9943 9341 9853
f 9943 9354 9350
f 9943 9346 9341
f 9943 9600 9603
f 9943 9865 9600
f 9943 9603 9604
v 12769.479 -17793.925 264.262
f 9944 9606 9855
f 9944 9869 9868
f 9944 9868 9606
v 12835.217 -17793.545 238.171
f 9945 9857 9856
v 12836.169 -17796.244 237.466
v 12836.169 -17795.077 237.732
f 9945 9946 9947
v 12836.169 -17793.925 238.056
f 9945 9947 9948
v 12836.169 -17792.791 238.437
f 9945 9948 9949
f 9945 9949 9857
v 12774.652 -17793.925 267.424
f 9950 9871 9869
f 9950 9872 9871
v 12779.974 -17793.925 270.328
f 9951 9874 9873
f 9951 9632 9872
f 9951 9873 9632
v 12786.818 -17793.925 273.583
f 9952 9876 9874
f 9952 9646 9876
f 9952 9877 9646
v 12796.709 -17793.925 277.418
f 9953 9881 9879
f 9953 9882 9881
v 12802.497 -17793.925 279.222
f 9954 9686 9882
f 9954 9885 9883
f 9954 9883 9686
v 12808.367 -17793.925 280.739
f 9955 9886 9885
f 9955 9887 9886
v 12814.305 -17793.925 281.964
f 9956 9721 9887
f 9956 9888 9721
f 9956 9731 9888
v 12726.304 -17810.322 214.298
f 9957 9893 9891
v 12725.495 -17810.322 212.598
f 9957 9958 9893
v 12725.941 -17811.413 212.390
f 9957 9959 9958
v 12726.436 -17812.478 212.159
f 9957 9960 9959
v 12729.066 -17810.322 219.650
f 9961 9765 9894
f 9961 9891 9765
v 12730.545 -17810.322 222.273
v 12731.116 -17810.322 223.247
f 9962 9768 9963
f 9962 9961 9894
f 9962 9894 9768
v 12732.009 -17812.478 222.718
f 9962 9963 9964
v 12731.696 -17810.322 224.216
f 9965 9963 9768
f 9965 9964 9963
f 9965 9768 9895
v 12733.287 -17810.322 226.773
f 9966 9770 9896
f 9966 9895 9770
f 9966 9965 9895
v 12736.656 -17810.322 231.766
v 12737.758 -17810.322 233.291
f 9967 9773 9968
v 12738.595 -17812.478 232.677
f 9967 9968 9969
f 9967 9896 9773
v 12738.431 -17810.322 234.198
f 9970 9968 9773
f 9970 9969 9968
f 9970 9773 9897
v 12740.266 -17810.322 236.586
f 9971 9775 9898
f 9971 9897 9775
f 9971 9970 9897
v 12744.110 -17810.322 241.223
f 9972 9898 9778
v 12745.358 -17810.322 242.632
f 9972 9778 9973
v 12746.130 -17812.478 241.938
f 9972 9973 9974
v 12746.117 -17810.322 243.468
f 9975 9778 9899
f 9975 9973 9778
f 9975 9974 9973
v 12748.178 -17810.322 245.664
f 9976 9780 9900
f 9976 9975 9899
f 9976 9899 9780
v 12752.460 -17810.322 249.899
v 12753.840 -17810.322 251.179
f 9977 9783 9978
f 9977 9900 9783
v 12754.540 -17812.478 250.412
f 9977 9978 9979
v 12754.678 -17810.322 251.937
f 9980 9978 9783
f 9980 9783 9901
f 9980 9979 9978
v 12756.945 -17810.322 253.919
f 9981 9980 9901
f 9981 9901 9785
f 9981 9785 9902
v 12761.623 -17810.322 257.712
v 12763.123 -17810.322 258.849
f 9982 9788 9983
v 12763.744 -17812.478 258.017
f 9982 9983 9984
f 9982 9902 9788
v 12764.031 -17810.322 259.520
f 9985 9983 9788
f 9985 9984 9983
f 9985 9788 9903
v 12766.483 -17810.322 261.269
f 9986 9985 9903
f 9986 9790 9904
f 9986 9903 9790
v 12771.512 -17810.322 264.583
v 12773.116 -17810.322 265.568
v 12773.652 -17812.478 264.679
f 9987 9988 9989
f 9987 9793 9988
f 9987 9904 9793
v 12774.736 -17810.322 266.527
f 9990 9989 9988
f 9990 9988 9793
f 9990 9793 9905
v 12780.014 -17810.322 269.428
f 9991 9905 9795
f 9991 9795 9906
v 12782.705 -17810.322 270.779
f 9992 9991 9906
v 12783.723 -17810.322 271.269
f 9992 9798 9993
f 9992 9906 9798
v 12784.169 -17812.478 270.332
f 9992 9993 9994
v 12785.429 -17810.322 272.064
f 9995 9993 9798
f 9995 9994 9993
f 9995 9798 9907
v 12790.967 -17810.322 274.431
f 9996 9907 9800
f 9996 9800 9908
v 12793.778 -17810.322 275.511
f 9997 9996 9908
v 12794.839 -17810.322 275.898
v 12795.190 -17812.478 274.922
f 9997 9998 9999
f 9997 9803 9998
f 9997 9908 9803
v 12795.903 -17810.322 276.276
f 10000 9999 9998
f 10000 9998 9803
f 10000 9803 9909
v 12798.759 -17810.322 277.234
f 10001 10000 9909
f 10001 9805 9910
f 10001 9909 9805
v 12808.186 -17810.322 279.856
f 10002 9911 9808
v 12806.611 -17812.478 278.404
f 10002 10003 9911
f 10002 9808 9912
v 12814.081 -17810.322 281.091
f 10004 9912 9810
f 10004 9810 9913
v 12817.049 -17810.322 281.599
f 10005 9434 9447
f 10005 10004 9913
f 10005 9913 9435
f 10005 9435 9434
v 12727.308 -17791.677 216.321
f 10006 9914 9916
f 10006 9919 9814
f 10006 9814 9914
v 12725.941 -17790.586 212.390
v 12726.436 -17789.521 212.159
f 10006 10007 10008
f 10006 9916 10007
v 12730.169 -17791.677 221.621
v 12731.116 -17791.677 223.247
f 10009 10010 9816
v 12732.009 -17789.521 222.718
f 10009 10011 10010
f 10009 9816 9919
v 12731.696 -17791.677 224.216
f 10012 9816 10010
f 10012 10010 10011
f 10012 9920 9816
v 12733.287 -17791.677 226.773
f 10013 9920 10012
f 10013 9819 9920
f 10013 9921 9819
v 12736.656 -17791.677 231.766
v 12738.595 -17789.521 232.677
v 12737.758 -17791.677 233.291
f 10014 10015 10016
f 10014 10016 9822
f 10014 9822 9921
v 12738.885 -17791.677 234.799
f 10017 10016 10015
f 10017 9822 10016
f 10017 9922 9822
v 12742.642 -17791.677 239.506
f 10018 9824 9922
f 10018 9924 9824
v 12744.607 -17791.677 241.789
v 12745.358 -17791.677 242.632
f 10019 10020 9829
f 10019 9924 10018
v 12746.130 -17789.521 241.938
f 10019 10021 10020
f 10019 9829 9924
v 12746.117 -17791.677 243.468
f 10022 9829 10020
f 10022 10020 10021
f 10022 9926 9829
v 12748.178 -17791.677 245.664
f 10023 9930 9838
f 10023 9838 9926
f 10023 9926 10022
v 12829.602 -17812.609 239.711
f 10024 9831 9836
f 10024 9836 9840
f 10024 9840 9841
f 10024 9832 9831
f 10024 9927 9825
f 10024 9826 9832
f 10024 9825 9826
v 12827.246 -17805.069 236.814
f 10025 9300 9294
f 10025 9307 9300
f 10025 9929 9928
v 12752.460 -17791.677 249.899
v 12753.840 -17791.677 251.179
f 10026 10027 9846
v 12754.540 -17789.521 250.412
f 10026 10028 10027
f 10026 9846 9930
v 12754.678 -17791.677 251.937
f 10029 9846 10027
f 10029 9931 9846
f 10029 10027 10028
v 12828.062 -17801.398 236.559
f 10030 9314 9307
f 10030 9307 10025
v 12756.945 -17791.677 253.919
f 10031 9938 9848
f 10031 9848 9931
f 10031 9931 10029
v 12827.266 -17798.114 236.642
f 10032 9321 9314
f 10032 9314 10030
v 12832.870 -17805.657 237.375
f 10033 9932 9936
v 12829.617 -17800.999 236.707
f 10034 10032 10030
v 12832.875 -17805.069 237.266
v 12836.169 -17804.576 237.258
f 10035 9936 10036
f 10035 10033 9936
v 12827.246 -17796.930 236.814
f 10037 9321 10032
f 10037 9941 9940
f 10037 9326 9321
v 12832.879 -17804.478 237.172
v 12836.169 -17803.389 237.109
f 10038 10036 10039
v 12836.169 -17802.196 237.020
f 10038 10039 10040
f 10038 10035 10036
v 12831.798 -17800.999 236.864
f 10041 10038 10040
v 12836.169 -17800.999 236.990
f 10041 10040 10042
v 12836.169 -17799.803 237.020
f 10041 10042 10043
v 12761.623 -17791.677 257.712
v 12763.123 -17791.677 258.849
f 10044 10045 9851
f 10044 9851 9938
v 12763.744 -17789.521 258.017
f 10044 10046 10045
v 12764.031 -17791.677 259.520
f 10047 9851 10045
f 10047 9942 9851
f 10047 10045 10046
v 12832.879 -17797.521 237.172
f 10048 10041 10043
v 12836.169 -17798.610 237.109
f 10048 10043 10049
v 12836.169 -17797.422 237.258
f 10048 10049 10050
v 12832.875 -17796.930 237.266
f 10051 10048 10050
f 10051 10050 9946
v 12766.483 -17791.677 261.269
f 10052 9855 9942
f 10052 9944 9855
f 10052 9942 10047
v 12832.870 -17796.342 237.375
f 10053 10051 9946
f 10053 9946 9945
v 12829.602 -17789.390 239.711
f 10054 9852 9939
f 10054 9853 9852
f 10054 9865 9853
f 10054 9861 9860
f 10054 9862 9864
f 10054 9864 9865
f 10054 9860 9862
v 12771.512 -17791.677 264.583
v 12773.652 -17789.521 264.679
v 12773.116 -17791.677 265.568
f 10055 10056 10057
f 10055 9869 9944
f 10055 10057 9869
v 12774.086 -17791.677 266.146
f 10058 10057 10056
f 10058 9869 10057
f 10058 9950 9869
v 12776.698 -17791.677 267.645
f 10059 9872 9950
f 10059 9950 10058
f 10059 9951 9872
v 12782.029 -17791.677 270.448
v 12783.723 -17791.677 271.269
f 10060 10061 9874
f 10060 9874 9951
v 12784.169 -17789.521 270.332
f 10060 10062 10061
v 12785.429 -17791.677 272.064
f 10063 9952 9874
f 10063 9874 10061
f 10063 10061 10062
v 12795.903 -17791.677 276.276
v 12794.839 -17791.677 275.898
f 10064 9879 10065
f 10064 9953 9879
v 12795.190 -17789.521 274.922
f 10064 10065 10066
v 12798.759 -17791.677 277.234
f 10067 9882 9953
f 10067 9954 9882
f 10067 9953 10064
v 12804.535 -17791.677 278.937
v 12806.357 -17791.677 279.410
f 10068 10069 9885
f 10068 9885 9954
v 12806.611 -17789.521 278.404
f 10068 10070 10069
v 12807.454 -17791.677 279.681
f 10071 9885 10069
f 10071 9955 9885
f 10071 10069 10070
v 12810.389 -17791.677 280.353
f 10072 9887 9955
f 10072 9956 9887
f 10072 9955 10071
v 12816.306 -17791.677 281.479
f 10073 9720 9731
f 10073 9731 9956
f 10073 9708 9720
v 12728.149 -17812.478 215.684
f 10074 9957 9891
f 10074 9960 9957
f 10074 9891 9961
v 12730.977 -17812.478 220.943
f 10075 9961 9962
f 10075 9962 9964
v 12733.082 -17814.519 222.082
f 10075 9964 10076
v 12733.071 -17812.478 224.475
f 10077 8881 10076
f 10077 9964 9965
f 10077 9965 9966
f 10077 10076 9964
v 12736.326 -17812.478 229.481
v 12739.600 -17814.519 231.938
f 10078 10079 8879
f 10078 8879 8881
f 10078 9969 10079
f 10078 9966 9896
f 10078 8881 10077
f 10078 9896 9967
f 10078 10077 9966
f 10078 9967 9969
v 12739.824 -17812.478 234.321
f 10080 10079 9969
f 10080 9969 9970
f 10080 9970 9971
v 12743.557 -17812.478 238.982
f 10081 9972 9974
f 10081 9971 9898
f 10081 9898 9972
v 12747.515 -17812.478 243.453
v 12747.058 -17814.519 241.104
f 10082 10083 9974
f 10082 9974 9975
f 10082 9975 9976
v 12751.689 -17812.478 247.724
f 10084 9977 9979
f 10084 9976 9900
f 10084 9900 9977
v 12756.068 -17812.478 251.784
v 12755.381 -17814.519 249.491
f 10085 10086 9979
f 10085 9980 9981
f 10085 9979 9980
v 12760.642 -17812.478 255.622
f 10087 9982 9984
f 10087 9902 9982
f 10087 9981 9902
v 12765.400 -17812.478 259.231
f 10088 9985 9986
f 10088 9984 9985
v 12764.490 -17814.519 257.017
f 10088 10089 9984
v 12770.329 -17812.478 262.601
f 10090 9987 9989
f 10090 9904 9987
f 10090 9986 9904
v 12777.041 -17812.478 266.648
f 10091 9990 9905
f 10091 9905 9991
f 10091 9989 9990
v 12774.297 -17814.519 263.610
f 10091 10092 9989
v 12782.322 -17812.478 269.434
f 10093 9992 9994
v 12784.704 -17814.519 269.205
f 10093 9994 10094
f 10093 9991 9992
v 12787.734 -17812.478 271.957
f 10095 9995 9907
f 10095 10094 9994
f 10095 9907 9996
f 10095 9994 9995
v 12793.265 -17812.478 274.210
f 10096 9996 9997
v 12795.613 -17814.519 273.748
f 10096 9999 10097
f 10096 9997 9999
v 12797.128 -17812.478 275.600
f 10098 10000 10001
f 10098 10097 9999
f 10098 9999 10000
v 12802.826 -17812.478 277.385
f 10099 9911 10003
f 10099 10001 9910
f 10099 9910 9911
v 12810.426 -17812.478 279.299
f 10100 10002 9912
f 10100 9912 10004
f 10100 10003 10002
v 12816.291 -17812.478 280.424
f 10101 9447 9458
f 10101 10004 10005
f 10101 10005 9447
v 12730.066 -17789.521 219.315
f 10102 10011 10009
f 10102 10009 9919
f 10102 9919 10006
v 12733.071 -17789.521 224.475
f 10103 10013 10012
f 10103 10012 10011
v 12733.082 -17787.480 222.082
f 10103 10011 10104
v 12736.326 -17789.521 229.481
f 10105 9921 10013
f 10105 10014 9921
f 10105 10015 10014
v 12740.966 -17789.521 235.797
f 10106 9922 10017
f 10106 10017 10015
f 10106 10018 9922
v 12744.770 -17789.521 240.400
v 12747.058 -17787.480 241.104
f 10107 10108 10021
f 10107 10019 10018
f 10107 10021 10019
v 12747.515 -17789.521 243.453
f 10109 10021 10108
f 10109 10022 10021
f 10109 10023 10022
v 12751.689 -17789.521 247.724
f 10110 10028 10026
f 10110 9930 10023
f 10110 10026 9930
v 12826.713 -17807.452 237.290
f 10111 9925 9927
f 10111 9294 9287
f 10111 9929 10025
f 10111 9287 9925
f 10111 9927 9929
f 10111 10025 9294
v 12756.068 -17789.521 251.784
v 12755.381 -17787.480 249.491
f 10112 10028 10113
f 10112 10029 10028
f 10112 10031 10029
v 12829.595 -17804.478 236.959
f 10114 10035 10038
f 10114 10034 10030
f 10114 10033 10035
f 10114 10038 10041
f 10114 9928 10033
f 10114 10025 9928
f 10114 10030 10025
f 10114 10041 10034
v 12833.071 -17808.879 238.258
f 10115 10024 9841
f 10115 9928 9927
f 10115 10033 9928
f 10115 9841 9839
f 10115 9927 10024
v 12833.553 -17808.406 238.117
f 10116 9839 9932
f 10116 10115 9839
f 10116 10033 10115
f 10116 9932 10033
v 12760.642 -17789.521 255.622
f 10117 10046 10044
f 10117 10044 9938
f 10117 9938 10031
v 12826.713 -17794.547 237.290
f 10118 9326 10037
f 10118 9937 9331
f 10118 9939 9937
f 10118 9331 9326
f 10118 9940 9939
f 10118 10037 9940
v 12829.595 -17797.521 236.959
f 10119 10053 9941
f 10119 10051 10053
f 10119 10048 10051
f 10119 10041 10048
f 10119 9941 10037
f 10119 10037 10032
f 10119 10032 10034
f 10119 10034 10041
v 12765.400 -17789.521 259.231
f 10120 10047 10046
f 10120 10052 10047
v 12764.490 -17787.480 257.017
f 10120 10046 10121
v 12770.329 -17789.521 262.601
f 10122 9944 10052
f 10122 10055 9944
f 10122 10056 10055
v 12833.071 -17793.120 238.258
f 10123 9939 9941
f 10123 10054 9939
f 10123 9941 10053
f 10123 9861 10054
f 10123 9856 9861
v 12833.553 -17793.593 238.117
f 10124 10053 9945
f 10124 9945 9856
f 10124 10123 10053
f 10124 9856 10123
v 12775.419 -17789.521 265.724
f 10125 10059 10058
f 10125 10058 10056
v 12774.297 -17787.480 263.610
f 10125 10056 10126
v 12780.657 -17789.521 268.591
f 10127 10060 9951
f 10127 10062 10060
f 10127 9951 10059
v 12787.734 -17789.521 271.957
f 10128 10063 10062
v 12790.967 -17791.677 274.431
f 10128 10129 9952
f 10128 9952 10063
v 12793.265 -17789.521 274.210
f 10130 10065 10129
v 12795.613 -17787.480 273.748
f 10130 10131 10066
f 10130 10066 10065
v 12797.128 -17789.521 275.600
f 10132 10064 10066
f 10132 10066 10131
f 10132 10067 10064
v 12791.899 -17793.925 275.676
f 10133 10065 9879
f 10133 9877 9952
f 10133 9952 10129
f 10133 10129 10065
f 10133 9878 9877
f 10133 9879 9878
v 12802.826 -17789.521 277.385
f 10134 10070 10068
f 10134 10068 9954
f 10134 9954 10067
v 12808.606 -17789.521 278.888
f 10135 10071 10070
f 10135 10072 10071
v 12806.915 -17787.480 277.194
f 10135 10070 10136
v 12814.452 -17789.521 280.104
f 10137 9956 10072
f 10137 10073 9956
f 10137 9708 10073
v 12728.400 -17814.519 213.383
v 12726.978 -17813.514 211.906
f 10138 10139 9960
v 12727.567 -17814.519 211.632
f 10138 10140 10139
v 12728.200 -17815.491 211.337
f 10138 10141 10140
v 12728.876 -17816.426 211.021
f 10138 10142 10141
f 10138 9960 10074
v 12731.115 -17814.519 218.633
f 10143 10074 9961
f 10143 10075 10076
f 10143 9961 10075
v 12742.004 -17814.519 235.099
f 10144 8879 10079
f 10144 8908 8885
f 10144 10079 10080
f 10144 10080 9971
f 10144 9971 10081
f 10144 8885 8879
v 12745.773 -17814.519 239.651
f 10145 9974 10083
f 10145 10144 10081
v 12748.132 -17816.426 240.138
f 10145 10083 10146
f 10145 10081 9974
f 10145 8908 10144
f 10145 10146 8908
v 12749.761 -17814.519 244.013
f 10147 10146 10083
f 10147 10083 10082
f 10147 10082 9976
f 10147 9976 10084
v 12753.959 -17814.519 248.172
f 10148 9979 10086
v 12756.355 -17816.426 248.424
f 10148 10086 10149
f 10148 10084 9979
v 12758.358 -17814.519 252.119
f 10150 9981 10087
f 10150 10085 9981
f 10150 10086 10085
v 12762.946 -17814.519 255.845
f 10151 10087 9984
f 10151 9984 10089
v 12765.355 -17816.426 255.860
f 10151 10089 10152
v 12767.711 -17814.519 259.340
f 10153 10089 10088
f 10153 9986 10090
f 10153 10088 9986
v 12772.644 -17814.519 262.595
f 10154 10090 9989
v 12775.042 -17816.426 262.373
f 10154 10092 10155
f 10154 9989 10092
v 12781.147 -17814.519 267.440
f 10156 10091 9991
f 10156 9991 10093
f 10156 10093 10094
v 12791.899 -17814.519 272.342
f 10157 10096 10097
f 10157 9996 10096
f 10157 10095 9996
v 12799.371 -17814.519 275.029
f 10158 10097 10098
f 10158 10001 10099
f 10158 10098 10001
v 12805.038 -17814.519 276.705
v 12806.915 -17814.519 277.194
v 12807.268 -17816.426 275.793
f 10159 10160 10161
f 10159 10003 10160
f 10159 10099 10003
v 12808.800 -17814.519 277.652
f 10162 10161 10160
f 10162 10160 10003
f 10162 10003 10100
v 12814.585 -17814.519 278.860
f 10163 10100 10004
f 10163 10101 9458
f 10163 10004 10101
v 12729.304 -17787.480 215.203
f 10164 10006 10008
f 10164 10102 10006
v 12726.978 -17788.485 211.906
v 12727.567 -17787.480 211.632
f 10164 10165 10166
f 10164 10008 10165
v 12732.107 -17787.480 220.406
v 12734.325 -17785.573 221.345
f 10167 10168 10104
f 10167 10011 10102
f 10167 10104 10011
v 12738.465 -17787.480 230.366
v 12739.600 -17787.480 231.938
f 10169 10170 10015
v 12740.765 -17785.573 231.083
f 10169 10171 10170
f 10169 10015 10105
v 12740.761 -17787.480 233.491
f 10172 10015 10170
f 10172 10170 10171
f 10172 10106 10015
v 12744.452 -17787.480 238.107
f 10173 10107 10018
f 10173 10018 10106
f 10173 10108 10107
v 12749.761 -17787.480 244.013
f 10174 10109 10108
v 12748.132 -17785.573 240.138
f 10174 10108 10175
f 10174 10023 10109
f 10174 10110 10023
v 12753.959 -17787.480 248.172
f 10176 10113 10028
f 10176 10028 10110
v 12756.355 -17785.573 248.424
f 10176 10177 10113
v 12758.358 -17787.480 252.119
f 10178 10112 10113
f 10178 10117 10031
f 10178 10177 9320
f 10178 9320 9319
f 10178 10031 10112
f 10178 10113 10177
v 12762.946 -17787.480 255.845
v 12765.355 -17785.573 255.860
f 10179 9319 10180
f 10179 10117 10178
f 10179 10180 10121
f 10179 10178 9319
f 10179 10121 10046
f 10179 10046 10117
v 12767.711 -17787.480 259.340
f 10181 10180 9319
f 10181 10122 10052
f 10181 10121 10180
f 10181 10052 10120
f 10181 9319 9343
f 10181 10120 10121
v 12772.644 -17787.480 262.595
f 10182 10122 10181
v 12775.042 -17785.573 262.373
f 10182 9343 10183
f 10182 10056 10122
f 10182 10181 9343
f 10182 10126 10056
f 10182 10183 10126
v 12777.731 -17787.480 265.604
f 10184 9343 9361
f 10184 10059 10125
f 10184 10183 9343
f 10184 10127 10059
f 10184 10125 10126
f 10184 10126 10183
v 12782.960 -17787.480 268.358
f 10185 10062 10127
f 10185 10184 9361
v 12785.325 -17785.573 267.900
f 10185 9361 10186
v 12784.704 -17787.480 269.205
f 10185 10187 10062
f 10185 10186 10187
f 10185 10127 10184
v 12786.462 -17787.480 270.024
f 10188 10128 10062
f 10188 10062 10187
f 10188 10187 10186
v 12791.899 -17787.480 272.342
f 10189 10129 10128
f 10189 10130 10129
f 10189 10131 10130
v 12799.371 -17787.480 275.029
f 10190 10134 10067
f 10190 10067 10132
f 10190 10132 10131
v 12805.038 -17787.480 276.705
v 12807.268 -17785.573 275.793
f 10191 10192 10136
f 10191 10070 10134
f 10191 10136 10070
v 12810.782 -17787.480 278.099
f 10193 10072 10135
f 10193 10135 10136
f 10193 10137 10072
v 12816.586 -17787.480 279.209
f 10194 9697 9703
f 10194 9708 10137
f 10194 9703 9708
v 12730.572 -17816.426 214.508
f 10195 10142 10138
f 10195 10138 10074
f 10195 10074 10143
v 12733.339 -17816.426 219.650
f 10196 8881 8880
f 10196 10076 8881
f 10196 10143 10076
v 12753.535 -17816.426 245.763
f 10197 10147 10084
f 10197 10148 10149
f 10197 10084 10148
v 12757.815 -17816.426 249.734
v 12757.452 -17818.180 247.222
f 10198 10199 10149
f 10198 10086 10150
f 10198 10149 10086
v 12762.286 -17816.426 253.490
f 10200 10150 10087
f 10200 10151 10152
f 10200 10087 10151
v 12766.936 -17816.426 257.020
f 10201 10089 10153
v 12766.328 -17818.180 254.556
f 10201 10202 10152
f 10201 10152 10089
v 12771.755 -17816.426 260.317
f 10203 10153 10090
f 10203 10154 10155
f 10203 10090 10154
v 12778.395 -17816.426 264.320
f 10204 10155 10092
f 10204 10091 10156
f 10204 10092 10091
v 12783.560 -17816.426 267.043
v 12785.325 -17816.426 267.900
f 10205 10094 10206
f 10205 10156 10094
v 12786.024 -17818.180 266.431
f 10205 10206 10207
v 12794.261 -17816.426 271.709
v 12796.102 -17816.426 272.388
f 10208 10097 10209
v 12796.652 -17818.180 270.857
f 10208 10209 10210
f 10208 10157 10097
v 12797.953 -17816.426 273.037
f 10211 10097 10158
f 10211 10209 10097
f 10211 10210 10209
v 12803.524 -17816.426 274.785
f 10212 10099 10159
f 10212 10159 10161
f 10212 10158 10099
v 12816.778 -17816.426 277.776
f 10213 9470 9479
f 10213 10163 9458
f 10213 9458 9470
v 12729.720 -17785.573 212.792
f 10214 10164 10166
v 12729.594 -17784.675 210.687
v 12730.351 -17783.819 210.334
f 10214 10215 10216
v 12728.876 -17785.573 211.021
f 10214 10217 10215
v 12728.200 -17786.508 211.337
f 10214 10218 10217
f 10214 10166 10218
v 12732.403 -17785.573 217.978
f 10219 10102 10164
f 10219 10168 10167
f 10219 10167 10102
v 12736.900 -17785.573 225.492
f 10220 10169 10105
v 12746.833 -17785.573 238.669
v 12749.342 -17783.819 239.050
f 10221 10222 10175
f 10221 10175 10108
f 10221 10108 10173
v 12753.535 -17785.573 245.763
f 10223 10110 10174
f 10223 10176 10110
f 10223 10177 10176
v 12794.261 -17785.573 271.709
f 10224 10131 10189
v 12796.652 -17783.819 270.857
v 12796.102 -17785.573 272.388
f 10224 10225 10226
f 10224 10226 10131
v 12797.953 -17785.573 273.037
f 10227 10190 10131
f 10227 10226 10225
f 10227 10131 10226
v 12803.524 -17785.573 274.785
f 10228 10134 10190
f 10228 10192 10191
f 10228 10191 10134
v 12809.174 -17785.573 276.256
f 10229 10136 10192
f 10229 10193 10136
v 12807.665 -17783.819 274.215
f 10229 10192 10230
v 12814.890 -17785.573 277.447
f 10231 10137 10193
f 10231 10194 10137
f 10231 9697 10194
v 12731.173 -17818.180 212.060
f 10232 10142 10195
v 12729.594 -17817.324 210.687
f 10232 10233 10142
v 12730.351 -17818.180 210.334
f 10232 10234 10233
v 12731.146 -17818.994 209.963
f 10232 10235 10234
v 12731.977 -17819.763 209.576
f 10232 10236 10235
v 12732.841 -17820.486 209.172
f 10232 10237 10236
v 12733.819 -17818.180 217.175
f 10238 8873 8875
f 10238 8890 8873
f 10238 10196 8880
f 10238 10237 10232
f 10238 10143 10196
f 10238 10195 10143
f 10238 8880 8890
f 10238 8875 10237
f 10238 10232 10195
v 12751.961 -17818.180 241.868
f 10239 10147 10197
f 10239 10146 10147
f 10239 8908 10146
v 12756.051 -17818.180 245.921
v 12758.662 -17819.763 245.897
f 10240 10199 10241
f 10240 10197 10149
f 10240 10149 10199
v 12760.336 -17818.180 249.768
f 10242 10198 10150
f 10242 10150 10200
f 10242 10199 10198
v 12764.805 -17818.180 253.399
f 10243 10152 10202
v 12767.401 -17819.763 253.118
f 10243 10202 10244
f 10243 10200 10152
v 12769.448 -17818.180 256.805
f 10245 10202 10201
f 10245 10201 10153
f 10245 10153 10203
v 12774.253 -17818.180 259.979
v 12775.883 -17818.180 260.979
v 12776.809 -17819.763 259.443
f 10246 10247 10248
f 10246 10155 10247
f 10246 10203 10155
v 12777.528 -17818.180 261.953
f 10249 10248 10247
f 10249 10247 10155
f 10249 10155 10204
v 12782.578 -17818.180 264.722
f 10250 10204 10156
f 10250 10205 10207
f 10250 10156 10205
v 12790.392 -17818.180 268.399
f 10251 10207 10206
v 12800.293 -17818.180 272.099
f 10252 10158 10212
f 10252 10210 10211
f 10252 10211 10158
v 12805.815 -17818.180 273.733
f 10253 10212 10161
v 12807.665 -17818.180 274.215
f 10253 10161 10254
v 12808.103 -17819.763 272.475
f 10253 10254 10255
v 12732.034 -17783.819 213.793
f 10256 10219 10164
f 10256 10164 10214
f 10256 10214 10216
v 12734.764 -17783.819 218.863
v 12735.725 -17783.819 220.516
f 10257 10258 10168
v 12737.268 -17782.236 219.601
f 10257 10259 10258
f 10257 10168 10219
v 12736.974 -17783.819 222.574
f 10260 10168 10258
f 10260 10258 10259
f 10260 10220 10168
v 12740.131 -17783.819 227.390
f 10261 10169 10220
f 10261 10171 10169
v 12742.076 -17783.819 230.119
f 10261 10262 10171
v 12734.903 -17787.480 225.055
f 10263 10103 10104
f 10263 10013 10103
f 10263 10105 10013
f 10263 10104 10168
f 10263 10168 10220
f 10263 10220 10105
v 12751.961 -17783.819 241.868
f 10264 10175 10222
f 10264 10174 10175
f 10264 10223 10174
v 12756.051 -17783.819 245.921
f 10265 9313 9320
f 10265 10177 10223
f 10265 9320 10177
v 12800.293 -17783.819 272.099
f 10266 10227 10225
f 10266 10190 10227
f 10266 10228 10190
v 12805.815 -17783.819 273.733
v 12808.103 -17782.236 272.475
f 10267 10268 10230
f 10267 10192 10228
f 10267 10230 10192
v 12811.410 -17783.819 275.092
f 10269 10193 10229
f 10269 10229 10230
f 10269 10231 10193
v 12817.066 -17783.819 276.174
f 10270 9697 10231
f 10270 9689 9696
f 10270 9696 9697
v 12751.954 -17819.763 239.249
f 10271 8908 10239
f 10271 8907 8908
f 10271 8913 8907
v 12755.915 -17819.763 243.306
f 10272 10197 10240
f 10272 10239 10197
f 10272 10240 10241
v 12759.971 -17821.160 244.462
f 10272 10241 10273
v 12760.071 -17819.763 247.162
f 10274 10241 10199
f 10274 10199 10242
f 10274 10273 10241
v 12764.412 -17819.763 250.810
f 10275 10200 10243
f 10275 10243 10244
v 12768.563 -17821.160 251.561
f 10275 10244 10276
f 10275 10242 10200
v 12768.928 -17819.763 254.238
f 10277 10244 10202
f 10277 10202 10245
f 10277 10276 10244
v 12773.607 -17819.763 257.440
f 10278 10246 10248
f 10278 10203 10246
f 10278 10245 10203
v 12777.812 -17821.160 257.779
f 10278 10248 10279
v 12780.075 -17819.763 261.340
f 10280 10204 10250
f 10280 10249 10204
f 10280 10248 10249
v 12788.987 -17815.491 270.379
f 10281 10206 10094
f 10281 10251 10206
f 10281 10094 10095
f 10281 10095 10157
v 12785.091 -17819.763 263.983
f 10282 10250 10207
v 12786.794 -17819.763 264.811
v 12787.629 -17821.160 263.056
f 10282 10283 10284
f 10282 10207 10283
v 12791.090 -17816.426 270.456
f 10285 10157 10208
f 10285 10251 10281
f 10285 10281 10157
v 12788.935 -17819.763 265.802
f 10286 10207 10251
f 10286 10284 10283
f 10286 10283 10207
v 12794.160 -17819.763 268.003
f 10287 10208 10210
v 12797.259 -17819.763 269.169
f 10287 10210 10288
v 12797.917 -17821.160 267.341
f 10287 10288 10289
f 10287 10285 10208
f 10287 10251 10285
v 12799.047 -17819.763 269.795
f 10290 10288 10210
f 10290 10289 10288
f 10290 10210 10252
v 12804.457 -17819.763 271.493
f 10291 10253 10255
f 10291 10212 10253
f 10291 10252 10212
v 12810.564 -17816.426 276.573
v 12812.335 -17818.180 275.289
f 10292 10293 10254
f 10292 10161 10162
f 10292 10254 10161
v 12813.422 -17816.426 277.169
f 10294 10293 10292
f 10294 10163 10213
v 12810.396 -17819.763 273.027
f 10295 10254 10293
v 12808.577 -17821.160 270.591
f 10295 10296 10255
f 10295 10255 10254
v 12815.952 -17819.763 274.162
f 10297 10213 9479
f 10297 10294 10213
f 10297 10293 10294
f 10297 9480 9503
f 10297 9479 9480
v 12732.791 -17782.236 211.285
f 10298 10256 10216
v 12732.841 -17781.513 209.172
v 12733.737 -17780.839 208.755
f 10298 10299 10300
v 12731.977 -17782.236 209.576
f 10298 10301 10299
v 12731.146 -17783.005 209.963
f 10298 10302 10301
f 10298 10216 10302
v 12735.397 -17782.236 216.321
f 10303 10259 10257
f 10303 10257 10219
f 10303 10219 10256
v 12739.378 -17782.236 223.023
v 12738.940 -17780.839 218.611
f 10304 10305 9206
f 10304 9206 9205
v 12745.087 -17780.839 227.907
f 10304 9205 10306
f 10304 10260 10259
f 10304 10261 10220
f 10304 10259 10305
f 10304 10220 10260
v 12742.554 -17782.236 227.720
f 10307 10261 10304
v 12743.522 -17782.236 229.057
f 10307 10308 10262
f 10307 10304 10306
f 10307 10306 10308
f 10307 10262 10261
v 12744.938 -17782.236 230.944
f 10309 10262 10308
f 10309 10308 10306
v 12744.992 -17783.819 233.921
f 10309 10310 10262
v 12748.498 -17782.236 235.357
v 12750.676 -17782.236 237.851
f 10311 10312 10222
f 10311 10222 10221
v 12742.809 -17785.573 233.783
f 10313 10262 10310
f 10313 10172 10171
f 10313 10171 10262
v 12744.632 -17785.573 236.063
f 10314 10313 10310
f 10314 10310 10311
f 10314 10311 10221
f 10314 10221 10173
v 12751.954 -17782.236 239.249
v 12752.121 -17780.839 236.552
f 10315 10312 10316
f 10315 10222 10312
f 10315 10264 10222
v 12755.915 -17782.236 243.306
f 10317 10265 10223
f 10317 10223 10264
f 10317 9313 10265
v 12788.935 -17782.236 265.802
f 10318 9357 9353
f 10318 9361 9357
v 12790.392 -17783.819 268.399
f 10318 10319 9361
v 12794.160 -17782.236 268.003
f 10320 10225 10224
f 10320 10319 10318
v 12797.259 -17782.236 269.169
f 10320 10321 10225
v 12788.404 -17785.573 269.311
f 10322 10186 9361
f 10322 9361 10319
f 10322 10188 10186
v 12791.090 -17785.573 270.456
f 10323 10320 10224
f 10323 10319 10320
f 10323 10322 10319
f 10323 10224 10189
v 12799.047 -17782.236 269.795
v 12797.917 -17780.839 267.341
f 10324 10321 10325
f 10324 10266 10225
f 10324 10225 10321
v 12804.457 -17782.236 271.493
f 10326 10267 10228
f 10326 10268 10267
f 10326 10228 10266
v 12809.943 -17782.236 272.922
v 12808.577 -17780.839 270.591
f 10327 10268 10328
f 10327 10230 10268
f 10327 10269 10230
v 12815.494 -17782.236 274.079
f 10329 10231 10269
f 10329 10270 10231
f 10329 9689 10270
v 12754.652 -17821.160 239.276
f 10330 10271 10239
f 10330 8913 10271
f 10330 10239 10272
v 12762.758 -17821.160 246.924
f 10331 10274 10242
f 10331 10273 10274
f 10331 10242 10275
v 12771.579 -17821.160 253.736
f 10332 10277 10245
f 10332 10245 10278
f 10332 10276 10277
v 12779.410 -17821.160 258.725
f 10333 10248 10280
f 10333 10279 10248
v 12778.882 -17822.356 256.005
f 10333 10334 10279
v 12784.298 -17821.160 261.404
f 10335 10250 10282
f 10335 10282 10284
f 10335 10280 10250
v 12791.222 -17821.160 264.689
f 10336 10286 10251
f 10336 10284 10286
f 10336 10251 10287
v 12801.436 -17821.160 268.541
f 10337 10252 10291
f 10337 10289 10290
f 10337 10290 10252
v 12811.917 -17814.519 278.340
f 10338 10292 10162
f 10338 10163 10294
f 10338 10294 10292
f 10338 10100 10163
f 10338 10162 10100
v 12806.781 -17821.160 270.123
f 10339 10291 10255
v 12809.083 -17822.356 268.582
f 10339 10296 10340
f 10339 10255 10296
v 12812.421 -17821.160 271.488
f 10341 10296 10295
f 10341 10295 10293
f 10341 10293 10297
v 12735.364 -17780.839 212.098
f 10342 10256 10298
f 10342 10303 10256
f 10342 10298 10300
v 12738.006 -17780.839 217.006
f 10343 9206 10305
f 10343 10259 10303
f 10343 10305 10259
v 12747.479 -17780.839 231.046
f 10344 10310 10309
f 10344 10311 10310
f 10344 10309 10306
v 12751.041 -17780.839 235.334
v 12753.662 -17779.643 235.167
f 10345 10346 10316
f 10345 10316 10312
f 10345 10312 10311
v 12742.726 -17787.480 236.007
f 10347 10172 10313
f 10347 10313 10314
f 10347 10314 10173
f 10347 10106 10172
f 10347 10173 10106
v 12754.652 -17780.839 239.276
f 10348 10264 10315
f 10348 10317 10264
f 10348 10315 10316
v 12758.611 -17780.839 243.200
f 10349 9306 9313
f 10349 9293 9306
f 10349 9313 10317
v 12796.389 -17780.839 266.779
f 10350 10325 10321
f 10350 10321 10320
v 12798.618 -17779.643 265.391
f 10350 10351 10325
v 12789.384 -17787.480 271.309
f 10352 10323 10189
f 10352 10128 10188
f 10352 10189 10128
f 10352 10188 10322
f 10352 10322 10323
v 12801.436 -17780.839 268.541
f 10353 10266 10324
f 10353 10326 10266
f 10353 10324 10325
v 12806.781 -17780.839 270.123
f 10354 10328 10268
f 10354 10268 10326
v 12809.083 -17779.643 268.582
f 10354 10355 10328
v 12812.197 -17780.839 271.439
f 10356 10327 10328
f 10356 10269 10327
f 10356 10329 10269
v 12817.672 -17780.839 272.487
f 10357 9684 9689
f 10357 9689 10329
f 10357 9676 9684
v 12754.893 -17822.356 236.514
f 10358 8923 8918
f 10358 8913 10330
f 10358 8918 8913
f 10358 8928 8923
v 12758.716 -17822.356 240.429
f 10359 8952 8928
v 12761.368 -17822.356 242.932
f 10359 10273 10360
f 10359 10358 10330
f 10359 8928 10358
v 12762.839 -17823.340 241.321
f 10359 10361 8952
f 10359 10272 10273
f 10359 10330 10272
f 10359 10360 10361
v 12762.726 -17822.356 244.151
f 10362 10360 10273
f 10362 8952 10361
f 10362 10361 10360
f 10362 10273 10331
v 12766.916 -17822.356 247.671
f 10363 8985 8952
v 12771.107 -17823.340 248.153
f 10363 10364 8985
f 10363 10362 10331
v 12769.803 -17822.356 249.901
f 10363 10365 10364
f 10363 10276 10365
f 10363 8952 10362
f 10363 10275 10276
f 10363 10331 10275
v 12771.274 -17822.356 250.980
f 10366 8985 10364
f 10366 10364 10365
f 10366 10365 10276
f 10366 10276 10332
v 12775.790 -17822.356 254.071
f 10367 8985 10366
v 12780.008 -17823.340 254.137
f 10367 10368 9019
f 10367 10334 10368
f 10367 10332 10278
f 10367 10366 10332
f 10367 10278 10279
f 10367 9019 8985
f 10367 10279 10334
v 12782.036 -17822.356 257.836
f 10369 9055 9019
f 10369 9019 10368
f 10369 10334 10333
f 10369 10368 10334
f 10369 10333 10280
f 10369 10280 10335
v 12786.877 -17822.356 260.388
v 12789.455 -17823.340 259.216
f 10370 10371 9055
f 10370 9055 10369
f 10370 10369 10335
v 12788.518 -17822.356 261.185
f 10370 10284 10372
f 10370 10372 10371
f 10370 10335 10284
v 12790.275 -17822.356 262.002
f 10373 9055 10371
f 10373 10372 10284
f 10373 10371 10372
f 10373 10284 10336
v 12795.311 -17822.356 264.142
v 12798.618 -17822.356 265.391
f 10374 10289 10375
v 12799.356 -17823.340 263.339
f 10374 10375 10376
f 10374 10287 10289
f 10374 10376 9098
f 10374 9098 9055
f 10374 10373 10336
f 10374 9055 10373
f 10374 10336 10287
v 12800.341 -17822.356 265.995
f 10377 10375 10289
f 10377 10376 10375
f 10377 9098 10376
f 10377 10289 10337
v 12805.561 -17822.356 267.633
f 10378 10339 10340
v 12809.616 -17823.340 266.467
f 10378 10340 10379
f 10378 9143 9098
f 10378 10337 10291
f 10378 10291 10339
f 10378 10379 9143
f 10378 9098 10377
f 10378 10377 10337
v 12810.966 -17822.356 269.038
f 10380 10296 10341
f 10380 10379 10340
f 10380 10340 10296
f 10380 9143 10379
v 12736.400 -17779.643 209.527
v 12737.592 -17778.659 206.957
v 12738.611 -17778.249 206.482
f 10381 10382 10383
v 12736.592 -17779.123 207.423
f 10381 10384 10382
v 12735.615 -17779.643 207.879
f 10381 10385 10384
v 12734.663 -17780.215 208.323
f 10381 10386 10385
f 10381 10300 10386
f 10381 10342 10300
v 12816.324 -17822.356 270.150
f 10387 10297 9503
f 10387 9182 9143
f 10387 9508 9513
f 10387 10380 10341
f 10387 9503 9508
f 10387 9143 10380
f 10387 9513 9182
f 10387 10341 10297
v 12738.915 -17779.643 214.387
f 10388 10342 10381
f 10388 10343 10303
f 10388 9206 10343
f 10388 9196 9206
f 10388 9147 9196
f 10388 10383 9148
f 10388 10381 10383
f 10388 9148 9147
f 10388 10303 10342
v 12747.918 -17779.643 228.231
f 10389 10306 9205
f 10389 9205 9195
f 10389 10344 10306
f 10389 9195 9186
v 12751.340 -17779.643 232.500
f 10390 10311 10344
f 10390 10345 10311
f 10390 9186 9226
f 10390 10344 10389
v 12755.284 -17778.659 233.709
f 10390 9226 10391
f 10390 10389 9186
f 10390 10346 10345
f 10390 10391 10346
v 12754.893 -17779.643 236.514
f 10392 10316 10346
f 10392 10391 9226
f 10392 10348 10316
f 10392 10346 10391
v 12758.716 -17779.643 240.429
f 10393 10317 10348
f 10393 9293 10349
f 10393 9226 9258
f 10393 10392 9226
f 10393 9258 9286
f 10393 9286 9293
f 10393 10349 10317
f 10393 10348 10392
v 12792.780 -17779.643 263.103
f 10394 10318 9353
f 10394 9353 9349
f 10394 10351 10350
v 12799.356 -17778.659 263.339
f 10394 10395 10351
f 10394 10350 10320
f 10394 9359 10395
f 10394 9340 9359
f 10394 10320 10318
f 10394 9345 9340
f 10394 9349 9345
v 12800.341 -17779.643 265.995
f 10396 10351 10395
f 10396 10353 10325
f 10396 10395 9359
f 10396 10325 10351
v 12805.561 -17779.643 267.633
f 10397 10353 10396
f 10397 9359 9369
f 10397 10326 10353
f 10397 10355 10354
f 10397 10354 10326
v 12809.616 -17778.659 266.467
f 10397 9369 10398
f 10397 10398 10355
f 10397 10396 9359
v 12810.857 -17779.643 269.013
f 10399 10328 10355
f 10399 10398 9369
f 10399 10355 10398
f 10399 10356 10328
v 12816.213 -17779.643 270.129
f 10400 10356 10399
f 10400 10399 9369
f 10400 9374 9671
f 10400 10329 10356
f 10400 9676 10357
f 10400 9369 9374
f 10400 9671 9676
f 10400 10357 10329
o main_3
v 14045.260 -17693.509 38.295
v 14045.260 -17693.754 38.277
v 14045.260 -17693.999 38.271
f 10401 10402 10403
v 14045.260 -17693.266 38.325
f 10404 10401 10403
v 14045.260 -17693.024 38.367
f 10405 10404 10403
v 14045.260 -17692.785 38.421
f 10406 10405 10403
v 14045.260 -17692.548 38.486
f 10407 10406 10403
v 14045.260 -17692.315 38.563
f 10408 10407 10403
v 14045.260 -17692.086 38.652
f 10409 10408 10403
v 14045.260 -17691.643 38.862
v 14045.260 -17691.862 38.751
f 10410 10411 10409
v 14045.260 -17691.429 38.983
f 10412 10409 10403
f 10412 10410 10409
v 14045.260 -17691.222 39.114
f 10413 10412 10403
v 14045.260 -17691.021 39.255
f 10414 10413 10403
v 14045.260 -17690.828 39.406
f 10415 10414 10403
v 14045.260 -17690.642 39.566
f 10416 10415 10403
v 14045.260 -17748.999 98.271
v 14045.260 -17824.999 38.271
v 14045.260 -17824.999 98.271
f 10417 10418 10419
f 10417 10403 10418
v 14045.260 -17690.295 39.913
v 14045.260 -17690.464 39.736
f 10420 10421 10416
f 10420 10416 10403
v 14045.260 -17689.983 40.293
f 10422 10420 10403
v 14045.260 -17690.134 40.099
f 10422 10423 10420
v 14045.260 -17689.842 40.493
f 10424 10422 10403
v 14045.260 -17689.590 40.914
f 10425 10424 10403
v 14045.260 -17689.711 40.701
f 10425 10426 10424
v 14045.260 -17689.480 41.133
f 10427 10425 10403
v 14045.260 -17689.215 41.820
f 10428 10427 10403
v 14045.260 -17689.292 41.587
v 14045.260 -17689.380 41.358
f 10428 10429 10430
f 10428 10430 10427
v 14045.260 -17689.149 42.056
f 10431 10428 10403
v 14045.260 -17689.054 42.538
f 10432 10431 10403
v 14045.260 -17689.096 42.296
f 10432 10433 10431
v 14045.260 -17689.006 43.026
v 14045.260 -17689.024 42.781
f 10434 10435 10432
v 14045.260 -17688.999 43.271
f 10436 10432 10403
f 10436 10434 10432
f 10436 10403 10417
v 14045.260 -17688.999 150.868
f 10437 10436 10417
v 14045.260 -17713.999 173.271
f 10437 10417 10438
v 14045.260 -17689.024 151.365
v 14045.260 -17689.006 151.117
f 10439 10440 10437
v 14045.260 -17689.055 151.612
f 10441 10439 10437
v 14045.260 -17689.098 151.857
f 10442 10441 10437
v 14045.260 -17689.154 152.100
f 10443 10442 10437
v 14045.260 -17689.300 152.575
v 14045.260 -17689.221 152.339
f 10444 10445 10443
f 10444 10443 10437
v 14045.260 -17689.391 152.807
f 10446 10444 10437
v 14045.260 -17689.493 153.034
f 10447 10446 10437
v 14045.260 -17689.606 153.256
f 10448 10447 10437
v 14045.260 -17689.865 153.680
v 14045.260 -17689.731 153.471
f 10449 10450 10448
f 10449 10448 10437
v 14045.260 -17690.876 154.772
f 10451 10437 10438
v 14045.260 -17690.165 154.077
v 14045.260 -17690.010 153.883
f 10452 10453 10449
f 10452 10449 10437
v 14045.260 -17690.686 154.612
f 10454 10437 10451
v 14045.260 -17690.503 154.443
v 14045.260 -17690.330 154.264
f 10455 10456 10452
f 10455 10452 10437
f 10455 10437 10454
v 14045.260 -17713.999 238.271
v 14045.260 -17748.999 238.271
f 10457 10438 10458
f 10417 10458 10438
v 14050.260 -17713.999 238.271
f 10438 10457 10459
v 14050.260 -17713.999 173.271
f 10460 10438 10459
v 14050.260 -17748.999 238.271
f 10458 10461 10459
f 10458 10459 10457
v 14050.260 -17748.999 98.271
f 10417 10462 10461
f 10417 10461 10458
v 14050.260 -17688.999 43.271
f 10434 10436 10463
v 14050.260 -17689.006 43.026
f 10434 10463 10464
v 14050.260 -17689.024 42.781
f 10435 10464 10465
f 10435 10434 10464
v 14050.260 -17689.054 42.538
f 10432 10465 10466
f 10432 10435 10465
v 14050.260 -17689.096 42.296
f 10433 10466 10467
v 14050.260 -17689.149 42.056
f 10433 10467 10468
f 10433 10432 10466
f 10431 10433 10468
v 14050.260 -17689.215 41.820
f 10428 10468 10469
f 10428 10431 10468
v 14050.260 -17689.292 41.587
f 10429 10469 10470
f 10429 10428 10469
v 14050.260 -17689.380 41.358
f 10430 10470 10471
f 10430 10429 10470
f 10427 10430 10471
v 14050.260 -17689.480 41.133
f 10427 10471 10472
v 14050.260 -17689.590 40.914
f 10427 10472 10473
f 10425 10427 10473
v 14050.260 -17689.711 40.701
f 10426 10473 10474
f 10426 10425 10473
v 14050.260 -17689.842 40.493
f 10424 10474 10475
f 10424 10426 10474
v 14050.260 -17689.983 40.293
f 10422 10475 10476
f 10422 10424 10475
v 14050.260 -17690.134 40.099
f 10423 10476 10477
f 10423 10422 10476
v 14050.260 -17690.295 39.913
f 10420 10477 10478
v 14050.260 -17690.464 39.736
f 10420 10478 10479
f 10420 10423 10477
f 10421 10420 10479
v 14050.260 -17690.642 39.566
f 10416 10479 10480
f 10416 10421 10479
v 14050.260 -17690.828 39.406
f 10415 10480 10481
v 14050.260 -17691.021 39.255
f 10415 10481 10482
f 10415 10416 10480
f 10414 10415 10482
v 14050.260 -17691.222 39.114
f 10413 10482 10483
v 14050.260 -17691.429 38.983
f 10413 10483 10484
f 10413 10414 10482
f 10412 10413 10484
v 14050.260 -17691.643 38.862
f 10410 10484 10485
f 10410 10412 10484
v 14050.260 -17691.862 38.751
f 10411 10485 10486
f 10411 10410 10485
v 14050.260 -17692.086 38.652
f 10409 10486 10487
f 10409 10411 10486
v 14050.260 -17692.315 38.563
f 10408 10487 10488
v 14050.260 -17692.548 38.486
f 10408 10488 10489
f 10408 10409 10487
v 14050.260 -17692.785 38.421
f 10407 10489 10490
f 10407 10408 10489
f 10406 10407 10490
v 14050.260 -17693.024 38.367
f 10405 10490 10491
f 10405 10406 10490
v 14050.260 -17693.266 38.325
f 10404 10491 10492
v 14050.260 -17693.509 38.295
f 10404 10492 10493
f 10404 10405 10491
f 10401 10404 10493
v 14050.260 -17693.754 38.277
f 10402 10493 10494
v 14050.260 -17693.999 38.271
f 10402 10494 10495
f 10402 10401 10493
f 10403 10402 10495
v 14050.260 -17688.999 150.868
f 10436 10437 10496
f 10463 10436 10496
v 14050.260 -17690.876 154.772
v 14050.260 -17690.686 154.612
f 10451 10497 10498
f 10454 10451 10498
v 14050.260 -17690.503 154.443
f 10455 10498 10499
f 10455 10454 10498
v 14050.260 -17690.330 154.264
f 10456 10499 10500
f 10456 10455 10499
v 14050.260 -17690.165 154.077
f 10452 10500 10501
f 10452 10456 10500
v 14050.260 -17690.010 153.883
f 10453 10501 10502
f 10453 10452 10501
v 14050.260 -17689.865 153.680
f 10449 10502 10503
f 10449 10453 10502
v 14050.260 -17689.731 153.471
f 10450 10503 10504
v 14050.260 -17689.606 153.256
f 10450 10504 10505
f 10450 10449 10503
f 10448 10450 10505
v 14050.260 -17689.493 153.034
f 10447 10505 10506
f 10447 10448 10505
v 14050.260 -17689.391 152.807
f 10446 10506 10507
f 10446 10447 10506
v 14050.260 -17689.300 152.575
f 10444 10507 10508
f 10444 10446 10507
v 14050.260 -17689.221 152.339
f 10445 10508 10509
f 10445 10444 10508
v 14050.260 -17689.154 152.100
f 10443 10509 10510
f 10443 10445 10509
v 14050.260 -17689.098 151.857
f 10442 10510 10511
f 10442 10443 10510
f 10441 10442 10511
v 14050.260 -17689.055 151.612
f 10441 10511 10512
f 10439 10441 10512
v 14050.260 -17689.024 151.365
f 10439 10512 10513
v 14050.260 -17689.006 151.117
f 10439 10513 10514
f 10440 10439 10514
f 10437 10440 10514
f 10437 10514 10496
f 10438 10497 10451
f 10460 10497 10438
v 14050.260 -17829.999 98.271
f 10419 10515 10462
f 10419 10462 10417
v 14010.955 -17829.999 98.271
v 14010.955 -17824.999 98.271
f 10516 10419 10517
f 10516 10515 10419
f 10460 10459 10461
v 14050.260 -17829.999 38.271
f 10462 10515 10518
f 10499 10498 10497
f 10500 10499 10497
f 10502 10501 10500
f 10502 10500 10497
f 10503 10502 10497
f 10504 10503 10497
f 10505 10504 10497
f 10506 10505 10497
f 10507 10506 10497
f 10508 10507 10497
f 10511 10509 10508
f 10511 10510 10509
f 10512 10511 10508
f 10512 10508 10497
f 10496 10512 10497
f 10496 10513 10512
f 10496 10514 10513
f 10496 10497 10460
f 10496 10460 10462
f 10463 10496 10462
f 10495 10463 10462
f 10495 10462 10518
f 10464 10463 10495
f 10468 10465 10464
f 10468 10466 10465
f 10468 10467 10466
f 10468 10464 10495
f 10468 10494 10493
f 10468 10495 10494
f 10490 10492 10491
f 10470 10469 10468
f 10470 10468 10493
f 10488 10470 10493
f 10488 10490 10489
f 10488 10493 10492
f 10488 10492 10490
f 10486 10488 10487
f 10473 10471 10470
f 10473 10472 10471
f 10485 10488 10486
f 10474 10473 10470
f 10483 10485 10484
f 10476 10475 10474
f 10478 10477 10476
f 10478 10474 10470
f 10478 10476 10474
f 10479 10481 10480
f 10479 10482 10481
f 10479 10483 10482
f 10479 10470 10488
f 10479 10488 10485
f 10479 10478 10470
f 10479 10485 10483
f 10461 10462 10460
v 14010.955 -17829.999 38.271
v 14010.955 -17824.999 38.271
f 10418 10519 10520
f 10418 10403 10495
f 10518 10418 10495
f 10518 10519 10418
v 14005.961 -17829.999 43.026
v 14005.955 -17829.999 43.271
v 14005.955 -17824.999 43.271
f 10521 10522 10523
v 14005.961 -17824.999 43.026
f 10521 10523 10524
v 14005.980 -17824.999 42.781
f 10521 10524 10525
v 14005.980 -17829.999 42.781
f 10526 10521 10525
v 14006.010 -17829.999 42.538
v 14006.010 -17824.999 42.538
f 10527 10525 10528
f 10527 10526 10525
v 14006.052 -17829.999 42.296
v 14006.052 -17824.999 42.296
f 10529 10528 10530
v 14006.105 -17824.999 42.056
f 10529 10530 10531
f 10529 10527 10528
v 14006.105 -17829.999 42.056
v 14006.171 -17824.999 41.820
f 10532 10531 10533
f 10532 10529 10531
v 14006.171 -17829.999 41.820
f 10534 10532 10533
v 14006.248 -17829.999 41.587
v 14006.248 -17824.999 41.587
f 10535 10533 10536
v 14006.336 -17824.999 41.358
f 10535 10536 10537
f 10535 10534 10533
v 14006.336 -17829.999 41.358
f 10538 10535 10537
v 14006.436 -17829.999 41.133
f 10539 10538 10537
v 14006.436 -17824.999 41.133
f 10539 10537 10540
v 14006.546 -17824.999 40.914
f 10539 10540 10541
v 14006.546 -17829.999 40.914
v 14006.667 -17824.999 40.701
f 10542 10541 10543
f 10542 10539 10541
v 14006.667 -17829.999 40.701
f 10544 10542 10543
v 14006.798 -17829.999 40.493
f 10545 10544 10543
v 14006.798 -17824.999 40.493
f 10545 10543 10546
v 14006.939 -17829.999 40.293
v 14006.939 -17824.999 40.293
f 10547 10546 10548
f 10547 10545 10546
v 14007.090 -17829.999 40.099
v 14007.090 -17824.999 40.099
f 10549 10548 10550
f 10549 10547 10548
v 14007.251 -17829.999 39.913
v 14007.251 -17824.999 39.913
f 10551 10550 10552
v 14007.420 -17824.999 39.736
f 10551 10552 10553
f 10551 10549 10550
v 14007.420 -17829.999 39.736
v 14007.598 -17824.999 39.566
f 10554 10553 10555
f 10554 10551 10553
v 14007.598 -17829.999 39.566
f 10556 10554 10555
v 14007.784 -17829.999 39.406
v 14007.784 -17824.999 39.406
f 10557 10555 10558
f 10557 10556 10555
v 14007.977 -17829.999 39.255
v 14007.977 -17824.999 39.255
f 10559 10558 10560
v 14008.178 -17824.999 39.114
f 10559 10560 10561
f 10559 10557 10558
v 14008.178 -17829.999 39.114
v 14008.385 -17824.999 38.983
f 10562 10561 10563
f 10562 10559 10561
v 14008.385 -17829.999 38.983
f 10564 10562 10563
v 14008.598 -17829.999 38.862
v 14008.598 -17824.999 38.862
f 10565 10563 10566
f 10565 10564 10563
v 14008.818 -17829.999 38.751
v 14008.818 -17824.999 38.751
f 10567 10566 10568
f 10567 10565 10566
v 14009.042 -17829.999 38.652
v 14009.042 -17824.999 38.652
f 10569 10568 10570
f 10569 10567 10568
v 14009.271 -17829.999 38.563
v 14009.271 -17824.999 38.563
f 10571 10570 10572
v 14009.504 -17824.999 38.486
f 10571 10572 10573
f 10571 10569 10570
v 14009.504 -17829.999 38.486
f 10574 10571 10573
v 14009.741 -17829.999 38.421
v 14009.741 -17824.999 38.421
f 10575 10573 10576
f 10575 10574 10573
v 14009.980 -17829.999 38.367
v 14009.980 -17824.999 38.367
f 10577 10576 10578
f 10577 10575 10576
v 14010.222 -17829.999 38.325
v 14010.222 -17824.999 38.325
f 10579 10578 10580
v 14010.465 -17824.999 38.295
f 10579 10580 10581
f 10579 10577 10578
v 14010.465 -17829.999 38.295
f 10582 10579 10581
v 14010.710 -17829.999 38.277
v 14010.710 -17824.999 38.277
f 10583 10581 10584
f 10583 10582 10581
f 10519 10584 10520
f 10519 10583 10584
v 14005.955 -17824.999 93.271
f 10585 10523 10522
v 14005.955 -17829.999 93.271
f 10585 10522 10586
f 10575 10577 10579
f 10574 10575 10579
f 10571 10579 10582
f 10571 10582 10583
f 10571 10574 10579
f 10567 10569 10571
f 10567 10571 10583
f 10565 10567 10583
f 10564 10565 10583
f 10557 10559 10562
f 10557 10562 10564
f 10557 10564 10583
f 10551 10554 10556
f 10551 10556 10557
f 10549 10551 10557
f 10549 10557 10583
f 10545 10549 10583
f 10545 10547 10549
f 10542 10545 10583
f 10542 10544 10545
f 10539 10542 10583
f 10535 10539 10583
f 10535 10538 10539
f 10532 10535 10583
f 10532 10534 10535
f 10527 10532 10583
f 10527 10529 10532
f 10521 10526 10527
f 10522 10527 10583
f 10522 10521 10527
f 10522 10583 10519
f 10522 10519 10518
v 14010.222 -17829.999 98.217
v 14010.710 -17829.999 98.265
f 10587 10516 10588
v 14010.465 -17829.999 98.247
f 10587 10588 10589
v 14009.980 -17829.999 98.175
f 10590 10516 10587
v 14009.504 -17829.999 98.056
v 14009.741 -17829.999 98.121
f 10591 10590 10592
v 14009.042 -17829.999 97.891
v 14009.271 -17829.999 97.979
f 10593 10591 10594
f 10593 10516 10590
f 10593 10590 10591
v 14008.385 -17829.999 97.560
v 14008.818 -17829.999 97.791
v 14008.598 -17829.999 97.681
f 10595 10596 10597
v 14007.977 -17829.999 97.287
v 14008.178 -17829.999 97.429
f 10598 10595 10599
f 10586 10515 10516
f 10586 10522 10518
f 10586 10518 10515
v 14005.961 -17829.999 93.517
f 10600 10586 10516
v 14007.420 -17829.999 96.807
v 14007.784 -17829.999 97.136
f 10601 10598 10602
v 14007.598 -17829.999 96.976
f 10601 10602 10603
f 10601 10596 10595
f 10601 10595 10598
v 14005.980 -17829.999 93.761
f 10604 10593 10596
f 10604 10516 10593
f 10604 10600 10516
v 14007.090 -17829.999 96.443
v 14007.251 -17829.999 96.629
f 10605 10601 10606
v 14006.052 -17829.999 94.247
v 14006.010 -17829.999 94.005
f 10607 10608 10604
v 14006.667 -17829.999 95.842
v 14006.939 -17829.999 96.250
f 10609 10605 10610
v 14006.798 -17829.999 96.049
f 10609 10610 10611
v 14006.248 -17829.999 94.956
v 14006.171 -17829.999 94.723
v 14006.105 -17829.999 94.486
f 10612 10613 10614
v 14006.336 -17829.999 95.185
f 10615 10612 10614
v 14006.436 -17829.999 95.409
v 14006.546 -17829.999 95.628
f 10616 10609 10617
f 10616 10614 10607
f 10616 10596 10601
f 10616 10604 10596
f 10616 10601 10605
f 10616 10607 10604
f 10616 10605 10609
f 10616 10615 10614
f 10581 10580 10584
f 10576 10573 10578
f 10578 10573 10580
f 10580 10573 10584
f 10573 10572 10584
f 10570 10568 10572
f 10572 10568 10584
f 10568 10566 10584
f 10566 10563 10584
f 10563 10561 10584
f 10558 10555 10560
f 10555 10550 10560
f 10552 10550 10553
f 10553 10550 10555
f 10560 10550 10561
f 10550 10543 10561
f 10546 10543 10548
f 10548 10543 10550
f 10543 10541 10561
f 10561 10541 10584
f 10540 10537 10541
f 10536 10533 10537
f 10530 10528 10531
f 10533 10524 10537
f 10537 10524 10541
f 10528 10524 10531
f 10525 10524 10528
f 10531 10524 10533
f 10418 10523 10419
f 10541 10523 10584
f 10524 10523 10541
f 10584 10523 10520
f 10520 10523 10418
v 14010.465 -17824.999 98.247
v 14010.710 -17824.999 98.265
f 10517 10618 10619
v 14010.222 -17824.999 98.217
v 14009.741 -17824.999 98.121
v 14009.980 -17824.999 98.175
f 10620 10621 10622
v 14009.504 -17824.999 98.056
f 10618 10623 10620
f 10517 10623 10618
f 10620 10623 10621
v 14009.271 -17824.999 97.979
f 10517 10624 10623
v 14009.042 -17824.999 97.891
v 14008.598 -17824.999 97.681
v 14008.818 -17824.999 97.791
f 10625 10626 10627
v 14008.385 -17824.999 97.560
f 10625 10628 10626
v 14008.178 -17824.999 97.429
f 10624 10629 10625
f 10625 10629 10628
f 10419 10585 10517
f 10523 10585 10419
v 14005.961 -17824.999 93.517
v 14007.977 -17824.999 97.287
f 10629 10630 10631
f 10517 10630 10624
f 10624 10630 10629
f 10585 10630 10517
v 14007.598 -17824.999 96.976
v 14007.251 -17824.999 96.629
v 14007.420 -17824.999 96.807
f 10632 10633 10634
v 14007.090 -17824.999 96.443
v 14007.784 -17824.999 97.136
f 10631 10635 10636
f 10636 10635 10632
f 10632 10635 10633
v 14006.105 -17824.999 94.486
v 14006.171 -17824.999 94.723
v 14006.052 -17824.999 94.247
f 10637 10638 10639
v 14006.010 -17824.999 94.005
f 10639 10638 10640
v 14005.980 -17824.999 93.761
f 10640 10638 10641
v 14006.667 -17824.999 95.842
v 14006.939 -17824.999 96.250
f 10635 10642 10643
v 14006.798 -17824.999 96.049
f 10643 10642 10644
v 14006.248 -17824.999 94.956
f 10641 10645 10630
f 10638 10645 10641
v 14006.546 -17824.999 95.628
f 10631 10646 10635
f 10635 10646 10642
v 14006.336 -17824.999 95.185
v 14006.436 -17824.999 95.409
f 10647 10648 10645
f 10630 10648 10631
f 10631 10648 10646
f 10645 10648 10630
v 14036.131 -17690.876 276.005
v 14042.761 -17713.999 258.735
v 14038.093 -17713.999 256.943
f 10649 10650 10651
v 14031.463 -17690.876 274.213
f 10649 10651 10652
v 14030.064 -17688.999 277.858
v 14034.732 -17688.999 279.650
v 14034.821 -17689.006 279.417
f 10653 10654 10655
v 14030.153 -17689.006 277.626
f 10656 10653 10655
v 14030.242 -17689.024 277.394
v 14034.910 -17689.024 279.186
f 10657 10655 10658
v 14034.999 -17689.055 278.955
f 10657 10658 10659
f 10657 10656 10655
v 14030.331 -17689.055 277.163
v 14035.086 -17689.098 278.726
f 10660 10659 10661
f 10660 10657 10659
v 14030.419 -17689.098 276.935
v 14035.173 -17689.154 278.500
f 10662 10661 10663
f 10662 10660 10661
v 14030.505 -17689.154 276.708
f 10664 10662 10663
v 14030.591 -17689.221 276.484
v 14035.259 -17689.221 278.276
f 10665 10663 10666
v 14035.344 -17689.300 278.056
f 10665 10666 10667
f 10665 10664 10663
v 14030.676 -17689.300 276.264
f 10668 10665 10667
v 14030.759 -17689.391 276.048
v 14035.427 -17689.391 277.840
f 10669 10667 10670
v 14035.508 -17689.493 277.628
f 10669 10670 10671
f 10669 10668 10667
v 14030.840 -17689.493 275.836
f 10672 10669 10671
v 14030.920 -17689.606 275.629
v 14035.588 -17689.606 277.421
f 10673 10671 10674
f 10673 10672 10671
v 14030.997 -17689.731 275.428
v 14035.665 -17689.731 277.219
f 10675 10674 10676
v 14035.740 -17689.865 277.024
f 10675 10676 10677
f 10675 10673 10674
v 14031.072 -17689.865 275.232
f 10678 10675 10677
v 14031.144 -17690.010 275.044
v 14035.812 -17690.010 276.835
f 10679 10677 10680
f 10679 10678 10677
v 14031.214 -17690.165 274.862
v 14035.882 -17690.165 276.654
f 10681 10680 10682
f 10681 10679 10680
v 14031.281 -17690.330 274.687
f 10683 10681 10682
v 14035.949 -17690.330 276.479
f 10683 10682 10684
v 14036.013 -17690.503 276.313
f 10683 10684 10685
v 14031.345 -17690.503 274.521
f 10686 10683 10685
v 14036.074 -17690.686 276.154
f 10686 10685 10687
v 14031.406 -17690.686 274.363
f 10688 10686 10687
f 10688 10687 10649
f 10652 10688 10649
v 14007.631 -17688.999 336.297
v 14012.299 -17688.999 338.089
f 10654 10689 10690
f 10654 10653 10689
v 14005.842 -17693.754 340.959
v 14005.840 -17693.999 340.965
v 14010.507 -17693.999 342.757
f 10691 10692 10693
v 14010.510 -17693.754 342.751
f 10691 10693 10694
v 14005.848 -17693.509 340.943
v 14010.516 -17693.509 342.734
f 10695 10694 10696
f 10695 10691 10694
v 14005.859 -17693.266 340.915
v 14010.527 -17693.266 342.706
f 10697 10696 10698
v 14010.542 -17693.024 342.667
f 10697 10698 10699
f 10697 10695 10696
v 14005.874 -17693.024 340.875
f 10700 10697 10699
v 14005.893 -17692.785 340.825
v 14010.561 -17692.785 342.617
f 10701 10699 10702
f 10701 10700 10699
v 14005.917 -17692.548 340.764
v 14010.585 -17692.548 342.556
f 10703 10702 10704
f 10703 10701 10702
v 14005.944 -17692.315 340.692
v 14010.612 -17692.315 342.484
f 10705 10704 10706
f 10705 10703 10704
v 14005.976 -17692.086 340.610
v 14010.644 -17692.086 342.402
f 10707 10706 10708
f 10707 10705 10706
v 14006.012 -17691.862 340.517
f 10709 10707 10708
v 14010.679 -17691.862 342.309
f 10709 10708 10710
v 14006.051 -17691.643 340.414
v 14010.719 -17691.643 342.206
f 10711 10710 10712
f 10711 10709 10710
v 14010.762 -17691.429 342.093
f 10711 10712 10713
v 14006.094 -17691.429 340.301
v 14010.809 -17691.222 341.970
f 10714 10713 10715
f 10714 10711 10713
v 14006.141 -17691.222 340.178
f 10716 10714 10715
v 14006.192 -17691.021 340.046
v 14010.860 -17691.021 341.838
f 10717 10715 10718
f 10717 10716 10715
v 14006.246 -17690.828 339.905
v 14010.914 -17690.828 341.697
f 10719 10718 10720
v 14010.972 -17690.642 341.548
f 10719 10720 10721
f 10719 10717 10718
v 14006.304 -17690.642 339.756
f 10722 10719 10721
v 14006.364 -17690.464 339.598
v 14011.032 -17690.464 341.390
f 10723 10721 10724
v 14011.096 -17690.295 341.224
f 10723 10724 10725
f 10723 10722 10721
v 14006.428 -17690.295 339.432
v 14011.163 -17690.134 341.050
f 10726 10725 10727
f 10726 10723 10725
v 14006.495 -17690.134 339.258
f 10728 10726 10727
v 14006.564 -17689.983 339.078
v 14011.232 -17689.983 340.870
f 10729 10727 10730
f 10729 10728 10727
v 14006.636 -17689.842 338.890
v 14011.304 -17689.842 340.682
f 10731 10730 10732
v 14011.378 -17689.711 340.489
f 10731 10732 10733
f 10731 10729 10730
v 14006.710 -17689.711 338.697
v 14011.455 -17689.590 340.289
f 10734 10733 10735
f 10734 10731 10733
v 14006.787 -17689.590 338.498
f 10736 10734 10735
v 14006.865 -17689.480 338.293
v 14011.533 -17689.480 340.085
f 10737 10735 10738
f 10737 10736 10735
v 14006.946 -17689.380 338.083
v 14011.614 -17689.380 339.875
f 10739 10738 10740
v 14011.696 -17689.292 339.662
f 10739 10740 10741
f 10739 10737 10738
v 14007.028 -17689.292 337.870
f 10742 10739 10741
v 14007.111 -17689.215 337.652
v 14011.779 -17689.215 339.444
f 10743 10741 10744
f 10743 10742 10741
v 14007.196 -17689.149 337.431
v 14011.864 -17689.149 339.223
f 10745 10744 10746
f 10745 10743 10744
v 14007.282 -17689.096 337.208
v 14011.950 -17689.096 339.000
f 10747 10746 10748
f 10747 10745 10746
v 14007.368 -17689.054 336.982
v 14012.036 -17689.054 338.774
f 10749 10748 10750
f 10749 10747 10748
v 14007.456 -17689.024 336.755
v 14012.124 -17689.024 338.546
f 10751 10750 10752
f 10751 10749 10750
v 14007.543 -17689.006 336.526
v 14012.211 -17689.006 338.318
f 10753 10752 10754
f 10753 10754 10690
f 10753 10751 10752
f 10689 10753 10690
v 14010.507 -17743.999 342.757
f 10755 10693 10692
v 14005.840 -17743.999 340.965
f 10756 10755 10692
v 14007.543 -17748.993 336.526
v 14007.631 -17748.999 336.297
v 14012.299 -17748.999 338.089
f 10757 10758 10759
v 14012.211 -17748.993 338.318
f 10757 10759 10760
v 14007.456 -17748.975 336.755
v 14012.124 -17748.975 338.546
f 10761 10760 10762
f 10761 10757 10760
v 14007.368 -17748.945 336.982
v 14012.036 -17748.945 338.774
f 10763 10762 10764
f 10763 10761 10762
v 14007.282 -17748.903 337.208
v 14011.950 -17748.903 339.000
f 10765 10764 10766
f 10765 10763 10764
v 14007.196 -17748.850 337.431
v 14011.864 -17748.850 339.223
f 10767 10766 10768
f 10767 10765 10766
v 14007.111 -17748.784 337.652
v 14011.779 -17748.784 339.444
f 10769 10768 10770
f 10769 10767 10768
v 14007.028 -17748.707 337.870
v 14011.696 -17748.707 339.662
f 10771 10770 10772
f 10771 10769 10770
v 14006.946 -17748.619 338.083
v 14011.614 -17748.619 339.875
f 10773 10772 10774
f 10773 10771 10772
v 14006.865 -17748.519 338.293
f 10775 10773 10774
v 14011.533 -17748.519 340.085
f 10775 10774 10776
v 14006.787 -17748.409 338.498
v 14011.455 -17748.409 340.289
f 10777 10776 10778
f 10777 10775 10776
v 14006.710 -17748.288 338.697
v 14011.378 -17748.288 340.489
f 10779 10778 10780
f 10779 10777 10778
v 14006.636 -17748.157 338.890
v 14011.304 -17748.157 340.682
f 10781 10780 10782
f 10781 10779 10780
v 14006.564 -17748.016 339.078
v 14011.232 -17748.016 340.870
f 10783 10782 10784
f 10783 10781 10782
v 14006.495 -17747.865 339.258
v 14011.163 -17747.865 341.050
f 10785 10784 10786
f 10785 10783 10784
v 14006.428 -17747.704 339.432
v 14011.096 -17747.704 341.224
f 10787 10786 10788
f 10787 10785 10786
v 14006.364 -17747.535 339.598
v 14011.032 -17747.535 341.390
f 10789 10788 10790
f 10789 10787 10788
v 14006.304 -17747.357 339.756
v 14010.972 -17747.357 341.548
f 10791 10790 10792
f 10791 10789 10790
v 14006.246 -17747.171 339.905
v 14010.914 -17747.171 341.697
f 10793 10792 10794
f 10793 10791 10792
v 14006.192 -17746.978 340.046
v 14010.860 -17746.978 341.838
f 10795 10794 10796
f 10795 10793 10794
v 14006.141 -17746.777 340.178
v 14010.809 -17746.777 341.970
f 10797 10796 10798
f 10797 10795 10796
v 14006.094 -17746.570 340.301
v 14010.762 -17746.570 342.093
f 10799 10798 10800
f 10799 10797 10798
v 14006.051 -17746.356 340.414
v 14010.719 -17746.356 342.206
f 10801 10800 10802
f 10801 10799 10800
v 14006.012 -17746.137 340.517
v 14010.679 -17746.137 342.309
f 10803 10802 10804
v 14010.644 -17745.913 342.402
f 10803 10804 10805
f 10803 10801 10802
v 14005.976 -17745.913 340.610
f 10806 10803 10805
v 14005.944 -17745.684 340.692
v 14010.612 -17745.684 342.484
f 10807 10805 10808
f 10807 10806 10805
v 14005.917 -17745.451 340.764
v 14010.585 -17745.451 342.556
f 10809 10808 10810
f 10809 10807 10808
v 14005.893 -17745.214 340.825
v 14010.561 -17745.214 342.617
f 10811 10810 10812
f 10811 10809 10810
v 14005.874 -17744.975 340.875
v 14010.542 -17744.975 342.667
f 10813 10812 10814
f 10813 10811 10812
v 14005.859 -17744.733 340.915
v 14010.527 -17744.733 342.706
f 10815 10814 10816
f 10815 10813 10814
v 14005.848 -17744.490 340.943
v 14010.516 -17744.490 342.734
f 10817 10816 10818
f 10817 10815 10816
v 14005.842 -17744.245 340.959
v 14010.510 -17744.245 342.751
f 10819 10818 10820
f 10819 10820 10755
f 10819 10817 10818
f 10756 10819 10755
v 14049.928 -17748.999 240.063
f 10458 10821 10759
f 10458 10759 10758
v 14049.928 -17713.999 240.063
f 10458 10457 10822
f 10821 10458 10822
f 10457 10651 10650
f 10822 10457 10650
v 14012.363 -17696.706 323.970
v 14012.164 -17696.135 324.490
v 14012.266 -17696.414 324.223
f 10823 10824 10825
v 14012.542 -17697.330 323.506
v 14012.455 -17697.012 323.731
f 10826 10823 10827
v 14012.765 -17698.350 322.924
v 14012.622 -17697.659 323.296
v 14012.697 -17697.999 323.102
f 10828 10829 10830
v 14011.458 -17694.792 326.329
v 14011.585 -17694.974 325.998
v 14011.709 -17695.173 325.675
f 10831 10832 10833
v 14012.827 -17698.709 322.762
f 10834 10829 10828
v 14012.931 -17699.452 322.490
v 14012.883 -17699.077 322.617
f 10835 10834 10836
v 14013.058 -17701.005 322.159
v 14013.009 -17700.219 322.288
v 14013.037 -17700.610 322.215
f 10837 10838 10839
v 14012.974 -17699.833 322.380
f 10837 10840 10838
v 14013.080 -17701.800 322.104
f 10841 10840 10837
v 14013.073 -17701.402 322.122
f 10841 10837 10842
v 14013.073 -17702.597 322.122
f 10843 10840 10841
v 14013.080 -17702.199 322.104
f 10843 10841 10844
v 14013.037 -17703.389 322.215
f 10845 10835 10840
v 14013.058 -17702.994 322.159
f 10845 10843 10846
f 10845 10840 10843
v 14013.009 -17703.780 322.288
f 10847 10835 10845
v 14012.883 -17704.922 322.617
f 10848 10835 10847
v 14012.974 -17704.166 322.380
v 14012.931 -17704.547 322.490
f 10848 10849 10850
f 10848 10847 10849
v 14012.765 -17705.649 322.924
f 10851 10834 10835
f 10851 10829 10834
f 10851 10835 10848
v 14012.827 -17705.290 322.762
f 10851 10848 10852
v 14012.697 -17705.999 323.102
f 10853 10829 10851
v 14012.622 -17706.340 323.296
f 10854 10829 10853
v 14012.542 -17706.669 323.506
f 10855 10826 10829
f 10855 10829 10854
f 10855 10823 10826
v 14012.455 -17706.987 323.731
f 10856 10823 10855
v 14012.266 -17707.585 324.223
f 10857 10823 10856
v 14012.363 -17707.293 323.970
f 10857 10856 10858
v 14012.164 -17707.864 324.490
f 10859 10824 10823
f 10859 10823 10857
v 14008.064 -17696.706 335.170
v 14008.161 -17696.414 334.916
v 14008.264 -17696.135 334.650
f 10860 10861 10862
v 14011.945 -17708.377 325.060
v 14012.057 -17695.871 324.769
f 10863 10864 10824
v 14011.945 -17695.622 325.060
f 10863 10865 10864
v 14011.829 -17695.390 325.363
f 10863 10866 10865
f 10863 10824 10859
v 14012.057 -17708.128 324.769
f 10863 10859 10867
v 14007.805 -17697.659 335.844
v 14007.886 -17697.330 335.634
v 14007.972 -17697.012 335.409
f 10868 10869 10870
v 14011.709 -17708.826 325.675
f 10871 10833 10866
f 10871 10866 10863
v 14011.829 -17708.609 325.363
f 10871 10863 10872
v 14007.731 -17697.999 336.038
f 10873 10868 10870
v 14011.585 -17709.025 325.998
f 10874 10831 10833
f 10874 10833 10871
v 14007.663 -17698.350 336.216
f 10875 10873 10870
v 14011.458 -17709.207 326.329
f 10876 10831 10874
v 14011.327 -17709.371 326.669
v 14011.327 -17694.628 326.669
f 10877 10878 10831
v 14011.194 -17694.482 327.015
f 10877 10879 10878
f 10877 10831 10876
v 14007.545 -17699.077 336.522
v 14007.601 -17698.709 336.378
f 10880 10881 10875
v 14011.194 -17709.517 327.015
f 10882 10879 10877
v 14007.496 -17699.452 336.650
f 10883 10880 10875
v 14011.059 -17709.644 327.368
v 14011.059 -17694.355 327.368
f 10884 10885 10879
f 10884 10879 10882
v 14010.921 -17709.752 327.727
v 14010.921 -17694.247 327.727
f 10886 10887 10885
v 14010.782 -17694.158 328.090
f 10886 10888 10887
f 10886 10885 10884
v 14010.782 -17709.841 328.090
v 14010.641 -17694.089 328.457
f 10889 10890 10888
f 10889 10888 10886
v 14010.641 -17709.910 328.457
f 10891 10890 10889
v 14007.369 -17701.005 336.981
v 14007.454 -17699.833 336.759
f 10892 10893 10883
v 14007.419 -17700.219 336.851
f 10892 10894 10893
v 14007.390 -17700.610 336.925
f 10892 10895 10894
v 14010.499 -17709.960 328.826
v 14010.499 -17694.039 328.826
f 10896 10897 10890
v 14010.357 -17694.009 329.198
f 10896 10898 10897
f 10896 10890 10891
v 14010.357 -17709.990 329.198
v 14010.214 -17693.999 329.570
f 10899 10900 10898
f 10899 10898 10896
v 14007.348 -17701.800 337.036
v 14007.355 -17701.402 337.018
f 10901 10902 10892
f 10901 10892 10883
v 14010.214 -17709.999 329.570
v 14010.071 -17694.009 329.942
f 10903 10904 10900
f 10903 10900 10899
v 14010.071 -17709.990 329.942
f 10905 10904 10903
v 14009.928 -17709.960 330.313
v 14009.928 -17694.039 330.313
f 10906 10907 10904
v 14009.786 -17694.089 330.683
f 10906 10908 10907
f 10906 10904 10905
v 14007.369 -17702.994 336.981
v 14007.355 -17702.597 337.018
v 14007.348 -17702.199 337.036
f 10909 10910 10911
v 14009.786 -17709.910 330.683
f 10912 10908 10906
v 14007.390 -17703.389 336.925
f 10913 10909 10911
v 14009.646 -17709.841 331.050
v 14009.646 -17694.158 331.050
f 10914 10915 10908
f 10914 10908 10912
v 14009.506 -17709.752 331.413
v 14009.506 -17694.247 331.413
f 10916 10917 10915
v 14009.369 -17694.355 331.771
f 10916 10918 10917
f 10916 10915 10914
v 14007.454 -17704.166 336.759
f 10919 10901 10883
f 10919 10913 10911
f 10919 10911 10901
v 14007.419 -17703.780 336.851
f 10919 10920 10913
v 14009.369 -17709.644 331.771
v 14009.233 -17694.482 332.124
f 10921 10922 10918
f 10921 10918 10916
v 14009.233 -17709.517 332.124
f 10923 10922 10921
v 14007.545 -17704.922 336.522
f 10924 10919 10883
v 14007.496 -17704.547 336.650
f 10924 10925 10919
f 10924 10883 10875
v 14009.100 -17709.371 332.471
f 10926 10922 10923
v 14008.970 -17709.207 332.810
v 14009.100 -17694.628 332.471
f 10927 10928 10922
v 14008.970 -17694.792 332.810
f 10927 10929 10928
v 14008.843 -17694.974 333.142
f 10927 10930 10929
f 10927 10922 10926
v 14008.843 -17709.025 333.142
f 10931 10930 10927
v 14007.731 -17705.999 336.038
v 14007.601 -17705.290 336.378
f 10932 10933 10924
v 14007.663 -17705.649 336.216
f 10932 10934 10933
f 10932 10924 10875
v 14008.719 -17708.826 333.464
v 14008.719 -17695.173 333.464
f 10935 10936 10930
v 14008.599 -17695.390 333.777
f 10935 10937 10936
f 10935 10930 10931
v 14008.599 -17708.609 333.777
v 14008.483 -17695.622 334.079
f 10938 10939 10937
f 10938 10937 10935
v 14007.886 -17706.669 335.634
v 14007.805 -17706.340 335.844
f 10940 10941 10932
f 10940 10932 10875
f 10940 10875 10870
v 14008.371 -17708.128 334.371
v 14008.371 -17695.871 334.371
f 10942 10943 10939
f 10942 10862 10943
v 14008.483 -17708.377 334.079
f 10942 10938 10944
f 10942 10939 10938
v 14008.064 -17707.293 335.170
f 10945 10860 10862
f 10945 10870 10860
v 14007.972 -17706.987 335.409
f 10945 10946 10940
f 10945 10940 10870
v 14008.264 -17707.864 334.650
f 10947 10862 10942
v 14008.161 -17707.585 334.916
f 10948 10945 10862
f 10948 10862 10947
v 14016.832 -17696.135 326.282
v 14017.031 -17696.706 325.762
v 14016.934 -17696.414 326.015
f 10949 10950 10951
v 14016.724 -17695.871 326.561
v 14016.613 -17695.622 326.852
f 10952 10953 10949
v 14017.209 -17697.330 325.298
v 14017.123 -17697.012 325.522
f 10950 10954 10955
v 14017.290 -17697.659 325.088
v 14017.433 -17698.350 324.716
v 14017.364 -17697.999 324.894
f 10956 10957 10958
v 14016.253 -17694.974 327.790
v 14016.126 -17694.792 328.121
v 14016.377 -17695.173 327.467
f 10959 10960 10961
v 14017.495 -17698.709 324.554
f 10956 10962 10957
v 14015.995 -17694.628 328.461
v 14015.862 -17694.482 328.807
f 10963 10964 10960
v 14017.599 -17699.452 324.282
v 14017.550 -17699.077 324.409
f 10962 10965 10966
v 14017.677 -17700.219 324.080
v 14017.726 -17701.005 323.951
v 14017.705 -17700.610 324.006
f 10967 10968 10969
v 14017.641 -17699.833 324.172
f 10970 10968 10967
v 14017.741 -17702.597 323.914
f 10970 10971 10968
v 14017.748 -17701.800 323.895
v 14017.748 -17702.199 323.895
f 10972 10971 10973
v 14017.741 -17701.402 323.914
f 10974 10971 10972
f 10968 10971 10974
v 14017.705 -17703.389 324.006
f 10965 10975 10970
v 14017.726 -17702.994 323.951
f 10971 10975 10976
f 10970 10975 10971
v 14017.641 -17704.166 324.172
v 14017.550 -17704.922 324.409
v 14017.599 -17704.547 324.282
f 10977 10978 10979
v 14017.677 -17703.780 324.080
f 10980 10978 10977
f 10975 10978 10980
f 10965 10978 10975
v 14017.433 -17705.649 324.716
f 10965 10981 10978
f 10962 10981 10965
f 10956 10981 10962
v 14017.495 -17705.290 324.554
f 10978 10981 10982
v 14017.290 -17706.340 325.088
f 10956 10983 10981
v 14017.364 -17705.999 324.894
f 10981 10983 10984
v 14017.209 -17706.669 325.298
f 10954 10985 10956
f 10950 10985 10954
f 10956 10985 10983
v 14017.031 -17707.293 325.762
f 10950 10986 10985
v 14017.123 -17706.987 325.522
f 10985 10986 10987
v 14016.934 -17707.585 326.015
f 10950 10988 10986
v 14016.832 -17707.864 326.282
f 10949 10989 10950
f 10950 10989 10988
v 14012.829 -17696.414 336.708
v 14012.732 -17696.706 336.961
v 14012.932 -17696.135 336.442
f 10990 10991 10992
v 14016.497 -17695.390 327.154
v 14016.613 -17708.377 326.852
f 10993 10994 10953
f 10949 10994 10989
f 10953 10994 10949
v 14016.724 -17708.128 326.561
f 10989 10994 10995
v 14016.377 -17708.826 327.467
f 10961 10996 10993
f 10993 10996 10994
v 14016.497 -17708.609 327.154
f 10994 10996 10997
v 14012.473 -17697.659 337.636
v 14012.330 -17698.350 338.008
v 14012.554 -17697.330 337.426
f 10998 10999 11000
v 14012.399 -17697.999 337.830
f 11001 10999 10998
v 14016.126 -17709.207 328.121
f 10961 11002 10996
f 10960 11002 10961
v 14016.253 -17709.025 327.790
f 10996 11002 11003
v 14015.995 -17709.371 328.461
f 10964 11004 10960
f 10960 11004 11002
v 14012.268 -17698.709 338.169
v 14012.213 -17699.077 338.314
f 11005 11006 10999
v 14015.862 -17709.517 328.807
f 10964 11007 11004
v 14012.164 -17699.452 338.441
f 11006 11008 10999
v 14015.727 -17694.355 329.160
v 14015.727 -17709.644 329.160
f 11009 11010 10964
f 10964 11010 11007
v 14015.589 -17694.247 329.519
v 14015.589 -17709.752 329.519
f 11011 11012 11009
f 11009 11012 11010
v 14012.122 -17699.833 338.551
v 14012.087 -17700.219 338.643
f 11013 11014 11008
v 14015.450 -17694.158 329.882
v 14015.450 -17709.841 329.882
f 11015 11016 11011
v 14015.309 -17694.089 330.249
f 11017 11016 11015
f 11011 11016 11012
v 14015.167 -17694.039 330.618
v 14015.167 -17709.960 330.618
f 11018 11019 11017
v 14015.025 -17694.009 330.989
f 11020 11019 11018
f 11017 11019 11016
v 14015.309 -17709.910 330.249
f 11016 11019 11021
v 14014.882 -17693.999 331.362
v 14015.025 -17709.990 330.989
f 11022 11023 11020
f 11020 11023 11019
v 14012.058 -17700.610 338.717
v 14012.016 -17701.800 338.828
f 11024 11025 11014
v 14012.037 -17701.005 338.772
f 11026 11025 11024
v 14012.023 -17701.402 338.809
f 11027 11025 11026
v 14014.882 -17709.999 331.362
f 11022 11028 11023
v 14012.016 -17702.199 338.828
f 11025 11029 11014
v 14014.739 -17694.009 331.734
v 14014.739 -17709.990 331.734
f 11030 11031 11022
f 11022 11031 11028
v 14014.596 -17694.039 332.105
v 14014.596 -17709.960 332.105
f 11032 11033 11030
v 14014.454 -17694.089 332.475
f 11034 11033 11032
f 11030 11033 11031
v 14012.023 -17702.597 338.809
v 14012.037 -17702.994 338.772
f 11035 11036 11029
v 14012.058 -17703.389 338.717
f 11036 11037 11029
v 14014.314 -17694.158 332.842
v 14014.314 -17709.841 332.842
f 11038 11039 11034
v 14014.174 -17694.247 333.205
f 11040 11039 11038
f 11034 11039 11033
v 14014.454 -17709.910 332.475
f 11033 11039 11041
v 14014.037 -17694.355 333.563
v 14014.174 -17709.752 333.205
f 11042 11043 11040
f 11040 11043 11039
v 14012.122 -17704.166 338.551
f 11029 11044 11014
v 14012.087 -17703.780 338.643
f 11045 11044 11037
f 11037 11044 11029
v 14014.037 -17709.644 333.563
f 11042 11046 11043
v 14013.901 -17709.517 333.916
f 11042 11047 11046
v 14012.213 -17704.922 338.314
f 11044 11048 11014
v 14012.164 -17704.547 338.441
f 11049 11048 11044
f 11014 11048 11008
v 14013.901 -17694.482 333.916
v 14013.768 -17709.371 334.263
f 11050 11051 11042
f 11042 11051 11047
v 14012.268 -17705.290 338.169
f 11048 11052 11008
f 11008 11052 10999
v 14013.768 -17694.628 334.263
v 14013.638 -17709.207 334.602
f 11053 11054 11050
v 14013.638 -17694.792 334.602
f 11055 11054 11053
v 14013.511 -17694.974 334.934
f 11056 11054 11055
f 11050 11054 11051
v 14013.511 -17709.025 334.934
f 11056 11057 11054
v 14012.330 -17705.649 338.008
v 14012.399 -17705.999 337.830
f 11058 11059 11052
f 11052 11059 10999
v 14013.387 -17695.173 335.256
v 14013.387 -17708.826 335.256
f 11060 11061 11056
v 14013.267 -17695.390 335.569
f 11062 11061 11060
f 11056 11061 11057
v 14013.151 -17695.622 335.871
v 14013.267 -17708.609 335.569
f 11063 11064 11062
f 11062 11064 11061
v 14012.554 -17706.669 337.426
v 14012.640 -17697.012 337.201
f 11000 11065 11066
v 14012.473 -17706.340 337.636
f 11067 11065 11059
f 11059 11065 10999
f 10999 11065 11000
v 14013.039 -17695.871 336.162
v 14013.039 -17708.128 336.162
f 11068 11069 11063
v 14013.151 -17708.377 335.871
f 11064 11069 11070
f 11063 11069 11064
v 14012.732 -17707.293 336.961
f 11066 11071 10991
v 14012.640 -17706.987 337.201
f 11072 11071 11065
f 10991 11071 10992
f 11065 11071 11066
v 14012.932 -17707.864 336.442
f 10992 11073 11068
f 11071 11073 10992
f 11068 11073 11069
v 14012.829 -17707.585 336.708
f 11071 11074 11073
o main_4
v 12703.655 -17690.295 39.913
v 12703.655 -17690.642 39.566
v 12703.655 -17690.464 39.736
f 11075 11076 11077
v 12703.655 -17690.828 39.406
f 11078 11076 11075
v 12703.655 -17689.983 40.293
v 12703.655 -17690.134 40.099
f 11079 11075 11080
v 12703.655 -17691.222 39.114
v 12703.655 -17691.021 39.255
f 11081 11082 11078
v 12703.655 -17689.711 40.701
v 12703.655 -17689.842 40.493
f 11083 11079 11084
v 12703.655 -17691.643 38.862
v 12703.655 -17691.429 38.983
f 11085 11086 11081
v 12703.655 -17689.380 41.358
v 12703.655 -17689.590 40.914
v 12703.655 -17689.480 41.133
f 11087 11088 11089
v 12703.655 -17692.315 38.563
v 12703.655 -17691.862 38.751
f 11090 11091 11085
v 12703.655 -17692.086 38.652
f 11090 11092 11091
f 11090 11085 11081
v 12703.655 -17689.292 41.587
f 11093 11083 11088
f 11093 11075 11079
f 11093 11078 11075
f 11093 11079 11083
f 11093 11088 11087
v 12703.655 -17693.024 38.367
v 12703.655 -17692.548 38.486
f 11094 11095 11090
v 12703.655 -17692.785 38.421
f 11094 11096 11095
f 11094 11081 11078
f 11094 11078 11093
f 11094 11090 11081
v 12703.655 -17689.096 42.296
v 12703.655 -17689.215 41.820
v 12703.655 -17689.149 42.056
f 11097 11098 11099
f 11097 11093 11098
v 12703.655 -17693.509 38.295
v 12703.655 -17693.266 38.325
f 11100 11101 11094
v 12703.655 -17689.024 42.781
v 12703.655 -17689.054 42.538
f 11102 11097 11103
f 11102 11093 11097
v 12703.655 -17693.999 38.271
f 11104 11100 11094
f 11104 11094 11093
f 11104 11093 11102
v 12703.655 -17693.754 38.277
f 11104 11105 11100
v 12703.655 -17688.999 43.271
v 12703.655 -17689.006 43.026
f 11106 11102 11107
f 11106 11104 11102
v 12703.655 -17689.098 151.857
v 12703.655 -17689.024 151.365
v 12703.655 -17689.055 151.612
f 11108 11109 11110
v 12703.655 -17689.006 151.117
f 11108 11111 11109
v 12703.655 -17689.221 152.339
f 11112 11111 11108
v 12703.655 -17689.154 152.100
f 11112 11108 11113
v 12703.655 -17688.999 150.868
f 11112 11114 11111
v 12703.655 -17689.391 152.807
f 11115 11114 11112
v 12703.655 -17689.300 152.575
f 11115 11112 11116
v 12703.655 -17689.493 153.034
f 11117 11114 11115
v 12703.655 -17689.731 153.471
v 12703.655 -17689.606 153.256
f 11118 11117 11119
v 12703.655 -17690.010 153.883
v 12703.655 -17689.865 153.680
f 11120 11118 11121
f 11120 11117 11118
v 12703.655 -17690.165 154.077
f 11122 11117 11120
v 12703.655 -17690.330 154.264
f 11123 11117 11122
v 12703.655 -17690.876 154.772
v 12703.655 -17690.503 154.443
v 12703.655 -17690.686 154.612
f 11124 11125 11126
f 11124 11123 11125
f 11124 11114 11117
f 11124 11117 11123
v 12703.655 -17748.999 98.271
f 11127 11104 11106
f 11127 11106 11114
v 12703.655 -17824.999 38.271
f 11128 11104 11127
v 12703.655 -17713.999 173.271
f 11129 11114 11124
f 11129 11127 11114
v 12703.655 -17824.999 98.271
f 11130 11128 11127
v 12703.655 -17748.999 238.271
v 12703.655 -17713.999 238.271
f 11131 11129 11132
f 11131 11127 11129
v 12698.655 -17713.999 173.271
v 12698.655 -17713.999 238.271
f 11129 11133 11134
f 11129 11134 11132
v 12698.655 -17748.999 238.271
f 11132 11134 11135
f 11132 11135 11131
f 11127 11131 11135
v 12698.655 -17748.999 98.271
f 11136 11127 11135
v 12698.655 -17688.999 43.271
f 11137 11106 11107
v 12698.655 -17689.006 43.026
f 11138 11137 11107
v 12698.655 -17689.024 42.781
f 11139 11107 11102
f 11139 11138 11107
v 12698.655 -17689.054 42.538
f 11140 11102 11103
f 11140 11139 11102
v 12698.655 -17689.096 42.296
f 11141 11103 11097
f 11141 11097 11099
f 11141 11140 11103
v 12698.655 -17689.149 42.056
f 11142 11141 11099
v 12698.655 -17689.215 41.820
f 11143 11099 11098
f 11143 11142 11099
v 12698.655 -17689.292 41.587
f 11144 11098 11093
f 11144 11093 11087
f 11144 11143 11098
v 12698.655 -17689.380 41.358
f 11145 11144 11087
v 12698.655 -17689.480 41.133
f 11146 11145 11087
f 11146 11087 11089
v 12698.655 -17689.590 40.914
f 11147 11089 11088
f 11147 11146 11089
v 12698.655 -17689.711 40.701
f 11148 11088 11083
f 11148 11083 11084
f 11148 11147 11088
v 12698.655 -17689.842 40.493
f 11149 11084 11079
f 11149 11148 11084
v 12698.655 -17689.983 40.293
f 11150 11079 11080
f 11150 11149 11079
v 12698.655 -17690.134 40.099
f 11151 11150 11080
v 12698.655 -17690.295 39.913
f 11152 11080 11075
f 11152 11151 11080
v 12698.655 -17690.464 39.736
f 11153 11075 11077
f 11153 11152 11075
v 12698.655 -17690.642 39.566
f 11154 11077 11076
f 11154 11076 11078
f 11154 11153 11077
v 12698.655 -17690.828 39.406
f 11155 11078 11082
f 11155 11154 11078
v 12698.655 -17691.021 39.255
f 11156 11155 11082
v 12698.655 -17691.222 39.114
f 11157 11082 11081
f 11157 11156 11082
v 12698.655 -17691.429 38.983
f 11158 11081 11086
f 11158 11086 11085
f 11158 11157 11081
v 12698.655 -17691.643 38.862
f 11159 11085 11091
f 11159 11158 11085
v 12698.655 -17691.862 38.751
f 11160 11159 11091
v 12698.655 -17692.086 38.652
f 11161 11091 11092
f 11161 11160 11091
v 12698.655 -17692.315 38.563
f 11162 11092 11090
f 11162 11161 11092
v 12698.655 -17692.548 38.486
f 11163 11090 11095
f 11163 11162 11090
v 12698.655 -17692.785 38.421
f 11164 11095 11096
f 11164 11096 11094
f 11164 11163 11095
v 12698.655 -17693.024 38.367
f 11165 11164 11094
v 12698.655 -17693.266 38.325
f 11166 11094 11101
f 11166 11165 11094
v 12698.655 -17693.509 38.295
f 11167 11101 11100
f 11167 11166 11101
v 12698.655 -17693.754 38.277
f 11168 11100 11105
f 11168 11167 11100
v 12698.655 -17693.999 38.271
f 11169 11105 11104
f 11169 11168 11105
v 12698.655 -17688.999 150.868
f 11106 11137 11170
f 11106 11170 11114
v 12698.655 -17690.876 154.772
f 11171 11124 11126
v 12698.655 -17690.686 154.612
f 11172 11171 11126
v 12698.655 -17690.503 154.443
f 11173 11126 11125
f 11173 11172 11126
v 12698.655 -17690.330 154.264
f 11174 11125 11123
f 11174 11173 11125
v 12698.655 -17690.165 154.077
f 11175 11123 11122
f 11175 11122 11120
f 11175 11174 11123
v 12698.655 -17690.010 153.883
f 11176 11120 11121
f 11176 11175 11120
v 12698.655 -17689.865 153.680
f 11177 11176 11121
v 12698.655 -17689.731 153.471
f 11178 11121 11118
f 11178 11177 11121
v 12698.655 -17689.606 153.256
f 11179 11118 11119
f 11179 11178 11118
v 12698.655 -17689.493 153.034
f 11180 11119 11117
f 11180 11117 11115
f 11180 11179 11119
v 12698.655 -17689.391 152.807
f 11181 11180 11115
v 12698.655 -17689.300 152.575
f 11182 11115 11116
f 11182 11116 11112
f 11182 11181 11115
v 12698.655 -17689.221 152.339
f 11183 11182 11112
v 12698.655 -17689.154 152.100
f 11184 11112 11113
f 11184 11113 11108
f 11184 11183 11112
v 12698.655 -17689.098 151.857
f 11185 11184 11108
v 12698.655 -17689.055 151.612
f 11186 11185 11108
f 11186 11108 11110
v 12698.655 -17689.024 151.365
f 11187 11186 11110
f 11187 11110 11109
v 12698.655 -17689.006 151.117
f 11188 11187 11109
f 11188 11109 11111
f 11170 11188 11111
f 11170 11111 11114
f 11171 11133 11129
f 11171 11129 11124
v 12737.960 -17829.999 98.271
v 12698.655 -17829.999 98.271
f 11189 11130 11190
v 12737.960 -17824.999 98.271
f 11191 11130 11189
f 11136 11190 11130
f 11127 11136 11130
f 11176 11172 11173
f 11176 11173 11174
f 11176 11174 11175
f 11177 11172 11176
f 11179 11171 11172
f 11179 11177 11178
f 11179 11172 11177
f 11181 11179 11180
f 11181 11171 11179
f 11183 11181 11182
f 11183 11171 11181
f 11184 11171 11183
f 11186 11184 11185
f 11186 11171 11184
f 11170 11186 11187
f 11170 11187 11188
f 11170 11171 11186
f 11133 11135 11134
f 11133 11171 11170
f 11139 11137 11138
f 11140 11137 11139
f 11142 11137 11140
f 11142 11140 11141
f 11144 11137 11142
f 11144 11142 11143
f 11145 11137 11144
f 11149 11145 11146
f 11149 11146 11147
f 11149 11147 11148
f 11150 11137 11145
f 11150 11145 11149
f 11152 11150 11151
f 11136 11170 11137
f 11136 11133 11170
f 11153 11150 11152
f 11155 11150 11153
f 11155 11153 11154
f 11158 11150 11155
f 11158 11155 11156
f 11158 11156 11157
f 11161 11159 11160
f 11162 11158 11159
f 11162 11159 11161
f 11163 11158 11162
f 11165 11163 11164
f 11167 11165 11166
f 11169 11137 11150
f 11169 11136 11137
f 11169 11150 11158
f 11169 11167 11168
f 11169 11158 11163
f 11169 11163 11165
f 11169 11165 11167
v 12698.655 -17829.999 38.271
f 11192 11190 11136
f 11192 11136 11169
f 11136 11135 11133
v 12737.960 -17824.999 38.271
v 12737.960 -17829.999 38.271
f 11128 11193 11194
f 11192 11128 11194
f 11169 11104 11128
f 11169 11128 11192
v 12742.960 -17824.999 43.271
v 12742.960 -17829.999 43.271
v 12742.954 -17829.999 43.026
f 11195 11196 11197
v 12742.954 -17824.999 43.026
v 12742.936 -17829.999 42.781
f 11198 11197 11199
f 11198 11195 11197
v 12742.936 -17824.999 42.781
f 11200 11198 11199
v 12742.906 -17824.999 42.538
v 12742.906 -17829.999 42.538
f 11201 11199 11202
f 11201 11200 11199
v 12742.864 -17824.999 42.296
v 12742.864 -17829.999 42.296
f 11203 11202 11204
f 11203 11201 11202
v 12742.810 -17824.999 42.056
v 12742.810 -17829.999 42.056
f 11205 11204 11206
v 12742.745 -17829.999 41.820
f 11205 11206 11207
f 11205 11203 11204
v 12742.745 -17824.999 41.820
f 11208 11205 11207
v 12742.668 -17824.999 41.587
v 12742.668 -17829.999 41.587
f 11209 11207 11210
v 12742.579 -17829.999 41.358
f 11209 11210 11211
f 11209 11208 11207
v 12742.579 -17824.999 41.358
f 11212 11209 11211
v 12742.480 -17824.999 41.133
f 11213 11212 11211
v 12742.480 -17829.999 41.133
f 11213 11211 11214
v 12742.369 -17829.999 40.914
f 11213 11214 11215
v 12742.369 -17824.999 40.914
f 11216 11213 11215
v 12742.248 -17829.999 40.701
f 11216 11215 11217
v 12742.248 -17824.999 40.701
f 11218 11216 11217
v 12742.117 -17824.999 40.493
f 11219 11218 11217
v 12742.117 -17829.999 40.493
f 11219 11217 11220
v 12741.976 -17824.999 40.293
f 11221 11219 11220
v 12741.976 -17829.999 40.293
f 11221 11220 11222
v 12741.825 -17824.999 40.099
f 11223 11221 11222
v 12741.825 -17829.999 40.099
f 11223 11222 11224
v 12741.665 -17824.999 39.913
f 11225 11223 11224
v 12741.665 -17829.999 39.913
f 11225 11224 11226
v 12741.495 -17829.999 39.736
f 11225 11226 11227
v 12741.495 -17824.999 39.736
f 11228 11225 11227
v 12741.318 -17829.999 39.566
f 11228 11227 11229
v 12741.318 -17824.999 39.566
f 11230 11228 11229
v 12741.132 -17824.999 39.406
f 11231 11230 11229
v 12741.132 -17829.999 39.406
f 11231 11229 11232
v 12740.938 -17829.999 39.255
f 11231 11232 11233
v 12740.938 -17824.999 39.255
f 11234 11231 11233
v 12740.738 -17829.999 39.114
f 11234 11233 11235
v 12740.738 -17824.999 39.114
f 11236 11234 11235
v 12740.530 -17829.999 38.983
f 11236 11235 11237
v 12740.530 -17824.999 38.983
f 11238 11236 11237
v 12740.317 -17824.999 38.862
v 12740.317 -17829.999 38.862
f 11239 11237 11240
f 11239 11238 11237
v 12740.098 -17824.999 38.751
v 12740.098 -17829.999 38.751
f 11241 11240 11242
f 11241 11239 11240
v 12739.873 -17824.999 38.652
v 12739.873 -17829.999 38.652
f 11243 11242 11244
f 11243 11241 11242
v 12739.644 -17824.999 38.563
v 12739.644 -17829.999 38.563
f 11245 11244 11246
v 12739.411 -17829.999 38.486
f 11245 11246 11247
f 11245 11243 11244
v 12739.411 -17824.999 38.486
f 11248 11245 11247
v 12739.175 -17824.999 38.421
v 12739.175 -17829.999 38.421
f 11249 11247 11250
f 11249 11248 11247
v 12738.935 -17824.999 38.367
v 12738.935 -17829.999 38.367
f 11251 11250 11252
f 11251 11249 11250
v 12738.693 -17824.999 38.325
v 12738.693 -17829.999 38.325
f 11253 11252 11254
v 12738.450 -17829.999 38.295
f 11253 11254 11255
f 11253 11251 11252
v 12738.450 -17824.999 38.295
f 11256 11253 11255
v 12738.205 -17824.999 38.277
v 12738.205 -17829.999 38.277
f 11257 11255 11258
f 11257 11258 11194
f 11257 11256 11255
f 11193 11257 11194
v 12742.960 -17824.999 93.271
f 11259 11196 11195
v 12742.960 -17829.999 93.271
f 11260 11196 11259
v 12738.693 -17829.999 98.217
v 12738.450 -17829.999 98.247
v 12738.205 -17829.999 98.265
f 11261 11262 11263
v 12739.411 -17829.999 98.056
v 12738.935 -17829.999 98.175
f 11264 11265 11261
v 12739.175 -17829.999 98.121
f 11264 11266 11265
f 11264 11261 11263
v 12739.644 -17829.999 97.979
f 11267 11264 11263
v 12739.873 -17829.999 97.891
f 11268 11267 11263
v 12740.317 -17829.999 97.681
v 12740.098 -17829.999 97.791
f 11269 11270 11268
v 12740.530 -17829.999 97.560
f 11271 11269 11268
v 12740.738 -17829.999 97.429
f 11272 11268 11263
f 11272 11271 11268
v 12741.495 -17829.999 96.807
v 12740.938 -17829.999 97.287
f 11273 11274 11272
v 12741.132 -17829.999 97.136
f 11273 11275 11274
v 12741.318 -17829.999 96.976
f 11273 11276 11275
f 11273 11272 11263
v 12741.976 -17829.999 96.250
v 12741.825 -17829.999 96.443
v 12741.665 -17829.999 96.629
f 11277 11278 11279
v 12742.117 -17829.999 96.049
f 11280 11277 11279
f 11280 11279 11273
v 12742.248 -17829.999 95.842
f 11281 11280 11273
v 12742.745 -17829.999 94.723
f 11282 11273 11263
f 11282 11281 11273
v 12742.369 -17829.999 95.628
f 11282 11283 11281
v 12742.480 -17829.999 95.409
f 11282 11284 11283
v 12742.579 -17829.999 95.185
f 11282 11285 11284
v 12742.668 -17829.999 94.956
f 11282 11286 11285
v 12742.810 -17829.999 94.486
f 11287 11282 11263
v 12742.906 -17829.999 94.005
v 12742.864 -17829.999 94.247
f 11288 11289 11287
v 12742.936 -17829.999 93.761
f 11290 11288 11287
v 12742.954 -17829.999 93.517
f 11291 11287 11263
f 11291 11290 11287
f 11260 11263 11189
f 11260 11189 11190
f 11260 11291 11263
f 11192 11260 11190
f 11196 11260 11192
f 11202 11197 11196
f 11202 11199 11197
f 11204 11202 11196
f 11207 11206 11204
f 11207 11204 11196
f 11210 11207 11196
f 11215 11211 11210
f 11215 11214 11211
f 11215 11210 11196
f 11220 11217 11215
f 11220 11215 11196
f 11194 11196 11192
f 11226 11222 11220
f 11226 11224 11222
f 11226 11220 11196
f 11255 11196 11194
f 11255 11194 11258
f 11232 11227 11226
f 11232 11229 11227
f 11252 11255 11254
f 11235 11233 11232
f 11235 11226 11196
f 11235 11232 11226
f 11247 11252 11250
f 11247 11255 11252
f 11246 11255 11247
f 11240 11237 11235
f 11242 11246 11244
f 11242 11196 11255
f 11242 11240 11235
f 11242 11235 11196
f 11242 11255 11246
v 12738.450 -17824.999 98.247
v 12738.693 -17824.999 98.217
v 12738.205 -17824.999 98.265
f 11292 11293 11294
v 12738.935 -17824.999 98.175
v 12739.411 -17824.999 98.056
f 11295 11296 11293
v 12739.175 -17824.999 98.121
f 11297 11296 11295
f 11293 11296 11294
v 12739.644 -17824.999 97.979
f 11294 11298 11191
f 11296 11298 11294
v 12739.873 -17824.999 97.891
f 11298 11299 11191
v 12740.317 -17824.999 97.681
v 12740.530 -17824.999 97.560
v 12740.098 -17824.999 97.791
f 11300 11301 11302
v 12740.738 -17824.999 97.429
f 11301 11303 11302
v 12741.132 -17824.999 97.136
v 12741.318 -17824.999 96.976
v 12740.938 -17824.999 97.287
f 11304 11305 11306
v 12741.495 -17824.999 96.807
f 11305 11307 11306
f 11306 11307 11303
f 11303 11307 11302
v 12741.825 -17824.999 96.443
f 11302 11308 11299
v 12741.665 -17824.999 96.629
f 11309 11308 11307
f 11299 11308 11191
f 11307 11308 11302
v 12742.117 -17824.999 96.049
v 12742.248 -17824.999 95.842
v 12741.976 -17824.999 96.250
f 11310 11311 11312
v 12742.369 -17824.999 95.628
f 11311 11313 11312
f 11312 11313 11308
v 12742.480 -17824.999 95.409
f 11313 11314 11308
v 12742.579 -17824.999 95.185
f 11314 11315 11308
v 12742.668 -17824.999 94.956
v 12742.745 -17824.999 94.723
f 11316 11317 11315
v 12742.810 -17824.999 94.486
f 11317 11318 11315
v 12742.864 -17824.999 94.247
f 11308 11319 11191
f 11315 11319 11308
f 11318 11319 11315
v 12742.906 -17824.999 94.005
f 11319 11320 11191
f 11191 11259 11130
f 11320 11259 11191
v 12742.936 -17824.999 93.761
f 11321 11259 11320
v 12742.954 -17824.999 93.517
f 11322 11259 11321
f 11259 11128 11130
f 11259 11195 11128
f 11198 11200 11195
f 11200 11201 11195
f 11201 11203 11195
f 11203 11205 11195
f 11208 11209 11205
f 11205 11209 11195
f 11212 11213 11209
f 11213 11216 11209
f 11209 11216 11195
f 11216 11218 11195
f 11219 11221 11218
f 11218 11221 11195
f 11221 11223 11195
f 11195 11193 11128
f 11195 11257 11193
f 11225 11228 11223
f 11223 11230 11195
f 11228 11230 11223
f 11257 11253 11256
f 11230 11231 11195
f 11253 11249 11251
f 11195 11249 11257
f 11257 11249 11253
f 11234 11238 11231
f 11236 11238 11234
f 11231 11238 11195
f 11248 11243 11245
f 11248 11241 11243
f 11239 11241 11238
f 11249 11241 11248
f 11195 11241 11249
f 11238 11241 11195
v 12706.155 -17713.999 258.735
v 12712.784 -17690.876 276.005
v 12717.452 -17690.876 274.213
f 11323 11324 11325
v 12710.823 -17713.999 256.943
f 11323 11325 11326
v 12714.183 -17688.999 279.650
v 12718.851 -17688.999 277.858
v 12718.762 -17689.006 277.626
f 11327 11328 11329
v 12714.094 -17689.006 279.417
v 12718.673 -17689.024 277.394
f 11330 11329 11331
f 11330 11327 11329
v 12714.005 -17689.024 279.186
v 12718.585 -17689.055 277.163
f 11332 11331 11333
f 11332 11330 11331
v 12713.917 -17689.055 278.955
v 12718.497 -17689.098 276.935
f 11334 11333 11335
f 11334 11332 11333
v 12713.829 -17689.098 278.726
v 12718.410 -17689.154 276.708
f 11336 11335 11337
f 11336 11334 11335
v 12713.742 -17689.154 278.500
v 12718.324 -17689.221 276.484
f 11338 11337 11339
f 11338 11336 11337
v 12713.656 -17689.221 278.276
v 12718.239 -17689.300 276.264
f 11340 11339 11341
f 11340 11338 11339
v 12713.571 -17689.300 278.056
f 11342 11340 11341
v 12713.488 -17689.391 277.840
v 12718.156 -17689.391 276.048
f 11343 11341 11344
f 11343 11342 11341
v 12713.407 -17689.493 277.628
v 12718.075 -17689.493 275.836
f 11345 11344 11346
v 12717.996 -17689.606 275.629
f 11345 11346 11347
f 11345 11343 11344
v 12713.328 -17689.606 277.421
v 12717.918 -17689.731 275.428
f 11348 11347 11349
f 11348 11345 11347
v 12713.250 -17689.731 277.219
v 12717.843 -17689.865 275.232
f 11350 11349 11351
f 11350 11348 11349
v 12713.175 -17689.865 277.024
v 12717.771 -17690.010 275.044
f 11352 11351 11353
f 11352 11350 11351
v 12713.103 -17690.010 276.835
f 11354 11352 11353
v 12713.033 -17690.165 276.654
v 12717.701 -17690.165 274.862
f 11355 11353 11356
f 11355 11354 11353
v 12712.966 -17690.330 276.479
f 11357 11355 11356
v 12717.634 -17690.330 274.687
f 11357 11356 11358
v 12712.902 -17690.503 276.313
f 11359 11357 11358
v 12717.570 -17690.503 274.521
f 11359 11358 11360
v 12712.842 -17690.686 276.154
f 11361 11359 11360
v 12717.509 -17690.686 274.363
f 11361 11360 11362
f 11324 11361 11362
f 11324 11362 11325
v 12736.616 -17688.999 338.089
v 12741.284 -17688.999 336.297
f 11327 11363 11364
f 11328 11327 11364
v 12738.408 -17693.999 342.757
v 12743.076 -17693.999 340.965
v 12743.074 -17693.754 340.959
f 11365 11366 11367
v 12738.406 -17693.754 342.751
v 12743.067 -17693.509 340.943
f 11368 11367 11369
f 11368 11365 11367
v 12738.399 -17693.509 342.734
v 12743.056 -17693.266 340.915
f 11370 11369 11371
f 11370 11368 11369
v 12738.388 -17693.266 342.706
v 12743.041 -17693.024 340.875
f 11372 11371 11373
f 11372 11370 11371
v 12738.373 -17693.024 342.667
v 12743.022 -17692.785 340.825
f 11374 11373 11375
f 11374 11372 11373
v 12738.354 -17692.785 342.617
v 12742.999 -17692.548 340.764
f 11376 11375 11377
f 11376 11374 11375
v 12738.331 -17692.548 342.556
v 12742.971 -17692.315 340.692
f 11378 11377 11379
f 11378 11376 11377
v 12738.303 -17692.315 342.484
v 12742.939 -17692.086 340.610
f 11380 11379 11381
f 11380 11378 11379
v 12738.271 -17692.086 342.402
f 11382 11380 11381
v 12742.904 -17691.862 340.517
f 11382 11381 11383
v 12738.236 -17691.862 342.309
f 11384 11382 11383
v 12738.196 -17691.643 342.206
f 11385 11384 11383
v 12742.864 -17691.643 340.414
f 11385 11383 11386
v 12738.153 -17691.429 342.093
f 11387 11385 11386
v 12742.821 -17691.429 340.301
f 11387 11386 11388
v 12738.106 -17691.222 341.970
f 11389 11387 11388
v 12742.774 -17691.222 340.178
f 11389 11388 11390
v 12738.055 -17691.021 341.838
f 11391 11389 11390
v 12742.723 -17691.021 340.046
f 11391 11390 11392
v 12738.001 -17690.828 341.697
f 11393 11391 11392
v 12742.669 -17690.828 339.905
f 11393 11392 11394
v 12737.944 -17690.642 341.548
f 11395 11393 11394
v 12742.612 -17690.642 339.756
f 11395 11394 11396
v 12737.883 -17690.464 341.390
f 11397 11395 11396
v 12742.551 -17690.464 339.598
f 11397 11396 11398
v 12742.487 -17690.295 339.432
f 11397 11398 11399
v 12737.819 -17690.295 341.224
f 11400 11397 11399
v 12742.421 -17690.134 339.258
f 11400 11399 11401
v 12737.753 -17690.134 341.050
f 11402 11400 11401
v 12737.683 -17689.983 340.870
f 11403 11402 11401
v 12742.351 -17689.983 339.078
f 11403 11401 11404
v 12737.612 -17689.842 340.682
f 11405 11403 11404
v 12742.279 -17689.842 338.890
f 11405 11404 11406
v 12737.537 -17689.711 340.489
v 12742.205 -17689.711 338.697
f 11407 11406 11408
f 11407 11405 11406
v 12737.461 -17689.590 340.289
f 11409 11407 11408
v 12742.129 -17689.590 338.498
f 11409 11408 11410
v 12742.050 -17689.480 338.293
f 11409 11410 11411
v 12737.382 -17689.480 340.085
f 11412 11409 11411
v 12737.302 -17689.380 339.875
v 12741.970 -17689.380 338.083
f 11413 11411 11414
f 11413 11412 11411
v 12737.220 -17689.292 339.662
v 12741.888 -17689.292 337.870
f 11415 11414 11416
f 11415 11413 11414
v 12737.136 -17689.215 339.444
v 12741.804 -17689.215 337.652
f 11417 11416 11418
f 11417 11415 11416
v 12737.051 -17689.149 339.223
v 12741.719 -17689.149 337.431
f 11419 11418 11420
f 11419 11417 11418
v 12736.966 -17689.096 339.000
v 12741.634 -17689.096 337.208
f 11421 11420 11422
v 12741.547 -17689.054 336.982
f 11421 11422 11423
f 11421 11419 11420
v 12736.879 -17689.054 338.774
f 11424 11421 11423
v 12736.792 -17689.024 338.546
v 12741.460 -17689.024 336.755
f 11425 11423 11426
v 12741.372 -17689.006 336.526
f 11425 11426 11427
f 11425 11424 11423
v 12736.704 -17689.006 338.318
f 11428 11425 11427
f 11363 11427 11364
f 11363 11428 11427
v 12738.408 -17743.999 342.757
v 12743.076 -17743.999 340.965
f 11365 11429 11430
f 11366 11365 11430
v 12736.616 -17748.999 338.089
v 12741.284 -17748.999 336.297
v 12741.372 -17748.993 336.526
f 11431 11432 11433
v 12736.704 -17748.993 338.318
f 11434 11431 11433
v 12736.792 -17748.975 338.546
v 12741.460 -17748.975 336.755
f 11435 11433 11436
f 11435 11434 11433
v 12736.879 -17748.945 338.774
v 12741.547 -17748.945 336.982
f 11437 11436 11438
f 11437 11435 11436
v 12736.966 -17748.903 339.000
v 12741.634 -17748.903 337.208
f 11439 11438 11440
f 11439 11437 11438
v 12737.051 -17748.850 339.223
v 12741.719 -17748.850 337.431
f 11441 11440 11442
v 12741.804 -17748.784 337.652
f 11441 11442 11443
f 11441 11439 11440
v 12737.136 -17748.784 339.444
f 11444 11441 11443
v 12737.220 -17748.707 339.662
v 12741.888 -17748.707 337.870
f 11445 11443 11446
v 12741.970 -17748.619 338.083
f 11445 11446 11447
f 11445 11444 11443
v 12737.302 -17748.619 339.875
f 11448 11445 11447
v 12737.382 -17748.519 340.085
f 11449 11448 11447
v 12742.050 -17748.519 338.293
f 11449 11447 11450
v 12737.461 -17748.409 340.289
v 12742.129 -17748.409 338.498
f 11451 11450 11452
f 11451 11449 11450
v 12742.205 -17748.288 338.697
f 11451 11452 11453
v 12737.537 -17748.288 340.489
f 11454 11451 11453
v 12737.612 -17748.157 340.682
v 12742.279 -17748.157 338.890
f 11455 11453 11456
f 11455 11454 11453
v 12737.683 -17748.016 340.870
v 12742.351 -17748.016 339.078
f 11457 11456 11458
v 12742.421 -17747.865 339.258
f 11457 11458 11459
f 11457 11455 11456
v 12737.753 -17747.865 341.050
v 12742.487 -17747.704 339.432
f 11460 11459 11461
f 11460 11457 11459
v 12737.819 -17747.704 341.224
v 12742.551 -17747.535 339.598
f 11462 11461 11463
f 11462 11460 11461
v 12737.883 -17747.535 341.390
f 11464 11462 11463
v 12737.944 -17747.357 341.548
v 12742.612 -17747.357 339.756
f 11465 11463 11466
v 12742.669 -17747.171 339.905
f 11465 11466 11467
f 11465 11464 11463
v 12738.001 -17747.171 341.697
v 12742.723 -17746.978 340.046
f 11468 11467 11469
f 11468 11465 11467
v 12738.055 -17746.978 341.838
f 11470 11468 11469
v 12738.106 -17746.777 341.970
v 12742.774 -17746.777 340.178
f 11471 11469 11472
v 12742.821 -17746.570 340.301
f 11471 11472 11473
f 11471 11470 11469
v 12738.153 -17746.570 342.093
f 11474 11471 11473
v 12738.196 -17746.356 342.206
v 12742.864 -17746.356 340.414
f 11475 11473 11476
f 11475 11474 11473
v 12738.236 -17746.137 342.309
v 12742.904 -17746.137 340.517
f 11477 11476 11478
f 11477 11475 11476
v 12738.271 -17745.913 342.402
v 12742.939 -17745.913 340.610
f 11479 11478 11480
f 11479 11477 11478
v 12738.303 -17745.684 342.484
v 12742.971 -17745.684 340.692
f 11481 11480 11482
f 11481 11479 11480
v 12738.331 -17745.451 342.556
v 12742.999 -17745.451 340.764
f 11483 11482 11484
f 11483 11481 11482
v 12738.354 -17745.214 342.617
v 12743.022 -17745.214 340.825
f 11485 11484 11486
v 12743.041 -17744.975 340.875
f 11485 11486 11487
f 11485 11483 11484
v 12738.373 -17744.975 342.667
v 12743.056 -17744.733 340.915
f 11488 11487 11489
f 11488 11485 11487
v 12738.388 -17744.733 342.706
f 11490 11488 11489
v 12738.399 -17744.490 342.734
v 12743.067 -17744.490 340.943
f 11491 11489 11492
v 12743.074 -17744.245 340.959
f 11491 11492 11493
f 11491 11490 11489
v 12738.406 -17744.245 342.751
f 11494 11493 11430
f 11494 11491 11493
f 11429 11494 11430
v 12698.987 -17748.999 240.063
f 11495 11131 11432
f 11495 11432 11431
f 11132 11131 11495
v 12698.987 -17713.999 240.063
f 11496 11132 11495
f 11132 11496 11323
f 11132 11323 11326
v 12736.219 -17705.999 323.102
v 12736.374 -17706.669 323.506
v 12736.293 -17706.340 323.296
f 11497 11498 11499
v 12736.088 -17705.290 322.762
v 12736.150 -17705.649 322.924
f 11500 11497 11501
v 12735.836 -17702.199 322.104
v 12735.857 -17702.994 322.159
v 12735.843 -17702.597 322.122
f 11502 11503 11504
v 12735.836 -17701.800 322.104
f 11505 11503 11502
v 12735.878 -17703.389 322.215
f 11505 11506 11503
v 12735.857 -17701.005 322.159
v 12735.843 -17701.402 322.122
f 11507 11505 11508
v 12735.878 -17700.610 322.215
f 11509 11505 11507
v 12735.906 -17703.780 322.288
f 11509 11510 11506
f 11509 11506 11505
v 12735.984 -17699.452 322.490
f 11511 11510 11509
v 12735.984 -17704.547 322.490
v 12735.942 -17704.166 322.380
f 11511 11512 11513
f 11511 11513 11510
v 12735.906 -17700.219 322.288
f 11511 11509 11514
v 12735.942 -17699.833 322.380
f 11511 11514 11515
v 12736.088 -17698.709 322.762
v 12736.033 -17699.077 322.617
f 11516 11511 11517
f 11516 11497 11500
f 11516 11512 11511
v 12736.033 -17704.922 322.617
f 11516 11500 11518
f 11516 11518 11512
v 12736.219 -17697.999 323.102
v 12736.150 -17698.350 322.924
f 11519 11516 11520
f 11519 11497 11516
v 12736.293 -17697.659 323.296
f 11521 11497 11519
v 12736.374 -17697.330 323.506
f 11522 11498 11497
f 11522 11497 11521
v 12736.460 -17697.012 323.731
f 11523 11498 11522
v 12736.552 -17707.293 323.970
v 12736.460 -17706.987 323.731
f 11523 11524 11525
f 11523 11525 11498
v 12736.552 -17696.706 323.970
f 11526 11524 11523
v 12736.649 -17696.414 324.223
v 12736.752 -17707.864 324.490
v 12736.649 -17707.585 324.223
f 11527 11528 11529
f 11527 11529 11524
f 11527 11524 11526
v 12736.752 -17696.135 324.490
f 11530 11528 11527
v 12736.859 -17708.128 324.769
f 11530 11531 11528
v 12736.859 -17695.871 324.769
f 11532 11531 11530
v 12736.970 -17708.377 325.060
f 11532 11533 11531
v 12741.029 -17706.669 335.634
v 12740.943 -17706.987 335.409
v 12740.851 -17707.293 335.170
f 11534 11535 11536
v 12740.754 -17707.585 334.916
f 11534 11536 11537
v 12737.087 -17695.390 325.363
v 12736.970 -17695.622 325.060
f 11538 11532 11539
f 11538 11533 11532
v 12737.087 -17708.609 325.363
f 11538 11540 11533
v 12737.207 -17695.173 325.675
f 11541 11540 11538
v 12737.330 -17709.025 325.998
v 12737.207 -17708.826 325.675
f 11541 11542 11543
f 11541 11543 11540
v 12737.330 -17694.974 325.998
f 11544 11542 11541
v 12741.253 -17705.649 336.216
v 12741.184 -17705.999 336.038
v 12741.110 -17706.340 335.844
f 11545 11546 11547
v 12737.458 -17694.792 326.329
v 12737.588 -17709.371 326.669
v 12737.458 -17709.207 326.329
f 11548 11549 11550
f 11548 11550 11542
f 11548 11542 11544
v 12741.315 -17705.290 336.378
f 11551 11545 11547
v 12737.588 -17694.628 326.669
f 11552 11549 11548
v 12737.721 -17694.482 327.015
f 11553 11549 11552
v 12737.721 -17709.517 327.015
f 11553 11554 11549
v 12737.856 -17694.355 327.368
v 12737.994 -17709.752 327.727
v 12737.856 -17709.644 327.368
f 11555 11556 11557
f 11555 11557 11554
f 11555 11554 11553
v 12737.994 -17694.247 327.727
f 11558 11556 11555
v 12741.497 -17703.780 336.851
v 12741.461 -17704.166 336.759
v 12741.419 -17704.547 336.650
f 11559 11560 11561
v 12738.133 -17694.158 328.090
v 12738.274 -17709.910 328.457
v 12738.133 -17709.841 328.090
f 11562 11563 11564
f 11562 11564 11556
f 11562 11556 11558
v 12738.274 -17694.089 328.457
f 11565 11563 11562
v 12738.416 -17694.039 328.826
f 11566 11563 11565
v 12738.559 -17709.990 329.198
v 12738.416 -17709.960 328.826
f 11566 11567 11568
f 11566 11568 11563
v 12741.560 -17702.597 337.018
v 12741.546 -17702.994 336.981
v 12741.525 -17703.389 336.925
f 11569 11570 11571
f 11569 11571 11559
v 12738.559 -17694.009 329.198
f 11572 11567 11566
v 12738.702 -17709.999 329.570
f 11572 11573 11567
v 12738.702 -17693.999 329.570
f 11574 11573 11572
v 12738.844 -17709.990 329.942
f 11574 11575 11573
v 12741.568 -17701.800 337.036
v 12741.568 -17702.199 337.036
f 11576 11577 11569
v 12738.844 -17694.009 329.942
f 11578 11575 11574
v 12741.560 -17701.402 337.018
f 11579 11576 11569
v 12738.987 -17694.039 330.313
f 11580 11575 11578
v 12739.129 -17709.910 330.683
v 12738.987 -17709.960 330.313
f 11580 11581 11582
f 11580 11582 11575
v 12739.129 -17694.089 330.683
f 11583 11581 11580
v 12741.525 -17700.610 336.925
v 12741.546 -17701.005 336.981
f 11584 11585 11579
v 12739.270 -17694.158 331.050
f 11586 11581 11583
v 12739.409 -17709.752 331.413
v 12739.270 -17709.841 331.050
f 11586 11587 11588
f 11586 11588 11581
v 12739.409 -17694.247 331.413
f 11589 11587 11586
v 12741.461 -17699.833 336.759
f 11590 11569 11559
f 11590 11579 11569
f 11590 11584 11579
v 12741.497 -17700.219 336.851
f 11590 11591 11584
v 12741.370 -17704.922 336.522
f 11590 11561 11592
f 11590 11559 11561
v 12739.547 -17694.355 331.771
f 11593 11587 11589
v 12739.547 -17709.644 331.771
f 11593 11594 11587
v 12739.682 -17694.482 332.124
f 11595 11594 11593
v 12739.815 -17709.371 332.471
v 12739.682 -17709.517 332.124
f 11595 11596 11597
f 11595 11597 11594
v 12741.370 -17699.077 336.522
v 12741.419 -17699.452 336.650
f 11598 11599 11590
v 12739.815 -17694.628 332.471
f 11600 11596 11595
v 12739.945 -17694.792 332.810
f 11601 11596 11600
v 12739.945 -17709.207 332.810
f 11601 11602 11596
v 12741.253 -17698.350 336.216
f 11603 11590 11592
v 12741.315 -17698.709 336.378
f 11603 11604 11598
f 11603 11592 11551
f 11603 11598 11590
v 12740.073 -17694.974 333.142
f 11605 11602 11601
v 12740.073 -17709.025 333.142
f 11605 11606 11602
v 12741.184 -17697.999 336.038
f 11607 11603 11551
f 11607 11551 11547
v 12740.196 -17695.173 333.464
v 12740.317 -17708.609 333.777
v 12740.196 -17708.826 333.464
f 11608 11609 11610
f 11608 11610 11606
f 11608 11606 11605
v 12741.029 -17697.330 335.634
v 12741.110 -17697.659 335.844
f 11611 11612 11607
f 11611 11547 11534
f 11611 11607 11547
v 12740.433 -17695.622 334.079
v 12740.317 -17695.390 333.777
f 11613 11608 11614
f 11613 11609 11608
v 12740.433 -17708.377 334.079
f 11613 11615 11609
v 12740.544 -17695.871 334.371
v 12740.544 -17708.128 334.371
f 11616 11617 11615
f 11616 11615 11613
v 12740.851 -17696.706 335.170
v 12740.943 -17697.012 335.409
f 11618 11619 11611
f 11618 11611 11534
f 11618 11534 11537
v 12740.652 -17696.135 334.650
v 12740.652 -17707.864 334.650
f 11620 11621 11617
f 11620 11617 11616
v 12740.754 -17696.414 334.916
f 11622 11537 11621
f 11622 11618 11537
f 11622 11621 11620
v 12731.706 -17706.669 325.298
v 12731.551 -17705.999 324.894
v 12731.625 -17706.340 325.088
f 11623 11624 11625
v 12731.420 -17705.290 324.554
v 12731.482 -17705.649 324.716
f 11624 11626 11627
v 12731.316 -17704.547 324.282
v 12731.365 -17704.922 324.409
f 11626 11628 11629
v 12731.239 -17703.780 324.080
v 12731.274 -17704.166 324.172
f 11628 11630 11631
v 12731.210 -17703.389 324.006
v 12731.168 -17701.800 323.895
v 12731.189 -17702.994 323.951
f 11632 11633 11634
v 12731.175 -17702.597 323.914
f 11634 11633 11635
v 12731.168 -17702.199 323.895
f 11635 11633 11636
v 12731.189 -17701.005 323.951
v 12731.175 -17701.402 323.914
f 11633 11637 11638
v 12731.210 -17700.610 324.006
f 11633 11639 11637
f 11632 11639 11633
f 11630 11639 11632
v 12731.316 -17699.452 324.282
f 11628 11640 11630
f 11630 11640 11639
v 12731.239 -17700.219 324.080
f 11639 11640 11641
v 12731.274 -17699.833 324.172
f 11641 11640 11642
v 12731.420 -17698.709 324.554
v 12731.365 -17699.077 324.409
f 11640 11643 11644
f 11626 11643 11628
f 11624 11643 11626
f 11628 11643 11640
v 12731.551 -17697.999 324.894
v 12731.482 -17698.350 324.716
f 11643 11645 11646
f 11624 11645 11643
v 12731.706 -17697.330 325.298
v 12731.625 -17697.659 325.088
f 11645 11647 11648
f 11623 11647 11624
f 11624 11647 11645
v 12731.792 -17697.012 325.522
f 11623 11649 11647
v 12731.884 -17707.293 325.762
v 12731.792 -17706.987 325.522
f 11650 11649 11651
f 11651 11649 11623
v 12731.981 -17696.414 326.015
v 12731.884 -17696.706 325.762
f 11649 11652 11653
f 11650 11652 11649
v 12732.084 -17707.864 326.282
v 12731.981 -17707.585 326.015
f 11654 11652 11655
f 11655 11652 11650
v 12732.191 -17695.871 326.561
v 12732.084 -17696.135 326.282
f 11652 11656 11657
f 11654 11656 11652
v 12732.303 -17708.377 326.852
v 12732.191 -17708.128 326.561
f 11658 11656 11659
f 11659 11656 11654
v 12736.183 -17707.293 336.961
v 12736.275 -17706.987 337.201
v 12736.086 -17707.585 336.708
f 11660 11661 11662
v 12732.303 -17695.622 326.852
f 11658 11663 11656
v 12732.419 -17695.390 327.154
f 11658 11664 11663
v 12732.419 -17708.609 327.154
f 11665 11664 11658
v 12732.539 -17695.173 327.467
f 11665 11666 11664
v 12732.663 -17709.025 327.790
v 12732.539 -17708.826 327.467
f 11667 11666 11668
f 11668 11666 11665
v 12732.663 -17694.974 327.790
f 11667 11669 11666
v 12732.790 -17709.207 328.121
v 12732.790 -17694.792 328.121
f 11670 11671 11667
f 11667 11671 11669
v 12732.920 -17709.371 328.461
v 12732.920 -17694.628 328.461
f 11672 11673 11670
f 11670 11673 11671
v 12736.647 -17705.290 338.169
v 12736.702 -17704.922 338.314
v 12736.585 -17705.649 338.008
f 11674 11675 11676
v 12733.053 -17709.517 328.807
v 12733.053 -17694.482 328.807
f 11677 11678 11672
f 11672 11678 11673
v 12733.189 -17709.644 329.160
v 12733.189 -17694.355 329.160
f 11679 11680 11677
f 11677 11680 11678
v 12733.326 -17709.752 329.519
v 12733.326 -17694.247 329.519
f 11681 11682 11679
f 11679 11682 11680
v 12736.793 -17704.166 338.551
v 12736.829 -17703.780 338.643
v 12736.751 -17704.547 338.441
f 11683 11684 11685
f 11685 11684 11675
v 12733.466 -17694.158 329.882
f 11681 11686 11682
v 12733.606 -17709.910 330.249
v 12733.466 -17709.841 329.882
f 11687 11686 11688
f 11688 11686 11681
v 12733.606 -17694.089 330.249
f 11687 11689 11686
v 12733.748 -17694.039 330.618
f 11687 11690 11689
v 12733.748 -17709.960 330.618
f 11691 11690 11687
v 12736.878 -17702.994 338.772
v 12736.893 -17702.597 338.809
v 12736.857 -17703.389 338.717
f 11692 11693 11694
f 11694 11693 11684
v 12733.891 -17694.009 330.989
f 11691 11695 11690
v 12734.034 -17709.999 331.362
v 12733.891 -17709.990 330.989
f 11696 11695 11697
f 11697 11695 11691
v 12734.034 -17693.999 331.362
f 11696 11698 11695
v 12734.177 -17709.990 331.734
f 11699 11698 11696
v 12736.900 -17702.199 338.828
v 12736.900 -17701.800 338.828
f 11700 11701 11693
v 12734.177 -17694.009 331.734
f 11699 11702 11698
v 12736.893 -17701.402 338.809
f 11701 11703 11693
v 12734.461 -17709.910 332.475
v 12734.319 -17694.039 332.105
v 12734.319 -17709.960 332.105
f 11704 11705 11706
f 11706 11705 11699
f 11699 11705 11702
v 12736.878 -17701.005 338.772
v 12736.857 -17700.610 338.717
f 11707 11708 11703
v 12734.602 -17694.158 332.842
v 12734.461 -17694.089 332.475
f 11705 11709 11710
f 11704 11709 11705
v 12734.741 -17709.752 333.205
v 12734.602 -17709.841 332.842
f 11711 11709 11712
f 11712 11709 11704
v 12736.829 -17700.219 338.643
f 11708 11713 11703
v 12734.741 -17694.247 333.205
f 11711 11714 11709
v 12736.793 -17699.833 338.551
f 11693 11715 11684
f 11703 11715 11693
f 11713 11715 11703
f 11684 11715 11675
v 12734.879 -17709.644 333.563
v 12734.879 -17694.355 333.563
f 11716 11717 11711
f 11711 11717 11714
v 12735.014 -17694.482 333.916
f 11716 11718 11717
v 12735.147 -17709.371 334.263
v 12735.014 -17709.517 333.916
f 11719 11718 11720
f 11720 11718 11716
v 12736.751 -17699.452 338.441
v 12736.702 -17699.077 338.314
f 11721 11722 11715
v 12735.147 -17694.628 334.263
f 11719 11723 11718
v 12735.278 -17694.792 334.602
f 11719 11724 11723
v 12735.278 -17709.207 334.602
f 11725 11724 11719
v 12736.647 -17698.709 338.169
v 12736.585 -17698.350 338.008
f 11726 11727 11722
f 11715 11727 11675
f 11722 11727 11715
v 12736.516 -17705.999 337.830
f 11676 11727 11728
v 12736.442 -17706.340 337.636
f 11728 11727 11729
f 11675 11727 11676
v 12735.405 -17694.974 334.934
f 11725 11730 11724
v 12735.405 -17709.025 334.934
f 11731 11730 11725
v 12736.516 -17697.999 337.830
f 11727 11732 11729
v 12735.649 -17708.609 335.569
v 12735.529 -17695.173 335.256
v 12735.529 -17708.826 335.256
f 11733 11734 11735
f 11735 11734 11731
f 11731 11734 11730
v 12735.765 -17708.377 335.871
v 12735.649 -17695.390 335.569
f 11736 11737 11733
f 11733 11737 11734
v 12736.442 -17697.659 337.636
v 12736.361 -17697.330 337.426
f 11738 11739 11732
f 11732 11739 11729
v 12735.765 -17695.622 335.871
f 11736 11740 11737
v 12736.275 -17697.012 337.201
v 12736.361 -17706.669 337.426
f 11729 11741 11742
f 11739 11741 11729
v 12735.876 -17708.128 336.162
v 12735.876 -17695.871 336.162
f 11743 11744 11736
f 11736 11744 11740
v 12736.183 -17696.706 336.961
f 11742 11745 11661
f 11661 11745 11662
f 11741 11745 11742
v 12735.984 -17696.135 336.442
f 11743 11746 11744
v 12736.086 -17696.414 336.708
f 11745 11747 11662
v 12735.984 -17707.864 336.442
f 11662 11747 11748
f 11748 11747 11743
f 11743 11747 11746
