v -660.00 24.02 2.49
v -663.78 23.73 2.45
v -667.46 22.85 2.36
v -670.96 21.40 2.21
v -674.20 19.43 2.01
v -677.08 16.99 1.76
v -679.54 14.12 1.46
v -681.52 10.91 1.13
v -682.97 7.42 0.77
v -683.85 3.76 0.39
v -684.15 0.00 -0.00
v -683.85 -3.76 -0.39
v -682.97 -7.42 -0.77
v -681.52 -10.91 -1.13
v -679.54 -14.12 -1.46
v -677.08 -16.99 -1.76
v -674.20 -19.43 -2.01
v -670.96 -21.40 -2.21
v -667.46 -22.85 -2.36
v -663.78 -23.73 -2.45
v -660.00 -24.02 -2.49
v -656.22 -23.73 -2.45
v -652.54 -22.85 -2.36
v -649.04 -21.40 -2.21
v -645.80 -19.43 -2.01
v -642.92 -16.99 -1.76
v -640.46 -14.12 -1.46
v -638.48 -10.91 -1.13
v -637.03 -7.42 -0.77
v -636.15 -3.76 -0.39
v -635.85 -0.00 0.00
v -636.15 3.76 0.39
v -637.03 7.42 0.77
v -638.48 10.91 1.13
v -640.46 14.12 1.46
v -642.92 16.99 1.76
v -645.80 19.43 2.01
v -649.04 21.40 2.21
v -652.54 22.85 2.36
v -656.22 23.73 2.45
v -660.00 -36.60 588.46
v -663.78 -36.89 588.43
v -667.46 -37.77 588.34
v -670.96 -39.21 588.19
v -674.20 -41.18 587.99
v -677.08 -43.63 587.74
v -679.54 -46.50 587.44
v -681.52 -49.71 587.11
v -682.97 -53.20 586.75
v -683.85 -56.86 586.37
v -684.15 -60.62 585.98
v -683.85 -64.38 585.59
v -682.97 -68.04 585.21
v -681.52 -71.52 584.85
v -679.54 -74.74 584.52
v -677.08 -77.60 584.22
v -674.20 -80.05 583.97
v -670.96 -82.02 583.76
v -667.46 -83.46 583.62
v -663.78 -84.34 583.52
v -660.00 -84.64 583.49
v -656.22 -84.34 583.52
v -652.54 -83.46 583.62
v -649.04 -82.02 583.76
v -645.81 -80.05 583.97
v -642.92 -77.60 584.22
v -640.46 -74.74 584.52
v -638.48 -71.52 584.85
v -637.03 -68.04 585.21
v -636.15 -64.38 585.59
v -635.85 -60.62 585.98
v -636.15 -56.86 586.37
v -637.03 -53.20 586.75
v -638.48 -49.71 587.11
v -640.46 -46.50 587.44
v -642.92 -43.63 587.74
v -645.81 -41.18 587.99
v -649.04 -39.21 588.19
v -652.54 -37.77 588.34
v -656.22 -36.89 588.43
v -660.00 -36.62 588.73
v -663.78 -36.92 588.69
v -667.46 -37.80 588.59
v -670.96 -39.24 588.42
v -674.20 -41.21 588.21
v -677.08 -43.65 587.95
v -679.54 -46.52 587.64
v -681.52 -49.73 587.30
v -682.97 -53.22 586.94
v -683.85 -56.88 586.56
v -684.15 -60.64 586.17
v -683.85 -64.40 585.78
v -682.97 -68.06 585.40
v -681.52 -71.54 585.05
v -679.54 -74.76 584.72
v -677.08 -77.63 584.43
v -674.20 -80.08 584.19
v -670.96 -82.05 584.00
v -667.46 -83.49 583.86
v -663.78 -84.37 583.78
v -660.00 -84.67 583.76
v -656.22 -84.37 583.80
v -652.54 -83.49 583.91
v -649.04 -82.05 584.07
v -645.81 -80.09 584.28
v -642.92 -77.64 584.55
v -640.46 -74.77 584.85
v -638.48 -71.56 585.19
v -637.03 -68.08 585.55
v -636.15 -64.41 585.94
v -635.85 -60.65 586.33
v -636.15 -56.90 586.71
v -637.03 -53.23 587.09
v -638.48 -49.75 587.45
v -640.46 -46.53 587.77
v -642.92 -43.67 588.06
v -645.81 -41.22 588.30
v -649.04 -39.25 588.50
v -652.54 -37.80 588.63
v -656.22 -36.92 588.71
v -660.00 -36.65 589.00
v -663.78 -36.95 588.95
v -667.46 -37.82 588.84
v -670.97 -39.26 588.67
v -674.20 -41.23 588.45
v -677.08 -43.68 588.19
v -679.54 -46.54 587.88
v -681.52 -49.76 587.54
v -682.97 -53.24 587.17
v -683.85 -56.90 586.78
v -684.15 -60.66 586.39
v -683.85 -64.42 586.01
v -682.97 -68.09 585.63
v -681.52 -71.57 585.28
v -679.54 -74.78 584.96
v -677.08 -77.65 584.67
v -674.20 -80.10 584.43
v -670.97 -82.07 584.25
v -667.46 -83.52 584.11
v -663.78 -84.40 584.04
v -660.00 -84.70 584.03
v -656.22 -84.40 584.08
v -652.54 -83.52 584.19
v -649.04 -82.08 584.35
v -645.81 -80.12 584.57
v -642.93 -77.67 584.84
v -640.46 -74.80 585.15
v -638.48 -71.59 585.49
v -637.03 -68.11 585.86
v -636.15 -64.44 586.24
v -635.85 -60.69 586.63
v -636.15 -56.93 587.02
v -637.03 -53.26 587.40
v -638.48 -49.78 587.75
v -640.46 -46.56 588.07
v -642.93 -43.70 588.36
v -645.81 -41.25 588.60
v -649.04 -39.28 588.78
v -652.54 -37.83 588.92
v -656.22 -36.95 588.99
v -660.00 -36.68 589.27
v -663.78 -36.97 589.21
v -667.47 -37.85 589.10
v -670.97 -39.29 588.92
v -674.20 -41.26 588.70
v -677.08 -43.70 588.43
v -679.54 -46.57 588.11
v -681.52 -49.78 587.77
v -682.97 -53.26 587.40
v -683.86 -56.93 587.01
v -684.15 -60.69 586.62
v -683.86 -64.44 586.24
v -682.97 -68.11 585.86
v -681.52 -71.59 585.51
v -679.54 -74.81 585.19
v -677.08 -77.68 584.91
v -674.20 -80.13 584.68
v -670.97 -82.10 584.50
v -667.47 -83.54 584.37
v -663.78 -84.43 584.30
v -660.00 -84.72 584.30
v -656.23 -84.43 584.35
v -652.54 -83.55 584.47
v -649.04 -82.11 584.64
v -645.81 -80.15 584.87
v -642.93 -77.70 585.14
v -640.47 -74.83 585.45
v -638.49 -71.62 585.80
v -637.04 -68.14 586.17
v -636.15 -64.48 586.55
v -635.85 -60.72 586.94
v -636.15 -56.96 587.33
v -637.04 -53.29 587.70
v -638.49 -49.81 588.05
v -640.47 -46.60 588.37
v -642.93 -43.73 588.65
v -645.81 -41.28 588.89
v -649.04 -39.31 589.07
v -652.54 -37.86 589.20
v -656.23 -36.98 589.26
v -660.01 -36.71 589.54
v -663.78 -37.00 589.47
v -667.47 -37.88 589.35
v -670.97 -39.32 589.17
v -674.20 -41.28 588.94
v -677.08 -43.73 588.67
v -679.54 -46.59 588.35
v -681.52 -49.81 588.00
v -682.97 -53.29 587.63
v -683.86 -56.95 587.24
v -684.15 -60.71 586.85
v -683.86 -64.47 586.46
v -682.97 -68.13 586.09
v -681.52 -71.62 585.74
v -679.54 -74.83 585.43
v -677.08 -77.70 585.15
v -674.20 -80.15 584.92
v -670.97 -82.12 584.75
v -667.47 -83.57 584.63
v -663.78 -84.45 584.56
v -660.01 -84.75 584.57
v -656.23 -84.46 584.63
v -652.54 -83.58 584.75
v -649.04 -82.14 584.93
v -645.81 -80.18 585.16
v -642.93 -77.73 585.43
v -640.47 -74.87 585.75
v -638.49 -71.65 586.10
v -637.04 -68.17 586.47
v -636.15 -64.51 586.86
v -635.86 -60.75 587.25
v -636.15 -56.99 587.64
v -637.04 -53.33 588.01
v -638.49 -49.84 588.36
v -640.47 -46.63 588.67
v -642.93 -43.76 588.95
v -645.81 -41.31 589.18
v -649.04 -39.34 589.36
v -652.54 -37.89 589.48
v -656.23 -37.01 589.54
v -660.01 -36.74 589.80
v -663.79 -37.03 589.74
v -667.47 -37.90 589.61
v -670.97 -39.34 589.42
v -674.20 -41.31 589.19
v -677.08 -43.75 588.91
v -679.54 -46.62 588.58
v -681.52 -49.83 588.23
v -682.97 -53.31 587.86
v -683.86 -56.97 587.47
v -684.16 -60.73 587.08
v -683.86 -64.49 586.69
v -682.97 -68.16 586.32
v -681.52 -71.64 585.98
v -679.54 -74.86 585.66
v -677.08 -77.73 585.39
v -674.20 -80.18 585.17
v -670.97 -82.15 585.00
v -667.47 -83.60 584.88
v -663.79 -84.48 584.83
v -660.01 -84.78 584.83
v -656.23 -84.49 584.90
v -652.55 -83.61 585.03
v -649.04 -82.17 585.21
v -645.81 -80.21 585.45
v -642.93 -77.76 585.73
v -640.47 -74.90 586.05
v -638.49 -71.68 586.40
v -637.04 -68.20 586.78
v -636.16 -64.54 587.17
v -635.86 -60.78 587.56
v -636.16 -57.02 587.94
v -637.04 -53.36 588.31
v -638.49 -49.87 588.66
v -640.47 -46.66 588.97
v -642.93 -43.79 589.25
v -645.81 -41.34 589.47
v -649.04 -39.36 589.64
v -652.55 -37.92 589.76
v -656.23 -37.03 589.81
v -660.01 -36.76 590.07
v -663.79 -37.05 590.00
v -667.47 -37.93 589.86
v -670.97 -39.37 589.67
v -674.21 -41.33 589.43
v -677.09 -43.78 589.15
v -679.55 -46.64 588.82
v -681.53 -49.85 588.47
v -682.98 -53.33 588.09
v -683.86 -57.00 587.70
v -684.16 -60.76 587.31
v -683.86 -64.51 586.92
v -682.98 -68.18 586.55
v -681.53 -71.66 586.21
v -679.55 -74.88 585.90
v -677.09 -77.75 585.63
v -674.21 -80.20 585.41
v -670.97 -82.18 585.25
v -667.47 -83.62 585.14
v -663.79 -84.51 585.09
v -660.01 -84.81 585.10
v -656.23 -84.52 585.18
v -652.55 -83.64 585.31
v -649.05 -82.20 585.50
v -645.82 -80.24 585.74
v -642.94 -77.79 586.03
v -640.47 -74.93 586.35
v -638.49 -71.72 586.71
v -637.04 -68.24 587.09
v -636.16 -64.57 587.47
v -635.86 -60.81 587.87
v -636.16 -57.06 588.25
v -637.04 -53.39 588.62
v -638.49 -49.90 588.96
v -640.47 -46.69 589.27
v -642.94 -43.82 589.54
v -645.82 -41.37 589.76
v -649.05 -39.39 589.93
v -652.55 -37.95 590.04
v -656.23 -37.06 590.08
v -660.01 -36.79 590.34
v -663.79 -37.08 590.26
v -667.48 -37.96 590.12
v -670.98 -39.39 589.92
v -674.21 -41.36 589.68
v -677.09 -43.80 589.39
v -679.55 -46.67 589.06
v -681.53 -49.88 588.70
v -682.98 -53.36 588.32
v -683.86 -57.02 587.93
v -684.16 -60.78 587.53
v -683.86 -64.54 587.15
v -682.98 -68.20 586.78
v -681.53 -71.69 586.44
v -679.55 -74.91 586.13
v -677.09 -77.78 585.87
v -674.21 -80.23 585.66
v -670.98 -82.20 585.50
v -667.48 -83.65 585.39
v -663.79 -84.53 585.35
v -660.01 -84.83 585.37
v -656.24 -84.54 585.45
v -652.55 -83.67 585.59
v -649.05 -82.23 585.79
v -645.82 -80.27 586.03
v -642.94 -77.82 586.32
v -640.48 -74.96 586.65
v -638.50 -71.75 587.01
v -637.05 -68.27 587.39
v -636.16 -64.60 587.78
v -635.87 -60.85 588.17
v -636.16 -57.09 588.56
v -637.05 -53.42 588.93
v -638.50 -49.94 589.27
v -640.48 -46.72 589.57
v -642.94 -43.85 589.84
v -645.82 -41.40 590.05
v -649.05 -39.42 590.21
v -652.55 -37.98 590.32
v -656.24 -37.09 590.36
v -660.02 -36.82 590.61
v -663.80 -37.11 590.52
v -667.48 -37.98 590.37
v -670.98 -39.42 590.17
v -674.21 -41.38 589.92
v -677.09 -43.83 589.63
v -679.55 -46.69 589.29
v -681.53 -49.90 588.93
v -682.98 -53.38 588.55
v -683.87 -57.05 588.16
v -684.17 -60.80 587.76
v -683.87 -64.56 587.38
v -682.98 -68.23 587.01
v -681.53 -71.71 586.67
v -679.55 -74.93 586.37
v -677.09 -77.80 586.11
v -674.21 -80.25 585.90
v -670.98 -82.23 585.74
v -667.48 -83.67 585.65
v -663.80 -84.56 585.61
v -660.02 -84.86 585.64
v -656.24 -84.57 585.72
v -652.56 -83.70 585.87
v -649.06 -82.26 586.07
v -645.82 -80.30 586.32
v -642.94 -77.85 586.62
v -640.48 -74.99 586.95
v -638.50 -71.78 587.32
v -637.05 -68.30 587.70
v -636.17 -64.63 588.09
v -635.87 -60.88 588.48
v -636.17 -57.12 588.87
v -637.05 -53.45 589.23
v -638.50 -49.97 589.57
v -640.48 -46.75 589.87
v -642.94 -43.88 590.13
v -645.82 -41.43 590.34
v -649.06 -39.45 590.50
v -652.56 -38.01 590.60
v -656.24 -37.12 590.63
v -660.02 -36.85 590.88
v -663.80 -37.14 590.78
v -667.48 -38.01 590.63
v -670.98 -39.45 590.42
v -674.22 -41.41 590.17
v -677.10 -43.85 589.86
v -679.56 -46.71 589.53
v -681.54 -49.93 589.16
v -682.99 -53.41 588.78
v -683.87 -57.07 588.38
v -684.17 -60.83 587.99
v -683.87 -64.58 587.61
v -682.99 -68.25 587.24
v -681.54 -71.74 586.91
v -679.56 -74.95 586.61
v -677.10 -77.82 586.35
v -674.22 -80.28 586.14
v -670.98 -82.25 585.99
v -667.48 -83.70 585.90
v -663.80 -84.59 585.87
v -660.02 -84.89 585.91
v -656.25 -84.60 586.00
v -652.56 -83.73 586.15
v -649.06 -82.29 586.36
v -645.83 -80.33 586.62
v -642.95 -77.88 586.92
v -640.49 -75.02 587.25
v -638.51 -71.81 587.62
v -637.06 -68.33 588.00
v -636.17 -64.67 588.40
v -635.88 -60.91 588.79
v -636.17 -57.15 589.17
v -637.06 -53.48 589.54
v -638.51 -50.00 589.88
v -640.49 -46.78 590.18
v -642.95 -43.91 590.43
v -645.83 -41.46 590.64
v -649.06 -39.48 590.79
v -652.56 -38.03 590.88
v -656.25 -37.15 590.91
v -660.03 -36.87 591.14
v -663.80 -37.16 591.04
v -667.49 -38.04 590.89
v -670.99 -39.47 590.67
v -674.22 -41.43 590.41
v -677.10 -43.88 590.10
v -679.56 -46.74 589.76
v -681.54 -49.95 589.39
v -682.99 -53.43 589.01
v -683.88 -57.09 588.61
v -684.17 -60.85 588.22
v -683.88 -64.61 587.84
v -682.99 -68.28 587.47
v -681.54 -71.76 587.14
v -679.56 -74.98 586.84
v -677.10 -77.85 586.59
v -674.22 -80.30 586.39
v -670.99 -82.28 586.24
v -667.49 -83.73 586.16
v -663.80 -84.61 586.14
v -660.03 -84.92 586.17
v -656.25 -84.63 586.27
v -652.57 -83.76 586.43
v -649.07 -82.32 586.64
v -645.83 -80.36 586.91
v -642.95 -77.91 587.21
v -640.49 -75.05 587.55
v -638.51 -71.84 587.92
v -637.06 -68.36 588.31
v -636.18 -64.70 588.70
v -635.88 -60.94 589.10
v -636.18 -57.18 589.48
v -637.06 -53.52 589.85
v -638.51 -50.03 590.18
v -640.49 -46.81 590.48
v -642.95 -43.94 590.73
v -645.83 -41.49 590.93
v -649.07 -39.51 591.07
v -652.57 -38.06 591.16
v -656.25 -37.18 591.18
v -660.03 -36.90 591.41
v -663.81 -37.19 591.31
v -667.49 -38.06 591.14
v -670.99 -39.50 590.92
v -674.22 -41.46 590.65
v -677.11 -43.90 590.34
v -679.57 -46.76 590.00
v -681.55 -49.97 589.63
v -683.00 -53.45 589.24
v -683.88 -57.12 588.84
v -684.18 -60.87 588.45
v -683.88 -64.63 588.06
v -683.00 -68.30 587.70
v -681.55 -71.78 587.37
v -679.57 -75.00 587.08
v -677.11 -77.87 586.83
v -674.22 -80.33 586.63
v -670.99 -82.30 586.49
v -667.49 -83.75 586.41
v -663.81 -84.64 586.40
v -660.03 -84.95 586.44
v -656.26 -84.66 586.55
v -652.57 -83.78 586.71
v -649.07 -82.35 586.93
v -645.84 -80.39 587.20
v -642.96 -77.94 587.51
v -640.50 -75.08 587.85
v -638.52 -71.87 588.23
v -637.07 -68.39 588.62
v -636.18 -64.73 589.01
v -635.89 -60.97 589.41
v -636.18 -57.21 589.79
v -637.07 -53.55 590.15
v -638.52 -50.06 590.48
v -640.50 -46.84 590.78
v -642.96 -43.97 591.02
v -645.84 -41.52 591.22
v -649.07 -39.54 591.36
v -652.57 -38.09 591.44
v -656.26 -37.21 591.46
v -660.04 -36.93 591.68
v -663.81 -37.22 591.57
v -667.50 -38.09 591.40
v -671.00 -39.52 591.17
v -674.23 -41.49 590.90
v -677.11 -43.93 590.58
v -679.57 -46.79 590.23
v -681.55 -50.00 589.86
v -683.00 -53.48 589.47
v -683.89 -57.14 589.07
v -684.18 -60.90 588.67
v -683.89 -64.66 588.29
v -683.00 -68.32 587.93
v -681.55 -71.81 587.60
v -679.57 -75.03 587.31
v -677.11 -77.90 587.07
v -674.23 -80.35 586.88
v -671.00 -82.33 586.74
v -667.50 -83.78 586.67
v -663.81 -84.67 586.66
v -660.04 -84.97 586.71
v -656.26 -84.69 586.82
v -652.58 -83.81 586.99
v -649.08 -82.38 587.22
v -645.85 -80.42 587.49
v -642.97 -77.98 587.81
v -640.50 -75.11 588.15
v -638.53 -71.90 588.53
v -637.08 -68.43 588.92
v -636.19 -64.76 589.32
v -635.89 -61.00 589.71
v -636.19 -57.25 590.10
v -637.08 -53.58 590.46
v -638.53 -50.09 590.79
v -640.50 -46.88 591.08
v -642.97 -44.00 591.32
v -645.85 -41.55 591.51
v -649.08 -39.57 591.64
v -652.58 -38.12 591.72
v -656.26 -37.23 591.73
v -660.04 -36.96 591.95
v -663.82 -37.24 591.83
v -667.50 -38.11 591.65
v -671.00 -39.55 591.42
v -674.24 -41.51 591.14
v -677.12 -43.95 590.82
v -679.58 -46.81 590.47
v -681.56 -50.02 590.09
v -683.01 -53.50 589.70
v -683.89 -57.16 589.30
v -684.19 -60.92 588.90
v -683.89 -64.68 588.52
v -683.01 -68.35 588.16
v -681.56 -71.83 587.84
v -679.58 -75.05 587.55
v -677.12 -77.92 587.31
v -674.24 -80.38 587.12
v -671.00 -82.36 586.99
v -667.50 -83.81 586.93
v -663.82 -84.70 586.92
v -660.04 -85.00 586.98
v -656.27 -84.71 587.10
v -652.58 -83.84 587.27
v -649.08 -82.41 587.50
v -645.85 -80.45 587.78
v -642.97 -78.01 588.10
v -640.51 -75.15 588.46
v -638.53 -71.94 588.83
v -637.08 -68.46 589.23
v -636.20 -64.79 589.63
v -635.90 -61.04 590.02
v -636.20 -57.28 590.40
v -637.08 -53.61 590.76
v -638.53 -50.12 591.09
v -640.51 -46.91 591.38
v -642.97 -44.03 591.62
v -645.85 -41.58 591.80
v -649.08 -39.60 591.93
v -652.58 -38.15 592.00
v -656.27 -37.26 592.00
v -660.05 -36.98 592.22
v -663.83 -37.27 592.09
v -667.51 -38.14 591.91
v -671.01 -39.57 591.67
v -674.24 -41.54 591.39
v -677.12 -43.98 591.06
v -679.58 -46.84 590.71
v -681.56 -50.05 590.32
v -683.01 -53.52 589.93
v -683.90 -57.19 589.53
v -684.19 -60.94 589.13
v -683.90 -64.70 588.75
v -683.01 -68.37 588.39
v -681.56 -71.86 588.07
v -679.58 -75.08 587.78
v -677.12 -77.95 587.55
v -674.24 -80.40 587.37
v -671.01 -82.38 587.24
v -667.51 -83.83 587.18
v -663.83 -84.72 587.18
v -660.05 -85.03 587.25
v -656.27 -84.74 587.37
v -652.59 -83.87 587.55
v -649.09 -82.44 587.79
v -645.86 -80.48 588.07
v -642.98 -78.04 588.40
v -640.52 -75.18 588.76
v -638.54 -71.97 589.14
v -637.09 -68.49 589.53
v -636.21 -64.83 589.93
v -635.91 -61.07 590.33
v -636.21 -57.31 590.71
v -637.09 -53.64 591.07
v -638.54 -50.16 591.39
v -640.52 -46.94 591.68
v -642.98 -44.06 591.91
v -645.86 -41.61 592.09
v -649.09 -39.63 592.22
v -652.59 -38.18 592.28
v -656.27 -37.29 592.28
v -660.06 -37.01 592.48
v -663.83 -37.30 592.35
v -667.52 -38.17 592.16
v -671.02 -39.60 591.92
v -674.25 -41.56 591.63
v -677.13 -44.00 591.30
v -679.59 -46.86 590.94
v -681.57 -50.07 590.56
v -683.02 -53.55 590.16
v -683.90 -57.21 589.75
v -684.20 -60.97 589.36
v -683.90 -64.73 588.98
v -683.02 -68.39 588.62
v -681.57 -71.88 588.30
v -679.59 -75.10 588.02
v -677.13 -77.97 587.79
v -674.25 -80.43 587.61
v -671.02 -82.41 587.49
v -667.52 -83.86 587.44
v -663.83 -84.75 587.44
v -660.06 -85.06 587.51
v -656.28 -84.77 587.64
v -652.60 -83.90 587.83
v -649.10 -82.47 588.08
v -645.87 -80.51 588.36
v -642.99 -78.07 588.69
v -640.53 -75.21 589.06
v -638.55 -72.00 589.44
v -637.10 -68.52 589.84
v -636.21 -64.86 590.24
v -635.92 -61.10 590.64
v -636.21 -57.34 591.02
v -637.10 -53.67 591.38
v -638.55 -50.19 591.70
v -640.53 -46.97 591.98
v -642.99 -44.10 592.21
v -645.87 -41.64 592.39
v -649.10 -39.66 592.50
v -652.60 -38.21 592.56
v -656.28 -37.32 592.55
v -660.06 -37.04 592.75
v -663.84 -37.32 592.61
v -667.52 -38.19 592.42
v -671.02 -39.63 592.17
v -674.25 -41.59 591.88
v -677.13 -44.03 591.54
v -679.59 -46.89 591.18
v -681.57 -50.09 590.79
v -683.02 -53.57 590.39
v -683.91 -57.23 589.98
v -684.21 -60.99 589.59
v -683.91 -64.75 589.21
v -683.02 -68.42 588.85
v -681.57 -71.90 588.53
v -679.59 -75.12 588.26
v -677.13 -78.00 588.03
v -674.25 -80.45 587.86
v -671.02 -82.43 587.74
v -667.52 -83.89 587.69
v -663.84 -84.78 587.71
v -660.06 -85.08 587.78
v -656.29 -84.80 587.92
v -652.61 -83.93 588.11
v -649.11 -82.50 588.36
v -645.88 -80.54 588.66
v -643.00 -78.10 588.99
v -640.53 -75.24 589.36
v -638.56 -72.03 589.74
v -637.11 -68.55 590.15
v -636.22 -64.89 590.55
v -635.92 -61.13 590.95
v -636.22 -57.37 591.33
v -637.11 -53.71 591.68
v -638.56 -50.22 592.00
v -640.53 -47.00 592.28
v -643.00 -44.13 592.50
v -645.88 -41.67 592.68
v -649.11 -39.69 592.79
v -652.61 -38.24 592.84
v -656.29 -37.35 592.83
v -660.07 -37.07 593.02
v -663.85 -37.35 592.88
v -667.53 -38.22 592.68
v -671.03 -39.65 592.42
v -674.26 -41.61 592.12
v -677.14 -44.05 591.78
v -679.60 -46.91 591.41
v -681.58 -50.12 591.02
v -683.03 -53.60 590.62
v -683.91 -57.26 590.21
v -684.21 -61.02 589.81
v -683.91 -64.77 589.43
v -683.03 -68.44 589.08
v -681.58 -71.93 588.76
v -679.60 -75.15 588.49
v -677.14 -78.02 588.27
v -674.26 -80.48 588.10
v -671.03 -82.46 587.99
v -667.53 -83.91 587.95
v -663.85 -84.80 587.97
v -660.07 -85.11 588.05
v -656.30 -84.83 588.19
v -652.61 -83.96 588.39
v -649.11 -82.53 588.65
v -645.88 -80.57 588.95
v -643.00 -78.13 589.29
v -640.54 -75.27 589.66
v -638.56 -72.06 590.05
v -637.12 -68.58 590.45
v -636.23 -64.92 590.86
v -635.93 -61.16 591.25
v -636.23 -57.41 591.63
v -637.12 -53.74 591.99
v -638.56 -50.25 592.30
v -640.54 -47.03 592.58
v -643.00 -44.16 592.80
v -645.88 -41.70 592.97
v -649.11 -39.72 593.08
v -652.61 -38.27 593.12
v -656.30 -37.38 593.10
v -660.08 -37.10 593.29
v -663.86 -37.38 593.14
v -667.54 -38.25 592.93
v -671.04 -39.68 592.67
v -674.27 -41.64 592.37
v -677.15 -44.08 592.02
v -679.61 -46.93 591.65
v -681.59 -50.14 591.25
v -683.04 -53.62 590.85
v -683.92 -57.28 590.44
v -684.22 -61.04 590.04
v -683.92 -64.80 589.66
v -683.04 -68.47 589.31
v -681.59 -71.95 589.00
v -679.61 -75.17 588.73
v -677.15 -78.05 588.51
v -674.27 -80.51 588.34
v -671.04 -82.49 588.24
v -667.54 -83.94 588.20
v -663.86 -84.83 588.23
v -660.08 -85.14 588.32
v -656.31 -84.86 588.47
v -652.62 -83.99 588.67
v -649.12 -82.56 588.93
v -645.89 -80.60 589.24
v -643.01 -78.16 589.58
v -640.55 -75.30 589.96
v -638.57 -72.09 590.35
v -637.12 -68.62 590.76
v -636.24 -64.95 591.16
v -635.94 -61.20 591.56
v -636.24 -57.44 591.94
v -637.12 -53.77 592.29
v -638.57 -50.28 592.61
v -640.55 -47.06 592.88
v -643.01 -44.19 593.10
v -645.89 -41.73 593.26
v -649.12 -39.75 593.36
v -652.62 -38.30 593.40
v -656.31 -37.40 593.38
v -660.09 -37.12 593.56
v -663.87 -37.41 593.40
v -667.55 -38.27 593.19
v -671.05 -39.70 592.92
v -674.28 -41.66 592.61
v -677.16 -44.10 592.26
v -679.62 -46.96 591.88
v -681.60 -50.17 591.49
v -683.05 -53.64 591.08
v -683.93 -57.31 590.67
v -684.23 -61.06 590.27
v -683.93 -64.82 589.89
v -683.05 -68.49 589.54
v -681.60 -71.98 589.23
v -679.62 -75.20 588.96
v -677.16 -78.07 588.75
v -674.28 -80.53 588.59
v -671.05 -82.51 588.49
v -667.55 -83.97 588.46
v -663.87 -84.86 588.49
v -660.09 -85.17 588.59
v -656.31 -84.88 588.74
v -652.63 -84.02 588.95
v -649.13 -82.59 589.22
v -645.90 -80.63 589.53
v -643.02 -78.19 589.88
v -640.56 -75.33 590.26
v -638.58 -72.12 590.66
v -637.13 -68.65 591.06
v -636.25 -64.98 591.47
v -635.95 -61.23 591.87
v -636.25 -57.47 592.25
v -637.13 -53.80 592.60
v -638.58 -50.31 592.91
v -640.56 -47.09 593.18
v -643.02 -44.22 593.39
v -645.90 -41.76 593.55
v -649.13 -39.78 593.65
v -652.63 -38.32 593.68
v -656.31 -37.43 593.65
v -660.10 -37.15 593.82
v -663.87 -37.43 593.66
v -667.56 -38.30 593.44
v -671.06 -39.73 593.17
v -674.29 -41.69 592.85
v -677.17 -44.13 592.50
v -679.62 -46.98 592.12
v -681.60 -50.19 591.72
v -683.05 -53.67 591.31
v -683.94 -57.33 590.90
v -684.23 -61.09 590.50
v -683.94 -64.84 590.12
v -683.05 -68.51 589.77
v -681.60 -72.00 589.46
v -679.62 -75.22 589.20
v -677.17 -78.10 588.99
v -674.29 -80.56 588.83
v -671.06 -82.54 588.74
v -667.56 -83.99 588.71
v -663.87 -84.89 588.75
v -660.10 -85.19 588.85
v -656.32 -84.91 589.02
v -652.64 -84.05 589.23
v -649.14 -82.62 589.51
v -645.91 -80.66 589.82
v -643.03 -78.22 590.18
v -640.57 -75.36 590.56
v -638.59 -72.16 590.96
v -637.15 -68.68 591.37
v -636.26 -65.02 591.78
v -635.96 -61.26 592.18
v -636.26 -57.50 592.56
v -637.15 -53.83 592.91
v -638.59 -50.34 593.21
v -640.57 -47.12 593.48
v -643.03 -44.25 593.69
v -645.91 -41.79 593.84
v -649.14 -39.81 593.93
v -652.64 -38.35 593.96
v -656.32 -37.46 593.92
v -660.11 -37.18 594.09
v -663.88 -37.46 593.92
v -667.57 -38.33 593.70
v -671.07 -39.76 593.42
v -674.29 -41.71 593.10
v -677.17 -44.15 592.74
v -679.63 -47.01 592.35
v -681.61 -50.21 591.95
v -683.06 -53.69 591.54
v -683.95 -57.35 591.13
v -684.24 -61.11 590.73
v -683.95 -64.87 590.35
v -683.06 -68.54 590.00
v -681.61 -72.03 589.69
v -679.63 -75.25 589.43
v -677.17 -78.12 589.23
v -674.29 -80.58 589.08
v -671.07 -82.56 588.99
v -667.57 -84.02 588.97
v -663.88 -84.91 589.01
v -660.11 -85.22 589.12
v -656.33 -84.94 589.29
v -652.65 -84.07 589.51
v -649.15 -82.65 589.79
v -645.92 -80.69 590.11
v -643.04 -78.25 590.47
v -640.58 -75.39 590.86
v -638.61 -72.19 591.26
v -637.16 -68.71 591.68
v -636.27 -65.05 592.09
v -635.97 -61.29 592.49
v -636.27 -57.53 592.86
v -637.16 -53.86 593.21
v -638.61 -50.38 593.52
v -640.58 -47.15 593.78
v -643.04 -44.28 593.99
v -645.92 -41.82 594.13
v -649.15 -39.84 594.22
v -652.65 -38.38 594.24
v -656.33 -37.49 594.20
v -660.12 -37.21 594.36
v -663.89 -37.49 594.18
v -667.58 -38.35 593.95
v -671.07 -39.78 593.67
v -674.30 -41.74 593.34
v -677.18 -44.18 592.98
v -679.64 -47.03 592.59
v -681.62 -50.24 592.18
v -683.07 -53.71 591.77
v -683.95 -57.38 591.35
v -684.25 -61.13 590.95
v -683.95 -64.89 590.58
v -683.07 -68.56 590.23
v -681.62 -72.05 589.93
v -679.64 -75.27 589.67
v -677.18 -78.15 589.47
v -674.30 -80.61 589.32
v -671.07 -82.59 589.24
v -667.58 -84.04 589.23
v -663.89 -84.94 589.28
v -660.12 -85.25 589.39
v -656.34 -84.97 589.56
v -652.66 -84.10 589.79
v -649.16 -82.68 590.08
v -645.93 -80.72 590.40
v -643.05 -78.28 590.77
v -640.60 -75.43 591.16
v -638.62 -72.22 591.57
v -637.17 -68.74 591.98
v -636.28 -65.08 592.39
v -635.99 -61.32 592.79
v -636.28 -57.56 593.17
v -637.17 -53.90 593.52
v -638.62 -50.41 593.82
v -640.60 -47.19 594.08
v -643.05 -44.31 594.28
v -645.93 -41.85 594.43
v -649.16 -39.87 594.51
v -652.66 -38.41 594.52
v -656.34 -37.52 594.47
v -660.13 -37.23 594.63
v -663.90 -37.51 594.45
v -667.59 -38.38 594.21
v -671.08 -39.81 593.92
v -674.31 -41.76 593.59
v -677.19 -44.20 593.22
v -679.65 -47.06 592.83
v -681.63 -50.26 592.41
v -683.08 -53.74 592.00
v -683.96 -57.40 591.58
v -684.26 -61.16 591.18
v -683.96 -64.92 590.80
v -683.08 -68.58 590.46
v -681.63 -72.07 590.16
v -679.65 -75.30 589.90
v -677.19 -78.17 589.71
v -674.31 -80.63 589.57
v -671.08 -82.61 589.49
v -667.59 -84.07 589.48
v -663.90 -84.97 589.54
v -660.13 -85.28 589.66
v -656.35 -85.00 589.84
v -652.67 -84.13 590.07
v -649.17 -82.70 590.36
v -645.95 -80.75 590.70
v -643.07 -78.31 591.06
v -640.61 -75.46 591.46
v -638.63 -72.25 591.87
v -637.18 -68.77 592.29
v -636.30 -65.11 592.70
v -636.00 -61.36 593.10
v -636.30 -57.60 593.48
v -637.18 -53.93 593.82
v -638.63 -50.44 594.13
v -640.61 -47.22 594.38
v -643.07 -44.34 594.58
v -645.95 -41.88 594.72
v -649.17 -39.90 594.79
v -652.67 -38.44 594.80
v -656.35 -37.55 594.75
v -660.14 -37.26 594.89
v -663.91 -37.54 594.71
v -667.60 -38.41 594.46
v -671.09 -39.83 594.17
v -674.32 -41.79 593.83
v -677.20 -44.22 593.46
v -679.66 -47.08 593.06
v -681.64 -50.29 592.65
v -683.09 -53.76 592.23
v -683.97 -57.42 591.81
v -684.27 -61.18 591.41
v -683.97 -64.94 591.03
v -683.09 -68.61 590.69
v -681.64 -72.10 590.39
v -679.66 -75.32 590.14
v -677.20 -78.20 589.94
v -674.32 -80.66 589.81
v -671.09 -82.64 589.74
v -667.60 -84.10 589.74
v -663.91 -84.99 589.80
v -660.14 -85.31 589.92
v -656.37 -85.03 590.11
v -652.68 -84.16 590.36
v -649.19 -82.73 590.65
v -645.96 -80.78 590.99
v -643.08 -78.34 591.36
v -640.62 -75.49 591.76
v -638.64 -72.28 592.17
v -637.19 -68.81 592.59
v -636.31 -65.14 593.01
v -636.01 -61.39 593.41
v -636.31 -57.63 593.79
v -637.19 -53.96 594.13
v -638.64 -50.47 594.43
v -640.62 -47.25 594.68
v -643.08 -44.37 594.87
v -645.96 -41.91 595.01
v -649.19 -39.93 595.08
v -652.68 -38.47 595.08
v -656.37 -37.57 595.02
v -660.15 -37.29 595.16
v -663.93 -37.57 594.97
v -667.61 -38.43 594.72
v -671.11 -39.86 594.42
v -674.33 -41.81 594.08
v -677.21 -44.25 593.70
v -679.67 -47.10 593.30
v -681.65 -50.31 592.88
v -683.10 -53.79 592.46
v -683.98 -57.45 592.04
v -684.28 -61.20 591.64
v -683.98 -64.96 591.26
v -683.10 -68.63 590.92
v -681.65 -72.12 590.62
v -679.67 -75.34 590.37
v -677.21 -78.22 590.18
v -674.33 -80.68 590.06
v -671.11 -82.67 589.99
v -667.61 -84.12 589.99
v -663.93 -85.02 590.06
v -660.15 -85.33 590.19
v -656.38 -85.05 590.39
v -652.70 -84.19 590.64
v -649.20 -82.76 590.94
v -645.97 -80.81 591.28
v -643.09 -78.37 591.66
v -640.63 -75.52 592.06
v -638.65 -72.31 592.48
v -637.21 -68.84 592.90
v -636.32 -65.18 593.32
v -636.02 -61.42 593.72
v -636.32 -57.66 594.09
v -637.21 -53.99 594.43
v -638.65 -50.50 594.73
v -640.63 -47.28 594.98
v -643.09 -44.40 595.17
v -645.97 -41.94 595.30
v -649.20 -39.96 595.36
v -652.70 -38.50 595.36
v -656.38 -37.60 595.29
v -660.16 -37.32 595.43
v -663.94 -37.60 595.23
v -667.62 -38.46 594.97
v -671.12 -39.88 594.67
v -674.34 -41.84 594.32
v -677.22 -44.27 593.94
v -679.68 -47.13 593.53
v -681.66 -50.33 593.11
v -683.11 -53.81 592.69
v -683.99 -57.47 592.27
v -684.29 -61.23 591.86
v -683.99 -64.99 591.49
v -683.11 -68.66 591.15
v -681.66 -72.15 590.85
v -679.68 -75.37 590.61
v -677.22 -78.25 590.42
v -674.34 -80.71 590.30
v -671.12 -82.69 590.24
v -667.62 -84.15 590.25
v -663.94 -85.05 590.32
v -660.16 -85.36 590.46
v -656.39 -85.08 590.66
v -652.71 -84.22 590.92
v -649.21 -82.79 591.22
v -645.98 -80.84 591.57
v -643.10 -78.40 591.95
v -640.65 -75.55 592.36
v -638.67 -72.34 592.78
v -637.22 -68.87 593.20
v -636.34 -65.21 593.62
v -636.04 -61.45 594.03
v -636.34 -57.69 594.40
v -637.22 -54.02 594.74
v -638.67 -50.53 595.04
v -640.65 -47.31 595.28
v -643.10 -44.43 595.47
v -645.98 -41.97 595.59
v -649.21 -39.99 595.65
v -652.71 -38.53 595.64
v -656.39 -37.63 595.57
v -660.18 -37.35 595.70
v -663.95 -37.62 595.49
v -667.63 -38.48 595.23
v -671.13 -39.91 594.92
v -674.36 -41.86 594.56
v -677.23 -44.30 594.18
v -679.69 -47.15 593.77
v -681.67 -50.36 593.34
v -683.12 -53.83 592.92
v -684.00 -57.49 592.49
v -684.30 -61.25 592.09
v -684.00 -65.01 591.72
v -683.12 -68.68 591.38
v -681.67 -72.17 591.09
v -679.69 -75.39 590.85
v -677.23 -78.27 590.66
v -674.36 -80.73 590.54
v -671.13 -82.72 590.49
v -667.63 -84.18 590.50
v -663.95 -85.07 590.58
v -660.18 -85.39 590.73
v -656.40 -85.11 590.93
v -652.72 -84.25 591.20
v -649.22 -82.82 591.51
v -646.00 -80.87 591.86
v -643.12 -78.43 592.25
v -640.66 -75.58 592.66
v -638.68 -72.38 593.08
v -637.23 -68.90 593.51
v -636.35 -65.24 593.93
v -636.05 -61.48 594.33
v -636.35 -57.72 594.71
v -637.23 -54.05 595.05
v -638.68 -50.56 595.34
v -640.66 -47.34 595.58
v -643.12 -44.46 595.76
v -646.00 -42.00 595.88
v -649.22 -40.02 595.94
v -652.72 -38.56 595.92
v -656.40 -37.66 595.84
v -660.19 -37.37 595.97
v -663.96 -37.65 595.75
v -667.64 -38.51 595.49
v -671.14 -39.94 595.17
v -674.37 -41.89 594.81
v -677.25 -44.32 594.42
v -679.70 -47.18 594.00
v -681.68 -50.38 593.57
v -683.13 -53.86 593.14
v -684.01 -57.52 592.72
v -684.31 -61.27 592.32
v -684.01 -65.03 591.95
v -683.13 -68.70 591.61
v -681.68 -72.19 591.32
v -679.70 -75.42 591.08
v -677.25 -78.30 590.90
v -674.37 -80.76 590.79
v -671.14 -82.74 590.74
v -667.64 -84.20 590.76
v -663.96 -85.10 590.84
v -660.19 -85.42 591.00
v -656.42 -85.14 591.21
v -652.73 -84.28 591.48
v -649.24 -82.85 591.79
v -646.01 -80.90 592.15
v -643.13 -78.47 592.54
v -640.67 -75.61 592.96
v -638.70 -72.41 593.39
v -637.25 -68.93 593.82
v -636.36 -65.27 594.24
v -636.07 -61.51 594.64
v -636.36 -57.76 595.02
v -637.25 -54.09 595.35
v -638.70 -50.60 595.64
v -640.67 -47.37 595.88
v -643.13 -44.49 596.06
v -646.01 -42.03 596.17
v -649.24 -40.05 596.22
v -652.73 -38.59 596.20
v -656.42 -37.69 596.12
v -660.20 -37.40 596.23
v -663.98 -37.68 596.01
v -667.66 -38.54 595.74
v -671.15 -39.96 595.42
v -674.38 -41.92 595.05
v -677.26 -44.35 594.66
v -679.72 -47.20 594.24
v -681.69 -50.41 593.81
v -683.14 -53.88 593.37
v -684.02 -57.54 592.95
v -684.32 -61.30 592.55
v -684.02 -65.06 592.17
v -683.14 -68.73 591.84
v -681.69 -72.22 591.55
v -679.72 -75.44 591.32
v -677.26 -78.32 591.14
v -674.38 -80.78 591.03
v -671.15 -82.77 590.99
v -667.66 -84.23 591.01
v -663.98 -85.13 591.11
v -660.20 -85.44 591.26
v -656.43 -85.17 591.48
v -652.75 -84.31 591.76
v -649.25 -82.88 592.08
v -646.02 -80.93 592.44
v -643.15 -78.50 592.84
v -640.69 -75.64 593.26
v -638.71 -72.44 593.69
v -637.26 -68.96 594.12
v -636.38 -65.30 594.54
v -636.08 -61.55 594.95
v -636.38 -57.79 595.32
v -637.26 -54.12 595.66
v -638.71 -50.63 595.95
v -640.69 -47.40 596.18
v -643.15 -44.52 596.35
v -646.02 -42.06 596.46
v -649.25 -40.08 596.51
v -652.75 -38.61 596.48
v -656.43 -37.72 596.39
v -660.22 -37.43 596.50
v -663.99 -37.70 596.28
v -667.67 -38.56 596.00
v -671.16 -39.99 595.67
v -674.39 -41.94 595.30
v -677.27 -44.37 594.90
v -679.73 -47.23 594.47
v -681.70 -50.43 594.04
v -683.15 -53.90 593.60
v -684.04 -57.57 593.18
v -684.33 -61.32 592.78
v -684.04 -65.08 592.40
v -683.15 -68.75 592.07
v -681.70 -72.24 591.78
v -679.73 -75.47 591.55
v -677.27 -78.35 591.38
v -674.39 -80.81 591.28
v -671.16 -82.80 591.24
v -667.67 -84.26 591.27
v -663.99 -85.16 591.37
v -660.22 -85.47 591.53
v -656.44 -85.20 591.76
v -652.76 -84.34 592.04
v -649.27 -82.91 592.36
v -646.04 -80.96 592.73
v -643.16 -78.53 593.14
v -640.70 -75.67 593.56
v -638.73 -72.47 593.99
v -637.28 -69.00 594.43
v -636.39 -65.33 594.85
v -636.10 -61.58 595.26
v -636.39 -57.82 595.63
v -637.28 -54.15 595.96
v -638.73 -50.66 596.25
v -640.70 -47.43 596.48
v -643.16 -44.55 596.65
v -646.04 -42.09 596.76
v -649.27 -40.10 596.79
v -652.76 -38.64 596.76
v -656.44 -37.74 596.66
v -660.23 -37.46 596.77
v -664.00 -37.73 596.54
v -667.68 -38.59 596.25
v -671.18 -40.01 595.92
v -674.40 -41.97 595.54
v -677.28 -44.40 595.14
v -679.74 -47.25 594.71
v -681.72 -50.45 594.28
v -683.17 -53.93 593.84
v -684.05 -57.59 593.41
v -684.35 -61.35 593.01
v -684.05 -65.11 592.64
v -683.17 -68.78 592.30
v -681.72 -72.27 592.02
v -679.74 -75.49 591.79
v -677.28 -78.37 591.63
v -674.40 -80.83 591.52
v -671.18 -82.82 591.49
v -667.68 -84.28 591.53
v -664.00 -85.18 591.63
v -660.23 -85.50 591.80
v -656.46 -85.22 592.03
v -652.78 -84.36 592.31
v -649.28 -82.94 592.65
v -646.05 -80.99 593.02
v -643.18 -78.56 593.43
v -640.72 -75.70 593.85
v -638.74 -72.50 594.29
v -637.29 -69.03 594.73
v -636.41 -65.37 595.15
v -636.11 -61.61 595.56
v -636.41 -57.85 595.93
v -637.29 -54.18 596.26
v -638.74 -50.69 596.55
v -640.72 -47.46 596.78
v -643.18 -44.58 596.94
v -646.05 -42.12 597.04
v -649.28 -40.13 597.08
v -652.78 -38.67 597.04
v -656.46 -37.77 596.94
v -677.45 -70.81 919.17
v -681.22 -71.08 918.94
v -684.90 -71.94 918.66
v -688.40 -73.37 918.32
v -691.62 -75.32 917.95
v -694.50 -77.75 917.55
v -696.96 -80.60 917.12
v -698.94 -83.81 916.69
v -700.39 -87.28 916.25
v -701.27 -90.94 915.83
v -701.57 -94.70 915.42
v -701.27 -98.46 915.05
v -700.39 -102.13 914.72
v -698.94 -105.62 914.43
v -696.96 -108.84 914.20
v -694.50 -111.72 914.03
v -691.62 -114.19 913.93
v -688.40 -116.17 913.90
v -684.90 -117.63 913.93
v -681.22 -118.53 914.03
v -677.45 -118.85 914.20
v -673.68 -118.58 914.42
v -670.00 -117.72 914.71
v -666.50 -116.29 915.04
v -663.27 -114.34 915.41
v -660.40 -111.91 915.81
v -657.94 -109.05 916.24
v -655.96 -105.85 916.67
v -654.51 -102.38 917.11
v -653.63 -98.72 917.53
v -653.33 -94.96 917.94
v -653.63 -91.20 918.31
v -654.51 -87.53 918.64
v -655.96 -84.04 918.93
v -657.94 -80.81 919.16
v -660.40 -77.93 919.33
v -663.27 -75.47 919.43
v -666.50 -73.48 919.47
v -670.00 -72.02 919.43
v -673.68 -71.12 919.33
v -677.48 -71.33 924.22
v -681.26 -71.63 924.22
v -684.94 -72.51 924.17
v -688.44 -73.96 924.05
v -691.68 -75.93 923.88
v -694.56 -78.38 923.65
v -697.02 -81.25 923.38
v -699.00 -84.47 923.06
v -700.45 -87.95 922.72
v -701.33 -91.62 922.35
v -701.63 -95.38 921.96
v -701.33 -99.13 921.57
v -700.45 -102.80 921.18
v -699.00 -106.28 920.81
v -697.02 -109.49 920.46
v -694.56 -112.35 920.14
v -691.68 -114.80 919.86
v -688.44 -116.77 919.62
v -684.94 -118.20 919.44
v -681.26 -119.08 919.31
v -677.48 -119.37 919.25
v -673.70 -119.07 919.24
v -670.02 -118.19 919.30
v -666.52 -116.74 919.41
v -663.29 -114.77 919.59
v -660.40 -112.32 919.81
v -657.94 -109.45 920.09
v -655.96 -106.24 920.40
v -654.51 -102.75 920.75
v -653.63 -99.09 921.12
v -653.33 -95.33 921.50
v -653.63 -91.57 921.90
v -654.51 -87.91 922.28
v -655.96 -84.42 922.66
v -657.94 -81.21 923.01
v -660.40 -78.35 923.33
v -663.29 -75.90 923.61
v -666.52 -73.94 923.84
v -670.02 -72.50 924.03
v -673.70 -71.62 924.15
v -677.35 -71.85 929.27
v -681.13 -72.16 929.39
v -684.81 -73.06 929.45
v -688.31 -74.52 929.44
v -691.54 -76.50 929.37
v -694.42 -78.96 929.23
v -696.87 -81.84 929.04
v -698.85 -85.06 928.79
v -700.30 -88.55 928.48
v -701.19 -92.22 928.14
v -701.48 -95.98 927.76
v -701.19 -99.73 927.36
v -700.30 -103.39 926.95
v -698.85 -106.87 926.53
v -696.87 -110.08 926.12
v -694.42 -112.93 925.72
v -691.54 -115.37 925.35
v -688.31 -117.32 925.01
v -684.81 -118.75 924.72
v -681.13 -119.62 924.48
v -677.35 -119.90 924.30
v -673.58 -119.58 924.17
v -669.90 -118.69 924.12
v -666.40 -117.23 924.12
v -663.17 -115.25 924.19
v -660.29 -112.79 924.33
v -657.83 -109.91 924.53
v -655.85 -106.69 924.78
v -654.40 -103.20 925.08
v -653.52 -99.53 925.42
v -653.22 -95.77 925.80
v -653.52 -92.02 926.20
v -654.40 -88.35 926.62
v -655.85 -84.88 927.04
v -657.83 -81.67 927.45
v -660.29 -78.82 927.85
v -663.17 -76.38 928.22
v -666.40 -74.42 928.55
v -669.90 -73.00 928.84
v -673.58 -72.13 929.08
v -677.07 -72.37 934.31
v -680.83 -72.70 934.55
v -684.51 -73.61 934.73
v -688.00 -75.07 934.83
v -691.22 -77.07 934.86
v -694.10 -79.54 934.81
v -696.55 -82.42 934.69
v -698.53 -85.65 934.50
v -699.97 -89.14 934.24
v -700.86 -92.82 933.93
v -701.15 -96.58 933.56
v -700.86 -100.33 933.15
v -699.97 -103.99 932.71
v -698.53 -107.46 932.24
v -696.55 -110.66 931.77
v -694.10 -113.51 931.30
v -691.22 -115.94 930.84
v -688.00 -117.88 930.40
v -684.51 -119.30 930.00
v -680.83 -120.15 929.64
v -677.07 -120.42 929.34
v -673.30 -120.09 929.10
v -669.62 -119.19 928.93
v -666.13 -117.72 928.82
v -662.91 -115.72 928.80
v -660.03 -113.25 928.84
v -657.58 -110.37 928.96
v -655.60 -107.14 929.15
v -654.16 -103.65 929.41
v -653.28 -99.98 929.72
v -652.98 -96.22 930.09
v -653.28 -92.46 930.50
v -654.16 -88.80 930.94
v -655.60 -85.33 931.41
v -657.58 -82.13 931.88
v -660.03 -79.28 932.36
v -662.91 -76.86 932.82
v -666.13 -74.91 933.25
v -669.62 -73.49 933.65
v -673.30 -72.64 934.01
v -676.62 -72.89 939.34
v -680.38 -73.23 939.70
v -684.04 -74.15 939.99
v -687.52 -75.63 940.20
v -690.74 -77.63 940.33
v -693.60 -80.11 940.37
v -696.05 -83.00 940.33
v -698.02 -86.24 940.20
v -699.46 -89.74 939.99
v -700.34 -93.41 939.70
v -700.64 -97.17 939.35
v -700.34 -100.93 938.93
v -699.46 -104.58 938.46
v -698.02 -108.05 937.95
v -696.05 -111.24 937.41
v -693.60 -114.08 936.86
v -690.74 -116.50 936.31
v -687.52 -118.44 935.77
v -684.04 -119.84 935.26
v -680.38 -120.68 934.79
v -676.62 -120.94 934.37
v -672.86 -120.60 934.01
v -669.20 -119.68 933.73
v -665.71 -118.20 933.52
v -662.50 -116.20 933.39
v -659.63 -113.72 933.34
v -657.19 -110.83 933.39
v -655.22 -107.59 933.51
v -653.77 -104.09 933.73
v -652.89 -100.42 934.01
v -652.60 -96.66 934.37
v -652.89 -92.90 934.79
v -653.77 -89.25 935.26
v -655.22 -85.78 935.77
v -657.19 -82.59 936.31
v -659.63 -79.75 936.86
v -662.50 -77.33 937.41
v -665.71 -75.40 937.94
v -669.20 -73.99 938.45
v -672.86 -73.15 938.92
v -676.01 -73.41 944.36
v -679.76 -73.76 944.83
v -683.41 -74.69 945.24
v -686.88 -76.18 945.56
v -690.08 -78.20 945.79
v -692.93 -80.69 945.92
v -695.37 -83.59 945.95
v -697.34 -86.83 945.89
v -698.77 -90.33 945.72
v -699.65 -94.01 945.46
v -699.94 -97.77 945.11
v -699.65 -101.52 944.68
v -698.77 -105.18 944.18
v -697.34 -108.64 943.63
v -695.37 -111.83 943.03
v -692.93 -114.66 942.41
v -690.08 -117.07 941.77
v -686.88 -118.99 941.13
v -683.41 -120.38 940.51
v -679.76 -121.21 939.93
v -676.01 -121.46 939.39
v -672.27 -121.11 938.91
v -668.62 -120.18 938.51
v -665.15 -118.69 938.19
v -661.95 -116.67 937.96
v -659.09 -114.18 937.83
v -656.65 -111.28 937.80
v -654.69 -108.04 937.86
v -653.26 -104.54 938.03
v -652.38 -100.86 938.29
v -652.08 -97.10 938.64
v -652.38 -93.35 939.07
v -653.26 -89.69 939.56
v -654.69 -86.23 940.12
v -656.65 -83.04 940.72
v -659.09 -80.21 941.34
v -661.95 -77.80 941.98
v -665.15 -75.88 942.62
v -668.62 -74.49 943.24
v -672.27 -73.66 943.82
v -675.25 -73.93 949.35
v -678.98 -74.29 949.95
v -682.61 -75.23 950.46
v -686.06 -76.74 950.89
v -689.25 -78.76 951.22
v -692.09 -81.26 951.44
v -694.52 -84.17 951.55
v -696.47 -87.41 951.54
v -697.90 -90.92 951.42
v -698.77 -94.60 951.19
v -699.07 -98.36 950.85
v -698.77 -102.12 950.41
v -697.90 -105.77 949.89
v -696.47 -109.22 949.29
v -694.52 -112.40 948.63
v -692.09 -115.23 947.93
v -689.25 -117.63 947.20
v -686.06 -119.54 946.46
v -682.61 -120.93 945.74
v -678.98 -121.74 945.04
v -675.25 -121.97 944.38
v -671.53 -121.61 943.79
v -667.89 -120.67 943.27
v -664.44 -119.17 942.85
v -661.25 -117.14 942.52
v -658.41 -114.65 942.29
v -655.98 -111.74 942.19
v -654.03 -108.49 942.19
v -652.60 -104.98 942.31
v -651.73 -101.30 942.55
v -651.44 -97.54 942.89
v -651.73 -93.79 943.32
v -652.60 -90.14 943.85
v -654.03 -86.68 944.45
v -655.98 -83.50 945.11
v -658.41 -80.67 945.81
v -661.25 -78.28 946.54
v -664.44 -76.36 947.27
v -667.89 -74.98 948.00
v -671.53 -74.16 948.70
v -674.33 -74.44 954.32
v -678.03 -74.82 955.03
v -681.65 -75.77 955.66
v -685.08 -77.28 956.19
v -688.25 -79.32 956.62
v -691.07 -81.83 956.93
v -693.49 -84.74 957.12
v -695.43 -88.00 957.17
v -696.85 -91.51 957.10
v -697.72 -95.19 956.89
v -698.01 -98.95 956.56
v -697.72 -102.71 956.11
v -696.85 -106.35 955.56
v -695.43 -109.81 954.92
v -693.49 -112.98 954.20
v -691.07 -115.80 953.42
v -688.25 -118.19 952.60
v -685.08 -120.09 951.77
v -681.65 -121.46 950.93
v -678.03 -122.27 950.12
v -674.33 -122.49 949.35
v -670.63 -122.12 948.64
v -667.01 -121.16 948.01
v -663.58 -119.65 947.48
v -660.41 -117.61 947.05
v -657.59 -115.11 946.74
v -655.17 -112.19 946.55
v -653.23 -108.94 946.50
v -651.81 -105.42 946.57
v -650.94 -101.74 946.78
v -650.65 -97.98 947.11
v -650.94 -94.23 947.56
v -651.81 -90.58 948.11
v -653.23 -87.12 948.75
v -655.17 -83.95 949.47
v -657.59 -81.13 950.25
v -660.41 -78.74 951.07
v -663.58 -76.84 951.90
v -667.01 -75.47 952.74
v -670.63 -74.66 953.55
v -673.25 -74.95 959.26
v -676.93 -75.34 960.08
v -680.52 -76.30 960.82
v -683.93 -77.83 961.47
v -687.08 -79.87 961.99
v -689.88 -82.39 962.39
v -692.28 -85.31 962.65
v -694.21 -88.57 962.77
v -695.62 -92.09 962.73
v -696.48 -95.78 962.56
v -696.77 -99.54 962.23
v -696.48 -103.29 961.78
v -695.62 -106.94 961.20
v -694.21 -110.39 960.51
v -692.28 -113.55 959.73
v -689.88 -116.36 958.88
v -687.08 -118.74 957.97
v -683.93 -120.64 957.04
v -680.52 -122.00 956.10
v -676.93 -122.79 955.17
v -673.25 -123.00 954.29
v -669.57 -122.61 953.46
v -665.99 -121.65 952.72
v -662.58 -120.12 952.08
v -659.43 -118.08 951.55
v -656.62 -115.56 951.15
v -654.23 -112.64 950.89
v -652.30 -109.38 950.78
v -650.89 -105.86 950.81
v -650.03 -102.18 950.99
v -649.74 -98.41 951.31
v -650.03 -94.66 951.76
v -650.89 -91.02 952.34
v -652.30 -87.57 953.03
v -654.23 -84.40 953.81
v -656.62 -81.59 954.67
v -659.43 -79.21 955.57
v -662.58 -77.32 956.51
v -665.99 -75.96 957.45
v -669.57 -75.16 958.37
v -672.02 -75.46 964.16
v -675.67 -75.86 965.09
v -679.23 -76.84 965.95
v -682.61 -78.37 966.70
v -685.74 -80.43 967.32
v -688.52 -82.95 967.81
v -690.90 -85.88 968.14
v -692.81 -89.15 968.32
v -694.21 -92.67 968.33
v -695.07 -96.36 968.18
v -695.35 -100.12 967.87
v -695.07 -103.87 967.40
v -694.21 -107.52 966.79
v -692.81 -110.96 966.06
v -690.90 -114.12 965.22
v -688.52 -116.92 964.29
v -685.74 -119.29 963.30
v -682.61 -121.18 962.27
v -679.23 -122.53 961.22
v -675.67 -123.31 960.19
v -672.02 -123.50 959.19
v -668.37 -123.11 958.25
v -664.81 -122.13 957.39
v -661.43 -120.60 956.64
v -658.31 -118.54 956.02
v -655.52 -116.02 955.53
v -653.14 -113.08 955.20
v -651.23 -109.82 955.02
v -649.83 -106.30 955.01
v -648.98 -102.61 955.16
v -648.69 -98.84 955.48
v -648.98 -95.09 955.94
v -649.83 -91.45 956.55
v -651.23 -88.01 957.28
v -653.14 -84.85 958.12
v -655.52 -82.04 959.05
v -658.31 -79.67 960.04
v -661.43 -77.79 961.07
v -664.81 -76.44 962.12
v -668.37 -75.66 963.16
v -670.64 -75.96 969.01
v -674.25 -76.37 970.07
v -677.78 -77.36 971.03
v -681.13 -78.91 971.88
v -684.23 -80.97 972.61
v -686.99 -83.51 973.18
v -689.34 -86.45 973.59
v -691.24 -89.72 973.82
v -692.63 -93.24 973.88
v -693.48 -96.94 973.75
v -693.76 -100.70 973.45
v -693.48 -104.45 972.98
v -692.63 -108.09 972.34
v -691.24 -111.53 971.57
v -689.34 -114.68 970.67
v -686.99 -117.48 969.67
v -684.23 -119.84 968.59
v -681.13 -121.71 967.46
v -677.78 -123.05 966.30
v -674.25 -123.82 965.16
v -670.64 -124.01 964.04
v -667.02 -123.60 962.99
v -663.49 -122.61 962.03
v -660.14 -121.06 961.17
v -657.04 -119.00 960.45
v -654.28 -116.47 959.88
v -651.93 -113.53 959.47
v -650.03 -110.25 959.23
v -648.64 -106.73 959.18
v -647.79 -103.04 959.30
v -647.51 -99.27 959.61
v -647.79 -95.52 960.08
v -648.64 -91.88 960.71
v -650.03 -88.44 961.49
v -651.93 -85.29 962.39
v -654.28 -82.49 963.39
v -657.04 -80.13 964.47
v -660.14 -78.26 965.60
v -663.49 -76.92 966.75
v -667.02 -76.15 967.90
v -669.10 -76.46 973.83
v -672.68 -76.88 974.99
v -676.17 -77.88 976.07
v -679.49 -79.44 977.02
v -682.55 -81.51 977.84
v -685.29 -84.06 978.50
v -687.62 -87.00 978.98
v -689.50 -90.28 979.28
v -690.87 -93.81 979.38
v -691.71 -97.51 979.28
v -691.99 -101.27 978.98
v -691.71 -105.02 978.50
v -690.87 -108.66 977.84
v -689.50 -112.09 977.02
v -687.62 -115.24 976.06
v -685.29 -118.03 974.99
v -682.55 -120.38 973.82
v -679.49 -122.25 972.60
v -676.17 -123.57 971.34
v -672.68 -124.33 970.08
v -669.10 -124.51 968.86
v -665.51 -124.09 967.69
v -662.02 -123.09 966.62
v -658.70 -121.53 965.66
v -655.64 -119.45 964.84
v -652.91 -116.91 964.18
v -650.57 -113.96 963.70
v -648.70 -110.68 963.40
v -647.32 -107.15 963.31
v -646.48 -103.46 963.41
v -646.20 -99.69 963.70
v -646.48 -95.94 964.18
v -647.32 -92.31 964.84
v -648.70 -88.87 965.66
v -650.57 -85.72 966.62
v -652.91 -82.94 967.69
v -655.64 -80.58 968.86
v -658.70 -78.72 970.09
v -662.02 -77.39 971.34
v -665.51 -76.63 972.60
v -667.41 -76.95 978.59
v -670.95 -77.39 979.86
v -674.40 -78.40 981.05
v -677.69 -79.96 982.11
v -680.72 -82.05 983.02
v -683.42 -84.60 983.77
v -685.73 -87.56 984.32
v -687.58 -90.84 984.67
v -688.94 -94.37 984.81
v -689.77 -98.07 984.74
v -690.05 -101.84 984.45
v -689.77 -105.59 983.96
v -688.94 -109.22 983.28
v -687.58 -112.65 982.42
v -685.73 -115.79 981.40
v -683.42 -118.57 980.25
v -680.72 -120.92 979.00
v -677.69 -122.77 977.68
v -674.40 -124.09 976.32
v -670.95 -124.84 974.95
v -667.41 -125.00 973.62
v -663.86 -124.57 972.34
v -660.41 -123.56 971.16
v -657.13 -121.99 970.10
v -654.10 -119.90 969.18
v -651.40 -117.35 968.44
v -649.09 -114.40 967.88
v -647.23 -111.11 967.53
v -645.87 -107.58 967.39
v -645.04 -103.88 967.46
v -644.76 -100.11 967.75
v -645.04 -96.36 968.24
v -645.87 -92.73 968.93
v -647.23 -89.30 969.79
v -649.09 -86.16 970.80
v -651.40 -83.38 971.95
v -654.10 -81.03 973.20
v -657.13 -79.18 974.52
v -660.41 -77.86 975.88
v -663.86 -77.11 977.25
v -665.57 -77.44 983.29
v -669.07 -77.88 984.68
v -672.48 -78.91 985.97
v -675.72 -80.48 987.13
v -678.71 -82.58 988.14
v -681.38 -85.14 988.97
v -683.66 -88.10 989.59
v -685.50 -91.39 990.00
v -686.84 -94.93 990.19
v -687.66 -98.63 990.14
v -687.93 -102.40 989.86
v -687.66 -106.15 989.36
v -686.84 -109.78 988.65
v -685.50 -113.20 987.75
v -683.66 -116.34 986.67
v -681.38 -119.11 985.45
v -678.71 -121.45 984.12
v -675.72 -123.29 982.70
v -672.48 -124.60 981.24
v -669.07 -125.34 979.77
v -665.57 -125.48 978.32
v -662.07 -125.04 976.94
v -658.66 -124.02 975.64
v -655.41 -122.44 974.48
v -652.42 -120.35 973.47
v -649.75 -117.79 972.65
v -647.47 -114.82 972.02
v -645.64 -111.53 971.61
v -644.29 -107.99 971.42
v -643.47 -104.30 971.47
v -643.20 -100.53 971.75
v -643.47 -96.78 972.25
v -644.29 -93.15 972.96
v -645.64 -89.72 973.86
v -647.47 -86.59 974.94
v -649.75 -83.81 976.16
v -652.42 -81.48 977.49
v -655.41 -79.63 978.91
v -658.66 -78.33 980.37
v -662.07 -77.59 981.84
v -663.58 -77.92 987.94
v -667.03 -78.38 989.43
v -670.40 -79.41 990.83
v -673.60 -81.00 992.09
v -676.55 -83.10 993.19
v -679.19 -85.67 994.10
v -681.44 -88.64 994.80
v -683.24 -91.94 995.27
v -684.57 -95.48 995.49
v -685.38 -99.18 995.47
v -685.65 -102.95 995.20
v -685.38 -106.70 994.70
v -684.57 -110.33 993.96
v -683.24 -113.75 993.01
v -681.44 -116.88 991.88
v -679.19 -119.64 990.59
v -676.55 -121.97 989.17
v -673.60 -123.80 987.66
v -670.40 -125.10 986.10
v -667.03 -125.83 984.52
v -663.58 -125.97 982.97
v -660.13 -125.51 981.47
v -656.76 -124.48 980.07
v -653.56 -122.89 978.81
v -650.61 -120.78 977.71
v -647.97 -118.22 976.80
v -645.73 -115.25 976.10
v -643.92 -111.95 975.63
v -642.59 -108.41 975.41
v -641.78 -104.70 975.43
v -641.51 -100.93 975.70
v -641.78 -97.19 976.21
v -642.59 -93.56 976.94
v -643.92 -90.14 977.89
v -645.73 -87.01 979.02
v -647.97 -84.24 980.31
v -650.61 -81.92 981.73
v -653.56 -80.08 983.24
v -656.76 -78.79 984.80
v -660.13 -78.06 986.38
v -661.45 -78.40 992.52
v -664.85 -78.86 994.12
v -668.17 -79.90 995.62
v -671.32 -81.50 996.98
v -674.23 -83.62 998.18
v -676.83 -86.19 999.17
v -679.04 -89.17 999.94
v -680.83 -92.47 1000.46
v -682.13 -96.02 1000.73
v -682.93 -99.73 1000.73
v -683.20 -103.50 1000.47
v -682.93 -107.24 999.95
v -682.13 -110.87 999.19
v -680.83 -114.28 998.20
v -679.04 -117.41 997.02
v -676.83 -120.17 995.66
v -674.23 -122.49 994.16
v -671.32 -124.31 992.56
v -668.17 -125.60 990.89
v -664.85 -126.31 989.21
v -661.45 -126.44 987.55
v -658.04 -125.97 985.94
v -654.73 -124.93 984.44
v -651.57 -123.33 983.08
v -648.66 -121.22 981.89
v -646.07 -118.64 980.89
v -643.85 -115.66 980.13
v -642.07 -112.36 979.60
v -640.76 -108.81 979.34
v -639.96 -105.11 979.33
v -639.70 -101.34 979.59
v -639.96 -97.59 980.11
v -640.76 -93.97 980.87
v -642.07 -90.55 981.86
v -643.85 -87.42 983.05
v -646.07 -84.67 984.41
v -648.66 -82.35 985.91
v -651.57 -80.52 987.51
v -654.73 -79.24 989.17
v -658.04 -78.52 990.85
v -659.17 -78.86 997.03
v -662.52 -79.34 998.73
v -665.79 -80.39 1000.34
v -668.89 -82.00 1001.80
v -671.76 -84.13 1003.08
v -674.31 -86.71 1004.16
v -676.49 -89.69 1004.99
v -678.25 -93.00 1005.57
v -679.53 -96.55 1005.88
v -680.32 -100.26 1005.91
v -680.58 -104.03 1005.66
v -680.32 -107.78 1005.13
v -679.53 -111.40 1004.34
v -678.25 -114.81 1003.32
v -676.49 -117.93 1002.07
v -674.31 -120.68 1000.64
v -671.76 -122.99 999.06
v -668.89 -124.81 997.37
v -665.79 -126.08 995.61
v -662.52 -126.79 993.83
v -659.17 -126.91 992.06
v -655.82 -126.43 990.35
v -652.56 -125.37 988.74
v -649.45 -123.77 987.28
v -646.59 -121.64 986.00
v -644.03 -119.06 984.93
v -641.85 -116.07 984.09
v -640.10 -112.76 983.51
v -638.81 -109.21 983.20
v -638.03 -105.51 983.18
v -637.76 -101.73 983.43
v -638.03 -97.99 983.95
v -638.81 -94.37 984.74
v -640.10 -90.95 985.77
v -641.85 -87.83 987.01
v -644.03 -85.08 988.44
v -646.59 -82.77 990.02
v -649.45 -80.96 991.71
v -652.56 -79.68 993.47
v -655.82 -78.98 995.26
v -656.75 -79.32 1001.46
v -660.05 -79.81 1003.27
v -663.26 -80.87 1004.98
v -666.31 -82.49 1006.54
v -669.13 -84.62 1007.91
v -671.64 -87.22 1009.06
v -673.78 -90.21 1009.97
v -675.51 -93.52 1010.60
v -676.77 -97.08 1010.95
v -677.54 -100.79 1011.00
v -677.80 -104.56 1010.76
v -677.54 -108.30 1010.22
v -676.77 -111.92 1009.41
v -675.51 -115.33 1008.34
v -673.78 -118.45 1007.05
v -671.64 -121.19 1005.55
v -669.13 -123.49 1003.89
v -666.31 -125.30 1002.11
v -663.26 -126.57 1000.25
v -660.05 -127.26 998.37
v -656.75 -127.36 996.49
v -653.46 -126.88 994.68
v -650.25 -125.81 992.97
v -647.20 -124.19 991.42
v -644.38 -122.06 990.04
v -641.87 -119.47 988.89
v -639.73 -116.48 987.99
v -638.00 -113.16 987.35
v -636.74 -109.61 987.01
v -635.97 -105.90 986.95
v -635.71 -102.12 987.20
v -635.97 -98.38 987.73
v -636.74 -94.76 988.54
v -638.00 -91.35 989.61
v -639.73 -88.24 990.91
v -641.87 -85.49 992.41
v -644.38 -83.19 994.06
v -647.20 -81.39 995.84
v -650.25 -80.12 997.70
v -653.46 -79.43 999.59
v -654.20 -79.77 1005.82
v -657.43 -80.27 1007.73
v -660.58 -81.34 1009.54
v -663.58 -82.97 1011.19
v -666.34 -85.12 1012.65
v -668.81 -87.72 1013.88
v -670.92 -90.71 1014.85
v -672.61 -94.03 1015.54
v -673.85 -97.59 1015.93
v -674.61 -101.31 1016.00
v -674.86 -105.08 1015.77
v -674.61 -108.82 1015.23
v -673.85 -112.44 1014.39
v -672.61 -115.84 1013.28
v -670.92 -118.95 1011.93
v -668.81 -121.69 1010.37
v -666.34 -123.98 1008.63
v -663.58 -125.78 1006.76
v -660.58 -127.04 1004.81
v -657.43 -127.72 1002.83
v -654.20 -127.82 1000.85
v -650.96 -127.32 998.94
v -647.81 -126.24 997.13
v -644.82 -124.61 995.48
v -642.05 -122.47 994.02
v -639.59 -119.87 992.79
v -637.48 -116.87 991.82
v -635.79 -113.55 991.13
v -634.54 -109.99 990.74
v -633.79 -106.28 990.67
v -633.53 -102.51 990.90
v -633.79 -98.77 991.44
v -634.54 -95.15 992.28
v -635.79 -91.74 993.39
v -637.48 -88.63 994.74
v -639.59 -85.90 996.30
v -642.05 -83.60 998.04
v -644.82 -81.81 999.90
v -647.81 -80.55 1001.86
v -650.96 -79.87 1003.84
v -651.50 -80.21 1010.09
v -654.67 -80.72 1012.11
v -657.77 -81.81 1014.01
v -660.70 -83.45 1015.76
v -663.41 -85.60 1017.30
v -665.83 -88.21 1018.61
v -667.90 -91.21 1019.65
v -669.56 -94.53 1020.39
v -670.77 -98.10 1020.81
v -671.52 -101.81 1020.91
v -671.77 -105.59 1020.68
v -671.52 -109.33 1020.13
v -670.77 -112.94 1019.28
v -669.56 -116.35 1018.13
v -667.90 -119.45 1016.73
v -665.83 -122.18 1015.10
v -663.41 -124.46 1013.28
v -660.70 -126.25 1011.33
v -657.77 -127.50 1009.29
v -654.67 -128.17 1007.20
v -651.50 -128.26 1005.12
v -648.34 -127.75 1003.11
v -645.24 -126.66 1001.21
v -642.31 -125.03 999.46
v -639.60 -122.87 997.91
v -637.18 -120.27 996.61
v -635.11 -117.26 995.57
v -633.45 -113.94 994.83
v -632.24 -110.37 994.41
v -631.49 -106.66 994.31
v -631.24 -102.88 994.54
v -631.49 -99.14 995.09
v -632.24 -95.53 995.94
v -633.45 -92.12 997.09
v -635.11 -89.02 998.49
v -637.18 -86.29 1000.12
v -639.60 -84.01 1001.94
v -642.31 -82.22 1003.89
v -645.24 -80.97 1005.93
v -648.34 -80.30 1008.02
v -648.68 -80.65 1014.28
v -651.78 -81.16 1016.39
v -654.81 -82.26 1018.39
v -657.68 -83.91 1020.23
v -660.34 -86.07 1021.86
v -662.70 -88.68 1023.24
v -664.73 -91.70 1024.34
v -666.35 -95.03 1025.13
v -667.54 -98.59 1025.60
v -668.27 -102.31 1025.72
v -668.51 -106.09 1025.50
v -668.27 -109.83 1024.94
v -667.54 -113.44 1024.06
v -666.35 -116.84 1022.88
v -664.73 -119.94 1021.42
v -662.70 -122.66 1019.73
v -660.34 -124.94 1017.84
v -657.68 -126.72 1015.80
v -654.81 -127.95 1013.67
v -651.78 -128.62 1011.49
v -648.68 -128.69 1009.31
v -645.58 -128.17 1007.20
v -642.55 -127.08 1005.20
v -639.67 -125.43 1003.36
v -637.02 -123.27 1001.73
v -634.65 -120.65 1000.35
v -632.63 -117.64 999.25
v -631.00 -114.31 998.46
v -629.81 -110.74 998.00
v -629.09 -107.03 997.87
v -628.84 -103.25 998.09
v -629.09 -99.51 998.65
v -629.81 -95.90 999.53
v -631.00 -92.50 1000.72
v -632.63 -89.40 1002.17
v -634.65 -86.68 1003.87
v -637.02 -84.40 1005.75
v -639.67 -82.62 1007.79
v -642.55 -81.38 1009.93
v -645.58 -80.72 1012.11
v -645.72 -81.07 1018.38
v -648.76 -81.60 1020.59
v -651.71 -82.70 1022.68
v -654.53 -84.36 1024.61
v -657.12 -86.53 1026.32
v -659.43 -89.15 1027.77
v -661.41 -92.17 1028.94
v -663.00 -95.51 1029.78
v -664.16 -99.08 1030.28
v -664.87 -102.80 1030.42
v -665.11 -106.57 1030.21
v -664.87 -110.31 1029.64
v -664.16 -113.92 1028.74
v -663.00 -117.32 1027.52
v -661.41 -120.41 1026.02
v -659.43 -123.13 1024.26
v -657.12 -125.40 1022.30
v -654.53 -127.17 1020.18
v -651.71 -128.40 1017.95
v -648.76 -129.05 1015.68
v -645.72 -129.11 1013.41
v -642.69 -128.59 1011.20
v -639.73 -127.48 1009.11
v -636.92 -125.82 1007.18
v -634.32 -123.66 1005.47
v -632.01 -121.03 1004.01
v -630.03 -118.01 1002.85
v -628.44 -114.68 1002.01
v -627.28 -111.11 1001.51
v -626.57 -107.39 1001.36
v -626.33 -103.61 1001.58
v -626.57 -99.87 1002.14
v -627.28 -96.26 1003.04
v -628.44 -92.87 1004.26
v -630.03 -89.77 1005.77
v -632.01 -87.06 1007.53
v -634.32 -84.79 1009.49
v -636.92 -83.02 1011.61
v -639.73 -81.79 1013.83
v -642.69 -81.13 1016.11
v -642.64 -81.48 1022.38
v -645.60 -82.02 1024.68
v -648.49 -83.14 1026.87
v -651.23 -84.80 1028.88
v -653.76 -86.98 1030.67
v -656.02 -89.61 1032.20
v -657.95 -92.64 1033.42
v -659.50 -95.98 1034.31
v -660.64 -99.55 1034.85
v -661.33 -103.27 1035.02
v -661.57 -107.05 1034.81
v -661.33 -110.79 1034.24
v -660.64 -114.40 1033.31
v -659.50 -117.79 1032.06
v -657.95 -120.87 1030.50
v -656.02 -123.58 1028.69
v -653.76 -125.85 1026.65
v -651.23 -127.61 1024.45
v -648.49 -128.83 1022.14
v -645.60 -129.47 1019.77
v -642.64 -129.53 1017.41
v -639.68 -128.99 1015.11
v -636.79 -127.88 1012.92
v -634.04 -126.21 1010.91
v -631.51 -124.03 1009.11
v -629.25 -121.40 1007.59
v -627.32 -118.38 1006.36
v -625.77 -115.04 1005.47
v -624.63 -111.46 1004.94
v -623.94 -107.74 1004.77
v -623.71 -103.96 1004.98
v -623.94 -100.22 1005.55
v -624.63 -96.62 1006.47
v -625.77 -93.23 1007.73
v -627.32 -90.14 1009.29
v -629.25 -87.43 1011.10
v -631.51 -85.17 1013.14
v -634.04 -83.40 1015.34
v -636.79 -82.18 1017.65
v -639.68 -81.54 1020.01
v -639.43 -81.89 1026.28
v -642.31 -82.43 1028.67
v -645.13 -83.56 1030.95
v -647.80 -85.23 1033.05
v -650.27 -87.42 1034.92
v -652.47 -90.06 1036.52
v -654.35 -93.09 1037.80
v -655.86 -96.43 1038.74
v -656.97 -100.01 1039.31
v -657.65 -103.74 1039.50
v -657.87 -107.51 1039.30
v -657.65 -111.25 1038.72
v -656.97 -114.86 1037.77
v -655.86 -118.24 1036.48
v -654.35 -121.33 1034.88
v -652.47 -124.03 1033.00
v -650.27 -126.29 1030.90
v -647.80 -128.04 1028.62
v -645.13 -129.25 1026.22
v -642.31 -129.89 1023.77
v -639.43 -129.93 1021.31
v -636.54 -129.38 1018.92
v -633.73 -128.26 1016.64
v -631.05 -126.59 1014.54
v -628.58 -124.40 1012.67
v -626.38 -121.76 1011.07
v -624.50 -118.73 1009.79
v -622.99 -115.39 1008.85
v -621.88 -111.81 1008.28
v -621.21 -108.08 1008.09
v -620.98 -104.31 1008.29
v -621.21 -100.57 1008.87
v -621.88 -96.96 1009.82
v -622.99 -93.58 1011.11
v -624.50 -90.49 1012.71
v -626.38 -87.79 1014.59
v -628.58 -85.53 1016.69
v -631.05 -83.78 1018.97
v -633.73 -82.57 1021.37
v -636.54 -81.93 1023.82
v -636.10 -82.28 1030.08
v -638.90 -82.84 1032.56
v -641.64 -83.97 1034.92
v -644.24 -85.65 1037.11
v -646.64 -87.85 1039.05
v -648.79 -90.49 1040.72
v -650.61 -93.53 1042.06
v -652.09 -96.88 1043.04
v -653.16 -100.46 1043.65
v -653.82 -104.19 1043.86
v -654.04 -107.97 1043.67
v -653.82 -111.70 1043.08
v -653.16 -115.31 1042.11
v -652.09 -118.69 1040.79
v -650.61 -121.77 1039.14
v -648.79 -124.46 1037.20
v -646.64 -126.71 1035.03
v -644.24 -128.46 1032.68
v -641.64 -129.66 1030.20
v -638.90 -130.29 1027.65
v -636.10 -130.32 1025.11
v -633.29 -129.77 1022.62
v -630.55 -128.63 1020.26
v -627.95 -126.95 1018.08
v -625.55 -124.76 1016.13
v -623.41 -122.11 1014.47
v -621.58 -119.08 1013.13
v -620.11 -115.73 1012.14
v -619.03 -112.14 1011.54
v -618.37 -108.42 1011.33
v -618.15 -104.64 1011.52
v -618.37 -100.90 1012.10
v -619.03 -97.30 1013.07
v -620.11 -93.92 1014.40
v -621.58 -90.84 1016.05
v -623.41 -88.14 1017.98
v -625.55 -85.89 1020.15
v -627.95 -84.14 1022.51
v -630.55 -82.94 1024.99
v -633.29 -82.32 1027.53
v -632.65 -82.66 1033.77
v -635.37 -83.23 1036.34
v -638.03 -84.37 1038.79
v -640.56 -86.06 1041.05
v -642.89 -88.26 1043.07
v -644.97 -90.92 1044.80
v -646.74 -93.96 1046.20
v -648.17 -97.31 1047.23
v -649.22 -100.90 1047.87
v -649.86 -104.63 1048.10
v -650.07 -108.41 1047.92
v -649.86 -112.14 1047.32
v -649.22 -115.74 1046.33
v -648.17 -119.12 1044.97
v -646.74 -122.20 1043.28
v -644.97 -124.89 1041.29
v -642.89 -127.13 1039.05
v -640.56 -128.87 1036.62
v -638.03 -130.06 1034.06
v -635.37 -130.68 1031.43
v -632.65 -130.71 1028.80
v -629.92 -130.14 1026.23
v -627.26 -129.00 1023.78
v -624.74 -127.31 1021.52
v -622.40 -125.11 1019.50
v -620.32 -122.45 1017.77
v -618.55 -119.41 1016.37
v -617.12 -116.06 1015.34
v -616.07 -112.47 1014.70
v -615.43 -108.74 1014.47
v -615.22 -104.96 1014.65
v -615.43 -101.23 1015.25
v -616.07 -97.63 1016.23
v -617.12 -94.25 1017.59
v -618.55 -91.17 1019.29
v -620.32 -88.48 1021.28
v -622.40 -86.24 1023.52
v -624.74 -84.50 1025.95
v -627.26 -83.31 1028.51
v -629.92 -82.69 1031.14
v -629.08 -83.03 1037.35
v -631.72 -83.61 1040.00
v -634.30 -84.76 1042.53
v -636.75 -86.46 1044.87
v -639.01 -88.66 1046.97
v -641.03 -91.32 1048.76
v -642.75 -94.37 1050.22
v -644.13 -97.73 1051.29
v -645.15 -101.32 1051.96
v -645.76 -105.05 1052.21
v -645.97 -108.83 1052.03
v -645.76 -112.57 1051.43
v -645.15 -116.17 1050.43
v -644.13 -119.54 1049.03
v -642.75 -122.61 1047.29
v -641.03 -125.30 1045.25
v -639.01 -127.53 1042.95
v -636.75 -129.26 1040.45
v -634.30 -130.45 1037.81
v -631.72 -131.06 1035.10
v -629.08 -131.08 1032.38
v -626.44 -130.50 1029.72
v -623.86 -129.35 1027.20
v -621.41 -127.65 1024.86
v -619.15 -125.44 1022.76
v -617.14 -122.78 1020.97
v -615.42 -119.74 1019.51
v -614.03 -116.38 1018.44
v -613.02 -112.79 1017.77
v -612.40 -109.06 1017.52
v -612.19 -105.28 1017.69
v -612.40 -101.54 1018.29
v -613.02 -97.94 1019.30
v -614.03 -94.57 1020.69
v -615.42 -91.50 1022.43
v -617.14 -88.81 1024.48
v -619.15 -86.58 1026.78
v -621.41 -84.84 1029.28
v -623.86 -83.66 1031.92
v -626.44 -83.05 1034.63
v -625.41 -83.39 1040.82
v -627.96 -83.97 1043.55
v -630.45 -85.13 1046.16
v -632.82 -86.84 1048.58
v -635.01 -89.06 1050.74
v -636.96 -91.72 1052.60
v -638.62 -94.77 1054.10
v -639.96 -98.14 1055.22
v -640.94 -101.73 1055.92
v -641.54 -105.46 1056.19
v -641.74 -109.24 1056.02
v -641.54 -112.98 1055.42
v -640.94 -116.58 1054.39
v -639.96 -119.95 1052.97
v -638.62 -123.01 1051.18
v -636.96 -125.69 1049.08
v -635.01 -127.92 1046.72
v -632.82 -129.65 1044.15
v -630.45 -130.83 1041.43
v -627.96 -131.43 1038.64
v -625.41 -131.44 1035.85
v -622.85 -130.85 1033.11
v -620.36 -129.69 1030.50
v -617.99 -127.99 1028.08
v -615.80 -125.77 1025.92
v -613.86 -123.11 1024.06
v -612.19 -120.05 1022.56
v -610.85 -116.69 1021.44
v -609.87 -113.10 1020.74
v -609.27 -109.36 1020.47
v -609.07 -105.58 1020.64
v -609.27 -101.85 1021.24
v -609.87 -98.25 1022.27
v -610.85 -94.88 1023.69
v -612.19 -91.81 1025.48
v -613.86 -89.13 1027.58
v -615.80 -86.90 1029.94
v -617.99 -85.18 1032.51
v -620.36 -84.00 1035.23
v -622.85 -83.40 1038.02
v -621.62 -83.74 1044.16
v -624.09 -84.33 1046.98
v -626.50 -85.50 1049.66
v -628.78 -87.21 1052.15
v -630.89 -89.43 1054.38
v -632.77 -92.10 1056.30
v -634.38 -95.16 1057.86
v -635.67 -98.53 1059.02
v -636.62 -102.13 1059.75
v -637.20 -105.86 1060.04
v -637.39 -109.64 1059.87
v -637.20 -113.38 1059.26
v -636.62 -116.97 1058.22
v -635.67 -120.34 1056.76
v -634.38 -123.40 1054.94
v -632.77 -126.08 1052.79
v -630.89 -128.30 1050.36
v -628.78 -130.02 1047.73
v -626.50 -131.19 1044.94
v -624.09 -131.78 1042.07
v -621.62 -131.78 1039.19
v -619.16 -131.19 1036.38
v -616.75 -130.02 1033.69
v -614.47 -128.31 1031.20
v -612.36 -126.09 1028.97
v -610.48 -123.41 1027.05
v -608.87 -120.36 1025.50
v -607.58 -116.99 1024.34
v -606.63 -113.39 1023.60
v -606.05 -109.66 1023.32
v -605.86 -105.88 1023.48
v -606.05 -102.14 1024.09
v -606.63 -98.55 1025.14
v -607.58 -95.18 1026.59
v -608.87 -92.12 1028.42
v -610.48 -89.44 1030.57
v -612.36 -87.22 1032.99
v -614.47 -85.50 1035.63
v -616.75 -84.33 1038.42
v -619.16 -83.74 1041.29
v -617.74 -84.07 1047.39
v -620.11 -84.67 1050.28
v -622.43 -85.84 1053.04
v -624.63 -87.57 1055.60
v -626.66 -89.80 1057.90
v -628.47 -92.47 1059.87
v -630.02 -95.54 1061.48
v -631.26 -98.91 1062.68
v -632.17 -102.51 1063.44
v -632.73 -106.24 1063.75
v -632.92 -110.03 1063.59
v -632.73 -113.76 1062.97
v -632.17 -117.35 1061.91
v -631.26 -120.72 1060.42
v -630.02 -123.78 1058.56
v -628.47 -126.45 1056.36
v -626.66 -128.66 1053.88
v -624.63 -130.37 1051.17
v -622.43 -131.54 1048.32
v -620.11 -132.12 1045.37
v -617.74 -132.12 1042.42
v -615.36 -131.52 1039.53
v -613.05 -130.34 1036.77
v -610.85 -128.62 1034.21
v -608.81 -126.39 1031.91
v -607.00 -123.71 1029.94
v -605.46 -120.65 1028.33
v -604.21 -117.28 1027.13
v -603.30 -113.68 1026.37
v -602.74 -109.94 1026.06
v -602.56 -106.16 1026.22
v -602.74 -102.43 1026.84
v -603.30 -98.83 1027.90
v -604.21 -95.47 1029.39
v -605.46 -92.41 1031.25
v -607.00 -89.74 1033.45
v -608.81 -87.52 1035.93
v -610.85 -85.81 1038.64
v -613.05 -84.65 1041.50
v -615.36 -84.07 1044.44
v -613.75 -84.39 1050.49
v -616.03 -85.00 1053.46
v -618.25 -86.18 1056.29
v -620.37 -87.91 1058.92
v -622.32 -90.15 1061.28
v -624.06 -92.83 1063.31
v -625.54 -95.90 1064.96
v -626.74 -99.27 1066.20
v -627.62 -102.88 1066.99
v -628.15 -106.61 1067.31
v -628.33 -110.40 1067.16
v -628.15 -114.13 1066.53
v -627.62 -117.72 1065.45
v -626.74 -121.09 1063.94
v -625.54 -124.14 1062.04
v -624.06 -126.80 1059.79
v -622.32 -129.01 1057.25
v -620.37 -130.72 1054.49
v -618.25 -131.87 1051.56
v -616.03 -132.45 1048.55
v -613.75 -132.44 1045.52
v -611.47 -131.83 1042.56
v -609.24 -130.65 1039.73
v -607.13 -128.92 1037.10
v -605.18 -126.68 1034.74
v -603.44 -124.00 1032.71
v -601.96 -120.93 1031.05
v -600.76 -117.56 1029.82
v -599.88 -113.95 1029.03
v -599.35 -110.22 1028.70
v -599.17 -106.43 1028.86
v -599.35 -102.70 1029.48
v -599.88 -99.11 1030.56
v -600.76 -95.74 1032.07
v -601.96 -92.69 1033.98
v -603.44 -90.03 1036.22
v -605.18 -87.82 1038.76
v -607.13 -86.11 1041.53
v -609.24 -84.96 1044.45
v -611.47 -84.38 1047.47
v -609.67 -84.70 1053.47
v -611.85 -85.31 1056.50
v -613.98 -86.50 1059.40
v -616.01 -88.24 1062.09
v -617.88 -90.48 1064.51
v -619.54 -93.17 1066.60
v -620.97 -96.24 1068.30
v -622.11 -99.62 1069.57
v -622.95 -103.23 1070.39
v -623.46 -106.97 1070.73
v -623.64 -110.75 1070.58
v -623.46 -114.48 1069.95
v -622.95 -118.07 1068.85
v -622.11 -121.43 1067.31
v -620.97 -124.48 1065.38
v -619.54 -127.14 1063.08
v -617.88 -129.35 1060.49
v -616.01 -131.05 1057.67
v -613.98 -132.19 1054.68
v -611.85 -132.77 1051.59
v -609.67 -132.74 1048.50
v -607.48 -132.13 1045.46
v -605.35 -130.94 1042.57
v -603.32 -129.21 1039.87
v -601.46 -126.97 1037.46
v -599.79 -124.28 1035.37
v -598.37 -121.20 1033.67
v -597.22 -117.82 1032.40
v -596.38 -114.22 1031.58
v -595.87 -110.48 1031.24
v -595.70 -106.70 1031.39
v -595.87 -102.96 1032.02
v -596.38 -99.37 1033.12
v -597.22 -96.01 1034.65
v -598.37 -92.96 1036.59
v -599.79 -90.30 1038.89
v -601.46 -88.10 1041.48
v -603.32 -86.40 1044.30
v -605.35 -85.25 1047.29
v -607.48 -84.68 1050.37
v -493.93 -93.14 1135.01
v -496.11 -93.75 1138.05
v -498.24 -94.94 1140.95
v -500.26 -96.68 1143.64
v -502.13 -98.92 1146.06
v -503.79 -101.61 1148.15
v -505.21 -104.68 1149.85
v -506.36 -108.06 1151.12
v -507.20 -111.66 1151.94
v -507.71 -115.40 1152.28
v -507.88 -119.19 1152.13
v -507.71 -122.92 1151.50
v -507.20 -126.51 1150.41
v -506.36 -129.87 1148.87
v -505.21 -132.92 1146.93
v -503.79 -135.58 1144.63
v -502.13 -137.78 1142.04
v -500.26 -139.48 1139.21
v -498.24 -140.63 1136.22
v -496.11 -141.20 1133.14
v -493.93 -141.18 1130.04
v -491.75 -140.57 1127.00
v -489.62 -139.38 1124.10
v -487.60 -137.64 1121.41
v -485.73 -135.40 1118.99
v -484.07 -132.71 1116.90
v -482.65 -129.64 1115.20
v -481.51 -126.26 1113.92
v -480.67 -122.65 1113.10
v -480.16 -118.91 1112.76
v -479.99 -115.13 1112.91
v -480.16 -111.40 1113.54
v -480.67 -107.80 1114.64
v -481.51 -104.44 1116.18
v -482.65 -101.40 1118.12
v -484.07 -98.74 1120.41
v -485.73 -96.53 1123.01
v -487.60 -94.83 1125.83
v -489.62 -93.68 1128.83
v -491.75 -93.11 1131.91
v -491.37 -93.31 1136.70
v -493.44 -93.93 1139.82
v -495.45 -95.13 1142.80
v -497.36 -96.87 1145.57
v -499.13 -99.12 1148.05
v -500.70 -101.82 1150.20
v -502.05 -104.90 1151.96
v -503.13 -108.28 1153.27
v -503.92 -111.89 1154.12
v -504.41 -115.63 1154.48
v -504.57 -119.41 1154.34
v -504.41 -123.15 1153.70
v -503.92 -126.74 1152.59
v -503.13 -130.09 1151.02
v -502.05 -133.14 1149.03
v -500.70 -135.79 1146.69
v -499.13 -137.99 1144.03
v -497.36 -139.68 1141.14
v -495.45 -140.82 1138.07
v -493.44 -141.38 1134.91
v -491.37 -141.35 1131.73
v -489.31 -140.73 1128.62
v -487.30 -139.54 1125.64
v -485.38 -137.79 1122.87
v -483.62 -135.54 1120.38
v -482.04 -132.85 1118.24
v -480.70 -129.77 1116.48
v -479.62 -126.38 1115.16
v -478.82 -122.78 1114.32
v -478.34 -119.04 1113.96
v -478.18 -115.25 1114.10
v -478.34 -111.52 1114.74
v -478.82 -107.93 1115.85
v -479.62 -104.57 1117.42
v -480.70 -101.53 1119.40
v -482.04 -98.88 1121.75
v -483.62 -96.68 1124.40
v -485.38 -94.98 1127.30
v -487.30 -93.84 1130.36
v -489.31 -93.28 1133.53
v -488.78 -93.48 1138.35
v -490.78 -94.11 1141.51
v -492.74 -95.31 1144.52
v -494.59 -97.06 1147.33
v -496.31 -99.31 1149.85
v -497.84 -102.01 1152.02
v -499.14 -105.09 1153.80
v -500.19 -108.47 1155.14
v -500.96 -112.08 1156.00
v -501.43 -115.83 1156.37
v -501.59 -119.61 1156.23
v -501.43 -123.34 1155.59
v -500.96 -126.93 1154.47
v -500.19 -130.29 1152.88
v -499.14 -133.33 1150.88
v -497.84 -135.98 1148.51
v -496.31 -138.18 1145.83
v -494.59 -139.86 1142.90
v -492.74 -141.00 1139.80
v -490.78 -141.56 1136.60
v -488.78 -141.53 1133.38
v -486.78 -140.90 1130.22
v -484.83 -139.70 1127.21
v -482.97 -137.95 1124.40
v -481.26 -135.70 1121.88
v -479.73 -133.00 1119.71
v -478.42 -129.92 1117.93
v -477.37 -126.53 1116.59
v -476.60 -122.92 1115.73
v -476.14 -119.18 1115.36
v -475.98 -115.40 1115.50
v -476.14 -111.66 1116.14
v -476.60 -108.08 1117.26
v -477.37 -104.72 1118.85
v -478.42 -101.68 1120.85
v -479.73 -99.03 1123.22
v -481.26 -96.83 1125.90
v -482.97 -95.14 1128.83
v -484.83 -94.01 1131.93
v -486.78 -93.45 1135.13
v -486.16 -93.65 1139.95
v -488.10 -94.28 1143.14
v -489.99 -95.48 1146.19
v -491.79 -97.23 1149.03
v -493.45 -99.49 1151.59
v -494.93 -102.19 1153.79
v -496.20 -105.27 1155.59
v -497.21 -108.66 1156.95
v -497.96 -112.27 1157.83
v -498.41 -116.02 1158.21
v -498.57 -119.80 1158.07
v -498.41 -123.53 1157.43
v -497.96 -127.12 1156.29
v -497.21 -130.47 1154.70
v -496.20 -133.51 1152.67
v -494.93 -136.16 1150.28
v -493.45 -138.36 1147.56
v -491.79 -140.04 1144.60
v -489.99 -141.17 1141.47
v -488.10 -141.73 1138.23
v -486.16 -141.69 1134.98
v -484.22 -141.06 1131.78
v -482.33 -139.86 1128.73
v -480.53 -138.10 1125.89
v -478.87 -135.85 1123.34
v -477.39 -133.15 1121.13
v -476.12 -130.06 1119.33
v -475.10 -126.67 1117.97
v -474.36 -123.06 1117.09
v -473.90 -119.32 1116.72
v -473.75 -115.54 1116.85
v -473.90 -111.80 1117.49
v -474.36 -108.22 1118.63
v -475.10 -104.86 1120.23
v -476.12 -101.82 1122.25
v -477.39 -99.17 1124.65
v -478.87 -96.98 1127.36
v -480.53 -95.30 1130.32
v -482.33 -94.16 1133.46
v -484.22 -93.61 1136.69
v -483.51 -93.81 1141.49
v -485.39 -94.44 1144.72
v -487.22 -95.65 1147.81
v -488.96 -97.40 1150.68
v -490.56 -99.66 1153.27
v -492.00 -102.37 1155.50
v -493.22 -105.45 1157.33
v -494.21 -108.84 1158.71
v -494.93 -112.46 1159.60
v -495.37 -116.20 1159.98
v -495.51 -119.98 1159.85
v -495.37 -123.72 1159.20
v -494.93 -127.30 1158.06
v -494.21 -130.66 1156.45
v -493.22 -133.69 1154.41
v -492.00 -136.34 1151.99
v -490.56 -138.53 1149.25
v -488.96 -140.21 1146.25
v -487.22 -141.34 1143.08
v -485.39 -141.89 1139.81
v -483.51 -141.85 1136.52
v -481.63 -141.22 1133.29
v -479.80 -140.01 1130.20
v -478.06 -138.25 1127.33
v -476.45 -135.99 1124.75
v -475.02 -133.29 1122.51
v -473.79 -130.20 1120.68
v -472.81 -126.81 1119.31
v -472.09 -123.20 1118.42
v -471.65 -119.46 1118.03
v -471.50 -115.67 1118.16
v -471.65 -111.94 1118.81
v -472.09 -108.35 1119.95
v -472.81 -105.00 1121.56
v -473.79 -101.96 1123.61
v -475.02 -99.32 1126.03
v -476.45 -97.13 1128.77
v -478.06 -95.45 1131.76
v -479.80 -94.32 1134.93
v -481.63 -93.76 1138.20
v -480.83 -93.96 1142.99
v -482.64 -94.60 1146.25
v -484.41 -95.81 1149.38
v -486.09 -97.57 1152.28
v -487.64 -99.83 1154.90
v -489.03 -102.54 1157.16
v -490.21 -105.63 1159.01
v -491.16 -109.02 1160.40
v -491.86 -112.63 1161.31
v -492.28 -116.38 1161.70
v -492.43 -120.16 1161.57
v -492.28 -123.89 1160.92
v -491.86 -127.48 1159.77
v -491.16 -130.83 1158.15
v -490.21 -133.87 1156.09
v -489.03 -136.51 1153.64
v -487.64 -138.70 1150.87
v -486.09 -140.38 1147.85
v -484.41 -141.50 1144.65
v -482.64 -142.05 1141.34
v -480.83 -142.00 1138.02
v -479.01 -141.37 1134.75
v -477.24 -140.16 1131.63
v -475.56 -138.40 1128.72
v -474.01 -136.14 1126.11
v -472.62 -133.43 1123.85
v -471.44 -130.34 1122.00
v -470.49 -126.95 1120.60
v -469.79 -123.33 1119.70
v -469.37 -119.59 1119.30
v -469.22 -115.80 1119.43
v -469.37 -112.07 1120.08
v -469.79 -108.49 1121.23
v -470.49 -105.14 1122.86
v -471.44 -102.10 1124.92
v -472.62 -99.46 1127.36
v -474.01 -97.27 1130.13
v -475.56 -95.59 1133.15
v -477.24 -94.46 1136.35
v -479.01 -93.92 1139.66
v -478.12 -94.11 1144.43
v -479.87 -94.75 1147.73
v -481.57 -95.97 1150.89
v -483.20 -97.73 1153.82
v -484.69 -99.99 1156.47
v -486.03 -102.70 1158.75
v -487.17 -105.79 1160.63
v -488.09 -109.19 1162.04
v -488.76 -112.80 1162.96
v -489.17 -116.55 1163.36
v -489.31 -120.33 1163.23
v -489.17 -124.06 1162.58
v -488.76 -127.65 1161.42
v -488.09 -131.00 1159.78
v -487.17 -134.03 1157.70
v -486.03 -136.68 1155.24
v -484.69 -138.86 1152.45
v -483.20 -140.54 1149.39
v -481.57 -141.66 1146.16
v -479.87 -142.20 1142.82
v -478.12 -142.15 1139.46
v -476.37 -141.51 1136.16
v -474.66 -140.30 1133.00
v -473.04 -138.54 1130.07
v -471.54 -136.27 1127.42
v -470.20 -133.56 1125.13
v -469.06 -130.47 1123.26
v -468.14 -127.08 1121.85
v -467.47 -123.46 1120.93
v -467.06 -119.72 1120.53
v -466.92 -115.93 1120.66
v -467.06 -112.20 1121.31
v -467.47 -108.61 1122.47
v -468.14 -105.26 1124.11
v -469.06 -102.23 1126.18
v -470.20 -99.59 1128.65
v -471.54 -97.40 1131.44
v -473.04 -95.73 1134.49
v -474.66 -94.61 1137.73
v -476.37 -94.06 1141.07
v -475.38 -94.25 1145.82
v -477.07 -94.90 1149.15
v -478.71 -96.12 1152.34
v -480.27 -97.88 1155.31
v -481.71 -100.15 1157.98
v -483.00 -102.86 1160.29
v -484.10 -105.96 1162.19
v -484.98 -109.35 1163.62
v -485.63 -112.97 1164.55
v -486.02 -116.71 1164.96
v -486.16 -120.50 1164.83
v -486.02 -124.23 1164.18
v -485.63 -127.81 1163.01
v -484.98 -131.16 1161.36
v -484.10 -134.19 1159.27
v -483.00 -136.83 1156.78
v -481.71 -139.02 1153.96
v -480.27 -140.69 1150.88
v -478.71 -141.81 1147.61
v -477.07 -142.35 1144.24
v -475.38 -142.30 1140.85
v -473.69 -141.65 1137.52
v -472.05 -140.43 1134.33
v -470.49 -138.67 1131.36
v -469.04 -136.40 1128.69
v -467.76 -133.69 1126.38
v -466.66 -130.60 1124.48
v -465.78 -127.20 1123.05
v -465.13 -123.58 1122.12
v -464.73 -119.84 1121.71
v -464.60 -116.05 1121.84
v -464.73 -112.32 1122.49
v -465.13 -108.74 1123.66
v -465.78 -105.39 1125.31
v -466.66 -102.36 1127.40
v -467.76 -99.72 1129.89
v -469.04 -97.53 1132.71
v -470.49 -95.86 1135.79
v -472.05 -94.74 1139.05
v -473.69 -94.20 1142.43
v -472.62 -94.39 1147.16
v -474.24 -95.04 1150.52
v -475.82 -96.26 1153.74
v -477.32 -98.03 1156.74
v -478.71 -100.30 1159.44
v -479.94 -103.02 1161.77
v -481.00 -106.11 1163.69
v -481.85 -109.51 1165.13
v -482.47 -113.13 1166.08
v -482.85 -116.87 1166.49
v -482.98 -120.66 1166.37
v -482.85 -124.39 1165.72
v -482.47 -127.97 1164.54
v -481.85 -131.32 1162.88
v -481.00 -134.35 1160.77
v -479.94 -136.99 1158.26
v -478.71 -139.17 1155.42
v -477.32 -140.84 1152.31
v -475.82 -141.95 1149.01
v -474.24 -142.49 1145.61
v -472.62 -142.44 1142.19
v -471.00 -141.79 1138.82
v -469.41 -140.57 1135.60
v -467.91 -138.80 1132.61
v -466.53 -136.53 1129.91
v -465.29 -133.81 1127.57
v -464.24 -130.72 1125.66
v -463.39 -127.32 1124.21
v -462.76 -123.70 1123.27
v -462.38 -119.96 1122.85
v -462.26 -116.17 1122.97
v -462.38 -112.44 1123.63
v -462.76 -108.86 1124.80
v -463.39 -105.51 1126.47
v -464.24 -102.48 1128.58
v -465.29 -99.84 1131.09
v -466.53 -97.66 1133.93
v -467.91 -95.99 1137.03
v -469.41 -94.87 1140.33
v -471.00 -94.34 1143.73
v -469.83 -94.53 1148.44
v -471.38 -95.18 1151.84
v -472.90 -96.40 1155.09
v -474.34 -98.17 1158.11
v -475.67 -100.44 1160.84
v -476.85 -103.16 1163.19
v -477.87 -106.26 1165.13
v -478.68 -109.66 1166.59
v -479.28 -113.28 1167.55
v -479.64 -117.03 1167.97
v -479.77 -120.81 1167.85
v -479.64 -124.54 1167.19
v -479.28 -128.12 1166.01
v -478.68 -131.47 1164.34
v -477.87 -134.50 1162.21
v -476.85 -137.13 1159.68
v -475.67 -139.31 1156.81
v -474.34 -140.98 1153.68
v -472.90 -142.09 1150.36
v -471.38 -142.63 1146.93
v -469.83 -142.57 1143.47
v -468.27 -141.92 1140.08
v -466.76 -140.69 1136.83
v -465.32 -138.92 1133.80
v -463.99 -136.65 1131.08
v -462.80 -133.93 1128.72
v -461.79 -130.83 1126.78
v -460.97 -127.43 1125.32
v -460.38 -123.82 1124.37
v -460.01 -120.07 1123.94
v -459.89 -116.28 1124.06
v -460.01 -112.55 1124.72
v -460.38 -108.97 1125.90
v -460.97 -105.62 1127.58
v -461.79 -102.60 1129.70
v -462.80 -99.96 1132.23
v -463.99 -97.78 1135.10
v -465.32 -96.12 1138.23
v -466.76 -95.00 1141.55
v -468.27 -94.47 1144.99
v -467.02 -94.65 1149.67
v -468.50 -95.31 1153.10
v -469.96 -96.53 1156.37
v -471.33 -98.31 1159.43
v -472.61 -100.58 1162.18
v -473.74 -103.30 1164.56
v -474.71 -106.40 1166.51
v -475.49 -109.80 1167.99
v -476.06 -113.42 1168.95
v -476.41 -117.17 1169.38
v -476.53 -120.96 1169.27
v -476.41 -124.69 1168.61
v -476.06 -128.27 1167.42
v -475.49 -131.62 1165.73
v -474.71 -134.64 1163.59
v -473.74 -137.28 1161.04
v -472.61 -139.45 1158.16
v -471.33 -141.12 1155.00
v -469.96 -142.23 1151.65
v -468.50 -142.76 1148.19
v -467.02 -142.70 1144.70
v -465.53 -142.04 1141.28
v -464.08 -140.81 1138.00
v -462.70 -139.04 1134.95
v -461.42 -136.77 1132.20
v -460.29 -134.05 1129.82
v -459.32 -130.95 1127.86
v -458.54 -127.55 1126.39
v -457.97 -123.93 1125.42
v -457.62 -120.18 1124.99
v -457.50 -116.39 1125.11
v -457.62 -112.66 1125.77
v -457.97 -109.08 1126.96
v -458.54 -105.73 1128.64
v -459.32 -102.71 1130.78
v -460.29 -100.07 1133.33
v -461.42 -97.90 1136.22
v -462.70 -96.23 1139.38
v -464.08 -95.12 1142.73
v -465.53 -94.59 1146.19
v -464.18 -94.77 1150.85
v -465.60 -95.43 1154.30
v -466.99 -96.66 1157.61
v -468.30 -98.44 1160.68
v -469.52 -100.72 1163.46
v -470.60 -103.44 1165.86
v -471.53 -106.54 1167.83
v -472.27 -109.94 1169.32
v -472.82 -113.56 1170.30
v -473.15 -117.31 1170.74
v -473.26 -121.10 1170.62
v -473.15 -124.83 1169.96
v -472.82 -128.41 1168.76
v -472.27 -131.75 1167.07
v -471.53 -134.78 1164.91
v -470.60 -137.41 1162.35
v -469.52 -139.58 1159.44
v -468.30 -141.25 1156.25
v -466.99 -142.35 1152.88
v -465.60 -142.88 1149.39
v -464.18 -142.82 1145.88
v -462.76 -142.16 1142.43
v -461.37 -140.93 1139.12
v -460.06 -139.15 1136.04
v -458.84 -136.88 1133.27
v -457.76 -134.15 1130.87
v -456.83 -131.05 1128.90
v -456.09 -127.65 1127.40
v -455.54 -124.03 1126.43
v -455.21 -120.28 1125.99
v -455.10 -116.49 1126.11
v -455.21 -112.76 1126.77
v -455.54 -109.18 1127.96
v -456.09 -105.84 1129.66
v -456.83 -102.81 1131.82
v -457.76 -100.18 1134.38
v -458.84 -98.01 1137.29
v -460.06 -96.35 1140.47
v -461.37 -95.24 1143.85
v -462.76 -94.71 1147.34
v -461.32 -94.89 1151.97
v -462.68 -95.55 1155.45
v -464.00 -96.78 1158.78
v -465.25 -98.56 1161.88
v -466.41 -100.84 1164.68
v -467.44 -103.57 1167.10
v -468.32 -106.67 1169.09
v -469.03 -110.07 1170.60
v -469.55 -113.70 1171.58
v -469.87 -117.45 1172.03
v -469.97 -121.23 1171.91
v -469.87 -124.96 1171.25
v -469.55 -128.54 1170.05
v -469.03 -131.89 1168.34
v -468.32 -134.91 1166.17
v -467.44 -137.54 1163.59
v -466.41 -139.71 1160.66
v -465.25 -141.37 1157.45
v -464.00 -142.48 1154.05
v -462.68 -143.00 1150.54
v -461.32 -142.93 1147.00
v -459.97 -142.28 1143.52
v -458.65 -141.04 1140.19
v -457.40 -139.26 1137.09
v -456.24 -136.98 1134.29
v -455.21 -134.26 1131.87
v -454.32 -131.15 1129.88
v -453.62 -127.75 1128.37
v -453.10 -124.13 1127.39
v -452.78 -120.38 1126.95
v -452.67 -116.59 1127.06
v -452.78 -112.86 1127.72
v -453.10 -109.28 1128.92
v -453.62 -105.94 1130.63
v -454.32 -102.92 1132.80
v -455.21 -100.29 1135.38
v -456.24 -98.11 1138.31
v -457.40 -96.46 1141.52
v -458.65 -95.35 1144.92
v -459.97 -94.82 1148.43
v -458.44 -95.00 1153.04
v -459.73 -95.66 1156.54
v -460.98 -96.90 1159.90
v -462.17 -98.68 1163.02
v -463.27 -100.96 1165.84
v -464.25 -103.69 1168.28
v -465.09 -106.79 1170.29
v -465.76 -110.20 1171.81
v -466.26 -113.82 1172.80
v -466.56 -117.57 1173.25
v -466.66 -121.36 1173.14
v -466.56 -125.09 1172.48
v -466.26 -128.67 1171.27
v -465.76 -132.01 1169.55
v -465.09 -135.03 1167.37
v -464.25 -137.66 1164.77
v -463.27 -139.83 1161.82
v -462.17 -141.49 1158.59
v -460.98 -142.59 1155.17
v -459.73 -143.11 1151.63
v -458.44 -143.04 1148.07
v -457.16 -142.38 1144.56
v -455.91 -141.15 1141.21
v -454.72 -139.37 1138.08
v -453.62 -137.08 1135.26
v -452.64 -134.36 1132.82
v -451.80 -131.25 1130.82
v -451.13 -127.85 1129.30
v -450.63 -124.22 1128.30
v -450.33 -120.47 1127.85
v -450.23 -116.69 1127.96
v -450.33 -112.96 1128.63
v -450.63 -109.38 1129.84
v -451.13 -106.03 1131.55
v -451.80 -103.01 1133.74
v -452.64 -100.38 1136.34
v -453.62 -98.22 1139.29
v -454.72 -96.56 1142.51
v -455.91 -95.45 1145.94
v -457.16 -94.93 1149.47
v -455.55 -95.11 1154.05
v -456.76 -95.77 1157.58
v -457.95 -97.01 1160.96
v -459.08 -98.79 1164.10
v -460.12 -101.08 1166.94
v -461.04 -103.80 1169.40
v -461.84 -106.91 1171.42
v -462.47 -110.32 1172.96
v -462.94 -113.94 1173.96
v -463.23 -117.69 1174.42
v -463.32 -121.48 1174.31
v -463.23 -125.21 1173.64
v -462.94 -128.79 1172.43
v -462.47 -132.13 1170.70
v -461.84 -135.15 1168.50
v -461.04 -137.78 1165.89
v -460.12 -139.94 1162.92
v -459.08 -141.60 1159.67
v -457.95 -142.70 1156.23
v -456.76 -143.22 1152.67
v -455.55 -143.15 1149.08
v -454.33 -142.49 1145.55
v -453.14 -141.25 1142.17
v -452.02 -139.46 1139.02
v -450.98 -137.18 1136.19
v -450.05 -134.45 1133.73
v -449.26 -131.34 1131.70
v -448.62 -127.94 1130.17
v -448.15 -124.31 1129.17
v -447.87 -120.56 1128.71
v -447.77 -116.77 1128.82
v -447.87 -113.05 1129.49
v -448.15 -109.47 1130.70
v -448.62 -106.13 1132.43
v -449.26 -103.10 1134.63
v -450.05 -100.48 1137.24
v -450.98 -98.31 1140.21
v -452.02 -96.66 1143.45
v -453.14 -95.55 1146.90
v -454.33 -95.03 1150.46
v -452.63 -95.20 1155.00
v -453.78 -95.87 1158.55
v -454.89 -97.11 1161.96
v -455.96 -98.90 1165.12
v -456.94 -101.18 1167.98
v -457.81 -103.91 1170.46
v -458.56 -107.02 1172.50
v -459.16 -110.43 1174.04
v -459.60 -114.05 1175.06
v -459.87 -117.81 1175.51
v -459.96 -121.59 1175.41
v -459.87 -125.32 1174.74
v -459.60 -128.90 1173.52
v -459.16 -132.24 1171.78
v -458.56 -135.26 1169.58
v -457.81 -137.89 1166.95
v -456.94 -140.05 1163.96
v -455.96 -141.70 1160.70
v -454.89 -142.80 1157.23
v -453.78 -143.32 1153.65
v -452.63 -143.25 1150.03
v -451.48 -142.58 1146.48
v -450.36 -141.34 1143.08
v -449.30 -139.55 1139.91
v -448.32 -137.27 1137.06
v -447.44 -134.54 1134.58
v -446.70 -131.43 1132.54
v -446.09 -128.02 1131.00
v -445.65 -124.40 1129.98
v -445.39 -120.65 1129.53
v -445.30 -116.86 1129.63
v -445.39 -113.13 1130.30
v -445.65 -109.55 1131.52
v -446.09 -106.21 1133.26
v -446.70 -103.19 1135.46
v -447.44 -100.57 1138.09
v -448.32 -98.40 1141.08
v -449.30 -96.75 1144.34
v -450.36 -95.65 1147.81
v -451.48 -95.13 1151.39
v -449.69 -95.30 1155.90
v -450.77 -95.97 1159.48
v -451.82 -97.21 1162.90
v -452.82 -99.00 1166.09
v -453.74 -101.29 1168.96
v -454.56 -104.02 1171.46
v -455.27 -107.13 1173.51
v -455.83 -110.54 1175.06
v -456.24 -114.16 1176.08
v -456.50 -117.91 1176.55
v -456.58 -121.70 1176.44
v -456.50 -125.43 1175.77
v -456.24 -129.01 1174.55
v -455.83 -132.35 1172.81
v -455.27 -135.37 1170.59
v -454.56 -137.99 1167.94
v -453.74 -140.15 1164.94
v -452.82 -141.80 1161.66
v -451.82 -142.90 1158.17
v -450.77 -143.42 1154.57
v -449.69 -143.34 1150.93
v -448.62 -142.67 1147.36
v -447.57 -141.43 1143.94
v -446.57 -139.64 1140.75
v -445.64 -137.35 1137.88
v -444.82 -134.62 1135.38
v -444.12 -131.51 1133.33
v -443.56 -128.10 1131.78
v -443.14 -124.48 1130.75
v -442.89 -120.72 1130.29
v -442.81 -116.94 1130.40
v -442.89 -113.21 1131.07
v -443.14 -109.63 1132.29
v -443.56 -106.29 1134.03
v -444.12 -103.27 1136.25
v -444.82 -100.65 1138.90
v -445.64 -98.49 1141.90
v -446.57 -96.83 1145.18
v -447.57 -95.74 1148.67
v -448.62 -95.22 1152.27
v -446.74 -95.38 1156.75
v -447.75 -96.06 1160.34
v -448.73 -97.30 1163.78
v -449.67 -99.09 1166.99
v -450.53 -101.38 1169.88
v -451.30 -104.11 1172.39
v -451.95 -107.22 1174.45
v -452.48 -110.63 1176.02
v -452.87 -114.26 1177.05
v -453.10 -118.01 1177.52
v -453.18 -121.80 1177.41
v -453.10 -125.53 1176.74
v -452.87 -129.11 1175.51
v -452.48 -132.45 1173.76
v -451.95 -135.46 1171.53
v -451.30 -138.09 1168.88
v -450.53 -140.25 1165.86
v -449.67 -141.90 1162.56
v -448.73 -142.99 1159.05
v -447.75 -143.51 1155.43
v -446.74 -143.43 1151.78
v -445.73 -142.76 1148.19
v -444.75 -141.51 1144.74
v -443.82 -139.72 1141.54
v -442.96 -137.43 1138.64
v -442.19 -134.70 1136.13
v -441.53 -131.59 1134.07
v -441.00 -128.18 1132.51
v -440.62 -124.55 1131.48
v -440.38 -120.80 1131.01
v -440.30 -117.01 1131.11
v -440.38 -113.28 1131.78
v -440.62 -109.71 1133.01
v -441.00 -106.37 1134.76
v -441.53 -103.35 1136.99
v -442.19 -100.73 1139.65
v -442.96 -98.56 1142.66
v -443.82 -96.92 1145.97
v -444.75 -95.82 1149.47
v -445.73 -95.31 1153.10
v -443.77 -95.47 1157.53
v -444.71 -96.14 1161.14
v -445.63 -97.39 1164.60
v -446.49 -99.18 1167.83
v -447.30 -101.47 1170.74
v -448.01 -104.20 1173.26
v -448.62 -107.32 1175.34
v -449.11 -110.73 1176.91
v -449.47 -114.35 1177.95
v -449.69 -118.11 1178.42
v -449.77 -121.90 1178.32
v -449.69 -125.62 1177.64
v -449.47 -129.20 1176.41
v -449.11 -132.54 1174.66
v -448.62 -135.56 1172.41
v -448.01 -138.18 1169.75
v -447.30 -140.34 1166.72
v -446.49 -141.98 1163.40
v -445.63 -143.08 1159.88
v -444.71 -143.59 1156.23
v -443.77 -143.51 1152.56
v -442.84 -142.84 1148.95
v -441.92 -141.59 1145.49
v -441.05 -139.80 1142.27
v -440.25 -137.51 1139.36
v -439.54 -134.77 1136.84
v -438.93 -131.66 1134.76
v -438.44 -128.25 1133.19
v -438.08 -124.62 1132.15
v -437.86 -120.87 1131.68
v -437.78 -117.08 1131.78
v -437.86 -113.35 1132.45
v -438.08 -109.78 1133.68
v -438.44 -106.44 1135.44
v -438.93 -103.42 1137.68
v -439.54 -100.80 1140.35
v -440.25 -98.64 1143.38
v -441.05 -96.99 1146.70
v -441.92 -95.90 1150.22
v -442.84 -95.39 1153.86
v -440.79 -95.54 1158.26
v -441.66 -96.22 1161.89
v -442.50 -97.46 1165.37
v -443.31 -99.26 1168.61
v -444.05 -101.55 1171.53
v -444.71 -104.29 1174.07
v -445.27 -107.40 1176.15
v -445.73 -110.81 1177.74
v -446.06 -114.44 1178.78
v -446.26 -118.19 1179.26
v -446.33 -121.98 1179.16
v -446.26 -125.71 1178.48
v -446.06 -129.29 1177.25
v -445.73 -132.62 1175.48
v -445.27 -135.64 1173.23
v -444.71 -138.26 1170.55
v -444.05 -140.42 1167.51
v -443.31 -142.06 1164.18
v -442.50 -143.16 1160.64
v -441.66 -143.67 1156.98
v -440.79 -143.59 1153.29
v -439.93 -142.91 1149.67
v -439.08 -141.66 1146.19
v -438.28 -139.87 1142.95
v -437.54 -137.58 1140.02
v -436.88 -134.84 1137.49
v -436.31 -131.73 1135.40
v -435.86 -128.31 1133.82
v -435.52 -124.69 1132.77
v -435.32 -120.93 1132.30
v -435.25 -117.14 1132.40
v -435.32 -113.42 1133.07
v -435.52 -109.84 1134.31
v -435.86 -106.50 1136.07
v -436.31 -103.49 1138.32
v -436.88 -100.87 1141.00
v -437.54 -98.71 1144.05
v -438.28 -97.06 1147.38
v -439.08 -95.97 1150.92
v -439.93 -95.46 1154.57
v -437.80 -95.61 1158.93
v -438.59 -96.29 1162.58
v -439.37 -97.54 1166.07
v -440.11 -99.33 1169.33
v -440.79 -101.63 1172.26
v -441.39 -104.36 1174.81
v -441.91 -107.48 1176.91
v -442.33 -110.89 1178.50
v -442.63 -114.52 1179.55
v -442.82 -118.27 1180.03
v -442.88 -122.06 1179.93
v -442.82 -125.79 1179.26
v -442.63 -129.37 1178.02
v -442.33 -132.70 1176.25
v -441.91 -135.72 1173.99
v -441.39 -138.34 1171.30
v -440.79 -140.49 1168.24
v -440.11 -142.14 1164.90
v -439.37 -143.23 1161.34
v -438.59 -143.74 1157.67
v -437.80 -143.65 1153.96
v -437.00 -142.98 1150.32
v -436.23 -141.73 1146.83
v -435.49 -139.93 1143.57
v -434.81 -137.64 1140.64
v -434.20 -134.90 1138.09
v -433.68 -131.79 1135.99
v -433.27 -128.37 1134.40
v -432.96 -124.75 1133.35
v -432.77 -120.99 1132.87
v -432.71 -117.20 1132.97
v -432.77 -113.48 1133.64
v -432.96 -109.90 1134.88
v -433.27 -106.56 1136.65
v -433.68 -103.55 1138.91
v -434.20 -100.93 1141.60
v -434.81 -98.77 1144.66
v -435.49 -97.13 1148.00
v -436.23 -96.04 1151.56
v -437.00 -95.53 1155.23
v -434.79 -95.67 1159.55
v -435.51 -96.35 1163.21
v -436.22 -97.60 1166.71
v -436.89 -99.40 1169.98
v -437.51 -101.70 1172.93
v -438.06 -104.43 1175.49
v -438.53 -107.55 1177.60
v -438.91 -110.96 1179.20
v -439.19 -114.59 1180.25
v -439.36 -118.35 1180.74
v -439.42 -122.14 1180.64
v -439.36 -125.86 1179.96
v -439.19 -129.44 1178.72
v -438.91 -132.78 1176.94
v -438.53 -135.79 1174.68
v -438.06 -138.41 1171.98
v -437.51 -140.56 1168.91
v -436.89 -142.21 1165.55
v -436.22 -143.30 1161.99
v -435.51 -143.80 1158.30
v -434.79 -143.72 1154.58
v -434.07 -143.04 1150.92
v -433.36 -141.79 1147.42
v -432.69 -139.99 1144.15
v -432.07 -137.70 1141.20
v -431.52 -134.96 1138.64
v -431.04 -131.84 1136.53
v -430.67 -128.43 1134.93
v -430.39 -124.80 1133.87
v -430.22 -121.05 1133.39
v -430.16 -117.26 1133.49
v -430.22 -113.53 1134.17
v -430.39 -109.95 1135.41
v -430.67 -106.62 1137.19
v -431.04 -103.60 1139.45
v -431.52 -100.99 1142.15
v -432.07 -98.83 1145.22
v -432.69 -97.19 1148.57
v -433.36 -96.10 1152.14
v -434.07 -95.59 1155.83
v -431.77 -95.73 1160.11
v -432.42 -96.41 1163.78
v -433.06 -97.66 1167.30
v -433.66 -99.46 1170.58
v -434.22 -101.76 1173.54
v -434.72 -104.50 1176.11
v -435.14 -107.61 1178.22
v -435.49 -111.03 1179.83
v -435.74 -114.66 1180.89
v -435.89 -118.41 1181.38
v -435.94 -122.20 1181.28
v -435.89 -125.93 1180.60
v -435.74 -129.50 1179.36
v -435.49 -132.84 1177.57
v -435.14 -135.85 1175.30
v -434.72 -138.47 1172.59
v -434.22 -140.63 1169.52
v -433.66 -142.27 1166.15
v -433.06 -143.36 1162.57
v -432.42 -143.86 1158.87
v -431.77 -143.78 1155.14
v -431.12 -143.10 1151.46
v -430.48 -141.84 1147.95
v -429.88 -140.05 1144.66
v -429.32 -137.75 1141.70
v -428.82 -135.01 1139.13
v -428.40 -131.89 1137.02
v -428.05 -128.48 1135.41
v -427.80 -124.85 1134.35
v -427.65 -121.09 1133.86
v -427.60 -117.31 1133.96
v -427.65 -113.58 1134.64
v -427.80 -110.00 1135.89
v -428.05 -106.67 1137.67
v -428.40 -103.65 1139.94
v -428.82 -101.04 1142.65
v -429.32 -98.88 1145.72
v -429.88 -97.24 1149.09
v -430.48 -96.15 1152.67
v -431.12 -95.64 1156.37
v -428.74 -95.78 1160.60
v -429.32 -96.46 1164.29
v -429.89 -97.72 1167.82
v -430.43 -99.52 1171.11
v -430.92 -101.81 1174.08
v -431.37 -104.56 1176.66
v -431.74 -107.67 1178.78
v -432.05 -111.09 1180.40
v -432.27 -114.72 1181.46
v -432.41 -118.47 1181.95
v -432.45 -122.26 1181.86
v -432.41 -125.99 1181.17
v -432.27 -129.56 1179.93
v -432.05 -132.90 1178.14
v -431.74 -135.91 1175.86
v -431.37 -138.53 1173.15
v -430.92 -140.68 1170.06
v -430.43 -142.32 1166.68
v -429.89 -143.41 1163.09
v -429.32 -143.92 1159.38
v -428.74 -143.83 1155.63
v -428.16 -143.15 1151.95
v -427.59 -141.89 1148.42
v -427.06 -140.09 1145.13
v -426.56 -137.80 1142.16
v -426.12 -135.06 1139.58
v -425.74 -131.94 1137.46
v -425.43 -128.52 1135.84
v -425.21 -124.89 1134.78
v -425.08 -121.14 1134.29
v -425.03 -117.35 1134.38
v -425.08 -113.62 1135.06
v -425.21 -110.05 1136.31
v -425.43 -106.71 1138.10
v -425.74 -103.70 1140.38
v -426.12 -101.08 1143.09
v -426.56 -98.93 1146.18
v -427.06 -97.29 1149.56
v -427.59 -96.20 1153.15
v -428.16 -95.70 1156.86
v -425.70 -95.83 1161.04
v -426.21 -96.51 1164.74
v -426.71 -97.77 1168.28
v -427.18 -99.57 1171.58
v -427.61 -101.86 1174.56
v -428.00 -104.61 1177.15
v -428.33 -107.72 1179.28
v -428.60 -111.14 1180.90
v -428.79 -114.77 1181.97
v -428.91 -118.53 1182.46
v -428.95 -122.31 1182.36
v -428.91 -126.04 1181.68
v -428.79 -129.62 1180.43
v -428.60 -132.95 1178.64
v -428.33 -135.96 1176.36
v -428.00 -138.58 1173.63
v -427.61 -140.73 1170.54
v -427.18 -142.37 1167.15
v -426.71 -143.46 1163.55
v -426.21 -143.96 1159.83
v -425.70 -143.87 1156.07
v -425.19 -143.19 1152.38
v -424.70 -141.94 1148.84
v -424.23 -140.14 1145.54
v -423.79 -137.84 1142.56
v -423.40 -135.10 1139.97
v -423.07 -131.98 1137.84
v -422.81 -128.56 1136.22
v -422.61 -124.93 1135.15
v -422.49 -121.18 1134.66
v -422.45 -117.39 1134.76
v -422.49 -113.66 1135.44
v -422.61 -110.09 1136.69
v -422.81 -106.75 1138.48
v -423.07 -103.74 1140.76
v -423.40 -101.12 1143.48
v -423.79 -98.97 1146.58
v -424.23 -97.33 1149.97
v -424.70 -96.24 1153.57
v -425.19 -95.74 1157.29
v -422.66 -95.87 1161.43
v -423.09 -96.55 1165.13
v -423.52 -97.81 1168.68
v -423.92 -99.61 1171.99
v -424.30 -101.91 1174.98
v -424.63 -104.65 1177.57
v -424.91 -107.77 1179.71
v -425.14 -111.18 1181.33
v -425.31 -114.81 1182.40
v -425.41 -118.57 1182.90
v -425.45 -122.36 1182.80
v -425.41 -126.09 1182.12
v -425.31 -129.66 1180.87
v -425.14 -133.00 1179.07
v -424.91 -136.01 1176.78
v -424.63 -138.62 1174.06
v -424.30 -140.78 1170.96
v -423.92 -142.41 1167.56
v -423.52 -143.50 1163.95
v -423.09 -144.00 1160.22
v -422.66 -143.91 1156.46
v -422.22 -143.23 1152.75
v -421.80 -141.97 1149.20
v -421.39 -140.17 1145.89
v -421.02 -137.87 1142.91
v -420.69 -135.13 1140.31
v -420.40 -132.01 1138.18
v -420.17 -128.60 1136.55
v -420.01 -124.97 1135.48
v -419.90 -121.21 1134.98
v -419.87 -117.42 1135.08
v -419.90 -113.69 1135.76
v -420.01 -110.12 1137.02
v -420.17 -106.79 1138.81
v -420.40 -103.77 1141.10
v -420.69 -101.16 1143.83
v -421.02 -99.01 1146.93
v -421.39 -97.37 1150.32
v -421.80 -96.28 1153.93
v -422.22 -95.78 1157.66
v -419.60 -95.90 1161.75
v -419.97 -96.58 1165.46
v -420.32 -97.84 1169.02
v -420.66 -99.64 1172.33
v -420.97 -101.94 1175.33
v -421.25 -104.69 1177.93
v -421.49 -107.81 1180.07
v -421.68 -111.22 1181.70
v -421.82 -114.85 1182.77
v -421.90 -118.61 1183.27
v -421.93 -122.40 1183.17
v -421.90 -126.12 1182.49
v -421.82 -129.70 1181.24
v -421.68 -133.03 1179.44
v -421.49 -136.04 1177.15
v -421.25 -138.66 1174.41
v -420.97 -140.81 1171.31
v -420.66 -142.45 1167.91
v -420.32 -143.53 1164.29
v -419.97 -144.04 1160.55
v -419.60 -143.95 1156.78
v -419.24 -143.26 1153.07
v -418.89 -142.01 1149.51
v -418.55 -140.20 1146.20
v -418.24 -137.90 1143.20
v -417.96 -135.16 1140.60
v -417.72 -132.04 1138.46
v -417.53 -128.63 1136.83
v -417.39 -124.99 1135.76
v -417.31 -121.24 1135.26
v -417.28 -117.45 1135.35
v -417.31 -113.72 1136.04
v -417.39 -110.15 1137.29
v -417.53 -106.81 1139.09
v -417.72 -103.80 1141.38
v -417.96 -101.19 1144.11
v -418.24 -99.04 1147.22
v -418.55 -97.40 1150.62
v -418.89 -96.31 1154.24
v -419.24 -95.81 1157.98
v -416.55 -95.93 1162.01
v -416.84 -96.61 1165.73
v -417.12 -97.87 1169.29
v -417.39 -99.67 1172.62
v -417.64 -101.97 1175.62
v -417.86 -104.72 1178.22
v -418.05 -107.84 1180.37
v -418.20 -111.25 1182.00
v -418.32 -114.88 1183.08
v -418.38 -118.64 1183.57
v -418.41 -122.43 1183.48
v -418.38 -126.16 1182.80
v -418.32 -129.73 1181.54
v -418.20 -133.06 1179.74
v -418.05 -136.08 1177.44
v -417.86 -138.69 1174.71
v -417.64 -140.84 1171.60
v -417.39 -142.48 1168.19
v -417.12 -143.56 1164.57
v -416.84 -144.06 1160.82
v -416.55 -143.97 1157.04
v -416.26 -143.29 1153.33
v -415.97 -142.03 1149.76
v -415.70 -140.23 1146.44
v -415.45 -137.93 1143.44
v -415.23 -135.19 1140.84
v -415.04 -132.07 1138.69
v -414.89 -128.65 1137.06
v -414.78 -125.02 1135.98
v -414.71 -121.26 1135.48
v -414.68 -117.47 1135.58
v -414.71 -113.75 1136.26
v -414.78 -110.17 1137.52
v -414.89 -106.84 1139.32
v -415.04 -103.83 1141.61
v -415.23 -101.21 1144.35
v -415.45 -99.06 1147.46
v -415.70 -97.42 1150.87
v -415.97 -96.34 1154.49
v -416.26 -95.84 1158.24
v -413.48 -95.95 1162.22
v -413.70 -96.63 1165.94
v -413.91 -97.89 1169.51
v -414.12 -99.70 1172.84
v -414.30 -102.00 1175.84
v -414.47 -104.74 1178.45
v -414.61 -107.86 1180.60
v -414.73 -111.28 1182.23
v -414.81 -114.91 1183.31
v -414.86 -118.67 1183.81
v -414.88 -122.45 1183.72
v -414.86 -126.18 1183.03
v -414.81 -129.76 1181.77
v -414.73 -133.09 1179.97
v -414.61 -136.10 1177.68
v -414.47 -138.71 1174.94
v -414.30 -140.86 1171.82
v -414.12 -142.50 1168.41
v -413.91 -143.59 1164.78
v -413.70 -144.09 1161.03
v -413.48 -143.99 1157.25
v -413.26 -143.31 1153.53
v -413.05 -142.05 1149.96
v -412.85 -140.25 1146.63
v -412.66 -137.95 1143.63
v -412.50 -135.20 1141.02
v -412.35 -132.09 1138.87
v -412.24 -128.67 1137.24
v -412.16 -125.04 1136.16
v -412.10 -121.28 1135.66
v -412.09 -117.49 1135.75
v -412.10 -113.76 1136.44
v -412.16 -110.19 1137.70
v -412.24 -106.86 1139.50
v -412.35 -103.85 1141.79
v -412.50 -101.23 1144.53
v -412.66 -99.08 1147.65
v -412.85 -97.44 1151.06
v -413.05 -96.36 1154.69
v -413.26 -95.86 1158.44
v -410.42 -95.97 1162.37
v -410.56 -96.65 1166.09
v -410.70 -97.91 1169.66
v -410.84 -99.71 1172.99
v -410.96 -102.01 1176.00
v -411.08 -104.76 1178.61
v -411.17 -107.88 1180.76
v -411.25 -111.29 1182.40
v -411.30 -114.93 1183.48
v -411.34 -118.68 1183.98
v -411.35 -122.47 1183.89
v -411.34 -126.20 1183.20
v -411.30 -129.77 1181.94
v -411.25 -133.11 1180.14
v -411.17 -136.12 1177.84
v -411.08 -138.73 1175.10
v -410.96 -140.88 1171.98
v -410.84 -142.52 1168.57
v -410.70 -143.60 1164.94
v -410.56 -144.10 1161.18
v -410.42 -144.01 1157.40
v -410.27 -143.33 1153.67
v -410.13 -142.07 1150.10
v -409.99 -140.26 1146.77
v -409.87 -137.96 1143.76
v -409.76 -135.22 1141.15
v -409.66 -132.10 1139.00
v -409.59 -128.68 1137.37
v -409.53 -125.05 1136.29
v -409.50 -121.29 1135.79
v -409.49 -117.50 1135.88
v -409.50 -113.78 1136.56
v -409.53 -110.20 1137.82
v -409.59 -106.87 1139.62
v -409.66 -103.86 1141.92
v -409.76 -101.25 1144.67
v -409.87 -99.09 1147.78
v -409.99 -97.46 1151.20
v -410.13 -96.37 1154.83
v -410.27 -95.87 1158.58
v -407.35 -95.98 1162.46
v -407.42 -96.66 1166.18
v -407.49 -97.92 1169.76
v -407.56 -99.72 1173.09
v -407.62 -102.02 1176.10
v -407.68 -104.77 1178.71
v -407.73 -107.89 1180.86
v -407.76 -111.31 1182.50
v -407.79 -114.94 1183.58
v -407.81 -118.69 1184.08
v -407.81 -122.48 1183.99
v -407.81 -126.21 1183.30
v -407.79 -129.78 1182.04
v -407.76 -133.12 1180.24
v -407.73 -136.13 1177.94
v -407.68 -138.74 1175.20
v -407.62 -140.89 1172.08
v -407.56 -142.53 1168.66
v -407.49 -143.61 1165.03
v -407.42 -144.11 1161.27
v -407.35 -144.02 1157.49
v -407.28 -143.33 1153.76
v -407.20 -142.08 1150.19
v -407.14 -140.27 1146.85
v -407.07 -137.97 1143.84
v -407.02 -135.23 1141.23
v -406.97 -132.11 1139.08
v -406.93 -128.69 1137.44
v -406.91 -125.06 1136.36
v -406.89 -121.30 1135.86
v -406.88 -117.51 1135.95
v -406.89 -113.79 1136.64
v -406.91 -110.21 1137.90
v -406.93 -106.88 1139.70
v -406.97 -103.87 1142.00
v -407.02 -101.25 1144.74
v -407.07 -99.10 1147.86
v -407.14 -97.47 1151.28
v -407.20 -96.38 1154.91
v -407.28 -95.88 1158.67
v -404.28 -95.98 1162.49
v -404.28 -96.66 1166.21
v -404.28 -97.92 1169.79
v -404.28 -99.72 1173.12
v -404.28 -102.03 1176.13
v -404.28 -104.77 1178.74
v -404.28 -107.89 1180.89
v -404.28 -111.31 1182.53
v -404.28 -114.94 1183.61
v -404.28 -118.70 1184.11
v -404.28 -122.49 1184.02
v -404.28 -126.21 1183.34
v -404.28 -129.79 1182.08
v -404.28 -133.12 1180.28
v -404.28 -136.13 1177.97
v -404.28 -138.74 1175.23
v -404.28 -140.89 1172.11
v -404.28 -142.53 1168.69
v -404.28 -143.61 1165.06
v -404.28 -144.11 1161.30
v -404.28 -144.02 1157.51
v -404.28 -143.34 1153.79
v -404.28 -142.08 1150.21
v -404.28 -140.28 1146.88
v -404.28 -137.97 1143.87
v -404.28 -135.23 1141.26
v -404.28 -132.11 1139.11
v -404.28 -128.69 1137.47
v -404.28 -125.06 1136.39
v -404.28 -121.30 1135.89
v -404.28 -117.51 1135.98
v -404.28 -113.79 1136.66
v -404.28 -110.21 1137.92
v -404.28 -106.88 1139.72
v -404.28 -103.87 1142.03
v -404.28 -101.26 1144.77
v -404.28 -99.11 1147.89
v -404.28 -97.47 1151.31
v -404.28 -96.39 1154.94
v -404.28 -95.89 1158.70
v 407.35 -95.98 1162.46
v 407.35 -96.66 1166.18
v 407.35 -97.92 1169.76
v 407.35 -99.72 1173.09
v 407.35 -102.02 1176.10
v 407.35 -104.77 1178.71
v 407.35 -107.89 1180.87
v 407.35 -111.31 1182.50
v 407.35 -114.94 1183.58
v 407.35 -118.69 1184.09
v 407.35 -122.48 1183.99
v 407.35 -126.21 1183.31
v 407.35 -129.78 1182.05
v 407.35 -133.12 1180.25
v 407.35 -136.13 1177.94
v 407.35 -138.74 1175.20
v 407.35 -140.89 1172.08
v 407.35 -142.53 1168.66
v 407.35 -143.61 1165.03
v 407.35 -144.11 1161.27
v 407.35 -144.02 1157.49
v 407.35 -143.33 1153.76
v 407.35 -142.08 1150.18
v 407.35 -140.27 1146.85
v 407.35 -137.97 1143.84
v 407.35 -135.23 1141.23
v 407.35 -132.11 1139.08
v 407.35 -128.69 1137.44
v 407.35 -125.06 1136.36
v 407.35 -121.30 1135.86
v 407.35 -117.51 1135.95
v 407.35 -113.78 1136.63
v 407.35 -110.21 1137.89
v 407.35 -106.88 1139.70
v 407.35 -103.87 1142.00
v 407.35 -101.25 1144.74
v 407.35 -99.10 1147.86
v 407.35 -97.47 1151.28
v 407.35 -96.38 1154.91
v 407.35 -95.88 1158.67
v 410.42 -95.97 1162.37
v 410.56 -96.65 1166.09
v 410.70 -97.91 1169.66
v 410.84 -99.71 1172.99
v 410.96 -102.01 1176.00
v 411.08 -104.76 1178.61
v 411.17 -107.88 1180.76
v 411.25 -111.29 1182.40
v 411.30 -114.93 1183.48
v 411.34 -118.68 1183.98
v 411.35 -122.47 1183.89
v 411.34 -126.20 1183.20
v 411.30 -129.77 1181.94
v 411.25 -133.11 1180.14
v 411.17 -136.12 1177.84
v 411.08 -138.73 1175.10
v 410.96 -140.88 1171.98
v 410.84 -142.52 1168.57
v 410.70 -143.60 1164.94
v 410.56 -144.10 1161.18
v 410.42 -144.01 1157.40
v 410.27 -143.33 1153.67
v 410.13 -142.07 1150.10
v 409.99 -140.26 1146.77
v 409.87 -137.96 1143.76
v 409.76 -135.22 1141.15
v 409.66 -132.10 1139.00
v 409.59 -128.68 1137.37
v 409.53 -125.05 1136.29
v 409.50 -121.29 1135.79
v 409.49 -117.50 1135.88
v 409.50 -113.78 1136.56
v 409.53 -110.20 1137.82
v 409.59 -106.87 1139.62
v 409.66 -103.86 1141.92
v 409.76 -101.25 1144.67
v 409.87 -99.09 1147.78
v 409.99 -97.46 1151.20
v 410.13 -96.37 1154.83
v 410.27 -95.87 1158.58
v 413.48 -95.95 1162.22
v 413.70 -96.63 1165.94
v 413.91 -97.89 1169.51
v 414.12 -99.70 1172.84
v 414.30 -102.00 1175.84
v 414.47 -104.74 1178.45
v 414.61 -107.86 1180.60
v 414.73 -111.28 1182.23
v 414.81 -114.91 1183.31
v 414.86 -118.67 1183.81
v 414.88 -122.45 1183.72
v 414.86 -126.18 1183.03
v 414.81 -129.76 1181.77
v 414.73 -133.09 1179.97
v 414.61 -136.10 1177.68
v 414.47 -138.71 1174.94
v 414.30 -140.86 1171.82
v 414.12 -142.50 1168.41
v 413.91 -143.59 1164.78
v 413.70 -144.09 1161.03
v 413.48 -143.99 1157.25
v 413.26 -143.31 1153.53
v 413.05 -142.05 1149.96
v 412.85 -140.25 1146.63
v 412.66 -137.95 1143.63
v 412.50 -135.20 1141.02
v 412.35 -132.09 1138.87
v 412.24 -128.67 1137.24
v 412.16 -125.04 1136.16
v 412.10 -121.28 1135.66
v 412.09 -117.49 1135.75
v 412.10 -113.76 1136.44
v 412.16 -110.19 1137.70
v 412.24 -106.86 1139.50
v 412.35 -103.85 1141.79
v 412.50 -101.23 1144.53
v 412.66 -99.08 1147.65
v 412.85 -97.44 1151.06
v 413.05 -96.36 1154.69
v 413.26 -95.86 1158.44
v 416.55 -95.93 1162.01
v 416.84 -96.61 1165.73
v 417.12 -97.87 1169.29
v 417.39 -99.67 1172.62
v 417.64 -101.97 1175.62
v 417.86 -104.72 1178.22
v 418.05 -107.84 1180.37
v 418.20 -111.25 1182.00
v 418.32 -114.88 1183.08
v 418.38 -118.64 1183.57
v 418.41 -122.43 1183.48
v 418.38 -126.16 1182.80
v 418.32 -129.73 1181.54
v 418.20 -133.06 1179.74
v 418.05 -136.08 1177.44
v 417.86 -138.69 1174.71
v 417.64 -140.84 1171.60
v 417.39 -142.48 1168.19
v 417.12 -143.56 1164.57
v 416.84 -144.06 1160.82
v 416.55 -143.97 1157.04
v 416.26 -143.29 1153.33
v 415.97 -142.03 1149.76
v 415.70 -140.23 1146.44
v 415.45 -137.93 1143.44
v 415.23 -135.19 1140.84
v 415.04 -132.07 1138.69
v 414.89 -128.65 1137.06
v 414.78 -125.02 1135.98
v 414.71 -121.26 1135.48
v 414.68 -117.47 1135.58
v 414.71 -113.75 1136.26
v 414.78 -110.17 1137.52
v 414.89 -106.84 1139.32
v 415.04 -103.83 1141.61
v 415.23 -101.21 1144.35
v 415.45 -99.06 1147.46
v 415.70 -97.42 1150.87
v 415.97 -96.34 1154.49
v 416.26 -95.84 1158.24
v 419.60 -95.90 1161.75
v 419.97 -96.58 1165.46
v 420.32 -97.84 1169.02
v 420.66 -99.64 1172.33
v 420.97 -101.94 1175.33
v 421.25 -104.69 1177.93
v 421.49 -107.81 1180.07
v 421.68 -111.22 1181.70
v 421.82 -114.85 1182.77
v 421.90 -118.61 1183.27
v 421.93 -122.40 1183.17
v 421.90 -126.12 1182.49
v 421.82 -129.70 1181.24
v 421.68 -133.03 1179.44
v 421.49 -136.04 1177.15
v 421.25 -138.66 1174.41
v 420.97 -140.81 1171.31
v 420.66 -142.45 1167.91
v 420.32 -143.53 1164.29
v 419.97 -144.04 1160.55
v 419.60 -143.95 1156.78
v 419.24 -143.26 1153.07
v 418.89 -142.01 1149.51
v 418.55 -140.20 1146.20
v 418.24 -137.90 1143.20
v 417.96 -135.16 1140.60
v 417.72 -132.04 1138.46
v 417.53 -128.63 1136.83
v 417.39 -124.99 1135.76
v 417.31 -121.24 1135.26
v 417.28 -117.45 1135.35
v 417.31 -113.72 1136.04
v 417.39 -110.15 1137.29
v 417.53 -106.81 1139.09
v 417.72 -103.80 1141.38
v 417.96 -101.19 1144.11
v 418.24 -99.04 1147.22
v 418.55 -97.40 1150.62
v 418.89 -96.31 1154.24
v 419.24 -95.81 1157.98
v 422.66 -95.87 1161.43
v 423.09 -96.55 1165.13
v 423.52 -97.81 1168.68
v 423.92 -99.61 1171.99
v 424.30 -101.91 1174.98
v 424.63 -104.65 1177.57
v 424.91 -107.77 1179.71
v 425.14 -111.18 1181.33
v 425.31 -114.81 1182.40
v 425.41 -118.57 1182.90
v 425.45 -122.36 1182.80
v 425.41 -126.09 1182.12
v 425.31 -129.66 1180.87
v 425.14 -133.00 1179.07
v 424.91 -136.01 1176.78
v 424.63 -138.62 1174.06
v 424.30 -140.78 1170.96
v 423.92 -142.41 1167.56
v 423.52 -143.50 1163.95
v 423.09 -144.00 1160.22
v 422.66 -143.91 1156.46
v 422.22 -143.23 1152.75
v 421.80 -141.97 1149.20
v 421.39 -140.17 1145.89
v 421.02 -137.87 1142.91
v 420.69 -135.13 1140.31
v 420.40 -132.01 1138.18
v 420.17 -128.60 1136.55
v 420.01 -124.97 1135.48
v 419.90 -121.21 1134.98
v 419.87 -117.42 1135.08
v 419.90 -113.69 1135.76
v 420.01 -110.12 1137.02
v 420.17 -106.79 1138.81
v 420.40 -103.77 1141.10
v 420.69 -101.16 1143.83
v 421.02 -99.01 1146.93
v 421.39 -97.37 1150.32
v 421.80 -96.28 1153.93
v 422.22 -95.78 1157.66
v 425.70 -95.83 1161.04
v 426.21 -96.51 1164.74
v 426.71 -97.77 1168.28
v 427.18 -99.57 1171.58
v 427.61 -101.86 1174.56
v 428.00 -104.61 1177.15
v 428.33 -107.72 1179.28
v 428.60 -111.14 1180.90
v 428.79 -114.77 1181.97
v 428.91 -118.53 1182.46
v 428.95 -122.31 1182.36
v 428.91 -126.04 1181.68
v 428.79 -129.62 1180.43
v 428.60 -132.95 1178.64
v 428.33 -135.96 1176.36
v 428.00 -138.58 1173.63
v 427.61 -140.73 1170.54
v 427.18 -142.37 1167.15
v 426.71 -143.46 1163.55
v 426.21 -143.96 1159.83
v 425.70 -143.87 1156.07
v 425.19 -143.19 1152.38
v 424.70 -141.94 1148.84
v 424.23 -140.14 1145.54
v 423.79 -137.84 1142.56
v 423.40 -135.10 1139.97
v 423.07 -131.98 1137.84
v 422.81 -128.56 1136.22
v 422.61 -124.93 1135.15
v 422.49 -121.18 1134.66
v 422.45 -117.39 1134.76
v 422.49 -113.66 1135.44
v 422.61 -110.09 1136.69
v 422.81 -106.75 1138.48
v 423.07 -103.74 1140.76
v 423.40 -101.12 1143.48
v 423.79 -98.97 1146.58
v 424.23 -97.33 1149.97
v 424.70 -96.24 1153.57
v 425.19 -95.74 1157.29
v 428.74 -95.78 1160.60
v 429.32 -96.46 1164.29
v 429.89 -97.72 1167.82
v 430.43 -99.52 1171.11
v 430.92 -101.81 1174.08
v 431.37 -104.56 1176.66
v 431.74 -107.67 1178.78
v 432.05 -111.09 1180.40
v 432.27 -114.72 1181.46
v 432.41 -118.47 1181.95
v 432.45 -122.26 1181.86
v 432.41 -125.99 1181.17
v 432.27 -129.56 1179.93
v 432.05 -132.90 1178.14
v 431.74 -135.91 1175.86
v 431.37 -138.53 1173.15
v 430.92 -140.68 1170.06
v 430.43 -142.32 1166.68
v 429.89 -143.41 1163.09
v 429.32 -143.92 1159.38
v 428.74 -143.83 1155.63
v 428.16 -143.15 1151.95
v 427.59 -141.89 1148.42
v 427.06 -140.09 1145.13
v 426.56 -137.80 1142.16
v 426.12 -135.06 1139.58
v 425.74 -131.94 1137.46
v 425.43 -128.52 1135.84
v 425.21 -124.89 1134.78
v 425.08 -121.14 1134.29
v 425.03 -117.35 1134.38
v 425.08 -113.62 1135.06
v 425.21 -110.05 1136.31
v 425.43 -106.71 1138.10
v 425.74 -103.70 1140.38
v 426.12 -101.08 1143.09
v 426.56 -98.93 1146.18
v 427.06 -97.29 1149.56
v 427.59 -96.20 1153.15
v 428.16 -95.70 1156.86
v 431.77 -95.73 1160.11
v 432.42 -96.41 1163.78
v 433.06 -97.66 1167.30
v 433.66 -99.46 1170.58
v 434.22 -101.76 1173.54
v 434.72 -104.50 1176.11
v 435.14 -107.61 1178.22
v 435.49 -111.03 1179.83
v 435.74 -114.66 1180.89
v 435.89 -118.41 1181.38
v 435.94 -122.20 1181.28
v 435.89 -125.93 1180.60
v 435.74 -129.50 1179.36
v 435.49 -132.84 1177.57
v 435.14 -135.85 1175.30
v 434.72 -138.47 1172.59
v 434.22 -140.63 1169.52
v 433.66 -142.27 1166.15
v 433.06 -143.36 1162.57
v 432.42 -143.86 1158.87
v 431.77 -143.78 1155.14
v 431.12 -143.10 1151.46
v 430.48 -141.84 1147.95
v 429.88 -140.05 1144.66
v 429.32 -137.75 1141.70
v 428.82 -135.01 1139.13
v 428.40 -131.89 1137.02
v 428.05 -128.48 1135.41
v 427.80 -124.85 1134.35
v 427.65 -121.09 1133.86
v 427.60 -117.31 1133.96
v 427.65 -113.58 1134.64
v 427.80 -110.00 1135.89
v 428.05 -106.67 1137.67
v 428.40 -103.65 1139.94
v 428.82 -101.04 1142.65
v 429.32 -98.88 1145.72
v 429.88 -97.24 1149.09
v 430.48 -96.15 1152.67
v 431.12 -95.64 1156.37
v 434.79 -95.67 1159.55
v 435.51 -96.35 1163.21
v 436.22 -97.60 1166.71
v 436.89 -99.40 1169.98
v 437.51 -101.70 1172.93
v 438.06 -104.43 1175.49
v 438.53 -107.55 1177.60
v 438.91 -110.96 1179.20
v 439.19 -114.59 1180.25
v 439.36 -118.35 1180.74
v 439.42 -122.14 1180.64
v 439.36 -125.86 1179.96
v 439.19 -129.44 1178.72
v 438.91 -132.78 1176.94
v 438.53 -135.79 1174.68
v 438.06 -138.41 1171.98
v 437.51 -140.56 1168.91
v 436.89 -142.21 1165.55
v 436.22 -143.30 1161.99
v 435.51 -143.80 1158.30
v 434.79 -143.72 1154.58
v 434.07 -143.04 1150.92
v 433.36 -141.79 1147.42
v 432.69 -139.99 1144.15
v 432.07 -137.70 1141.20
v 431.52 -134.96 1138.64
v 431.04 -131.84 1136.53
v 430.67 -128.43 1134.93
v 430.39 -124.80 1133.87
v 430.22 -121.05 1133.39
v 430.16 -117.26 1133.49
v 430.22 -113.53 1134.17
v 430.39 -109.95 1135.41
v 430.67 -106.62 1137.19
v 431.04 -103.60 1139.45
v 431.52 -100.99 1142.15
v 432.07 -98.83 1145.22
v 432.69 -97.19 1148.57
v 433.36 -96.10 1152.14
v 434.07 -95.59 1155.83
v 437.80 -95.61 1158.93
v 438.59 -96.29 1162.58
v 439.37 -97.54 1166.07
v 440.11 -99.33 1169.33
v 440.79 -101.63 1172.26
v 441.39 -104.36 1174.81
v 441.91 -107.48 1176.91
v 442.33 -110.89 1178.50
v 442.63 -114.52 1179.55
v 442.82 -118.27 1180.03
v 442.88 -122.06 1179.93
v 442.82 -125.79 1179.26
v 442.63 -129.37 1178.02
v 442.33 -132.70 1176.25
v 441.91 -135.72 1173.99
v 441.39 -138.34 1171.30
v 440.79 -140.49 1168.24
v 440.11 -142.14 1164.90
v 439.37 -143.23 1161.34
v 438.59 -143.74 1157.67
v 437.80 -143.65 1153.96
v 437.00 -142.98 1150.32
v 436.23 -141.73 1146.83
v 435.49 -139.93 1143.57
v 434.81 -137.64 1140.64
v 434.20 -134.90 1138.09
v 433.68 -131.79 1135.99
v 433.27 -128.37 1134.40
v 432.96 -124.75 1133.35
v 432.77 -120.99 1132.87
v 432.71 -117.20 1132.97
v 432.77 -113.48 1133.64
v 432.96 -109.90 1134.88
v 433.27 -106.56 1136.65
v 433.68 -103.55 1138.91
v 434.20 -100.93 1141.60
v 434.81 -98.77 1144.66
v 435.49 -97.13 1148.00
v 436.23 -96.04 1151.56
v 437.00 -95.53 1155.23
v 440.79 -95.54 1158.26
v 441.66 -96.22 1161.89
v 442.50 -97.46 1165.37
v 443.31 -99.26 1168.61
v 444.05 -101.55 1171.53
v 444.71 -104.29 1174.07
v 445.27 -107.40 1176.15
v 445.73 -110.81 1177.74
v 446.06 -114.44 1178.78
v 446.26 -118.19 1179.26
v 446.33 -121.98 1179.16
v 446.26 -125.71 1178.48
v 446.06 -129.29 1177.25
v 445.73 -132.62 1175.48
v 445.27 -135.64 1173.23
v 444.71 -138.26 1170.55
v 444.05 -140.42 1167.51
v 443.31 -142.06 1164.18
v 442.50 -143.16 1160.64
v 441.66 -143.67 1156.98
v 440.79 -143.59 1153.29
v 439.93 -142.91 1149.67
v 439.08 -141.66 1146.19
v 438.28 -139.87 1142.95
v 437.54 -137.58 1140.02
v 436.88 -134.84 1137.49
v 436.31 -131.73 1135.40
v 435.86 -128.31 1133.82
v 435.52 -124.69 1132.77
v 435.32 -120.93 1132.30
v 435.25 -117.14 1132.40
v 435.32 -113.42 1133.07
v 435.52 -109.84 1134.31
v 435.86 -106.50 1136.07
v 436.31 -103.49 1138.32
v 436.88 -100.87 1141.00
v 437.54 -98.71 1144.05
v 438.28 -97.06 1147.38
v 439.08 -95.97 1150.92
v 439.93 -95.46 1154.57
v 443.77 -95.47 1157.53
v 444.71 -96.14 1161.14
v 445.63 -97.39 1164.60
v 446.49 -99.18 1167.83
v 447.30 -101.47 1170.74
v 448.01 -104.20 1173.26
v 448.62 -107.32 1175.34
v 449.11 -110.73 1176.91
v 449.47 -114.35 1177.95
v 449.69 -118.11 1178.42
v 449.77 -121.90 1178.32
v 449.69 -125.62 1177.64
v 449.47 -129.20 1176.41
v 449.11 -132.54 1174.66
v 448.62 -135.56 1172.41
v 448.01 -138.18 1169.75
v 447.30 -140.34 1166.72
v 446.49 -141.98 1163.40
v 445.63 -143.08 1159.88
v 444.71 -143.59 1156.23
v 443.77 -143.51 1152.56
v 442.84 -142.84 1148.95
v 441.92 -141.59 1145.49
v 441.05 -139.80 1142.27
v 440.25 -137.51 1139.36
v 439.54 -134.77 1136.84
v 438.93 -131.66 1134.76
v 438.44 -128.25 1133.19
v 438.08 -124.62 1132.15
v 437.86 -120.87 1131.68
v 437.78 -117.08 1131.78
v 437.86 -113.35 1132.45
v 438.08 -109.78 1133.68
v 438.44 -106.44 1135.44
v 438.93 -103.42 1137.68
v 439.54 -100.80 1140.35
v 440.25 -98.64 1143.38
v 441.05 -96.99 1146.70
v 441.92 -95.90 1150.22
v 442.84 -95.39 1153.86
v 446.74 -95.38 1156.75
v 447.75 -96.06 1160.34
v 448.73 -97.30 1163.78
v 449.67 -99.09 1166.99
v 450.53 -101.38 1169.88
v 451.30 -104.11 1172.39
v 451.95 -107.22 1174.45
v 452.48 -110.63 1176.02
v 452.87 -114.26 1177.05
v 453.10 -118.01 1177.52
v 453.18 -121.80 1177.41
v 453.10 -125.53 1176.74
v 452.87 -129.11 1175.51
v 452.48 -132.45 1173.76
v 451.95 -135.46 1171.53
v 451.30 -138.09 1168.88
v 450.53 -140.25 1165.86
v 449.67 -141.90 1162.56
v 448.73 -142.99 1159.05
v 447.75 -143.51 1155.43
v 446.74 -143.43 1151.78
v 445.73 -142.76 1148.19
v 444.75 -141.51 1144.74
v 443.82 -139.72 1141.54
v 442.96 -137.43 1138.64
v 442.19 -134.70 1136.13
v 441.53 -131.59 1134.07
v 441.00 -128.18 1132.51
v 440.62 -124.55 1131.48
v 440.38 -120.80 1131.01
v 440.30 -117.01 1131.11
v 440.38 -113.28 1131.78
v 440.62 -109.71 1133.01
v 441.00 -106.37 1134.76
v 441.53 -103.35 1136.99
v 442.19 -100.73 1139.65
v 442.96 -98.56 1142.66
v 443.82 -96.92 1145.97
v 444.75 -95.82 1149.47
v 445.73 -95.31 1153.10
v 449.69 -95.30 1155.90
v 450.77 -95.97 1159.48
v 451.82 -97.21 1162.90
v 452.82 -99.00 1166.09
v 453.74 -101.29 1168.96
v 454.56 -104.02 1171.46
v 455.27 -107.13 1173.51
v 455.83 -110.54 1175.06
v 456.24 -114.16 1176.08
v 456.50 -117.91 1176.55
v 456.58 -121.70 1176.44
v 456.50 -125.43 1175.77
v 456.24 -129.01 1174.55
v 455.83 -132.35 1172.81
v 455.27 -135.37 1170.59
v 454.56 -137.99 1167.94
v 453.74 -140.15 1164.94
v 452.82 -141.80 1161.66
v 451.82 -142.90 1158.17
v 450.77 -143.42 1154.57
v 449.69 -143.34 1150.93
v 448.62 -142.67 1147.36
v 447.57 -141.43 1143.94
v 446.57 -139.64 1140.75
v 445.64 -137.35 1137.88
v 444.82 -134.62 1135.38
v 444.12 -131.51 1133.33
v 443.56 -128.10 1131.78
v 443.14 -124.48 1130.75
v 442.89 -120.72 1130.29
v 442.81 -116.94 1130.40
v 442.89 -113.21 1131.07
v 443.14 -109.63 1132.29
v 443.56 -106.29 1134.03
v 444.12 -103.27 1136.25
v 444.82 -100.65 1138.90
v 445.64 -98.49 1141.90
v 446.57 -96.83 1145.18
v 447.57 -95.74 1148.67
v 448.62 -95.22 1152.27
v 452.63 -95.20 1155.00
v 453.78 -95.87 1158.55
v 454.89 -97.11 1161.96
v 455.96 -98.90 1165.12
v 456.94 -101.18 1167.98
v 457.81 -103.91 1170.46
v 458.56 -107.02 1172.50
v 459.16 -110.43 1174.04
v 459.60 -114.05 1175.06
v 459.87 -117.81 1175.51
v 459.96 -121.59 1175.41
v 459.87 -125.32 1174.74
v 459.60 -128.90 1173.52
v 459.16 -132.24 1171.78
v 458.56 -135.26 1169.58
v 457.81 -137.89 1166.95
v 456.94 -140.05 1163.96
v 455.96 -141.70 1160.70
v 454.89 -142.80 1157.23
v 453.78 -143.32 1153.65
v 452.63 -143.25 1150.03
v 451.48 -142.58 1146.48
v 450.36 -141.34 1143.08
v 449.30 -139.55 1139.91
v 448.32 -137.27 1137.06
v 447.44 -134.54 1134.58
v 446.70 -131.43 1132.54
v 446.09 -128.02 1131.00
v 445.65 -124.40 1129.98
v 445.39 -120.65 1129.53
v 445.30 -116.86 1129.63
v 445.39 -113.13 1130.30
v 445.65 -109.55 1131.52
v 446.09 -106.21 1133.26
v 446.70 -103.19 1135.46
v 447.44 -100.57 1138.09
v 448.32 -98.40 1141.08
v 449.30 -96.75 1144.34
v 450.36 -95.65 1147.81
v 451.48 -95.13 1151.39
v 455.55 -95.11 1154.05
v 456.76 -95.77 1157.58
v 457.95 -97.01 1160.96
v 459.08 -98.79 1164.10
v 460.12 -101.08 1166.94
v 461.04 -103.80 1169.40
v 461.84 -106.91 1171.42
v 462.47 -110.32 1172.96
v 462.94 -113.94 1173.96
v 463.23 -117.69 1174.42
v 463.32 -121.48 1174.31
v 463.23 -125.21 1173.64
v 462.94 -128.79 1172.43
v 462.47 -132.13 1170.70
v 461.84 -135.15 1168.50
v 461.04 -137.78 1165.89
v 460.12 -139.94 1162.92
v 459.08 -141.60 1159.67
v 457.95 -142.70 1156.23
v 456.76 -143.22 1152.67
v 455.55 -143.15 1149.08
v 454.33 -142.49 1145.55
v 453.14 -141.25 1142.17
v 452.02 -139.46 1139.02
v 450.98 -137.18 1136.19
v 450.05 -134.45 1133.73
v 449.26 -131.34 1131.70
v 448.62 -127.94 1130.17
v 448.15 -124.31 1129.17
v 447.87 -120.56 1128.71
v 447.77 -116.77 1128.82
v 447.87 -113.05 1129.49
v 448.15 -109.47 1130.70
v 448.62 -106.13 1132.43
v 449.26 -103.10 1134.63
v 450.05 -100.48 1137.24
v 450.98 -98.31 1140.21
v 452.02 -96.66 1143.45
v 453.14 -95.55 1146.90
v 454.33 -95.03 1150.46
v 458.44 -95.00 1153.04
v 459.73 -95.66 1156.54
v 460.98 -96.90 1159.90
v 462.17 -98.68 1163.02
v 463.27 -100.96 1165.84
v 464.25 -103.69 1168.28
v 465.09 -106.79 1170.29
v 465.76 -110.20 1171.81
v 466.26 -113.82 1172.80
v 466.56 -117.57 1173.25
v 466.66 -121.36 1173.14
v 466.56 -125.09 1172.48
v 466.26 -128.67 1171.27
v 465.76 -132.01 1169.55
v 465.09 -135.03 1167.37
v 464.25 -137.66 1164.77
v 463.27 -139.83 1161.82
v 462.17 -141.49 1158.59
v 460.98 -142.59 1155.17
v 459.73 -143.11 1151.63
v 458.44 -143.04 1148.07
v 457.16 -142.38 1144.56
v 455.91 -141.15 1141.21
v 454.72 -139.37 1138.08
v 453.62 -137.08 1135.26
v 452.64 -134.36 1132.82
v 451.80 -131.25 1130.82
v 451.13 -127.85 1129.30
v 450.63 -124.22 1128.30
v 450.33 -120.47 1127.85
v 450.23 -116.69 1127.96
v 450.33 -112.96 1128.63
v 450.63 -109.38 1129.84
v 451.13 -106.03 1131.55
v 451.80 -103.01 1133.74
v 452.64 -100.38 1136.34
v 453.62 -98.22 1139.29
v 454.72 -96.56 1142.51
v 455.91 -95.45 1145.94
v 457.16 -94.93 1149.47
v 461.32 -94.89 1151.97
v 462.68 -95.55 1155.45
v 464.00 -96.78 1158.78
v 465.25 -98.56 1161.88
v 466.41 -100.84 1164.68
v 467.44 -103.57 1167.10
v 468.32 -106.67 1169.09
v 469.03 -110.07 1170.60
v 469.55 -113.70 1171.58
v 469.87 -117.45 1172.03
v 469.97 -121.23 1171.91
v 469.87 -124.96 1171.25
v 469.55 -128.54 1170.05
v 469.03 -131.89 1168.34
v 468.32 -134.91 1166.17
v 467.44 -137.54 1163.59
v 466.41 -139.71 1160.66
v 465.25 -141.37 1157.45
v 464.00 -142.48 1154.05
v 462.68 -143.00 1150.54
v 461.32 -142.93 1147.00
v 459.97 -142.28 1143.52
v 458.65 -141.04 1140.19
v 457.40 -139.26 1137.09
v 456.24 -136.98 1134.29
v 455.21 -134.26 1131.87
v 454.32 -131.15 1129.88
v 453.62 -127.75 1128.37
v 453.10 -124.13 1127.39
v 452.78 -120.38 1126.95
v 452.67 -116.59 1127.06
v 452.78 -112.86 1127.72
v 453.10 -109.28 1128.92
v 453.62 -105.94 1130.63
v 454.32 -102.92 1132.80
v 455.21 -100.29 1135.38
v 456.24 -98.11 1138.31
v 457.40 -96.46 1141.52
v 458.65 -95.35 1144.92
v 459.97 -94.82 1148.43
v 464.18 -94.77 1150.85
v 465.60 -95.43 1154.30
v 466.99 -96.66 1157.61
v 468.30 -98.44 1160.68
v 469.52 -100.72 1163.46
v 470.60 -103.44 1165.86
v 471.53 -106.54 1167.83
v 472.27 -109.94 1169.32
v 472.82 -113.56 1170.30
v 473.15 -117.31 1170.74
v 473.26 -121.10 1170.62
v 473.15 -124.83 1169.96
v 472.82 -128.41 1168.76
v 472.27 -131.75 1167.07
v 471.53 -134.78 1164.91
v 470.60 -137.41 1162.35
v 469.52 -139.58 1159.44
v 468.30 -141.25 1156.25
v 466.99 -142.35 1152.88
v 465.60 -142.88 1149.39
v 464.18 -142.82 1145.88
v 462.76 -142.16 1142.43
v 461.37 -140.93 1139.12
v 460.06 -139.15 1136.04
v 458.84 -136.88 1133.27
v 457.76 -134.15 1130.87
v 456.83 -131.05 1128.90
v 456.09 -127.65 1127.40
v 455.54 -124.03 1126.43
v 455.21 -120.28 1125.99
v 455.10 -116.49 1126.11
v 455.21 -112.76 1126.77
v 455.54 -109.18 1127.96
v 456.09 -105.84 1129.66
v 456.83 -102.81 1131.82
v 457.76 -100.18 1134.38
v 458.84 -98.01 1137.29
v 460.06 -96.35 1140.47
v 461.37 -95.24 1143.85
v 462.76 -94.71 1147.34
v 467.02 -94.65 1149.67
v 468.50 -95.31 1153.10
v 469.96 -96.53 1156.37
v 471.33 -98.31 1159.43
v 472.61 -100.58 1162.18
v 473.74 -103.30 1164.56
v 474.71 -106.40 1166.51
v 475.49 -109.80 1167.99
v 476.06 -113.42 1168.95
v 476.41 -117.17 1169.38
v 476.53 -120.96 1169.27
v 476.41 -124.69 1168.61
v 476.06 -128.27 1167.42
v 475.49 -131.62 1165.73
v 474.71 -134.64 1163.59
v 473.74 -137.28 1161.04
v 472.61 -139.45 1158.16
v 471.33 -141.12 1155.00
v 469.96 -142.23 1151.65
v 468.50 -142.76 1148.19
v 467.02 -142.70 1144.70
v 465.53 -142.04 1141.28
v 464.08 -140.81 1138.00
v 462.70 -139.04 1134.95
v 461.42 -136.77 1132.20
v 460.29 -134.05 1129.82
v 459.32 -130.95 1127.86
v 458.54 -127.55 1126.39
v 457.97 -123.93 1125.42
v 457.62 -120.18 1124.99
v 457.50 -116.39 1125.11
v 457.62 -112.66 1125.77
v 457.97 -109.08 1126.96
v 458.54 -105.73 1128.64
v 459.32 -102.71 1130.78
v 460.29 -100.07 1133.33
v 461.42 -97.90 1136.22
v 462.70 -96.23 1139.38
v 464.08 -95.12 1142.73
v 465.53 -94.59 1146.19
v 469.83 -94.53 1148.44
v 471.38 -95.18 1151.84
v 472.90 -96.40 1155.09
v 474.34 -98.17 1158.11
v 475.67 -100.44 1160.84
v 476.85 -103.16 1163.19
v 477.87 -106.26 1165.13
v 478.68 -109.66 1166.59
v 479.28 -113.28 1167.55
v 479.64 -117.03 1167.97
v 479.77 -120.81 1167.85
v 479.64 -124.54 1167.19
v 479.28 -128.12 1166.01
v 478.68 -131.47 1164.34
v 477.87 -134.50 1162.21
v 476.85 -137.13 1159.68
v 475.67 -139.31 1156.81
v 474.34 -140.98 1153.68
v 472.90 -142.09 1150.36
v 471.38 -142.63 1146.93
v 469.83 -142.57 1143.47
v 468.27 -141.92 1140.08
v 466.76 -140.69 1136.83
v 465.32 -138.92 1133.80
v 463.99 -136.65 1131.08
v 462.80 -133.93 1128.72
v 461.79 -130.83 1126.78
v 460.97 -127.43 1125.32
v 460.38 -123.82 1124.37
v 460.01 -120.07 1123.94
v 459.89 -116.28 1124.06
v 460.01 -112.55 1124.72
v 460.38 -108.97 1125.90
v 460.97 -105.62 1127.58
v 461.79 -102.60 1129.70
v 462.80 -99.96 1132.23
v 463.99 -97.78 1135.10
v 465.32 -96.12 1138.23
v 466.76 -95.00 1141.55
v 468.27 -94.47 1144.99
v 472.62 -94.39 1147.16
v 474.24 -95.04 1150.52
v 475.82 -96.26 1153.74
v 477.32 -98.03 1156.74
v 478.71 -100.30 1159.44
v 479.94 -103.02 1161.77
v 481.00 -106.11 1163.69
v 481.85 -109.51 1165.13
v 482.47 -113.13 1166.08
v 482.85 -116.87 1166.49
v 482.98 -120.66 1166.37
v 482.85 -124.39 1165.72
v 482.47 -127.97 1164.54
v 481.85 -131.32 1162.88
v 481.00 -134.35 1160.77
v 479.94 -136.99 1158.26
v 478.71 -139.17 1155.42
v 477.32 -140.84 1152.31
v 475.82 -141.95 1149.01
v 474.24 -142.49 1145.61
v 472.62 -142.44 1142.19
v 471.00 -141.79 1138.82
v 469.41 -140.57 1135.60
v 467.91 -138.80 1132.61
v 466.53 -136.53 1129.91
v 465.29 -133.81 1127.57
v 464.24 -130.72 1125.66
v 463.39 -127.32 1124.21
v 462.76 -123.70 1123.27
v 462.38 -119.96 1122.85
v 462.26 -116.17 1122.97
v 462.38 -112.44 1123.63
v 462.76 -108.86 1124.80
v 463.39 -105.51 1126.47
v 464.24 -102.48 1128.58
v 465.29 -99.84 1131.09
v 466.53 -97.66 1133.93
v 467.91 -95.99 1137.03
v 469.41 -94.87 1140.33
v 471.00 -94.34 1143.73
v 475.38 -94.25 1145.82
v 477.07 -94.90 1149.15
v 478.71 -96.12 1152.34
v 480.27 -97.88 1155.31
v 481.71 -100.15 1157.98
v 483.00 -102.86 1160.29
v 484.10 -105.96 1162.19
v 484.98 -109.35 1163.62
v 485.63 -112.97 1164.55
v 486.02 -116.71 1164.96
v 486.16 -120.50 1164.83
v 486.02 -124.23 1164.18
v 485.63 -127.81 1163.01
v 484.98 -131.16 1161.36
v 484.10 -134.19 1159.27
v 483.00 -136.83 1156.78
v 481.71 -139.02 1153.96
v 480.27 -140.69 1150.88
v 478.71 -141.81 1147.61
v 477.07 -142.35 1144.24
v 475.38 -142.30 1140.85
v 473.69 -141.65 1137.52
v 472.05 -140.43 1134.33
v 470.49 -138.67 1131.36
v 469.04 -136.40 1128.69
v 467.76 -133.69 1126.38
v 466.66 -130.60 1124.48
v 465.78 -127.20 1123.05
v 465.13 -123.58 1122.12
v 464.73 -119.84 1121.71
v 464.60 -116.05 1121.84
v 464.73 -112.32 1122.49
v 465.13 -108.74 1123.66
v 465.78 -105.39 1125.31
v 466.66 -102.36 1127.40
v 467.76 -99.72 1129.89
v 469.04 -97.53 1132.71
v 470.49 -95.86 1135.79
v 472.05 -94.74 1139.05
v 473.69 -94.20 1142.43
v 478.12 -94.11 1144.43
v 479.87 -94.75 1147.73
v 481.57 -95.97 1150.89
v 483.20 -97.73 1153.82
v 484.69 -99.99 1156.47
v 486.03 -102.70 1158.75
v 487.17 -105.79 1160.63
v 488.09 -109.19 1162.04
v 488.76 -112.80 1162.96
v 489.17 -116.55 1163.36
v 489.31 -120.33 1163.23
v 489.17 -124.06 1162.58
v 488.76 -127.65 1161.42
v 488.09 -131.00 1159.78
v 487.17 -134.03 1157.70
v 486.03 -136.68 1155.24
v 484.69 -138.86 1152.45
v 483.20 -140.54 1149.39
v 481.57 -141.66 1146.16
v 479.87 -142.20 1142.82
v 478.12 -142.15 1139.46
v 476.37 -141.51 1136.16
v 474.66 -140.30 1133.00
v 473.04 -138.54 1130.07
v 471.54 -136.27 1127.42
v 470.20 -133.56 1125.13
v 469.06 -130.47 1123.26
v 468.14 -127.08 1121.85
v 467.47 -123.46 1120.93
v 467.06 -119.72 1120.53
v 466.92 -115.93 1120.66
v 467.06 -112.20 1121.31
v 467.47 -108.61 1122.47
v 468.14 -105.26 1124.11
v 469.06 -102.23 1126.18
v 470.20 -99.59 1128.65
v 471.54 -97.40 1131.44
v 473.04 -95.73 1134.49
v 474.66 -94.61 1137.73
v 476.37 -94.06 1141.07
v 480.83 -93.96 1142.99
v 482.64 -94.60 1146.25
v 484.41 -95.81 1149.38
v 486.09 -97.57 1152.28
v 487.64 -99.83 1154.90
v 489.03 -102.54 1157.16
v 490.21 -105.63 1159.01
v 491.16 -109.02 1160.40
v 491.86 -112.63 1161.31
v 492.28 -116.38 1161.70
v 492.43 -120.16 1161.57
v 492.28 -123.89 1160.92
v 491.86 -127.48 1159.77
v 491.16 -130.83 1158.15
v 490.21 -133.87 1156.09
v 489.03 -136.51 1153.64
v 487.64 -138.70 1150.87
v 486.09 -140.38 1147.85
v 484.41 -141.50 1144.65
v 482.64 -142.05 1141.34
v 480.83 -142.00 1138.02
v 479.01 -141.37 1134.75
v 477.24 -140.16 1131.63
v 475.56 -138.40 1128.72
v 474.01 -136.14 1126.11
v 472.62 -133.43 1123.85
v 471.44 -130.34 1122.00
v 470.49 -126.95 1120.60
v 469.79 -123.33 1119.70
v 469.37 -119.59 1119.30
v 469.22 -115.80 1119.43
v 469.37 -112.07 1120.08
v 469.79 -108.49 1121.23
v 470.49 -105.14 1122.86
v 471.44 -102.10 1124.92
v 472.62 -99.46 1127.36
v 474.01 -97.27 1130.13
v 475.56 -95.59 1133.15
v 477.24 -94.46 1136.35
v 479.01 -93.92 1139.66
v 483.51 -93.81 1141.49
v 485.39 -94.44 1144.72
v 487.22 -95.65 1147.81
v 488.96 -97.40 1150.68
v 490.56 -99.66 1153.27
v 492.00 -102.37 1155.50
v 493.22 -105.45 1157.33
v 494.21 -108.84 1158.71
v 494.93 -112.46 1159.60
v 495.37 -116.20 1159.98
v 495.51 -119.98 1159.85
v 495.37 -123.72 1159.20
v 494.93 -127.30 1158.06
v 494.21 -130.66 1156.45
v 493.22 -133.69 1154.41
v 492.00 -136.34 1151.99
v 490.56 -138.53 1149.25
v 488.96 -140.21 1146.25
v 487.22 -141.34 1143.08
v 485.39 -141.89 1139.81
v 483.51 -141.85 1136.52
v 481.63 -141.22 1133.29
v 479.80 -140.01 1130.20
v 478.06 -138.25 1127.33
v 476.45 -135.99 1124.75
v 475.02 -133.29 1122.51
v 473.79 -130.20 1120.68
v 472.81 -126.81 1119.31
v 472.09 -123.20 1118.42
v 471.65 -119.46 1118.03
v 471.50 -115.67 1118.16
v 471.65 -111.94 1118.81
v 472.09 -108.35 1119.95
v 472.81 -105.00 1121.56
v 473.79 -101.96 1123.61
v 475.02 -99.32 1126.03
v 476.45 -97.13 1128.77
v 478.06 -95.45 1131.76
v 479.80 -94.32 1134.93
v 481.63 -93.76 1138.20
v 486.16 -93.65 1139.95
v 488.10 -94.28 1143.14
v 489.99 -95.48 1146.19
v 491.79 -97.23 1149.03
v 493.45 -99.49 1151.59
v 494.93 -102.19 1153.79
v 496.20 -105.27 1155.59
v 497.21 -108.66 1156.95
v 497.96 -112.27 1157.83
v 498.41 -116.02 1158.21
v 498.57 -119.80 1158.07
v 498.41 -123.53 1157.43
v 497.96 -127.12 1156.29
v 497.21 -130.47 1154.70
v 496.20 -133.51 1152.67
v 494.93 -136.16 1150.28
v 493.45 -138.36 1147.56
v 491.79 -140.04 1144.60
v 489.99 -141.17 1141.47
v 488.10 -141.73 1138.23
v 486.16 -141.69 1134.98
v 484.22 -141.06 1131.78
v 482.33 -139.86 1128.73
v 480.53 -138.10 1125.89
v 478.87 -135.85 1123.34
v 477.39 -133.15 1121.13
v 476.12 -130.06 1119.33
v 475.10 -126.67 1117.97
v 474.36 -123.06 1117.09
v 473.90 -119.32 1116.72
v 473.75 -115.54 1116.85
v 473.90 -111.80 1117.49
v 474.36 -108.22 1118.63
v 475.10 -104.86 1120.23
v 476.12 -101.82 1122.25
v 477.39 -99.17 1124.65
v 478.87 -96.98 1127.36
v 480.53 -95.30 1130.32
v 482.33 -94.16 1133.46
v 484.22 -93.61 1136.69
v 488.78 -93.48 1138.35
v 490.78 -94.11 1141.51
v 492.74 -95.31 1144.52
v 494.59 -97.06 1147.33
v 496.31 -99.31 1149.85
v 497.84 -102.01 1152.02
v 499.14 -105.09 1153.80
v 500.19 -108.47 1155.14
v 500.96 -112.08 1156.00
v 501.43 -115.83 1156.37
v 501.59 -119.61 1156.23
v 501.43 -123.34 1155.59
v 500.96 -126.93 1154.47
v 500.19 -130.29 1152.88
v 499.14 -133.33 1150.88
v 497.84 -135.98 1148.51
v 496.31 -138.18 1145.83
v 494.59 -139.86 1142.90
v 492.74 -141.00 1139.80
v 490.78 -141.56 1136.60
v 488.78 -141.53 1133.38
v 486.78 -140.90 1130.22
v 484.83 -139.70 1127.21
v 482.97 -137.95 1124.40
v 481.26 -135.70 1121.88
v 479.73 -133.00 1119.71
v 478.42 -129.92 1117.93
v 477.37 -126.53 1116.59
v 476.60 -122.92 1115.73
v 476.14 -119.18 1115.36
v 475.98 -115.40 1115.50
v 476.14 -111.66 1116.14
v 476.60 -108.08 1117.26
v 477.37 -104.72 1118.85
v 478.42 -101.68 1120.85
v 479.73 -99.03 1123.22
v 481.26 -96.83 1125.90
v 482.97 -95.14 1128.83
v 484.83 -94.01 1131.93
v 486.78 -93.45 1135.13
v 491.37 -93.31 1136.70
v 493.44 -93.93 1139.82
v 495.45 -95.13 1142.80
v 497.36 -96.87 1145.57
v 499.13 -99.12 1148.05
v 500.70 -101.82 1150.20
v 502.05 -104.90 1151.96
v 503.13 -108.28 1153.27
v 503.92 -111.89 1154.12
v 504.41 -115.63 1154.48
v 504.57 -119.41 1154.34
v 504.41 -123.15 1153.70
v 503.92 -126.74 1152.59
v 503.13 -130.09 1151.02
v 502.05 -133.14 1149.03
v 500.70 -135.79 1146.69
v 499.13 -137.99 1144.03
v 497.36 -139.68 1141.14
v 495.45 -140.82 1138.07
v 493.44 -141.38 1134.91
v 491.37 -141.35 1131.73
v 489.31 -140.73 1128.62
v 487.30 -139.54 1125.64
v 485.38 -137.79 1122.87
v 483.62 -135.54 1120.38
v 482.04 -132.85 1118.24
v 480.70 -129.77 1116.48
v 479.62 -126.38 1115.16
v 478.82 -122.78 1114.32
v 478.34 -119.04 1113.96
v 478.18 -115.25 1114.10
v 478.34 -111.52 1114.74
v 478.82 -107.93 1115.85
v 479.62 -104.57 1117.42
v 480.70 -101.53 1119.40
v 482.04 -98.88 1121.75
v 483.62 -96.68 1124.40
v 485.38 -94.98 1127.30
v 487.30 -93.84 1130.36
v 489.31 -93.28 1133.53
v 493.93 -93.14 1135.01
v 496.06 -93.75 1138.08
v 498.13 -94.95 1141.02
v 500.10 -96.69 1143.75
v 501.91 -98.93 1146.21
v 503.54 -101.62 1148.33
v 504.92 -104.70 1150.05
v 506.03 -108.08 1151.35
v 506.85 -111.69 1152.18
v 507.35 -115.43 1152.53
v 507.51 -119.21 1152.39
v 507.35 -122.94 1151.75
v 506.85 -126.53 1150.65
v 506.03 -129.89 1149.09
v 504.92 -132.94 1147.13
v 503.54 -135.60 1144.81
v 501.91 -137.80 1142.19
v 500.10 -139.49 1139.33
v 498.13 -140.64 1136.30
v 496.06 -141.21 1133.18
v 493.93 -141.18 1130.04
v 491.81 -140.56 1126.96
v 489.73 -139.37 1124.02
v 487.77 -137.63 1121.29
v 485.95 -135.38 1118.84
v 484.33 -132.69 1116.72
v 482.94 -129.61 1114.99
v 481.83 -126.23 1113.70
v 481.02 -122.63 1112.86
v 480.52 -118.89 1112.52
v 480.35 -115.10 1112.66
v 480.52 -111.37 1113.29
v 481.02 -107.78 1114.40
v 481.83 -104.42 1115.95
v 482.94 -101.38 1117.91
v 484.33 -98.72 1120.23
v 485.95 -96.52 1122.86
v 487.77 -94.82 1125.72
v 489.73 -93.68 1128.75
v 491.81 -93.11 1131.87
v 496.46 -92.96 1133.26
v 498.64 -93.57 1136.30
v 500.77 -94.76 1139.20
v 502.80 -96.49 1141.89
v 504.67 -98.73 1144.31
v 506.34 -101.42 1146.39
v 507.76 -104.50 1148.09
v 508.90 -107.88 1149.37
v 509.74 -111.48 1150.18
v 510.26 -115.22 1150.52
v 510.43 -119.00 1150.37
v 510.26 -122.74 1149.74
v 509.74 -126.33 1148.65
v 508.90 -129.69 1147.11
v 507.76 -132.74 1145.17
v 506.34 -135.40 1142.88
v 504.67 -137.60 1140.29
v 502.80 -139.30 1137.46
v 500.77 -140.45 1134.47
v 498.64 -141.02 1131.39
v 496.46 -141.00 1128.29
v 494.27 -140.39 1125.26
v 492.14 -139.20 1122.36
v 490.12 -137.46 1119.67
v 488.25 -135.22 1117.25
v 486.58 -132.53 1115.17
v 485.16 -129.46 1113.47
v 484.01 -126.08 1112.19
v 483.17 -122.47 1111.37
v 482.66 -118.73 1111.04
v 482.49 -114.95 1111.18
v 482.66 -111.22 1111.81
v 483.17 -107.63 1112.91
v 484.01 -104.27 1114.45
v 485.16 -101.22 1116.39
v 486.58 -98.56 1118.68
v 488.25 -96.35 1121.27
v 490.12 -94.65 1124.10
v 492.14 -93.50 1127.09
v 494.27 -92.93 1130.17
v 613.75 -84.39 1050.49
v 615.94 -85.01 1053.52
v 618.08 -86.19 1056.42
v 620.11 -87.93 1059.11
v 621.98 -90.17 1061.52
v 623.65 -92.86 1063.60
v 625.08 -95.93 1065.30
v 626.23 -99.31 1066.57
v 627.07 -102.92 1067.39
v 627.58 -106.66 1067.73
v 627.75 -110.44 1067.58
v 627.58 -114.17 1066.95
v 627.07 -117.76 1065.85
v 626.23 -121.12 1064.32
v 625.08 -124.17 1062.38
v 623.65 -126.83 1060.09
v 621.98 -129.04 1057.50
v 620.11 -130.74 1054.68
v 618.08 -131.89 1051.69
v 615.94 -132.46 1048.62
v 613.75 -132.44 1045.52
v 611.56 -131.82 1042.49
v 609.42 -130.64 1039.60
v 607.39 -128.90 1036.91
v 605.52 -126.66 1034.49
v 603.85 -123.97 1032.41
v 602.42 -120.90 1030.72
v 601.27 -117.52 1029.44
v 600.43 -113.91 1028.63
v 599.92 -110.17 1028.29
v 599.74 -106.39 1028.44
v 599.92 -102.66 1029.07
v 600.43 -99.07 1030.16
v 601.27 -95.71 1031.70
v 602.42 -92.66 1033.64
v 603.85 -90.00 1035.93
v 605.52 -87.79 1038.52
v 607.39 -86.09 1041.34
v 609.42 -84.94 1044.32
v 611.56 -84.37 1047.40
v 617.74 -84.07 1047.39
v 620.11 -84.67 1050.28
v 622.43 -85.84 1053.04
v 624.63 -87.57 1055.60
v 626.66 -89.80 1057.90
v 628.47 -92.47 1059.87
v 630.02 -95.54 1061.48
v 631.26 -98.91 1062.68
v 632.17 -102.51 1063.44
v 632.73 -106.24 1063.75
v 632.92 -110.03 1063.59
v 632.73 -113.76 1062.97
v 632.17 -117.35 1061.91
v 631.26 -120.72 1060.42
v 630.02 -123.78 1058.56
v 628.47 -126.45 1056.36
v 626.66 -128.66 1053.88
v 624.63 -130.37 1051.17
v 622.43 -131.54 1048.32
v 620.11 -132.12 1045.37
v 617.74 -132.12 1042.42
v 615.36 -131.52 1039.53
v 613.05 -130.34 1036.77
v 610.85 -128.62 1034.21
v 608.81 -126.39 1031.91
v 607.00 -123.71 1029.94
v 605.46 -120.65 1028.33
v 604.21 -117.28 1027.13
v 603.30 -113.68 1026.37
v 602.74 -109.94 1026.06
v 602.56 -106.16 1026.22
v 602.74 -102.43 1026.84
v 603.30 -98.83 1027.90
v 604.21 -95.47 1029.39
v 605.46 -92.41 1031.25
v 607.00 -89.74 1033.45
v 608.81 -87.52 1035.93
v 610.85 -85.81 1038.64
v 613.05 -84.65 1041.50
v 615.36 -84.07 1044.44
v 621.62 -83.74 1044.16
v 624.09 -84.33 1046.98
v 626.50 -85.50 1049.66
v 628.78 -87.21 1052.15
v 630.89 -89.43 1054.38
v 632.77 -92.10 1056.30
v 634.38 -95.16 1057.86
v 635.67 -98.53 1059.02
v 636.62 -102.13 1059.75
v 637.20 -105.86 1060.04
v 637.39 -109.64 1059.87
v 637.20 -113.38 1059.26
v 636.62 -116.97 1058.22
v 635.67 -120.34 1056.76
v 634.38 -123.40 1054.94
v 632.77 -126.08 1052.79
v 630.89 -128.30 1050.36
v 628.78 -130.02 1047.73
v 626.50 -131.19 1044.94
v 624.09 -131.78 1042.07
v 621.62 -131.78 1039.19
v 619.16 -131.19 1036.38
v 616.75 -130.02 1033.69
v 614.47 -128.31 1031.20
v 612.36 -126.09 1028.97
v 610.48 -123.41 1027.05
v 608.87 -120.36 1025.50
v 607.58 -116.99 1024.34
v 606.63 -113.39 1023.60
v 606.05 -109.66 1023.32
v 605.86 -105.88 1023.48
v 606.05 -102.14 1024.09
v 606.63 -98.55 1025.14
v 607.58 -95.18 1026.59
v 608.87 -92.12 1028.42
v 610.48 -89.44 1030.57
v 612.36 -87.22 1032.99
v 614.47 -85.50 1035.63
v 616.75 -84.33 1038.42
v 619.16 -83.74 1041.29
v 625.41 -83.39 1040.82
v 627.96 -83.97 1043.55
v 630.45 -85.13 1046.16
v 632.82 -86.84 1048.58
v 635.01 -89.06 1050.74
v 636.96 -91.72 1052.60
v 638.62 -94.77 1054.10
v 639.96 -98.14 1055.22
v 640.94 -101.73 1055.92
v 641.54 -105.46 1056.19
v 641.74 -109.24 1056.02
v 641.54 -112.98 1055.42
v 640.94 -116.58 1054.39
v 639.96 -119.95 1052.97
v 638.62 -123.01 1051.18
v 636.96 -125.69 1049.08
v 635.01 -127.92 1046.72
v 632.82 -129.65 1044.15
v 630.45 -130.83 1041.43
v 627.96 -131.43 1038.64
v 625.41 -131.44 1035.85
v 622.85 -130.85 1033.11
v 620.36 -129.69 1030.50
v 617.99 -127.99 1028.08
v 615.80 -125.77 1025.92
v 613.86 -123.11 1024.06
v 612.19 -120.05 1022.56
v 610.85 -116.69 1021.44
v 609.87 -113.10 1020.74
v 609.27 -109.36 1020.47
v 609.07 -105.58 1020.64
v 609.27 -101.85 1021.24
v 609.87 -98.25 1022.27
v 610.85 -94.88 1023.69
v 612.19 -91.81 1025.48
v 613.86 -89.13 1027.58
v 615.80 -86.90 1029.94
v 617.99 -85.18 1032.51
v 620.36 -84.00 1035.23
v 622.85 -83.40 1038.02
v 629.08 -83.03 1037.35
v 631.72 -83.61 1040.00
v 634.30 -84.76 1042.53
v 636.75 -86.46 1044.87
v 639.01 -88.66 1046.97
v 641.03 -91.32 1048.76
v 642.75 -94.37 1050.22
v 644.13 -97.73 1051.29
v 645.15 -101.32 1051.96
v 645.76 -105.05 1052.21
v 645.97 -108.83 1052.03
v 645.76 -112.57 1051.43
v 645.15 -116.17 1050.43
v 644.13 -119.54 1049.03
v 642.75 -122.61 1047.29
v 641.03 -125.30 1045.25
v 639.01 -127.53 1042.95
v 636.75 -129.26 1040.45
v 634.30 -130.45 1037.81
v 631.72 -131.06 1035.10
v 629.08 -131.08 1032.38
v 626.44 -130.50 1029.72
v 623.86 -129.35 1027.20
v 621.41 -127.65 1024.86
v 619.15 -125.44 1022.76
v 617.14 -122.78 1020.97
v 615.42 -119.74 1019.51
v 614.03 -116.38 1018.44
v 613.02 -112.79 1017.77
v 612.40 -109.06 1017.52
v 612.19 -105.28 1017.69
v 612.40 -101.54 1018.29
v 613.02 -97.94 1019.30
v 614.03 -94.57 1020.69
v 615.42 -91.50 1022.43
v 617.14 -88.81 1024.48
v 619.15 -86.58 1026.78
v 621.41 -84.84 1029.28
v 623.86 -83.66 1031.92
v 626.44 -83.05 1034.63
v 632.65 -82.66 1033.77
v 635.37 -83.23 1036.34
v 638.03 -84.37 1038.79
v 640.56 -86.06 1041.05
v 642.89 -88.26 1043.07
v 644.97 -90.92 1044.80
v 646.74 -93.96 1046.20
v 648.17 -97.31 1047.23
v 649.22 -100.90 1047.87
v 649.86 -104.63 1048.10
v 650.07 -108.41 1047.92
v 649.86 -112.14 1047.32
v 649.22 -115.74 1046.33
v 648.17 -119.12 1044.97
v 646.74 -122.20 1043.28
v 644.97 -124.89 1041.29
v 642.89 -127.13 1039.05
v 640.56 -128.87 1036.62
v 638.03 -130.06 1034.06
v 635.37 -130.68 1031.43
v 632.65 -130.71 1028.80
v 629.92 -130.14 1026.23
v 627.26 -129.00 1023.78
v 624.74 -127.31 1021.52
v 622.40 -125.11 1019.50
v 620.32 -122.45 1017.77
v 618.55 -119.41 1016.37
v 617.12 -116.06 1015.34
v 616.07 -112.47 1014.70
v 615.43 -108.74 1014.47
v 615.22 -104.96 1014.65
v 615.43 -101.23 1015.25
v 616.07 -97.63 1016.23
v 617.12 -94.25 1017.59
v 618.55 -91.17 1019.29
v 620.32 -88.48 1021.28
v 622.40 -86.24 1023.52
v 624.74 -84.50 1025.95
v 627.26 -83.31 1028.51
v 629.92 -82.69 1031.14
v 636.10 -82.28 1030.08
v 638.90 -82.84 1032.56
v 641.64 -83.97 1034.92
v 644.24 -85.65 1037.11
v 646.64 -87.85 1039.05
v 648.79 -90.49 1040.72
v 650.61 -93.53 1042.06
v 652.09 -96.88 1043.04
v 653.16 -100.46 1043.65
v 653.82 -104.19 1043.86
v 654.04 -107.97 1043.67
v 653.82 -111.70 1043.08
v 653.16 -115.31 1042.11
v 652.09 -118.69 1040.79
v 650.61 -121.77 1039.14
v 648.79 -124.46 1037.20
v 646.64 -126.71 1035.03
v 644.24 -128.46 1032.68
v 641.64 -129.66 1030.20
v 638.90 -130.29 1027.65
v 636.10 -130.32 1025.11
v 633.29 -129.77 1022.62
v 630.55 -128.63 1020.26
v 627.95 -126.95 1018.08
v 625.55 -124.76 1016.13
v 623.41 -122.11 1014.47
v 621.58 -119.08 1013.13
v 620.11 -115.73 1012.14
v 619.03 -112.14 1011.54
v 618.37 -108.42 1011.33
v 618.15 -104.64 1011.52
v 618.37 -100.90 1012.10
v 619.03 -97.30 1013.07
v 620.11 -93.92 1014.40
v 621.58 -90.84 1016.05
v 623.41 -88.14 1017.98
v 625.55 -85.89 1020.15
v 627.95 -84.14 1022.51
v 630.55 -82.94 1024.99
v 633.29 -82.32 1027.53
v 639.43 -81.89 1026.28
v 642.31 -82.43 1028.67
v 645.13 -83.56 1030.95
v 647.80 -85.23 1033.05
v 650.27 -87.42 1034.92
v 652.47 -90.06 1036.52
v 654.35 -93.09 1037.80
v 655.86 -96.43 1038.74
v 656.97 -100.01 1039.31
v 657.65 -103.74 1039.50
v 657.87 -107.51 1039.30
v 657.65 -111.25 1038.72
v 656.97 -114.86 1037.77
v 655.86 -118.24 1036.48
v 654.35 -121.33 1034.88
v 652.47 -124.03 1033.00
v 650.27 -126.29 1030.90
v 647.80 -128.04 1028.62
v 645.13 -129.25 1026.22
v 642.31 -129.89 1023.77
v 639.43 -129.93 1021.31
v 636.54 -129.38 1018.92
v 633.73 -128.26 1016.64
v 631.05 -126.59 1014.54
v 628.58 -124.40 1012.67
v 626.38 -121.76 1011.07
v 624.50 -118.73 1009.79
v 622.99 -115.39 1008.85
v 621.88 -111.81 1008.28
v 621.21 -108.08 1008.09
v 620.98 -104.31 1008.29
v 621.21 -100.57 1008.87
v 621.88 -96.96 1009.82
v 622.99 -93.58 1011.11
v 624.50 -90.49 1012.71
v 626.38 -87.79 1014.59
v 628.58 -85.53 1016.69
v 631.05 -83.78 1018.97
v 633.73 -82.57 1021.37
v 636.54 -81.93 1023.82
v 642.64 -81.48 1022.38
v 645.60 -82.02 1024.68
v 648.49 -83.14 1026.87
v 651.23 -84.80 1028.88
v 653.76 -86.98 1030.67
v 656.02 -89.61 1032.20
v 657.95 -92.64 1033.42
v 659.50 -95.98 1034.31
v 660.64 -99.55 1034.85
v 661.33 -103.27 1035.02
v 661.57 -107.05 1034.81
v 661.33 -110.79 1034.24
v 660.64 -114.40 1033.31
v 659.50 -117.79 1032.06
v 657.95 -120.87 1030.50
v 656.02 -123.58 1028.69
v 653.76 -125.85 1026.65
v 651.23 -127.61 1024.45
v 648.49 -128.83 1022.14
v 645.60 -129.47 1019.77
v 642.64 -129.53 1017.41
v 639.68 -128.99 1015.11
v 636.79 -127.88 1012.92
v 634.04 -126.21 1010.91
v 631.51 -124.03 1009.11
v 629.25 -121.40 1007.59
v 627.32 -118.38 1006.36
v 625.77 -115.04 1005.47
v 624.63 -111.46 1004.94
v 623.94 -107.74 1004.77
v 623.71 -103.96 1004.98
v 623.94 -100.22 1005.55
v 624.63 -96.62 1006.47
v 625.77 -93.23 1007.73
v 627.32 -90.14 1009.29
v 629.25 -87.43 1011.10
v 631.51 -85.17 1013.14
v 634.04 -83.40 1015.34
v 636.79 -82.18 1017.65
v 639.68 -81.54 1020.01
v 645.72 -81.07 1018.38
v 648.76 -81.60 1020.59
v 651.71 -82.70 1022.68
v 654.53 -84.36 1024.61
v 657.12 -86.53 1026.32
v 659.43 -89.15 1027.77
v 661.41 -92.17 1028.94
v 663.00 -95.51 1029.78
v 664.16 -99.08 1030.28
v 664.87 -102.80 1030.42
v 665.11 -106.57 1030.21
v 664.87 -110.31 1029.64
v 664.16 -113.92 1028.74
v 663.00 -117.32 1027.52
v 661.41 -120.41 1026.02
v 659.43 -123.13 1024.26
v 657.12 -125.40 1022.30
v 654.53 -127.17 1020.18
v 651.71 -128.40 1017.95
v 648.76 -129.05 1015.68
v 645.72 -129.11 1013.41
v 642.69 -128.59 1011.20
v 639.73 -127.48 1009.11
v 636.92 -125.82 1007.18
v 634.32 -123.66 1005.47
v 632.01 -121.03 1004.01
v 630.03 -118.01 1002.85
v 628.44 -114.68 1002.01
v 627.28 -111.11 1001.51
v 626.57 -107.39 1001.36
v 626.33 -103.61 1001.58
v 626.57 -99.87 1002.14
v 627.28 -96.26 1003.04
v 628.44 -92.87 1004.26
v 630.03 -89.77 1005.77
v 632.01 -87.06 1007.53
v 634.32 -84.79 1009.49
v 636.92 -83.02 1011.61
v 639.73 -81.79 1013.83
v 642.69 -81.13 1016.11
v 648.68 -80.65 1014.28
v 651.78 -81.16 1016.39
v 654.81 -82.26 1018.39
v 657.68 -83.91 1020.23
v 660.34 -86.07 1021.86
v 662.70 -88.68 1023.24
v 664.73 -91.70 1024.34
v 666.35 -95.03 1025.13
v 667.54 -98.59 1025.60
v 668.27 -102.31 1025.72
v 668.51 -106.09 1025.50
v 668.27 -109.83 1024.94
v 667.54 -113.44 1024.06
v 666.35 -116.84 1022.88
v 664.73 -119.94 1021.42
v 662.70 -122.66 1019.73
v 660.34 -124.94 1017.84
v 657.68 -126.72 1015.80
v 654.81 -127.95 1013.67
v 651.78 -128.62 1011.49
v 648.68 -128.69 1009.31
v 645.58 -128.17 1007.20
v 642.55 -127.08 1005.20
v 639.67 -125.43 1003.36
v 637.02 -123.27 1001.73
v 634.65 -120.65 1000.35
v 632.63 -117.64 999.25
v 631.00 -114.31 998.46
v 629.81 -110.74 998.00
v 629.09 -107.03 997.87
v 628.84 -103.25 998.09
v 629.09 -99.51 998.65
v 629.81 -95.90 999.53
v 631.00 -92.50 1000.72
v 632.63 -89.40 1002.17
v 634.65 -86.68 1003.87
v 637.02 -84.40 1005.75
v 639.67 -82.62 1007.79
v 642.55 -81.38 1009.93
v 645.58 -80.72 1012.11
v 651.50 -80.21 1010.09
v 654.67 -80.72 1012.11
v 657.77 -81.81 1014.01
v 660.70 -83.45 1015.76
v 663.41 -85.60 1017.30
v 665.83 -88.21 1018.61
v 667.90 -91.21 1019.65
v 669.56 -94.53 1020.39
v 670.77 -98.10 1020.81
v 671.52 -101.81 1020.91
v 671.77 -105.59 1020.68
v 671.52 -109.33 1020.13
v 670.77 -112.94 1019.28
v 669.56 -116.35 1018.13
v 667.90 -119.45 1016.73
v 665.83 -122.18 1015.10
v 663.41 -124.46 1013.28
v 660.70 -126.25 1011.33
v 657.77 -127.50 1009.29
v 654.67 -128.17 1007.20
v 651.50 -128.26 1005.12
v 648.34 -127.75 1003.11
v 645.24 -126.66 1001.21
v 642.31 -125.03 999.46
v 639.60 -122.87 997.91
v 637.18 -120.27 996.61
v 635.11 -117.26 995.57
v 633.45 -113.94 994.83
v 632.24 -110.37 994.41
v 631.49 -106.66 994.31
v 631.24 -102.88 994.54
v 631.49 -99.14 995.09
v 632.24 -95.53 995.94
v 633.45 -92.12 997.09
v 635.11 -89.02 998.49
v 637.18 -86.29 1000.12
v 639.60 -84.01 1001.94
v 642.31 -82.22 1003.89
v 645.24 -80.97 1005.93
v 648.34 -80.30 1008.02
v 654.20 -79.77 1005.82
v 657.43 -80.27 1007.73
v 660.58 -81.34 1009.54
v 663.58 -82.97 1011.19
v 666.34 -85.12 1012.65
v 668.81 -87.72 1013.88
v 670.92 -90.71 1014.85
v 672.61 -94.03 1015.54
v 673.85 -97.59 1015.93
v 674.61 -101.31 1016.00
v 674.86 -105.08 1015.77
v 674.61 -108.82 1015.23
v 673.85 -112.44 1014.39
v 672.61 -115.84 1013.28
v 670.92 -118.95 1011.93
v 668.81 -121.69 1010.37
v 666.34 -123.98 1008.63
v 663.58 -125.78 1006.76
v 660.58 -127.04 1004.81
v 657.43 -127.72 1002.83
v 654.20 -127.82 1000.85
v 650.96 -127.32 998.94
v 647.81 -126.24 997.13
v 644.82 -124.61 995.48
v 642.05 -122.47 994.02
v 639.59 -119.87 992.79
v 637.48 -116.87 991.82
v 635.79 -113.55 991.13
v 634.54 -109.99 990.74
v 633.79 -106.28 990.67
v 633.53 -102.51 990.90
v 633.79 -98.77 991.44
v 634.54 -95.15 992.28
v 635.79 -91.74 993.39
v 637.48 -88.63 994.74
v 639.59 -85.90 996.30
v 642.05 -83.60 998.04
v 644.82 -81.81 999.90
v 647.81 -80.55 1001.86
v 650.96 -79.87 1003.84
v 656.75 -79.32 1001.46
v 660.05 -79.81 1003.27
v 663.26 -80.87 1004.98
v 666.31 -82.49 1006.54
v 669.13 -84.62 1007.91
v 671.64 -87.22 1009.06
v 673.78 -90.21 1009.97
v 675.51 -93.52 1010.60
v 676.77 -97.08 1010.95
v 677.54 -100.79 1011.00
v 677.80 -104.56 1010.76
v 677.54 -108.30 1010.22
v 676.77 -111.92 1009.41
v 675.51 -115.33 1008.34
v 673.78 -118.45 1007.05
v 671.64 -121.19 1005.55
v 669.13 -123.49 1003.89
v 666.31 -125.30 1002.11
v 663.26 -126.57 1000.25
v 660.05 -127.26 998.37
v 656.75 -127.36 996.49
v 653.46 -126.88 994.68
v 650.25 -125.81 992.97
v 647.20 -124.19 991.42
v 644.38 -122.06 990.04
v 641.87 -119.47 988.89
v 639.73 -116.48 987.99
v 638.00 -113.16 987.35
v 636.74 -109.61 987.01
v 635.97 -105.90 986.95
v 635.71 -102.12 987.20
v 635.97 -98.38 987.73
v 636.74 -94.76 988.54
v 638.00 -91.35 989.61
v 639.73 -88.24 990.91
v 641.87 -85.49 992.41
v 644.38 -83.19 994.06
v 647.20 -81.39 995.84
v 650.25 -80.12 997.70
v 653.46 -79.43 999.59
v 659.17 -78.86 997.03
v 662.52 -79.34 998.73
v 665.79 -80.39 1000.34
v 668.89 -82.00 1001.80
v 671.76 -84.13 1003.08
v 674.31 -86.71 1004.16
v 676.49 -89.69 1004.99
v 678.25 -93.00 1005.57
v 679.53 -96.55 1005.88
v 680.32 -100.26 1005.91
v 680.58 -104.03 1005.66
v 680.32 -107.78 1005.13
v 679.53 -111.40 1004.34
v 678.25 -114.81 1003.32
v 676.49 -117.93 1002.07
v 674.31 -120.68 1000.64
v 671.76 -122.99 999.06
v 668.89 -124.81 997.37
v 665.79 -126.08 995.61
v 662.52 -126.79 993.83
v 659.17 -126.91 992.06
v 655.82 -126.43 990.35
v 652.56 -125.37 988.74
v 649.45 -123.77 987.28
v 646.59 -121.64 986.00
v 644.03 -119.06 984.93
v 641.85 -116.07 984.09
v 640.10 -112.76 983.51
v 638.81 -109.21 983.20
v 638.03 -105.51 983.18
v 637.76 -101.73 983.43
v 638.03 -97.99 983.95
v 638.81 -94.37 984.74
v 640.10 -90.95 985.77
v 641.85 -87.83 987.01
v 644.03 -85.08 988.44
v 646.59 -82.77 990.02
v 649.45 -80.96 991.71
v 652.56 -79.68 993.47
v 655.82 -78.98 995.26
v 661.45 -78.40 992.52
v 664.85 -78.86 994.12
v 668.17 -79.90 995.62
v 671.32 -81.50 996.98
v 674.23 -83.62 998.18
v 676.83 -86.19 999.17
v 679.04 -89.17 999.94
v 680.83 -92.47 1000.46
v 682.13 -96.02 1000.73
v 682.93 -99.73 1000.73
v 683.20 -103.50 1000.47
v 682.93 -107.24 999.95
v 682.13 -110.87 999.19
v 680.83 -114.28 998.20
v 679.04 -117.41 997.02
v 676.83 -120.17 995.66
v 674.23 -122.49 994.16
v 671.32 -124.31 992.56
v 668.17 -125.60 990.89
v 664.85 -126.31 989.21
v 661.45 -126.44 987.55
v 658.04 -125.97 985.94
v 654.73 -124.93 984.44
v 651.57 -123.33 983.08
v 648.66 -121.22 981.89
v 646.07 -118.64 980.89
v 643.85 -115.66 980.13
v 642.07 -112.36 979.60
v 640.76 -108.81 979.34
v 639.96 -105.11 979.33
v 639.70 -101.34 979.59
v 639.96 -97.59 980.11
v 640.76 -93.97 980.87
v 642.07 -90.55 981.86
v 643.85 -87.42 983.05
v 646.07 -84.67 984.41
v 648.66 -82.35 985.91
v 651.57 -80.52 987.51
v 654.73 -79.24 989.17
v 658.04 -78.52 990.85
v 663.58 -77.92 987.94
v 667.03 -78.38 989.43
v 670.40 -79.41 990.83
v 673.60 -81.00 992.09
v 676.55 -83.10 993.19
v 679.19 -85.67 994.10
v 681.44 -88.64 994.80
v 683.24 -91.94 995.27
v 684.57 -95.48 995.49
v 685.38 -99.18 995.47
v 685.65 -102.95 995.20
v 685.38 -106.70 994.70
v 684.57 -110.33 993.96
v 683.24 -113.75 993.01
v 681.44 -116.88 991.88
v 679.19 -119.64 990.59
v 676.55 -121.97 989.17
v 673.60 -123.80 987.66
v 670.40 -125.10 986.10
v 667.03 -125.83 984.52
v 663.58 -125.97 982.97
v 660.13 -125.51 981.47
v 656.76 -124.48 980.07
v 653.56 -122.89 978.81
v 650.61 -120.78 977.71
v 647.97 -118.22 976.80
v 645.73 -115.25 976.10
v 643.92 -111.95 975.63
v 642.59 -108.41 975.41
v 641.78 -104.70 975.43
v 641.51 -100.93 975.70
v 641.78 -97.19 976.21
v 642.59 -93.56 976.94
v 643.92 -90.14 977.89
v 645.73 -87.01 979.02
v 647.97 -84.24 980.31
v 650.61 -81.92 981.73
v 653.56 -80.08 983.24
v 656.76 -78.79 984.80
v 660.13 -78.06 986.38
v 665.57 -77.44 983.29
v 669.07 -77.88 984.68
v 672.48 -78.91 985.97
v 675.72 -80.48 987.13
v 678.71 -82.58 988.14
v 681.38 -85.14 988.97
v 683.66 -88.10 989.59
v 685.50 -91.39 990.00
v 686.84 -94.93 990.19
v 687.66 -98.63 990.14
v 687.93 -102.40 989.86
v 687.66 -106.15 989.36
v 686.84 -109.78 988.65
v 685.50 -113.20 987.75
v 683.66 -116.34 986.67
v 681.38 -119.11 985.45
v 678.71 -121.45 984.12
v 675.72 -123.29 982.70
v 672.48 -124.60 981.24
v 669.07 -125.34 979.77
v 665.57 -125.48 978.32
v 662.07 -125.04 976.94
v 658.66 -124.02 975.64
v 655.41 -122.44 974.48
v 652.42 -120.35 973.47
v 649.75 -117.79 972.65
v 647.47 -114.82 972.02
v 645.64 -111.53 971.61
v 644.29 -107.99 971.42
v 643.47 -104.30 971.47
v 643.20 -100.53 971.75
v 643.47 -96.78 972.25
v 644.29 -93.15 972.96
v 645.64 -89.72 973.86
v 647.47 -86.59 974.94
v 649.75 -83.81 976.16
v 652.42 -81.48 977.49
v 655.41 -79.63 978.91
v 658.66 -78.33 980.37
v 662.07 -77.59 981.84
v 667.41 -76.95 978.59
v 670.95 -77.39 979.86
v 674.40 -78.40 981.05
v 677.69 -79.96 982.11
v 680.72 -82.05 983.02
v 683.42 -84.60 983.77
v 685.73 -87.56 984.32
v 687.58 -90.84 984.67
v 688.94 -94.37 984.81
v 689.77 -98.07 984.74
v 690.05 -101.84 984.45
v 689.77 -105.59 983.96
v 688.94 -109.22 983.28
v 687.58 -112.65 982.42
v 685.73 -115.79 981.40
v 683.42 -118.57 980.25
v 680.72 -120.92 979.00
v 677.69 -122.77 977.68
v 674.40 -124.09 976.32
v 670.95 -124.84 974.95
v 667.41 -125.00 973.62
v 663.86 -124.57 972.34
v 660.41 -123.56 971.16
v 657.13 -121.99 970.10
v 654.10 -119.90 969.18
v 651.40 -117.35 968.44
v 649.09 -114.40 967.88
v 647.23 -111.11 967.53
v 645.87 -107.58 967.39
v 645.04 -103.88 967.46
v 644.76 -100.11 967.75
v 645.04 -96.36 968.24
v 645.87 -92.73 968.93
v 647.23 -89.30 969.79
v 649.09 -86.16 970.80
v 651.40 -83.38 971.95
v 654.10 -81.03 973.20
v 657.13 -79.18 974.52
v 660.41 -77.86 975.88
v 663.86 -77.11 977.25
v 669.10 -76.46 973.83
v 672.68 -76.88 974.99
v 676.17 -77.88 976.07
v 679.49 -79.44 977.02
v 682.55 -81.51 977.84
v 685.29 -84.06 978.50
v 687.62 -87.00 978.98
v 689.50 -90.28 979.28
v 690.87 -93.81 979.38
v 691.71 -97.51 979.28
v 691.99 -101.27 978.98
v 691.71 -105.02 978.50
v 690.87 -108.66 977.84
v 689.50 -112.09 977.02
v 687.62 -115.24 976.06
v 685.29 -118.03 974.99
v 682.55 -120.38 973.82
v 679.49 -122.25 972.60
v 676.17 -123.57 971.34
v 672.68 -124.33 970.08
v 669.10 -124.51 968.86
v 665.51 -124.09 967.69
v 662.02 -123.09 966.62
v 658.70 -121.53 965.66
v 655.64 -119.45 964.84
v 652.91 -116.91 964.18
v 650.57 -113.96 963.70
v 648.70 -110.68 963.40
v 647.32 -107.15 963.31
v 646.48 -103.46 963.41
v 646.20 -99.69 963.70
v 646.48 -95.94 964.18
v 647.32 -92.31 964.84
v 648.70 -88.87 965.66
v 650.57 -85.72 966.62
v 652.91 -82.94 967.69
v 655.64 -80.58 968.86
v 658.70 -78.72 970.09
v 662.02 -77.39 971.34
v 665.51 -76.63 972.60
v 670.64 -75.96 969.01
v 674.25 -76.37 970.07
v 677.78 -77.36 971.03
v 681.13 -78.91 971.88
v 684.23 -80.97 972.61
v 686.99 -83.51 973.18
v 689.34 -86.45 973.59
v 691.24 -89.72 973.82
v 692.63 -93.24 973.88
v 693.48 -96.94 973.75
v 693.76 -100.70 973.45
v 693.48 -104.45 972.98
v 692.63 -108.09 972.34
v 691.24 -111.53 971.57
v 689.34 -114.68 970.67
v 686.99 -117.48 969.67
v 684.23 -119.84 968.59
v 681.13 -121.71 967.46
v 677.78 -123.05 966.30
v 674.25 -123.82 965.16
v 670.64 -124.01 964.04
v 667.02 -123.60 962.99
v 663.49 -122.61 962.03
v 660.14 -121.06 961.17
v 657.04 -119.00 960.45
v 654.28 -116.47 959.88
v 651.93 -113.53 959.47
v 650.03 -110.25 959.23
v 648.64 -106.73 959.18
v 647.79 -103.04 959.30
v 647.51 -99.27 959.61
v 647.79 -95.52 960.08
v 648.64 -91.88 960.71
v 650.03 -88.44 961.49
v 651.93 -85.29 962.39
v 654.28 -82.49 963.39
v 657.04 -80.13 964.47
v 660.14 -78.26 965.60
v 663.49 -76.92 966.75
v 667.02 -76.15 967.90
v 672.02 -75.46 964.16
v 675.67 -75.86 965.09
v 679.23 -76.84 965.95
v 682.61 -78.37 966.70
v 685.74 -80.43 967.32
v 688.52 -82.95 967.81
v 690.90 -85.88 968.14
v 692.81 -89.15 968.32
v 694.21 -92.67 968.33
v 695.07 -96.36 968.18
v 695.35 -100.12 967.87
v 695.07 -103.87 967.40
v 694.21 -107.52 966.79
v 692.81 -110.96 966.06
v 690.90 -114.12 965.22
v 688.52 -116.92 964.29
v 685.74 -119.29 963.30
v 682.61 -121.18 962.27
v 679.23 -122.53 961.22
v 675.67 -123.31 960.19
v 672.02 -123.50 959.19
v 668.37 -123.11 958.25
v 664.81 -122.13 957.39
v 661.43 -120.60 956.64
v 658.31 -118.54 956.02
v 655.52 -116.02 955.53
v 653.14 -113.08 955.20
v 651.23 -109.82 955.02
v 649.83 -106.30 955.01
v 648.98 -102.61 955.16
v 648.69 -98.84 955.48
v 648.98 -95.09 955.94
v 649.83 -91.45 956.55
v 651.23 -88.01 957.28
v 653.14 -84.85 958.12
v 655.52 -82.04 959.05
v 658.31 -79.67 960.04
v 661.43 -77.79 961.07
v 664.81 -76.44 962.12
v 668.37 -75.66 963.16
v 673.25 -74.95 959.26
v 676.93 -75.34 960.08
v 680.52 -76.30 960.82
v 683.93 -77.83 961.47
v 687.08 -79.87 961.99
v 689.88 -82.39 962.39
v 692.28 -85.31 962.65
v 694.21 -88.57 962.77
v 695.62 -92.09 962.73
v 696.48 -95.78 962.56
v 696.77 -99.54 962.23
v 696.48 -103.29 961.78
v 695.62 -106.94 961.20
v 694.21 -110.39 960.51
v 692.28 -113.55 959.73
v 689.88 -116.36 958.88
v 687.08 -118.74 957.97
v 683.93 -120.64 957.04
v 680.52 -122.00 956.10
v 676.93 -122.79 955.17
v 673.25 -123.00 954.29
v 669.57 -122.61 953.46
v 665.99 -121.65 952.72
v 662.58 -120.12 952.08
v 659.43 -118.08 951.55
v 656.62 -115.56 951.15
v 654.23 -112.64 950.89
v 652.30 -109.38 950.78
v 650.89 -105.86 950.81
v 650.03 -102.18 950.99
v 649.74 -98.41 951.31
v 650.03 -94.66 951.76
v 650.89 -91.02 952.34
v 652.30 -87.57 953.03
v 654.23 -84.40 953.81
v 656.62 -81.59 954.67
v 659.43 -79.21 955.57
v 662.58 -77.32 956.51
v 665.99 -75.96 957.45
v 669.57 -75.16 958.37
v 674.33 -74.44 954.32
v 678.03 -74.82 955.03
v 681.65 -75.77 955.66
v 685.08 -77.28 956.19
v 688.25 -79.32 956.62
v 691.07 -81.83 956.93
v 693.49 -84.74 957.12
v 695.43 -88.00 957.17
v 696.85 -91.51 957.10
v 697.72 -95.19 956.89
v 698.01 -98.95 956.56
v 697.72 -102.71 956.11
v 696.85 -106.35 955.56
v 695.43 -109.81 954.92
v 693.49 -112.98 954.20
v 691.07 -115.80 953.42
v 688.25 -118.19 952.60
v 685.08 -120.09 951.77
v 681.65 -121.46 950.93
v 678.03 -122.27 950.12
v 674.33 -122.49 949.35
v 670.63 -122.12 948.64
v 667.01 -121.16 948.01
v 663.58 -119.65 947.48
v 660.41 -117.61 947.05
v 657.59 -115.11 946.74
v 655.17 -112.19 946.55
v 653.23 -108.94 946.50
v 651.81 -105.42 946.57
v 650.94 -101.74 946.78
v 650.65 -97.98 947.11
v 650.94 -94.23 947.56
v 651.81 -90.58 948.11
v 653.23 -87.12 948.75
v 655.17 -83.95 949.47
v 657.59 -81.13 950.25
v 660.41 -78.74 951.07
v 663.58 -76.84 951.90
v 667.01 -75.47 952.74
v 670.63 -74.66 953.55
v 675.25 -73.93 949.35
v 678.98 -74.29 949.95
v 682.61 -75.23 950.46
v 686.06 -76.74 950.89
v 689.25 -78.76 951.22
v 692.09 -81.26 951.44
v 694.52 -84.17 951.55
v 696.47 -87.41 951.54
v 697.90 -90.92 951.42
v 698.77 -94.60 951.19
v 699.07 -98.36 950.85
v 698.77 -102.12 950.41
v 697.90 -105.77 949.89
v 696.47 -109.22 949.29
v 694.52 -112.40 948.63
v 692.09 -115.23 947.93
v 689.25 -117.63 947.20
v 686.06 -119.54 946.46
v 682.61 -120.93 945.74
v 678.98 -121.74 945.04
v 675.25 -121.97 944.38
v 671.53 -121.61 943.79
v 667.89 -120.67 943.27
v 664.44 -119.17 942.85
v 661.25 -117.14 942.52
v 658.41 -114.65 942.29
v 655.98 -111.74 942.19
v 654.03 -108.49 942.19
v 652.60 -104.98 942.31
v 651.73 -101.30 942.55
v 651.44 -97.54 942.89
v 651.73 -93.79 943.32
v 652.60 -90.14 943.85
v 654.03 -86.68 944.45
v 655.98 -83.50 945.11
v 658.41 -80.67 945.81
v 661.25 -78.28 946.54
v 664.44 -76.36 947.27
v 667.89 -74.98 948.00
v 671.53 -74.16 948.70
v 676.01 -73.41 944.36
v 679.76 -73.76 944.83
v 683.41 -74.69 945.24
v 686.88 -76.18 945.56
v 690.08 -78.20 945.79
v 692.93 -80.69 945.92
v 695.37 -83.59 945.95
v 697.34 -86.83 945.89
v 698.77 -90.33 945.72
v 699.65 -94.01 945.46
v 699.94 -97.77 945.11
v 699.65 -101.52 944.68
v 698.77 -105.18 944.18
v 697.34 -108.64 943.63
v 695.37 -111.83 943.03
v 692.93 -114.66 942.41
v 690.08 -117.07 941.77
v 686.88 -118.99 941.13
v 683.41 -120.38 940.51
v 679.76 -121.21 939.93
v 676.01 -121.46 939.39
v 672.27 -121.11 938.91
v 668.62 -120.18 938.51
v 665.15 -118.69 938.19
v 661.95 -116.67 937.96
v 659.09 -114.18 937.83
v 656.65 -111.28 937.80
v 654.69 -108.04 937.86
v 653.26 -104.54 938.03
v 652.38 -100.86 938.29
v 652.08 -97.10 938.64
v 652.38 -93.35 939.07
v 653.26 -89.69 939.56
v 654.69 -86.23 940.12
v 656.65 -83.04 940.72
v 659.09 -80.21 941.34
v 661.95 -77.80 941.98
v 665.15 -75.88 942.62
v 668.62 -74.49 943.24
v 672.27 -73.66 943.82
v 676.62 -72.89 939.34
v 680.38 -73.23 939.70
v 684.04 -74.15 939.99
v 687.52 -75.63 940.20
v 690.74 -77.63 940.33
v 693.60 -80.11 940.37
v 696.05 -83.00 940.33
v 698.02 -86.24 940.20
v 699.46 -89.74 939.99
v 700.34 -93.41 939.70
v 700.64 -97.17 939.35
v 700.34 -100.93 938.93
v 699.46 -104.58 938.46
v 698.02 -108.05 937.95
v 696.05 -111.24 937.41
v 693.60 -114.08 936.86
v 690.74 -116.50 936.31
v 687.52 -118.44 935.77
v 684.04 -119.84 935.26
v 680.38 -120.68 934.79
v 676.62 -120.94 934.37
v 672.86 -120.60 934.01
v 669.20 -119.68 933.73
v 665.71 -118.20 933.52
v 662.50 -116.20 933.39
v 659.63 -113.72 933.34
v 657.19 -110.83 933.39
v 655.22 -107.59 933.51
v 653.77 -104.09 933.73
v 652.89 -100.42 934.01
v 652.60 -96.66 934.37
v 652.89 -92.90 934.79
v 653.77 -89.25 935.26
v 655.22 -85.78 935.77
v 657.19 -82.59 936.31
v 659.63 -79.75 936.86
v 662.50 -77.33 937.41
v 665.71 -75.40 937.94
v 669.20 -73.99 938.45
v 672.86 -73.15 938.92
v 677.07 -72.37 934.31
v 680.83 -72.70 934.55
v 684.51 -73.61 934.73
v 688.00 -75.07 934.83
v 691.22 -77.07 934.86
v 694.10 -79.54 934.81
v 696.55 -82.42 934.69
v 698.53 -85.65 934.50
v 699.97 -89.14 934.24
v 700.86 -92.82 933.93
v 701.15 -96.58 933.56
v 700.86 -100.33 933.15
v 699.97 -103.99 932.71
v 698.53 -107.46 932.24
v 696.55 -110.66 931.77
v 694.10 -113.51 931.30
v 691.22 -115.94 930.84
v 688.00 -117.88 930.40
v 684.51 -119.30 930.00
v 680.83 -120.15 929.64
v 677.07 -120.42 929.34
v 673.30 -120.09 929.10
v 669.62 -119.19 928.93
v 666.13 -117.72 928.82
v 662.91 -115.72 928.80
v 660.03 -113.25 928.84
v 657.58 -110.37 928.96
v 655.60 -107.14 929.15
v 654.16 -103.65 929.41
v 653.28 -99.98 929.72
v 652.98 -96.22 930.09
v 653.28 -92.46 930.50
v 654.16 -88.80 930.94
v 655.60 -85.33 931.41
v 657.58 -82.13 931.88
v 660.03 -79.28 932.36
v 662.91 -76.86 932.82
v 666.13 -74.91 933.25
v 669.62 -73.49 933.65
v 673.30 -72.64 934.01
v 677.35 -71.85 929.27
v 681.13 -72.16 929.39
v 684.81 -73.06 929.45
v 688.31 -74.52 929.44
v 691.54 -76.50 929.37
v 694.42 -78.96 929.23
v 696.87 -81.84 929.04
v 698.85 -85.06 928.79
v 700.30 -88.55 928.48
v 701.19 -92.22 928.14
v 701.48 -95.98 927.76
v 701.19 -99.73 927.36
v 700.30 -103.39 926.95
v 698.85 -106.87 926.53
v 696.87 -110.08 926.12
v 694.42 -112.93 925.72
v 691.54 -115.37 925.35
v 688.31 -117.32 925.01
v 684.81 -118.75 924.72
v 681.13 -119.62 924.48
v 677.35 -119.90 924.30
v 673.58 -119.58 924.17
v 669.90 -118.69 924.12
v 666.40 -117.23 924.12
v 663.17 -115.25 924.19
v 660.29 -112.79 924.33
v 657.83 -109.91 924.53
v 655.85 -106.69 924.78
v 654.40 -103.20 925.08
v 653.52 -99.53 925.42
v 653.22 -95.77 925.80
v 653.52 -92.02 926.20
v 654.40 -88.35 926.62
v 655.85 -84.88 927.04
v 657.83 -81.67 927.45
v 660.29 -78.82 927.85
v 663.17 -76.38 928.22
v 666.40 -74.42 928.55
v 669.90 -73.00 928.84
v 673.58 -72.13 929.08
v 677.48 -71.33 924.22
v 681.26 -71.63 924.22
v 684.94 -72.51 924.17
v 688.44 -73.96 924.05
v 691.68 -75.93 923.88
v 694.56 -78.38 923.65
v 697.02 -81.25 923.38
v 699.00 -84.47 923.06
v 700.45 -87.95 922.72
v 701.33 -91.62 922.35
v 701.63 -95.38 921.96
v 701.33 -99.13 921.57
v 700.45 -102.80 921.18
v 699.00 -106.28 920.81
v 697.02 -109.49 920.46
v 694.56 -112.35 920.14
v 691.68 -114.80 919.86
v 688.44 -116.77 919.62
v 684.94 -118.20 919.44
v 681.26 -119.08 919.31
v 677.48 -119.37 919.25
v 673.70 -119.07 919.24
v 670.02 -118.19 919.30
v 666.52 -116.74 919.41
v 663.29 -114.77 919.59
v 660.40 -112.32 919.81
v 657.94 -109.45 920.09
v 655.96 -106.24 920.40
v 654.51 -102.75 920.75
v 653.63 -99.09 921.12
v 653.33 -95.33 921.50
v 653.63 -91.57 921.90
v 654.51 -87.91 922.28
v 655.96 -84.42 922.66
v 657.94 -81.21 923.01
v 660.40 -78.35 923.33
v 663.29 -75.90 923.61
v 666.52 -73.94 923.84
v 670.02 -72.50 924.03
v 673.70 -71.62 924.15
v 677.45 -70.81 919.17
v 681.23 -71.09 919.05
v 684.91 -71.97 918.88
v 688.41 -73.40 918.66
v 691.64 -75.36 918.38
v 694.52 -77.80 918.07
v 696.98 -80.67 917.72
v 698.96 -83.87 917.34
v 700.41 -87.35 916.95
v 701.30 -91.02 916.55
v 701.59 -94.77 916.15
v 701.30 -98.53 915.77
v 700.41 -102.20 915.41
v 698.96 -105.69 915.08
v 696.98 -108.90 914.79
v 694.52 -111.78 914.55
v 691.64 -114.23 914.36
v 688.41 -116.21 914.23
v 684.91 -117.66 914.15
v 681.23 -118.55 914.14
v 677.45 -118.85 914.20
v 673.67 -118.56 914.31
v 669.99 -117.69 914.48
v 666.49 -116.26 914.71
v 663.26 -114.30 914.98
v 660.38 -111.85 915.30
v 657.92 -108.99 915.65
v 655.94 -105.78 916.02
v 654.49 -102.30 916.41
v 653.60 -98.64 916.81
v 653.31 -94.88 917.21
v 653.60 -91.12 917.59
v 654.49 -87.46 917.95
v 655.94 -83.97 918.28
v 657.92 -80.75 918.57
v 660.38 -77.88 918.81
v 663.26 -75.43 919.00
v 666.49 -73.45 919.13
v 669.99 -72.00 919.21
v 673.67 -71.11 919.22
v 677.26 -70.28 914.12
v 681.03 -70.56 913.89
v 684.71 -71.42 913.60
v 688.21 -72.84 913.27
v 691.43 -74.80 912.89
v 694.31 -77.23 912.49
v 696.77 -80.08 912.06
v 698.75 -83.28 911.62
v 700.19 -86.76 911.19
v 701.08 -90.42 910.76
v 701.37 -94.17 910.36
v 701.08 -97.93 909.98
v 700.19 -101.60 909.65
v 698.75 -105.09 909.37
v 696.77 -108.32 909.14
v 694.31 -111.20 908.97
v 691.43 -113.66 908.87
v 688.21 -115.65 908.84
v 684.71 -117.11 908.87
v 681.03 -118.01 908.98
v 677.26 -118.33 909.15
v 673.49 -118.05 909.38
v 669.81 -117.19 909.66
v 666.31 -115.77 910.00
v 663.08 -113.82 910.37
v 660.21 -111.39 910.78
v 657.75 -108.53 911.20
v 655.77 -105.33 911.64
v 654.32 -101.86 912.08
v 653.44 -98.19 912.50
v 653.14 -94.44 912.91
v 653.44 -90.68 913.28
v 654.32 -87.01 913.61
v 655.77 -83.52 913.90
v 657.75 -80.29 914.12
v 660.21 -77.41 914.29
v 663.08 -74.95 914.39
v 666.31 -72.96 914.42
v 669.81 -71.50 914.39
v 673.49 -70.60 914.29
v 660.22 -37.43 596.50
v 663.99 -37.70 596.27
v 667.67 -38.56 595.98
v 671.16 -39.99 595.65
v 674.39 -41.94 595.27
v 677.27 -44.37 594.87
v 679.73 -47.22 594.44
v 681.70 -50.43 594.00
v 683.15 -53.90 593.57
v 684.03 -57.56 593.14
v 684.33 -61.32 592.74
v 684.03 -65.08 592.36
v 683.15 -68.75 592.03
v 681.70 -72.24 591.75
v 679.73 -75.46 591.52
v 677.27 -78.34 591.35
v 674.39 -80.81 591.25
v 671.16 -82.79 591.22
v 667.67 -84.26 591.26
v 663.99 -85.16 591.36
v 660.22 -85.47 591.53
v 656.44 -85.20 591.76
v 652.76 -84.34 592.05
v 649.27 -82.91 592.38
v 646.04 -80.96 592.76
v 643.16 -78.53 593.16
v 640.71 -75.68 593.59
v 638.73 -72.47 594.03
v 637.28 -69.00 594.47
v 636.40 -65.34 594.89
v 636.10 -61.58 595.30
v 636.40 -57.82 595.67
v 637.28 -54.15 596.00
v 638.73 -50.66 596.28
v 640.71 -47.44 596.51
v 643.16 -44.56 596.68
v 646.04 -42.09 596.78
v 649.27 -40.11 596.81
v 652.76 -38.64 596.77
v 656.44 -37.74 596.67
v 660.20 -37.40 596.23
v 663.98 -37.68 596.01
v 667.66 -38.54 595.74
v 671.15 -39.96 595.42
v 674.38 -41.92 595.05
v 677.26 -44.35 594.66
v 679.72 -47.20 594.24
v 681.69 -50.41 593.81
v 683.14 -53.88 593.37
v 684.02 -57.54 592.95
v 684.32 -61.30 592.55
v 684.02 -65.06 592.17
v 683.14 -68.73 591.84
v 681.69 -72.22 591.55
v 679.72 -75.44 591.32
v 677.26 -78.32 591.14
v 674.38 -80.78 591.03
v 671.15 -82.77 590.99
v 667.66 -84.23 591.01
v 663.98 -85.13 591.11
v 660.20 -85.44 591.26
v 656.43 -85.17 591.48
v 652.75 -84.31 591.76
v 649.25 -82.88 592.08
v 646.02 -80.93 592.44
v 643.15 -78.50 592.84
v 640.69 -75.64 593.26
v 638.71 -72.44 593.69
v 637.26 -68.96 594.12
v 636.38 -65.30 594.54
v 636.08 -61.55 594.95
v 636.38 -57.79 595.32
v 637.26 -54.12 595.66
v 638.71 -50.63 595.95
v 640.69 -47.40 596.18
v 643.15 -44.52 596.35
v 646.02 -42.06 596.46
v 649.25 -40.08 596.51
v 652.75 -38.61 596.48
v 656.43 -37.72 596.39
v 660.19 -37.37 595.97
v 663.96 -37.65 595.75
v 667.64 -38.51 595.49
v 671.14 -39.94 595.17
v 674.37 -41.89 594.81
v 677.25 -44.32 594.42
v 679.70 -47.18 594.00
v 681.68 -50.38 593.57
v 683.13 -53.86 593.14
v 684.01 -57.52 592.72
v 684.31 -61.27 592.32
v 684.01 -65.03 591.95
v 683.13 -68.70 591.61
v 681.68 -72.19 591.32
v 679.70 -75.42 591.08
v 677.25 -78.30 590.90
v 674.37 -80.76 590.79
v 671.14 -82.74 590.74
v 667.64 -84.20 590.76
v 663.96 -85.10 590.84
v 660.19 -85.42 591.00
v 656.42 -85.14 591.21
v 652.73 -84.28 591.48
v 649.24 -82.85 591.79
v 646.01 -80.90 592.15
v 643.13 -78.47 592.54
v 640.67 -75.61 592.96
v 638.70 -72.41 593.39
v 637.25 -68.93 593.82
v 636.36 -65.27 594.24
v 636.07 -61.51 594.64
v 636.36 -57.76 595.02
v 637.25 -54.09 595.35
v 638.70 -50.60 595.64
v 640.67 -47.37 595.88
v 643.13 -44.49 596.06
v 646.01 -42.03 596.17
v 649.24 -40.05 596.22
v 652.73 -38.59 596.20
v 656.42 -37.69 596.12
v 660.18 -37.35 595.70
v 663.95 -37.62 595.49
v 667.63 -38.48 595.23
v 671.13 -39.91 594.92
v 674.36 -41.86 594.56
v 677.23 -44.30 594.18
v 679.69 -47.15 593.77
v 681.67 -50.36 593.34
v 683.12 -53.83 592.92
v 684.00 -57.49 592.49
v 684.30 -61.25 592.09
v 684.00 -65.01 591.72
v 683.12 -68.68 591.38
v 681.67 -72.17 591.09
v 679.69 -75.39 590.85
v 677.23 -78.27 590.66
v 674.36 -80.73 590.54
v 671.13 -82.72 590.49
v 667.63 -84.18 590.50
v 663.95 -85.07 590.58
v 660.18 -85.39 590.73
v 656.40 -85.11 590.93
v 652.72 -84.25 591.20
v 649.22 -82.82 591.51
v 646.00 -80.87 591.86
v 643.12 -78.43 592.25
v 640.66 -75.58 592.66
v 638.68 -72.38 593.08
v 637.23 -68.90 593.51
v 636.35 -65.24 593.93
v 636.05 -61.48 594.33
v 636.35 -57.72 594.71
v 637.23 -54.05 595.05
v 638.68 -50.56 595.34
v 640.66 -47.34 595.58
v 643.12 -44.46 595.76
v 646.00 -42.00 595.88
v 649.22 -40.02 595.94
v 652.72 -38.56 595.92
v 656.40 -37.66 595.84
v 660.16 -37.32 595.43
v 663.94 -37.60 595.23
v 667.62 -38.46 594.97
v 671.12 -39.88 594.67
v 674.34 -41.84 594.32
v 677.22 -44.27 593.94
v 679.68 -47.13 593.53
v 681.66 -50.33 593.11
v 683.11 -53.81 592.69
v 683.99 -57.47 592.27
v 684.29 -61.23 591.86
v 683.99 -64.99 591.49
v 683.11 -68.66 591.15
v 681.66 -72.15 590.85
v 679.68 -75.37 590.61
v 677.22 -78.25 590.42
v 674.34 -80.71 590.30
v 671.12 -82.69 590.24
v 667.62 -84.15 590.25
v 663.94 -85.05 590.32
v 660.16 -85.36 590.46
v 656.39 -85.08 590.66
v 652.71 -84.22 590.92
v 649.21 -82.79 591.22
v 645.98 -80.84 591.57
v 643.10 -78.40 591.95
v 640.65 -75.55 592.36
v 638.67 -72.34 592.78
v 637.22 -68.87 593.20
v 636.34 -65.21 593.62
v 636.04 -61.45 594.03
v 636.34 -57.69 594.40
v 637.22 -54.02 594.74
v 638.67 -50.53 595.04
v 640.65 -47.31 595.28
v 643.10 -44.43 595.47
v 645.98 -41.97 595.59
v 649.21 -39.99 595.65
v 652.71 -38.53 595.64
v 656.39 -37.63 595.57
v 660.15 -37.29 595.16
v 663.93 -37.57 594.97
v 667.61 -38.43 594.72
v 671.11 -39.86 594.42
v 674.33 -41.81 594.08
v 677.21 -44.25 593.70
v 679.67 -47.10 593.30
v 681.65 -50.31 592.88
v 683.10 -53.79 592.46
v 683.98 -57.45 592.04
v 684.28 -61.20 591.64
v 683.98 -64.96 591.26
v 683.10 -68.63 590.92
v 681.65 -72.12 590.62
v 679.67 -75.34 590.37
v 677.21 -78.22 590.18
v 674.33 -80.68 590.06
v 671.11 -82.67 589.99
v 667.61 -84.12 589.99
v 663.93 -85.02 590.06
v 660.15 -85.33 590.19
v 656.38 -85.05 590.39
v 652.70 -84.19 590.64
v 649.20 -82.76 590.94
v 645.97 -80.81 591.28
v 643.09 -78.37 591.66
v 640.63 -75.52 592.06
v 638.65 -72.31 592.48
v 637.21 -68.84 592.90
v 636.32 -65.18 593.32
v 636.02 -61.42 593.72
v 636.32 -57.66 594.09
v 637.21 -53.99 594.43
v 638.65 -50.50 594.73
v 640.63 -47.28 594.98
v 643.09 -44.40 595.17
v 645.97 -41.94 595.30
v 649.20 -39.96 595.36
v 652.70 -38.50 595.36
v 656.38 -37.60 595.29
v 660.14 -37.26 594.89
v 663.91 -37.54 594.71
v 667.60 -38.41 594.46
v 671.09 -39.83 594.17
v 674.32 -41.79 593.83
v 677.20 -44.22 593.46
v 679.66 -47.08 593.06
v 681.64 -50.29 592.65
v 683.09 -53.76 592.23
v 683.97 -57.42 591.81
v 684.27 -61.18 591.41
v 683.97 -64.94 591.03
v 683.09 -68.61 590.69
v 681.64 -72.10 590.39
v 679.66 -75.32 590.14
v 677.20 -78.20 589.94
v 674.32 -80.66 589.81
v 671.09 -82.64 589.74
v 667.60 -84.10 589.74
v 663.91 -84.99 589.80
v 660.14 -85.31 589.92
v 656.37 -85.03 590.11
v 652.68 -84.16 590.36
v 649.19 -82.73 590.65
v 645.96 -80.78 590.99
v 643.08 -78.34 591.36
v 640.62 -75.49 591.76
v 638.64 -72.28 592.17
v 637.19 -68.81 592.59
v 636.31 -65.14 593.01
v 636.01 -61.39 593.41
v 636.31 -57.63 593.79
v 637.19 -53.96 594.13
v 638.64 -50.47 594.43
v 640.62 -47.25 594.68
v 643.08 -44.37 594.87
v 645.96 -41.91 595.01
v 649.19 -39.93 595.08
v 652.68 -38.47 595.08
v 656.37 -37.57 595.02
v 660.13 -37.23 594.63
v 663.90 -37.51 594.45
v 667.59 -38.38 594.21
v 671.08 -39.81 593.92
v 674.31 -41.76 593.59
v 677.19 -44.20 593.22
v 679.65 -47.06 592.83
v 681.63 -50.26 592.41
v 683.08 -53.74 592.00
v 683.96 -57.40 591.58
v 684.26 -61.16 591.18
v 683.96 -64.92 590.80
v 683.08 -68.58 590.46
v 681.63 -72.07 590.16
v 679.65 -75.30 589.90
v 677.19 -78.17 589.71
v 674.31 -80.63 589.57
v 671.08 -82.61 589.49
v 667.59 -84.07 589.48
v 663.90 -84.97 589.54
v 660.13 -85.28 589.66
v 656.35 -85.00 589.84
v 652.67 -84.13 590.07
v 649.17 -82.70 590.36
v 645.95 -80.75 590.70
v 643.07 -78.31 591.06
v 640.61 -75.46 591.46
v 638.63 -72.25 591.87
v 637.18 -68.77 592.29
v 636.30 -65.11 592.70
v 636.00 -61.36 593.10
v 636.30 -57.60 593.48
v 637.18 -53.93 593.82
v 638.63 -50.44 594.13
v 640.61 -47.22 594.38
v 643.07 -44.34 594.58
v 645.95 -41.88 594.72
v 649.17 -39.90 594.79
v 652.67 -38.44 594.80
v 656.35 -37.55 594.75
v 660.12 -37.21 594.36
v 663.89 -37.49 594.18
v 667.58 -38.35 593.95
v 671.07 -39.78 593.67
v 674.30 -41.74 593.34
v 677.18 -44.18 592.98
v 679.64 -47.03 592.59
v 681.62 -50.24 592.18
v 683.07 -53.71 591.77
v 683.95 -57.38 591.35
v 684.25 -61.13 590.95
v 683.95 -64.89 590.58
v 683.07 -68.56 590.23
v 681.62 -72.05 589.93
v 679.64 -75.27 589.67
v 677.18 -78.15 589.47
v 674.30 -80.61 589.32
v 671.07 -82.59 589.24
v 667.58 -84.04 589.23
v 663.89 -84.94 589.28
v 660.12 -85.25 589.39
v 656.34 -84.97 589.56
v 652.66 -84.10 589.79
v 649.16 -82.68 590.08
v 645.93 -80.72 590.40
v 643.05 -78.28 590.77
v 640.60 -75.43 591.16
v 638.62 -72.22 591.57
v 637.17 -68.74 591.98
v 636.28 -65.08 592.39
v 635.99 -61.32 592.79
v 636.28 -57.56 593.17
v 637.17 -53.90 593.52
v 638.62 -50.41 593.82
v 640.60 -47.19 594.08
v 643.05 -44.31 594.28
v 645.93 -41.85 594.43
v 649.16 -39.87 594.51
v 652.66 -38.41 594.52
v 656.34 -37.52 594.47
v 660.11 -37.18 594.09
v 663.88 -37.46 593.92
v 667.57 -38.33 593.70
v 671.07 -39.76 593.42
v 674.29 -41.71 593.10
v 677.17 -44.15 592.74
v 679.63 -47.01 592.35
v 681.61 -50.21 591.95
v 683.06 -53.69 591.54
v 683.95 -57.35 591.13
v 684.24 -61.11 590.73
v 683.95 -64.87 590.35
v 683.06 -68.54 590.00
v 681.61 -72.03 589.69
v 679.63 -75.25 589.43
v 677.17 -78.12 589.23
v 674.29 -80.58 589.08
v 671.07 -82.56 588.99
v 667.57 -84.02 588.97
v 663.88 -84.91 589.01
v 660.11 -85.22 589.12
v 656.33 -84.94 589.29
v 652.65 -84.07 589.51
v 649.15 -82.65 589.79
v 645.92 -80.69 590.11
v 643.04 -78.25 590.47
v 640.58 -75.39 590.86
v 638.61 -72.19 591.26
v 637.16 -68.71 591.68
v 636.27 -65.05 592.09
v 635.97 -61.29 592.49
v 636.27 -57.53 592.86
v 637.16 -53.86 593.21
v 638.61 -50.38 593.52
v 640.58 -47.15 593.78
v 643.04 -44.28 593.99
v 645.92 -41.82 594.13
v 649.15 -39.84 594.22
v 652.65 -38.38 594.24
v 656.33 -37.49 594.20
v 660.10 -37.15 593.82
v 663.87 -37.43 593.66
v 667.56 -38.30 593.44
v 671.06 -39.73 593.17
v 674.29 -41.69 592.85
v 677.17 -44.13 592.50
v 679.62 -46.98 592.12
v 681.60 -50.19 591.72
v 683.05 -53.67 591.31
v 683.94 -57.33 590.90
v 684.23 -61.09 590.50
v 683.94 -64.84 590.12
v 683.05 -68.51 589.77
v 681.60 -72.00 589.46
v 679.62 -75.22 589.20
v 677.17 -78.10 588.99
v 674.29 -80.56 588.83
v 671.06 -82.54 588.74
v 667.56 -83.99 588.71
v 663.87 -84.89 588.75
v 660.10 -85.19 588.85
v 656.32 -84.91 589.02
v 652.64 -84.05 589.23
v 649.14 -82.62 589.51
v 645.91 -80.66 589.82
v 643.03 -78.22 590.18
v 640.57 -75.36 590.56
v 638.59 -72.16 590.96
v 637.15 -68.68 591.37
v 636.26 -65.02 591.78
v 635.96 -61.26 592.18
v 636.26 -57.50 592.56
v 637.15 -53.83 592.91
v 638.59 -50.34 593.21
v 640.57 -47.12 593.48
v 643.03 -44.25 593.69
v 645.91 -41.79 593.84
v 649.14 -39.81 593.93
v 652.64 -38.35 593.96
v 656.32 -37.46 593.92
v 660.09 -37.12 593.56
v 663.87 -37.41 593.40
v 667.55 -38.27 593.19
v 671.05 -39.70 592.92
v 674.28 -41.66 592.61
v 677.16 -44.10 592.26
v 679.62 -46.96 591.88
v 681.60 -50.17 591.49
v 683.05 -53.64 591.08
v 683.93 -57.31 590.67
v 684.23 -61.06 590.27
v 683.93 -64.82 589.89
v 683.05 -68.49 589.54
v 681.60 -71.98 589.23
v 679.62 -75.20 588.96
v 677.16 -78.07 588.75
v 674.28 -80.53 588.59
v 671.05 -82.51 588.49
v 667.55 -83.97 588.46
v 663.87 -84.86 588.49
v 660.09 -85.17 588.59
v 656.31 -84.88 588.74
v 652.63 -84.02 588.95
v 649.13 -82.59 589.22
v 645.90 -80.63 589.53
v 643.02 -78.19 589.88
v 640.56 -75.33 590.26
v 638.58 -72.12 590.66
v 637.13 -68.65 591.06
v 636.25 -64.98 591.47
v 635.95 -61.23 591.87
v 636.25 -57.47 592.25
v 637.13 -53.80 592.60
v 638.58 -50.31 592.91
v 640.56 -47.09 593.18
v 643.02 -44.22 593.39
v 645.90 -41.76 593.55
v 649.13 -39.78 593.65
v 652.63 -38.32 593.68
v 656.31 -37.43 593.65
v 660.08 -37.10 593.29
v 663.86 -37.38 593.14
v 667.54 -38.25 592.93
v 671.04 -39.68 592.67
v 674.27 -41.64 592.37
v 677.15 -44.08 592.02
v 679.61 -46.93 591.65
v 681.59 -50.14 591.25
v 683.04 -53.62 590.85
v 683.92 -57.28 590.44
v 684.22 -61.04 590.04
v 683.92 -64.80 589.66
v 683.04 -68.47 589.31
v 681.59 -71.95 589.00
v 679.61 -75.17 588.73
v 677.15 -78.05 588.51
v 674.27 -80.51 588.34
v 671.04 -82.49 588.24
v 667.54 -83.94 588.20
v 663.86 -84.83 588.23
v 660.08 -85.14 588.32
v 656.31 -84.86 588.47
v 652.62 -83.99 588.67
v 649.12 -82.56 588.93
v 645.89 -80.60 589.24
v 643.01 -78.16 589.58
v 640.55 -75.30 589.96
v 638.57 -72.09 590.35
v 637.12 -68.62 590.76
v 636.24 -64.95 591.16
v 635.94 -61.20 591.56
v 636.24 -57.44 591.94
v 637.12 -53.77 592.29
v 638.57 -50.28 592.61
v 640.55 -47.06 592.88
v 643.01 -44.19 593.10
v 645.89 -41.73 593.26
v 649.12 -39.75 593.36
v 652.62 -38.30 593.40
v 656.31 -37.40 593.38
v 660.07 -37.07 593.02
v 663.85 -37.35 592.88
v 667.53 -38.22 592.68
v 671.03 -39.65 592.42
v 674.26 -41.61 592.12
v 677.14 -44.05 591.78
v 679.60 -46.91 591.41
v 681.58 -50.12 591.02
v 683.03 -53.60 590.62
v 683.91 -57.26 590.21
v 684.21 -61.02 589.81
v 683.91 -64.77 589.43
v 683.03 -68.44 589.08
v 681.58 -71.93 588.76
v 679.60 -75.15 588.49
v 677.14 -78.02 588.27
v 674.26 -80.48 588.10
v 671.03 -82.46 587.99
v 667.53 -83.91 587.95
v 663.85 -84.80 587.97
v 660.07 -85.11 588.05
v 656.30 -84.83 588.19
v 652.61 -83.96 588.39
v 649.11 -82.53 588.65
v 645.88 -80.57 588.95
v 643.00 -78.13 589.29
v 640.54 -75.27 589.66
v 638.56 -72.06 590.05
v 637.12 -68.58 590.45
v 636.23 -64.92 590.86
v 635.93 -61.16 591.25
v 636.23 -57.41 591.63
v 637.12 -53.74 591.99
v 638.56 -50.25 592.30
v 640.54 -47.03 592.58
v 643.00 -44.16 592.80
v 645.88 -41.70 592.97
v 649.11 -39.72 593.08
v 652.61 -38.27 593.12
v 656.30 -37.38 593.10
v 660.06 -37.04 592.75
v 663.84 -37.32 592.61
v 667.52 -38.19 592.42
v 671.02 -39.63 592.17
v 674.25 -41.59 591.88
v 677.13 -44.03 591.54
v 679.59 -46.89 591.18
v 681.57 -50.09 590.79
v 683.02 -53.57 590.39
v 683.91 -57.23 589.98
v 684.21 -60.99 589.59
v 683.91 -64.75 589.21
v 683.02 -68.42 588.85
v 681.57 -71.90 588.53
v 679.59 -75.12 588.26
v 677.13 -78.00 588.03
v 674.25 -80.45 587.86
v 671.02 -82.43 587.74
v 667.52 -83.89 587.69
v 663.84 -84.78 587.71
v 660.06 -85.08 587.78
v 656.29 -84.80 587.92
v 652.61 -83.93 588.11
v 649.11 -82.50 588.36
v 645.88 -80.54 588.66
v 643.00 -78.10 588.99
v 640.53 -75.24 589.36
v 638.56 -72.03 589.74
v 637.11 -68.55 590.15
v 636.22 -64.89 590.55
v 635.92 -61.13 590.95
v 636.22 -57.37 591.33
v 637.11 -53.71 591.68
v 638.56 -50.22 592.00
v 640.53 -47.00 592.28
v 643.00 -44.13 592.50
v 645.88 -41.67 592.68
v 649.11 -39.69 592.79
v 652.61 -38.24 592.84
v 656.29 -37.35 592.83
v 660.06 -37.01 592.48
v 663.83 -37.30 592.35
v 667.52 -38.17 592.16
v 671.02 -39.60 591.92
v 674.25 -41.56 591.63
v 677.13 -44.00 591.30
v 679.59 -46.86 590.94
v 681.57 -50.07 590.56
v 683.02 -53.55 590.16
v 683.90 -57.21 589.75
v 684.20 -60.97 589.36
v 683.90 -64.73 588.98
v 683.02 -68.39 588.62
v 681.57 -71.88 588.30
v 679.59 -75.10 588.02
v 677.13 -77.97 587.79
v 674.25 -80.43 587.61
v 671.02 -82.41 587.49
v 667.52 -83.86 587.44
v 663.83 -84.75 587.44
v 660.06 -85.06 587.51
v 656.28 -84.77 587.64
v 652.60 -83.90 587.83
v 649.10 -82.47 588.08
v 645.87 -80.51 588.36
v 642.99 -78.07 588.69
v 640.53 -75.21 589.06
v 638.55 -72.00 589.44
v 637.10 -68.52 589.84
v 636.21 -64.86 590.24
v 635.92 -61.10 590.64
v 636.21 -57.34 591.02
v 637.10 -53.67 591.38
v 638.55 -50.19 591.70
v 640.53 -46.97 591.98
v 642.99 -44.10 592.21
v 645.87 -41.64 592.39
v 649.10 -39.66 592.50
v 652.60 -38.21 592.56
v 656.28 -37.32 592.55
v 660.05 -36.98 592.22
v 663.83 -37.27 592.09
v 667.51 -38.14 591.91
v 671.01 -39.57 591.67
v 674.24 -41.54 591.39
v 677.12 -43.98 591.06
v 679.58 -46.84 590.71
v 681.56 -50.05 590.32
v 683.01 -53.52 589.93
v 683.90 -57.19 589.53
v 684.19 -60.94 589.13
v 683.90 -64.70 588.75
v 683.01 -68.37 588.39
v 681.56 -71.86 588.07
v 679.58 -75.08 587.78
v 677.12 -77.95 587.55
v 674.24 -80.40 587.37
v 671.01 -82.38 587.24
v 667.51 -83.83 587.18
v 663.83 -84.72 587.18
v 660.05 -85.03 587.25
v 656.27 -84.74 587.37
v 652.59 -83.87 587.55
v 649.09 -82.44 587.79
v 645.86 -80.48 588.07
v 642.98 -78.04 588.40
v 640.52 -75.18 588.76
v 638.54 -71.97 589.14
v 637.09 -68.49 589.53
v 636.21 -64.83 589.93
v 635.91 -61.07 590.33
v 636.21 -57.31 590.71
v 637.09 -53.64 591.07
v 638.54 -50.16 591.39
v 640.52 -46.94 591.68
v 642.98 -44.06 591.91
v 645.86 -41.61 592.09
v 649.09 -39.63 592.22
v 652.59 -38.18 592.28
v 656.27 -37.29 592.28
v 660.04 -36.96 591.95
v 663.82 -37.24 591.83
v 667.50 -38.11 591.65
v 671.00 -39.55 591.42
v 674.24 -41.51 591.14
v 677.12 -43.95 590.82
v 679.58 -46.81 590.47
v 681.56 -50.02 590.09
v 683.01 -53.50 589.70
v 683.89 -57.16 589.30
v 684.19 -60.92 588.90
v 683.89 -64.68 588.52
v 683.01 -68.35 588.16
v 681.56 -71.83 587.84
v 679.58 -75.05 587.55
v 677.12 -77.92 587.31
v 674.24 -80.38 587.12
v 671.00 -82.36 586.99
v 667.50 -83.81 586.93
v 663.82 -84.70 586.92
v 660.04 -85.00 586.98
v 656.27 -84.71 587.10
v 652.58 -83.84 587.27
v 649.08 -82.41 587.50
v 645.85 -80.45 587.78
v 642.97 -78.01 588.10
v 640.51 -75.15 588.46
v 638.53 -71.94 588.83
v 637.08 -68.46 589.23
v 636.20 -64.79 589.63
v 635.90 -61.04 590.02
v 636.20 -57.28 590.40
v 637.08 -53.61 590.76
v 638.53 -50.12 591.09
v 640.51 -46.91 591.38
v 642.97 -44.03 591.62
v 645.85 -41.58 591.80
v 649.08 -39.60 591.93
v 652.58 -38.15 592.00
v 656.27 -37.26 592.00
v 660.04 -36.93 591.68
v 663.81 -37.22 591.57
v 667.50 -38.09 591.40
v 671.00 -39.52 591.17
v 674.23 -41.49 590.90
v 677.11 -43.93 590.58
v 679.57 -46.79 590.23
v 681.55 -50.00 589.86
v 683.00 -53.48 589.47
v 683.89 -57.14 589.07
v 684.18 -60.90 588.67
v 683.89 -64.66 588.29
v 683.00 -68.32 587.93
v 681.55 -71.81 587.60
v 679.57 -75.03 587.31
v 677.11 -77.90 587.07
v 674.23 -80.35 586.88
v 671.00 -82.33 586.74
v 667.50 -83.78 586.67
v 663.81 -84.67 586.66
v 660.04 -84.97 586.71
v 656.26 -84.69 586.82
v 652.58 -83.81 586.99
v 649.08 -82.38 587.22
v 645.85 -80.42 587.49
v 642.97 -77.98 587.81
v 640.50 -75.11 588.15
v 638.53 -71.90 588.53
v 637.08 -68.43 588.92
v 636.19 -64.76 589.32
v 635.89 -61.00 589.71
v 636.19 -57.25 590.10
v 637.08 -53.58 590.46
v 638.53 -50.09 590.79
v 640.50 -46.88 591.08
v 642.97 -44.00 591.32
v 645.85 -41.55 591.51
v 649.08 -39.57 591.64
v 652.58 -38.12 591.72
v 656.26 -37.23 591.73
v 660.03 -36.90 591.41
v 663.81 -37.19 591.31
v 667.49 -38.06 591.14
v 670.99 -39.50 590.92
v 674.22 -41.46 590.65
v 677.11 -43.90 590.34
v 679.57 -46.76 590.00
v 681.55 -49.97 589.63
v 683.00 -53.45 589.24
v 683.88 -57.12 588.84
v 684.18 -60.87 588.45
v 683.88 -64.63 588.06
v 683.00 -68.30 587.70
v 681.55 -71.78 587.37
v 679.57 -75.00 587.08
v 677.11 -77.87 586.83
v 674.22 -80.33 586.63
v 670.99 -82.30 586.49
v 667.49 -83.75 586.41
v 663.81 -84.64 586.40
v 660.03 -84.95 586.44
v 656.26 -84.66 586.55
v 652.57 -83.78 586.71
v 649.07 -82.35 586.93
v 645.84 -80.39 587.20
v 642.96 -77.94 587.51
v 640.50 -75.08 587.85
v 638.52 -71.87 588.23
v 637.07 -68.39 588.62
v 636.18 -64.73 589.01
v 635.89 -60.97 589.41
v 636.18 -57.21 589.79
v 637.07 -53.55 590.15
v 638.52 -50.06 590.48
v 640.50 -46.84 590.78
v 642.96 -43.97 591.02
v 645.84 -41.52 591.22
v 649.07 -39.54 591.36
v 652.57 -38.09 591.44
v 656.26 -37.21 591.46
v 660.03 -36.87 591.14
v 663.80 -37.16 591.04
v 667.49 -38.04 590.89
v 670.99 -39.47 590.67
v 674.22 -41.43 590.41
v 677.10 -43.88 590.10
v 679.56 -46.74 589.76
v 681.54 -49.95 589.39
v 682.99 -53.43 589.01
v 683.88 -57.09 588.61
v 684.17 -60.85 588.22
v 683.88 -64.61 587.84
v 682.99 -68.28 587.47
v 681.54 -71.76 587.14
v 679.56 -74.98 586.84
v 677.10 -77.85 586.59
v 674.22 -80.30 586.39
v 670.99 -82.28 586.24
v 667.49 -83.73 586.16
v 663.80 -84.61 586.14
v 660.03 -84.92 586.17
v 656.25 -84.63 586.27
v 652.57 -83.76 586.43
v 649.07 -82.32 586.64
v 645.83 -80.36 586.91
v 642.95 -77.91 587.21
v 640.49 -75.05 587.55
v 638.51 -71.84 587.92
v 637.06 -68.36 588.31
v 636.18 -64.70 588.70
v 635.88 -60.94 589.10
v 636.18 -57.18 589.48
v 637.06 -53.52 589.85
v 638.51 -50.03 590.18
v 640.49 -46.81 590.48
v 642.95 -43.94 590.73
v 645.83 -41.49 590.93
v 649.07 -39.51 591.07
v 652.57 -38.06 591.16
v 656.25 -37.18 591.18
v 660.02 -36.85 590.88
v 663.80 -37.14 590.78
v 667.48 -38.01 590.63
v 670.98 -39.45 590.42
v 674.22 -41.41 590.17
v 677.10 -43.85 589.86
v 679.56 -46.71 589.53
v 681.54 -49.93 589.16
v 682.99 -53.41 588.78
v 683.87 -57.07 588.38
v 684.17 -60.83 587.99
v 683.87 -64.58 587.61
v 682.99 -68.25 587.24
v 681.54 -71.74 586.91
v 679.56 -74.95 586.61
v 677.10 -77.82 586.35
v 674.22 -80.28 586.14
v 670.98 -82.25 585.99
v 667.48 -83.70 585.90
v 663.80 -84.59 585.87
v 660.02 -84.89 585.91
v 656.25 -84.60 586.00
v 652.56 -83.73 586.15
v 649.06 -82.29 586.36
v 645.83 -80.33 586.62
v 642.95 -77.88 586.92
v 640.49 -75.02 587.25
v 638.51 -71.81 587.62
v 637.06 -68.33 588.00
v 636.17 -64.67 588.40
v 635.88 -60.91 588.79
v 636.17 -57.15 589.17
v 637.06 -53.48 589.54
v 638.51 -50.00 589.88
v 640.49 -46.78 590.18
v 642.95 -43.91 590.43
v 645.83 -41.46 590.64
v 649.06 -39.48 590.79
v 652.56 -38.03 590.88
v 656.25 -37.15 590.91
v 660.02 -36.82 590.61
v 663.80 -37.11 590.52
v 667.48 -37.98 590.37
v 670.98 -39.42 590.17
v 674.21 -41.38 589.92
v 677.09 -43.83 589.63
v 679.55 -46.69 589.29
v 681.53 -49.90 588.93
v 682.98 -53.38 588.55
v 683.87 -57.05 588.16
v 684.17 -60.80 587.76
v 683.87 -64.56 587.38
v 682.98 -68.23 587.01
v 681.53 -71.71 586.67
v 679.55 -74.93 586.37
v 677.09 -77.80 586.11
v 674.21 -80.25 585.90
v 670.98 -82.23 585.74
v 667.48 -83.67 585.65
v 663.80 -84.56 585.61
v 660.02 -84.86 585.64
v 656.24 -84.57 585.72
v 652.56 -83.70 585.87
v 649.06 -82.26 586.07
v 645.82 -80.30 586.32
v 642.94 -77.85 586.62
v 640.48 -74.99 586.95
v 638.50 -71.78 587.32
v 637.05 -68.30 587.70
v 636.17 -64.63 588.09
v 635.87 -60.88 588.48
v 636.17 -57.12 588.87
v 637.05 -53.45 589.23
v 638.50 -49.97 589.57
v 640.48 -46.75 589.87
v 642.94 -43.88 590.13
v 645.82 -41.43 590.34
v 649.06 -39.45 590.50
v 652.56 -38.01 590.60
v 656.24 -37.12 590.63
v 660.01 -36.79 590.34
v 663.79 -37.08 590.26
v 667.48 -37.96 590.12
v 670.98 -39.39 589.92
v 674.21 -41.36 589.68
v 677.09 -43.80 589.39
v 679.55 -46.67 589.06
v 681.53 -49.88 588.70
v 682.98 -53.36 588.32
v 683.86 -57.02 587.93
v 684.16 -60.78 587.53
v 683.86 -64.54 587.15
v 682.98 -68.20 586.78
v 681.53 -71.69 586.44
v 679.55 -74.91 586.13
v 677.09 -77.78 585.87
v 674.21 -80.23 585.66
v 670.98 -82.20 585.50
v 667.48 -83.65 585.39
v 663.79 -84.53 585.35
v 660.01 -84.83 585.37
v 656.24 -84.54 585.45
v 652.55 -83.67 585.59
v 649.05 -82.23 585.79
v 645.82 -80.27 586.03
v 642.94 -77.82 586.32
v 640.48 -74.96 586.65
v 638.50 -71.75 587.01
v 637.05 -68.27 587.39
v 636.16 -64.60 587.78
v 635.87 -60.85 588.17
v 636.16 -57.09 588.56
v 637.05 -53.42 588.93
v 638.50 -49.94 589.27
v 640.48 -46.72 589.57
v 642.94 -43.85 589.84
v 645.82 -41.40 590.05
v 649.05 -39.42 590.21
v 652.55 -37.98 590.32
v 656.24 -37.09 590.36
v 660.01 -36.76 590.07
v 663.79 -37.05 590.00
v 667.47 -37.93 589.86
v 670.97 -39.37 589.67
v 674.21 -41.33 589.43
v 677.09 -43.78 589.15
v 679.55 -46.64 588.82
v 681.53 -49.85 588.47
v 682.98 -53.33 588.09
v 683.86 -57.00 587.70
v 684.16 -60.76 587.31
v 683.86 -64.51 586.92
v 682.98 -68.18 586.55
v 681.53 -71.66 586.21
v 679.55 -74.88 585.90
v 677.09 -77.75 585.63
v 674.21 -80.20 585.41
v 670.97 -82.18 585.25
v 667.47 -83.62 585.14
v 663.79 -84.51 585.09
v 660.01 -84.81 585.10
v 656.23 -84.52 585.18
v 652.55 -83.64 585.31
v 649.05 -82.20 585.50
v 645.82 -80.24 585.74
v 642.94 -77.79 586.03
v 640.47 -74.93 586.35
v 638.49 -71.72 586.71
v 637.04 -68.24 587.09
v 636.16 -64.57 587.47
v 635.86 -60.81 587.87
v 636.16 -57.06 588.25
v 637.04 -53.39 588.62
v 638.49 -49.90 588.96
v 640.47 -46.69 589.27
v 642.94 -43.82 589.54
v 645.82 -41.37 589.76
v 649.05 -39.39 589.93
v 652.55 -37.95 590.04
v 656.23 -37.06 590.08
v 660.01 -36.74 589.80
v 663.79 -37.03 589.74
v 667.47 -37.90 589.61
v 670.97 -39.34 589.42
v 674.20 -41.31 589.19
v 677.08 -43.75 588.91
v 679.54 -46.62 588.58
v 681.52 -49.83 588.23
v 682.97 -53.31 587.86
v 683.86 -56.97 587.47
v 684.16 -60.73 587.08
v 683.86 -64.49 586.69
v 682.97 -68.16 586.32
v 681.52 -71.64 585.98
v 679.54 -74.86 585.66
v 677.08 -77.73 585.39
v 674.20 -80.18 585.17
v 670.97 -82.15 585.00
v 667.47 -83.60 584.88
v 663.79 -84.48 584.83
v 660.01 -84.78 584.83
v 656.23 -84.49 584.90
v 652.55 -83.61 585.03
v 649.04 -82.17 585.21
v 645.81 -80.21 585.45
v 642.93 -77.76 585.73
v 640.47 -74.90 586.05
v 638.49 -71.68 586.40
v 637.04 -68.20 586.78
v 636.16 -64.54 587.17
v 635.86 -60.78 587.56
v 636.16 -57.02 587.94
v 637.04 -53.36 588.31
v 638.49 -49.87 588.66
v 640.47 -46.66 588.97
v 642.93 -43.79 589.25
v 645.81 -41.34 589.47
v 649.04 -39.36 589.64
v 652.55 -37.92 589.76
v 656.23 -37.03 589.81
v 660.01 -36.71 589.54
v 663.78 -37.00 589.47
v 667.47 -37.88 589.35
v 670.97 -39.32 589.17
v 674.20 -41.28 588.94
v 677.08 -43.73 588.67
v 679.54 -46.59 588.35
v 681.52 -49.81 588.00
v 682.97 -53.29 587.63
v 683.86 -56.95 587.24
v 684.15 -60.71 586.85
v 683.86 -64.47 586.46
v 682.97 -68.13 586.09
v 681.52 -71.62 585.74
v 679.54 -74.83 585.43
v 677.08 -77.70 585.15
v 674.20 -80.15 584.92
v 670.97 -82.12 584.75
v 667.47 -83.57 584.63
v 663.78 -84.45 584.56
v 660.01 -84.75 584.57
v 656.23 -84.46 584.63
v 652.54 -83.58 584.75
v 649.04 -82.14 584.93
v 645.81 -80.18 585.16
v 642.93 -77.73 585.43
v 640.47 -74.87 585.75
v 638.49 -71.65 586.10
v 637.04 -68.17 586.47
v 636.15 -64.51 586.86
v 635.86 -60.75 587.25
v 636.15 -56.99 587.64
v 637.04 -53.33 588.01
v 638.49 -49.84 588.36
v 640.47 -46.63 588.67
v 642.93 -43.76 588.95
v 645.81 -41.31 589.18
v 649.04 -39.34 589.36
v 652.54 -37.89 589.48
v 656.23 -37.01 589.54
v 660.00 -36.68 589.27
v 663.78 -36.97 589.21
v 667.47 -37.85 589.10
v 670.97 -39.29 588.92
v 674.20 -41.26 588.70
v 677.08 -43.70 588.43
v 679.54 -46.57 588.11
v 681.52 -49.78 587.77
v 682.97 -53.26 587.40
v 683.86 -56.93 587.01
v 684.15 -60.69 586.62
v 683.86 -64.44 586.24
v 682.97 -68.11 585.86
v 681.52 -71.59 585.51
v 679.54 -74.81 585.19
v 677.08 -77.68 584.91
v 674.20 -80.13 584.68
v 670.97 -82.10 584.50
v 667.47 -83.54 584.37
v 663.78 -84.43 584.30
v 660.00 -84.72 584.30
v 656.23 -84.43 584.35
v 652.54 -83.55 584.47
v 649.04 -82.11 584.64
v 645.81 -80.15 584.87
v 642.93 -77.70 585.14
v 640.47 -74.83 585.45
v 638.49 -71.62 585.80
v 637.04 -68.14 586.17
v 636.15 -64.48 586.55
v 635.85 -60.72 586.94
v 636.15 -56.96 587.33
v 637.04 -53.29 587.70
v 638.49 -49.81 588.05
v 640.47 -46.60 588.37
v 642.93 -43.73 588.65
v 645.81 -41.28 588.89
v 649.04 -39.31 589.07
v 652.54 -37.86 589.20
v 656.23 -36.98 589.26
v 660.00 -36.65 589.00
v 663.78 -36.95 588.95
v 667.46 -37.82 588.84
v 670.97 -39.26 588.67
v 674.20 -41.23 588.45
v 677.08 -43.68 588.19
v 679.54 -46.54 587.88
v 681.52 -49.76 587.54
v 682.97 -53.24 587.17
v 683.85 -56.90 586.78
v 684.15 -60.66 586.39
v 683.85 -64.42 586.01
v 682.97 -68.09 585.63
v 681.52 -71.57 585.28
v 679.54 -74.78 584.96
v 677.08 -77.65 584.67
v 674.20 -80.10 584.43
v 670.97 -82.07 584.25
v 667.46 -83.52 584.11
v 663.78 -84.40 584.04
v 660.00 -84.70 584.03
v 656.22 -84.40 584.08
v 652.54 -83.52 584.19
v 649.04 -82.08 584.35
v 645.81 -80.12 584.57
v 642.93 -77.67 584.84
v 640.46 -74.80 585.15
v 638.48 -71.59 585.49
v 637.03 -68.11 585.86
v 636.15 -64.44 586.24
v 635.85 -60.69 586.63
v 636.15 -56.93 587.02
v 637.03 -53.26 587.40
v 638.48 -49.78 587.75
v 640.46 -46.56 588.07
v 642.93 -43.70 588.36
v 645.81 -41.25 588.60
v 649.04 -39.28 588.78
v 652.54 -37.83 588.92
v 656.22 -36.95 588.99
v 660.00 -36.62 588.73
v 663.78 -36.92 588.69
v 667.46 -37.80 588.59
v 670.96 -39.24 588.42
v 674.20 -41.21 588.21
v 677.08 -43.65 587.95
v 679.54 -46.52 587.64
v 681.52 -49.73 587.30
v 682.97 -53.22 586.94
v 683.85 -56.88 586.56
v 684.15 -60.64 586.17
v 683.85 -64.40 585.78
v 682.97 -68.06 585.40
v 681.52 -71.54 585.05
v 679.54 -74.76 584.72
v 677.08 -77.63 584.43
v 674.20 -80.08 584.19
v 670.96 -82.05 584.00
v 667.46 -83.49 583.86
v 663.78 -84.37 583.78
v 660.00 -84.67 583.76
v 656.22 -84.37 583.80
v 652.54 -83.49 583.91
v 649.04 -82.05 584.07
v 645.81 -80.09 584.28
v 642.92 -77.64 584.55
v 640.46 -74.77 584.85
v 638.48 -71.56 585.19
v 637.03 -68.08 585.55
v 636.15 -64.41 585.94
v 635.85 -60.65 586.33
v 636.15 -56.90 586.71
v 637.03 -53.23 587.09
v 638.48 -49.75 587.45
v 640.46 -46.53 587.77
v 642.92 -43.67 588.06
v 645.81 -41.22 588.30
v 649.04 -39.25 588.50
v 652.54 -37.80 588.63
v 656.22 -36.92 588.71
v 660.00 -36.60 588.46
v 663.78 -36.89 588.43
v 667.46 -37.77 588.33
v 670.96 -39.21 588.17
v 674.20 -41.18 587.97
v 677.08 -43.63 587.71
v 679.54 -46.50 587.41
v 681.52 -49.71 587.07
v 682.97 -53.19 586.71
v 683.85 -56.86 586.33
v 684.15 -60.61 585.94
v 683.85 -64.37 585.55
v 682.97 -68.04 585.17
v 681.52 -71.52 584.81
v 679.54 -74.73 584.49
v 677.08 -77.60 584.19
v 674.20 -80.05 583.94
v 670.96 -82.02 583.75
v 667.46 -83.46 583.60
v 663.78 -84.34 583.52
v 660.00 -84.64 583.49
v 656.22 -84.35 583.53
v 652.54 -83.47 583.63
v 649.04 -82.02 583.78
v 645.81 -80.05 583.99
v 642.92 -77.61 584.25
v 640.46 -74.74 584.55
v 638.48 -71.53 584.89
v 637.03 -68.05 585.25
v 636.15 -64.38 585.63
v 635.85 -60.62 586.02
v 636.15 -56.86 586.41
v 637.03 -53.20 586.78
v 638.48 -49.72 587.14
v 640.46 -46.50 587.47
v 642.92 -43.64 587.76
v 645.81 -41.19 588.01
v 649.04 -39.22 588.21
v 652.54 -37.77 588.35
v 656.22 -36.89 588.44
v 660.00 -36.57 588.20
v 663.78 -36.86 588.16
v 667.46 -37.74 588.07
v 670.96 -39.19 587.92
v 674.20 -41.16 587.72
v 677.08 -43.60 587.47
v 679.54 -46.47 587.17
v 681.52 -49.69 586.84
v 682.97 -53.17 586.48
v 683.85 -56.83 586.10
v 684.15 -60.59 585.71
v 683.85 -64.35 585.32
v 682.97 -68.01 584.94
v 681.52 -71.50 584.58
v 679.54 -74.71 584.25
v 677.08 -77.58 583.95
v 674.20 -80.02 583.70
v 670.96 -81.99 583.50
v 667.46 -83.44 583.35
v 663.78 -84.32 583.26
v 660.00 -84.61 583.23
v 656.22 -84.32 583.26
v 652.54 -83.44 583.35
v 649.04 -81.99 583.50
v 645.80 -80.02 583.70
v 642.92 -77.58 583.95
v 640.46 -74.71 584.25
v 638.48 -71.50 584.58
v 637.03 -68.01 584.94
v 636.15 -64.35 585.32
v 635.85 -60.59 585.71
v 636.15 -56.83 586.10
v 637.03 -53.17 586.48
v 638.48 -49.69 586.84
v 640.46 -46.47 587.17
v 642.92 -43.60 587.47
v 645.80 -41.16 587.72
v 649.04 -39.19 587.92
v 652.54 -37.74 588.07
v 656.22 -36.86 588.16
v 660.00 24.02 2.49
v 663.78 23.73 2.45
v 667.46 22.85 2.36
v 670.96 21.40 2.21
v 674.20 19.43 2.01
v 677.08 16.99 1.76
v 679.54 14.12 1.46
v 681.52 10.91 1.13
v 682.97 7.42 0.77
v 683.85 3.76 0.39
v 684.15 0.00 -0.00
v 683.85 -3.76 -0.39
v 682.97 -7.42 -0.77
v 681.52 -10.91 -1.13
v 679.54 -14.12 -1.46
v 677.08 -16.99 -1.76
v 674.20 -19.43 -2.01
v 670.96 -21.40 -2.21
v 667.46 -22.85 -2.36
v 663.78 -23.73 -2.45
v 660.00 -24.02 -2.49
v 656.22 -23.73 -2.45
v 652.54 -22.85 -2.36
v 649.04 -21.40 -2.21
v 645.80 -19.43 -2.01
v 642.92 -16.99 -1.76
v 640.46 -14.12 -1.46
v 638.48 -10.91 -1.13
v 637.03 -7.42 -0.77
v 636.15 -3.76 -0.39
v 635.85 -0.00 0.00
v 636.15 3.76 0.39
v 637.03 7.42 0.77
v 638.48 10.91 1.13
v 640.46 14.12 1.46
v 642.92 16.99 1.76
v 645.80 19.43 2.01
v 649.04 21.40 2.21
v 652.54 22.85 2.36
v 656.22 23.73 2.45
v -660.00 0.00 0.00
v 660.00 0.00 0.00
v -710.00 -100.00 0.00
v -710.00 -100.00 14.00
v -710.00 100.00 0.00
v -710.00 100.00 14.00
v -610.00 -100.00 0.00
v -610.00 -100.00 14.00
v -610.00 100.00 0.00
v -610.00 100.00 14.00
v 610.00 -100.00 0.00
v 610.00 -100.00 14.00
v 610.00 100.00 0.00
v 610.00 100.00 14.00
v 710.00 -100.00 0.00
v 710.00 -100.00 14.00
v 710.00 100.00 0.00
v 710.00 100.00 14.00
v -555.84 -121.12 935.00
v -555.84 -121.12 1245.00
v -558.24 -116.73 935.00
v -558.24 -116.73 1245.00
v -441.76 -58.79 935.00
v -441.76 -58.79 1245.00
v -444.16 -54.40 935.00
v -444.16 -54.40 1245.00
v 607.00 -60.26 645.00
v 607.00 -60.26 955.00
v 607.00 -55.26 645.00
v 607.00 -55.26 955.00
v 737.00 -60.26 645.00
v 737.00 -60.26 955.00
v 737.00 -55.26 645.00
v 737.00 -55.26 955.00
o marco
f 1 41 42
f 1 42 2
f 2 42 43
f 2 43 3
f 3 43 44
f 3 44 4
f 4 44 45
f 4 45 5
f 5 45 46
f 5 46 6
f 6 46 47
f 6 47 7
f 7 47 48
f 7 48 8
f 8 48 49
f 8 49 9
f 9 49 50
f 9 50 10
f 10 50 51
f 10 51 11
f 11 51 52
f 11 52 12
f 12 52 53
f 12 53 13
f 13 53 54
f 13 54 14
f 14 54 55
f 14 55 15
f 15 55 56
f 15 56 16
f 16 56 57
f 16 57 17
f 17 57 58
f 17 58 18
f 18 58 59
f 18 59 19
f 19 59 60
f 19 60 20
f 20 60 61
f 20 61 21
f 21 61 62
f 21 62 22
f 22 62 63
f 22 63 23
f 23 63 64
f 23 64 24
f 24 64 65
f 24 65 25
f 25 65 66
f 25 66 26
f 26 66 67
f 26 67 27
f 27 67 68
f 27 68 28
f 28 68 69
f 28 69 29
f 29 69 70
f 29 70 30
f 30 70 71
f 30 71 31
f 31 71 72
f 31 72 32
f 32 72 73
f 32 73 33
f 33 73 74
f 33 74 34
f 34 74 75
f 34 75 35
f 35 75 76
f 35 76 36
f 36 76 77
f 36 77 37
f 37 77 78
f 37 78 38
f 38 78 79
f 38 79 39
f 39 79 80
f 39 80 40
f 40 80 41
f 40 41 1
f 41 81 82
f 41 82 42
f 42 82 83
f 42 83 43
f 43 83 84
f 43 84 44
f 44 84 85
f 44 85 45
f 45 85 86
f 45 86 46
f 46 86 87
f 46 87 47
f 47 87 88
f 47 88 48
f 48 88 89
f 48 89 49
f 49 89 90
f 49 90 50
f 50 90 91
f 50 91 51
f 51 91 92
f 51 92 52
f 52 92 93
f 52 93 53
f 53 93 94
f 53 94 54
f 54 94 95
f 54 95 55
f 55 95 96
f 55 96 56
f 56 96 97
f 56 97 57
f 57 97 98
f 57 98 58
f 58 98 99
f 58 99 59
f 59 99 100
f 59 100 60
f 60 100 101
f 60 101 61
f 61 101 102
f 61 102 62
f 62 102 103
f 62 103 63
f 63 103 104
f 63 104 64
f 64 104 105
f 64 105 65
f 65 105 106
f 65 106 66
f 66 106 107
f 66 107 67
f 67 107 108
f 67 108 68
f 68 108 109
f 68 109 69
f 69 109 110
f 69 110 70
f 70 110 111
f 70 111 71
f 71 111 112
f 71 112 72
f 72 112 113
f 72 113 73
f 73 113 114
f 73 114 74
f 74 114 115
f 74 115 75
f 75 115 116
f 75 116 76
f 76 116 117
f 76 117 77
f 77 117 118
f 77 118 78
f 78 118 119
f 78 119 79
f 79 119 120
f 79 120 80
f 80 120 81
f 80 81 41
f 81 121 122
f 81 122 82
f 82 122 123
f 82 123 83
f 83 123 124
f 83 124 84
f 84 124 125
f 84 125 85
f 85 125 126
f 85 126 86
f 86 126 127
f 86 127 87
f 87 127 128
f 87 128 88
f 88 128 129
f 88 129 89
f 89 129 130
f 89 130 90
f 90 130 131
f 90 131 91
f 91 131 132
f 91 132 92
f 92 132 133
f 92 133 93
f 93 133 134
f 93 134 94
f 94 134 135
f 94 135 95
f 95 135 136
f 95 136 96
f 96 136 137
f 96 137 97
f 97 137 138
f 97 138 98
f 98 138 139
f 98 139 99
f 99 139 140
f 99 140 100
f 100 140 141
f 100 141 101
f 101 141 142
f 101 142 102
f 102 142 143
f 102 143 103
f 103 143 144
f 103 144 104
f 104 144 145
f 104 145 105
f 105 145 146
f 105 146 106
f 106 146 147
f 106 147 107
f 107 147 148
f 107 148 108
f 108 148 149
f 108 149 109
f 109 149 150
f 109 150 110
f 110 150 151
f 110 151 111
f 111 151 152
f 111 152 112
f 112 152 153
f 112 153 113
f 113 153 154
f 113 154 114
f 114 154 155
f 114 155 115
f 115 155 156
f 115 156 116
f 116 156 157
f 116 157 117
f 117 157 158
f 117 158 118
f 118 158 159
f 118 159 119
f 119 159 160
f 119 160 120
f 120 160 121
f 120 121 81
f 121 161 162
f 121 162 122
f 122 162 163
f 122 163 123
f 123 163 164
f 123 164 124
f 124 164 165
f 124 165 125
f 125 165 166
f 125 166 126
f 126 166 167
f 126 167 127
f 127 167 168
f 127 168 128
f 128 168 169
f 128 169 129
f 129 169 170
f 129 170 130
f 130 170 171
f 130 171 131
f 131 171 172
f 131 172 132
f 132 172 173
f 132 173 133
f 133 173 174
f 133 174 134
f 134 174 175
f 134 175 135
f 135 175 176
f 135 176 136
f 136 176 177
f 136 177 137
f 137 177 178
f 137 178 138
f 138 178 179
f 138 179 139
f 139 179 180
f 139 180 140
f 140 180 181
f 140 181 141
f 141 181 182
f 141 182 142
f 142 182 183
f 142 183 143
f 143 183 184
f 143 184 144
f 144 184 185
f 144 185 145
f 145 185 186
f 145 186 146
f 146 186 187
f 146 187 147
f 147 187 188
f 147 188 148
f 148 188 189
f 148 189 149
f 149 189 190
f 149 190 150
f 150 190 191
f 150 191 151
f 151 191 192
f 151 192 152
f 152 192 193
f 152 193 153
f 153 193 194
f 153 194 154
f 154 194 195
f 154 195 155
f 155 195 196
f 155 196 156
f 156 196 197
f 156 197 157
f 157 197 198
f 157 198 158
f 158 198 199
f 158 199 159
f 159 199 200
f 159 200 160
f 160 200 161
f 160 161 121
f 161 201 202
f 161 202 162
f 162 202 203
f 162 203 163
f 163 203 204
f 163 204 164
f 164 204 205
f 164 205 165
f 165 205 206
f 165 206 166
f 166 206 207
f 166 207 167
f 167 207 208
f 167 208 168
f 168 208 209
f 168 209 169
f 169 209 210
f 169 210 170
f 170 210 211
f 170 211 171
f 171 211 212
f 171 212 172
f 172 212 213
f 172 213 173
f 173 213 214
f 173 214 174
f 174 214 215
f 174 215 175
f 175 215 216
f 175 216 176
f 176 216 217
f 176 217 177
f 177 217 218
f 177 218 178
f 178 218 219
f 178 219 179
f 179 219 220
f 179 220 180
f 180 220 221
f 180 221 181
f 181 221 222
f 181 222 182
f 182 222 223
f 182 223 183
f 183 223 224
f 183 224 184
f 184 224 225
f 184 225 185
f 185 225 226
f 185 226 186
f 186 226 227
f 186 227 187
f 187 227 228
f 187 228 188
f 188 228 229
f 188 229 189
f 189 229 230
f 189 230 190
f 190 230 231
f 190 231 191
f 191 231 232
f 191 232 192
f 192 232 233
f 192 233 193
f 193 233 234
f 193 234 194
f 194 234 235
f 194 235 195
f 195 235 236
f 195 236 196
f 196 236 237
f 196 237 197
f 197 237 238
f 197 238 198
f 198 238 239
f 198 239 199
f 199 239 240
f 199 240 200
f 200 240 201
f 200 201 161
f 201 241 242
f 201 242 202
f 202 242 243
f 202 243 203
f 203 243 244
f 203 244 204
f 204 244 245
f 204 245 205
f 205 245 246
f 205 246 206
f 206 246 247
f 206 247 207
f 207 247 248
f 207 248 208
f 208 248 249
f 208 249 209
f 209 249 250
f 209 250 210
f 210 250 251
f 210 251 211
f 211 251 252
f 211 252 212
f 212 252 253
f 212 253 213
f 213 253 254
f 213 254 214
f 214 254 255
f 214 255 215
f 215 255 256
f 215 256 216
f 216 256 257
f 216 257 217
f 217 257 258
f 217 258 218
f 218 258 259
f 218 259 219
f 219 259 260
f 219 260 220
f 220 260 261
f 220 261 221
f 221 261 262
f 221 262 222
f 222 262 263
f 222 263 223
f 223 263 264
f 223 264 224
f 224 264 265
f 224 265 225
f 225 265 266
f 225 266 226
f 226 266 267
f 226 267 227
f 227 267 268
f 227 268 228
f 228 268 269
f 228 269 229
f 229 269 270
f 229 270 230
f 230 270 271
f 230 271 231
f 231 271 272
f 231 272 232
f 232 272 273
f 232 273 233
f 233 273 274
f 233 274 234
f 234 274 275
f 234 275 235
f 235 275 276
f 235 276 236
f 236 276 277
f 236 277 237
f 237 277 278
f 237 278 238
f 238 278 279
f 238 279 239
f 239 279 280
f 239 280 240
f 240 280 241
f 240 241 201
f 241 281 282
f 241 282 242
f 242 282 283
f 242 283 243
f 243 283 284
f 243 284 244
f 244 284 285
f 244 285 245
f 245 285 286
f 245 286 246
f 246 286 287
f 246 287 247
f 247 287 288
f 247 288 248
f 248 288 289
f 248 289 249
f 249 289 290
f 249 290 250
f 250 290 291
f 250 291 251
f 251 291 292
f 251 292 252
f 252 292 293
f 252 293 253
f 253 293 294
f 253 294 254
f 254 294 295
f 254 295 255
f 255 295 296
f 255 296 256
f 256 296 297
f 256 297 257
f 257 297 298
f 257 298 258
f 258 298 299
f 258 299 259
f 259 299 300
f 259 300 260
f 260 300 301
f 260 301 261
f 261 301 302
f 261 302 262
f 262 302 303
f 262 303 263
f 263 303 304
f 263 304 264
f 264 304 305
f 264 305 265
f 265 305 306
f 265 306 266
f 266 306 307
f 266 307 267
f 267 307 308
f 267 308 268
f 268 308 309
f 268 309 269
f 269 309 310
f 269 310 270
f 270 310 311
f 270 311 271
f 271 311 312
f 271 312 272
f 272 312 313
f 272 313 273
f 273 313 314
f 273 314 274
f 274 314 315
f 274 315 275
f 275 315 316
f 275 316 276
f 276 316 317
f 276 317 277
f 277 317 318
f 277 318 278
f 278 318 319
f 278 319 279
f 279 319 320
f 279 320 280
f 280 320 281
f 280 281 241
f 281 321 322
f 281 322 282
f 282 322 323
f 282 323 283
f 283 323 324
f 283 324 284
f 284 324 325
f 284 325 285
f 285 325 326
f 285 326 286
f 286 326 327
f 286 327 287
f 287 327 328
f 287 328 288
f 288 328 329
f 288 329 289
f 289 329 330
f 289 330 290
f 290 330 331
f 290 331 291
f 291 331 332
f 291 332 292
f 292 332 333
f 292 333 293
f 293 333 334
f 293 334 294
f 294 334 335
f 294 335 295
f 295 335 336
f 295 336 296
f 296 336 337
f 296 337 297
f 297 337 338
f 297 338 298
f 298 338 339
f 298 339 299
f 299 339 340
f 299 340 300
f 300 340 341
f 300 341 301
f 301 341 342
f 301 342 302
f 302 342 343
f 302 343 303
f 303 343 344
f 303 344 304
f 304 344 345
f 304 345 305
f 305 345 346
f 305 346 306
f 306 346 347
f 306 347 307
f 307 347 348
f 307 348 308
f 308 348 349
f 308 349 309
f 309 349 350
f 309 350 310
f 310 350 351
f 310 351 311
f 311 351 352
f 311 352 312
f 312 352 353
f 312 353 313
f 313 353 354
f 313 354 314
f 314 354 355
f 314 355 315
f 315 355 356
f 315 356 316
f 316 356 357
f 316 357 317
f 317 357 358
f 317 358 318
f 318 358 359
f 318 359 319
f 319 359 360
f 319 360 320
f 320 360 321
f 320 321 281
f 321 361 362
f 321 362 322
f 322 362 363
f 322 363 323
f 323 363 364
f 323 364 324
f 324 364 365
f 324 365 325
f 325 365 366
f 325 366 326
f 326 366 367
f 326 367 327
f 327 367 368
f 327 368 328
f 328 368 369
f 328 369 329
f 329 369 370
f 329 370 330
f 330 370 371
f 330 371 331
f 331 371 372
f 331 372 332
f 332 372 373
f 332 373 333
f 333 373 374
f 333 374 334
f 334 374 375
f 334 375 335
f 335 375 376
f 335 376 336
f 336 376 377
f 336 377 337
f 337 377 378
f 337 378 338
f 338 378 379
f 338 379 339
f 339 379 380
f 339 380 340
f 340 380 381
f 340 381 341
f 341 381 382
f 341 382 342
f 342 382 383
f 342 383 343
f 343 383 384
f 343 384 344
f 344 384 385
f 344 385 345
f 345 385 386
f 345 386 346
f 346 386 387
f 346 387 347
f 347 387 388
f 347 388 348
f 348 388 389
f 348 389 349
f 349 389 390
f 349 390 350
f 350 390 391
f 350 391 351
f 351 391 392
f 351 392 352
f 352 392 393
f 352 393 353
f 353 393 394
f 353 394 354
f 354 394 395
f 354 395 355
f 355 395 396
f 355 396 356
f 356 396 397
f 356 397 357
f 357 397 398
f 357 398 358
f 358 398 399
f 358 399 359
f 359 399 400
f 359 400 360
f 360 400 361
f 360 361 321
f 361 401 402
f 361 402 362
f 362 402 403
f 362 403 363
f 363 403 404
f 363 404 364
f 364 404 405
f 364 405 365
f 365 405 406
f 365 406 366
f 366 406 407
f 366 407 367
f 367 407 408
f 367 408 368
f 368 408 409
f 368 409 369
f 369 409 410
f 369 410 370
f 370 410 411
f 370 411 371
f 371 411 412
f 371 412 372
f 372 412 413
f 372 413 373
f 373 413 414
f 373 414 374
f 374 414 415
f 374 415 375
f 375 415 416
f 375 416 376
f 376 416 417
f 376 417 377
f 377 417 418
f 377 418 378
f 378 418 419
f 378 419 379
f 379 419 420
f 379 420 380
f 380 420 421
f 380 421 381
f 381 421 422
f 381 422 382
f 382 422 423
f 382 423 383
f 383 423 424
f 383 424 384
f 384 424 425
f 384 425 385
f 385 425 426
f 385 426 386
f 386 426 427
f 386 427 387
f 387 427 428
f 387 428 388
f 388 428 429
f 388 429 389
f 389 429 430
f 389 430 390
f 390 430 431
f 390 431 391
f 391 431 432
f 391 432 392
f 392 432 433
f 392 433 393
f 393 433 434
f 393 434 394
f 394 434 435
f 394 435 395
f 395 435 436
f 395 436 396
f 396 436 437
f 396 437 397
f 397 437 438
f 397 438 398
f 398 438 439
f 398 439 399
f 399 439 440
f 399 440 400
f 400 440 401
f 400 401 361
f 401 441 442
f 401 442 402
f 402 442 443
f 402 443 403
f 403 443 444
f 403 444 404
f 404 444 445
f 404 445 405
f 405 445 446
f 405 446 406
f 406 446 447
f 406 447 407
f 407 447 448
f 407 448 408
f 408 448 449
f 408 449 409
f 409 449 450
f 409 450 410
f 410 450 451
f 410 451 411
f 411 451 452
f 411 452 412
f 412 452 453
f 412 453 413
f 413 453 454
f 413 454 414
f 414 454 455
f 414 455 415
f 415 455 456
f 415 456 416
f 416 456 457
f 416 457 417
f 417 457 458
f 417 458 418
f 418 458 459
f 418 459 419
f 419 459 460
f 419 460 420
f 420 460 461
f 420 461 421
f 421 461 462
f 421 462 422
f 422 462 463
f 422 463 423
f 423 463 464
f 423 464 424
f 424 464 465
f 424 465 425
f 425 465 466
f 425 466 426
f 426 466 467
f 426 467 427
f 427 467 468
f 427 468 428
f 428 468 469
f 428 469 429
f 429 469 470
f 429 470 430
f 430 470 471
f 430 471 431
f 431 471 472
f 431 472 432
f 432 472 473
f 432 473 433
f 433 473 474
f 433 474 434
f 434 474 475
f 434 475 435
f 435 475 476
f 435 476 436
f 436 476 477
f 436 477 437
f 437 477 478
f 437 478 438
f 438 478 479
f 438 479 439
f 439 479 480
f 439 480 440
f 440 480 441
f 440 441 401
f 441 481 482
f 441 482 442
f 442 482 483
f 442 483 443
f 443 483 484
f 443 484 444
f 444 484 485
f 444 485 445
f 445 485 486
f 445 486 446
f 446 486 487
f 446 487 447
f 447 487 488
f 447 488 448
f 448 488 489
f 448 489 449
f 449 489 490
f 449 490 450
f 450 490 491
f 450 491 451
f 451 491 492
f 451 492 452
f 452 492 493
f 452 493 453
f 453 493 494
f 453 494 454
f 454 494 495
f 454 495 455
f 455 495 496
f 455 496 456
f 456 496 497
f 456 497 457
f 457 497 498
f 457 498 458
f 458 498 499
f 458 499 459
f 459 499 500
f 459 500 460
f 460 500 501
f 460 501 461
f 461 501 502
f 461 502 462
f 462 502 503
f 462 503 463
f 463 503 504
f 463 504 464
f 464 504 505
f 464 505 465
f 465 505 506
f 465 506 466
f 466 506 507
f 466 507 467
f 467 507 508
f 467 508 468
f 468 508 509
f 468 509 469
f 469 509 510
f 469 510 470
f 470 510 511
f 470 511 471
f 471 511 512
f 471 512 472
f 472 512 513
f 472 513 473
f 473 513 514
f 473 514 474
f 474 514 515
f 474 515 475
f 475 515 516
f 475 516 476
f 476 516 517
f 476 517 477
f 477 517 518
f 477 518 478
f 478 518 519
f 478 519 479
f 479 519 520
f 479 520 480
f 480 520 481
f 480 481 441
f 481 521 522
f 481 522 482
f 482 522 523
f 482 523 483
f 483 523 524
f 483 524 484
f 484 524 525
f 484 525 485
f 485 525 526
f 485 526 486
f 486 526 527
f 486 527 487
f 487 527 528
f 487 528 488
f 488 528 529
f 488 529 489
f 489 529 530
f 489 530 490
f 490 530 531
f 490 531 491
f 491 531 532
f 491 532 492
f 492 532 533
f 492 533 493
f 493 533 534
f 493 534 494
f 494 534 535
f 494 535 495
f 495 535 536
f 495 536 496
f 496 536 537
f 496 537 497
f 497 537 538
f 497 538 498
f 498 538 539
f 498 539 499
f 499 539 540
f 499 540 500
f 500 540 541
f 500 541 501
f 501 541 542
f 501 542 502
f 502 542 543
f 502 543 503
f 503 543 544
f 503 544 504
f 504 544 545
f 504 545 505
f 505 545 546
f 505 546 506
f 506 546 547
f 506 547 507
f 507 547 548
f 507 548 508
f 508 548 549
f 508 549 509
f 509 549 550
f 509 550 510
f 510 550 551
f 510 551 511
f 511 551 552
f 511 552 512
f 512 552 553
f 512 553 513
f 513 553 554
f 513 554 514
f 514 554 555
f 514 555 515
f 515 555 556
f 515 556 516
f 516 556 557
f 516 557 517
f 517 557 558
f 517 558 518
f 518 558 559
f 518 559 519
f 519 559 560
f 519 560 520
f 520 560 521
f 520 521 481
f 521 561 562
f 521 562 522
f 522 562 563
f 522 563 523
f 523 563 564
f 523 564 524
f 524 564 565
f 524 565 525
f 525 565 566
f 525 566 526
f 526 566 567
f 526 567 527
f 527 567 568
f 527 568 528
f 528 568 569
f 528 569 529
f 529 569 570
f 529 570 530
f 530 570 571
f 530 571 531
f 531 571 572
f 531 572 532
f 532 572 573
f 532 573 533
f 533 573 574
f 533 574 534
f 534 574 575
f 534 575 535
f 535 575 576
f 535 576 536
f 536 576 577
f 536 577 537
f 537 577 578
f 537 578 538
f 538 578 579
f 538 579 539
f 539 579 580
f 539 580 540
f 540 580 581
f 540 581 541
f 541 581 582
f 541 582 542
f 542 582 583
f 542 583 543
f 543 583 584
f 543 584 544
f 544 584 585
f 544 585 545
f 545 585 586
f 545 586 546
f 546 586 587
f 546 587 547
f 547 587 588
f 547 588 548
f 548 588 589
f 548 589 549
f 549 589 590
f 549 590 550
f 550 590 591
f 550 591 551
f 551 591 592
f 551 592 552
f 552 592 593
f 552 593 553
f 553 593 594
f 553 594 554
f 554 594 595
f 554 595 555
f 555 595 596
f 555 596 556
f 556 596 597
f 556 597 557
f 557 597 598
f 557 598 558
f 558 598 599
f 558 599 559
f 559 599 600
f 559 600 560
f 560 600 561
f 560 561 521
f 561 601 602
f 561 602 562
f 562 602 603
f 562 603 563
f 563 603 604
f 563 604 564
f 564 604 605
f 564 605 565
f 565 605 606
f 565 606 566
f 566 606 607
f 566 607 567
f 567 607 608
f 567 608 568
f 568 608 609
f 568 609 569
f 569 609 610
f 569 610 570
f 570 610 611
f 570 611 571
f 571 611 612
f 571 612 572
f 572 612 613
f 572 613 573
f 573 613 614
f 573 614 574
f 574 614 615
f 574 615 575
f 575 615 616
f 575 616 576
f 576 616 617
f 576 617 577
f 577 617 618
f 577 618 578
f 578 618 619
f 578 619 579
f 579 619 620
f 579 620 580
f 580 620 621
f 580 621 581
f 581 621 622
f 581 622 582
f 582 622 623
f 582 623 583
f 583 623 624
f 583 624 584
f 584 624 625
f 584 625 585
f 585 625 626
f 585 626 586
f 586 626 627
f 586 627 587
f 587 627 628
f 587 628 588
f 588 628 629
f 588 629 589
f 589 629 630
f 589 630 590
f 590 630 631
f 590 631 591
f 591 631 632
f 591 632 592
f 592 632 633
f 592 633 593
f 593 633 634
f 593 634 594
f 594 634 635
f 594 635 595
f 595 635 636
f 595 636 596
f 596 636 637
f 596 637 597
f 597 637 638
f 597 638 598
f 598 638 639
f 598 639 599
f 599 639 640
f 599 640 600
f 600 640 601
f 600 601 561
f 601 641 642
f 601 642 602
f 602 642 643
f 602 643 603
f 603 643 644
f 603 644 604
f 604 644 645
f 604 645 605
f 605 645 646
f 605 646 606
f 606 646 647
f 606 647 607
f 607 647 648
f 607 648 608
f 608 648 649
f 608 649 609
f 609 649 650
f 609 650 610
f 610 650 651
f 610 651 611
f 611 651 652
f 611 652 612
f 612 652 653
f 612 653 613
f 613 653 654
f 613 654 614
f 614 654 655
f 614 655 615
f 615 655 656
f 615 656 616
f 616 656 657
f 616 657 617
f 617 657 658
f 617 658 618
f 618 658 659
f 618 659 619
f 619 659 660
f 619 660 620
f 620 660 661
f 620 661 621
f 621 661 662
f 621 662 622
f 622 662 663
f 622 663 623
f 623 663 664
f 623 664 624
f 624 664 665
f 624 665 625
f 625 665 666
f 625 666 626
f 626 666 667
f 626 667 627
f 627 667 668
f 627 668 628
f 628 668 669
f 628 669 629
f 629 669 670
f 629 670 630
f 630 670 671
f 630 671 631
f 631 671 672
f 631 672 632
f 632 672 673
f 632 673 633
f 633 673 674
f 633 674 634
f 634 674 675
f 634 675 635
f 635 675 676
f 635 676 636
f 636 676 677
f 636 677 637
f 637 677 678
f 637 678 638
f 638 678 679
f 638 679 639
f 639 679 680
f 639 680 640
f 640 680 641
f 640 641 601
f 641 681 682
f 641 682 642
f 642 682 683
f 642 683 643
f 643 683 684
f 643 684 644
f 644 684 685
f 644 685 645
f 645 685 686
f 645 686 646
f 646 686 687
f 646 687 647
f 647 687 688
f 647 688 648
f 648 688 689
f 648 689 649
f 649 689 690
f 649 690 650
f 650 690 691
f 650 691 651
f 651 691 692
f 651 692 652
f 652 692 693
f 652 693 653
f 653 693 694
f 653 694 654
f 654 694 695
f 654 695 655
f 655 695 696
f 655 696 656
f 656 696 697
f 656 697 657
f 657 697 698
f 657 698 658
f 658 698 699
f 658 699 659
f 659 699 700
f 659 700 660
f 660 700 701
f 660 701 661
f 661 701 702
f 661 702 662
f 662 702 703
f 662 703 663
f 663 703 704
f 663 704 664
f 664 704 705
f 664 705 665
f 665 705 706
f 665 706 666
f 666 706 707
f 666 707 667
f 667 707 708
f 667 708 668
f 668 708 709
f 668 709 669
f 669 709 710
f 669 710 670
f 670 710 711
f 670 711 671
f 671 711 712
f 671 712 672
f 672 712 713
f 672 713 673
f 673 713 714
f 673 714 674
f 674 714 715
f 674 715 675
f 675 715 716
f 675 716 676
f 676 716 717
f 676 717 677
f 677 717 718
f 677 718 678
f 678 718 719
f 678 719 679
f 679 719 720
f 679 720 680
f 680 720 681
f 680 681 641
f 681 721 722
f 681 722 682
f 682 722 723
f 682 723 683
f 683 723 724
f 683 724 684
f 684 724 725
f 684 725 685
f 685 725 726
f 685 726 686
f 686 726 727
f 686 727 687
f 687 727 728
f 687 728 688
f 688 728 729
f 688 729 689
f 689 729 730
f 689 730 690
f 690 730 731
f 690 731 691
f 691 731 732
f 691 732 692
f 692 732 733
f 692 733 693
f 693 733 734
f 693 734 694
f 694 734 735
f 694 735 695
f 695 735 736
f 695 736 696
f 696 736 737
f 696 737 697
f 697 737 738
f 697 738 698
f 698 738 739
f 698 739 699
f 699 739 740
f 699 740 700
f 700 740 741
f 700 741 701
f 701 741 742
f 701 742 702
f 702 742 743
f 702 743 703
f 703 743 744
f 703 744 704
f 704 744 745
f 704 745 705
f 705 745 746
f 705 746 706
f 706 746 747
f 706 747 707
f 707 747 748
f 707 748 708
f 708 748 749
f 708 749 709
f 709 749 750
f 709 750 710
f 710 750 751
f 710 751 711
f 711 751 752
f 711 752 712
f 712 752 753
f 712 753 713
f 713 753 754
f 713 754 714
f 714 754 755
f 714 755 715
f 715 755 756
f 715 756 716
f 716 756 757
f 716 757 717
f 717 757 758
f 717 758 718
f 718 758 759
f 718 759 719
f 719 759 760
f 719 760 720
f 720 760 721
f 720 721 681
f 721 761 762
f 721 762 722
f 722 762 763
f 722 763 723
f 723 763 764
f 723 764 724
f 724 764 765
f 724 765 725
f 725 765 766
f 725 766 726
f 726 766 767
f 726 767 727
f 727 767 768
f 727 768 728
f 728 768 769
f 728 769 729
f 729 769 770
f 729 770 730
f 730 770 771
f 730 771 731
f 731 771 772
f 731 772 732
f 732 772 773
f 732 773 733
f 733 773 774
f 733 774 734
f 734 774 775
f 734 775 735
f 735 775 776
f 735 776 736
f 736 776 777
f 736 777 737
f 737 777 778
f 737 778 738
f 738 778 779
f 738 779 739
f 739 779 780
f 739 780 740
f 740 780 781
f 740 781 741
f 741 781 782
f 741 782 742
f 742 782 783
f 742 783 743
f 743 783 784
f 743 784 744
f 744 784 785
f 744 785 745
f 745 785 786
f 745 786 746
f 746 786 787
f 746 787 747
f 747 787 788
f 747 788 748
f 748 788 789
f 748 789 749
f 749 789 790
f 749 790 750
f 750 790 791
f 750 791 751
f 751 791 792
f 751 792 752
f 752 792 793
f 752 793 753
f 753 793 794
f 753 794 754
f 754 794 795
f 754 795 755
f 755 795 796
f 755 796 756
f 756 796 797
f 756 797 757
f 757 797 798
f 757 798 758
f 758 798 799
f 758 799 759
f 759 799 800
f 759 800 760
f 760 800 761
f 760 761 721
f 761 801 802
f 761 802 762
f 762 802 803
f 762 803 763
f 763 803 804
f 763 804 764
f 764 804 805
f 764 805 765
f 765 805 806
f 765 806 766
f 766 806 807
f 766 807 767
f 767 807 808
f 767 808 768
f 768 808 809
f 768 809 769
f 769 809 810
f 769 810 770
f 770 810 811
f 770 811 771
f 771 811 812
f 771 812 772
f 772 812 813
f 772 813 773
f 773 813 814
f 773 814 774
f 774 814 815
f 774 815 775
f 775 815 816
f 775 816 776
f 776 816 817
f 776 817 777
f 777 817 818
f 777 818 778
f 778 818 819
f 778 819 779
f 779 819 820
f 779 820 780
f 780 820 821
f 780 821 781
f 781 821 822
f 781 822 782
f 782 822 823
f 782 823 783
f 783 823 824
f 783 824 784
f 784 824 825
f 784 825 785
f 785 825 826
f 785 826 786
f 786 826 827
f 786 827 787
f 787 827 828
f 787 828 788
f 788 828 829
f 788 829 789
f 789 829 830
f 789 830 790
f 790 830 831
f 790 831 791
f 791 831 832
f 791 832 792
f 792 832 833
f 792 833 793
f 793 833 834
f 793 834 794
f 794 834 835
f 794 835 795
f 795 835 836
f 795 836 796
f 796 836 837
f 796 837 797
f 797 837 838
f 797 838 798
f 798 838 839
f 798 839 799
f 799 839 840
f 799 840 800
f 800 840 801
f 800 801 761
f 801 841 842
f 801 842 802
f 802 842 843
f 802 843 803
f 803 843 844
f 803 844 804
f 804 844 845
f 804 845 805
f 805 845 846
f 805 846 806
f 806 846 847
f 806 847 807
f 807 847 848
f 807 848 808
f 808 848 849
f 808 849 809
f 809 849 850
f 809 850 810
f 810 850 851
f 810 851 811
f 811 851 852
f 811 852 812
f 812 852 853
f 812 853 813
f 813 853 854
f 813 854 814
f 814 854 855
f 814 855 815
f 815 855 856
f 815 856 816
f 816 856 857
f 816 857 817
f 817 857 858
f 817 858 818
f 818 858 859
f 818 859 819
f 819 859 860
f 819 860 820
f 820 860 861
f 820 861 821
f 821 861 862
f 821 862 822
f 822 862 863
f 822 863 823
f 823 863 864
f 823 864 824
f 824 864 865
f 824 865 825
f 825 865 866
f 825 866 826
f 826 866 867
f 826 867 827
f 827 867 868
f 827 868 828
f 828 868 869
f 828 869 829
f 829 869 870
f 829 870 830
f 830 870 871
f 830 871 831
f 831 871 872
f 831 872 832
f 832 872 873
f 832 873 833
f 833 873 874
f 833 874 834
f 834 874 875
f 834 875 835
f 835 875 876
f 835 876 836
f 836 876 877
f 836 877 837
f 837 877 878
f 837 878 838
f 838 878 879
f 838 879 839
f 839 879 880
f 839 880 840
f 840 880 841
f 840 841 801
f 841 881 882
f 841 882 842
f 842 882 883
f 842 883 843
f 843 883 884
f 843 884 844
f 844 884 885
f 844 885 845
f 845 885 886
f 845 886 846
f 846 886 887
f 846 887 847
f 847 887 888
f 847 888 848
f 848 888 889
f 848 889 849
f 849 889 890
f 849 890 850
f 850 890 891
f 850 891 851
f 851 891 892
f 851 892 852
f 852 892 893
f 852 893 853
f 853 893 894
f 853 894 854
f 854 894 895
f 854 895 855
f 855 895 896
f 855 896 856
f 856 896 897
f 856 897 857
f 857 897 898
f 857 898 858
f 858 898 899
f 858 899 859
f 859 899 900
f 859 900 860
f 860 900 901
f 860 901 861
f 861 901 902
f 861 902 862
f 862 902 903
f 862 903 863
f 863 903 904
f 863 904 864
f 864 904 905
f 864 905 865
f 865 905 906
f 865 906 866
f 866 906 907
f 866 907 867
f 867 907 908
f 867 908 868
f 868 908 909
f 868 909 869
f 869 909 910
f 869 910 870
f 870 910 911
f 870 911 871
f 871 911 912
f 871 912 872
f 872 912 913
f 872 913 873
f 873 913 914
f 873 914 874
f 874 914 915
f 874 915 875
f 875 915 916
f 875 916 876
f 876 916 917
f 876 917 877
f 877 917 918
f 877 918 878
f 878 918 919
f 878 919 879
f 879 919 920
f 879 920 880
f 880 920 881
f 880 881 841
f 881 921 922
f 881 922 882
f 882 922 923
f 882 923 883
f 883 923 924
f 883 924 884
f 884 924 925
f 884 925 885
f 885 925 926
f 885 926 886
f 886 926 927
f 886 927 887
f 887 927 928
f 887 928 888
f 888 928 929
f 888 929 889
f 889 929 930
f 889 930 890
f 890 930 931
f 890 931 891
f 891 931 932
f 891 932 892
f 892 932 933
f 892 933 893
f 893 933 934
f 893 934 894
f 894 934 935
f 894 935 895
f 895 935 936
f 895 936 896
f 896 936 937
f 896 937 897
f 897 937 938
f 897 938 898
f 898 938 939
f 898 939 899
f 899 939 940
f 899 940 900
f 900 940 941
f 900 941 901
f 901 941 942
f 901 942 902
f 902 942 943
f 902 943 903
f 903 943 944
f 903 944 904
f 904 944 945
f 904 945 905
f 905 945 946
f 905 946 906
f 906 946 947
f 906 947 907
f 907 947 948
f 907 948 908
f 908 948 949
f 908 949 909
f 909 949 950
f 909 950 910
f 910 950 951
f 910 951 911
f 911 951 952
f 911 952 912
f 912 952 953
f 912 953 913
f 913 953 954
f 913 954 914
f 914 954 955
f 914 955 915
f 915 955 956
f 915 956 916
f 916 956 957
f 916 957 917
f 917 957 958
f 917 958 918
f 918 958 959
f 918 959 919
f 919 959 960
f 919 960 920
f 920 960 921
f 920 921 881
f 921 961 962
f 921 962 922
f 922 962 963
f 922 963 923
f 923 963 964
f 923 964 924
f 924 964 965
f 924 965 925
f 925 965 966
f 925 966 926
f 926 966 967
f 926 967 927
f 927 967 968
f 927 968 928
f 928 968 969
f 928 969 929
f 929 969 970
f 929 970 930
f 930 970 971
f 930 971 931
f 931 971 972
f 931 972 932
f 932 972 973
f 932 973 933
f 933 973 974
f 933 974 934
f 934 974 975
f 934 975 935
f 935 975 976
f 935 976 936
f 936 976 977
f 936 977 937
f 937 977 978
f 937 978 938
f 938 978 979
f 938 979 939
f 939 979 980
f 939 980 940
f 940 980 981
f 940 981 941
f 941 981 982
f 941 982 942
f 942 982 983
f 942 983 943
f 943 983 984
f 943 984 944
f 944 984 985
f 944 985 945
f 945 985 986
f 945 986 946
f 946 986 987
f 946 987 947
f 947 987 988
f 947 988 948
f 948 988 989
f 948 989 949
f 949 989 990
f 949 990 950
f 950 990 991
f 950 991 951
f 951 991 992
f 951 992 952
f 952 992 993
f 952 993 953
f 953 993 994
f 953 994 954
f 954 994 995
f 954 995 955
f 955 995 996
f 955 996 956
f 956 996 997
f 956 997 957
f 957 997 998
f 957 998 958
f 958 998 999
f 958 999 959
f 959 999 1000
f 959 1000 960
f 960 1000 961
f 960 961 921
f 961 1001 1002
f 961 1002 962
f 962 1002 1003
f 962 1003 963
f 963 1003 1004
f 963 1004 964
f 964 1004 1005
f 964 1005 965
f 965 1005 1006
f 965 1006 966
f 966 1006 1007
f 966 1007 967
f 967 1007 1008
f 967 1008 968
f 968 1008 1009
f 968 1009 969
f 969 1009 1010
f 969 1010 970
f 970 1010 1011
f 970 1011 971
f 971 1011 1012
f 971 1012 972
f 972 1012 1013
f 972 1013 973
f 973 1013 1014
f 973 1014 974
f 974 1014 1015
f 974 1015 975
f 975 1015 1016
f 975 1016 976
f 976 1016 1017
f 976 1017 977
f 977 1017 1018
f 977 1018 978
f 978 1018 1019
f 978 1019 979
f 979 1019 1020
f 979 1020 980
f 980 1020 1021
f 980 1021 981
f 981 1021 1022
f 981 1022 982
f 982 1022 1023
f 982 1023 983
f 983 1023 1024
f 983 1024 984
f 984 1024 1025
f 984 1025 985
f 985 1025 1026
f 985 1026 986
f 986 1026 1027
f 986 1027 987
f 987 1027 1028
f 987 1028 988
f 988 1028 1029
f 988 1029 989
f 989 1029 1030
f 989 1030 990
f 990 1030 1031
f 990 1031 991
f 991 1031 1032
f 991 1032 992
f 992 1032 1033
f 992 1033 993
f 993 1033 1034
f 993 1034 994
f 994 1034 1035
f 994 1035 995
f 995 1035 1036
f 995 1036 996
f 996 1036 1037
f 996 1037 997
f 997 1037 1038
f 997 1038 998
f 998 1038 1039
f 998 1039 999
f 999 1039 1040
f 999 1040 1000
f 1000 1040 1001
f 1000 1001 961
f 1001 1041 1042
f 1001 1042 1002
f 1002 1042 1043
f 1002 1043 1003
f 1003 1043 1044
f 1003 1044 1004
f 1004 1044 1045
f 1004 1045 1005
f 1005 1045 1046
f 1005 1046 1006
f 1006 1046 1047
f 1006 1047 1007
f 1007 1047 1048
f 1007 1048 1008
f 1008 1048 1049
f 1008 1049 1009
f 1009 1049 1050
f 1009 1050 1010
f 1010 1050 1051
f 1010 1051 1011
f 1011 1051 1052
f 1011 1052 1012
f 1012 1052 1053
f 1012 1053 1013
f 1013 1053 1054
f 1013 1054 1014
f 1014 1054 1055
f 1014 1055 1015
f 1015 1055 1056
f 1015 1056 1016
f 1016 1056 1057
f 1016 1057 1017
f 1017 1057 1058
f 1017 1058 1018
f 1018 1058 1059
f 1018 1059 1019
f 1019 1059 1060
f 1019 1060 1020
f 1020 1060 1061
f 1020 1061 1021
f 1021 1061 1062
f 1021 1062 1022
f 1022 1062 1063
f 1022 1063 1023
f 1023 1063 1064
f 1023 1064 1024
f 1024 1064 1065
f 1024 1065 1025
f 1025 1065 1066
f 1025 1066 1026
f 1026 1066 1067
f 1026 1067 1027
f 1027 1067 1068
f 1027 1068 1028
f 1028 1068 1069
f 1028 1069 1029
f 1029 1069 1070
f 1029 1070 1030
f 1030 1070 1071
f 1030 1071 1031
f 1031 1071 1072
f 1031 1072 1032
f 1032 1072 1073
f 1032 1073 1033
f 1033 1073 1074
f 1033 1074 1034
f 1034 1074 1075
f 1034 1075 1035
f 1035 1075 1076
f 1035 1076 1036
f 1036 1076 1077
f 1036 1077 1037
f 1037 1077 1078
f 1037 1078 1038
f 1038 1078 1079
f 1038 1079 1039
f 1039 1079 1080
f 1039 1080 1040
f 1040 1080 1041
f 1040 1041 1001
f 1041 1081 1082
f 1041 1082 1042
f 1042 1082 1083
f 1042 1083 1043
f 1043 1083 1084
f 1043 1084 1044
f 1044 1084 1085
f 1044 1085 1045
f 1045 1085 1086
f 1045 1086 1046
f 1046 1086 1087
f 1046 1087 1047
f 1047 1087 1088
f 1047 1088 1048
f 1048 1088 1089
f 1048 1089 1049
f 1049 1089 1090
f 1049 1090 1050
f 1050 1090 1091
f 1050 1091 1051
f 1051 1091 1092
f 1051 1092 1052
f 1052 1092 1093
f 1052 1093 1053
f 1053 1093 1094
f 1053 1094 1054
f 1054 1094 1095
f 1054 1095 1055
f 1055 1095 1096
f 1055 1096 1056
f 1056 1096 1097
f 1056 1097 1057
f 1057 1097 1098
f 1057 1098 1058
f 1058 1098 1099
f 1058 1099 1059
f 1059 1099 1100
f 1059 1100 1060
f 1060 1100 1101
f 1060 1101 1061
f 1061 1101 1102
f 1061 1102 1062
f 1062 1102 1103
f 1062 1103 1063
f 1063 1103 1104
f 1063 1104 1064
f 1064 1104 1105
f 1064 1105 1065
f 1065 1105 1106
f 1065 1106 1066
f 1066 1106 1107
f 1066 1107 1067
f 1067 1107 1108
f 1067 1108 1068
f 1068 1108 1109
f 1068 1109 1069
f 1069 1109 1110
f 1069 1110 1070
f 1070 1110 1111
f 1070 1111 1071
f 1071 1111 1112
f 1071 1112 1072
f 1072 1112 1113
f 1072 1113 1073
f 1073 1113 1114
f 1073 1114 1074
f 1074 1114 1115
f 1074 1115 1075
f 1075 1115 1116
f 1075 1116 1076
f 1076 1116 1117
f 1076 1117 1077
f 1077 1117 1118
f 1077 1118 1078
f 1078 1118 1119
f 1078 1119 1079
f 1079 1119 1120
f 1079 1120 1080
f 1080 1120 1081
f 1080 1081 1041
f 1081 1121 1122
f 1081 1122 1082
f 1082 1122 1123
f 1082 1123 1083
f 1083 1123 1124
f 1083 1124 1084
f 1084 1124 1125
f 1084 1125 1085
f 1085 1125 1126
f 1085 1126 1086
f 1086 1126 1127
f 1086 1127 1087
f 1087 1127 1128
f 1087 1128 1088
f 1088 1128 1129
f 1088 1129 1089
f 1089 1129 1130
f 1089 1130 1090
f 1090 1130 1131
f 1090 1131 1091
f 1091 1131 1132
f 1091 1132 1092
f 1092 1132 1133
f 1092 1133 1093
f 1093 1133 1134
f 1093 1134 1094
f 1094 1134 1135
f 1094 1135 1095
f 1095 1135 1136
f 1095 1136 1096
f 1096 1136 1137
f 1096 1137 1097
f 1097 1137 1138
f 1097 1138 1098
f 1098 1138 1139
f 1098 1139 1099
f 1099 1139 1140
f 1099 1140 1100
f 1100 1140 1141
f 1100 1141 1101
f 1101 1141 1142
f 1101 1142 1102
f 1102 1142 1143
f 1102 1143 1103
f 1103 1143 1144
f 1103 1144 1104
f 1104 1144 1145
f 1104 1145 1105
f 1105 1145 1146
f 1105 1146 1106
f 1106 1146 1147
f 1106 1147 1107
f 1107 1147 1148
f 1107 1148 1108
f 1108 1148 1149
f 1108 1149 1109
f 1109 1149 1150
f 1109 1150 1110
f 1110 1150 1151
f 1110 1151 1111
f 1111 1151 1152
f 1111 1152 1112
f 1112 1152 1153
f 1112 1153 1113
f 1113 1153 1154
f 1113 1154 1114
f 1114 1154 1155
f 1114 1155 1115
f 1115 1155 1156
f 1115 1156 1116
f 1116 1156 1157
f 1116 1157 1117
f 1117 1157 1158
f 1117 1158 1118
f 1118 1158 1159
f 1118 1159 1119
f 1119 1159 1160
f 1119 1160 1120
f 1120 1160 1121
f 1120 1121 1081
f 1121 1161 1162
f 1121 1162 1122
f 1122 1162 1163
f 1122 1163 1123
f 1123 1163 1164
f 1123 1164 1124
f 1124 1164 1165
f 1124 1165 1125
f 1125 1165 1166
f 1125 1166 1126
f 1126 1166 1167
f 1126 1167 1127
f 1127 1167 1168
f 1127 1168 1128
f 1128 1168 1169
f 1128 1169 1129
f 1129 1169 1170
f 1129 1170 1130
f 1130 1170 1171
f 1130 1171 1131
f 1131 1171 1172
f 1131 1172 1132
f 1132 1172 1173
f 1132 1173 1133
f 1133 1173 1174
f 1133 1174 1134
f 1134 1174 1175
f 1134 1175 1135
f 1135 1175 1176
f 1135 1176 1136
f 1136 1176 1177
f 1136 1177 1137
f 1137 1177 1178
f 1137 1178 1138
f 1138 1178 1179
f 1138 1179 1139
f 1139 1179 1180
f 1139 1180 1140
f 1140 1180 1181
f 1140 1181 1141
f 1141 1181 1182
f 1141 1182 1142
f 1142 1182 1183
f 1142 1183 1143
f 1143 1183 1184
f 1143 1184 1144
f 1144 1184 1185
f 1144 1185 1145
f 1145 1185 1186
f 1145 1186 1146
f 1146 1186 1187
f 1146 1187 1147
f 1147 1187 1188
f 1147 1188 1148
f 1148 1188 1189
f 1148 1189 1149
f 1149 1189 1190
f 1149 1190 1150
f 1150 1190 1191
f 1150 1191 1151
f 1151 1191 1192
f 1151 1192 1152
f 1152 1192 1193
f 1152 1193 1153
f 1153 1193 1194
f 1153 1194 1154
f 1154 1194 1195
f 1154 1195 1155
f 1155 1195 1196
f 1155 1196 1156
f 1156 1196 1197
f 1156 1197 1157
f 1157 1197 1198
f 1157 1198 1158
f 1158 1198 1199
f 1158 1199 1159
f 1159 1199 1200
f 1159 1200 1160
f 1160 1200 1161
f 1160 1161 1121
f 1161 1201 1202
f 1161 1202 1162
f 1162 1202 1203
f 1162 1203 1163
f 1163 1203 1204
f 1163 1204 1164
f 1164 1204 1205
f 1164 1205 1165
f 1165 1205 1206
f 1165 1206 1166
f 1166 1206 1207
f 1166 1207 1167
f 1167 1207 1208
f 1167 1208 1168
f 1168 1208 1209
f 1168 1209 1169
f 1169 1209 1210
f 1169 1210 1170
f 1170 1210 1211
f 1170 1211 1171
f 1171 1211 1212
f 1171 1212 1172
f 1172 1212 1213
f 1172 1213 1173
f 1173 1213 1214
f 1173 1214 1174
f 1174 1214 1215
f 1174 1215 1175
f 1175 1215 1216
f 1175 1216 1176
f 1176 1216 1217
f 1176 1217 1177
f 1177 1217 1218
f 1177 1218 1178
f 1178 1218 1219
f 1178 1219 1179
f 1179 1219 1220
f 1179 1220 1180
f 1180 1220 1221
f 1180 1221 1181
f 1181 1221 1222
f 1181 1222 1182
f 1182 1222 1223
f 1182 1223 1183
f 1183 1223 1224
f 1183 1224 1184
f 1184 1224 1225
f 1184 1225 1185
f 1185 1225 1226
f 1185 1226 1186
f 1186 1226 1227
f 1186 1227 1187
f 1187 1227 1228
f 1187 1228 1188
f 1188 1228 1229
f 1188 1229 1189
f 1189 1229 1230
f 1189 1230 1190
f 1190 1230 1231
f 1190 1231 1191
f 1191 1231 1232
f 1191 1232 1192
f 1192 1232 1233
f 1192 1233 1193
f 1193 1233 1234
f 1193 1234 1194
f 1194 1234 1235
f 1194 1235 1195
f 1195 1235 1236
f 1195 1236 1196
f 1196 1236 1237
f 1196 1237 1197
f 1197 1237 1238
f 1197 1238 1198
f 1198 1238 1239
f 1198 1239 1199
f 1199 1239 1240
f 1199 1240 1200
f 1200 1240 1201
f 1200 1201 1161
f 1201 1241 1242
f 1201 1242 1202
f 1202 1242 1243
f 1202 1243 1203
f 1203 1243 1244
f 1203 1244 1204
f 1204 1244 1245
f 1204 1245 1205
f 1205 1245 1246
f 1205 1246 1206
f 1206 1246 1247
f 1206 1247 1207
f 1207 1247 1248
f 1207 1248 1208
f 1208 1248 1249
f 1208 1249 1209
f 1209 1249 1250
f 1209 1250 1210
f 1210 1250 1251
f 1210 1251 1211
f 1211 1251 1252
f 1211 1252 1212
f 1212 1252 1253
f 1212 1253 1213
f 1213 1253 1254
f 1213 1254 1214
f 1214 1254 1255
f 1214 1255 1215
f 1215 1255 1256
f 1215 1256 1216
f 1216 1256 1257
f 1216 1257 1217
f 1217 1257 1258
f 1217 1258 1218
f 1218 1258 1259
f 1218 1259 1219
f 1219 1259 1260
f 1219 1260 1220
f 1220 1260 1261
f 1220 1261 1221
f 1221 1261 1262
f 1221 1262 1222
f 1222 1262 1263
f 1222 1263 1223
f 1223 1263 1264
f 1223 1264 1224
f 1224 1264 1265
f 1224 1265 1225
f 1225 1265 1266
f 1225 1266 1226
f 1226 1266 1267
f 1226 1267 1227
f 1227 1267 1268
f 1227 1268 1228
f 1228 1268 1269
f 1228 1269 1229
f 1229 1269 1270
f 1229 1270 1230
f 1230 1270 1271
f 1230 1271 1231
f 1231 1271 1272
f 1231 1272 1232
f 1232 1272 1273
f 1232 1273 1233
f 1233 1273 1274
f 1233 1274 1234
f 1234 1274 1275
f 1234 1275 1235
f 1235 1275 1276
f 1235 1276 1236
f 1236 1276 1277
f 1236 1277 1237
f 1237 1277 1278
f 1237 1278 1238
f 1238 1278 1279
f 1238 1279 1239
f 1239 1279 1280
f 1239 1280 1240
f 1240 1280 1241
f 1240 1241 1201
f 1241 1281 1282
f 1241 1282 1242
f 1242 1282 1283
f 1242 1283 1243
f 1243 1283 1284
f 1243 1284 1244
f 1244 1284 1285
f 1244 1285 1245
f 1245 1285 1286
f 1245 1286 1246
f 1246 1286 1287
f 1246 1287 1247
f 1247 1287 1288
f 1247 1288 1248
f 1248 1288 1289
f 1248 1289 1249
f 1249 1289 1290
f 1249 1290 1250
f 1250 1290 1291
f 1250 1291 1251
f 1251 1291 1292
f 1251 1292 1252
f 1252 1292 1293
f 1252 1293 1253
f 1253 1293 1294
f 1253 1294 1254
f 1254 1294 1295
f 1254 1295 1255
f 1255 1295 1296
f 1255 1296 1256
f 1256 1296 1297
f 1256 1297 1257
f 1257 1297 1298
f 1257 1298 1258
f 1258 1298 1299
f 1258 1299 1259
f 1259 1299 1300
f 1259 1300 1260
f 1260 1300 1301
f 1260 1301 1261
f 1261 1301 1302
f 1261 1302 1262
f 1262 1302 1303
f 1262 1303 1263
f 1263 1303 1304
f 1263 1304 1264
f 1264 1304 1305
f 1264 1305 1265
f 1265 1305 1306
f 1265 1306 1266
f 1266 1306 1307
f 1266 1307 1267
f 1267 1307 1308
f 1267 1308 1268
f 1268 1308 1309
f 1268 1309 1269
f 1269 1309 1310
f 1269 1310 1270
f 1270 1310 1311
f 1270 1311 1271
f 1271 1311 1312
f 1271 1312 1272
f 1272 1312 1313
f 1272 1313 1273
f 1273 1313 1314
f 1273 1314 1274
f 1274 1314 1315
f 1274 1315 1275
f 1275 1315 1316
f 1275 1316 1276
f 1276 1316 1317
f 1276 1317 1277
f 1277 1317 1318
f 1277 1318 1278
f 1278 1318 1319
f 1278 1319 1279
f 1279 1319 1320
f 1279 1320 1280
f 1280 1320 1281
f 1280 1281 1241
f 1281 1321 1322
f 1281 1322 1282
f 1282 1322 1323
f 1282 1323 1283
f 1283 1323 1324
f 1283 1324 1284
f 1284 1324 1325
f 1284 1325 1285
f 1285 1325 1326
f 1285 1326 1286
f 1286 1326 1327
f 1286 1327 1287
f 1287 1327 1328
f 1287 1328 1288
f 1288 1328 1329
f 1288 1329 1289
f 1289 1329 1330
f 1289 1330 1290
f 1290 1330 1331
f 1290 1331 1291
f 1291 1331 1332
f 1291 1332 1292
f 1292 1332 1333
f 1292 1333 1293
f 1293 1333 1334
f 1293 1334 1294
f 1294 1334 1335
f 1294 1335 1295
f 1295 1335 1336
f 1295 1336 1296
f 1296 1336 1337
f 1296 1337 1297
f 1297 1337 1338
f 1297 1338 1298
f 1298 1338 1339
f 1298 1339 1299
f 1299 1339 1340
f 1299 1340 1300
f 1300 1340 1341
f 1300 1341 1301
f 1301 1341 1342
f 1301 1342 1302
f 1302 1342 1343
f 1302 1343 1303
f 1303 1343 1344
f 1303 1344 1304
f 1304 1344 1345
f 1304 1345 1305
f 1305 1345 1346
f 1305 1346 1306
f 1306 1346 1347
f 1306 1347 1307
f 1307 1347 1348
f 1307 1348 1308
f 1308 1348 1349
f 1308 1349 1309
f 1309 1349 1350
f 1309 1350 1310
f 1310 1350 1351
f 1310 1351 1311
f 1311 1351 1352
f 1311 1352 1312
f 1312 1352 1353
f 1312 1353 1313
f 1313 1353 1354
f 1313 1354 1314
f 1314 1354 1355
f 1314 1355 1315
f 1315 1355 1356
f 1315 1356 1316
f 1316 1356 1357
f 1316 1357 1317
f 1317 1357 1358
f 1317 1358 1318
f 1318 1358 1359
f 1318 1359 1319
f 1319 1359 1360
f 1319 1360 1320
f 1320 1360 1321
f 1320 1321 1281
f 1321 1361 1362
f 1321 1362 1322
f 1322 1362 1363
f 1322 1363 1323
f 1323 1363 1364
f 1323 1364 1324
f 1324 1364 1365
f 1324 1365 1325
f 1325 1365 1366
f 1325 1366 1326
f 1326 1366 1367
f 1326 1367 1327
f 1327 1367 1368
f 1327 1368 1328
f 1328 1368 1369
f 1328 1369 1329
f 1329 1369 1370
f 1329 1370 1330
f 1330 1370 1371
f 1330 1371 1331
f 1331 1371 1372
f 1331 1372 1332
f 1332 1372 1373
f 1332 1373 1333
f 1333 1373 1374
f 1333 1374 1334
f 1334 1374 1375
f 1334 1375 1335
f 1335 1375 1376
f 1335 1376 1336
f 1336 1376 1377
f 1336 1377 1337
f 1337 1377 1378
f 1337 1378 1338
f 1338 1378 1379
f 1338 1379 1339
f 1339 1379 1380
f 1339 1380 1340
f 1340 1380 1381
f 1340 1381 1341
f 1341 1381 1382
f 1341 1382 1342
f 1342 1382 1383
f 1342 1383 1343
f 1343 1383 1384
f 1343 1384 1344
f 1344 1384 1385
f 1344 1385 1345
f 1345 1385 1386
f 1345 1386 1346
f 1346 1386 1387
f 1346 1387 1347
f 1347 1387 1388
f 1347 1388 1348
f 1348 1388 1389
f 1348 1389 1349
f 1349 1389 1390
f 1349 1390 1350
f 1350 1390 1391
f 1350 1391 1351
f 1351 1391 1392
f 1351 1392 1352
f 1352 1392 1393
f 1352 1393 1353
f 1353 1393 1394
f 1353 1394 1354
f 1354 1394 1395
f 1354 1395 1355
f 1355 1395 1396
f 1355 1396 1356
f 1356 1396 1397
f 1356 1397 1357
f 1357 1397 1398
f 1357 1398 1358
f 1358 1398 1399
f 1358 1399 1359
f 1359 1399 1400
f 1359 1400 1360
f 1360 1400 1361
f 1360 1361 1321
f 1361 1401 1402
f 1361 1402 1362
f 1362 1402 1403
f 1362 1403 1363
f 1363 1403 1404
f 1363 1404 1364
f 1364 1404 1405
f 1364 1405 1365
f 1365 1405 1406
f 1365 1406 1366
f 1366 1406 1407
f 1366 1407 1367
f 1367 1407 1408
f 1367 1408 1368
f 1368 1408 1409
f 1368 1409 1369
f 1369 1409 1410
f 1369 1410 1370
f 1370 1410 1411
f 1370 1411 1371
f 1371 1411 1412
f 1371 1412 1372
f 1372 1412 1413
f 1372 1413 1373
f 1373 1413 1414
f 1373 1414 1374
f 1374 1414 1415
f 1374 1415 1375
f 1375 1415 1416
f 1375 1416 1376
f 1376 1416 1417
f 1376 1417 1377
f 1377 1417 1418
f 1377 1418 1378
f 1378 1418 1419
f 1378 1419 1379
f 1379 1419 1420
f 1379 1420 1380
f 1380 1420 1421
f 1380 1421 1381
f 1381 1421 1422
f 1381 1422 1382
f 1382 1422 1423
f 1382 1423 1383
f 1383 1423 1424
f 1383 1424 1384
f 1384 1424 1425
f 1384 1425 1385
f 1385 1425 1426
f 1385 1426 1386
f 1386 1426 1427
f 1386 1427 1387
f 1387 1427 1428
f 1387 1428 1388
f 1388 1428 1429
f 1388 1429 1389
f 1389 1429 1430
f 1389 1430 1390
f 1390 1430 1431
f 1390 1431 1391
f 1391 1431 1432
f 1391 1432 1392
f 1392 1432 1433
f 1392 1433 1393
f 1393 1433 1434
f 1393 1434 1394
f 1394 1434 1435
f 1394 1435 1395
f 1395 1435 1436
f 1395 1436 1396
f 1396 1436 1437
f 1396 1437 1397
f 1397 1437 1438
f 1397 1438 1398
f 1398 1438 1439
f 1398 1439 1399
f 1399 1439 1440
f 1399 1440 1400
f 1400 1440 1401
f 1400 1401 1361
f 1401 1441 1442
f 1401 1442 1402
f 1402 1442 1443
f 1402 1443 1403
f 1403 1443 1444
f 1403 1444 1404
f 1404 1444 1445
f 1404 1445 1405
f 1405 1445 1446
f 1405 1446 1406
f 1406 1446 1447
f 1406 1447 1407
f 1407 1447 1448
f 1407 1448 1408
f 1408 1448 1449
f 1408 1449 1409
f 1409 1449 1450
f 1409 1450 1410
f 1410 1450 1451
f 1410 1451 1411
f 1411 1451 1452
f 1411 1452 1412
f 1412 1452 1453
f 1412 1453 1413
f 1413 1453 1454
f 1413 1454 1414
f 1414 1454 1455
f 1414 1455 1415
f 1415 1455 1456
f 1415 1456 1416
f 1416 1456 1457
f 1416 1457 1417
f 1417 1457 1458
f 1417 1458 1418
f 1418 1458 1459
f 1418 1459 1419
f 1419 1459 1460
f 1419 1460 1420
f 1420 1460 1461
f 1420 1461 1421
f 1421 1461 1462
f 1421 1462 1422
f 1422 1462 1463
f 1422 1463 1423
f 1423 1463 1464
f 1423 1464 1424
f 1424 1464 1465
f 1424 1465 1425
f 1425 1465 1466
f 1425 1466 1426
f 1426 1466 1467
f 1426 1467 1427
f 1427 1467 1468
f 1427 1468 1428
f 1428 1468 1469
f 1428 1469 1429
f 1429 1469 1470
f 1429 1470 1430
f 1430 1470 1471
f 1430 1471 1431
f 1431 1471 1472
f 1431 1472 1432
f 1432 1472 1473
f 1432 1473 1433
f 1433 1473 1474
f 1433 1474 1434
f 1434 1474 1475
f 1434 1475 1435
f 1435 1475 1476
f 1435 1476 1436
f 1436 1476 1477
f 1436 1477 1437
f 1437 1477 1478
f 1437 1478 1438
f 1438 1478 1479
f 1438 1479 1439
f 1439 1479 1480
f 1439 1480 1440
f 1440 1480 1441
f 1440 1441 1401
f 1441 1481 1482
f 1441 1482 1442
f 1442 1482 1483
f 1442 1483 1443
f 1443 1483 1484
f 1443 1484 1444
f 1444 1484 1485
f 1444 1485 1445
f 1445 1485 1486
f 1445 1486 1446
f 1446 1486 1487
f 1446 1487 1447
f 1447 1487 1488
f 1447 1488 1448
f 1448 1488 1489
f 1448 1489 1449
f 1449 1489 1490
f 1449 1490 1450
f 1450 1490 1491
f 1450 1491 1451
f 1451 1491 1492
f 1451 1492 1452
f 1452 1492 1493
f 1452 1493 1453
f 1453 1493 1494
f 1453 1494 1454
f 1454 1494 1495
f 1454 1495 1455
f 1455 1495 1496
f 1455 1496 1456
f 1456 1496 1497
f 1456 1497 1457
f 1457 1497 1498
f 1457 1498 1458
f 1458 1498 1499
f 1458 1499 1459
f 1459 1499 1500
f 1459 1500 1460
f 1460 1500 1501
f 1460 1501 1461
f 1461 1501 1502
f 1461 1502 1462
f 1462 1502 1503
f 1462 1503 1463
f 1463 1503 1504
f 1463 1504 1464
f 1464 1504 1505
f 1464 1505 1465
f 1465 1505 1506
f 1465 1506 1466
f 1466 1506 1507
f 1466 1507 1467
f 1467 1507 1508
f 1467 1508 1468
f 1468 1508 1509
f 1468 1509 1469
f 1469 1509 1510
f 1469 1510 1470
f 1470 1510 1511
f 1470 1511 1471
f 1471 1511 1512
f 1471 1512 1472
f 1472 1512 1513
f 1472 1513 1473
f 1473 1513 1514
f 1473 1514 1474
f 1474 1514 1515
f 1474 1515 1475
f 1475 1515 1516
f 1475 1516 1476
f 1476 1516 1517
f 1476 1517 1477
f 1477 1517 1518
f 1477 1518 1478
f 1478 1518 1519
f 1478 1519 1479
f 1479 1519 1520
f 1479 1520 1480
f 1480 1520 1481
f 1480 1481 1441
f 1481 1521 1522
f 1481 1522 1482
f 1482 1522 1523
f 1482 1523 1483
f 1483 1523 1524
f 1483 1524 1484
f 1484 1524 1525
f 1484 1525 1485
f 1485 1525 1526
f 1485 1526 1486
f 1486 1526 1527
f 1486 1527 1487
f 1487 1527 1528
f 1487 1528 1488
f 1488 1528 1529
f 1488 1529 1489
f 1489 1529 1530
f 1489 1530 1490
f 1490 1530 1531
f 1490 1531 1491
f 1491 1531 1532
f 1491 1532 1492
f 1492 1532 1533
f 1492 1533 1493
f 1493 1533 1534
f 1493 1534 1494
f 1494 1534 1535
f 1494 1535 1495
f 1495 1535 1536
f 1495 1536 1496
f 1496 1536 1537
f 1496 1537 1497
f 1497 1537 1538
f 1497 1538 1498
f 1498 1538 1539
f 1498 1539 1499
f 1499 1539 1540
f 1499 1540 1500
f 1500 1540 1541
f 1500 1541 1501
f 1501 1541 1542
f 1501 1542 1502
f 1502 1542 1543
f 1502 1543 1503
f 1503 1543 1544
f 1503 1544 1504
f 1504 1544 1545
f 1504 1545 1505
f 1505 1545 1546
f 1505 1546 1506
f 1506 1546 1547
f 1506 1547 1507
f 1507 1547 1548
f 1507 1548 1508
f 1508 1548 1549
f 1508 1549 1509
f 1509 1549 1550
f 1509 1550 1510
f 1510 1550 1551
f 1510 1551 1511
f 1511 1551 1552
f 1511 1552 1512
f 1512 1552 1553
f 1512 1553 1513
f 1513 1553 1554
f 1513 1554 1514
f 1514 1554 1555
f 1514 1555 1515
f 1515 1555 1556
f 1515 1556 1516
f 1516 1556 1557
f 1516 1557 1517
f 1517 1557 1558
f 1517 1558 1518
f 1518 1558 1559
f 1518 1559 1519
f 1519 1559 1560
f 1519 1560 1520
f 1520 1560 1521
f 1520 1521 1481
f 1521 1561 1562
f 1521 1562 1522
f 1522 1562 1563
f 1522 1563 1523
f 1523 1563 1564
f 1523 1564 1524
f 1524 1564 1565
f 1524 1565 1525
f 1525 1565 1566
f 1525 1566 1526
f 1526 1566 1567
f 1526 1567 1527
f 1527 1567 1568
f 1527 1568 1528
f 1528 1568 1569
f 1528 1569 1529
f 1529 1569 1570
f 1529 1570 1530
f 1530 1570 1571
f 1530 1571 1531
f 1531 1571 1572
f 1531 1572 1532
f 1532 1572 1573
f 1532 1573 1533
f 1533 1573 1574
f 1533 1574 1534
f 1534 1574 1575
f 1534 1575 1535
f 1535 1575 1576
f 1535 1576 1536
f 1536 1576 1577
f 1536 1577 1537
f 1537 1577 1578
f 1537 1578 1538
f 1538 1578 1579
f 1538 1579 1539
f 1539 1579 1580
f 1539 1580 1540
f 1540 1580 1581
f 1540 1581 1541
f 1541 1581 1582
f 1541 1582 1542
f 1542 1582 1583
f 1542 1583 1543
f 1543 1583 1584
f 1543 1584 1544
f 1544 1584 1585
f 1544 1585 1545
f 1545 1585 1586
f 1545 1586 1546
f 1546 1586 1587
f 1546 1587 1547
f 1547 1587 1588
f 1547 1588 1548
f 1548 1588 1589
f 1548 1589 1549
f 1549 1589 1590
f 1549 1590 1550
f 1550 1590 1591
f 1550 1591 1551
f 1551 1591 1592
f 1551 1592 1552
f 1552 1592 1593
f 1552 1593 1553
f 1553 1593 1594
f 1553 1594 1554
f 1554 1594 1595
f 1554 1595 1555
f 1555 1595 1596
f 1555 1596 1556
f 1556 1596 1597
f 1556 1597 1557
f 1557 1597 1598
f 1557 1598 1558
f 1558 1598 1599
f 1558 1599 1559
f 1559 1599 1600
f 1559 1600 1560
f 1560 1600 1561
f 1560 1561 1521
f 1561 1601 1602
f 1561 1602 1562
f 1562 1602 1603
f 1562 1603 1563
f 1563 1603 1604
f 1563 1604 1564
f 1564 1604 1605
f 1564 1605 1565
f 1565 1605 1606
f 1565 1606 1566
f 1566 1606 1607
f 1566 1607 1567
f 1567 1607 1608
f 1567 1608 1568
f 1568 1608 1609
f 1568 1609 1569
f 1569 1609 1610
f 1569 1610 1570
f 1570 1610 1611
f 1570 1611 1571
f 1571 1611 1612
f 1571 1612 1572
f 1572 1612 1613
f 1572 1613 1573
f 1573 1613 1614
f 1573 1614 1574
f 1574 1614 1615
f 1574 1615 1575
f 1575 1615 1616
f 1575 1616 1576
f 1576 1616 1617
f 1576 1617 1577
f 1577 1617 1618
f 1577 1618 1578
f 1578 1618 1619
f 1578 1619 1579
f 1579 1619 1620
f 1579 1620 1580
f 1580 1620 1621
f 1580 1621 1581
f 1581 1621 1622
f 1581 1622 1582
f 1582 1622 1623
f 1582 1623 1583
f 1583 1623 1624
f 1583 1624 1584
f 1584 1624 1625
f 1584 1625 1585
f 1585 1625 1626
f 1585 1626 1586
f 1586 1626 1627
f 1586 1627 1587
f 1587 1627 1628
f 1587 1628 1588
f 1588 1628 1629
f 1588 1629 1589
f 1589 1629 1630
f 1589 1630 1590
f 1590 1630 1631
f 1590 1631 1591
f 1591 1631 1632
f 1591 1632 1592
f 1592 1632 1633
f 1592 1633 1593
f 1593 1633 1634
f 1593 1634 1594
f 1594 1634 1635
f 1594 1635 1595
f 1595 1635 1636
f 1595 1636 1596
f 1596 1636 1637
f 1596 1637 1597
f 1597 1637 1638
f 1597 1638 1598
f 1598 1638 1639
f 1598 1639 1599
f 1599 1639 1640
f 1599 1640 1600
f 1600 1640 1601
f 1600 1601 1561
f 1601 1641 1642
f 1601 1642 1602
f 1602 1642 1643
f 1602 1643 1603
f 1603 1643 1644
f 1603 1644 1604
f 1604 1644 1645
f 1604 1645 1605
f 1605 1645 1646
f 1605 1646 1606
f 1606 1646 1647
f 1606 1647 1607
f 1607 1647 1648
f 1607 1648 1608
f 1608 1648 1649
f 1608 1649 1609
f 1609 1649 1650
f 1609 1650 1610
f 1610 1650 1651
f 1610 1651 1611
f 1611 1651 1652
f 1611 1652 1612
f 1612 1652 1653
f 1612 1653 1613
f 1613 1653 1654
f 1613 1654 1614
f 1614 1654 1655
f 1614 1655 1615
f 1615 1655 1656
f 1615 1656 1616
f 1616 1656 1657
f 1616 1657 1617
f 1617 1657 1658
f 1617 1658 1618
f 1618 1658 1659
f 1618 1659 1619
f 1619 1659 1660
f 1619 1660 1620
f 1620 1660 1661
f 1620 1661 1621
f 1621 1661 1662
f 1621 1662 1622
f 1622 1662 1663
f 1622 1663 1623
f 1623 1663 1664
f 1623 1664 1624
f 1624 1664 1665
f 1624 1665 1625
f 1625 1665 1666
f 1625 1666 1626
f 1626 1666 1667
f 1626 1667 1627
f 1627 1667 1668
f 1627 1668 1628
f 1628 1668 1669
f 1628 1669 1629
f 1629 1669 1670
f 1629 1670 1630
f 1630 1670 1671
f 1630 1671 1631
f 1631 1671 1672
f 1631 1672 1632
f 1632 1672 1673
f 1632 1673 1633
f 1633 1673 1674
f 1633 1674 1634
f 1634 1674 1675
f 1634 1675 1635
f 1635 1675 1676
f 1635 1676 1636
f 1636 1676 1677
f 1636 1677 1637
f 1637 1677 1678
f 1637 1678 1638
f 1638 1678 1679
f 1638 1679 1639
f 1639 1679 1680
f 1639 1680 1640
f 1640 1680 1641
f 1640 1641 1601
f 1641 1681 1682
f 1641 1682 1642
f 1642 1682 1683
f 1642 1683 1643
f 1643 1683 1684
f 1643 1684 1644
f 1644 1684 1685
f 1644 1685 1645
f 1645 1685 1686
f 1645 1686 1646
f 1646 1686 1687
f 1646 1687 1647
f 1647 1687 1688
f 1647 1688 1648
f 1648 1688 1689
f 1648 1689 1649
f 1649 1689 1690
f 1649 1690 1650
f 1650 1690 1691
f 1650 1691 1651
f 1651 1691 1692
f 1651 1692 1652
f 1652 1692 1693
f 1652 1693 1653
f 1653 1693 1694
f 1653 1694 1654
f 1654 1694 1695
f 1654 1695 1655
f 1655 1695 1696
f 1655 1696 1656
f 1656 1696 1697
f 1656 1697 1657
f 1657 1697 1698
f 1657 1698 1658
f 1658 1698 1699
f 1658 1699 1659
f 1659 1699 1700
f 1659 1700 1660
f 1660 1700 1701
f 1660 1701 1661
f 1661 1701 1702
f 1661 1702 1662
f 1662 1702 1703
f 1662 1703 1663
f 1663 1703 1704
f 1663 1704 1664
f 1664 1704 1705
f 1664 1705 1665
f 1665 1705 1706
f 1665 1706 1666
f 1666 1706 1707
f 1666 1707 1667
f 1667 1707 1708
f 1667 1708 1668
f 1668 1708 1709
f 1668 1709 1669
f 1669 1709 1710
f 1669 1710 1670
f 1670 1710 1711
f 1670 1711 1671
f 1671 1711 1712
f 1671 1712 1672
f 1672 1712 1713
f 1672 1713 1673
f 1673 1713 1714
f 1673 1714 1674
f 1674 1714 1715
f 1674 1715 1675
f 1675 1715 1716
f 1675 1716 1676
f 1676 1716 1717
f 1676 1717 1677
f 1677 1717 1718
f 1677 1718 1678
f 1678 1718 1719
f 1678 1719 1679
f 1679 1719 1720
f 1679 1720 1680
f 1680 1720 1681
f 1680 1681 1641
f 1681 1721 1722
f 1681 1722 1682
f 1682 1722 1723
f 1682 1723 1683
f 1683 1723 1724
f 1683 1724 1684
f 1684 1724 1725
f 1684 1725 1685
f 1685 1725 1726
f 1685 1726 1686
f 1686 1726 1727
f 1686 1727 1687
f 1687 1727 1728
f 1687 1728 1688
f 1688 1728 1729
f 1688 1729 1689
f 1689 1729 1730
f 1689 1730 1690
f 1690 1730 1731
f 1690 1731 1691
f 1691 1731 1732
f 1691 1732 1692
f 1692 1732 1733
f 1692 1733 1693
f 1693 1733 1734
f 1693 1734 1694
f 1694 1734 1735
f 1694 1735 1695
f 1695 1735 1736
f 1695 1736 1696
f 1696 1736 1737
f 1696 1737 1697
f 1697 1737 1738
f 1697 1738 1698
f 1698 1738 1739
f 1698 1739 1699
f 1699 1739 1740
f 1699 1740 1700
f 1700 1740 1741
f 1700 1741 1701
f 1701 1741 1742
f 1701 1742 1702
f 1702 1742 1743
f 1702 1743 1703
f 1703 1743 1744
f 1703 1744 1704
f 1704 1744 1745
f 1704 1745 1705
f 1705 1745 1746
f 1705 1746 1706
f 1706 1746 1747
f 1706 1747 1707
f 1707 1747 1748
f 1707 1748 1708
f 1708 1748 1749
f 1708 1749 1709
f 1709 1749 1750
f 1709 1750 1710
f 1710 1750 1751
f 1710 1751 1711
f 1711 1751 1752
f 1711 1752 1712
f 1712 1752 1753
f 1712 1753 1713
f 1713 1753 1754
f 1713 1754 1714
f 1714 1754 1755
f 1714 1755 1715
f 1715 1755 1756
f 1715 1756 1716
f 1716 1756 1757
f 1716 1757 1717
f 1717 1757 1758
f 1717 1758 1718
f 1718 1758 1759
f 1718 1759 1719
f 1719 1759 1760
f 1719 1760 1720
f 1720 1760 1721
f 1720 1721 1681
f 1721 1761 1762
f 1721 1762 1722
f 1722 1762 1763
f 1722 1763 1723
f 1723 1763 1764
f 1723 1764 1724
f 1724 1764 1765
f 1724 1765 1725
f 1725 1765 1766
f 1725 1766 1726
f 1726 1766 1767
f 1726 1767 1727
f 1727 1767 1768
f 1727 1768 1728
f 1728 1768 1769
f 1728 1769 1729
f 1729 1769 1770
f 1729 1770 1730
f 1730 1770 1771
f 1730 1771 1731
f 1731 1771 1772
f 1731 1772 1732
f 1732 1772 1773
f 1732 1773 1733
f 1733 1773 1774
f 1733 1774 1734
f 1734 1774 1775
f 1734 1775 1735
f 1735 1775 1776
f 1735 1776 1736
f 1736 1776 1777
f 1736 1777 1737
f 1737 1777 1778
f 1737 1778 1738
f 1738 1778 1779
f 1738 1779 1739
f 1739 1779 1780
f 1739 1780 1740
f 1740 1780 1781
f 1740 1781 1741
f 1741 1781 1782
f 1741 1782 1742
f 1742 1782 1783
f 1742 1783 1743
f 1743 1783 1784
f 1743 1784 1744
f 1744 1784 1785
f 1744 1785 1745
f 1745 1785 1786
f 1745 1786 1746
f 1746 1786 1787
f 1746 1787 1747
f 1747 1787 1788
f 1747 1788 1748
f 1748 1788 1789
f 1748 1789 1749
f 1749 1789 1790
f 1749 1790 1750
f 1750 1790 1791
f 1750 1791 1751
f 1751 1791 1792
f 1751 1792 1752
f 1752 1792 1793
f 1752 1793 1753
f 1753 1793 1794
f 1753 1794 1754
f 1754 1794 1795
f 1754 1795 1755
f 1755 1795 1796
f 1755 1796 1756
f 1756 1796 1797
f 1756 1797 1757
f 1757 1797 1798
f 1757 1798 1758
f 1758 1798 1799
f 1758 1799 1759
f 1759 1799 1800
f 1759 1800 1760
f 1760 1800 1761
f 1760 1761 1721
f 1761 1801 1802
f 1761 1802 1762
f 1762 1802 1803
f 1762 1803 1763
f 1763 1803 1804
f 1763 1804 1764
f 1764 1804 1805
f 1764 1805 1765
f 1765 1805 1806
f 1765 1806 1766
f 1766 1806 1807
f 1766 1807 1767
f 1767 1807 1808
f 1767 1808 1768
f 1768 1808 1809
f 1768 1809 1769
f 1769 1809 1810
f 1769 1810 1770
f 1770 1810 1811
f 1770 1811 1771
f 1771 1811 1812
f 1771 1812 1772
f 1772 1812 1813
f 1772 1813 1773
f 1773 1813 1814
f 1773 1814 1774
f 1774 1814 1815
f 1774 1815 1775
f 1775 1815 1816
f 1775 1816 1776
f 1776 1816 1817
f 1776 1817 1777
f 1777 1817 1818
f 1777 1818 1778
f 1778 1818 1819
f 1778 1819 1779
f 1779 1819 1820
f 1779 1820 1780
f 1780 1820 1821
f 1780 1821 1781
f 1781 1821 1822
f 1781 1822 1782
f 1782 1822 1823
f 1782 1823 1783
f 1783 1823 1824
f 1783 1824 1784
f 1784 1824 1825
f 1784 1825 1785
f 1785 1825 1826
f 1785 1826 1786
f 1786 1826 1827
f 1786 1827 1787
f 1787 1827 1828
f 1787 1828 1788
f 1788 1828 1829
f 1788 1829 1789
f 1789 1829 1830
f 1789 1830 1790
f 1790 1830 1831
f 1790 1831 1791
f 1791 1831 1832
f 1791 1832 1792
f 1792 1832 1833
f 1792 1833 1793
f 1793 1833 1834
f 1793 1834 1794
f 1794 1834 1835
f 1794 1835 1795
f 1795 1835 1836
f 1795 1836 1796
f 1796 1836 1837
f 1796 1837 1797
f 1797 1837 1838
f 1797 1838 1798
f 1798 1838 1839
f 1798 1839 1799
f 1799 1839 1840
f 1799 1840 1800
f 1800 1840 1801
f 1800 1801 1761
f 1801 1841 1842
f 1801 1842 1802
f 1802 1842 1843
f 1802 1843 1803
f 1803 1843 1844
f 1803 1844 1804
f 1804 1844 1845
f 1804 1845 1805
f 1805 1845 1846
f 1805 1846 1806
f 1806 1846 1847
f 1806 1847 1807
f 1807 1847 1848
f 1807 1848 1808
f 1808 1848 1849
f 1808 1849 1809
f 1809 1849 1850
f 1809 1850 1810
f 1810 1850 1851
f 1810 1851 1811
f 1811 1851 1852
f 1811 1852 1812
f 1812 1852 1853
f 1812 1853 1813
f 1813 1853 1854
f 1813 1854 1814
f 1814 1854 1855
f 1814 1855 1815
f 1815 1855 1856
f 1815 1856 1816
f 1816 1856 1857
f 1816 1857 1817
f 1817 1857 1858
f 1817 1858 1818
f 1818 1858 1859
f 1818 1859 1819
f 1819 1859 1860
f 1819 1860 1820
f 1820 1860 1861
f 1820 1861 1821
f 1821 1861 1862
f 1821 1862 1822
f 1822 1862 1863
f 1822 1863 1823
f 1823 1863 1864
f 1823 1864 1824
f 1824 1864 1865
f 1824 1865 1825
f 1825 1865 1866
f 1825 1866 1826
f 1826 1866 1867
f 1826 1867 1827
f 1827 1867 1868
f 1827 1868 1828
f 1828 1868 1869
f 1828 1869 1829
f 1829 1869 1870
f 1829 1870 1830
f 1830 1870 1871
f 1830 1871 1831
f 1831 1871 1872
f 1831 1872 1832
f 1832 1872 1873
f 1832 1873 1833
f 1833 1873 1874
f 1833 1874 1834
f 1834 1874 1875
f 1834 1875 1835
f 1835 1875 1876
f 1835 1876 1836
f 1836 1876 1877
f 1836 1877 1837
f 1837 1877 1878
f 1837 1878 1838
f 1838 1878 1879
f 1838 1879 1839
f 1839 1879 1880
f 1839 1880 1840
f 1840 1880 1841
f 1840 1841 1801
f 1841 1881 1882
f 1841 1882 1842
f 1842 1882 1883
f 1842 1883 1843
f 1843 1883 1884
f 1843 1884 1844
f 1844 1884 1885
f 1844 1885 1845
f 1845 1885 1886
f 1845 1886 1846
f 1846 1886 1887
f 1846 1887 1847
f 1847 1887 1888
f 1847 1888 1848
f 1848 1888 1889
f 1848 1889 1849
f 1849 1889 1890
f 1849 1890 1850
f 1850 1890 1891
f 1850 1891 1851
f 1851 1891 1892
f 1851 1892 1852
f 1852 1892 1893
f 1852 1893 1853
f 1853 1893 1894
f 1853 1894 1854
f 1854 1894 1895
f 1854 1895 1855
f 1855 1895 1896
f 1855 1896 1856
f 1856 1896 1897
f 1856 1897 1857
f 1857 1897 1898
f 1857 1898 1858
f 1858 1898 1899
f 1858 1899 1859
f 1859 1899 1900
f 1859 1900 1860
f 1860 1900 1901
f 1860 1901 1861
f 1861 1901 1902
f 1861 1902 1862
f 1862 1902 1903
f 1862 1903 1863
f 1863 1903 1904
f 1863 1904 1864
f 1864 1904 1905
f 1864 1905 1865
f 1865 1905 1906
f 1865 1906 1866
f 1866 1906 1907
f 1866 1907 1867
f 1867 1907 1908
f 1867 1908 1868
f 1868 1908 1909
f 1868 1909 1869
f 1869 1909 1910
f 1869 1910 1870
f 1870 1910 1911
f 1870 1911 1871
f 1871 1911 1912
f 1871 1912 1872
f 1872 1912 1913
f 1872 1913 1873
f 1873 1913 1914
f 1873 1914 1874
f 1874 1914 1915
f 1874 1915 1875
f 1875 1915 1916
f 1875 1916 1876
f 1876 1916 1917
f 1876 1917 1877
f 1877 1917 1918
f 1877 1918 1878
f 1878 1918 1919
f 1878 1919 1879
f 1879 1919 1920
f 1879 1920 1880
f 1880 1920 1881
f 1880 1881 1841
f 1881 1921 1922
f 1881 1922 1882
f 1882 1922 1923
f 1882 1923 1883
f 1883 1923 1924
f 1883 1924 1884
f 1884 1924 1925
f 1884 1925 1885
f 1885 1925 1926
f 1885 1926 1886
f 1886 1926 1927
f 1886 1927 1887
f 1887 1927 1928
f 1887 1928 1888
f 1888 1928 1929
f 1888 1929 1889
f 1889 1929 1930
f 1889 1930 1890
f 1890 1930 1931
f 1890 1931 1891
f 1891 1931 1932
f 1891 1932 1892
f 1892 1932 1933
f 1892 1933 1893
f 1893 1933 1934
f 1893 1934 1894
f 1894 1934 1935
f 1894 1935 1895
f 1895 1935 1936
f 1895 1936 1896
f 1896 1936 1937
f 1896 1937 1897
f 1897 1937 1938
f 1897 1938 1898
f 1898 1938 1939
f 1898 1939 1899
f 1899 1939 1940
f 1899 1940 1900
f 1900 1940 1941
f 1900 1941 1901
f 1901 1941 1942
f 1901 1942 1902
f 1902 1942 1943
f 1902 1943 1903
f 1903 1943 1944
f 1903 1944 1904
f 1904 1944 1945
f 1904 1945 1905
f 1905 1945 1946
f 1905 1946 1906
f 1906 1946 1947
f 1906 1947 1907
f 1907 1947 1948
f 1907 1948 1908
f 1908 1948 1949
f 1908 1949 1909
f 1909 1949 1950
f 1909 1950 1910
f 1910 1950 1951
f 1910 1951 1911
f 1911 1951 1952
f 1911 1952 1912
f 1912 1952 1953
f 1912 1953 1913
f 1913 1953 1954
f 1913 1954 1914
f 1914 1954 1955
f 1914 1955 1915
f 1915 1955 1956
f 1915 1956 1916
f 1916 1956 1957
f 1916 1957 1917
f 1917 1957 1958
f 1917 1958 1918
f 1918 1958 1959
f 1918 1959 1919
f 1919 1959 1960
f 1919 1960 1920
f 1920 1960 1921
f 1920 1921 1881
f 1921 1961 1962
f 1921 1962 1922
f 1922 1962 1963
f 1922 1963 1923
f 1923 1963 1964
f 1923 1964 1924
f 1924 1964 1965
f 1924 1965 1925
f 1925 1965 1966
f 1925 1966 1926
f 1926 1966 1967
f 1926 1967 1927
f 1927 1967 1968
f 1927 1968 1928
f 1928 1968 1969
f 1928 1969 1929
f 1929 1969 1970
f 1929 1970 1930
f 1930 1970 1971
f 1930 1971 1931
f 1931 1971 1972
f 1931 1972 1932
f 1932 1972 1973
f 1932 1973 1933
f 1933 1973 1974
f 1933 1974 1934
f 1934 1974 1975
f 1934 1975 1935
f 1935 1975 1976
f 1935 1976 1936
f 1936 1976 1977
f 1936 1977 1937
f 1937 1977 1978
f 1937 1978 1938
f 1938 1978 1979
f 1938 1979 1939
f 1939 1979 1980
f 1939 1980 1940
f 1940 1980 1981
f 1940 1981 1941
f 1941 1981 1982
f 1941 1982 1942
f 1942 1982 1983
f 1942 1983 1943
f 1943 1983 1984
f 1943 1984 1944
f 1944 1984 1985
f 1944 1985 1945
f 1945 1985 1986
f 1945 1986 1946
f 1946 1986 1987
f 1946 1987 1947
f 1947 1987 1988
f 1947 1988 1948
f 1948 1988 1989
f 1948 1989 1949
f 1949 1989 1990
f 1949 1990 1950
f 1950 1990 1991
f 1950 1991 1951
f 1951 1991 1992
f 1951 1992 1952
f 1952 1992 1993
f 1952 1993 1953
f 1953 1993 1994
f 1953 1994 1954
f 1954 1994 1995
f 1954 1995 1955
f 1955 1995 1996
f 1955 1996 1956
f 1956 1996 1997
f 1956 1997 1957
f 1957 1997 1998
f 1957 1998 1958
f 1958 1998 1999
f 1958 1999 1959
f 1959 1999 2000
f 1959 2000 1960
f 1960 2000 1961
f 1960 1961 1921
f 1961 2001 2002
f 1961 2002 1962
f 1962 2002 2003
f 1962 2003 1963
f 1963 2003 2004
f 1963 2004 1964
f 1964 2004 2005
f 1964 2005 1965
f 1965 2005 2006
f 1965 2006 1966
f 1966 2006 2007
f 1966 2007 1967
f 1967 2007 2008
f 1967 2008 1968
f 1968 2008 2009
f 1968 2009 1969
f 1969 2009 2010
f 1969 2010 1970
f 1970 2010 2011
f 1970 2011 1971
f 1971 2011 2012
f 1971 2012 1972
f 1972 2012 2013
f 1972 2013 1973
f 1973 2013 2014
f 1973 2014 1974
f 1974 2014 2015
f 1974 2015 1975
f 1975 2015 2016
f 1975 2016 1976
f 1976 2016 2017
f 1976 2017 1977
f 1977 2017 2018
f 1977 2018 1978
f 1978 2018 2019
f 1978 2019 1979
f 1979 2019 2020
f 1979 2020 1980
f 1980 2020 2021
f 1980 2021 1981
f 1981 2021 2022
f 1981 2022 1982
f 1982 2022 2023
f 1982 2023 1983
f 1983 2023 2024
f 1983 2024 1984
f 1984 2024 2025
f 1984 2025 1985
f 1985 2025 2026
f 1985 2026 1986
f 1986 2026 2027
f 1986 2027 1987
f 1987 2027 2028
f 1987 2028 1988
f 1988 2028 2029
f 1988 2029 1989
f 1989 2029 2030
f 1989 2030 1990
f 1990 2030 2031
f 1990 2031 1991
f 1991 2031 2032
f 1991 2032 1992
f 1992 2032 2033
f 1992 2033 1993
f 1993 2033 2034
f 1993 2034 1994
f 1994 2034 2035
f 1994 2035 1995
f 1995 2035 2036
f 1995 2036 1996
f 1996 2036 2037
f 1996 2037 1997
f 1997 2037 2038
f 1997 2038 1998
f 1998 2038 2039
f 1998 2039 1999
f 1999 2039 2040
f 1999 2040 2000
f 2000 2040 2001
f 2000 2001 1961
f 2001 2041 2042
f 2001 2042 2002
f 2002 2042 2043
f 2002 2043 2003
f 2003 2043 2044
f 2003 2044 2004
f 2004 2044 2045
f 2004 2045 2005
f 2005 2045 2046
f 2005 2046 2006
f 2006 2046 2047
f 2006 2047 2007
f 2007 2047 2048
f 2007 2048 2008
f 2008 2048 2049
f 2008 2049 2009
f 2009 2049 2050
f 2009 2050 2010
f 2010 2050 2051
f 2010 2051 2011
f 2011 2051 2052
f 2011 2052 2012
f 2012 2052 2053
f 2012 2053 2013
f 2013 2053 2054
f 2013 2054 2014
f 2014 2054 2055
f 2014 2055 2015
f 2015 2055 2056
f 2015 2056 2016
f 2016 2056 2057
f 2016 2057 2017
f 2017 2057 2058
f 2017 2058 2018
f 2018 2058 2059
f 2018 2059 2019
f 2019 2059 2060
f 2019 2060 2020
f 2020 2060 2061
f 2020 2061 2021
f 2021 2061 2062
f 2021 2062 2022
f 2022 2062 2063
f 2022 2063 2023
f 2023 2063 2064
f 2023 2064 2024
f 2024 2064 2065
f 2024 2065 2025
f 2025 2065 2066
f 2025 2066 2026
f 2026 2066 2067
f 2026 2067 2027
f 2027 2067 2068
f 2027 2068 2028
f 2028 2068 2069
f 2028 2069 2029
f 2029 2069 2070
f 2029 2070 2030
f 2030 2070 2071
f 2030 2071 2031
f 2031 2071 2072
f 2031 2072 2032
f 2032 2072 2073
f 2032 2073 2033
f 2033 2073 2074
f 2033 2074 2034
f 2034 2074 2075
f 2034 2075 2035
f 2035 2075 2076
f 2035 2076 2036
f 2036 2076 2077
f 2036 2077 2037
f 2037 2077 2078
f 2037 2078 2038
f 2038 2078 2079
f 2038 2079 2039
f 2039 2079 2080
f 2039 2080 2040
f 2040 2080 2041
f 2040 2041 2001
f 2041 2081 2082
f 2041 2082 2042
f 2042 2082 2083
f 2042 2083 2043
f 2043 2083 2084
f 2043 2084 2044
f 2044 2084 2085
f 2044 2085 2045
f 2045 2085 2086
f 2045 2086 2046
f 2046 2086 2087
f 2046 2087 2047
f 2047 2087 2088
f 2047 2088 2048
f 2048 2088 2089
f 2048 2089 2049
f 2049 2089 2090
f 2049 2090 2050
f 2050 2090 2091
f 2050 2091 2051
f 2051 2091 2092
f 2051 2092 2052
f 2052 2092 2093
f 2052 2093 2053
f 2053 2093 2094
f 2053 2094 2054
f 2054 2094 2095
f 2054 2095 2055
f 2055 2095 2096
f 2055 2096 2056
f 2056 2096 2097
f 2056 2097 2057
f 2057 2097 2098
f 2057 2098 2058
f 2058 2098 2099
f 2058 2099 2059
f 2059 2099 2100
f 2059 2100 2060
f 2060 2100 2101
f 2060 2101 2061
f 2061 2101 2102
f 2061 2102 2062
f 2062 2102 2103
f 2062 2103 2063
f 2063 2103 2104
f 2063 2104 2064
f 2064 2104 2105
f 2064 2105 2065
f 2065 2105 2106
f 2065 2106 2066
f 2066 2106 2107
f 2066 2107 2067
f 2067 2107 2108
f 2067 2108 2068
f 2068 2108 2109
f 2068 2109 2069
f 2069 2109 2110
f 2069 2110 2070
f 2070 2110 2111
f 2070 2111 2071
f 2071 2111 2112
f 2071 2112 2072
f 2072 2112 2113
f 2072 2113 2073
f 2073 2113 2114
f 2073 2114 2074
f 2074 2114 2115
f 2074 2115 2075
f 2075 2115 2116
f 2075 2116 2076
f 2076 2116 2117
f 2076 2117 2077
f 2077 2117 2118
f 2077 2118 2078
f 2078 2118 2119
f 2078 2119 2079
f 2079 2119 2120
f 2079 2120 2080
f 2080 2120 2081
f 2080 2081 2041
f 2081 2121 2122
f 2081 2122 2082
f 2082 2122 2123
f 2082 2123 2083
f 2083 2123 2124
f 2083 2124 2084
f 2084 2124 2125
f 2084 2125 2085
f 2085 2125 2126
f 2085 2126 2086
f 2086 2126 2127
f 2086 2127 2087
f 2087 2127 2128
f 2087 2128 2088
f 2088 2128 2129
f 2088 2129 2089
f 2089 2129 2130
f 2089 2130 2090
f 2090 2130 2131
f 2090 2131 2091
f 2091 2131 2132
f 2091 2132 2092
f 2092 2132 2133
f 2092 2133 2093
f 2093 2133 2134
f 2093 2134 2094
f 2094 2134 2135
f 2094 2135 2095
f 2095 2135 2136
f 2095 2136 2096
f 2096 2136 2137
f 2096 2137 2097
f 2097 2137 2138
f 2097 2138 2098
f 2098 2138 2139
f 2098 2139 2099
f 2099 2139 2140
f 2099 2140 2100
f 2100 2140 2141
f 2100 2141 2101
f 2101 2141 2142
f 2101 2142 2102
f 2102 2142 2143
f 2102 2143 2103
f 2103 2143 2144
f 2103 2144 2104
f 2104 2144 2145
f 2104 2145 2105
f 2105 2145 2146
f 2105 2146 2106
f 2106 2146 2147
f 2106 2147 2107
f 2107 2147 2148
f 2107 2148 2108
f 2108 2148 2149
f 2108 2149 2109
f 2109 2149 2150
f 2109 2150 2110
f 2110 2150 2151
f 2110 2151 2111
f 2111 2151 2152
f 2111 2152 2112
f 2112 2152 2153
f 2112 2153 2113
f 2113 2153 2154
f 2113 2154 2114
f 2114 2154 2155
f 2114 2155 2115
f 2115 2155 2156
f 2115 2156 2116
f 2116 2156 2157
f 2116 2157 2117
f 2117 2157 2158
f 2117 2158 2118
f 2118 2158 2159
f 2118 2159 2119
f 2119 2159 2160
f 2119 2160 2120
f 2120 2160 2121
f 2120 2121 2081
f 2121 2161 2162
f 2121 2162 2122
f 2122 2162 2163
f 2122 2163 2123
f 2123 2163 2164
f 2123 2164 2124
f 2124 2164 2165
f 2124 2165 2125
f 2125 2165 2166
f 2125 2166 2126
f 2126 2166 2167
f 2126 2167 2127
f 2127 2167 2168
f 2127 2168 2128
f 2128 2168 2169
f 2128 2169 2129
f 2129 2169 2170
f 2129 2170 2130
f 2130 2170 2171
f 2130 2171 2131
f 2131 2171 2172
f 2131 2172 2132
f 2132 2172 2173
f 2132 2173 2133
f 2133 2173 2174
f 2133 2174 2134
f 2134 2174 2175
f 2134 2175 2135
f 2135 2175 2176
f 2135 2176 2136
f 2136 2176 2177
f 2136 2177 2137
f 2137 2177 2178
f 2137 2178 2138
f 2138 2178 2179
f 2138 2179 2139
f 2139 2179 2180
f 2139 2180 2140
f 2140 2180 2181
f 2140 2181 2141
f 2141 2181 2182
f 2141 2182 2142
f 2142 2182 2183
f 2142 2183 2143
f 2143 2183 2184
f 2143 2184 2144
f 2144 2184 2185
f 2144 2185 2145
f 2145 2185 2186
f 2145 2186 2146
f 2146 2186 2187
f 2146 2187 2147
f 2147 2187 2188
f 2147 2188 2148
f 2148 2188 2189
f 2148 2189 2149
f 2149 2189 2190
f 2149 2190 2150
f 2150 2190 2191
f 2150 2191 2151
f 2151 2191 2192
f 2151 2192 2152
f 2152 2192 2193
f 2152 2193 2153
f 2153 2193 2194
f 2153 2194 2154
f 2154 2194 2195
f 2154 2195 2155
f 2155 2195 2196
f 2155 2196 2156
f 2156 2196 2197
f 2156 2197 2157
f 2157 2197 2198
f 2157 2198 2158
f 2158 2198 2199
f 2158 2199 2159
f 2159 2199 2200
f 2159 2200 2160
f 2160 2200 2161
f 2160 2161 2121
f 2161 2201 2202
f 2161 2202 2162
f 2162 2202 2203
f 2162 2203 2163
f 2163 2203 2204
f 2163 2204 2164
f 2164 2204 2205
f 2164 2205 2165
f 2165 2205 2206
f 2165 2206 2166
f 2166 2206 2207
f 2166 2207 2167
f 2167 2207 2208
f 2167 2208 2168
f 2168 2208 2209
f 2168 2209 2169
f 2169 2209 2210
f 2169 2210 2170
f 2170 2210 2211
f 2170 2211 2171
f 2171 2211 2212
f 2171 2212 2172
f 2172 2212 2213
f 2172 2213 2173
f 2173 2213 2214
f 2173 2214 2174
f 2174 2214 2215
f 2174 2215 2175
f 2175 2215 2216
f 2175 2216 2176
f 2176 2216 2217
f 2176 2217 2177
f 2177 2217 2218
f 2177 2218 2178
f 2178 2218 2219
f 2178 2219 2179
f 2179 2219 2220
f 2179 2220 2180
f 2180 2220 2221
f 2180 2221 2181
f 2181 2221 2222
f 2181 2222 2182
f 2182 2222 2223
f 2182 2223 2183
f 2183 2223 2224
f 2183 2224 2184
f 2184 2224 2225
f 2184 2225 2185
f 2185 2225 2226
f 2185 2226 2186
f 2186 2226 2227
f 2186 2227 2187
f 2187 2227 2228
f 2187 2228 2188
f 2188 2228 2229
f 2188 2229 2189
f 2189 2229 2230
f 2189 2230 2190
f 2190 2230 2231
f 2190 2231 2191
f 2191 2231 2232
f 2191 2232 2192
f 2192 2232 2233
f 2192 2233 2193
f 2193 2233 2234
f 2193 2234 2194
f 2194 2234 2235
f 2194 2235 2195
f 2195 2235 2236
f 2195 2236 2196
f 2196 2236 2237
f 2196 2237 2197
f 2197 2237 2238
f 2197 2238 2198
f 2198 2238 2239
f 2198 2239 2199
f 2199 2239 2240
f 2199 2240 2200
f 2200 2240 2201
f 2200 2201 2161
f 2201 2241 2242
f 2201 2242 2202
f 2202 2242 2243
f 2202 2243 2203
f 2203 2243 2244
f 2203 2244 2204
f 2204 2244 2245
f 2204 2245 2205
f 2205 2245 2246
f 2205 2246 2206
f 2206 2246 2247
f 2206 2247 2207
f 2207 2247 2248
f 2207 2248 2208
f 2208 2248 2249
f 2208 2249 2209
f 2209 2249 2250
f 2209 2250 2210
f 2210 2250 2251
f 2210 2251 2211
f 2211 2251 2252
f 2211 2252 2212
f 2212 2252 2253
f 2212 2253 2213
f 2213 2253 2254
f 2213 2254 2214
f 2214 2254 2255
f 2214 2255 2215
f 2215 2255 2256
f 2215 2256 2216
f 2216 2256 2257
f 2216 2257 2217
f 2217 2257 2258
f 2217 2258 2218
f 2218 2258 2259
f 2218 2259 2219
f 2219 2259 2260
f 2219 2260 2220
f 2220 2260 2261
f 2220 2261 2221
f 2221 2261 2262
f 2221 2262 2222
f 2222 2262 2263
f 2222 2263 2223
f 2223 2263 2264
f 2223 2264 2224
f 2224 2264 2265
f 2224 2265 2225
f 2225 2265 2266
f 2225 2266 2226
f 2226 2266 2267
f 2226 2267 2227
f 2227 2267 2268
f 2227 2268 2228
f 2228 2268 2269
f 2228 2269 2229
f 2229 2269 2270
f 2229 2270 2230
f 2230 2270 2271
f 2230 2271 2231
f 2231 2271 2272
f 2231 2272 2232
f 2232 2272 2273
f 2232 2273 2233
f 2233 2273 2274
f 2233 2274 2234
f 2234 2274 2275
f 2234 2275 2235
f 2235 2275 2276
f 2235 2276 2236
f 2236 2276 2277
f 2236 2277 2237
f 2237 2277 2278
f 2237 2278 2238
f 2238 2278 2279
f 2238 2279 2239
f 2239 2279 2280
f 2239 2280 2240
f 2240 2280 2241
f 2240 2241 2201
f 2241 2281 2282
f 2241 2282 2242
f 2242 2282 2283
f 2242 2283 2243
f 2243 2283 2284
f 2243 2284 2244
f 2244 2284 2285
f 2244 2285 2245
f 2245 2285 2286
f 2245 2286 2246
f 2246 2286 2287
f 2246 2287 2247
f 2247 2287 2288
f 2247 2288 2248
f 2248 2288 2289
f 2248 2289 2249
f 2249 2289 2290
f 2249 2290 2250
f 2250 2290 2291
f 2250 2291 2251
f 2251 2291 2292
f 2251 2292 2252
f 2252 2292 2293
f 2252 2293 2253
f 2253 2293 2294
f 2253 2294 2254
f 2254 2294 2295
f 2254 2295 2255
f 2255 2295 2296
f 2255 2296 2256
f 2256 2296 2297
f 2256 2297 2257
f 2257 2297 2298
f 2257 2298 2258
f 2258 2298 2299
f 2258 2299 2259
f 2259 2299 2300
f 2259 2300 2260
f 2260 2300 2301
f 2260 2301 2261
f 2261 2301 2302
f 2261 2302 2262
f 2262 2302 2303
f 2262 2303 2263
f 2263 2303 2304
f 2263 2304 2264
f 2264 2304 2305
f 2264 2305 2265
f 2265 2305 2306
f 2265 2306 2266
f 2266 2306 2307
f 2266 2307 2267
f 2267 2307 2308
f 2267 2308 2268
f 2268 2308 2309
f 2268 2309 2269
f 2269 2309 2310
f 2269 2310 2270
f 2270 2310 2311
f 2270 2311 2271
f 2271 2311 2312
f 2271 2312 2272
f 2272 2312 2313
f 2272 2313 2273
f 2273 2313 2314
f 2273 2314 2274
f 2274 2314 2315
f 2274 2315 2275
f 2275 2315 2316
f 2275 2316 2276
f 2276 2316 2317
f 2276 2317 2277
f 2277 2317 2318
f 2277 2318 2278
f 2278 2318 2319
f 2278 2319 2279
f 2279 2319 2320
f 2279 2320 2280
f 2280 2320 2281
f 2280 2281 2241
f 2281 2321 2322
f 2281 2322 2282
f 2282 2322 2323
f 2282 2323 2283
f 2283 2323 2324
f 2283 2324 2284
f 2284 2324 2325
f 2284 2325 2285
f 2285 2325 2326
f 2285 2326 2286
f 2286 2326 2327
f 2286 2327 2287
f 2287 2327 2328
f 2287 2328 2288
f 2288 2328 2329
f 2288 2329 2289
f 2289 2329 2330
f 2289 2330 2290
f 2290 2330 2331
f 2290 2331 2291
f 2291 2331 2332
f 2291 2332 2292
f 2292 2332 2333
f 2292 2333 2293
f 2293 2333 2334
f 2293 2334 2294
f 2294 2334 2335
f 2294 2335 2295
f 2295 2335 2336
f 2295 2336 2296
f 2296 2336 2337
f 2296 2337 2297
f 2297 2337 2338
f 2297 2338 2298
f 2298 2338 2339
f 2298 2339 2299
f 2299 2339 2340
f 2299 2340 2300
f 2300 2340 2341
f 2300 2341 2301
f 2301 2341 2342
f 2301 2342 2302
f 2302 2342 2343
f 2302 2343 2303
f 2303 2343 2344
f 2303 2344 2304
f 2304 2344 2345
f 2304 2345 2305
f 2305 2345 2346
f 2305 2346 2306
f 2306 2346 2347
f 2306 2347 2307
f 2307 2347 2348
f 2307 2348 2308
f 2308 2348 2349
f 2308 2349 2309
f 2309 2349 2350
f 2309 2350 2310
f 2310 2350 2351
f 2310 2351 2311
f 2311 2351 2352
f 2311 2352 2312
f 2312 2352 2353
f 2312 2353 2313
f 2313 2353 2354
f 2313 2354 2314
f 2314 2354 2355
f 2314 2355 2315
f 2315 2355 2356
f 2315 2356 2316
f 2316 2356 2357
f 2316 2357 2317
f 2317 2357 2358
f 2317 2358 2318
f 2318 2358 2359
f 2318 2359 2319
f 2319 2359 2360
f 2319 2360 2320
f 2320 2360 2321
f 2320 2321 2281
f 2321 2361 2362
f 2321 2362 2322
f 2322 2362 2363
f 2322 2363 2323
f 2323 2363 2364
f 2323 2364 2324
f 2324 2364 2365
f 2324 2365 2325
f 2325 2365 2366
f 2325 2366 2326
f 2326 2366 2367
f 2326 2367 2327
f 2327 2367 2368
f 2327 2368 2328
f 2328 2368 2369
f 2328 2369 2329
f 2329 2369 2370
f 2329 2370 2330
f 2330 2370 2371
f 2330 2371 2331
f 2331 2371 2372
f 2331 2372 2332
f 2332 2372 2373
f 2332 2373 2333
f 2333 2373 2374
f 2333 2374 2334
f 2334 2374 2375
f 2334 2375 2335
f 2335 2375 2376
f 2335 2376 2336
f 2336 2376 2377
f 2336 2377 2337
f 2337 2377 2378
f 2337 2378 2338
f 2338 2378 2379
f 2338 2379 2339
f 2339 2379 2380
f 2339 2380 2340
f 2340 2380 2381
f 2340 2381 2341
f 2341 2381 2382
f 2341 2382 2342
f 2342 2382 2383
f 2342 2383 2343
f 2343 2383 2384
f 2343 2384 2344
f 2344 2384 2385
f 2344 2385 2345
f 2345 2385 2386
f 2345 2386 2346
f 2346 2386 2387
f 2346 2387 2347
f 2347 2387 2388
f 2347 2388 2348
f 2348 2388 2389
f 2348 2389 2349
f 2349 2389 2390
f 2349 2390 2350
f 2350 2390 2391
f 2350 2391 2351
f 2351 2391 2392
f 2351 2392 2352
f 2352 2392 2393
f 2352 2393 2353
f 2353 2393 2394
f 2353 2394 2354
f 2354 2394 2395
f 2354 2395 2355
f 2355 2395 2396
f 2355 2396 2356
f 2356 2396 2397
f 2356 2397 2357
f 2357 2397 2398
f 2357 2398 2358
f 2358 2398 2399
f 2358 2399 2359
f 2359 2399 2400
f 2359 2400 2360
f 2360 2400 2361
f 2360 2361 2321
f 2361 2401 2402
f 2361 2402 2362
f 2362 2402 2403
f 2362 2403 2363
f 2363 2403 2404
f 2363 2404 2364
f 2364 2404 2405
f 2364 2405 2365
f 2365 2405 2406
f 2365 2406 2366
f 2366 2406 2407
f 2366 2407 2367
f 2367 2407 2408
f 2367 2408 2368
f 2368 2408 2409
f 2368 2409 2369
f 2369 2409 2410
f 2369 2410 2370
f 2370 2410 2411
f 2370 2411 2371
f 2371 2411 2412
f 2371 2412 2372
f 2372 2412 2413
f 2372 2413 2373
f 2373 2413 2414
f 2373 2414 2374
f 2374 2414 2415
f 2374 2415 2375
f 2375 2415 2416
f 2375 2416 2376
f 2376 2416 2417
f 2376 2417 2377
f 2377 2417 2418
f 2377 2418 2378
f 2378 2418 2419
f 2378 2419 2379
f 2379 2419 2420
f 2379 2420 2380
f 2380 2420 2421
f 2380 2421 2381
f 2381 2421 2422
f 2381 2422 2382
f 2382 2422 2423
f 2382 2423 2383
f 2383 2423 2424
f 2383 2424 2384
f 2384 2424 2425
f 2384 2425 2385
f 2385 2425 2426
f 2385 2426 2386
f 2386 2426 2427
f 2386 2427 2387
f 2387 2427 2428
f 2387 2428 2388
f 2388 2428 2429
f 2388 2429 2389
f 2389 2429 2430
f 2389 2430 2390
f 2390 2430 2431
f 2390 2431 2391
f 2391 2431 2432
f 2391 2432 2392
f 2392 2432 2433
f 2392 2433 2393
f 2393 2433 2434
f 2393 2434 2394
f 2394 2434 2435
f 2394 2435 2395
f 2395 2435 2436
f 2395 2436 2396
f 2396 2436 2437
f 2396 2437 2397
f 2397 2437 2438
f 2397 2438 2398
f 2398 2438 2439
f 2398 2439 2399
f 2399 2439 2440
f 2399 2440 2400
f 2400 2440 2401
f 2400 2401 2361
f 2401 2441 2442
f 2401 2442 2402
f 2402 2442 2443
f 2402 2443 2403
f 2403 2443 2444
f 2403 2444 2404
f 2404 2444 2445
f 2404 2445 2405
f 2405 2445 2446
f 2405 2446 2406
f 2406 2446 2447
f 2406 2447 2407
f 2407 2447 2448
f 2407 2448 2408
f 2408 2448 2449
f 2408 2449 2409
f 2409 2449 2450
f 2409 2450 2410
f 2410 2450 2451
f 2410 2451 2411
f 2411 2451 2452
f 2411 2452 2412
f 2412 2452 2453
f 2412 2453 2413
f 2413 2453 2454
f 2413 2454 2414
f 2414 2454 2455
f 2414 2455 2415
f 2415 2455 2456
f 2415 2456 2416
f 2416 2456 2457
f 2416 2457 2417
f 2417 2457 2458
f 2417 2458 2418
f 2418 2458 2459
f 2418 2459 2419
f 2419 2459 2460
f 2419 2460 2420
f 2420 2460 2461
f 2420 2461 2421
f 2421 2461 2462
f 2421 2462 2422
f 2422 2462 2463
f 2422 2463 2423
f 2423 2463 2464
f 2423 2464 2424
f 2424 2464 2465
f 2424 2465 2425
f 2425 2465 2466
f 2425 2466 2426
f 2426 2466 2467
f 2426 2467 2427
f 2427 2467 2468
f 2427 2468 2428
f 2428 2468 2469
f 2428 2469 2429
f 2429 2469 2470
f 2429 2470 2430
f 2430 2470 2471
f 2430 2471 2431
f 2431 2471 2472
f 2431 2472 2432
f 2432 2472 2473
f 2432 2473 2433
f 2433 2473 2474
f 2433 2474 2434
f 2434 2474 2475
f 2434 2475 2435
f 2435 2475 2476
f 2435 2476 2436
f 2436 2476 2477
f 2436 2477 2437
f 2437 2477 2478
f 2437 2478 2438
f 2438 2478 2479
f 2438 2479 2439
f 2439 2479 2480
f 2439 2480 2440
f 2440 2480 2441
f 2440 2441 2401
f 2441 2481 2482
f 2441 2482 2442
f 2442 2482 2483
f 2442 2483 2443
f 2443 2483 2484
f 2443 2484 2444
f 2444 2484 2485
f 2444 2485 2445
f 2445 2485 2486
f 2445 2486 2446
f 2446 2486 2487
f 2446 2487 2447
f 2447 2487 2488
f 2447 2488 2448
f 2448 2488 2489
f 2448 2489 2449
f 2449 2489 2490
f 2449 2490 2450
f 2450 2490 2491
f 2450 2491 2451
f 2451 2491 2492
f 2451 2492 2452
f 2452 2492 2493
f 2452 2493 2453
f 2453 2493 2494
f 2453 2494 2454
f 2454 2494 2495
f 2454 2495 2455
f 2455 2495 2496
f 2455 2496 2456
f 2456 2496 2497
f 2456 2497 2457
f 2457 2497 2498
f 2457 2498 2458
f 2458 2498 2499
f 2458 2499 2459
f 2459 2499 2500
f 2459 2500 2460
f 2460 2500 2501
f 2460 2501 2461
f 2461 2501 2502
f 2461 2502 2462
f 2462 2502 2503
f 2462 2503 2463
f 2463 2503 2504
f 2463 2504 2464
f 2464 2504 2505
f 2464 2505 2465
f 2465 2505 2506
f 2465 2506 2466
f 2466 2506 2507
f 2466 2507 2467
f 2467 2507 2508
f 2467 2508 2468
f 2468 2508 2509
f 2468 2509 2469
f 2469 2509 2510
f 2469 2510 2470
f 2470 2510 2511
f 2470 2511 2471
f 2471 2511 2512
f 2471 2512 2472
f 2472 2512 2513
f 2472 2513 2473
f 2473 2513 2514
f 2473 2514 2474
f 2474 2514 2515
f 2474 2515 2475
f 2475 2515 2516
f 2475 2516 2476
f 2476 2516 2517
f 2476 2517 2477
f 2477 2517 2518
f 2477 2518 2478
f 2478 2518 2519
f 2478 2519 2479
f 2479 2519 2520
f 2479 2520 2480
f 2480 2520 2481
f 2480 2481 2441
f 2481 2521 2522
f 2481 2522 2482
f 2482 2522 2523
f 2482 2523 2483
f 2483 2523 2524
f 2483 2524 2484
f 2484 2524 2525
f 2484 2525 2485
f 2485 2525 2526
f 2485 2526 2486
f 2486 2526 2527
f 2486 2527 2487
f 2487 2527 2528
f 2487 2528 2488
f 2488 2528 2529
f 2488 2529 2489
f 2489 2529 2530
f 2489 2530 2490
f 2490 2530 2531
f 2490 2531 2491
f 2491 2531 2532
f 2491 2532 2492
f 2492 2532 2533
f 2492 2533 2493
f 2493 2533 2534
f 2493 2534 2494
f 2494 2534 2535
f 2494 2535 2495
f 2495 2535 2536
f 2495 2536 2496
f 2496 2536 2537
f 2496 2537 2497
f 2497 2537 2538
f 2497 2538 2498
f 2498 2538 2539
f 2498 2539 2499
f 2499 2539 2540
f 2499 2540 2500
f 2500 2540 2541
f 2500 2541 2501
f 2501 2541 2542
f 2501 2542 2502
f 2502 2542 2543
f 2502 2543 2503
f 2503 2543 2544
f 2503 2544 2504
f 2504 2544 2545
f 2504 2545 2505
f 2505 2545 2546
f 2505 2546 2506
f 2506 2546 2547
f 2506 2547 2507
f 2507 2547 2548
f 2507 2548 2508
f 2508 2548 2549
f 2508 2549 2509
f 2509 2549 2550
f 2509 2550 2510
f 2510 2550 2551
f 2510 2551 2511
f 2511 2551 2552
f 2511 2552 2512
f 2512 2552 2553
f 2512 2553 2513
f 2513 2553 2554
f 2513 2554 2514
f 2514 2554 2555
f 2514 2555 2515
f 2515 2555 2556
f 2515 2556 2516
f 2516 2556 2557
f 2516 2557 2517
f 2517 2557 2558
f 2517 2558 2518
f 2518 2558 2559
f 2518 2559 2519
f 2519 2559 2560
f 2519 2560 2520
f 2520 2560 2521
f 2520 2521 2481
f 2521 2561 2562
f 2521 2562 2522
f 2522 2562 2563
f 2522 2563 2523
f 2523 2563 2564
f 2523 2564 2524
f 2524 2564 2565
f 2524 2565 2525
f 2525 2565 2566
f 2525 2566 2526
f 2526 2566 2567
f 2526 2567 2527
f 2527 2567 2568
f 2527 2568 2528
f 2528 2568 2569
f 2528 2569 2529
f 2529 2569 2570
f 2529 2570 2530
f 2530 2570 2571
f 2530 2571 2531
f 2531 2571 2572
f 2531 2572 2532
f 2532 2572 2573
f 2532 2573 2533
f 2533 2573 2574
f 2533 2574 2534
f 2534 2574 2575
f 2534 2575 2535
f 2535 2575 2576
f 2535 2576 2536
f 2536 2576 2577
f 2536 2577 2537
f 2537 2577 2578
f 2537 2578 2538
f 2538 2578 2579
f 2538 2579 2539
f 2539 2579 2580
f 2539 2580 2540
f 2540 2580 2581
f 2540 2581 2541
f 2541 2581 2582
f 2541 2582 2542
f 2542 2582 2583
f 2542 2583 2543
f 2543 2583 2584
f 2543 2584 2544
f 2544 2584 2585
f 2544 2585 2545
f 2545 2585 2586
f 2545 2586 2546
f 2546 2586 2587
f 2546 2587 2547
f 2547 2587 2588
f 2547 2588 2548
f 2548 2588 2589
f 2548 2589 2549
f 2549 2589 2590
f 2549 2590 2550
f 2550 2590 2591
f 2550 2591 2551
f 2551 2591 2592
f 2551 2592 2552
f 2552 2592 2593
f 2552 2593 2553
f 2553 2593 2594
f 2553 2594 2554
f 2554 2594 2595
f 2554 2595 2555
f 2555 2595 2596
f 2555 2596 2556
f 2556 2596 2597
f 2556 2597 2557
f 2557 2597 2598
f 2557 2598 2558
f 2558 2598 2599
f 2558 2599 2559
f 2559 2599 2600
f 2559 2600 2560
f 2560 2600 2561
f 2560 2561 2521
f 2561 2601 2602
f 2561 2602 2562
f 2562 2602 2603
f 2562 2603 2563
f 2563 2603 2604
f 2563 2604 2564
f 2564 2604 2605
f 2564 2605 2565
f 2565 2605 2606
f 2565 2606 2566
f 2566 2606 2607
f 2566 2607 2567
f 2567 2607 2608
f 2567 2608 2568
f 2568 2608 2609
f 2568 2609 2569
f 2569 2609 2610
f 2569 2610 2570
f 2570 2610 2611
f 2570 2611 2571
f 2571 2611 2612
f 2571 2612 2572
f 2572 2612 2613
f 2572 2613 2573
f 2573 2613 2614
f 2573 2614 2574
f 2574 2614 2615
f 2574 2615 2575
f 2575 2615 2616
f 2575 2616 2576
f 2576 2616 2617
f 2576 2617 2577
f 2577 2617 2618
f 2577 2618 2578
f 2578 2618 2619
f 2578 2619 2579
f 2579 2619 2620
f 2579 2620 2580
f 2580 2620 2621
f 2580 2621 2581
f 2581 2621 2622
f 2581 2622 2582
f 2582 2622 2623
f 2582 2623 2583
f 2583 2623 2624
f 2583 2624 2584
f 2584 2624 2625
f 2584 2625 2585
f 2585 2625 2626
f 2585 2626 2586
f 2586 2626 2627
f 2586 2627 2587
f 2587 2627 2628
f 2587 2628 2588
f 2588 2628 2629
f 2588 2629 2589
f 2589 2629 2630
f 2589 2630 2590
f 2590 2630 2631
f 2590 2631 2591
f 2591 2631 2632
f 2591 2632 2592
f 2592 2632 2633
f 2592 2633 2593
f 2593 2633 2634
f 2593 2634 2594
f 2594 2634 2635
f 2594 2635 2595
f 2595 2635 2636
f 2595 2636 2596
f 2596 2636 2637
f 2596 2637 2597
f 2597 2637 2638
f 2597 2638 2598
f 2598 2638 2639
f 2598 2639 2599
f 2599 2639 2640
f 2599 2640 2600
f 2600 2640 2601
f 2600 2601 2561
f 2601 2641 2642
f 2601 2642 2602
f 2602 2642 2643
f 2602 2643 2603
f 2603 2643 2644
f 2603 2644 2604
f 2604 2644 2645
f 2604 2645 2605
f 2605 2645 2646
f 2605 2646 2606
f 2606 2646 2647
f 2606 2647 2607
f 2607 2647 2648
f 2607 2648 2608
f 2608 2648 2649
f 2608 2649 2609
f 2609 2649 2650
f 2609 2650 2610
f 2610 2650 2651
f 2610 2651 2611
f 2611 2651 2652
f 2611 2652 2612
f 2612 2652 2653
f 2612 2653 2613
f 2613 2653 2654
f 2613 2654 2614
f 2614 2654 2655
f 2614 2655 2615
f 2615 2655 2656
f 2615 2656 2616
f 2616 2656 2657
f 2616 2657 2617
f 2617 2657 2658
f 2617 2658 2618
f 2618 2658 2659
f 2618 2659 2619
f 2619 2659 2660
f 2619 2660 2620
f 2620 2660 2661
f 2620 2661 2621
f 2621 2661 2662
f 2621 2662 2622
f 2622 2662 2663
f 2622 2663 2623
f 2623 2663 2664
f 2623 2664 2624
f 2624 2664 2665
f 2624 2665 2625
f 2625 2665 2666
f 2625 2666 2626
f 2626 2666 2667
f 2626 2667 2627
f 2627 2667 2668
f 2627 2668 2628
f 2628 2668 2669
f 2628 2669 2629
f 2629 2669 2670
f 2629 2670 2630
f 2630 2670 2671
f 2630 2671 2631
f 2631 2671 2672
f 2631 2672 2632
f 2632 2672 2673
f 2632 2673 2633
f 2633 2673 2674
f 2633 2674 2634
f 2634 2674 2675
f 2634 2675 2635
f 2635 2675 2676
f 2635 2676 2636
f 2636 2676 2677
f 2636 2677 2637
f 2637 2677 2678
f 2637 2678 2638
f 2638 2678 2679
f 2638 2679 2639
f 2639 2679 2680
f 2639 2680 2640
f 2640 2680 2641
f 2640 2641 2601
f 2641 2681 2682
f 2641 2682 2642
f 2642 2682 2683
f 2642 2683 2643
f 2643 2683 2684
f 2643 2684 2644
f 2644 2684 2685
f 2644 2685 2645
f 2645 2685 2686
f 2645 2686 2646
f 2646 2686 2687
f 2646 2687 2647
f 2647 2687 2688
f 2647 2688 2648
f 2648 2688 2689
f 2648 2689 2649
f 2649 2689 2690
f 2649 2690 2650
f 2650 2690 2691
f 2650 2691 2651
f 2651 2691 2692
f 2651 2692 2652
f 2652 2692 2693
f 2652 2693 2653
f 2653 2693 2694
f 2653 2694 2654
f 2654 2694 2695
f 2654 2695 2655
f 2655 2695 2696
f 2655 2696 2656
f 2656 2696 2697
f 2656 2697 2657
f 2657 2697 2698
f 2657 2698 2658
f 2658 2698 2699
f 2658 2699 2659
f 2659 2699 2700
f 2659 2700 2660
f 2660 2700 2701
f 2660 2701 2661
f 2661 2701 2702
f 2661 2702 2662
f 2662 2702 2703
f 2662 2703 2663
f 2663 2703 2704
f 2663 2704 2664
f 2664 2704 2705
f 2664 2705 2665
f 2665 2705 2706
f 2665 2706 2666
f 2666 2706 2707
f 2666 2707 2667
f 2667 2707 2708
f 2667 2708 2668
f 2668 2708 2709
f 2668 2709 2669
f 2669 2709 2710
f 2669 2710 2670
f 2670 2710 2711
f 2670 2711 2671
f 2671 2711 2712
f 2671 2712 2672
f 2672 2712 2713
f 2672 2713 2673
f 2673 2713 2714
f 2673 2714 2674
f 2674 2714 2715
f 2674 2715 2675
f 2675 2715 2716
f 2675 2716 2676
f 2676 2716 2717
f 2676 2717 2677
f 2677 2717 2718
f 2677 2718 2678
f 2678 2718 2719
f 2678 2719 2679
f 2679 2719 2720
f 2679 2720 2680
f 2680 2720 2681
f 2680 2681 2641
f 2681 2721 2722
f 2681 2722 2682
f 2682 2722 2723
f 2682 2723 2683
f 2683 2723 2724
f 2683 2724 2684
f 2684 2724 2725
f 2684 2725 2685
f 2685 2725 2726
f 2685 2726 2686
f 2686 2726 2727
f 2686 2727 2687
f 2687 2727 2728
f 2687 2728 2688
f 2688 2728 2729
f 2688 2729 2689
f 2689 2729 2730
f 2689 2730 2690
f 2690 2730 2731
f 2690 2731 2691
f 2691 2731 2732
f 2691 2732 2692
f 2692 2732 2733
f 2692 2733 2693
f 2693 2733 2734
f 2693 2734 2694
f 2694 2734 2735
f 2694 2735 2695
f 2695 2735 2736
f 2695 2736 2696
f 2696 2736 2737
f 2696 2737 2697
f 2697 2737 2738
f 2697 2738 2698
f 2698 2738 2739
f 2698 2739 2699
f 2699 2739 2740
f 2699 2740 2700
f 2700 2740 2741
f 2700 2741 2701
f 2701 2741 2742
f 2701 2742 2702
f 2702 2742 2743
f 2702 2743 2703
f 2703 2743 2744
f 2703 2744 2704
f 2704 2744 2745
f 2704 2745 2705
f 2705 2745 2746
f 2705 2746 2706
f 2706 2746 2747
f 2706 2747 2707
f 2707 2747 2748
f 2707 2748 2708
f 2708 2748 2749
f 2708 2749 2709
f 2709 2749 2750
f 2709 2750 2710
f 2710 2750 2751
f 2710 2751 2711
f 2711 2751 2752
f 2711 2752 2712
f 2712 2752 2753
f 2712 2753 2713
f 2713 2753 2754
f 2713 2754 2714
f 2714 2754 2755
f 2714 2755 2715
f 2715 2755 2756
f 2715 2756 2716
f 2716 2756 2757
f 2716 2757 2717
f 2717 2757 2758
f 2717 2758 2718
f 2718 2758 2759
f 2718 2759 2719
f 2719 2759 2760
f 2719 2760 2720
f 2720 2760 2721
f 2720 2721 2681
f 2721 2761 2762
f 2721 2762 2722
f 2722 2762 2763
f 2722 2763 2723
f 2723 2763 2764
f 2723 2764 2724
f 2724 2764 2765
f 2724 2765 2725
f 2725 2765 2766
f 2725 2766 2726
f 2726 2766 2767
f 2726 2767 2727
f 2727 2767 2768
f 2727 2768 2728
f 2728 2768 2769
f 2728 2769 2729
f 2729 2769 2770
f 2729 2770 2730
f 2730 2770 2771
f 2730 2771 2731
f 2731 2771 2772
f 2731 2772 2732
f 2732 2772 2773
f 2732 2773 2733
f 2733 2773 2774
f 2733 2774 2734
f 2734 2774 2775
f 2734 2775 2735
f 2735 2775 2776
f 2735 2776 2736
f 2736 2776 2777
f 2736 2777 2737
f 2737 2777 2778
f 2737 2778 2738
f 2738 2778 2779
f 2738 2779 2739
f 2739 2779 2780
f 2739 2780 2740
f 2740 2780 2781
f 2740 2781 2741
f 2741 2781 2782
f 2741 2782 2742
f 2742 2782 2783
f 2742 2783 2743
f 2743 2783 2784
f 2743 2784 2744
f 2744 2784 2785
f 2744 2785 2745
f 2745 2785 2786
f 2745 2786 2746
f 2746 2786 2787
f 2746 2787 2747
f 2747 2787 2788
f 2747 2788 2748
f 2748 2788 2789
f 2748 2789 2749
f 2749 2789 2790
f 2749 2790 2750
f 2750 2790 2791
f 2750 2791 2751
f 2751 2791 2792
f 2751 2792 2752
f 2752 2792 2793
f 2752 2793 2753
f 2753 2793 2794
f 2753 2794 2754
f 2754 2794 2795
f 2754 2795 2755
f 2755 2795 2796
f 2755 2796 2756
f 2756 2796 2797
f 2756 2797 2757
f 2757 2797 2798
f 2757 2798 2758
f 2758 2798 2799
f 2758 2799 2759
f 2759 2799 2800
f 2759 2800 2760
f 2760 2800 2761
f 2760 2761 2721
f 2761 2801 2802
f 2761 2802 2762
f 2762 2802 2803
f 2762 2803 2763
f 2763 2803 2804
f 2763 2804 2764
f 2764 2804 2805
f 2764 2805 2765
f 2765 2805 2806
f 2765 2806 2766
f 2766 2806 2807
f 2766 2807 2767
f 2767 2807 2808
f 2767 2808 2768
f 2768 2808 2809
f 2768 2809 2769
f 2769 2809 2810
f 2769 2810 2770
f 2770 2810 2811
f 2770 2811 2771
f 2771 2811 2812
f 2771 2812 2772
f 2772 2812 2813
f 2772 2813 2773
f 2773 2813 2814
f 2773 2814 2774
f 2774 2814 2815
f 2774 2815 2775
f 2775 2815 2816
f 2775 2816 2776
f 2776 2816 2817
f 2776 2817 2777
f 2777 2817 2818
f 2777 2818 2778
f 2778 2818 2819
f 2778 2819 2779
f 2779 2819 2820
f 2779 2820 2780
f 2780 2820 2821
f 2780 2821 2781
f 2781 2821 2822
f 2781 2822 2782
f 2782 2822 2823
f 2782 2823 2783
f 2783 2823 2824
f 2783 2824 2784
f 2784 2824 2825
f 2784 2825 2785
f 2785 2825 2826
f 2785 2826 2786
f 2786 2826 2827
f 2786 2827 2787
f 2787 2827 2828
f 2787 2828 2788
f 2788 2828 2829
f 2788 2829 2789
f 2789 2829 2830
f 2789 2830 2790
f 2790 2830 2831
f 2790 2831 2791
f 2791 2831 2832
f 2791 2832 2792
f 2792 2832 2833
f 2792 2833 2793
f 2793 2833 2834
f 2793 2834 2794
f 2794 2834 2835
f 2794 2835 2795
f 2795 2835 2836
f 2795 2836 2796
f 2796 2836 2837
f 2796 2837 2797
f 2797 2837 2838
f 2797 2838 2798
f 2798 2838 2839
f 2798 2839 2799
f 2799 2839 2840
f 2799 2840 2800
f 2800 2840 2801
f 2800 2801 2761
f 2801 2841 2842
f 2801 2842 2802
f 2802 2842 2843
f 2802 2843 2803
f 2803 2843 2844
f 2803 2844 2804
f 2804 2844 2845
f 2804 2845 2805
f 2805 2845 2846
f 2805 2846 2806
f 2806 2846 2847
f 2806 2847 2807
f 2807 2847 2848
f 2807 2848 2808
f 2808 2848 2849
f 2808 2849 2809
f 2809 2849 2850
f 2809 2850 2810
f 2810 2850 2851
f 2810 2851 2811
f 2811 2851 2852
f 2811 2852 2812
f 2812 2852 2853
f 2812 2853 2813
f 2813 2853 2854
f 2813 2854 2814
f 2814 2854 2855
f 2814 2855 2815
f 2815 2855 2856
f 2815 2856 2816
f 2816 2856 2857
f 2816 2857 2817
f 2817 2857 2858
f 2817 2858 2818
f 2818 2858 2859
f 2818 2859 2819
f 2819 2859 2860
f 2819 2860 2820
f 2820 2860 2861
f 2820 2861 2821
f 2821 2861 2862
f 2821 2862 2822
f 2822 2862 2863
f 2822 2863 2823
f 2823 2863 2864
f 2823 2864 2824
f 2824 2864 2865
f 2824 2865 2825
f 2825 2865 2866
f 2825 2866 2826
f 2826 2866 2867
f 2826 2867 2827
f 2827 2867 2868
f 2827 2868 2828
f 2828 2868 2869
f 2828 2869 2829
f 2829 2869 2870
f 2829 2870 2830
f 2830 2870 2871
f 2830 2871 2831
f 2831 2871 2872
f 2831 2872 2832
f 2832 2872 2873
f 2832 2873 2833
f 2833 2873 2874
f 2833 2874 2834
f 2834 2874 2875
f 2834 2875 2835
f 2835 2875 2876
f 2835 2876 2836
f 2836 2876 2877
f 2836 2877 2837
f 2837 2877 2878
f 2837 2878 2838
f 2838 2878 2879
f 2838 2879 2839
f 2839 2879 2880
f 2839 2880 2840
f 2840 2880 2841
f 2840 2841 2801
f 2841 2881 2882
f 2841 2882 2842
f 2842 2882 2883
f 2842 2883 2843
f 2843 2883 2884
f 2843 2884 2844
f 2844 2884 2885
f 2844 2885 2845
f 2845 2885 2886
f 2845 2886 2846
f 2846 2886 2887
f 2846 2887 2847
f 2847 2887 2888
f 2847 2888 2848
f 2848 2888 2889
f 2848 2889 2849
f 2849 2889 2890
f 2849 2890 2850
f 2850 2890 2891
f 2850 2891 2851
f 2851 2891 2892
f 2851 2892 2852
f 2852 2892 2893
f 2852 2893 2853
f 2853 2893 2894
f 2853 2894 2854
f 2854 2894 2895
f 2854 2895 2855
f 2855 2895 2896
f 2855 2896 2856
f 2856 2896 2897
f 2856 2897 2857
f 2857 2897 2898
f 2857 2898 2858
f 2858 2898 2899
f 2858 2899 2859
f 2859 2899 2900
f 2859 2900 2860
f 2860 2900 2901
f 2860 2901 2861
f 2861 2901 2902
f 2861 2902 2862
f 2862 2902 2903
f 2862 2903 2863
f 2863 2903 2904
f 2863 2904 2864
f 2864 2904 2905
f 2864 2905 2865
f 2865 2905 2906
f 2865 2906 2866
f 2866 2906 2907
f 2866 2907 2867
f 2867 2907 2908
f 2867 2908 2868
f 2868 2908 2909
f 2868 2909 2869
f 2869 2909 2910
f 2869 2910 2870
f 2870 2910 2911
f 2870 2911 2871
f 2871 2911 2912
f 2871 2912 2872
f 2872 2912 2913
f 2872 2913 2873
f 2873 2913 2914
f 2873 2914 2874
f 2874 2914 2915
f 2874 2915 2875
f 2875 2915 2916
f 2875 2916 2876
f 2876 2916 2917
f 2876 2917 2877
f 2877 2917 2918
f 2877 2918 2878
f 2878 2918 2919
f 2878 2919 2879
f 2879 2919 2920
f 2879 2920 2880
f 2880 2920 2881
f 2880 2881 2841
f 2881 2921 2922
f 2881 2922 2882
f 2882 2922 2923
f 2882 2923 2883
f 2883 2923 2924
f 2883 2924 2884
f 2884 2924 2925
f 2884 2925 2885
f 2885 2925 2926
f 2885 2926 2886
f 2886 2926 2927
f 2886 2927 2887
f 2887 2927 2928
f 2887 2928 2888
f 2888 2928 2929
f 2888 2929 2889
f 2889 2929 2930
f 2889 2930 2890
f 2890 2930 2931
f 2890 2931 2891
f 2891 2931 2932
f 2891 2932 2892
f 2892 2932 2933
f 2892 2933 2893
f 2893 2933 2934
f 2893 2934 2894
f 2894 2934 2935
f 2894 2935 2895
f 2895 2935 2936
f 2895 2936 2896
f 2896 2936 2937
f 2896 2937 2897
f 2897 2937 2938
f 2897 2938 2898
f 2898 2938 2939
f 2898 2939 2899
f 2899 2939 2940
f 2899 2940 2900
f 2900 2940 2941
f 2900 2941 2901
f 2901 2941 2942
f 2901 2942 2902
f 2902 2942 2943
f 2902 2943 2903
f 2903 2943 2944
f 2903 2944 2904
f 2904 2944 2945
f 2904 2945 2905
f 2905 2945 2946
f 2905 2946 2906
f 2906 2946 2947
f 2906 2947 2907
f 2907 2947 2948
f 2907 2948 2908
f 2908 2948 2949
f 2908 2949 2909
f 2909 2949 2950
f 2909 2950 2910
f 2910 2950 2951
f 2910 2951 2911
f 2911 2951 2952
f 2911 2952 2912
f 2912 2952 2953
f 2912 2953 2913
f 2913 2953 2954
f 2913 2954 2914
f 2914 2954 2955
f 2914 2955 2915
f 2915 2955 2956
f 2915 2956 2916
f 2916 2956 2957
f 2916 2957 2917
f 2917 2957 2958
f 2917 2958 2918
f 2918 2958 2959
f 2918 2959 2919
f 2919 2959 2960
f 2919 2960 2920
f 2920 2960 2921
f 2920 2921 2881
f 2921 2961 2962
f 2921 2962 2922
f 2922 2962 2963
f 2922 2963 2923
f 2923 2963 2964
f 2923 2964 2924
f 2924 2964 2965
f 2924 2965 2925
f 2925 2965 2966
f 2925 2966 2926
f 2926 2966 2967
f 2926 2967 2927
f 2927 2967 2968
f 2927 2968 2928
f 2928 2968 2969
f 2928 2969 2929
f 2929 2969 2970
f 2929 2970 2930
f 2930 2970 2971
f 2930 2971 2931
f 2931 2971 2972
f 2931 2972 2932
f 2932 2972 2973
f 2932 2973 2933
f 2933 2973 2974
f 2933 2974 2934
f 2934 2974 2975
f 2934 2975 2935
f 2935 2975 2976
f 2935 2976 2936
f 2936 2976 2977
f 2936 2977 2937
f 2937 2977 2978
f 2937 2978 2938
f 2938 2978 2979
f 2938 2979 2939
f 2939 2979 2980
f 2939 2980 2940
f 2940 2980 2981
f 2940 2981 2941
f 2941 2981 2982
f 2941 2982 2942
f 2942 2982 2983
f 2942 2983 2943
f 2943 2983 2984
f 2943 2984 2944
f 2944 2984 2985
f 2944 2985 2945
f 2945 2985 2986
f 2945 2986 2946
f 2946 2986 2987
f 2946 2987 2947
f 2947 2987 2988
f 2947 2988 2948
f 2948 2988 2989
f 2948 2989 2949
f 2949 2989 2990
f 2949 2990 2950
f 2950 2990 2991
f 2950 2991 2951
f 2951 2991 2992
f 2951 2992 2952
f 2952 2992 2993
f 2952 2993 2953
f 2953 2993 2994
f 2953 2994 2954
f 2954 2994 2995
f 2954 2995 2955
f 2955 2995 2996
f 2955 2996 2956
f 2956 2996 2997
f 2956 2997 2957
f 2957 2997 2998
f 2957 2998 2958
f 2958 2998 2999
f 2958 2999 2959
f 2959 2999 3000
f 2959 3000 2960
f 2960 3000 2961
f 2960 2961 2921
f 2961 3001 3002
f 2961 3002 2962
f 2962 3002 3003
f 2962 3003 2963
f 2963 3003 3004
f 2963 3004 2964
f 2964 3004 3005
f 2964 3005 2965
f 2965 3005 3006
f 2965 3006 2966
f 2966 3006 3007
f 2966 3007 2967
f 2967 3007 3008
f 2967 3008 2968
f 2968 3008 3009
f 2968 3009 2969
f 2969 3009 3010
f 2969 3010 2970
f 2970 3010 3011
f 2970 3011 2971
f 2971 3011 3012
f 2971 3012 2972
f 2972 3012 3013
f 2972 3013 2973
f 2973 3013 3014
f 2973 3014 2974
f 2974 3014 3015
f 2974 3015 2975
f 2975 3015 3016
f 2975 3016 2976
f 2976 3016 3017
f 2976 3017 2977
f 2977 3017 3018
f 2977 3018 2978
f 2978 3018 3019
f 2978 3019 2979
f 2979 3019 3020
f 2979 3020 2980
f 2980 3020 3021
f 2980 3021 2981
f 2981 3021 3022
f 2981 3022 2982
f 2982 3022 3023
f 2982 3023 2983
f 2983 3023 3024
f 2983 3024 2984
f 2984 3024 3025
f 2984 3025 2985
f 2985 3025 3026
f 2985 3026 2986
f 2986 3026 3027
f 2986 3027 2987
f 2987 3027 3028
f 2987 3028 2988
f 2988 3028 3029
f 2988 3029 2989
f 2989 3029 3030
f 2989 3030 2990
f 2990 3030 3031
f 2990 3031 2991
f 2991 3031 3032
f 2991 3032 2992
f 2992 3032 3033
f 2992 3033 2993
f 2993 3033 3034
f 2993 3034 2994
f 2994 3034 3035
f 2994 3035 2995
f 2995 3035 3036
f 2995 3036 2996
f 2996 3036 3037
f 2996 3037 2997
f 2997 3037 3038
f 2997 3038 2998
f 2998 3038 3039
f 2998 3039 2999
f 2999 3039 3040
f 2999 3040 3000
f 3000 3040 3001
f 3000 3001 2961
f 3001 3041 3042
f 3001 3042 3002
f 3002 3042 3043
f 3002 3043 3003
f 3003 3043 3044
f 3003 3044 3004
f 3004 3044 3045
f 3004 3045 3005
f 3005 3045 3046
f 3005 3046 3006
f 3006 3046 3047
f 3006 3047 3007
f 3007 3047 3048
f 3007 3048 3008
f 3008 3048 3049
f 3008 3049 3009
f 3009 3049 3050
f 3009 3050 3010
f 3010 3050 3051
f 3010 3051 3011
f 3011 3051 3052
f 3011 3052 3012
f 3012 3052 3053
f 3012 3053 3013
f 3013 3053 3054
f 3013 3054 3014
f 3014 3054 3055
f 3014 3055 3015
f 3015 3055 3056
f 3015 3056 3016
f 3016 3056 3057
f 3016 3057 3017
f 3017 3057 3058
f 3017 3058 3018
f 3018 3058 3059
f 3018 3059 3019
f 3019 3059 3060
f 3019 3060 3020
f 3020 3060 3061
f 3020 3061 3021
f 3021 3061 3062
f 3021 3062 3022
f 3022 3062 3063
f 3022 3063 3023
f 3023 3063 3064
f 3023 3064 3024
f 3024 3064 3065
f 3024 3065 3025
f 3025 3065 3066
f 3025 3066 3026
f 3026 3066 3067
f 3026 3067 3027
f 3027 3067 3068
f 3027 3068 3028
f 3028 3068 3069
f 3028 3069 3029
f 3029 3069 3070
f 3029 3070 3030
f 3030 3070 3071
f 3030 3071 3031
f 3031 3071 3072
f 3031 3072 3032
f 3032 3072 3073
f 3032 3073 3033
f 3033 3073 3074
f 3033 3074 3034
f 3034 3074 3075
f 3034 3075 3035
f 3035 3075 3076
f 3035 3076 3036
f 3036 3076 3077
f 3036 3077 3037
f 3037 3077 3078
f 3037 3078 3038
f 3038 3078 3079
f 3038 3079 3039
f 3039 3079 3080
f 3039 3080 3040
f 3040 3080 3041
f 3040 3041 3001
f 3041 3081 3082
f 3041 3082 3042
f 3042 3082 3083
f 3042 3083 3043
f 3043 3083 3084
f 3043 3084 3044
f 3044 3084 3085
f 3044 3085 3045
f 3045 3085 3086
f 3045 3086 3046
f 3046 3086 3087
f 3046 3087 3047
f 3047 3087 3088
f 3047 3088 3048
f 3048 3088 3089
f 3048 3089 3049
f 3049 3089 3090
f 3049 3090 3050
f 3050 3090 3091
f 3050 3091 3051
f 3051 3091 3092
f 3051 3092 3052
f 3052 3092 3093
f 3052 3093 3053
f 3053 3093 3094
f 3053 3094 3054
f 3054 3094 3095
f 3054 3095 3055
f 3055 3095 3096
f 3055 3096 3056
f 3056 3096 3097
f 3056 3097 3057
f 3057 3097 3098
f 3057 3098 3058
f 3058 3098 3099
f 3058 3099 3059
f 3059 3099 3100
f 3059 3100 3060
f 3060 3100 3101
f 3060 3101 3061
f 3061 3101 3102
f 3061 3102 3062
f 3062 3102 3103
f 3062 3103 3063
f 3063 3103 3104
f 3063 3104 3064
f 3064 3104 3105
f 3064 3105 3065
f 3065 3105 3106
f 3065 3106 3066
f 3066 3106 3107
f 3066 3107 3067
f 3067 3107 3108
f 3067 3108 3068
f 3068 3108 3109
f 3068 3109 3069
f 3069 3109 3110
f 3069 3110 3070
f 3070 3110 3111
f 3070 3111 3071
f 3071 3111 3112
f 3071 3112 3072
f 3072 3112 3113
f 3072 3113 3073
f 3073 3113 3114
f 3073 3114 3074
f 3074 3114 3115
f 3074 3115 3075
f 3075 3115 3116
f 3075 3116 3076
f 3076 3116 3117
f 3076 3117 3077
f 3077 3117 3118
f 3077 3118 3078
f 3078 3118 3119
f 3078 3119 3079
f 3079 3119 3120
f 3079 3120 3080
f 3080 3120 3081
f 3080 3081 3041
f 3081 3121 3122
f 3081 3122 3082
f 3082 3122 3123
f 3082 3123 3083
f 3083 3123 3124
f 3083 3124 3084
f 3084 3124 3125
f 3084 3125 3085
f 3085 3125 3126
f 3085 3126 3086
f 3086 3126 3127
f 3086 3127 3087
f 3087 3127 3128
f 3087 3128 3088
f 3088 3128 3129
f 3088 3129 3089
f 3089 3129 3130
f 3089 3130 3090
f 3090 3130 3131
f 3090 3131 3091
f 3091 3131 3132
f 3091 3132 3092
f 3092 3132 3133
f 3092 3133 3093
f 3093 3133 3134
f 3093 3134 3094
f 3094 3134 3135
f 3094 3135 3095
f 3095 3135 3136
f 3095 3136 3096
f 3096 3136 3137
f 3096 3137 3097
f 3097 3137 3138
f 3097 3138 3098
f 3098 3138 3139
f 3098 3139 3099
f 3099 3139 3140
f 3099 3140 3100
f 3100 3140 3141
f 3100 3141 3101
f 3101 3141 3142
f 3101 3142 3102
f 3102 3142 3143
f 3102 3143 3103
f 3103 3143 3144
f 3103 3144 3104
f 3104 3144 3145
f 3104 3145 3105
f 3105 3145 3146
f 3105 3146 3106
f 3106 3146 3147
f 3106 3147 3107
f 3107 3147 3148
f 3107 3148 3108
f 3108 3148 3149
f 3108 3149 3109
f 3109 3149 3150
f 3109 3150 3110
f 3110 3150 3151
f 3110 3151 3111
f 3111 3151 3152
f 3111 3152 3112
f 3112 3152 3153
f 3112 3153 3113
f 3113 3153 3154
f 3113 3154 3114
f 3114 3154 3155
f 3114 3155 3115
f 3115 3155 3156
f 3115 3156 3116
f 3116 3156 3157
f 3116 3157 3117
f 3117 3157 3158
f 3117 3158 3118
f 3118 3158 3159
f 3118 3159 3119
f 3119 3159 3160
f 3119 3160 3120
f 3120 3160 3121
f 3120 3121 3081
f 3121 3161 3162
f 3121 3162 3122
f 3122 3162 3163
f 3122 3163 3123
f 3123 3163 3164
f 3123 3164 3124
f 3124 3164 3165
f 3124 3165 3125
f 3125 3165 3166
f 3125 3166 3126
f 3126 3166 3167
f 3126 3167 3127
f 3127 3167 3168
f 3127 3168 3128
f 3128 3168 3169
f 3128 3169 3129
f 3129 3169 3170
f 3129 3170 3130
f 3130 3170 3171
f 3130 3171 3131
f 3131 3171 3172
f 3131 3172 3132
f 3132 3172 3173
f 3132 3173 3133
f 3133 3173 3174
f 3133 3174 3134
f 3134 3174 3175
f 3134 3175 3135
f 3135 3175 3176
f 3135 3176 3136
f 3136 3176 3177
f 3136 3177 3137
f 3137 3177 3178
f 3137 3178 3138
f 3138 3178 3179
f 3138 3179 3139
f 3139 3179 3180
f 3139 3180 3140
f 3140 3180 3181
f 3140 3181 3141
f 3141 3181 3182
f 3141 3182 3142
f 3142 3182 3183
f 3142 3183 3143
f 3143 3183 3184
f 3143 3184 3144
f 3144 3184 3185
f 3144 3185 3145
f 3145 3185 3186
f 3145 3186 3146
f 3146 3186 3187
f 3146 3187 3147
f 3147 3187 3188
f 3147 3188 3148
f 3148 3188 3189
f 3148 3189 3149
f 3149 3189 3190
f 3149 3190 3150
f 3150 3190 3191
f 3150 3191 3151
f 3151 3191 3192
f 3151 3192 3152
f 3152 3192 3193
f 3152 3193 3153
f 3153 3193 3194
f 3153 3194 3154
f 3154 3194 3195
f 3154 3195 3155
f 3155 3195 3196
f 3155 3196 3156
f 3156 3196 3197
f 3156 3197 3157
f 3157 3197 3198
f 3157 3198 3158
f 3158 3198 3199
f 3158 3199 3159
f 3159 3199 3200
f 3159 3200 3160
f 3160 3200 3161
f 3160 3161 3121
f 3161 3201 3202
f 3161 3202 3162
f 3162 3202 3203
f 3162 3203 3163
f 3163 3203 3204
f 3163 3204 3164
f 3164 3204 3205
f 3164 3205 3165
f 3165 3205 3206
f 3165 3206 3166
f 3166 3206 3207
f 3166 3207 3167
f 3167 3207 3208
f 3167 3208 3168
f 3168 3208 3209
f 3168 3209 3169
f 3169 3209 3210
f 3169 3210 3170
f 3170 3210 3211
f 3170 3211 3171
f 3171 3211 3212
f 3171 3212 3172
f 3172 3212 3213
f 3172 3213 3173
f 3173 3213 3214
f 3173 3214 3174
f 3174 3214 3215
f 3174 3215 3175
f 3175 3215 3216
f 3175 3216 3176
f 3176 3216 3217
f 3176 3217 3177
f 3177 3217 3218
f 3177 3218 3178
f 3178 3218 3219
f 3178 3219 3179
f 3179 3219 3220
f 3179 3220 3180
f 3180 3220 3221
f 3180 3221 3181
f 3181 3221 3222
f 3181 3222 3182
f 3182 3222 3223
f 3182 3223 3183
f 3183 3223 3224
f 3183 3224 3184
f 3184 3224 3225
f 3184 3225 3185
f 3185 3225 3226
f 3185 3226 3186
f 3186 3226 3227
f 3186 3227 3187
f 3187 3227 3228
f 3187 3228 3188
f 3188 3228 3229
f 3188 3229 3189
f 3189 3229 3230
f 3189 3230 3190
f 3190 3230 3231
f 3190 3231 3191
f 3191 3231 3232
f 3191 3232 3192
f 3192 3232 3233
f 3192 3233 3193
f 3193 3233 3234
f 3193 3234 3194
f 3194 3234 3235
f 3194 3235 3195
f 3195 3235 3236
f 3195 3236 3196
f 3196 3236 3237
f 3196 3237 3197
f 3197 3237 3238
f 3197 3238 3198
f 3198 3238 3239
f 3198 3239 3199
f 3199 3239 3240
f 3199 3240 3200
f 3200 3240 3201
f 3200 3201 3161
f 3201 3241 3242
f 3201 3242 3202
f 3202 3242 3243
f 3202 3243 3203
f 3203 3243 3244
f 3203 3244 3204
f 3204 3244 3245
f 3204 3245 3205
f 3205 3245 3246
f 3205 3246 3206
f 3206 3246 3247
f 3206 3247 3207
f 3207 3247 3248
f 3207 3248 3208
f 3208 3248 3249
f 3208 3249 3209
f 3209 3249 3250
f 3209 3250 3210
f 3210 3250 3251
f 3210 3251 3211
f 3211 3251 3252
f 3211 3252 3212
f 3212 3252 3253
f 3212 3253 3213
f 3213 3253 3254
f 3213 3254 3214
f 3214 3254 3255
f 3214 3255 3215
f 3215 3255 3256
f 3215 3256 3216
f 3216 3256 3257
f 3216 3257 3217
f 3217 3257 3258
f 3217 3258 3218
f 3218 3258 3259
f 3218 3259 3219
f 3219 3259 3260
f 3219 3260 3220
f 3220 3260 3261
f 3220 3261 3221
f 3221 3261 3262
f 3221 3262 3222
f 3222 3262 3263
f 3222 3263 3223
f 3223 3263 3264
f 3223 3264 3224
f 3224 3264 3265
f 3224 3265 3225
f 3225 3265 3266
f 3225 3266 3226
f 3226 3266 3267
f 3226 3267 3227
f 3227 3267 3268
f 3227 3268 3228
f 3228 3268 3269
f 3228 3269 3229
f 3229 3269 3270
f 3229 3270 3230
f 3230 3270 3271
f 3230 3271 3231
f 3231 3271 3272
f 3231 3272 3232
f 3232 3272 3273
f 3232 3273 3233
f 3233 3273 3274
f 3233 3274 3234
f 3234 3274 3275
f 3234 3275 3235
f 3235 3275 3276
f 3235 3276 3236
f 3236 3276 3277
f 3236 3277 3237
f 3237 3277 3278
f 3237 3278 3238
f 3238 3278 3279
f 3238 3279 3239
f 3239 3279 3280
f 3239 3280 3240
f 3240 3280 3241
f 3240 3241 3201
f 3241 3281 3282
f 3241 3282 3242
f 3242 3282 3283
f 3242 3283 3243
f 3243 3283 3284
f 3243 3284 3244
f 3244 3284 3285
f 3244 3285 3245
f 3245 3285 3286
f 3245 3286 3246
f 3246 3286 3287
f 3246 3287 3247
f 3247 3287 3288
f 3247 3288 3248
f 3248 3288 3289
f 3248 3289 3249
f 3249 3289 3290
f 3249 3290 3250
f 3250 3290 3291
f 3250 3291 3251
f 3251 3291 3292
f 3251 3292 3252
f 3252 3292 3293
f 3252 3293 3253
f 3253 3293 3294
f 3253 3294 3254
f 3254 3294 3295
f 3254 3295 3255
f 3255 3295 3296
f 3255 3296 3256
f 3256 3296 3297
f 3256 3297 3257
f 3257 3297 3298
f 3257 3298 3258
f 3258 3298 3299
f 3258 3299 3259
f 3259 3299 3300
f 3259 3300 3260
f 3260 3300 3301
f 3260 3301 3261
f 3261 3301 3302
f 3261 3302 3262
f 3262 3302 3303
f 3262 3303 3263
f 3263 3303 3304
f 3263 3304 3264
f 3264 3304 3305
f 3264 3305 3265
f 3265 3305 3306
f 3265 3306 3266
f 3266 3306 3307
f 3266 3307 3267
f 3267 3307 3308
f 3267 3308 3268
f 3268 3308 3309
f 3268 3309 3269
f 3269 3309 3310
f 3269 3310 3270
f 3270 3310 3311
f 3270 3311 3271
f 3271 3311 3312
f 3271 3312 3272
f 3272 3312 3313
f 3272 3313 3273
f 3273 3313 3314
f 3273 3314 3274
f 3274 3314 3315
f 3274 3315 3275
f 3275 3315 3316
f 3275 3316 3276
f 3276 3316 3317
f 3276 3317 3277
f 3277 3317 3318
f 3277 3318 3278
f 3278 3318 3319
f 3278 3319 3279
f 3279 3319 3320
f 3279 3320 3280
f 3280 3320 3281
f 3280 3281 3241
f 3281 3321 3322
f 3281 3322 3282
f 3282 3322 3323
f 3282 3323 3283
f 3283 3323 3324
f 3283 3324 3284
f 3284 3324 3325
f 3284 3325 3285
f 3285 3325 3326
f 3285 3326 3286
f 3286 3326 3327
f 3286 3327 3287
f 3287 3327 3328
f 3287 3328 3288
f 3288 3328 3329
f 3288 3329 3289
f 3289 3329 3330
f 3289 3330 3290
f 3290 3330 3331
f 3290 3331 3291
f 3291 3331 3332
f 3291 3332 3292
f 3292 3332 3333
f 3292 3333 3293
f 3293 3333 3334
f 3293 3334 3294
f 3294 3334 3335
f 3294 3335 3295
f 3295 3335 3336
f 3295 3336 3296
f 3296 3336 3337
f 3296 3337 3297
f 3297 3337 3338
f 3297 3338 3298
f 3298 3338 3339
f 3298 3339 3299
f 3299 3339 3340
f 3299 3340 3300
f 3300 3340 3341
f 3300 3341 3301
f 3301 3341 3342
f 3301 3342 3302
f 3302 3342 3343
f 3302 3343 3303
f 3303 3343 3344
f 3303 3344 3304
f 3304 3344 3345
f 3304 3345 3305
f 3305 3345 3346
f 3305 3346 3306
f 3306 3346 3347
f 3306 3347 3307
f 3307 3347 3348
f 3307 3348 3308
f 3308 3348 3349
f 3308 3349 3309
f 3309 3349 3350
f 3309 3350 3310
f 3310 3350 3351
f 3310 3351 3311
f 3311 3351 3352
f 3311 3352 3312
f 3312 3352 3353
f 3312 3353 3313
f 3313 3353 3354
f 3313 3354 3314
f 3314 3354 3355
f 3314 3355 3315
f 3315 3355 3356
f 3315 3356 3316
f 3316 3356 3357
f 3316 3357 3317
f 3317 3357 3358
f 3317 3358 3318
f 3318 3358 3359
f 3318 3359 3319
f 3319 3359 3360
f 3319 3360 3320
f 3320 3360 3321
f 3320 3321 3281
f 3321 3361 3362
f 3321 3362 3322
f 3322 3362 3363
f 3322 3363 3323
f 3323 3363 3364
f 3323 3364 3324
f 3324 3364 3365
f 3324 3365 3325
f 3325 3365 3366
f 3325 3366 3326
f 3326 3366 3367
f 3326 3367 3327
f 3327 3367 3368
f 3327 3368 3328
f 3328 3368 3369
f 3328 3369 3329
f 3329 3369 3370
f 3329 3370 3330
f 3330 3370 3371
f 3330 3371 3331
f 3331 3371 3372
f 3331 3372 3332
f 3332 3372 3373
f 3332 3373 3333
f 3333 3373 3374
f 3333 3374 3334
f 3334 3374 3375
f 3334 3375 3335
f 3335 3375 3376
f 3335 3376 3336
f 3336 3376 3377
f 3336 3377 3337
f 3337 3377 3378
f 3337 3378 3338
f 3338 3378 3379
f 3338 3379 3339
f 3339 3379 3380
f 3339 3380 3340
f 3340 3380 3381
f 3340 3381 3341
f 3341 3381 3382
f 3341 3382 3342
f 3342 3382 3383
f 3342 3383 3343
f 3343 3383 3384
f 3343 3384 3344
f 3344 3384 3385
f 3344 3385 3345
f 3345 3385 3386
f 3345 3386 3346
f 3346 3386 3387
f 3346 3387 3347
f 3347 3387 3388
f 3347 3388 3348
f 3348 3388 3389
f 3348 3389 3349
f 3349 3389 3390
f 3349 3390 3350
f 3350 3390 3391
f 3350 3391 3351
f 3351 3391 3392
f 3351 3392 3352
f 3352 3392 3393
f 3352 3393 3353
f 3353 3393 3394
f 3353 3394 3354
f 3354 3394 3395
f 3354 3395 3355
f 3355 3395 3396
f 3355 3396 3356
f 3356 3396 3397
f 3356 3397 3357
f 3357 3397 3398
f 3357 3398 3358
f 3358 3398 3399
f 3358 3399 3359
f 3359 3399 3400
f 3359 3400 3360
f 3360 3400 3361
f 3360 3361 3321
f 3361 3401 3402
f 3361 3402 3362
f 3362 3402 3403
f 3362 3403 3363
f 3363 3403 3404
f 3363 3404 3364
f 3364 3404 3405
f 3364 3405 3365
f 3365 3405 3406
f 3365 3406 3366
f 3366 3406 3407
f 3366 3407 3367
f 3367 3407 3408
f 3367 3408 3368
f 3368 3408 3409
f 3368 3409 3369
f 3369 3409 3410
f 3369 3410 3370
f 3370 3410 3411
f 3370 3411 3371
f 3371 3411 3412
f 3371 3412 3372
f 3372 3412 3413
f 3372 3413 3373
f 3373 3413 3414
f 3373 3414 3374
f 3374 3414 3415
f 3374 3415 3375
f 3375 3415 3416
f 3375 3416 3376
f 3376 3416 3417
f 3376 3417 3377
f 3377 3417 3418
f 3377 3418 3378
f 3378 3418 3419
f 3378 3419 3379
f 3379 3419 3420
f 3379 3420 3380
f 3380 3420 3421
f 3380 3421 3381
f 3381 3421 3422
f 3381 3422 3382
f 3382 3422 3423
f 3382 3423 3383
f 3383 3423 3424
f 3383 3424 3384
f 3384 3424 3425
f 3384 3425 3385
f 3385 3425 3426
f 3385 3426 3386
f 3386 3426 3427
f 3386 3427 3387
f 3387 3427 3428
f 3387 3428 3388
f 3388 3428 3429
f 3388 3429 3389
f 3389 3429 3430
f 3389 3430 3390
f 3390 3430 3431
f 3390 3431 3391
f 3391 3431 3432
f 3391 3432 3392
f 3392 3432 3433
f 3392 3433 3393
f 3393 3433 3434
f 3393 3434 3394
f 3394 3434 3435
f 3394 3435 3395
f 3395 3435 3436
f 3395 3436 3396
f 3396 3436 3437
f 3396 3437 3397
f 3397 3437 3438
f 3397 3438 3398
f 3398 3438 3439
f 3398 3439 3399
f 3399 3439 3440
f 3399 3440 3400
f 3400 3440 3401
f 3400 3401 3361
f 3401 3441 3442
f 3401 3442 3402
f 3402 3442 3443
f 3402 3443 3403
f 3403 3443 3444
f 3403 3444 3404
f 3404 3444 3445
f 3404 3445 3405
f 3405 3445 3446
f 3405 3446 3406
f 3406 3446 3447
f 3406 3447 3407
f 3407 3447 3448
f 3407 3448 3408
f 3408 3448 3449
f 3408 3449 3409
f 3409 3449 3450
f 3409 3450 3410
f 3410 3450 3451
f 3410 3451 3411
f 3411 3451 3452
f 3411 3452 3412
f 3412 3452 3453
f 3412 3453 3413
f 3413 3453 3454
f 3413 3454 3414
f 3414 3454 3455
f 3414 3455 3415
f 3415 3455 3456
f 3415 3456 3416
f 3416 3456 3457
f 3416 3457 3417
f 3417 3457 3458
f 3417 3458 3418
f 3418 3458 3459
f 3418 3459 3419
f 3419 3459 3460
f 3419 3460 3420
f 3420 3460 3461
f 3420 3461 3421
f 3421 3461 3462
f 3421 3462 3422
f 3422 3462 3463
f 3422 3463 3423
f 3423 3463 3464
f 3423 3464 3424
f 3424 3464 3465
f 3424 3465 3425
f 3425 3465 3466
f 3425 3466 3426
f 3426 3466 3467
f 3426 3467 3427
f 3427 3467 3468
f 3427 3468 3428
f 3428 3468 3469
f 3428 3469 3429
f 3429 3469 3470
f 3429 3470 3430
f 3430 3470 3471
f 3430 3471 3431
f 3431 3471 3472
f 3431 3472 3432
f 3432 3472 3473
f 3432 3473 3433
f 3433 3473 3474
f 3433 3474 3434
f 3434 3474 3475
f 3434 3475 3435
f 3435 3475 3476
f 3435 3476 3436
f 3436 3476 3477
f 3436 3477 3437
f 3437 3477 3478
f 3437 3478 3438
f 3438 3478 3479
f 3438 3479 3439
f 3439 3479 3480
f 3439 3480 3440
f 3440 3480 3441
f 3440 3441 3401
f 3441 3481 3482
f 3441 3482 3442
f 3442 3482 3483
f 3442 3483 3443
f 3443 3483 3484
f 3443 3484 3444
f 3444 3484 3485
f 3444 3485 3445
f 3445 3485 3486
f 3445 3486 3446
f 3446 3486 3487
f 3446 3487 3447
f 3447 3487 3488
f 3447 3488 3448
f 3448 3488 3489
f 3448 3489 3449
f 3449 3489 3490
f 3449 3490 3450
f 3450 3490 3491
f 3450 3491 3451
f 3451 3491 3492
f 3451 3492 3452
f 3452 3492 3493
f 3452 3493 3453
f 3453 3493 3494
f 3453 3494 3454
f 3454 3494 3495
f 3454 3495 3455
f 3455 3495 3496
f 3455 3496 3456
f 3456 3496 3497
f 3456 3497 3457
f 3457 3497 3498
f 3457 3498 3458
f 3458 3498 3499
f 3458 3499 3459
f 3459 3499 3500
f 3459 3500 3460
f 3460 3500 3501
f 3460 3501 3461
f 3461 3501 3502
f 3461 3502 3462
f 3462 3502 3503
f 3462 3503 3463
f 3463 3503 3504
f 3463 3504 3464
f 3464 3504 3505
f 3464 3505 3465
f 3465 3505 3506
f 3465 3506 3466
f 3466 3506 3507
f 3466 3507 3467
f 3467 3507 3508
f 3467 3508 3468
f 3468 3508 3509
f 3468 3509 3469
f 3469 3509 3510
f 3469 3510 3470
f 3470 3510 3511
f 3470 3511 3471
f 3471 3511 3512
f 3471 3512 3472
f 3472 3512 3513
f 3472 3513 3473
f 3473 3513 3514
f 3473 3514 3474
f 3474 3514 3515
f 3474 3515 3475
f 3475 3515 3516
f 3475 3516 3476
f 3476 3516 3517
f 3476 3517 3477
f 3477 3517 3518
f 3477 3518 3478
f 3478 3518 3519
f 3478 3519 3479
f 3479 3519 3520
f 3479 3520 3480
f 3480 3520 3481
f 3480 3481 3441
f 3481 3521 3522
f 3481 3522 3482
f 3482 3522 3523
f 3482 3523 3483
f 3483 3523 3524
f 3483 3524 3484
f 3484 3524 3525
f 3484 3525 3485
f 3485 3525 3526
f 3485 3526 3486
f 3486 3526 3527
f 3486 3527 3487
f 3487 3527 3528
f 3487 3528 3488
f 3488 3528 3529
f 3488 3529 3489
f 3489 3529 3530
f 3489 3530 3490
f 3490 3530 3531
f 3490 3531 3491
f 3491 3531 3532
f 3491 3532 3492
f 3492 3532 3533
f 3492 3533 3493
f 3493 3533 3534
f 3493 3534 3494
f 3494 3534 3535
f 3494 3535 3495
f 3495 3535 3536
f 3495 3536 3496
f 3496 3536 3537
f 3496 3537 3497
f 3497 3537 3538
f 3497 3538 3498
f 3498 3538 3539
f 3498 3539 3499
f 3499 3539 3540
f 3499 3540 3500
f 3500 3540 3541
f 3500 3541 3501
f 3501 3541 3542
f 3501 3542 3502
f 3502 3542 3543
f 3502 3543 3503
f 3503 3543 3544
f 3503 3544 3504
f 3504 3544 3545
f 3504 3545 3505
f 3505 3545 3546
f 3505 3546 3506
f 3506 3546 3547
f 3506 3547 3507
f 3507 3547 3548
f 3507 3548 3508
f 3508 3548 3549
f 3508 3549 3509
f 3509 3549 3550
f 3509 3550 3510
f 3510 3550 3551
f 3510 3551 3511
f 3511 3551 3552
f 3511 3552 3512
f 3512 3552 3553
f 3512 3553 3513
f 3513 3553 3554
f 3513 3554 3514
f 3514 3554 3555
f 3514 3555 3515
f 3515 3555 3556
f 3515 3556 3516
f 3516 3556 3557
f 3516 3557 3517
f 3517 3557 3558
f 3517 3558 3518
f 3518 3558 3559
f 3518 3559 3519
f 3519 3559 3560
f 3519 3560 3520
f 3520 3560 3521
f 3520 3521 3481
f 3521 3561 3562
f 3521 3562 3522
f 3522 3562 3563
f 3522 3563 3523
f 3523 3563 3564
f 3523 3564 3524
f 3524 3564 3565
f 3524 3565 3525
f 3525 3565 3566
f 3525 3566 3526
f 3526 3566 3567
f 3526 3567 3527
f 3527 3567 3568
f 3527 3568 3528
f 3528 3568 3569
f 3528 3569 3529
f 3529 3569 3570
f 3529 3570 3530
f 3530 3570 3571
f 3530 3571 3531
f 3531 3571 3572
f 3531 3572 3532
f 3532 3572 3573
f 3532 3573 3533
f 3533 3573 3574
f 3533 3574 3534
f 3534 3574 3575
f 3534 3575 3535
f 3535 3575 3576
f 3535 3576 3536
f 3536 3576 3577
f 3536 3577 3537
f 3537 3577 3578
f 3537 3578 3538
f 3538 3578 3579
f 3538 3579 3539
f 3539 3579 3580
f 3539 3580 3540
f 3540 3580 3581
f 3540 3581 3541
f 3541 3581 3582
f 3541 3582 3542
f 3542 3582 3583
f 3542 3583 3543
f 3543 3583 3584
f 3543 3584 3544
f 3544 3584 3585
f 3544 3585 3545
f 3545 3585 3586
f 3545 3586 3546
f 3546 3586 3587
f 3546 3587 3547
f 3547 3587 3588
f 3547 3588 3548
f 3548 3588 3589
f 3548 3589 3549
f 3549 3589 3590
f 3549 3590 3550
f 3550 3590 3591
f 3550 3591 3551
f 3551 3591 3592
f 3551 3592 3552
f 3552 3592 3593
f 3552 3593 3553
f 3553 3593 3594
f 3553 3594 3554
f 3554 3594 3595
f 3554 3595 3555
f 3555 3595 3596
f 3555 3596 3556
f 3556 3596 3597
f 3556 3597 3557
f 3557 3597 3598
f 3557 3598 3558
f 3558 3598 3599
f 3558 3599 3559
f 3559 3599 3600
f 3559 3600 3560
f 3560 3600 3561
f 3560 3561 3521
f 3561 3601 3602
f 3561 3602 3562
f 3562 3602 3603
f 3562 3603 3563
f 3563 3603 3604
f 3563 3604 3564
f 3564 3604 3605
f 3564 3605 3565
f 3565 3605 3606
f 3565 3606 3566
f 3566 3606 3607
f 3566 3607 3567
f 3567 3607 3608
f 3567 3608 3568
f 3568 3608 3609
f 3568 3609 3569
f 3569 3609 3610
f 3569 3610 3570
f 3570 3610 3611
f 3570 3611 3571
f 3571 3611 3612
f 3571 3612 3572
f 3572 3612 3613
f 3572 3613 3573
f 3573 3613 3614
f 3573 3614 3574
f 3574 3614 3615
f 3574 3615 3575
f 3575 3615 3616
f 3575 3616 3576
f 3576 3616 3617
f 3576 3617 3577
f 3577 3617 3618
f 3577 3618 3578
f 3578 3618 3619
f 3578 3619 3579
f 3579 3619 3620
f 3579 3620 3580
f 3580 3620 3621
f 3580 3621 3581
f 3581 3621 3622
f 3581 3622 3582
f 3582 3622 3623
f 3582 3623 3583
f 3583 3623 3624
f 3583 3624 3584
f 3584 3624 3625
f 3584 3625 3585
f 3585 3625 3626
f 3585 3626 3586
f 3586 3626 3627
f 3586 3627 3587
f 3587 3627 3628
f 3587 3628 3588
f 3588 3628 3629
f 3588 3629 3589
f 3589 3629 3630
f 3589 3630 3590
f 3590 3630 3631
f 3590 3631 3591
f 3591 3631 3632
f 3591 3632 3592
f 3592 3632 3633
f 3592 3633 3593
f 3593 3633 3634
f 3593 3634 3594
f 3594 3634 3635
f 3594 3635 3595
f 3595 3635 3636
f 3595 3636 3596
f 3596 3636 3637
f 3596 3637 3597
f 3597 3637 3638
f 3597 3638 3598
f 3598 3638 3639
f 3598 3639 3599
f 3599 3639 3640
f 3599 3640 3600
f 3600 3640 3601
f 3600 3601 3561
f 3601 3641 3642
f 3601 3642 3602
f 3602 3642 3643
f 3602 3643 3603
f 3603 3643 3644
f 3603 3644 3604
f 3604 3644 3645
f 3604 3645 3605
f 3605 3645 3646
f 3605 3646 3606
f 3606 3646 3647
f 3606 3647 3607
f 3607 3647 3648
f 3607 3648 3608
f 3608 3648 3649
f 3608 3649 3609
f 3609 3649 3650
f 3609 3650 3610
f 3610 3650 3651
f 3610 3651 3611
f 3611 3651 3652
f 3611 3652 3612
f 3612 3652 3653
f 3612 3653 3613
f 3613 3653 3654
f 3613 3654 3614
f 3614 3654 3655
f 3614 3655 3615
f 3615 3655 3656
f 3615 3656 3616
f 3616 3656 3657
f 3616 3657 3617
f 3617 3657 3658
f 3617 3658 3618
f 3618 3658 3659
f 3618 3659 3619
f 3619 3659 3660
f 3619 3660 3620
f 3620 3660 3661
f 3620 3661 3621
f 3621 3661 3662
f 3621 3662 3622
f 3622 3662 3663
f 3622 3663 3623
f 3623 3663 3664
f 3623 3664 3624
f 3624 3664 3665
f 3624 3665 3625
f 3625 3665 3666
f 3625 3666 3626
f 3626 3666 3667
f 3626 3667 3627
f 3627 3667 3668
f 3627 3668 3628
f 3628 3668 3669
f 3628 3669 3629
f 3629 3669 3670
f 3629 3670 3630
f 3630 3670 3671
f 3630 3671 3631
f 3631 3671 3672
f 3631 3672 3632
f 3632 3672 3673
f 3632 3673 3633
f 3633 3673 3674
f 3633 3674 3634
f 3634 3674 3675
f 3634 3675 3635
f 3635 3675 3676
f 3635 3676 3636
f 3636 3676 3677
f 3636 3677 3637
f 3637 3677 3678
f 3637 3678 3638
f 3638 3678 3679
f 3638 3679 3639
f 3639 3679 3680
f 3639 3680 3640
f 3640 3680 3641
f 3640 3641 3601
f 3641 3681 3682
f 3641 3682 3642
f 3642 3682 3683
f 3642 3683 3643
f 3643 3683 3684
f 3643 3684 3644
f 3644 3684 3685
f 3644 3685 3645
f 3645 3685 3686
f 3645 3686 3646
f 3646 3686 3687
f 3646 3687 3647
f 3647 3687 3688
f 3647 3688 3648
f 3648 3688 3689
f 3648 3689 3649
f 3649 3689 3690
f 3649 3690 3650
f 3650 3690 3691
f 3650 3691 3651
f 3651 3691 3692
f 3651 3692 3652
f 3652 3692 3693
f 3652 3693 3653
f 3653 3693 3694
f 3653 3694 3654
f 3654 3694 3695
f 3654 3695 3655
f 3655 3695 3696
f 3655 3696 3656
f 3656 3696 3697
f 3656 3697 3657
f 3657 3697 3698
f 3657 3698 3658
f 3658 3698 3699
f 3658 3699 3659
f 3659 3699 3700
f 3659 3700 3660
f 3660 3700 3701
f 3660 3701 3661
f 3661 3701 3702
f 3661 3702 3662
f 3662 3702 3703
f 3662 3703 3663
f 3663 3703 3704
f 3663 3704 3664
f 3664 3704 3705
f 3664 3705 3665
f 3665 3705 3706
f 3665 3706 3666
f 3666 3706 3707
f 3666 3707 3667
f 3667 3707 3708
f 3667 3708 3668
f 3668 3708 3709
f 3668 3709 3669
f 3669 3709 3710
f 3669 3710 3670
f 3670 3710 3711
f 3670 3711 3671
f 3671 3711 3712
f 3671 3712 3672
f 3672 3712 3713
f 3672 3713 3673
f 3673 3713 3714
f 3673 3714 3674
f 3674 3714 3715
f 3674 3715 3675
f 3675 3715 3716
f 3675 3716 3676
f 3676 3716 3717
f 3676 3717 3677
f 3677 3717 3718
f 3677 3718 3678
f 3678 3718 3719
f 3678 3719 3679
f 3679 3719 3720
f 3679 3720 3680
f 3680 3720 3681
f 3680 3681 3641
f 3681 3721 3722
f 3681 3722 3682
f 3682 3722 3723
f 3682 3723 3683
f 3683 3723 3724
f 3683 3724 3684
f 3684 3724 3725
f 3684 3725 3685
f 3685 3725 3726
f 3685 3726 3686
f 3686 3726 3727
f 3686 3727 3687
f 3687 3727 3728
f 3687 3728 3688
f 3688 3728 3729
f 3688 3729 3689
f 3689 3729 3730
f 3689 3730 3690
f 3690 3730 3731
f 3690 3731 3691
f 3691 3731 3732
f 3691 3732 3692
f 3692 3732 3733
f 3692 3733 3693
f 3693 3733 3734
f 3693 3734 3694
f 3694 3734 3735
f 3694 3735 3695
f 3695 3735 3736
f 3695 3736 3696
f 3696 3736 3737
f 3696 3737 3697
f 3697 3737 3738
f 3697 3738 3698
f 3698 3738 3739
f 3698 3739 3699
f 3699 3739 3740
f 3699 3740 3700
f 3700 3740 3741
f 3700 3741 3701
f 3701 3741 3742
f 3701 3742 3702
f 3702 3742 3743
f 3702 3743 3703
f 3703 3743 3744
f 3703 3744 3704
f 3704 3744 3745
f 3704 3745 3705
f 3705 3745 3746
f 3705 3746 3706
f 3706 3746 3747
f 3706 3747 3707
f 3707 3747 3748
f 3707 3748 3708
f 3708 3748 3749
f 3708 3749 3709
f 3709 3749 3750
f 3709 3750 3710
f 3710 3750 3751
f 3710 3751 3711
f 3711 3751 3752
f 3711 3752 3712
f 3712 3752 3753
f 3712 3753 3713
f 3713 3753 3754
f 3713 3754 3714
f 3714 3754 3755
f 3714 3755 3715
f 3715 3755 3756
f 3715 3756 3716
f 3716 3756 3757
f 3716 3757 3717
f 3717 3757 3758
f 3717 3758 3718
f 3718 3758 3759
f 3718 3759 3719
f 3719 3759 3760
f 3719 3760 3720
f 3720 3760 3721
f 3720 3721 3681
f 3721 3761 3762
f 3721 3762 3722
f 3722 3762 3763
f 3722 3763 3723
f 3723 3763 3764
f 3723 3764 3724
f 3724 3764 3765
f 3724 3765 3725
f 3725 3765 3766
f 3725 3766 3726
f 3726 3766 3767
f 3726 3767 3727
f 3727 3767 3768
f 3727 3768 3728
f 3728 3768 3769
f 3728 3769 3729
f 3729 3769 3770
f 3729 3770 3730
f 3730 3770 3771
f 3730 3771 3731
f 3731 3771 3772
f 3731 3772 3732
f 3732 3772 3773
f 3732 3773 3733
f 3733 3773 3774
f 3733 3774 3734
f 3734 3774 3775
f 3734 3775 3735
f 3735 3775 3776
f 3735 3776 3736
f 3736 3776 3777
f 3736 3777 3737
f 3737 3777 3778
f 3737 3778 3738
f 3738 3778 3779
f 3738 3779 3739
f 3739 3779 3780
f 3739 3780 3740
f 3740 3780 3781
f 3740 3781 3741
f 3741 3781 3782
f 3741 3782 3742
f 3742 3782 3783
f 3742 3783 3743
f 3743 3783 3784
f 3743 3784 3744
f 3744 3784 3785
f 3744 3785 3745
f 3745 3785 3786
f 3745 3786 3746
f 3746 3786 3787
f 3746 3787 3747
f 3747 3787 3788
f 3747 3788 3748
f 3748 3788 3789
f 3748 3789 3749
f 3749 3789 3790
f 3749 3790 3750
f 3750 3790 3791
f 3750 3791 3751
f 3751 3791 3792
f 3751 3792 3752
f 3752 3792 3793
f 3752 3793 3753
f 3753 3793 3794
f 3753 3794 3754
f 3754 3794 3795
f 3754 3795 3755
f 3755 3795 3796
f 3755 3796 3756
f 3756 3796 3797
f 3756 3797 3757
f 3757 3797 3798
f 3757 3798 3758
f 3758 3798 3799
f 3758 3799 3759
f 3759 3799 3800
f 3759 3800 3760
f 3760 3800 3761
f 3760 3761 3721
f 3761 3801 3802
f 3761 3802 3762
f 3762 3802 3803
f 3762 3803 3763
f 3763 3803 3804
f 3763 3804 3764
f 3764 3804 3805
f 3764 3805 3765
f 3765 3805 3806
f 3765 3806 3766
f 3766 3806 3807
f 3766 3807 3767
f 3767 3807 3808
f 3767 3808 3768
f 3768 3808 3809
f 3768 3809 3769
f 3769 3809 3810
f 3769 3810 3770
f 3770 3810 3811
f 3770 3811 3771
f 3771 3811 3812
f 3771 3812 3772
f 3772 3812 3813
f 3772 3813 3773
f 3773 3813 3814
f 3773 3814 3774
f 3774 3814 3815
f 3774 3815 3775
f 3775 3815 3816
f 3775 3816 3776
f 3776 3816 3817
f 3776 3817 3777
f 3777 3817 3818
f 3777 3818 3778
f 3778 3818 3819
f 3778 3819 3779
f 3779 3819 3820
f 3779 3820 3780
f 3780 3820 3821
f 3780 3821 3781
f 3781 3821 3822
f 3781 3822 3782
f 3782 3822 3823
f 3782 3823 3783
f 3783 3823 3824
f 3783 3824 3784
f 3784 3824 3825
f 3784 3825 3785
f 3785 3825 3826
f 3785 3826 3786
f 3786 3826 3827
f 3786 3827 3787
f 3787 3827 3828
f 3787 3828 3788
f 3788 3828 3829
f 3788 3829 3789
f 3789 3829 3830
f 3789 3830 3790
f 3790 3830 3831
f 3790 3831 3791
f 3791 3831 3832
f 3791 3832 3792
f 3792 3832 3833
f 3792 3833 3793
f 3793 3833 3834
f 3793 3834 3794
f 3794 3834 3835
f 3794 3835 3795
f 3795 3835 3836
f 3795 3836 3796
f 3796 3836 3837
f 3796 3837 3797
f 3797 3837 3838
f 3797 3838 3798
f 3798 3838 3839
f 3798 3839 3799
f 3799 3839 3840
f 3799 3840 3800
f 3800 3840 3801
f 3800 3801 3761
f 3801 3841 3842
f 3801 3842 3802
f 3802 3842 3843
f 3802 3843 3803
f 3803 3843 3844
f 3803 3844 3804
f 3804 3844 3845
f 3804 3845 3805
f 3805 3845 3846
f 3805 3846 3806
f 3806 3846 3847
f 3806 3847 3807
f 3807 3847 3848
f 3807 3848 3808
f 3808 3848 3849
f 3808 3849 3809
f 3809 3849 3850
f 3809 3850 3810
f 3810 3850 3851
f 3810 3851 3811
f 3811 3851 3852
f 3811 3852 3812
f 3812 3852 3853
f 3812 3853 3813
f 3813 3853 3854
f 3813 3854 3814
f 3814 3854 3855
f 3814 3855 3815
f 3815 3855 3856
f 3815 3856 3816
f 3816 3856 3857
f 3816 3857 3817
f 3817 3857 3858
f 3817 3858 3818
f 3818 3858 3859
f 3818 3859 3819
f 3819 3859 3860
f 3819 3860 3820
f 3820 3860 3861
f 3820 3861 3821
f 3821 3861 3862
f 3821 3862 3822
f 3822 3862 3863
f 3822 3863 3823
f 3823 3863 3864
f 3823 3864 3824
f 3824 3864 3865
f 3824 3865 3825
f 3825 3865 3866
f 3825 3866 3826
f 3826 3866 3867
f 3826 3867 3827
f 3827 3867 3868
f 3827 3868 3828
f 3828 3868 3869
f 3828 3869 3829
f 3829 3869 3870
f 3829 3870 3830
f 3830 3870 3871
f 3830 3871 3831
f 3831 3871 3872
f 3831 3872 3832
f 3832 3872 3873
f 3832 3873 3833
f 3833 3873 3874
f 3833 3874 3834
f 3834 3874 3875
f 3834 3875 3835
f 3835 3875 3876
f 3835 3876 3836
f 3836 3876 3877
f 3836 3877 3837
f 3837 3877 3878
f 3837 3878 3838
f 3838 3878 3879
f 3838 3879 3839
f 3839 3879 3880
f 3839 3880 3840
f 3840 3880 3841
f 3840 3841 3801
f 3841 3881 3882
f 3841 3882 3842
f 3842 3882 3883
f 3842 3883 3843
f 3843 3883 3884
f 3843 3884 3844
f 3844 3884 3885
f 3844 3885 3845
f 3845 3885 3886
f 3845 3886 3846
f 3846 3886 3887
f 3846 3887 3847
f 3847 3887 3888
f 3847 3888 3848
f 3848 3888 3889
f 3848 3889 3849
f 3849 3889 3890
f 3849 3890 3850
f 3850 3890 3891
f 3850 3891 3851
f 3851 3891 3892
f 3851 3892 3852
f 3852 3892 3893
f 3852 3893 3853
f 3853 3893 3894
f 3853 3894 3854
f 3854 3894 3895
f 3854 3895 3855
f 3855 3895 3896
f 3855 3896 3856
f 3856 3896 3897
f 3856 3897 3857
f 3857 3897 3898
f 3857 3898 3858
f 3858 3898 3899
f 3858 3899 3859
f 3859 3899 3900
f 3859 3900 3860
f 3860 3900 3901
f 3860 3901 3861
f 3861 3901 3902
f 3861 3902 3862
f 3862 3902 3903
f 3862 3903 3863
f 3863 3903 3904
f 3863 3904 3864
f 3864 3904 3905
f 3864 3905 3865
f 3865 3905 3906
f 3865 3906 3866
f 3866 3906 3907
f 3866 3907 3867
f 3867 3907 3908
f 3867 3908 3868
f 3868 3908 3909
f 3868 3909 3869
f 3869 3909 3910
f 3869 3910 3870
f 3870 3910 3911
f 3870 3911 3871
f 3871 3911 3912
f 3871 3912 3872
f 3872 3912 3913
f 3872 3913 3873
f 3873 3913 3914
f 3873 3914 3874
f 3874 3914 3915
f 3874 3915 3875
f 3875 3915 3916
f 3875 3916 3876
f 3876 3916 3917
f 3876 3917 3877
f 3877 3917 3918
f 3877 3918 3878
f 3878 3918 3919
f 3878 3919 3879
f 3879 3919 3920
f 3879 3920 3880
f 3880 3920 3881
f 3880 3881 3841
f 3881 3921 3922
f 3881 3922 3882
f 3882 3922 3923
f 3882 3923 3883
f 3883 3923 3924
f 3883 3924 3884
f 3884 3924 3925
f 3884 3925 3885
f 3885 3925 3926
f 3885 3926 3886
f 3886 3926 3927
f 3886 3927 3887
f 3887 3927 3928
f 3887 3928 3888
f 3888 3928 3929
f 3888 3929 3889
f 3889 3929 3930
f 3889 3930 3890
f 3890 3930 3931
f 3890 3931 3891
f 3891 3931 3932
f 3891 3932 3892
f 3892 3932 3933
f 3892 3933 3893
f 3893 3933 3934
f 3893 3934 3894
f 3894 3934 3935
f 3894 3935 3895
f 3895 3935 3936
f 3895 3936 3896
f 3896 3936 3937
f 3896 3937 3897
f 3897 3937 3938
f 3897 3938 3898
f 3898 3938 3939
f 3898 3939 3899
f 3899 3939 3940
f 3899 3940 3900
f 3900 3940 3941
f 3900 3941 3901
f 3901 3941 3942
f 3901 3942 3902
f 3902 3942 3943
f 3902 3943 3903
f 3903 3943 3944
f 3903 3944 3904
f 3904 3944 3945
f 3904 3945 3905
f 3905 3945 3946
f 3905 3946 3906
f 3906 3946 3947
f 3906 3947 3907
f 3907 3947 3948
f 3907 3948 3908
f 3908 3948 3949
f 3908 3949 3909
f 3909 3949 3950
f 3909 3950 3910
f 3910 3950 3951
f 3910 3951 3911
f 3911 3951 3952
f 3911 3952 3912
f 3912 3952 3953
f 3912 3953 3913
f 3913 3953 3954
f 3913 3954 3914
f 3914 3954 3955
f 3914 3955 3915
f 3915 3955 3956
f 3915 3956 3916
f 3916 3956 3957
f 3916 3957 3917
f 3917 3957 3958
f 3917 3958 3918
f 3918 3958 3959
f 3918 3959 3919
f 3919 3959 3960
f 3919 3960 3920
f 3920 3960 3921
f 3920 3921 3881
f 3921 3961 3962
f 3921 3962 3922
f 3922 3962 3963
f 3922 3963 3923
f 3923 3963 3964
f 3923 3964 3924
f 3924 3964 3965
f 3924 3965 3925
f 3925 3965 3966
f 3925 3966 3926
f 3926 3966 3967
f 3926 3967 3927
f 3927 3967 3968
f 3927 3968 3928
f 3928 3968 3969
f 3928 3969 3929
f 3929 3969 3970
f 3929 3970 3930
f 3930 3970 3971
f 3930 3971 3931
f 3931 3971 3972
f 3931 3972 3932
f 3932 3972 3973
f 3932 3973 3933
f 3933 3973 3974
f 3933 3974 3934
f 3934 3974 3975
f 3934 3975 3935
f 3935 3975 3976
f 3935 3976 3936
f 3936 3976 3977
f 3936 3977 3937
f 3937 3977 3978
f 3937 3978 3938
f 3938 3978 3979
f 3938 3979 3939
f 3939 3979 3980
f 3939 3980 3940
f 3940 3980 3981
f 3940 3981 3941
f 3941 3981 3982
f 3941 3982 3942
f 3942 3982 3983
f 3942 3983 3943
f 3943 3983 3984
f 3943 3984 3944
f 3944 3984 3985
f 3944 3985 3945
f 3945 3985 3986
f 3945 3986 3946
f 3946 3986 3987
f 3946 3987 3947
f 3947 3987 3988
f 3947 3988 3948
f 3948 3988 3989
f 3948 3989 3949
f 3949 3989 3990
f 3949 3990 3950
f 3950 3990 3991
f 3950 3991 3951
f 3951 3991 3992
f 3951 3992 3952
f 3952 3992 3993
f 3952 3993 3953
f 3953 3993 3994
f 3953 3994 3954
f 3954 3994 3995
f 3954 3995 3955
f 3955 3995 3996
f 3955 3996 3956
f 3956 3996 3997
f 3956 3997 3957
f 3957 3997 3998
f 3957 3998 3958
f 3958 3998 3999
f 3958 3999 3959
f 3959 3999 4000
f 3959 4000 3960
f 3960 4000 3961
f 3960 3961 3921
f 3961 4001 4002
f 3961 4002 3962
f 3962 4002 4003
f 3962 4003 3963
f 3963 4003 4004
f 3963 4004 3964
f 3964 4004 4005
f 3964 4005 3965
f 3965 4005 4006
f 3965 4006 3966
f 3966 4006 4007
f 3966 4007 3967
f 3967 4007 4008
f 3967 4008 3968
f 3968 4008 4009
f 3968 4009 3969
f 3969 4009 4010
f 3969 4010 3970
f 3970 4010 4011
f 3970 4011 3971
f 3971 4011 4012
f 3971 4012 3972
f 3972 4012 4013
f 3972 4013 3973
f 3973 4013 4014
f 3973 4014 3974
f 3974 4014 4015
f 3974 4015 3975
f 3975 4015 4016
f 3975 4016 3976
f 3976 4016 4017
f 3976 4017 3977
f 3977 4017 4018
f 3977 4018 3978
f 3978 4018 4019
f 3978 4019 3979
f 3979 4019 4020
f 3979 4020 3980
f 3980 4020 4021
f 3980 4021 3981
f 3981 4021 4022
f 3981 4022 3982
f 3982 4022 4023
f 3982 4023 3983
f 3983 4023 4024
f 3983 4024 3984
f 3984 4024 4025
f 3984 4025 3985
f 3985 4025 4026
f 3985 4026 3986
f 3986 4026 4027
f 3986 4027 3987
f 3987 4027 4028
f 3987 4028 3988
f 3988 4028 4029
f 3988 4029 3989
f 3989 4029 4030
f 3989 4030 3990
f 3990 4030 4031
f 3990 4031 3991
f 3991 4031 4032
f 3991 4032 3992
f 3992 4032 4033
f 3992 4033 3993
f 3993 4033 4034
f 3993 4034 3994
f 3994 4034 4035
f 3994 4035 3995
f 3995 4035 4036
f 3995 4036 3996
f 3996 4036 4037
f 3996 4037 3997
f 3997 4037 4038
f 3997 4038 3998
f 3998 4038 4039
f 3998 4039 3999
f 3999 4039 4040
f 3999 4040 4000
f 4000 4040 4001
f 4000 4001 3961
f 4001 4041 4042
f 4001 4042 4002
f 4002 4042 4043
f 4002 4043 4003
f 4003 4043 4044
f 4003 4044 4004
f 4004 4044 4045
f 4004 4045 4005
f 4005 4045 4046
f 4005 4046 4006
f 4006 4046 4047
f 4006 4047 4007
f 4007 4047 4048
f 4007 4048 4008
f 4008 4048 4049
f 4008 4049 4009
f 4009 4049 4050
f 4009 4050 4010
f 4010 4050 4051
f 4010 4051 4011
f 4011 4051 4052
f 4011 4052 4012
f 4012 4052 4053
f 4012 4053 4013
f 4013 4053 4054
f 4013 4054 4014
f 4014 4054 4055
f 4014 4055 4015
f 4015 4055 4056
f 4015 4056 4016
f 4016 4056 4057
f 4016 4057 4017
f 4017 4057 4058
f 4017 4058 4018
f 4018 4058 4059
f 4018 4059 4019
f 4019 4059 4060
f 4019 4060 4020
f 4020 4060 4061
f 4020 4061 4021
f 4021 4061 4062
f 4021 4062 4022
f 4022 4062 4063
f 4022 4063 4023
f 4023 4063 4064
f 4023 4064 4024
f 4024 4064 4065
f 4024 4065 4025
f 4025 4065 4066
f 4025 4066 4026
f 4026 4066 4067
f 4026 4067 4027
f 4027 4067 4068
f 4027 4068 4028
f 4028 4068 4069
f 4028 4069 4029
f 4029 4069 4070
f 4029 4070 4030
f 4030 4070 4071
f 4030 4071 4031
f 4031 4071 4072
f 4031 4072 4032
f 4032 4072 4073
f 4032 4073 4033
f 4033 4073 4074
f 4033 4074 4034
f 4034 4074 4075
f 4034 4075 4035
f 4035 4075 4076
f 4035 4076 4036
f 4036 4076 4077
f 4036 4077 4037
f 4037 4077 4078
f 4037 4078 4038
f 4038 4078 4079
f 4038 4079 4039
f 4039 4079 4080
f 4039 4080 4040
f 4040 4080 4041
f 4040 4041 4001
f 4041 4081 4082
f 4041 4082 4042
f 4042 4082 4083
f 4042 4083 4043
f 4043 4083 4084
f 4043 4084 4044
f 4044 4084 4085
f 4044 4085 4045
f 4045 4085 4086
f 4045 4086 4046
f 4046 4086 4087
f 4046 4087 4047
f 4047 4087 4088
f 4047 4088 4048
f 4048 4088 4089
f 4048 4089 4049
f 4049 4089 4090
f 4049 4090 4050
f 4050 4090 4091
f 4050 4091 4051
f 4051 4091 4092
f 4051 4092 4052
f 4052 4092 4093
f 4052 4093 4053
f 4053 4093 4094
f 4053 4094 4054
f 4054 4094 4095
f 4054 4095 4055
f 4055 4095 4096
f 4055 4096 4056
f 4056 4096 4097
f 4056 4097 4057
f 4057 4097 4098
f 4057 4098 4058
f 4058 4098 4099
f 4058 4099 4059
f 4059 4099 4100
f 4059 4100 4060
f 4060 4100 4101
f 4060 4101 4061
f 4061 4101 4102
f 4061 4102 4062
f 4062 4102 4103
f 4062 4103 4063
f 4063 4103 4104
f 4063 4104 4064
f 4064 4104 4105
f 4064 4105 4065
f 4065 4105 4106
f 4065 4106 4066
f 4066 4106 4107
f 4066 4107 4067
f 4067 4107 4108
f 4067 4108 4068
f 4068 4108 4109
f 4068 4109 4069
f 4069 4109 4110
f 4069 4110 4070
f 4070 4110 4111
f 4070 4111 4071
f 4071 4111 4112
f 4071 4112 4072
f 4072 4112 4113
f 4072 4113 4073
f 4073 4113 4114
f 4073 4114 4074
f 4074 4114 4115
f 4074 4115 4075
f 4075 4115 4116
f 4075 4116 4076
f 4076 4116 4117
f 4076 4117 4077
f 4077 4117 4118
f 4077 4118 4078
f 4078 4118 4119
f 4078 4119 4079
f 4079 4119 4120
f 4079 4120 4080
f 4080 4120 4081
f 4080 4081 4041
f 4081 4121 4122
f 4081 4122 4082
f 4082 4122 4123
f 4082 4123 4083
f 4083 4123 4124
f 4083 4124 4084
f 4084 4124 4125
f 4084 4125 4085
f 4085 4125 4126
f 4085 4126 4086
f 4086 4126 4127
f 4086 4127 4087
f 4087 4127 4128
f 4087 4128 4088
f 4088 4128 4129
f 4088 4129 4089
f 4089 4129 4130
f 4089 4130 4090
f 4090 4130 4131
f 4090 4131 4091
f 4091 4131 4132
f 4091 4132 4092
f 4092 4132 4133
f 4092 4133 4093
f 4093 4133 4134
f 4093 4134 4094
f 4094 4134 4135
f 4094 4135 4095
f 4095 4135 4136
f 4095 4136 4096
f 4096 4136 4137
f 4096 4137 4097
f 4097 4137 4138
f 4097 4138 4098
f 4098 4138 4139
f 4098 4139 4099
f 4099 4139 4140
f 4099 4140 4100
f 4100 4140 4141
f 4100 4141 4101
f 4101 4141 4142
f 4101 4142 4102
f 4102 4142 4143
f 4102 4143 4103
f 4103 4143 4144
f 4103 4144 4104
f 4104 4144 4145
f 4104 4145 4105
f 4105 4145 4146
f 4105 4146 4106
f 4106 4146 4147
f 4106 4147 4107
f 4107 4147 4148
f 4107 4148 4108
f 4108 4148 4149
f 4108 4149 4109
f 4109 4149 4150
f 4109 4150 4110
f 4110 4150 4151
f 4110 4151 4111
f 4111 4151 4152
f 4111 4152 4112
f 4112 4152 4153
f 4112 4153 4113
f 4113 4153 4154
f 4113 4154 4114
f 4114 4154 4155
f 4114 4155 4115
f 4115 4155 4156
f 4115 4156 4116
f 4116 4156 4157
f 4116 4157 4117
f 4117 4157 4158
f 4117 4158 4118
f 4118 4158 4159
f 4118 4159 4119
f 4119 4159 4160
f 4119 4160 4120
f 4120 4160 4121
f 4120 4121 4081
f 4121 4161 4162
f 4121 4162 4122
f 4122 4162 4163
f 4122 4163 4123
f 4123 4163 4164
f 4123 4164 4124
f 4124 4164 4165
f 4124 4165 4125
f 4125 4165 4166
f 4125 4166 4126
f 4126 4166 4167
f 4126 4167 4127
f 4127 4167 4168
f 4127 4168 4128
f 4128 4168 4169
f 4128 4169 4129
f 4129 4169 4170
f 4129 4170 4130
f 4130 4170 4171
f 4130 4171 4131
f 4131 4171 4172
f 4131 4172 4132
f 4132 4172 4173
f 4132 4173 4133
f 4133 4173 4174
f 4133 4174 4134
f 4134 4174 4175
f 4134 4175 4135
f 4135 4175 4176
f 4135 4176 4136
f 4136 4176 4177
f 4136 4177 4137
f 4137 4177 4178
f 4137 4178 4138
f 4138 4178 4179
f 4138 4179 4139
f 4139 4179 4180
f 4139 4180 4140
f 4140 4180 4181
f 4140 4181 4141
f 4141 4181 4182
f 4141 4182 4142
f 4142 4182 4183
f 4142 4183 4143
f 4143 4183 4184
f 4143 4184 4144
f 4144 4184 4185
f 4144 4185 4145
f 4145 4185 4186
f 4145 4186 4146
f 4146 4186 4187
f 4146 4187 4147
f 4147 4187 4188
f 4147 4188 4148
f 4148 4188 4189
f 4148 4189 4149
f 4149 4189 4190
f 4149 4190 4150
f 4150 4190 4191
f 4150 4191 4151
f 4151 4191 4192
f 4151 4192 4152
f 4152 4192 4193
f 4152 4193 4153
f 4153 4193 4194
f 4153 4194 4154
f 4154 4194 4195
f 4154 4195 4155
f 4155 4195 4196
f 4155 4196 4156
f 4156 4196 4197
f 4156 4197 4157
f 4157 4197 4198
f 4157 4198 4158
f 4158 4198 4199
f 4158 4199 4159
f 4159 4199 4200
f 4159 4200 4160
f 4160 4200 4161
f 4160 4161 4121
f 4161 4201 4202
f 4161 4202 4162
f 4162 4202 4203
f 4162 4203 4163
f 4163 4203 4204
f 4163 4204 4164
f 4164 4204 4205
f 4164 4205 4165
f 4165 4205 4206
f 4165 4206 4166
f 4166 4206 4207
f 4166 4207 4167
f 4167 4207 4208
f 4167 4208 4168
f 4168 4208 4209
f 4168 4209 4169
f 4169 4209 4210
f 4169 4210 4170
f 4170 4210 4211
f 4170 4211 4171
f 4171 4211 4212
f 4171 4212 4172
f 4172 4212 4213
f 4172 4213 4173
f 4173 4213 4214
f 4173 4214 4174
f 4174 4214 4215
f 4174 4215 4175
f 4175 4215 4216
f 4175 4216 4176
f 4176 4216 4217
f 4176 4217 4177
f 4177 4217 4218
f 4177 4218 4178
f 4178 4218 4219
f 4178 4219 4179
f 4179 4219 4220
f 4179 4220 4180
f 4180 4220 4221
f 4180 4221 4181
f 4181 4221 4222
f 4181 4222 4182
f 4182 4222 4223
f 4182 4223 4183
f 4183 4223 4224
f 4183 4224 4184
f 4184 4224 4225
f 4184 4225 4185
f 4185 4225 4226
f 4185 4226 4186
f 4186 4226 4227
f 4186 4227 4187
f 4187 4227 4228
f 4187 4228 4188
f 4188 4228 4229
f 4188 4229 4189
f 4189 4229 4230
f 4189 4230 4190
f 4190 4230 4231
f 4190 4231 4191
f 4191 4231 4232
f 4191 4232 4192
f 4192 4232 4233
f 4192 4233 4193
f 4193 4233 4234
f 4193 4234 4194
f 4194 4234 4235
f 4194 4235 4195
f 4195 4235 4236
f 4195 4236 4196
f 4196 4236 4237
f 4196 4237 4197
f 4197 4237 4238
f 4197 4238 4198
f 4198 4238 4239
f 4198 4239 4199
f 4199 4239 4240
f 4199 4240 4200
f 4200 4240 4201
f 4200 4201 4161
f 4201 4241 4242
f 4201 4242 4202
f 4202 4242 4243
f 4202 4243 4203
f 4203 4243 4244
f 4203 4244 4204
f 4204 4244 4245
f 4204 4245 4205
f 4205 4245 4246
f 4205 4246 4206
f 4206 4246 4247
f 4206 4247 4207
f 4207 4247 4248
f 4207 4248 4208
f 4208 4248 4249
f 4208 4249 4209
f 4209 4249 4250
f 4209 4250 4210
f 4210 4250 4251
f 4210 4251 4211
f 4211 4251 4252
f 4211 4252 4212
f 4212 4252 4253
f 4212 4253 4213
f 4213 4253 4254
f 4213 4254 4214
f 4214 4254 4255
f 4214 4255 4215
f 4215 4255 4256
f 4215 4256 4216
f 4216 4256 4257
f 4216 4257 4217
f 4217 4257 4258
f 4217 4258 4218
f 4218 4258 4259
f 4218 4259 4219
f 4219 4259 4260
f 4219 4260 4220
f 4220 4260 4261
f 4220 4261 4221
f 4221 4261 4262
f 4221 4262 4222
f 4222 4262 4263
f 4222 4263 4223
f 4223 4263 4264
f 4223 4264 4224
f 4224 4264 4265
f 4224 4265 4225
f 4225 4265 4266
f 4225 4266 4226
f 4226 4266 4267
f 4226 4267 4227
f 4227 4267 4268
f 4227 4268 4228
f 4228 4268 4269
f 4228 4269 4229
f 4229 4269 4270
f 4229 4270 4230
f 4230 4270 4271
f 4230 4271 4231
f 4231 4271 4272
f 4231 4272 4232
f 4232 4272 4273
f 4232 4273 4233
f 4233 4273 4274
f 4233 4274 4234
f 4234 4274 4275
f 4234 4275 4235
f 4235 4275 4276
f 4235 4276 4236
f 4236 4276 4277
f 4236 4277 4237
f 4237 4277 4278
f 4237 4278 4238
f 4238 4278 4279
f 4238 4279 4239
f 4239 4279 4280
f 4239 4280 4240
f 4240 4280 4241
f 4240 4241 4201
f 4241 4281 4282
f 4241 4282 4242
f 4242 4282 4283
f 4242 4283 4243
f 4243 4283 4284
f 4243 4284 4244
f 4244 4284 4285
f 4244 4285 4245
f 4245 4285 4286
f 4245 4286 4246
f 4246 4286 4287
f 4246 4287 4247
f 4247 4287 4288
f 4247 4288 4248
f 4248 4288 4289
f 4248 4289 4249
f 4249 4289 4290
f 4249 4290 4250
f 4250 4290 4291
f 4250 4291 4251
f 4251 4291 4292
f 4251 4292 4252
f 4252 4292 4293
f 4252 4293 4253
f 4253 4293 4294
f 4253 4294 4254
f 4254 4294 4295
f 4254 4295 4255
f 4255 4295 4296
f 4255 4296 4256
f 4256 4296 4297
f 4256 4297 4257
f 4257 4297 4298
f 4257 4298 4258
f 4258 4298 4299
f 4258 4299 4259
f 4259 4299 4300
f 4259 4300 4260
f 4260 4300 4301
f 4260 4301 4261
f 4261 4301 4302
f 4261 4302 4262
f 4262 4302 4303
f 4262 4303 4263
f 4263 4303 4304
f 4263 4304 4264
f 4264 4304 4305
f 4264 4305 4265
f 4265 4305 4306
f 4265 4306 4266
f 4266 4306 4307
f 4266 4307 4267
f 4267 4307 4308
f 4267 4308 4268
f 4268 4308 4309
f 4268 4309 4269
f 4269 4309 4310
f 4269 4310 4270
f 4270 4310 4311
f 4270 4311 4271
f 4271 4311 4312
f 4271 4312 4272
f 4272 4312 4313
f 4272 4313 4273
f 4273 4313 4314
f 4273 4314 4274
f 4274 4314 4315
f 4274 4315 4275
f 4275 4315 4316
f 4275 4316 4276
f 4276 4316 4317
f 4276 4317 4277
f 4277 4317 4318
f 4277 4318 4278
f 4278 4318 4319
f 4278 4319 4279
f 4279 4319 4320
f 4279 4320 4280
f 4280 4320 4281
f 4280 4281 4241
f 4281 4321 4322
f 4281 4322 4282
f 4282 4322 4323
f 4282 4323 4283
f 4283 4323 4324
f 4283 4324 4284
f 4284 4324 4325
f 4284 4325 4285
f 4285 4325 4326
f 4285 4326 4286
f 4286 4326 4327
f 4286 4327 4287
f 4287 4327 4328
f 4287 4328 4288
f 4288 4328 4329
f 4288 4329 4289
f 4289 4329 4330
f 4289 4330 4290
f 4290 4330 4331
f 4290 4331 4291
f 4291 4331 4332
f 4291 4332 4292
f 4292 4332 4333
f 4292 4333 4293
f 4293 4333 4334
f 4293 4334 4294
f 4294 4334 4335
f 4294 4335 4295
f 4295 4335 4336
f 4295 4336 4296
f 4296 4336 4337
f 4296 4337 4297
f 4297 4337 4338
f 4297 4338 4298
f 4298 4338 4339
f 4298 4339 4299
f 4299 4339 4340
f 4299 4340 4300
f 4300 4340 4341
f 4300 4341 4301
f 4301 4341 4342
f 4301 4342 4302
f 4302 4342 4343
f 4302 4343 4303
f 4303 4343 4344
f 4303 4344 4304
f 4304 4344 4345
f 4304 4345 4305
f 4305 4345 4346
f 4305 4346 4306
f 4306 4346 4347
f 4306 4347 4307
f 4307 4347 4348
f 4307 4348 4308
f 4308 4348 4349
f 4308 4349 4309
f 4309 4349 4350
f 4309 4350 4310
f 4310 4350 4351
f 4310 4351 4311
f 4311 4351 4352
f 4311 4352 4312
f 4312 4352 4353
f 4312 4353 4313
f 4313 4353 4354
f 4313 4354 4314
f 4314 4354 4355
f 4314 4355 4315
f 4315 4355 4356
f 4315 4356 4316
f 4316 4356 4357
f 4316 4357 4317
f 4317 4357 4358
f 4317 4358 4318
f 4318 4358 4359
f 4318 4359 4319
f 4319 4359 4360
f 4319 4360 4320
f 4320 4360 4321
f 4320 4321 4281
f 4321 4361 4362
f 4321 4362 4322
f 4322 4362 4363
f 4322 4363 4323
f 4323 4363 4364
f 4323 4364 4324
f 4324 4364 4365
f 4324 4365 4325
f 4325 4365 4366
f 4325 4366 4326
f 4326 4366 4367
f 4326 4367 4327
f 4327 4367 4368
f 4327 4368 4328
f 4328 4368 4369
f 4328 4369 4329
f 4329 4369 4370
f 4329 4370 4330
f 4330 4370 4371
f 4330 4371 4331
f 4331 4371 4372
f 4331 4372 4332
f 4332 4372 4373
f 4332 4373 4333
f 4333 4373 4374
f 4333 4374 4334
f 4334 4374 4375
f 4334 4375 4335
f 4335 4375 4376
f 4335 4376 4336
f 4336 4376 4377
f 4336 4377 4337
f 4337 4377 4378
f 4337 4378 4338
f 4338 4378 4379
f 4338 4379 4339
f 4339 4379 4380
f 4339 4380 4340
f 4340 4380 4381
f 4340 4381 4341
f 4341 4381 4382
f 4341 4382 4342
f 4342 4382 4383
f 4342 4383 4343
f 4343 4383 4384
f 4343 4384 4344
f 4344 4384 4385
f 4344 4385 4345
f 4345 4385 4386
f 4345 4386 4346
f 4346 4386 4387
f 4346 4387 4347
f 4347 4387 4388
f 4347 4388 4348
f 4348 4388 4389
f 4348 4389 4349
f 4349 4389 4390
f 4349 4390 4350
f 4350 4390 4391
f 4350 4391 4351
f 4351 4391 4392
f 4351 4392 4352
f 4352 4392 4393
f 4352 4393 4353
f 4353 4393 4394
f 4353 4394 4354
f 4354 4394 4395
f 4354 4395 4355
f 4355 4395 4396
f 4355 4396 4356
f 4356 4396 4397
f 4356 4397 4357
f 4357 4397 4398
f 4357 4398 4358
f 4358 4398 4399
f 4358 4399 4359
f 4359 4399 4400
f 4359 4400 4360
f 4360 4400 4361
f 4360 4361 4321
f 4361 4401 4402
f 4361 4402 4362
f 4362 4402 4403
f 4362 4403 4363
f 4363 4403 4404
f 4363 4404 4364
f 4364 4404 4405
f 4364 4405 4365
f 4365 4405 4406
f 4365 4406 4366
f 4366 4406 4407
f 4366 4407 4367
f 4367 4407 4408
f 4367 4408 4368
f 4368 4408 4409
f 4368 4409 4369
f 4369 4409 4410
f 4369 4410 4370
f 4370 4410 4411
f 4370 4411 4371
f 4371 4411 4412
f 4371 4412 4372
f 4372 4412 4413
f 4372 4413 4373
f 4373 4413 4414
f 4373 4414 4374
f 4374 4414 4415
f 4374 4415 4375
f 4375 4415 4416
f 4375 4416 4376
f 4376 4416 4417
f 4376 4417 4377
f 4377 4417 4418
f 4377 4418 4378
f 4378 4418 4419
f 4378 4419 4379
f 4379 4419 4420
f 4379 4420 4380
f 4380 4420 4421
f 4380 4421 4381
f 4381 4421 4422
f 4381 4422 4382
f 4382 4422 4423
f 4382 4423 4383
f 4383 4423 4424
f 4383 4424 4384
f 4384 4424 4425
f 4384 4425 4385
f 4385 4425 4426
f 4385 4426 4386
f 4386 4426 4427
f 4386 4427 4387
f 4387 4427 4428
f 4387 4428 4388
f 4388 4428 4429
f 4388 4429 4389
f 4389 4429 4430
f 4389 4430 4390
f 4390 4430 4431
f 4390 4431 4391
f 4391 4431 4432
f 4391 4432 4392
f 4392 4432 4433
f 4392 4433 4393
f 4393 4433 4434
f 4393 4434 4394
f 4394 4434 4435
f 4394 4435 4395
f 4395 4435 4436
f 4395 4436 4396
f 4396 4436 4437
f 4396 4437 4397
f 4397 4437 4438
f 4397 4438 4398
f 4398 4438 4439
f 4398 4439 4399
f 4399 4439 4440
f 4399 4440 4400
f 4400 4440 4401
f 4400 4401 4361
f 4401 4441 4442
f 4401 4442 4402
f 4402 4442 4443
f 4402 4443 4403
f 4403 4443 4444
f 4403 4444 4404
f 4404 4444 4445
f 4404 4445 4405
f 4405 4445 4446
f 4405 4446 4406
f 4406 4446 4447
f 4406 4447 4407
f 4407 4447 4448
f 4407 4448 4408
f 4408 4448 4449
f 4408 4449 4409
f 4409 4449 4450
f 4409 4450 4410
f 4410 4450 4451
f 4410 4451 4411
f 4411 4451 4452
f 4411 4452 4412
f 4412 4452 4453
f 4412 4453 4413
f 4413 4453 4454
f 4413 4454 4414
f 4414 4454 4455
f 4414 4455 4415
f 4415 4455 4456
f 4415 4456 4416
f 4416 4456 4457
f 4416 4457 4417
f 4417 4457 4458
f 4417 4458 4418
f 4418 4458 4459
f 4418 4459 4419
f 4419 4459 4460
f 4419 4460 4420
f 4420 4460 4461
f 4420 4461 4421
f 4421 4461 4462
f 4421 4462 4422
f 4422 4462 4463
f 4422 4463 4423
f 4423 4463 4464
f 4423 4464 4424
f 4424 4464 4465
f 4424 4465 4425
f 4425 4465 4466
f 4425 4466 4426
f 4426 4466 4467
f 4426 4467 4427
f 4427 4467 4468
f 4427 4468 4428
f 4428 4468 4469
f 4428 4469 4429
f 4429 4469 4470
f 4429 4470 4430
f 4430 4470 4471
f 4430 4471 4431
f 4431 4471 4472
f 4431 4472 4432
f 4432 4472 4473
f 4432 4473 4433
f 4433 4473 4474
f 4433 4474 4434
f 4434 4474 4475
f 4434 4475 4435
f 4435 4475 4476
f 4435 4476 4436
f 4436 4476 4477
f 4436 4477 4437
f 4437 4477 4478
f 4437 4478 4438
f 4438 4478 4479
f 4438 4479 4439
f 4439 4479 4480
f 4439 4480 4440
f 4440 4480 4441
f 4440 4441 4401
f 4441 4481 4482
f 4441 4482 4442
f 4442 4482 4483
f 4442 4483 4443
f 4443 4483 4484
f 4443 4484 4444
f 4444 4484 4485
f 4444 4485 4445
f 4445 4485 4486
f 4445 4486 4446
f 4446 4486 4487
f 4446 4487 4447
f 4447 4487 4488
f 4447 4488 4448
f 4448 4488 4489
f 4448 4489 4449
f 4449 4489 4490
f 4449 4490 4450
f 4450 4490 4491
f 4450 4491 4451
f 4451 4491 4492
f 4451 4492 4452
f 4452 4492 4493
f 4452 4493 4453
f 4453 4493 4494
f 4453 4494 4454
f 4454 4494 4495
f 4454 4495 4455
f 4455 4495 4496
f 4455 4496 4456
f 4456 4496 4497
f 4456 4497 4457
f 4457 4497 4498
f 4457 4498 4458
f 4458 4498 4499
f 4458 4499 4459
f 4459 4499 4500
f 4459 4500 4460
f 4460 4500 4501
f 4460 4501 4461
f 4461 4501 4502
f 4461 4502 4462
f 4462 4502 4503
f 4462 4503 4463
f 4463 4503 4504
f 4463 4504 4464
f 4464 4504 4505
f 4464 4505 4465
f 4465 4505 4506
f 4465 4506 4466
f 4466 4506 4507
f 4466 4507 4467
f 4467 4507 4508
f 4467 4508 4468
f 4468 4508 4509
f 4468 4509 4469
f 4469 4509 4510
f 4469 4510 4470
f 4470 4510 4511
f 4470 4511 4471
f 4471 4511 4512
f 4471 4512 4472
f 4472 4512 4513
f 4472 4513 4473
f 4473 4513 4514
f 4473 4514 4474
f 4474 4514 4515
f 4474 4515 4475
f 4475 4515 4516
f 4475 4516 4476
f 4476 4516 4517
f 4476 4517 4477
f 4477 4517 4518
f 4477 4518 4478
f 4478 4518 4519
f 4478 4519 4479
f 4479 4519 4520
f 4479 4520 4480
f 4480 4520 4481
f 4480 4481 4441
f 4481 4521 4522
f 4481 4522 4482
f 4482 4522 4523
f 4482 4523 4483
f 4483 4523 4524
f 4483 4524 4484
f 4484 4524 4525
f 4484 4525 4485
f 4485 4525 4526
f 4485 4526 4486
f 4486 4526 4527
f 4486 4527 4487
f 4487 4527 4528
f 4487 4528 4488
f 4488 4528 4529
f 4488 4529 4489
f 4489 4529 4530
f 4489 4530 4490
f 4490 4530 4531
f 4490 4531 4491
f 4491 4531 4532
f 4491 4532 4492
f 4492 4532 4533
f 4492 4533 4493
f 4493 4533 4534
f 4493 4534 4494
f 4494 4534 4535
f 4494 4535 4495
f 4495 4535 4536
f 4495 4536 4496
f 4496 4536 4537
f 4496 4537 4497
f 4497 4537 4538
f 4497 4538 4498
f 4498 4538 4539
f 4498 4539 4499
f 4499 4539 4540
f 4499 4540 4500
f 4500 4540 4541
f 4500 4541 4501
f 4501 4541 4542
f 4501 4542 4502
f 4502 4542 4543
f 4502 4543 4503
f 4503 4543 4544
f 4503 4544 4504
f 4504 4544 4545
f 4504 4545 4505
f 4505 4545 4546
f 4505 4546 4506
f 4506 4546 4547
f 4506 4547 4507
f 4507 4547 4548
f 4507 4548 4508
f 4508 4548 4549
f 4508 4549 4509
f 4509 4549 4550
f 4509 4550 4510
f 4510 4550 4551
f 4510 4551 4511
f 4511 4551 4552
f 4511 4552 4512
f 4512 4552 4553
f 4512 4553 4513
f 4513 4553 4554
f 4513 4554 4514
f 4514 4554 4555
f 4514 4555 4515
f 4515 4555 4556
f 4515 4556 4516
f 4516 4556 4557
f 4516 4557 4517
f 4517 4557 4558
f 4517 4558 4518
f 4518 4558 4559
f 4518 4559 4519
f 4519 4559 4560
f 4519 4560 4520
f 4520 4560 4521
f 4520 4521 4481
f 4521 4561 4562
f 4521 4562 4522
f 4522 4562 4563
f 4522 4563 4523
f 4523 4563 4564
f 4523 4564 4524
f 4524 4564 4565
f 4524 4565 4525
f 4525 4565 4566
f 4525 4566 4526
f 4526 4566 4567
f 4526 4567 4527
f 4527 4567 4568
f 4527 4568 4528
f 4528 4568 4569
f 4528 4569 4529
f 4529 4569 4570
f 4529 4570 4530
f 4530 4570 4571
f 4530 4571 4531
f 4531 4571 4572
f 4531 4572 4532
f 4532 4572 4573
f 4532 4573 4533
f 4533 4573 4574
f 4533 4574 4534
f 4534 4574 4575
f 4534 4575 4535
f 4535 4575 4576
f 4535 4576 4536
f 4536 4576 4577
f 4536 4577 4537
f 4537 4577 4578
f 4537 4578 4538
f 4538 4578 4579
f 4538 4579 4539
f 4539 4579 4580
f 4539 4580 4540
f 4540 4580 4581
f 4540 4581 4541
f 4541 4581 4582
f 4541 4582 4542
f 4542 4582 4583
f 4542 4583 4543
f 4543 4583 4584
f 4543 4584 4544
f 4544 4584 4585
f 4544 4585 4545
f 4545 4585 4586
f 4545 4586 4546
f 4546 4586 4587
f 4546 4587 4547
f 4547 4587 4588
f 4547 4588 4548
f 4548 4588 4589
f 4548 4589 4549
f 4549 4589 4590
f 4549 4590 4550
f 4550 4590 4591
f 4550 4591 4551
f 4551 4591 4592
f 4551 4592 4552
f 4552 4592 4593
f 4552 4593 4553
f 4553 4593 4594
f 4553 4594 4554
f 4554 4594 4595
f 4554 4595 4555
f 4555 4595 4596
f 4555 4596 4556
f 4556 4596 4597
f 4556 4597 4557
f 4557 4597 4598
f 4557 4598 4558
f 4558 4598 4599
f 4558 4599 4559
f 4559 4599 4600
f 4559 4600 4560
f 4560 4600 4561
f 4560 4561 4521
f 4561 4601 4602
f 4561 4602 4562
f 4562 4602 4603
f 4562 4603 4563
f 4563 4603 4604
f 4563 4604 4564
f 4564 4604 4605
f 4564 4605 4565
f 4565 4605 4606
f 4565 4606 4566
f 4566 4606 4607
f 4566 4607 4567
f 4567 4607 4608
f 4567 4608 4568
f 4568 4608 4609
f 4568 4609 4569
f 4569 4609 4610
f 4569 4610 4570
f 4570 4610 4611
f 4570 4611 4571
f 4571 4611 4612
f 4571 4612 4572
f 4572 4612 4613
f 4572 4613 4573
f 4573 4613 4614
f 4573 4614 4574
f 4574 4614 4615
f 4574 4615 4575
f 4575 4615 4616
f 4575 4616 4576
f 4576 4616 4617
f 4576 4617 4577
f 4577 4617 4618
f 4577 4618 4578
f 4578 4618 4619
f 4578 4619 4579
f 4579 4619 4620
f 4579 4620 4580
f 4580 4620 4621
f 4580 4621 4581
f 4581 4621 4622
f 4581 4622 4582
f 4582 4622 4623
f 4582 4623 4583
f 4583 4623 4624
f 4583 4624 4584
f 4584 4624 4625
f 4584 4625 4585
f 4585 4625 4626
f 4585 4626 4586
f 4586 4626 4627
f 4586 4627 4587
f 4587 4627 4628
f 4587 4628 4588
f 4588 4628 4629
f 4588 4629 4589
f 4589 4629 4630
f 4589 4630 4590
f 4590 4630 4631
f 4590 4631 4591
f 4591 4631 4632
f 4591 4632 4592
f 4592 4632 4633
f 4592 4633 4593
f 4593 4633 4634
f 4593 4634 4594
f 4594 4634 4635
f 4594 4635 4595
f 4595 4635 4636
f 4595 4636 4596
f 4596 4636 4637
f 4596 4637 4597
f 4597 4637 4638
f 4597 4638 4598
f 4598 4638 4639
f 4598 4639 4599
f 4599 4639 4640
f 4599 4640 4600
f 4600 4640 4601
f 4600 4601 4561
f 4601 4641 4642
f 4601 4642 4602
f 4602 4642 4643
f 4602 4643 4603
f 4603 4643 4644
f 4603 4644 4604
f 4604 4644 4645
f 4604 4645 4605
f 4605 4645 4646
f 4605 4646 4606
f 4606 4646 4647
f 4606 4647 4607
f 4607 4647 4648
f 4607 4648 4608
f 4608 4648 4649
f 4608 4649 4609
f 4609 4649 4650
f 4609 4650 4610
f 4610 4650 4651
f 4610 4651 4611
f 4611 4651 4652
f 4611 4652 4612
f 4612 4652 4653
f 4612 4653 4613
f 4613 4653 4654
f 4613 4654 4614
f 4614 4654 4655
f 4614 4655 4615
f 4615 4655 4656
f 4615 4656 4616
f 4616 4656 4657
f 4616 4657 4617
f 4617 4657 4658
f 4617 4658 4618
f 4618 4658 4659
f 4618 4659 4619
f 4619 4659 4660
f 4619 4660 4620
f 4620 4660 4661
f 4620 4661 4621
f 4621 4661 4662
f 4621 4662 4622
f 4622 4662 4663
f 4622 4663 4623
f 4623 4663 4664
f 4623 4664 4624
f 4624 4664 4665
f 4624 4665 4625
f 4625 4665 4666
f 4625 4666 4626
f 4626 4666 4667
f 4626 4667 4627
f 4627 4667 4668
f 4627 4668 4628
f 4628 4668 4669
f 4628 4669 4629
f 4629 4669 4670
f 4629 4670 4630
f 4630 4670 4671
f 4630 4671 4631
f 4631 4671 4672
f 4631 4672 4632
f 4632 4672 4673
f 4632 4673 4633
f 4633 4673 4674
f 4633 4674 4634
f 4634 4674 4675
f 4634 4675 4635
f 4635 4675 4676
f 4635 4676 4636
f 4636 4676 4677
f 4636 4677 4637
f 4637 4677 4678
f 4637 4678 4638
f 4638 4678 4679
f 4638 4679 4639
f 4639 4679 4680
f 4639 4680 4640
f 4640 4680 4641
f 4640 4641 4601
f 4641 4681 4682
f 4641 4682 4642
f 4642 4682 4683
f 4642 4683 4643
f 4643 4683 4684
f 4643 4684 4644
f 4644 4684 4685
f 4644 4685 4645
f 4645 4685 4686
f 4645 4686 4646
f 4646 4686 4687
f 4646 4687 4647
f 4647 4687 4688
f 4647 4688 4648
f 4648 4688 4689
f 4648 4689 4649
f 4649 4689 4690
f 4649 4690 4650
f 4650 4690 4691
f 4650 4691 4651
f 4651 4691 4692
f 4651 4692 4652
f 4652 4692 4693
f 4652 4693 4653
f 4653 4693 4694
f 4653 4694 4654
f 4654 4694 4695
f 4654 4695 4655
f 4655 4695 4696
f 4655 4696 4656
f 4656 4696 4697
f 4656 4697 4657
f 4657 4697 4698
f 4657 4698 4658
f 4658 4698 4699
f 4658 4699 4659
f 4659 4699 4700
f 4659 4700 4660
f 4660 4700 4701
f 4660 4701 4661
f 4661 4701 4702
f 4661 4702 4662
f 4662 4702 4703
f 4662 4703 4663
f 4663 4703 4704
f 4663 4704 4664
f 4664 4704 4705
f 4664 4705 4665
f 4665 4705 4706
f 4665 4706 4666
f 4666 4706 4707
f 4666 4707 4667
f 4667 4707 4708
f 4667 4708 4668
f 4668 4708 4709
f 4668 4709 4669
f 4669 4709 4710
f 4669 4710 4670
f 4670 4710 4711
f 4670 4711 4671
f 4671 4711 4712
f 4671 4712 4672
f 4672 4712 4713
f 4672 4713 4673
f 4673 4713 4714
f 4673 4714 4674
f 4674 4714 4715
f 4674 4715 4675
f 4675 4715 4716
f 4675 4716 4676
f 4676 4716 4717
f 4676 4717 4677
f 4677 4717 4718
f 4677 4718 4678
f 4678 4718 4719
f 4678 4719 4679
f 4679 4719 4720
f 4679 4720 4680
f 4680 4720 4681
f 4680 4681 4641
f 4681 4721 4722
f 4681 4722 4682
f 4682 4722 4723
f 4682 4723 4683
f 4683 4723 4724
f 4683 4724 4684
f 4684 4724 4725
f 4684 4725 4685
f 4685 4725 4726
f 4685 4726 4686
f 4686 4726 4727
f 4686 4727 4687
f 4687 4727 4728
f 4687 4728 4688
f 4688 4728 4729
f 4688 4729 4689
f 4689 4729 4730
f 4689 4730 4690
f 4690 4730 4731
f 4690 4731 4691
f 4691 4731 4732
f 4691 4732 4692
f 4692 4732 4733
f 4692 4733 4693
f 4693 4733 4734
f 4693 4734 4694
f 4694 4734 4735
f 4694 4735 4695
f 4695 4735 4736
f 4695 4736 4696
f 4696 4736 4737
f 4696 4737 4697
f 4697 4737 4738
f 4697 4738 4698
f 4698 4738 4739
f 4698 4739 4699
f 4699 4739 4740
f 4699 4740 4700
f 4700 4740 4741
f 4700 4741 4701
f 4701 4741 4742
f 4701 4742 4702
f 4702 4742 4743
f 4702 4743 4703
f 4703 4743 4744
f 4703 4744 4704
f 4704 4744 4745
f 4704 4745 4705
f 4705 4745 4746
f 4705 4746 4706
f 4706 4746 4747
f 4706 4747 4707
f 4707 4747 4748
f 4707 4748 4708
f 4708 4748 4749
f 4708 4749 4709
f 4709 4749 4750
f 4709 4750 4710
f 4710 4750 4751
f 4710 4751 4711
f 4711 4751 4752
f 4711 4752 4712
f 4712 4752 4753
f 4712 4753 4713
f 4713 4753 4754
f 4713 4754 4714
f 4714 4754 4755
f 4714 4755 4715
f 4715 4755 4756
f 4715 4756 4716
f 4716 4756 4757
f 4716 4757 4717
f 4717 4757 4758
f 4717 4758 4718
f 4718 4758 4759
f 4718 4759 4719
f 4719 4759 4760
f 4719 4760 4720
f 4720 4760 4721
f 4720 4721 4681
f 4721 4761 4762
f 4721 4762 4722
f 4722 4762 4763
f 4722 4763 4723
f 4723 4763 4764
f 4723 4764 4724
f 4724 4764 4765
f 4724 4765 4725
f 4725 4765 4766
f 4725 4766 4726
f 4726 4766 4767
f 4726 4767 4727
f 4727 4767 4768
f 4727 4768 4728
f 4728 4768 4769
f 4728 4769 4729
f 4729 4769 4770
f 4729 4770 4730
f 4730 4770 4771
f 4730 4771 4731
f 4731 4771 4772
f 4731 4772 4732
f 4732 4772 4773
f 4732 4773 4733
f 4733 4773 4774
f 4733 4774 4734
f 4734 4774 4775
f 4734 4775 4735
f 4735 4775 4776
f 4735 4776 4736
f 4736 4776 4777
f 4736 4777 4737
f 4737 4777 4778
f 4737 4778 4738
f 4738 4778 4779
f 4738 4779 4739
f 4739 4779 4780
f 4739 4780 4740
f 4740 4780 4781
f 4740 4781 4741
f 4741 4781 4782
f 4741 4782 4742
f 4742 4782 4783
f 4742 4783 4743
f 4743 4783 4784
f 4743 4784 4744
f 4744 4784 4785
f 4744 4785 4745
f 4745 4785 4786
f 4745 4786 4746
f 4746 4786 4787
f 4746 4787 4747
f 4747 4787 4788
f 4747 4788 4748
f 4748 4788 4789
f 4748 4789 4749
f 4749 4789 4790
f 4749 4790 4750
f 4750 4790 4791
f 4750 4791 4751
f 4751 4791 4792
f 4751 4792 4752
f 4752 4792 4793
f 4752 4793 4753
f 4753 4793 4794
f 4753 4794 4754
f 4754 4794 4795
f 4754 4795 4755
f 4755 4795 4796
f 4755 4796 4756
f 4756 4796 4797
f 4756 4797 4757
f 4757 4797 4798
f 4757 4798 4758
f 4758 4798 4799
f 4758 4799 4759
f 4759 4799 4800
f 4759 4800 4760
f 4760 4800 4761
f 4760 4761 4721
f 4761 4801 4802
f 4761 4802 4762
f 4762 4802 4803
f 4762 4803 4763
f 4763 4803 4804
f 4763 4804 4764
f 4764 4804 4805
f 4764 4805 4765
f 4765 4805 4806
f 4765 4806 4766
f 4766 4806 4807
f 4766 4807 4767
f 4767 4807 4808
f 4767 4808 4768
f 4768 4808 4809
f 4768 4809 4769
f 4769 4809 4810
f 4769 4810 4770
f 4770 4810 4811
f 4770 4811 4771
f 4771 4811 4812
f 4771 4812 4772
f 4772 4812 4813
f 4772 4813 4773
f 4773 4813 4814
f 4773 4814 4774
f 4774 4814 4815
f 4774 4815 4775
f 4775 4815 4816
f 4775 4816 4776
f 4776 4816 4817
f 4776 4817 4777
f 4777 4817 4818
f 4777 4818 4778
f 4778 4818 4819
f 4778 4819 4779
f 4779 4819 4820
f 4779 4820 4780
f 4780 4820 4821
f 4780 4821 4781
f 4781 4821 4822
f 4781 4822 4782
f 4782 4822 4823
f 4782 4823 4783
f 4783 4823 4824
f 4783 4824 4784
f 4784 4824 4825
f 4784 4825 4785
f 4785 4825 4826
f 4785 4826 4786
f 4786 4826 4827
f 4786 4827 4787
f 4787 4827 4828
f 4787 4828 4788
f 4788 4828 4829
f 4788 4829 4789
f 4789 4829 4830
f 4789 4830 4790
f 4790 4830 4831
f 4790 4831 4791
f 4791 4831 4832
f 4791 4832 4792
f 4792 4832 4833
f 4792 4833 4793
f 4793 4833 4834
f 4793 4834 4794
f 4794 4834 4835
f 4794 4835 4795
f 4795 4835 4836
f 4795 4836 4796
f 4796 4836 4837
f 4796 4837 4797
f 4797 4837 4838
f 4797 4838 4798
f 4798 4838 4839
f 4798 4839 4799
f 4799 4839 4840
f 4799 4840 4800
f 4800 4840 4801
f 4800 4801 4761
f 4801 4841 4842
f 4801 4842 4802
f 4802 4842 4843
f 4802 4843 4803
f 4803 4843 4844
f 4803 4844 4804
f 4804 4844 4845
f 4804 4845 4805
f 4805 4845 4846
f 4805 4846 4806
f 4806 4846 4847
f 4806 4847 4807
f 4807 4847 4848
f 4807 4848 4808
f 4808 4848 4849
f 4808 4849 4809
f 4809 4849 4850
f 4809 4850 4810
f 4810 4850 4851
f 4810 4851 4811
f 4811 4851 4852
f 4811 4852 4812
f 4812 4852 4853
f 4812 4853 4813
f 4813 4853 4854
f 4813 4854 4814
f 4814 4854 4855
f 4814 4855 4815
f 4815 4855 4856
f 4815 4856 4816
f 4816 4856 4857
f 4816 4857 4817
f 4817 4857 4858
f 4817 4858 4818
f 4818 4858 4859
f 4818 4859 4819
f 4819 4859 4860
f 4819 4860 4820
f 4820 4860 4861
f 4820 4861 4821
f 4821 4861 4862
f 4821 4862 4822
f 4822 4862 4863
f 4822 4863 4823
f 4823 4863 4864
f 4823 4864 4824
f 4824 4864 4865
f 4824 4865 4825
f 4825 4865 4866
f 4825 4866 4826
f 4826 4866 4867
f 4826 4867 4827
f 4827 4867 4868
f 4827 4868 4828
f 4828 4868 4869
f 4828 4869 4829
f 4829 4869 4870
f 4829 4870 4830
f 4830 4870 4871
f 4830 4871 4831
f 4831 4871 4872
f 4831 4872 4832
f 4832 4872 4873
f 4832 4873 4833
f 4833 4873 4874
f 4833 4874 4834
f 4834 4874 4875
f 4834 4875 4835
f 4835 4875 4876
f 4835 4876 4836
f 4836 4876 4877
f 4836 4877 4837
f 4837 4877 4878
f 4837 4878 4838
f 4838 4878 4879
f 4838 4879 4839
f 4839 4879 4880
f 4839 4880 4840
f 4840 4880 4841
f 4840 4841 4801
f 4841 4881 4882
f 4841 4882 4842
f 4842 4882 4883
f 4842 4883 4843
f 4843 4883 4884
f 4843 4884 4844
f 4844 4884 4885
f 4844 4885 4845
f 4845 4885 4886
f 4845 4886 4846
f 4846 4886 4887
f 4846 4887 4847
f 4847 4887 4888
f 4847 4888 4848
f 4848 4888 4889
f 4848 4889 4849
f 4849 4889 4890
f 4849 4890 4850
f 4850 4890 4891
f 4850 4891 4851
f 4851 4891 4892
f 4851 4892 4852
f 4852 4892 4893
f 4852 4893 4853
f 4853 4893 4894
f 4853 4894 4854
f 4854 4894 4895
f 4854 4895 4855
f 4855 4895 4896
f 4855 4896 4856
f 4856 4896 4897
f 4856 4897 4857
f 4857 4897 4898
f 4857 4898 4858
f 4858 4898 4899
f 4858 4899 4859
f 4859 4899 4900
f 4859 4900 4860
f 4860 4900 4901
f 4860 4901 4861
f 4861 4901 4902
f 4861 4902 4862
f 4862 4902 4903
f 4862 4903 4863
f 4863 4903 4904
f 4863 4904 4864
f 4864 4904 4905
f 4864 4905 4865
f 4865 4905 4906
f 4865 4906 4866
f 4866 4906 4907
f 4866 4907 4867
f 4867 4907 4908
f 4867 4908 4868
f 4868 4908 4909
f 4868 4909 4869
f 4869 4909 4910
f 4869 4910 4870
f 4870 4910 4911
f 4870 4911 4871
f 4871 4911 4912
f 4871 4912 4872
f 4872 4912 4913
f 4872 4913 4873
f 4873 4913 4914
f 4873 4914 4874
f 4874 4914 4915
f 4874 4915 4875
f 4875 4915 4916
f 4875 4916 4876
f 4876 4916 4917
f 4876 4917 4877
f 4877 4917 4918
f 4877 4918 4878
f 4878 4918 4919
f 4878 4919 4879
f 4879 4919 4920
f 4879 4920 4880
f 4880 4920 4881
f 4880 4881 4841
f 4881 4921 4922
f 4881 4922 4882
f 4882 4922 4923
f 4882 4923 4883
f 4883 4923 4924
f 4883 4924 4884
f 4884 4924 4925
f 4884 4925 4885
f 4885 4925 4926
f 4885 4926 4886
f 4886 4926 4927
f 4886 4927 4887
f 4887 4927 4928
f 4887 4928 4888
f 4888 4928 4929
f 4888 4929 4889
f 4889 4929 4930
f 4889 4930 4890
f 4890 4930 4931
f 4890 4931 4891
f 4891 4931 4932
f 4891 4932 4892
f 4892 4932 4933
f 4892 4933 4893
f 4893 4933 4934
f 4893 4934 4894
f 4894 4934 4935
f 4894 4935 4895
f 4895 4935 4936
f 4895 4936 4896
f 4896 4936 4937
f 4896 4937 4897
f 4897 4937 4938
f 4897 4938 4898
f 4898 4938 4939
f 4898 4939 4899
f 4899 4939 4940
f 4899 4940 4900
f 4900 4940 4941
f 4900 4941 4901
f 4901 4941 4942
f 4901 4942 4902
f 4902 4942 4943
f 4902 4943 4903
f 4903 4943 4944
f 4903 4944 4904
f 4904 4944 4945
f 4904 4945 4905
f 4905 4945 4946
f 4905 4946 4906
f 4906 4946 4947
f 4906 4947 4907
f 4907 4947 4948
f 4907 4948 4908
f 4908 4948 4949
f 4908 4949 4909
f 4909 4949 4950
f 4909 4950 4910
f 4910 4950 4951
f 4910 4951 4911
f 4911 4951 4952
f 4911 4952 4912
f 4912 4952 4953
f 4912 4953 4913
f 4913 4953 4954
f 4913 4954 4914
f 4914 4954 4955
f 4914 4955 4915
f 4915 4955 4956
f 4915 4956 4916
f 4916 4956 4957
f 4916 4957 4917
f 4917 4957 4958
f 4917 4958 4918
f 4918 4958 4959
f 4918 4959 4919
f 4919 4959 4960
f 4919 4960 4920
f 4920 4960 4921
f 4920 4921 4881
f 4921 4961 4962
f 4921 4962 4922
f 4922 4962 4963
f 4922 4963 4923
f 4923 4963 4964
f 4923 4964 4924
f 4924 4964 4965
f 4924 4965 4925
f 4925 4965 4966
f 4925 4966 4926
f 4926 4966 4967
f 4926 4967 4927
f 4927 4967 4968
f 4927 4968 4928
f 4928 4968 4969
f 4928 4969 4929
f 4929 4969 4970
f 4929 4970 4930
f 4930 4970 4971
f 4930 4971 4931
f 4931 4971 4972
f 4931 4972 4932
f 4932 4972 4973
f 4932 4973 4933
f 4933 4973 4974
f 4933 4974 4934
f 4934 4974 4975
f 4934 4975 4935
f 4935 4975 4976
f 4935 4976 4936
f 4936 4976 4977
f 4936 4977 4937
f 4937 4977 4978
f 4937 4978 4938
f 4938 4978 4979
f 4938 4979 4939
f 4939 4979 4980
f 4939 4980 4940
f 4940 4980 4981
f 4940 4981 4941
f 4941 4981 4982
f 4941 4982 4942
f 4942 4982 4983
f 4942 4983 4943
f 4943 4983 4984
f 4943 4984 4944
f 4944 4984 4985
f 4944 4985 4945
f 4945 4985 4986
f 4945 4986 4946
f 4946 4986 4987
f 4946 4987 4947
f 4947 4987 4988
f 4947 4988 4948
f 4948 4988 4989
f 4948 4989 4949
f 4949 4989 4990
f 4949 4990 4950
f 4950 4990 4991
f 4950 4991 4951
f 4951 4991 4992
f 4951 4992 4952
f 4952 4992 4993
f 4952 4993 4953
f 4953 4993 4994
f 4953 4994 4954
f 4954 4994 4995
f 4954 4995 4955
f 4955 4995 4996
f 4955 4996 4956
f 4956 4996 4997
f 4956 4997 4957
f 4957 4997 4998
f 4957 4998 4958
f 4958 4998 4999
f 4958 4999 4959
f 4959 4999 5000
f 4959 5000 4960
f 4960 5000 4961
f 4960 4961 4921
f 4961 5001 5002
f 4961 5002 4962
f 4962 5002 5003
f 4962 5003 4963
f 4963 5003 5004
f 4963 5004 4964
f 4964 5004 5005
f 4964 5005 4965
f 4965 5005 5006
f 4965 5006 4966
f 4966 5006 5007
f 4966 5007 4967
f 4967 5007 5008
f 4967 5008 4968
f 4968 5008 5009
f 4968 5009 4969
f 4969 5009 5010
f 4969 5010 4970
f 4970 5010 5011
f 4970 5011 4971
f 4971 5011 5012
f 4971 5012 4972
f 4972 5012 5013
f 4972 5013 4973
f 4973 5013 5014
f 4973 5014 4974
f 4974 5014 5015
f 4974 5015 4975
f 4975 5015 5016
f 4975 5016 4976
f 4976 5016 5017
f 4976 5017 4977
f 4977 5017 5018
f 4977 5018 4978
f 4978 5018 5019
f 4978 5019 4979
f 4979 5019 5020
f 4979 5020 4980
f 4980 5020 5021
f 4980 5021 4981
f 4981 5021 5022
f 4981 5022 4982
f 4982 5022 5023
f 4982 5023 4983
f 4983 5023 5024
f 4983 5024 4984
f 4984 5024 5025
f 4984 5025 4985
f 4985 5025 5026
f 4985 5026 4986
f 4986 5026 5027
f 4986 5027 4987
f 4987 5027 5028
f 4987 5028 4988
f 4988 5028 5029
f 4988 5029 4989
f 4989 5029 5030
f 4989 5030 4990
f 4990 5030 5031
f 4990 5031 4991
f 4991 5031 5032
f 4991 5032 4992
f 4992 5032 5033
f 4992 5033 4993
f 4993 5033 5034
f 4993 5034 4994
f 4994 5034 5035
f 4994 5035 4995
f 4995 5035 5036
f 4995 5036 4996
f 4996 5036 5037
f 4996 5037 4997
f 4997 5037 5038
f 4997 5038 4998
f 4998 5038 5039
f 4998 5039 4999
f 4999 5039 5040
f 4999 5040 5000
f 5000 5040 5001
f 5000 5001 4961
f 5001 5041 5042
f 5001 5042 5002
f 5002 5042 5043
f 5002 5043 5003
f 5003 5043 5044
f 5003 5044 5004
f 5004 5044 5045
f 5004 5045 5005
f 5005 5045 5046
f 5005 5046 5006
f 5006 5046 5047
f 5006 5047 5007
f 5007 5047 5048
f 5007 5048 5008
f 5008 5048 5049
f 5008 5049 5009
f 5009 5049 5050
f 5009 5050 5010
f 5010 5050 5051
f 5010 5051 5011
f 5011 5051 5052
f 5011 5052 5012
f 5012 5052 5053
f 5012 5053 5013
f 5013 5053 5054
f 5013 5054 5014
f 5014 5054 5055
f 5014 5055 5015
f 5015 5055 5056
f 5015 5056 5016
f 5016 5056 5057
f 5016 5057 5017
f 5017 5057 5058
f 5017 5058 5018
f 5018 5058 5059
f 5018 5059 5019
f 5019 5059 5060
f 5019 5060 5020
f 5020 5060 5061
f 5020 5061 5021
f 5021 5061 5062
f 5021 5062 5022
f 5022 5062 5063
f 5022 5063 5023
f 5023 5063 5064
f 5023 5064 5024
f 5024 5064 5065
f 5024 5065 5025
f 5025 5065 5066
f 5025 5066 5026
f 5026 5066 5067
f 5026 5067 5027
f 5027 5067 5068
f 5027 5068 5028
f 5028 5068 5069
f 5028 5069 5029
f 5029 5069 5070
f 5029 5070 5030
f 5030 5070 5071
f 5030 5071 5031
f 5031 5071 5072
f 5031 5072 5032
f 5032 5072 5073
f 5032 5073 5033
f 5033 5073 5074
f 5033 5074 5034
f 5034 5074 5075
f 5034 5075 5035
f 5035 5075 5076
f 5035 5076 5036
f 5036 5076 5077
f 5036 5077 5037
f 5037 5077 5078
f 5037 5078 5038
f 5038 5078 5079
f 5038 5079 5039
f 5039 5079 5080
f 5039 5080 5040
f 5040 5080 5041
f 5040 5041 5001
f 5041 5081 5082
f 5041 5082 5042
f 5042 5082 5083
f 5042 5083 5043
f 5043 5083 5084
f 5043 5084 5044
f 5044 5084 5085
f 5044 5085 5045
f 5045 5085 5086
f 5045 5086 5046
f 5046 5086 5087
f 5046 5087 5047
f 5047 5087 5088
f 5047 5088 5048
f 5048 5088 5089
f 5048 5089 5049
f 5049 5089 5090
f 5049 5090 5050
f 5050 5090 5091
f 5050 5091 5051
f 5051 5091 5092
f 5051 5092 5052
f 5052 5092 5093
f 5052 5093 5053
f 5053 5093 5094
f 5053 5094 5054
f 5054 5094 5095
f 5054 5095 5055
f 5055 5095 5096
f 5055 5096 5056
f 5056 5096 5097
f 5056 5097 5057
f 5057 5097 5098
f 5057 5098 5058
f 5058 5098 5099
f 5058 5099 5059
f 5059 5099 5100
f 5059 5100 5060
f 5060 5100 5101
f 5060 5101 5061
f 5061 5101 5102
f 5061 5102 5062
f 5062 5102 5103
f 5062 5103 5063
f 5063 5103 5104
f 5063 5104 5064
f 5064 5104 5105
f 5064 5105 5065
f 5065 5105 5106
f 5065 5106 5066
f 5066 5106 5107
f 5066 5107 5067
f 5067 5107 5108
f 5067 5108 5068
f 5068 5108 5109
f 5068 5109 5069
f 5069 5109 5110
f 5069 5110 5070
f 5070 5110 5111
f 5070 5111 5071
f 5071 5111 5112
f 5071 5112 5072
f 5072 5112 5113
f 5072 5113 5073
f 5073 5113 5114
f 5073 5114 5074
f 5074 5114 5115
f 5074 5115 5075
f 5075 5115 5116
f 5075 5116 5076
f 5076 5116 5117
f 5076 5117 5077
f 5077 5117 5118
f 5077 5118 5078
f 5078 5118 5119
f 5078 5119 5079
f 5079 5119 5120
f 5079 5120 5080
f 5080 5120 5081
f 5080 5081 5041
f 5081 5121 5122
f 5081 5122 5082
f 5082 5122 5123
f 5082 5123 5083
f 5083 5123 5124
f 5083 5124 5084
f 5084 5124 5125
f 5084 5125 5085
f 5085 5125 5126
f 5085 5126 5086
f 5086 5126 5127
f 5086 5127 5087
f 5087 5127 5128
f 5087 5128 5088
f 5088 5128 5129
f 5088 5129 5089
f 5089 5129 5130
f 5089 5130 5090
f 5090 5130 5131
f 5090 5131 5091
f 5091 5131 5132
f 5091 5132 5092
f 5092 5132 5133
f 5092 5133 5093
f 5093 5133 5134
f 5093 5134 5094
f 5094 5134 5135
f 5094 5135 5095
f 5095 5135 5136
f 5095 5136 5096
f 5096 5136 5137
f 5096 5137 5097
f 5097 5137 5138
f 5097 5138 5098
f 5098 5138 5139
f 5098 5139 5099
f 5099 5139 5140
f 5099 5140 5100
f 5100 5140 5141
f 5100 5141 5101
f 5101 5141 5142
f 5101 5142 5102
f 5102 5142 5143
f 5102 5143 5103
f 5103 5143 5144
f 5103 5144 5104
f 5104 5144 5145
f 5104 5145 5105
f 5105 5145 5146
f 5105 5146 5106
f 5106 5146 5147
f 5106 5147 5107
f 5107 5147 5148
f 5107 5148 5108
f 5108 5148 5149
f 5108 5149 5109
f 5109 5149 5150
f 5109 5150 5110
f 5110 5150 5151
f 5110 5151 5111
f 5111 5151 5152
f 5111 5152 5112
f 5112 5152 5153
f 5112 5153 5113
f 5113 5153 5154
f 5113 5154 5114
f 5114 5154 5155
f 5114 5155 5115
f 5115 5155 5156
f 5115 5156 5116
f 5116 5156 5157
f 5116 5157 5117
f 5117 5157 5158
f 5117 5158 5118
f 5118 5158 5159
f 5118 5159 5119
f 5119 5159 5160
f 5119 5160 5120
f 5120 5160 5121
f 5120 5121 5081
f 5121 5161 5162
f 5121 5162 5122
f 5122 5162 5163
f 5122 5163 5123
f 5123 5163 5164
f 5123 5164 5124
f 5124 5164 5165
f 5124 5165 5125
f 5125 5165 5166
f 5125 5166 5126
f 5126 5166 5167
f 5126 5167 5127
f 5127 5167 5168
f 5127 5168 5128
f 5128 5168 5169
f 5128 5169 5129
f 5129 5169 5170
f 5129 5170 5130
f 5130 5170 5171
f 5130 5171 5131
f 5131 5171 5172
f 5131 5172 5132
f 5132 5172 5173
f 5132 5173 5133
f 5133 5173 5174
f 5133 5174 5134
f 5134 5174 5175
f 5134 5175 5135
f 5135 5175 5176
f 5135 5176 5136
f 5136 5176 5177
f 5136 5177 5137
f 5137 5177 5178
f 5137 5178 5138
f 5138 5178 5179
f 5138 5179 5139
f 5139 5179 5180
f 5139 5180 5140
f 5140 5180 5181
f 5140 5181 5141
f 5141 5181 5182
f 5141 5182 5142
f 5142 5182 5183
f 5142 5183 5143
f 5143 5183 5184
f 5143 5184 5144
f 5144 5184 5185
f 5144 5185 5145
f 5145 5185 5186
f 5145 5186 5146
f 5146 5186 5187
f 5146 5187 5147
f 5147 5187 5188
f 5147 5188 5148
f 5148 5188 5189
f 5148 5189 5149
f 5149 5189 5190
f 5149 5190 5150
f 5150 5190 5191
f 5150 5191 5151
f 5151 5191 5192
f 5151 5192 5152
f 5152 5192 5193
f 5152 5193 5153
f 5153 5193 5194
f 5153 5194 5154
f 5154 5194 5195
f 5154 5195 5155
f 5155 5195 5196
f 5155 5196 5156
f 5156 5196 5197
f 5156 5197 5157
f 5157 5197 5198
f 5157 5198 5158
f 5158 5198 5199
f 5158 5199 5159
f 5159 5199 5200
f 5159 5200 5160
f 5160 5200 5161
f 5160 5161 5121
f 5161 5201 5202
f 5161 5202 5162
f 5162 5202 5203
f 5162 5203 5163
f 5163 5203 5204
f 5163 5204 5164
f 5164 5204 5205
f 5164 5205 5165
f 5165 5205 5206
f 5165 5206 5166
f 5166 5206 5207
f 5166 5207 5167
f 5167 5207 5208
f 5167 5208 5168
f 5168 5208 5209
f 5168 5209 5169
f 5169 5209 5210
f 5169 5210 5170
f 5170 5210 5211
f 5170 5211 5171
f 5171 5211 5212
f 5171 5212 5172
f 5172 5212 5213
f 5172 5213 5173
f 5173 5213 5214
f 5173 5214 5174
f 5174 5214 5215
f 5174 5215 5175
f 5175 5215 5216
f 5175 5216 5176
f 5176 5216 5217
f 5176 5217 5177
f 5177 5217 5218
f 5177 5218 5178
f 5178 5218 5219
f 5178 5219 5179
f 5179 5219 5220
f 5179 5220 5180
f 5180 5220 5221
f 5180 5221 5181
f 5181 5221 5222
f 5181 5222 5182
f 5182 5222 5223
f 5182 5223 5183
f 5183 5223 5224
f 5183 5224 5184
f 5184 5224 5225
f 5184 5225 5185
f 5185 5225 5226
f 5185 5226 5186
f 5186 5226 5227
f 5186 5227 5187
f 5187 5227 5228
f 5187 5228 5188
f 5188 5228 5229
f 5188 5229 5189
f 5189 5229 5230
f 5189 5230 5190
f 5190 5230 5231
f 5190 5231 5191
f 5191 5231 5232
f 5191 5232 5192
f 5192 5232 5233
f 5192 5233 5193
f 5193 5233 5234
f 5193 5234 5194
f 5194 5234 5235
f 5194 5235 5195
f 5195 5235 5236
f 5195 5236 5196
f 5196 5236 5237
f 5196 5237 5197
f 5197 5237 5238
f 5197 5238 5198
f 5198 5238 5239
f 5198 5239 5199
f 5199 5239 5240
f 5199 5240 5200
f 5200 5240 5201
f 5200 5201 5161
f 5201 5241 5242
f 5201 5242 5202
f 5202 5242 5243
f 5202 5243 5203
f 5203 5243 5244
f 5203 5244 5204
f 5204 5244 5245
f 5204 5245 5205
f 5205 5245 5246
f 5205 5246 5206
f 5206 5246 5247
f 5206 5247 5207
f 5207 5247 5248
f 5207 5248 5208
f 5208 5248 5249
f 5208 5249 5209
f 5209 5249 5250
f 5209 5250 5210
f 5210 5250 5251
f 5210 5251 5211
f 5211 5251 5252
f 5211 5252 5212
f 5212 5252 5253
f 5212 5253 5213
f 5213 5253 5254
f 5213 5254 5214
f 5214 5254 5255
f 5214 5255 5215
f 5215 5255 5256
f 5215 5256 5216
f 5216 5256 5257
f 5216 5257 5217
f 5217 5257 5258
f 5217 5258 5218
f 5218 5258 5259
f 5218 5259 5219
f 5219 5259 5260
f 5219 5260 5220
f 5220 5260 5261
f 5220 5261 5221
f 5221 5261 5262
f 5221 5262 5222
f 5222 5262 5263
f 5222 5263 5223
f 5223 5263 5264
f 5223 5264 5224
f 5224 5264 5265
f 5224 5265 5225
f 5225 5265 5266
f 5225 5266 5226
f 5226 5266 5267
f 5226 5267 5227
f 5227 5267 5268
f 5227 5268 5228
f 5228 5268 5269
f 5228 5269 5229
f 5229 5269 5270
f 5229 5270 5230
f 5230 5270 5271
f 5230 5271 5231
f 5231 5271 5272
f 5231 5272 5232
f 5232 5272 5273
f 5232 5273 5233
f 5233 5273 5274
f 5233 5274 5234
f 5234 5274 5275
f 5234 5275 5235
f 5235 5275 5276
f 5235 5276 5236
f 5236 5276 5277
f 5236 5277 5237
f 5237 5277 5278
f 5237 5278 5238
f 5238 5278 5279
f 5238 5279 5239
f 5239 5279 5280
f 5239 5280 5240
f 5240 5280 5241
f 5240 5241 5201
f 5241 5281 5282
f 5241 5282 5242
f 5242 5282 5283
f 5242 5283 5243
f 5243 5283 5284
f 5243 5284 5244
f 5244 5284 5285
f 5244 5285 5245
f 5245 5285 5286
f 5245 5286 5246
f 5246 5286 5287
f 5246 5287 5247
f 5247 5287 5288
f 5247 5288 5248
f 5248 5288 5289
f 5248 5289 5249
f 5249 5289 5290
f 5249 5290 5250
f 5250 5290 5291
f 5250 5291 5251
f 5251 5291 5292
f 5251 5292 5252
f 5252 5292 5293
f 5252 5293 5253
f 5253 5293 5294
f 5253 5294 5254
f 5254 5294 5295
f 5254 5295 5255
f 5255 5295 5296
f 5255 5296 5256
f 5256 5296 5297
f 5256 5297 5257
f 5257 5297 5298
f 5257 5298 5258
f 5258 5298 5299
f 5258 5299 5259
f 5259 5299 5300
f 5259 5300 5260
f 5260 5300 5301
f 5260 5301 5261
f 5261 5301 5302
f 5261 5302 5262
f 5262 5302 5303
f 5262 5303 5263
f 5263 5303 5304
f 5263 5304 5264
f 5264 5304 5305
f 5264 5305 5265
f 5265 5305 5306
f 5265 5306 5266
f 5266 5306 5307
f 5266 5307 5267
f 5267 5307 5308
f 5267 5308 5268
f 5268 5308 5309
f 5268 5309 5269
f 5269 5309 5310
f 5269 5310 5270
f 5270 5310 5311
f 5270 5311 5271
f 5271 5311 5312
f 5271 5312 5272
f 5272 5312 5313
f 5272 5313 5273
f 5273 5313 5314
f 5273 5314 5274
f 5274 5314 5315
f 5274 5315 5275
f 5275 5315 5316
f 5275 5316 5276
f 5276 5316 5317
f 5276 5317 5277
f 5277 5317 5318
f 5277 5318 5278
f 5278 5318 5319
f 5278 5319 5279
f 5279 5319 5320
f 5279 5320 5280
f 5280 5320 5281
f 5280 5281 5241
f 5281 5321 5322
f 5281 5322 5282
f 5282 5322 5323
f 5282 5323 5283
f 5283 5323 5324
f 5283 5324 5284
f 5284 5324 5325
f 5284 5325 5285
f 5285 5325 5326
f 5285 5326 5286
f 5286 5326 5327
f 5286 5327 5287
f 5287 5327 5328
f 5287 5328 5288
f 5288 5328 5329
f 5288 5329 5289
f 5289 5329 5330
f 5289 5330 5290
f 5290 5330 5331
f 5290 5331 5291
f 5291 5331 5332
f 5291 5332 5292
f 5292 5332 5333
f 5292 5333 5293
f 5293 5333 5334
f 5293 5334 5294
f 5294 5334 5335
f 5294 5335 5295
f 5295 5335 5336
f 5295 5336 5296
f 5296 5336 5337
f 5296 5337 5297
f 5297 5337 5338
f 5297 5338 5298
f 5298 5338 5339
f 5298 5339 5299
f 5299 5339 5340
f 5299 5340 5300
f 5300 5340 5341
f 5300 5341 5301
f 5301 5341 5342
f 5301 5342 5302
f 5302 5342 5343
f 5302 5343 5303
f 5303 5343 5344
f 5303 5344 5304
f 5304 5344 5345
f 5304 5345 5305
f 5305 5345 5346
f 5305 5346 5306
f 5306 5346 5347
f 5306 5347 5307
f 5307 5347 5348
f 5307 5348 5308
f 5308 5348 5349
f 5308 5349 5309
f 5309 5349 5350
f 5309 5350 5310
f 5310 5350 5351
f 5310 5351 5311
f 5311 5351 5352
f 5311 5352 5312
f 5312 5352 5353
f 5312 5353 5313
f 5313 5353 5354
f 5313 5354 5314
f 5314 5354 5355
f 5314 5355 5315
f 5315 5355 5356
f 5315 5356 5316
f 5316 5356 5357
f 5316 5357 5317
f 5317 5357 5358
f 5317 5358 5318
f 5318 5358 5359
f 5318 5359 5319
f 5319 5359 5360
f 5319 5360 5320
f 5320 5360 5321
f 5320 5321 5281
f 5321 5361 5362
f 5321 5362 5322
f 5322 5362 5363
f 5322 5363 5323
f 5323 5363 5364
f 5323 5364 5324
f 5324 5364 5365
f 5324 5365 5325
f 5325 5365 5366
f 5325 5366 5326
f 5326 5366 5367
f 5326 5367 5327
f 5327 5367 5368
f 5327 5368 5328
f 5328 5368 5369
f 5328 5369 5329
f 5329 5369 5370
f 5329 5370 5330
f 5330 5370 5371
f 5330 5371 5331
f 5331 5371 5372
f 5331 5372 5332
f 5332 5372 5373
f 5332 5373 5333
f 5333 5373 5374
f 5333 5374 5334
f 5334 5374 5375
f 5334 5375 5335
f 5335 5375 5376
f 5335 5376 5336
f 5336 5376 5377
f 5336 5377 5337
f 5337 5377 5378
f 5337 5378 5338
f 5338 5378 5379
f 5338 5379 5339
f 5339 5379 5380
f 5339 5380 5340
f 5340 5380 5381
f 5340 5381 5341
f 5341 5381 5382
f 5341 5382 5342
f 5342 5382 5383
f 5342 5383 5343
f 5343 5383 5384
f 5343 5384 5344
f 5344 5384 5385
f 5344 5385 5345
f 5345 5385 5386
f 5345 5386 5346
f 5346 5386 5387
f 5346 5387 5347
f 5347 5387 5388
f 5347 5388 5348
f 5348 5388 5389
f 5348 5389 5349
f 5349 5389 5390
f 5349 5390 5350
f 5350 5390 5391
f 5350 5391 5351
f 5351 5391 5392
f 5351 5392 5352
f 5352 5392 5393
f 5352 5393 5353
f 5353 5393 5394
f 5353 5394 5354
f 5354 5394 5395
f 5354 5395 5355
f 5355 5395 5396
f 5355 5396 5356
f 5356 5396 5397
f 5356 5397 5357
f 5357 5397 5398
f 5357 5398 5358
f 5358 5398 5399
f 5358 5399 5359
f 5359 5399 5400
f 5359 5400 5360
f 5360 5400 5361
f 5360 5361 5321
f 5361 5401 5402
f 5361 5402 5362
f 5362 5402 5403
f 5362 5403 5363
f 5363 5403 5404
f 5363 5404 5364
f 5364 5404 5405
f 5364 5405 5365
f 5365 5405 5406
f 5365 5406 5366
f 5366 5406 5407
f 5366 5407 5367
f 5367 5407 5408
f 5367 5408 5368
f 5368 5408 5409
f 5368 5409 5369
f 5369 5409 5410
f 5369 5410 5370
f 5370 5410 5411
f 5370 5411 5371
f 5371 5411 5412
f 5371 5412 5372
f 5372 5412 5413
f 5372 5413 5373
f 5373 5413 5414
f 5373 5414 5374
f 5374 5414 5415
f 5374 5415 5375
f 5375 5415 5416
f 5375 5416 5376
f 5376 5416 5417
f 5376 5417 5377
f 5377 5417 5418
f 5377 5418 5378
f 5378 5418 5419
f 5378 5419 5379
f 5379 5419 5420
f 5379 5420 5380
f 5380 5420 5421
f 5380 5421 5381
f 5381 5421 5422
f 5381 5422 5382
f 5382 5422 5423
f 5382 5423 5383
f 5383 5423 5424
f 5383 5424 5384
f 5384 5424 5425
f 5384 5425 5385
f 5385 5425 5426
f 5385 5426 5386
f 5386 5426 5427
f 5386 5427 5387
f 5387 5427 5428
f 5387 5428 5388
f 5388 5428 5429
f 5388 5429 5389
f 5389 5429 5430
f 5389 5430 5390
f 5390 5430 5431
f 5390 5431 5391
f 5391 5431 5432
f 5391 5432 5392
f 5392 5432 5433
f 5392 5433 5393
f 5393 5433 5434
f 5393 5434 5394
f 5394 5434 5435
f 5394 5435 5395
f 5395 5435 5436
f 5395 5436 5396
f 5396 5436 5437
f 5396 5437 5397
f 5397 5437 5438
f 5397 5438 5398
f 5398 5438 5439
f 5398 5439 5399
f 5399 5439 5440
f 5399 5440 5400
f 5400 5440 5401
f 5400 5401 5361
f 5401 5441 5442
f 5401 5442 5402
f 5402 5442 5443
f 5402 5443 5403
f 5403 5443 5444
f 5403 5444 5404
f 5404 5444 5445
f 5404 5445 5405
f 5405 5445 5446
f 5405 5446 5406
f 5406 5446 5447
f 5406 5447 5407
f 5407 5447 5448
f 5407 5448 5408
f 5408 5448 5449
f 5408 5449 5409
f 5409 5449 5450
f 5409 5450 5410
f 5410 5450 5451
f 5410 5451 5411
f 5411 5451 5452
f 5411 5452 5412
f 5412 5452 5453
f 5412 5453 5413
f 5413 5453 5454
f 5413 5454 5414
f 5414 5454 5455
f 5414 5455 5415
f 5415 5455 5456
f 5415 5456 5416
f 5416 5456 5457
f 5416 5457 5417
f 5417 5457 5458
f 5417 5458 5418
f 5418 5458 5459
f 5418 5459 5419
f 5419 5459 5460
f 5419 5460 5420
f 5420 5460 5461
f 5420 5461 5421
f 5421 5461 5462
f 5421 5462 5422
f 5422 5462 5463
f 5422 5463 5423
f 5423 5463 5464
f 5423 5464 5424
f 5424 5464 5465
f 5424 5465 5425
f 5425 5465 5466
f 5425 5466 5426
f 5426 5466 5467
f 5426 5467 5427
f 5427 5467 5468
f 5427 5468 5428
f 5428 5468 5469
f 5428 5469 5429
f 5429 5469 5470
f 5429 5470 5430
f 5430 5470 5471
f 5430 5471 5431
f 5431 5471 5472
f 5431 5472 5432
f 5432 5472 5473
f 5432 5473 5433
f 5433 5473 5474
f 5433 5474 5434
f 5434 5474 5475
f 5434 5475 5435
f 5435 5475 5476
f 5435 5476 5436
f 5436 5476 5477
f 5436 5477 5437
f 5437 5477 5478
f 5437 5478 5438
f 5438 5478 5479
f 5438 5479 5439
f 5439 5479 5480
f 5439 5480 5440
f 5440 5480 5441
f 5440 5441 5401
f 5441 5481 5482
f 5441 5482 5442
f 5442 5482 5483
f 5442 5483 5443
f 5443 5483 5484
f 5443 5484 5444
f 5444 5484 5485
f 5444 5485 5445
f 5445 5485 5486
f 5445 5486 5446
f 5446 5486 5487
f 5446 5487 5447
f 5447 5487 5488
f 5447 5488 5448
f 5448 5488 5489
f 5448 5489 5449
f 5449 5489 5490
f 5449 5490 5450
f 5450 5490 5491
f 5450 5491 5451
f 5451 5491 5492
f 5451 5492 5452
f 5452 5492 5493
f 5452 5493 5453
f 5453 5493 5494
f 5453 5494 5454
f 5454 5494 5495
f 5454 5495 5455
f 5455 5495 5496
f 5455 5496 5456
f 5456 5496 5497
f 5456 5497 5457
f 5457 5497 5498
f 5457 5498 5458
f 5458 5498 5499
f 5458 5499 5459
f 5459 5499 5500
f 5459 5500 5460
f 5460 5500 5501
f 5460 5501 5461
f 5461 5501 5502
f 5461 5502 5462
f 5462 5502 5503
f 5462 5503 5463
f 5463 5503 5504
f 5463 5504 5464
f 5464 5504 5505
f 5464 5505 5465
f 5465 5505 5506
f 5465 5506 5466
f 5466 5506 5507
f 5466 5507 5467
f 5467 5507 5508
f 5467 5508 5468
f 5468 5508 5509
f 5468 5509 5469
f 5469 5509 5510
f 5469 5510 5470
f 5470 5510 5511
f 5470 5511 5471
f 5471 5511 5512
f 5471 5512 5472
f 5472 5512 5513
f 5472 5513 5473
f 5473 5513 5514
f 5473 5514 5474
f 5474 5514 5515
f 5474 5515 5475
f 5475 5515 5516
f 5475 5516 5476
f 5476 5516 5517
f 5476 5517 5477
f 5477 5517 5518
f 5477 5518 5478
f 5478 5518 5519
f 5478 5519 5479
f 5479 5519 5520
f 5479 5520 5480
f 5480 5520 5481
f 5480 5481 5441
f 5481 5521 5522
f 5481 5522 5482
f 5482 5522 5523
f 5482 5523 5483
f 5483 5523 5524
f 5483 5524 5484
f 5484 5524 5525
f 5484 5525 5485
f 5485 5525 5526
f 5485 5526 5486
f 5486 5526 5527
f 5486 5527 5487
f 5487 5527 5528
f 5487 5528 5488
f 5488 5528 5529
f 5488 5529 5489
f 5489 5529 5530
f 5489 5530 5490
f 5490 5530 5531
f 5490 5531 5491
f 5491 5531 5532
f 5491 5532 5492
f 5492 5532 5533
f 5492 5533 5493
f 5493 5533 5534
f 5493 5534 5494
f 5494 5534 5535
f 5494 5535 5495
f 5495 5535 5536
f 5495 5536 5496
f 5496 5536 5537
f 5496 5537 5497
f 5497 5537 5538
f 5497 5538 5498
f 5498 5538 5539
f 5498 5539 5499
f 5499 5539 5540
f 5499 5540 5500
f 5500 5540 5541
f 5500 5541 5501
f 5501 5541 5542
f 5501 5542 5502
f 5502 5542 5543
f 5502 5543 5503
f 5503 5543 5544
f 5503 5544 5504
f 5504 5544 5545
f 5504 5545 5505
f 5505 5545 5546
f 5505 5546 5506
f 5506 5546 5547
f 5506 5547 5507
f 5507 5547 5548
f 5507 5548 5508
f 5508 5548 5549
f 5508 5549 5509
f 5509 5549 5550
f 5509 5550 5510
f 5510 5550 5551
f 5510 5551 5511
f 5511 5551 5552
f 5511 5552 5512
f 5512 5552 5553
f 5512 5553 5513
f 5513 5553 5554
f 5513 5554 5514
f 5514 5554 5555
f 5514 5555 5515
f 5515 5555 5556
f 5515 5556 5516
f 5516 5556 5557
f 5516 5557 5517
f 5517 5557 5558
f 5517 5558 5518
f 5518 5558 5559
f 5518 5559 5519
f 5519 5559 5560
f 5519 5560 5520
f 5520 5560 5521
f 5520 5521 5481
f 5521 5561 5562
f 5521 5562 5522
f 5522 5562 5563
f 5522 5563 5523
f 5523 5563 5564
f 5523 5564 5524
f 5524 5564 5565
f 5524 5565 5525
f 5525 5565 5566
f 5525 5566 5526
f 5526 5566 5567
f 5526 5567 5527
f 5527 5567 5568
f 5527 5568 5528
f 5528 5568 5569
f 5528 5569 5529
f 5529 5569 5570
f 5529 5570 5530
f 5530 5570 5571
f 5530 5571 5531
f 5531 5571 5572
f 5531 5572 5532
f 5532 5572 5573
f 5532 5573 5533
f 5533 5573 5574
f 5533 5574 5534
f 5534 5574 5575
f 5534 5575 5535
f 5535 5575 5576
f 5535 5576 5536
f 5536 5576 5577
f 5536 5577 5537
f 5537 5577 5578
f 5537 5578 5538
f 5538 5578 5579
f 5538 5579 5539
f 5539 5579 5580
f 5539 5580 5540
f 5540 5580 5581
f 5540 5581 5541
f 5541 5581 5582
f 5541 5582 5542
f 5542 5582 5583
f 5542 5583 5543
f 5543 5583 5584
f 5543 5584 5544
f 5544 5584 5585
f 5544 5585 5545
f 5545 5585 5586
f 5545 5586 5546
f 5546 5586 5587
f 5546 5587 5547
f 5547 5587 5588
f 5547 5588 5548
f 5548 5588 5589
f 5548 5589 5549
f 5549 5589 5590
f 5549 5590 5550
f 5550 5590 5591
f 5550 5591 5551
f 5551 5591 5592
f 5551 5592 5552
f 5552 5592 5593
f 5552 5593 5553
f 5553 5593 5594
f 5553 5594 5554
f 5554 5594 5595
f 5554 5595 5555
f 5555 5595 5596
f 5555 5596 5556
f 5556 5596 5597
f 5556 5597 5557
f 5557 5597 5598
f 5557 5598 5558
f 5558 5598 5599
f 5558 5599 5559
f 5559 5599 5600
f 5559 5600 5560
f 5560 5600 5561
f 5560 5561 5521
f 5561 5601 5602
f 5561 5602 5562
f 5562 5602 5603
f 5562 5603 5563
f 5563 5603 5604
f 5563 5604 5564
f 5564 5604 5605
f 5564 5605 5565
f 5565 5605 5606
f 5565 5606 5566
f 5566 5606 5607
f 5566 5607 5567
f 5567 5607 5608
f 5567 5608 5568
f 5568 5608 5609
f 5568 5609 5569
f 5569 5609 5610
f 5569 5610 5570
f 5570 5610 5611
f 5570 5611 5571
f 5571 5611 5612
f 5571 5612 5572
f 5572 5612 5613
f 5572 5613 5573
f 5573 5613 5614
f 5573 5614 5574
f 5574 5614 5615
f 5574 5615 5575
f 5575 5615 5616
f 5575 5616 5576
f 5576 5616 5617
f 5576 5617 5577
f 5577 5617 5618
f 5577 5618 5578
f 5578 5618 5619
f 5578 5619 5579
f 5579 5619 5620
f 5579 5620 5580
f 5580 5620 5621
f 5580 5621 5581
f 5581 5621 5622
f 5581 5622 5582
f 5582 5622 5623
f 5582 5623 5583
f 5583 5623 5624
f 5583 5624 5584
f 5584 5624 5625
f 5584 5625 5585
f 5585 5625 5626
f 5585 5626 5586
f 5586 5626 5627
f 5586 5627 5587
f 5587 5627 5628
f 5587 5628 5588
f 5588 5628 5629
f 5588 5629 5589
f 5589 5629 5630
f 5589 5630 5590
f 5590 5630 5631
f 5590 5631 5591
f 5591 5631 5632
f 5591 5632 5592
f 5592 5632 5633
f 5592 5633 5593
f 5593 5633 5634
f 5593 5634 5594
f 5594 5634 5635
f 5594 5635 5595
f 5595 5635 5636
f 5595 5636 5596
f 5596 5636 5637
f 5596 5637 5597
f 5597 5637 5638
f 5597 5638 5598
f 5598 5638 5639
f 5598 5639 5599
f 5599 5639 5640
f 5599 5640 5600
f 5600 5640 5601
f 5600 5601 5561
f 5601 5641 5642
f 5601 5642 5602
f 5602 5642 5643
f 5602 5643 5603
f 5603 5643 5644
f 5603 5644 5604
f 5604 5644 5645
f 5604 5645 5605
f 5605 5645 5646
f 5605 5646 5606
f 5606 5646 5647
f 5606 5647 5607
f 5607 5647 5648
f 5607 5648 5608
f 5608 5648 5649
f 5608 5649 5609
f 5609 5649 5650
f 5609 5650 5610
f 5610 5650 5651
f 5610 5651 5611
f 5611 5651 5652
f 5611 5652 5612
f 5612 5652 5653
f 5612 5653 5613
f 5613 5653 5654
f 5613 5654 5614
f 5614 5654 5655
f 5614 5655 5615
f 5615 5655 5656
f 5615 5656 5616
f 5616 5656 5657
f 5616 5657 5617
f 5617 5657 5658
f 5617 5658 5618
f 5618 5658 5659
f 5618 5659 5619
f 5619 5659 5660
f 5619 5660 5620
f 5620 5660 5661
f 5620 5661 5621
f 5621 5661 5662
f 5621 5662 5622
f 5622 5662 5663
f 5622 5663 5623
f 5623 5663 5664
f 5623 5664 5624
f 5624 5664 5665
f 5624 5665 5625
f 5625 5665 5666
f 5625 5666 5626
f 5626 5666 5667
f 5626 5667 5627
f 5627 5667 5668
f 5627 5668 5628
f 5628 5668 5669
f 5628 5669 5629
f 5629 5669 5670
f 5629 5670 5630
f 5630 5670 5671
f 5630 5671 5631
f 5631 5671 5672
f 5631 5672 5632
f 5632 5672 5673
f 5632 5673 5633
f 5633 5673 5674
f 5633 5674 5634
f 5634 5674 5675
f 5634 5675 5635
f 5635 5675 5676
f 5635 5676 5636
f 5636 5676 5677
f 5636 5677 5637
f 5637 5677 5678
f 5637 5678 5638
f 5638 5678 5679
f 5638 5679 5639
f 5639 5679 5680
f 5639 5680 5640
f 5640 5680 5641
f 5640 5641 5601
f 5641 5681 5682
f 5641 5682 5642
f 5642 5682 5683
f 5642 5683 5643
f 5643 5683 5684
f 5643 5684 5644
f 5644 5684 5685
f 5644 5685 5645
f 5645 5685 5686
f 5645 5686 5646
f 5646 5686 5687
f 5646 5687 5647
f 5647 5687 5688
f 5647 5688 5648
f 5648 5688 5689
f 5648 5689 5649
f 5649 5689 5690
f 5649 5690 5650
f 5650 5690 5691
f 5650 5691 5651
f 5651 5691 5692
f 5651 5692 5652
f 5652 5692 5693
f 5652 5693 5653
f 5653 5693 5694
f 5653 5694 5654
f 5654 5694 5695
f 5654 5695 5655
f 5655 5695 5696
f 5655 5696 5656
f 5656 5696 5697
f 5656 5697 5657
f 5657 5697 5698
f 5657 5698 5658
f 5658 5698 5699
f 5658 5699 5659
f 5659 5699 5700
f 5659 5700 5660
f 5660 5700 5701
f 5660 5701 5661
f 5661 5701 5702
f 5661 5702 5662
f 5662 5702 5703
f 5662 5703 5663
f 5663 5703 5704
f 5663 5704 5664
f 5664 5704 5705
f 5664 5705 5665
f 5665 5705 5706
f 5665 5706 5666
f 5666 5706 5707
f 5666 5707 5667
f 5667 5707 5708
f 5667 5708 5668
f 5668 5708 5709
f 5668 5709 5669
f 5669 5709 5710
f 5669 5710 5670
f 5670 5710 5711
f 5670 5711 5671
f 5671 5711 5712
f 5671 5712 5672
f 5672 5712 5713
f 5672 5713 5673
f 5673 5713 5714
f 5673 5714 5674
f 5674 5714 5715
f 5674 5715 5675
f 5675 5715 5716
f 5675 5716 5676
f 5676 5716 5717
f 5676 5717 5677
f 5677 5717 5718
f 5677 5718 5678
f 5678 5718 5719
f 5678 5719 5679
f 5679 5719 5720
f 5679 5720 5680
f 5680 5720 5681
f 5680 5681 5641
f 5681 5721 5722
f 5681 5722 5682
f 5682 5722 5723
f 5682 5723 5683
f 5683 5723 5724
f 5683 5724 5684
f 5684 5724 5725
f 5684 5725 5685
f 5685 5725 5726
f 5685 5726 5686
f 5686 5726 5727
f 5686 5727 5687
f 5687 5727 5728
f 5687 5728 5688
f 5688 5728 5729
f 5688 5729 5689
f 5689 5729 5730
f 5689 5730 5690
f 5690 5730 5731
f 5690 5731 5691
f 5691 5731 5732
f 5691 5732 5692
f 5692 5732 5733
f 5692 5733 5693
f 5693 5733 5734
f 5693 5734 5694
f 5694 5734 5735
f 5694 5735 5695
f 5695 5735 5736
f 5695 5736 5696
f 5696 5736 5737
f 5696 5737 5697
f 5697 5737 5738
f 5697 5738 5698
f 5698 5738 5739
f 5698 5739 5699
f 5699 5739 5740
f 5699 5740 5700
f 5700 5740 5741
f 5700 5741 5701
f 5701 5741 5742
f 5701 5742 5702
f 5702 5742 5743
f 5702 5743 5703
f 5703 5743 5744
f 5703 5744 5704
f 5704 5744 5745
f 5704 5745 5705
f 5705 5745 5746
f 5705 5746 5706
f 5706 5746 5747
f 5706 5747 5707
f 5707 5747 5748
f 5707 5748 5708
f 5708 5748 5749
f 5708 5749 5709
f 5709 5749 5750
f 5709 5750 5710
f 5710 5750 5751
f 5710 5751 5711
f 5711 5751 5752
f 5711 5752 5712
f 5712 5752 5753
f 5712 5753 5713
f 5713 5753 5754
f 5713 5754 5714
f 5714 5754 5755
f 5714 5755 5715
f 5715 5755 5756
f 5715 5756 5716
f 5716 5756 5757
f 5716 5757 5717
f 5717 5757 5758
f 5717 5758 5718
f 5718 5758 5759
f 5718 5759 5719
f 5719 5759 5760
f 5719 5760 5720
f 5720 5760 5721
f 5720 5721 5681
f 5721 5761 5762
f 5721 5762 5722
f 5722 5762 5763
f 5722 5763 5723
f 5723 5763 5764
f 5723 5764 5724
f 5724 5764 5765
f 5724 5765 5725
f 5725 5765 5766
f 5725 5766 5726
f 5726 5766 5767
f 5726 5767 5727
f 5727 5767 5768
f 5727 5768 5728
f 5728 5768 5769
f 5728 5769 5729
f 5729 5769 5770
f 5729 5770 5730
f 5730 5770 5771
f 5730 5771 5731
f 5731 5771 5772
f 5731 5772 5732
f 5732 5772 5773
f 5732 5773 5733
f 5733 5773 5774
f 5733 5774 5734
f 5734 5774 5775
f 5734 5775 5735
f 5735 5775 5776
f 5735 5776 5736
f 5736 5776 5777
f 5736 5777 5737
f 5737 5777 5778
f 5737 5778 5738
f 5738 5778 5779
f 5738 5779 5739
f 5739 5779 5780
f 5739 5780 5740
f 5740 5780 5781
f 5740 5781 5741
f 5741 5781 5782
f 5741 5782 5742
f 5742 5782 5783
f 5742 5783 5743
f 5743 5783 5784
f 5743 5784 5744
f 5744 5784 5785
f 5744 5785 5745
f 5745 5785 5786
f 5745 5786 5746
f 5746 5786 5787
f 5746 5787 5747
f 5747 5787 5788
f 5747 5788 5748
f 5748 5788 5789
f 5748 5789 5749
f 5749 5789 5790
f 5749 5790 5750
f 5750 5790 5791
f 5750 5791 5751
f 5751 5791 5792
f 5751 5792 5752
f 5752 5792 5793
f 5752 5793 5753
f 5753 5793 5794
f 5753 5794 5754
f 5754 5794 5795
f 5754 5795 5755
f 5755 5795 5796
f 5755 5796 5756
f 5756 5796 5797
f 5756 5797 5757
f 5757 5797 5798
f 5757 5798 5758
f 5758 5798 5799
f 5758 5799 5759
f 5759 5799 5800
f 5759 5800 5760
f 5760 5800 5761
f 5760 5761 5721
f 5761 5801 5802
f 5761 5802 5762
f 5762 5802 5803
f 5762 5803 5763
f 5763 5803 5804
f 5763 5804 5764
f 5764 5804 5805
f 5764 5805 5765
f 5765 5805 5806
f 5765 5806 5766
f 5766 5806 5807
f 5766 5807 5767
f 5767 5807 5808
f 5767 5808 5768
f 5768 5808 5809
f 5768 5809 5769
f 5769 5809 5810
f 5769 5810 5770
f 5770 5810 5811
f 5770 5811 5771
f 5771 5811 5812
f 5771 5812 5772
f 5772 5812 5813
f 5772 5813 5773
f 5773 5813 5814
f 5773 5814 5774
f 5774 5814 5815
f 5774 5815 5775
f 5775 5815 5816
f 5775 5816 5776
f 5776 5816 5817
f 5776 5817 5777
f 5777 5817 5818
f 5777 5818 5778
f 5778 5818 5819
f 5778 5819 5779
f 5779 5819 5820
f 5779 5820 5780
f 5780 5820 5821
f 5780 5821 5781
f 5781 5821 5822
f 5781 5822 5782
f 5782 5822 5823
f 5782 5823 5783
f 5783 5823 5824
f 5783 5824 5784
f 5784 5824 5825
f 5784 5825 5785
f 5785 5825 5826
f 5785 5826 5786
f 5786 5826 5827
f 5786 5827 5787
f 5787 5827 5828
f 5787 5828 5788
f 5788 5828 5829
f 5788 5829 5789
f 5789 5829 5830
f 5789 5830 5790
f 5790 5830 5831
f 5790 5831 5791
f 5791 5831 5832
f 5791 5832 5792
f 5792 5832 5833
f 5792 5833 5793
f 5793 5833 5834
f 5793 5834 5794
f 5794 5834 5835
f 5794 5835 5795
f 5795 5835 5836
f 5795 5836 5796
f 5796 5836 5837
f 5796 5837 5797
f 5797 5837 5838
f 5797 5838 5798
f 5798 5838 5839
f 5798 5839 5799
f 5799 5839 5840
f 5799 5840 5800
f 5800 5840 5801
f 5800 5801 5761
f 5801 5841 5842
f 5801 5842 5802
f 5802 5842 5843
f 5802 5843 5803
f 5803 5843 5844
f 5803 5844 5804
f 5804 5844 5845
f 5804 5845 5805
f 5805 5845 5846
f 5805 5846 5806
f 5806 5846 5847
f 5806 5847 5807
f 5807 5847 5848
f 5807 5848 5808
f 5808 5848 5849
f 5808 5849 5809
f 5809 5849 5850
f 5809 5850 5810
f 5810 5850 5851
f 5810 5851 5811
f 5811 5851 5852
f 5811 5852 5812
f 5812 5852 5853
f 5812 5853 5813
f 5813 5853 5854
f 5813 5854 5814
f 5814 5854 5855
f 5814 5855 5815
f 5815 5855 5856
f 5815 5856 5816
f 5816 5856 5857
f 5816 5857 5817
f 5817 5857 5858
f 5817 5858 5818
f 5818 5858 5859
f 5818 5859 5819
f 5819 5859 5860
f 5819 5860 5820
f 5820 5860 5861
f 5820 5861 5821
f 5821 5861 5862
f 5821 5862 5822
f 5822 5862 5863
f 5822 5863 5823
f 5823 5863 5864
f 5823 5864 5824
f 5824 5864 5865
f 5824 5865 5825
f 5825 5865 5866
f 5825 5866 5826
f 5826 5866 5867
f 5826 5867 5827
f 5827 5867 5868
f 5827 5868 5828
f 5828 5868 5869
f 5828 5869 5829
f 5829 5869 5870
f 5829 5870 5830
f 5830 5870 5871
f 5830 5871 5831
f 5831 5871 5872
f 5831 5872 5832
f 5832 5872 5873
f 5832 5873 5833
f 5833 5873 5874
f 5833 5874 5834
f 5834 5874 5875
f 5834 5875 5835
f 5835 5875 5876
f 5835 5876 5836
f 5836 5876 5877
f 5836 5877 5837
f 5837 5877 5878
f 5837 5878 5838
f 5838 5878 5879
f 5838 5879 5839
f 5839 5879 5880
f 5839 5880 5840
f 5840 5880 5841
f 5840 5841 5801
f 5841 5881 5882
f 5841 5882 5842
f 5842 5882 5883
f 5842 5883 5843
f 5843 5883 5884
f 5843 5884 5844
f 5844 5884 5885
f 5844 5885 5845
f 5845 5885 5886
f 5845 5886 5846
f 5846 5886 5887
f 5846 5887 5847
f 5847 5887 5888
f 5847 5888 5848
f 5848 5888 5889
f 5848 5889 5849
f 5849 5889 5890
f 5849 5890 5850
f 5850 5890 5891
f 5850 5891 5851
f 5851 5891 5892
f 5851 5892 5852
f 5852 5892 5893
f 5852 5893 5853
f 5853 5893 5894
f 5853 5894 5854
f 5854 5894 5895
f 5854 5895 5855
f 5855 5895 5896
f 5855 5896 5856
f 5856 5896 5897
f 5856 5897 5857
f 5857 5897 5898
f 5857 5898 5858
f 5858 5898 5899
f 5858 5899 5859
f 5859 5899 5900
f 5859 5900 5860
f 5860 5900 5901
f 5860 5901 5861
f 5861 5901 5902
f 5861 5902 5862
f 5862 5902 5903
f 5862 5903 5863
f 5863 5903 5904
f 5863 5904 5864
f 5864 5904 5905
f 5864 5905 5865
f 5865 5905 5906
f 5865 5906 5866
f 5866 5906 5907
f 5866 5907 5867
f 5867 5907 5908
f 5867 5908 5868
f 5868 5908 5909
f 5868 5909 5869
f 5869 5909 5910
f 5869 5910 5870
f 5870 5910 5911
f 5870 5911 5871
f 5871 5911 5912
f 5871 5912 5872
f 5872 5912 5913
f 5872 5913 5873
f 5873 5913 5914
f 5873 5914 5874
f 5874 5914 5915
f 5874 5915 5875
f 5875 5915 5916
f 5875 5916 5876
f 5876 5916 5917
f 5876 5917 5877
f 5877 5917 5918
f 5877 5918 5878
f 5878 5918 5919
f 5878 5919 5879
f 5879 5919 5920
f 5879 5920 5880
f 5880 5920 5881
f 5880 5881 5841
f 5881 5921 5922
f 5881 5922 5882
f 5882 5922 5923
f 5882 5923 5883
f 5883 5923 5924
f 5883 5924 5884
f 5884 5924 5925
f 5884 5925 5885
f 5885 5925 5926
f 5885 5926 5886
f 5886 5926 5927
f 5886 5927 5887
f 5887 5927 5928
f 5887 5928 5888
f 5888 5928 5929
f 5888 5929 5889
f 5889 5929 5930
f 5889 5930 5890
f 5890 5930 5931
f 5890 5931 5891
f 5891 5931 5932
f 5891 5932 5892
f 5892 5932 5933
f 5892 5933 5893
f 5893 5933 5934
f 5893 5934 5894
f 5894 5934 5935
f 5894 5935 5895
f 5895 5935 5936
f 5895 5936 5896
f 5896 5936 5937
f 5896 5937 5897
f 5897 5937 5938
f 5897 5938 5898
f 5898 5938 5939
f 5898 5939 5899
f 5899 5939 5940
f 5899 5940 5900
f 5900 5940 5941
f 5900 5941 5901
f 5901 5941 5942
f 5901 5942 5902
f 5902 5942 5943
f 5902 5943 5903
f 5903 5943 5944
f 5903 5944 5904
f 5904 5944 5945
f 5904 5945 5905
f 5905 5945 5946
f 5905 5946 5906
f 5906 5946 5947
f 5906 5947 5907
f 5907 5947 5948
f 5907 5948 5908
f 5908 5948 5949
f 5908 5949 5909
f 5909 5949 5950
f 5909 5950 5910
f 5910 5950 5951
f 5910 5951 5911
f 5911 5951 5952
f 5911 5952 5912
f 5912 5952 5953
f 5912 5953 5913
f 5913 5953 5954
f 5913 5954 5914
f 5914 5954 5955
f 5914 5955 5915
f 5915 5955 5956
f 5915 5956 5916
f 5916 5956 5957
f 5916 5957 5917
f 5917 5957 5958
f 5917 5958 5918
f 5918 5958 5959
f 5918 5959 5919
f 5919 5959 5960
f 5919 5960 5920
f 5920 5960 5921
f 5920 5921 5881
f 5921 5961 5962
f 5921 5962 5922
f 5922 5962 5963
f 5922 5963 5923
f 5923 5963 5964
f 5923 5964 5924
f 5924 5964 5965
f 5924 5965 5925
f 5925 5965 5966
f 5925 5966 5926
f 5926 5966 5967
f 5926 5967 5927
f 5927 5967 5968
f 5927 5968 5928
f 5928 5968 5969
f 5928 5969 5929
f 5929 5969 5970
f 5929 5970 5930
f 5930 5970 5971
f 5930 5971 5931
f 5931 5971 5972
f 5931 5972 5932
f 5932 5972 5973
f 5932 5973 5933
f 5933 5973 5974
f 5933 5974 5934
f 5934 5974 5975
f 5934 5975 5935
f 5935 5975 5976
f 5935 5976 5936
f 5936 5976 5977
f 5936 5977 5937
f 5937 5977 5978
f 5937 5978 5938
f 5938 5978 5979
f 5938 5979 5939
f 5939 5979 5980
f 5939 5980 5940
f 5940 5980 5981
f 5940 5981 5941
f 5941 5981 5982
f 5941 5982 5942
f 5942 5982 5983
f 5942 5983 5943
f 5943 5983 5984
f 5943 5984 5944
f 5944 5984 5985
f 5944 5985 5945
f 5945 5985 5986
f 5945 5986 5946
f 5946 5986 5987
f 5946 5987 5947
f 5947 5987 5988
f 5947 5988 5948
f 5948 5988 5989
f 5948 5989 5949
f 5949 5989 5990
f 5949 5990 5950
f 5950 5990 5991
f 5950 5991 5951
f 5951 5991 5992
f 5951 5992 5952
f 5952 5992 5993
f 5952 5993 5953
f 5953 5993 5994
f 5953 5994 5954
f 5954 5994 5995
f 5954 5995 5955
f 5955 5995 5996
f 5955 5996 5956
f 5956 5996 5997
f 5956 5997 5957
f 5957 5997 5998
f 5957 5998 5958
f 5958 5998 5999
f 5958 5999 5959
f 5959 5999 6000
f 5959 6000 5960
f 5960 6000 5961
f 5960 5961 5921
f 5961 6001 6002
f 5961 6002 5962
f 5962 6002 6003
f 5962 6003 5963
f 5963 6003 6004
f 5963 6004 5964
f 5964 6004 6005
f 5964 6005 5965
f 5965 6005 6006
f 5965 6006 5966
f 5966 6006 6007
f 5966 6007 5967
f 5967 6007 6008
f 5967 6008 5968
f 5968 6008 6009
f 5968 6009 5969
f 5969 6009 6010
f 5969 6010 5970
f 5970 6010 6011
f 5970 6011 5971
f 5971 6011 6012
f 5971 6012 5972
f 5972 6012 6013
f 5972 6013 5973
f 5973 6013 6014
f 5973 6014 5974
f 5974 6014 6015
f 5974 6015 5975
f 5975 6015 6016
f 5975 6016 5976
f 5976 6016 6017
f 5976 6017 5977
f 5977 6017 6018
f 5977 6018 5978
f 5978 6018 6019
f 5978 6019 5979
f 5979 6019 6020
f 5979 6020 5980
f 5980 6020 6021
f 5980 6021 5981
f 5981 6021 6022
f 5981 6022 5982
f 5982 6022 6023
f 5982 6023 5983
f 5983 6023 6024
f 5983 6024 5984
f 5984 6024 6025
f 5984 6025 5985
f 5985 6025 6026
f 5985 6026 5986
f 5986 6026 6027
f 5986 6027 5987
f 5987 6027 6028
f 5987 6028 5988
f 5988 6028 6029
f 5988 6029 5989
f 5989 6029 6030
f 5989 6030 5990
f 5990 6030 6031
f 5990 6031 5991
f 5991 6031 6032
f 5991 6032 5992
f 5992 6032 6033
f 5992 6033 5993
f 5993 6033 6034
f 5993 6034 5994
f 5994 6034 6035
f 5994 6035 5995
f 5995 6035 6036
f 5995 6036 5996
f 5996 6036 6037
f 5996 6037 5997
f 5997 6037 6038
f 5997 6038 5998
f 5998 6038 6039
f 5998 6039 5999
f 5999 6039 6040
f 5999 6040 6000
f 6000 6040 6001
f 6000 6001 5961
f 6001 6041 6042
f 6001 6042 6002
f 6002 6042 6043
f 6002 6043 6003
f 6003 6043 6044
f 6003 6044 6004
f 6004 6044 6045
f 6004 6045 6005
f 6005 6045 6046
f 6005 6046 6006
f 6006 6046 6047
f 6006 6047 6007
f 6007 6047 6048
f 6007 6048 6008
f 6008 6048 6049
f 6008 6049 6009
f 6009 6049 6050
f 6009 6050 6010
f 6010 6050 6051
f 6010 6051 6011
f 6011 6051 6052
f 6011 6052 6012
f 6012 6052 6053
f 6012 6053 6013
f 6013 6053 6054
f 6013 6054 6014
f 6014 6054 6055
f 6014 6055 6015
f 6015 6055 6056
f 6015 6056 6016
f 6016 6056 6057
f 6016 6057 6017
f 6017 6057 6058
f 6017 6058 6018
f 6018 6058 6059
f 6018 6059 6019
f 6019 6059 6060
f 6019 6060 6020
f 6020 6060 6061
f 6020 6061 6021
f 6021 6061 6062
f 6021 6062 6022
f 6022 6062 6063
f 6022 6063 6023
f 6023 6063 6064
f 6023 6064 6024
f 6024 6064 6065
f 6024 6065 6025
f 6025 6065 6066
f 6025 6066 6026
f 6026 6066 6067
f 6026 6067 6027
f 6027 6067 6068
f 6027 6068 6028
f 6028 6068 6069
f 6028 6069 6029
f 6029 6069 6070
f 6029 6070 6030
f 6030 6070 6071
f 6030 6071 6031
f 6031 6071 6072
f 6031 6072 6032
f 6032 6072 6073
f 6032 6073 6033
f 6033 6073 6074
f 6033 6074 6034
f 6034 6074 6075
f 6034 6075 6035
f 6035 6075 6076
f 6035 6076 6036
f 6036 6076 6077
f 6036 6077 6037
f 6037 6077 6078
f 6037 6078 6038
f 6038 6078 6079
f 6038 6079 6039
f 6039 6079 6080
f 6039 6080 6040
f 6040 6080 6041
f 6040 6041 6001
f 6041 6081 6082
f 6041 6082 6042
f 6042 6082 6083
f 6042 6083 6043
f 6043 6083 6084
f 6043 6084 6044
f 6044 6084 6085
f 6044 6085 6045
f 6045 6085 6086
f 6045 6086 6046
f 6046 6086 6087
f 6046 6087 6047
f 6047 6087 6088
f 6047 6088 6048
f 6048 6088 6089
f 6048 6089 6049
f 6049 6089 6090
f 6049 6090 6050
f 6050 6090 6091
f 6050 6091 6051
f 6051 6091 6092
f 6051 6092 6052
f 6052 6092 6093
f 6052 6093 6053
f 6053 6093 6094
f 6053 6094 6054
f 6054 6094 6095
f 6054 6095 6055
f 6055 6095 6096
f 6055 6096 6056
f 6056 6096 6097
f 6056 6097 6057
f 6057 6097 6098
f 6057 6098 6058
f 6058 6098 6099
f 6058 6099 6059
f 6059 6099 6100
f 6059 6100 6060
f 6060 6100 6101
f 6060 6101 6061
f 6061 6101 6102
f 6061 6102 6062
f 6062 6102 6103
f 6062 6103 6063
f 6063 6103 6104
f 6063 6104 6064
f 6064 6104 6105
f 6064 6105 6065
f 6065 6105 6106
f 6065 6106 6066
f 6066 6106 6107
f 6066 6107 6067
f 6067 6107 6108
f 6067 6108 6068
f 6068 6108 6109
f 6068 6109 6069
f 6069 6109 6110
f 6069 6110 6070
f 6070 6110 6111
f 6070 6111 6071
f 6071 6111 6112
f 6071 6112 6072
f 6072 6112 6113
f 6072 6113 6073
f 6073 6113 6114
f 6073 6114 6074
f 6074 6114 6115
f 6074 6115 6075
f 6075 6115 6116
f 6075 6116 6076
f 6076 6116 6117
f 6076 6117 6077
f 6077 6117 6118
f 6077 6118 6078
f 6078 6118 6119
f 6078 6119 6079
f 6079 6119 6120
f 6079 6120 6080
f 6080 6120 6081
f 6080 6081 6041
f 6081 6121 6122
f 6081 6122 6082
f 6082 6122 6123
f 6082 6123 6083
f 6083 6123 6124
f 6083 6124 6084
f 6084 6124 6125
f 6084 6125 6085
f 6085 6125 6126
f 6085 6126 6086
f 6086 6126 6127
f 6086 6127 6087
f 6087 6127 6128
f 6087 6128 6088
f 6088 6128 6129
f 6088 6129 6089
f 6089 6129 6130
f 6089 6130 6090
f 6090 6130 6131
f 6090 6131 6091
f 6091 6131 6132
f 6091 6132 6092
f 6092 6132 6133
f 6092 6133 6093
f 6093 6133 6134
f 6093 6134 6094
f 6094 6134 6135
f 6094 6135 6095
f 6095 6135 6136
f 6095 6136 6096
f 6096 6136 6137
f 6096 6137 6097
f 6097 6137 6138
f 6097 6138 6098
f 6098 6138 6139
f 6098 6139 6099
f 6099 6139 6140
f 6099 6140 6100
f 6100 6140 6141
f 6100 6141 6101
f 6101 6141 6142
f 6101 6142 6102
f 6102 6142 6143
f 6102 6143 6103
f 6103 6143 6144
f 6103 6144 6104
f 6104 6144 6145
f 6104 6145 6105
f 6105 6145 6146
f 6105 6146 6106
f 6106 6146 6147
f 6106 6147 6107
f 6107 6147 6148
f 6107 6148 6108
f 6108 6148 6149
f 6108 6149 6109
f 6109 6149 6150
f 6109 6150 6110
f 6110 6150 6151
f 6110 6151 6111
f 6111 6151 6152
f 6111 6152 6112
f 6112 6152 6153
f 6112 6153 6113
f 6113 6153 6154
f 6113 6154 6114
f 6114 6154 6155
f 6114 6155 6115
f 6115 6155 6156
f 6115 6156 6116
f 6116 6156 6157
f 6116 6157 6117
f 6117 6157 6158
f 6117 6158 6118
f 6118 6158 6159
f 6118 6159 6119
f 6119 6159 6160
f 6119 6160 6120
f 6120 6160 6121
f 6120 6121 6081
f 6121 6161 6162
f 6121 6162 6122
f 6122 6162 6163
f 6122 6163 6123
f 6123 6163 6164
f 6123 6164 6124
f 6124 6164 6165
f 6124 6165 6125
f 6125 6165 6166
f 6125 6166 6126
f 6126 6166 6167
f 6126 6167 6127
f 6127 6167 6168
f 6127 6168 6128
f 6128 6168 6169
f 6128 6169 6129
f 6129 6169 6170
f 6129 6170 6130
f 6130 6170 6171
f 6130 6171 6131
f 6131 6171 6172
f 6131 6172 6132
f 6132 6172 6173
f 6132 6173 6133
f 6133 6173 6174
f 6133 6174 6134
f 6134 6174 6175
f 6134 6175 6135
f 6135 6175 6176
f 6135 6176 6136
f 6136 6176 6177
f 6136 6177 6137
f 6137 6177 6178
f 6137 6178 6138
f 6138 6178 6179
f 6138 6179 6139
f 6139 6179 6180
f 6139 6180 6140
f 6140 6180 6181
f 6140 6181 6141
f 6141 6181 6182
f 6141 6182 6142
f 6142 6182 6183
f 6142 6183 6143
f 6143 6183 6184
f 6143 6184 6144
f 6144 6184 6185
f 6144 6185 6145
f 6145 6185 6186
f 6145 6186 6146
f 6146 6186 6187
f 6146 6187 6147
f 6147 6187 6188
f 6147 6188 6148
f 6148 6188 6189
f 6148 6189 6149
f 6149 6189 6190
f 6149 6190 6150
f 6150 6190 6191
f 6150 6191 6151
f 6151 6191 6192
f 6151 6192 6152
f 6152 6192 6193
f 6152 6193 6153
f 6153 6193 6194
f 6153 6194 6154
f 6154 6194 6195
f 6154 6195 6155
f 6155 6195 6196
f 6155 6196 6156
f 6156 6196 6197
f 6156 6197 6157
f 6157 6197 6198
f 6157 6198 6158
f 6158 6198 6199
f 6158 6199 6159
f 6159 6199 6200
f 6159 6200 6160
f 6160 6200 6161
f 6160 6161 6121
f 6161 6201 6202
f 6161 6202 6162
f 6162 6202 6203
f 6162 6203 6163
f 6163 6203 6204
f 6163 6204 6164
f 6164 6204 6205
f 6164 6205 6165
f 6165 6205 6206
f 6165 6206 6166
f 6166 6206 6207
f 6166 6207 6167
f 6167 6207 6208
f 6167 6208 6168
f 6168 6208 6209
f 6168 6209 6169
f 6169 6209 6210
f 6169 6210 6170
f 6170 6210 6211
f 6170 6211 6171
f 6171 6211 6212
f 6171 6212 6172
f 6172 6212 6213
f 6172 6213 6173
f 6173 6213 6214
f 6173 6214 6174
f 6174 6214 6215
f 6174 6215 6175
f 6175 6215 6216
f 6175 6216 6176
f 6176 6216 6217
f 6176 6217 6177
f 6177 6217 6218
f 6177 6218 6178
f 6178 6218 6219
f 6178 6219 6179
f 6179 6219 6220
f 6179 6220 6180
f 6180 6220 6221
f 6180 6221 6181
f 6181 6221 6222
f 6181 6222 6182
f 6182 6222 6223
f 6182 6223 6183
f 6183 6223 6224
f 6183 6224 6184
f 6184 6224 6225
f 6184 6225 6185
f 6185 6225 6226
f 6185 6226 6186
f 6186 6226 6227
f 6186 6227 6187
f 6187 6227 6228
f 6187 6228 6188
f 6188 6228 6229
f 6188 6229 6189
f 6189 6229 6230
f 6189 6230 6190
f 6190 6230 6231
f 6190 6231 6191
f 6191 6231 6232
f 6191 6232 6192
f 6192 6232 6233
f 6192 6233 6193
f 6193 6233 6234
f 6193 6234 6194
f 6194 6234 6235
f 6194 6235 6195
f 6195 6235 6236
f 6195 6236 6196
f 6196 6236 6237
f 6196 6237 6197
f 6197 6237 6238
f 6197 6238 6198
f 6198 6238 6239
f 6198 6239 6199
f 6199 6239 6240
f 6199 6240 6200
f 6200 6240 6201
f 6200 6201 6161
f 6201 6241 6242
f 6201 6242 6202
f 6202 6242 6243
f 6202 6243 6203
f 6203 6243 6244
f 6203 6244 6204
f 6204 6244 6245
f 6204 6245 6205
f 6205 6245 6246
f 6205 6246 6206
f 6206 6246 6247
f 6206 6247 6207
f 6207 6247 6248
f 6207 6248 6208
f 6208 6248 6249
f 6208 6249 6209
f 6209 6249 6250
f 6209 6250 6210
f 6210 6250 6251
f 6210 6251 6211
f 6211 6251 6252
f 6211 6252 6212
f 6212 6252 6253
f 6212 6253 6213
f 6213 6253 6254
f 6213 6254 6214
f 6214 6254 6255
f 6214 6255 6215
f 6215 6255 6256
f 6215 6256 6216
f 6216 6256 6257
f 6216 6257 6217
f 6217 6257 6258
f 6217 6258 6218
f 6218 6258 6259
f 6218 6259 6219
f 6219 6259 6260
f 6219 6260 6220
f 6220 6260 6261
f 6220 6261 6221
f 6221 6261 6262
f 6221 6262 6222
f 6222 6262 6263
f 6222 6263 6223
f 6223 6263 6264
f 6223 6264 6224
f 6224 6264 6265
f 6224 6265 6225
f 6225 6265 6266
f 6225 6266 6226
f 6226 6266 6267
f 6226 6267 6227
f 6227 6267 6268
f 6227 6268 6228
f 6228 6268 6269
f 6228 6269 6229
f 6229 6269 6270
f 6229 6270 6230
f 6230 6270 6271
f 6230 6271 6231
f 6231 6271 6272
f 6231 6272 6232
f 6232 6272 6273
f 6232 6273 6233
f 6233 6273 6274
f 6233 6274 6234
f 6234 6274 6275
f 6234 6275 6235
f 6235 6275 6276
f 6235 6276 6236
f 6236 6276 6277
f 6236 6277 6237
f 6237 6277 6278
f 6237 6278 6238
f 6238 6278 6279
f 6238 6279 6239
f 6239 6279 6280
f 6239 6280 6240
f 6240 6280 6241
f 6240 6241 6201
f 6241 6281 6282
f 6241 6282 6242
f 6242 6282 6283
f 6242 6283 6243
f 6243 6283 6284
f 6243 6284 6244
f 6244 6284 6285
f 6244 6285 6245
f 6245 6285 6286
f 6245 6286 6246
f 6246 6286 6287
f 6246 6287 6247
f 6247 6287 6288
f 6247 6288 6248
f 6248 6288 6289
f 6248 6289 6249
f 6249 6289 6290
f 6249 6290 6250
f 6250 6290 6291
f 6250 6291 6251
f 6251 6291 6292
f 6251 6292 6252
f 6252 6292 6293
f 6252 6293 6253
f 6253 6293 6294
f 6253 6294 6254
f 6254 6294 6295
f 6254 6295 6255
f 6255 6295 6296
f 6255 6296 6256
f 6256 6296 6297
f 6256 6297 6257
f 6257 6297 6298
f 6257 6298 6258
f 6258 6298 6299
f 6258 6299 6259
f 6259 6299 6300
f 6259 6300 6260
f 6260 6300 6301
f 6260 6301 6261
f 6261 6301 6302
f 6261 6302 6262
f 6262 6302 6303
f 6262 6303 6263
f 6263 6303 6304
f 6263 6304 6264
f 6264 6304 6305
f 6264 6305 6265
f 6265 6305 6306
f 6265 6306 6266
f 6266 6306 6307
f 6266 6307 6267
f 6267 6307 6308
f 6267 6308 6268
f 6268 6308 6309
f 6268 6309 6269
f 6269 6309 6310
f 6269 6310 6270
f 6270 6310 6311
f 6270 6311 6271
f 6271 6311 6312
f 6271 6312 6272
f 6272 6312 6313
f 6272 6313 6273
f 6273 6313 6314
f 6273 6314 6274
f 6274 6314 6315
f 6274 6315 6275
f 6275 6315 6316
f 6275 6316 6276
f 6276 6316 6317
f 6276 6317 6277
f 6277 6317 6318
f 6277 6318 6278
f 6278 6318 6319
f 6278 6319 6279
f 6279 6319 6320
f 6279 6320 6280
f 6280 6320 6281
f 6280 6281 6241
f 6281 6321 6322
f 6281 6322 6282
f 6282 6322 6323
f 6282 6323 6283
f 6283 6323 6324
f 6283 6324 6284
f 6284 6324 6325
f 6284 6325 6285
f 6285 6325 6326
f 6285 6326 6286
f 6286 6326 6327
f 6286 6327 6287
f 6287 6327 6328
f 6287 6328 6288
f 6288 6328 6329
f 6288 6329 6289
f 6289 6329 6330
f 6289 6330 6290
f 6290 6330 6331
f 6290 6331 6291
f 6291 6331 6332
f 6291 6332 6292
f 6292 6332 6333
f 6292 6333 6293
f 6293 6333 6334
f 6293 6334 6294
f 6294 6334 6335
f 6294 6335 6295
f 6295 6335 6336
f 6295 6336 6296
f 6296 6336 6337
f 6296 6337 6297
f 6297 6337 6338
f 6297 6338 6298
f 6298 6338 6339
f 6298 6339 6299
f 6299 6339 6340
f 6299 6340 6300
f 6300 6340 6341
f 6300 6341 6301
f 6301 6341 6342
f 6301 6342 6302
f 6302 6342 6343
f 6302 6343 6303
f 6303 6343 6344
f 6303 6344 6304
f 6304 6344 6345
f 6304 6345 6305
f 6305 6345 6346
f 6305 6346 6306
f 6306 6346 6347
f 6306 6347 6307
f 6307 6347 6348
f 6307 6348 6308
f 6308 6348 6349
f 6308 6349 6309
f 6309 6349 6350
f 6309 6350 6310
f 6310 6350 6351
f 6310 6351 6311
f 6311 6351 6352
f 6311 6352 6312
f 6312 6352 6353
f 6312 6353 6313
f 6313 6353 6354
f 6313 6354 6314
f 6314 6354 6355
f 6314 6355 6315
f 6315 6355 6356
f 6315 6356 6316
f 6316 6356 6357
f 6316 6357 6317
f 6317 6357 6358
f 6317 6358 6318
f 6318 6358 6359
f 6318 6359 6319
f 6319 6359 6360
f 6319 6360 6320
f 6320 6360 6321
f 6320 6321 6281
f 6321 6361 6362
f 6321 6362 6322
f 6322 6362 6363
f 6322 6363 6323
f 6323 6363 6364
f 6323 6364 6324
f 6324 6364 6365
f 6324 6365 6325
f 6325 6365 6366
f 6325 6366 6326
f 6326 6366 6367
f 6326 6367 6327
f 6327 6367 6368
f 6327 6368 6328
f 6328 6368 6369
f 6328 6369 6329
f 6329 6369 6370
f 6329 6370 6330
f 6330 6370 6371
f 6330 6371 6331
f 6331 6371 6372
f 6331 6372 6332
f 6332 6372 6373
f 6332 6373 6333
f 6333 6373 6374
f 6333 6374 6334
f 6334 6374 6375
f 6334 6375 6335
f 6335 6375 6376
f 6335 6376 6336
f 6336 6376 6377
f 6336 6377 6337
f 6337 6377 6378
f 6337 6378 6338
f 6338 6378 6379
f 6338 6379 6339
f 6339 6379 6380
f 6339 6380 6340
f 6340 6380 6381
f 6340 6381 6341
f 6341 6381 6382
f 6341 6382 6342
f 6342 6382 6383
f 6342 6383 6343
f 6343 6383 6384
f 6343 6384 6344
f 6344 6384 6385
f 6344 6385 6345
f 6345 6385 6386
f 6345 6386 6346
f 6346 6386 6387
f 6346 6387 6347
f 6347 6387 6388
f 6347 6388 6348
f 6348 6388 6389
f 6348 6389 6349
f 6349 6389 6390
f 6349 6390 6350
f 6350 6390 6391
f 6350 6391 6351
f 6351 6391 6392
f 6351 6392 6352
f 6352 6392 6393
f 6352 6393 6353
f 6353 6393 6394
f 6353 6394 6354
f 6354 6394 6395
f 6354 6395 6355
f 6355 6395 6396
f 6355 6396 6356
f 6356 6396 6397
f 6356 6397 6357
f 6357 6397 6398
f 6357 6398 6358
f 6358 6398 6399
f 6358 6399 6359
f 6359 6399 6400
f 6359 6400 6360
f 6360 6400 6361
f 6360 6361 6321
f 6361 6401 6402
f 6361 6402 6362
f 6362 6402 6403
f 6362 6403 6363
f 6363 6403 6404
f 6363 6404 6364
f 6364 6404 6405
f 6364 6405 6365
f 6365 6405 6406
f 6365 6406 6366
f 6366 6406 6407
f 6366 6407 6367
f 6367 6407 6408
f 6367 6408 6368
f 6368 6408 6409
f 6368 6409 6369
f 6369 6409 6410
f 6369 6410 6370
f 6370 6410 6411
f 6370 6411 6371
f 6371 6411 6412
f 6371 6412 6372
f 6372 6412 6413
f 6372 6413 6373
f 6373 6413 6414
f 6373 6414 6374
f 6374 6414 6415
f 6374 6415 6375
f 6375 6415 6416
f 6375 6416 6376
f 6376 6416 6417
f 6376 6417 6377
f 6377 6417 6418
f 6377 6418 6378
f 6378 6418 6419
f 6378 6419 6379
f 6379 6419 6420
f 6379 6420 6380
f 6380 6420 6421
f 6380 6421 6381
f 6381 6421 6422
f 6381 6422 6382
f 6382 6422 6423
f 6382 6423 6383
f 6383 6423 6424
f 6383 6424 6384
f 6384 6424 6425
f 6384 6425 6385
f 6385 6425 6426
f 6385 6426 6386
f 6386 6426 6427
f 6386 6427 6387
f 6387 6427 6428
f 6387 6428 6388
f 6388 6428 6429
f 6388 6429 6389
f 6389 6429 6430
f 6389 6430 6390
f 6390 6430 6431
f 6390 6431 6391
f 6391 6431 6432
f 6391 6432 6392
f 6392 6432 6433
f 6392 6433 6393
f 6393 6433 6434
f 6393 6434 6394
f 6394 6434 6435
f 6394 6435 6395
f 6395 6435 6436
f 6395 6436 6396
f 6396 6436 6437
f 6396 6437 6397
f 6397 6437 6438
f 6397 6438 6398
f 6398 6438 6439
f 6398 6439 6399
f 6399 6439 6440
f 6399 6440 6400
f 6400 6440 6401
f 6400 6401 6361
f 6401 6441 6442
f 6401 6442 6402
f 6402 6442 6443
f 6402 6443 6403
f 6403 6443 6444
f 6403 6444 6404
f 6404 6444 6445
f 6404 6445 6405
f 6405 6445 6446
f 6405 6446 6406
f 6406 6446 6447
f 6406 6447 6407
f 6407 6447 6448
f 6407 6448 6408
f 6408 6448 6449
f 6408 6449 6409
f 6409 6449 6450
f 6409 6450 6410
f 6410 6450 6451
f 6410 6451 6411
f 6411 6451 6452
f 6411 6452 6412
f 6412 6452 6453
f 6412 6453 6413
f 6413 6453 6454
f 6413 6454 6414
f 6414 6454 6455
f 6414 6455 6415
f 6415 6455 6456
f 6415 6456 6416
f 6416 6456 6457
f 6416 6457 6417
f 6417 6457 6458
f 6417 6458 6418
f 6418 6458 6459
f 6418 6459 6419
f 6419 6459 6460
f 6419 6460 6420
f 6420 6460 6461
f 6420 6461 6421
f 6421 6461 6462
f 6421 6462 6422
f 6422 6462 6463
f 6422 6463 6423
f 6423 6463 6464
f 6423 6464 6424
f 6424 6464 6465
f 6424 6465 6425
f 6425 6465 6466
f 6425 6466 6426
f 6426 6466 6467
f 6426 6467 6427
f 6427 6467 6468
f 6427 6468 6428
f 6428 6468 6469
f 6428 6469 6429
f 6429 6469 6470
f 6429 6470 6430
f 6430 6470 6471
f 6430 6471 6431
f 6431 6471 6472
f 6431 6472 6432
f 6432 6472 6473
f 6432 6473 6433
f 6433 6473 6474
f 6433 6474 6434
f 6434 6474 6475
f 6434 6475 6435
f 6435 6475 6476
f 6435 6476 6436
f 6436 6476 6477
f 6436 6477 6437
f 6437 6477 6478
f 6437 6478 6438
f 6438 6478 6479
f 6438 6479 6439
f 6439 6479 6480
f 6439 6480 6440
f 6440 6480 6441
f 6440 6441 6401
f 6441 6481 6482
f 6441 6482 6442
f 6442 6482 6483
f 6442 6483 6443
f 6443 6483 6484
f 6443 6484 6444
f 6444 6484 6485
f 6444 6485 6445
f 6445 6485 6486
f 6445 6486 6446
f 6446 6486 6487
f 6446 6487 6447
f 6447 6487 6488
f 6447 6488 6448
f 6448 6488 6489
f 6448 6489 6449
f 6449 6489 6490
f 6449 6490 6450
f 6450 6490 6491
f 6450 6491 6451
f 6451 6491 6492
f 6451 6492 6452
f 6452 6492 6493
f 6452 6493 6453
f 6453 6493 6494
f 6453 6494 6454
f 6454 6494 6495
f 6454 6495 6455
f 6455 6495 6496
f 6455 6496 6456
f 6456 6496 6497
f 6456 6497 6457
f 6457 6497 6498
f 6457 6498 6458
f 6458 6498 6499
f 6458 6499 6459
f 6459 6499 6500
f 6459 6500 6460
f 6460 6500 6501
f 6460 6501 6461
f 6461 6501 6502
f 6461 6502 6462
f 6462 6502 6503
f 6462 6503 6463
f 6463 6503 6504
f 6463 6504 6464
f 6464 6504 6505
f 6464 6505 6465
f 6465 6505 6506
f 6465 6506 6466
f 6466 6506 6507
f 6466 6507 6467
f 6467 6507 6508
f 6467 6508 6468
f 6468 6508 6509
f 6468 6509 6469
f 6469 6509 6510
f 6469 6510 6470
f 6470 6510 6511
f 6470 6511 6471
f 6471 6511 6512
f 6471 6512 6472
f 6472 6512 6513
f 6472 6513 6473
f 6473 6513 6514
f 6473 6514 6474
f 6474 6514 6515
f 6474 6515 6475
f 6475 6515 6516
f 6475 6516 6476
f 6476 6516 6517
f 6476 6517 6477
f 6477 6517 6518
f 6477 6518 6478
f 6478 6518 6519
f 6478 6519 6479
f 6479 6519 6520
f 6479 6520 6480
f 6480 6520 6481
f 6480 6481 6441
f 6481 6521 6522
f 6481 6522 6482
f 6482 6522 6523
f 6482 6523 6483
f 6483 6523 6524
f 6483 6524 6484
f 6484 6524 6525
f 6484 6525 6485
f 6485 6525 6526
f 6485 6526 6486
f 6486 6526 6527
f 6486 6527 6487
f 6487 6527 6528
f 6487 6528 6488
f 6488 6528 6529
f 6488 6529 6489
f 6489 6529 6530
f 6489 6530 6490
f 6490 6530 6531
f 6490 6531 6491
f 6491 6531 6532
f 6491 6532 6492
f 6492 6532 6533
f 6492 6533 6493
f 6493 6533 6534
f 6493 6534 6494
f 6494 6534 6535
f 6494 6535 6495
f 6495 6535 6536
f 6495 6536 6496
f 6496 6536 6537
f 6496 6537 6497
f 6497 6537 6538
f 6497 6538 6498
f 6498 6538 6539
f 6498 6539 6499
f 6499 6539 6540
f 6499 6540 6500
f 6500 6540 6541
f 6500 6541 6501
f 6501 6541 6542
f 6501 6542 6502
f 6502 6542 6543
f 6502 6543 6503
f 6503 6543 6544
f 6503 6544 6504
f 6504 6544 6545
f 6504 6545 6505
f 6505 6545 6546
f 6505 6546 6506
f 6506 6546 6547
f 6506 6547 6507
f 6507 6547 6548
f 6507 6548 6508
f 6508 6548 6549
f 6508 6549 6509
f 6509 6549 6550
f 6509 6550 6510
f 6510 6550 6551
f 6510 6551 6511
f 6511 6551 6552
f 6511 6552 6512
f 6512 6552 6553
f 6512 6553 6513
f 6513 6553 6554
f 6513 6554 6514
f 6514 6554 6555
f 6514 6555 6515
f 6515 6555 6556
f 6515 6556 6516
f 6516 6556 6557
f 6516 6557 6517
f 6517 6557 6558
f 6517 6558 6518
f 6518 6558 6559
f 6518 6559 6519
f 6519 6559 6560
f 6519 6560 6520
f 6520 6560 6521
f 6520 6521 6481
f 6521 6561 6562
f 6521 6562 6522
f 6522 6562 6563
f 6522 6563 6523
f 6523 6563 6564
f 6523 6564 6524
f 6524 6564 6565
f 6524 6565 6525
f 6525 6565 6566
f 6525 6566 6526
f 6526 6566 6567
f 6526 6567 6527
f 6527 6567 6568
f 6527 6568 6528
f 6528 6568 6569
f 6528 6569 6529
f 6529 6569 6570
f 6529 6570 6530
f 6530 6570 6571
f 6530 6571 6531
f 6531 6571 6572
f 6531 6572 6532
f 6532 6572 6573
f 6532 6573 6533
f 6533 6573 6574
f 6533 6574 6534
f 6534 6574 6575
f 6534 6575 6535
f 6535 6575 6576
f 6535 6576 6536
f 6536 6576 6577
f 6536 6577 6537
f 6537 6577 6578
f 6537 6578 6538
f 6538 6578 6579
f 6538 6579 6539
f 6539 6579 6580
f 6539 6580 6540
f 6540 6580 6581
f 6540 6581 6541
f 6541 6581 6582
f 6541 6582 6542
f 6542 6582 6583
f 6542 6583 6543
f 6543 6583 6584
f 6543 6584 6544
f 6544 6584 6585
f 6544 6585 6545
f 6545 6585 6586
f 6545 6586 6546
f 6546 6586 6587
f 6546 6587 6547
f 6547 6587 6588
f 6547 6588 6548
f 6548 6588 6589
f 6548 6589 6549
f 6549 6589 6590
f 6549 6590 6550
f 6550 6590 6591
f 6550 6591 6551
f 6551 6591 6592
f 6551 6592 6552
f 6552 6592 6593
f 6552 6593 6553
f 6553 6593 6594
f 6553 6594 6554
f 6554 6594 6595
f 6554 6595 6555
f 6555 6595 6596
f 6555 6596 6556
f 6556 6596 6597
f 6556 6597 6557
f 6557 6597 6598
f 6557 6598 6558
f 6558 6598 6599
f 6558 6599 6559
f 6559 6599 6600
f 6559 6600 6560
f 6560 6600 6561
f 6560 6561 6521
f 6561 6601 6602
f 6561 6602 6562
f 6562 6602 6603
f 6562 6603 6563
f 6563 6603 6604
f 6563 6604 6564
f 6564 6604 6605
f 6564 6605 6565
f 6565 6605 6606
f 6565 6606 6566
f 6566 6606 6607
f 6566 6607 6567
f 6567 6607 6608
f 6567 6608 6568
f 6568 6608 6609
f 6568 6609 6569
f 6569 6609 6610
f 6569 6610 6570
f 6570 6610 6611
f 6570 6611 6571
f 6571 6611 6612
f 6571 6612 6572
f 6572 6612 6613
f 6572 6613 6573
f 6573 6613 6614
f 6573 6614 6574
f 6574 6614 6615
f 6574 6615 6575
f 6575 6615 6616
f 6575 6616 6576
f 6576 6616 6617
f 6576 6617 6577
f 6577 6617 6618
f 6577 6618 6578
f 6578 6618 6619
f 6578 6619 6579
f 6579 6619 6620
f 6579 6620 6580
f 6580 6620 6621
f 6580 6621 6581
f 6581 6621 6622
f 6581 6622 6582
f 6582 6622 6623
f 6582 6623 6583
f 6583 6623 6624
f 6583 6624 6584
f 6584 6624 6625
f 6584 6625 6585
f 6585 6625 6626
f 6585 6626 6586
f 6586 6626 6627
f 6586 6627 6587
f 6587 6627 6628
f 6587 6628 6588
f 6588 6628 6629
f 6588 6629 6589
f 6589 6629 6630
f 6589 6630 6590
f 6590 6630 6631
f 6590 6631 6591
f 6591 6631 6632
f 6591 6632 6592
f 6592 6632 6633
f 6592 6633 6593
f 6593 6633 6634
f 6593 6634 6594
f 6594 6634 6635
f 6594 6635 6595
f 6595 6635 6636
f 6595 6636 6596
f 6596 6636 6637
f 6596 6637 6597
f 6597 6637 6638
f 6597 6638 6598
f 6598 6638 6639
f 6598 6639 6599
f 6599 6639 6640
f 6599 6640 6600
f 6600 6640 6601
f 6600 6601 6561
f 6601 6641 6642
f 6601 6642 6602
f 6602 6642 6643
f 6602 6643 6603
f 6603 6643 6644
f 6603 6644 6604
f 6604 6644 6645
f 6604 6645 6605
f 6605 6645 6646
f 6605 6646 6606
f 6606 6646 6647
f 6606 6647 6607
f 6607 6647 6648
f 6607 6648 6608
f 6608 6648 6649
f 6608 6649 6609
f 6609 6649 6650
f 6609 6650 6610
f 6610 6650 6651
f 6610 6651 6611
f 6611 6651 6652
f 6611 6652 6612
f 6612 6652 6653
f 6612 6653 6613
f 6613 6653 6654
f 6613 6654 6614
f 6614 6654 6655
f 6614 6655 6615
f 6615 6655 6656
f 6615 6656 6616
f 6616 6656 6657
f 6616 6657 6617
f 6617 6657 6658
f 6617 6658 6618
f 6618 6658 6659
f 6618 6659 6619
f 6619 6659 6660
f 6619 6660 6620
f 6620 6660 6661
f 6620 6661 6621
f 6621 6661 6662
f 6621 6662 6622
f 6622 6662 6663
f 6622 6663 6623
f 6623 6663 6664
f 6623 6664 6624
f 6624 6664 6665
f 6624 6665 6625
f 6625 6665 6666
f 6625 6666 6626
f 6626 6666 6667
f 6626 6667 6627
f 6627 6667 6668
f 6627 6668 6628
f 6628 6668 6669
f 6628 6669 6629
f 6629 6669 6670
f 6629 6670 6630
f 6630 6670 6671
f 6630 6671 6631
f 6631 6671 6672
f 6631 6672 6632
f 6632 6672 6673
f 6632 6673 6633
f 6633 6673 6674
f 6633 6674 6634
f 6634 6674 6675
f 6634 6675 6635
f 6635 6675 6676
f 6635 6676 6636
f 6636 6676 6677
f 6636 6677 6637
f 6637 6677 6678
f 6637 6678 6638
f 6638 6678 6679
f 6638 6679 6639
f 6639 6679 6680
f 6639 6680 6640
f 6640 6680 6641
f 6640 6641 6601
f 6641 6681 6682
f 6641 6682 6642
f 6642 6682 6683
f 6642 6683 6643
f 6643 6683 6684
f 6643 6684 6644
f 6644 6684 6685
f 6644 6685 6645
f 6645 6685 6686
f 6645 6686 6646
f 6646 6686 6687
f 6646 6687 6647
f 6647 6687 6688
f 6647 6688 6648
f 6648 6688 6689
f 6648 6689 6649
f 6649 6689 6690
f 6649 6690 6650
f 6650 6690 6691
f 6650 6691 6651
f 6651 6691 6692
f 6651 6692 6652
f 6652 6692 6693
f 6652 6693 6653
f 6653 6693 6694
f 6653 6694 6654
f 6654 6694 6695
f 6654 6695 6655
f 6655 6695 6696
f 6655 6696 6656
f 6656 6696 6697
f 6656 6697 6657
f 6657 6697 6698
f 6657 6698 6658
f 6658 6698 6699
f 6658 6699 6659
f 6659 6699 6700
f 6659 6700 6660
f 6660 6700 6701
f 6660 6701 6661
f 6661 6701 6702
f 6661 6702 6662
f 6662 6702 6703
f 6662 6703 6663
f 6663 6703 6704
f 6663 6704 6664
f 6664 6704 6705
f 6664 6705 6665
f 6665 6705 6706
f 6665 6706 6666
f 6666 6706 6707
f 6666 6707 6667
f 6667 6707 6708
f 6667 6708 6668
f 6668 6708 6709
f 6668 6709 6669
f 6669 6709 6710
f 6669 6710 6670
f 6670 6710 6711
f 6670 6711 6671
f 6671 6711 6712
f 6671 6712 6672
f 6672 6712 6713
f 6672 6713 6673
f 6673 6713 6714
f 6673 6714 6674
f 6674 6714 6715
f 6674 6715 6675
f 6675 6715 6716
f 6675 6716 6676
f 6676 6716 6717
f 6676 6717 6677
f 6677 6717 6718
f 6677 6718 6678
f 6678 6718 6719
f 6678 6719 6679
f 6679 6719 6720
f 6679 6720 6680
f 6680 6720 6681
f 6680 6681 6641
f 6681 6721 6722
f 6681 6722 6682
f 6682 6722 6723
f 6682 6723 6683
f 6683 6723 6724
f 6683 6724 6684
f 6684 6724 6725
f 6684 6725 6685
f 6685 6725 6726
f 6685 6726 6686
f 6686 6726 6727
f 6686 6727 6687
f 6687 6727 6728
f 6687 6728 6688
f 6688 6728 6729
f 6688 6729 6689
f 6689 6729 6730
f 6689 6730 6690
f 6690 6730 6731
f 6690 6731 6691
f 6691 6731 6732
f 6691 6732 6692
f 6692 6732 6733
f 6692 6733 6693
f 6693 6733 6734
f 6693 6734 6694
f 6694 6734 6735
f 6694 6735 6695
f 6695 6735 6736
f 6695 6736 6696
f 6696 6736 6737
f 6696 6737 6697
f 6697 6737 6738
f 6697 6738 6698
f 6698 6738 6739
f 6698 6739 6699
f 6699 6739 6740
f 6699 6740 6700
f 6700 6740 6741
f 6700 6741 6701
f 6701 6741 6742
f 6701 6742 6702
f 6702 6742 6743
f 6702 6743 6703
f 6703 6743 6744
f 6703 6744 6704
f 6704 6744 6745
f 6704 6745 6705
f 6705 6745 6746
f 6705 6746 6706
f 6706 6746 6747
f 6706 6747 6707
f 6707 6747 6748
f 6707 6748 6708
f 6708 6748 6749
f 6708 6749 6709
f 6709 6749 6750
f 6709 6750 6710
f 6710 6750 6751
f 6710 6751 6711
f 6711 6751 6752
f 6711 6752 6712
f 6712 6752 6753
f 6712 6753 6713
f 6713 6753 6754
f 6713 6754 6714
f 6714 6754 6755
f 6714 6755 6715
f 6715 6755 6756
f 6715 6756 6716
f 6716 6756 6757
f 6716 6757 6717
f 6717 6757 6758
f 6717 6758 6718
f 6718 6758 6759
f 6718 6759 6719
f 6719 6759 6760
f 6719 6760 6720
f 6720 6760 6721
f 6720 6721 6681
f 6721 6761 6762
f 6721 6762 6722
f 6722 6762 6763
f 6722 6763 6723
f 6723 6763 6764
f 6723 6764 6724
f 6724 6764 6765
f 6724 6765 6725
f 6725 6765 6766
f 6725 6766 6726
f 6726 6766 6767
f 6726 6767 6727
f 6727 6767 6768
f 6727 6768 6728
f 6728 6768 6769
f 6728 6769 6729
f 6729 6769 6770
f 6729 6770 6730
f 6730 6770 6771
f 6730 6771 6731
f 6731 6771 6772
f 6731 6772 6732
f 6732 6772 6773
f 6732 6773 6733
f 6733 6773 6774
f 6733 6774 6734
f 6734 6774 6775
f 6734 6775 6735
f 6735 6775 6776
f 6735 6776 6736
f 6736 6776 6777
f 6736 6777 6737
f 6737 6777 6778
f 6737 6778 6738
f 6738 6778 6779
f 6738 6779 6739
f 6739 6779 6780
f 6739 6780 6740
f 6740 6780 6781
f 6740 6781 6741
f 6741 6781 6782
f 6741 6782 6742
f 6742 6782 6783
f 6742 6783 6743
f 6743 6783 6784
f 6743 6784 6744
f 6744 6784 6785
f 6744 6785 6745
f 6745 6785 6786
f 6745 6786 6746
f 6746 6786 6787
f 6746 6787 6747
f 6747 6787 6788
f 6747 6788 6748
f 6748 6788 6789
f 6748 6789 6749
f 6749 6789 6790
f 6749 6790 6750
f 6750 6790 6791
f 6750 6791 6751
f 6751 6791 6792
f 6751 6792 6752
f 6752 6792 6793
f 6752 6793 6753
f 6753 6793 6794
f 6753 6794 6754
f 6754 6794 6795
f 6754 6795 6755
f 6755 6795 6796
f 6755 6796 6756
f 6756 6796 6797
f 6756 6797 6757
f 6757 6797 6798
f 6757 6798 6758
f 6758 6798 6799
f 6758 6799 6759
f 6759 6799 6800
f 6759 6800 6760
f 6760 6800 6761
f 6760 6761 6721
f 6761 6801 6802
f 6761 6802 6762
f 6762 6802 6803
f 6762 6803 6763
f 6763 6803 6804
f 6763 6804 6764
f 6764 6804 6805
f 6764 6805 6765
f 6765 6805 6806
f 6765 6806 6766
f 6766 6806 6807
f 6766 6807 6767
f 6767 6807 6808
f 6767 6808 6768
f 6768 6808 6809
f 6768 6809 6769
f 6769 6809 6810
f 6769 6810 6770
f 6770 6810 6811
f 6770 6811 6771
f 6771 6811 6812
f 6771 6812 6772
f 6772 6812 6813
f 6772 6813 6773
f 6773 6813 6814
f 6773 6814 6774
f 6774 6814 6815
f 6774 6815 6775
f 6775 6815 6816
f 6775 6816 6776
f 6776 6816 6817
f 6776 6817 6777
f 6777 6817 6818
f 6777 6818 6778
f 6778 6818 6819
f 6778 6819 6779
f 6779 6819 6820
f 6779 6820 6780
f 6780 6820 6821
f 6780 6821 6781
f 6781 6821 6822
f 6781 6822 6782
f 6782 6822 6823
f 6782 6823 6783
f 6783 6823 6824
f 6783 6824 6784
f 6784 6824 6825
f 6784 6825 6785
f 6785 6825 6826
f 6785 6826 6786
f 6786 6826 6827
f 6786 6827 6787
f 6787 6827 6828
f 6787 6828 6788
f 6788 6828 6829
f 6788 6829 6789
f 6789 6829 6830
f 6789 6830 6790
f 6790 6830 6831
f 6790 6831 6791
f 6791 6831 6832
f 6791 6832 6792
f 6792 6832 6833
f 6792 6833 6793
f 6793 6833 6834
f 6793 6834 6794
f 6794 6834 6835
f 6794 6835 6795
f 6795 6835 6836
f 6795 6836 6796
f 6796 6836 6837
f 6796 6837 6797
f 6797 6837 6838
f 6797 6838 6798
f 6798 6838 6839
f 6798 6839 6799
f 6799 6839 6840
f 6799 6840 6800
f 6800 6840 6801
f 6800 6801 6761
f 6801 6841 6842
f 6801 6842 6802
f 6802 6842 6843
f 6802 6843 6803
f 6803 6843 6844
f 6803 6844 6804
f 6804 6844 6845
f 6804 6845 6805
f 6805 6845 6846
f 6805 6846 6806
f 6806 6846 6847
f 6806 6847 6807
f 6807 6847 6848
f 6807 6848 6808
f 6808 6848 6849
f 6808 6849 6809
f 6809 6849 6850
f 6809 6850 6810
f 6810 6850 6851
f 6810 6851 6811
f 6811 6851 6852
f 6811 6852 6812
f 6812 6852 6853
f 6812 6853 6813
f 6813 6853 6854
f 6813 6854 6814
f 6814 6854 6855
f 6814 6855 6815
f 6815 6855 6856
f 6815 6856 6816
f 6816 6856 6857
f 6816 6857 6817
f 6817 6857 6858
f 6817 6858 6818
f 6818 6858 6859
f 6818 6859 6819
f 6819 6859 6860
f 6819 6860 6820
f 6820 6860 6861
f 6820 6861 6821
f 6821 6861 6862
f 6821 6862 6822
f 6822 6862 6863
f 6822 6863 6823
f 6823 6863 6864
f 6823 6864 6824
f 6824 6864 6865
f 6824 6865 6825
f 6825 6865 6866
f 6825 6866 6826
f 6826 6866 6867
f 6826 6867 6827
f 6827 6867 6868
f 6827 6868 6828
f 6828 6868 6869
f 6828 6869 6829
f 6829 6869 6870
f 6829 6870 6830
f 6830 6870 6871
f 6830 6871 6831
f 6831 6871 6872
f 6831 6872 6832
f 6832 6872 6873
f 6832 6873 6833
f 6833 6873 6874
f 6833 6874 6834
f 6834 6874 6875
f 6834 6875 6835
f 6835 6875 6876
f 6835 6876 6836
f 6836 6876 6877
f 6836 6877 6837
f 6837 6877 6878
f 6837 6878 6838
f 6838 6878 6879
f 6838 6879 6839
f 6839 6879 6880
f 6839 6880 6840
f 6840 6880 6841
f 6840 6841 6801
f 6841 6881 6882
f 6841 6882 6842
f 6842 6882 6883
f 6842 6883 6843
f 6843 6883 6884
f 6843 6884 6844
f 6844 6884 6885
f 6844 6885 6845
f 6845 6885 6886
f 6845 6886 6846
f 6846 6886 6887
f 6846 6887 6847
f 6847 6887 6888
f 6847 6888 6848
f 6848 6888 6889
f 6848 6889 6849
f 6849 6889 6890
f 6849 6890 6850
f 6850 6890 6891
f 6850 6891 6851
f 6851 6891 6892
f 6851 6892 6852
f 6852 6892 6893
f 6852 6893 6853
f 6853 6893 6894
f 6853 6894 6854
f 6854 6894 6895
f 6854 6895 6855
f 6855 6895 6896
f 6855 6896 6856
f 6856 6896 6897
f 6856 6897 6857
f 6857 6897 6898
f 6857 6898 6858
f 6858 6898 6899
f 6858 6899 6859
f 6859 6899 6900
f 6859 6900 6860
f 6860 6900 6901
f 6860 6901 6861
f 6861 6901 6902
f 6861 6902 6862
f 6862 6902 6903
f 6862 6903 6863
f 6863 6903 6904
f 6863 6904 6864
f 6864 6904 6905
f 6864 6905 6865
f 6865 6905 6906
f 6865 6906 6866
f 6866 6906 6907
f 6866 6907 6867
f 6867 6907 6908
f 6867 6908 6868
f 6868 6908 6909
f 6868 6909 6869
f 6869 6909 6910
f 6869 6910 6870
f 6870 6910 6911
f 6870 6911 6871
f 6871 6911 6912
f 6871 6912 6872
f 6872 6912 6913
f 6872 6913 6873
f 6873 6913 6914
f 6873 6914 6874
f 6874 6914 6915
f 6874 6915 6875
f 6875 6915 6916
f 6875 6916 6876
f 6876 6916 6917
f 6876 6917 6877
f 6877 6917 6918
f 6877 6918 6878
f 6878 6918 6919
f 6878 6919 6879
f 6879 6919 6920
f 6879 6920 6880
f 6880 6920 6881
f 6880 6881 6841
f 6881 6921 6922
f 6881 6922 6882
f 6882 6922 6923
f 6882 6923 6883
f 6883 6923 6924
f 6883 6924 6884
f 6884 6924 6925
f 6884 6925 6885
f 6885 6925 6926
f 6885 6926 6886
f 6886 6926 6927
f 6886 6927 6887
f 6887 6927 6928
f 6887 6928 6888
f 6888 6928 6929
f 6888 6929 6889
f 6889 6929 6930
f 6889 6930 6890
f 6890 6930 6931
f 6890 6931 6891
f 6891 6931 6932
f 6891 6932 6892
f 6892 6932 6933
f 6892 6933 6893
f 6893 6933 6934
f 6893 6934 6894
f 6894 6934 6935
f 6894 6935 6895
f 6895 6935 6936
f 6895 6936 6896
f 6896 6936 6937
f 6896 6937 6897
f 6897 6937 6938
f 6897 6938 6898
f 6898 6938 6939
f 6898 6939 6899
f 6899 6939 6940
f 6899 6940 6900
f 6900 6940 6941
f 6900 6941 6901
f 6901 6941 6942
f 6901 6942 6902
f 6902 6942 6943
f 6902 6943 6903
f 6903 6943 6944
f 6903 6944 6904
f 6904 6944 6945
f 6904 6945 6905
f 6905 6945 6946
f 6905 6946 6906
f 6906 6946 6947
f 6906 6947 6907
f 6907 6947 6948
f 6907 6948 6908
f 6908 6948 6949
f 6908 6949 6909
f 6909 6949 6950
f 6909 6950 6910
f 6910 6950 6951
f 6910 6951 6911
f 6911 6951 6952
f 6911 6952 6912
f 6912 6952 6953
f 6912 6953 6913
f 6913 6953 6954
f 6913 6954 6914
f 6914 6954 6955
f 6914 6955 6915
f 6915 6955 6956
f 6915 6956 6916
f 6916 6956 6957
f 6916 6957 6917
f 6917 6957 6958
f 6917 6958 6918
f 6918 6958 6959
f 6918 6959 6919
f 6919 6959 6960
f 6919 6960 6920
f 6920 6960 6921
f 6920 6921 6881
f 6921 6961 6962
f 6921 6962 6922
f 6922 6962 6963
f 6922 6963 6923
f 6923 6963 6964
f 6923 6964 6924
f 6924 6964 6965
f 6924 6965 6925
f 6925 6965 6966
f 6925 6966 6926
f 6926 6966 6967
f 6926 6967 6927
f 6927 6967 6968
f 6927 6968 6928
f 6928 6968 6969
f 6928 6969 6929
f 6929 6969 6970
f 6929 6970 6930
f 6930 6970 6971
f 6930 6971 6931
f 6931 6971 6972
f 6931 6972 6932
f 6932 6972 6973
f 6932 6973 6933
f 6933 6973 6974
f 6933 6974 6934
f 6934 6974 6975
f 6934 6975 6935
f 6935 6975 6976
f 6935 6976 6936
f 6936 6976 6977
f 6936 6977 6937
f 6937 6977 6978
f 6937 6978 6938
f 6938 6978 6979
f 6938 6979 6939
f 6939 6979 6980
f 6939 6980 6940
f 6940 6980 6981
f 6940 6981 6941
f 6941 6981 6982
f 6941 6982 6942
f 6942 6982 6983
f 6942 6983 6943
f 6943 6983 6984
f 6943 6984 6944
f 6944 6984 6985
f 6944 6985 6945
f 6945 6985 6986
f 6945 6986 6946
f 6946 6986 6987
f 6946 6987 6947
f 6947 6987 6988
f 6947 6988 6948
f 6948 6988 6989
f 6948 6989 6949
f 6949 6989 6990
f 6949 6990 6950
f 6950 6990 6991
f 6950 6991 6951
f 6951 6991 6992
f 6951 6992 6952
f 6952 6992 6993
f 6952 6993 6953
f 6953 6993 6994
f 6953 6994 6954
f 6954 6994 6995
f 6954 6995 6955
f 6955 6995 6996
f 6955 6996 6956
f 6956 6996 6997
f 6956 6997 6957
f 6957 6997 6998
f 6957 6998 6958
f 6958 6998 6999
f 6958 6999 6959
f 6959 6999 7000
f 6959 7000 6960
f 6960 7000 6961
f 6960 6961 6921
f 6961 7001 7002
f 6961 7002 6962
f 6962 7002 7003
f 6962 7003 6963
f 6963 7003 7004
f 6963 7004 6964
f 6964 7004 7005
f 6964 7005 6965
f 6965 7005 7006
f 6965 7006 6966
f 6966 7006 7007
f 6966 7007 6967
f 6967 7007 7008
f 6967 7008 6968
f 6968 7008 7009
f 6968 7009 6969
f 6969 7009 7010
f 6969 7010 6970
f 6970 7010 7011
f 6970 7011 6971
f 6971 7011 7012
f 6971 7012 6972
f 6972 7012 7013
f 6972 7013 6973
f 6973 7013 7014
f 6973 7014 6974
f 6974 7014 7015
f 6974 7015 6975
f 6975 7015 7016
f 6975 7016 6976
f 6976 7016 7017
f 6976 7017 6977
f 6977 7017 7018
f 6977 7018 6978
f 6978 7018 7019
f 6978 7019 6979
f 6979 7019 7020
f 6979 7020 6980
f 6980 7020 7021
f 6980 7021 6981
f 6981 7021 7022
f 6981 7022 6982
f 6982 7022 7023
f 6982 7023 6983
f 6983 7023 7024
f 6983 7024 6984
f 6984 7024 7025
f 6984 7025 6985
f 6985 7025 7026
f 6985 7026 6986
f 6986 7026 7027
f 6986 7027 6987
f 6987 7027 7028
f 6987 7028 6988
f 6988 7028 7029
f 6988 7029 6989
f 6989 7029 7030
f 6989 7030 6990
f 6990 7030 7031
f 6990 7031 6991
f 6991 7031 7032
f 6991 7032 6992
f 6992 7032 7033
f 6992 7033 6993
f 6993 7033 7034
f 6993 7034 6994
f 6994 7034 7035
f 6994 7035 6995
f 6995 7035 7036
f 6995 7036 6996
f 6996 7036 7037
f 6996 7037 6997
f 6997 7037 7038
f 6997 7038 6998
f 6998 7038 7039
f 6998 7039 6999
f 6999 7039 7040
f 6999 7040 7000
f 7000 7040 7001
f 7000 7001 6961
f 7001 7041 7042
f 7001 7042 7002
f 7002 7042 7043
f 7002 7043 7003
f 7003 7043 7044
f 7003 7044 7004
f 7004 7044 7045
f 7004 7045 7005
f 7005 7045 7046
f 7005 7046 7006
f 7006 7046 7047
f 7006 7047 7007
f 7007 7047 7048
f 7007 7048 7008
f 7008 7048 7049
f 7008 7049 7009
f 7009 7049 7050
f 7009 7050 7010
f 7010 7050 7051
f 7010 7051 7011
f 7011 7051 7052
f 7011 7052 7012
f 7012 7052 7053
f 7012 7053 7013
f 7013 7053 7054
f 7013 7054 7014
f 7014 7054 7055
f 7014 7055 7015
f 7015 7055 7056
f 7015 7056 7016
f 7016 7056 7057
f 7016 7057 7017
f 7017 7057 7058
f 7017 7058 7018
f 7018 7058 7059
f 7018 7059 7019
f 7019 7059 7060
f 7019 7060 7020
f 7020 7060 7061
f 7020 7061 7021
f 7021 7061 7062
f 7021 7062 7022
f 7022 7062 7063
f 7022 7063 7023
f 7023 7063 7064
f 7023 7064 7024
f 7024 7064 7065
f 7024 7065 7025
f 7025 7065 7066
f 7025 7066 7026
f 7026 7066 7067
f 7026 7067 7027
f 7027 7067 7068
f 7027 7068 7028
f 7028 7068 7069
f 7028 7069 7029
f 7029 7069 7070
f 7029 7070 7030
f 7030 7070 7071
f 7030 7071 7031
f 7031 7071 7072
f 7031 7072 7032
f 7032 7072 7073
f 7032 7073 7033
f 7033 7073 7074
f 7033 7074 7034
f 7034 7074 7075
f 7034 7075 7035
f 7035 7075 7076
f 7035 7076 7036
f 7036 7076 7077
f 7036 7077 7037
f 7037 7077 7078
f 7037 7078 7038
f 7038 7078 7079
f 7038 7079 7039
f 7039 7079 7080
f 7039 7080 7040
f 7040 7080 7041
f 7040 7041 7001
f 7041 7081 7082
f 7041 7082 7042
f 7042 7082 7083
f 7042 7083 7043
f 7043 7083 7084
f 7043 7084 7044
f 7044 7084 7085
f 7044 7085 7045
f 7045 7085 7086
f 7045 7086 7046
f 7046 7086 7087
f 7046 7087 7047
f 7047 7087 7088
f 7047 7088 7048
f 7048 7088 7089
f 7048 7089 7049
f 7049 7089 7090
f 7049 7090 7050
f 7050 7090 7091
f 7050 7091 7051
f 7051 7091 7092
f 7051 7092 7052
f 7052 7092 7093
f 7052 7093 7053
f 7053 7093 7094
f 7053 7094 7054
f 7054 7094 7095
f 7054 7095 7055
f 7055 7095 7096
f 7055 7096 7056
f 7056 7096 7097
f 7056 7097 7057
f 7057 7097 7098
f 7057 7098 7058
f 7058 7098 7099
f 7058 7099 7059
f 7059 7099 7100
f 7059 7100 7060
f 7060 7100 7101
f 7060 7101 7061
f 7061 7101 7102
f 7061 7102 7062
f 7062 7102 7103
f 7062 7103 7063
f 7063 7103 7104
f 7063 7104 7064
f 7064 7104 7105
f 7064 7105 7065
f 7065 7105 7106
f 7065 7106 7066
f 7066 7106 7107
f 7066 7107 7067
f 7067 7107 7108
f 7067 7108 7068
f 7068 7108 7109
f 7068 7109 7069
f 7069 7109 7110
f 7069 7110 7070
f 7070 7110 7111
f 7070 7111 7071
f 7071 7111 7112
f 7071 7112 7072
f 7072 7112 7113
f 7072 7113 7073
f 7073 7113 7114
f 7073 7114 7074
f 7074 7114 7115
f 7074 7115 7075
f 7075 7115 7116
f 7075 7116 7076
f 7076 7116 7117
f 7076 7117 7077
f 7077 7117 7118
f 7077 7118 7078
f 7078 7118 7119
f 7078 7119 7079
f 7079 7119 7120
f 7079 7120 7080
f 7080 7120 7081
f 7080 7081 7041
f 7081 7121 7122
f 7081 7122 7082
f 7082 7122 7123
f 7082 7123 7083
f 7083 7123 7124
f 7083 7124 7084
f 7084 7124 7125
f 7084 7125 7085
f 7085 7125 7126
f 7085 7126 7086
f 7086 7126 7127
f 7086 7127 7087
f 7087 7127 7128
f 7087 7128 7088
f 7088 7128 7129
f 7088 7129 7089
f 7089 7129 7130
f 7089 7130 7090
f 7090 7130 7131
f 7090 7131 7091
f 7091 7131 7132
f 7091 7132 7092
f 7092 7132 7133
f 7092 7133 7093
f 7093 7133 7134
f 7093 7134 7094
f 7094 7134 7135
f 7094 7135 7095
f 7095 7135 7136
f 7095 7136 7096
f 7096 7136 7137
f 7096 7137 7097
f 7097 7137 7138
f 7097 7138 7098
f 7098 7138 7139
f 7098 7139 7099
f 7099 7139 7140
f 7099 7140 7100
f 7100 7140 7141
f 7100 7141 7101
f 7101 7141 7142
f 7101 7142 7102
f 7102 7142 7143
f 7102 7143 7103
f 7103 7143 7144
f 7103 7144 7104
f 7104 7144 7145
f 7104 7145 7105
f 7105 7145 7146
f 7105 7146 7106
f 7106 7146 7147
f 7106 7147 7107
f 7107 7147 7148
f 7107 7148 7108
f 7108 7148 7149
f 7108 7149 7109
f 7109 7149 7150
f 7109 7150 7110
f 7110 7150 7151
f 7110 7151 7111
f 7111 7151 7152
f 7111 7152 7112
f 7112 7152 7153
f 7112 7153 7113
f 7113 7153 7154
f 7113 7154 7114
f 7114 7154 7155
f 7114 7155 7115
f 7115 7155 7156
f 7115 7156 7116
f 7116 7156 7157
f 7116 7157 7117
f 7117 7157 7158
f 7117 7158 7118
f 7118 7158 7159
f 7118 7159 7119
f 7119 7159 7160
f 7119 7160 7120
f 7120 7160 7121
f 7120 7121 7081
f 7121 7161 7162
f 7121 7162 7122
f 7122 7162 7163
f 7122 7163 7123
f 7123 7163 7164
f 7123 7164 7124
f 7124 7164 7165
f 7124 7165 7125
f 7125 7165 7166
f 7125 7166 7126
f 7126 7166 7167
f 7126 7167 7127
f 7127 7167 7168
f 7127 7168 7128
f 7128 7168 7169
f 7128 7169 7129
f 7129 7169 7170
f 7129 7170 7130
f 7130 7170 7171
f 7130 7171 7131
f 7131 7171 7172
f 7131 7172 7132
f 7132 7172 7173
f 7132 7173 7133
f 7133 7173 7174
f 7133 7174 7134
f 7134 7174 7175
f 7134 7175 7135
f 7135 7175 7176
f 7135 7176 7136
f 7136 7176 7177
f 7136 7177 7137
f 7137 7177 7178
f 7137 7178 7138
f 7138 7178 7179
f 7138 7179 7139
f 7139 7179 7180
f 7139 7180 7140
f 7140 7180 7181
f 7140 7181 7141
f 7141 7181 7182
f 7141 7182 7142
f 7142 7182 7183
f 7142 7183 7143
f 7143 7183 7184
f 7143 7184 7144
f 7144 7184 7185
f 7144 7185 7145
f 7145 7185 7186
f 7145 7186 7146
f 7146 7186 7187
f 7146 7187 7147
f 7147 7187 7188
f 7147 7188 7148
f 7148 7188 7189
f 7148 7189 7149
f 7149 7189 7190
f 7149 7190 7150
f 7150 7190 7191
f 7150 7191 7151
f 7151 7191 7192
f 7151 7192 7152
f 7152 7192 7193
f 7152 7193 7153
f 7153 7193 7194
f 7153 7194 7154
f 7154 7194 7195
f 7154 7195 7155
f 7155 7195 7196
f 7155 7196 7156
f 7156 7196 7197
f 7156 7197 7157
f 7157 7197 7198
f 7157 7198 7158
f 7158 7198 7199
f 7158 7199 7159
f 7159 7199 7200
f 7159 7200 7160
f 7160 7200 7161
f 7160 7161 7121
f 7161 7201 7202
f 7161 7202 7162
f 7162 7202 7203
f 7162 7203 7163
f 7163 7203 7204
f 7163 7204 7164
f 7164 7204 7205
f 7164 7205 7165
f 7165 7205 7206
f 7165 7206 7166
f 7166 7206 7207
f 7166 7207 7167
f 7167 7207 7208
f 7167 7208 7168
f 7168 7208 7209
f 7168 7209 7169
f 7169 7209 7210
f 7169 7210 7170
f 7170 7210 7211
f 7170 7211 7171
f 7171 7211 7212
f 7171 7212 7172
f 7172 7212 7213
f 7172 7213 7173
f 7173 7213 7214
f 7173 7214 7174
f 7174 7214 7215
f 7174 7215 7175
f 7175 7215 7216
f 7175 7216 7176
f 7176 7216 7217
f 7176 7217 7177
f 7177 7217 7218
f 7177 7218 7178
f 7178 7218 7219
f 7178 7219 7179
f 7179 7219 7220
f 7179 7220 7180
f 7180 7220 7221
f 7180 7221 7181
f 7181 7221 7222
f 7181 7222 7182
f 7182 7222 7223
f 7182 7223 7183
f 7183 7223 7224
f 7183 7224 7184
f 7184 7224 7225
f 7184 7225 7185
f 7185 7225 7226
f 7185 7226 7186
f 7186 7226 7227
f 7186 7227 7187
f 7187 7227 7228
f 7187 7228 7188
f 7188 7228 7229
f 7188 7229 7189
f 7189 7229 7230
f 7189 7230 7190
f 7190 7230 7231
f 7190 7231 7191
f 7191 7231 7232
f 7191 7232 7192
f 7192 7232 7233
f 7192 7233 7193
f 7193 7233 7234
f 7193 7234 7194
f 7194 7234 7235
f 7194 7235 7195
f 7195 7235 7236
f 7195 7236 7196
f 7196 7236 7237
f 7196 7237 7197
f 7197 7237 7238
f 7197 7238 7198
f 7198 7238 7239
f 7198 7239 7199
f 7199 7239 7240
f 7199 7240 7200
f 7200 7240 7201
f 7200 7201 7161
f 7201 7241 7242
f 7201 7242 7202
f 7202 7242 7243
f 7202 7243 7203
f 7203 7243 7244
f 7203 7244 7204
f 7204 7244 7245
f 7204 7245 7205
f 7205 7245 7246
f 7205 7246 7206
f 7206 7246 7247
f 7206 7247 7207
f 7207 7247 7248
f 7207 7248 7208
f 7208 7248 7249
f 7208 7249 7209
f 7209 7249 7250
f 7209 7250 7210
f 7210 7250 7251
f 7210 7251 7211
f 7211 7251 7252
f 7211 7252 7212
f 7212 7252 7253
f 7212 7253 7213
f 7213 7253 7254
f 7213 7254 7214
f 7214 7254 7255
f 7214 7255 7215
f 7215 7255 7256
f 7215 7256 7216
f 7216 7256 7257
f 7216 7257 7217
f 7217 7257 7258
f 7217 7258 7218
f 7218 7258 7259
f 7218 7259 7219
f 7219 7259 7260
f 7219 7260 7220
f 7220 7260 7261
f 7220 7261 7221
f 7221 7261 7262
f 7221 7262 7222
f 7222 7262 7263
f 7222 7263 7223
f 7223 7263 7264
f 7223 7264 7224
f 7224 7264 7265
f 7224 7265 7225
f 7225 7265 7266
f 7225 7266 7226
f 7226 7266 7267
f 7226 7267 7227
f 7227 7267 7268
f 7227 7268 7228
f 7228 7268 7269
f 7228 7269 7229
f 7229 7269 7270
f 7229 7270 7230
f 7230 7270 7271
f 7230 7271 7231
f 7231 7271 7272
f 7231 7272 7232
f 7232 7272 7273
f 7232 7273 7233
f 7233 7273 7274
f 7233 7274 7234
f 7234 7274 7275
f 7234 7275 7235
f 7235 7275 7276
f 7235 7276 7236
f 7236 7276 7277
f 7236 7277 7237
f 7237 7277 7278
f 7237 7278 7238
f 7238 7278 7279
f 7238 7279 7239
f 7239 7279 7280
f 7239 7280 7240
f 7240 7280 7241
f 7240 7241 7201
f 7241 7281 7282
f 7241 7282 7242
f 7242 7282 7283
f 7242 7283 7243
f 7243 7283 7284
f 7243 7284 7244
f 7244 7284 7285
f 7244 7285 7245
f 7245 7285 7286
f 7245 7286 7246
f 7246 7286 7287
f 7246 7287 7247
f 7247 7287 7288
f 7247 7288 7248
f 7248 7288 7289
f 7248 7289 7249
f 7249 7289 7290
f 7249 7290 7250
f 7250 7290 7291
f 7250 7291 7251
f 7251 7291 7292
f 7251 7292 7252
f 7252 7292 7293
f 7252 7293 7253
f 7253 7293 7294
f 7253 7294 7254
f 7254 7294 7295
f 7254 7295 7255
f 7255 7295 7296
f 7255 7296 7256
f 7256 7296 7297
f 7256 7297 7257
f 7257 7297 7298
f 7257 7298 7258
f 7258 7298 7299
f 7258 7299 7259
f 7259 7299 7300
f 7259 7300 7260
f 7260 7300 7301
f 7260 7301 7261
f 7261 7301 7302
f 7261 7302 7262
f 7262 7302 7303
f 7262 7303 7263
f 7263 7303 7304
f 7263 7304 7264
f 7264 7304 7305
f 7264 7305 7265
f 7265 7305 7306
f 7265 7306 7266
f 7266 7306 7307
f 7266 7307 7267
f 7267 7307 7308
f 7267 7308 7268
f 7268 7308 7309
f 7268 7309 7269
f 7269 7309 7310
f 7269 7310 7270
f 7270 7310 7311
f 7270 7311 7271
f 7271 7311 7312
f 7271 7312 7272
f 7272 7312 7313
f 7272 7313 7273
f 7273 7313 7314
f 7273 7314 7274
f 7274 7314 7315
f 7274 7315 7275
f 7275 7315 7316
f 7275 7316 7276
f 7276 7316 7317
f 7276 7317 7277
f 7277 7317 7318
f 7277 7318 7278
f 7278 7318 7319
f 7278 7319 7279
f 7279 7319 7320
f 7279 7320 7280
f 7280 7320 7281
f 7280 7281 7241
f 7281 7321 7322
f 7281 7322 7282
f 7282 7322 7323
f 7282 7323 7283
f 7283 7323 7324
f 7283 7324 7284
f 7284 7324 7325
f 7284 7325 7285
f 7285 7325 7326
f 7285 7326 7286
f 7286 7326 7327
f 7286 7327 7287
f 7287 7327 7328
f 7287 7328 7288
f 7288 7328 7329
f 7288 7329 7289
f 7289 7329 7330
f 7289 7330 7290
f 7290 7330 7331
f 7290 7331 7291
f 7291 7331 7332
f 7291 7332 7292
f 7292 7332 7333
f 7292 7333 7293
f 7293 7333 7334
f 7293 7334 7294
f 7294 7334 7335
f 7294 7335 7295
f 7295 7335 7336
f 7295 7336 7296
f 7296 7336 7337
f 7296 7337 7297
f 7297 7337 7338
f 7297 7338 7298
f 7298 7338 7339
f 7298 7339 7299
f 7299 7339 7340
f 7299 7340 7300
f 7300 7340 7341
f 7300 7341 7301
f 7301 7341 7342
f 7301 7342 7302
f 7302 7342 7343
f 7302 7343 7303
f 7303 7343 7344
f 7303 7344 7304
f 7304 7344 7345
f 7304 7345 7305
f 7305 7345 7346
f 7305 7346 7306
f 7306 7346 7347
f 7306 7347 7307
f 7307 7347 7348
f 7307 7348 7308
f 7308 7348 7349
f 7308 7349 7309
f 7309 7349 7350
f 7309 7350 7310
f 7310 7350 7351
f 7310 7351 7311
f 7311 7351 7352
f 7311 7352 7312
f 7312 7352 7353
f 7312 7353 7313
f 7313 7353 7354
f 7313 7354 7314
f 7314 7354 7355
f 7314 7355 7315
f 7315 7355 7356
f 7315 7356 7316
f 7316 7356 7357
f 7316 7357 7317
f 7317 7357 7358
f 7317 7358 7318
f 7318 7358 7359
f 7318 7359 7319
f 7319 7359 7360
f 7319 7360 7320
f 7320 7360 7321
f 7320 7321 7281
f 7321 7361 7362
f 7321 7362 7322
f 7322 7362 7363
f 7322 7363 7323
f 7323 7363 7364
f 7323 7364 7324
f 7324 7364 7365
f 7324 7365 7325
f 7325 7365 7366
f 7325 7366 7326
f 7326 7366 7367
f 7326 7367 7327
f 7327 7367 7368
f 7327 7368 7328
f 7328 7368 7369
f 7328 7369 7329
f 7329 7369 7370
f 7329 7370 7330
f 7330 7370 7371
f 7330 7371 7331
f 7331 7371 7372
f 7331 7372 7332
f 7332 7372 7373
f 7332 7373 7333
f 7333 7373 7374
f 7333 7374 7334
f 7334 7374 7375
f 7334 7375 7335
f 7335 7375 7376
f 7335 7376 7336
f 7336 7376 7377
f 7336 7377 7337
f 7337 7377 7378
f 7337 7378 7338
f 7338 7378 7379
f 7338 7379 7339
f 7339 7379 7380
f 7339 7380 7340
f 7340 7380 7381
f 7340 7381 7341
f 7341 7381 7382
f 7341 7382 7342
f 7342 7382 7383
f 7342 7383 7343
f 7343 7383 7384
f 7343 7384 7344
f 7344 7384 7385
f 7344 7385 7345
f 7345 7385 7386
f 7345 7386 7346
f 7346 7386 7387
f 7346 7387 7347
f 7347 7387 7388
f 7347 7388 7348
f 7348 7388 7389
f 7348 7389 7349
f 7349 7389 7390
f 7349 7390 7350
f 7350 7390 7391
f 7350 7391 7351
f 7351 7391 7392
f 7351 7392 7352
f 7352 7392 7393
f 7352 7393 7353
f 7353 7393 7394
f 7353 7394 7354
f 7354 7394 7395
f 7354 7395 7355
f 7355 7395 7396
f 7355 7396 7356
f 7356 7396 7397
f 7356 7397 7357
f 7357 7397 7398
f 7357 7398 7358
f 7358 7398 7399
f 7358 7399 7359
f 7359 7399 7400
f 7359 7400 7360
f 7360 7400 7361
f 7360 7361 7321
f 7361 7401 7402
f 7361 7402 7362
f 7362 7402 7403
f 7362 7403 7363
f 7363 7403 7404
f 7363 7404 7364
f 7364 7404 7405
f 7364 7405 7365
f 7365 7405 7406
f 7365 7406 7366
f 7366 7406 7407
f 7366 7407 7367
f 7367 7407 7408
f 7367 7408 7368
f 7368 7408 7409
f 7368 7409 7369
f 7369 7409 7410
f 7369 7410 7370
f 7370 7410 7411
f 7370 7411 7371
f 7371 7411 7412
f 7371 7412 7372
f 7372 7412 7413
f 7372 7413 7373
f 7373 7413 7414
f 7373 7414 7374
f 7374 7414 7415
f 7374 7415 7375
f 7375 7415 7416
f 7375 7416 7376
f 7376 7416 7417
f 7376 7417 7377
f 7377 7417 7418
f 7377 7418 7378
f 7378 7418 7419
f 7378 7419 7379
f 7379 7419 7420
f 7379 7420 7380
f 7380 7420 7421
f 7380 7421 7381
f 7381 7421 7422
f 7381 7422 7382
f 7382 7422 7423
f 7382 7423 7383
f 7383 7423 7424
f 7383 7424 7384
f 7384 7424 7425
f 7384 7425 7385
f 7385 7425 7426
f 7385 7426 7386
f 7386 7426 7427
f 7386 7427 7387
f 7387 7427 7428
f 7387 7428 7388
f 7388 7428 7429
f 7388 7429 7389
f 7389 7429 7430
f 7389 7430 7390
f 7390 7430 7431
f 7390 7431 7391
f 7391 7431 7432
f 7391 7432 7392
f 7392 7432 7433
f 7392 7433 7393
f 7393 7433 7434
f 7393 7434 7394
f 7394 7434 7435
f 7394 7435 7395
f 7395 7435 7436
f 7395 7436 7396
f 7396 7436 7437
f 7396 7437 7397
f 7397 7437 7438
f 7397 7438 7398
f 7398 7438 7439
f 7398 7439 7399
f 7399 7439 7440
f 7399 7440 7400
f 7400 7440 7401
f 7400 7401 7361
f 7401 7441 7442
f 7401 7442 7402
f 7402 7442 7443
f 7402 7443 7403
f 7403 7443 7444
f 7403 7444 7404
f 7404 7444 7445
f 7404 7445 7405
f 7405 7445 7446
f 7405 7446 7406
f 7406 7446 7447
f 7406 7447 7407
f 7407 7447 7448
f 7407 7448 7408
f 7408 7448 7449
f 7408 7449 7409
f 7409 7449 7450
f 7409 7450 7410
f 7410 7450 7451
f 7410 7451 7411
f 7411 7451 7452
f 7411 7452 7412
f 7412 7452 7453
f 7412 7453 7413
f 7413 7453 7454
f 7413 7454 7414
f 7414 7454 7455
f 7414 7455 7415
f 7415 7455 7456
f 7415 7456 7416
f 7416 7456 7457
f 7416 7457 7417
f 7417 7457 7458
f 7417 7458 7418
f 7418 7458 7459
f 7418 7459 7419
f 7419 7459 7460
f 7419 7460 7420
f 7420 7460 7461
f 7420 7461 7421
f 7421 7461 7462
f 7421 7462 7422
f 7422 7462 7463
f 7422 7463 7423
f 7423 7463 7464
f 7423 7464 7424
f 7424 7464 7465
f 7424 7465 7425
f 7425 7465 7466
f 7425 7466 7426
f 7426 7466 7467
f 7426 7467 7427
f 7427 7467 7468
f 7427 7468 7428
f 7428 7468 7469
f 7428 7469 7429
f 7429 7469 7470
f 7429 7470 7430
f 7430 7470 7471
f 7430 7471 7431
f 7431 7471 7472
f 7431 7472 7432
f 7432 7472 7473
f 7432 7473 7433
f 7433 7473 7474
f 7433 7474 7434
f 7434 7474 7475
f 7434 7475 7435
f 7435 7475 7476
f 7435 7476 7436
f 7436 7476 7477
f 7436 7477 7437
f 7437 7477 7478
f 7437 7478 7438
f 7438 7478 7479
f 7438 7479 7439
f 7439 7479 7480
f 7439 7480 7440
f 7440 7480 7441
f 7440 7441 7401
f 7441 7481 7482
f 7441 7482 7442
f 7442 7482 7483
f 7442 7483 7443
f 7443 7483 7484
f 7443 7484 7444
f 7444 7484 7485
f 7444 7485 7445
f 7445 7485 7486
f 7445 7486 7446
f 7446 7486 7487
f 7446 7487 7447
f 7447 7487 7488
f 7447 7488 7448
f 7448 7488 7489
f 7448 7489 7449
f 7449 7489 7490
f 7449 7490 7450
f 7450 7490 7491
f 7450 7491 7451
f 7451 7491 7492
f 7451 7492 7452
f 7452 7492 7493
f 7452 7493 7453
f 7453 7493 7494
f 7453 7494 7454
f 7454 7494 7495
f 7454 7495 7455
f 7455 7495 7496
f 7455 7496 7456
f 7456 7496 7497
f 7456 7497 7457
f 7457 7497 7498
f 7457 7498 7458
f 7458 7498 7499
f 7458 7499 7459
f 7459 7499 7500
f 7459 7500 7460
f 7460 7500 7501
f 7460 7501 7461
f 7461 7501 7502
f 7461 7502 7462
f 7462 7502 7503
f 7462 7503 7463
f 7463 7503 7504
f 7463 7504 7464
f 7464 7504 7505
f 7464 7505 7465
f 7465 7505 7506
f 7465 7506 7466
f 7466 7506 7507
f 7466 7507 7467
f 7467 7507 7508
f 7467 7508 7468
f 7468 7508 7509
f 7468 7509 7469
f 7469 7509 7510
f 7469 7510 7470
f 7470 7510 7511
f 7470 7511 7471
f 7471 7511 7512
f 7471 7512 7472
f 7472 7512 7513
f 7472 7513 7473
f 7473 7513 7514
f 7473 7514 7474
f 7474 7514 7515
f 7474 7515 7475
f 7475 7515 7516
f 7475 7516 7476
f 7476 7516 7517
f 7476 7517 7477
f 7477 7517 7518
f 7477 7518 7478
f 7478 7518 7519
f 7478 7519 7479
f 7479 7519 7520
f 7479 7520 7480
f 7480 7520 7481
f 7480 7481 7441
f 7481 7521 7522
f 7481 7522 7482
f 7482 7522 7523
f 7482 7523 7483
f 7483 7523 7524
f 7483 7524 7484
f 7484 7524 7525
f 7484 7525 7485
f 7485 7525 7526
f 7485 7526 7486
f 7486 7526 7527
f 7486 7527 7487
f 7487 7527 7528
f 7487 7528 7488
f 7488 7528 7529
f 7488 7529 7489
f 7489 7529 7530
f 7489 7530 7490
f 7490 7530 7531
f 7490 7531 7491
f 7491 7531 7532
f 7491 7532 7492
f 7492 7532 7533
f 7492 7533 7493
f 7493 7533 7534
f 7493 7534 7494
f 7494 7534 7535
f 7494 7535 7495
f 7495 7535 7536
f 7495 7536 7496
f 7496 7536 7537
f 7496 7537 7497
f 7497 7537 7538
f 7497 7538 7498
f 7498 7538 7539
f 7498 7539 7499
f 7499 7539 7540
f 7499 7540 7500
f 7500 7540 7541
f 7500 7541 7501
f 7501 7541 7542
f 7501 7542 7502
f 7502 7542 7543
f 7502 7543 7503
f 7503 7543 7544
f 7503 7544 7504
f 7504 7544 7545
f 7504 7545 7505
f 7505 7545 7546
f 7505 7546 7506
f 7506 7546 7547
f 7506 7547 7507
f 7507 7547 7548
f 7507 7548 7508
f 7508 7548 7549
f 7508 7549 7509
f 7509 7549 7550
f 7509 7550 7510
f 7510 7550 7551
f 7510 7551 7511
f 7511 7551 7552
f 7511 7552 7512
f 7512 7552 7553
f 7512 7553 7513
f 7513 7553 7554
f 7513 7554 7514
f 7514 7554 7555
f 7514 7555 7515
f 7515 7555 7556
f 7515 7556 7516
f 7516 7556 7557
f 7516 7557 7517
f 7517 7557 7558
f 7517 7558 7518
f 7518 7558 7559
f 7518 7559 7519
f 7519 7559 7560
f 7519 7560 7520
f 7520 7560 7521
f 7520 7521 7481
f 7521 7561 7562
f 7521 7562 7522
f 7522 7562 7563
f 7522 7563 7523
f 7523 7563 7564
f 7523 7564 7524
f 7524 7564 7565
f 7524 7565 7525
f 7525 7565 7566
f 7525 7566 7526
f 7526 7566 7567
f 7526 7567 7527
f 7527 7567 7568
f 7527 7568 7528
f 7528 7568 7569
f 7528 7569 7529
f 7529 7569 7570
f 7529 7570 7530
f 7530 7570 7571
f 7530 7571 7531
f 7531 7571 7572
f 7531 7572 7532
f 7532 7572 7573
f 7532 7573 7533
f 7533 7573 7574
f 7533 7574 7534
f 7534 7574 7575
f 7534 7575 7535
f 7535 7575 7576
f 7535 7576 7536
f 7536 7576 7577
f 7536 7577 7537
f 7537 7577 7578
f 7537 7578 7538
f 7538 7578 7579
f 7538 7579 7539
f 7539 7579 7580
f 7539 7580 7540
f 7540 7580 7581
f 7540 7581 7541
f 7541 7581 7582
f 7541 7582 7542
f 7542 7582 7583
f 7542 7583 7543
f 7543 7583 7584
f 7543 7584 7544
f 7544 7584 7585
f 7544 7585 7545
f 7545 7585 7586
f 7545 7586 7546
f 7546 7586 7587
f 7546 7587 7547
f 7547 7587 7588
f 7547 7588 7548
f 7548 7588 7589
f 7548 7589 7549
f 7549 7589 7590
f 7549 7590 7550
f 7550 7590 7591
f 7550 7591 7551
f 7551 7591 7592
f 7551 7592 7552
f 7552 7592 7593
f 7552 7593 7553
f 7553 7593 7594
f 7553 7594 7554
f 7554 7594 7595
f 7554 7595 7555
f 7555 7595 7596
f 7555 7596 7556
f 7556 7596 7597
f 7556 7597 7557
f 7557 7597 7598
f 7557 7598 7558
f 7558 7598 7599
f 7558 7599 7559
f 7559 7599 7600
f 7559 7600 7560
f 7560 7600 7561
f 7560 7561 7521
f 7561 7601 7602
f 7561 7602 7562
f 7562 7602 7603
f 7562 7603 7563
f 7563 7603 7604
f 7563 7604 7564
f 7564 7604 7605
f 7564 7605 7565
f 7565 7605 7606
f 7565 7606 7566
f 7566 7606 7607
f 7566 7607 7567
f 7567 7607 7608
f 7567 7608 7568
f 7568 7608 7609
f 7568 7609 7569
f 7569 7609 7610
f 7569 7610 7570
f 7570 7610 7611
f 7570 7611 7571
f 7571 7611 7612
f 7571 7612 7572
f 7572 7612 7613
f 7572 7613 7573
f 7573 7613 7614
f 7573 7614 7574
f 7574 7614 7615
f 7574 7615 7575
f 7575 7615 7616
f 7575 7616 7576
f 7576 7616 7617
f 7576 7617 7577
f 7577 7617 7618
f 7577 7618 7578
f 7578 7618 7619
f 7578 7619 7579
f 7579 7619 7620
f 7579 7620 7580
f 7580 7620 7621
f 7580 7621 7581
f 7581 7621 7622
f 7581 7622 7582
f 7582 7622 7623
f 7582 7623 7583
f 7583 7623 7624
f 7583 7624 7584
f 7584 7624 7625
f 7584 7625 7585
f 7585 7625 7626
f 7585 7626 7586
f 7586 7626 7627
f 7586 7627 7587
f 7587 7627 7628
f 7587 7628 7588
f 7588 7628 7629
f 7588 7629 7589
f 7589 7629 7630
f 7589 7630 7590
f 7590 7630 7631
f 7590 7631 7591
f 7591 7631 7632
f 7591 7632 7592
f 7592 7632 7633
f 7592 7633 7593
f 7593 7633 7634
f 7593 7634 7594
f 7594 7634 7635
f 7594 7635 7595
f 7595 7635 7636
f 7595 7636 7596
f 7596 7636 7637
f 7596 7637 7597
f 7597 7637 7638
f 7597 7638 7598
f 7598 7638 7639
f 7598 7639 7599
f 7599 7639 7640
f 7599 7640 7600
f 7600 7640 7601
f 7600 7601 7561
f 7601 7641 7642
f 7601 7642 7602
f 7602 7642 7643
f 7602 7643 7603
f 7603 7643 7644
f 7603 7644 7604
f 7604 7644 7645
f 7604 7645 7605
f 7605 7645 7646
f 7605 7646 7606
f 7606 7646 7647
f 7606 7647 7607
f 7607 7647 7648
f 7607 7648 7608
f 7608 7648 7649
f 7608 7649 7609
f 7609 7649 7650
f 7609 7650 7610
f 7610 7650 7651
f 7610 7651 7611
f 7611 7651 7652
f 7611 7652 7612
f 7612 7652 7653
f 7612 7653 7613
f 7613 7653 7654
f 7613 7654 7614
f 7614 7654 7655
f 7614 7655 7615
f 7615 7655 7656
f 7615 7656 7616
f 7616 7656 7657
f 7616 7657 7617
f 7617 7657 7658
f 7617 7658 7618
f 7618 7658 7659
f 7618 7659 7619
f 7619 7659 7660
f 7619 7660 7620
f 7620 7660 7661
f 7620 7661 7621
f 7621 7661 7662
f 7621 7662 7622
f 7622 7662 7663
f 7622 7663 7623
f 7623 7663 7664
f 7623 7664 7624
f 7624 7664 7665
f 7624 7665 7625
f 7625 7665 7666
f 7625 7666 7626
f 7626 7666 7667
f 7626 7667 7627
f 7627 7667 7668
f 7627 7668 7628
f 7628 7668 7669
f 7628 7669 7629
f 7629 7669 7670
f 7629 7670 7630
f 7630 7670 7671
f 7630 7671 7631
f 7631 7671 7672
f 7631 7672 7632
f 7632 7672 7673
f 7632 7673 7633
f 7633 7673 7674
f 7633 7674 7634
f 7634 7674 7675
f 7634 7675 7635
f 7635 7675 7676
f 7635 7676 7636
f 7636 7676 7677
f 7636 7677 7637
f 7637 7677 7678
f 7637 7678 7638
f 7638 7678 7679
f 7638 7679 7639
f 7639 7679 7680
f 7639 7680 7640
f 7640 7680 7641
f 7640 7641 7601
f 7641 7681 7682
f 7641 7682 7642
f 7642 7682 7683
f 7642 7683 7643
f 7643 7683 7684
f 7643 7684 7644
f 7644 7684 7685
f 7644 7685 7645
f 7645 7685 7686
f 7645 7686 7646
f 7646 7686 7687
f 7646 7687 7647
f 7647 7687 7688
f 7647 7688 7648
f 7648 7688 7689
f 7648 7689 7649
f 7649 7689 7690
f 7649 7690 7650
f 7650 7690 7691
f 7650 7691 7651
f 7651 7691 7692
f 7651 7692 7652
f 7652 7692 7693
f 7652 7693 7653
f 7653 7693 7694
f 7653 7694 7654
f 7654 7694 7695
f 7654 7695 7655
f 7655 7695 7696
f 7655 7696 7656
f 7656 7696 7697
f 7656 7697 7657
f 7657 7697 7698
f 7657 7698 7658
f 7658 7698 7699
f 7658 7699 7659
f 7659 7699 7700
f 7659 7700 7660
f 7660 7700 7701
f 7660 7701 7661
f 7661 7701 7702
f 7661 7702 7662
f 7662 7702 7703
f 7662 7703 7663
f 7663 7703 7704
f 7663 7704 7664
f 7664 7704 7705
f 7664 7705 7665
f 7665 7705 7706
f 7665 7706 7666
f 7666 7706 7707
f 7666 7707 7667
f 7667 7707 7708
f 7667 7708 7668
f 7668 7708 7709
f 7668 7709 7669
f 7669 7709 7710
f 7669 7710 7670
f 7670 7710 7711
f 7670 7711 7671
f 7671 7711 7712
f 7671 7712 7672
f 7672 7712 7713
f 7672 7713 7673
f 7673 7713 7714
f 7673 7714 7674
f 7674 7714 7715
f 7674 7715 7675
f 7675 7715 7716
f 7675 7716 7676
f 7676 7716 7717
f 7676 7717 7677
f 7677 7717 7718
f 7677 7718 7678
f 7678 7718 7719
f 7678 7719 7679
f 7679 7719 7720
f 7679 7720 7680
f 7680 7720 7681
f 7680 7681 7641
f 7681 7721 7722
f 7681 7722 7682
f 7682 7722 7723
f 7682 7723 7683
f 7683 7723 7724
f 7683 7724 7684
f 7684 7724 7725
f 7684 7725 7685
f 7685 7725 7726
f 7685 7726 7686
f 7686 7726 7727
f 7686 7727 7687
f 7687 7727 7728
f 7687 7728 7688
f 7688 7728 7729
f 7688 7729 7689
f 7689 7729 7730
f 7689 7730 7690
f 7690 7730 7731
f 7690 7731 7691
f 7691 7731 7732
f 7691 7732 7692
f 7692 7732 7733
f 7692 7733 7693
f 7693 7733 7734
f 7693 7734 7694
f 7694 7734 7735
f 7694 7735 7695
f 7695 7735 7736
f 7695 7736 7696
f 7696 7736 7737
f 7696 7737 7697
f 7697 7737 7738
f 7697 7738 7698
f 7698 7738 7739
f 7698 7739 7699
f 7699 7739 7740
f 7699 7740 7700
f 7700 7740 7741
f 7700 7741 7701
f 7701 7741 7742
f 7701 7742 7702
f 7702 7742 7743
f 7702 7743 7703
f 7703 7743 7744
f 7703 7744 7704
f 7704 7744 7745
f 7704 7745 7705
f 7705 7745 7746
f 7705 7746 7706
f 7706 7746 7747
f 7706 7747 7707
f 7707 7747 7748
f 7707 7748 7708
f 7708 7748 7749
f 7708 7749 7709
f 7709 7749 7750
f 7709 7750 7710
f 7710 7750 7751
f 7710 7751 7711
f 7711 7751 7752
f 7711 7752 7712
f 7712 7752 7753
f 7712 7753 7713
f 7713 7753 7754
f 7713 7754 7714
f 7714 7754 7755
f 7714 7755 7715
f 7715 7755 7756
f 7715 7756 7716
f 7716 7756 7757
f 7716 7757 7717
f 7717 7757 7758
f 7717 7758 7718
f 7718 7758 7759
f 7718 7759 7719
f 7719 7759 7760
f 7719 7760 7720
f 7720 7760 7721
f 7720 7721 7681
f 7761 2 1
f 7761 3 2
f 7761 4 3
f 7761 5 4
f 7761 6 5
f 7761 7 6
f 7761 8 7
f 7761 9 8
f 7761 10 9
f 7761 11 10
f 7761 12 11
f 7761 13 12
f 7761 14 13
f 7761 15 14
f 7761 16 15
f 7761 17 16
f 7761 18 17
f 7761 19 18
f 7761 20 19
f 7761 21 20
f 7761 22 21
f 7761 23 22
f 7761 24 23
f 7761 25 24
f 7761 26 25
f 7761 27 26
f 7761 28 27
f 7761 29 28
f 7761 30 29
f 7761 31 30
f 7761 32 31
f 7761 33 32
f 7761 34 33
f 7761 35 34
f 7761 36 35
f 7761 37 36
f 7761 38 37
f 7761 39 38
f 7761 40 39
f 7761 1 40
f 7762 7721 7722
f 7762 7722 7723
f 7762 7723 7724
f 7762 7724 7725
f 7762 7725 7726
f 7762 7726 7727
f 7762 7727 7728
f 7762 7728 7729
f 7762 7729 7730
f 7762 7730 7731
f 7762 7731 7732
f 7762 7732 7733
f 7762 7733 7734
f 7762 7734 7735
f 7762 7735 7736
f 7762 7736 7737
f 7762 7737 7738
f 7762 7738 7739
f 7762 7739 7740
f 7762 7740 7741
f 7762 7741 7742
f 7762 7742 7743
f 7762 7743 7744
f 7762 7744 7745
f 7762 7745 7746
f 7762 7746 7747
f 7762 7747 7748
f 7762 7748 7749
f 7762 7749 7750
f 7762 7750 7751
f 7762 7751 7752
f 7762 7752 7753
f 7762 7753 7754
f 7762 7754 7755
f 7762 7755 7756
f 7762 7756 7757
f 7762 7757 7758
f 7762 7758 7759
f 7762 7759 7760
f 7762 7760 7721
o placas_base
f 7763 7765 7769
f 7763 7769 7767
f 7764 7768 7770
f 7764 7770 7766
f 7763 7767 7768
f 7763 7768 7764
f 7765 7766 7770
f 7765 7770 7769
f 7763 7764 7766
f 7763 7766 7765
f 7767 7769 7770
f 7767 7770 7768
f 7771 7773 7777
f 7771 7777 7775
f 7772 7776 7778
f 7772 7778 7774
f 7771 7775 7776
f 7771 7776 7772
f 7773 7774 7778
f 7773 7778 7777
f 7771 7772 7774
f 7771 7774 7773
f 7775 7777 7778
f 7775 7778 7776
o orejas
f 7779 7781 7785
f 7779 7785 7783
f 7780 7784 7786
f 7780 7786 7782
f 7779 7783 7784
f 7779 7784 7780
f 7781 7782 7786
f 7781 7786 7785
f 7779 7780 7782
f 7779 7782 7781
f 7783 7785 7786
f 7783 7786 7784
f 7787 7789 7793
f 7787 7793 7791
f 7788 7792 7794
f 7788 7794 7790
f 7787 7791 7792
f 7787 7792 7788
f 7789 7790 7794
f 7789 7794 7793
f 7787 7788 7790
f 7787 7790 7789
f 7791 7793 7794
f 7791 7794 7792
