o acc2_0
v 8564.164 -6872.257 -563.500
v 8564.164 -6872.257 -577.500
v 8490.164 -6872.257 -577.500
f 1 2 3
v 8490.164 -6872.257 -563.500
f 1 3 4
v 8482.173 -6879.865 -577.500
v 8482.164 -6880.257 -577.500
v 8482.164 -6880.257 -563.500
f 5 6 7
v 8482.173 -6879.865 -563.500
f 5 7 8
v 8482.202 -6879.473 -577.500
v 8482.202 -6879.473 -563.500
f 9 8 10
f 9 5 8
v 8482.250 -6879.083 -577.500
v 8482.250 -6879.083 -563.500
f 11 10 12
f 11 9 10
v 8482.317 -6878.696 -577.500
v 8482.317 -6878.696 -563.500
f 13 12 14
f 13 11 12
v 8482.404 -6878.313 -577.500
v 8482.404 -6878.313 -563.500
f 15 14 16
f 15 13 14
v 8482.508 -6877.935 -577.500
v 8482.508 -6877.935 -563.500
f 17 16 18
f 17 15 16
v 8482.631 -6877.562 -577.500
v 8482.631 -6877.562 -563.500
f 19 18 20
f 19 17 18
v 8482.773 -6877.196 -577.500
f 21 19 20
v 8482.773 -6877.196 -563.500
f 21 20 22
v 8482.932 -6876.837 -577.500
f 23 21 22
v 8482.932 -6876.837 -563.500
f 23 22 24
v 8483.108 -6876.486 -577.500
f 25 23 24
v 8483.108 -6876.486 -563.500
f 25 24 26
v 8483.302 -6876.144 -577.500
f 27 25 26
v 8483.302 -6876.144 -563.500
f 27 26 28
v 8483.512 -6875.813 -577.500
f 29 27 28
v 8483.512 -6875.813 -563.500
f 29 28 30
v 8483.738 -6875.492 -577.500
v 8483.738 -6875.492 -563.500
f 31 30 32
f 31 29 30
v 8483.980 -6875.182 -577.500
v 8483.980 -6875.182 -563.500
f 33 32 34
f 33 31 32
v 8484.236 -6874.885 -577.500
v 8484.236 -6874.885 -563.500
f 35 34 36
f 35 33 34
v 8484.507 -6874.600 -577.500
v 8484.507 -6874.600 -563.500
f 37 36 38
f 37 35 36
v 8484.791 -6874.330 -577.500
v 8484.791 -6874.330 -563.500
f 39 38 40
f 39 37 38
v 8485.089 -6874.073 -577.500
v 8485.089 -6874.073 -563.500
f 41 40 42
f 41 39 40
v 8485.398 -6873.832 -577.500
v 8485.398 -6873.832 -563.500
f 43 42 44
f 43 41 42
v 8485.719 -6873.605 -577.500
v 8485.719 -6873.605 -563.500
f 45 44 46
f 45 43 44
v 8486.051 -6873.395 -577.500
v 8486.051 -6873.395 -563.500
f 47 46 48
f 47 45 46
v 8486.393 -6873.202 -577.500
v 8486.393 -6873.202 -563.500
f 49 48 50
f 49 47 48
v 8486.743 -6873.025 -577.500
v 8486.743 -6873.025 -563.500
f 51 50 52
f 51 49 50
v 8487.102 -6872.866 -577.500
v 8487.102 -6872.866 -563.500
f 53 52 54
f 53 51 52
v 8487.469 -6872.725 -577.500
v 8487.469 -6872.725 -563.500
f 55 54 56
f 55 53 54
v 8487.841 -6872.602 -577.500
v 8487.841 -6872.602 -563.500
f 57 56 58
f 57 55 56
v 8488.220 -6872.497 -577.500
v 8488.220 -6872.497 -563.500
f 59 58 60
f 59 57 58
v 8488.603 -6872.411 -577.500
v 8488.603 -6872.411 -563.500
f 61 60 62
f 61 59 60
v 8488.990 -6872.344 -577.500
v 8488.990 -6872.344 -563.500
f 63 62 64
f 63 61 62
v 8489.380 -6872.296 -577.500
v 8489.380 -6872.296 -563.500
f 65 64 66
f 65 63 64
v 8489.771 -6872.267 -577.500
v 8489.771 -6872.267 -563.500
f 67 66 68
f 67 65 66
f 3 68 4
f 3 67 68
v 8482.164 -7064.257 -563.500
f 69 7 6
v 8482.164 -7064.257 -577.500
f 70 69 6
v 8489.771 -7072.248 -577.500
v 8490.164 -7072.257 -563.500
v 8489.771 -7072.248 -563.500
f 71 72 73
v 8490.164 -7072.257 -577.500
f 71 74 72
v 8489.380 -7072.219 -577.500
v 8489.380 -7072.219 -563.500
f 75 73 76
f 75 71 73
v 8488.990 -7072.171 -577.500
v 8488.990 -7072.171 -563.500
v 8488.603 -7072.103 -563.500
f 77 78 79
f 77 76 78
f 77 75 76
v 8488.603 -7072.103 -577.500
f 80 77 79
v 8488.220 -7072.017 -577.500
v 8488.220 -7072.017 -563.500
f 81 79 82
f 81 80 79
v 8487.841 -7071.913 -577.500
v 8487.841 -7071.913 -563.500
f 83 82 84
f 83 81 82
v 8487.469 -7071.790 -577.500
v 8487.469 -7071.790 -563.500
f 85 84 86
f 85 83 84
v 8487.102 -7071.648 -577.500
f 87 85 86
v 8487.102 -7071.648 -563.500
v 8486.743 -7071.489 -563.500
f 87 88 89
f 87 86 88
v 8486.743 -7071.489 -577.500
f 90 87 89
v 8486.393 -7071.313 -563.500
f 90 89 91
v 8486.393 -7071.313 -577.500
f 92 90 91
v 8486.051 -7071.119 -577.500
f 93 92 91
v 8486.051 -7071.119 -563.500
f 93 91 94
v 8485.719 -7070.909 -577.500
v 8485.719 -7070.909 -563.500
f 95 94 96
f 95 93 94
v 8485.398 -7070.683 -577.500
v 8485.398 -7070.683 -563.500
f 97 96 98
f 97 95 96
v 8485.089 -7070.441 -577.500
v 8485.089 -7070.441 -563.500
f 99 98 100
f 99 97 98
v 8484.791 -7070.185 -577.500
v 8484.791 -7070.185 -563.500
f 101 100 102
f 101 99 100
v 8484.507 -7069.914 -577.500
v 8484.507 -7069.914 -563.500
f 103 102 104
f 103 101 102
v 8484.236 -7069.630 -577.500
v 8484.236 -7069.630 -563.500
f 105 104 106
f 105 103 104
v 8483.980 -7069.332 -577.500
v 8483.980 -7069.332 -563.500
v 8483.738 -7069.023 -563.500
f 107 108 109
f 107 106 108
f 107 105 106
v 8483.738 -7069.023 -577.500
f 110 107 109
v 8483.512 -7068.702 -577.500
v 8483.512 -7068.702 -563.500
f 111 109 112
f 111 110 109
v 8483.302 -7068.370 -577.500
v 8483.302 -7068.370 -563.500
f 113 112 114
f 113 111 112
v 8483.108 -7068.028 -577.500
v 8483.108 -7068.028 -563.500
f 115 114 116
f 115 113 114
v 8482.932 -7067.678 -577.500
v 8482.932 -7067.678 -563.500
f 117 116 118
f 117 115 116
v 8482.773 -7067.319 -577.500
v 8482.773 -7067.319 -563.500
f 119 118 120
f 119 117 118
v 8482.631 -7066.952 -577.500
v 8482.631 -7066.952 -563.500
f 121 120 122
f 121 119 120
v 8482.508 -7066.579 -577.500
v 8482.508 -7066.579 -563.500
v 8482.404 -7066.201 -563.500
f 123 124 125
f 123 122 124
f 123 121 122
v 8482.404 -7066.201 -577.500
f 126 123 125
v 8482.317 -7065.818 -577.500
v 8482.317 -7065.818 -563.500
f 127 125 128
f 127 126 125
v 8482.250 -7065.431 -577.500
v 8482.250 -7065.431 -563.500
f 129 128 130
f 129 127 128
v 8482.202 -7065.041 -577.500
v 8482.202 -7065.041 -563.500
f 131 130 132
f 131 129 130
v 8482.173 -7064.650 -577.500
v 8482.173 -7064.650 -563.500
f 133 132 134
f 133 131 132
f 70 134 69
f 70 133 134
v 8564.164 -7072.257 -563.500
f 135 72 74
v 8564.164 -7072.257 -577.500
f 136 135 74
v 8572.154 -7064.650 -577.500
v 8572.164 -7064.257 -563.500
v 8572.154 -7064.650 -563.500
f 137 138 139
v 8572.164 -7064.257 -577.500
f 137 140 138
v 8572.125 -7065.041 -577.500
v 8572.125 -7065.041 -563.500
f 141 139 142
f 141 137 139
v 8572.077 -7065.431 -577.500
v 8572.077 -7065.431 -563.500
v 8572.010 -7065.818 -563.500
f 143 144 145
f 143 142 144
f 143 141 142
v 8572.010 -7065.818 -577.500
f 146 143 145
v 8571.924 -7066.201 -577.500
v 8571.924 -7066.201 -563.500
f 147 145 148
f 147 146 145
v 8571.819 -7066.579 -577.500
v 8571.819 -7066.579 -563.500
f 149 148 150
f 149 147 148
v 8571.696 -7066.952 -577.500
v 8571.696 -7066.952 -563.500
v 8571.555 -7067.319 -563.500
f 151 152 153
f 151 150 152
f 151 149 150
v 8571.555 -7067.319 -577.500
f 154 151 153
v 8571.396 -7067.678 -577.500
f 155 154 153
v 8571.396 -7067.678 -563.500
v 8571.219 -7068.028 -563.500
f 155 156 157
f 155 153 156
v 8571.219 -7068.028 -577.500
f 158 155 157
v 8571.026 -7068.370 -577.500
f 159 158 157
v 8571.026 -7068.370 -563.500
f 159 157 160
v 8570.816 -7068.702 -577.500
v 8570.816 -7068.702 -563.500
f 161 160 162
f 161 159 160
v 8570.589 -7069.023 -577.500
v 8570.589 -7069.023 -563.500
f 163 162 164
f 163 161 162
v 8570.348 -7069.332 -577.500
v 8570.348 -7069.332 -563.500
v 8570.091 -7069.630 -563.500
f 165 166 167
f 165 164 166
f 165 163 164
v 8570.091 -7069.630 -577.500
f 168 165 167
v 8569.821 -7069.914 -577.500
v 8569.821 -7069.914 -563.500
f 169 167 170
f 169 168 167
v 8569.536 -7070.185 -577.500
v 8569.536 -7070.185 -563.500
f 171 170 172
f 171 169 170
v 8569.239 -7070.441 -577.500
v 8569.239 -7070.441 -563.500
f 173 172 174
f 173 171 172
v 8568.929 -7070.683 -577.500
v 8568.929 -7070.683 -563.500
f 175 174 176
f 175 173 174
v 8568.608 -7070.909 -577.500
v 8568.608 -7070.909 -563.500
f 177 176 178
f 177 175 176
v 8568.277 -7071.119 -577.500
v 8568.277 -7071.119 -563.500
f 179 178 180
f 179 177 178
v 8567.935 -7071.313 -577.500
v 8567.935 -7071.313 -563.500
f 181 180 182
f 181 179 180
v 8567.584 -7071.489 -577.500
v 8567.584 -7071.489 -563.500
f 183 182 184
f 183 181 182
v 8567.225 -7071.648 -577.500
v 8567.225 -7071.648 -563.500
f 185 184 186
f 185 183 184
v 8566.859 -7071.790 -577.500
v 8566.859 -7071.790 -563.500
f 187 186 188
f 187 185 186
v 8566.486 -7071.913 -577.500
v 8566.486 -7071.913 -563.500
f 189 188 190
f 189 187 188
v 8566.108 -7072.017 -577.500
v 8566.108 -7072.017 -563.500
f 191 190 192
f 191 189 190
v 8565.724 -7072.103 -577.500
v 8565.724 -7072.103 -563.500
f 193 192 194
f 193 191 192
v 8565.338 -7072.171 -577.500
v 8565.338 -7072.171 -563.500
f 195 194 196
f 195 193 194
v 8564.948 -7072.219 -577.500
v 8564.948 -7072.219 -563.500
f 197 196 198
f 197 195 196
v 8564.556 -7072.248 -577.500
v 8564.556 -7072.248 -563.500
f 199 198 200
f 199 197 198
f 136 200 135
f 136 199 200
v 8572.164 -6880.257 -577.500
v 8572.164 -6880.257 -563.500
f 140 201 202
f 138 140 202
v 8564.556 -6872.267 -577.500
v 8564.556 -6872.267 -563.500
f 203 1 204
f 203 2 1
v 8564.948 -6872.296 -577.500
v 8564.948 -6872.296 -563.500
f 205 204 206
f 205 203 204
v 8565.338 -6872.344 -577.500
v 8565.338 -6872.344 -563.500
f 207 206 208
f 207 205 206
v 8565.724 -6872.411 -577.500
v 8565.724 -6872.411 -563.500
f 209 208 210
f 209 207 208
v 8566.108 -6872.497 -577.500
v 8566.108 -6872.497 -563.500
f 211 210 212
f 211 209 210
v 8566.486 -6872.602 -577.500
v 8566.486 -6872.602 -563.500
f 213 212 214
f 213 211 212
v 8566.859 -6872.725 -577.500
v 8566.859 -6872.725 -563.500
f 215 214 216
f 215 213 214
v 8567.225 -6872.866 -577.500
f 217 215 216
v 8567.225 -6872.866 -563.500
f 217 216 218
v 8567.584 -6873.025 -577.500
f 219 217 218
v 8567.584 -6873.025 -563.500
f 219 218 220
v 8567.935 -6873.202 -577.500
f 221 219 220
v 8567.935 -6873.202 -563.500
f 221 220 222
v 8568.277 -6873.395 -577.500
f 223 221 222
v 8568.277 -6873.395 -563.500
f 223 222 224
v 8568.608 -6873.605 -577.500
v 8568.608 -6873.605 -563.500
f 225 224 226
f 225 223 224
v 8568.929 -6873.832 -577.500
v 8568.929 -6873.832 -563.500
f 227 226 228
f 227 225 226
v 8569.239 -6874.073 -577.500
v 8569.239 -6874.073 -563.500
f 229 228 230
f 229 227 228
v 8569.536 -6874.330 -577.500
v 8569.536 -6874.330 -563.500
f 231 230 232
f 231 229 230
v 8569.821 -6874.600 -577.500
v 8569.821 -6874.600 -563.500
f 233 232 234
f 233 231 232
v 8570.091 -6874.885 -577.500
v 8570.091 -6874.885 -563.500
f 235 234 236
f 235 233 234
v 8570.348 -6875.182 -577.500
v 8570.348 -6875.182 -563.500
f 237 236 238
f 237 235 236
v 8570.589 -6875.492 -577.500
v 8570.589 -6875.492 -563.500
f 239 238 240
f 239 237 238
v 8570.816 -6875.813 -577.500
v 8570.816 -6875.813 -563.500
f 241 240 242
f 241 239 240
v 8571.026 -6876.144 -577.500
v 8571.026 -6876.144 -563.500
f 243 242 244
f 243 241 242
v 8571.219 -6876.486 -577.500
v 8571.219 -6876.486 -563.500
f 245 244 246
f 245 243 244
v 8571.396 -6876.837 -577.500
v 8571.396 -6876.837 -563.500
f 247 246 248
f 247 245 246
v 8571.555 -6877.196 -577.500
v 8571.555 -6877.196 -563.500
f 249 248 250
f 249 247 248
v 8571.696 -6877.562 -577.500
v 8571.696 -6877.562 -563.500
f 251 250 252
f 251 249 250
v 8571.819 -6877.935 -577.500
v 8571.819 -6877.935 -563.500
f 253 252 254
f 253 251 252
v 8571.924 -6878.313 -577.500
v 8571.924 -6878.313 -563.500
f 255 254 256
f 255 253 254
v 8572.010 -6878.696 -577.500
v 8572.010 -6878.696 -563.500
f 257 256 258
f 257 255 256
v 8572.077 -6879.083 -577.500
v 8572.077 -6879.083 -563.500
f 259 258 260
f 259 257 258
v 8572.125 -6879.473 -577.500
v 8572.125 -6879.473 -563.500
f 261 260 262
f 261 259 260
v 8572.154 -6879.865 -577.500
v 8572.154 -6879.865 -563.500
f 263 262 264
f 263 261 262
f 201 264 202
f 201 263 264
v 8546.380 -6896.200 -563.500
v 8546.801 -6896.757 -563.500
v 8547.032 -6897.018 -563.500
f 265 266 267
v 8546.584 -6896.484 -563.500
f 265 268 266
v 8546.191 -6895.907 -563.500
f 269 265 267
v 8548.664 -6898.319 -563.500
v 8548.078 -6897.941 -563.500
v 8548.366 -6898.137 -563.500
f 270 271 272
v 8548.970 -6898.486 -563.500
f 273 271 270
v 8545.713 -6894.976 -563.500
v 8545.857 -6895.294 -563.500
v 8546.016 -6895.605 -563.500
f 274 275 276
v 8549.934 -6898.893 -563.500
v 8549.285 -6898.638 -563.500
v 8549.606 -6898.773 -563.500
f 277 278 279
v 8545.475 -6894.320 -563.500
v 8545.586 -6894.651 -563.500
f 280 281 274
v 8550.948 -6899.151 -563.500
v 8550.268 -6898.996 -563.500
f 282 277 283
f 282 273 278
f 282 278 277
v 8550.606 -6899.082 -563.500
f 282 283 284
v 8551.989 -6899.255 -563.500
v 8551.293 -6899.203 -563.500
v 8551.641 -6899.238 -563.500
f 285 286 287
f 285 282 286
v 8552.687 -6899.238 -563.500
v 8552.338 -6899.255 -563.500
f 288 285 289
v 8553.034 -6899.203 -563.500
f 290 282 285
f 290 285 288
v 8553.721 -6899.082 -563.500
v 8553.379 -6899.151 -563.500
f 291 290 292
v 8554.721 -6898.773 -563.500
f 293 282 290
f 293 290 291
v 8554.060 -6898.996 -563.500
v 8554.393 -6898.893 -563.500
f 293 294 295
f 293 291 294
v 8555.043 -6898.638 -563.500
f 296 282 293
f 296 273 282
v 8555.962 -6898.137 -563.500
f 297 273 296
f 297 271 273
v 8555.357 -6898.486 -563.500
v 8555.664 -6898.319 -563.500
f 297 298 299
f 297 296 298
v 8546.380 -6888.314 -563.500
v 8546.016 -6888.909 -563.500
v 8545.857 -6889.220 -563.500
f 300 301 302
v 8546.191 -6888.607 -563.500
f 300 303 301
v 8556.528 -6897.730 -563.500
v 8547.799 -6897.730 -563.500
f 304 305 271
v 8547.532 -6897.506 -563.500
f 304 306 305
v 8547.276 -6897.268 -563.500
f 304 307 306
v 8556.250 -6897.941 -563.500
f 304 297 308
f 304 271 297
v 8557.051 -6897.268 -563.500
f 309 267 307
f 309 307 304
v 8556.796 -6897.506 -563.500
f 309 304 310
v 8557.526 -6896.757 -563.500
f 311 267 309
v 8557.295 -6897.018 -563.500
f 311 309 312
v 8547.799 -6886.784 -563.500
v 8547.532 -6887.009 -563.500
v 8547.276 -6887.246 -563.500
f 313 314 315
v 8557.744 -6896.484 -563.500
f 316 267 311
f 316 269 267
v 8548.078 -6886.574 -563.500
f 317 313 315
v 8558.137 -6895.907 -563.500
f 318 269 316
v 8557.947 -6896.200 -563.500
f 318 316 319
v 8548.664 -6886.195 -563.500
v 8548.366 -6886.377 -563.500
f 320 321 317
f 320 317 315
v 8558.471 -6895.294 -563.500
f 322 276 269
f 322 274 276
f 322 269 318
v 8558.311 -6895.605 -563.500
f 322 318 323
v 8558.742 -6894.651 -563.500
v 8558.614 -6894.976 -563.500
f 324 322 325
v 8558.853 -6894.320 -563.500
v 8545.380 -6893.984 -563.500
f 326 327 280
f 326 280 274
f 326 274 322
f 326 322 324
v 8550.268 -6885.519 -563.500
v 8549.606 -6885.741 -563.500
v 8549.285 -6885.877 -563.500
f 328 329 330
v 8549.934 -6885.622 -563.500
f 328 331 329
v 8558.947 -6893.984 -563.500
f 332 327 326
v 8559.025 -6893.644 -563.500
v 8545.303 -6893.644 -563.500
f 333 334 327
v 8545.242 -6893.300 -563.500
f 333 335 334
f 333 327 332
v 8550.948 -6885.364 -563.500
v 8550.606 -6885.433 -563.500
f 336 337 328
v 8551.293 -6885.311 -563.500
f 338 336 328
v 8559.129 -6892.954 -563.500
v 8545.199 -6892.954 -563.500
f 339 340 335
v 8559.086 -6893.300 -563.500
f 339 333 341
f 339 335 333
v 8551.641 -6885.277 -563.500
f 342 338 328
v 8548.970 -6886.028 -563.500
f 342 343 320
f 342 330 343
f 342 328 330
v 8559.155 -6892.606 -563.500
v 8545.172 -6892.606 -563.500
f 344 345 340
v 8545.164 -6892.257 -563.500
f 344 346 345
f 344 340 339
v 8559.155 -6891.908 -563.500
v 8559.164 -6892.257 -563.500
f 347 344 348
f 347 346 344
v 8552.687 -6885.277 -563.500
v 8551.989 -6885.259 -563.500
f 349 350 342
v 8552.338 -6885.259 -563.500
f 349 351 350
v 8559.129 -6891.560 -563.500
v 8545.172 -6891.908 -563.500
f 352 353 346
v 8545.199 -6891.560 -563.500
f 352 354 353
v 8545.242 -6891.214 -563.500
f 352 355 354
f 352 346 347
v 8559.086 -6891.214 -563.500
f 356 355 352
v 8553.379 -6885.364 -563.500
v 8553.034 -6885.311 -563.500
f 357 358 349
v 8558.947 -6890.530 -563.500
v 8545.303 -6890.870 -563.500
f 359 360 355
v 8545.380 -6890.530 -563.500
f 359 361 360
f 359 355 356
v 8559.025 -6890.870 -563.500
f 359 356 362
v 8554.060 -6885.519 -563.500
f 363 357 349
v 8553.721 -6885.433 -563.500
f 363 364 357
v 8554.393 -6885.622 -563.500
f 365 363 349
v 8558.742 -6889.863 -563.500
v 8545.475 -6890.194 -563.500
f 366 367 361
v 8545.586 -6889.863 -563.500
f 366 368 367
v 8545.713 -6889.538 -563.500
f 366 369 368
f 366 361 359
v 8558.853 -6890.194 -563.500
f 366 359 370
v 8554.721 -6885.741 -563.500
f 371 365 349
v 8555.043 -6885.877 -563.500
f 372 349 342
f 372 342 320
f 372 371 349
v 8558.311 -6888.909 -563.500
f 373 302 369
f 373 369 366
v 8558.614 -6889.538 -563.500
v 8558.471 -6889.220 -563.500
f 373 374 375
f 373 366 374
f 373 300 302
v 8555.664 -6886.195 -563.500
v 8555.357 -6886.028 -563.500
f 376 377 372
v 8558.137 -6888.607 -563.500
f 378 300 373
v 8555.962 -6886.377 -563.500
f 379 372 320
f 379 376 372
v 8557.526 -6887.758 -563.500
f 380 300 378
v 8546.584 -6888.031 -563.500
f 380 381 300
v 8546.801 -6887.758 -563.500
f 380 382 381
v 8547.032 -6887.496 -563.500
f 380 383 382
v 8557.947 -6888.314 -563.500
v 8557.744 -6888.031 -563.500
f 380 384 385
f 380 378 384
v 8557.051 -6887.246 -563.500
f 386 315 383
f 386 379 320
v 8556.250 -6886.574 -563.500
f 386 387 379
v 8556.528 -6886.784 -563.500
f 386 388 387
v 8556.796 -6887.009 -563.500
f 386 389 388
v 8557.295 -6887.496 -563.500
f 386 380 390
f 386 383 380
f 386 320 315
v 8547.032 -6897.018 -577.500
v 8547.532 -6897.506 -577.500
v 8547.276 -6897.268 -577.500
f 391 392 393
v 8548.078 -6897.941 -577.500
v 8547.799 -6897.730 -577.500
f 392 394 395
v 8546.584 -6896.484 -577.500
v 8546.380 -6896.200 -577.500
v 8546.801 -6896.757 -577.500
f 396 397 398
v 8548.664 -6898.319 -577.500
v 8548.366 -6898.137 -577.500
f 394 399 400
v 8549.285 -6898.638 -577.500
v 8548.970 -6898.486 -577.500
f 399 401 402
f 394 401 399
v 8545.713 -6894.976 -577.500
v 8545.586 -6894.651 -577.500
v 8545.857 -6895.294 -577.500
f 403 404 405
v 8549.934 -6898.893 -577.500
v 8549.606 -6898.773 -577.500
f 401 406 407
v 8550.948 -6899.151 -577.500
v 8550.268 -6898.996 -577.500
f 406 408 409
v 8550.606 -6899.082 -577.500
f 409 408 410
v 8551.293 -6899.203 -577.500
f 406 411 408
v 8551.989 -6899.255 -577.500
v 8551.641 -6899.238 -577.500
f 411 412 413
v 8553.034 -6899.203 -577.500
v 8552.338 -6899.255 -577.500
f 412 414 415
v 8552.687 -6899.238 -577.500
f 415 414 416
f 406 414 411
f 411 414 412
v 8553.721 -6899.082 -577.500
v 8553.379 -6899.151 -577.500
f 414 417 418
v 8554.060 -6898.996 -577.500
f 414 419 417
v 8555.357 -6898.486 -577.500
v 8554.393 -6898.893 -577.500
f 419 420 421
v 8554.721 -6898.773 -577.500
f 421 420 422
v 8555.043 -6898.638 -577.500
f 422 420 423
f 394 420 401
f 401 420 406
f 414 420 419
f 406 420 414
v 8555.962 -6898.137 -577.500
v 8555.664 -6898.319 -577.500
f 420 424 425
v 8546.191 -6888.607 -577.500
v 8546.380 -6888.314 -577.500
v 8546.016 -6888.909 -577.500
f 426 427 428
v 8545.857 -6889.220 -577.500
f 428 427 429
v 8556.528 -6897.730 -577.500
v 8556.250 -6897.941 -577.500
f 424 430 431
v 8546.584 -6888.031 -577.500
v 8546.801 -6887.758 -577.500
f 432 433 427
f 427 433 429
v 8556.796 -6897.506 -577.500
f 391 434 392
f 392 434 394
f 420 434 424
f 424 434 430
f 394 434 420
v 8557.295 -6897.018 -577.500
f 391 435 434
v 8557.051 -6897.268 -577.500
f 434 435 436
v 8547.276 -6887.246 -577.500
v 8547.532 -6887.009 -577.500
v 8547.032 -6887.496 -577.500
f 437 438 439
f 439 438 433
v 8557.526 -6896.757 -577.500
f 391 440 435
v 8557.744 -6896.484 -577.500
f 398 441 391
f 397 441 398
f 391 441 440
v 8558.137 -6895.907 -577.500
f 397 442 441
v 8557.947 -6896.200 -577.500
f 441 442 443
v 8548.366 -6886.377 -577.500
v 8548.664 -6886.195 -577.500
v 8548.078 -6886.574 -577.500
f 444 445 446
v 8547.799 -6886.784 -577.500
f 446 445 447
v 8558.311 -6895.605 -577.500
v 8546.016 -6895.605 -577.500
f 405 448 449
v 8546.191 -6895.907 -577.500
f 449 448 450
f 450 448 397
f 397 448 442
v 8558.471 -6895.294 -577.500
f 405 451 448
v 8558.614 -6894.976 -577.500
f 405 452 451
v 8558.742 -6894.651 -577.500
f 405 453 452
v 8549.606 -6885.741 -577.500
v 8549.934 -6885.622 -577.500
v 8549.285 -6885.877 -577.500
f 454 455 456
v 8548.970 -6886.028 -577.500
f 456 455 457
v 8545.475 -6894.320 -577.500
v 8558.853 -6894.320 -577.500
f 458 459 404
f 404 459 405
f 405 459 453
v 8545.303 -6893.644 -577.500
v 8558.947 -6893.984 -577.500
v 8545.380 -6893.984 -577.500
f 460 461 462
f 462 461 458
f 458 461 459
v 8550.268 -6885.519 -577.500
v 8550.948 -6885.364 -577.500
f 463 464 455
v 8550.606 -6885.433 -577.500
f 465 464 463
v 8545.242 -6893.300 -577.500
v 8559.086 -6893.300 -577.500
f 466 467 460
f 460 467 461
v 8559.025 -6893.644 -577.500
f 461 467 468
v 8545.172 -6892.606 -577.500
v 8559.129 -6892.954 -577.500
v 8545.199 -6892.954 -577.500
f 469 470 471
f 471 470 466
f 466 470 467
v 8551.293 -6885.311 -577.500
v 8551.641 -6885.277 -577.500
f 472 473 464
v 8545.164 -6892.257 -577.500
v 8559.164 -6892.257 -577.500
f 474 475 469
f 469 475 470
v 8559.155 -6892.606 -577.500
f 470 475 476
v 8551.989 -6885.259 -577.500
v 8552.338 -6885.259 -577.500
f 477 478 473
v 8545.172 -6891.908 -577.500
v 8559.155 -6891.908 -577.500
f 479 480 474
f 474 480 475
v 8559.129 -6891.560 -577.500
f 479 481 480
v 8545.242 -6891.214 -577.500
v 8545.199 -6891.560 -577.500
f 482 481 483
f 483 481 479
v 8545.303 -6890.870 -577.500
v 8559.086 -6891.214 -577.500
f 484 485 482
f 482 485 481
v 8553.034 -6885.311 -577.500
v 8553.379 -6885.364 -577.500
v 8552.687 -6885.277 -577.500
f 486 487 488
f 488 487 478
v 8545.380 -6890.530 -577.500
v 8558.947 -6890.530 -577.500
f 489 490 484
f 484 490 485
v 8559.025 -6890.870 -577.500
f 485 490 491
v 8554.060 -6885.519 -577.500
f 487 492 478
f 478 492 473
v 8553.721 -6885.433 -577.500
f 493 492 487
v 8545.586 -6889.863 -577.500
v 8558.853 -6890.194 -577.500
v 8545.475 -6890.194 -577.500
f 494 495 496
f 496 495 489
f 489 495 490
v 8545.713 -6889.538 -577.500
v 8558.742 -6889.863 -577.500
f 497 498 494
f 494 498 495
v 8554.721 -6885.741 -577.500
f 464 499 455
f 492 499 473
f 473 499 464
v 8554.393 -6885.622 -577.500
f 500 499 492
v 8558.471 -6889.220 -577.500
f 429 501 497
f 497 501 498
v 8558.614 -6889.538 -577.500
f 498 501 502
v 8558.311 -6888.909 -577.500
f 429 503 501
f 433 503 429
v 8555.664 -6886.195 -577.500
f 499 504 455
v 8555.357 -6886.028 -577.500
v 8555.043 -6885.877 -577.500
f 505 504 506
f 506 504 499
v 8555.962 -6886.377 -577.500
f 504 507 455
f 455 507 457
v 8557.947 -6888.314 -577.500
v 8558.137 -6888.607 -577.500
f 503 508 509
v 8556.250 -6886.574 -577.500
f 507 510 457
v 8557.526 -6887.758 -577.500
f 503 511 508
v 8557.744 -6888.031 -577.500
f 508 511 512
f 433 511 503
v 8556.528 -6886.784 -577.500
v 8556.796 -6887.009 -577.500
f 513 514 510
v 8557.295 -6887.496 -577.500
f 433 515 511
v 8557.051 -6887.246 -577.500
f 457 516 445
f 447 516 438
f 438 516 433
f 514 516 510
f 445 516 447
f 510 516 457
f 433 516 515
o acc2_1
v 7394.164 -6872.257 -563.500
v 7320.164 -6872.257 -577.500
v 7320.164 -6872.257 -563.500
f 517 518 519
v 7394.164 -6872.257 -577.500
f 517 520 518
v 7402.164 -6880.257 -563.500
v 7402.164 -6880.257 -577.500
v 7402.154 -6879.865 -577.500
f 521 522 523
v 7402.154 -6879.865 -563.500
v 7402.125 -6879.473 -577.500
f 524 523 525
f 524 521 523
v 7402.125 -6879.473 -563.500
v 7402.077 -6879.083 -577.500
f 526 525 527
f 526 524 525
v 7402.077 -6879.083 -563.500
v 7402.010 -6878.696 -577.500
f 528 527 529
f 528 526 527
v 7402.010 -6878.696 -563.500
v 7401.924 -6878.313 -577.500
f 530 529 531
f 530 528 529
v 7401.924 -6878.313 -563.500
v 7401.819 -6877.935 -577.500
f 532 531 533
f 532 530 531
v 7401.819 -6877.935 -563.500
v 7401.696 -6877.562 -577.500
f 534 533 535
f 534 532 533
v 7401.696 -6877.562 -563.500
v 7401.555 -6877.196 -577.500
f 536 535 537
f 536 534 535
v 7401.555 -6877.196 -563.500
f 538 536 537
v 7401.396 -6876.837 -577.500
f 538 537 539
v 7401.396 -6876.837 -563.500
f 540 538 539
v 7401.219 -6876.486 -577.500
f 540 539 541
v 7401.219 -6876.486 -563.500
v 7401.026 -6876.144 -577.500
f 542 541 543
f 542 540 541
v 7401.026 -6876.144 -563.500
v 7400.816 -6875.813 -577.500
f 544 543 545
f 544 542 543
v 7400.816 -6875.813 -563.500
v 7400.589 -6875.492 -577.500
f 546 545 547
f 546 544 545
v 7400.589 -6875.492 -563.500
v 7400.348 -6875.182 -577.500
f 548 547 549
f 548 546 547
v 7400.348 -6875.182 -563.500
v 7400.091 -6874.885 -577.500
f 550 549 551
f 550 548 549
v 7400.091 -6874.885 -563.500
v 7399.821 -6874.600 -577.500
f 552 551 553
f 552 550 551
v 7399.821 -6874.600 -563.500
v 7399.536 -6874.330 -577.500
f 554 553 555
f 554 552 553
v 7399.536 -6874.330 -563.500
v 7399.239 -6874.073 -577.500
f 556 555 557
f 556 554 555
v 7399.239 -6874.073 -563.500
v 7398.929 -6873.832 -577.500
f 558 557 559
f 558 556 557
v 7398.929 -6873.832 -563.500
v 7398.608 -6873.605 -577.500
f 560 559 561
f 560 558 559
v 7398.608 -6873.605 -563.500
v 7398.277 -6873.395 -577.500
f 562 561 563
f 562 560 561
v 7398.277 -6873.395 -563.500
v 7397.935 -6873.202 -577.500
f 564 563 565
f 564 562 563
v 7397.935 -6873.202 -563.500
v 7397.584 -6873.025 -577.500
f 566 565 567
f 566 564 565
v 7397.584 -6873.025 -563.500
v 7397.225 -6872.866 -577.500
f 568 567 569
f 568 566 567
v 7397.225 -6872.866 -563.500
v 7396.859 -6872.725 -577.500
f 570 569 571
f 570 568 569
v 7396.859 -6872.725 -563.500
f 572 570 571
v 7396.486 -6872.602 -563.500
v 7396.486 -6872.602 -577.500
f 573 571 574
v 7396.108 -6872.497 -577.500
f 573 574 575
f 573 572 571
v 7396.108 -6872.497 -563.500
v 7395.724 -6872.411 -577.500
f 576 575 577
f 576 573 575
v 7395.724 -6872.411 -563.500
v 7395.338 -6872.344 -577.500
f 578 577 579
f 578 576 577
v 7395.338 -6872.344 -563.500
v 7394.948 -6872.296 -577.500
f 580 579 581
f 580 578 579
v 7394.948 -6872.296 -563.500
v 7394.556 -6872.267 -577.500
f 582 581 583
f 582 580 581
v 7394.556 -6872.267 -563.500
f 584 582 583
f 517 583 520
f 517 584 583
v 7402.164 -7064.257 -577.500
f 585 522 521
v 7402.164 -7064.257 -563.500
f 586 585 521
v 7394.556 -7072.248 -563.500
v 7394.164 -7072.257 -577.500
v 7394.556 -7072.248 -577.500
f 587 588 589
v 7394.164 -7072.257 -563.500
f 587 590 588
v 7394.948 -7072.219 -563.500
v 7394.948 -7072.219 -577.500
f 591 589 592
f 591 587 589
v 7395.338 -7072.171 -563.500
v 7395.338 -7072.171 -577.500
f 593 592 594
f 593 591 592
v 7395.724 -7072.103 -563.500
v 7395.724 -7072.103 -577.500
f 595 594 596
f 595 593 594
v 7396.108 -7072.017 -563.500
v 7396.108 -7072.017 -577.500
f 597 596 598
v 7396.486 -7071.913 -577.500
f 597 598 599
f 597 595 596
v 7396.486 -7071.913 -563.500
f 600 597 599
v 7396.859 -7071.790 -563.500
v 7396.859 -7071.790 -577.500
f 601 599 602
v 7397.225 -7071.648 -577.500
f 601 602 603
f 601 600 599
v 7397.225 -7071.648 -563.500
f 604 601 603
v 7397.584 -7071.489 -577.500
f 604 603 605
v 7397.584 -7071.489 -563.500
f 606 604 605
v 7397.935 -7071.313 -577.500
f 606 605 607
v 7397.935 -7071.313 -563.500
v 7398.277 -7071.119 -577.500
f 608 607 609
f 608 606 607
v 7398.277 -7071.119 -563.500
v 7398.608 -7070.909 -577.500
f 610 609 611
f 610 608 609
v 7398.608 -7070.909 -563.500
v 7398.929 -7070.683 -577.500
f 612 611 613
f 612 610 611
v 7398.929 -7070.683 -563.500
v 7399.239 -7070.441 -577.500
f 614 613 615
f 614 612 613
v 7399.239 -7070.441 -563.500
v 7399.536 -7070.185 -577.500
f 616 615 617
f 616 614 615
v 7399.536 -7070.185 -563.500
v 7399.821 -7069.914 -577.500
f 618 617 619
f 618 616 617
v 7399.821 -7069.914 -563.500
v 7400.091 -7069.630 -577.500
f 620 619 621
f 620 618 619
v 7400.091 -7069.630 -563.500
v 7400.348 -7069.332 -577.500
f 622 621 623
f 622 620 621
v 7400.348 -7069.332 -563.500
v 7400.589 -7069.023 -577.500
f 624 623 625
f 624 622 623
v 7400.589 -7069.023 -563.500
v 7400.816 -7068.702 -577.500
f 626 625 627
f 626 624 625
v 7400.816 -7068.702 -563.500
v 7401.026 -7068.370 -577.500
f 628 627 629
f 628 626 627
v 7401.026 -7068.370 -563.500
v 7401.219 -7068.028 -577.500
f 630 629 631
f 630 628 629
v 7401.219 -7068.028 -563.500
v 7401.396 -7067.678 -577.500
f 632 631 633
f 632 630 631
v 7401.396 -7067.678 -563.500
v 7401.555 -7067.319 -577.500
f 634 633 635
f 634 632 633
v 7401.555 -7067.319 -563.500
v 7401.696 -7066.952 -577.500
f 636 635 637
f 636 634 635
v 7401.696 -7066.952 -563.500
v 7401.819 -7066.579 -577.500
f 638 637 639
f 638 636 637
v 7401.819 -7066.579 -563.500
v 7401.924 -7066.201 -577.500
f 640 639 641
f 640 638 639
v 7401.924 -7066.201 -563.500
v 7402.010 -7065.818 -577.500
f 642 641 643
f 642 640 641
v 7402.010 -7065.818 -563.500
v 7402.077 -7065.431 -577.500
f 644 643 645
f 644 642 643
v 7402.077 -7065.431 -563.500
v 7402.125 -7065.041 -577.500
f 646 645 647
f 646 644 645
v 7402.125 -7065.041 -563.500
v 7402.154 -7064.650 -577.500
f 648 647 649
f 648 646 647
v 7402.154 -7064.650 -563.500
f 650 648 649
f 586 649 585
f 586 650 649
v 7320.164 -7072.257 -563.500
f 588 590 651
v 7320.164 -7072.257 -577.500
f 588 651 652
v 7312.173 -7064.650 -563.500
v 7312.164 -7064.257 -563.500
v 7312.164 -7064.257 -577.500
f 653 654 655
v 7312.173 -7064.650 -577.500
f 653 655 656
v 7312.202 -7065.041 -563.500
v 7312.202 -7065.041 -577.500
f 657 656 658
f 657 653 656
v 7312.250 -7065.431 -563.500
v 7312.250 -7065.431 -577.500
f 659 658 660
v 7312.317 -7065.818 -577.500
f 659 660 661
f 659 657 658
v 7312.317 -7065.818 -563.500
f 662 659 661
v 7312.404 -7066.201 -563.500
v 7312.404 -7066.201 -577.500
f 663 661 664
f 663 662 661
v 7312.508 -7066.579 -563.500
v 7312.508 -7066.579 -577.500
f 665 664 666
f 665 663 664
v 7312.631 -7066.952 -563.500
v 7312.631 -7066.952 -577.500
f 667 666 668
v 7312.773 -7067.319 -577.500
f 667 668 669
f 667 665 666
v 7312.773 -7067.319 -563.500
f 670 667 669
v 7312.932 -7067.678 -563.500
f 671 670 669
v 7312.932 -7067.678 -577.500
f 671 669 672
v 7313.108 -7068.028 -577.500
f 671 672 673
v 7313.108 -7068.028 -563.500
f 674 671 673
v 7313.302 -7068.370 -563.500
f 675 674 673
v 7313.302 -7068.370 -577.500
f 675 673 676
v 7313.512 -7068.702 -563.500
f 677 675 676
v 7313.512 -7068.702 -577.500
f 677 676 678
v 7313.738 -7069.023 -563.500
f 679 677 678
v 7313.738 -7069.023 -577.500
f 679 678 680
v 7313.980 -7069.332 -577.500
f 679 680 681
v 7313.980 -7069.332 -563.500
f 682 679 681
v 7314.236 -7069.630 -577.500
f 682 681 683
v 7314.236 -7069.630 -563.500
f 684 682 683
v 7314.507 -7069.914 -563.500
f 685 684 683
v 7314.507 -7069.914 -577.500
f 685 683 686
v 7314.791 -7070.185 -577.500
f 685 686 687
v 7314.791 -7070.185 -563.500
f 688 685 687
v 7315.089 -7070.441 -563.500
f 689 688 687
v 7315.089 -7070.441 -577.500
f 689 687 690
v 7315.398 -7070.683 -577.500
f 689 690 691
v 7315.398 -7070.683 -563.500
f 692 689 691
v 7315.719 -7070.909 -577.500
f 692 691 693
v 7315.719 -7070.909 -563.500
f 694 692 693
v 7316.051 -7071.119 -577.500
f 694 693 695
v 7316.051 -7071.119 -563.500
v 7316.393 -7071.313 -577.500
f 696 695 697
f 696 694 695
v 7316.393 -7071.313 -563.500
v 7316.743 -7071.489 -577.500
f 698 697 699
f 698 696 697
v 7316.743 -7071.489 -563.500
v 7317.102 -7071.648 -577.500
f 700 699 701
f 700 698 699
v 7317.102 -7071.648 -563.500
f 702 700 701
v 7317.469 -7071.790 -563.500
v 7317.469 -7071.790 -577.500
f 703 701 704
v 7317.841 -7071.913 -577.500
f 703 704 705
f 703 702 701
v 7317.841 -7071.913 -563.500
f 706 703 705
v 7318.220 -7072.017 -563.500
v 7318.220 -7072.017 -577.500
f 707 705 708
v 7318.603 -7072.103 -577.500
f 707 708 709
f 707 706 705
v 7318.603 -7072.103 -563.500
v 7318.990 -7072.171 -577.500
f 710 709 711
f 710 707 709
v 7318.990 -7072.171 -563.500
f 712 710 711
v 7319.380 -7072.219 -563.500
v 7319.380 -7072.219 -577.500
f 713 711 714
f 713 712 711
v 7319.771 -7072.248 -563.500
v 7319.771 -7072.248 -577.500
f 715 714 716
f 715 713 714
f 651 716 652
f 651 715 716
v 7312.164 -6880.257 -563.500
v 7312.164 -6880.257 -577.500
f 654 717 718
f 655 654 718
v 7319.771 -6872.267 -563.500
f 719 519 518
v 7319.771 -6872.267 -577.500
f 719 518 720
v 7319.380 -6872.296 -563.500
v 7319.380 -6872.296 -577.500
f 721 720 722
f 721 719 720
v 7318.990 -6872.344 -563.500
v 7318.990 -6872.344 -577.500
f 723 722 724
f 723 721 722
v 7318.603 -6872.411 -563.500
v 7318.603 -6872.411 -577.500
f 725 724 726
f 725 723 724
v 7318.220 -6872.497 -563.500
v 7318.220 -6872.497 -577.500
f 727 726 728
v 7317.841 -6872.602 -577.500
f 727 728 729
f 727 725 726
v 7317.841 -6872.602 -563.500
v 7317.469 -6872.725 -577.500
f 730 729 731
f 730 727 729
v 7317.469 -6872.725 -563.500
v 7317.102 -6872.866 -577.500
f 732 731 733
f 732 730 731
v 7317.102 -6872.866 -563.500
f 734 732 733
v 7316.743 -6873.025 -577.500
f 734 733 735
v 7316.743 -6873.025 -563.500
f 736 734 735
v 7316.393 -6873.202 -577.500
f 736 735 737
v 7316.393 -6873.202 -563.500
f 738 736 737
v 7316.051 -6873.395 -577.500
f 738 737 739
v 7316.051 -6873.395 -563.500
f 740 738 739
v 7315.719 -6873.605 -577.500
f 740 739 741
v 7315.719 -6873.605 -563.500
f 742 740 741
v 7315.398 -6873.832 -577.500
f 742 741 743
v 7315.398 -6873.832 -563.500
f 744 742 743
v 7315.089 -6874.073 -577.500
f 744 743 745
v 7315.089 -6874.073 -563.500
f 746 744 745
v 7314.791 -6874.330 -577.500
f 746 745 747
v 7314.791 -6874.330 -563.500
f 748 746 747
v 7314.507 -6874.600 -577.500
f 748 747 749
v 7314.507 -6874.600 -563.500
f 750 748 749
v 7314.236 -6874.885 -577.500
f 750 749 751
v 7314.236 -6874.885 -563.500
f 752 750 751
v 7313.980 -6875.182 -577.500
f 752 751 753
v 7313.980 -6875.182 -563.500
f 754 752 753
v 7313.738 -6875.492 -577.500
f 754 753 755
v 7313.738 -6875.492 -563.500
f 756 754 755
v 7313.512 -6875.813 -577.500
f 756 755 757
v 7313.512 -6875.813 -563.500
f 758 756 757
v 7313.302 -6876.144 -577.500
f 758 757 759
v 7313.302 -6876.144 -563.500
v 7313.108 -6876.486 -577.500
f 760 759 761
f 760 758 759
v 7313.108 -6876.486 -563.500
v 7312.932 -6876.837 -577.500
f 762 761 763
f 762 760 761
v 7312.932 -6876.837 -563.500
v 7312.773 -6877.196 -577.500
f 764 763 765
f 764 762 763
v 7312.773 -6877.196 -563.500
v 7312.631 -6877.562 -577.500
f 766 765 767
f 766 764 765
v 7312.631 -6877.562 -563.500
v 7312.508 -6877.935 -577.500
f 768 767 769
f 768 766 767
v 7312.508 -6877.935 -563.500
v 7312.404 -6878.313 -577.500
f 770 769 771
f 770 768 769
v 7312.404 -6878.313 -563.500
v 7312.317 -6878.696 -577.500
f 772 771 773
f 772 770 771
v 7312.317 -6878.696 -563.500
v 7312.250 -6879.083 -577.500
f 774 773 775
f 774 772 773
v 7312.250 -6879.083 -563.500
v 7312.202 -6879.473 -577.500
f 776 775 777
f 776 774 775
v 7312.202 -6879.473 -563.500
v 7312.173 -6879.865 -577.500
f 778 777 779
f 778 776 777
v 7312.173 -6879.865 -563.500
f 780 779 718
f 780 778 779
f 717 780 718
v 7327.532 -6897.506 -563.500
v 7327.032 -6897.018 -563.500
v 7327.276 -6897.268 -563.500
f 781 782 783
v 7326.584 -6896.484 -563.500
v 7326.801 -6896.757 -563.500
f 784 785 782
v 7328.078 -6897.941 -563.500
v 7327.799 -6897.730 -563.500
f 786 781 787
v 7328.366 -6898.137 -563.500
f 788 781 786
v 7326.016 -6895.605 -563.500
v 7326.191 -6895.907 -563.500
v 7326.380 -6896.200 -563.500
f 789 790 791
v 7325.857 -6895.294 -563.500
f 792 789 791
v 7329.285 -6898.638 -563.500
v 7328.664 -6898.319 -563.500
f 793 788 794
v 7328.970 -6898.486 -563.500
f 793 794 795
v 7325.586 -6894.651 -563.500
v 7325.713 -6894.976 -563.500
f 796 797 792
v 7330.268 -6898.996 -563.500
v 7329.606 -6898.773 -563.500
v 7329.934 -6898.893 -563.500
f 798 799 800
v 7330.948 -6899.151 -563.500
v 7330.606 -6899.082 -563.500
f 801 798 802
v 7325.242 -6893.300 -563.500
v 7325.303 -6893.644 -563.500
v 7325.380 -6893.984 -563.500
f 803 804 805
v 7331.293 -6899.203 -563.500
f 806 798 801
f 806 799 798
v 7331.989 -6899.255 -563.500
v 7331.641 -6899.238 -563.500
f 807 806 808
v 7332.338 -6899.255 -563.500
f 809 806 807
v 7333.034 -6899.203 -563.500
f 810 799 806
f 810 806 809
v 7332.687 -6899.238 -563.500
f 810 809 811
v 7333.721 -6899.082 -563.500
v 7333.379 -6899.151 -563.500
f 812 810 813
v 7325.380 -6890.530 -563.500
v 7325.303 -6890.870 -563.500
v 7325.242 -6891.214 -563.500
f 814 815 816
v 7334.393 -6898.893 -563.500
f 817 799 810
f 817 810 812
v 7334.060 -6898.996 -563.500
f 817 812 818
v 7335.043 -6898.638 -563.500
v 7334.721 -6898.773 -563.500
f 819 817 820
f 819 799 817
f 819 793 799
v 7325.857 -6889.220 -563.500
v 7325.713 -6889.538 -563.500
v 7325.586 -6889.863 -563.500
f 821 822 823
v 7325.475 -6890.194 -563.500
f 821 823 824
v 7335.664 -6898.319 -563.500
v 7335.357 -6898.486 -563.500
f 825 819 826
f 825 793 819
v 7326.380 -6888.314 -563.500
v 7326.191 -6888.607 -563.500
v 7326.016 -6888.909 -563.500
f 827 828 829
v 7336.250 -6897.941 -563.500
v 7335.962 -6898.137 -563.500
f 830 825 831
f 830 793 825
f 830 788 793
v 7336.528 -6897.730 -563.500
f 832 788 830
f 832 781 788
v 7326.801 -6887.758 -563.500
f 833 827 829
v 7326.584 -6888.031 -563.500
f 833 834 827
v 7337.051 -6897.268 -563.500
v 7336.796 -6897.506 -563.500
f 835 832 836
f 835 781 832
f 835 782 781
v 7337.295 -6897.018 -563.500
f 837 784 782
f 837 782 835
v 7327.532 -6887.009 -563.500
v 7327.276 -6887.246 -563.500
v 7327.032 -6887.496 -563.500
f 838 839 840
f 838 840 833
v 7337.744 -6896.484 -563.500
v 7337.526 -6896.757 -563.500
f 841 837 842
f 841 784 837
v 7328.078 -6886.574 -563.500
v 7327.799 -6886.784 -563.500
f 843 844 838
f 843 838 833
v 7338.137 -6895.907 -563.500
f 845 784 841
v 7337.947 -6896.200 -563.500
f 845 841 846
f 845 792 791
f 845 791 784
v 7338.311 -6895.605 -563.500
f 847 792 845
v 7328.970 -6886.028 -563.500
v 7328.664 -6886.195 -563.500
v 7328.366 -6886.377 -563.500
f 848 849 850
v 7329.285 -6885.877 -563.500
f 851 848 850
v 7338.614 -6894.976 -563.500
v 7338.471 -6895.294 -563.500
f 852 847 853
f 852 792 847
f 852 796 792
v 7329.606 -6885.741 -563.500
f 854 850 843
f 854 851 850
v 7338.742 -6894.651 -563.500
f 855 796 852
v 7338.947 -6893.984 -563.500
v 7338.853 -6894.320 -563.500
f 856 855 857
v 7339.025 -6893.644 -563.500
f 858 855 856
v 7325.475 -6894.320 -563.500
f 858 805 859
f 858 859 796
f 858 803 805
f 858 796 855
v 7330.948 -6885.364 -563.500
v 7330.606 -6885.433 -563.500
v 7330.268 -6885.519 -563.500
f 860 861 862
v 7331.293 -6885.311 -563.500
v 7329.934 -6885.622 -563.500
f 863 862 864
f 863 860 862
v 7339.129 -6892.954 -563.500
v 7339.086 -6893.300 -563.500
f 865 858 866
v 7325.199 -6892.954 -563.500
f 865 867 803
f 865 803 858
v 7339.155 -6892.606 -563.500
f 868 867 865
v 7325.164 -6892.257 -563.500
v 7325.172 -6892.606 -563.500
f 868 869 870
f 868 870 867
v 7339.164 -6892.257 -563.500
f 871 869 868
v 7332.338 -6885.259 -563.500
v 7331.989 -6885.259 -563.500
v 7331.641 -6885.277 -563.500
f 872 873 874
v 7339.155 -6891.908 -563.500
f 875 869 871
v 7332.687 -6885.277 -563.500
f 876 872 874
f 876 874 863
v 7339.129 -6891.560 -563.500
v 7325.199 -6891.560 -563.500
f 877 816 878
v 7325.172 -6891.908 -563.500
f 877 878 879
f 877 879 869
f 877 869 875
f 877 814 816
v 7333.034 -6885.311 -563.500
f 880 876 863
v 7339.025 -6890.870 -563.500
v 7339.086 -6891.214 -563.500
f 881 877 882
v 7338.947 -6890.530 -563.500
f 883 877 881
f 883 814 877
v 7334.060 -6885.519 -563.500
v 7333.721 -6885.433 -563.500
v 7333.379 -6885.364 -563.500
f 884 885 886
f 884 886 880
v 7338.853 -6890.194 -563.500
f 887 824 814
f 887 814 883
v 7334.393 -6885.622 -563.500
f 888 884 880
v 7338.742 -6889.863 -563.500
f 889 821 824
f 889 824 887
v 7338.614 -6889.538 -563.500
f 890 821 889
f 890 829 821
v 7335.357 -6886.028 -563.500
f 891 880 863
v 7335.043 -6885.877 -563.500
v 7334.721 -6885.741 -563.500
f 891 892 893
f 891 893 888
f 891 888 880
f 891 864 854
f 891 863 864
v 7338.311 -6888.909 -563.500
v 7338.471 -6889.220 -563.500
f 894 890 895
v 7335.664 -6886.195 -563.500
f 896 891 854
f 896 854 843
v 7337.947 -6888.314 -563.500
v 7338.137 -6888.607 -563.500
f 897 894 898
f 897 833 829
f 897 829 890
f 897 890 894
v 7336.250 -6886.574 -563.500
v 7335.962 -6886.377 -563.500
f 899 900 896
v 7337.744 -6888.031 -563.500
f 901 833 897
v 7336.528 -6886.784 -563.500
f 902 896 843
f 902 899 896
v 7337.295 -6887.496 -563.500
v 7337.526 -6887.758 -563.500
f 903 901 904
f 903 902 843
f 903 843 833
f 903 833 901
v 7337.051 -6887.246 -563.500
v 7336.796 -6887.009 -563.500
f 905 906 902
f 905 902 903
v 7327.032 -6897.018 -577.500
v 7327.532 -6897.506 -577.500
v 7327.276 -6897.268 -577.500
f 907 908 909
v 7326.801 -6896.757 -577.500
v 7326.584 -6896.484 -577.500
f 910 911 907
v 7327.799 -6897.730 -577.500
v 7328.366 -6898.137 -577.500
v 7328.078 -6897.941 -577.500
f 912 913 914
v 7326.380 -6896.200 -577.500
v 7326.191 -6895.907 -577.500
f 915 916 911
v 7328.664 -6898.319 -577.500
f 912 917 913
v 7329.285 -6898.638 -577.500
v 7328.970 -6898.486 -577.500
f 917 918 919
v 7325.713 -6894.976 -577.500
v 7325.586 -6894.651 -577.500
v 7325.857 -6895.294 -577.500
f 920 921 922
v 7325.475 -6894.320 -577.500
v 7325.380 -6893.984 -577.500
f 923 924 921
v 7325.303 -6893.644 -577.500
v 7325.242 -6893.300 -577.500
f 925 926 924
v 7330.606 -6899.082 -577.500
v 7331.293 -6899.203 -577.500
v 7330.948 -6899.151 -577.500
f 927 928 929
v 7330.268 -6898.996 -577.500
f 930 928 927
v 7329.934 -6898.893 -577.500
f 931 928 930
v 7329.606 -6898.773 -577.500
f 932 928 931
v 7325.199 -6892.954 -577.500
f 926 933 924
v 7331.989 -6899.255 -577.500
v 7331.641 -6899.238 -577.500
f 928 934 935
v 7332.338 -6899.255 -577.500
f 932 936 928
f 928 936 934
v 7325.172 -6891.908 -577.500
v 7325.199 -6891.560 -577.500
v 7325.164 -6892.257 -577.500
f 937 938 939
v 7333.034 -6899.203 -577.500
v 7332.687 -6899.238 -577.500
f 936 940 941
v 7333.721 -6899.082 -577.500
v 7333.379 -6899.151 -577.500
f 940 942 943
v 7325.303 -6890.870 -577.500
v 7325.380 -6890.530 -577.500
v 7325.242 -6891.214 -577.500
f 944 945 946
v 7334.060 -6898.996 -577.500
f 940 947 942
f 932 947 936
f 936 947 940
v 7334.393 -6898.893 -577.500
f 932 948 947
v 7334.721 -6898.773 -577.500
f 932 949 948
v 7335.664 -6898.319 -577.500
f 932 950 949
v 7335.043 -6898.638 -577.500
v 7335.357 -6898.486 -577.500
f 951 950 952
f 949 950 951
v 7326.016 -6888.909 -577.500
v 7326.380 -6888.314 -577.500
v 7325.857 -6889.220 -577.500
f 953 954 955
v 7326.191 -6888.607 -577.500
f 956 954 953
v 7336.250 -6897.941 -577.500
f 932 957 950
v 7335.962 -6898.137 -577.500
f 950 957 958
f 918 957 932
f 908 957 912
f 917 957 918
f 912 957 917
v 7336.528 -6897.730 -577.500
f 908 959 957
v 7336.796 -6897.506 -577.500
f 907 960 908
f 908 960 959
v 7337.051 -6897.268 -577.500
f 907 961 960
v 7327.032 -6887.496 -577.500
v 7327.276 -6887.246 -577.500
v 7326.801 -6887.758 -577.500
f 962 963 964
v 7327.532 -6887.009 -577.500
f 963 965 964
v 7337.526 -6896.757 -577.500
v 7337.295 -6897.018 -577.500
f 961 966 967
f 907 966 961
v 7337.744 -6896.484 -577.500
f 911 968 907
f 916 968 911
f 907 968 966
v 7328.366 -6886.377 -577.500
f 965 969 964
v 7327.799 -6886.784 -577.500
f 970 969 965
v 7328.078 -6886.574 -577.500
f 971 969 970
v 7338.137 -6895.907 -577.500
v 7337.947 -6896.200 -577.500
f 968 972 973
v 7326.016 -6895.605 -577.500
f 974 972 916
f 916 972 968
v 7328.664 -6886.195 -577.500
v 7328.970 -6886.028 -577.500
f 975 976 969
v 7338.311 -6895.605 -577.500
v 7338.614 -6894.976 -577.500
v 7338.471 -6895.294 -577.500
f 977 978 979
f 972 978 977
f 922 978 974
f 974 978 972
v 7338.742 -6894.651 -577.500
f 922 980 978
f 921 980 922
v 7338.853 -6894.320 -577.500
f 921 981 980
f 924 981 921
v 7338.947 -6893.984 -577.500
f 924 982 981
v 7330.606 -6885.433 -577.500
f 976 983 969
v 7329.285 -6885.877 -577.500
f 984 983 976
v 7329.606 -6885.741 -577.500
f 985 983 984
v 7329.934 -6885.622 -577.500
f 986 983 985
v 7330.268 -6885.519 -577.500
f 987 983 986
v 7339.025 -6893.644 -577.500
f 924 988 982
v 7339.129 -6892.954 -577.500
f 924 989 988
v 7339.086 -6893.300 -577.500
f 988 989 990
v 7325.172 -6892.606 -577.500
f 991 989 933
f 933 989 924
v 7330.948 -6885.364 -577.500
v 7331.641 -6885.277 -577.500
f 992 993 983
v 7331.293 -6885.311 -577.500
f 994 993 992
v 7339.164 -6892.257 -577.500
v 7339.155 -6892.606 -577.500
f 989 995 996
f 939 995 991
f 991 995 989
v 7339.155 -6891.908 -577.500
f 939 997 995
f 938 997 939
v 7331.989 -6885.259 -577.500
v 7332.687 -6885.277 -577.500
f 998 999 993
v 7332.338 -6885.259 -577.500
f 1000 999 998
v 7339.086 -6891.214 -577.500
f 938 1001 997
v 7339.129 -6891.560 -577.500
f 997 1001 1002
v 7333.379 -6885.364 -577.500
f 999 1003 993
v 7333.034 -6885.311 -577.500
f 1004 1003 999
v 7339.025 -6890.870 -577.500
f 945 1005 946
f 938 1005 1001
f 946 1005 938
v 7325.475 -6890.194 -577.500
f 1006 1005 945
v 7325.586 -6889.863 -577.500
f 1007 1005 1006
v 7338.853 -6890.194 -577.500
v 7338.947 -6890.530 -577.500
f 1005 1008 1009
v 7338.742 -6889.863 -577.500
f 1005 1010 1008
f 1007 1010 1005
v 7338.614 -6889.538 -577.500
f 1007 1011 1010
v 7334.393 -6885.622 -577.500
v 7335.043 -6885.877 -577.500
v 7334.060 -6885.519 -577.500
f 1012 1013 1014
v 7334.721 -6885.741 -577.500
f 1015 1013 1012
v 7335.357 -6886.028 -577.500
f 1013 1016 1014
v 7333.721 -6885.433 -577.500
f 1017 1016 1003
f 1014 1016 1017
v 7338.311 -6888.909 -577.500
v 7338.471 -6889.220 -577.500
f 1011 1018 1019
v 7338.137 -6888.607 -577.500
f 1007 1020 1011
f 1011 1020 1018
f 954 1020 955
v 7325.713 -6889.538 -577.500
f 1021 1020 1007
f 955 1020 1021
v 7326.584 -6888.031 -577.500
f 1022 1020 954
v 7335.664 -6886.195 -577.500
v 7335.962 -6886.377 -577.500
f 1023 1024 1016
f 1016 1024 1003
f 1003 1024 993
v 7336.250 -6886.574 -577.500
f 993 1025 983
f 969 1025 964
f 1024 1025 993
f 983 1025 969
v 7337.744 -6888.031 -577.500
v 7337.947 -6888.314 -577.500
f 1020 1026 1027
f 1025 1026 964
f 1022 1026 1020
f 964 1026 1022
v 7336.528 -6886.784 -577.500
v 7337.051 -6887.246 -577.500
f 1028 1029 1025
v 7336.796 -6887.009 -577.500
f 1030 1029 1028
v 7337.526 -6887.758 -577.500
v 7337.295 -6887.496 -577.500
f 1031 1029 1032
f 1026 1029 1031
f 1025 1029 1026
o acc2_2
v 7435.741 -6953.508 394.772
v 7437.307 -6951.672 397.331
v 7435.611 -6952.980 396.352
f 1033 1034 1035
v 7434.034 -6954.474 395.441
f 1033 1035 1036
v 7435.184 -6952.210 399.364
v 7431.485 -6954.254 400.639
v 7432.780 -6955.054 396.397
f 1037 1038 1039
f 1037 1039 1035
f 1037 1035 1034
v 7433.597 -6990.499 509.731
v 7430.784 -6988.347 509.196
v 7433.417 -6989.367 511.915
f 1040 1041 1042
v 7434.956 -6990.950 511.026
f 1040 1042 1043
v 7431.565 -6990.499 505.915
f 1040 1044 1041
v 7432.388 -6991.250 505.497
f 1040 1045 1044
v 7436.624 -6992.349 510.063
f 1040 1043 1046
v 7431.416 -6952.210 406.944
v 7427.823 -6954.254 408.492
f 1047 1048 1038
v 7430.022 -6951.672 412.458
v 7428.199 -6952.980 411.743
f 1047 1049 1050
f 1047 1050 1048
v 7437.420 -6985.990 523.364
v 7434.257 -6986.324 518.305
v 7433.691 -6985.342 518.670
f 1051 1052 1053
v 7435.930 -6982.887 524.435
v 7438.844 -6985.342 526.028
f 1051 1054 1055
v 7439.381 -6986.324 525.622
f 1051 1055 1056
v 7439.270 -6988.784 522.033
f 1051 1056 1057
f 1051 1053 1054
f 1051 1057 1052
v 7428.581 -6957.769 399.150
v 7429.577 -6958.378 396.311
v 7430.196 -6957.434 396.648
f 1058 1059 1060
v 7426.834 -6960.814 398.255
f 1058 1061 1059
v 7425.597 -6958.378 404.318
f 1058 1062 1061
v 7426.239 -6957.434 404.608
f 1058 1063 1062
v 7430.716 -6955.054 400.244
f 1058 1064 1063
f 1058 1060 1064
v 7438.869 -6991.782 515.326
v 7435.133 -6989.626 514.280
f 1065 1043 1066
v 7439.953 -6989.626 521.543
f 1065 1066 1067
f 1065 1046 1043
v 7427.293 -6952.210 417.449
v 7425.712 -6954.254 413.870
f 1068 1069 1050
f 1068 1050 1049
v 7423.055 -6954.254 422.118
f 1068 1070 1069
v 7444.859 -6985.990 532.692
v 7443.094 -6986.324 530.278
v 7442.578 -6985.342 530.711
f 1071 1072 1073
v 7449.088 -6986.324 536.901
v 7446.568 -6988.784 531.184
f 1071 1074 1075
v 7443.483 -6982.887 533.906
f 1071 1073 1076
v 7448.605 -6985.342 537.372
f 1071 1077 1074
f 1071 1076 1077
f 1071 1075 1072
v 7443.757 -6991.782 522.307
v 7441.900 -6988.784 525.550
v 7444.643 -6990.950 525.234
f 1078 1079 1080
v 7446.149 -6992.349 524.033
f 1078 1080 1081
f 1078 1067 1079
v 7447.299 -6991.782 526.749
f 1082 1081 1080
v 7443.725 -6988.784 527.838
f 1082 1080 1083
v 7447.198 -6989.626 530.628
f 1082 1083 1084
v 7424.899 -6952.210 425.568
v 7425.073 -6951.672 428.502
v 7423.163 -6952.980 428.067
f 1085 1086 1087
v 7421.119 -6955.054 426.107
f 1085 1088 1070
f 1085 1087 1088
v 7458.849 -6979.331 550.326
v 7461.768 -6982.686 550.900
v 7458.177 -6982.686 548.108
f 1089 1090 1091
v 7455.684 -6979.862 547.542
f 1089 1091 1092
v 7455.459 -6978.724 547.810
v 7455.032 -6975.521 548.319
f 1089 1093 1094
v 7459.883 -6975.816 552.133
f 1089 1094 1095
f 1089 1092 1093
v 7419.914 -6957.769 421.234
v 7421.242 -6958.378 415.416
v 7421.910 -6957.434 415.640
f 1096 1097 1098
v 7418.024 -6960.814 420.702
f 1096 1099 1097
v 7418.713 -6958.378 423.993
f 1096 1100 1099
v 7419.396 -6957.434 424.167
f 1096 1101 1100
v 7422.223 -6955.054 421.884
f 1096 1098 1102
f 1096 1102 1101
v 7453.017 -6991.782 533.068
v 7453.206 -6989.626 536.943
f 1103 1084 1104
v 7456.339 -6990.950 537.839
v 7457.649 -6992.349 536.428
f 1103 1105 1106
f 1103 1104 1105
v 7455.919 -6985.249 544.348
v 7457.806 -6987.444 543.863
v 7453.997 -6985.342 542.565
f 1107 1108 1109
v 7454.188 -6982.887 544.612
f 1107 1109 1110
v 7422.812 -6952.795 430.903
f 1111 1087 1086
v 7460.672 -6979.331 551.726
v 7462.932 -6979.862 553.176
f 1112 1113 1090
f 1112 1090 1089
v 7462.729 -6978.724 553.460
f 1112 1114 1113
f 1112 1089 1095
f 1112 1095 1114
v 7421.892 -6953.508 430.717
v 7419.021 -6955.682 433.121
v 7419.765 -6956.140 427.291
f 1115 1116 1117
v 7421.388 -6954.474 427.661
f 1115 1118 1087
f 1115 1087 1111
f 1115 1117 1118
f 1115 1111 1116
v 7457.881 -6985.155 546.089
f 1119 1108 1107
f 1119 1110 1091
v 7460.878 -6985.342 548.339
f 1119 1091 1120
f 1119 1107 1110
v 7457.836 -6990.499 539.933
v 7455.130 -6989.367 539.142
f 1121 1105 1122
v 7458.308 -6988.347 543.272
f 1121 1122 1123
v 7458.450 -6991.250 539.242
f 1124 1105 1121
f 1124 1106 1105
v 7463.194 -6985.155 550.245
v 7464.895 -6982.887 553.041
f 1125 1090 1126
f 1125 1120 1090
v 7421.435 -6952.795 439.319
f 1127 1116 1111
v 7420.505 -6953.508 439.203
f 1128 1116 1127
v 7464.745 -6985.249 551.297
v 7464.773 -6987.444 549.349
f 1129 1130 1125
f 1129 1125 1126
v 7467.874 -6987.616 551.361
f 1129 1131 1130
v 7466.372 -6983.680 553.564
f 1129 1126 1132
v 7467.068 -6985.714 552.543
f 1129 1133 1131
f 1129 1132 1133
v 7416.352 -6959.092 432.651
v 7418.308 -6957.960 426.958
v 7418.241 -6956.553 432.984
f 1134 1135 1136
v 7415.611 -6958.862 438.589
f 1134 1136 1137
v 7414.182 -6961.302 438.410
v 7414.810 -6961.863 432.379
f 1134 1138 1139
f 1134 1137 1138
v 7417.032 -6959.919 426.667
f 1134 1140 1135
f 1134 1139 1140
v 7420.050 -6953.508 443.479
v 7418.802 -6954.474 444.823
v 7417.821 -6955.682 441.815
f 1141 1142 1143
f 1141 1128 1127
v 7420.617 -6952.980 444.959
f 1141 1144 1142
f 1141 1143 1128
v 7422.570 -6951.672 445.105
f 1141 1145 1144
v 7467.997 -6990.499 547.984
v 7464.510 -6990.499 545.427
v 7465.230 -6988.347 548.722
f 1146 1147 1148
v 7468.782 -6989.367 550.029
f 1146 1148 1149
v 7465.070 -6991.250 544.693
f 1146 1150 1147
v 7469.783 -6990.950 548.561
v 7470.868 -6992.349 546.970
f 1146 1151 1152
f 1146 1149 1151
v 7421.434 -6952.210 450.678
v 7418.760 -6954.254 456.389
v 7418.868 -6954.254 447.724
f 1153 1154 1155
f 1153 1155 1144
f 1153 1144 1145
v 7477.356 -6985.990 558.608
v 7478.446 -6988.784 556.606
v 7472.311 -6986.324 555.422
f 1156 1157 1158
v 7476.478 -6982.887 560.219
v 7479.795 -6985.342 560.391
f 1156 1159 1160
v 7480.102 -6986.324 559.791
f 1156 1161 1157
v 7471.960 -6985.342 555.997
f 1156 1158 1162
f 1156 1162 1159
f 1156 1160 1161
v 7421.540 -6952.210 459.142
v 7422.570 -6951.672 461.895
v 7420.617 -6952.980 462.041
f 1163 1164 1165
v 7418.087 -6955.054 460.772
f 1163 1166 1154
f 1163 1165 1166
v 7475.174 -6991.782 550.738
v 7471.354 -6989.626 551.415
f 1167 1151 1168
v 7478.848 -6989.626 555.868
f 1167 1168 1169
f 1167 1152 1151
v 7415.498 -6957.769 456.470
v 7415.867 -6957.434 459.425
v 7415.164 -6958.378 459.461
f 1170 1171 1172
v 7413.536 -6960.814 456.519
f 1170 1172 1173
v 7417.896 -6955.054 456.410
f 1170 1174 1171
v 7415.757 -6957.434 450.536
f 1170 1175 1174
v 7415.052 -6958.378 450.519
f 1170 1176 1175
f 1170 1173 1176
v 7422.277 -6952.210 467.575
f 1177 1165 1164
v 7420.485 -6954.254 473.621
v 7419.300 -6954.254 465.037
f 1177 1178 1179
f 1177 1179 1165
v 7488.106 -6985.990 563.785
v 7493.511 -6985.342 566.375
v 7493.742 -6986.324 565.742
f 1180 1181 1182
v 7485.468 -6986.324 562.375
v 7485.191 -6985.342 562.989
f 1180 1183 1184
v 7488.991 -6988.784 561.684
f 1180 1182 1185
f 1180 1185 1183
v 7487.393 -6982.887 565.476
f 1180 1184 1186
f 1180 1186 1181
v 7482.607 -6991.782 554.906
v 7484.675 -6990.950 557.158
v 7485.511 -6992.349 555.424
f 1187 1188 1189
v 7482.341 -6988.784 558.633
f 1187 1169 1190
f 1187 1190 1188
v 7487.726 -6991.782 557.371
f 1191 1189 1188
v 7484.978 -6988.784 559.904
f 1191 1188 1192
v 7489.318 -6989.626 560.910
f 1191 1192 1193
v 7423.643 -6952.210 475.929
v 7420.472 -6955.054 478.055
f 1194 1195 1178
v 7425.073 -6951.672 478.498
v 7423.163 -6952.980 478.933
f 1194 1196 1197
f 1194 1197 1195
v 7417.271 -6957.769 474.187
v 7415.338 -6960.814 474.528
v 7415.943 -6958.378 468.369
f 1198 1199 1200
v 7416.642 -6957.434 468.281
v 7419.633 -6955.054 473.771
f 1198 1201 1202
f 1198 1200 1201
v 7418.077 -6957.434 477.055
v 7417.386 -6958.378 477.194
f 1198 1203 1204
f 1198 1204 1199
f 1198 1202 1203
v 7495.619 -6991.782 560.584
v 7497.471 -6989.626 563.993
v 7500.682 -6990.950 563.441
f 1205 1206 1207
f 1205 1193 1206
v 7501.250 -6992.349 561.601
f 1205 1207 1208
v 7425.630 -6952.210 484.158
f 1209 1197 1196
v 7422.307 -6954.254 482.092
f 1209 1210 1197
v 7424.758 -6954.254 490.403
f 1209 1211 1210
v 7510.880 -6985.990 570.810
v 7511.332 -6988.784 568.575
v 7505.121 -6986.324 569.252
f 1212 1213 1214
v 7504.954 -6985.342 569.905
v 7510.516 -6982.887 572.608
f 1212 1215 1216
v 7513.853 -6986.324 571.131
f 1212 1217 1213
v 7513.736 -6985.342 571.794
f 1212 1216 1218
f 1212 1218 1217
f 1212 1214 1215
v 7428.226 -6952.210 492.215
v 7425.406 -6955.054 494.790
f 1219 1220 1211
v 7428.199 -6952.980 495.257
f 1219 1221 1220
v 7430.022 -6951.672 494.542
f 1219 1222 1221
v 7506.475 -6991.782 563.932
v 7503.025 -6989.626 565.706
v 7511.498 -6989.626 567.751
f 1223 1224 1225
f 1223 1208 1207
f 1223 1207 1224
v 7421.665 -6957.769 491.442
v 7419.484 -6958.378 485.887
v 7420.163 -6957.434 485.696
f 1226 1227 1228
v 7423.939 -6955.054 490.678
v 7422.889 -6957.434 494.158
f 1226 1229 1230
f 1226 1228 1229
v 7419.804 -6960.814 492.068
f 1226 1231 1227
v 7422.227 -6958.378 494.399
f 1226 1232 1231
f 1226 1230 1232
v 7431.416 -6952.210 500.056
v 7427.823 -6954.254 498.508
f 1233 1234 1221
f 1233 1221 1222
v 7431.485 -6954.254 506.361
f 1233 1235 1234
v 7514.806 -6991.782 565.725
v 7517.447 -6990.950 567.267
v 7517.734 -6992.349 565.363
f 1236 1237 1238
v 7515.651 -6988.784 569.365
f 1236 1225 1239
f 1236 1239 1237
v 7519.025 -6991.826 566.326
f 1240 1238 1237
v 7520.114 -6989.729 569.051
f 1240 1237 1241
v 7528.631 -6986.051 572.991
v 7522.719 -6986.564 572.177
v 7522.651 -6985.591 572.859
f 1242 1243 1244
v 7528.551 -6983.417 574.597
f 1242 1244 1245
v 7531.621 -6986.564 572.733
v 7528.727 -6988.457 571.061
f 1242 1246 1247
v 7531.612 -6986.082 573.081
f 1242 1248 1246
f 1242 1245 1248
f 1242 1247 1243
v 7435.184 -6952.210 507.636
v 7437.307 -6951.672 509.669
v 7435.611 -6952.980 510.648
f 1249 1250 1251
v 7432.780 -6955.054 510.603
f 1249 1251 1252
f 1249 1252 1235
v 7523.230 -6991.652 567.070
f 1253 1240 1241
v 7428.581 -6957.769 507.850
v 7430.196 -6957.434 510.352
v 7429.577 -6958.378 510.689
f 1254 1255 1256
v 7426.834 -6960.814 508.745
f 1254 1256 1257
v 7430.716 -6955.054 506.756
f 1254 1258 1255
v 7426.239 -6957.434 502.392
f 1254 1259 1258
v 7425.597 -6958.378 502.682
f 1254 1260 1259
f 1254 1257 1260
v 7531.726 -6990.927 568.545
v 7534.595 -6990.181 569.461
v 7534.595 -6990.950 568.552
f 1261 1262 1263
v 7533.127 -6988.457 571.199
f 1261 1264 1262
v 7528.768 -6989.315 570.237
f 1261 1265 1264
v 7531.737 -6991.295 568.078
v 7534.595 -6991.674 567.607
f 1266 1263 1267
f 1266 1261 1263
v 7439.507 -6952.210 514.914
f 1268 1251 1250
v 7440.515 -6954.254 521.139
v 7435.723 -6954.254 513.919
f 1268 1269 1270
f 1268 1270 1251
v 7531.749 -6991.652 567.601
v 7534.595 -6992.349 566.627
f 1271 1267 1272
f 1271 1266 1267
v 7444.363 -6952.210 521.848
v 7445.234 -6952.980 524.763
v 7442.428 -6955.054 525.139
f 1273 1274 1275
v 7446.765 -6951.672 523.542
f 1273 1276 1274
f 1273 1275 1269
v 7437.866 -6957.769 523.043
v 7439.836 -6957.434 525.277
v 7439.274 -6958.378 525.703
f 1277 1278 1279
v 7436.272 -6960.814 524.189
f 1277 1279 1280
v 7434.145 -6958.378 518.377
f 1277 1280 1281
v 7434.737 -6957.434 517.995
v 7439.813 -6955.054 521.643
f 1277 1282 1283
f 1277 1281 1282
f 1277 1283 1278
v 7447.232 -6952.795 526.806
f 1284 1274 1276
v 7446.513 -6953.508 527.409
v 7446.603 -6955.682 531.153
f 1285 1284 1286
f 1285 1274 1284
v 7442.508 -6956.140 526.936
f 1285 1286 1287
v 7443.810 -6954.474 525.898
f 1285 1287 1288
f 1285 1288 1274
v 7452.954 -6952.795 533.130
f 1289 1286 1284
v 7452.283 -6953.508 533.785
f 1290 1286 1289
v 7444.571 -6959.092 532.947
v 7441.340 -6957.960 527.868
v 7446.009 -6956.553 531.677
f 1291 1292 1293
v 7447.721 -6961.302 538.234
v 7443.397 -6961.863 533.982
f 1291 1294 1295
v 7440.317 -6959.919 528.684
f 1291 1296 1292
v 7448.752 -6958.862 537.229
f 1291 1297 1294
f 1291 1293 1297
f 1291 1295 1296
v 7455.342 -6953.508 536.806
v 7455.615 -6954.474 538.620
v 7452.652 -6955.682 537.512
f 1298 1299 1300
f 1298 1300 1290
f 1298 1290 1289
v 7458.185 -6951.672 535.850
v 7456.853 -6952.980 537.285
f 1298 1301 1302
f 1298 1302 1299
v 7461.834 -6952.210 540.213
v 7457.925 -6954.254 540.377
f 1303 1304 1302
v 7464.632 -6954.254 545.864
f 1303 1305 1304
f 1303 1302 1301
v 7468.517 -6952.210 545.408
v 7470.209 -6952.980 547.936
v 7467.638 -6955.054 549.123
f 1306 1307 1308
f 1306 1308 1305
v 7471.312 -6951.672 546.318
f 1306 1309 1307
v 7473.181 -6952.210 548.587
v 7470.043 -6955.054 550.763
f 1310 1311 1307
v 7474.176 -6954.254 552.371
f 1310 1312 1311
f 1310 1307 1309
v 7462.661 -6957.769 548.465
v 7458.183 -6957.434 544.563
v 7464.110 -6955.054 546.553
f 1313 1314 1315
v 7461.476 -6960.814 550.030
v 7457.730 -6958.378 545.103
f 1313 1316 1317
v 7465.202 -6957.434 550.019
v 7464.791 -6958.378 550.591
f 1313 1318 1319
f 1313 1319 1316
f 1313 1317 1314
f 1313 1315 1318
v 7480.458 -6952.210 552.911
v 7485.003 -6952.980 556.478
v 7481.733 -6954.254 556.610
f 1320 1321 1322
v 7485.853 -6951.672 554.713
f 1320 1323 1321
f 1320 1322 1312
v 7472.474 -6957.769 555.156
v 7470.099 -6957.434 553.358
v 7473.725 -6955.054 553.109
f 1324 1325 1326
v 7477.742 -6957.434 557.899
f 1324 1326 1327
v 7469.717 -6958.378 553.950
f 1324 1328 1325
v 7471.451 -6960.814 556.830
f 1324 1329 1328
v 7477.405 -6958.378 558.517
f 1324 1327 1330
f 1324 1330 1329
v 7490.625 -6952.210 557.807
v 7486.939 -6954.254 559.117
f 1331 1332 1321
v 7494.965 -6954.254 562.383
f 1331 1333 1332
f 1331 1321 1323
v 7498.543 -6952.210 560.801
v 7501.482 -6951.672 560.848
v 7500.905 -6952.980 562.719
f 1334 1335 1336
v 7498.799 -6955.054 564.611
f 1334 1336 1337
f 1334 1337 1333
v 7493.849 -6957.769 565.449
v 7488.419 -6957.434 563.040
v 7494.669 -6955.054 563.195
f 1338 1339 1340
v 7496.735 -6957.434 566.185
f 1338 1340 1341
v 7488.146 -6958.378 563.690
f 1338 1342 1339
v 7496.510 -6958.378 566.853
f 1338 1341 1343
v 7493.177 -6960.814 567.293
f 1338 1344 1342
f 1338 1343 1344
v 7506.663 -6952.210 563.195
f 1345 1336 1335
v 7503.212 -6954.254 565.040
f 1345 1346 1336
v 7511.635 -6954.254 567.073
f 1345 1347 1346
v 7514.938 -6952.210 564.976
v 7517.851 -6951.672 564.584
v 7517.560 -6952.980 566.520
f 1348 1349 1350
v 7515.759 -6955.054 568.705
f 1348 1350 1351
f 1348 1351 1347
v 7510.989 -6957.769 570.271
v 7505.261 -6957.434 568.699
v 7511.464 -6955.054 567.920
f 1352 1353 1354
v 7513.952 -6957.434 570.569
f 1352 1354 1355
v 7510.600 -6960.814 572.195
v 7505.087 -6958.378 569.382
f 1352 1356 1357
f 1352 1357 1353
v 7513.830 -6958.378 571.263
f 1352 1355 1358
f 1352 1358 1356
v 7518.874 -6953.519 567.417
v 7517.288 -6954.474 568.320
f 1359 1360 1350
v 7519.999 -6955.708 569.971
f 1359 1361 1360
v 7523.122 -6953.705 568.153
f 1362 1361 1359
v 7531.722 -6953.705 568.690
v 7534.595 -6952.980 567.797
v 7534.595 -6953.705 568.725
f 1363 1364 1365
v 7531.711 -6954.084 569.140
v 7534.595 -6954.474 569.617
f 1366 1365 1367
v 7534.595 -6955.287 570.471
f 1366 1367 1368
v 7533.121 -6956.581 571.664
f 1366 1368 1369
v 7528.724 -6956.140 571.136
f 1366 1369 1370
f 1366 1363 1365
v 7528.607 -6959.169 573.468
v 7528.529 -6961.996 575.044
v 7522.478 -6961.996 574.591
f 1371 1372 1373
v 7522.651 -6958.924 572.859
v 7528.704 -6956.581 571.526
f 1371 1374 1375
v 7531.604 -6958.924 573.418
v 7531.596 -6959.417 573.739
f 1371 1376 1377
v 7531.588 -6959.919 574.048
f 1371 1377 1378
f 1371 1373 1374
f 1371 1378 1372
f 1371 1375 1376
v 7540.469 -6988.292 571.211
v 7537.547 -6987.616 571.905
v 7540.570 -6985.714 573.223
f 1379 1380 1381
v 7546.530 -6985.714 572.777
v 7546.309 -6988.512 570.573
f 1379 1382 1383
f 1379 1381 1382
v 7537.528 -6988.512 571.121
v 7537.538 -6988.069 571.518
f 1379 1384 1385
f 1379 1385 1380
v 7540.352 -6990.571 568.868
f 1379 1386 1384
f 1379 1383 1386
v 7537.415 -6992.349 566.592
v 7536.035 -6990.571 569.002
v 7540.329 -6990.950 568.409
f 1387 1388 1389
f 1387 1272 1267
f 1387 1267 1388
v 7537.402 -6992.669 566.089
f 1390 1272 1387
v 7534.595 -6992.975 565.614
f 1390 1391 1272
v 7537.390 -6992.975 565.580
v 7534.595 -6993.551 564.572
f 1392 1393 1391
v 7534.595 -6994.073 563.503
f 1392 1394 1393
f 1392 1391 1390
v 7549.886 -6993.124 564.306
v 7545.758 -6992.975 565.057
v 7548.842 -6991.318 567.195
f 1395 1396 1397
v 7551.455 -6992.349 565.363
f 1395 1397 1398
v 7551.149 -6993.551 563.332
f 1395 1398 1399
v 7553.959 -6993.314 563.321
f 1400 1399 1398
v 7557.175 -6991.782 565.196
f 1400 1398 1401
v 7553.775 -6993.859 562.279
f 1402 1399 1400
v 7550.827 -6994.542 561.192
f 1402 1403 1399
v 7566.133 -6993.314 560.463
v 7561.851 -6993.859 560.541
v 7562.112 -6993.314 561.567
f 1404 1405 1406
v 7565.458 -6991.782 563.197
v 7567.939 -6992.349 561.601
f 1404 1407 1408
f 1404 1406 1407
v 7567.334 -6993.551 559.638
v 7566.696 -6994.542 557.570
f 1404 1409 1410
f 1404 1408 1409
v 7568.790 -6993.314 559.643
f 1411 1410 1409
v 7570.888 -6991.782 561.522
f 1411 1408 1412
f 1411 1409 1408
v 7572.735 -6993.314 558.290
f 1413 1411 1412
v 7572.373 -6993.859 557.296
f 1414 1411 1413
v 7580.459 -6993.314 555.147
v 7578.859 -6991.782 558.508
v 7583.678 -6992.349 555.424
f 1415 1416 1417
v 7582.787 -6993.551 553.573
f 1415 1417 1418
v 7580.024 -6993.859 554.182
f 1419 1415 1418
v 7581.848 -6994.542 551.623
f 1419 1418 1420
v 7584.228 -6993.314 553.361
f 1421 1420 1418
v 7586.583 -6991.782 554.906
f 1421 1417 1422
f 1421 1418 1417
v 7587.927 -6993.314 551.435
f 1423 1421 1422
v 7587.421 -6993.859 550.506
f 1424 1421 1423
v 7595.097 -6993.314 547.176
v 7598.321 -6992.349 546.970
v 7597.164 -6993.551 545.272
f 1425 1426 1427
v 7594.015 -6991.782 550.738
f 1425 1428 1426
v 7594.523 -6993.859 546.287
f 1429 1425 1427
v 7595.945 -6994.542 543.485
f 1429 1427 1430
v 7598.557 -6993.314 544.848
f 1431 1427 1426
v 7601.116 -6991.782 546.025
f 1431 1426 1432
f 1431 1430 1427
v 7601.928 -6993.314 542.392
f 1433 1431 1432
v 7601.289 -6993.859 541.549
f 1434 1431 1433
v 7608.383 -6993.314 537.112
v 7611.540 -6992.349 536.428
v 7610.143 -6993.551 534.922
f 1435 1436 1437
v 7607.844 -6991.782 540.795
f 1435 1438 1436
v 7607.682 -6993.859 536.319
v 7608.671 -6994.542 533.336
f 1439 1437 1440
f 1439 1435 1437
v 7611.457 -6993.314 534.295
f 1441 1440 1437
f 1441 1437 1436
v 7614.163 -6991.782 535.077
f 1441 1436 1442
v 7614.425 -6993.314 531.364
f 1443 1441 1442
v 7613.667 -6993.859 530.625
v 7620.037 -6991.782 528.903
f 1444 1443 1445
f 1444 1441 1443
v 7620.020 -6993.314 525.181
v 7623.041 -6992.349 524.033
f 1446 1445 1447
v 7621.434 -6993.551 522.752
f 1446 1447 1448
v 7619.210 -6993.859 524.500
v 7619.743 -6994.542 521.404
f 1449 1448 1450
f 1449 1444 1445
f 1449 1446 1448
f 1449 1445 1446
v 7623.487 -6993.314 520.833
v 7627.120 -6991.782 520.021
f 1451 1447 1452
f 1451 1448 1447
v 7622.644 -6993.859 520.194
f 1453 1448 1451
f 1453 1450 1448
v 7536.002 -6952.000 566.362
v 7537.469 -6953.752 568.746
f 1454 1455 1364
v 7534.595 -6951.672 565.838
v 7534.595 -6951.091 564.814
f 1454 1456 1457
v 7534.595 -6952.302 566.834
f 1454 1458 1456
f 1454 1364 1458
v 7540.221 -6952.000 566.231
f 1459 1455 1454
v 7630.467 -6993.314 510.457
v 7632.565 -6992.349 510.063
v 7630.786 -6993.551 509.036
f 1460 1461 1462
v 7628.912 -6994.542 507.954
f 1460 1462 1463
v 7631.832 -6991.782 512.921
f 1460 1464 1461
v 7628.270 -6993.314 514.002
f 1460 1465 1464
v 7627.381 -6993.859 513.428
f 1460 1466 1465
v 7548.504 -6951.393 564.493
v 7551.028 -6950.561 562.530
v 7551.338 -6951.672 564.584
f 1467 1468 1469
v 7631.857 -6993.314 508.049
f 1470 1462 1461
v 7634.673 -6991.782 508.000
f 1470 1461 1471
f 1470 1463 1462
v 7548.629 -6952.000 565.495
v 7551.630 -6952.980 566.520
f 1472 1469 1473
f 1472 1467 1469
v 7550.323 -6953.566 567.474
f 1472 1473 1474
v 7546.073 -6953.752 568.209
f 1472 1474 1475
v 7546.334 -6956.277 570.820
v 7540.509 -6957.146 571.998
v 7540.490 -6956.693 571.622
f 1476 1477 1478
v 7546.554 -6959.169 573.021
f 1476 1479 1477
v 7549.301 -6956.693 570.851
f 1476 1480 1479
v 7549.203 -6955.815 570.071
f 1476 1481 1480
f 1476 1475 1481
v 7540.471 -6956.249 571.235
f 1476 1478 1482
v 7633.829 -6993.314 504.374
f 1483 1470 1471
v 7632.887 -6993.859 503.892
f 1484 1470 1483
v 7638.466 -6991.782 500.369
f 1484 1483 1485
v 7556.624 -6951.018 562.471
v 7554.398 -6952.795 565.812
f 1486 1487 1469
v 7562.736 -6952.795 564.018
f 1486 1488 1487
f 1486 1469 1468
v 7637.353 -6993.314 496.816
v 7639.901 -6992.349 494.830
v 7637.989 -6993.551 494.079
f 1489 1490 1491
f 1489 1485 1490
v 7636.378 -6993.859 496.405
f 1492 1484 1485
v 7635.975 -6994.542 493.289
f 1492 1491 1493
f 1492 1489 1491
f 1492 1485 1489
v 7564.705 -6951.018 560.520
v 7567.095 -6950.561 558.863
v 7567.707 -6951.672 560.848
f 1494 1495 1496
v 7567.114 -6953.508 563.788
f 1494 1497 1488
f 1494 1496 1497
v 7639.385 -6993.314 491.640
v 7642.617 -6991.782 489.793
f 1498 1490 1499
f 1498 1491 1490
v 7569.517 -6950.283 557.440
v 7566.453 -6949.660 556.783
f 1500 1495 1501
v 7638.390 -6993.859 491.279
f 1502 1493 1491
f 1502 1491 1498
v 7569.856 -6950.783 558.451
f 1503 1496 1495
f 1503 1495 1500
v 7573.310 -6952.210 559.869
f 1503 1504 1496
v 7563.626 -6955.997 567.514
v 7562.967 -6953.508 564.927
v 7566.379 -6955.682 566.470
f 1505 1506 1507
v 7566.594 -6956.553 567.233
v 7564.184 -6958.862 569.706
f 1505 1508 1509
f 1505 1507 1508
v 7557.848 -6955.682 568.530
f 1505 1510 1506
v 7558.005 -6956.553 569.306
f 1505 1511 1510
f 1505 1509 1511
v 7642.996 -6993.314 479.668
v 7640.923 -6993.859 483.416
v 7641.942 -6993.314 483.703
f 1512 1513 1514
v 7645.027 -6991.782 481.619
v 7644.885 -6992.349 478.673
f 1512 1515 1516
v 7642.882 -6993.551 478.216
v 7640.773 -6994.542 477.734
f 1512 1517 1518
f 1512 1516 1517
f 1512 1514 1515
v 7581.385 -6950.783 553.843
v 7583.336 -6951.672 554.713
v 7581.150 -6952.210 556.678
f 1519 1520 1521
v 7577.601 -6950.783 555.523
f 1519 1521 1522
v 7577.186 -6950.283 554.540
f 1519 1522 1523
v 7582.435 -6950.561 552.842
f 1519 1524 1520
v 7581.491 -6949.660 550.882
f 1519 1525 1524
v 7643.615 -6993.314 476.957
f 1526 1518 1517
v 7646.291 -6991.782 476.080
f 1526 1516 1527
f 1526 1517 1516
v 7585.105 -6950.783 552.024
v 7588.731 -6952.210 552.911
f 1528 1529 1520
f 1528 1520 1524
v 7644.416 -6993.314 472.864
f 1530 1526 1527
v 7643.374 -6993.859 472.681
f 1531 1526 1530
v 7645.556 -6993.314 464.603
v 7647.666 -6991.782 467.670
v 7647.405 -6992.349 461.954
f 1532 1533 1534
v 7645.356 -6993.551 461.800
f 1532 1534 1535
v 7644.503 -6993.859 464.498
f 1536 1532 1535
v 7643.199 -6994.542 461.639
f 1536 1535 1537
v 7595.818 -6950.783 545.749
v 7596.707 -6950.561 544.602
v 7597.877 -6951.672 546.318
f 1538 1539 1540
v 7596.008 -6952.210 548.587
f 1538 1540 1541
v 7592.326 -6950.783 547.973
f 1538 1541 1542
v 7595.481 -6949.660 542.804
f 1538 1543 1539
v 7591.770 -6950.283 547.063
f 1538 1542 1544
v 7645.971 -6993.314 459.059
f 1545 1535 1534
v 7648.515 -6991.782 456.341
f 1545 1534 1546
v 7598.602 -6950.283 542.529
f 1547 1539 1543
v 7644.914 -6993.859 459.006
f 1548 1537 1535
f 1548 1535 1545
v 7599.225 -6950.783 543.395
f 1549 1539 1547
f 1549 1540 1539
v 7602.943 -6952.210 543.732
f 1549 1550 1540
v 7645.893 -6993.314 446.553
v 7645.017 -6993.859 450.746
v 7646.075 -6993.314 450.720
f 1551 1552 1553
v 7645.356 -6993.551 445.200
v 7643.199 -6994.542 445.361
f 1551 1554 1555
v 7647.405 -6992.349 445.046
f 1551 1556 1554
v 7648.409 -6991.782 447.820
f 1551 1553 1557
f 1551 1557 1556
v 7608.883 -6950.783 535.594
v 7608.111 -6949.660 532.732
v 7609.591 -6950.561 534.327
f 1558 1559 1560
v 7605.762 -6950.783 538.314
v 7605.076 -6950.283 537.497
f 1558 1561 1562
v 7609.495 -6952.210 538.372
f 1558 1563 1561
v 7611.004 -6951.672 535.850
f 1558 1560 1564
f 1558 1564 1563
v 7645.556 -6993.314 442.397
f 1565 1554 1556
v 7647.666 -6991.782 439.330
f 1565 1556 1566
v 7611.156 -6950.283 531.995
f 1567 1560 1559
v 7644.503 -6993.859 442.502
f 1568 1554 1565
f 1568 1555 1554
v 7611.901 -6950.783 532.758
v 7615.628 -6952.210 532.537
f 1569 1570 1564
f 1569 1564 1560
f 1569 1560 1567
v 7643.615 -6993.314 430.043
v 7644.416 -6993.314 434.136
v 7646.291 -6991.782 430.920
f 1571 1572 1573
v 7642.882 -6993.551 428.784
v 7640.773 -6994.542 429.266
f 1571 1574 1575
v 7643.374 -6993.859 434.319
f 1571 1576 1572
v 7644.885 -6992.349 428.327
f 1571 1577 1574
f 1571 1573 1577
v 7620.289 -6950.783 523.604
v 7622.424 -6951.672 523.542
v 7621.307 -6952.210 526.261
f 1578 1579 1580
v 7617.608 -6950.783 526.760
v 7616.808 -6950.283 526.054
f 1578 1581 1582
v 7620.800 -6950.561 522.247
f 1578 1583 1579
f 1578 1580 1581
v 7619.099 -6949.660 520.890
f 1578 1584 1583
v 7642.662 -6993.314 425.983
f 1585 1574 1577
v 7644.291 -6991.782 422.636
f 1585 1577 1586
v 7641.636 -6993.859 426.244
f 1587 1575 1574
f 1587 1574 1585
v 7622.850 -6950.783 520.351
f 1588 1579 1583
v 7626.502 -6952.210 519.577
f 1588 1589 1579
v 7638.901 -6993.314 414.056
v 7641.678 -6991.782 414.525
v 7639.901 -6992.349 412.170
f 1590 1591 1592
v 7637.989 -6993.551 412.921
v 7635.975 -6994.542 413.711
f 1590 1593 1594
f 1590 1592 1593
v 7640.303 -6993.314 417.984
f 1590 1595 1591
v 7639.300 -6993.859 418.321
f 1590 1596 1595
v 7629.780 -6950.783 510.049
v 7628.199 -6949.660 507.543
v 7630.084 -6950.561 508.631
f 1597 1598 1599
v 7631.883 -6951.672 509.669
f 1597 1599 1600
v 7631.183 -6952.210 512.524
f 1597 1600 1601
v 7627.599 -6950.783 513.569
f 1597 1601 1602
v 7626.703 -6950.283 512.990
f 1597 1602 1603
v 7637.885 -6993.314 411.468
v 7639.602 -6991.782 409.236
f 1604 1592 1605
f 1604 1594 1593
f 1604 1593 1592
v 7630.892 -6950.283 505.941
f 1606 1599 1598
v 7631.828 -6950.783 506.451
f 1607 1600 1599
f 1607 1599 1606
v 7635.324 -6952.210 505.141
f 1607 1608 1600
v 7636.241 -6993.314 407.635
f 1609 1604 1605
v 7635.277 -6993.859 408.070
v 7636.001 -6991.782 401.512
f 1610 1609 1611
f 1610 1604 1609
v 7632.530 -6993.314 400.167
v 7632.565 -6992.349 396.937
v 7630.786 -6993.551 397.964
f 1612 1613 1614
f 1612 1611 1613
v 7631.600 -6993.859 400.673
f 1615 1611 1612
v 7628.912 -6994.542 399.046
f 1615 1614 1616
f 1615 1612 1614
f 1615 1610 1611
v 7637.146 -6950.783 495.231
v 7637.234 -6950.561 493.783
v 7639.168 -6951.672 494.542
f 1617 1618 1619
v 7635.208 -6949.660 492.988
f 1617 1620 1618
v 7638.902 -6952.210 497.469
f 1617 1619 1621
v 7635.513 -6950.783 499.036
f 1617 1621 1622
v 7634.541 -6950.283 498.598
f 1617 1622 1623
v 7630.467 -6993.314 396.543
f 1624 1616 1614
v 7631.832 -6991.782 394.079
f 1624 1613 1625
f 1624 1614 1613
v 7638.154 -6950.783 492.661
f 1626 1619 1618
f 1626 1618 1620
v 7640.964 -6952.210 492.215
f 1626 1627 1619
v 7628.270 -6993.314 392.998
f 1628 1624 1625
v 7627.381 -6993.859 393.572
f 1629 1624 1628
v 7639.546 -6950.783 488.762
f 1630 1627 1626
v 7638.535 -6950.283 488.422
f 1630 1626 1631
v 7623.487 -6993.314 386.167
v 7627.120 -6991.782 386.979
v 7623.041 -6992.349 382.967
f 1632 1633 1634
v 7621.434 -6993.551 384.248
f 1632 1634 1635
v 7640.854 -6950.283 480.557
v 7639.970 -6949.660 477.551
v 7642.091 -6950.561 478.035
f 1636 1637 1638
v 7622.644 -6993.859 386.806
f 1639 1632 1635
v 7619.743 -6994.542 385.596
f 1639 1635 1640
v 7641.888 -6950.783 480.820
f 1641 1636 1638
v 7644.116 -6951.672 478.498
v 7643.559 -6952.210 484.158
f 1641 1642 1643
f 1641 1638 1642
v 7620.907 -6993.314 382.890
v 7621.890 -6991.782 380.251
f 1644 1634 1645
f 1644 1635 1634
f 1644 1640 1635
v 7642.834 -6950.783 476.789
v 7645.546 -6952.210 475.929
f 1646 1647 1642
f 1646 1642 1638
f 1646 1638 1637
v 7618.207 -6993.314 379.712
f 1648 1644 1645
v 7642.579 -6950.283 472.541
f 1649 1646 1637
v 7617.413 -6993.859 380.412
f 1650 1644 1648
v 7616.172 -6991.782 373.932
f 1650 1648 1651
v 7643.629 -6950.783 472.726
f 1652 1646 1649
f 1652 1647 1646
v 7612.459 -6993.314 373.670
v 7611.540 -6992.349 370.572
v 7610.143 -6993.551 372.078
f 1653 1654 1655
f 1653 1651 1654
v 7643.700 -6950.283 464.418
v 7642.378 -6949.660 461.577
v 7644.548 -6950.561 461.740
f 1656 1657 1658
v 7611.720 -6993.859 374.427
v 7608.671 -6994.542 373.664
f 1659 1655 1660
f 1659 1650 1651
f 1659 1651 1653
f 1659 1653 1655
v 7644.761 -6950.783 464.524
f 1661 1656 1658
v 7646.619 -6951.672 461.895
v 7646.912 -6952.210 467.575
f 1661 1662 1663
f 1661 1658 1662
v 7608.383 -6993.314 369.888
v 7607.844 -6991.782 366.205
f 1664 1654 1665
f 1664 1655 1654
v 7644.108 -6950.283 458.966
f 1666 1658 1657
v 7607.682 -6993.859 370.681
f 1667 1660 1655
f 1667 1655 1664
v 7645.174 -6950.783 459.019
f 1668 1658 1666
v 7647.755 -6952.210 456.322
f 1668 1669 1662
f 1668 1662 1658
v 7598.557 -6993.314 362.152
v 7598.321 -6992.349 360.030
v 7597.164 -6993.551 361.728
f 1670 1671 1672
v 7595.945 -6994.542 363.515
f 1670 1672 1673
v 7601.928 -6993.314 364.608
v 7601.116 -6991.782 360.975
f 1670 1674 1675
f 1670 1675 1671
v 7601.289 -6993.859 365.451
f 1670 1676 1674
v 7645.096 -6950.783 446.603
v 7647.649 -6952.210 447.858
v 7645.277 -6950.783 450.740
f 1677 1678 1679
v 7644.548 -6950.561 445.260
v 7646.619 -6951.672 445.105
f 1677 1680 1681
v 7642.378 -6949.660 445.423
f 1677 1682 1680
f 1677 1681 1678
v 7644.211 -6950.283 450.766
f 1677 1679 1683
v 7596.260 -6993.314 360.586
f 1684 1672 1671
f 1684 1673 1672
v 7596.421 -6991.782 357.774
f 1684 1671 1685
v 7644.890 -6950.783 443.850
f 1686 1681 1680
f 1686 1680 1682
v 7647.228 -6952.210 442.229
f 1686 1687 1681
v 7592.743 -6993.314 358.345
f 1688 1684 1685
v 7592.191 -6993.859 359.248
f 1689 1684 1688
v 7644.452 -6950.783 439.733
v 7643.394 -6950.283 439.866
f 1690 1686 1691
f 1690 1687 1686
v 7585.469 -6993.314 354.266
v 7583.678 -6992.349 351.576
v 7582.787 -6993.551 353.427
f 1692 1693 1694
v 7589.094 -6991.782 353.421
f 1692 1695 1693
v 7642.071 -6950.283 431.773
v 7639.970 -6949.660 429.449
v 7642.091 -6950.561 428.965
f 1696 1697 1698
v 7584.986 -6993.859 355.207
f 1699 1692 1694
v 7581.848 -6994.542 355.377
f 1699 1694 1700
v 7643.116 -6950.783 431.562
f 1701 1696 1698
v 7644.116 -6951.672 428.502
f 1701 1698 1702
v 7646.071 -6952.210 433.844
f 1701 1702 1703
v 7580.459 -6993.314 351.853
v 7578.859 -6991.782 348.492
f 1704 1693 1705
f 1704 1694 1693
v 7640.854 -6950.283 426.443
f 1706 1698 1697
v 7580.024 -6993.859 352.818
f 1707 1694 1704
f 1707 1700 1694
v 7641.888 -6950.783 426.180
f 1708 1698 1706
f 1708 1702 1698
v 7643.559 -6952.210 422.842
f 1708 1709 1702
v 7568.790 -6993.314 347.357
v 7572.735 -6993.314 348.710
v 7570.888 -6991.782 345.478
f 1710 1711 1712
v 7567.939 -6992.349 345.399
v 7567.334 -6993.551 347.362
f 1710 1713 1714
v 7566.696 -6994.542 349.430
f 1710 1714 1715
v 7572.373 -6993.859 349.704
f 1710 1716 1711
f 1710 1712 1713
v 7638.154 -6950.783 414.339
v 7639.168 -6951.672 412.458
v 7640.964 -6952.210 414.785
f 1717 1718 1719
v 7637.234 -6950.561 413.217
f 1717 1720 1718
v 7639.546 -6950.783 418.238
f 1717 1719 1721
v 7638.535 -6950.283 418.578
f 1717 1721 1722
v 7635.208 -6949.660 414.012
f 1717 1723 1720
v 7566.133 -6993.314 346.537
f 1724 1714 1713
f 1724 1715 1714
v 7565.458 -6991.782 343.803
f 1724 1713 1725
v 7635.634 -6950.283 410.908
f 1726 1720 1723
v 7636.617 -6950.783 410.494
f 1727 1718 1720
f 1727 1720 1726
v 7637.773 -6952.210 406.944
f 1727 1728 1718
v 7562.112 -6993.314 345.433
f 1729 1724 1725
v 7561.851 -6993.859 346.459
f 1730 1724 1729
v 7553.959 -6993.314 343.679
v 7551.455 -6992.349 341.637
v 7551.149 -6993.551 343.668
f 1731 1732 1733
v 7557.175 -6991.782 341.804
f 1731 1734 1732
v 7553.775 -6993.859 344.721
f 1735 1731 1733
v 7550.827 -6994.542 345.808
f 1735 1733 1736
v 7631.161 -6950.783 399.341
v 7631.883 -6951.672 397.331
v 7634.005 -6952.210 399.364
f 1737 1738 1739
v 7628.199 -6949.660 399.457
v 7630.084 -6950.561 398.369
f 1737 1740 1741
v 7633.118 -6950.783 402.990
f 1737 1739 1742
v 7632.169 -6950.283 403.476
f 1737 1742 1743
f 1737 1741 1738
v 7548.461 -6993.314 342.850
v 7545.941 -6991.782 340.110
f 1744 1732 1745
f 1744 1733 1732
v 7629.780 -6950.783 396.951
v 7631.183 -6952.210 394.476
f 1746 1747 1738
f 1746 1741 1740
f 1746 1738 1741
v 7548.329 -6993.859 343.900
f 1748 1736 1733
f 1748 1733 1744
v 7627.599 -6950.783 393.431
f 1749 1747 1746
v 7626.703 -6950.283 394.010
f 1749 1746 1750
v 7622.000 -6950.283 387.293
v 7619.099 -6949.660 386.110
v 7620.800 -6950.561 384.753
f 1751 1752 1753
v 7535.985 -6993.314 341.993
v 7540.100 -6993.859 343.180
v 7540.153 -6993.314 342.123
f 1754 1755 1756
v 7537.436 -6991.782 339.579
f 1754 1756 1757
v 7534.595 -6992.349 340.373
f 1754 1757 1758
v 7534.595 -6993.551 342.428
f 1754 1758 1759
v 7534.595 -6994.542 344.591
f 1754 1759 1760
v 7622.850 -6950.783 386.649
v 7622.424 -6951.672 383.458
v 7626.502 -6952.210 387.423
f 1761 1762 1763
f 1761 1753 1762
f 1761 1751 1753
v 7533.204 -6993.314 341.993
v 7531.754 -6991.782 339.579
f 1764 1758 1765
f 1764 1759 1758
f 1764 1760 1759
v 7618.591 -6950.283 383.018
f 1766 1753 1752
v 7619.408 -6950.783 382.333
f 1767 1753 1766
f 1767 1762 1753
v 7619.467 -6952.210 378.600
f 1767 1768 1762
v 7529.036 -6993.314 342.123
f 1769 1764 1765
v 7529.089 -6993.859 343.180
f 1770 1764 1769
v 7523.248 -6991.782 340.110
f 1770 1769 1771
v 7520.728 -6993.314 342.850
v 7517.734 -6992.349 341.637
f 1772 1771 1773
v 7518.040 -6993.551 343.668
f 1772 1773 1774
v 7520.860 -6993.859 343.900
f 1775 1770 1771
f 1775 1772 1774
v 7518.363 -6994.542 345.808
f 1775 1774 1776
f 1775 1771 1772
v 7610.907 -6950.783 373.284
v 7611.004 -6951.672 371.150
v 7613.632 -6952.210 372.467
f 1777 1778 1779
v 7609.591 -6950.561 372.673
f 1777 1780 1778
v 7613.853 -6950.783 376.194
v 7613.089 -6950.283 376.938
f 1777 1781 1782
f 1777 1779 1781
v 7608.111 -6949.660 374.268
f 1777 1783 1780
v 7506.359 -6988.083 338.884
v 7506.408 -6985.342 336.735
v 7503.474 -6985.155 337.357
f 1784 1785 1786
v 7503.189 -6987.444 339.151
f 1784 1786 1787
v 7503.395 -6988.347 339.899
f 1784 1787 1788
v 7510.035 -6985.155 335.795
f 1784 1789 1785
v 7506.420 -6990.499 341.390
v 7511.972 -6988.347 337.885
f 1784 1790 1791
v 7511.823 -6987.444 337.123
f 1784 1792 1789
f 1784 1788 1790
f 1784 1791 1792
v 7608.883 -6950.783 371.406
f 1793 1778 1780
f 1793 1780 1783
v 7609.495 -6952.210 368.628
f 1793 1794 1778
v 7605.762 -6950.783 368.686
f 1795 1794 1793
v 7605.076 -6950.283 369.503
f 1795 1793 1796
v 7504.454 -6993.096 345.730
v 7502.247 -6990.499 342.522
v 7501.250 -6992.349 345.399
f 1797 1798 1799
v 7506.645 -6991.250 342.286
f 1797 1800 1798
v 7501.855 -6993.551 347.362
f 1797 1799 1801
v 7598.602 -6950.283 364.471
v 7595.481 -6949.660 364.196
v 7596.707 -6950.561 362.398
f 1802 1803 1804
v 7599.225 -6950.783 363.605
v 7597.877 -6951.672 360.682
f 1805 1804 1806
v 7602.943 -6952.210 363.268
f 1805 1806 1807
f 1805 1802 1804
v 7499.078 -6993.314 347.792
f 1808 1801 1799
v 7495.619 -6991.782 346.416
f 1808 1799 1809
v 7595.818 -6950.783 361.251
f 1810 1804 1803
f 1810 1806 1804
v 7596.008 -6952.210 358.413
f 1810 1811 1806
v 7499.415 -6993.859 348.795
f 1812 1801 1808
v 7502.493 -6994.542 349.430
f 1812 1813 1801
v 7592.326 -6950.783 359.027
f 1814 1811 1810
v 7591.770 -6950.283 359.937
f 1814 1810 1815
v 7584.618 -6950.283 355.926
v 7581.491 -6949.660 356.118
v 7582.435 -6950.561 354.158
f 1816 1817 1818
v 7487.466 -6993.314 352.433
v 7491.278 -6993.314 350.741
v 7487.726 -6991.782 349.629
f 1819 1820 1821
v 7485.511 -6992.349 351.576
f 1819 1821 1822
v 7486.402 -6993.551 353.427
v 7487.341 -6994.542 355.377
f 1819 1823 1824
v 7491.689 -6993.859 351.716
f 1819 1825 1820
f 1819 1822 1823
v 7585.105 -6950.783 354.976
v 7583.336 -6951.672 352.287
v 7588.731 -6952.210 354.089
f 1826 1827 1828
f 1826 1818 1827
f 1826 1816 1818
v 7484.961 -6993.314 353.639
f 1829 1824 1823
v 7482.607 -6991.782 352.094
f 1829 1822 1830
f 1829 1823 1822
v 7579.692 -6950.283 353.553
f 1831 1818 1817
v 7580.131 -6950.783 352.581
f 1832 1818 1831
v 7578.564 -6952.210 349.193
f 1832 1833 1827
f 1832 1827 1818
v 7481.262 -6993.314 355.565
f 1834 1829 1830
v 7481.768 -6993.859 356.494
f 1835 1829 1834
v 7475.174 -6991.782 356.262
f 1835 1834 1836
v 7474.092 -6993.314 359.824
v 7470.868 -6992.349 360.030
v 7472.025 -6993.551 361.728
f 1837 1838 1839
f 1837 1836 1838
v 7474.666 -6993.859 360.713
f 1840 1835 1836
f 1840 1836 1837
v 7473.244 -6994.542 363.515
f 1840 1839 1841
f 1840 1837 1839
v 7568.545 -6950.783 348.117
v 7567.707 -6951.672 346.152
v 7570.646 -6952.210 346.199
f 1842 1843 1844
v 7572.462 -6950.783 349.460
f 1842 1844 1845
v 7572.097 -6950.283 350.463
f 1842 1845 1846
v 7566.453 -6949.660 350.217
v 7567.095 -6950.561 348.137
f 1842 1847 1848
f 1842 1848 1843
v 7470.632 -6993.314 362.152
f 1849 1839 1838
f 1849 1841 1839
v 7468.074 -6991.782 360.975
f 1849 1838 1850
v 7564.581 -6950.783 346.921
v 7562.526 -6952.210 343.805
f 1851 1852 1843
f 1851 1843 1848
v 7467.261 -6993.314 364.608
f 1853 1849 1850
v 7467.900 -6993.859 365.451
f 1854 1849 1853
v 7461.345 -6991.782 366.205
f 1854 1853 1855
v 7460.806 -6993.314 369.888
v 7457.649 -6992.349 370.572
v 7459.046 -6993.551 372.078
f 1856 1857 1858
f 1856 1855 1857
v 7461.507 -6993.859 370.681
f 1859 1854 1855
f 1859 1856 1858
f 1859 1855 1856
v 7460.518 -6994.542 373.664
f 1859 1858 1860
v 7552.460 -6950.783 344.234
v 7556.533 -6950.783 344.979
v 7556.321 -6950.283 346.024
f 1861 1862 1863
v 7554.251 -6952.210 342.024
f 1861 1864 1862
v 7551.338 -6951.672 342.416
f 1861 1865 1864
v 7550.704 -6949.660 346.622
v 7551.028 -6950.561 344.470
f 1861 1866 1867
f 1861 1867 1865
v 7457.732 -6993.314 372.705
f 1868 1858 1857
v 7455.026 -6991.782 371.923
f 1868 1857 1869
f 1868 1860 1858
v 7454.764 -6993.314 375.636
f 1870 1868 1869
v 7455.522 -6993.859 376.375
f 1871 1868 1870
v 7545.664 -6951.018 342.877
v 7540.279 -6952.795 339.598
v 7548.775 -6952.795 340.341
f 1872 1873 1874
f 1872 1874 1865
f 1872 1865 1867
v 7449.169 -6993.314 381.819
v 7449.153 -6991.782 378.097
v 7446.149 -6992.349 382.967
f 1875 1876 1877
v 7447.755 -6993.551 384.248
f 1875 1877 1878
v 7449.980 -6993.859 382.500
f 1879 1875 1878
v 7449.446 -6994.542 385.596
f 1879 1878 1880
v 7537.366 -6951.018 342.359
v 7534.595 -6950.561 343.239
v 7534.595 -6951.672 341.162
f 1881 1882 1883
v 7536.028 -6953.508 338.527
f 1881 1884 1873
f 1881 1883 1884
v 7446.548 -6993.314 385.064
f 1885 1878 1877
v 7443.757 -6991.782 384.693
f 1885 1877 1886
f 1885 1880 1878
v 7531.834 -6950.783 342.818
v 7528.952 -6952.210 340.445
f 1887 1888 1883
f 1887 1883 1882
v 7540.459 -6955.997 335.994
v 7540.572 -6958.862 333.735
v 7546.358 -6956.553 335.938
f 1889 1890 1891
v 7546.280 -6955.682 336.727
f 1889 1891 1892
v 7537.520 -6955.682 336.180
v 7537.540 -6956.553 335.388
f 1889 1893 1894
f 1889 1894 1890
v 7540.326 -6953.508 338.661
f 1889 1895 1893
f 1889 1892 1895
v 7444.051 -6993.314 388.404
f 1896 1885 1886
v 7444.910 -6993.859 389.021
f 1897 1885 1896
v 7438.869 -6991.782 391.674
f 1897 1896 1898
v 7439.440 -6993.314 395.352
v 7436.624 -6992.349 396.937
v 7438.403 -6993.551 397.964
f 1899 1900 1901
f 1899 1898 1900
v 7440.343 -6993.859 395.904
v 7440.277 -6994.542 399.046
f 1902 1901 1903
f 1902 1899 1901
f 1902 1897 1898
f 1902 1898 1899
v 7519.459 -6950.783 343.823
v 7518.161 -6950.561 344.470
v 7517.851 -6951.672 342.416
f 1904 1905 1906
v 7520.519 -6952.210 341.183
v 7523.571 -6950.783 343.334
f 1904 1907 1908
v 7518.485 -6949.660 346.622
f 1904 1909 1905
f 1904 1906 1907
v 7523.677 -6950.283 344.395
f 1904 1908 1910
v 7427.379 -6988.083 404.114
v 7427.257 -6985.155 399.313
v 7425.730 -6985.342 402.735
f 1911 1912 1913
v 7424.387 -6985.155 405.417
f 1911 1913 1914
v 7425.612 -6987.444 406.758
f 1911 1914 1915
v 7426.325 -6988.347 407.064
v 7429.377 -6990.499 405.629
f 1911 1916 1917
v 7430.098 -6988.347 399.102
v 7429.410 -6987.444 398.744
f 1911 1918 1919
f 1911 1915 1916
f 1911 1919 1912
v 7515.554 -6950.283 345.516
f 1920 1905 1909
v 7515.369 -6950.783 344.465
f 1921 1906 1905
v 7512.165 -6952.210 342.549
f 1921 1922 1906
f 1921 1905 1920
v 7435.093 -6993.096 402.293
v 7434.058 -6991.250 398.344
f 1923 1900 1924
f 1923 1901 1900
v 7431.545 -6993.096 409.872
v 7427.660 -6990.499 409.596
v 7429.288 -6992.349 412.170
f 1925 1926 1927
v 7430.217 -6991.250 406.011
f 1925 1928 1926
v 7431.200 -6993.551 412.921
f 1925 1927 1929
v 7503.282 -6950.783 347.304
v 7502.736 -6949.660 350.217
v 7502.094 -6950.561 348.137
f 1930 1931 1932
v 7507.274 -6950.783 346.207
v 7507.538 -6950.283 347.241
f 1930 1933 1934
v 7503.937 -6952.210 344.535
f 1930 1935 1933
v 7501.482 -6951.672 346.152
f 1930 1932 1936
f 1930 1936 1935
v 7429.804 -6993.314 415.360
v 7426.573 -6991.782 417.207
f 1937 1927 1938
f 1937 1929 1927
v 7430.799 -6993.859 415.721
v 7433.214 -6994.542 413.711
f 1939 1940 1929
f 1939 1929 1937
v 7496.570 -6951.018 349.029
f 1941 1936 1932
v 7498.273 -6952.795 345.394
f 1941 1942 1936
v 7490.296 -6952.795 348.411
f 1941 1943 1942
v 7426.193 -6993.314 427.332
v 7427.247 -6993.314 423.297
v 7424.162 -6991.782 425.381
f 1944 1945 1946
v 7428.266 -6993.859 423.584
f 1944 1947 1945
v 7428.416 -6994.542 429.266
f 1944 1948 1947
v 7424.304 -6992.349 428.327
f 1944 1946 1949
v 7426.307 -6993.551 428.784
f 1944 1949 1950
f 1944 1950 1948
v 7488.870 -6951.018 352.163
v 7486.754 -6950.561 354.158
v 7485.853 -6951.672 352.287
f 1951 1952 1953
v 7486.001 -6953.508 349.291
f 1951 1953 1954
f 1951 1954 1943
v 7417.586 -6988.083 437.910
v 7417.448 -6988.347 441.040
v 7419.941 -6990.499 438.769
f 1955 1956 1957
v 7416.676 -6987.444 440.958
f 1955 1958 1956
v 7418.706 -6988.347 432.320
f 1955 1957 1959
v 7417.943 -6987.444 432.181
v 7416.054 -6985.155 433.359
f 1955 1960 1961
v 7415.603 -6985.342 437.079
f 1955 1961 1962
f 1955 1959 1960
v 7415.111 -6985.155 440.037
f 1955 1962 1963
f 1955 1963 1958
v 7484.084 -6950.783 354.976
f 1964 1953 1952
v 7480.458 -6952.210 354.089
f 1964 1965 1953
v 7488.894 -6955.997 345.086
v 7494.185 -6956.553 342.476
v 7494.456 -6955.682 343.221
f 1966 1967 1968
v 7488.016 -6958.862 343.002
f 1966 1969 1967
v 7486.001 -6956.553 345.807
f 1966 1970 1969
v 7489.931 -6953.508 347.547
f 1966 1968 1971
v 7486.327 -6955.682 346.529
f 1966 1971 1972
f 1966 1972 1970
v 7423.263 -6993.096 442.184
v 7419.470 -6990.499 443.066
v 7421.784 -6992.349 445.046
f 1973 1974 1975
v 7423.833 -6993.551 445.200
f 1973 1975 1976
v 7420.857 -6991.250 438.887
f 1973 1977 1974
v 7473.371 -6950.783 361.251
v 7471.312 -6951.672 360.682
v 7473.181 -6952.210 358.413
f 1978 1979 1980
v 7476.863 -6950.783 359.027
v 7477.419 -6950.283 359.937
f 1978 1981 1982
f 1978 1980 1981
v 7473.708 -6949.660 364.196
v 7472.482 -6950.561 362.398
f 1978 1983 1984
f 1978 1984 1979
v 7416.569 -6988.083 455.523
v 7416.124 -6987.444 458.673
v 7416.899 -6988.347 458.639
f 1985 1986 1987
v 7414.485 -6985.342 454.997
v 7414.439 -6985.155 457.996
f 1985 1988 1989
v 7416.069 -6987.444 449.805
v 7414.376 -6985.155 451.252
f 1985 1990 1991
f 1985 1991 1988
v 7419.026 -6990.499 456.022
f 1985 1987 1992
f 1985 1989 1986
v 7416.844 -6988.347 449.829
f 1985 1993 1990
v 7470.587 -6950.283 364.471
f 1994 1984 1983
v 7469.964 -6950.783 363.605
v 7466.247 -6952.210 363.268
f 1995 1996 1979
f 1995 1984 1994
f 1995 1979 1984
v 7422.729 -6993.096 450.536
v 7420.083 -6991.250 447.427
f 1997 1975 1998
f 1997 1976 1975
v 7422.820 -6993.096 458.904
v 7419.201 -6990.499 460.341
v 7421.784 -6992.349 461.954
f 1999 2000 2001
v 7423.833 -6993.551 461.800
f 1999 2001 2002
v 7419.949 -6991.250 456.002
f 1999 2003 2000
v 7460.306 -6950.783 371.406
v 7458.185 -6951.672 371.150
v 7459.695 -6952.210 368.628
f 2004 2005 2006
v 7459.598 -6950.561 372.673
f 2004 2007 2005
v 7463.427 -6950.783 368.686
f 2004 2006 2008
v 7464.113 -6950.283 369.503
f 2004 2008 2009
v 7461.078 -6949.660 374.268
f 2004 2010 2007
v 7423.504 -6993.314 463.219
f 2011 2002 2001
v 7421.205 -6991.782 464.846
f 2011 2001 2012
v 7425.990 -6994.542 461.639
f 2011 2013 2002
v 7423.945 -6993.314 467.366
f 2014 2011 2012
v 7424.995 -6993.859 467.235
f 2015 2011 2014
v 7455.008 -6951.018 375.873
v 7454.965 -6952.795 371.860
f 2016 2017 2005
f 2016 2005 2007
v 7449.086 -6952.795 378.039
f 2016 2018 2017
v 7425.290 -6993.314 475.596
v 7424.304 -6992.349 478.673
v 7426.307 -6993.551 478.216
f 2019 2020 2021
v 7422.370 -6991.782 473.288
f 2019 2022 2020
v 7426.328 -6993.859 475.387
f 2023 2019 2021
v 7428.416 -6994.542 477.734
f 2023 2021 2024
v 7449.429 -6951.018 382.038
v 7448.389 -6950.561 384.753
v 7446.765 -6951.672 383.458
f 2025 2026 2027
v 7445.599 -6953.508 380.695
f 2025 2027 2028
f 2025 2028 2018
v 7426.193 -6993.314 479.668
f 2029 2021 2020
f 2029 2024 2021
v 7424.162 -6991.782 481.619
f 2029 2020 2030
v 7446.381 -6955.997 375.651
v 7450.016 -6956.553 371.004
v 7450.583 -6955.682 371.557
f 2031 2032 2033
v 7444.685 -6958.862 374.154
f 2031 2034 2032
v 7448.383 -6953.508 377.418
v 7444.694 -6955.682 378.065
f 2031 2035 2036
f 2031 2033 2035
v 7444.087 -6956.553 377.555
f 2031 2036 2037
f 2031 2037 2034
v 7427.247 -6993.314 483.703
f 2038 2029 2030
v 7428.266 -6993.859 483.416
v 7426.573 -6991.782 489.793
f 2039 2038 2040
f 2039 2029 2038
v 7444.327 -6951.018 388.602
f 2041 2027 2026
v 7438.794 -6952.795 391.626
v 7443.686 -6952.795 384.640
f 2041 2042 2043
f 2041 2043 2027
v 7429.804 -6993.314 491.640
v 7429.288 -6992.349 494.830
v 7431.200 -6993.551 494.079
f 2044 2045 2046
f 2044 2040 2045
v 7430.799 -6993.859 491.279
f 2047 2039 2040
f 2047 2044 2046
v 7433.214 -6994.542 493.289
f 2047 2046 2048
f 2047 2040 2044
v 7439.730 -6951.018 395.529
v 7439.105 -6950.561 398.369
f 2049 2050 1034
f 2049 1033 2042
f 2049 1034 1033
v 7429.135 -6988.083 506.532
v 7426.912 -6988.347 501.283
v 7426.203 -6987.444 501.597
f 2051 2052 2053
v 7430.100 -6987.444 509.563
f 2051 2054 1041
v 7425.306 -6985.155 503.635
f 2051 2053 2055
v 7427.029 -6985.342 506.963
f 2051 2055 2056
v 7428.289 -6985.155 509.684
f 2051 2056 2057
f 2051 2057 2054
f 2051 1041 1044
v 7438.029 -6950.783 399.341
f 2058 1034 2050
v 7440.990 -6949.660 399.457
f 2058 2050 2059
f 2058 1037 1034
v 7432.521 -6993.096 499.366
v 7428.788 -6991.250 497.713
f 2060 2045 2061
f 2060 2046 2045
v 7435.763 -6955.997 389.668
v 7438.665 -6956.553 384.531
v 7439.308 -6955.682 384.994
f 2062 2063 2064
v 7433.864 -6958.862 388.441
f 2062 2065 2063
v 7438.007 -6953.508 391.117
f 2062 2064 2066
v 7434.455 -6955.682 392.306
f 2062 2066 2067
v 7433.779 -6956.553 391.893
f 2062 2068 2065
f 2062 2067 2068
v 7436.071 -6950.783 402.990
f 2069 1037 2058
v 7437.020 -6950.283 403.476
f 2069 2058 2070
v 7436.234 -6993.096 506.866
v 7438.403 -6993.551 509.036
f 2071 1046 2072
f 2071 1040 1046
f 2071 1045 1040
v 7433.555 -6950.283 410.908
v 7433.981 -6949.660 414.012
v 7431.955 -6950.561 413.217
f 2073 2074 2075
v 7432.572 -6950.783 410.494
f 2076 1049 1047
f 2076 2073 2075
f 2076 2075 1049
v 7439.440 -6993.314 511.648
f 2077 2072 1046
f 2077 1046 1065
v 7440.343 -6993.859 511.096
v 7440.277 -6994.542 507.954
f 2078 2079 2072
f 2078 2072 2077
v 7430.555 -6950.783 415.633
f 2080 1068 1049
f 2080 1049 2075
v 7446.548 -6993.314 521.936
f 2081 1078 1081
v 7447.755 -6993.551 522.752
v 7449.446 -6994.542 521.404
f 2081 2082 2083
f 2081 1081 2082
v 7444.910 -6993.859 517.979
v 7444.051 -6993.314 518.596
f 2081 2084 2085
f 2081 2085 1078
f 2081 2083 2084
v 7426.969 -6950.783 427.520
f 2086 1086 1085
v 7429.219 -6949.660 429.449
v 7427.098 -6950.561 428.965
f 2086 2087 2088
v 7428.016 -6950.783 423.513
v 7429.043 -6950.283 423.802
f 2086 2089 2090
f 2086 2088 1086
f 2086 1085 2089
v 7448.282 -6993.314 524.110
f 2091 2083 2082
f 2091 2082 1081
f 2091 1081 1082
v 7450.982 -6993.314 527.288
f 2092 2091 1082
v 7451.776 -6993.859 526.588
f 2093 2091 2092
f 2093 2092 1103
v 7425.108 -6951.018 434.195
f 2094 1127 1111
f 2094 1086 2088
f 2094 1111 1086
v 7456.730 -6993.314 533.330
f 2095 1103 1106
v 7459.046 -6993.551 534.922
f 2095 1106 2096
v 7457.469 -6993.859 532.573
f 2097 1103 2095
v 7460.518 -6994.542 533.336
f 2097 2096 2098
f 2097 2095 2096
f 2097 2093 1103
v 7423.972 -6951.018 442.431
v 7424.642 -6950.561 445.260
f 2099 2100 1145
f 2099 1141 1127
f 2099 1145 1141
v 7462.589 -6988.083 547.038
f 2101 1120 1125
f 2101 1125 1130
f 2101 1148 1147
f 2101 1130 1148
f 2101 1123 1108
f 2101 1108 1119
f 2101 1119 1120
v 7425.081 -6950.283 448.034
v 7426.811 -6949.660 445.423
f 2102 2100 2103
v 7424.016 -6950.783 447.981
f 2104 1145 2100
f 2104 2100 2102
f 2104 1153 1145
v 7462.530 -6993.096 539.112
f 2105 1106 1124
f 2105 2096 1106
v 7417.855 -6955.997 438.871
f 2106 1116 1128
f 2106 1137 1136
v 7417.033 -6956.553 441.736
f 2106 1143 2107
f 2106 1128 1143
f 2106 2107 1137
f 2106 1136 1116
v 7469.129 -6993.096 544.258
f 2108 1146 1152
v 7472.025 -6993.551 545.272
f 2108 1152 2109
f 2108 1150 1146
v 7424.093 -6950.783 460.397
v 7423.912 -6950.783 456.260
v 7424.979 -6950.283 456.234
f 2110 2111 2112
v 7424.642 -6950.561 461.740
f 2110 2113 1164
f 2110 1163 2111
f 2110 1164 1163
v 7426.811 -6949.660 461.577
f 2110 2114 2113
v 7474.092 -6993.314 547.176
f 2115 1152 1167
f 2115 2109 1152
v 7474.666 -6993.859 546.287
f 2116 2109 2115
v 7473.244 -6994.542 543.485
f 2116 2117 2109
v 7424.428 -6950.783 464.524
f 2118 1164 2113
f 2118 1177 1164
v 7484.961 -6993.314 553.361
v 7486.402 -6993.551 553.573
f 2119 1189 2120
v 7481.262 -6993.314 551.435
f 2119 2121 1187
v 7487.341 -6994.542 551.623
v 7481.768 -6993.859 550.506
f 2119 2122 2123
f 2119 2123 2121
f 2119 2120 2122
f 2119 1187 1189
v 7426.355 -6950.783 476.789
v 7429.219 -6949.660 477.551
v 7427.098 -6950.561 478.035
f 2124 2125 2126
f 2124 1196 1194
v 7425.560 -6950.783 472.726
v 7426.610 -6950.283 472.541
f 2124 2127 2128
f 2124 1194 2127
f 2124 2126 1196
v 7487.466 -6993.314 554.567
f 2129 2120 1189
f 2129 2122 2120
f 2129 1189 1191
v 7427.302 -6950.783 480.820
f 2130 1209 1196
f 2130 1196 2126
v 7491.278 -6993.314 556.259
f 2131 2129 1191
v 7491.689 -6993.859 555.284
f 2132 2129 2131
v 7499.078 -6993.314 559.208
v 7501.855 -6993.551 559.638
f 2133 1208 2134
f 2133 1205 1208
v 7499.415 -6993.859 558.205
f 2135 2133 2134
v 7502.493 -6994.542 557.570
f 2135 2134 2136
v 7431.035 -6950.783 492.661
v 7433.981 -6949.660 492.988
v 7431.955 -6950.561 493.783
f 2137 2138 2139
f 2137 2139 1222
f 2137 1222 1219
v 7429.643 -6950.783 488.762
v 7430.654 -6950.283 488.422
f 2137 2140 2141
f 2137 1219 2140
v 7504.392 -6993.314 560.847
f 2142 2134 1208
f 2142 1208 1223
v 7433.555 -6950.283 496.092
f 2143 2139 2138
v 7504.678 -6993.859 559.829
f 2144 2136 2134
f 2144 2134 2142
v 7432.572 -6950.783 496.506
f 2145 1222 2139
f 2145 2139 2143
f 2145 1233 1222
v 7522.956 -6989.302 569.815
v 7520.009 -6988.891 569.890
f 2146 2147 1243
f 2146 1241 2147
v 7528.748 -6988.891 570.655
f 2146 2148 1265
f 2146 1247 2148
f 2146 1243 1247
f 2146 1253 1241
v 7516.601 -6993.314 563.554
v 7512.708 -6993.859 561.767
v 7512.498 -6993.314 562.804
f 2149 2150 2151
v 7518.040 -6993.551 563.332
v 7518.363 -6994.542 561.192
f 2149 2152 2153
f 2149 2153 2150
f 2149 1236 1238
f 2149 2151 1236
f 2149 1238 2152
v 7438.029 -6950.783 507.659
v 7436.071 -6950.783 504.010
f 2154 1249 2155
v 7440.990 -6949.660 507.543
v 7439.105 -6950.561 508.631
f 2154 2156 2157
f 2154 2157 1250
f 2154 1250 1249
v 7437.020 -6950.283 503.524
f 2154 2155 2158
v 7520.716 -6993.260 564.247
f 2159 1240 1253
f 2159 1238 1240
f 2159 2152 1238
v 7520.847 -6993.810 563.199
f 2160 2153 2152
f 2160 2152 2159
v 7440.121 -6950.783 511.232
f 2161 1250 2157
f 2161 1268 1250
v 7533.197 -6992.966 565.622
v 7529.031 -6993.260 564.974
f 2162 2163 1271
f 2162 1271 1272
f 2162 1272 1391
v 7533.203 -6993.260 565.104
f 2164 2163 2162
v 7529.057 -6993.542 564.451
f 2164 2165 2163
f 2164 1391 1393
f 2164 2162 1391
f 2164 1393 1394
v 7447.179 -6950.783 521.446
v 7450.090 -6949.660 520.890
v 7448.389 -6950.561 522.247
f 2166 2167 2168
f 2166 1276 1273
v 7444.700 -6950.783 518.130
v 7445.566 -6950.283 517.507
f 2166 2169 2170
f 2166 1273 2169
f 2166 2168 1276
v 7451.237 -6951.018 527.063
f 2171 1284 1276
f 2171 1289 1284
f 2171 1276 2168
v 7456.968 -6951.018 533.087
f 2172 1298 1289
f 2172 1301 1298
v 7459.598 -6950.561 534.327
f 2172 2173 1301
v 7462.041 -6950.283 535.714
v 7461.078 -6949.660 532.732
f 2174 2173 2175
v 7461.335 -6950.783 536.513
f 2176 1303 1301
f 2176 2173 2174
f 2176 1301 2173
v 7450.371 -6955.997 535.649
f 2177 1293 1286
f 2177 1290 1300
v 7452.099 -6956.553 538.079
f 2177 1300 2178
f 2177 1286 1290
f 2177 2178 1297
f 2177 1297 1293
v 7471.090 -6950.783 544.194
v 7467.743 -6950.783 541.756
f 2179 1306 2180
f 2179 1309 1306
v 7468.387 -6950.283 540.906
f 2179 2180 2181
v 7473.708 -6949.660 542.804
v 7472.482 -6950.561 544.602
f 2179 2182 2183
f 2179 2183 1309
v 7473.371 -6950.783 545.749
f 2184 1310 1309
f 2184 2183 2182
f 2184 1309 2183
v 7476.863 -6950.783 547.973
f 2185 1310 2184
v 7477.419 -6950.283 547.063
f 2185 2184 2186
v 7484.571 -6950.283 551.074
v 7487.698 -6949.660 550.882
v 7486.754 -6950.561 552.842
f 2187 2188 2189
v 7484.084 -6950.783 552.024
f 2190 1323 1320
f 2190 2189 1323
f 2190 2187 2189
v 7489.058 -6950.783 554.419
f 2191 1331 1323
f 2191 1323 2189
v 7500.644 -6950.783 558.883
v 7496.727 -6950.783 557.540
v 7497.092 -6950.283 556.537
f 2192 2193 2194
f 2192 1335 1334
v 7502.094 -6950.561 558.863
f 2192 2195 1335
v 7502.736 -6949.660 556.783
f 2192 2196 2195
f 2192 1334 2193
v 7504.897 -6950.283 559.052
f 2197 2195 2196
v 7504.608 -6950.783 560.079
f 2198 1335 2195
f 2198 1345 1335
f 2198 2195 2197
v 7516.730 -6950.783 562.766
v 7518.485 -6949.660 560.378
v 7518.161 -6950.561 562.530
f 2199 2200 2201
v 7512.657 -6950.783 562.021
v 7512.868 -6950.283 560.976
f 2199 2202 2203
f 2199 1348 2202
f 2199 2201 1349
f 2199 1349 1348
v 7520.689 -6951.375 564.462
f 2204 1349 2201
v 7520.564 -6951.981 565.464
f 2205 1350 1349
f 2205 1362 1359
f 2205 1349 2204
f 2205 1359 1350
v 7522.867 -6956.140 570.698
f 2206 1375 1374
v 7519.901 -6956.581 570.756
f 2206 1374 2207
f 2206 1361 1362
f 2206 2207 1361
f 2206 1370 1375
v 7533.188 -6951.981 566.331
v 7528.970 -6951.981 566.200
v 7528.995 -6951.672 565.699
f 2208 2209 2210
f 2208 1457 1456
f 2208 1363 2209
f 2208 1456 1458
f 2208 1458 1364
f 2208 1364 1363
v 7546.050 -6990.950 567.981
f 2211 1397 1396
f 2211 1389 1386
f 2211 1386 1383
v 7548.958 -6990.571 568.115
f 2211 1383 2212
f 2211 2212 1397
v 7540.023 -6994.542 562.273
f 2213 1394 1392
v 7534.595 -6994.542 562.409
f 2213 2214 1394
v 7548.205 -6994.315 562.109
f 2215 1395 1399
f 2215 1399 1403
f 2215 1396 1395
v 7548.068 -6994.757 561.012
v 7550.491 -6995.315 558.966
f 2216 1403 2217
f 2216 2215 1403
v 7551.935 -6995.066 559.558
f 2218 2217 1403
f 2218 1403 1402
v 7550.146 -6995.861 556.676
f 2218 2219 2217
v 7562.764 -6991.635 564.129
f 2220 1406 1401
v 7563.357 -6989.626 566.458
f 2220 2221 1407
f 2220 1407 1406
f 2220 1401 2221
v 7555.889 -6995.066 558.836
f 2222 2218 1402
v 7555.663 -6995.408 557.718
f 2223 2218 2222
f 2223 2222 1405
v 7563.701 -6995.066 556.950
f 2224 1404 1410
f 2224 1405 1404
v 7566.032 -6995.315 555.419
f 2224 1410 2225
v 7573.639 -6991.635 560.775
f 2226 1416 1413
v 7574.461 -6989.626 563.033
f 2226 1412 2227
f 2226 2227 1416
f 2226 1413 1412
v 7563.392 -6995.408 555.852
f 2228 1405 2224
f 2228 2224 2225
v 7565.350 -6995.861 553.206
f 2228 2225 2229
f 2228 2223 1405
v 7568.821 -6995.066 555.370
f 2230 1410 1411
f 2230 1411 1414
f 2230 2225 1410
v 7568.458 -6995.408 554.290
f 2231 2230 1414
f 2231 2225 2230
f 2231 2229 2225
v 7575.895 -6995.408 551.477
v 7576.338 -6995.066 552.528
f 2232 1414 2233
f 2232 2231 1414
v 7589.192 -6991.635 553.757
v 7590.341 -6989.626 555.868
f 2234 1422 2235
f 2234 2235 1428
f 2234 1423 1422
f 2234 1428 1423
v 7580.012 -6995.066 550.898
f 2236 1419 1420
f 2236 2232 2233
v 7580.872 -6995.315 549.595
f 2236 1420 2237
f 2236 2233 1419
v 7579.866 -6995.861 547.508
f 2236 2237 2238
v 7583.622 -6995.066 549.131
f 2239 2237 1420
f 2239 1420 1421
f 2239 1421 1424
v 7583.102 -6995.408 548.117
f 2240 2239 1424
f 2240 2237 2239
f 2240 2238 2237
v 7590.037 -6995.408 544.227
f 2241 2240 1424
v 7590.631 -6995.066 545.200
f 2241 1424 2242
v 7603.525 -6991.635 544.500
f 2243 1433 1432
v 7604.976 -6989.626 546.416
f 2243 2244 1438
f 2243 1432 2244
f 2243 1438 1433
v 7594.021 -6995.066 543.041
f 2245 2242 1429
f 2245 1429 1430
v 7594.677 -6995.315 541.625
f 2245 1430 2246
v 7593.372 -6995.861 539.711
f 2245 2246 2247
f 2245 2241 2242
v 7597.327 -6995.066 540.756
f 2248 1430 1431
f 2248 2246 1430
f 2248 1431 1434
v 7596.662 -6995.408 539.830
f 2249 2248 1434
f 2249 2246 2248
f 2249 2247 2246
v 7602.940 -6995.408 534.951
f 2250 2249 1434
v 7603.673 -6995.066 535.824
f 2250 1434 2251
v 7616.318 -6991.635 533.210
f 2252 1445 1443
v 7618.038 -6989.626 534.888
f 2252 2253 1445
f 2252 1442 2253
f 2252 1443 1442
v 7606.703 -6995.066 533.184
f 2254 2251 1439
f 2254 2250 2251
v 7607.140 -6995.315 531.686
v 7605.565 -6995.861 529.987
f 2254 2255 2256
f 2254 1440 2255
f 2254 1439 1440
v 7609.632 -6995.066 530.432
f 2257 1440 1441
f 2257 2255 1440
f 2257 1441 1444
v 7608.836 -6995.408 529.616
f 2258 2256 2255
f 2258 2257 1444
f 2258 2255 2257
v 7614.316 -6995.408 523.855
f 2259 2258 1444
f 2259 1444 1449
v 7537.324 -6950.206 562.939
v 7534.595 -6950.084 562.684
v 7534.595 -6949.660 561.585
f 2260 2261 2262
v 7534.595 -6950.561 563.761
f 2260 2263 2261
v 7617.773 -6995.066 521.546
f 2264 2259 1449
v 7617.983 -6995.315 520.000
v 7616.172 -6995.861 518.556
f 2264 2265 2266
f 2264 1449 1450
f 2264 1450 2265
v 7537.337 -6950.445 563.477
f 2267 2263 2260
v 7537.351 -6950.697 564.009
f 2268 1459 1454
f 2268 2263 2267
f 2268 1457 2263
f 2268 1454 1457
v 7619.444 -6995.066 519.452
f 2269 2266 2265
f 2269 2265 1450
f 2269 1450 1453
v 7630.491 -6991.635 515.437
v 7632.510 -6989.626 516.741
f 2270 1452 2271
f 2270 2271 1464
f 2270 1465 1452
f 2270 1464 1465
v 7621.851 -6995.066 516.233
f 2272 2269 1453
v 7620.925 -6995.408 515.567
f 2273 2266 2269
f 2273 2269 2272
f 2273 2272 1466
v 7540.353 -6953.953 568.879
f 2274 1475 1476
f 2274 1459 1475
f 2274 1476 1482
v 7537.480 -6954.132 569.196
f 2274 2275 1455
v 7537.491 -6954.524 569.636
f 2274 1482 2276
f 2274 2276 2275
f 2274 1455 1459
v 7549.486 -6949.980 561.406
f 2277 1468 1467
v 7550.704 -6949.660 560.378
f 2277 2278 1468
v 7545.495 -6950.206 562.429
f 2277 1467 2279
v 7553.254 -6949.444 559.322
v 7550.368 -6948.976 558.149
f 2280 2278 2281
v 7626.295 -6995.066 509.537
f 2282 1466 1460
v 7626.963 -6995.315 506.829
f 2282 1463 2283
f 2282 1460 1463
v 7553.447 -6949.837 560.415
f 2284 1486 1468
f 2284 2278 2280
f 2284 1468 2278
v 7636.182 -6991.635 505.581
v 7638.320 -6989.626 506.677
f 2285 2286 1485
f 2285 1483 1471
f 2285 1471 2286
f 2285 1485 1483
v 7625.322 -6995.408 508.942
f 2287 2273 1466
f 2287 2282 2283
v 7624.957 -6995.861 505.671
f 2287 2283 2288
f 2287 1466 2282
v 7628.974 -6995.066 504.896
f 2289 1463 1470
f 2289 1470 1484
f 2289 2283 1463
v 7627.973 -6995.408 504.351
f 2290 2289 1484
f 2290 2283 2289
f 2290 2288 2283
v 7565.299 -6949.837 557.632
f 2291 1495 1494
v 7565.789 -6948.976 554.630
f 2291 2292 1501
f 2291 1501 1495
v 7561.384 -6949.837 558.707
f 2291 1494 2293
v 7561.110 -6949.444 557.631
f 2291 2293 2294
v 7567.297 -6949.195 555.007
f 2295 1500 1501
f 2295 1501 2292
v 7565.108 -6948.517 552.422
f 2295 2292 2296
v 7631.512 -6995.408 497.231
f 2297 2290 1484
f 2297 1484 1492
v 7571.069 -6949.195 553.713
v 7570.679 -6948.897 552.642
f 2298 2295 2299
f 2298 1500 2295
f 2298 2299 1523
v 7634.135 -6995.066 494.006
f 2300 2297 1492
f 2300 1492 1493
v 7633.879 -6995.315 492.466
v 7631.723 -6995.861 491.620
f 2300 2301 2302
f 2300 1493 2301
v 7635.114 -6995.066 491.512
f 2303 1493 1502
f 2303 2302 2301
f 2303 2301 1493
v 7644.487 -6991.635 484.419
f 2304 1514 1499
v 7646.800 -6989.626 485.070
f 2304 1499 2305
f 2304 2305 1515
f 2304 1515 1514
v 7577.987 -6948.897 549.669
v 7579.511 -6948.517 546.770
v 7580.513 -6948.976 548.851
f 2306 2307 2308
f 2306 1523 2299
v 7636.465 -6995.066 487.727
f 2309 2303 1502
v 7578.456 -6949.195 550.707
f 2310 1523 2306
f 2310 2306 2308
f 2310 1519 1523
f 2310 1525 1519
f 2310 2308 1525
v 7635.384 -6995.408 487.364
f 2311 2309 1513
f 2311 2303 2309
v 7578.646 -6952.351 558.001
v 7579.603 -6954.254 560.272
f 2312 2313 1504
f 2312 1521 2313
f 2312 1504 1522
f 2312 1522 1521
v 7582.807 -6949.747 550.502
f 2314 1528 1524
f 2314 1525 2308
f 2314 1524 1525
v 7585.053 -6948.897 546.157
f 2315 2314 2308
v 7638.738 -6995.066 480.018
v 7638.578 -6995.315 477.234
f 2316 1518 2317
f 2316 1512 1518
f 2316 1513 1512
v 7647.020 -6991.635 473.324
v 7649.386 -6989.626 473.741
f 2318 1527 2319
f 2318 1530 1527
f 2318 2319 1533
f 2318 1533 1530
v 7585.598 -6949.195 547.158
f 2320 2314 2315
f 2320 2315 1544
v 7637.633 -6995.408 479.737
f 2321 1513 2316
f 2321 2316 2317
f 2321 2311 1513
v 7636.320 -6995.861 476.718
f 2321 2317 2322
v 7639.930 -6995.066 474.794
f 2323 2317 1518
f 2323 1518 1526
f 2323 1526 1531
v 7638.813 -6995.408 474.568
f 2324 2317 2323
f 2324 2323 1531
f 2324 2322 2317
v 7591.836 -6948.897 542.127
v 7592.910 -6948.517 539.034
v 7594.212 -6948.976 540.942
f 2325 2326 2327
f 2325 1544 2315
v 7592.454 -6949.195 543.084
f 2328 1544 2325
f 2328 2325 2327
f 2328 1543 1538
f 2328 1538 1544
f 2328 2327 1543
v 7593.729 -6952.351 550.269
f 2329 1542 1541
v 7595.014 -6954.254 552.371
f 2329 1541 2330
f 2329 2330 1529
f 2329 1529 1542
v 7640.096 -6995.408 466.721
f 2331 2324 1531
v 7641.227 -6995.066 466.863
f 2331 1531 2332
v 7598.987 -6949.195 538.510
v 7598.299 -6948.897 537.602
f 2333 2334 1562
f 2333 2327 2334
f 2333 1543 2327
f 2333 1547 1543
v 7641.652 -6995.066 462.866
v 7640.954 -6995.315 461.471
v 7638.644 -6995.861 461.297
f 2335 2336 2337
f 2335 2331 2332
f 2335 2332 1536
f 2335 1537 2336
f 2335 1536 1537
v 7641.852 -6995.066 460.194
f 2338 1537 1548
f 2338 2337 2336
f 2338 2336 1537
v 7648.719 -6991.635 450.654
f 2339 1553 1546
v 7651.121 -6989.626 450.594
f 2339 2340 1557
f 2339 1557 1553
f 2339 1546 2340
v 7604.406 -6948.897 532.606
f 2341 1562 2334
v 7605.007 -6948.517 529.387
v 7606.578 -6948.976 531.080
f 2341 2342 2343
v 7642.028 -6995.066 456.179
f 2344 2338 1548
v 7605.160 -6949.195 533.460
f 2345 1562 2341
f 2345 1558 1562
f 2345 1559 1558
f 2345 2343 1559
f 2345 2341 2343
v 7640.888 -6995.408 456.151
f 2346 2338 2344
f 2346 2344 1552
v 7608.100 -6949.195 530.766
f 2347 1559 2343
f 2347 1567 1559
f 2347 2343 2342
v 7607.491 -6952.351 540.374
f 2348 1550 1561
v 7609.075 -6954.254 542.262
f 2348 2349 1550
f 2348 1561 1563
f 2348 1563 2349
v 7641.928 -6995.066 448.143
f 2350 1551 1555
f 2350 1552 1551
v 7640.954 -6995.315 445.529
f 2350 1555 2351
v 7610.938 -6949.195 527.963
v 7610.122 -6948.897 527.168
f 2352 2353 1582
f 2352 2347 2353
f 2352 1567 2347
v 7640.789 -6995.408 448.200
f 2354 1552 2350
f 2354 2346 1552
f 2354 2350 2351
v 7638.644 -6995.861 445.703
f 2354 2351 2355
v 7641.652 -6995.066 444.134
f 2356 2355 2351
f 2356 1555 1568
f 2356 2351 1555
v 7647.020 -6991.635 433.676
f 2357 1573 1572
v 7649.386 -6989.626 433.259
f 2357 2358 1573
f 2357 1566 2358
f 2357 1572 1566
v 7615.416 -6948.897 521.317
f 2359 1582 2353
v 7615.531 -6948.517 518.045
v 7617.337 -6948.976 519.485
f 2359 2360 2361
v 7641.227 -6995.066 440.137
f 2362 2356 1568
v 7616.289 -6949.195 522.050
f 2363 2361 1584
f 2363 1582 2359
f 2363 2359 2361
f 2363 1578 1582
f 2363 1584 1578
v 7640.096 -6995.408 440.279
f 2364 2355 2356
f 2364 2356 2362
f 2364 2362 1576
v 7619.624 -6952.351 528.539
f 2365 1570 1581
v 7621.472 -6954.254 530.170
f 2365 1580 2366
f 2365 1581 1580
f 2365 2366 1570
v 7620.120 -6949.747 519.977
f 2367 1583 1584
f 2367 1588 1583
v 7639.930 -6995.066 432.206
v 7638.578 -6995.315 429.766
f 2368 1575 2369
f 2368 1571 1575
f 2368 1576 1571
v 7638.813 -6995.408 432.432
v 7636.320 -6995.861 430.282
f 2370 2369 2371
f 2370 2364 1576
f 2370 2368 2369
f 2370 1576 2368
v 7639.060 -6995.066 428.282
f 2372 2371 2369
f 2372 2369 1575
f 2372 1575 1587
v 7642.809 -6991.635 417.142
v 7645.087 -6989.626 416.376
f 2373 2374 1591
f 2373 1591 1595
f 2373 1595 1586
f 2373 1586 2374
v 7624.621 -6948.897 508.514
v 7624.247 -6948.517 505.261
v 7626.247 -6948.976 506.416
f 2375 2376 2377
v 7638.044 -6995.066 424.394
f 2378 2372 1587
v 7625.594 -6949.195 509.108
f 2379 1598 1597
f 2379 2377 1598
f 2379 2375 2377
f 2379 1597 1603
v 7636.947 -6995.408 424.703
f 2380 2372 2378
f 2380 2378 1596
v 7627.609 -6949.195 505.667
f 2381 1606 1598
f 2381 2377 2376
f 2381 1598 2377
v 7629.859 -6952.351 515.028
v 7631.929 -6954.254 516.365
f 2382 1601 2383
f 2382 1602 1601
f 2382 1589 1602
f 2382 2383 1589
v 7635.580 -6995.066 416.744
v 7633.879 -6995.315 414.534
f 2384 1594 2385
f 2384 1590 1594
f 2384 1596 1590
v 7638.652 -6991.635 406.548
v 7640.842 -6989.626 405.559
f 2386 1605 2387
f 2386 1611 1609
f 2386 2387 1611
f 2386 1609 1605
v 7629.495 -6949.195 502.152
v 7628.481 -6948.897 501.633
f 2388 2389 1623
f 2388 1606 2381
f 2388 2381 2389
v 7634.509 -6995.408 417.134
v 7631.723 -6995.861 415.380
f 2390 2385 2391
f 2390 2384 2385
f 2390 2380 1596
f 2390 1596 2384
v 7633.622 -6995.066 411.756
f 2392 2385 1594
f 2392 1594 1604
f 2392 1604 1610
v 7632.572 -6995.408 412.199
f 2393 2391 2385
f 2393 2385 2392
f 2393 2392 1610
v 7631.815 -6948.897 494.482
f 2394 1623 2389
v 7630.960 -6948.517 491.321
v 7633.110 -6948.976 492.165
f 2394 2395 2396
v 7632.865 -6949.195 494.924
f 2397 1617 1623
f 2397 1620 1617
f 2397 2396 1620
f 2397 2394 2396
f 2397 1623 2394
v 7633.737 -6948.897 489.585
f 2398 2396 2395
v 7637.965 -6952.351 500.143
v 7640.211 -6954.254 501.156
f 2399 2400 1608
f 2399 1622 1621
f 2399 1621 2400
f 2399 1608 1622
v 7634.808 -6949.195 489.975
f 2401 1626 1620
f 2401 2398 1631
f 2401 1620 2396
f 2401 1631 1626
f 2401 2396 2398
v 7629.211 -6995.408 404.993
f 2402 1610 1615
f 2402 2393 1610
v 7630.491 -6991.635 391.563
f 2403 1628 1625
v 7632.510 -6989.626 390.259
f 2403 1625 2404
f 2403 1633 1628
f 2403 2404 1633
v 7628.326 -6995.066 400.931
v 7626.963 -6995.315 400.171
v 7624.957 -6995.861 401.329
f 2405 2406 2407
f 2405 1616 2406
f 2405 2402 1615
f 2405 1615 1616
v 7636.156 -6948.897 482.075
f 2408 1631 2398
v 7626.295 -6995.066 397.463
f 2409 1624 1629
f 2409 1616 1624
f 2409 2406 1616
v 7637.253 -6949.195 482.384
f 2410 1631 2408
v 7625.322 -6995.408 398.058
f 2411 2406 2409
f 2411 2409 1629
f 2411 2407 2406
v 7642.096 -6952.351 489.618
f 2412 1627 1630
f 2412 1630 1643
v 7644.431 -6954.254 490.403
f 2412 1643 2413
f 2412 2413 1627
v 7638.262 -6949.195 478.525
f 2414 1636 2410
f 2414 2410 2408
f 2414 1637 1636
v 7635.521 -6948.517 476.536
v 7637.773 -6948.976 477.050
f 2414 2415 2416
f 2414 2416 1637
v 7620.925 -6995.408 391.433
f 2417 2411 1629
v 7621.851 -6995.066 390.767
f 2417 1629 2418
v 7620.189 -6991.635 377.962
v 7621.991 -6989.626 376.372
f 2419 1645 2420
f 2419 1651 1648
f 2419 1648 1645
f 2419 2420 1651
v 7619.444 -6995.066 387.548
v 7617.983 -6995.315 387.000
f 2421 1640 2422
f 2421 2418 1639
f 2421 1639 1640
f 2421 2417 2418
v 7616.172 -6995.861 388.444
f 2421 2422 2423
v 7616.919 -6995.066 384.422
f 2424 2422 1640
f 2424 1640 1644
f 2424 1644 1650
v 7616.045 -6995.408 385.155
f 2425 2424 1650
f 2425 2422 2424
f 2425 2423 2422
v 7646.278 -6952.351 473.193
f 2426 1652 1663
v 7648.705 -6954.254 473.621
f 2426 1663 2427
f 2426 2427 1647
f 2426 1647 1652
v 7640.833 -6949.195 462.795
v 7640.412 -6949.195 466.761
v 7639.281 -6948.897 466.619
f 2428 2429 2430
f 2428 1656 2429
v 7640.130 -6948.976 461.409
f 2428 2431 1657
v 7637.827 -6948.517 461.236
f 2428 2432 2431
f 2428 1657 1656
v 7641.032 -6949.195 460.143
f 2433 1657 2431
f 2433 1666 1657
f 2433 2431 2432
v 7610.710 -6995.408 379.259
f 2434 2425 1650
f 2434 1650 1659
v 7641.206 -6949.195 456.159
v 7640.067 -6948.897 456.130
f 2435 2433 2436
f 2435 1666 2433
f 2435 2436 1683
v 7608.667 -6995.066 375.639
v 7607.140 -6995.315 375.314
f 2437 1660 2438
f 2437 1659 1660
f 2437 2434 1659
v 7605.565 -6995.861 377.013
f 2437 2438 2439
v 7606.703 -6995.066 373.816
f 2440 2438 1660
f 2440 1660 1667
f 2440 2439 2438
v 7603.525 -6991.635 362.500
f 2441 1675 1674
v 7604.976 -6989.626 360.584
f 2441 2442 1675
f 2441 1665 2442
f 2441 1674 1665
v 7639.969 -6948.897 448.241
f 2443 1683 2436
v 7637.827 -6948.517 445.764
v 7640.130 -6948.976 445.591
f 2443 2444 2445
v 7603.673 -6995.066 371.176
f 2446 2440 1667
v 7641.107 -6949.195 448.184
f 2447 2445 1682
f 2447 2443 2445
f 2447 1683 2443
f 2447 1682 1677
f 2447 1677 1683
v 7602.940 -6995.408 372.049
f 2448 2440 2446
f 2448 2446 1676
v 7639.575 -6948.897 442.995
f 2449 2445 2444
v 7647.966 -6952.351 450.673
f 2450 1679 1678
v 7650.429 -6954.254 450.611
f 2450 2451 1669
f 2450 1678 2451
f 2450 1669 1679
v 7640.709 -6949.195 442.882
f 2452 1691 1686
f 2452 1686 1682
f 2452 2449 1691
f 2452 1682 2445
f 2452 2445 2449
v 7597.327 -6995.066 366.244
f 2453 1676 1670
f 2453 1670 1673
v 7594.677 -6995.315 365.375
f 2453 1673 2454
v 7594.121 -6991.635 356.089
v 7595.374 -6989.626 354.038
f 2455 1685 2456
f 2455 1695 1688
f 2455 2456 1695
f 2455 1688 1685
v 7596.662 -6995.408 367.170
f 2457 1676 2453
v 7593.372 -6995.861 367.289
f 2457 2454 2458
f 2457 2453 2454
f 2457 2448 1676
v 7638.497 -6948.897 435.179
f 2459 1691 2449
v 7592.900 -6995.066 363.225
f 2460 1684 1689
f 2460 2454 1673
f 2460 1673 1684
v 7639.619 -6949.195 434.981
f 2461 1691 2459
v 7592.282 -6995.408 364.183
f 2462 2454 2460
f 2462 2458 2454
f 2462 2460 1689
v 7647.121 -6952.351 439.399
f 2463 1687 1690
f 2463 1690 1703
v 7649.566 -6954.254 439.092
f 2463 2464 1687
f 2463 1703 2464
v 7638.853 -6949.195 431.067
f 2465 1697 1696
f 2465 1696 2461
v 7637.773 -6948.976 429.950
f 2465 2466 1697
f 2465 2461 2459
v 7635.521 -6948.517 430.464
f 2465 2467 2466
v 7638.262 -6949.195 428.475
f 2468 1706 1697
f 2468 1697 2466
f 2468 2466 2467
v 7585.446 -6995.408 360.122
f 2469 2462 1689
v 7585.991 -6995.066 359.121
f 2469 1689 2470
v 7637.253 -6949.195 424.616
v 7636.156 -6948.897 424.925
f 2471 2472 1722
f 2471 1706 2468
f 2471 2468 2472
v 7582.426 -6995.066 357.265
v 7580.872 -6995.315 357.405
f 2473 1700 2474
f 2473 1699 1700
f 2473 2469 2470
f 2473 2470 1699
v 7579.866 -6995.861 359.492
f 2473 2474 2475
v 7580.012 -6995.066 356.102
f 2476 2474 1700
f 2476 2475 2474
f 2476 1700 1707
v 7573.639 -6991.635 346.225
v 7574.461 -6989.626 343.967
f 2477 1705 2478
f 2477 1712 1711
f 2477 1711 1705
f 2477 2478 1712
v 7633.737 -6948.897 417.415
f 2479 1722 2472
v 7630.960 -6948.517 415.679
v 7633.110 -6948.976 414.835
f 2479 2480 2481
v 7576.338 -6995.066 354.472
f 2482 2476 1707
v 7634.808 -6949.195 417.025
f 2483 1717 1722
f 2483 2479 2481
f 2483 1723 1717
f 2483 1722 2479
f 2483 2481 1723
v 7575.895 -6995.408 355.523
f 2484 2476 2482
f 2484 2482 1716
v 7633.374 -6949.195 413.304
f 2485 2481 2480
f 2485 1726 1723
f 2485 1723 2481
v 7642.096 -6952.351 417.382
v 7644.431 -6954.254 416.597
f 2486 2487 1709
f 2486 1721 1719
f 2486 1709 1721
f 2486 1719 2487
v 7568.821 -6995.066 351.630
v 7566.032 -6995.315 351.581
f 2488 1715 2489
f 2488 1710 1715
f 2488 1716 1710
v 7562.764 -6991.635 342.871
f 2490 1729 1725
v 7563.357 -6989.626 340.542
f 2490 2491 1734
f 2490 1725 2491
f 2490 1734 1729
v 7631.802 -6949.195 409.638
v 7630.763 -6948.897 410.107
f 2492 2485 2493
f 2492 1726 2485
f 2492 2493 1743
v 7568.458 -6995.408 352.710
f 2494 1716 2488
v 7565.350 -6995.861 353.794
f 2494 2489 2495
f 2494 2488 2489
f 2494 2484 1716
v 7563.701 -6995.066 350.050
f 2496 2489 1715
f 2496 1724 1730
f 2496 1715 1724
v 7563.392 -6995.408 351.148
f 2497 2496 1730
f 2497 2495 2489
f 2497 2489 2496
v 7627.251 -6948.897 403.042
v 7624.247 -6948.517 401.739
v 7626.247 -6948.976 400.584
f 2498 2499 2500
f 2498 1743 2493
v 7628.252 -6949.195 402.497
f 2501 1740 1737
f 2501 2500 1740
f 2501 2498 2500
f 2501 1737 1743
f 2501 1743 2498
v 7635.512 -6952.351 401.763
f 2502 1728 1742
v 7637.704 -6954.254 400.639
f 2502 2503 1728
f 2502 1739 2503
f 2502 1742 1739
v 7625.594 -6949.195 397.892
f 2504 1740 2500
f 2504 1746 1740
f 2504 1750 1746
v 7555.663 -6995.408 349.282
v 7555.889 -6995.066 348.164
f 2505 1730 2506
f 2505 2497 1730
v 7551.935 -6995.066 347.442
f 2507 2506 1735
f 2507 1735 1736
v 7550.491 -6995.315 348.034
f 2507 1736 2508
v 7550.146 -6995.861 350.324
f 2507 2508 2509
f 2507 2505 2506
v 7549.286 -6995.066 347.042
f 2510 1736 1748
f 2510 2508 1736
f 2510 2509 2508
v 7620.258 -6948.897 391.912
f 2511 1750 2504
v 7540.285 -6991.635 339.482
v 7540.405 -6989.626 337.082
f 2512 2513 1757
f 2512 1757 1756
f 2512 1756 1745
f 2512 1745 2513
v 7621.183 -6949.195 391.247
f 2514 1750 2511
v 7545.295 -6995.066 346.568
f 2515 2510 1748
v 7629.859 -6952.351 391.972
f 2516 1747 1749
v 7631.929 -6954.254 390.635
f 2516 2517 1747
f 2516 1763 2517
f 2516 1749 1763
v 7545.181 -6995.408 347.702
f 2518 2509 2510
f 2518 2515 1755
f 2518 2510 2515
v 7618.795 -6949.195 388.053
v 7617.337 -6948.976 387.515
f 2519 2520 1752
f 2519 1751 2514
f 2519 2514 2511
v 7615.531 -6948.517 388.955
f 2519 2521 2520
f 2519 1752 1751
v 7617.137 -6949.195 385.974
f 2522 1752 2520
f 2522 2520 2521
f 2522 1766 1752
v 7537.274 -6995.066 346.067
f 2523 1755 1754
f 2523 1754 1760
v 7534.595 -6995.315 346.842
f 2523 1760 2524
v 7528.904 -6991.635 339.482
f 2525 1771 1769
v 7528.784 -6989.626 337.082
f 2525 2526 1771
f 2525 1765 2526
f 2525 1769 1765
v 7614.555 -6949.195 382.935
v 7613.700 -6948.897 383.689
f 2527 2522 2528
f 2527 1766 2522
f 2527 2528 1782
v 7537.245 -6995.408 347.207
f 2529 1755 2523
v 7534.595 -6995.861 349.159
f 2529 2524 2530
f 2529 2523 2524
f 2529 2518 1755
v 7531.915 -6995.066 346.067
f 2531 2524 1760
f 2531 1764 1770
f 2531 1760 1764
v 7531.944 -6995.408 347.207
f 2532 2530 2524
f 2532 2531 1770
f 2532 2524 2531
v 7608.262 -6948.897 377.972
v 7605.007 -6948.517 377.613
v 7606.578 -6948.976 375.920
f 2533 2534 2535
f 2533 1782 2528
v 7609.058 -6949.195 377.157
f 2536 2535 1783
f 2536 1777 1782
f 2536 1783 1777
f 2536 1782 2533
f 2536 2533 2535
v 7604.406 -6948.897 374.394
f 2537 2535 2534
v 7615.778 -6952.351 374.316
f 2538 1768 1781
v 7617.542 -6954.254 372.595
f 2538 2539 1768
f 2538 1781 1779
f 2538 1779 2539
v 7605.160 -6949.195 373.540
f 2540 1783 2535
f 2540 1796 1793
f 2540 2535 2537
f 2540 2537 1796
f 2540 1793 1783
v 7524.008 -6995.408 347.702
f 2541 2532 1770
f 2541 1770 1775
v 7519.904 -6995.066 347.042
v 7518.698 -6995.315 348.034
f 2542 1776 2543
f 2542 1775 1776
f 2542 2541 1775
v 7519.043 -6995.861 350.324
f 2542 2543 2544
v 7598.299 -6948.897 369.398
f 2545 1796 2537
v 7598.987 -6949.195 368.490
f 2546 1796 2545
v 7607.491 -6952.351 366.626
v 7609.075 -6954.254 364.738
f 2547 1807 2548
f 2547 1795 1807
f 2547 1794 1795
f 2547 2548 1794
v 7595.763 -6949.195 366.142
f 2549 1803 1802
v 7594.212 -6948.976 366.058
f 2549 2550 1803
v 7592.910 -6948.517 367.966
f 2549 2551 2550
f 2549 1802 2546
f 2549 2546 2545
v 7592.454 -6949.195 363.916
f 2552 1803 2550
f 2552 1810 1803
f 2552 1815 1810
v 7503.751 -6994.362 348.593
f 2553 1797 1801
f 2553 1801 1813
v 7503.157 -6995.315 351.581
f 2553 1813 2554
v 7501.641 -6995.066 351.211
v 7503.839 -6995.861 353.794
f 2555 2556 2554
f 2555 1813 1812
f 2555 2554 1813
v 7585.053 -6948.897 360.843
f 2557 1815 2552
v 7490.251 -6991.635 348.305
f 2558 1821 1820
v 7489.318 -6989.626 346.090
f 2558 2559 1821
f 2558 1820 1809
f 2558 1809 2559
v 7585.598 -6949.195 359.842
f 2560 1815 2557
v 7497.839 -6995.066 352.515
f 2561 2555 1812
v 7593.729 -6952.351 356.731
v 7595.014 -6954.254 354.629
f 2562 2563 1811
f 2562 1811 1814
f 2562 1828 2563
f 2562 1814 1828
v 7498.229 -6995.408 353.586
f 2564 2555 2561
f 2564 2561 1825
f 2564 2556 2555
v 7582.060 -6949.195 358.001
v 7579.511 -6948.517 360.230
v 7580.513 -6948.976 358.149
f 2565 2566 2567
f 2565 2567 1817
f 2565 1817 1816
f 2565 2560 2557
f 2565 1816 2560
v 7579.665 -6949.195 356.847
f 2568 2567 2566
f 2568 1831 1817
f 2568 1817 2567
v 7490.395 -6995.066 355.544
f 2569 1819 1824
v 7488.318 -6995.315 357.405
f 2569 1824 2570
f 2569 1825 1819
v 7479.997 -6991.635 353.243
v 7478.848 -6989.626 351.132
f 2571 1830 2572
f 2571 1834 1830
f 2571 2572 1836
f 2571 1836 1834
v 7576.019 -6949.195 355.229
f 2573 1831 2568
v 7575.576 -6948.897 356.280
f 2573 2574 1846
f 2573 2568 2574
v 7490.864 -6995.408 356.583
f 2575 2564 1825
f 2575 2569 2570
v 7489.323 -6995.861 359.492
f 2575 2570 2576
f 2575 1825 2569
v 7485.567 -6995.066 357.869
f 2577 1829 1835
f 2577 1824 1829
f 2577 2570 1824
v 7486.087 -6995.408 358.883
f 2578 2577 1835
f 2578 2570 2577
f 2578 2576 2570
v 7568.197 -6948.897 353.489
f 2579 1846 2574
v 7565.108 -6948.517 354.578
v 7565.789 -6948.976 352.370
f 2579 2580 2581
v 7568.559 -6949.195 352.409
f 2582 1846 2579
f 2582 1847 1842
f 2582 1842 1846
f 2582 2579 2581
f 2582 2581 1847
v 7573.382 -6952.351 346.933
f 2583 1833 1845
f 2583 1845 1844
v 7574.225 -6954.254 344.617
f 2583 2584 1833
f 2583 1844 2584
v 7479.152 -6995.408 362.773
f 2585 1835 1840
f 2585 2578 1835
v 7565.231 -6949.747 349.599
f 2586 1848 1847
f 2586 1847 2581
f 2586 1851 1848
v 7465.665 -6991.635 362.500
v 7464.214 -6989.626 360.584
f 2587 2588 1855
f 2587 1853 1850
f 2587 1850 2588
f 2587 1855 1853
v 7475.168 -6995.066 363.959
f 2589 1840 1841
f 2589 2585 1840
v 7474.512 -6995.315 365.375
v 7475.817 -6995.861 367.289
f 2589 2590 2591
f 2589 1841 2590
v 7471.862 -6995.066 366.244
f 2592 1849 1854
f 2592 2590 1841
f 2592 1841 1849
v 7472.527 -6995.408 367.170
f 2593 2592 1854
f 2593 2591 2590
f 2593 2590 2592
v 7552.915 -6948.897 349.598
v 7550.024 -6948.517 351.135
v 7550.368 -6948.976 348.851
f 2594 2595 2596
v 7553.113 -6949.195 348.475
f 2597 1866 1861
f 2597 2596 1866
f 2597 2594 2596
f 2597 1861 1863
v 7557.066 -6952.351 342.342
f 2598 1852 1862
f 2598 1862 1864
v 7557.554 -6954.254 339.927
f 2598 1864 2599
f 2598 2599 1852
v 7466.249 -6995.408 372.049
f 2600 2593 1854
f 2600 1854 1859
v 7547.956 -6949.444 346.880
f 2601 1866 2596
v 7548.094 -6949.837 345.778
f 2602 1867 1866
f 2602 1872 1867
f 2602 1866 2601
v 7452.872 -6991.635 373.790
v 7451.151 -6989.626 372.112
f 2603 1869 2604
f 2603 2604 1876
f 2603 1870 1869
f 2603 1876 1870
v 7462.487 -6995.066 373.816
f 2605 2600 1859
f 2605 1859 1860
v 7462.049 -6995.315 375.314
v 7463.625 -6995.861 377.013
f 2605 2606 2607
f 2605 1860 2606
v 7459.558 -6995.066 376.568
f 2608 1868 1871
f 2608 1860 1868
f 2608 2606 1860
v 7460.354 -6995.408 377.384
f 2609 2606 2608
f 2609 2608 1871
f 2609 2607 2606
v 7535.948 -6949.837 344.944
v 7534.595 -6948.976 347.668
v 7534.595 -6949.660 345.415
f 2610 2611 2612
f 2610 2612 1882
v 7540.006 -6949.837 345.071
v 7539.951 -6949.444 346.180
f 2610 2613 2614
f 2610 1881 2613
f 2610 1882 1881
v 7454.873 -6995.408 383.145
v 7454.018 -6995.066 382.391
f 2615 1871 2616
f 2615 2609 1871
v 7533.244 -6949.747 345.185
f 2617 2612 2611
f 2617 1882 2612
f 2617 1887 1882
v 7441.904 -6991.635 386.860
v 7439.953 -6989.626 385.457
f 2618 2619 1898
f 2618 1896 1886
f 2618 1886 2619
f 2618 1898 1896
v 7451.416 -6995.066 385.454
f 2620 2616 1879
v 7451.206 -6995.315 387.000
f 2620 1880 2621
f 2620 1879 1880
v 7453.017 -6995.861 388.444
f 2620 2621 2622
f 2620 2615 2616
v 7448.930 -6995.066 388.611
f 2623 2621 1880
f 2623 1880 1885
f 2623 1885 1897
v 7449.838 -6995.408 389.300
f 2624 2621 2623
f 2624 2623 1897
f 2624 2622 2621
v 7521.476 -6948.897 348.814
v 7519.166 -6948.517 351.135
v 7518.821 -6948.976 348.851
f 2625 2626 2627
v 7521.334 -6949.195 347.683
f 2628 1909 1904
f 2628 1904 1910
f 2628 2627 1909
f 2628 2625 2627
v 7517.387 -6949.195 348.253
f 2629 1909 2627
f 2629 1920 1909
f 2629 2627 2626
v 7523.303 -6952.351 340.657
v 7523.058 -6954.254 338.205
f 2630 1907 2631
f 2630 2631 1888
f 2630 1908 1907
f 2630 1888 1908
v 7445.278 -6995.408 395.813
f 2632 2624 1897
f 2632 1897 1902
v 7432.425 -6990.956 400.617
f 2633 1911 1917
f 2633 1918 1911
f 2633 1923 1924
v 7433.248 -6990.499 397.900
f 2633 1924 2634
f 2633 1917 1928
f 2633 1928 1923
f 2633 2634 1918
v 7513.463 -6949.195 348.970
v 7513.689 -6948.897 350.087
f 2635 2636 1934
f 2635 1920 2629
f 2635 2629 2636
v 7442.203 -6995.066 398.611
v 7442.226 -6995.315 400.171
f 2637 1903 2638
f 2637 2632 1902
v 7444.233 -6995.861 401.329
f 2637 2638 2639
f 2637 1902 1903
v 7438.604 -6994.362 401.129
f 2640 1903 1901
f 2640 1901 1923
v 7439.576 -6994.798 401.660
f 2641 2638 1903
f 2641 1903 2640
v 7506.020 -6948.897 351.938
v 7504.081 -6948.517 354.578
v 7503.400 -6948.976 352.370
f 2642 2643 2644
f 2642 1934 2636
v 7505.711 -6949.195 350.841
f 2645 1931 1930
f 2645 2642 2644
f 2645 2644 1931
f 2645 1934 2642
f 2645 1930 1934
v 7506.611 -6952.351 343.601
f 2646 1922 1933
f 2646 1933 1935
v 7506.003 -6954.254 341.213
f 2646 2647 1922
f 2646 1935 2647
v 7500.372 -6949.444 351.641
f 2648 1931 2644
v 7433.344 -6994.362 412.206
f 2649 1929 1940
f 2649 1925 1929
v 7435.310 -6995.315 414.534
f 2649 1940 2650
v 7434.959 -6994.362 408.449
f 2649 2651 1925
v 7435.968 -6994.798 408.905
f 2649 2652 2651
v 7500.018 -6949.837 350.589
f 2653 1932 1931
f 2653 1931 2648
f 2653 1941 1932
v 7434.075 -6995.066 415.488
f 2654 2650 1940
v 7437.466 -6995.861 415.380
f 2654 2655 2650
f 2654 1940 1939
v 7424.702 -6991.635 422.581
v 7422.389 -6989.626 421.930
f 2656 1938 2657
f 2656 1946 1945
f 2656 2657 1946
f 2656 1945 1938
v 7432.724 -6995.066 419.273
f 2658 2654 1939
v 7433.805 -6995.408 419.636
f 2659 2654 2658
f 2659 2658 1947
f 2659 2655 2654
v 7488.713 -6949.837 355.107
v 7492.424 -6949.837 353.460
v 7492.856 -6949.444 354.484
f 2660 2661 2662
f 2660 1951 2661
v 7487.698 -6949.660 356.118
f 2660 2663 1952
v 7488.676 -6948.976 358.149
f 2660 2664 2663
f 2660 1952 1951
v 7486.382 -6949.747 356.498
f 2665 1964 1952
f 2665 1952 2663
f 2665 2663 2664
v 7431.556 -6995.408 427.263
f 2666 2659 1947
v 7430.611 -6995.315 429.766
v 7432.869 -6995.861 430.282
f 2666 2667 2668
f 2666 1947 1948
f 2666 1948 2667
v 7477.353 -6948.897 364.873
v 7476.279 -6948.517 367.966
v 7474.978 -6948.976 366.058
f 2669 2670 2671
v 7476.735 -6949.195 363.916
f 2672 2671 1983
f 2672 2669 2671
f 2672 1978 1982
f 2672 1983 1978
v 7473.426 -6949.195 366.142
f 2673 1983 2671
f 2673 2671 2670
f 2673 1994 1983
v 7475.461 -6952.351 356.731
v 7474.176 -6954.254 354.629
f 2674 1980 2675
f 2674 2675 1965
f 2674 1965 1981
f 2674 1981 1980
v 7419.597 -6990.956 450.184
v 7419.161 -6990.499 447.378
f 2676 2677 1993
f 2676 1997 1998
f 2676 1998 2677
f 2676 1992 2003
f 2676 1985 1992
f 2676 1993 1985
f 2676 2003 1997
v 7425.671 -6994.362 443.885
f 2678 1973 1976
v 7425.990 -6994.542 445.361
f 2678 1976 2679
v 7428.235 -6995.315 445.529
f 2678 2679 2680
v 7470.202 -6949.195 368.490
f 2681 1994 2673
v 7470.890 -6948.897 369.398
f 2681 2682 2009
f 2681 2673 2682
v 7425.387 -6994.362 447.964
f 2683 2679 1976
f 2683 1976 1997
v 7426.494 -6994.798 448.020
f 2684 2679 2683
f 2684 2680 2679
v 7464.783 -6948.897 374.394
v 7464.182 -6948.517 377.613
v 7462.611 -6948.976 375.920
f 2685 2686 2687
f 2685 2009 2682
v 7464.029 -6949.195 373.540
f 2688 2687 2010
f 2688 2685 2687
f 2688 2009 2685
f 2688 2004 2009
f 2688 2010 2004
v 7461.698 -6952.351 366.626
f 2689 1996 2008
v 7460.115 -6954.254 364.738
f 2689 2690 1996
f 2689 2006 2690
f 2689 2008 2006
v 7459.566 -6949.444 376.577
f 2691 2010 2687
v 7425.454 -6994.362 460.227
f 2692 1999 2002
v 7426.386 -6994.798 456.114
v 7425.279 -6994.362 456.141
f 2692 2693 2694
v 7428.235 -6995.315 461.471
f 2692 2013 2695
f 2692 2694 1999
f 2692 2002 2013
v 7458.791 -6949.837 375.782
f 2696 2016 2007
f 2696 2007 2010
f 2696 2010 2691
v 7421.321 -6991.635 467.695
f 2697 2014 2012
v 7418.937 -6989.626 467.994
f 2697 2012 2698
f 2697 2698 2022
f 2697 2022 2014
v 7427.662 -6995.066 464.200
f 2699 2011 2015
f 2699 2695 2013
f 2699 2013 2011
v 7428.797 -6995.408 464.087
v 7430.545 -6995.861 461.297
f 2700 2701 2695
f 2700 2695 2699
f 2700 2699 2015
v 7450.566 -6949.837 384.758
v 7451.852 -6948.976 387.515
v 7450.090 -6949.660 386.110
f 2702 2703 2704
f 2702 2026 2025
f 2702 2704 2026
v 7453.195 -6949.837 381.664
f 2702 2025 2705
v 7454.028 -6949.444 382.399
f 2702 2705 2706
v 7429.884 -6995.408 471.963
v 7428.761 -6995.066 472.161
f 2707 2015 2708
f 2707 2700 2015
v 7448.939 -6949.444 388.619
f 2709 2704 2703
v 7448.054 -6949.837 387.948
f 2710 2704 2709
f 2710 2026 2704
f 2710 2041 2026
v 7424.702 -6991.635 484.419
f 2711 2040 2038
f 2711 2038 2030
v 7422.389 -6989.626 485.070
f 2711 2030 2712
f 2711 2712 2040
v 7429.533 -6995.066 476.106
f 2713 2707 2708
f 2713 2023 2024
f 2713 2708 2023
v 7430.611 -6995.315 477.234
v 7432.869 -6995.861 476.718
f 2713 2714 2715
f 2713 2024 2714
v 7430.451 -6995.066 480.018
f 2716 2024 2029
f 2716 2029 2039
f 2716 2714 2024
v 7431.556 -6995.408 479.737
f 2717 2714 2716
f 2717 2716 2039
f 2717 2715 2714
v 7441.259 -6949.837 398.050
f 2718 2059 2050
v 7443.398 -6949.837 394.599
f 2718 2049 2719
v 7444.330 -6949.444 395.201
f 2718 2719 2720
v 7442.942 -6948.976 400.584
f 2718 2721 2059
f 2718 2050 2049
v 7441.938 -6948.897 403.042
v 7444.942 -6948.517 401.739
f 2722 2721 2723
v 7440.937 -6949.195 402.497
f 2724 2721 2722
f 2724 2058 2059
f 2724 2070 2058
f 2724 2059 2721
f 2724 2722 2070
v 7433.805 -6995.408 487.364
f 2725 2717 2039
f 2725 2039 2047
v 7429.547 -6990.956 500.408
v 7427.936 -6990.499 498.069
f 2726 2727 2052
f 2726 2051 1044
f 2726 1044 1045
f 2726 2060 2061
f 2726 1045 2060
f 2726 2061 2727
f 2726 2052 2051
v 7434.075 -6995.066 491.512
f 2728 2725 2047
f 2728 2047 2048
v 7435.310 -6995.315 492.466
v 7437.466 -6995.861 491.620
f 2728 2729 2730
f 2728 2048 2729
v 7433.800 -6994.362 495.896
f 2731 2046 2060
f 2731 2048 2046
v 7434.821 -6994.798 495.466
f 2732 2048 2731
f 2732 2729 2048
v 7438.426 -6948.897 410.107
f 2733 2070 2722
v 7437.387 -6949.195 409.638
f 2734 2070 2733
v 7433.678 -6952.351 401.763
f 2735 1037 2069
f 2735 1047 1038
f 2735 2069 1047
f 2735 1038 1037
v 7435.815 -6949.195 413.304
f 2736 2074 2073
v 7438.229 -6948.517 415.679
v 7436.079 -6948.976 414.835
f 2736 2737 2738
f 2736 2073 2734
f 2736 2734 2733
f 2736 2738 2074
v 7433.274 -6949.747 415.185
f 2739 2075 2074
f 2739 2080 2075
f 2739 2074 2738
v 7439.181 -6994.362 506.915
f 2740 2071 2072
v 7442.226 -6995.315 506.829
f 2740 2079 2741
f 2740 2072 2079
v 7437.251 -6994.362 503.310
f 2740 2742 2071
v 7438.237 -6994.798 502.805
f 2740 2743 2742
v 7434.583 -6948.897 419.898
f 2744 2739 2738
v 7433.503 -6949.195 419.535
f 2745 2744 2090
f 2745 2739 2744
v 7442.203 -6995.066 508.389
f 2746 2079 2078
v 7444.233 -6995.861 505.671
f 2746 2747 2741
f 2746 2741 2079
v 7441.904 -6991.635 520.140
f 2748 1065 1067
f 2748 1067 1078
f 2748 1078 2085
f 2748 2085 1065
v 7432.352 -6948.897 427.466
f 2749 2090 2744
v 7433.669 -6948.517 430.464
v 7431.416 -6948.976 429.950
f 2749 2750 2751
v 7444.320 -6995.066 511.806
f 2752 2746 2078
v 7431.248 -6949.195 427.185
f 2753 2751 2087
f 2753 2090 2749
f 2753 2086 2090
f 2753 2087 2086
f 2753 2749 2751
v 7445.278 -6995.408 511.187
f 2754 2752 2084
f 2754 2747 2746
f 2754 2746 2752
v 7425.427 -6952.351 422.785
f 2755 1085 1070
f 2755 1070 1068
f 2755 1068 2089
f 2755 2089 1085
v 7429.271 -6949.444 432.208
f 2756 2087 2751
v 7428.183 -6949.837 431.988
f 2757 2094 2088
f 2757 2087 2756
f 2757 2088 2087
v 7449.000 -6991.635 529.038
f 2758 1082 1084
f 2758 1084 1103
f 2758 2092 1082
f 2758 1103 2092
v 7449.838 -6995.408 517.700
v 7451.206 -6995.315 520.000
f 2759 2083 2760
v 7453.017 -6995.861 518.556
f 2759 2760 2761
f 2759 2084 2083
f 2759 2754 2084
v 7452.270 -6995.066 522.578
f 2762 2760 2083
f 2762 2083 2091
f 2762 2091 2093
v 7453.144 -6995.408 521.845
f 2763 2760 2762
f 2763 2762 2093
f 2763 2761 2760
v 7426.443 -6949.837 444.038
v 7426.873 -6949.837 440.001
v 7427.974 -6949.444 440.139
f 2764 2765 2766
f 2764 2100 2099
f 2764 2099 2765
f 2764 2103 2100
v 7429.059 -6948.976 445.591
f 2764 2767 2103
v 7428.157 -6949.195 446.857
v 7431.363 -6948.517 445.764
f 2768 2767 2769
f 2768 2102 2103
f 2768 2103 2767
v 7458.479 -6995.408 527.741
f 2770 2093 2097
f 2770 2763 2093
v 7460.302 -6990.956 541.341
f 2771 1124 1121
f 2771 1150 2105
f 2771 1123 2101
f 2771 1121 1123
f 2771 2101 1147
f 2771 2105 1124
f 2771 1147 1150
v 7427.983 -6949.195 450.841
f 2772 2102 2768
v 7429.122 -6948.897 450.870
f 2772 2773 2112
f 2772 2768 2773
v 7460.522 -6995.066 531.361
f 2774 2097 2098
v 7462.049 -6995.315 531.686
v 7463.625 -6995.861 529.987
f 2774 2775 2776
f 2774 2098 2775
f 2774 2770 2097
v 7462.177 -6994.362 535.430
f 2777 2096 2105
f 2777 2098 2096
v 7462.911 -6994.798 534.600
f 2778 2098 2777
f 2778 2775 2098
v 7429.221 -6948.897 458.759
f 2779 2112 2773
v 7431.363 -6948.517 461.236
v 7429.059 -6948.976 461.409
f 2779 2780 2781
v 7428.082 -6949.195 458.816
f 2782 2781 2114
f 2782 2110 2112
f 2782 2114 2110
f 2782 2779 2781
f 2782 2112 2779
v 7421.224 -6952.351 456.327
f 2783 1153 2111
f 2783 1154 1153
f 2783 2111 1163
f 2783 1163 1154
v 7426.684 -6949.747 462.941
f 2784 2114 2781
f 2784 2118 2113
f 2784 2113 2114
v 7471.806 -6994.362 543.023
v 7468.502 -6994.362 540.613
f 2785 2786 2108
f 2785 2108 2109
v 7474.512 -6995.315 541.625
f 2785 2117 2787
v 7469.172 -6994.798 539.731
f 2785 2788 2786
f 2785 2109 2117
v 7429.908 -6948.897 466.619
f 2789 2784 2781
v 7428.778 -6949.195 466.761
f 2790 2784 2789
f 2790 2789 2128
v 7475.168 -6995.066 543.041
v 7475.817 -6995.861 539.711
f 2791 2792 2787
f 2791 2787 2117
f 2791 2117 2116
v 7479.997 -6991.635 553.757
f 2793 1167 1169
f 2793 1187 2121
f 2793 2121 1167
f 2793 1169 1187
v 7431.181 -6948.897 474.405
v 7433.669 -6948.517 476.536
v 7431.416 -6948.976 477.050
f 2794 2795 2796
f 2794 2128 2789
v 7478.558 -6995.066 545.200
f 2797 2791 2116
v 7430.064 -6949.195 474.631
f 2798 2125 2124
f 2798 2796 2125
f 2798 2124 2128
f 2798 2128 2794
f 2798 2794 2796
v 7479.152 -6995.408 544.227
f 2799 2792 2791
f 2799 2791 2797
f 2799 2797 2123
v 7422.911 -6952.351 473.193
f 2800 1178 1177
f 2800 1177 2127
f 2800 2127 1194
f 2800 1194 1178
v 7429.296 -6949.747 478.919
f 2801 2126 2125
f 2801 2125 2796
f 2801 2130 2126
v 7490.251 -6991.635 558.695
f 2802 1193 1205
f 2802 1191 1193
f 2802 2131 1191
f 2802 1205 2131
v 7486.087 -6995.408 548.117
v 7488.318 -6995.315 549.595
f 2803 2122 2804
v 7489.323 -6995.861 547.508
f 2803 2804 2805
f 2803 2123 2122
f 2803 2799 2123
v 7490.395 -6995.066 551.456
f 2806 2804 2122
f 2806 2129 2132
f 2806 2122 2129
v 7490.864 -6995.408 550.417
f 2807 2805 2804
f 2807 2806 2132
f 2807 2804 2806
v 7435.452 -6948.897 489.585
v 7438.229 -6948.517 491.321
v 7436.079 -6948.976 492.165
f 2808 2809 2810
v 7434.381 -6949.195 489.975
f 2811 2808 2810
f 2811 2138 2137
f 2811 2137 2141
f 2811 2810 2138
v 7435.815 -6949.195 493.696
f 2812 2810 2809
f 2812 2143 2138
f 2812 2138 2810
v 7427.094 -6952.351 489.618
f 2813 1219 1211
f 2813 1211 1209
f 2813 1209 2140
f 2813 2140 1219
v 7498.229 -6995.408 553.414
f 2814 2807 2132
v 7497.839 -6995.066 554.485
f 2814 2132 2815
v 7437.387 -6949.195 497.362
v 7438.426 -6948.897 496.893
f 2816 2812 2817
f 2816 2143 2812
f 2816 2817 2158
v 7501.641 -6995.066 555.789
f 2818 2814 2815
f 2818 2815 2135
v 7503.157 -6995.315 555.419
f 2818 2136 2819
v 7503.839 -6995.861 553.206
f 2818 2819 2820
f 2818 2135 2136
v 7504.201 -6995.066 556.579
f 2821 2136 2144
f 2821 2819 2136
f 2821 2820 2819
v 7511.974 -6991.635 565.396
f 2822 2151 1223
f 2822 1225 1236
f 2822 1236 2151
f 2822 1223 1225
v 7441.938 -6948.897 503.958
f 2823 2158 2817
v 7444.942 -6948.517 505.261
v 7442.942 -6948.976 506.416
f 2823 2824 2825
v 7508.076 -6995.066 557.643
f 2826 2821 2144
v 7440.937 -6949.195 504.503
f 2827 2825 2156
f 2827 2154 2158
f 2827 2823 2825
f 2827 2158 2823
f 2827 2156 2154
v 7508.358 -6995.408 556.538
f 2828 2826 2150
f 2828 2821 2826
v 7433.678 -6952.351 505.237
f 2829 1233 2155
f 2829 2155 1249
f 2829 1235 1233
f 2829 1249 1235
v 7441.466 -6949.747 508.827
f 2830 2156 2825
f 2830 2157 2156
f 2830 2161 2157
v 7445.968 -6948.897 510.741
f 2831 2830 2825
v 7548.062 -6994.236 542.850
v 7534.595 -6994.236 543.859
v 7534.595 -6994.687 544.961
f 2832 2833 2834
v 7534.595 -6993.731 542.781
f 2832 2835 2833
v 7445.010 -6949.195 511.360
f 2836 2830 2831
f 2836 2831 2170
v 7516.131 -6995.408 558.211
f 2837 2150 2153
f 2837 2828 2150
v 7518.698 -6995.315 558.966
v 7519.043 -6995.861 556.676
f 2837 2838 2839
f 2837 2153 2838
v 7519.896 -6995.049 560.010
f 2840 2153 2160
f 2840 2838 2153
v 7528.893 -6991.469 567.742
f 2841 1266 1271
f 2841 1261 1266
f 2841 1271 2163
f 2841 2163 1253
f 2841 2146 1265
f 2841 1265 1261
f 2841 1253 2146
v 7523.861 -6994.954 560.766
f 2842 2840 2160
v 7450.493 -6948.897 517.204
f 2843 2170 2831
v 7453.658 -6948.517 518.045
v 7451.852 -6948.976 519.485
f 2843 2844 2845
v 7449.585 -6949.195 517.893
f 2846 2843 2845
f 2846 2845 2167
f 2846 2166 2170
f 2846 2167 2166
f 2846 2170 2843
v 7442.516 -6952.351 519.700
f 2847 1269 1268
f 2847 1268 2169
f 2847 2169 1273
f 2847 1273 1269
v 7452.280 -6949.444 522.570
f 2848 2167 2845
v 7547.745 -6993.173 540.744
f 2849 2835 2832
v 7534.595 -6993.173 541.730
f 2849 2850 2835
v 7534.595 -6992.563 540.707
f 2849 2851 2850
v 7531.893 -6994.753 561.828
f 2852 2165 2164
f 2852 1394 2214
v 7534.595 -6994.957 561.293
f 2852 2214 2853
f 2852 2164 1394
v 7531.907 -6994.954 561.268
f 2854 2852 2853
v 7534.595 -6995.315 560.158
f 2854 2853 2855
v 7451.429 -6949.837 523.284
f 2856 2171 2168
f 2856 2168 2167
f 2856 2167 2848
v 7459.766 -6949.837 532.157
v 7462.611 -6948.976 531.080
f 2857 2858 2175
v 7456.877 -6949.837 529.304
f 2857 2172 2859
f 2857 2175 2173
f 2857 2173 2172
v 7457.672 -6949.444 528.528
f 2857 2859 2860
v 7463.038 -6949.195 532.574
f 2861 2175 2858
v 7464.182 -6948.517 529.387
f 2861 2858 2862
f 2861 2174 2175
v 7466.045 -6949.195 535.195
f 2863 2174 2861
v 7466.777 -6948.897 534.322
f 2863 2864 2181
f 2863 2861 2864
v 7473.007 -6948.897 539.164
f 2865 2181 2864
v 7476.279 -6948.517 539.034
v 7474.978 -6948.976 540.942
f 2865 2866 2867
v 7472.341 -6949.195 540.089
f 2868 2181 2865
f 2868 2867 2182
f 2868 2865 2867
f 2868 2179 2181
f 2868 2182 2179
v 7466.119 -6952.351 543.900
f 2869 2180 1306
f 2869 1306 1305
f 2869 1303 2180
f 2869 1305 1303
v 7476.735 -6949.195 543.084
f 2870 2182 2867
f 2870 2184 2182
f 2870 2186 2184
v 7484.136 -6948.897 546.157
f 2871 2186 2870
v 7547.444 -6991.904 538.753
v 7534.595 -6991.904 539.716
f 2872 2873 2851
v 7534.595 -6991.197 538.759
f 2872 2874 2873
f 2872 2851 2849
v 7483.591 -6949.195 547.158
f 2875 2186 2871
v 7475.461 -6952.351 550.269
f 2876 1320 1312
f 2876 1312 1310
f 2876 1310 2185
f 2876 2185 1320
v 7487.129 -6949.195 548.999
v 7489.678 -6948.517 546.770
v 7488.676 -6948.976 548.851
f 2877 2878 2879
f 2877 2188 2187
f 2877 2879 2188
f 2877 2875 2871
f 2877 2187 2875
v 7488.815 -6949.747 551.674
f 2880 2188 2879
f 2880 2189 2188
f 2880 2191 2189
v 7500.993 -6948.897 553.511
v 7504.081 -6948.517 552.422
v 7503.400 -6948.976 554.630
f 2881 2882 2883
v 7500.630 -6949.195 554.591
f 2884 2196 2192
f 2884 2192 2194
f 2884 2881 2883
f 2884 2883 2196
v 7504.433 -6949.195 555.791
f 2885 2197 2196
f 2885 2883 2882
f 2885 2196 2883
v 7495.807 -6952.351 560.067
f 2886 1331 2193
f 2886 1333 1331
f 2886 1334 1333
f 2886 2193 1334
v 7547.165 -6990.442 536.896
v 7534.595 -6990.442 537.838
f 2887 2888 2874
v 7534.595 -6989.643 536.956
f 2887 2889 2888
v 7508.279 -6949.195 556.847
f 2890 2197 2885
v 7508.560 -6948.897 555.743
f 2890 2885 2891
f 2890 2891 2203
v 7516.274 -6948.897 557.402
f 2892 2203 2891
v 7519.166 -6948.517 555.865
v 7518.821 -6948.976 558.149
f 2892 2893 2894
v 7516.076 -6949.195 558.525
f 2895 2894 2200
f 2895 2200 2199
f 2895 2199 2203
f 2895 2203 2892
f 2895 2892 2894
v 7512.124 -6952.351 564.658
f 2896 1347 1345
f 2896 1345 2202
f 2896 2202 1348
f 2896 1348 1347
v 7523.723 -6950.084 562.142
f 2897 2201 2200
f 2897 2204 2201
f 2887 2874 2872
v 7531.873 -6950.084 562.650
f 2898 2262 2261
v 7531.859 -6950.316 563.192
f 2899 2898 2261
f 2899 2208 2210
f 2899 2261 2263
f 2899 2263 1457
f 2899 1457 2208
v 7528.840 -6953.893 568.808
f 2900 2209 1363
f 2900 2206 1362
f 2900 1370 2206
f 2900 1366 1370
f 2900 1363 1366
f 2900 1362 2209
v 7540.183 -6992.975 565.475
f 2901 1392 1390
f 2901 2213 1392
f 2901 1390 1387
f 2901 2211 1396
f 2901 1389 2211
f 2901 1387 1389
v 7537.239 -6995.473 559.551
f 2902 2853 2214
f 2902 2855 2853
v 7534.595 -6995.617 559.006
f 2902 2903 2855
f 2902 2214 2213
v 7537.225 -6995.617 558.973
v 7534.595 -6995.861 557.841
f 2904 2905 2903
f 2904 2903 2902
v 7546.908 -6988.802 535.191
v 7534.595 -6988.802 536.114
f 2906 2907 2889
v 7534.595 -6987.919 535.315
f 2906 2908 2907
v 7548.978 -6995.684 557.728
v 7545.100 -6995.617 558.482
f 2909 2910 2216
f 2909 2216 2217
f 2909 2217 2219
v 7556.556 -6993.672 562.139
f 2911 1406 1405
f 2911 1402 1400
f 2911 1401 1406
f 2911 1405 2222
f 2911 2222 1402
f 2911 1400 1401
v 7552.479 -6996.070 554.930
v 7549.794 -6996.175 554.343
f 2912 2913 2219
f 2912 2219 2218
f 2912 2218 2223
v 7560.009 -6996.070 553.310
f 2914 2223 2228
v 7564.654 -6996.175 550.951
f 2914 2229 2915
f 2914 2228 2229
f 2906 2889 2887
v 7577.647 -6993.672 555.633
f 2916 1414 1413
f 2916 1413 1416
f 2916 1416 1415
f 2916 1415 1419
f 2916 1419 2233
f 2916 2233 1414
v 7569.821 -6996.070 550.283
f 2917 2915 2229
f 2917 2229 2231
f 2917 2231 2232
v 7576.955 -6996.070 547.380
f 2918 2232 2236
v 7578.843 -6996.175 545.383
f 2918 2238 2919
f 2918 2236 2238
v 7592.389 -6993.672 548.076
f 2920 1424 1423
f 2920 1428 1425
f 2920 1429 2242
f 2920 1425 1429
f 2920 2242 1424
f 2920 1423 1428
v 7583.852 -6996.070 543.952
f 2921 2240 2241
f 2921 2919 2238
f 2921 2238 2240
v 7590.474 -6996.070 540.018
f 2922 2245 2247
f 2922 2241 2245
v 7592.043 -6996.175 537.761
f 2922 2247 2923
v 7605.839 -6993.672 538.406
f 2924 1439 2251
f 2924 1434 1433
f 2924 2251 1434
f 2924 1438 1435
f 2924 1435 1439
f 2924 1433 1438
v 7596.783 -6996.070 535.600
f 2925 2247 2249
f 2925 2249 2250
f 2925 2923 2247
v 7546.676 -6986.998 533.655
f 2926 2908 2906
v 7534.595 -6986.998 534.561
f 2926 2927 2908
v 7534.595 -6986.041 533.853
f 2926 2928 2927
v 7602.745 -6996.070 530.724
f 2929 2250 2254
v 7603.960 -6996.175 528.258
f 2929 2256 2930
f 2929 2254 2256
v 7608.325 -6996.070 525.415
f 2931 2930 2256
f 2931 2256 2258
f 2931 2258 2259
v 7535.930 -6949.337 560.608
f 2932 2260 2262
v 7534.595 -6949.291 560.467
v 7534.595 -6948.976 559.332
f 2932 2933 2934
f 2932 2262 2933
v 7539.906 -6949.169 559.919
v 7539.877 -6949.015 559.351
f 2935 2932 2936
v 7539.934 -6949.337 560.483
f 2937 2260 2932
f 2937 2932 2935
v 7624.587 -6993.672 518.200
f 2938 1453 1451
f 2938 2272 1453
f 2938 1451 1452
f 2938 1452 1465
f 2938 1466 2272
f 2938 1465 1466
v 7613.493 -6996.070 519.704
f 2939 2259 2264
v 7614.327 -6996.175 517.085
f 2939 2266 2940
f 2939 2264 2266
v 7546.472 -6985.050 532.304
f 2941 2928 2926
v 7534.595 -6985.050 533.194
f 2941 2942 2928
v 7547.702 -6948.875 558.093
v 7550.024 -6948.517 555.865
f 2943 2944 2281
v 7547.844 -6949.169 559.225
f 2945 2277 2279
f 2945 2278 2277
f 2945 2943 2281
f 2945 2281 2278
v 7551.433 -6948.656 556.487
v 7549.674 -6948.286 553.548
f 2946 2944 2947
f 2946 2281 2944
f 2946 2280 2281
v 7545.796 -6951.772 565.445
f 2948 1467 1472
f 2948 1472 1475
f 2948 1475 1459
f 2948 2279 1467
v 7534.595 -6984.027 532.584
f 2941 2949 2942
v 7555.272 -6948.656 555.785
v 7555.040 -6948.469 554.639
f 2950 2951 2294
f 2950 2946 2951
f 2950 2280 2946
v 7621.113 -6996.070 509.379
f 2952 2273 2287
f 2952 2287 2288
v 7622.914 -6996.175 504.491
f 2952 2288 2953
v 7562.541 -6948.469 552.828
f 2954 2294 2951
v 7564.417 -6948.286 550.183
f 2954 2955 2296
v 7562.858 -6948.656 553.954
f 2956 2292 2291
f 2956 2296 2292
f 2956 2294 2954
f 2956 2954 2296
f 2956 2291 2294
v 7567.137 -6948.356 550.358
f 2957 2299 2295
f 2957 2296 2955
f 2957 2295 2296
v 7562.084 -6951.138 561.456
f 2958 1488 1486
f 2958 1486 2293
f 2958 1494 1488
f 2958 2293 1494
v 7574.284 -6948.356 547.656
v 7578.494 -6948.286 544.658
f 2959 2960 2307
f 2959 2306 2299
f 2959 2307 2306
v 7639.659 -6993.672 488.800
f 2961 1499 1514
f 2961 1514 1513
f 2961 1513 2309
f 2961 1502 1498
f 2961 2309 1502
f 2961 1498 1499
v 7572.228 -6950.455 556.898
f 2962 1500 2298
f 2962 2298 1523
f 2962 1522 1504
f 2962 1503 1500
f 2962 1504 1503
f 2962 1523 1522
v 7629.502 -6996.070 493.507
f 2963 2300 2302
v 7629.527 -6996.175 490.758
f 2963 2302 2964
v 7546.298 -6982.976 531.149
f 2965 2949 2941
v 7534.595 -6982.976 532.026
f 2965 2966 2949
v 7534.595 -6981.898 531.521
f 2965 2967 2966
f 2963 2297 2300
v 7581.210 -6948.356 544.426
f 2968 2307 2960
f 2968 2308 2307
f 2968 2315 2308
v 7631.378 -6996.070 488.726
f 2969 2302 2303
f 2969 2303 2311
f 2969 2964 2302
v 7587.874 -6948.356 540.688
f 2970 2326 2325
v 7591.590 -6948.286 537.097
f 2970 2971 2326
f 2970 2325 2315
v 7633.740 -6996.070 481.395
f 2972 2311 2321
f 2972 2321 2322
v 7634.020 -6996.175 476.193
f 2972 2322 2973
v 7587.219 -6950.455 550.134
f 2974 1528 2314
f 2974 2320 1544
f 2974 2314 2320
f 2974 1529 1528
f 2974 1542 1529
f 2974 1544 1542
v 7594.241 -6948.356 536.463
f 2975 2327 2326
f 2975 2326 2971
f 2975 2334 2327
v 7644.571 -6993.672 467.282
f 2976 1532 1536
f 2976 1533 1532
f 2976 1536 2332
f 2976 1530 1533
f 2976 1531 1530
f 2976 2332 1531
v 7636.025 -6996.070 471.385
f 2977 2973 2322
f 2977 2322 2324
f 2977 2324 2331
v 7600.274 -6948.356 531.774
f 2978 2341 2334
v 7603.413 -6948.286 527.668
f 2978 2979 2342
f 2978 2342 2341
v 7645.396 -6993.672 456.263
f 2980 2344 1548
f 2980 1546 1553
f 2980 1553 1552
f 2980 1545 1546
f 2980 1552 2344
f 2980 1548 1545
v 7601.034 -6950.455 541.212
f 2981 1549 1547
f 2981 1550 1549
f 2981 1561 1550
f 2981 1562 1561
f 2981 1547 2333
f 2981 2333 1562
v 7546.156 -6980.796 530.204
f 2982 2967 2965
v 7534.595 -6980.796 531.070
f 2982 2983 2967
v 7534.595 -6979.674 530.675
f 2982 2984 2983
v 7637.078 -6996.070 463.755
f 2985 2335 2337
f 2985 2331 2335
v 7636.291 -6996.175 461.121
f 2985 2337 2986
v 7605.940 -6948.356 526.647
f 2987 2353 2347
f 2987 2342 2979
f 2987 2347 2342
v 7637.461 -6996.070 458.634
f 2988 2986 2337
f 2988 2337 2338
f 2988 2338 2346
v 7611.206 -6948.356 521.110
f 2989 2360 2359
v 7613.698 -6948.286 516.583
f 2989 2990 2360
f 2989 2359 2353
v 7637.557 -6996.070 450.932
f 2991 2346 2354
f 2991 2354 2355
v 7636.291 -6996.175 445.879
f 2991 2355 2992
v 7644.571 -6993.672 439.718
f 2993 1565 1566
f 2993 2362 1568
f 2993 1566 1572
f 2993 1576 2362
f 2993 1572 1576
f 2993 1568 1565
v 7613.364 -6950.455 530.330
f 2994 1567 2352
f 2994 1569 1567
f 2994 1570 1569
f 2994 1582 1581
f 2994 1581 1570
f 2994 2352 1582
v 7617.843 -6949.008 519.044
f 2995 1584 2361
f 2995 2361 2360
f 2995 2367 1584
v 7560.007 -6991.904 535.886
v 7560.601 -6993.173 537.810
f 2996 2849 2997
v 7636.025 -6996.070 435.615
f 2998 2370 2371
v 7634.020 -6996.175 430.807
f 2998 2371 2999
f 2998 2364 2370
v 7641.288 -6993.672 423.481
f 3000 2378 1587
f 3000 1585 1586
f 3000 1596 2378
f 3000 1587 1585
f 3000 1586 1595
f 3000 1595 1596
v 7622.440 -6948.356 505.689
f 3001 2376 2375
v 7622.217 -6948.286 504.089
f 3001 3002 2376
v 7620.167 -6948.287 502.905
f 3001 3003 3002
v 7624.330 -6948.356 502.368
f 3004 2376 3002
f 3004 2381 2376
f 2996 2872 2849
v 7546.046 -6978.533 529.477
v 7534.595 -6978.533 530.335
f 3005 3006 2984
v 7534.595 -6977.376 530.052
f 3005 3007 3006
f 3005 2984 2982
f 3004 2389 2381
f 3004 3002 3003
v 7634.404 -6996.070 428.085
f 3008 2999 2371
f 3008 2372 2380
f 3008 2371 2372
v 7627.731 -6948.356 495.525
v 7628.778 -6948.286 490.464
f 3009 3010 2395
f 3009 2394 2389
f 3009 2395 2394
v 7632.226 -6996.070 420.698
v 7629.527 -6996.175 416.242
f 3011 2391 3012
f 3011 2380 2390
f 3011 2390 2391
v 7632.511 -6950.455 503.699
f 3013 2388 1623
f 3013 1606 2388
f 3013 1607 1606
f 3013 1608 1607
f 3013 1622 1608
f 3013 1623 1622
v 7631.453 -6948.356 486.043
f 3014 2408 2398
f 3014 2395 3010
f 3014 2398 2395
v 7633.614 -6948.356 478.713
v 7633.235 -6948.286 476.014
f 3015 3016 2415
f 3015 2415 2414
f 3015 2414 2408
v 7625.047 -6996.070 404.242
f 3017 2402 2405
v 7622.914 -6996.175 402.509
f 3017 2407 3018
f 3017 2405 2407
v 7624.587 -6993.672 388.800
f 3019 1629 1628
f 3019 1639 2418
f 3019 1633 1632
f 3019 1632 1639
f 3019 1628 1633
f 3019 2418 1629
v 7640.516 -6950.455 483.302
f 3020 2410 1636
f 3020 1630 1631
f 3020 1643 1630
f 3020 1636 1641
f 3020 1641 1643
f 3020 1631 2410
v 7635.221 -6948.356 471.243
f 3021 2415 3016
v 7621.113 -6996.070 397.621
f 3022 2407 2411
f 3022 2411 2417
f 3022 3018 2407
v 7559.454 -6990.442 534.091
f 3023 2887 2872
f 3023 2872 2996
v 7545.971 -6976.207 528.975
f 3024 3007 3005
v 7534.595 -6976.207 529.827
f 3024 3025 3007
v 7534.595 -6975.029 529.661
f 3024 3026 3025
v 7636.266 -6948.356 463.674
f 3027 2432 2428
f 3027 2428 2430
v 7635.489 -6948.286 461.061
f 3027 3028 2432
v 7616.695 -6996.070 391.311
v 7614.327 -6996.175 389.915
f 3029 2423 3030
f 3029 2417 2421
f 3029 2421 2423
v 7636.647 -6948.356 458.593
f 3031 2436 2433
f 3031 2433 2432
f 3031 2432 3028
v 7643.775 -6950.455 467.182
f 3032 1663 1652
f 3032 2429 1656
f 3032 1652 1649
f 3032 1649 2429
f 3032 1656 1661
f 3032 1661 1663
v 7611.818 -6996.070 385.350
f 3033 3030 2423
f 3033 2423 2425
f 3033 2425 2434
v 7636.742 -6948.356 450.953
f 3034 2443 2436
v 7635.489 -6948.286 445.939
f 3034 3035 2444
f 3034 2444 2443
v 7605.839 -6993.672 368.594
f 3036 2446 1667
f 3036 1667 1664
f 3036 1664 1665
f 3036 1665 1674
f 3036 1676 2446
f 3036 1674 1676
v 7644.594 -6950.455 456.243
f 3037 2435 1683
f 3037 1666 2435
f 3037 1668 1666
f 3037 1669 1668
f 3037 1679 1669
f 3037 1683 1679
v 7606.509 -6996.070 379.769
v 7603.960 -6996.175 378.742
f 3038 2439 3039
f 3038 2434 2437
f 3038 2437 2439
v 7602.745 -6996.070 376.276
f 3040 3039 2439
f 3040 2439 2440
f 3040 2440 2448
v 7635.981 -6948.356 440.795
f 3041 2459 2449
f 3041 2444 3035
f 3041 2449 2444
v 7596.783 -6996.070 371.400
f 3042 2457 2458
f 3042 2448 2457
v 7592.043 -6996.175 369.239
f 3042 2458 3043
v 7634.748 -6948.356 433.254
f 3044 2465 2459
v 7558.945 -6988.802 532.444
f 3045 2887 3023
f 3045 2906 2887
v 7545.930 -6973.843 528.703
f 3046 3026 3024
v 7534.595 -6973.843 529.552
f 3046 3047 3026
v 7534.595 -6972.654 529.503
f 3046 3048 3047
f 3044 2467 2465
v 7633.235 -6948.286 430.986
f 3044 3049 2467
v 7633.614 -6948.356 428.287
f 3050 2468 2467
f 3050 2472 2468
f 3050 2467 3049
v 7587.603 -6993.672 356.161
f 3051 1692 1699
f 3051 1695 1692
f 3051 2470 1689
f 3051 1699 2470
f 3051 1688 1695
f 3051 1689 1688
v 7642.957 -6950.455 434.393
f 3052 1690 1691
f 3052 1703 1690
f 3052 2461 1696
f 3052 1696 1701
f 3052 1701 1703
f 3052 1691 2461
v 7588.300 -6996.070 365.616
f 3053 2458 2462
f 3053 3043 2458
f 3053 2462 2469
v 7631.453 -6948.356 420.957
f 3054 2479 2472
v 7628.778 -6948.286 416.536
f 3054 3055 2480
f 3054 2480 2479
v 7577.647 -6993.672 351.367
f 3056 1704 1705
f 3056 2482 1707
f 3056 1711 1716
f 3056 1707 1704
f 3056 1705 1711
f 3056 1716 2482
v 7640.516 -6950.455 423.698
f 3057 1708 1706
f 3057 1709 1708
f 3057 1706 2471
f 3057 2471 1722
f 3057 1722 1721
f 3057 1721 1709
v 7581.582 -6996.070 361.848
f 3058 2473 2475
f 3058 2469 2473
v 7578.843 -6996.175 361.617
f 3058 2475 3059
v 7628.750 -6948.356 413.810
f 3060 2493 2485
f 3060 2480 3055
f 3060 2485 2480
v 7626.574 -6948.287 417.401
f 3060 3055 3061
v 7576.955 -6996.070 359.620
f 3062 2475 2476
f 3062 2476 2484
f 3062 3059 2475
v 7625.521 -6948.356 406.885
v 7622.217 -6948.286 402.911
f 3063 3064 2499
f 3063 2499 2498
f 3063 2498 2493
v 7569.821 -6996.070 356.717
v 7564.654 -6996.175 356.049
f 3065 2495 3066
v 7558.488 -6986.998 530.959
f 3067 2926 2906
f 3067 2906 3045
v 7545.924 -6971.464 528.664
v 7534.595 -6971.464 529.513
f 3068 3069 3048
v 7534.595 -6970.275 529.582
f 3068 3070 3069
f 3065 2494 2495
f 3065 2484 2494
v 7634.891 -6950.455 408.244
f 3071 1742 1728
f 3071 1727 1726
f 3071 1728 1727
f 3071 1743 1742
f 3071 1726 2492
f 3071 2492 1743
v 7556.556 -6993.672 344.861
f 3072 2506 1730
f 3072 1729 1734
f 3072 1734 1731
f 3072 1731 1735
f 3072 1730 1729
f 3072 1735 2506
v 7623.952 -6948.582 400.413
f 3073 2504 2500
f 3073 2499 3064
f 3073 2500 2499
v 7620.428 -6948.356 398.063
f 3074 2504 3073
f 3068 3048 3046
f 3074 2511 2504
v 7616.045 -6948.356 391.804
f 3075 2519 2511
f 3075 2521 2519
v 7613.698 -6948.286 390.417
f 3075 3076 2521
v 7545.630 -6993.672 343.214
f 3077 1756 1755
f 3077 2515 1748
f 3077 1748 1744
f 3077 1755 2515
f 3077 1745 1756
f 3077 1744 1745
v 7552.479 -6996.070 352.070
f 3078 2505 2507
v 7549.794 -6996.175 352.657
f 3078 2509 3079
f 3078 2507 2509
v 7612.868 -6948.356 387.821
f 3080 2528 2522
f 3080 2522 2521
f 3080 2521 3076
v 7611.847 -6948.287 391.893
f 3080 3076 3081
v 7623.935 -6950.455 389.268
f 3082 1750 2514
f 3082 1749 1750
f 3082 1761 1763
f 3082 1751 1761
f 3082 2514 1751
f 3082 1763 1749
v 7607.741 -6948.356 382.155
v 7603.413 -6948.286 379.332
f 3083 3084 2534
f 3083 2534 2533
f 3083 2533 2528
v 7539.728 -6996.070 350.633
v 7534.595 -6996.175 351.518
f 3085 2530 3086
f 3085 2529 2530
f 3085 2518 2529
v 7617.096 -6950.455 380.692
f 3087 1767 1766
f 3087 1768 1767
f 3087 1766 2527
f 3087 1781 1768
f 3087 1782 1781
f 3087 2527 1782
v 7558.085 -6985.050 529.653
f 3088 2926 3067
f 3088 2941 2926
v 7545.953 -6969.092 528.858
v 7534.595 -6969.092 529.710
f 3089 3090 3070
f 3089 3070 3068
v 7534.595 -6967.916 529.896
f 3089 3091 3090
v 7600.274 -6948.356 375.226
f 3092 2534 3084
f 3092 2537 2534
f 3092 2545 2537
v 7513.280 -6992.978 343.434
f 3093 1774 1773
v 7515.034 -6991.250 340.508
f 3093 1773 3094
f 3093 3094 1800
v 7594.241 -6948.356 370.537
v 7591.590 -6948.286 369.903
f 3095 3096 2551
f 3095 2551 2549
f 3095 2549 2545
v 7521.788 -6996.070 351.305
v 7519.395 -6996.175 352.657
f 3097 2544 3098
f 3097 2541 2542
f 3097 2542 2544
v 7509.180 -6992.978 344.308
f 3099 3093 1800
v 7511.677 -6994.362 346.581
f 3099 3100 3093
f 3099 1800 1797
v 7515.419 -6995.248 348.349
f 3101 2543 1776
v 7515.625 -6995.561 349.479
f 3102 2544 2543
f 3102 2543 3101
v 7601.034 -6950.455 365.788
f 3103 1807 1795
f 3103 1795 1796
f 3103 2546 1802
f 3103 1805 1807
f 3103 1802 1805
f 3103 1796 2546
v 7592.070 -6948.582 366.900
f 3104 2552 2550
f 3104 2550 2551
f 3104 2551 3096
v 7587.874 -6948.356 366.312
f 3105 2557 2552
f 3105 2552 3104
v 7507.615 -6995.248 350.076
f 3106 2553 2554
v 7507.905 -6995.561 351.187
f 3107 3106 2554
f 3107 2554 2556
v 7581.210 -6948.356 362.574
v 7578.494 -6948.286 362.342
f 3108 3109 2566
f 3108 2566 2565
f 3108 2565 2557
v 7557.741 -6982.976 528.538
f 3110 2941 3088
f 3110 2965 2941
v 7546.017 -6966.751 529.284
f 3111 3091 3089
v 7496.686 -6993.672 349.348
f 3112 1825 2561
f 3112 1808 1809
f 3112 1812 1808
f 3112 1809 1820
f 3112 1820 1825
f 3112 2561 1812
v 7576.619 -6948.356 360.363
f 3113 2566 3109
f 3113 2574 2568
f 3113 2568 2566
v 7577.467 -6948.287 364.475
f 3113 3109 3114
v 7587.219 -6950.455 356.866
f 3115 1815 2560
f 3115 1814 1815
f 3115 1828 1814
f 3115 2560 1816
f 3115 1816 1826
f 3115 1826 1828
v 7569.542 -6948.356 357.483
f 3116 2579 2574
f 3116 2580 2579
v 7534.595 -6966.751 530.140
f 3111 3117 3091
v 7534.595 -6965.600 530.442
f 3111 3118 3117
v 7564.417 -6948.286 356.817
f 3116 3119 2580
v 7494.588 -6996.070 358.593
f 3120 2575 2576
v 7490.346 -6996.175 361.617
f 3120 2576 3121
f 3120 2564 2575
v 7577.336 -6950.455 352.106
f 3122 1832 1831
f 3122 1833 1832
f 3122 1845 1833
f 3122 1846 1845
f 3122 1831 2573
f 3122 2573 1846
v 7562.427 -6948.417 354.576
f 3123 2580 3119
v 7562.745 -6948.582 353.447
f 3124 2586 2581
f 3124 2581 2580
v 7560.910 -6949.195 350.153
f 3124 3125 2586
f 3124 2580 3123
v 7561.746 -6950.455 346.869
f 3126 1863 1862
f 3126 1862 1852
f 3126 3125 1863
f 3126 1852 1851
f 3126 1851 2586
f 3126 2586 3125
v 7478.715 -6996.070 366.982
f 3127 2589 2591
f 3127 2585 2589
v 7477.146 -6996.175 369.239
f 3127 2591 3128
v 7551.082 -6948.356 352.660
v 7549.674 -6948.286 353.452
f 3129 3130 2595
f 3129 2595 2594
v 7554.957 -6948.417 352.773
f 3129 2594 3131
v 7557.459 -6980.796 527.624
f 3132 2982 2965
f 3132 2965 3110
v 7548.860 -6948.656 350.125
f 3133 2595 3130
f 3133 2601 2596
f 3133 2596 2595
v 7472.406 -6996.070 371.400
f 3134 2593 2600
f 3134 2591 2593
f 3134 3128 2591
v 7544.985 -6948.656 349.664
f 3135 2601 3133
v 7544.869 -6948.469 350.828
f 3135 3136 2614
f 3135 3133 3136
v 7546.116 -6964.464 529.937
f 3137 3118 3111
v 7534.595 -6964.464 530.800
f 3137 3138 3118
v 7534.595 -6963.348 531.215
f 3137 3139 3138
v 7466.444 -6996.070 376.276
v 7465.229 -6996.175 378.742
f 3140 2607 3141
f 3140 2600 2605
f 3140 2605 2607
v 7537.167 -6948.469 350.347
v 7534.595 -6948.286 352.322
v 7534.595 -6948.517 349.978
f 3142 3143 3144
f 3142 2614 3136
v 7537.196 -6948.656 349.178
f 3145 3144 2611
f 3145 3142 3144
f 3145 2611 2610
f 3145 2610 2614
f 3145 2614 3142
v 7451.492 -6993.672 380.161
f 3146 2616 1871
f 3146 1879 2616
f 3146 1876 1875
f 3146 1875 1879
f 3146 1871 1870
f 3146 1870 1876
v 7532.033 -6948.417 350.767
f 3147 3144 3143
v 7540.147 -6951.138 342.238
f 3148 1873 1872
f 3148 2613 1881
f 3148 1872 2613
f 3148 1881 1873
v 7532.003 -6948.582 349.595
f 3149 2611 3144
f 3149 2617 2611
f 3149 3144 3147
v 7529.279 -6949.195 346.988
f 3149 3150 2617
v 7529.110 -6950.455 343.603
f 3151 1887 2617
f 3151 3150 1910
f 3151 2617 3150
f 3151 1888 1887
f 3151 1908 1888
f 3151 1910 1908
v 7455.696 -6996.070 387.296
f 3152 2620 2622
f 3152 2615 2620
v 7454.862 -6996.175 389.915
f 3152 2622 3153
v 7572.002 -6991.904 531.178
f 3154 2996 2997
f 3154 3023 2996
v 7572.876 -6993.173 532.992
f 3154 2997 3155
v 7557.242 -6978.533 526.921
f 3156 2982 3132
f 3156 3005 2982
v 7520.626 -6948.356 352.280
v 7524.363 -6948.417 351.246
f 3157 2625 3158
f 3157 2626 2625
v 7519.515 -6948.286 353.452
f 3157 3159 2626
v 7516.851 -6948.356 352.873
f 3160 2629 2626
f 3160 2636 2629
f 3160 2626 3159
v 7509.381 -6948.356 354.481
v 7504.772 -6948.286 356.817
f 3161 3162 2643
f 3161 2643 2642
f 3161 2642 2636
v 7512.792 -6950.455 345.648
f 3163 1922 1921
f 3163 1934 1933
f 3163 1933 1922
f 3163 1920 2635
f 3163 2635 1934
f 3163 1921 1920
v 7446.710 -6996.070 399.795
v 7446.276 -6996.175 402.509
f 3164 2639 3165
f 3164 2632 2637
f 3164 2637 2639
v 7442.898 -6995.697 402.025
f 3166 3165 2639
f 3166 2638 2641
f 3166 2639 2638
v 7432.495 -6992.978 407.191
f 3167 1928 1925
f 3167 1923 1928
f 3167 1925 2651
f 3167 2651 1923
v 7441.037 -6995.697 405.490
f 3168 3166 2641
v 7502.595 -6948.656 354.173
f 3169 2644 2643
f 3169 2643 3162
f 3169 2648 2644
v 7546.247 -6962.254 530.811
v 7534.595 -6962.254 531.684
f 3170 3171 3139
v 7534.595 -6961.185 532.207
f 3170 3172 3171
f 3170 3139 3137
v 7442.077 -6995.923 406.023
f 3173 3166 3168
f 3173 3168 2652
v 7498.903 -6948.656 355.439
f 3174 2648 3169
v 7499.303 -6948.469 356.538
f 3174 3175 2662
f 3174 3169 3175
v 7437.711 -6995.697 412.616
f 3176 2650 2655
f 3176 2649 2650
f 3176 2652 2649
v 7438.787 -6995.923 413.070
f 3177 3173 2652
f 3177 2652 3176
f 3177 3176 2655
v 7439.662 -6996.175 416.242
f 3177 2655 3178
v 7429.530 -6993.672 418.200
f 3179 1937 1938
f 3179 1939 1937
f 3179 1945 1947
f 3179 1947 2658
f 3179 1938 1945
f 3179 2658 1939
v 7492.156 -6948.469 359.446
v 7490.695 -6948.286 362.342
v 7489.678 -6948.517 360.230
f 3180 3181 3182
f 3180 2662 3175
v 7491.675 -6948.656 358.380
f 3183 2664 2660
f 3183 2660 2662
f 3183 3182 2664
f 3183 2662 3180
f 3183 3180 3182
v 7487.712 -6948.417 362.052
f 3184 3182 3181
v 7571.187 -6990.442 529.486
f 3185 3023 3154
v 7557.092 -6976.207 526.436
f 3186 3005 3156
f 3186 3024 3005
v 7491.323 -6951.138 350.847
f 3187 2661 1951
f 3187 1943 1941
f 3187 1941 2661
f 3187 1951 1943
v 7487.177 -6948.582 361.009
f 3188 2665 2664
f 3188 3182 3184
f 3188 2664 3182
v 7483.591 -6949.195 359.842
f 3188 3189 2665
v 7435.449 -6996.070 425.605
f 3190 2659 2666
f 3190 2666 2668
v 7435.170 -6996.175 430.807
f 3190 2668 3191
v 7424.350 -6992.978 433.130
v 7422.267 -6991.250 430.428
f 3192 3193 1977
f 3192 1950 1949
f 3192 1949 3193
v 7546.411 -6960.143 531.896
f 3194 3172 3170
v 7534.595 -6960.143 532.782
f 3194 3195 3172
v 7534.595 -6959.130 533.408
f 3194 3196 3195
v 7481.970 -6950.455 356.866
f 3197 1965 1964
f 3197 1982 1981
f 3197 1964 2665
f 3197 1981 1965
f 3197 3189 1982
f 3197 2665 3189
v 7478.092 -6948.356 368.365
v 7481.009 -6948.417 365.812
f 3198 2669 3199
f 3198 2670 2669
v 7477.599 -6948.286 369.903
f 3198 3200 2670
v 7423.666 -6992.978 437.266
v 7426.694 -6994.362 435.772
f 3201 3202 3192
f 3201 1977 1973
f 3201 3192 1977
v 7429.707 -6995.248 432.934
f 3203 2667 1948
v 7430.834 -6995.561 433.155
f 3204 2667 3203
f 3204 2668 2667
v 7474.948 -6948.356 370.537
f 3205 2673 2670
f 3205 2670 3200
f 3205 2682 2673
v 7428.463 -6995.248 440.829
f 3206 2678 2680
v 7429.603 -6995.561 440.966
f 3207 3206 2680
v 7570.439 -6988.802 527.932
f 3208 3023 3185
f 3208 3045 3023
v 7430.545 -6995.861 445.703
f 3207 2680 3209
v 7468.915 -6948.356 375.226
f 3210 2686 2685
f 3210 2685 2682
v 7465.776 -6948.286 379.332
f 3210 3211 2686
v 7468.156 -6950.455 365.788
f 3212 1994 2681
f 3212 2008 1996
f 3212 2681 2009
f 3212 1995 1994
f 3212 1996 1995
f 3212 2009 2008
v 7429.644 -6995.697 446.909
v 7432.898 -6996.175 445.879
f 3213 3214 3209
f 3213 2680 2684
f 3213 3209 2680
v 7422.514 -6992.978 456.077
f 3215 2694 1997
f 3215 1999 2694
f 3215 2003 1999
f 3215 1997 2003
v 7557.011 -6973.843 526.174
f 3216 3024 3186
f 3216 3046 3024
v 7546.605 -6958.150 533.184
f 3217 3196 3194
v 7429.471 -6995.697 450.837
f 3218 3213 2684
v 7462.667 -6948.656 377.894
f 3219 2687 2686
f 3219 2691 2687
f 3219 2686 3211
v 7430.639 -6995.923 450.867
f 3220 3218 2693
f 3220 3213 3218
v 7534.595 -6958.150 534.084
f 3217 3221 3196
v 7534.595 -6957.205 534.807
f 3217 3222 3221
v 7459.891 -6948.656 380.636
f 3223 2691 3219
v 7460.728 -6948.469 381.452
f 3223 3224 2706
f 3223 3219 3224
v 7429.566 -6995.697 458.701
f 3225 2695 2701
f 3225 2692 2695
f 3225 2693 2692
v 7430.733 -6995.923 458.643
f 3226 3220 2693
f 3226 3225 2701
f 3226 2693 3225
v 7432.898 -6996.175 461.121
f 3226 2701 3227
v 7455.550 -6948.469 387.174
f 3228 2706 3224
v 7455.491 -6948.286 390.417
v 7453.658 -6948.517 388.955
f 3228 3229 3230
v 7454.654 -6948.656 386.422
f 3231 3228 3230
f 3231 3230 2703
f 3231 2706 3228
f 3231 2703 2702
f 3231 2702 2706
v 7425.442 -6993.672 472.747
f 3232 2015 2014
f 3232 2708 2015
v 7569.765 -6986.998 526.533
f 3233 3045 3208
f 3232 2022 2019
f 3232 2019 2023
f 3232 2023 2708
f 3232 2014 2022
v 7452.202 -6948.656 389.458
f 3234 2709 2703
f 3234 3230 3229
f 3234 2703 3230
v 7451.068 -6951.138 379.788
f 3235 2018 2016
f 3235 2025 2018
f 3235 2016 2705
f 3235 2705 2025
v 7432.399 -6996.070 466.307
f 3236 2700 2707
f 3236 3227 2701
f 3236 2701 2700
f 3233 3067 3045
v 7557.000 -6971.464 526.136
f 3237 3046 3216
f 3237 3068 3046
v 7449.865 -6948.656 392.584
f 3238 2709 3234
v 7450.815 -6948.469 393.266
f 3238 3239 2720
f 3238 3234 3239
v 7433.642 -6996.070 473.908
f 3240 2713 2715
f 3240 2707 2713
v 7435.170 -6996.175 476.193
f 3240 2715 3241
v 7446.548 -6948.469 399.696
f 3242 2720 3239
v 7446.972 -6948.286 402.911
f 3242 3243 2723
v 7445.550 -6948.656 399.086
f 3244 2720 3242
f 3244 2718 2720
f 3244 2721 2718
f 3244 2723 2721
f 3244 3242 2723
v 7441.015 -6951.138 393.060
f 3245 2719 2049
f 3245 2041 2719
f 3245 2049 2042
f 3245 2042 2041
v 7443.668 -6948.356 406.885
f 3246 2722 2723
v 7546.827 -6956.297 534.660
f 3247 3222 3217
v 7534.595 -6956.297 535.576
f 3247 3248 3222
v 7534.595 -6955.428 536.390
f 3247 3249 3248
f 3246 2733 2722
f 3246 2723 3243
v 7440.439 -6948.356 413.810
v 7440.411 -6948.286 416.536
f 3250 3251 2737
f 3250 2737 2736
f 3250 2736 2733
v 7437.811 -6996.070 488.726
f 3252 2725 2728
v 7439.662 -6996.175 490.758
f 3252 2730 3253
f 3252 2728 2730
v 7437.178 -6995.697 493.098
f 3254 3253 2730
f 3254 2730 2729
f 3254 2729 2732
v 7434.731 -6992.978 504.451
f 3255 2742 2060
f 3255 1045 2071
f 3255 2060 1045
f 3255 2071 2742
v 7438.578 -6948.356 418.553
f 3256 2737 3251
f 3256 2738 2737
f 3256 2744 2738
v 7434.298 -6950.455 408.244
f 3257 2069 2070
f 3257 2734 2073
f 3257 1047 2069
f 3257 2070 2734
f 3257 2076 1047
f 3257 2073 2076
v 7438.726 -6995.697 496.712
f 3258 3254 2732
v 7439.792 -6995.923 496.232
f 3259 3258 2743
f 3259 3254 3258
v 7569.172 -6985.050 525.302
f 3260 3067 3233
f 3260 3088 3067
f 3260 3110 3088
v 7557.058 -6969.092 526.324
f 3261 3068 3237
v 7436.235 -6948.356 425.826
v 7435.954 -6948.286 430.986
f 3262 3263 2750
f 3262 2750 2749
f 3262 2749 2744
v 7442.224 -6995.697 503.756
f 3264 2741 2747
f 3264 2740 2741
f 3264 2743 2740
v 7443.250 -6995.923 503.197
f 3265 3264 2747
f 3265 2743 3264
f 3265 3259 2743
v 7446.276 -6996.175 504.491
f 3265 2747 3266
v 7441.489 -6993.672 513.634
f 3267 2085 2084
f 3267 2084 2752
f 3267 2077 1065
f 3267 2078 2077
f 3267 1065 2085
f 3267 2752 2078
v 7430.290 -6950.455 418.456
f 3268 1068 2080
f 3261 3089 3068
v 7547.076 -6954.600 536.310
f 3269 3249 3247
f 3268 2080 2739
f 3268 2745 2090
f 3268 2739 2745
f 3268 2089 1068
f 3268 2090 2089
v 7432.575 -6948.656 431.549
f 3270 2756 2751
f 3270 2750 3263
f 3270 2751 2750
v 7431.825 -6948.656 435.379
f 3271 2756 3270
v 7432.977 -6948.469 435.582
f 3271 3270 3272
f 3271 3272 2766
v 7450.969 -6996.070 513.623
f 3273 2754 2759
v 7454.862 -6996.175 517.085
f 3273 2761 3274
v 7534.595 -6954.600 537.245
f 3269 3275 3249
v 7534.595 -6953.816 538.141
f 3269 3276 3275
f 3273 2759 2761
v 7431.922 -6948.469 443.226
f 3277 2766 3272
v 7433.700 -6948.286 445.939
f 3277 3278 2769
v 7430.759 -6948.656 443.110
f 3279 2769 2767
f 3279 2764 2766
f 3279 2767 2764
f 3279 3277 2769
f 3279 2766 3277
v 7432.543 -6948.356 448.407
f 3280 2768 2769
f 3280 2773 2768
f 3280 2769 3278
v 7424.058 -6951.138 439.648
f 3281 2099 1127
f 3281 2765 2099
f 3281 2094 2765
f 3281 1127 2094
v 7432.447 -6948.356 456.047
v 7433.700 -6948.286 461.061
f 3282 3283 2780
f 3282 2780 2779
f 3282 2779 2773
v 7568.666 -6982.976 524.250
f 3284 3110 3260
f 3284 3132 3110
v 7424.595 -6950.455 450.757
f 3285 2104 2102
f 3285 1153 2104
f 3285 2112 2111
f 3285 2111 1153
f 3285 2102 2772
f 3285 2772 2112
v 7462.680 -6996.070 527.231
f 3286 2774 2776
f 3286 2770 2774
v 7465.229 -6996.175 528.258
f 3286 2776 3287
v 7464.006 -6995.697 531.444
f 3288 2776 2775
f 3288 3287 2776
f 3288 2775 2778
v 7466.728 -6992.978 542.735
f 3289 2105 1150
f 3289 1150 2108
f 3289 2108 2786
f 3289 2786 2105
v 7557.185 -6966.751 526.735
f 3290 3111 3089
f 3290 3089 3261
v 7432.923 -6948.356 463.674
f 3291 2780 3283
f 3291 2789 2781
f 3291 2781 2780
v 7466.970 -6995.697 534.029
f 3292 3288 2778
v 7467.721 -6995.923 533.134
f 3293 3292 2788
f 3293 3288 3292
v 7433.968 -6948.356 471.243
f 3294 2794 2789
v 7547.349 -6953.077 538.118
f 3295 3276 3269
v 7534.595 -6953.077 539.074
f 3295 3296 3276
v 7534.595 -6952.385 540.043
f 3295 3297 3296
v 7435.954 -6948.286 476.014
f 3294 3298 2795
f 3294 2795 2794
v 7473.177 -6995.697 538.857
f 3299 2787 2792
f 3299 2785 2787
f 3299 2788 2785
v 7473.859 -6995.923 537.909
v 7477.146 -6996.175 537.761
f 3300 2792 3301
f 3300 3293 2788
f 3300 3299 2792
f 3300 2788 3299
v 7476.801 -6993.672 548.076
f 3302 2115 1167
f 3302 2116 2115
f 3302 1167 2121
f 3302 2797 2116
f 3302 2121 2123
f 3302 2123 2797
v 7425.414 -6950.455 467.182
f 3303 2118 2784
f 3303 1177 2118
f 3303 2128 2127
f 3303 2127 1177
f 3303 2790 2128
f 3303 2784 2790
v 7584.296 -6993.173 526.399
f 3304 3154 3155
v 7435.007 -6948.417 478.858
f 3305 2795 3298
v 7433.871 -6948.582 479.147
f 3306 2801 2796
v 7431.936 -6949.195 482.384
f 3306 3307 2801
f 3306 2795 3305
f 3306 2796 2795
v 7485.337 -6996.070 543.952
f 3308 2799 2803
v 7490.346 -6996.175 545.383
f 3308 2805 3309
f 3308 2803 2805
v 7568.251 -6980.796 523.389
f 3310 3132 3284
v 7428.673 -6950.455 483.302
f 3311 2801 3307
f 3311 3307 2141
f 3311 2130 2801
f 3311 1209 2130
f 3311 2140 1209
f 3311 2141 2140
v 7439.021 -6948.356 489.642
v 7437.181 -6948.417 486.229
f 3312 2808 3313
f 3312 2809 2808
v 7440.411 -6948.286 490.464
f 3312 3314 2809
v 7440.439 -6948.356 493.190
f 3315 2817 2812
f 3315 2812 2809
f 3315 2809 3314
v 7496.686 -6993.672 557.652
f 3316 2815 2132
f 3316 2135 2815
f 3316 2132 2131
f 3316 2131 1205
f 3316 1205 2133
f 3316 2133 2135
v 7443.668 -6948.356 500.115
v 7446.972 -6948.286 504.089
f 3317 3318 2824
f 3317 2823 2817
v 7557.379 -6964.464 527.366
f 3319 3170 3137
f 3319 3137 3111
f 3319 3111 3290
f 3317 2824 2823
v 7507.245 -6993.672 560.909
f 3320 2151 2150
f 3320 1223 2151
f 3320 2150 2826
f 3320 2142 1223
f 3320 2826 2144
f 3320 2144 2142
v 7434.298 -6950.455 498.756
f 3321 2145 2143
f 3321 1233 2145
f 3321 2155 1233
f 3321 2816 2158
f 3321 2143 2816
f 3321 2158 2155
v 7501.792 -6996.070 551.132
f 3322 2818 2820
f 3322 2814 2818
v 7504.535 -6996.175 550.951
f 3322 2820 3323
v 7447.406 -6948.356 506.780
f 3324 2824 3318
f 3324 2831 2825
f 3324 2825 2824
v 7547.642 -6951.742 540.067
f 3325 3297 3295
v 7534.595 -6951.742 541.045
f 3325 3326 3297
v 7534.595 -6951.150 542.077
f 3325 3327 3326
v 7506.699 -6996.070 552.645
f 3328 2821 2828
f 3328 2820 2821
f 3328 3323 2820
v 7451.632 -6948.356 513.146
f 3329 2843 2831
v 7455.491 -6948.286 516.583
f 3329 3330 2844
f 3329 2844 2843
v 7514.187 -6996.070 554.453
f 3331 2828 2837
f 3331 2837 2839
v 7519.395 -6996.175 554.343
f 3331 2839 3332
v 7523.533 -6993.540 564.041
f 3333 1253 2163
f 3333 2163 2165
f 3333 2160 2159
f 3333 2159 1253
f 3333 2842 2160
v 7583.162 -6991.904 524.735
f 3334 3154 3304
v 7567.932 -6978.533 522.726
f 3335 3132 3310
f 3333 2165 2842
v 7442.163 -6950.455 513.199
f 3336 1268 2161
f 3336 2170 2169
f 3336 2169 1268
f 3336 2161 2830
f 3336 2830 2836
f 3336 2836 2170
v 7521.547 -6995.745 557.615
f 3337 2839 2838
f 3337 2840 2842
f 3337 2838 2840
v 7521.693 -6995.961 556.454
f 3338 2839 3337
f 3338 3332 2839
f 3335 3156 3132
v 7557.640 -6962.254 528.210
f 3339 3194 3170
f 3339 3170 3319
v 7453.824 -6948.656 519.576
f 3340 2844 3330
f 3340 2845 2844
f 3340 2848 2845
v 7456.352 -6948.656 522.550
v 7457.228 -6948.469 521.776
f 3341 3342 2860
f 3341 2848 3340
f 3341 3340 3342
v 7533.286 -6995.745 558.422
v 7529.393 -6995.860 557.716
f 3343 3344 2854
v 7547.954 -6950.609 542.137
f 3345 3327 3325
f 3343 2854 2855
f 3343 2855 2903
f 3343 2903 2905
v 7534.595 -6996.048 556.665
f 3343 2905 3346
v 7462.547 -6948.469 527.367
f 3347 2860 3342
v 7465.776 -6948.286 527.668
f 3347 3348 2862
v 7461.730 -6948.656 528.204
f 3349 2858 2857
f 3349 2857 2860
f 3349 3347 2862
f 3349 2862 2858
f 3349 2860 3347
v 7466.984 -6948.356 530.112
f 3350 2861 2862
f 3350 2864 2861
f 3350 2862 3348
v 7454.847 -6951.138 531.284
f 3351 2171 2859
f 3351 2859 2172
f 3351 1289 2171
f 3351 2172 1289
v 7472.898 -6948.356 534.950
f 3352 2866 2865
v 7534.595 -6950.609 543.138
f 3345 3353 3327
v 7534.595 -6950.122 544.224
f 3345 3354 3353
v 7477.599 -6948.286 537.097
f 3352 3355 2866
f 3352 2865 2864
v 7463.866 -6950.455 537.791
f 3356 2863 2181
f 3356 2174 2863
f 3356 1303 2176
f 3356 2176 2174
f 3356 2181 2180
f 3356 2180 1303
v 7477.120 -6948.582 540.100
f 3357 2866 3355
f 3357 2870 2867
f 3357 2867 2866
v 7481.315 -6948.356 540.688
f 3358 2871 2870
f 3358 2870 3357
v 7487.979 -6948.356 544.426
f 3359 2878 2877
v 7582.104 -6990.442 523.183
f 3360 3154 3334
f 3360 3185 3154
v 7567.712 -6976.207 522.269
f 3361 3186 3156
f 3361 3156 3335
f 3359 2877 2871
v 7490.695 -6948.286 544.658
f 3359 3362 2878
v 7481.970 -6950.455 550.134
f 3363 2186 2875
f 3363 2875 2187
f 3363 2185 2186
f 3363 1320 2185
f 3363 2190 1320
f 3363 2187 2190
v 7492.329 -6948.417 547.171
f 3364 2878 3362
v 7491.846 -6948.582 548.240
v 7493.170 -6949.195 551.771
f 3365 3366 2880
f 3365 2879 2878
f 3365 2880 2879
f 3365 2878 3364
v 7557.963 -6960.143 529.260
f 3367 3217 3194
f 3367 3194 3339
v 7491.854 -6950.455 554.894
f 3368 2193 1331
f 3368 2194 2193
f 3368 2880 3366
f 3368 2191 2880
f 3368 3366 2194
f 3368 1331 2191
v 7503.262 -6948.356 550.756
f 3369 2882 2881
v 7499.447 -6948.417 550.067
f 3369 2881 3370
v 7504.772 -6948.286 550.183
f 3369 3371 2882
v 7506.920 -6948.356 551.860
f 3372 2885 2882
f 3372 2891 2885
f 3372 2882 3371
v 7514.348 -6948.356 553.653
f 3373 2892 2891
f 3373 2893 2892
v 7519.515 -6948.286 553.548
f 3373 3374 2893
v 7548.282 -6949.690 544.307
f 3375 3354 3345
v 7507.443 -6950.455 560.131
f 3376 1345 2198
f 3376 2203 2202
f 3376 2197 2890
f 3376 2202 1345
f 3376 2890 2203
f 3376 2198 2197
v 7521.506 -6948.840 557.942
f 3377 2894 2893
v 7521.364 -6949.127 559.075
f 3378 2200 2894
f 3378 2897 2200
f 3378 2894 3377
v 7534.595 -6949.690 545.333
f 3375 3379 3354
v 7581.133 -6988.802 521.759
f 3380 3208 3185
v 7523.409 -6951.672 565.280
f 3381 2205 2204
f 3381 1362 2205
f 3381 2210 2209
f 3381 2204 2897
f 3381 2209 1362
v 7533.268 -6949.127 559.893
v 7534.595 -6948.718 558.182
f 3382 3383 2934
f 3382 2934 2933
f 3382 2933 2262
v 7529.291 -6949.127 559.769
f 3382 2898 3384
f 3382 2262 2898
v 7529.319 -6948.976 559.200
f 3382 3384 3385
v 7535.873 -6996.119 556.066
f 3386 3346 2905
v 7534.595 -6996.175 555.482
f 3386 3387 3346
v 7534.595 -6996.244 554.294
f 3386 3388 3387
f 3386 2905 2904
v 7545.438 -6994.542 561.868
f 3389 2216 2910
f 3380 3185 3360
v 7567.593 -6973.843 522.021
f 3390 3216 3186
f 3390 3186 3361
f 3390 3237 3216
f 3389 1396 2215
f 3389 2215 2216
f 3389 2901 1396
f 3389 2213 2901
v 7539.708 -6996.119 555.947
f 3391 3386 2904
v 7539.678 -6996.175 555.355
f 3392 3386 3391
f 3392 3391 2910
v 7547.349 -6996.119 555.278
f 3393 2910 2909
f 3393 2909 2219
f 3393 2219 2913
v 7558.347 -6958.150 530.504
f 3394 3217 3367
v 7547.202 -6996.217 554.101
f 3395 3393 2913
v 7549.440 -6996.254 551.991
f 3395 2913 3396
v 7550.749 -6996.257 552.301
f 3397 3396 2913
f 3397 2913 2912
v 7549.086 -6996.097 549.642
f 3397 3398 3396
v 7554.431 -6996.257 551.627
f 3399 3397 2912
v 7554.196 -6996.233 550.461
f 3400 3397 3399
f 3400 3399 2914
v 7561.709 -6996.257 549.871
f 3401 2914 2915
v 7563.953 -6996.254 548.678
f 3401 2915 3402
v 7561.387 -6996.233 548.725
f 3403 3401 3402
v 7563.253 -6996.097 546.409
f 3403 3402 3404
f 3403 2914 3401
v 7566.479 -6996.257 548.399
f 3405 2915 2917
f 3405 3402 2915
v 7566.100 -6996.233 547.271
f 3406 3404 3402
v 7580.258 -6986.998 520.475
f 3407 3208 3380
f 3407 3233 3208
f 3406 3402 3405
f 3406 3405 2917
v 7573.019 -6996.233 544.654
v 7573.482 -6996.257 545.751
f 3408 2917 3409
v 7576.904 -6996.257 544.233
v 7577.811 -6996.254 543.239
f 3410 2919 3411
f 3410 2918 2919
v 7576.780 -6996.097 541.100
f 3410 3411 3412
f 3410 3409 2918
f 3410 3408 3409
v 7580.267 -6996.257 542.587
f 3413 3411 2919
f 3413 2919 2921
v 7567.575 -6971.464 521.985
f 3414 3237 3390
f 3414 3261 3237
v 7579.724 -6996.233 541.528
f 3415 3411 3413
f 3415 3412 3411
f 3415 3413 2921
v 7586.176 -6996.233 537.909
v 7586.797 -6996.257 538.925
f 3416 2921 3417
v 7558.787 -6956.297 531.930
f 3418 3269 3247
f 3418 3247 3217
f 3418 3217 3394
v 7589.954 -6996.257 536.913
f 3419 3417 2922
f 3419 3416 3417
v 7590.703 -6996.254 535.796
v 7589.365 -6996.097 533.834
f 3419 3420 3421
f 3419 2922 2923
f 3419 2923 3420
v 7593.035 -6996.257 534.785
f 3422 2923 2925
f 3422 3420 2923
v 7592.340 -6996.233 533.819
f 3423 3420 3422
f 3423 3422 2925
f 3423 3421 3420
v 7598.181 -6996.233 529.279
v 7598.946 -6996.257 530.191
f 3424 2925 3425
v 7601.768 -6996.257 527.731
f 3426 3425 2929
f 3426 2929 2930
f 3426 3424 3425
v 7602.342 -6996.254 526.514
v 7600.727 -6996.097 524.773
f 3426 3427 3428
f 3426 2930 3427
v 7537.148 -6948.380 555.892
v 7534.595 -6948.373 555.852
v 7534.595 -6948.286 554.678
f 3429 3430 3431
v 7537.163 -6948.447 556.483
f 3432 3430 3429
v 7534.595 -6948.517 557.022
f 3432 3433 3430
v 7579.488 -6985.050 519.346
f 3434 3233 3407
f 3434 3260 3233
v 7537.177 -6948.529 557.067
f 3435 3433 3432
f 3435 2932 2934
f 3435 3432 2936
f 3435 3383 3433
f 3435 2934 3383
f 3435 2936 2932
v 7604.497 -6996.257 525.167
f 3436 2930 2931
f 3436 3427 2930
v 7603.666 -6996.233 524.315
f 3437 3436 2931
f 3437 3427 3436
f 3437 3428 3427
v 7567.661 -6969.092 522.163
f 3438 3261 3414
v 7559.279 -6954.600 533.525
f 3439 3269 3418
v 7540.082 -6950.478 563.445
f 3440 2268 2267
f 3440 2267 2260
f 3440 1459 2268
f 3440 2937 2279
f 3440 2260 2937
f 3440 2948 1459
f 3440 2279 2948
v 7548.556 -6948.352 554.672
v 7544.793 -6948.380 555.415
f 3441 2943 3442
f 3441 2947 2944
f 3441 2944 2943
v 7608.765 -6996.233 518.955
v 7609.657 -6996.257 519.743
f 3443 2931 3444
v 7551.927 -6948.258 551.795
v 7549.321 -6948.287 551.206
f 3445 2947 3446
f 3445 2946 2947
f 3445 2951 2946
v 7612.081 -6996.257 516.890
v 7612.467 -6996.254 515.602
f 3447 2940 3448
f 3447 2939 2940
f 3447 3443 3444
f 3447 3444 2939
v 7610.611 -6996.097 514.121
f 3447 3448 3449
v 7559.224 -6948.258 550.225
v 7563.719 -6948.287 547.920
f 3450 3451 2955
f 3450 2954 2951
f 3450 2955 2954
v 7615.880 -6996.257 511.940
f 3452 3448 2940
v 7614.913 -6996.233 511.245
f 3453 3448 3452
f 3453 3452 2952
v 7555.965 -6949.579 559.216
f 3454 2280 2950
f 3454 2293 1486
f 3454 1486 2284
f 3454 2284 2280
f 3454 2950 2294
f 3454 2294 2293
v 7565.046 -6948.267 548.021
f 3455 2955 3451
v 7563.021 -6948.522 545.657
f 3455 3451 3456
f 3455 2957 2955
v 7620.020 -6996.257 505.702
v 7620.853 -6996.254 503.302
f 3457 2953 3458
f 3457 2952 2953
v 7578.830 -6982.976 518.382
f 3459 3284 3260
f 3459 3260 3434
v 7567.848 -6966.751 522.550
f 3460 3261 3438
v 7619.004 -6996.233 505.082
v 7618.797 -6996.097 502.114
f 3461 3458 3462
f 3461 3457 3458
f 3461 2952 3457
v 7568.559 -6948.267 546.816
f 3463 2957 3455
v 7568.152 -6948.331 545.700
f 3463 3455 3464
f 3463 3464 2959
v 7574.949 -6948.331 542.934
v 7576.439 -6948.522 540.391
v 7577.467 -6948.287 542.525
f 3465 3466 3467
f 3460 3290 3261
v 7559.818 -6953.077 535.272
f 3468 3269 3439
v 7575.438 -6948.267 544.017
f 3469 2960 2959
f 3469 3467 2960
f 3469 3465 3467
f 3469 2959 3465
v 7578.794 -6948.267 542.427
f 3470 2968 2960
f 3470 3467 3466
f 3470 2960 3467
f 3468 3295 3269
v 7627.323 -6996.257 491.234
v 7627.313 -6996.254 489.889
f 3471 2964 3472
v 7625.102 -6996.097 489.021
f 3471 3472 3473
f 3471 2963 2964
v 7582.088 -6948.267 540.712
v 7581.519 -6948.331 539.668
f 3474 3475 2970
f 3474 3470 3475
f 3474 2968 3470
v 7628.235 -6996.257 488.911
f 3476 2964 2969
f 3476 3472 2964
f 3476 3473 3472
v 7629.494 -6996.257 485.384
f 3477 3476 2969
v 7587.827 -6948.331 535.921
v 7588.922 -6948.522 533.184
v 7590.256 -6948.287 535.141
f 3478 3479 3480
v 7628.366 -6996.233 485.005
f 3481 3476 3477
f 3481 3477 2972
v 7588.472 -6948.267 536.919
f 3482 3480 2971
f 3482 2971 2970
f 3482 2970 3478
f 3482 3478 3480
v 7591.554 -6948.267 534.846
f 3483 2971 3480
f 3483 2975 2971
f 3483 3480 3479
v 7631.611 -6996.257 478.203
f 3484 2972 2973
v 7631.701 -6996.254 475.664
f 3484 2973 3485
v 7578.292 -6980.796 517.592
f 3486 3284 3459
f 3486 3310 3284
v 7568.134 -6964.464 523.145
f 3487 3290 3460
v 7630.458 -6996.233 477.910
f 3488 2972 3484
f 3488 3484 3485
v 7629.385 -6996.097 475.135
f 3488 3485 3489
v 7594.556 -6948.267 532.660
f 3490 2975 3483
v 7593.838 -6948.331 531.712
f 3490 3483 3491
f 3490 3491 2978
v 7632.722 -6996.257 473.337
f 3492 2973 2977
f 3492 3485 2973
v 7631.555 -6996.233 473.101
f 3493 3485 3492
f 3487 3319 3290
v 7560.399 -6951.742 537.155
f 3494 3325 3295
f 3493 3489 3485
f 3493 3492 2977
v 7599.517 -6948.331 527.066
v 7600.192 -6948.522 524.197
v 7601.802 -6948.287 525.933
f 3495 3496 3497
v 7600.304 -6948.267 527.957
f 3498 3497 2979
f 3498 2979 2978
f 3498 2978 3495
f 3498 3495 3497
v 7603.042 -6948.267 525.448
f 3499 2979 3497
f 3499 3497 3496
f 3499 2987 2979
f 3494 3295 3468
v 7632.749 -6996.233 465.800
v 7633.930 -6996.257 465.948
f 3500 2977 3501
v 7634.326 -6996.257 462.225
v 7633.919 -6996.254 460.943
f 3502 2986 3503
v 7631.551 -6996.097 460.766
f 3502 3503 3504
f 3502 3500 3501
f 3502 3501 2985
f 3502 2985 2986
v 7605.684 -6948.267 522.839
v 7604.833 -6948.331 522.009
f 3505 3506 2989
f 3505 2987 3499
v 7593.236 -6991.904 516.701
f 3507 3334 3304
v 7594.606 -6993.173 518.177
f 3507 3304 3508
f 3507 3360 3334
f 3505 3499 3506
v 7634.513 -6996.257 459.736
f 3509 3503 2986
f 3509 3504 3503
f 3509 2986 2988
v 7634.676 -6996.257 455.996
f 3510 3509 2988
v 7609.756 -6948.331 516.568
v 7609.996 -6948.522 513.630
v 7611.847 -6948.287 515.107
f 3511 3512 3513
v 7633.486 -6996.233 455.966
f 3514 3509 3510
f 3514 3510 2991
v 7577.877 -6978.533 516.984
f 3515 3335 3310
f 3515 3310 3486
f 3515 3361 3335
v 7568.517 -6962.254 523.941
f 3516 3339 3319
v 7610.667 -6948.267 517.332
f 3517 3513 2990
f 3517 3511 3513
f 3517 2989 3511
f 3517 2990 2989
v 7613.174 -6948.331 512.255
f 3518 3513 3512
v 7634.583 -6996.257 448.510
v 7633.919 -6996.254 446.057
f 3519 2992 3520
f 3519 2991 2992
v 7614.126 -6948.267 512.966
f 3521 2990 3513
f 3521 3513 3518
v 7618.295 -6948.356 512.107
f 3521 3518 3522
v 7633.394 -6996.233 448.569
v 7631.551 -6996.097 446.234
f 3523 3520 3524
f 3516 3319 3487
f 3523 3519 3520
f 3523 2991 3519
v 7619.316 -6948.849 516.027
f 3525 2995 2360
v 7617.345 -6948.331 506.218
v 7618.116 -6948.522 501.721
f 3526 3527 3003
v 7633.930 -6996.257 441.052
f 3528 3520 2992
v 7618.348 -6948.267 506.857
f 3529 3522 3526
f 3529 3526 3003
f 3529 3003 3001
v 7632.749 -6996.233 441.200
f 3530 3528 2998
f 3530 3520 3528
v 7622.540 -6949.017 512.661
f 3531 2375 2379
f 3531 2379 1603
f 3531 3525 3522
v 7632.722 -6996.257 433.663
v 7631.701 -6996.254 431.336
f 3532 2999 3533
f 3532 2998 2999
v 7591.959 -6990.442 515.324
f 3534 3360 3507
v 7631.555 -6996.233 433.899
v 7629.385 -6996.097 431.865
f 3535 3533 3536
f 3535 2998 3532
f 3535 3532 3533
v 7622.964 -6948.267 498.804
f 3537 3004 3003
v 7621.906 -6948.331 498.262
f 3537 3538 3009
f 3537 3003 3538
v 7631.912 -6996.257 430.008
f 3539 3536 3533
f 3539 3533 2999
f 3539 2999 3008
v 7630.965 -6996.257 426.386
f 3540 3539 3008
v 7577.591 -6976.207 516.565
f 3541 3361 3515
v 7625.007 -6948.331 491.612
v 7624.370 -6948.522 488.734
v 7626.574 -6948.287 489.599
f 3542 3543 3544
v 7629.820 -6996.233 426.708
f 3545 3540 3011
f 3545 3539 3540
v 7626.102 -6948.267 492.074
f 3546 3542 3544
f 3546 3009 3542
f 3546 3544 3010
f 3546 3010 3009
v 7626.794 -6948.331 487.058
f 3547 3544 3543
v 7568.994 -6960.143 524.930
f 3548 3367 3339
f 3548 3339 3516
v 7627.911 -6948.267 487.464
f 3549 3014 3010
f 3549 3544 3547
f 3549 3010 3544
f 3549 3547 3014
v 7628.669 -6996.257 419.260
v 7627.313 -6996.254 417.111
f 3550 3012 3551
f 3550 3011 3012
v 7627.551 -6996.233 419.667
f 3552 3550 3551
f 3552 3011 3550
v 7625.102 -6996.097 417.979
f 3552 3551 3553
v 7630.188 -6948.267 480.396
v 7629.044 -6948.331 480.074
f 3554 3014 3555
v 7631.127 -6948.267 476.803
f 3556 3016 3015
v 7630.927 -6948.287 475.487
f 3556 3557 3016
v 7628.618 -6948.522 474.960
f 3556 3558 3557
f 3556 3554 3555
f 3556 3015 3554
v 7630.766 -6948.331 472.941
f 3559 3557 3558
v 7631.931 -6948.267 473.177
f 3560 3016 3557
f 3560 3559 3021
f 3560 3557 3559
v 7590.786 -6988.802 514.060
f 3561 3360 3534
f 3561 3380 3360
f 3560 3021 3016
v 7621.912 -6996.257 404.529
f 3562 3017 3018
v 7620.853 -6996.254 403.698
v 7618.797 -6996.097 404.886
f 3562 3563 3564
f 3562 3018 3563
v 7620.020 -6996.257 401.298
f 3565 3018 3022
f 3565 3563 3018
v 7619.004 -6996.233 401.918
f 3566 3565 3022
f 3566 3564 3563
f 3566 3563 3565
v 7577.436 -6973.843 516.338
f 3567 3414 3390
f 3567 3390 3361
f 3567 3361 3541
v 7633.129 -6948.267 465.848
v 7631.950 -6948.331 465.700
f 3568 3021 3569
v 7638.977 -6949.017 471.905
f 3570 3021 2430
f 3570 2416 2415
f 3570 1637 2416
f 3570 2430 2429
f 3570 1649 1637
f 3570 2429 1649
f 3570 2415 3021
v 7633.522 -6948.267 462.155
f 3571 3028 3027
v 7633.128 -6948.287 460.884
f 3571 3572 3028
f 3571 3027 3568
f 3571 3568 3569
v 7630.767 -6948.522 460.707
f 3571 3573 3572
v 7633.707 -6948.267 459.686
f 3574 3031 3028
f 3574 3028 3572
v 7569.559 -6958.150 526.103
f 3575 3367 3548
f 3575 3394 3367
f 3574 3572 3573
v 7614.913 -6996.233 395.755
v 7615.880 -6996.257 395.060
f 3576 3022 3577
v 7613.638 -6996.257 392.062
v 7612.467 -6996.254 391.398
v 7610.611 -6996.097 392.879
f 3578 3579 3580
f 3578 3029 3030
f 3578 3030 3579
f 3578 3577 3029
f 3578 3576 3577
v 7633.869 -6948.267 455.976
v 7632.681 -6948.331 455.946
f 3581 3582 3034
f 3581 3031 3574
f 3581 3574 3582
v 7611.285 -6996.257 389.149
f 3583 3579 3030
f 3583 3030 3033
v 7610.373 -6996.233 389.914
f 3584 3580 3579
f 3584 3583 3033
f 3584 3579 3583
v 7632.589 -6948.331 448.609
v 7630.767 -6948.522 446.293
v 7633.128 -6948.287 446.116
f 3585 3586 3587
v 7633.776 -6948.267 448.550
f 3588 3034 3585
f 3588 3587 3035
f 3588 3585 3587
f 3588 3035 3034
v 7589.730 -6986.998 512.922
f 3589 3434 3407
f 3589 3380 3561
f 3589 3407 3380
v 7632.224 -6948.331 443.731
f 3590 3587 3586
v 7605.410 -6996.233 384.429
v 7606.262 -6996.257 383.598
f 3591 3033 3592
v 7633.406 -6948.267 443.612
f 3593 3035 3587
f 3593 3590 3041
f 3593 3587 3590
f 3593 3041 3035
v 7603.598 -6996.257 380.967
f 3594 3591 3592
f 3594 3592 3038
v 7577.414 -6971.464 516.305
f 3595 3438 3414
f 3595 3414 3567
v 7602.342 -6996.254 380.486
f 3594 3039 3596
f 3594 3038 3039
v 7600.727 -6996.097 382.227
f 3594 3596 3597
v 7601.768 -6996.257 379.269
f 3598 3596 3039
f 3598 3597 3596
f 3598 3039 3040
v 7632.391 -6948.267 436.256
v 7631.221 -6948.331 436.462
f 3599 3041 3600
v 7598.946 -6996.257 376.809
f 3601 3598 3040
v 7570.206 -6956.297 527.448
f 3602 3418 3394
f 3602 3394 3575
v 7598.181 -6996.233 377.721
f 3603 3601 3042
f 3603 3598 3601
v 7631.678 -6948.267 432.611
f 3604 3049 3044
v 7630.927 -6948.287 431.513
f 3604 3605 3049
f 3604 3599 3600
v 7628.618 -6948.522 432.040
f 3604 3606 3605
f 3604 3044 3599
v 7631.127 -6948.267 430.197
f 3607 3049 3605
f 3607 3050 3049
f 3607 3605 3606
v 7593.035 -6996.257 372.215
v 7590.703 -6996.254 371.204
f 3608 3043 3609
f 3608 3042 3043
v 7592.340 -6996.233 373.181
v 7589.365 -6996.097 373.166
f 3610 3609 3611
f 3610 3608 3609
f 3610 3042 3608
v 7630.188 -6948.267 426.604
f 3612 3050 3607
v 7629.044 -6948.331 426.926
f 3612 3613 3054
f 3612 3607 3613
v 7588.910 -6996.257 369.403
f 3614 3043 3053
f 3614 3609 3043
v 7588.800 -6985.050 511.920
f 3615 3459 3434
v 7588.264 -6996.233 370.403
f 3616 3611 3609
f 3616 3609 3614
f 3616 3614 3053
v 7626.794 -6948.331 419.942
v 7624.370 -6948.522 418.266
f 3617 3618 3061
v 7627.911 -6948.267 419.536
f 3619 3054 3617
f 3619 3055 3054
f 3619 3617 3061
f 3619 3061 3055
f 3615 3434 3589
v 7577.525 -6969.092 516.467
f 3620 3438 3595
f 3620 3460 3438
v 7581.905 -6996.233 366.624
v 7582.474 -6996.257 365.579
f 3621 3053 3622
v 7579.153 -6996.257 363.850
f 3623 3621 3622
v 7577.811 -6996.254 363.761
v 7576.780 -6996.097 365.900
f 3623 3624 3625
f 3623 3059 3624
f 3623 3622 3058
f 3623 3058 3059
v 7625.112 -6948.267 412.657
f 3626 3060 3061
v 7624.029 -6948.331 413.146
f 3626 3627 3063
f 3626 3061 3627
v 7570.930 -6954.600 528.952
f 3628 3439 3418
f 3628 3418 3602
v 7576.904 -6996.257 362.767
f 3629 3625 3624
f 3629 3624 3059
f 3629 3059 3062
v 7573.482 -6996.257 361.249
f 3630 3629 3062
v 7620.763 -6948.331 406.575
v 7618.116 -6948.522 405.279
v 7620.167 -6948.287 404.095
f 3631 3632 3633
v 7573.019 -6996.233 362.346
f 3634 3630 3065
f 3634 3629 3630
v 7621.807 -6948.267 406.007
f 3635 3063 3631
f 3635 3633 3064
f 3635 3631 3633
f 3635 3064 3063
v 7618.317 -6948.331 402.339
f 3636 3633 3632
v 7619.331 -6948.267 401.719
f 3637 3074 3073
f 3637 3064 3633
f 3637 3073 3064
f 3637 3633 3636
f 3637 3636 3074
v 7566.479 -6996.257 358.601
f 3638 3065 3066
v 7563.953 -6996.254 358.322
f 3638 3066 3639
v 7566.100 -6996.233 359.729
f 3640 3638 3639
f 3640 3065 3638
v 7563.253 -6996.097 360.591
f 3640 3639 3641
v 7588.006 -6982.976 511.064
f 3642 3459 3615
v 7615.224 -6948.267 395.531
v 7614.259 -6948.331 396.225
f 3643 3074 3644
v 7613.000 -6948.267 392.557
f 3645 3076 3075
f 3645 3643 3644
f 3645 3075 3643
f 3645 3081 3076
v 7577.768 -6966.751 516.823
f 3646 3487 3460
f 3646 3460 3620
v 7609.996 -6948.522 393.370
f 3645 3647 3081
v 7550.749 -6996.257 354.699
v 7549.440 -6996.254 355.009
f 3648 3079 3649
f 3648 3078 3079
v 7549.086 -6996.097 357.358
f 3648 3649 3650
v 7609.052 -6948.267 387.791
v 7608.161 -6948.331 388.578
f 3651 3652 3083
f 3651 3081 3652
f 3651 3080 3081
v 7544.563 -6996.257 353.885
f 3653 3649 3079
v 7571.724 -6953.077 530.600
f 3654 3494 3468
f 3654 3439 3628
f 3654 3468 3439
v 7603.103 -6948.331 383.261
v 7600.192 -6948.522 382.803
v 7601.802 -6948.287 381.067
f 3655 3656 3657
v 7544.444 -6996.233 355.069
f 3658 3649 3653
f 3658 3653 3085
v 7603.933 -6948.267 382.411
f 3659 3657 3084
f 3659 3083 3655
f 3659 3655 3657
f 3659 3084 3083
v 7599.517 -6948.331 379.934
f 3660 3657 3656
v 7600.304 -6948.267 379.043
f 3661 3084 3657
f 3661 3657 3660
f 3661 3660 3092
f 3661 3092 3084
v 7537.090 -6996.257 353.419
v 7534.595 -6996.254 353.897
f 3662 3086 3663
f 3662 3085 3086
v 7537.061 -6996.233 354.609
v 7534.595 -6996.097 356.272
f 3664 3663 3665
f 3664 3662 3663
f 3664 3085 3662
v 7587.356 -6980.796 510.363
f 3666 3515 3486
f 3666 3459 3642
v 7594.556 -6948.267 374.340
v 7593.838 -6948.331 375.288
f 3667 3092 3668
v 7591.554 -6948.267 372.154
v 7588.922 -6948.522 373.816
v 7590.256 -6948.287 371.859
f 3669 3670 3671
f 3669 3096 3095
f 3669 3095 3667
f 3669 3667 3668
f 3669 3671 3096
v 7514.351 -6994.269 345.821
f 3672 3093 3100
f 3672 3100 3101
f 3672 1776 1774
f 3672 3101 1776
f 3672 1774 3093
v 7587.827 -6948.331 371.079
f 3673 3671 3670
f 3666 3486 3459
v 7578.139 -6964.464 517.369
f 3674 3487 3646
v 7588.472 -6948.267 370.081
f 3675 3105 3104
f 3675 3104 3096
f 3675 3673 3105
f 3675 3671 3673
f 3675 3096 3671
v 7520.909 -6996.257 354.327
v 7519.749 -6996.254 355.009
f 3676 3098 3677
v 7520.103 -6996.097 357.358
f 3676 3677 3678
f 3676 3097 3098
v 7517.728 -6996.106 352.202
f 3679 3677 3098
f 3679 3098 2544
f 3679 2544 3102
v 7508.345 -6994.269 347.125
f 3680 3100 3099
f 3680 3099 1797
v 7506.039 -6994.316 347.834
f 3681 2553 3106
f 3681 3680 1797
f 3681 3106 3680
f 3681 1797 2553
v 7513.952 -6996.106 352.904
f 3682 3679 3102
v 7572.579 -6951.742 532.375
f 3683 3494 3654
v 7514.191 -6996.210 354.065
f 3684 3679 3682
f 3684 3682 3107
v 7582.088 -6948.267 366.288
v 7581.519 -6948.331 367.332
f 3685 3105 3686
v 7578.794 -6948.267 364.573
f 3687 3685 3686
f 3687 3108 3685
f 3687 3109 3108
f 3687 3114 3109
v 7576.439 -6948.522 366.609
f 3687 3688 3114
v 7506.493 -6996.106 354.728
v 7504.535 -6996.175 356.049
f 3689 2556 3690
f 3689 3107 2556
v 7506.817 -6996.210 355.868
f 3691 3689 3690
f 3691 3107 3689
v 7505.236 -6996.254 358.322
f 3691 3690 3692
v 7573.168 -6948.267 361.992
v 7572.707 -6948.331 363.088
f 3693 3694 3116
v 7602.001 -6991.904 507.255
v 7603.575 -6993.173 508.510
f 3695 3508 3696
f 3695 3507 3508
f 3693 3114 3694
f 3693 3113 3114
v 7500.354 -6996.257 359.425
f 3697 3692 3690
v 7565.843 -6948.331 360.492
v 7563.021 -6948.522 361.343
v 7563.719 -6948.287 359.080
f 3698 3699 3700
v 7500.761 -6996.233 360.544
f 3701 3697 3120
f 3701 3692 3697
v 7586.856 -6978.533 509.824
f 3702 3515 3666
v 7578.637 -6962.254 518.099
f 3703 3487 3674
v 7566.222 -6948.267 359.366
f 3704 3700 3119
f 3704 3119 3116
f 3704 3698 3700
f 3704 3116 3698
v 7562.763 -6948.261 357.967
f 3705 3119 3700
f 3705 3123 3119
f 3705 3700 3699
v 7493.420 -6996.257 362.247
f 3706 3120 3121
v 7491.378 -6996.254 363.761
f 3706 3121 3707
v 7493.909 -6996.233 363.332
f 3708 3120 3706
f 3708 3706 3707
v 7492.409 -6996.097 365.900
f 3708 3707 3709
f 3703 3516 3487
v 7559.172 -6948.261 356.980
v 7558.878 -6948.310 358.133
f 3710 3711 3131
f 3710 3705 3711
f 3710 3123 3705
v 7551.683 -6948.310 356.585
v 7548.968 -6948.522 358.136
v 7549.321 -6948.287 355.794
f 3712 3713 3714
f 3712 3131 3711
v 7551.890 -6948.261 355.413
f 3715 3714 3130
f 3715 3131 3712
f 3715 3130 3129
f 3715 3129 3131
f 3715 3712 3714
v 7555.653 -6949.093 349.330
f 3716 1863 3125
f 3716 3131 2594
f 3716 2594 2597
f 3716 2597 1863
v 7547.006 -6948.258 354.463
f 3717 3130 3714
f 3717 3133 3130
f 3717 3136 3133
v 7479.235 -6996.257 370.087
v 7478.486 -6996.254 371.204
v 7479.824 -6996.097 373.166
f 3718 3719 3720
f 3718 3128 3719
f 3718 3127 3128
v 7476.155 -6996.257 372.215
f 3721 3128 3134
f 3721 3719 3128
v 7476.849 -6996.233 373.181
f 3722 3720 3719
f 3722 3721 3134
f 3722 3719 3721
v 7600.533 -6990.442 506.084
f 3723 3561 3534
f 3723 3507 3695
v 7539.570 -6948.258 353.813
f 3724 3142 3136
v 7534.595 -6948.287 354.690
f 3724 3725 3143
f 3724 3143 3142
v 7545.333 -6949.579 346.182
f 3726 2601 3135
f 3726 3135 2614
f 3726 2614 2613
f 3726 2613 1872
f 3726 1872 2602
f 3726 2602 2601
v 7533.353 -6948.261 353.908
f 3727 3143 3725
f 3727 3147 3143
v 7534.595 -6948.522 357.058
f 3727 3725 3728
f 3723 3534 3507
v 7586.510 -6976.207 509.452
f 3729 3541 3515
f 3729 3515 3702
v 7471.009 -6996.233 377.721
v 7470.244 -6996.257 376.809
f 3730 3134 3731
v 7467.421 -6996.257 379.269
v 7466.847 -6996.254 380.486
f 3732 3141 3733
f 3732 3140 3141
v 7468.463 -6996.097 382.227
f 3732 3733 3734
f 3732 3731 3140
f 3732 3730 3731
v 7529.630 -6948.261 354.024
f 3735 3147 3727
v 7529.689 -6948.310 355.212
f 3735 3736 3158
f 3735 3727 3736
v 7579.256 -6960.143 519.006
f 3737 3548 3516
f 3737 3516 3703
v 7522.358 -6948.310 355.853
v 7520.221 -6948.522 358.136
v 7519.868 -6948.287 355.794
f 3738 3739 3740
f 3738 3158 3736
v 7522.210 -6948.261 354.673
f 3741 3738 3740
f 3741 3158 3738
f 3741 3159 3157
f 3741 3740 3159
f 3741 3157 3158
v 7518.571 -6948.267 355.496
f 3742 3159 3740
f 3742 3160 3159
f 3742 3740 3739
v 7524.013 -6949.093 347.751
f 3743 3158 2625
f 3743 1910 3150
f 3743 2628 1910
f 3743 2625 2628
v 7457.108 -6996.257 390.110
v 7456.722 -6996.254 391.398
v 7458.578 -6996.097 392.879
f 3744 3745 3746
f 3744 3153 3745
f 3744 3152 3153
v 7514.918 -6948.267 356.164
f 3747 3160 3742
v 7515.153 -6948.331 357.329
f 3747 3748 3161
f 3747 3742 3748
v 7508.021 -6948.331 359.050
v 7506.168 -6948.522 361.343
v 7505.470 -6948.287 359.080
f 3749 3750 3751
v 7599.185 -6988.802 505.009
f 3752 3561 3723
v 7507.699 -6948.267 357.906
f 3753 3749 3751
f 3753 3161 3749
f 3753 3162 3161
f 3753 3751 3162
v 7437.977 -6994.652 403.848
f 3754 2640 1923
f 3754 3168 2641
f 3754 2641 2640
f 3754 1923 2651
f 3754 2651 2652
f 3754 2652 3168
v 7502.806 -6948.258 358.886
f 3755 3169 3162
f 3755 3175 3169
f 3755 3162 3751
v 7448.525 -6996.257 402.367
v 7448.336 -6996.254 403.698
v 7450.392 -6996.097 404.886
f 3756 3757 3758
f 3756 3164 3165
v 7586.323 -6973.843 509.250
f 3759 3567 3541
f 3759 3541 3729
f 3756 3165 3757
v 7446.242 -6996.249 405.363
f 3760 3166 3173
f 3760 3165 3166
f 3760 3757 3165
v 7495.824 -6948.258 361.526
f 3761 3181 3180
v 7491.723 -6948.287 364.475
f 3761 3762 3181
f 3761 3180 3175
v 7497.706 -6949.579 352.150
f 3763 2662 2661
f 3763 2661 1941
f 3763 2648 3174
f 3763 3174 2662
f 3763 2653 2648
f 3763 1941 2653
v 7442.892 -6996.249 412.101
v 7441.877 -6996.254 417.111
f 3764 3178 3765
f 3764 3173 3177
v 7579.989 -6958.150 520.081
f 3766 3575 3548
f 3766 3548 3737
f 3764 3177 3178
v 7490.265 -6948.261 364.309
v 7492.750 -6948.522 366.609
f 3767 3762 3768
f 3767 3184 3181
f 3767 3181 3762
v 7486.961 -6948.261 366.029
f 3769 3184 3767
v 7487.529 -6948.310 367.074
f 3769 3767 3770
f 3769 3770 3199
v 7439.695 -6996.257 421.616
f 3771 3765 3178
v 7440.824 -6996.233 421.995
f 3772 3771 3190
f 3772 3765 3771
v 7481.202 -6948.310 370.833
v 7480.267 -6948.522 373.816
v 7478.933 -6948.287 371.859
f 3773 3774 3775
f 3773 3199 3770
v 7480.557 -6948.261 369.834
f 3776 3773 3775
f 3776 3200 3198
f 3776 3199 3773
f 3776 3198 3199
f 3776 3775 3200
v 7426.963 -6994.269 433.005
f 3777 1950 3192
f 3777 3202 3203
f 3777 3192 3202
f 3777 3203 1948
f 3777 1948 1950
v 7477.635 -6948.267 372.154
f 3778 3205 3200
f 3778 3775 3774
f 3778 3200 3775
v 7479.178 -6949.093 362.815
f 3779 3199 2669
f 3779 2669 2672
f 3779 2672 1982
f 3779 1982 3189
v 7437.578 -6996.257 428.797
f 3780 3190 3191
v 7437.489 -6996.254 431.336
f 3780 3191 3781
v 7438.731 -6996.233 429.090
f 3782 3190 3780
v 7597.970 -6986.998 504.040
f 3783 3561 3752
f 3783 3589 3561
v 7586.297 -6971.464 509.222
f 3784 3595 3567
f 3784 3567 3759
v 7439.804 -6996.097 431.865
f 3782 3781 3785
f 3782 3780 3781
v 7434.137 -6996.106 432.192
f 3786 2668 3204
f 3786 3781 3191
f 3786 3191 2668
v 7474.634 -6948.267 374.340
v 7475.351 -6948.331 375.288
f 3787 3788 3210
f 3787 3205 3778
f 3787 3778 3788
v 7425.983 -6994.269 439.072
f 3789 3201 1973
f 3789 3202 3201
v 7425.800 -6994.316 441.478
f 3790 3206 3789
f 3790 1973 2678
f 3790 2678 3206
f 3790 3789 1973
v 7433.411 -6996.106 435.963
f 3791 3786 3204
v 7580.830 -6956.297 521.315
f 3792 3575 3766
f 3792 3602 3575
v 7434.579 -6996.210 436.166
f 3793 3791 3207
f 3793 3786 3791
v 7469.672 -6948.331 379.934
v 7468.998 -6948.522 382.803
v 7467.387 -6948.287 381.067
f 3794 3795 3796
v 7468.886 -6948.267 379.043
f 3797 3794 3796
f 3797 3211 3210
f 3797 3796 3211
f 3797 3210 3794
v 7432.383 -6996.106 443.574
f 3798 3207 3209
f 3798 3209 3214
v 7433.563 -6996.210 443.688
v 7435.270 -6996.254 446.057
f 3799 3214 3800
f 3799 3207 3798
f 3799 3798 3214
v 7426.002 -6994.652 450.686
f 3801 1997 2694
f 3801 2694 2693
f 3801 2693 3218
f 3801 2684 2683
f 3801 3218 2684
f 3801 2683 1997
v 7464.903 -6948.258 382.048
f 3802 3219 3211
f 3802 3211 3796
f 3802 3224 3219
v 7434.106 -6996.249 448.465
f 3803 3800 3214
f 3803 3213 3220
f 3803 3214 3213
v 7459.758 -6948.258 387.456
f 3804 3228 3224
f 3804 3229 3228
v 7457.342 -6948.287 391.893
f 3804 3805 3229
v 7457.385 -6949.579 378.192
f 3806 2691 3223
f 3806 2696 2691
f 3806 3223 2706
f 3806 2705 2016
f 3806 2016 2696
f 3806 2706 2705
v 7434.011 -6996.249 455.989
v 7435.270 -6996.254 460.943
f 3807 3227 3808
f 3807 3220 3226
f 3807 3226 3227
v 7455.032 -6948.258 393.233
f 3809 3234 3229
f 3809 3229 3805
f 3809 3239 3234
v 7434.980 -6996.257 463.468
f 3810 3808 3227
v 7596.902 -6985.050 503.188
f 3811 3589 3783
f 3811 3615 3589
v 7586.430 -6969.092 509.366
f 3812 3620 3595
f 3810 3227 3236
v 7436.164 -6996.233 463.349
v 7437.638 -6996.097 460.766
f 3813 3814 3808
f 3813 3810 3236
f 3813 3808 3810
v 7450.750 -6948.258 399.348
f 3815 3242 3239
v 7449.023 -6948.287 404.095
f 3815 3816 3243
f 3815 3243 3242
v 7447.024 -6949.579 390.541
f 3817 2710 2709
f 3817 2709 3238
f 3817 2041 2710
f 3817 2719 2041
f 3817 2720 2719
f 3817 3238 2720
f 3812 3595 3784
v 7581.770 -6954.600 522.694
f 3818 3602 3792
v 7448.426 -6948.331 406.575
v 7451.074 -6948.522 405.279
f 3819 3816 3820
v 7437.175 -6996.233 470.678
v 7436.003 -6996.257 470.884
f 3821 3236 3822
v 7447.382 -6948.267 406.007
f 3823 3246 3243
f 3823 3819 3246
f 3823 3243 3816
f 3823 3816 3819
v 7436.722 -6996.257 474.559
v 7437.489 -6996.254 475.664
v 7439.804 -6996.097 475.135
f 3824 3825 3826
f 3824 3241 3825
f 3824 3822 3240
f 3824 3821 3822
f 3818 3628 3602
f 3824 3240 3241
v 7444.077 -6948.267 412.657
v 7445.161 -6948.331 413.146
f 3827 3246 3828
v 7442.613 -6948.267 416.070
f 3829 3251 3250
f 3829 3250 3827
v 7442.615 -6948.287 417.401
f 3829 3830 3251
v 7444.820 -6948.522 418.266
f 3829 3831 3830
f 3829 3827 3828
v 7441.709 -6948.267 418.375
f 3832 3251 3830
f 3832 3256 3251
f 3832 3830 3831
v 7435.535 -6994.652 498.081
f 3833 2060 2742
f 3833 2743 3258
f 3833 3258 2732
f 3833 2732 2731
f 3833 2731 2060
f 3833 2742 2743
v 7440.954 -6996.257 488.911
v 7441.877 -6996.254 489.889
f 3834 3253 3835
f 3834 3252 3253
v 7444.087 -6996.097 489.021
f 3834 3835 3836
v 7595.989 -6982.976 502.460
f 3837 3615 3811
f 3837 3642 3615
v 7586.723 -6966.751 509.681
f 3838 3646 3620
f 3838 3620 3812
v 7440.460 -6948.267 421.873
v 7441.587 -6948.331 422.251
f 3839 3840 3262
f 3839 3256 3832
f 3839 3832 3840
v 7441.873 -6996.249 492.564
f 3841 3835 3253
f 3841 3254 3259
f 3841 3253 3254
v 7439.512 -6948.331 429.289
v 7440.571 -6948.522 432.040
v 7438.262 -6948.287 431.513
f 3842 3843 3844
v 7438.360 -6948.267 428.996
f 3845 3842 3844
f 3845 3263 3262
f 3845 3262 3842
f 3845 3844 3263
v 7445.052 -6996.249 499.384
v 7448.336 -6996.254 503.302
f 3846 3266 3847
f 3846 3259 3265
f 3846 3265 3266
v 7582.800 -6953.077 524.205
f 3848 3683 3654
v 7436.762 -6948.258 433.723
f 3849 3270 3263
f 3849 3272 3270
f 3849 3263 3844
v 7435.558 -6948.258 441.089
f 3850 3277 3272
v 7436.061 -6948.287 446.116
f 3850 3851 3278
f 3850 3278 3277
v 7450.498 -6996.257 507.816
f 3852 3847 3266
v 7451.497 -6996.233 507.170
f 3853 3852 3273
f 3848 3628 3818
f 3848 3654 3628
f 3853 3847 3852
v 7428.379 -6949.579 434.771
f 3854 2094 2757
f 3854 2757 2756
f 3854 2766 2765
f 3854 2765 2094
f 3854 2756 3271
f 3854 3271 2766
v 7435.482 -6948.267 447.314
f 3855 3278 3851
f 3855 3280 3278
v 7438.423 -6948.522 446.293
f 3855 3851 3856
v 7454.792 -6996.257 513.948
f 3857 3273 3274
v 7456.722 -6996.254 515.602
f 3857 3274 3858
v 7455.740 -6996.233 513.230
f 3859 3857 3858
v 7458.578 -6996.097 514.121
f 3859 3858 3860
f 3859 3273 3857
v 7435.320 -6948.267 451.024
f 3861 3280 3855
v 7436.508 -6948.331 451.054
f 3861 3855 3862
f 3861 3862 3282
v 7436.600 -6948.331 458.391
v 7438.423 -6948.522 460.707
v 7436.061 -6948.287 460.884
f 3863 3864 3865
v 7595.242 -6980.796 501.864
f 3866 3702 3666
f 3866 3666 3642
f 3866 3642 3837
v 7435.413 -6948.267 458.450
f 3867 3865 3283
f 3867 3863 3865
f 3867 3282 3863
f 3867 3283 3282
v 7435.667 -6948.267 462.155
f 3868 3283 3865
f 3868 3291 3283
f 3868 3865 3864
v 7464.688 -6994.652 536.647
f 3869 2777 2105
f 3869 2788 3292
f 3869 2778 2777
f 3869 2105 2786
f 3869 2786 2788
f 3869 3292 2778
v 7587.172 -6964.464 510.165
f 3870 3674 3646
f 3870 3646 3838
v 7583.910 -6951.742 525.833
f 3871 3683 3848
v 7465.591 -6996.257 526.033
v 7466.847 -6996.254 526.514
v 7468.463 -6996.097 524.773
f 3872 3873 3874
f 3872 3287 3873
f 3872 3286 3287
v 7436.060 -6948.267 465.848
f 3875 3291 3868
v 7437.239 -6948.331 465.700
f 3875 3868 3876
f 3875 3876 3294
v 7468.005 -6996.249 528.926
f 3877 3873 3287
f 3877 3287 3288
f 3877 3288 3293
v 7438.423 -6948.331 472.941
v 7440.571 -6948.522 474.960
v 7438.262 -6948.287 475.487
f 3878 3879 3880
v 7437.258 -6948.267 473.177
f 3881 3298 3294
f 3881 3880 3298
f 3881 3878 3880
f 3881 3294 3878
v 7473.827 -6996.249 533.691
v 7478.486 -6996.254 535.796
f 3882 3301 3883
f 3882 3293 3300
f 3882 3300 3301
v 7437.776 -6948.261 476.872
f 3884 3298 3880
f 3884 3880 3879
f 3884 3305 3298
v 7438.717 -6948.261 480.476
v 7439.862 -6948.310 480.154
f 3885 3884 3886
f 3885 3886 3313
f 3885 3305 3884
v 7609.260 -6991.904 496.608
f 3887 3695 3696
v 7482.392 -6996.257 538.925
f 3888 3883 3301
v 7483.013 -6996.233 537.909
f 3889 3888 3308
f 3889 3883 3888
v 7442.119 -6948.310 487.158
f 3890 3313 3886
v 7444.820 -6948.522 488.734
v 7442.615 -6948.287 489.599
f 3890 3891 3892
v 7441.001 -6948.261 487.565
f 3893 3892 3314
f 3893 3312 3313
f 3893 3890 3892
f 3893 3313 3890
v 7611.004 -6993.173 497.615
f 3887 3696 3894
v 7594.667 -6978.533 501.406
f 3895 3702 3866
f 3893 3314 3312
v 7442.613 -6948.267 490.930
f 3896 3315 3314
f 3896 3314 3892
f 3896 3892 3891
v 7433.852 -6949.093 487.348
f 3897 2141 3307
f 3897 3313 2808
f 3897 2811 2141
f 3897 2808 2811
v 7488.922 -6996.257 542.587
v 7491.378 -6996.254 543.239
f 3898 3309 3899
f 3898 3308 3309
v 7489.465 -6996.233 541.528
f 3900 3898 3899
f 3900 3308 3898
v 7587.773 -6962.254 510.813
f 3901 3703 3674
f 3901 3674 3870
v 7492.409 -6996.097 541.100
f 3900 3899 3902
v 7444.077 -6948.267 494.343
v 7445.161 -6948.331 493.854
f 3903 3896 3904
f 3903 3315 3896
f 3903 3904 3317
v 7448.426 -6948.331 500.425
v 7451.074 -6948.522 501.721
v 7449.023 -6948.287 502.905
f 3905 3906 3907
v 7447.382 -6948.267 500.993
f 3908 3907 3318
f 3908 3317 3905
f 3908 3318 3317
f 3908 3905 3907
v 7449.219 -6948.267 504.221
f 3909 3318 3907
f 3909 3324 3318
f 3909 3907 3906
v 7503.896 -6996.257 548.789
v 7505.236 -6996.254 548.678
f 3910 3323 3911
v 7505.936 -6996.097 546.409
f 3910 3911 3912
f 3910 3322 3323
v 7451.176 -6948.267 507.378
f 3913 3324 3909
v 7452.174 -6948.331 506.733
f 3913 3909 3914
f 3913 3914 3329
v 7506.281 -6996.257 549.525
f 3915 3911 3323
f 3915 3912 3911
f 3915 3323 3328
v 7509.891 -6996.257 550.517
f 3916 3915 3328
v 7456.383 -6948.331 512.743
v 7459.193 -6948.522 513.630
v 7457.342 -6948.287 515.107
f 3917 3918 3919
v 7510.185 -6996.233 549.363
f 3920 3916 3331
f 3920 3915 3916
v 7455.435 -6948.267 513.461
f 3921 3919 3330
v 7607.633 -6990.442 495.669
f 3922 3723 3695
f 3922 3695 3887
v 7594.270 -6976.207 501.089
f 3923 3702 3895
f 3923 3729 3702
f 3921 3917 3919
f 3921 3329 3917
f 3921 3330 3329
v 7458.135 -6948.258 517.658
f 3924 3330 3919
f 3924 3342 3340
f 3924 3340 3330
v 7517.210 -6996.257 552.091
f 3925 3331 3332
v 7519.749 -6996.254 551.991
f 3925 3332 3926
v 7517.417 -6996.233 550.919
v 7520.103 -6996.097 549.642
f 3927 3926 3928
f 3927 3925 3926
f 3927 3331 3925
v 7520.856 -6996.252 553.055
f 3929 3332 3338
f 3929 3926 3332
v 7588.520 -6960.143 511.618
f 3930 3737 3703
f 3930 3766 3737
f 3930 3703 3901
v 7529.221 -6994.953 561.170
f 3931 2852 2854
f 3931 2854 3344
f 3931 2165 2852
f 3931 3344 2842
f 3931 2842 2165
v 7524.559 -6996.244 553.795
f 3932 3929 3338
v 7463.143 -6948.258 523.192
f 3933 3347 3342
v 7467.387 -6948.287 525.933
f 3933 3934 3348
f 3933 3348 3347
v 7453.728 -6949.579 524.866
f 3935 2856 2848
f 3935 2859 2171
f 3935 3341 2860
f 3935 2171 2856
f 3935 2860 2859
f 3935 2848 3341
v 7467.963 -6948.267 527.132
f 3936 3348 3934
v 7468.998 -6948.522 524.197
f 3936 3934 3937
f 3936 3350 3348
v 7532.067 -6996.217 554.859
f 3938 3346 3387
f 3938 3387 3388
f 3938 3344 3343
f 3938 3343 3346
v 7532.082 -6996.244 554.265
f 3939 3938 3388
v 7534.595 -6996.254 553.103
f 3939 3388 3940
v 7470.762 -6948.267 529.572
v 7471.526 -6948.331 528.662
f 3941 3942 3352
f 3941 3350 3936
f 3941 3936 3942
v 7477.320 -6948.331 533.165
v 7480.267 -6948.522 533.184
v 7478.933 -6948.287 535.141
f 3943 3944 3945
v 7476.626 -6948.267 534.130
f 3946 3945 3355
f 3946 3352 3943
f 3946 3355 3352
f 3946 3943 3945
v 7481.362 -6948.331 535.921
f 3947 3945 3944
v 7606.140 -6988.802 494.807
f 3948 3783 3752
f 3948 3723 3922
f 3948 3752 3723
v 7594.055 -6973.843 500.918
f 3949 3729 3923
v 7480.717 -6948.267 536.919
f 3950 3947 3358
f 3950 3355 3945
f 3950 3357 3355
f 3950 3358 3357
f 3950 3945 3947
v 7487.101 -6948.267 540.712
v 7487.670 -6948.331 539.668
f 3951 3358 3952
v 7490.396 -6948.267 542.427
f 3953 3362 3359
f 3953 3359 3951
f 3953 3951 3952
v 7492.750 -6948.522 540.391
v 7491.723 -6948.287 542.525
f 3953 3954 3955
f 3953 3955 3362
v 7492.502 -6948.261 543.768
f 3956 3955 3954
f 3956 3362 3955
f 3956 3364 3362
f 3949 3759 3729
v 7589.405 -6958.150 512.572
f 3957 3766 3930
v 7495.907 -6948.261 545.279
v 7496.369 -6948.310 544.183
f 3958 3959 3370
f 3958 3956 3959
f 3958 3364 3956
v 7503.252 -6948.310 546.786
f 3960 3370 3959
v 7506.168 -6948.522 545.657
v 7505.470 -6948.287 547.920
f 3960 3961 3962
v 7502.873 -6948.261 547.913
f 3963 3369 3370
f 3963 3960 3962
f 3963 3371 3369
f 3963 3962 3371
f 3963 3370 3960
v 7506.509 -6948.267 548.751
f 3964 3371 3962
f 3964 3372 3371
f 3964 3962 3961
v 7498.246 -6949.093 553.368
f 3965 2194 3366
f 3965 3370 2881
f 3965 2884 2194
f 3965 2881 2884
v 7510.090 -6948.267 549.735
f 3966 3372 3964
v 7510.384 -6948.331 548.583
f 3966 3967 3373
f 3966 3964 3967
v 7517.557 -6948.331 550.126
v 7520.221 -6948.522 548.864
v 7519.868 -6948.287 551.206
f 3968 3969 3970
v 7517.350 -6948.267 551.297
f 3971 3374 3373
f 3971 3968 3970
f 3971 3373 3968
f 3971 3970 3374
v 7520.644 -6948.345 554.595
f 3972 3377 2893
f 3972 2893 3374
v 7524.404 -6948.372 555.338
f 3973 3377 3972
v 7532.043 -6948.372 555.814
f 3974 3431 3430
v 7604.795 -6986.998 494.030
f 3975 3783 3948
v 7594.024 -6971.464 500.893
f 3976 3784 3759
f 3976 3759 3949
v 7532.028 -6948.438 556.406
f 3977 3430 3433
f 3977 3433 3383
f 3977 3383 3382
f 3977 3385 3974
f 3977 3382 3385
f 3977 3974 3430
v 7529.139 -6950.198 562.820
f 3978 3384 2898
f 3978 2210 3381
f 3978 3381 2897
f 3978 2898 2899
f 3978 2897 3384
f 3978 2899 2210
v 7539.868 -6995.547 559.164
f 3979 2904 2902
f 3979 2902 2213
f 3979 3389 2910
f 3979 3391 2904
f 3979 2213 3389
f 3979 2910 3391
v 7537.063 -6996.237 552.477
f 3980 3940 3388
v 7534.595 -6996.205 551.914
f 3980 3981 3940
f 3980 3388 3386
f 3980 3386 3392
f 3976 3812 3784
v 7590.421 -6956.297 513.666
f 3982 3818 3792
f 3982 3792 3766
v 7537.048 -6996.205 551.883
f 3983 3981 3980
v 7534.595 -6996.097 550.728
f 3983 3984 3981
v 7534.595 -6995.930 549.550
f 3983 3985 3984
v 7534.595 -6995.705 548.381
f 3983 3986 3985
v 7534.595 -6995.422 547.224
f 3983 3987 3986
v 7534.595 -6995.083 546.084
f 3983 3988 3987
f 3983 3980 3392
v 7544.393 -6996.205 551.425
f 3989 2832 2834
v 7548.393 -6995.083 545.050
f 3989 3990 2832
f 3989 2834 3988
f 3989 3392 2910
v 7548.736 -6995.705 547.321
f 3989 3991 3990
f 3989 3983 3392
f 3989 3393 3395
f 3989 3988 3983
f 3989 2910 3393
v 7548.008 -6996.183 550.696
f 3992 3396 3398
f 3992 3989 3395
f 3992 3395 3396
f 3992 3991 3989
f 3992 3398 3991
v 7555.053 -6996.036 554.700
f 3993 2912 2223
f 3993 3399 2912
f 3993 2914 3399
f 3982 3766 3957
f 3993 2223 2914
v 7551.215 -6995.871 547.760
f 3994 3398 3397
f 3994 3397 3400
f 3994 3991 3398
v 7551.013 -6995.630 546.612
f 3995 2832 3990
f 3995 3990 3991
f 3995 3994 3400
f 3995 3991 3994
v 7558.213 -6995.871 546.254
f 3996 3400 2914
f 3996 2914 3403
v 7557.925 -6995.630 545.125
f 3997 2832 3995
v 7561.884 -6995.083 541.970
v 7561.228 -6994.236 539.845
f 3997 3998 3999
f 3997 2997 2849
f 3997 2849 2832
f 3997 3400 3996
f 3997 3999 2997
f 3997 3995 3400
v 7561.664 -6995.871 545.306
f 4000 3998 3997
f 4000 3996 3403
f 4000 3403 3404
v 7562.561 -6995.705 544.166
f 4000 4001 3998
f 4000 3997 3996
f 4000 3404 4001
v 7563.945 -6995.871 544.603
f 4002 3404 3406
f 4002 3998 4001
f 4002 4001 3404
v 7574.699 -6996.036 548.640
f 4003 2917 2232
f 4003 3409 2917
f 4003 2232 2918
f 4003 2918 3409
v 7567.331 -6995.871 543.442
f 4004 2917 3408
f 4004 4002 3406
f 4004 3406 2917
v 7603.611 -6985.050 493.347
f 4005 3811 3783
f 4005 3783 3975
v 7594.178 -6969.092 501.016
f 4006 3812 3976
f 4006 3838 3812
v 7566.932 -6995.630 542.347
v 7573.800 -6994.236 534.911
f 4007 4008 3155
f 4007 4004 3408
f 4007 3999 3998
f 4007 3155 2997
f 4007 2997 3999
f 4007 3998 4002
f 4007 4002 4004
v 7573.961 -6995.871 540.744
v 7575.762 -6995.705 538.985
f 4009 3412 4010
f 4009 3410 3412
f 4009 3408 3410
v 7573.481 -6995.630 539.682
f 4011 3408 4009
v 7574.765 -6995.083 536.915
f 4011 4012 4008
f 4011 4009 4010
f 4011 4010 4012
f 4011 4007 3408
f 4011 4008 4007
v 7577.195 -6995.871 539.211
f 4013 4010 3412
f 4013 3412 3415
f 4013 4012 4010
v 7588.431 -6996.036 541.600
f 4014 2922 3417
f 4014 2921 2241
f 4014 3417 2921
v 7591.556 -6954.600 514.890
f 4015 3848 3818
f 4015 3818 3982
f 4014 2241 2922
v 7580.370 -6995.871 537.558
f 4016 2921 3416
f 4016 4013 3415
f 4016 3415 2921
v 7579.813 -6995.630 536.535
f 4017 3155 4008
f 4017 4016 3416
f 4017 4008 4012
f 4017 4012 4013
v 7585.496 -6994.236 528.158
f 4017 4018 3304
f 4017 4013 4016
f 4017 3304 3155
v 7586.524 -6995.871 533.902
f 4019 3416 3419
v 7588.043 -6995.705 531.894
f 4019 3421 4020
f 4019 3419 3421
v 7585.892 -6995.630 532.923
f 4021 4019 4020
v 7586.749 -6995.083 529.996
f 4021 4020 4022
f 4021 4017 3416
f 4021 4018 4017
f 4021 4022 4018
f 4021 3416 4019
v 7589.494 -6995.871 531.904
f 4023 4022 4020
f 4023 3421 3423
f 4023 4020 3421
v 7600.961 -6996.036 532.592
f 4024 2925 2250
f 4024 3425 2925
f 4024 2929 3425
f 4024 2250 2929
v 7592.387 -6995.871 529.797
f 4025 3423 2925
f 4025 2925 3424
f 4025 4023 3423
v 7591.683 -6995.630 528.868
f 4026 4022 4023
f 4026 3508 3304
f 4026 4025 3424
v 7596.055 -6994.236 519.738
f 4026 4027 3508
f 4026 4023 4025
f 4026 3304 4018
f 4026 4018 4022
v 7535.842 -6948.257 553.516
v 7534.595 -6948.287 552.310
v 7534.595 -6948.375 551.123
f 4028 4029 4030
v 7534.595 -6948.257 553.500
f 4028 4031 4029
f 4028 3429 3431
f 4028 3431 4031
v 7539.551 -6948.264 552.805
f 4032 3379 3375
f 4032 3432 3429
f 4032 4028 4030
f 4032 3429 4028
f 4032 3442 2936
f 4032 2936 3432
v 7534.595 -6949.312 546.462
f 4032 4033 3379
v 7534.595 -6948.992 547.608
f 4032 4034 4033
v 7534.595 -6948.728 548.769
f 4032 4035 4034
v 7534.595 -6948.522 549.942
f 4032 4036 4035
f 4032 4030 4036
v 7597.927 -6995.871 525.265
f 4037 3424 3426
f 4037 3426 3428
v 7599.130 -6995.705 523.053
f 4037 3428 4038
v 7597.156 -6995.630 524.391
v 7597.567 -6995.083 521.369
f 4039 4038 4040
f 4039 4037 4038
f 4039 4040 4027
f 4039 4026 3424
v 7602.601 -6982.976 492.763
f 4041 3866 3837
f 4041 3811 4005
f 4041 3837 3811
v 7594.514 -6966.751 501.284
f 4042 3838 4006
f 4039 4027 4026
f 4039 3424 4037
v 7600.566 -6995.871 522.846
f 4043 4040 4038
f 4043 3428 3437
f 4043 4038 3428
v 7546.810 -6948.322 550.977
v 7548.621 -6948.992 546.557
f 4044 3375 4045
f 4044 4032 3375
v 7548.968 -6948.522 548.864
f 4044 4046 3446
f 4044 4045 4046
f 4044 3442 4032
v 7546.958 -6948.264 552.157
f 4047 3446 2947
f 4047 2947 3441
f 4047 3442 4044
f 4047 3441 3442
f 4047 4044 3446
v 7612.007 -6996.036 521.817
f 4048 2259 2939
f 4048 3444 2931
f 4048 2939 3444
f 4048 2931 2259
v 7550.236 -6948.453 549.168
f 4049 3445 3446
f 4049 3446 4046
f 4049 4046 4045
v 7592.800 -6953.077 516.230
f 4050 3848 4015
v 7603.113 -6995.871 520.331
f 4051 3437 2931
f 4051 4043 3437
f 4051 2931 3443
v 7602.279 -6995.630 519.517
f 4052 4040 4043
f 4052 3696 3508
f 4052 3508 4027
f 4052 4027 4040
f 4052 4043 4051
f 4052 4051 3443
v 7605.240 -6994.236 509.838
f 4052 4053 3696
v 7545.151 -6949.024 558.991
f 4054 3442 2943
f 4054 2936 3442
f 4054 2935 2936
f 4054 2279 2937
f 4054 2937 2935
f 4054 2945 2279
f 4054 2943 2945
v 7553.569 -6948.634 547.363
f 4055 4045 3375
f 4055 3345 3325
f 4055 4049 4045
f 4055 3325 3494
f 4055 3375 3345
v 7561.016 -6950.609 539.156
f 4055 3494 4056
v 7553.802 -6948.453 548.516
f 4057 2951 3445
f 4057 3445 4049
f 4057 3450 2951
f 4057 4055 3450
f 4057 4049 4055
v 7607.916 -6995.871 515.024
v 7608.775 -6995.705 512.657
f 4058 3449 4059
f 4058 3443 3447
f 4058 3447 3449
v 7618.425 -6996.036 513.770
f 4060 2940 2266
f 4060 2952 3452
f 4060 2273 2952
f 4060 3452 2940
f 4060 2266 2273
v 7607.023 -6995.630 514.275
v 7606.979 -6995.083 511.225
f 4061 4062 4053
f 4061 4053 4052
f 4061 4058 4059
f 4061 4052 3443
f 4061 4059 4062
f 4061 3443 4058
v 7560.531 -6948.634 545.682
v 7562.334 -6948.992 543.427
f 4063 4064 3456
v 7561.663 -6949.690 541.253
f 4063 4056 4065
f 4063 4055 4056
f 4063 3450 4055
f 4063 4065 4064
v 7560.849 -6948.453 546.815
f 4066 3456 3451
f 4066 3451 3450
f 4066 3450 4063
f 4066 4063 3456
v 7610.891 -6995.871 511.293
f 4067 3448 3453
f 4067 4059 3449
f 4067 3449 3448
v 7564.460 -6949.079 542.389
f 4068 4065 4056
f 4068 4064 4065
v 7609.962 -6995.630 510.589
f 4069 4053 4062
f 4069 4059 4067
f 4069 4062 4059
v 7601.773 -6980.796 492.285
f 4070 3866 4041
v 7595.030 -6964.464 501.696
f 4071 3870 3838
f 4069 4067 3453
v 7564.828 -6948.799 543.486
f 4072 3456 4064
f 4072 4068 3464
f 4072 3455 3456
f 4072 3464 3455
f 4072 4064 4068
v 7614.997 -6995.871 505.429
f 4073 3453 2952
f 4073 2952 3461
v 7571.019 -6949.079 539.909
f 4074 3464 4068
v 7573.487 -6950.609 534.261
f 4074 3683 4075
f 4074 3494 3683
v 7574.439 -6949.690 536.239
f 4074 4075 4076
f 4074 4056 3494
f 4074 4068 4056
v 7614.018 -6995.630 504.797
v 7612.848 -6994.236 498.680
f 4077 4078 3894
v 7614.774 -6995.083 499.792
f 4077 4079 4078
f 4077 4069 3453
f 4077 3696 4053
f 4071 3838 4042
v 7594.140 -6951.742 517.675
f 4080 3848 4050
f 4077 3453 4073
f 4077 4053 4069
f 4077 3894 3696
v 7571.468 -6948.799 540.975
f 4081 2959 3464
f 4081 3465 2959
f 4081 3464 4074
v 7626.176 -6996.036 501.174
f 4082 3458 2953
f 4082 2953 2288
f 4082 2288 2290
v 7569.626 -6948.380 549.749
f 4083 2957 3463
f 4083 2299 2957
f 4083 3463 2959
f 4083 2959 2299
v 7616.882 -6995.871 502.387
v 7616.764 -6995.705 500.940
f 4084 4085 4079
f 4084 4073 3461
f 4084 3462 4085
f 4084 4077 4073
f 4084 3461 3462
f 4084 4079 4077
v 7574.713 -6948.799 539.535
f 4086 3466 3465
v 7575.427 -6948.992 538.289
f 4086 4087 3466
f 4086 4076 4087
f 4086 3465 4081
f 4086 4074 4076
f 4086 4081 4074
f 4080 3871 3848
v 7627.895 -6996.036 497.717
f 4088 2297 2963
f 4088 4082 2290
v 7624.244 -6996.257 498.058
f 4088 4089 4082
f 4088 2290 2297
v 7620.494 -6996.125 499.586
f 4090 3462 3458
f 4090 4082 4089
f 4090 3458 4082
v 7619.454 -6995.970 499.028
f 4091 4079 4085
f 4091 4090 4089
f 4091 4085 3462
f 4091 4078 4079
f 4091 3462 4090
v 7577.374 -6949.079 536.945
f 4092 4076 4075
f 4092 4087 4076
v 7614.851 -6991.904 484.998
f 4093 3887 3894
v 7577.902 -6948.799 537.975
f 4094 3470 3466
f 4094 4087 4092
f 4094 3466 4087
f 4094 3475 3470
f 4094 4092 3475
v 7623.698 -6996.125 493.038
f 4095 2963 3471
f 4095 3471 3473
f 4095 4088 2963
f 4095 4089 4088
v 7622.619 -6995.970 492.559
f 4096 3894 4078
f 4096 4078 4091
v 7620.778 -6995.083 487.325
v 7618.708 -6994.236 486.512
f 4096 4097 4098
v 7616.725 -6993.173 485.734
f 4096 4098 4099
f 4096 4089 4095
v 7622.917 -6995.705 488.164
f 4096 3473 4100
f 4096 4099 3894
f 4096 4100 4097
f 4096 4091 4089
f 4096 4095 3473
v 7583.491 -6949.079 533.515
f 4101 4092 4075
f 4101 4075 3683
v 7585.089 -6950.609 527.562
v 7586.326 -6949.690 529.376
f 4101 4102 4103
f 4101 3683 3871
f 4101 3475 4092
f 4093 3894 4099
v 7601.136 -6978.533 491.917
f 4104 3895 3866
f 4104 3866 4070
f 4101 3871 4102
v 7584.094 -6948.799 534.502
f 4105 3478 2970
f 4105 3475 4101
f 4105 2970 3475
v 7632.465 -6996.036 486.383
f 4106 2311 2972
f 4106 3477 2969
f 4106 2972 3477
f 4106 2969 2311
v 7583.580 -6948.380 543.453
f 4107 3474 2970
f 4107 2968 3474
f 4107 2970 2315
f 4107 2315 2968
v 7587.088 -6948.799 532.595
f 4108 4101 4103
f 4108 3479 3478
v 7587.608 -6948.992 531.256
f 4108 4109 3479
f 4108 4103 4109
f 4108 3478 4105
f 4108 4105 4101
v 7624.536 -6995.871 486.236
f 4110 3473 3476
f 4110 3476 3481
f 4110 4100 3473
v 7589.334 -6949.079 529.637
f 4111 4109 4103
v 7595.721 -6962.254 502.247
f 4112 3870 4071
f 4112 3901 3870
f 4112 3930 3901
f 4111 4103 4102
v 7623.441 -6995.630 485.838
f 4113 4098 4097
f 4113 4100 4110
f 4113 4097 4100
f 4113 4110 3481
v 7590.009 -6948.799 530.577
f 4114 3479 4109
f 4114 3483 3479
f 4114 3491 3483
f 4114 4109 4111
f 4114 4111 3491
v 7626.731 -6995.871 479.423
f 4115 3481 2972
f 4115 2972 3488
v 7594.870 -6949.079 525.334
f 4116 4111 4102
v 7595.564 -6950.609 519.209
f 4116 4080 4117
v 7597.057 -6949.690 520.818
f 4116 4117 4118
f 4116 3871 4080
f 4116 3491 4111
f 4116 4102 3871
v 7625.609 -6995.630 479.108
f 4119 4113 3481
f 4119 4098 4113
v 7622.688 -6994.236 473.607
v 7620.612 -6993.173 473.133
f 4119 4120 4121
f 4119 4099 4098
f 4119 4121 4099
f 4119 3481 4115
v 7624.857 -6995.083 474.102
f 4119 4122 4120
v 7595.614 -6948.799 526.220
f 4123 3491 4116
f 4123 2978 3491
f 4123 3495 2978
v 7596.440 -6948.380 535.147
f 4124 2334 2975
f 4124 3490 2978
f 4124 2975 3490
f 4124 2978 2334
v 7627.636 -6995.871 475.960
v 7627.097 -6995.705 474.613
f 4125 3489 4126
f 4125 3488 3489
f 4125 4119 4115
f 4125 4126 4122
f 4125 4115 3488
f 4125 4122 4119
v 7598.290 -6948.799 523.888
v 7598.605 -6948.992 522.486
f 4127 4128 3496
f 4127 3496 3495
f 4127 3495 4123
f 4127 4118 4128
f 4127 4116 4118
f 4127 4123 4116
v 7628.167 -6995.871 473.633
f 4129 4126 3489
f 4129 3489 3493
f 4129 4122 4126
v 7600.070 -6949.079 520.628
f 4130 4128 4118
f 4130 4118 4117
v 7637.041 -6996.036 466.338
f 4131 2977 2331
f 4131 2331 2985
f 4131 2985 3501
f 4131 3501 2977
v 7600.878 -6948.799 521.457
f 4132 3496 4128
f 4132 3506 3499
f 4132 4128 4130
f 4132 3499 3496
f 4132 4130 3506
v 7613.103 -6990.442 484.312
f 4133 3922 3887
f 4133 3887 4093
v 7600.696 -6976.207 491.664
f 4134 3923 3895
f 4134 3895 4104
v 7628.855 -6995.871 470.121
f 4135 3493 2977
f 4135 2977 3500
f 4135 4129 3493
v 7627.707 -6995.630 469.918
f 4136 4135 3500
f 4136 4129 4135
f 4136 4121 4120
v 7624.701 -6994.236 460.253
v 7622.578 -6993.173 460.093
f 4136 4137 4138
f 4136 4138 4121
f 4136 4120 4122
f 4136 4122 4129
v 7604.903 -6949.079 515.548
f 4139 4130 4117
v 7604.676 -6950.609 509.388
v 7606.392 -6949.690 510.757
f 4139 4140 4141
v 7603.040 -6951.742 508.083
f 4139 4080 4142
f 4139 4117 4080
f 4139 4142 4140
f 4139 3506 4130
v 7605.771 -6948.799 516.313
f 4143 3506 4139
f 4143 2989 3506
f 4143 3511 2989
v 7596.580 -6960.143 502.931
f 4144 3957 3930
f 4144 3930 4112
v 7629.833 -6995.871 463.030
f 4145 3502 3504
f 4145 3500 3502
v 7629.210 -6995.705 460.590
f 4145 3504 4146
v 7637.810 -6996.036 456.074
f 4147 2988 2346
f 4147 3510 2988
f 4147 2991 3510
f 4147 2346 2991
v 7607.918 -6948.380 525.017
f 4148 2989 2353
f 4148 3505 2989
f 4148 2987 3505
f 4148 2353 2987
v 7628.673 -6995.630 462.914
f 4149 4137 4136
f 4149 3500 4145
f 4149 4145 4146
f 4149 4136 3500
v 7626.919 -6995.083 460.419
f 4149 4146 4150
f 4149 4150 4137
v 7608.070 -6948.799 513.608
f 4151 3511 4143
v 7608.171 -6948.992 512.176
f 4151 4141 4152
f 4151 4152 3512
f 4151 4143 4139
f 4151 4139 4141
f 4151 3512 3511
v 7630.190 -6995.871 458.271
f 4153 3509 3514
f 4153 4146 3504
f 4153 3504 3509
v 7609.726 -6948.799 511.524
f 4154 4152 4141
f 4154 3512 4152
f 4154 3518 3512
v 7629.026 -6995.630 458.213
f 4155 4153 3514
f 4155 4150 4146
f 4155 4137 4150
f 4155 4146 4153
v 7611.844 -6948.799 508.674
f 4156 3526 3522
v 7610.411 -6951.742 497.272
v 7612.223 -6950.609 498.319
f 4156 4157 4158
f 4156 4141 4140
f 4156 3518 4154
f 4156 4154 4141
f 4156 4142 4157
f 4156 3522 3518
f 4156 4140 4142
v 7630.279 -6995.871 451.114
f 4159 3514 2991
f 4159 2991 3523
v 7629.114 -6995.630 451.143
f 4160 4138 4137
f 4160 4137 4155
f 4160 4155 3514
v 7622.578 -6993.173 446.907
f 4160 4161 4138
v 7626.919 -6995.083 446.581
v 7624.701 -6994.236 446.747
f 4160 4162 4163
f 4160 4163 4161
f 4160 3514 4159
v 7616.731 -6948.370 514.516
f 4164 2360 2990
f 4164 3522 3525
f 4164 2990 3521
f 4164 3521 3522
f 4164 3525 2360
v 7637.041 -6996.036 440.662
f 4165 3528 2992
f 4165 2364 2998
f 4165 2355 2364
f 4165 2998 3528
f 4165 2992 2355
v 7630.123 -6995.871 447.538
v 7629.210 -6995.705 446.410
f 4166 3524 4167
f 4166 4162 4160
f 4166 4160 4159
f 4166 3523 3524
v 7611.498 -6988.802 483.682
f 4168 3948 3922
f 4168 3922 4133
v 7600.458 -6973.843 491.526
f 4169 3923 4134
f 4169 3949 3923
f 4166 4167 4162
f 4166 4159 3523
v 7615.751 -6948.799 502.747
v 7614.124 -6949.690 499.416
f 4170 4158 4171
f 4170 3526 4156
f 4170 3527 3526
v 7616.095 -6948.992 500.554
f 4170 4172 3527
f 4170 4171 4172
f 4170 4156 4158
v 7621.142 -6949.653 518.212
f 4173 1588 2367
f 4173 2367 2995
f 4173 2995 3525
v 7629.833 -6995.871 443.970
f 4174 3520 3530
f 4174 4167 3524
f 4174 3524 3520
v 7616.947 -6949.079 498.347
f 4175 4171 4158
f 4175 4172 4171
v 7597.597 -6958.150 503.743
f 4176 3957 4144
v 7620.496 -6948.407 509.743
f 4177 3522 3529
f 4177 3531 3522
f 4177 2375 3531
v 7628.673 -6995.630 444.086
f 4178 4174 3530
f 4178 4167 4174
f 4178 4163 4162
f 4178 4162 4167
v 7617.963 -6948.799 498.900
f 4179 4175 3538
f 4179 3003 3527
f 4179 3527 4172
f 4179 3538 3003
f 4179 4172 4175
v 7622.806 -6949.776 516.504
f 4180 3531 1603
f 4180 3525 3531
f 4180 4173 3525
f 4180 1589 1588
f 4180 1588 4173
f 4180 1603 1602
f 4180 1602 1589
v 7621.490 -6948.380 507.723
f 4181 4177 3529
f 4181 3529 3001
f 4181 3001 2375
f 4181 2375 4177
v 7628.855 -6995.871 436.879
f 4182 2998 3535
f 4182 3530 2998
v 7620.069 -6949.079 492.067
f 4183 4175 4158
f 4183 3538 4175
f 4183 4158 4157
v 7616.088 -6951.742 485.484
v 7618.036 -6950.609 486.248
f 4183 4184 4185
f 4183 4157 4184
v 7620.079 -6949.690 487.050
f 4183 4185 4186
v 7627.707 -6995.630 437.082
v 7624.857 -6995.083 432.898
v 7622.688 -6994.236 433.393
f 4187 4188 4189
v 7620.612 -6993.173 433.867
f 4187 4189 4190
f 4187 4161 4163
f 4187 4178 3530
f 4187 4190 4161
f 4187 4163 4178
f 4187 3530 4182
v 7621.123 -6948.799 492.543
f 4191 3009 3538
f 4191 3542 3009
f 4191 3538 4183
v 7633.983 -6996.036 425.536
f 4192 3011 3540
f 4192 3008 2380
f 4192 3540 3008
f 4192 2380 3011
v 7625.740 -6948.380 500.228
f 4193 3004 3537
f 4193 3537 3009
f 4193 2389 3004
f 4193 3009 2389
v 7628.167 -6995.871 433.367
f 4194 3535 3536
v 7627.097 -6995.705 432.387
f 4194 4195 4188
f 4194 4182 3535
f 4194 3536 4195
f 4194 4188 4187
f 4194 4187 4182
v 7622.522 -6948.799 489.280
v 7622.198 -6948.992 487.882
f 4196 4186 4197
f 4196 3543 3542
f 4196 4197 3543
f 4196 4183 4186
f 4196 3542 4191
f 4196 4191 4183
v 7627.349 -6995.871 429.882
f 4198 3539 3545
f 4198 4195 3536
f 4198 3536 3539
v 7623.387 -6948.799 487.077
f 4199 4197 4186
f 4199 3547 3543
f 4199 3543 4197
v 7610.052 -6986.998 483.115
f 4200 3975 3948
f 4200 3948 4168
v 7600.424 -6971.464 491.507
f 4201 4006 3976
v 7626.219 -6995.630 430.169
f 4202 4188 4195
f 4202 4189 4188
f 4202 4195 4198
f 4202 4198 3545
v 7623.484 -6949.079 483.365
v 7619.944 -6951.742 472.981
v 7621.985 -6950.609 473.446
f 4203 4204 4205
f 4203 4184 4204
f 4203 4199 4186
f 4203 4185 4184
f 4203 4186 4185
v 7624.581 -6948.799 483.734
f 4206 3547 4199
f 4206 4203 3555
f 4206 3555 3014
f 4206 4199 4203
f 4206 3014 3547
v 7625.325 -6995.871 423.016
f 4207 3545 3011
f 4201 3976 3949
f 4201 3949 4169
v 7598.764 -6956.297 504.674
f 4208 4015 3982
f 4208 3957 4176
f 4207 3011 3552
v 7624.220 -6995.630 423.388
f 4209 4202 3545
f 4209 3545 4207
v 7618.708 -6994.236 420.488
v 7616.725 -6993.173 421.266
f 4209 4210 4211
f 4209 4190 4189
f 4209 4211 4190
f 4209 4189 4202
v 7620.778 -6995.083 419.675
f 4209 4212 4210
v 7628.968 -6996.036 411.623
f 4213 2393 2402
f 4213 3551 3012
f 4213 3012 2391
f 4213 2391 2393
v 7625.467 -6949.079 476.639
f 4214 4203 4205
f 4214 3555 4203
v 7624.125 -6949.690 473.935
f 4214 4205 4215
v 7626.343 -6948.992 474.441
f 4214 4215 4216
v 7624.121 -6995.871 419.645
v 7622.917 -6995.705 418.836
f 4217 3553 4218
f 4217 4218 4212
f 4217 4209 4207
f 4217 4212 4209
f 4217 4207 3552
f 4217 3552 3553
v 7626.588 -6948.799 476.924
f 4219 4216 3558
f 4208 3982 3957
f 4219 4214 4216
f 4219 3555 4214
f 4219 3558 3556
f 4219 3556 3555
v 7627.336 -6996.036 408.124
f 4220 2402 3017
v 7625.327 -6996.257 411.191
f 4220 4221 4213
f 4220 4213 2402
v 7624.184 -6996.125 415.076
f 4222 3551 4213
f 4222 3553 3551
f 4222 4213 4221
v 7627.400 -6948.799 473.468
f 4223 3558 4216
f 4223 3559 3558
f 4223 4216 4215
v 7623.099 -6995.970 415.541
f 4224 4218 3553
f 4224 4212 4218
f 4224 4222 4221
f 4224 3553 4222
f 4224 4210 4212
v 7633.192 -6948.380 481.241
f 4225 3014 3554
f 4225 3554 3015
f 4225 2408 3014
f 4225 3015 2408
v 7626.942 -6949.079 469.783
v 7621.895 -6951.742 460.042
f 4226 4204 4227
f 4226 4205 4204
f 4226 4215 4205
f 4226 4223 4215
v 7623.982 -6950.609 460.199
f 4226 4227 4228
v 7628.082 -6948.799 469.984
f 4229 3021 3559
f 4229 4223 4226
f 4229 4226 3569
f 4229 3559 4223
f 4229 3569 3021
v 7621.062 -6996.125 408.488
f 4230 3017 3562
f 4230 4220 3017
f 4230 4221 4220
f 4230 3562 3564
v 7620.015 -6995.970 409.033
v 7614.774 -6995.083 407.208
v 7612.848 -6994.236 408.320
f 4231 4232 4233
v 7611.004 -6993.173 409.385
f 4231 4234 4211
v 7616.764 -6995.705 406.060
f 4231 3564 4235
v 7608.779 -6985.050 482.615
f 4236 3975 4200
f 4236 4041 4005
f 4236 4005 3975
f 4231 4211 4210
f 4231 4233 4234
f 4231 4235 4232
f 4231 4224 4221
f 4231 4210 4224
f 4231 4221 4230
f 4231 4230 3564
v 7627.901 -6949.079 462.837
v 7626.171 -6949.690 460.363
v 7628.440 -6948.992 460.533
f 4237 4238 4239
f 4237 4228 4238
f 4237 3569 4226
f 4237 4226 4228
v 7629.052 -6948.799 462.952
f 4240 4237 4239
f 4240 3571 3569
f 4240 4239 3573
f 4240 3569 4237
f 4240 3573 3571
v 7616.882 -6995.871 404.613
f 4241 3564 3566
f 4241 4235 3564
f 4241 4232 4235
v 7628.250 -6949.079 458.174
f 4242 4239 4238
f 4242 4238 4228
v 7600.594 -6969.092 491.605
f 4243 4006 4201
v 7600.069 -6954.600 505.714
f 4244 4015 4208
v 7618.425 -6996.036 393.230
f 4245 3022 2417
f 4245 3577 3022
f 4245 2417 3029
f 4245 3029 3577
v 7636.225 -6948.380 466.236
f 4246 2430 3021
f 4246 3021 3568
f 4246 3027 2430
f 4246 3568 3027
v 7629.406 -6948.799 458.232
f 4247 3573 4239
f 4247 3574 3573
f 4247 4239 4242
f 4247 4242 3582
f 4247 3582 3574
v 7614.997 -6995.871 401.571
f 4248 3566 3022
f 4248 4241 3566
f 4248 3022 3576
v 7614.018 -6995.630 402.203
f 4249 4233 4232
f 4249 4241 4248
f 4249 4234 4233
f 4249 4232 4241
v 7605.240 -6994.236 397.162
v 7603.575 -6993.173 398.490
f 4249 4250 4251
f 4249 4251 4234
f 4249 4248 3576
v 7628.338 -6949.079 451.162
v 7621.895 -6951.742 446.958
f 4252 4227 4253
v 7623.982 -6950.609 446.801
v 7626.171 -6949.690 446.637
f 4252 4254 4255
f 4252 4242 4228
f 4252 3582 4242
f 4252 4228 4227
f 4252 4253 4254
v 7629.494 -6948.799 451.133
f 4256 3585 3034
f 4256 3034 3582
f 4256 3582 4252
v 7610.891 -6995.871 395.707
f 4257 3576 3578
f 4257 3578 3580
v 7608.775 -6995.705 394.343
f 4257 3580 4258
v 7636.989 -6948.380 456.054
f 4259 3034 2436
f 4259 3581 3034
f 4259 3031 3581
f 4259 2436 3031
v 7609.962 -6995.630 396.411
f 4260 4257 4258
v 7606.979 -6995.083 395.775
f 4260 4261 4250
f 4260 3576 4257
f 4260 4258 4261
f 4260 4250 4249
f 4260 4249 3576
v 7629.339 -6948.799 447.587
f 4262 4252 4255
f 4262 3585 4256
f 4262 3586 3585
v 7628.440 -6948.992 446.467
f 4262 4255 4263
f 4262 4263 3586
f 4262 4256 4252
v 7608.677 -6995.871 392.895
f 4264 3580 3584
f 4264 4261 4258
f 4264 4258 3580
v 7629.163 -6948.799 445.226
f 4265 4263 4255
f 4265 3590 3586
f 4265 3586 4263
v 7608.506 -6996.036 381.409
f 4266 3038 3592
f 4266 2434 3038
f 4266 3592 3033
f 4266 3033 2434
v 7606.359 -6995.871 390.167
f 4267 3033 3591
f 4267 3584 3033
v 7607.693 -6982.976 482.189
f 4268 4041 4236
v 7600.967 -6966.751 491.820
f 4269 4042 4006
f 4267 4264 3584
v 7627.639 -6949.079 441.840
f 4270 4255 4254
f 4270 4265 4255
v 7619.944 -6951.742 434.019
v 7621.985 -6950.609 433.554
f 4270 4271 4272
f 4270 4253 4271
f 4270 4254 4253
v 7605.485 -6995.630 390.939
f 4273 4250 4261
v 7594.606 -6993.173 388.823
f 4273 4274 4251
f 4273 4261 4264
f 4273 4264 4267
f 4273 4267 3591
f 4273 4251 4250
v 7596.055 -6994.236 387.262
f 4273 4275 4274
v 7628.787 -6948.799 441.696
f 4276 4265 4270
f 4276 3590 4265
f 4276 3600 3041
f 4276 3041 3590
f 4276 4270 3600
v 7601.426 -6995.871 384.981
f 4277 3591 3594
f 4277 3594 3597
f 4269 4006 4243
v 7599.130 -6995.705 383.947
f 4277 3597 4278
v 7626.508 -6949.079 434.919
v 7624.125 -6949.690 433.065
v 7626.343 -6948.992 432.559
f 4279 4280 4281
f 4279 4270 4272
f 4279 4272 4280
f 4279 3600 4270
v 7600.961 -6996.036 374.408
f 4282 2448 3042
f 4282 3601 3040
f 4282 3042 3601
f 4282 3040 2448
v 7600.612 -6995.630 385.816
f 4283 3591 4277
f 4283 4275 4273
f 4283 4273 3591
v 7597.567 -6995.083 385.631
f 4283 4284 4275
f 4283 4277 4278
f 4283 4278 4284
v 7627.642 -6948.799 434.690
f 4285 4279 4281
f 4285 3600 4279
f 4285 3604 3600
f 4285 3606 3604
f 4285 4281 3606
v 7597.927 -6995.871 381.735
f 4286 3597 3598
f 4286 3598 3603
f 4286 4278 3597
v 7601.499 -6953.077 506.855
f 4287 4050 4015
f 4287 4015 4244
f 4287 4080 4050
v 7625.467 -6949.079 430.361
f 4288 4281 4280
f 4288 4280 4272
v 7635.464 -6948.380 435.714
f 4289 2459 3041
f 4289 3041 3599
f 4289 3599 3044
f 4289 3044 2459
v 7597.156 -6995.630 382.609
f 4290 4275 4284
f 4290 4284 4278
f 4290 4286 3603
f 4290 4278 4286
v 7626.588 -6948.799 430.076
f 4291 4281 4288
f 4291 3607 3606
f 4291 4288 3613
f 4291 3606 4281
f 4291 3613 3607
v 7592.387 -6995.871 377.203
f 4292 3042 3610
f 4292 3603 3042
v 7623.484 -6949.079 423.635
v 7616.088 -6951.742 421.516
f 4293 4271 4294
v 7618.036 -6950.609 420.752
v 7620.079 -6949.690 419.950
f 4293 4295 4296
f 4293 4288 4272
f 4293 3613 4288
f 4293 4272 4271
f 4293 4294 4295
v 7591.683 -6995.630 378.132
v 7586.749 -6995.083 377.004
v 7585.496 -6994.236 378.842
f 4297 4298 4299
f 4297 4290 3603
f 4297 4275 4290
f 4297 3603 4292
v 7584.296 -6993.173 380.601
f 4297 4300 4274
f 4297 4274 4275
f 4297 4299 4300
v 7624.581 -6948.799 423.266
f 4301 3054 3613
f 4301 3613 4293
f 4301 3617 3054
v 7633.192 -6948.380 425.759
f 4302 3054 2472
f 4302 2472 3050
f 4302 3612 3054
f 4302 3050 3612
v 7606.803 -6980.796 481.840
f 4303 4070 4041
f 4303 4041 4268
v 7589.494 -6995.871 375.096
f 4304 3610 3611
v 7588.043 -6995.705 375.106
f 4304 4305 4298
f 4304 4292 3610
f 4304 4298 4297
f 4304 3611 4305
f 4304 4297 4292
v 7623.387 -6948.799 419.923
v 7622.198 -6948.992 419.118
f 4306 4307 3618
f 4306 4293 4296
f 4306 4296 4307
f 4306 3618 3617
f 4306 4301 4293
f 4306 3617 4301
v 7587.522 -6995.871 373.751
f 4308 4298 4305
f 4308 3611 3616
f 4308 4305 3611
v 7621.003 -6949.079 417.076
f 4309 4307 4296
f 4309 4296 4295
v 7583.973 -6996.036 362.826
f 4310 2469 3058
f 4310 3053 2469
f 4310 3622 3053
f 4310 3058 3622
v 7601.539 -6964.464 492.150
f 4311 4071 4042
f 4311 4042 4269
f 4311 4112 4071
v 7622.070 -6948.799 416.626
f 4312 3618 4307
f 4312 4307 4309
f 4312 3061 3618
f 4312 3627 3061
f 4312 4309 3627
v 7584.503 -6995.871 371.828
f 4313 3616 3053
f 4313 3053 3621
f 4313 4308 3616
v 7583.896 -6995.630 372.823
f 4314 4308 4313
f 4314 4299 4298
v 7572.876 -6993.173 374.008
f 4314 4315 4300
v 7573.800 -6994.236 372.089
f 4314 4316 4315
f 4314 4300 4299
f 4314 4313 3621
f 4314 4298 4308
v 7618.040 -6949.079 410.720
f 4317 4309 4295
v 7610.411 -6951.742 409.728
f 4317 4294 4318
v 7612.223 -6950.609 408.681
f 4317 4318 4319
f 4317 4295 4294
f 4317 3627 4309
f 4142 4080 4287
v 7614.124 -6949.690 407.584
f 4317 4319 4320
v 7619.069 -6948.799 410.192
f 4321 3631 3063
f 4321 3063 3627
f 4321 3627 4317
v 7578.260 -6995.871 368.327
f 4322 3621 3623
f 4322 3623 3625
v 7575.762 -6995.705 368.015
f 4322 3625 4323
v 7574.699 -6996.036 358.360
f 4324 3630 3062
f 4324 3065 3630
f 4324 3062 2484
f 4324 2484 3065
v 7627.956 -6948.380 411.374
f 4325 2493 3060
f 4325 3063 2493
f 4325 3060 3626
f 4325 3626 3063
v 7577.729 -6995.630 369.364
f 4326 4316 4314
f 4326 4322 4323
v 7574.765 -6995.083 370.085
f 4326 4327 4316
f 4326 3621 4322
f 4326 4323 4327
f 4326 4314 3621
v 7617.391 -6948.799 407.064
f 4328 4321 4317
v 7616.095 -6948.992 406.446
f 4328 4329 3632
f 4328 4320 4329
f 4328 3632 3631
f 4328 4317 4320
f 4328 3631 4321
v 7573.961 -6995.871 366.256
f 4330 3629 3634
f 4330 3625 3629
f 4330 4323 3625
v 7616.208 -6948.799 405.014
f 4331 3632 4329
f 4331 4329 4320
f 4331 3636 3632
v 7573.481 -6995.630 367.318
f 4332 4330 3634
f 4332 4323 4330
f 4332 4316 4327
f 4332 4327 4323
v 7613.366 -6949.079 402.624
v 7603.040 -6951.742 398.917
f 4333 4318 4334
f 4333 4331 4320
v 7604.676 -6950.609 397.612
f 4333 4334 4335
f 4333 4319 4318
v 7618.649 -6991.904 472.685
f 4336 4093 4099
f 4336 4099 4121
v 7606.118 -6978.533 481.571
f 4337 4070 4303
f 4337 4134 4104
f 4337 4104 4070
f 4333 4320 4319
v 7614.338 -6948.799 401.997
f 4338 4333 3644
f 4338 3644 3074
f 4338 4331 4333
f 4338 3074 3636
f 4338 3636 4331
v 7567.331 -6995.871 363.558
f 4339 3065 3640
f 4339 3634 3065
v 7566.932 -6995.630 364.653
v 7561.884 -6995.083 365.030
v 7561.228 -6994.236 367.155
f 4340 4341 4342
v 7560.601 -6993.173 369.190
f 4340 4343 4315
f 4340 4332 3634
f 4340 4316 4332
f 4340 4315 4316
f 4340 3634 4339
f 4340 4342 4343
v 7560.695 -6996.036 353.606
f 4344 2495 2497
f 4344 3066 2495
v 7602.304 -6962.254 492.592
f 4345 4144 4112
f 4345 4112 4311
f 4344 3639 3066
v 7609.344 -6949.079 396.880
f 4346 3644 4333
f 4346 4333 4335
v 7606.392 -6949.690 396.243
v 7608.171 -6948.992 394.824
f 4346 4347 4348
f 4346 4335 4347
v 7563.945 -6995.871 362.397
f 4349 4339 3640
f 4349 4341 4340
f 4349 3640 3641
f 4349 4340 4339
v 7562.561 -6995.705 362.834
f 4349 4350 4341
f 4349 3641 4350
v 7610.266 -6948.799 396.181
f 4351 3645 3644
f 4351 3647 3645
f 4351 4348 3647
f 4351 3644 4346
f 4351 4346 4348
v 7556.941 -6996.036 352.700
f 4352 2497 2505
f 4352 4344 2497
f 4352 2505 3078
v 7558.087 -6996.257 356.183
f 4352 4353 4344
v 7560.411 -6996.125 359.499
f 4354 3639 4344
f 4354 4344 4353
f 4354 3641 3639
v 7560.098 -6995.970 360.637
f 4355 4342 4341
f 4355 4354 4353
f 4355 4341 4350
f 4355 3641 4354
f 4355 4350 3641
v 7606.428 -6949.079 393.224
f 4356 4348 4347
f 4356 4347 4335
v 7617.758 -6948.380 393.710
f 4357 3075 2511
f 4357 3643 3075
f 4357 3074 3643
f 4357 2511 3074
v 7607.315 -6948.799 392.481
f 4358 3652 3081
f 4358 3647 4348
f 4358 4356 3652
f 4358 4348 4356
f 4358 3081 3647
v 7553.314 -6996.125 357.833
f 4359 3648 3650
f 4359 3078 3648
f 4359 4352 3078
f 4359 4353 4352
v 7553.088 -6995.970 358.991
v 7547.745 -6993.173 366.256
f 4360 4361 4343
f 4360 4355 4353
v 7548.062 -6994.236 364.150
f 4360 4362 4361
f 4360 4359 3650
v 7548.736 -6995.705 359.679
f 4360 3650 4363
v 7548.393 -6995.083 361.950
f 4360 4364 4362
f 4360 4343 4342
f 4360 4342 4355
f 4360 4353 4359
f 4360 4363 4364
v 7601.723 -6949.079 388.025
v 7594.140 -6951.742 389.325
f 4365 4334 4366
f 4365 3652 4356
f 4365 4335 4334
f 4365 4356 4335
v 7595.564 -6950.609 387.791
f 4365 4366 4367
v 7597.057 -6949.690 386.182
f 4365 4367 4368
v 7602.551 -6948.799 387.217
f 4369 3083 3652
f 4369 3655 3083
f 4369 3652 4365
v 7544.875 -6996.036 350.766
f 4370 2518 3085
f 4370 2509 2518
v 7616.818 -6990.442 472.267
f 4371 4168 4133
f 4371 4093 4336
f 4371 4133 4093
f 4370 3079 2509
f 4370 3653 3079
f 4370 3085 3653
v 7611.391 -6948.380 385.726
f 4372 3083 2528
f 4372 2528 3080
f 4372 3080 3651
f 4372 3651 3083
v 7600.025 -6948.799 384.722
v 7598.605 -6948.992 384.514
f 4373 4368 4374
f 4373 4374 3656
f 4373 3656 3655
f 4373 3655 4369
f 4373 4365 4368
f 4373 4369 4365
v 7546.496 -6995.871 358.529
f 4375 4363 3650
f 4375 3649 3658
f 4375 3650 3649
v 7598.290 -6948.799 383.112
f 4376 4374 4368
f 4376 3656 4374
f 4376 3660 3656
v 7546.351 -6995.630 359.685
f 4377 4375 3658
f 4377 4363 4375
v 7605.646 -6976.207 481.386
f 4378 4134 4337
v 7603.255 -6960.143 493.141
f 4379 4144 4345
f 4379 4176 4144
f 4377 4362 4364
f 4377 4364 4363
v 7594.870 -6949.079 381.666
v 7583.910 -6951.742 381.167
v 7585.089 -6950.609 379.438
f 4380 4381 4382
f 4380 4366 4381
f 4380 4376 4368
f 4380 4367 4366
f 4380 4368 4367
v 7595.614 -6948.799 380.780
f 4383 4376 4380
f 4383 3660 4376
f 4383 4380 3668
f 4383 3092 3660
f 4383 3668 3092
v 7539.366 -6995.871 357.905
f 4384 3658 3085
f 4384 3085 3664
v 7539.307 -6995.630 359.069
v 7534.595 -6994.236 363.141
v 7534.595 -6993.173 365.270
f 4385 4386 4387
f 4385 4361 4362
v 7534.595 -6995.083 360.916
f 4385 4388 4386
f 4385 4387 4361
f 4385 3658 4384
f 4385 4377 3658
f 4385 4362 4377
v 7530.091 -6996.036 350.351
f 4389 3086 2530
f 4389 2530 2532
f 4389 3663 3086
v 7589.334 -6949.079 377.363
v 7586.326 -6949.690 377.624
v 7587.608 -6948.992 375.744
f 4390 4391 4392
f 4390 3668 4380
f 4390 4382 4391
f 4390 4380 4382
v 7535.788 -6995.871 357.793
v 7534.595 -6995.705 358.619
f 4393 3665 4394
f 4393 4385 4384
f 4393 3664 3665
f 4393 4394 4388
f 4393 4384 3664
f 4393 4388 4385
v 7590.009 -6948.799 376.423
f 4395 3670 3669
f 4395 4390 4392
f 4395 3669 3668
f 4395 3668 4390
f 4395 4392 3670
v 7526.237 -6996.036 350.592
f 4396 4389 2532
v 7528.358 -6996.257 353.582
f 4396 4397 4389
f 4396 2532 2541
f 4396 2541 3097
v 7531.557 -6996.125 356.066
f 4398 3665 3663
f 4398 4389 4397
f 4398 3663 4389
v 7587.088 -6948.799 374.405
f 4399 4392 4391
f 4399 3673 3670
f 4399 3670 4392
v 7531.594 -6995.970 357.246
f 4400 4394 3665
f 4400 4398 4397
f 4400 4388 4394
f 4400 3665 4398
f 4400 4386 4388
v 7596.440 -6948.380 371.853
f 4401 2545 3092
f 4401 3092 3667
f 4401 3667 3095
f 4401 3095 2545
v 7615.137 -6988.802 471.883
f 4402 4168 4371
v 7605.390 -6973.843 481.285
f 4403 4134 4378
v 7583.491 -6949.079 373.485
f 4404 4382 4381
f 4404 4391 4382
f 4404 4399 4391
v 7572.579 -6951.742 374.625
v 7573.487 -6950.609 372.739
f 4404 4405 4406
f 4404 4381 4405
v 7584.094 -6948.799 372.498
f 4407 3686 3105
f 4407 4404 3686
f 4407 3673 4399
f 4407 4399 4404
f 4407 3105 3673
v 7524.284 -6996.125 356.565
f 4408 4397 4396
f 4408 4396 3097
f 4408 3097 3676
f 4408 3676 3678
v 7524.409 -6995.970 357.739
v 7520.796 -6995.083 361.950
v 7521.127 -6994.236 364.150
f 4409 4410 4411
f 4409 4387 4386
f 4409 4400 4397
f 4409 4386 4400
f 4409 4408 3678
v 7521.445 -6993.173 366.256
f 4409 4412 4387
f 4409 4397 4408
f 4409 4411 4412
v 7520.453 -6995.705 359.679
f 4409 3678 4413
f 4403 4169 4134
f 4403 4201 4169
f 4409 4413 4410
v 7512.816 -6995.474 349.677
f 4414 3100 3680
f 4414 3101 3100
f 4414 3102 3101
f 4414 3682 3102
f 4414 3107 3682
f 4414 3106 3107
f 4414 3680 3106
v 7577.374 -6949.079 370.055
v 7574.439 -6949.690 370.761
f 4415 4406 4416
f 4415 3686 4404
v 7575.427 -6948.992 368.711
f 4415 4416 4417
f 4415 4404 4406
v 7577.902 -6948.799 369.025
f 4418 3687 3686
f 4418 3688 3687
f 4418 4417 3688
f 4418 3686 4415
f 4418 4415 4417
v 7517.405 -6996.188 356.840
f 4419 3677 3679
f 4419 3678 3677
f 4419 3679 3684
f 4419 4413 3678
f 4419 4410 4413
v 7573.162 -6949.079 368.026
f 4420 4416 4406
f 4420 4417 4416
v 7604.382 -6958.150 493.792
f 4421 4176 4379
v 7583.580 -6948.380 363.547
f 4422 3105 3685
f 4422 3685 3108
f 4422 2557 3105
f 4422 3108 2557
v 7573.638 -6948.799 366.972
f 4423 3688 4417
f 4423 4420 3694
f 4423 3694 3114
f 4423 3114 3688
f 4423 4417 4420
v 7510.230 -6996.188 358.395
f 4424 3684 3107
f 4424 4411 4410
v 7506.628 -6995.705 362.834
v 7507.305 -6995.083 365.030
f 4424 4425 4426
v 7507.961 -6994.236 367.155
f 4424 4426 4427
v 7505.936 -6996.097 360.591
f 4424 4428 4425
f 4424 4419 3684
f 4424 3107 3691
f 4424 3691 3692
f 4424 4427 4411
f 4424 3692 4428
f 4424 4410 4419
v 7566.667 -6949.079 365.383
f 4429 3694 4420
v 7560.399 -6951.742 369.845
v 7561.016 -6950.609 367.844
f 4429 4430 4431
f 4429 4420 4406
f 4429 4406 4405
v 7561.663 -6949.690 365.747
f 4429 4431 4432
f 4429 4405 4430
v 7567.062 -6948.799 364.296
f 4433 3694 4429
f 4433 3116 3694
f 4433 3698 3116
v 7499.282 -6996.036 356.479
f 4434 2564 3120
f 4434 3690 2556
f 4434 3120 3697
f 4434 2556 2564
f 4434 3697 3690
v 7574.380 -6948.380 359.117
f 4435 2574 3113
f 4435 3693 3116
f 4435 3113 3693
f 4435 3116 2574
v 7563.704 -6948.799 363.144
f 4436 3699 3698
f 4436 4433 4429
f 4436 4429 4432
f 4436 3698 4433
v 7562.334 -6948.992 363.573
f 4436 4432 4437
f 4436 4437 3699
v 7504.111 -6995.871 362.770
f 4438 4425 4428
f 4438 3692 3701
f 4438 4428 3692
v 7504.482 -6995.630 363.875
f 4439 4426 4425
f 4439 4427 4426
v 7613.623 -6986.998 471.538
f 4440 4200 4168
f 4440 4168 4402
f 4439 4438 3701
f 4439 4425 4438
v 7560.344 -6948.768 361.980
f 4441 3705 3699
f 4441 3711 3705
f 4441 4432 4431
f 4441 4437 4432
f 4441 3699 4437
v 7497.416 -6995.871 365.302
f 4442 3120 3708
f 4442 3701 3120
v 7497.869 -6995.630 366.376
f 4443 3701 4442
v 7494.424 -6995.083 370.085
v 7495.389 -6994.236 372.089
f 4443 4444 4445
f 4443 4427 4439
v 7508.588 -6993.173 369.190
f 4443 4446 4427
v 7496.313 -6993.173 374.008
f 4443 4445 4447
f 4443 4447 4446
v 7605.353 -6971.464 481.271
f 4448 4201 4403
v 7605.675 -6956.297 494.538
f 4449 4244 4208
f 4449 4208 4176
f 4443 4439 3701
v 7553.433 -6948.768 360.312
f 4450 4441 4431
v 7547.642 -6951.742 366.933
f 4450 4430 4451
f 4450 3713 3712
v 7548.282 -6949.690 362.693
v 7548.621 -6948.992 360.443
f 4450 4452 4453
f 4450 3712 3711
f 4450 3711 4441
f 4450 4431 4430
f 4450 4453 3713
v 7547.954 -6950.609 364.863
f 4450 4451 4454
f 4450 4454 4452
v 7485.782 -6996.036 362.520
f 4455 2576 2578
f 4455 3121 2576
f 4455 3707 3121
v 7494.144 -6995.871 366.754
f 4456 4443 4442
v 7493.427 -6995.705 368.015
f 4456 4457 4444
f 4456 4442 3708
f 4456 3708 3709
f 4456 3709 4457
f 4456 4444 4443
v 7560.049 -6948.466 353.533
f 4458 3123 3710
f 4458 3131 3716
f 4458 3716 3125
f 4458 3125 3124
f 4458 3124 3123
f 4458 3710 3131
v 7482.415 -6996.036 364.409
f 4459 2585 3127
f 4459 2578 2585
f 4449 4176 4421
f 4459 4455 2578
v 7485.623 -6996.257 366.183
f 4459 4460 4455
v 7489.583 -6996.125 367.033
f 4461 3707 4455
f 4461 4455 4460
f 4461 3709 3707
v 7490.128 -6995.970 368.080
f 4462 4445 4444
f 4462 4444 4457
f 4462 4461 4460
f 4462 3709 4461
f 4462 4457 3709
v 7547.846 -6948.453 357.472
f 4463 3717 3714
f 4463 3714 3713
f 4463 3713 4453
v 7544.129 -6948.634 358.215
v 7534.595 -6951.742 365.955
f 4464 4451 4465
f 4464 4463 4453
f 4464 4453 4452
v 7534.595 -6950.609 363.862
f 4464 4465 4466
f 4464 4454 4451
f 4464 4452 4454
v 7544.246 -6948.453 357.044
f 4467 4463 4464
f 4467 3136 3717
f 4467 3724 3136
f 4467 4464 3724
f 4467 3717 4463
v 7483.247 -6996.125 370.638
f 4468 4460 4459
f 4468 3718 3720
f 4468 4459 3127
f 4468 3127 3718
v 7483.869 -6995.970 371.642
v 7481.146 -6995.705 375.106
v 7482.440 -6995.083 377.004
f 4469 4470 4471
f 4469 4445 4462
v 7484.893 -6993.173 380.601
f 4469 4472 4447
f 4469 4462 4460
f 4469 4468 3720
f 4469 3720 4470
f 4469 4447 4445
f 4469 4460 4468
v 7483.693 -6994.236 378.842
f 4469 4473 4472
f 4469 4471 4473
v 7612.290 -6985.050 471.234
f 4474 4200 4440
f 4474 4236 4200
v 7536.982 -6948.634 357.768
v 7534.595 -6949.690 361.667
v 7534.595 -6948.992 359.392
f 4475 4476 4477
f 4475 4466 4476
f 4475 4477 3728
f 4475 3724 4464
f 4475 4464 4466
v 7537.011 -6948.453 356.592
f 4478 3725 3724
f 4478 4475 3728
f 4478 3724 4475
f 4478 3728 3725
v 7479.695 -6995.871 375.096
f 4479 3720 3722
f 4479 4471 4470
f 4479 4470 3720
v 7468.229 -6996.036 374.408
f 4480 3731 3134
f 4480 2600 3140
f 4480 3140 3731
f 4480 3134 2600
v 7532.224 -6948.768 358.456
f 4481 4477 4476
f 4481 4476 4466
f 4481 3728 4477
f 4481 3727 3728
f 4481 3736 3727
v 7476.802 -6995.871 377.203
f 4482 3722 3134
v 7605.536 -6969.092 481.343
f 4483 4201 4448
f 4483 4243 4201
f 4482 3134 3730
f 4482 4479 3722
v 7477.506 -6995.630 378.132
v 7474.583 -6993.173 388.823
f 4484 4485 4472
f 4484 4479 4482
v 7473.135 -6994.236 387.262
f 4484 4486 4485
f 4484 4482 3730
f 4484 4471 4479
f 4484 4472 4473
f 4484 4473 4471
v 7525.128 -6948.768 358.899
v 7520.568 -6948.992 360.443
f 4487 4488 3739
v 7520.908 -6949.690 362.693
f 4487 4489 4488
f 4487 3738 3736
f 4487 4466 4465
f 4487 3736 4481
v 7521.547 -6951.742 366.933
f 4487 4465 4490
v 7521.235 -6950.609 364.863
f 4487 4490 4491
f 4487 4481 4466
f 4487 3739 3738
f 4487 4491 4489
v 7461.134 -6996.036 380.950
f 4492 2607 2609
f 4492 2609 2615
f 4492 3733 3141
v 7607.120 -6954.600 495.373
f 4493 4244 4449
f 4492 3141 2607
v 7471.262 -6995.871 381.735
f 4494 3732 3734
f 4494 3730 3732
v 7470.059 -6995.705 383.947
f 4494 3734 4495
v 7472.033 -6995.630 382.609
f 4496 4484 3730
v 7471.622 -6995.083 385.631
f 4496 4495 4497
f 4496 4497 4486
f 4496 3730 4494
f 4496 4486 4484
f 4496 4494 4495
v 7529.453 -6948.466 350.471
f 4498 3743 3150
f 4498 3149 3147
f 4498 3150 3149
f 4498 3158 3743
f 4498 3735 3158
f 4498 3147 3735
v 7458.473 -6996.036 383.747
f 4499 2615 3152
v 7462.062 -6996.257 384.497
f 4499 4500 4492
f 4499 4492 2615
v 7466.096 -6996.125 384.142
f 4501 4492 4500
f 4501 3733 4492
f 4501 3734 3733
v 7466.925 -6995.970 384.982
f 4502 4501 4500
f 4502 4497 4495
f 4502 4486 4497
f 4502 3734 4501
f 4502 4495 3734
v 7518.311 -6949.079 361.152
f 4503 4488 4489
f 4503 4489 4491
v 7518.110 -6948.799 360.013
f 4504 3739 4488
f 4504 4503 3748
f 4504 3748 3742
f 4504 3742 3739
f 4504 4488 4503
v 7461.104 -6996.125 389.455
f 4505 3152 3744
f 4505 4499 3152
f 4505 4500 4499
f 4505 3744 3746
v 7611.152 -6982.976 470.974
f 4506 4236 4474
f 4506 4268 4236
v 7461.994 -6995.970 390.230
v 7460.414 -6995.705 394.343
v 7462.210 -6995.083 395.775
f 4507 4508 4509
f 4507 4485 4486
v 7463.949 -6994.236 397.162
f 4507 4509 4510
v 7465.614 -6993.173 398.490
f 4507 4511 4485
f 4507 4510 4511
f 4507 4486 4502
f 4507 4502 4500
f 4507 3746 4508
f 4507 4500 4505
f 4507 4505 3746
v 7511.456 -6949.079 362.627
f 4512 3748 4503
v 7508.173 -6950.609 367.844
v 7507.526 -6949.690 365.747
f 4512 4513 4514
v 7508.790 -6951.742 369.845
f 4512 4515 4513
f 4512 4491 4490
f 4512 4503 4491
f 4512 4490 4515
v 7511.170 -6948.799 361.506
f 4516 3161 3748
f 4516 3749 3161
f 4516 3748 4512
v 7451.142 -6996.036 392.709
f 4517 3745 3153
f 4517 2622 2624
f 4517 3153 2622
v 7605.937 -6966.751 481.500
f 4518 4269 4243
f 4518 4243 4483
v 7514.299 -6948.380 353.105
f 4519 3160 3747
f 4519 3747 3161
f 4519 2636 3160
f 4519 3161 2636
v 7507.747 -6948.799 362.447
f 4520 3749 4516
f 4520 4516 4512
v 7506.856 -6948.992 363.573
f 4520 4514 4521
f 4520 3750 3749
f 4520 4512 4514
f 4520 4521 3750
v 7448.927 -6996.036 395.872
v 7452.587 -6996.257 396.078
f 4522 4523 4517
f 4522 4517 2624
f 4522 2624 2632
f 4522 2632 3164
v 7456.524 -6996.125 395.126
f 4524 4517 4523
f 4524 3746 3745
f 4524 3745 4517
v 7457.469 -6995.970 395.833
f 4525 4509 4508
f 4525 3746 4524
f 4525 4510 4509
f 4525 4524 4523
v 7608.704 -6953.077 496.287
f 4526 4244 4493
f 4526 4287 4244
f 4525 4508 3746
v 7504.869 -6948.453 361.232
f 4527 3751 3750
f 4527 3750 4521
f 4527 3755 3751
v 7501.842 -6948.634 363.514
f 4528 4521 4514
v 7496.610 -6951.742 374.625
v 7495.702 -6950.609 372.739
f 4528 4529 4530
f 4528 4527 4521
f 4528 4514 4513
f 4528 4513 4515
f 4528 4515 4529
v 7501.440 -6948.453 362.408
f 4531 3755 4527
f 4531 4528 3761
f 4531 3175 3755
f 4531 3761 3175
f 4531 4527 4528
v 7452.380 -6996.125 401.123
f 4532 3756 3758
f 4532 4522 3164
f 4532 3164 3756
f 4532 4523 4522
v 7453.375 -6995.970 401.757
f 4533 4510 4525
f 4533 4532 3758
f 4533 4511 4510
f 4533 4523 4532
v 7458.185 -6993.173 409.385
f 4533 4534 4511
v 7454.415 -6995.083 407.208
v 7456.341 -6994.236 408.320
f 4533 4535 4536
f 4533 4525 4523
v 7452.425 -6995.705 406.060
f 4533 3758 4537
f 4533 4536 4534
f 4533 4537 4535
v 7449.359 -6996.150 405.685
f 4538 3757 3760
f 4538 3758 3757
f 4538 4537 3758
v 7495.209 -6948.634 366.213
v 7493.763 -6948.992 368.711
f 4539 4540 3768
f 4539 3761 4528
f 4539 4528 4530
v 7494.750 -6949.690 370.761
f 4539 4530 4541
f 4539 4541 4540
v 7494.725 -6948.453 365.141
f 4542 4539 3768
f 4542 3768 3762
f 4542 3761 4539
f 4542 3762 3761
v 7447.631 -6996.150 408.905
f 4543 3173 3764
v 7610.220 -6980.796 470.761
f 4544 4303 4268
f 4544 4268 4506
f 4543 3760 3173
f 4543 4538 3760
v 7491.221 -6948.768 368.897
f 4545 3768 4540
f 4545 3767 3768
f 4545 3770 3767
f 4545 4541 4530
f 4545 4540 4541
v 7448.682 -6996.008 409.445
f 4546 4543 3764
f 4546 4537 4538
f 4546 4536 4535
v 7452.464 -6993.173 421.266
f 4546 4547 4534
v 7450.481 -6994.236 420.488
f 4546 4548 4547
f 4546 4534 4536
f 4546 4538 4543
f 4546 4535 4537
v 7444.541 -6996.150 415.529
v 7444.087 -6996.097 417.979
f 4549 3765 4550
f 4549 3764 3765
v 7606.551 -6964.464 481.741
f 4551 4311 4269
f 4551 4269 4518
v 7485.020 -6948.768 372.375
f 4552 3774 3773
f 4552 4530 4529
v 7485.279 -6951.742 381.167
f 4552 4529 4553
v 7482.863 -6949.690 377.624
v 7481.581 -6948.992 375.744
f 4552 4554 4555
v 7484.100 -6950.609 379.438
f 4552 4556 4554
f 4552 3770 4545
f 4552 4545 4530
f 4552 3773 3770
f 4552 4553 4556
f 4552 4555 3774
v 7445.630 -6996.008 415.988
v 7446.273 -6995.705 418.836
f 4557 4550 4558
v 7448.411 -6995.083 419.675
f 4557 4559 4548
f 4557 4548 4546
f 4557 4546 3764
f 4557 4558 4559
f 4557 3764 4549
f 4557 4549 4550
v 7436.724 -6996.036 420.617
f 4560 3190 3771
f 4560 2659 3190
f 4560 3771 3178
f 4560 2655 2659
f 4560 3178 2655
v 7485.259 -6948.466 362.905
f 4561 3184 3769
f 4561 3769 3199
f 4561 3199 3779
f 4561 3779 3189
f 4561 3188 3184
f 4561 3189 3188
v 7444.653 -6995.871 420.764
f 4562 4558 4550
f 4562 3765 3772
f 4562 4550 3765
f 4157 4142 4287
f 4157 4287 4526
v 7479.856 -6949.079 377.363
f 4563 4555 4554
f 4563 4554 4556
v 7445.748 -6995.630 421.162
f 4564 4562 3772
f 4564 4548 4559
f 4564 4559 4558
f 4564 4558 4562
v 7479.180 -6948.799 376.423
f 4565 4555 4563
f 4565 3778 3774
f 4565 4563 3788
f 4565 3788 3778
f 4565 3774 4555
v 7442.458 -6995.871 427.577
f 4566 3772 3190
f 4566 3190 3782
v 7474.319 -6949.079 381.666
v 7475.049 -6951.742 389.325
v 7473.625 -6950.609 387.791
f 4567 4568 4569
f 4567 4563 4556
v 7472.132 -6949.690 386.182
f 4567 4569 4570
f 4567 4556 4553
f 4567 3788 4563
f 4567 4553 4568
v 7429.992 -6995.474 435.843
f 4571 3202 3789
f 4571 3789 3206
f 4571 3207 3791
f 4571 3203 3202
f 4571 3791 3204
f 4571 3206 3207
f 4571 3204 3203
v 7443.580 -6995.630 427.892
v 7446.501 -6994.236 433.393
v 7448.577 -6993.173 433.867
f 4572 4573 4574
f 4572 4574 4547
f 4572 4547 4548
f 4572 4564 3772
f 4572 3772 4566
v 7444.332 -6995.083 432.898
f 4572 4575 4573
f 4572 4548 4564
v 7620.570 -6991.904 459.943
f 4576 4121 4138
f 4576 4371 4336
f 4576 4336 4121
v 7609.503 -6978.533 470.597
f 4577 4337 4303
v 7473.575 -6948.799 380.780
f 4578 3210 3788
f 4578 3788 4567
f 4578 3794 3210
v 7472.749 -6948.380 371.853
f 4579 3210 2682
f 4579 2682 3205
f 4579 3787 3210
f 4579 3205 3787
v 7441.553 -6995.871 431.040
v 7442.093 -6995.705 432.387
f 4580 4581 4575
f 4580 3785 4581
f 4580 3782 3785
f 4580 4575 4572
f 4580 4566 3782
f 4580 4572 4566
v 7470.899 -6948.799 383.112
f 4582 3794 4578
f 4582 3795 3794
v 7470.585 -6948.992 384.514
f 4582 4583 3795
f 4582 4570 4583
f 4582 4567 4570
f 4582 4578 4567
v 7438.337 -6996.188 434.187
f 4584 3786 3793
f 4584 4575 4581
f 4584 4581 3785
f 4584 3785 3781
f 4584 3781 3786
v 7467.779 -6948.453 383.267
f 4585 3802 3796
f 4585 3795 4583
f 4577 4303 4544
v 7607.374 -6962.254 482.064
f 4586 4311 4551
f 4585 3796 3795
v 7466.042 -6948.634 386.636
f 4587 4569 4568
f 4587 4585 4583
v 7466.149 -6951.742 398.917
v 7464.513 -6950.609 397.612
f 4587 4588 4589
f 4587 4568 4588
f 4587 4583 4570
f 4587 4570 4569
v 7437.163 -6996.188 441.435
v 7442.270 -6995.083 446.581
v 7444.488 -6994.236 446.747
f 4590 4591 4592
v 7439.979 -6995.705 446.410
f 4590 4593 4591
f 4590 4584 3793
f 4590 3207 3799
v 7437.638 -6996.097 446.234
f 4590 3800 4594
f 4590 3799 3800
f 4590 3793 3207
f 4590 4594 4593
f 4590 4592 4573
f 4590 4573 4575
f 4590 4575 4584
v 7465.200 -6948.453 385.814
f 4595 4587 3804
f 4595 3224 3802
f 4595 4585 4587
f 4595 3802 4585
f 4595 3804 3224
f 4586 4345 4311
v 7437.054 -6996.150 447.403
f 4596 4594 3800
f 4596 3800 3803
f 4596 4593 4594
v 7461.237 -6948.634 391.946
f 4597 3804 4587
v 7462.797 -6949.690 396.243
v 7461.018 -6948.992 394.824
f 4597 4598 4599
v 7459.193 -6948.522 393.370
f 4597 4599 4600
f 4597 4587 4589
f 4597 4589 4598
v 7460.336 -6948.453 391.190
f 4601 4600 3805
f 4601 3804 4597
f 4601 3805 3804
f 4601 4597 4600
v 7436.894 -6996.150 451.054
f 4602 4596 3803
f 4602 3803 3220
f 4602 3220 3807
v 7438.075 -6996.008 451.084
f 4603 4592 4591
f 4603 4591 4593
f 4603 4596 4602
v 7444.488 -6994.236 460.253
v 7446.611 -6993.173 460.093
f 4603 4604 4605
v 7446.611 -6993.173 446.907
f 4603 4606 4592
f 4603 4605 4606
f 4603 4602 3807
f 4603 4593 4596
v 7458.058 -6948.453 394.010
f 4607 3805 4600
f 4607 3809 3805
f 4607 4600 4599
v 7456.842 -6948.634 397.600
v 7458.779 -6951.742 409.728
f 4608 4588 4609
v 7456.966 -6950.609 408.681
f 4608 4609 4610
f 4608 4589 4588
f 4608 4607 4599
f 4608 4599 4598
f 4608 4598 4589
v 7455.887 -6948.453 396.913
f 4611 3239 3809
f 4611 3815 3239
f 4611 4608 3815
f 4611 4607 4608
f 4611 3809 4607
v 7436.984 -6996.150 458.362
f 4612 3808 3814
v 7618.697 -6990.442 459.803
f 4613 4371 4576
f 4612 3807 3808
v 7438.165 -6996.008 458.303
v 7439.979 -6995.705 460.590
f 4614 3814 4615
f 4614 4612 3814
f 4614 3807 4612
v 7442.270 -6995.083 460.419
f 4614 4615 4616
f 4614 4603 3807
f 4614 4616 4604
f 4614 4604 4603
v 7452.882 -6948.634 403.567
v 7455.065 -6949.690 407.584
f 4617 4610 4618
v 7453.094 -6948.992 406.446
f 4617 4618 4619
f 4617 3815 4608
f 4617 4608 4610
f 4617 4619 3820
v 7451.878 -6948.453 402.953
f 4620 3820 3816
f 4620 3815 4617
f 4620 3816 3815
f 4620 4617 3820
v 7439.245 -6995.871 461.842
f 4621 4615 3814
f 4621 3814 3813
f 4621 4616 4615
v 7451.798 -6948.799 407.064
f 4622 4619 4618
f 4622 3820 4619
v 7609.008 -6976.207 470.484
f 4623 4378 4337
f 4623 4337 4577
v 7608.396 -6960.143 482.465
f 4624 4345 4586
f 4622 3819 3820
v 7432.916 -6996.036 471.429
f 4625 2707 3240
f 4625 3240 3822
f 4625 3822 3236
f 4625 3236 2707
v 7439.623 -6995.871 465.401
f 4626 3236 3821
f 4626 4621 3813
f 4626 3813 3236
v 7451.149 -6949.079 410.720
f 4627 4618 4610
f 4627 4610 4609
f 4627 4622 4618
v 7453.101 -6951.742 421.516
v 7451.153 -6950.609 420.752
f 4627 4628 4629
f 4627 4609 4628
v 7440.780 -6995.630 465.256
v 7446.501 -6994.236 473.607
v 7448.577 -6993.173 473.133
f 4630 4631 4632
f 4630 4632 4605
f 4630 4605 4604
f 4630 4616 4621
f 4630 4604 4616
f 4630 4626 3821
f 4624 4379 4345
f 4630 4621 4626
v 7450.120 -6948.799 410.192
f 4633 3246 3819
f 4633 3828 3246
f 4633 3819 4622
f 4633 4627 3828
f 4633 4622 4627
v 7435.034 -6996.036 480.843
f 4634 2715 2717
f 4634 3825 3241
f 4634 3241 2715
v 7440.778 -6995.871 472.465
v 7442.093 -6995.705 474.613
f 4635 3826 4636
f 4635 3821 3824
f 4635 3824 3826
v 7448.186 -6949.079 417.076
f 4637 4627 4629
v 7449.110 -6949.690 419.950
f 4637 4629 4638
f 4637 3828 4627
v 7446.992 -6948.992 419.118
f 4637 4638 4639
v 7441.921 -6995.630 472.234
f 4640 4631 4630
f 4640 4635 4636
v 7444.332 -6995.083 474.102
f 4640 4641 4631
f 4640 4630 3821
f 4640 4636 4641
f 4640 3821 4635
v 7447.120 -6948.799 416.626
f 4642 4639 3831
f 4642 4637 4639
f 4642 3831 3829
f 4642 3829 3828
f 4642 3828 4637
v 7436.126 -6996.036 484.547
f 4643 4634 2717
f 4643 2725 3252
f 4643 2717 2725
v 7438.569 -6996.257 481.814
f 4643 4644 4634
v 7440.279 -6996.125 478.143
f 4645 3826 3825
f 4645 3825 4634
f 4645 4634 4644
v 7441.421 -6995.970 477.844
f 4646 4636 3826
f 4646 3826 4645
f 4646 4645 4644
f 4646 4631 4641
f 4646 4641 4636
v 7616.977 -6988.802 459.674
f 4647 4402 4371
v 7446.478 -6949.079 421.428
f 4648 4638 4629
f 4648 4639 4638
v 7441.233 -6948.380 411.374
f 4649 3827 3250
f 4649 3250 2733
f 4649 2733 3246
f 4649 3246 3827
v 7445.390 -6948.799 421.032
f 4650 4639 4648
f 4650 4648 3840
f 4650 3831 4639
f 4650 3832 3831
f 4650 3840 3832
v 7442.385 -6996.125 485.122
f 4651 3252 3834
f 4651 3834 3836
f 4651 4643 3252
f 4651 4644 4643
v 7443.501 -6995.970 484.739
f 4652 4632 4631
v 7448.411 -6995.083 487.325
v 7450.481 -6994.236 486.512
f 4652 4653 4654
f 4652 4646 4644
v 7452.464 -6993.173 485.734
f 4652 4654 4655
v 7446.273 -6995.705 488.164
f 4652 4656 4653
f 4652 4655 4632
f 4652 3836 4656
f 4652 4631 4646
f 4647 4371 4613
v 7608.740 -6973.843 470.423
f 4657 4403 4378
f 4657 4378 4623
f 4652 4644 4651
f 4652 4651 3836
v 7444.327 -6949.079 428.103
f 4658 4648 4629
v 7449.245 -6951.742 434.019
v 7447.204 -6950.609 433.554
f 4658 4659 4660
f 4658 4628 4659
f 4658 3840 4648
f 4658 4629 4628
v 7445.064 -6949.690 433.065
f 4658 4660 4661
v 7443.214 -6948.799 427.789
f 4662 3842 3262
f 4662 3262 3840
f 4662 3840 4658
v 7437.502 -6948.380 420.879
f 4663 3262 2744
f 4663 2744 3256
f 4663 3839 3262
f 4663 3256 3839
v 7444.068 -6996.150 490.328
f 4664 3835 3841
f 4664 4656 3836
f 4664 3836 3835
v 7442.316 -6948.799 431.224
v 7442.846 -6948.992 432.559
f 4665 4661 4666
f 4665 3843 3842
f 4665 3842 4662
f 4665 4662 4658
f 4665 4666 3843
v 7609.608 -6958.150 482.940
f 4667 4379 4624
f 4667 4421 4379
f 4665 4658 4661
v 7445.508 -6996.150 493.687
f 4668 3259 3846
f 4668 4664 3841
f 4668 3841 3259
v 7446.585 -6996.008 493.201
f 4669 4654 4653
f 4669 4655 4654
f 4669 4656 4664
f 4669 4653 4656
v 7456.341 -6994.236 498.680
v 7458.185 -6993.173 497.615
f 4669 4670 4671
f 4669 4668 3846
f 4669 4664 4668
f 4669 4671 4655
v 7439.826 -6948.453 433.109
f 4672 3849 3844
f 4672 3843 4666
f 4672 3844 3843
v 7440.288 -6948.634 436.871
f 4673 4666 4661
f 4673 4660 4659
v 7447.295 -6951.742 446.958
v 7445.207 -6950.609 446.801
f 4673 4674 4675
f 4673 4672 4666
f 4673 4661 4660
f 4673 4659 4674
v 7439.129 -6948.453 436.667
f 4676 3272 3849
f 4676 3849 4672
f 4676 4673 3850
f 4676 4672 4673
f 4676 3850 3272
v 7448.760 -6996.150 500.232
f 4677 3846 3847
v 7450.392 -6996.097 502.114
f 4677 3847 4678
v 7449.798 -6996.008 499.667
f 4679 4669 3846
v 7452.425 -6995.705 500.940
f 4679 4678 4680
f 4679 4677 4678
f 4679 3846 4677
v 7454.415 -6995.083 499.792
f 4679 4680 4681
f 4679 4681 4670
f 4679 4670 4669
v 7447.864 -6996.036 509.516
f 4682 3273 3852
f 4682 2754 3273
f 4682 3852 3266
f 4682 3266 2747
f 4682 2747 2754
v 7615.429 -6986.998 459.558
f 4683 4402 4647
f 4683 4440 4402
v 7439.309 -6948.634 443.965
v 7443.018 -6949.690 446.637
v 7440.749 -6948.992 446.467
f 4684 4685 4686
f 4684 4673 4675
f 4684 3850 4673
f 4684 4686 3856
f 4684 4675 4685
v 7438.138 -6948.453 443.848
f 4687 3851 3850
f 4687 3856 3851
f 4687 3850 4684
f 4687 4684 3856
v 7452.923 -6995.871 503.409
f 4688 4680 4678
f 4688 3847 3853
f 4688 4678 3847
v 7440.939 -6949.079 448.826
f 4689 4686 4685
f 4689 4685 4675
v 7453.917 -6995.630 502.801
f 4690 4688 3853
f 4690 4681 4680
v 7608.702 -6971.464 470.415
f 4691 4448 4403
f 4691 4403 4657
f 4690 4670 4681
f 4690 4680 4688
v 7439.783 -6948.799 448.768
f 4692 3855 3856
f 4692 3862 3855
f 4692 4686 4689
f 4692 4689 3862
f 4692 3856 4686
v 7456.881 -6995.871 509.373
f 4693 3853 3273
f 4693 3273 3859
v 7440.851 -6949.079 455.838
v 7447.295 -6951.742 460.042
v 7445.207 -6950.609 460.199
f 4694 4695 4696
f 4694 4675 4674
v 7443.018 -6949.690 460.363
f 4694 4696 4697
f 4694 4674 4695
f 4694 3862 4689
f 4694 4689 4675
v 7457.827 -6995.630 508.692
f 4698 4670 4690
f 4698 4671 4670
v 7463.949 -6994.236 509.838
v 7465.614 -6993.173 508.510
f 4698 4699 4700
v 7610.997 -6956.297 483.486
f 4701 4449 4421
f 4701 4421 4667
f 4698 4690 3853
f 4698 3853 4693
f 4698 4700 4671
v 7462.210 -6995.083 511.225
f 4698 4702 4699
v 7439.695 -6948.799 455.867
f 4703 3863 3282
f 4703 3862 4694
f 4703 3282 3862
v 7456.757 -6996.036 521.333
f 4704 2761 2763
f 4704 3274 2761
f 4704 3858 3274
v 7432.201 -6948.380 450.946
f 4705 2773 3280
f 4705 3280 3861
f 4705 3282 2773
f 4705 3861 3282
v 7459.024 -6995.871 512.239
f 4706 3859 3860
v 7460.414 -6995.705 512.657
f 4706 3860 4707
f 4706 4693 3859
f 4706 4702 4698
f 4706 4707 4702
f 4706 4698 4693
v 7439.850 -6948.799 459.413
f 4708 4703 4694
f 4708 3864 3863
v 7440.749 -6948.992 460.533
f 4708 4709 3864
f 4708 4697 4709
f 4708 3863 4703
f 4708 4694 4697
v 7459.348 -6996.036 524.196
f 4710 2763 2770
f 4710 4704 2763
v 7460.364 -6996.257 520.674
f 4710 4711 4704
f 4710 2770 3286
v 7460.311 -6996.125 516.624
f 4712 3860 3858
f 4712 4704 4711
f 4712 3858 4704
v 7461.211 -6995.970 515.860
f 4713 4712 4711
f 4713 3860 4712
f 4713 4707 3860
f 4713 4699 4702
f 4713 4702 4707
v 7441.288 -6949.079 462.837
f 4714 4697 4696
f 4714 4709 4697
v 7440.137 -6948.799 462.952
f 4715 4714 3876
f 4715 4709 4714
f 4715 3868 3864
f 4715 3876 3868
f 4715 3864 4709
v 7465.236 -6996.125 521.999
f 4716 4710 3286
f 4716 3872 3874
f 4716 3286 3872
f 4716 4711 4710
v 7466.076 -6995.970 521.169
f 4717 4713 4711
f 4717 4699 4713
v 7474.583 -6993.173 518.177
f 4717 4718 4700
f 4717 4716 3874
v 7471.622 -6995.083 521.369
v 7473.135 -6994.236 519.738
f 4717 4719 4720
v 7470.059 -6995.705 523.053
f 4717 3874 4721
f 4717 4700 4699
f 4717 4721 4719
f 4717 4720 4718
f 4717 4711 4716
v 7442.247 -6949.079 469.783
v 7449.245 -6951.742 472.981
v 7447.204 -6950.609 473.446
f 4722 4723 4724
f 4722 3876 4714
f 4722 4696 4695
v 7445.064 -6949.690 473.935
f 4722 4724 4725
f 4722 4695 4723
f 4722 4714 4696
v 7614.065 -6985.050 459.456
f 4726 4474 4440
f 4726 4440 4683
v 7608.894 -6969.092 470.458
f 4727 4448 4691
f 4727 4483 4448
v 7441.108 -6948.799 469.984
f 4728 3876 4722
f 4728 3294 3876
f 4728 3878 3294
v 7432.964 -6948.380 466.236
f 4729 3291 3875
f 4729 2789 3291
f 4729 3875 3294
f 4729 3294 2789
v 7469.012 -6996.150 525.959
f 4730 3873 3877
f 4730 4721 3874
f 4730 3874 3873
v 7441.789 -6948.799 473.468
f 4731 3879 3878
f 4731 4722 4725
v 7442.846 -6948.992 474.441
f 4731 4732 3879
f 4731 3878 4728
f 4731 4725 4732
f 4731 4728 4722
v 7471.767 -6996.150 528.360
f 4733 4730 3877
f 4733 3877 3293
v 7612.551 -6954.600 484.096
f 4734 4449 4701
f 4734 4493 4449
f 4733 3293 3882
v 7442.461 -6948.768 476.960
f 4735 3884 3879
f 4735 4725 4724
f 4735 3879 4732
f 4735 3886 3884
f 4735 4732 4725
v 7472.527 -6996.008 527.455
v 7483.693 -6994.236 528.158
v 7484.893 -6993.173 526.399
f 4736 4737 4738
f 4736 4720 4719
f 4736 4730 4733
f 4736 4733 3882
f 4736 4719 4721
f 4736 4718 4720
f 4736 4721 4730
f 4736 4738 4718
v 7477.537 -6996.150 532.846
v 7479.824 -6996.097 533.834
f 4739 3883 4740
f 4739 3882 3883
v 7444.472 -6948.768 483.780
f 4741 4724 4723
v 7449.110 -6949.690 487.050
v 7446.992 -6948.992 487.882
f 4741 4742 4743
v 7453.101 -6951.742 485.484
f 4741 4723 4744
f 4741 4735 4724
f 4741 3886 4735
v 7451.153 -6950.609 486.248
f 4741 4744 4745
f 4741 4745 4742
f 4741 3890 3886
f 4741 4743 3891
f 4741 3891 3890
v 7478.227 -6996.008 531.887
f 4746 4739 4740
v 7481.146 -6995.705 531.894
f 4746 4740 4747
v 7482.440 -6995.083 529.996
f 4746 4747 4748
f 4746 3882 4739
f 4746 4748 4737
f 4746 4737 4736
f 4746 4736 3882
v 7480.758 -6996.036 541.600
f 4749 3888 3301
f 4749 3308 3888
f 4749 3301 2792
f 4749 2792 2799
f 4749 2799 3308
v 7435.293 -6948.466 481.439
f 4750 3897 3307
f 4750 3307 3306
f 4750 3306 3305
f 4750 3885 3313
f 4750 3305 3885
f 4750 3313 3897
v 7482.665 -6995.871 533.902
f 4751 4747 4740
f 4751 4740 3883
f 4751 3883 3889
v 7448.186 -6949.079 489.924
f 4752 4743 4742
f 4752 4742 4745
v 7483.298 -6995.630 532.923
f 4753 4748 4747
f 4753 4751 3889
f 4753 4737 4748
f 4753 4747 4751
v 7447.120 -6948.799 490.374
f 4754 3904 3896
f 4754 3891 4743
f 4754 4752 3904
f 4754 3896 3891
f 4754 4743 4752
v 7488.819 -6995.871 537.558
f 4755 3308 3900
f 4755 3889 3308
v 7612.901 -6982.976 459.368
f 4756 4506 4474
f 4756 4474 4726
v 7609.313 -6966.751 470.554
f 4757 4483 4727
f 4757 4518 4483
v 7451.149 -6949.079 496.280
v 7458.779 -6951.742 497.272
v 7456.966 -6950.609 498.319
f 4758 4759 4760
f 4758 4745 4744
v 7455.065 -6949.690 499.416
f 4758 4760 4761
f 4758 4752 4745
f 4758 4744 4759
f 4758 3904 4752
v 7489.376 -6995.630 536.535
f 4762 4738 4737
v 7496.313 -6993.173 532.992
f 4762 4763 4738
v 7494.424 -6995.083 536.915
v 7495.389 -6994.236 534.911
f 4762 4764 4765
f 4762 4765 4763
f 4762 4753 3889
f 4762 3889 4755
f 4762 4737 4753
v 7450.120 -6948.799 496.808
f 4766 3905 3317
f 4766 3904 4758
f 4766 3317 3904
v 7493.898 -6996.036 548.388
f 4767 2805 2807
f 4767 3899 3309
f 4767 3309 2805
v 7441.233 -6948.380 495.626
f 4768 3315 3903
v 7614.253 -6953.077 484.764
f 4769 4526 4493
f 4769 4493 4734
f 4769 4157 4526
f 4768 3317 2817
f 4768 3903 3317
f 4768 2817 3315
v 7491.994 -6995.871 539.211
f 4770 3900 3902
f 4770 4764 4762
v 7493.427 -6995.705 538.985
f 4770 4771 4764
f 4770 4755 3900
f 4770 4762 4755
f 4770 3902 4771
v 7451.798 -6948.799 499.936
f 4772 3906 3905
v 7453.094 -6948.992 500.554
f 4772 4773 3906
f 4772 4766 4758
f 4772 4758 4761
f 4772 3905 4766
f 4772 4761 4773
v 7497.474 -6996.036 549.843
f 4774 2814 3322
v 7496.861 -6996.257 546.229
f 4774 4775 4767
f 4774 2807 2814
f 4774 4767 2807
v 7495.056 -6996.125 542.603
f 4776 4767 4775
f 4776 3902 3899
f 4776 3899 4767
v 7495.535 -6995.970 541.524
f 4777 4764 4771
f 4777 4765 4764
f 4777 4771 3902
f 4777 4776 4775
f 4777 3902 4776
v 7454.580 -6949.079 502.396
f 4778 4761 4760
f 4778 4773 4761
v 7453.592 -6948.799 502.999
f 4779 3906 4773
f 4779 3909 3906
f 4779 4773 4778
f 4779 3914 3909
f 4779 4778 3914
v 7501.826 -6996.125 545.309
f 4780 3910 3912
f 4780 3322 3910
f 4780 4775 4774
f 4780 4774 3322
v 7502.222 -6995.970 544.197
v 7506.628 -6995.705 544.166
f 4781 3912 4782
v 7507.961 -6994.236 539.845
v 7508.588 -6993.173 537.810
f 4781 4783 4784
f 4161 4576 4138
f 4781 4777 4775
f 4781 4780 3912
f 4781 4765 4777
f 4781 4775 4780
f 4781 4784 4763
v 7507.305 -6995.083 541.970
f 4781 4782 4785
f 4781 4785 4783
f 4781 4763 4765
v 7458.457 -6949.079 508.239
v 7464.513 -6950.609 509.388
v 7462.797 -6949.690 510.757
f 4786 4787 4788
f 4786 4760 4759
f 4786 4778 4760
v 7466.149 -6951.742 508.083
f 4786 4759 4789
f 4786 3914 4778
f 4786 4789 4787
v 7457.518 -6948.799 508.914
f 4790 3914 4786
f 4790 3917 3329
f 4790 3329 3914
v 7509.118 -6996.036 553.555
f 4791 2828 3331
f 4791 3331 3916
f 4791 3916 3328
f 4791 3328 2828
v 7448.554 -6948.380 509.071
f 4792 3329 2831
f 4792 3324 3913
f 4792 2831 3324
f 4792 3913 3329
v 7459.644 -6948.799 511.758
f 4793 3917 4790
v 7611.948 -6980.796 459.297
f 4794 4544 4506
f 4794 4506 4756
v 7609.957 -6964.464 470.701
f 4795 4518 4757
f 4795 4551 4518
v 7461.018 -6948.992 512.176
f 4793 4788 4796
f 4793 3918 3917
f 4793 4786 4788
f 4793 4790 4786
f 4793 4796 3918
v 7508.671 -6995.871 545.637
f 4797 4782 3912
f 4797 3915 3920
f 4797 3912 3915
v 7508.987 -6995.630 544.515
f 4798 4797 3920
f 4798 4785 4782
f 4798 4782 4797
f 4798 4783 4785
v 7459.565 -6948.453 514.880
f 4799 3924 3919
f 4799 3919 3918
f 4799 3918 4796
v 7462.795 -6948.634 516.864
f 4800 4788 4787
f 4800 4796 4788
v 7475.049 -6951.742 517.675
f 4800 4789 4801
f 4800 4799 4796
f 4800 4787 4789
v 7473.625 -6950.609 519.209
f 4800 4801 4802
v 7461.912 -6948.453 517.642
f 4803 4799 4800
f 4803 3924 4799
f 4803 3342 3924
f 4803 4800 3933
f 4803 3933 3342
v 7515.629 -6995.871 547.316
f 4804 3920 3331
f 4804 3331 3927
v 7515.860 -6995.630 546.174
f 4805 4798 3920
f 4805 4784 4783
f 4805 3920 4804
f 4805 4783 4798
v 7520.796 -6995.083 545.050
v 7521.127 -6994.236 542.850
f 4805 4806 4807
v 7521.445 -6993.173 540.744
f 4805 4808 4784
f 4805 4807 4808
f 4184 4157 4769
v 7524.205 -6995.860 557.328
f 4809 3932 3338
f 4809 3338 3337
f 4809 3337 2842
f 4809 3344 3932
f 4809 2842 3344
v 7519.150 -6995.871 547.960
v 7520.453 -6995.705 547.321
f 4810 4811 4806
f 4810 3928 4811
f 4810 4806 4805
f 4810 4804 3927
f 4810 4805 4804
f 4810 3927 3928
v 7467.731 -6948.634 522.052
v 7472.132 -6949.690 520.818
v 7470.585 -6948.992 522.486
f 4812 4813 4814
f 4812 4802 4813
f 4812 4814 3937
f 4812 4800 4802
f 4812 3933 4800
v 7522.431 -6996.158 550.562
f 4815 3928 3926
f 4815 3929 3932
f 4815 3926 3929
v 7466.909 -6948.453 522.895
f 4816 3933 4812
f 4816 3934 3933
f 4816 3937 3934
f 4816 4812 3937
v 7620.570 -6991.904 447.057
f 4817 4576 4161
v 7522.578 -6996.021 549.389
f 4818 4806 4811
f 4818 4811 3928
f 4818 4807 4806
f 4818 3928 4815
f 4818 4815 3932
v 7472.547 -6949.079 523.809
f 4819 4814 4813
f 4819 4813 4802
v 7471.781 -6948.799 524.676
f 4820 3936 3937
f 4820 3937 4814
f 4820 4814 4819
f 4820 4819 3942
f 4820 3942 3936
v 7529.719 -6996.158 551.200
f 4821 3938 3939
v 7611.215 -6978.533 459.242
f 4822 4577 4544
f 4822 4544 4794
f 4822 4623 4577
f 4821 3932 3344
f 4821 3344 3938
v 7529.748 -6996.097 550.609
f 4823 2833 4807
f 4823 4807 4818
f 4823 3986 3987
f 4823 3987 3988
f 4823 3988 2834
f 4823 2834 2833
f 4823 3932 4821
f 4823 4818 3932
v 7477.974 -6949.079 528.249
v 7485.279 -6951.742 525.833
v 7484.100 -6950.609 527.562
f 4824 4825 4826
v 7482.863 -6949.690 529.376
f 4824 4826 4827
f 4824 4801 4825
f 4824 3942 4819
f 4824 4819 4802
f 4824 4802 4801
v 7477.276 -6948.799 529.171
f 4828 3352 3942
f 4828 3942 4824
v 7610.818 -6962.254 470.898
f 4829 4551 4795
f 4829 4586 4551
f 4829 4624 4586
f 4828 3943 3352
v 7533.375 -6996.158 551.314
f 4830 4823 4821
f 4830 3940 3981
f 4830 3981 3984
f 4830 3984 3985
f 4830 3985 3986
f 4830 3939 3940
f 4830 4821 3939
f 4830 3986 4823
v 7468.757 -6948.380 531.963
f 4831 2864 3350
f 4831 3352 2864
f 4831 3350 3941
f 4831 3941 3352
v 7480.145 -6948.799 531.261
v 7481.581 -6948.992 531.256
f 4832 4827 4833
f 4832 4828 4824
f 4832 4833 3944
f 4832 4824 4827
f 4832 3943 4828
f 4832 3944 3943
v 7482.101 -6948.799 532.595
f 4834 4833 4827
f 4834 3944 4833
f 4834 3947 3944
v 7485.698 -6949.079 533.515
f 4835 4826 4825
v 7496.610 -6951.742 532.375
v 7495.702 -6950.609 534.261
f 4835 4836 4837
f 4835 4825 4836
f 4835 4827 4826
f 4835 4834 4827
v 7485.095 -6948.799 534.502
f 4838 3358 3947
f 4838 3952 3358
f 4838 4835 3952
f 4838 3947 4834
f 4838 4834 4835
v 7491.815 -6949.079 536.945
f 4839 4835 4837
v 7494.750 -6949.690 536.239
f 4839 4837 4840
v 7493.763 -6948.992 538.289
f 4839 4840 4841
f 4839 3952 4835
v 7491.287 -6948.799 537.975
f 4842 3952 4839
f 4842 3953 3952
f 4842 3954 3953
f 4842 4839 4841
f 4842 4841 3954
v 7485.609 -6948.380 543.453
f 4843 3358 3951
f 4843 2871 3358
f 4843 3951 3359
f 4843 3359 2871
v 7495.492 -6948.768 540.160
f 4844 3956 3954
f 4844 3959 3956
f 4844 4840 4837
f 4844 3954 4841
f 4844 4841 4840
v 7502.078 -6948.768 542.840
f 4845 3960 3959
v 7618.697 -6990.442 447.197
f 4846 4613 4576
f 4846 4576 4817
f 4845 3959 4844
v 7508.173 -6950.609 539.156
v 7507.526 -6949.690 541.253
f 4845 4847 4848
f 4845 4837 4836
f 4845 3961 3960
v 7506.856 -6948.992 543.427
f 4845 4848 4849
f 4845 4844 4837
v 7508.790 -6951.742 537.155
f 4845 4850 4847
f 4845 4836 4850
f 4845 4849 3961
v 7494.525 -6948.466 548.557
f 4851 3366 3365
f 4851 3365 3364
f 4851 3958 3370
f 4851 3364 3958
f 4851 3370 3965
f 4851 3965 3366
v 7509.197 -6949.079 543.767
f 4852 4848 4847
f 4852 4849 4848
v 7508.884 -6948.799 544.881
f 4853 4852 3967
f 4853 3964 3961
f 4853 3967 3964
f 4853 3961 4849
f 4853 4849 4852
v 7516.014 -6949.079 545.413
f 4854 3967 4852
v 7610.709 -6976.207 459.204
f 4855 4623 4822
v 7521.235 -6950.609 542.137
v 7520.908 -6949.690 544.307
f 4854 4856 4857
v 7521.547 -6951.742 540.067
f 4854 4858 4856
f 4854 4852 4847
f 4854 4847 4850
f 4854 4850 4858
v 7515.785 -6948.799 546.547
f 4859 3373 3967
f 4859 3967 4854
f 4859 3968 3373
v 7509.320 -6948.380 552.758
f 4860 3372 3966
f 4860 3966 3373
f 4860 2891 3372
f 4860 3373 2891
v 7519.277 -6948.799 547.185
v 7520.568 -6948.992 546.557
f 4861 4857 4862
f 4861 4862 3969
f 4861 3968 4859
f 4861 4859 4854
f 4861 3969 3968
f 4861 4854 4857
v 7522.384 -6948.325 550.938
f 4863 4862 4857
f 4863 3969 4862
v 7611.889 -6960.143 471.142
f 4864 4624 4829
f 4863 3970 3969
v 7522.236 -6948.265 552.118
f 4865 4863 3973
f 4865 3970 4863
f 4865 3972 3374
f 4865 3973 3972
f 4865 3374 3970
v 7529.670 -6948.287 552.172
f 4866 3379 4033
f 4866 4033 4034
f 4866 4034 4035
f 4866 4035 4036
f 4866 4857 3379
f 4866 3973 4863
f 4866 4863 4857
v 7529.640 -6948.265 552.766
f 4867 3973 4866
f 4867 3385 3973
f 4867 3974 3385
v 7524.057 -6948.976 558.803
f 4868 3377 3973
f 4868 2897 3378
f 4868 3378 3377
f 4868 3973 3385
f 4868 3384 2897
f 4868 3385 3384
v 7533.356 -6948.265 552.882
f 4869 4036 4030
f 4869 4030 4029
f 4869 4029 4031
f 4869 4031 3431
f 4869 4866 4036
f 4869 4867 4866
f 4869 3974 4867
f 4869 3431 3974
v 7616.977 -6988.802 447.326
f 4870 4613 4846
f 4870 4647 4613
f 4870 4683 4647
v 7610.434 -6973.843 459.183
f 4871 4657 4623
f 4871 4691 4657
f 4871 4623 4855
v 7613.158 -6958.150 471.432
f 4872 4667 4624
f 4872 4624 4864
v 7615.429 -6986.998 447.442
f 4873 4683 4870
v 7610.395 -6971.464 459.180
f 4874 4691 4871
v 7614.613 -6956.297 471.764
f 4875 4667 4872
f 4875 4701 4667
v 7614.065 -6985.050 447.544
f 4876 4756 4726
f 4876 4683 4873
f 4876 4726 4683
v 7610.591 -6969.092 459.195
f 4877 4691 4874
f 4877 4727 4691
v 7616.240 -6954.600 472.135
f 4878 4734 4701
f 4878 4701 4875
v 7612.901 -6982.976 447.632
f 4879 4756 4876
v 7611.020 -6966.751 459.227
f 4880 4757 4727
f 4880 4727 4877
f 4880 4795 4757
v 7618.023 -6953.077 472.542
f 4881 4769 4734
f 4881 4734 4878
f 4190 4817 4161
v 7611.948 -6980.796 447.703
f 4882 4794 4756
f 4882 4756 4879
f 4882 4822 4794
v 7611.679 -6964.464 459.277
f 4883 4795 4880
f 4204 4184 4769
f 4204 4769 4881
v 7618.649 -6991.904 434.315
f 4884 4846 4817
f 4884 4817 4190
v 7611.215 -6978.533 447.758
f 4885 4822 4882
f 4885 4855 4822
v 7612.560 -6962.254 459.343
f 4886 4829 4795
f 4886 4795 4883
f 4886 4864 4829
v 7616.818 -6990.442 434.733
f 4887 4846 4884
v 7610.709 -6976.207 447.796
f 4888 4855 4885
v 7613.655 -6960.143 459.425
f 4889 4864 4886
v 7615.137 -6988.802 435.117
f 4890 4873 4870
f 4890 4870 4846
f 4890 4846 4887
v 7610.434 -6973.843 447.817
f 4891 4871 4855
f 4891 4855 4888
v 7614.953 -6958.150 459.522
f 4892 4864 4889
f 4892 4872 4864
v 7613.623 -6986.998 435.462
f 4893 4873 4890
f 4893 4876 4873
v 7610.395 -6971.464 447.820
f 4894 4874 4871
f 4894 4871 4891
v 7616.441 -6956.297 459.634
f 4895 4875 4872
f 4895 4872 4892
f 4895 4878 4875
v 7612.290 -6985.050 435.766
f 4896 4876 4893
v 7610.591 -6969.092 447.805
f 4897 4874 4894
f 4897 4877 4874
f 4897 4880 4877
v 7618.106 -6954.600 459.758
f 4898 4878 4895
v 7611.152 -6982.976 436.026
f 4899 4882 4879
f 4899 4876 4896
f 4899 4879 4876
v 7611.020 -6966.751 447.773
f 4900 4880 4897
v 7619.929 -6953.077 459.895
f 4901 4881 4878
f 4901 4878 4898
f 4211 4884 4190
v 7610.220 -6980.796 436.239
f 4902 4882 4899
v 7611.679 -6964.464 447.723
f 4903 4886 4883
f 4903 4883 4880
f 4903 4880 4900
f 4227 4204 4881
f 4227 4881 4901
v 7614.851 -6991.904 422.002
f 4904 4884 4211
v 7609.503 -6978.533 436.403
f 4905 4885 4882
f 4905 4882 4902
v 7612.560 -6962.254 447.657
f 4906 4886 4903
v 7613.103 -6990.442 422.688
f 4907 4887 4884
f 4907 4890 4887
f 4907 4884 4904
v 7609.008 -6976.207 436.516
f 4908 4888 4885
f 4908 4885 4905
v 7613.655 -6960.143 447.575
f 4909 4889 4886
f 4909 4892 4889
f 4909 4886 4906
v 7611.498 -6988.802 423.318
f 4910 4890 4907
v 7608.740 -6973.843 436.577
f 4911 4894 4891
f 4911 4891 4888
f 4911 4888 4908
v 7614.953 -6958.150 447.478
f 4912 4892 4909
v 7610.052 -6986.998 423.885
f 4913 4890 4910
f 4913 4893 4890
v 7608.702 -6971.464 436.585
f 4914 4894 4911
v 7616.441 -6956.297 447.366
f 4915 4895 4892
f 4915 4892 4912
v 7608.779 -6985.050 424.385
f 4916 4893 4913
f 4916 4896 4893
v 7608.894 -6969.092 436.542
f 4917 4897 4894
f 4917 4894 4914
v 7618.106 -6954.600 447.242
f 4918 4895 4915
f 4918 4898 4895
f 4918 4901 4898
v 7607.693 -6982.976 424.811
f 4919 4899 4896
f 4919 4896 4916
v 7609.313 -6966.751 436.446
f 4920 4903 4900
f 4920 4897 4917
f 4920 4900 4897
v 7619.929 -6953.077 447.105
f 4921 4901 4918
f 4921 4227 4901
v 7606.803 -6980.796 425.160
f 4922 4899 4919
f 4922 4905 4902
f 4922 4902 4899
v 7609.957 -6964.464 436.299
f 4923 4903 4920
f 4253 4227 4921
v 7609.260 -6991.904 410.392
f 4924 4211 4234
f 4924 4904 4211
v 7606.118 -6978.533 425.429
f 4925 4905 4922
v 7610.818 -6962.254 436.102
f 4926 4906 4903
f 4926 4909 4906
f 4926 4903 4923
v 7607.633 -6990.442 411.331
f 4927 4907 4904
f 4927 4904 4924
f 4927 4910 4907
v 7605.646 -6976.207 425.614
f 4928 4911 4908
f 4928 4905 4925
f 4928 4908 4905
v 7611.889 -6960.143 435.858
f 4929 4909 4926
v 7606.140 -6988.802 412.193
f 4930 4910 4927
v 7605.390 -6973.843 425.715
f 4931 4911 4928
v 7613.158 -6958.150 435.568
f 4932 4909 4929
f 4932 4915 4912
f 4932 4912 4909
v 7604.795 -6986.998 412.970
f 4933 4913 4910
f 4933 4910 4930
v 7605.353 -6971.464 425.729
f 4934 4911 4931
f 4934 4914 4911
v 7614.613 -6956.297 435.236
f 4935 4915 4932
f 4935 4918 4915
v 7603.611 -6985.050 413.653
f 4936 4916 4913
f 4936 4913 4933
v 7605.536 -6969.092 425.657
f 4937 4920 4917
f 4937 4917 4914
f 4937 4914 4934
v 7616.240 -6954.600 434.865
f 4938 4918 4935
v 7602.601 -6982.976 414.237
f 4939 4916 4936
f 4939 4919 4916
v 7605.937 -6966.751 425.500
f 4940 4920 4937
v 7618.023 -6953.077 434.458
f 4941 4921 4918
f 4941 4918 4938
v 7601.773 -6980.796 414.715
f 4942 4919 4939
f 4942 4925 4922
f 4942 4922 4919
v 7606.551 -6964.464 425.259
f 4943 4920 4940
f 4943 4923 4920
f 4271 4253 4921
f 4271 4921 4941
v 7602.001 -6991.904 399.745
f 4944 4924 4234
f 4944 4234 4251
v 7601.136 -6978.533 415.083
f 4945 4925 4942
v 7607.374 -6962.254 424.936
f 4946 4926 4923
f 4946 4923 4943
f 4946 4929 4926
v 7600.533 -6990.442 400.916
f 4947 4924 4944
f 4947 4930 4927
f 4947 4927 4924
v 7600.696 -6976.207 415.336
f 4948 4928 4925
f 4948 4931 4928
f 4948 4925 4945
v 7608.396 -6960.143 424.535
f 4949 4929 4946
v 7599.185 -6988.802 401.991
f 4950 4930 4947
v 7600.458 -6973.843 415.474
f 4951 4931 4948
v 7609.608 -6958.150 424.060
f 4952 4929 4949
f 4952 4932 4929
v 7597.970 -6986.998 402.960
f 4953 4933 4930
f 4953 4930 4950
v 7600.424 -6971.464 415.493
f 4954 4931 4951
f 4954 4934 4931
v 7610.997 -6956.297 423.514
f 4955 4932 4952
f 4955 4935 4932
v 7596.902 -6985.050 403.812
f 4956 4936 4933
f 4956 4933 4953
v 7600.594 -6969.092 415.395
f 4957 4934 4954
f 4957 4937 4934
v 7612.551 -6954.600 422.904
f 4958 4938 4935
f 4958 4935 4955
v 7595.989 -6982.976 404.540
f 4959 4936 4956
f 4959 4939 4936
v 7600.967 -6966.751 415.180
f 4960 4937 4957
f 4960 4940 4937
v 7614.253 -6953.077 422.236
f 4961 4938 4958
f 4961 4941 4938
v 7595.242 -6980.796 405.136
f 4962 4939 4959
f 4962 4942 4939
v 7601.539 -6964.464 414.850
f 4963 4946 4943
f 4963 4943 4940
f 4963 4940 4960
f 4294 4941 4961
f 4294 4271 4941
v 7593.236 -6991.904 390.299
f 4964 4251 4274
f 4964 4947 4944
f 4964 4944 4251
v 7594.667 -6978.533 405.594
f 4965 4945 4942
f 4965 4942 4962
v 7602.304 -6962.254 414.408
f 4966 4946 4963
v 7591.959 -6990.442 391.676
f 4967 4947 4964
v 7594.270 -6976.207 405.911
f 4968 4948 4945
f 4968 4945 4965
f 4968 4951 4948
v 7603.255 -6960.143 413.859
f 4969 4946 4966
f 4969 4949 4946
v 7590.786 -6988.802 392.940
f 4970 4950 4947
f 4970 4947 4967
f 4970 4953 4950
v 7594.055 -6973.843 406.082
f 4971 4951 4968
v 7604.382 -6958.150 413.208
f 4972 4949 4969
f 4972 4952 4949
v 7589.730 -6986.998 394.078
f 4973 4953 4970
f 4973 4956 4953
v 7594.024 -6971.464 406.107
f 4974 4954 4951
f 4974 4951 4971
v 7605.675 -6956.297 412.462
f 4975 4952 4972
f 4975 4958 4955
f 4975 4955 4952
v 7588.800 -6985.050 395.080
f 4976 4956 4973
v 7594.178 -6969.092 405.984
f 4977 4954 4974
f 4977 4957 4954
v 7607.120 -6954.600 411.627
f 4978 4958 4975
v 7588.006 -6982.976 395.936
f 4979 4956 4976
f 4979 4959 4956
v 7594.514 -6966.751 405.716
f 4980 4960 4957
f 4980 4957 4977
v 7608.704 -6953.077 410.713
f 4981 4961 4958
f 4981 4958 4978
v 7587.356 -6980.796 396.637
f 4982 4959 4979
f 4982 4962 4959
v 7595.030 -6964.464 405.304
f 4983 4960 4980
f 4983 4963 4960
f 4318 4961 4981
f 4318 4294 4961
v 7583.162 -6991.904 382.265
f 4984 4967 4964
f 4984 4274 4300
f 4984 4964 4274
v 7586.856 -6978.533 397.176
f 4985 4965 4962
f 4985 4962 4982
f 4985 4968 4965
v 7595.721 -6962.254 404.753
f 4986 4963 4983
f 4986 4966 4963
v 7582.104 -6990.442 383.817
f 4987 4970 4967
f 4987 4967 4984
v 7586.510 -6976.207 397.548
f 4988 4968 4985
v 7596.580 -6960.143 404.069
f 4989 4966 4986
f 4989 4969 4966
v 7581.133 -6988.802 385.241
f 4990 4970 4987
f 4990 4973 4970
v 7586.323 -6973.843 397.750
f 4991 4968 4988
f 4991 4974 4971
f 4991 4971 4968
v 7597.597 -6958.150 403.257
f 4992 4972 4969
f 4992 4969 4989
v 7580.258 -6986.998 386.525
f 4993 4973 4990
v 7586.297 -6971.464 397.778
f 4994 4977 4974
f 4994 4974 4991
v 7598.764 -6956.297 402.326
f 4995 4975 4972
f 4995 4972 4992
v 7579.488 -6985.050 387.654
f 4996 4976 4973
f 4996 4973 4993
v 7586.430 -6969.092 397.634
f 4997 4977 4994
f 4997 4980 4977
v 7600.069 -6954.600 401.286
f 4998 4981 4978
f 4998 4975 4995
f 4998 4978 4975
v 7578.830 -6982.976 388.618
f 4999 4976 4996
f 4999 4979 4976
v 7586.723 -6966.751 397.319
f 5000 4983 4980
f 5000 4980 4997
v 7601.499 -6953.077 400.145
f 5001 4981 4998
v 7578.292 -6980.796 389.408
f 5002 4982 4979
f 5002 4979 4999
f 5002 4985 4982
v 7587.172 -6964.464 396.835
f 5003 4983 5000
f 4334 4981 5001
f 4334 4318 4981
v 7572.002 -6991.904 375.822
f 5004 4300 4315
f 5004 4984 4300
v 7577.877 -6978.533 390.016
f 5005 4988 4985
f 5005 4985 5002
v 7587.773 -6962.254 396.187
f 5006 4983 5003
f 5006 4986 4983
v 7571.187 -6990.442 377.514
f 5007 4984 5004
f 5007 4987 4984
v 7577.591 -6976.207 390.435
f 5008 4988 5005
v 7588.520 -6960.143 395.382
f 5009 4989 4986
f 5009 4992 4989
f 5009 4986 5006
v 7570.439 -6988.802 379.068
f 5010 4990 4987
f 5010 4987 5007
v 7577.436 -6973.843 390.662
f 5011 4991 4988
f 5011 4988 5008
f 5011 4994 4991
v 7589.405 -6958.150 394.428
f 5012 4992 5009
v 7569.765 -6986.998 380.467
f 5013 4990 5010
f 5013 4993 4990
v 7577.414 -6971.464 390.695
f 5014 4994 5011
f 5014 4997 4994
v 7590.421 -6956.297 393.334
f 5015 4992 5012
f 5015 4995 4992
v 7569.172 -6985.050 381.698
f 5016 4993 5013
f 5016 4996 4993
v 7577.525 -6969.092 390.533
f 5017 4997 5014
v 7591.556 -6954.600 392.110
f 5018 5001 4998
f 5018 4995 5015
f 5018 4998 4995
v 7568.666 -6982.976 382.750
f 5019 4996 5016
f 5019 4999 4996
v 7577.768 -6966.751 390.177
f 5020 5000 4997
f 5020 4997 5017
v 7592.800 -6953.077 390.770
f 5021 5001 5018
v 7568.251 -6980.796 383.611
f 5022 5005 5002
f 5022 5002 4999
f 5022 4999 5019
v 7578.139 -6964.464 389.631
f 5023 5000 5020
f 5023 5003 5000
f 5023 5006 5003
f 4366 4334 5001
f 4366 5001 5021
v 7560.007 -6991.904 371.114
f 5024 4315 4343
f 5024 5004 4315
f 5024 5007 5004
v 7567.932 -6978.533 384.274
f 5025 5005 5022
v 7578.637 -6962.254 388.901
f 5026 5006 5023
v 7559.454 -6990.442 372.909
f 5027 5010 5007
f 5027 5007 5024
v 7567.712 -6976.207 384.731
f 5028 5011 5008
f 5028 5008 5005
f 5028 5005 5025
v 7579.256 -6960.143 387.994
f 5029 5006 5026
f 5029 5009 5006
f 5029 5012 5009
v 7558.945 -6988.802 374.556
f 5030 5010 5027
v 7567.593 -6973.843 384.979
f 5031 5011 5028
v 7579.989 -6958.150 386.919
f 5032 5012 5029
v 7558.488 -6986.998 376.041
f 5033 5010 5030
f 5033 5013 5010
v 7567.575 -6971.464 385.015
f 5034 5011 5031
f 5034 5014 5011
v 7580.830 -6956.297 385.685
f 5035 5012 5032
f 5035 5015 5012
f 5035 5018 5015
v 7558.085 -6985.050 377.347
f 5036 5013 5033
f 5036 5016 5013
v 7567.661 -6969.092 384.837
f 5037 5014 5034
f 5037 5017 5014
v 7581.770 -6954.600 384.306
f 5038 5018 5035
v 7557.741 -6982.976 378.462
f 5039 5016 5036
f 5039 5019 5016
f 5039 5022 5019
v 7567.848 -6966.751 384.450
f 5040 5017 5037
f 5040 5020 5017
f 5040 5023 5020
v 7582.800 -6953.077 382.795
f 5041 5021 5018
f 5041 4366 5021
f 5041 5018 5038
f 4361 5024 4343
v 7557.459 -6980.796 379.376
f 5042 5022 5039
v 7568.134 -6964.464 383.855
f 5043 5026 5023
f 5043 5023 5040
f 4381 4366 5041
v 7547.444 -6991.904 368.247
f 5044 5024 4361
v 7557.242 -6978.533 380.079
f 5045 5025 5022
f 5045 5028 5025
f 5045 5022 5042
v 7568.517 -6962.254 383.059
f 5046 5026 5043
f 5046 5029 5026
v 7547.165 -6990.442 370.104
f 5047 5027 5024
f 5047 5024 5044
v 7557.092 -6976.207 380.564
f 5048 5028 5045
v 7568.994 -6960.143 382.070
f 5049 5029 5046
v 7546.908 -6988.802 371.809
f 5050 5030 5027
f 5050 5027 5047
v 7557.011 -6973.843 380.826
f 5051 5034 5031
f 5051 5028 5048
f 5051 5031 5028
v 7569.559 -6958.150 380.897
f 5052 5032 5029
f 5052 5029 5049
v 7546.676 -6986.998 373.345
f 5053 5033 5030
f 5053 5036 5033
f 5053 5030 5050
v 7557.000 -6971.464 380.864
f 5054 5034 5051
v 7570.206 -6956.297 379.552
f 5055 5035 5032
f 5055 5038 5035
f 5055 5032 5052
v 7546.472 -6985.050 374.696
f 5056 5036 5053
v 7557.058 -6969.092 380.676
f 5057 5037 5034
f 5057 5040 5037
f 5057 5034 5054
v 7570.930 -6954.600 378.048
f 5058 5038 5055
v 7546.298 -6982.976 375.851
f 5059 5036 5056
f 5059 5039 5036
v 7557.185 -6966.751 380.265
f 5060 5040 5057
f 5060 5043 5040
v 7571.724 -6953.077 376.400
f 5061 5038 5058
f 5061 5041 5038
f 5061 4381 5041
v 7546.156 -6980.796 376.796
f 5062 5042 5039
f 5062 5039 5059
v 7557.379 -6964.464 379.634
f 5063 5043 5060
f 4405 4381 5061
v 7534.595 -6991.904 367.284
f 5064 5047 5044
f 5064 4361 4387
f 5064 5044 4361
v 7546.046 -6978.533 377.523
f 5065 5045 5042
f 5065 5042 5062
v 7557.640 -6962.254 378.790
f 5066 5043 5063
f 5066 5046 5043
v 7534.595 -6990.442 369.162
f 5067 5047 5064
v 7545.971 -6976.207 378.025
f 5068 5048 5045
f 5068 5045 5065
f 5068 5051 5048
v 7557.963 -6960.143 377.740
f 5069 5049 5046
f 5069 5046 5066
v 7534.595 -6988.802 370.886
f 5070 5047 5067
f 5070 5050 5047
v 7545.930 -6973.843 378.297
f 5071 5051 5068
v 7558.347 -6958.150 376.496
f 5072 5052 5049
f 5072 5049 5069
v 7534.595 -6986.998 372.439
f 5073 5053 5050
f 5073 5050 5070
v 7545.924 -6971.464 378.336
f 5074 5057 5054
f 5074 5054 5051
f 5074 5051 5071
v 7558.787 -6956.297 375.070
f 5075 5055 5052
f 5075 5052 5072
v 7534.595 -6985.050 373.806
f 5076 5056 5053
f 5076 5059 5056
f 5076 5053 5073
v 7545.953 -6969.092 378.142
f 5077 5057 5074
v 7559.279 -6954.600 373.475
f 5078 5061 5058
f 5078 5055 5075
f 5078 5058 5055
v 7534.595 -6982.976 374.974
f 5079 5059 5076
v 7546.017 -6966.751 377.716
f 5080 5060 5057
f 5080 5057 5077
v 7559.818 -6953.077 371.728
f 5081 5061 5078
v 7534.595 -6980.796 375.930
f 5082 5065 5062
f 5082 5059 5079
f 5082 5062 5059
v 7546.116 -6964.464 377.063
f 5083 5063 5060
f 5083 5060 5080
f 4430 5061 5081
f 4430 4405 5061
v 7521.745 -6991.904 368.247
f 5084 5064 4387
f 5084 4387 4412
f 5084 5067 5064
v 7534.595 -6978.533 376.665
f 5085 5065 5082
v 7546.247 -6962.254 376.189
f 5086 5069 5066
f 5086 5063 5083
f 5086 5066 5063
v 7522.025 -6990.442 370.104
f 5087 5067 5084
v 7534.595 -6976.207 377.173
f 5088 5068 5065
f 5088 5065 5085
f 5088 5071 5068
v 7546.411 -6960.143 375.104
f 5089 5069 5086
v 7522.282 -6988.802 371.809
f 5090 5070 5067
f 5090 5067 5087
v 7534.595 -6973.843 377.448
f 5091 5071 5088
v 7546.605 -6958.150 373.816
f 5092 5075 5072
f 5092 5069 5089
f 5092 5072 5069
v 7522.513 -6986.998 373.345
f 5093 5073 5070
f 5093 5070 5090
v 7534.595 -6971.464 377.487
f 5094 5074 5071
f 5094 5071 5091
v 7546.827 -6956.297 372.340
f 5095 5075 5092
v 7522.717 -6985.050 374.696
f 5096 5079 5076
f 5096 5073 5093
f 5096 5076 5073
v 7534.595 -6969.092 377.290
f 5097 5074 5094
f 5097 5077 5074
v 7547.076 -6954.600 370.690
f 5098 5075 5095
f 5098 5078 5075
v 7522.891 -6982.976 375.851
f 5099 5082 5079
f 5099 5079 5096
v 7534.595 -6966.751 376.860
f 5100 5077 5097
f 5100 5080 5077
v 7547.349 -6953.077 368.882
f 5101 5078 5098
f 5101 5081 5078
f 4446 4411 4427
f 4446 4412 4411
v 7523.033 -6980.796 376.796
f 5102 5082 5099
v 7534.595 -6964.464 376.200
f 5103 5086 5083
f 5103 5080 5100
f 5103 5083 5080
f 4451 4430 5081
f 4451 5081 5101
v 7509.182 -6991.904 371.114
f 5104 5084 4412
f 5104 5087 5084
f 5104 4412 4446
v 7523.143 -6978.533 377.523
f 5105 5082 5102
f 5105 5085 5082
v 7534.595 -6962.254 375.316
f 5106 5086 5103
v 7509.736 -6990.442 372.909
f 5107 5087 5104
v 7523.219 -6976.207 378.025
f 5108 5091 5088
f 5108 5088 5085
f 5108 5085 5105
v 7534.595 -6960.143 374.218
f 5109 5092 5089
f 5109 5086 5106
f 5109 5089 5086
v 7510.244 -6988.802 374.556
f 5110 5087 5107
f 5110 5090 5087
f 5110 5093 5090
v 7523.260 -6973.843 378.297
f 5111 5091 5108
v 7534.595 -6958.150 372.916
f 5112 5092 5109
v 7510.702 -6986.998 376.041
f 5113 5093 5110
v 7523.265 -6971.464 378.336
f 5114 5091 5111
f 5114 5094 5091
v 7534.595 -6956.297 371.424
f 5115 5092 5112
f 5115 5095 5092
v 7511.104 -6985.050 377.347
f 5116 5099 5096
f 5116 5096 5093
f 5116 5093 5113
v 7523.236 -6969.092 378.142
f 5117 5097 5094
f 5117 5094 5114
v 7534.595 -6954.600 369.755
f 5118 5101 5098
f 5118 5098 5095
f 5118 5095 5115
v 7511.449 -6982.976 378.462
f 5119 5099 5116
f 5119 5102 5099
v 7523.172 -6966.751 377.716
f 5120 5100 5097
f 5120 5097 5117
v 7534.595 -6953.077 367.926
f 5121 5101 5118
f 5121 4451 5101
v 7511.730 -6980.796 379.376
f 5122 5102 5119
v 7523.074 -6964.464 377.063
f 5123 5100 5120
f 5123 5103 5100
f 5123 5106 5103
f 4465 4451 5121
v 7497.187 -6991.904 375.822
f 5124 5104 4446
f 5124 4446 4447
v 7511.947 -6978.533 380.079
f 5125 5102 5122
f 5125 5105 5102
v 7522.942 -6962.254 376.189
f 5126 5106 5123
v 7498.002 -6990.442 377.514
f 5127 5104 5124
f 5127 5107 5104
v 7512.097 -6976.207 380.564
f 5128 5105 5125
f 5128 5108 5105
v 7522.778 -6960.143 375.104
f 5129 5106 5126
f 5129 5112 5109
f 5129 5109 5106
v 7498.750 -6988.802 379.068
f 5130 5110 5107
f 5130 5107 5127
v 7512.178 -6973.843 380.826
f 5131 5111 5108
f 5131 5108 5128
v 7522.584 -6958.150 373.816
f 5132 5112 5129
v 7499.424 -6986.998 380.467
f 5133 5110 5130
f 5133 5113 5110
v 7512.189 -6971.464 380.864
f 5134 5114 5111
f 5134 5111 5131
v 7522.362 -6956.297 372.340
f 5135 5112 5132
f 5135 5115 5112
v 7500.017 -6985.050 381.698
f 5136 5113 5133
f 5136 5116 5113
v 7512.131 -6969.092 380.676
f 5137 5114 5134
f 5137 5117 5114
v 7522.113 -6954.600 370.690
f 5138 5115 5135
f 5138 5118 5115
v 7500.523 -6982.976 382.750
f 5139 5119 5116
f 5139 5116 5136
v 7512.004 -6966.751 380.265
f 5140 5117 5137
f 5140 5120 5117
v 7521.840 -6953.077 368.882
f 5141 4465 5121
f 5141 5121 5118
f 5141 5118 5138
v 7500.938 -6980.796 383.611
f 5142 5119 5139
f 5142 5122 5119
v 7511.810 -6964.464 379.634
f 5143 5120 5140
f 5143 5126 5123
f 5143 5123 5120
f 4490 4465 5141
v 7486.027 -6991.904 382.265
f 5144 4447 4472
f 5144 5124 4447
v 7501.257 -6978.533 384.274
f 5145 5122 5142
f 5145 5125 5122
v 7511.549 -6962.254 378.790
f 5146 5126 5143
v 7487.085 -6990.442 383.817
f 5147 5127 5124
f 5147 5124 5144
v 7501.477 -6976.207 384.731
f 5148 5128 5125
f 5148 5125 5145
v 7511.226 -6960.143 377.740
f 5149 5129 5126
f 5149 5132 5129
f 5149 5126 5146
v 7488.057 -6988.802 385.241
f 5150 5130 5127
f 5150 5127 5147
v 7501.597 -6973.843 384.979
f 5151 5131 5128
f 5151 5128 5148
v 7510.842 -6958.150 376.496
f 5152 5132 5149
v 7488.931 -6986.998 386.525
f 5153 5133 5130
f 5153 5130 5150
v 7501.614 -6971.464 385.015
f 5154 5134 5131
f 5154 5131 5151
v 7510.402 -6956.297 375.070
f 5155 5135 5132
f 5155 5132 5152
v 7489.702 -6985.050 387.654
f 5156 5133 5153
f 5156 5136 5133
v 7501.528 -6969.092 384.837
f 5157 5134 5154
f 5157 5137 5134
v 7509.910 -6954.600 373.475
f 5158 5135 5155
f 5158 5141 5138
f 5158 5138 5135
v 7490.359 -6982.976 388.618
f 5159 5139 5136
f 5159 5136 5156
v 7501.342 -6966.751 384.450
f 5160 5137 5157
f 5160 5140 5137
v 7509.371 -6953.077 371.728
f 5161 5141 5158
v 7490.898 -6980.796 389.408
f 5162 5142 5139
f 5162 5139 5159
f 5162 5145 5142
v 7501.055 -6964.464 383.855
f 5163 5143 5140
f 5163 5140 5160
f 4515 5141 5161
f 4515 4490 5141
v 7475.953 -6991.904 390.299
f 5164 4472 4485
f 5164 5144 4472
v 7491.312 -6978.533 390.016
f 5165 5145 5162
v 7500.672 -6962.254 383.059
f 5166 5143 5163
f 5166 5146 5143
v 7477.230 -6990.442 391.676
f 5167 5144 5164
f 5167 5147 5144
v 7491.598 -6976.207 390.435
f 5168 5148 5145
f 5168 5145 5165
v 7500.195 -6960.143 382.070
f 5169 5146 5166
f 5169 5149 5146
v 7478.403 -6988.802 392.940
f 5170 5150 5147
f 5170 5147 5167
v 7491.753 -6973.843 390.662
f 5171 5151 5148
f 5171 5148 5168
v 7499.631 -6958.150 380.897
f 5172 5152 5149
f 5172 5149 5169
v 7479.459 -6986.998 394.078
f 5173 5153 5150
f 5173 5150 5170
v 7491.775 -6971.464 390.695
f 5174 5154 5151
f 5174 5151 5171
v 7498.983 -6956.297 379.552
f 5175 5155 5152
f 5175 5152 5172
v 7480.389 -6985.050 395.080
f 5176 5156 5153
f 5176 5153 5173
v 7491.664 -6969.092 390.533
f 5177 5154 5174
f 5177 5157 5154
v 7498.259 -6954.600 378.048
f 5178 5158 5155
f 5178 5155 5175
v 7481.183 -6982.976 395.936
f 5179 5159 5156
f 5179 5162 5159
f 5179 5156 5176
v 7491.422 -6966.751 390.177
f 5180 5160 5157
f 5180 5157 5177
v 7497.465 -6953.077 376.400
f 5181 5158 5178
f 5181 5161 5158
v 7481.833 -6980.796 396.637
f 5182 5162 5179
v 7491.050 -6964.464 389.631
f 5183 5163 5160
f 5183 5160 5180
f 4529 4515 5161
f 4529 5161 5181
v 7467.188 -6991.904 399.745
f 5184 4485 4511
f 5184 5164 4485
v 7482.334 -6978.533 397.176
f 5185 5165 5162
f 5185 5162 5182
v 7490.552 -6962.254 388.901
f 5186 5163 5183
f 5186 5166 5163
v 7468.657 -6990.442 400.916
f 5187 5164 5184
f 5187 5167 5164
f 5187 5170 5167
v 7482.679 -6976.207 397.548
f 5188 5168 5165
f 5188 5165 5185
f 5188 5171 5168
v 7489.934 -6960.143 387.994
f 5189 5166 5186
f 5189 5169 5166
v 7470.005 -6988.802 401.991
f 5190 5170 5187
v 7482.866 -6973.843 397.750
f 5191 5171 5188
v 7489.200 -6958.150 386.919
f 5192 5172 5169
f 5192 5169 5189
v 7471.219 -6986.998 402.960
f 5193 5173 5170
f 5193 5170 5190
v 7482.893 -6971.464 397.778
f 5194 5171 5191
f 5194 5174 5171
v 7488.359 -6956.297 385.685
f 5195 5175 5172
f 5195 5172 5192
v 7472.288 -6985.050 403.812
f 5196 5176 5173
f 5196 5173 5193
v 7482.759 -6969.092 397.634
f 5197 5177 5174
f 5197 5174 5194
v 7487.419 -6954.600 384.306
f 5198 5175 5195
f 5198 5178 5175
v 7473.200 -6982.976 404.540
f 5199 5176 5196
f 5199 5179 5176
v 7482.466 -6966.751 397.319
f 5200 5177 5197
f 5200 5180 5177
v 7486.389 -6953.077 382.795
f 5201 5178 5198
f 5201 5181 5178
v 7473.948 -6980.796 405.136
f 5202 5182 5179
f 5202 5179 5199
v 7482.017 -6964.464 396.835
f 5203 5183 5180
f 5203 5180 5200
f 4553 4529 5181
f 4553 5181 5201
v 7459.929 -6991.904 410.392
f 5204 5184 4511
f 5204 4511 4534
v 7474.523 -6978.533 405.594
f 5205 5185 5182
f 5205 5182 5202
v 7481.416 -6962.254 396.187
f 5206 5186 5183
f 5206 5183 5203
v 7461.556 -6990.442 411.331
f 5207 5184 5204
f 5207 5190 5187
f 5207 5187 5184
v 7474.919 -6976.207 405.911
f 5208 5191 5188
f 5208 5188 5185
f 5208 5185 5205
v 7480.669 -6960.143 395.382
f 5209 5189 5186
f 5209 5192 5189
f 5209 5186 5206
v 7463.049 -6988.802 412.193
f 5210 5190 5207
v 7475.134 -6973.843 406.082
f 5211 5191 5208
v 7479.784 -6958.150 394.428
f 5212 5192 5209
v 7464.394 -6986.998 412.970
f 5213 5193 5190
f 5213 5190 5210
v 7475.165 -6971.464 406.107
f 5214 5194 5191
f 5214 5191 5211
v 7478.769 -6956.297 393.334
f 5215 5198 5195
f 5215 5192 5212
f 5215 5195 5192
v 7465.578 -6985.050 413.653
f 5216 5196 5193
f 5216 5193 5213
v 7475.011 -6969.092 405.984
f 5217 5194 5214
f 5217 5197 5194
v 7477.633 -6954.600 392.110
f 5218 5198 5215
v 7466.589 -6982.976 414.237
f 5219 5196 5216
f 5219 5199 5196
v 7474.675 -6966.751 405.716
f 5220 5197 5217
f 5220 5200 5197
v 7476.389 -6953.077 390.770
f 5221 5198 5218
f 5221 4553 5201
f 5221 5201 5198
f 4547 5204 4534
v 7467.417 -6980.796 414.715
f 5222 5199 5219
f 5222 5202 5199
v 7474.159 -6964.464 405.304
f 5223 5200 5220
f 5223 5203 5200
f 4568 4553 5221
v 7454.338 -6991.904 422.002
f 5224 5204 4547
v 7468.054 -6978.533 415.083
f 5225 5202 5222
f 5225 5205 5202
v 7473.468 -6962.254 404.753
f 5226 5206 5203
f 5226 5203 5223
v 7456.087 -6990.442 422.688
f 5227 5207 5204
f 5227 5204 5224
v 7468.493 -6976.207 415.336
f 5228 5208 5205
f 5228 5205 5225
v 7472.610 -6960.143 404.069
f 5229 5206 5226
f 5229 5209 5206
f 5229 5212 5209
v 7457.692 -6988.802 423.318
f 5230 5210 5207
f 5230 5213 5210
f 5230 5207 5227
v 7468.731 -6973.843 415.474
f 5231 5208 5228
f 5231 5211 5208
v 7471.592 -6958.150 403.257
f 5232 5212 5229
v 7459.137 -6986.998 423.885
f 5233 5213 5230
f 5233 5216 5213
v 7468.765 -6971.464 415.493
f 5234 5214 5211
f 5234 5211 5231
v 7470.425 -6956.297 402.326
f 5235 5215 5212
f 5235 5212 5232
v 7460.410 -6985.050 424.385
f 5236 5216 5233
v 7468.595 -6969.092 415.395
f 5237 5217 5214
f 5237 5214 5234
v 7469.120 -6954.600 401.286
f 5238 5218 5215
f 5238 5215 5235
f 5238 5221 5218
v 7461.496 -6982.976 424.811
f 5239 5216 5236
f 5239 5222 5219
f 5239 5219 5216
v 7468.222 -6966.751 415.180
f 5240 5220 5217
f 5240 5217 5237
v 7467.690 -6953.077 400.145
f 5241 5221 5238
v 7462.386 -6980.796 425.160
f 5242 5225 5222
f 5242 5222 5239
v 7467.650 -6964.464 414.850
f 5243 5220 5240
f 5243 5223 5220
f 4588 5221 5241
f 4588 4568 5221
v 7450.540 -6991.904 434.315
f 5244 5227 5224
f 5244 4547 4574
f 5244 5224 4547
v 7463.071 -6978.533 425.429
f 5245 5225 5242
v 7466.885 -6962.254 414.408
f 5246 5226 5223
f 5246 5223 5243
v 7452.371 -6990.442 434.733
f 5247 5227 5244
v 7463.543 -6976.207 425.614
f 5248 5231 5228
f 5248 5225 5245
f 5248 5228 5225
v 7465.934 -6960.143 413.859
f 5249 5232 5229
f 5249 5226 5246
f 5249 5229 5226
v 7454.052 -6988.802 435.117
f 5250 5227 5247
f 5250 5230 5227
v 7463.799 -6973.843 425.715
f 5251 5231 5248
v 7464.807 -6958.150 413.208
f 5252 5232 5249
v 7455.566 -6986.998 435.462
f 5253 5236 5233
f 5253 5230 5250
f 5253 5233 5230
v 7463.836 -6971.464 425.729
f 5254 5237 5234
f 5254 5231 5251
f 5254 5234 5231
v 7463.514 -6956.297 412.462
f 5255 5238 5235
f 5255 5232 5252
f 5255 5235 5232
v 7456.899 -6985.050 435.766
f 5256 5236 5253
f 5256 5239 5236
v 7463.653 -6969.092 425.657
f 5257 5237 5254
v 7462.069 -6954.600 411.627
f 5258 5238 5255
f 4592 4574 4573
v 7458.037 -6982.976 436.026
f 5259 5239 5256
v 7463.252 -6966.751 425.500
f 5260 5243 5240
f 5260 5240 5237
f 5260 5237 5257
v 7460.485 -6953.077 410.713
f 5261 5241 5238
f 5261 5238 5258
f 4606 4574 4592
v 7458.969 -6980.796 436.239
f 5262 5239 5259
f 5262 5242 5239
v 7462.638 -6964.464 425.259
f 5263 5243 5260
f 4609 4588 5241
f 4609 5241 5261
v 7448.620 -6991.904 447.057
f 5264 4574 4606
f 5264 5244 4574
v 7459.686 -6978.533 436.403
f 5265 5245 5242
f 5265 5248 5245
f 5265 5242 5262
v 7461.815 -6962.254 424.936
f 5266 5249 5246
f 5266 5243 5263
f 5266 5246 5243
v 7450.492 -6990.442 447.197
f 5267 5247 5244
f 5267 5244 5264
v 7460.181 -6976.207 436.516
f 5268 5248 5265
v 7460.793 -6960.143 424.535
f 5269 5249 5266
v 7452.212 -6988.802 447.326
f 5270 5247 5267
f 5270 5250 5247
v 7460.449 -6973.843 436.577
f 5271 5248 5268
f 5271 5251 5248
f 5271 5254 5251
v 7459.581 -6958.150 424.060
f 5272 5252 5249
f 5272 5255 5252
f 5272 5249 5269
v 7453.761 -6986.998 447.442
f 5273 5253 5250
f 5273 5250 5270
f 5273 5256 5253
v 7460.487 -6971.464 436.585
f 5274 5254 5271
v 7458.192 -6956.297 423.514
f 5275 5255 5272
f 5275 5258 5255
v 7455.124 -6985.050 447.544
f 5276 5256 5273
v 7460.296 -6969.092 436.542
f 5277 5257 5254
f 5277 5254 5274
v 7456.638 -6954.600 422.904
f 5278 5258 5275
v 7456.288 -6982.976 447.632
f 5279 5256 5276
f 5279 5259 5256
v 7459.876 -6966.751 436.446
f 5280 5257 5277
f 5280 5260 5257
v 7454.936 -6953.077 422.236
f 5281 5261 5258
f 5281 5258 5278
v 7457.241 -6980.796 447.703
f 5282 5262 5259
f 5282 5265 5262
f 5282 5259 5279
v 7459.232 -6964.464 436.299
f 5283 5260 5280
f 5283 5263 5260
f 5283 5266 5263
f 4628 4609 5261
f 4628 5261 5281
v 7448.620 -6991.904 459.943
f 5284 4606 4605
f 5284 5264 4606
v 7457.974 -6978.533 447.758
f 5285 5265 5282
v 7458.371 -6962.254 436.102
f 5286 5266 5283
v 7450.492 -6990.442 459.803
f 5287 5267 5264
f 5287 5264 5284
v 7458.481 -6976.207 447.796
f 5288 5265 5285
f 5288 5268 5265
v 7457.301 -6960.143 435.858
f 5289 5272 5269
f 5289 5269 5266
f 5289 5266 5286
v 7452.212 -6988.802 459.674
f 5290 5273 5270
f 5290 5270 5267
f 5290 5267 5287
v 7458.755 -6973.843 447.817
f 5291 5271 5268
f 5291 5268 5288
f 5291 5274 5271
v 7456.031 -6958.150 435.568
f 5292 5272 5289
f 5292 5275 5272
v 7453.761 -6986.998 459.558
f 5293 5273 5290
v 7458.794 -6971.464 447.820
f 5294 5274 5291
v 7454.576 -6956.297 435.236
f 5295 5275 5292
v 7455.124 -6985.050 459.456
f 5296 5276 5273
f 5296 5273 5293
v 7458.598 -6969.092 447.805
f 5297 5274 5294
f 5297 5280 5277
f 5297 5277 5274
v 7452.949 -6954.600 434.865
f 5298 5278 5275
f 5298 5275 5295
v 7456.288 -6982.976 459.368
f 5299 5276 5296
f 5299 5279 5276
v 7458.169 -6966.751 447.773
f 5300 5280 5297
v 7451.166 -6953.077 434.458
f 5301 5281 5278
f 5301 5278 5298
f 5301 4628 5281
v 7457.241 -6980.796 459.297
f 5302 5282 5279
f 5302 5279 5299
v 7457.510 -6964.464 447.723
f 5303 5280 5300
f 5303 5283 5280
f 4659 4628 5301
v 7450.540 -6991.904 472.685
f 5304 4605 4632
f 5304 5287 5284
f 5304 5284 4605
v 7457.974 -6978.533 459.242
f 5305 5282 5302
f 5305 5285 5282
v 7456.629 -6962.254 447.657
f 5306 5283 5303
f 5306 5286 5283
v 7452.371 -6990.442 472.267
f 5307 5287 5304
v 7458.481 -6976.207 459.204
f 5308 5285 5305
f 5308 5288 5285
f 5308 5291 5288
v 7455.534 -6960.143 447.575
f 5309 5286 5306
f 5309 5289 5286
v 7454.052 -6988.802 471.883
f 5310 5287 5307
f 5310 5290 5287
v 7458.755 -6973.843 459.183
f 5311 5291 5308
v 7454.236 -6958.150 447.478
f 5312 5292 5289
f 5312 5289 5309
v 7455.566 -6986.998 471.538
f 5313 5290 5310
f 5313 5293 5290
v 7458.794 -6971.464 459.180
f 5314 5294 5291
f 5314 5297 5294
f 5314 5291 5311
v 7452.748 -6956.297 447.366
f 5315 5295 5292
f 5315 5292 5312
v 7456.899 -6985.050 471.234
f 5316 5293 5313
f 5316 5296 5293
v 7458.598 -6969.092 459.195
f 5317 5297 5314
v 7451.084 -6954.600 447.242
f 5318 5298 5295
f 5318 5295 5315
v 7458.037 -6982.976 470.974
f 5319 5299 5296
f 5319 5296 5316
v 7458.169 -6966.751 459.227
f 5320 5303 5300
f 5320 5300 5297
f 5320 5297 5317
v 7449.260 -6953.077 447.105
f 5321 5301 5298
f 5321 5298 5318
f 5321 4659 5301
v 7458.969 -6980.796 470.761
f 5322 5302 5299
f 5322 5299 5319
v 7457.510 -6964.464 459.277
f 5323 5303 5320
f 4674 4659 5321
v 7454.338 -6991.904 484.998
f 5324 4632 4655
f 5324 5304 4632
v 7459.686 -6978.533 470.597
f 5325 5305 5302
f 5325 5308 5305
f 5325 5302 5322
v 7456.629 -6962.254 459.343
f 5326 5309 5306
f 5326 5306 5303
f 5326 5303 5323
v 7456.087 -6990.442 484.312
f 5327 5310 5307
f 5327 5304 5324
f 5327 5307 5304
v 7460.181 -6976.207 470.484
f 5328 5308 5325
v 7455.534 -6960.143 459.425
f 5329 5309 5326
v 7457.692 -6988.802 483.682
f 5330 5310 5327
v 7460.449 -6973.843 470.423
f 5331 5311 5308
f 5331 5308 5328
v 7454.236 -6958.150 459.522
f 5332 5309 5329
f 5332 5312 5309
v 7459.137 -6986.998 483.115
f 5333 5313 5310
f 5333 5310 5330
v 7460.487 -6971.464 470.415
f 5334 5314 5311
f 5334 5311 5331
v 7452.748 -6956.297 459.634
f 5335 5315 5312
f 5335 5318 5315
f 5335 5312 5332
v 7460.410 -6985.050 482.615
f 5336 5316 5313
f 5336 5313 5333
f 5336 5319 5316
v 7460.296 -6969.092 470.458
f 5337 5314 5334
f 5337 5317 5314
f 5337 5320 5317
v 7451.084 -6954.600 459.758
f 5338 5318 5335
v 7461.496 -6982.976 482.189
f 5339 5319 5336
v 7459.876 -6966.751 470.554
f 5340 5320 5337
v 7449.260 -6953.077 459.895
f 5341 5321 5318
f 5341 5318 5338
v 7462.386 -6980.796 481.840
f 5342 5319 5339
f 5342 5322 5319
v 7459.232 -6964.464 470.701
f 5343 5320 5340
f 5343 5323 5320
f 4695 5321 5341
f 4695 4674 5321
v 7459.929 -6991.904 496.608
f 5344 5324 4655
f 5344 4655 4671
v 7463.071 -6978.533 481.571
f 5345 5328 5325
f 5345 5322 5342
f 5345 5325 5322
v 7458.371 -6962.254 470.898
f 5346 5326 5323
f 5346 5323 5343
v 7461.556 -6990.442 495.669
f 5347 5324 5344
f 5347 5327 5324
v 7463.543 -6976.207 481.386
f 5348 5328 5345
v 7457.301 -6960.143 471.142
f 5349 5329 5326
f 5349 5326 5346
v 7463.049 -6988.802 494.807
f 5350 5327 5347
f 5350 5330 5327
v 7463.799 -6973.843 481.285
f 5351 5328 5348
f 5351 5331 5328
v 7456.031 -6958.150 471.432
f 5352 5329 5349
f 5352 5332 5329
v 7464.394 -6986.998 494.030
f 5353 5330 5350
f 5353 5333 5330
v 7463.836 -6971.464 481.271
f 5354 5331 5351
f 5354 5337 5334
f 5354 5334 5331
v 7454.576 -6956.297 471.764
f 5355 5335 5332
f 5355 5332 5352
v 7465.578 -6985.050 493.347
f 5356 5339 5336
f 5356 5333 5353
f 5356 5336 5333
v 7463.653 -6969.092 481.343
f 5357 5337 5354
f 5357 5340 5337
v 7452.949 -6954.600 472.135
f 5358 5338 5335
f 5358 5335 5355
f 5358 5341 5338
v 7466.589 -6982.976 492.763
f 5359 5339 5356
v 7463.252 -6966.751 481.500
f 5360 5340 5357
v 7451.166 -6953.077 472.542
f 5361 5341 5358
v 7467.417 -6980.796 492.285
f 5362 5342 5339
f 5362 5339 5359
v 7462.638 -6964.464 481.741
f 5363 5343 5340
f 5363 5340 5360
f 5363 5346 5343
f 4723 4695 5341
f 4723 5341 5361
v 7467.188 -6991.904 507.255
f 5364 5344 4671
f 5364 4671 4700
v 7468.054 -6978.533 491.917
f 5365 5342 5362
f 5365 5345 5342
v 7461.815 -6962.254 482.064
f 5366 5346 5363
v 7468.657 -6990.442 506.084
f 5367 5347 5344
f 5367 5344 5364
f 5367 5350 5347
v 7468.493 -6976.207 491.664
f 5368 5348 5345
f 5368 5345 5365
f 5368 5351 5348
v 7460.793 -6960.143 482.465
f 5369 5352 5349
f 5369 5349 5346
f 5369 5346 5366
v 7470.005 -6988.802 505.009
f 5370 5350 5367
v 7468.731 -6973.843 491.526
f 5371 5351 5368
v 7459.581 -6958.150 482.940
f 5372 5352 5369
f 5372 5355 5352
v 7471.219 -6986.998 504.040
f 5373 5350 5370
f 5373 5353 5350
v 7468.765 -6971.464 491.507
f 5374 5351 5371
f 5374 5354 5351
f 5374 5357 5354
v 7458.192 -6956.297 483.486
f 5375 5355 5372
v 7472.288 -6985.050 503.188
f 5376 5356 5353
f 5376 5353 5373
v 7468.595 -6969.092 491.605
f 5377 5357 5374
v 7456.638 -6954.600 484.096
f 5378 5358 5355
f 5378 5355 5375
v 7473.200 -6982.976 502.460
f 5379 5362 5359
f 5379 5359 5356
f 5379 5356 5376
v 7468.222 -6966.751 491.820
f 5380 5360 5357
f 5380 5357 5377
v 7454.936 -6953.077 484.764
f 5381 5361 5358
f 5381 5358 5378
v 7473.948 -6980.796 501.864
f 5382 5362 5379
v 7467.650 -6964.464 492.150
f 5383 5360 5380
f 5383 5363 5360
f 4744 5361 5381
f 4744 4723 5361
v 7475.953 -6991.904 516.701
f 5384 4700 4718
f 5384 5364 4700
v 7474.523 -6978.533 501.406
f 5385 5365 5362
f 5385 5362 5382
v 7466.885 -6962.254 492.592
f 5386 5363 5383
f 5386 5366 5363
f 5386 5369 5366
v 7477.230 -6990.442 515.324
f 5387 5364 5384
f 5387 5367 5364
v 7474.919 -6976.207 501.089
f 5388 5368 5365
f 5388 5365 5385
v 7465.934 -6960.143 493.141
f 5389 5372 5369
f 5389 5369 5386
v 7478.403 -6988.802 514.060
f 5390 5373 5370
f 5390 5367 5387
f 5390 5370 5367
v 7475.134 -6973.843 500.918
f 5391 5371 5368
f 5391 5368 5388
v 7464.807 -6958.150 493.792
f 5392 5372 5389
v 7479.459 -6986.998 512.922
f 5393 5373 5390
v 7475.165 -6971.464 500.893
f 5394 5374 5371
f 5394 5377 5374
f 5394 5371 5391
v 7463.514 -6956.297 494.538
f 5395 5375 5372
f 5395 5372 5392
f 5395 5378 5375
v 7480.389 -6985.050 511.920
f 5396 5376 5373
f 5396 5373 5393
v 7475.011 -6969.092 501.016
f 5397 5377 5394
v 7462.069 -6954.600 495.373
f 5398 5378 5395
v 7481.183 -6982.976 511.064
f 5399 5376 5396
f 5399 5382 5379
f 5399 5379 5376
v 7474.675 -6966.751 501.284
f 5400 5383 5380
f 5400 5377 5397
f 5400 5380 5377
v 7460.485 -6953.077 496.287
f 5401 5378 5398
f 5401 5381 5378
f 4738 5384 4718
v 7481.833 -6980.796 510.363
f 5402 5382 5399
f 5402 5385 5382
v 7474.159 -6964.464 501.696
f 5403 5383 5400
f 5403 5386 5383
f 4759 4744 5381
f 4759 5381 5401
v 7486.027 -6991.904 524.735
f 5404 5384 4738
f 5404 5387 5384
v 7482.334 -6978.533 509.824
f 5405 5385 5402
v 7473.468 -6962.254 502.247
f 5406 5386 5403
v 7487.085 -6990.442 523.183
f 5407 5387 5404
v 7482.679 -6976.207 509.452
f 5408 5385 5405
f 5408 5391 5388
f 5408 5388 5385
v 7472.610 -6960.143 502.931
f 5409 5386 5406
f 5409 5389 5386
v 7488.057 -6988.802 521.759
f 5410 5387 5407
f 5410 5390 5387
v 7482.866 -6973.843 509.250
f 5411 5391 5408
v 7471.592 -6958.150 503.743
f 5412 5392 5389
f 5412 5389 5409
v 7488.931 -6986.998 520.475
f 5413 5390 5410
f 5413 5393 5390
f 5413 5396 5393
v 7482.893 -6971.464 509.222
f 5414 5397 5394
f 5414 5391 5411
f 5414 5394 5391
v 7470.425 -6956.297 504.674
f 5415 5395 5392
f 5415 5392 5412
f 5415 5398 5395
v 7489.702 -6985.050 519.346
f 5416 5396 5413
v 7482.759 -6969.092 509.366
f 5417 5397 5414
v 7469.120 -6954.600 505.714
f 5418 5398 5415
f 5418 5401 5398
v 7490.359 -6982.976 518.382
f 5419 5396 5416
f 5419 5399 5396
v 7482.466 -6966.751 509.681
f 5420 5400 5397
f 5420 5397 5417
f 5420 5403 5400
v 7467.690 -6953.077 506.855
f 5421 5401 5418
v 7490.898 -6980.796 517.592
f 5422 5399 5419
f 5422 5405 5402
f 5422 5402 5399
v 7482.017 -6964.464 510.165
f 5423 5403 5420
f 4789 4759 5401
f 4789 5401 5421
v 7497.187 -6991.904 531.178
f 5424 4738 4763
f 5424 5404 4738
v 7491.312 -6978.533 516.984
f 5425 5405 5422
v 7481.416 -6962.254 510.813
f 5426 5406 5403
f 5426 5409 5406
f 5426 5403 5423
v 7498.002 -6990.442 529.486
f 5427 5407 5404
f 5427 5404 5424
v 7491.598 -6976.207 516.565
f 5428 5408 5405
f 5428 5405 5425
v 7480.669 -6960.143 511.618
f 5429 5409 5426
v 7498.750 -6988.802 527.932
f 5430 5407 5427
f 5430 5410 5407
v 7491.753 -6973.843 516.338
f 5431 5411 5408
f 5431 5408 5428
v 7479.784 -6958.150 512.572
f 5432 5409 5429
f 5432 5412 5409
v 7499.424 -6986.998 526.533
f 5433 5410 5430
f 5433 5413 5410
v 7491.775 -6971.464 516.305
f 5434 5411 5431
f 5434 5414 5411
v 7478.769 -6956.297 513.666
f 5435 5415 5412
f 5435 5418 5415
f 5435 5412 5432
v 7500.017 -6985.050 525.302
f 5436 5416 5413
f 5436 5413 5433
f 5436 5419 5416
v 7491.664 -6969.092 516.467
f 5437 5414 5434
f 5437 5420 5417
f 5437 5417 5414
v 7477.633 -6954.600 514.890
f 5438 5418 5435
v 7500.523 -6982.976 524.250
f 5439 5419 5436
v 7491.422 -6966.751 516.823
f 5440 5420 5437
v 7476.389 -6953.077 516.230
f 5441 5421 5418
f 5441 5418 5438
f 4784 5424 4763
v 7500.938 -6980.796 523.389
f 5442 5422 5419
f 5442 5419 5439
v 7491.050 -6964.464 517.369
f 5443 5420 5440
f 5443 5423 5420
f 4801 4789 5421
f 4801 5421 5441
v 7509.182 -6991.904 535.886
f 5444 5424 4784
v 7501.257 -6978.533 522.726
f 5445 5425 5422
f 5445 5422 5442
v 7490.552 -6962.254 518.099
f 5446 5426 5423
f 5446 5423 5443
v 7509.736 -6990.442 534.091
f 5447 5427 5424
f 5447 5424 5444
v 7501.477 -6976.207 522.269
f 5448 5425 5445
f 5448 5428 5425
v 7489.934 -6960.143 519.006
f 5449 5426 5446
f 5449 5429 5426
f 5449 5432 5429
v 7510.244 -6988.802 532.444
f 5450 5430 5427
f 5450 5427 5447
v 7501.597 -6973.843 522.021
f 5451 5428 5448
f 5451 5431 5428
v 7489.200 -6958.150 520.081
f 5452 5432 5449
v 7510.702 -6986.998 530.959
f 5453 5430 5450
f 5453 5433 5430
v 7501.614 -6971.464 521.985
f 5454 5434 5431
f 5454 5431 5451
v 7488.359 -6956.297 521.315
f 5455 5432 5452
f 5455 5435 5432
v 7511.104 -6985.050 529.653
f 5456 5436 5433
f 5456 5433 5453
v 7501.528 -6969.092 522.163
f 5457 5437 5434
f 5457 5434 5454
v 7487.419 -6954.600 522.694
f 5458 5435 5455
f 5458 5438 5435
f 4807 2833 2835
v 7511.449 -6982.976 528.538
f 5459 5436 5456
f 5459 5439 5436
v 7501.342 -6966.751 522.550
f 5460 5443 5440
f 5460 5440 5437
f 5460 5437 5457
v 7486.389 -6953.077 524.205
f 5461 5438 5458
f 5461 5441 5438
f 4808 2835 2850
f 4808 2850 2851
f 4808 4807 2835
v 7511.730 -6980.796 527.624
f 5462 5442 5439
f 5462 5445 5442
f 5462 5439 5459
v 7501.055 -6964.464 523.145
f 5463 5443 5460
f 4825 4801 5441
f 4825 5441 5461
v 7521.745 -6991.904 538.753
f 5464 5444 4784
f 5464 4808 2851
f 5464 4784 4808
f 5464 2851 2873
f 5464 2873 2874
v 7511.947 -6978.533 526.921
f 5465 5445 5462
v 7500.672 -6962.254 523.941
f 5466 5443 5463
f 5466 5446 5443
v 7522.025 -6990.442 536.896
f 5467 5447 5444
f 5467 5444 5464
f 5467 2874 2888
f 5467 2888 2889
f 5467 5464 2874
f 5467 5450 5447
v 7512.097 -6976.207 526.436
f 5468 5445 5465
f 5468 5448 5445
v 7500.195 -6960.143 524.930
f 5469 5452 5449
f 5469 5449 5446
f 5469 5446 5466
v 7522.282 -6988.802 535.191
f 5470 5453 5450
f 5470 5450 5467
f 5470 2889 2907
f 5470 2907 2908
f 5470 5467 2889
v 7512.178 -6973.843 526.174
f 5471 5448 5468
f 5471 5451 5448
f 5471 5454 5451
v 7499.631 -6958.150 526.103
f 5472 5452 5469
v 7522.513 -6986.998 533.655
f 5473 5470 2908
f 5473 5453 5470
f 5473 5456 5453
f 5473 2908 2927
f 5473 2927 2928
v 7512.189 -6971.464 526.136
f 5474 5454 5471
v 7498.983 -6956.297 527.448
f 5475 5455 5452
f 5475 5452 5472
f 5475 5458 5455
v 7522.717 -6985.050 532.304
f 5476 5456 5473
f 5476 5473 2928
f 5476 2928 2942
f 5476 2942 2949
v 7512.131 -6969.092 526.324
f 5477 5454 5474
f 5477 5457 5454
f 5477 5460 5457
v 7498.259 -6954.600 528.952
f 5478 5461 5458
f 5478 5458 5475
v 7522.891 -6982.976 531.149
f 5479 5476 2949
f 5479 5462 5459
f 5479 2949 2966
f 5479 2966 2967
f 5479 5459 5456
f 5479 5456 5476
v 7512.004 -6966.751 526.735
f 5480 5460 5477
v 7497.465 -6953.077 530.600
f 5481 5461 5478
v 7523.033 -6980.796 530.204
f 5482 5462 5479
f 5482 5479 2967
f 5482 2967 2983
f 5482 2983 2984
v 7511.810 -6964.464 527.366
f 5483 5463 5460
f 5483 5460 5480
f 4836 4825 5461
f 4836 5461 5481
v 7523.143 -6978.533 529.477
f 5484 5462 5482
f 5484 5482 2984
f 5484 5465 5462
f 5484 2984 3006
f 5484 3006 3007
v 7511.549 -6962.254 528.210
f 5485 5466 5463
f 5485 5463 5483
v 7523.219 -6976.207 528.975
f 5486 5471 5468
f 5486 5484 3007
f 5486 5468 5465
f 5486 3007 3025
f 5486 3025 3026
f 5486 5465 5484
v 7511.226 -6960.143 529.260
f 5487 5469 5466
f 5487 5466 5485
v 7523.260 -6973.843 528.703
f 5488 5471 5486
f 5488 5486 3026
f 5488 3026 3047
f 5488 3047 3048
v 7510.842 -6958.150 530.504
f 5489 5469 5487
f 5489 5472 5469
f 5489 5475 5472
v 7523.265 -6971.464 528.664
f 5490 5488 3048
f 5490 5471 5488
f 5490 5474 5471
f 5490 3048 3069
f 5490 3069 3070
f 5490 5477 5474
v 7510.402 -6956.297 531.930
f 5491 5475 5489
v 7523.236 -6969.092 528.858
f 5492 5490 3070
f 5492 5477 5490
f 5492 3070 3090
f 5492 3090 3091
v 7509.910 -6954.600 533.525
f 5493 5478 5475
f 5493 5475 5491
v 7523.172 -6966.751 529.284
f 5494 5480 5477
f 5494 5483 5480
f 5494 5492 3091
f 5494 5477 5492
f 5494 3091 3117
f 5494 3117 3118
v 7509.371 -6953.077 535.272
f 5495 5478 5493
f 5495 5481 5478
v 7523.074 -6964.464 529.937
f 5496 5483 5494
f 5496 5494 3118
f 5496 3118 3138
f 5496 3138 3139
f 4850 4836 5481
f 4850 5481 5495
v 7522.942 -6962.254 530.811
f 5497 5485 5483
f 5497 5496 3139
f 5497 5483 5496
f 5497 5487 5485
f 5497 3139 3171
f 5497 3171 3172
v 7522.778 -6960.143 531.896
f 5498 5487 5497
f 5498 5497 3172
f 5498 3172 3195
f 5498 3195 3196
v 7522.584 -6958.150 533.184
f 5499 3196 3221
f 5499 3221 3222
f 5499 5487 5498
f 5499 5498 3196
f 5499 5489 5487
v 7522.362 -6956.297 534.660
f 5500 3222 3248
f 5500 3248 3249
f 5500 5491 5489
f 5500 5499 3222
f 5500 5489 5499
v 7522.113 -6954.600 536.310
f 5501 3249 3275
f 5501 3275 3276
f 5501 5493 5491
f 5501 5500 3249
f 5501 5491 5500
v 7521.840 -6953.077 538.118
f 5502 5495 5493
f 5502 3276 3296
f 5502 3296 3297
f 5502 5501 3276
f 5502 5493 5501
f 5502 4850 5495
f 4858 3297 3326
f 4858 3326 3327
f 4858 4850 5502
f 4858 5502 3297
f 4856 3327 3353
f 4856 3353 3354
f 4856 4858 3327
f 4857 3354 3379
f 4857 4856 3354
v 7537.681 -6975.226 577.277
v 7534.595 -6972.257 577.500
v 7540.775 -6972.257 577.346
f 5503 5504 5505
v 7534.595 -6973.447 577.470
f 5503 5506 5504
v 7534.595 -6974.634 577.382
f 5503 5507 5506
v 7534.595 -6975.816 577.235
f 5503 5508 5507
v 7537.679 -6975.816 577.196
v 7534.595 -6976.988 577.029
f 5509 5510 5508
f 5509 5508 5503
v 7549.999 -6974.634 576.421
v 7546.941 -6972.257 576.884
v 7553.076 -6972.257 576.115
f 5511 5512 5513
v 7553.058 -6974.634 575.998
f 5511 5513 5514
v 7546.915 -6975.816 576.620
f 5511 5515 5512
v 7549.980 -6975.816 576.274
f 5516 5511 5514
f 5516 5515 5511
v 7553.006 -6976.988 575.649
f 5516 5514 5517
v 7556.106 -6974.634 575.500
v 7559.165 -6972.257 575.041
f 5518 5513 5519
f 5518 5514 5513
v 7556.081 -6975.816 575.355
f 5520 5514 5518
f 5520 5517 5514
v 7568.147 -6974.634 572.752
v 7565.193 -6972.257 573.666
v 7571.144 -6972.257 571.991
f 5521 5522 5523
v 7571.109 -6974.634 571.878
f 5521 5523 5524
v 7565.127 -6975.816 573.409
f 5521 5525 5522
v 7568.107 -6975.816 572.610
f 5526 5525 5521
f 5526 5521 5524
v 7571.005 -6976.988 571.541
f 5526 5524 5527
v 7574.049 -6974.634 570.931
v 7577.005 -6972.257 570.022
f 5528 5523 5529
f 5528 5524 5523
v 7574.002 -6975.816 570.792
f 5530 5524 5528
f 5530 5527 5524
v 7576.914 -6975.816 569.773
f 5531 5530 5528
f 5531 5528 5529
v 7585.546 -6974.634 566.419
v 7582.761 -6972.257 567.763
v 7588.396 -6972.257 565.220
f 5532 5533 5534
v 7588.345 -6974.634 565.114
f 5532 5534 5535
v 7585.485 -6975.816 566.285
v 7588.192 -6976.988 564.796
f 5536 5535 5537
f 5536 5532 5535
v 7591.044 -6975.816 563.608
v 7593.898 -6972.257 562.399
f 5538 5534 5539
f 5538 5537 5535
f 5538 5535 5534
v 7593.771 -6975.816 562.167
f 5540 5538 5539
v 7601.806 -6974.634 557.564
v 7599.253 -6972.257 559.308
v 7604.446 -6972.257 555.954
f 5541 5542 5543
v 7604.380 -6974.634 555.856
f 5541 5543 5544
v 7601.726 -6975.816 557.440
v 7604.181 -6976.988 555.565
f 5545 5544 5546
f 5545 5541 5544
v 7606.910 -6974.634 554.084
v 7609.466 -6972.257 552.344
f 5547 5543 5548
f 5547 5544 5543
v 7606.824 -6975.816 553.965
f 5549 5546 5544
f 5549 5544 5547
v 7609.306 -6975.816 552.133
f 5550 5549 5547
f 5550 5547 5548
v 7616.566 -6974.634 546.384
v 7614.300 -6972.257 548.490
v 7618.936 -6972.257 544.398
f 5551 5552 5553
v 7618.856 -6974.634 544.312
f 5551 5553 5554
v 7616.468 -6975.816 546.274
f 5555 5551 5554
v 7618.616 -6976.988 544.053
f 5555 5554 5556
v 7621.094 -6974.634 542.183
v 7623.362 -6972.257 540.081
f 5557 5553 5558
f 5557 5554 5553
v 7620.991 -6975.816 542.078
f 5559 5554 5557
f 5559 5556 5554
v 7623.172 -6975.816 539.896
f 5560 5557 5558
f 5560 5559 5557
v 7629.494 -6974.634 533.130
v 7631.542 -6972.257 530.813
v 7631.449 -6974.634 530.739
f 5561 5562 5563
v 7627.567 -6972.257 535.549
f 5561 5564 5562
v 7629.381 -6975.816 533.035
f 5565 5561 5563
v 7631.174 -6976.988 530.519
f 5565 5563 5566
v 7633.228 -6975.816 528.212
f 5567 5563 5562
v 7635.275 -6972.257 525.884
f 5567 5562 5568
f 5567 5566 5563
v 7640.302 -6974.634 518.096
v 7638.535 -6975.816 520.632
v 7638.758 -6972.257 520.776
f 5569 5570 5571
v 7641.982 -6972.257 515.500
f 5569 5571 5572
v 7641.880 -6974.634 515.441
f 5569 5572 5573
v 7640.176 -6975.816 518.020
f 5574 5570 5569
v 7641.574 -6976.988 515.265
f 5574 5573 5575
f 5574 5569 5573
v 7643.390 -6974.634 512.747
v 7644.939 -6972.257 510.070
f 5576 5572 5577
f 5576 5573 5572
v 7643.261 -6975.816 512.677
f 5578 5575 5573
f 5578 5573 5576
v 7644.703 -6975.816 509.949
f 5579 5576 5577
f 5579 5578 5576
v 7648.749 -6974.634 501.620
v 7650.023 -6972.257 498.802
v 7649.913 -6974.634 498.759
f 5580 5581 5582
v 7647.621 -6972.257 504.500
f 5580 5583 5581
v 7648.613 -6975.816 501.563
f 5584 5580 5582
v 7649.585 -6976.988 498.630
f 5584 5582 5585
v 7651.006 -6974.634 495.870
f 5586 5582 5581
v 7652.138 -6972.257 492.992
f 5586 5581 5587
v 7650.867 -6975.816 495.820
f 5588 5582 5586
f 5588 5585 5582
v 7654.646 -6974.634 484.069
v 7653.960 -6972.257 487.084
v 7655.486 -6972.257 481.093
f 5589 5590 5591
v 7653.705 -6975.816 487.012
f 5589 5592 5590
v 7655.371 -6974.634 481.066
f 5589 5591 5593
v 7654.503 -6975.816 484.032
v 7655.027 -6976.988 480.988
f 5594 5593 5595
f 5594 5592 5589
f 5594 5589 5593
v 7537.681 -6969.319 577.281
v 7534.595 -6968.736 577.240
v 7534.595 -6967.575 577.039
f 5596 5597 5598
v 7534.595 -6969.905 577.384
f 5596 5599 5597
v 7537.683 -6969.905 577.346
v 7534.595 -6971.080 577.471
f 5600 5601 5599
f 5600 5504 5601
f 5600 5599 5596
f 5600 5505 5504
v 7655.876 -6975.816 478.018
v 7656.711 -6972.257 475.032
f 5602 5591 5603
f 5602 5595 5593
f 5602 5593 5591
v 7540.763 -6968.736 577.086
f 5604 5600 5596
f 5604 5505 5600
v 7656.450 -6975.816 474.986
f 5605 5602 5603
v 7549.969 -6968.154 576.187
v 7552.969 -6966.426 575.404
v 7553.037 -6968.736 575.858
f 5606 5607 5608
v 7657.861 -6974.634 465.835
v 7657.632 -6972.257 468.919
v 7658.248 -6972.257 462.767
f 5609 5610 5611
v 7658.130 -6974.634 462.758
f 5609 5611 5612
v 7549.991 -6969.319 576.359
f 5613 5513 5512
f 5613 5608 5513
f 5613 5606 5608
v 7657.714 -6975.816 465.820
v 7657.778 -6976.988 462.731
f 5614 5612 5615
f 5614 5609 5612
v 7556.066 -6968.154 575.268
f 5616 5608 5607
v 7658.323 -6974.634 459.675
v 7658.556 -6972.257 456.591
f 5617 5611 5618
f 5617 5612 5611
v 7556.096 -6969.319 575.438
f 5619 5519 5513
f 5619 5513 5608
f 5619 5608 5616
v 7658.176 -6975.816 459.668
f 5620 5612 5617
f 5620 5615 5612
v 7559.095 -6968.154 574.695
f 5621 5619 5616
f 5621 5519 5619
v 7568.083 -6968.154 572.525
v 7570.932 -6966.426 571.304
v 7571.068 -6968.736 571.743
f 5622 5623 5624
v 7658.323 -6974.634 447.325
v 7658.556 -6972.257 450.409
v 7658.248 -6972.257 444.233
f 5625 5626 5627
v 7658.130 -6974.634 444.242
f 5625 5627 5628
v 7658.291 -6975.816 450.415
f 5625 5629 5626
v 7568.130 -6969.319 572.692
f 5630 5624 5523
f 5630 5523 5522
f 5630 5622 5624
v 7658.176 -6975.816 447.332
f 5631 5629 5625
f 5631 5625 5628
v 7657.778 -6976.988 444.269
f 5631 5628 5632
v 7573.974 -6968.154 570.708
f 5633 5624 5623
v 7657.861 -6974.634 441.165
v 7657.632 -6972.257 438.081
f 5634 5627 5635
f 5634 5628 5627
v 7574.029 -6969.319 570.872
f 5636 5523 5624
f 5636 5529 5523
f 5636 5624 5633
v 7657.714 -6975.816 441.180
f 5637 5628 5634
f 5637 5632 5628
v 7585.449 -6968.154 566.205
v 7588.084 -6966.426 564.572
v 7588.283 -6968.736 564.986
f 5638 5639 5640
v 7656.020 -6974.634 428.953
v 7655.486 -6972.257 425.907
v 7655.371 -6974.634 425.934
f 5641 5642 5643
v 7656.711 -6972.257 431.968
f 5641 5644 5642
v 7656.450 -6975.816 432.014
f 5641 5645 5644
v 7585.520 -6969.319 566.362
v 7582.623 -6968.154 567.437
f 5646 5647 5638
f 5646 5533 5647
f 5646 5638 5640
f 5646 5534 5533
f 5646 5640 5534
v 7655.876 -6975.816 428.982
f 5648 5645 5641
v 7655.027 -6976.988 426.012
f 5648 5643 5649
f 5648 5641 5643
v 7591.004 -6968.154 563.530
f 5650 5640 5639
v 7654.646 -6974.634 422.931
f 5651 5643 5642
v 7653.960 -6972.257 419.916
f 5651 5642 5652
v 7591.082 -6969.319 563.684
f 5653 5539 5534
f 5653 5640 5650
f 5653 5534 5640
v 7654.503 -6975.816 422.968
f 5654 5643 5651
f 5654 5649 5643
v 7601.679 -6968.154 557.366
v 7604.041 -6966.426 555.359
v 7604.300 -6968.736 555.739
f 5655 5656 5657
v 7651.006 -6974.634 411.130
v 7652.138 -6972.257 414.008
v 7650.023 -6972.257 408.198
f 5658 5659 5660
v 7651.886 -6975.816 414.092
f 5658 5661 5659
v 7649.913 -6974.634 408.241
f 5658 5660 5662
v 7601.772 -6969.319 557.512
f 5663 5543 5542
f 5663 5657 5543
v 7599.068 -6968.154 559.007
f 5663 5664 5655
f 5663 5542 5664
f 5663 5655 5657
v 7650.867 -6975.816 411.180
f 5665 5661 5658
v 7649.585 -6976.988 408.370
f 5665 5662 5666
f 5665 5658 5662
v 7606.773 -6968.154 553.893
f 5667 5657 5656
v 7648.749 -6974.634 405.380
v 7647.621 -6972.257 402.500
f 5668 5660 5669
f 5668 5662 5660
v 7606.873 -6969.319 554.034
f 5670 5548 5543
f 5670 5543 5657
f 5670 5657 5667
v 7648.613 -6975.816 405.437
f 5671 5666 5662
f 5671 5662 5668
v 7647.380 -6975.816 402.609
f 5672 5671 5668
f 5672 5668 5669
v 7616.410 -6968.154 546.208
v 7618.447 -6966.426 543.871
v 7618.759 -6968.736 544.208
f 5673 5674 5675
v 7643.390 -6974.634 394.253
v 7644.939 -6972.257 396.930
v 7641.982 -6972.257 391.500
f 5676 5677 5678
v 7641.880 -6974.634 391.559
f 5676 5678 5679
v 7616.524 -6969.319 546.338
v 7614.073 -6968.154 548.219
f 5680 5552 5681
f 5680 5673 5675
f 5680 5681 5673
f 5680 5675 5553
f 5680 5553 5552
v 7643.261 -6975.816 394.323
f 5682 5676 5679
v 7641.574 -6976.988 391.735
f 5682 5679 5683
v 7620.929 -6968.154 542.015
f 5684 5675 5674
v 7640.302 -6974.634 388.904
v 7638.758 -6972.257 386.224
f 5685 5678 5686
f 5685 5679 5678
v 7621.050 -6969.319 542.138
f 5687 5675 5684
f 5687 5553 5675
f 5687 5558 5553
v 7640.176 -6975.816 388.980
f 5688 5679 5685
f 5688 5683 5679
v 7638.535 -6975.816 386.368
f 5689 5685 5686
f 5689 5688 5685
v 7629.313 -6968.154 532.979
v 7630.979 -6966.426 530.364
v 7631.339 -6968.736 530.651
f 5690 5691 5692
v 7629.446 -6969.319 533.090
f 5693 5692 5562
f 5693 5690 5692
v 7627.303 -6968.154 535.315
f 5693 5564 5694
f 5693 5694 5690
f 5693 5562 5564
v 7633.228 -6975.816 378.788
v 7631.542 -6972.257 376.187
v 7631.449 -6974.634 376.261
f 5695 5696 5697
v 7635.275 -6972.257 381.116
f 5695 5698 5696
v 7631.174 -6976.988 376.481
f 5695 5697 5699
v 7633.157 -6968.154 528.158
f 5700 5692 5691
v 7629.494 -6974.634 373.870
f 5701 5697 5696
v 7627.567 -6972.257 371.451
f 5701 5696 5702
v 7633.295 -6969.319 528.263
f 5703 5562 5692
f 5703 5692 5700
f 5703 5568 5562
v 7629.381 -6975.816 373.965
f 5704 5699 5697
f 5704 5697 5701
v 7627.369 -6975.816 371.626
f 5705 5701 5702
f 5705 5704 5701
v 7640.101 -6968.154 517.974
v 7641.359 -6966.426 515.140
v 7641.757 -6968.736 515.370
f 5706 5707 5708
v 7640.249 -6969.319 518.064
f 5709 5708 5572
v 7638.461 -6968.154 520.584
f 5709 5571 5710
f 5709 5706 5708
f 5709 5572 5571
f 5709 5710 5706
v 7620.991 -6975.816 364.922
v 7618.936 -6972.257 362.602
v 7618.856 -6974.634 362.688
f 5711 5712 5713
v 7623.362 -6972.257 366.919
f 5711 5714 5712
v 7618.616 -6976.988 362.947
f 5711 5713 5715
v 7643.184 -6968.154 512.635
f 5716 5708 5707
v 7616.566 -6974.634 360.616
f 5717 5713 5712
v 7614.300 -6972.257 358.510
f 5717 5712 5718
v 7643.336 -6969.319 512.717
f 5719 5572 5708
f 5719 5708 5716
f 5719 5577 5572
v 7616.468 -6975.816 360.726
f 5720 5715 5713
f 5720 5713 5717
v 7648.532 -6968.154 501.529
v 7649.353 -6966.426 498.540
v 7649.781 -6968.736 498.707
f 5721 5722 5723
v 7606.910 -6974.634 352.916
v 7604.446 -6972.257 351.046
v 7604.380 -6974.634 351.144
f 5724 5725 5726
v 7609.466 -6972.257 354.656
f 5724 5727 5725
v 7609.306 -6975.816 354.867
f 5724 5728 5727
v 7648.691 -6969.319 501.596
f 5729 5723 5581
f 5729 5581 5583
f 5729 5721 5723
v 7647.299 -6968.154 504.354
f 5729 5583 5730
f 5729 5730 5721
v 7606.824 -6975.816 353.035
f 5731 5728 5724
f 5731 5724 5726
v 7604.181 -6976.988 351.435
f 5731 5726 5732
v 7650.784 -6968.154 495.790
f 5733 5723 5722
v 7601.806 -6974.634 349.436
f 5734 5726 5725
v 7599.253 -6972.257 347.692
f 5734 5725 5735
v 7650.947 -6969.319 495.849
f 5736 5581 5723
f 5736 5587 5581
f 5736 5723 5733
v 7601.726 -6975.816 349.560
f 5737 5726 5734
f 5737 5732 5726
v 7651.803 -6968.154 492.880
f 5738 5736 5733
f 5738 5587 5736
v 7599.114 -6975.816 347.918
f 5739 5734 5735
f 5739 5737 5734
v 7654.418 -6968.154 484.011
v 7654.784 -6966.426 480.933
v 7655.232 -6968.736 481.035
f 5740 5741 5742
v 7654.585 -6969.319 484.053
f 5743 5740 5742
f 5743 5591 5590
f 5743 5742 5591
v 7591.044 -6975.816 343.392
v 7588.345 -6974.634 341.886
v 7588.192 -6976.988 342.204
f 5744 5745 5746
v 7593.898 -6972.257 344.601
v 7588.396 -6972.257 341.780
f 5744 5747 5748
f 5744 5748 5745
v 7655.790 -6968.154 478.000
f 5749 5742 5741
v 7585.546 -6974.634 340.581
v 7582.761 -6972.257 339.237
f 5750 5748 5751
f 5750 5745 5748
v 7655.959 -6969.319 478.034
f 5752 5742 5749
f 5752 5603 5591
f 5752 5591 5742
v 7585.485 -6975.816 340.715
f 5753 5746 5745
f 5753 5745 5750
v 7656.363 -6968.154 474.971
f 5754 5752 5749
f 5754 5603 5752
v 7657.627 -6968.154 465.811
v 7657.531 -6966.426 462.713
v 7657.989 -6968.736 462.747
f 5755 5756 5757
v 7574.049 -6974.634 336.069
v 7576.914 -6975.816 337.227
v 7577.005 -6972.257 336.978
f 5758 5759 5760
v 7571.144 -6972.257 335.009
f 5758 5760 5761
v 7571.109 -6974.634 335.122
f 5758 5761 5762
v 7657.799 -6969.319 465.828
f 5763 5755 5757
f 5763 5757 5611
f 5763 5611 5610
v 7574.002 -6975.816 336.208
v 7571.005 -6976.988 335.459
f 5764 5762 5765
f 5764 5759 5758
f 5764 5758 5762
v 7658.088 -6968.154 459.663
f 5766 5757 5756
v 7568.147 -6974.634 334.248
v 7565.193 -6972.257 333.334
f 5767 5761 5768
f 5767 5762 5761
v 7658.260 -6969.319 459.672
f 5769 5757 5766
f 5769 5611 5757
f 5769 5618 5611
v 7568.107 -6975.816 334.390
f 5770 5765 5762
f 5770 5762 5767
v 7565.127 -6975.816 333.591
f 5771 5767 5768
f 5771 5770 5767
v 7658.088 -6968.154 447.337
v 7657.531 -6966.426 444.287
v 7657.989 -6968.736 444.253
f 5772 5773 5774
v 7556.106 -6974.634 331.500
v 7559.165 -6972.257 331.959
v 7553.076 -6972.257 330.885
f 5775 5776 5777
v 7553.058 -6974.634 331.002
f 5775 5777 5778
v 7658.260 -6969.319 447.328
v 7658.203 -6968.154 450.417
f 5779 5626 5780
f 5779 5774 5627
f 5779 5780 5772
f 5779 5772 5774
f 5779 5627 5626
v 7556.081 -6975.816 331.645
v 7553.006 -6976.988 331.351
f 5781 5778 5782
f 5781 5775 5778
v 7657.627 -6968.154 441.189
f 5783 5774 5773
v 7549.999 -6974.634 330.579
v 7546.941 -6972.257 330.116
f 5784 5777 5785
f 5784 5778 5777
v 7657.799 -6969.319 441.172
f 5786 5627 5774
f 5786 5635 5627
f 5786 5774 5783
v 7549.980 -6975.816 330.726
f 5787 5782 5778
f 5787 5778 5784
v 7657.282 -6968.154 438.125
f 5788 5635 5786
f 5788 5786 5783
v 7655.790 -6968.154 429.000
v 7654.784 -6966.426 426.067
v 7655.232 -6968.736 425.965
f 5789 5790 5791
v 7537.683 -6974.634 329.656
v 7540.762 -6975.816 329.919
v 7540.775 -6972.257 329.654
f 5792 5793 5794
v 7534.595 -6972.257 329.500
v 7534.595 -6974.634 329.618
f 5792 5795 5796
f 5792 5794 5795
v 7655.959 -6969.319 428.966
f 5797 5789 5791
f 5797 5791 5642
f 5797 5642 5644
v 7537.679 -6975.816 329.804
f 5798 5792 5796
v 7534.595 -6976.988 329.971
f 5798 5796 5799
f 5798 5793 5792
v 7654.418 -6968.154 422.989
f 5800 5791 5790
v 7531.506 -6974.634 329.656
f 5801 5796 5795
v 7528.414 -6972.257 329.654
f 5801 5795 5802
v 7654.585 -6969.319 422.947
f 5803 5791 5800
f 5803 5642 5791
f 5803 5652 5642
v 7531.510 -6975.816 329.804
f 5804 5799 5796
f 5804 5796 5801
v 7528.427 -6975.816 329.919
f 5805 5801 5802
f 5805 5804 5801
v 7650.784 -6968.154 411.210
v 7649.353 -6966.426 408.460
v 7649.781 -6968.736 408.293
f 5806 5807 5808
v 7650.947 -6969.319 411.151
v 7651.803 -6968.154 414.120
f 5809 5810 5806
f 5809 5659 5810
f 5809 5808 5660
f 5809 5806 5808
f 5809 5660 5659
v 7519.209 -6975.816 330.726
v 7516.131 -6974.634 331.002
v 7516.184 -6976.988 331.351
f 5811 5812 5813
v 7516.113 -6972.257 330.885
f 5811 5814 5812
v 7522.248 -6972.257 330.116
f 5811 5815 5814
v 7648.532 -6968.154 405.471
f 5816 5808 5807
v 7513.083 -6974.634 331.500
f 5817 5812 5814
v 7510.024 -6972.257 331.959
f 5817 5814 5818
v 7648.691 -6969.319 405.404
f 5819 5660 5808
f 5819 5808 5816
f 5819 5669 5660
v 7513.108 -6975.816 331.645
f 5820 5813 5812
f 5820 5812 5817
v 7643.184 -6968.154 394.365
v 7641.359 -6966.426 391.860
v 7641.757 -6968.736 391.630
f 5821 5822 5823
v 7501.042 -6974.634 334.248
v 7498.045 -6972.257 335.009
v 7498.080 -6974.634 335.122
f 5824 5825 5826
v 7504.062 -6975.816 333.591
v 7503.997 -6972.257 333.334
f 5824 5827 5828
f 5824 5828 5825
v 7643.336 -6969.319 394.283
f 5829 5823 5678
v 7644.624 -6968.154 397.091
f 5829 5677 5830
f 5829 5830 5821
f 5829 5821 5823
f 5829 5678 5677
v 7501.082 -6975.816 334.390
f 5831 5824 5826
f 5831 5827 5824
v 7498.184 -6976.988 335.459
f 5831 5826 5832
v 7640.101 -6968.154 389.026
f 5833 5823 5822
v 7495.140 -6974.634 336.069
f 5834 5826 5825
v 7492.184 -6972.257 336.978
f 5834 5825 5835
v 7640.249 -6969.319 388.936
f 5836 5678 5823
f 5836 5823 5833
f 5836 5686 5678
v 7495.187 -6975.816 336.208
f 5837 5826 5834
f 5837 5832 5826
v 7638.461 -6968.154 386.416
f 5838 5836 5833
f 5838 5686 5836
v 7633.157 -6968.154 378.842
v 7630.979 -6966.426 376.636
v 7631.339 -6968.736 376.349
f 5839 5840 5841
v 7483.644 -6974.634 340.581
v 7480.793 -6972.257 341.780
v 7480.844 -6974.634 341.886
f 5842 5843 5844
v 7486.429 -6972.257 339.237
f 5842 5845 5843
v 7486.532 -6975.816 339.481
f 5842 5846 5845
v 7633.295 -6969.319 378.737
f 5847 5841 5696
f 5847 5696 5698
f 5847 5839 5841
v 7483.704 -6975.816 340.715
f 5848 5846 5842
v 7480.997 -6976.988 342.204
f 5848 5844 5849
f 5848 5842 5844
v 7629.313 -6968.154 374.021
f 5850 5841 5840
v 7478.078 -6974.634 343.261
f 5851 5844 5843
v 7475.291 -6972.257 344.601
f 5851 5843 5852
v 7629.446 -6969.319 373.910
f 5853 5841 5850
f 5853 5696 5841
f 5853 5702 5696
v 7478.145 -6975.816 343.392
f 5854 5849 5844
f 5854 5844 5851
v 7475.418 -6975.816 344.833
f 5855 5854 5851
f 5855 5851 5852
v 7620.929 -6968.154 364.985
v 7618.447 -6966.426 363.129
v 7618.759 -6968.736 362.792
f 5856 5857 5858
v 7621.050 -6969.319 364.862
v 7623.109 -6968.154 367.165
f 5859 5714 5860
f 5859 5856 5858
f 5859 5858 5712
f 5859 5860 5856
f 5859 5712 5714
v 7467.463 -6975.816 349.560
v 7464.743 -6972.257 351.046
v 7464.809 -6974.634 351.144
f 5861 5862 5863
v 7465.008 -6976.988 351.435
f 5861 5863 5864
v 7469.937 -6972.257 347.692
f 5861 5865 5862
v 7616.410 -6968.154 360.792
f 5866 5858 5857
v 7462.279 -6974.634 352.916
f 5867 5863 5862
v 7459.723 -6972.257 354.656
f 5867 5862 5868
v 7616.524 -6969.319 360.662
f 5869 5858 5866
f 5869 5712 5858
f 5869 5718 5712
v 7462.365 -6975.816 353.035
f 5870 5864 5863
f 5870 5863 5867
v 7614.073 -6968.154 358.781
f 5871 5869 5866
f 5871 5718 5869
v 7459.883 -6975.816 354.867
f 5872 5870 5867
f 5872 5867 5868
v 7606.773 -6968.154 353.107
v 7604.041 -6966.426 351.641
v 7604.300 -6968.736 351.261
f 5873 5874 5875
v 7606.873 -6969.319 352.966
f 5876 5725 5727
f 5876 5875 5725
f 5876 5873 5875
v 7452.721 -6975.816 360.726
v 7450.253 -6972.257 362.602
v 7450.333 -6974.634 362.688
f 5877 5878 5879
v 7450.573 -6976.988 362.947
f 5877 5879 5880
v 7454.889 -6972.257 358.510
f 5877 5881 5878
v 7601.679 -6968.154 349.634
f 5882 5875 5874
v 7448.096 -6974.634 364.817
f 5883 5879 5878
v 7445.827 -6972.257 366.919
f 5883 5878 5884
v 7601.772 -6969.319 349.488
f 5885 5735 5725
f 5885 5725 5875
f 5885 5875 5882
v 7448.198 -6975.816 364.922
f 5886 5879 5883
f 5886 5880 5879
v 7599.068 -6968.154 347.993
f 5887 5735 5885
f 5887 5885 5882
v 7446.017 -6975.816 367.104
f 5888 5883 5884
f 5888 5886 5883
v 7591.004 -6968.154 343.470
v 7588.084 -6966.426 342.428
v 7588.283 -6968.736 342.014
f 5889 5890 5891
v 7439.695 -6974.634 373.870
v 7437.647 -6972.257 376.187
v 7437.740 -6974.634 376.261
f 5892 5893 5894
v 7441.622 -6972.257 371.451
f 5892 5895 5893
v 7591.082 -6969.319 343.316
f 5896 5748 5747
f 5896 5891 5748
f 5896 5889 5891
v 7439.808 -6975.816 373.965
v 7438.016 -6976.988 376.481
f 5897 5894 5898
f 5897 5892 5894
v 7585.449 -6968.154 340.795
f 5899 5891 5890
v 7435.844 -6974.634 378.700
f 5900 5894 5893
v 7433.914 -6972.257 381.116
f 5900 5893 5901
v 7585.520 -6969.319 340.638
f 5902 5751 5748
f 5902 5891 5899
f 5902 5748 5891
v 7435.962 -6975.816 378.788
f 5903 5898 5894
f 5903 5894 5900
v 7434.130 -6975.816 381.271
f 5904 5903 5900
f 5904 5900 5901
v 7573.974 -6968.154 336.292
v 7570.932 -6966.426 335.696
v 7571.068 -6968.736 335.257
f 5905 5906 5907
v 7574.029 -6969.319 336.128
v 7576.884 -6968.154 337.310
f 5908 5760 5909
f 5908 5761 5760
f 5908 5909 5905
f 5908 5905 5907
f 5908 5907 5761
v 7429.013 -6975.816 388.980
v 7427.310 -6974.634 391.559
v 7427.615 -6976.988 391.735
f 5910 5911 5912
v 7427.207 -6972.257 391.500
f 5910 5913 5911
v 7430.431 -6972.257 386.224
f 5910 5914 5913
v 7568.083 -6968.154 334.475
f 5915 5907 5906
v 7425.799 -6974.634 394.253
f 5916 5911 5913
v 7424.250 -6972.257 396.930
f 5916 5913 5917
v 7568.130 -6969.319 334.308
f 5918 5907 5915
f 5918 5768 5761
f 5918 5761 5907
v 7425.928 -6975.816 394.323
f 5919 5912 5911
f 5919 5911 5916
v 7556.066 -6968.154 331.732
v 7552.969 -6966.426 331.596
v 7553.037 -6968.736 331.142
f 5920 5921 5922
v 7420.440 -6974.634 405.380
v 7419.166 -6972.257 408.198
v 7419.276 -6974.634 408.241
f 5923 5924 5925
v 7421.810 -6975.816 402.609
v 7421.568 -6972.257 402.500
f 5923 5926 5927
f 5923 5927 5924
v 7556.096 -6969.319 331.562
f 5928 5777 5776
f 5928 5920 5922
v 7559.095 -6968.154 332.305
f 5928 5929 5920
f 5928 5776 5929
f 5928 5922 5777
v 7420.576 -6975.816 405.437
f 5930 5926 5923
v 7419.605 -6976.988 408.370
f 5930 5925 5931
f 5930 5923 5925
v 7549.969 -6968.154 330.813
f 5932 5922 5921
v 7418.184 -6974.634 411.130
f 5933 5925 5924
v 7417.052 -6972.257 414.008
f 5933 5924 5934
v 7549.991 -6969.319 330.641
f 5935 5785 5777
f 5935 5922 5932
f 5935 5777 5922
v 7418.322 -6975.816 411.180
f 5936 5931 5925
f 5936 5925 5933
v 7546.906 -6968.154 330.468
f 5937 5935 5932
f 5937 5785 5935
v 7537.677 -6968.154 329.892
v 7534.595 -6966.426 330.219
v 7534.595 -6968.736 329.760
f 5938 5939 5940
v 7414.543 -6974.634 422.931
v 7413.704 -6972.257 425.907
v 7413.819 -6974.634 425.934
f 5941 5942 5943
v 7415.485 -6975.816 419.988
v 7415.229 -6972.257 419.916
f 5941 5944 5945
f 5941 5945 5942
v 7537.681 -6969.319 329.719
f 5946 5795 5794
f 5946 5940 5795
f 5946 5938 5940
v 7414.686 -6975.816 422.968
v 7414.163 -6976.988 426.012
f 5947 5943 5948
f 5947 5941 5943
f 5947 5944 5941
v 7531.512 -6968.154 329.892
f 5949 5940 5939
v 7413.169 -6974.634 428.953
f 5950 5943 5942
v 7412.478 -6972.257 431.968
f 5950 5942 5951
v 7531.508 -6969.319 329.719
f 5952 5802 5795
f 5952 5795 5940
f 5952 5940 5949
v 7413.313 -6975.816 428.982
f 5953 5948 5943
f 5953 5943 5950
v 7519.220 -6968.154 330.813
v 7516.221 -6966.426 331.596
v 7516.152 -6968.736 331.142
f 5954 5955 5956
v 7411.328 -6974.634 441.165
v 7410.941 -6972.257 444.233
v 7411.059 -6974.634 444.242
f 5957 5958 5959
v 7411.557 -6972.257 438.081
f 5957 5960 5958
v 7411.820 -6975.816 438.114
f 5957 5961 5960
v 7519.198 -6969.319 330.641
f 5962 5814 5815
f 5962 5956 5814
f 5962 5954 5956
v 7522.283 -6968.154 330.468
f 5962 5963 5954
f 5962 5815 5963
v 7411.475 -6975.816 441.180
v 7411.411 -6976.988 444.269
f 5964 5959 5965
f 5964 5961 5957
f 5964 5957 5959
v 7513.124 -6968.154 331.732
f 5966 5956 5955
v 7410.867 -6974.634 447.325
f 5967 5959 5958
v 7410.633 -6972.257 450.409
f 5967 5958 5968
v 7513.094 -6969.319 331.562
f 5969 5956 5966
f 5969 5818 5814
f 5969 5814 5956
v 7411.014 -6975.816 447.332
f 5970 5959 5967
f 5970 5965 5959
v 7501.106 -6968.154 334.475
v 7498.257 -6966.426 335.696
v 7498.121 -6968.736 335.257
f 5971 5972 5973
v 7410.867 -6974.634 459.675
v 7410.898 -6975.816 456.585
v 7410.633 -6972.257 456.591
f 5974 5975 5976
v 7410.941 -6972.257 462.767
v 7411.059 -6974.634 462.758
f 5974 5977 5978
f 5974 5976 5977
v 7501.059 -6969.319 334.308
f 5979 5825 5828
v 7504.084 -6968.154 333.677
f 5979 5980 5971
f 5979 5971 5973
f 5979 5828 5980
f 5979 5973 5825
v 7411.014 -6975.816 459.668
v 7411.411 -6976.988 462.731
f 5981 5978 5982
f 5981 5975 5974
f 5981 5974 5978
v 7495.215 -6968.154 336.292
f 5983 5973 5972
v 7411.328 -6974.634 465.835
f 5984 5978 5977
v 7411.557 -6972.257 468.919
f 5984 5977 5985
v 7495.160 -6969.319 336.128
f 5986 5835 5825
f 5986 5973 5983
f 5986 5825 5973
v 7411.475 -6975.816 465.820
f 5987 5978 5984
f 5987 5982 5978
v 7492.305 -6968.154 337.310
f 5988 5835 5986
f 5988 5986 5983
v 7411.820 -6975.816 468.886
f 5989 5984 5985
f 5989 5987 5984
v 7483.740 -6968.154 340.795
v 7481.105 -6966.426 342.428
v 7480.906 -6968.736 342.014
f 5990 5991 5992
v 7483.669 -6969.319 340.638
f 5993 5843 5845
f 5993 5990 5992
f 5993 5992 5843
v 7413.313 -6975.816 478.018
v 7413.819 -6974.634 481.066
v 7414.163 -6976.988 480.988
f 5994 5995 5996
v 7413.704 -6972.257 481.093
f 5994 5997 5995
v 7412.478 -6972.257 475.032
f 5994 5998 5997
v 7478.186 -6968.154 343.470
f 5999 5992 5991
v 7414.543 -6974.634 484.069
f 6000 5995 5997
v 7415.229 -6972.257 487.084
f 6000 5997 6001
v 7478.107 -6969.319 343.316
f 6002 5852 5843
f 6002 5992 5999
f 6002 5843 5992
v 7414.686 -6975.816 484.032
f 6003 5996 5995
f 6003 5995 6000
v 7415.485 -6975.816 487.012
f 6004 6000 6001
f 6004 6003 6000
v 7467.511 -6968.154 349.634
v 7465.148 -6966.426 351.641
v 7464.889 -6968.736 351.261
f 6005 6006 6007
v 7467.417 -6969.319 349.488
v 7470.121 -6968.154 347.993
f 6008 5865 6009
f 6008 5862 5865
f 6008 6007 5862
f 6008 6009 6005
f 6008 6005 6007
v 7418.322 -6975.816 495.820
v 7417.052 -6972.257 492.992
v 7419.166 -6972.257 498.802
f 6010 6011 6012
v 7419.276 -6974.634 498.759
f 6010 6012 6013
v 7419.605 -6976.988 498.630
f 6010 6013 6014
v 7462.417 -6968.154 353.107
f 6015 6007 6006
v 7420.440 -6974.634 501.620
v 7421.568 -6972.257 504.500
f 6016 6012 6017
f 6016 6013 6012
v 7462.316 -6969.319 352.966
f 6018 6007 6015
f 6018 5868 5862
f 6018 5862 6007
v 7420.576 -6975.816 501.563
f 6019 6014 6013
f 6019 6013 6016
v 7452.779 -6968.154 360.792
v 7450.742 -6966.426 363.129
v 7450.430 -6968.736 362.792
f 6020 6021 6022
v 7425.799 -6974.634 512.747
v 7424.250 -6972.257 510.070
v 7427.207 -6972.257 515.500
f 6023 6024 6025
v 7427.310 -6974.634 515.441
f 6023 6025 6026
v 7424.487 -6975.816 509.949
f 6023 6027 6024
v 7452.665 -6969.319 360.662
f 6028 6020 6022
f 6028 5878 5881
v 7455.116 -6968.154 358.781
f 6028 5881 6029
f 6028 6029 6020
f 6028 6022 5878
v 7425.928 -6975.816 512.677
f 6030 6027 6023
f 6030 6023 6026
v 7427.615 -6976.988 515.265
f 6030 6026 6031
v 7448.260 -6968.154 364.985
f 6032 6022 6021
v 7428.887 -6974.634 518.096
v 7430.431 -6972.257 520.776
f 6033 6025 6034
f 6033 6026 6025
v 7448.139 -6969.319 364.862
f 6035 5884 5878
f 6035 6022 6032
f 6035 5878 6022
v 7429.013 -6975.816 518.020
f 6036 6031 6026
f 6036 6026 6033
v 7446.080 -6968.154 367.165
f 6037 6035 6032
f 6037 5884 6035
v 7439.876 -6968.154 374.021
v 7438.210 -6966.426 376.636
v 7437.851 -6968.736 376.349
f 6038 6039 6040
v 7435.844 -6974.634 528.300
v 7433.914 -6972.257 525.884
v 7437.647 -6972.257 530.813
f 6041 6042 6043
v 7434.130 -6975.816 525.729
f 6041 6044 6042
v 7437.740 -6974.634 530.739
f 6041 6043 6045
v 7439.743 -6969.319 373.910
f 6046 6038 6040
f 6046 5893 5895
f 6046 6040 5893
v 7435.962 -6975.816 528.212
f 6047 6044 6041
f 6047 6041 6045
v 7438.016 -6976.988 530.519
f 6047 6045 6048
v 7436.032 -6968.154 378.842
f 6049 6040 6039
v 7439.695 -6974.634 533.130
v 7441.622 -6972.257 535.549
f 6050 6043 6051
f 6050 6045 6043
v 7435.894 -6969.319 378.737
f 6052 6040 6049
f 6052 5901 5893
f 6052 5893 6040
v 7439.808 -6975.816 533.035
f 6053 6045 6050
f 6053 6048 6045
v 7434.201 -6968.154 381.322
f 6054 6052 6049
f 6054 5901 6052
v 7441.821 -6975.816 535.374
f 6055 6050 6051
f 6055 6053 6050
v 7429.088 -6968.154 389.026
v 7427.830 -6966.426 391.860
v 7427.432 -6968.736 391.630
f 6056 6057 6058
v 7428.941 -6969.319 388.936
f 6059 5913 5914
f 6059 6058 5913
f 6059 6056 6058
v 7448.198 -6975.816 542.078
v 7445.827 -6972.257 540.081
v 7450.253 -6972.257 544.398
f 6060 6061 6062
v 7450.333 -6974.634 544.312
v 7450.573 -6976.988 544.053
f 6060 6063 6064
f 6060 6062 6063
v 7426.005 -6968.154 394.365
f 6065 6058 6057
v 7452.624 -6974.634 546.384
v 7454.889 -6972.257 548.490
f 6066 6062 6067
f 6066 6063 6062
v 7425.854 -6969.319 394.283
f 6068 5913 6058
f 6068 5917 5913
f 6068 6058 6065
v 7452.721 -6975.816 546.274
f 6069 6064 6063
f 6069 6063 6066
v 7424.565 -6968.154 397.091
f 6070 5917 6068
f 6070 6068 6065
v 7420.657 -6968.154 405.471
v 7419.836 -6966.426 408.460
v 7419.408 -6968.736 408.293
f 6071 6072 6073
v 7462.279 -6974.634 554.084
v 7459.723 -6972.257 552.344
v 7464.743 -6972.257 555.954
f 6074 6075 6076
v 7464.809 -6974.634 555.856
f 6074 6076 6077
f 6074 1095 6075
v 7420.498 -6969.319 405.404
f 6078 5924 5927
f 6078 6073 5924
f 6078 6071 6073
v 7462.365 -6975.816 553.965
f 6079 6074 6077
v 7465.008 -6976.988 555.565
f 6079 6077 6080
f 6079 1095 6074
v 7418.405 -6968.154 411.210
f 6081 6073 6072
v 7467.383 -6974.634 557.564
v 7469.937 -6972.257 559.308
f 6082 6076 6083
f 6082 6077 6076
v 7418.242 -6969.319 411.151
f 6084 5934 5924
f 6084 5924 6073
f 6084 6073 6081
v 7467.463 -6975.816 557.440
f 6085 6077 6082
f 6085 6080 6077
v 7414.771 -6968.154 422.989
v 7414.405 -6966.426 426.067
v 7413.957 -6968.736 425.965
f 6086 6087 6088
v 7478.078 -6974.634 563.739
v 7475.418 -6975.816 562.167
v 7475.291 -6972.257 562.399
f 6089 6090 6091
v 7480.793 -6972.257 565.220
v 7480.844 -6974.634 565.114
f 6089 6092 6093
f 6089 6091 6092
v 7414.604 -6969.319 422.947
v 7415.569 -6968.154 420.011
f 6094 5945 6095
f 6094 6095 6086
f 6094 6086 6088
f 6094 5942 5945
f 6094 6088 5942
v 7478.145 -6975.816 563.608
f 6096 6089 6093
v 7480.997 -6976.988 564.796
f 6096 6093 6097
f 6096 6090 6089
v 7413.400 -6968.154 429.000
f 6098 6088 6087
v 7483.644 -6974.634 566.419
f 6099 6093 6092
v 7486.429 -6972.257 567.763
f 6099 6092 6100
v 7413.230 -6969.319 428.966
f 6101 6088 6098
f 6101 5951 5942
f 6101 5942 6088
v 7483.704 -6975.816 566.285
f 6102 6093 6099
f 6102 6097 6093
v 7412.826 -6968.154 432.029
f 6103 6101 6098
f 6103 5951 6101
v 7486.532 -6975.816 567.519
f 6104 6099 6100
f 6104 6102 6099
v 7411.562 -6968.154 441.189
v 7411.659 -6966.426 444.287
v 7411.200 -6968.736 444.253
f 6105 6106 6107
v 7495.140 -6974.634 570.931
v 7492.184 -6972.257 570.022
v 7498.045 -6972.257 571.991
f 6108 6109 6110
v 7498.080 -6974.634 571.878
f 6108 6110 6111
v 7411.390 -6969.319 441.172
f 6112 6107 5958
f 6112 5958 5960
f 6112 6105 6107
v 7495.187 -6975.816 570.792
v 7498.184 -6976.988 571.541
f 6113 6111 6114
f 6113 6108 6111
v 7411.102 -6968.154 447.337
f 6115 6107 6106
v 7501.042 -6974.634 572.752
v 7503.997 -6972.257 573.666
f 6116 6110 6117
f 6116 6111 6110
v 7410.929 -6969.319 447.328
f 6118 5958 6107
f 6118 5968 5958
f 6118 6107 6115
v 7501.082 -6975.816 572.610
f 6119 6114 6111
f 6119 6111 6116
v 7411.102 -6968.154 459.663
v 7411.659 -6966.426 462.713
v 7411.200 -6968.736 462.747
f 6120 6121 6122
v 7513.083 -6974.634 575.500
v 7510.024 -6972.257 575.041
v 7516.113 -6972.257 576.115
f 6123 6124 6125
v 7516.131 -6974.634 575.998
f 6123 6125 6126
v 7510.077 -6975.816 574.781
f 6123 6127 6124
v 7410.929 -6969.319 459.672
f 6128 5977 5976
v 7410.986 -6968.154 456.583
f 6128 5976 6129
f 6128 6129 6120
f 6128 6120 6122
f 6128 6122 5977
v 7513.108 -6975.816 575.355
v 7516.184 -6976.988 575.649
f 6130 6126 6131
f 6130 6123 6126
f 6130 6127 6123
v 7411.562 -6968.154 465.811
f 6132 6122 6121
v 7519.191 -6974.634 576.421
v 7522.248 -6972.257 576.884
f 6133 6125 6134
f 6133 6126 6125
v 7411.390 -6969.319 465.828
f 6135 5985 5977
f 6135 6122 6132
f 6135 5977 6122
v 7519.209 -6975.816 576.274
f 6136 6131 6126
f 6136 6126 6133
v 7413.400 -6968.154 478.000
v 7414.405 -6966.426 480.933
v 7413.957 -6968.736 481.035
f 6137 6138 6139
v 7531.506 -6974.634 577.344
v 7528.427 -6975.816 577.081
v 7528.414 -6972.257 577.346
f 6140 6141 6142
f 6140 6142 5504
f 6140 5504 5506
f 6140 5506 5507
v 7413.230 -6969.319 478.034
f 6143 6137 6139
v 7412.826 -6968.154 474.971
f 6143 5998 6144
f 6143 5997 5998
f 6143 6144 6137
f 6143 6139 5997
v 7531.508 -6975.226 577.277
f 6145 6140 5507
f 6145 5507 5508
f 6145 6141 6140
v 7531.510 -6975.816 577.196
f 6146 6141 6145
f 6146 6145 5508
f 6146 5508 5510
v 7414.771 -6968.154 484.011
f 6147 6139 6138
v 7414.604 -6969.319 484.053
f 6148 6001 5997
f 6148 6139 6147
f 6148 5997 6139
v 7418.405 -6968.154 495.790
v 7419.836 -6966.426 498.540
v 7419.408 -6968.736 498.707
f 6149 6150 6151
v 7418.242 -6969.319 495.849
v 7417.387 -6968.154 492.880
f 6152 6011 6153
f 6152 6149 6151
f 6152 6153 6149
f 6152 6012 6011
f 6152 6151 6012
v 7420.657 -6968.154 501.529
f 6154 6151 6150
v 7420.498 -6969.319 501.596
f 6155 6017 6012
f 6155 6151 6154
f 6155 6012 6151
v 7426.005 -6968.154 512.635
v 7427.830 -6966.426 515.140
v 7427.432 -6968.736 515.370
f 6156 6157 6158
v 7425.854 -6969.319 512.717
v 7424.565 -6968.154 509.909
f 6159 6160 6156
f 6159 6024 6160
f 6159 6156 6158
f 6159 6025 6024
f 6159 6158 6025
v 7429.088 -6968.154 517.974
f 6161 6158 6157
v 7428.941 -6969.319 518.064
f 6162 6034 6025
f 6162 6025 6158
f 6162 6158 6161
v 7436.032 -6968.154 528.158
v 7438.210 -6966.426 530.364
v 7437.851 -6968.736 530.651
f 6163 6164 6165
v 7435.894 -6969.319 528.263
v 7434.201 -6968.154 525.678
f 6166 6167 6163
f 6166 6165 6043
f 6166 6043 6042
f 6166 6042 6167
f 6166 6163 6165
v 7439.876 -6968.154 532.979
f 6168 6165 6164
v 7439.743 -6969.319 533.090
f 6169 6165 6168
f 6169 6043 6165
f 6169 6051 6043
v 7441.887 -6968.154 535.315
f 6170 6169 6168
f 6170 6051 6169
v 7448.260 -6968.154 542.015
v 7450.742 -6966.426 543.871
v 7450.430 -6968.736 544.208
f 6171 6172 6173
v 7448.139 -6969.319 542.138
f 6174 6173 6062
f 6174 6062 6061
f 6174 6171 6173
v 7452.779 -6968.154 546.208
f 6175 6173 6172
v 7452.665 -6969.319 546.338
f 6176 6173 6175
f 6176 6062 6173
f 6176 6067 6062
v 7462.417 -6968.154 553.893
v 7465.148 -6966.426 555.359
v 7464.889 -6968.736 555.739
f 6177 6178 6179
v 7462.316 -6969.319 554.034
v 7459.936 -6968.154 552.063
f 6180 6075 6181
f 6180 6179 6076
f 6180 6076 6075
f 6180 6181 6177
f 6180 6177 6179
v 7467.511 -6968.154 557.366
f 6182 6179 6178
v 7467.417 -6969.319 557.512
f 6183 6179 6182
f 6183 6076 6179
f 6183 6083 6076
v 7470.121 -6968.154 559.007
f 6184 6083 6183
f 6184 6183 6182
v 7478.186 -6968.154 563.530
v 7481.105 -6966.426 564.572
v 7480.906 -6968.736 564.986
f 6185 6186 6187
v 7478.107 -6969.319 563.684
f 6188 6185 6187
f 6188 6092 6091
f 6188 6187 6092
v 7483.740 -6968.154 566.205
f 6189 6187 6186
v 7483.669 -6969.319 566.362
f 6190 6187 6189
f 6190 6100 6092
f 6190 6092 6187
v 7495.215 -6968.154 570.708
v 7498.257 -6966.426 571.304
v 7498.121 -6968.736 571.743
f 6191 6192 6193
v 7495.160 -6969.319 570.872
f 6194 6191 6193
f 6194 6193 6110
f 6194 6110 6109
v 7492.305 -6968.154 569.690
f 6194 6195 6191
f 6194 6109 6195
v 7501.106 -6968.154 572.525
f 6196 6193 6192
v 7501.059 -6969.319 572.692
f 6197 6193 6196
f 6197 6110 6193
f 6197 6117 6110
v 7513.124 -6968.154 575.268
v 7516.221 -6966.426 575.404
v 7516.152 -6968.736 575.858
f 6198 6199 6200
v 7513.094 -6969.319 575.438
v 7510.094 -6968.154 574.695
f 6201 6202 6198
f 6201 6124 6202
f 6201 6198 6200
f 6201 6200 6125
f 6201 6125 6124
v 7519.220 -6968.154 576.187
f 6203 6200 6199
v 7519.198 -6969.319 576.359
f 6204 6125 6200
f 6204 6134 6125
f 6204 6200 6203
v 7531.510 -6968.736 577.202
f 6205 5598 5597
v 7531.508 -6969.319 577.281
f 6206 5597 5599
f 6206 6205 5597
v 7528.427 -6968.736 577.086
f 6206 6207 6205
v 7531.506 -6969.905 577.346
f 6208 5599 5601
f 6208 5601 5504
f 6208 6206 5599
f 6208 6207 6206
f 6208 5504 6142
f 6208 6142 6207
v 7536.129 -6978.724 576.603
v 7534.595 -6978.149 576.766
f 6209 6210 5510
v 7534.595 -6979.295 576.445
f 6209 6211 6210
v 7534.595 -6980.424 576.068
f 6209 6212 6211
f 6209 5510 5509
v 7540.731 -6978.724 576.459
f 6213 6209 5509
v 7540.723 -6979.295 576.292
f 6214 6209 6213
v 7549.903 -6978.724 575.657
f 6215 5515 5516
f 6215 5516 5517
v 7552.919 -6979.295 575.072
f 6215 5517 6216
v 7549.859 -6979.862 575.311
v 7552.798 -6981.533 574.271
f 6217 6216 6218
f 6217 6215 6216
v 7554.460 -6978.724 574.999
f 6219 6218 6216
f 6219 5517 5520
f 6219 6216 5517
v 7558.989 -6978.724 574.171
f 6220 6219 5520
v 7558.920 -6979.862 573.829
f 6221 6219 6220
v 7567.938 -6978.724 572.011
v 7570.833 -6979.295 570.983
f 6222 5527 6223
f 6222 5525 5526
f 6222 5526 5527
v 7567.844 -6979.862 571.675
v 7570.594 -6981.533 570.209
f 6224 6223 6225
f 6224 6222 6223
v 7573.804 -6978.724 570.202
f 6226 6223 5527
f 6226 5527 5530
f 6226 5530 5531
v 7573.693 -6979.862 569.871
f 6227 6223 6226
f 6227 6225 6223
v 7586.624 -6978.724 565.078
v 7582.416 -6978.724 566.945
f 6228 6229 5536
v 7587.938 -6979.295 564.269
f 6228 5537 6230
v 7582.280 -6979.862 566.623
f 6228 6231 6229
v 7587.587 -6981.533 563.540
f 6228 6230 6232
f 6228 5536 5537
v 7590.760 -6978.724 563.054
f 6233 5538 5540
f 6233 6230 5537
f 6233 5537 5538
v 7590.601 -6979.862 562.744
f 6234 6230 6233
f 6234 6232 6230
v 7602.673 -6978.724 556.077
f 6235 5545 5546
v 7598.790 -6978.724 558.551
f 6235 6236 5545
v 7598.608 -6979.862 558.253
f 6235 6237 6236
v 7603.852 -6979.295 555.082
f 6235 5546 6238
v 7603.396 -6981.533 554.413
f 6235 6238 6239
v 7606.461 -6978.724 553.460
f 6240 5546 5549
f 6240 5549 5550
f 6240 6238 5546
v 7606.257 -6979.862 553.176
f 6241 6238 6240
f 6241 6239 6238
v 7617.201 -6978.724 544.785
f 6242 5555 5556
v 7618.218 -6979.295 543.625
f 6242 5556 6243
v 7613.730 -6978.724 547.810
f 6242 6244 5555
v 7613.505 -6979.862 547.542
f 6242 6245 6244
v 7617.667 -6981.533 543.031
f 6242 6243 6246
v 7620.556 -6978.724 541.632
f 6247 6243 5556
f 6247 5556 5559
f 6247 5559 5560
v 7620.312 -6979.862 541.382
f 6248 6246 6243
f 6248 6243 6247
v 7629.883 -6978.724 531.453
v 7626.640 -6979.862 534.731
v 7626.902 -6978.724 534.962
f 6249 6250 6251
v 7630.717 -6979.295 530.155
f 6249 5566 6252
f 6249 6251 5565
f 6249 5565 5566
v 7630.084 -6981.533 529.650
f 6249 6252 6253
v 7631.797 -6978.724 529.053
f 6254 6252 5566
f 6254 5566 5567
f 6254 6253 6252
v 7634.554 -6978.724 525.366
f 6255 6254 5567
v 7634.271 -6979.862 525.162
f 6256 6253 6254
f 6256 6254 6255
v 7639.645 -6978.724 517.695
v 7641.068 -6979.295 514.972
f 6257 5575 6258
f 6257 5574 5575
f 6257 5570 5574
v 7639.347 -6979.862 517.513
v 7640.367 -6981.533 514.567
f 6259 6258 6260
f 6259 6257 6258
v 7642.714 -6978.724 512.379
f 6261 6258 5575
f 6261 5575 5578
f 6261 5578 5579
v 7642.408 -6979.862 512.212
f 6262 6260 6258
f 6262 6258 6261
v 7648.627 -6978.724 499.903
v 7649.041 -6979.295 498.417
v 7648.287 -6981.533 498.121
f 6263 6264 6265
f 6263 5584 5585
v 7646.812 -6978.724 504.135
f 6263 6266 5584
f 6263 5585 6264
v 7646.494 -6979.862 503.991
f 6263 6267 6266
v 7649.748 -6978.724 497.046
f 6268 6265 6264
f 6268 5585 5588
f 6268 6264 5585
v 7651.296 -6978.724 492.710
f 6269 6268 5588
v 7650.965 -6979.862 492.598
f 6270 6268 6269
v 7537.664 -6965.856 576.592
v 7534.595 -6966.426 576.781
v 7534.595 -6965.290 576.467
f 6271 6272 6273
v 7537.668 -6966.426 576.742
f 6274 5604 5596
f 6274 5598 6272
f 6274 5596 5598
f 6274 6272 6271
v 7653.900 -6978.724 483.879
f 6275 5594 5595
f 6275 5592 5594
v 7654.457 -6979.295 480.858
f 6275 5595 6276
v 7653.562 -6979.862 483.793
v 7653.667 -6981.533 480.678
f 6277 6276 6278
f 6277 6275 6276
v 7655.266 -6978.724 477.894
f 6279 5602 5605
f 6279 5595 5602
f 6279 6276 5595
v 7654.924 -6979.862 477.825
f 6280 6276 6279
f 6280 6278 6276
v 7551.393 -6965.009 575.226
v 7546.838 -6965.290 575.856
f 6281 5606 6282
f 6281 5607 5606
v 7552.867 -6964.172 574.728
f 6281 6283 5607
v 7555.866 -6963.895 574.135
v 7552.732 -6961.996 573.836
f 6284 6283 6285
v 7555.932 -6965.009 574.513
f 6286 5621 5616
f 6286 6283 6284
f 6286 5616 5607
f 6286 5607 6283
v 7657.238 -6978.724 464.230
v 7657.196 -6979.295 462.688
v 7656.388 -6981.533 462.627
f 6287 6288 6289
f 6287 5614 5615
v 7656.751 -6978.724 468.808
f 6287 6290 5614
v 7656.405 -6979.862 468.765
f 6287 6291 6290
f 6287 5615 6288
v 7657.468 -6978.724 461.169
f 6292 6289 6288
f 6292 5615 5620
f 6292 6288 5615
v 7657.669 -6978.724 456.569
f 6293 6292 5620
v 7569.347 -6965.009 571.363
f 6294 5623 5622
v 7564.916 -6965.009 572.580
f 6294 5622 6295
v 7570.731 -6964.172 570.650
f 6294 6296 5623
v 7564.821 -6963.895 572.208
f 6294 6295 6297
v 7570.465 -6961.996 569.789
f 6294 6298 6296
v 7657.320 -6979.862 456.561
f 6299 6292 6293
v 7572.275 -6965.009 570.460
f 6300 5633 5623
f 6300 5623 6296
f 6300 6296 6298
v 7576.622 -6965.009 568.969
v 7576.491 -6963.895 568.609
f 6301 6300 6302
f 6301 5633 6300
v 7657.554 -6978.724 447.363
f 6303 5629 5631
v 7657.196 -6979.295 444.312
f 6303 5632 6304
f 6303 5631 5632
v 7657.205 -6979.862 447.381
f 6305 6303 6304
v 7656.388 -6981.533 444.373
f 6305 6304 6306
v 7657.238 -6978.724 442.770
f 6307 6304 5632
f 6307 5632 5637
f 6307 6306 6304
v 7584.976 -6963.895 565.156
v 7587.396 -6961.996 563.144
v 7587.787 -6964.172 563.956
f 6308 6309 6310
v 7585.133 -6965.009 565.505
f 6311 5638 5647
f 6311 5639 5638
f 6311 6310 5639
f 6311 6308 6310
v 7656.751 -6978.724 438.192
f 6312 6307 5637
v 7656.405 -6979.862 438.235
f 6313 6307 6312
v 7589.286 -6965.009 563.537
f 6314 6310 6309
f 6314 5639 6310
f 6314 5650 5639
v 7593.179 -6963.895 561.079
f 6315 6314 6309
v 7593.362 -6965.009 561.415
f 6316 5650 6314
f 6316 6314 6315
v 7655.266 -6978.724 429.106
v 7654.457 -6979.295 426.142
f 6317 5649 6318
f 6317 5648 5649
f 6317 5645 5648
v 7654.924 -6979.862 429.175
f 6319 6317 6318
v 7653.667 -6981.533 426.322
f 6319 6318 6320
v 7654.269 -6978.724 424.611
f 6321 6318 5649
f 6321 6320 6318
f 6321 5649 5654
v 7601.054 -6963.895 556.400
v 7603.148 -6961.996 554.050
v 7603.656 -6964.172 554.794
f 6322 6323 6324
v 7601.262 -6965.009 556.722
f 6325 6322 6324
f 6325 6324 5656
f 6325 5656 5655
f 6325 5655 5664
v 7653.106 -6978.724 420.156
f 6326 6321 5654
v 7652.769 -6979.862 420.251
f 6327 6321 6326
v 7605.075 -6965.009 554.157
f 6328 6324 6323
f 6328 5667 5656
f 6328 5656 6324
v 7608.790 -6965.009 551.451
f 6329 5667 6328
v 7608.558 -6963.895 551.146
f 6329 6328 6330
v 7650.282 -6978.724 411.393
v 7649.041 -6979.295 408.583
f 6331 5666 6332
f 6331 5665 5666
f 6331 5661 5665
v 7649.954 -6979.862 411.512
f 6333 6331 6332
v 7648.287 -6981.533 408.879
f 6333 6332 6334
v 7648.040 -6978.724 405.679
f 6335 6332 5666
f 6335 5666 5671
f 6335 5671 5672
v 7615.649 -6963.895 545.345
v 7617.369 -6961.996 542.709
v 7617.982 -6964.172 543.370
f 6336 6337 6338
v 7647.718 -6979.862 405.814
f 6339 6332 6335
f 6339 6334 6332
v 7615.902 -6965.009 545.633
f 6340 5674 5673
f 6340 6338 5674
f 6340 6336 6338
f 6340 5673 5681
v 7619.290 -6965.009 542.528
f 6341 5674 6338
f 6341 6338 6337
f 6341 5684 5674
v 7622.560 -6965.009 539.299
v 7622.286 -6963.895 539.031
f 6342 6341 6343
f 6342 5684 6341
v 7641.972 -6978.724 393.278
v 7641.068 -6979.295 392.028
f 6344 5683 6345
v 7644.149 -6978.724 397.335
f 6344 6346 5682
v 7643.838 -6979.862 397.494
f 6344 6347 6346
f 6344 5682 5683
v 7640.367 -6981.533 392.433
f 6344 6345 6348
v 7639.645 -6978.724 389.305
f 6349 5688 5689
f 6349 6345 5683
f 6349 5683 5688
v 7628.432 -6963.895 532.239
v 7629.740 -6961.996 529.376
v 7630.445 -6964.172 529.938
f 6350 6351 6352
v 7639.347 -6979.862 389.487
f 6353 6345 6349
f 6353 6348 6345
v 7628.726 -6965.009 532.485
f 6354 5691 5690
f 6354 6352 5691
f 6354 5690 5694
f 6354 6350 6352
v 7631.613 -6965.009 528.910
f 6355 5691 6352
f 6355 6352 6351
f 6355 5700 5691
v 7634.054 -6963.895 525.006
f 6356 6355 6351
v 7634.365 -6965.009 525.230
f 6357 5700 6355
f 6357 6355 6356
v 7631.797 -6978.724 377.947
v 7634.271 -6979.862 381.838
v 7634.554 -6978.724 381.634
f 6358 6359 6360
v 7630.717 -6979.295 376.845
v 7630.084 -6981.533 377.350
f 6358 6361 6362
f 6358 5699 6361
f 6358 5695 5699
f 6358 6360 5695
f 6358 6362 6359
v 7628.904 -6978.724 374.365
f 6363 6361 5699
f 6363 5699 5704
f 6363 5704 5705
v 7639.119 -6963.895 517.374
v 7639.986 -6961.996 514.348
v 7640.767 -6964.172 514.799
f 6364 6365 6366
v 7628.637 -6979.862 374.589
f 6367 6362 6361
f 6367 6361 6363
v 7639.446 -6965.009 517.574
f 6368 6364 6366
f 6368 5706 5710
f 6368 6366 5707
f 6368 5707 5706
v 7641.769 -6965.009 513.608
f 6369 6366 6365
f 6369 5707 6366
f 6369 5716 5707
v 7643.941 -6965.009 509.559
v 7643.600 -6963.895 509.384
f 6370 6369 6371
f 6370 5716 6369
v 7619.451 -6978.724 364.303
v 7617.667 -6981.533 363.969
v 7622.477 -6979.862 367.782
f 6372 6373 6374
v 7622.727 -6978.724 367.538
f 6372 6374 6375
v 7618.218 -6979.295 363.375
f 6372 5715 6376
f 6372 5711 5715
f 6372 6375 5711
f 6372 6376 6373
v 7617.201 -6978.724 362.215
f 6377 5715 5720
f 6377 6376 5715
f 6377 6373 6376
v 7647.472 -6963.895 501.082
v 7647.878 -6961.996 497.960
v 7648.717 -6964.172 498.290
f 6378 6379 6380
v 7647.825 -6965.009 501.231
f 6381 6380 5722
f 6381 5722 5721
f 6381 6378 6380
f 6381 5721 5730
v 7613.730 -6978.724 359.190
f 6382 6377 5720
v 7613.505 -6979.862 359.458
f 6383 6377 6382
v 7649.703 -6963.895 495.396
f 6384 6380 6379
v 7650.063 -6965.009 495.527
f 6385 5733 5722
f 6385 6380 6384
f 6385 5722 6380
f 6385 5738 5733
v 7606.461 -6978.724 353.540
f 6386 5731 5732
v 7603.852 -6979.295 351.918
f 6386 5732 6387
f 6386 5728 5731
v 7606.257 -6979.862 353.824
v 7603.396 -6981.533 352.587
f 6388 6387 6389
f 6388 6386 6387
v 7601.389 -6978.724 350.082
f 6390 5732 5737
f 6390 5737 5739
f 6390 6387 5732
v 7601.199 -6979.862 350.376
f 6391 6389 6387
f 6391 6387 6390
v 7654.043 -6965.009 482.335
f 6392 5741 5740
v 7652.881 -6965.009 486.781
f 6392 5740 6393
v 7652.512 -6963.895 486.677
f 6392 6393 6394
v 7654.118 -6964.172 480.780
f 6392 6395 5741
v 7653.239 -6961.996 480.580
f 6392 6396 6395
v 7654.662 -6963.895 477.772
f 6397 6395 6396
v 7655.038 -6965.009 477.848
f 6398 5749 5741
f 6398 6395 6397
f 6398 5741 6395
f 6398 5754 5749
v 7589.390 -6978.724 343.254
v 7587.938 -6979.295 342.731
v 7587.587 -6981.533 343.460
f 6399 6400 6401
f 6399 5744 5746
f 6399 5746 6400
v 7593.474 -6978.724 345.380
f 6399 6402 5744
v 7593.307 -6979.862 345.687
f 6399 6403 6402
f 6399 6401 6403
v 7586.624 -6978.724 341.922
f 6404 6401 6400
f 6404 6400 5746
f 6404 5746 5753
v 7582.416 -6978.724 340.055
f 6405 6404 5753
v 7657.006 -6965.009 464.210
v 7656.849 -6964.172 462.662
f 6406 6407 5756
f 6406 5756 5755
v 7656.520 -6965.009 468.779
f 6406 5755 6408
v 7656.140 -6963.895 468.732
f 6406 6408 6409
v 7655.950 -6961.996 462.594
f 6406 6410 6407
v 7582.280 -6979.862 340.377
f 6411 6404 6405
v 7657.235 -6965.009 461.154
f 6412 5766 5756
f 6412 5756 6407
f 6412 6407 6410
v 7657.436 -6965.009 456.563
f 6413 5766 6412
v 7657.053 -6963.895 456.554
f 6413 6412 6414
v 7573.804 -6978.724 336.798
f 6415 5764 5765
f 6415 5759 5764
v 7570.833 -6979.295 336.017
f 6415 5765 6416
v 7573.693 -6979.862 337.129
v 7570.594 -6981.533 336.791
f 6417 6416 6418
f 6417 6415 6416
v 7567.938 -6978.724 334.989
f 6419 5765 5770
f 6419 5770 5771
f 6419 6416 5765
v 7656.938 -6963.895 447.394
v 7655.950 -6961.996 444.406
v 7656.849 -6964.172 444.338
f 6420 6421 6422
v 7567.844 -6979.862 335.325
f 6423 6418 6416
f 6423 6416 6419
v 7657.321 -6965.009 447.375
f 6424 6422 5773
f 6424 5773 5772
f 6424 6420 6422
f 6424 5772 5780
v 7656.482 -6963.895 441.303
f 6425 6422 6421
v 7656.863 -6965.009 441.265
f 6426 6422 6425
f 6426 5773 6422
f 6426 5788 5783
f 6426 5783 5773
v 7554.460 -6978.724 332.001
v 7552.919 -6979.295 331.928
v 7552.798 -6981.533 332.729
f 6427 6428 6429
v 7558.989 -6978.724 332.829
f 6427 6430 5781
f 6427 5782 6428
v 7558.920 -6979.862 333.171
f 6427 6431 6430
f 6427 5781 5782
v 7551.424 -6978.724 331.543
f 6432 6429 6428
f 6432 6428 5782
f 6432 5782 5787
v 7546.853 -6978.724 330.999
f 6433 6432 5787
v 7654.725 -6965.009 427.652
v 7655.607 -6965.009 432.162
v 7655.230 -6963.895 432.229
f 6434 6435 6436
f 6434 5789 6435
v 7654.118 -6964.172 426.220
f 6434 6437 5790
v 7653.239 -6961.996 426.420
f 6434 6438 6437
f 6434 5790 5789
v 7546.818 -6979.862 331.347
f 6439 6432 6433
v 7654.043 -6965.009 424.665
f 6440 5790 6437
f 6440 6437 6438
f 6440 5800 5790
v 7652.881 -6965.009 420.219
v 7652.512 -6963.895 420.323
f 6441 6440 6442
f 6441 5800 6440
v 7537.664 -6978.724 330.426
f 6443 5798 5799
f 6443 5793 5798
v 7534.595 -6979.295 330.555
f 6443 5799 6444
v 7537.655 -6979.862 330.775
v 7534.595 -6981.533 331.365
f 6445 6444 6446
f 6445 6443 6444
v 7531.525 -6978.724 330.426
f 6447 5804 5805
f 6447 5799 5804
f 6447 6444 5799
v 7649.703 -6963.895 411.604
v 7647.878 -6961.996 409.040
v 7648.717 -6964.172 408.710
f 6448 6449 6450
v 7531.534 -6979.862 330.775
f 6451 6446 6444
f 6451 6444 6447
v 7650.063 -6965.009 411.473
f 6452 5807 5806
f 6452 5806 5810
f 6452 6448 6450
f 6452 6450 5807
v 7648.411 -6965.009 407.185
f 6453 6450 6449
f 6453 5816 5807
f 6453 5807 6450
v 7646.600 -6965.009 402.961
f 6454 5816 6453
v 7646.251 -6963.895 403.119
f 6454 6453 6455
v 7517.765 -6978.724 331.543
f 6456 5811 5813
v 7522.337 -6978.724 330.999
f 6456 6457 5811
v 7516.271 -6979.295 331.928
f 6456 5813 6458
v 7516.391 -6981.533 332.729
v 7522.371 -6979.862 331.347
f 6456 6459 6460
f 6456 6460 6457
f 6456 6458 6459
v 7514.729 -6978.724 332.001
f 6461 5813 5820
f 6461 6458 5813
f 6461 6459 6458
v 7642.173 -6963.895 394.916
v 7639.986 -6961.996 392.652
v 7640.767 -6964.172 392.201
f 6462 6463 6464
v 7642.510 -6965.009 394.732
f 6465 5822 5821
f 6465 6462 6464
f 6465 5821 5830
f 6465 6464 5822
v 7510.200 -6978.724 332.829
f 6466 6461 5820
v 7510.270 -6979.862 333.171
f 6467 6461 6466
v 7639.119 -6963.895 389.626
f 6468 6464 6463
v 7639.446 -6965.009 389.426
f 6469 5833 5822
f 6469 5822 6464
f 6469 6464 6468
f 6469 5838 5833
v 7501.251 -6978.724 334.989
v 7498.356 -6979.295 336.017
f 6470 5832 6471
f 6470 5831 5832
f 6470 5827 5831
v 7501.345 -6979.862 335.325
f 6472 6470 6471
v 7498.595 -6981.533 336.791
f 6472 6471 6473
v 7496.843 -6978.724 336.319
f 6474 6471 5832
f 6474 5832 5837
f 6474 6473 6471
v 7492.488 -6978.724 337.812
f 6475 6474 5837
v 7631.613 -6965.009 378.090
v 7629.740 -6961.996 377.624
v 7630.445 -6964.172 377.062
f 6476 6477 6478
v 7634.365 -6965.009 381.770
v 7634.054 -6963.895 381.994
f 6476 6479 6480
f 6476 5839 6479
f 6476 6478 5840
f 6476 5840 5839
v 7492.607 -6979.862 338.140
f 6481 6474 6475
v 7629.703 -6965.009 375.694
f 6482 6478 6477
f 6482 5840 6478
f 6482 5850 5840
v 7626.727 -6965.009 372.192
f 6483 5850 6482
v 7626.440 -6963.895 372.446
f 6483 6482 6484
v 7483.960 -6978.724 341.282
f 6485 5846 5848
v 7481.251 -6979.295 342.731
f 6485 5849 6486
f 6485 5848 5849
v 7484.104 -6979.862 341.601
f 6487 6485 6486
v 7481.602 -6981.533 343.460
f 6487 6486 6488
v 7478.429 -6978.724 343.946
f 6489 6486 5849
f 6489 5849 5854
f 6489 5854 5855
v 7620.126 -6963.895 365.809
v 7617.369 -6961.996 364.291
v 7617.982 -6964.172 363.630
f 6490 6491 6492
v 7478.589 -6979.862 344.256
f 6493 6486 6489
f 6493 6488 6486
v 7620.393 -6965.009 365.535
f 6494 6490 6492
f 6494 5857 5856
f 6494 6492 5857
f 6494 5856 5860
v 7615.649 -6963.895 361.655
f 6495 6492 6491
v 7615.902 -6965.009 361.367
f 6496 5866 5857
f 6496 5871 5866
f 6496 6492 6495
f 6496 5857 6492
v 7466.516 -6978.724 350.923
v 7465.794 -6981.533 352.587
v 7470.581 -6979.862 348.747
f 6497 6498 6499
v 7470.399 -6978.724 348.449
f 6497 6500 5861
f 6497 5861 5864
f 6497 6499 6500
v 7465.337 -6979.295 351.918
f 6497 5864 6501
f 6497 6501 6498
v 7462.729 -6978.724 353.540
f 6502 5864 5870
f 6502 5870 5872
f 6502 6501 5864
v 7462.932 -6979.862 353.824
f 6503 6501 6502
f 6503 6498 6501
v 7605.075 -6965.009 352.843
v 7603.148 -6961.996 352.950
v 7603.656 -6964.172 352.206
f 6504 6505 6506
f 6504 6506 5874
v 7608.790 -6965.009 355.549
f 6504 5873 6507
f 6504 5874 5873
v 7608.558 -6963.895 355.854
f 6504 6507 6508
v 7601.054 -6963.895 350.600
f 6509 6506 6505
v 7601.262 -6965.009 350.278
f 6510 5874 6506
f 6510 5882 5874
f 6510 5887 5882
f 6510 6506 6509
v 7451.989 -6978.724 362.215
f 6511 5877 5880
v 7450.971 -6979.295 363.375
f 6511 5880 6512
v 7455.459 -6978.724 359.190
f 6511 6513 5877
v 7451.522 -6981.533 363.969
v 7455.684 -6979.862 359.458
f 6511 6514 6515
f 6511 6512 6514
f 6511 6515 6513
v 7448.633 -6978.724 365.368
f 6516 5880 5886
f 6516 6512 5880
f 6516 5886 5888
v 7448.877 -6979.862 365.618
f 6517 6512 6516
f 6517 6514 6512
v 7589.286 -6965.009 343.463
v 7593.362 -6965.009 345.585
f 6518 5889 6519
v 7587.787 -6964.172 343.044
f 6518 6520 5890
f 6518 5890 5889
v 7593.179 -6963.895 345.921
f 6518 6519 6521
v 7587.396 -6961.996 343.856
f 6518 6522 6520
v 7586.526 -6965.009 342.134
f 6523 5890 6520
f 6523 5899 5890
f 6523 6520 6522
v 7582.325 -6965.009 340.270
v 7582.176 -6963.895 340.623
f 6524 6523 6525
f 6524 5899 6523
v 7439.306 -6978.724 375.547
v 7438.472 -6979.295 376.845
f 6526 5898 6527
v 7442.549 -6979.862 372.269
v 7442.287 -6978.724 372.038
f 6526 6528 6529
v 7439.106 -6981.533 377.350
f 6526 6527 6530
f 6526 5897 5898
f 6526 6529 5897
v 7436.458 -6978.724 379.164
f 6531 6527 5898
f 6531 5903 5904
f 6531 5898 5903
v 7573.608 -6963.895 337.383
v 7570.465 -6961.996 337.211
v 7570.731 -6964.172 336.350
f 6532 6533 6534
v 7436.736 -6979.862 379.375
f 6535 6527 6531
f 6535 6530 6527
v 7573.730 -6965.009 337.019
f 6536 6534 5906
f 6536 5906 5905
f 6536 5905 5909
f 6536 6532 6534
v 7569.347 -6965.009 335.637
f 6537 5906 6534
f 6537 5915 5906
f 6537 6534 6533
v 7564.821 -6963.895 334.792
f 6538 6537 6533
v 7564.916 -6965.009 334.420
f 6539 5915 6537
f 6539 6537 6538
v 7428.752 -6978.724 390.619
f 6540 5910 5912
v 7431.470 -6979.862 386.895
v 7431.177 -6978.724 386.706
f 6540 6541 6542
f 6540 6542 5910
v 7428.823 -6981.533 392.433
f 6540 6543 6541
v 7428.121 -6979.295 392.028
f 6540 5912 6544
f 6540 6544 6543
v 7427.217 -6978.724 393.278
f 6545 5912 5919
f 6545 6544 5912
f 6545 6543 6544
v 7555.866 -6963.895 332.865
v 7552.732 -6961.996 333.164
v 7552.867 -6964.172 332.272
f 6546 6547 6548
v 7555.932 -6965.009 332.487
f 6549 5921 5920
f 6549 5920 5929
f 6549 6546 6548
f 6549 6548 5921
v 7425.040 -6978.724 397.335
f 6550 6545 5919
v 7425.351 -6979.862 397.494
f 6551 6545 6550
v 7549.826 -6963.895 331.955
f 6552 6548 6547
v 7549.874 -6965.009 331.574
f 6553 5932 5921
f 6553 5937 5932
f 6553 6548 6552
f 6553 5921 6548
v 7421.149 -6978.724 405.679
f 6554 5930 5931
f 6554 5926 5930
v 7420.148 -6979.295 408.583
f 6554 5931 6555
v 7421.471 -6979.862 405.814
v 7420.902 -6981.533 408.879
f 6556 6555 6557
f 6556 6554 6555
v 7419.441 -6978.724 409.954
f 6558 6557 6555
f 6558 6555 5931
f 6558 5931 5936
v 7417.893 -6978.724 414.290
f 6559 6558 5936
v 7536.126 -6965.009 330.630
v 7540.720 -6965.009 330.773
f 6560 5938 6561
v 7534.595 -6961.996 331.804
v 7534.595 -6964.172 330.903
f 6560 6562 6563
f 6560 5939 5938
v 7540.701 -6963.895 331.156
f 6560 6561 6564
f 6560 6563 5939
v 7418.224 -6979.862 414.402
f 6565 6558 6559
v 7533.063 -6965.009 330.630
f 6566 5949 5939
f 6566 6563 6562
f 6566 5939 6563
v 7528.489 -6963.895 331.156
f 6567 6566 6562
v 7528.470 -6965.009 330.773
f 6568 5949 6566
f 6568 6566 6567
v 7415.289 -6978.724 423.121
f 6569 5947 5948
v 7414.732 -6979.295 426.142
f 6569 5948 6570
f 6569 5944 5947
v 7415.628 -6979.862 423.207
v 7415.522 -6981.533 426.322
f 6571 6570 6572
f 6571 6569 6570
v 7414.237 -6978.724 427.603
f 6573 6572 6570
f 6573 6570 5948
f 6573 5948 5953
v 7519.363 -6963.895 331.955
v 7516.457 -6961.996 333.164
v 7516.322 -6964.172 332.272
f 6574 6575 6576
v 7519.315 -6965.009 331.574
f 6577 6576 5955
f 6577 6574 6576
f 6577 5955 5954
f 6577 5954 5963
v 7413.353 -6978.724 432.122
f 6578 6573 5953
v 7413.696 -6979.862 432.182
f 6579 6573 6578
v 7514.767 -6965.009 332.231
f 6580 5966 5955
f 6580 6576 6575
f 6580 5955 6576
v 7510.247 -6965.009 333.057
v 7510.322 -6963.895 333.433
f 6581 6580 6582
f 6581 5966 6580
v 7412.094 -6978.724 441.242
f 6583 5961 5964
v 7411.994 -6979.295 444.312
f 6583 5965 6584
f 6583 5964 5965
v 7412.441 -6979.862 441.277
v 7412.801 -6981.533 444.373
f 6585 6584 6586
f 6585 6583 6584
v 7411.721 -6978.724 445.831
f 6587 6586 6584
f 6587 5965 5970
f 6587 6584 5965
v 7501.418 -6963.895 335.582
v 7498.724 -6961.996 337.211
v 7498.458 -6964.172 336.350
f 6588 6589 6590
v 7501.314 -6965.009 335.213
f 6591 6588 6590
f 6591 5971 5980
f 6591 5972 5971
f 6591 6590 5972
v 7411.521 -6978.724 450.431
f 6592 6587 5970
v 7411.869 -6979.862 450.439
f 6593 6587 6592
v 7495.581 -6963.895 337.383
f 6594 6590 6589
v 7495.459 -6965.009 337.019
f 6595 5988 5983
f 6595 5983 5972
f 6595 5972 6590
f 6595 6590 6594
v 7411.635 -6978.724 459.637
f 6596 5981 5982
f 6596 5975 5981
v 7411.994 -6979.295 462.688
f 6596 5982 6597
v 7411.984 -6979.862 459.619
v 7412.801 -6981.533 462.627
f 6598 6597 6599
f 6598 6596 6597
v 7412.094 -6978.724 465.758
f 6600 5982 5987
f 6600 6597 5982
f 6600 5987 5989
v 7412.441 -6979.862 465.723
f 6601 6597 6600
f 6601 6599 6597
v 7482.664 -6965.009 342.134
v 7481.402 -6964.172 343.044
f 6602 6603 5991
f 6602 5991 5990
v 7486.864 -6965.009 340.270
v 7487.013 -6963.895 340.623
f 6602 6604 6605
f 6602 5990 6604
v 7481.793 -6961.996 343.856
f 6602 6606 6603
v 7479.903 -6965.009 343.463
f 6607 5999 5991
f 6607 5991 6603
f 6607 6603 6606
v 7476.010 -6963.895 345.921
f 6608 6607 6606
v 7475.827 -6965.009 345.585
f 6609 6607 6608
f 6609 5999 6607
v 7414.237 -6978.724 479.397
f 6610 5994 5996
v 7415.522 -6981.533 480.678
v 7413.696 -6979.862 474.818
f 6610 6611 6612
v 7414.732 -6979.295 480.858
f 6610 6613 6611
f 6610 5996 6613
v 7413.353 -6978.724 474.878
f 6610 6614 5994
f 6610 6612 6614
v 7415.289 -6978.724 483.879
f 6615 6003 6004
f 6615 6613 5996
f 6615 5996 6003
v 7468.135 -6963.895 350.600
v 7466.041 -6961.996 352.950
v 7465.533 -6964.172 352.206
f 6616 6617 6618
v 7415.628 -6979.862 483.793
f 6619 6611 6613
f 6619 6613 6615
v 7467.927 -6965.009 350.278
f 6620 6618 6006
f 6620 6616 6618
f 6620 6005 6009
f 6620 6006 6005
v 7464.114 -6965.009 352.843
f 6621 6006 6618
f 6621 6015 6006
f 6621 6618 6617
v 7460.399 -6965.009 355.549
v 7460.631 -6963.895 355.854
f 6622 6621 6623
f 6622 6015 6621
v 7419.441 -6978.724 497.046
v 7418.224 -6979.862 492.598
v 7417.893 -6978.724 492.710
f 6624 6625 6626
f 6624 6626 6010
v 7420.902 -6981.533 498.121
f 6624 6627 6625
f 6624 6010 6014
v 7420.148 -6979.295 498.417
f 6624 6628 6627
f 6624 6014 6628
v 7420.562 -6978.724 499.903
f 6629 6014 6019
f 6629 6627 6628
f 6629 6628 6014
v 7453.541 -6963.895 361.655
v 7451.820 -6961.996 364.291
v 7451.207 -6964.172 363.630
f 6630 6631 6632
v 7453.287 -6965.009 361.367
f 6633 6021 6020
f 6633 6630 6632
f 6633 6020 6029
f 6633 6632 6021
v 7422.377 -6978.724 504.135
f 6634 6629 6019
v 7422.695 -6979.862 503.991
f 6635 6629 6634
v 7449.063 -6963.895 365.809
f 6636 6632 6631
v 7448.796 -6965.009 365.535
f 6637 6037 6032
f 6637 6632 6636
f 6637 6021 6632
f 6637 6032 6021
v 7426.475 -6978.724 512.379
f 6638 6027 6030
f 6638 6030 6031
v 7428.121 -6979.295 514.972
f 6638 6031 6639
v 7426.781 -6979.862 512.212
f 6640 6638 6639
v 7428.823 -6981.533 514.567
f 6640 6639 6641
v 7428.752 -6978.724 516.381
f 6642 6641 6639
f 6642 6031 6036
f 6642 6639 6031
v 7431.177 -6978.724 520.294
f 6643 6642 6036
v 7439.486 -6965.009 375.694
f 6644 6039 6038
v 7438.744 -6964.172 377.062
f 6644 6645 6039
v 7442.462 -6965.009 372.192
f 6644 6038 6646
v 7439.449 -6961.996 377.624
f 6644 6647 6645
v 7442.749 -6963.895 372.446
f 6644 6646 6648
v 7431.470 -6979.862 520.105
f 6649 6642 6643
v 7436.949 -6963.895 379.536
f 6650 6645 6647
v 7436.643 -6965.009 379.305
f 6651 6039 6645
f 6651 6645 6650
f 6651 6054 6049
f 6651 6049 6039
v 7436.458 -6978.724 527.836
f 6652 6044 6047
f 6652 6047 6048
v 7438.472 -6979.295 530.155
f 6652 6048 6653
v 7436.736 -6979.862 527.625
v 7439.106 -6981.533 529.650
f 6654 6653 6655
f 6654 6652 6653
v 7440.285 -6978.724 532.635
f 6656 6053 6055
f 6656 6048 6053
f 6656 6653 6048
v 7440.552 -6979.862 532.411
f 6657 6655 6653
f 6657 6653 6656
v 7428.952 -6965.009 390.738
v 7431.373 -6965.009 386.832
f 6658 6056 6659
v 7429.203 -6961.996 392.652
v 7428.422 -6964.172 392.201
f 6658 6660 6661
f 6658 6661 6057
v 7431.695 -6963.895 387.040
f 6658 6659 6662
f 6658 6057 6056
v 7427.016 -6963.895 394.916
f 6663 6661 6660
v 7426.679 -6965.009 394.732
f 6664 6057 6661
f 6664 6661 6663
f 6664 6065 6057
f 6664 6070 6065
v 7449.738 -6978.724 542.697
v 7450.971 -6979.295 543.625
v 7451.522 -6981.533 543.031
f 6665 6666 6667
v 7446.463 -6978.724 539.462
f 6665 6668 6060
v 7446.712 -6979.862 539.218
f 6665 6669 6668
f 6665 6064 6666
f 6665 6667 6669
f 6665 6060 6064
v 7451.989 -6978.724 544.785
f 6670 6667 6666
f 6670 6666 6064
f 6670 6064 6069
f 1093 6670 6069
v 7420.778 -6965.009 407.185
v 7422.589 -6965.009 402.961
v 7422.939 -6963.895 403.119
f 6671 6672 6673
v 7420.472 -6964.172 408.710
f 6671 6674 6072
f 6671 6072 6071
f 6671 6071 6672
v 7421.311 -6961.996 409.040
f 6671 6675 6674
f 1092 6670 1093
v 7419.659 -6965.009 410.037
f 6676 6081 6072
f 6676 6072 6674
f 6676 6674 6675
v 7418.477 -6963.895 414.487
f 6677 6676 6675
v 7418.114 -6965.009 414.365
f 6678 6676 6677
f 6678 6081 6676
f 1114 1095 6079
f 1114 6079 6080
v 7465.337 -6979.295 555.082
f 1114 6080 6679
f 1113 1114 6679
v 7465.794 -6981.533 554.413
f 1113 6679 6680
v 7466.516 -6978.724 556.077
f 6681 6679 6080
f 6681 6680 6679
f 6681 6080 6085
v 7415.886 -6963.895 423.273
v 7415.950 -6961.996 426.420
v 7415.071 -6964.172 426.220
f 6682 6683 6684
v 7415.515 -6965.009 423.179
f 6685 6684 6087
f 6685 6086 6095
f 6685 6682 6684
f 6685 6087 6086
v 7470.399 -6978.724 558.551
f 6686 6681 6085
v 7470.581 -6979.862 558.253
f 6687 6681 6686
v 7414.527 -6963.895 429.228
f 6688 6684 6683
v 7414.152 -6965.009 429.152
f 6689 6087 6684
f 6689 6103 6098
f 6689 6098 6087
f 6689 6684 6688
v 7478.429 -6978.724 563.054
f 6690 6090 6096
f 6690 6096 6097
v 7481.251 -6979.295 564.269
f 6690 6097 6691
v 7478.589 -6979.862 562.744
v 7481.602 -6981.533 563.540
f 6692 6691 6693
f 6692 6690 6691
v 7483.960 -6978.724 565.718
f 6694 6102 6104
f 6694 6097 6102
f 6694 6691 6097
v 7484.104 -6979.862 565.399
f 6695 6691 6694
f 6695 6693 6691
v 7412.183 -6965.009 442.790
v 7413.239 -6961.996 444.406
v 7412.340 -6964.172 444.338
f 6696 6697 6698
f 6696 6106 6105
f 6696 6698 6106
v 7412.669 -6965.009 438.221
f 6696 6105 6699
v 7413.049 -6963.895 438.268
f 6696 6699 6700
v 7411.954 -6965.009 445.846
f 6701 6698 6697
f 6701 6106 6698
f 6701 6115 6106
v 7411.753 -6965.009 450.437
v 7412.137 -6963.895 450.446
f 6702 6701 6703
f 6702 6115 6701
v 7496.843 -6978.724 570.681
v 7492.607 -6979.862 568.860
v 7492.488 -6978.724 569.188
f 6704 6705 6706
f 6704 6113 6114
v 7498.356 -6979.295 570.983
f 6704 6114 6707
f 6704 6706 6113
v 7498.595 -6981.533 570.209
f 6704 6707 6708
v 7499.776 -6978.724 571.586
f 6709 6114 6119
f 6709 6707 6114
f 6709 6708 6707
v 7412.251 -6963.895 459.606
v 7413.239 -6961.996 462.594
v 7412.340 -6964.172 462.662
f 6710 6711 6712
v 7411.868 -6965.009 459.625
f 6713 6121 6120
f 6713 6710 6712
f 6713 6120 6129
f 6713 6712 6121
v 7504.216 -6978.724 572.805
f 6714 6709 6119
v 7504.302 -6979.862 572.467
f 6715 6709 6714
v 7412.183 -6965.009 464.210
f 6716 6132 6121
f 6716 6712 6711
f 6716 6121 6712
v 7413.049 -6963.895 468.732
f 6717 6716 6711
v 7412.669 -6965.009 468.779
f 6718 6132 6716
f 6718 6716 6717
v 7513.216 -6978.724 574.742
v 7516.271 -6979.295 575.072
f 6719 6131 6720
f 6719 6130 6131
f 6719 6127 6130
v 7513.277 -6979.862 574.398
v 7516.391 -6981.533 574.271
f 6721 6720 6722
f 6721 6719 6720
v 7517.765 -6978.724 575.457
f 6723 6131 6136
f 6723 6722 6720
f 6723 6720 6131
v 7414.527 -6963.895 477.772
v 7415.950 -6961.996 480.580
v 7415.071 -6964.172 480.780
f 6724 6725 6726
v 7414.152 -6965.009 477.848
f 6727 6138 6137
f 6727 6724 6726
f 6727 6137 6144
f 6727 6726 6138
v 7522.337 -6978.724 576.001
f 6728 6723 6136
v 7522.371 -6979.862 575.653
f 6729 6723 6728
v 7415.146 -6965.009 482.335
f 6730 6147 6138
f 6730 6726 6725
f 6730 6138 6726
v 7416.677 -6963.895 486.677
f 6731 6730 6725
v 7531.521 -6978.149 576.727
f 6732 6146 5510
f 6732 5510 6210
f 6732 6141 6146
v 7416.308 -6965.009 486.781
f 6733 6147 6730
f 6733 6730 6731
v 7531.525 -6978.724 576.574
f 6734 6732 6210
f 6734 6210 6211
v 7531.529 -6979.295 576.407
f 6735 6211 6212
v 7534.595 -6981.533 575.635
f 6735 6212 6736
f 6735 6734 6211
v 7419.486 -6963.895 495.396
v 7421.311 -6961.996 497.960
v 7420.472 -6964.172 498.290
f 6737 6738 6739
v 7419.126 -6965.009 495.527
f 6740 6150 6149
f 6740 6149 6153
f 6740 6739 6150
f 6740 6737 6739
v 7420.778 -6965.009 499.815
f 6741 6154 6150
f 6741 6150 6739
f 6741 6739 6738
v 7422.589 -6965.009 504.039
f 6742 6154 6741
v 7422.939 -6963.895 503.881
f 6742 6741 6743
v 7427.016 -6963.895 512.084
v 7429.203 -6961.996 514.348
v 7428.422 -6964.172 514.799
f 6744 6745 6746
v 7426.679 -6965.009 512.268
f 6747 6156 6160
f 6747 6157 6156
f 6747 6744 6746
f 6747 6746 6157
v 7428.952 -6965.009 516.262
f 6748 6746 6745
f 6748 6161 6157
f 6748 6157 6746
v 7431.695 -6963.895 519.960
f 6749 6748 6745
v 7431.373 -6965.009 520.168
f 6750 6748 6749
f 6750 6161 6748
v 7436.949 -6963.895 527.464
v 7439.449 -6961.996 529.376
v 7438.744 -6964.172 529.938
f 6751 6752 6753
v 7436.643 -6965.009 527.695
f 6754 6753 6164
f 6754 6751 6753
f 6754 6163 6167
f 6754 6164 6163
v 7440.757 -6963.895 532.239
f 6755 6753 6752
v 7440.464 -6965.009 532.485
f 6756 6164 6753
f 6756 6168 6164
f 6756 6753 6755
f 6756 6170 6168
v 7449.899 -6965.009 542.528
v 7451.820 -6961.996 542.709
v 7451.207 -6964.172 543.370
f 6757 6758 6759
v 7446.629 -6965.009 539.299
f 6757 6171 6760
v 7446.904 -6963.895 539.031
f 6757 6760 6761
f 6757 6759 6172
f 6757 6172 6171
v 7452.145 -6965.009 544.612
f 6762 6759 6758
f 6762 6172 6759
f 6762 6175 6172
v 7455.609 -6965.009 547.631
f 6763 6175 6762
v 7455.856 -6963.895 547.337
f 6763 6762 6764
v 7463.088 -6963.895 552.959
v 7466.041 -6961.996 554.050
v 7465.533 -6964.172 554.794
f 6765 6766 6767
v 7462.865 -6965.009 553.270
f 6768 6767 6178
f 6768 6178 6177
f 6768 6765 6767
f 6768 6177 6181
v 7468.135 -6963.895 556.400
f 6769 6767 6766
v 7467.927 -6965.009 556.722
f 6770 6184 6182
f 6770 6178 6767
f 6770 6767 6769
f 6770 6182 6178
v 7479.903 -6965.009 563.537
v 7481.793 -6961.996 563.144
v 7481.402 -6964.172 563.956
f 6771 6772 6773
f 6771 6186 6185
v 7475.827 -6965.009 561.415
f 6771 6185 6774
v 7476.010 -6963.895 561.079
f 6771 6774 6775
f 6771 6773 6186
v 7482.664 -6965.009 564.866
f 6776 6773 6772
f 6776 6189 6186
f 6776 6186 6773
v 7487.013 -6963.895 566.377
f 6777 6776 6772
v 7486.864 -6965.009 566.730
f 6778 6776 6777
f 6778 6189 6776
v 7495.581 -6963.895 569.617
v 7498.724 -6961.996 569.789
v 7498.458 -6964.172 570.650
f 6779 6780 6781
v 7495.459 -6965.009 569.981
f 6782 6779 6781
f 6782 6781 6192
f 6782 6192 6191
f 6782 6191 6195
v 7499.842 -6965.009 571.363
f 6783 6781 6780
f 6783 6192 6781
f 6783 6196 6192
v 7504.273 -6965.009 572.580
f 6784 6196 6783
v 7504.368 -6963.895 572.208
f 6784 6783 6785
v 7513.323 -6963.895 574.135
v 7516.457 -6961.996 573.836
v 7516.322 -6964.172 574.728
f 6786 6787 6788
v 7513.257 -6965.009 574.513
f 6789 6198 6202
f 6789 6199 6198
f 6789 6788 6199
f 6789 6786 6788
v 7517.797 -6965.009 575.226
f 6790 6203 6199
f 6790 6199 6788
v 7522.351 -6965.290 575.856
f 6791 6203 6790
v 7531.529 -6965.290 576.428
v 7534.595 -6964.172 576.097
f 6792 6793 6273
v 7531.525 -6965.856 576.592
f 6794 6792 6273
f 6794 6273 6272
v 7531.521 -6966.426 576.742
f 6795 5598 6205
f 6795 6794 6272
f 6795 6272 5598
f 6795 6205 6207
v 7540.764 -6975.521 577.123
f 6796 5505 5512
f 6796 5503 5505
f 6796 5512 5515
f 6796 5509 5503
f 6796 5515 6213
f 6796 6213 5509
v 7537.634 -6982.079 575.360
f 6797 6736 6212
v 7534.595 -6982.619 575.148
f 6797 6798 6736
f 6797 6212 6209
f 6797 6209 6214
v 7537.627 -6982.619 575.110
v 7534.595 -6983.680 574.607
f 6799 6800 6798
v 7534.595 -6984.712 574.015
f 6799 6801 6800
f 6799 6798 6797
v 7559.121 -6975.521 574.823
f 6802 5519 5522
f 6802 5518 5519
f 6802 6220 5520
f 6802 5520 5518
f 6802 5525 6220
f 6802 5522 5525
v 7551.206 -6982.887 573.877
v 7552.645 -6983.680 573.255
f 6803 6218 6804
v 7546.707 -6982.619 574.543
f 6803 6805 6217
f 6803 6217 6218
v 7555.696 -6982.887 573.171
f 6806 6804 6218
f 6806 6218 6219
f 6806 6219 6221
v 7568.962 -6982.887 570.056
f 6807 6224 6225
v 7564.580 -6982.887 571.260
f 6807 6808 6224
v 7570.292 -6983.680 569.227
f 6807 6225 6809
v 7571.857 -6982.887 569.163
f 6810 6809 6225
f 6810 6225 6227
v 7582.674 -6975.521 567.558
f 6811 5536 6229
f 6811 5529 5533
f 6811 5531 5529
f 6811 5533 5532
f 6811 5532 5536
f 6811 6229 5531
v 7576.156 -6982.887 567.689
f 6812 6810 6227
v 7584.573 -6982.887 564.264
f 6813 6231 6228
v 7587.141 -6983.680 562.614
f 6813 6232 6814
f 6813 6228 6232
v 7599.136 -6975.521 559.118
f 6815 6236 5540
f 6815 5542 5541
f 6815 5539 5542
f 6815 5545 6236
f 6815 5541 5545
f 6815 5540 5539
v 7592.711 -6982.887 560.219
f 6816 6814 6232
f 6816 6232 6234
v 7600.524 -6982.887 555.578
f 6817 6237 6235
f 6817 6235 6239
v 7602.817 -6983.680 553.564
f 6817 6239 6818
v 7614.157 -6975.521 548.319
f 6819 6244 5550
f 6819 5548 5552
f 6819 5550 5548
f 6819 5555 6244
f 6819 5551 5555
f 6819 5552 5551
v 7607.967 -6982.887 550.366
f 6820 6239 6241
f 6820 6818 6239
v 7615.001 -6982.887 544.612
f 6821 6245 6242
f 6821 6242 6246
v 7616.969 -6983.680 542.278
f 6821 6246 6822
v 7618.352 -6982.887 541.541
f 6823 6246 6248
f 6823 6822 6246
v 7627.400 -6975.521 535.402
f 6824 5558 5564
f 6824 5561 5565
f 6824 5565 6251
f 6824 6251 5560
f 6824 5564 5561
f 6824 5560 5558
v 7621.585 -6982.887 538.348
f 6825 6823 6248
v 7627.682 -6982.887 531.610
f 6826 6250 6249
f 6826 6249 6253
v 7629.280 -6983.680 529.009
f 6826 6253 6827
v 7635.094 -6975.521 525.754
f 6828 5571 5570
f 6828 5568 5571
f 6828 6255 5567
f 6828 5570 6255
f 6828 5567 5568
v 7639.066 -6982.887 515.566
f 6829 6259 6260
v 7639.477 -6983.680 514.054
f 6829 6260 6830
v 7636.673 -6982.887 519.429
f 6829 6831 6259
v 7640.581 -6982.887 512.942
f 6832 6260 6262
f 6832 6830 6260
v 7647.418 -6975.521 504.408
f 6833 5579 5577
f 6833 5583 5580
f 6833 5577 5583
f 6833 6266 5579
f 6833 5580 5584
f 6833 5584 6266
v 7642.730 -6982.887 508.938
f 6834 6832 6262
v 7646.570 -6982.887 500.702
f 6835 6263 6265
v 7647.330 -6983.680 497.745
f 6835 6265 6836
f 6835 6267 6263
v 7651.926 -6975.521 492.921
f 6837 5587 5590
f 6837 5590 5592
f 6837 6269 5588
f 6837 5588 5586
f 6837 5586 5587
f 6837 5592 6269
v 7648.784 -6982.887 495.061
f 6838 6265 6268
f 6838 6836 6265
f 6838 6268 6270
v 7536.119 -6963.346 575.775
v 7534.595 -6963.073 575.673
f 6839 6793 6840
f 6839 6273 6793
f 6839 6271 6273
v 7534.595 -6961.996 575.196
f 6839 6840 6841
v 7540.684 -6963.073 575.521
f 6842 6271 6839
v 7540.673 -6962.531 575.289
f 6842 6839 6843
v 7549.695 -6961.466 573.995
v 7552.567 -6959.919 572.739
f 6844 6845 6285
v 7549.757 -6962.531 574.495
f 6846 6283 6281
f 6846 6281 6282
f 6846 6844 6285
f 6846 6285 6283
v 7652.719 -6982.887 482.015
f 6847 6277 6278
v 7652.666 -6983.680 480.449
f 6847 6278 6848
v 7651.570 -6982.887 486.412
f 6847 6849 6277
v 7653.393 -6982.887 479.061
f 6850 6278 6280
f 6850 6848 6278
v 7546.915 -6968.736 576.625
f 6851 6282 5606
f 6851 5512 5505
f 6851 5505 5604
f 6851 5613 5512
f 6851 5606 5613
v 7657.411 -6975.521 468.891
f 6852 5610 5609
f 6852 5614 6290
f 6852 5603 5610
f 6852 5609 5614
f 6852 6290 5605
f 6852 5605 5603
v 7558.696 -6961.863 572.721
f 6853 6284 6285
v 7654.266 -6982.887 474.601
f 6854 6850 6280
v 7567.392 -6960.814 570.070
v 7570.138 -6959.919 568.728
f 6855 6856 6298
f 6855 6298 6294
f 6855 6294 6297
v 7655.508 -6982.887 465.599
v 7655.363 -6983.680 462.550
f 6857 6289 6858
f 6857 6291 6287
f 6857 6287 6289
v 7658.333 -6975.521 456.586
f 6859 5618 5626
f 6859 5629 6293
f 6859 6293 5620
f 6859 5617 5618
f 6859 5620 5617
f 6859 5626 5629
v 7573.162 -6960.814 568.290
f 6860 6298 6856
f 6860 6302 6300
f 6860 6300 6298
v 7565.123 -6968.590 573.392
f 6861 5621 6295
f 6861 5630 5522
f 6861 5622 5630
f 6861 6295 5622
f 6861 5519 5621
f 6861 5522 5519
v 7655.961 -6982.887 459.557
f 6862 6289 6292
f 6862 6858 6289
f 6862 6292 6299
v 7581.633 -6960.814 565.087
v 7586.915 -6959.919 562.144
f 6863 6864 6309
v 7581.841 -6961.863 565.581
f 6865 6309 6308
f 6865 6863 6309
v 7576.909 -6968.590 569.757
f 6866 5636 5633
f 6866 5529 5636
f 6866 5633 6301
f 6866 5647 5533
f 6866 6301 5647
f 6866 5533 5529
v 7657.411 -6975.521 438.109
f 6867 5634 5635
f 6867 6312 5637
f 6867 5637 5634
f 6867 5635 5644
f 6867 5644 5645
f 6867 5645 6312
v 7655.876 -6982.887 445.930
v 7655.363 -6983.680 444.450
f 6868 6306 6869
f 6868 6305 6306
v 7656.074 -6982.887 450.470
f 6868 6870 6305
v 7655.508 -6982.887 441.401
f 6871 6869 6306
f 6871 6307 6313
f 6871 6306 6307
v 7597.738 -6960.814 556.830
v 7602.523 -6959.919 553.132
f 6872 6873 6323
v 7598.018 -6961.863 557.288
f 6874 6323 6322
f 6874 6872 6323
v 7593.763 -6968.590 562.152
f 6875 5650 6316
f 6875 5542 5539
f 6875 5539 5653
f 6875 5653 5650
f 6875 5664 5542
f 6875 6316 5664
v 7653.745 -6975.521 419.976
f 6876 6326 5654
f 6876 5652 5659
f 6876 5651 5652
f 6876 5654 5651
f 6876 5659 5661
f 6876 5661 6326
v 7653.393 -6982.887 427.939
v 7652.666 -6983.680 426.551
f 6877 6320 6878
v 7654.266 -6982.887 432.399
f 6877 6879 6319
f 6877 6319 6320
v 7605.284 -6960.814 551.823
f 6880 6330 6328
f 6880 6323 6873
f 6880 6328 6323
v 7652.355 -6982.887 423.515
f 6881 6321 6327
f 6881 6878 6320
f 6881 6320 6321
v 7612.434 -6960.814 546.265
v 7616.614 -6959.919 541.895
f 6882 6883 6337
v 7612.778 -6961.863 546.676
f 6884 6882 6337
f 6884 6337 6336
v 7609.296 -6968.590 552.120
f 6885 5670 5667
f 6885 5681 5552
f 6885 5667 6329
f 6885 6329 5681
f 6885 5552 5548
f 6885 5548 5670
v 7648.257 -6982.887 410.518
f 6886 6333 6334
v 7647.330 -6983.680 409.255
f 6886 6334 6887
v 7649.784 -6982.887 414.798
f 6886 6888 6333
v 7619.148 -6960.814 540.189
f 6889 6341 6337
f 6889 6337 6883
f 6889 6343 6341
v 7647.150 -6982.887 407.698
f 6890 6887 6334
f 6890 6334 6339
v 7644.740 -6975.521 397.032
f 6891 5672 5669
f 6891 6346 5672
f 6891 5676 5682
f 6891 5682 6346
f 6891 5669 5677
f 6891 5677 5676
v 7645.359 -6982.887 403.521
f 6892 6890 6339
v 7625.390 -6960.814 533.628
v 7628.872 -6959.919 528.684
f 6893 6894 6351
v 7625.792 -6961.863 533.982
f 6895 6893 6351
f 6895 6351 6350
v 7623.160 -6968.590 539.885
f 6896 5687 5684
f 6896 5558 5687
f 6896 5684 6342
f 6896 5694 5564
f 6896 6342 5694
f 6896 5564 5558
v 7641.314 -6982.887 395.384
f 6897 6347 6344
f 6897 6344 6348
v 7639.477 -6983.680 392.946
f 6897 6348 6898
v 7639.066 -6982.887 391.434
f 6899 6348 6353
f 6899 6898 6348
v 7635.094 -6975.521 381.246
f 6900 5686 5698
f 6900 6360 5689
f 6900 5698 5695
f 6900 5695 6360
f 6900 5689 5686
v 7636.673 -6982.887 387.571
f 6901 6899 6353
v 7636.319 -6960.814 519.200
v 7639.025 -6959.919 513.793
f 6902 6903 6365
v 7636.769 -6961.863 519.491
f 6904 6902 6365
f 6904 6365 6364
v 7635.046 -6968.590 525.720
f 6905 5703 5700
f 6905 5568 5703
f 6905 5710 5571
f 6905 5571 5568
f 6905 6357 5710
f 6905 5700 6357
v 7640.944 -6960.814 511.415
f 6906 6369 6365
f 6906 6371 6369
f 6906 6365 6903
v 7628.649 -6982.887 376.556
f 6907 6362 6367
v 7629.280 -6983.680 377.991
f 6907 6908 6362
v 7623.202 -6975.521 367.074
f 6909 5702 5714
f 6909 5711 6375
f 6909 5714 5711
f 6909 5705 5702
f 6909 6375 5705
v 7625.706 -6982.887 373.094
f 6910 6907 6367
v 7644.975 -6960.814 503.305
v 7646.844 -6959.919 497.555
f 6911 6912 6379
v 7645.463 -6961.863 503.526
f 6913 6379 6378
f 6913 6911 6379
v 7644.688 -6968.590 509.942
f 6914 5716 6370
f 6914 6370 5730
f 6914 5583 5577
f 6914 5719 5716
f 6914 5577 5719
f 6914 5730 5583
v 7614.157 -6975.521 358.681
f 6915 6382 5720
f 6915 5728 6382
f 6915 5718 5727
f 6915 5717 5718
f 6915 5720 5717
f 6915 5727 5728
v 7615.001 -6982.887 362.388
f 6916 6373 6377
f 6916 6377 6383
v 7616.969 -6983.680 364.722
f 6916 6917 6373
v 7649.385 -6960.814 492.068
f 6918 6379 6912
v 7649.893 -6961.863 492.238
f 6919 6384 6379
f 6919 6379 6918
v 7651.946 -6960.814 483.381
v 7652.157 -6959.919 480.333
f 6920 6921 6396
f 6920 6392 6394
f 6920 6396 6392
v 7604.294 -6982.887 353.959
v 7607.967 -6982.887 356.634
f 6922 6923 6388
f 6922 6388 6389
v 7602.817 -6983.680 353.436
f 6922 6389 6924
v 7601.791 -6982.887 352.252
f 6925 6389 6391
f 6925 6924 6389
v 7653.689 -6968.590 487.008
f 6926 5587 5738
f 6926 5738 6393
f 6926 5743 5590
f 6926 5740 5743
f 6926 6393 5740
f 6926 5590 5587
v 7593.791 -6975.521 344.796
f 6927 5747 5744
f 6927 5739 5735
f 6927 5735 5747
f 6927 5744 6402
f 6927 6402 5739
v 7653.851 -6960.814 474.528
f 6928 6396 6921
v 7654.379 -6961.863 474.621
f 6929 6397 6396
f 6929 6396 6928
v 7597.958 -6982.887 349.810
f 6930 6925 6391
v 7655.089 -6960.814 465.557
v 7654.843 -6959.919 462.511
f 6931 6932 6410
f 6931 6406 6409
f 6931 6410 6406
v 7582.674 -6975.521 339.442
f 6933 5750 5751
f 6933 5753 5750
f 6933 5760 5759
f 6933 5759 6405
f 6933 5751 5760
f 6933 6405 5753
v 7655.540 -6960.814 459.536
f 6934 6410 6932
f 6934 6412 6410
f 6934 6414 6412
v 7657.353 -6968.590 468.884
f 6935 5603 5754
f 6935 5755 5763
f 6935 5763 5610
f 6935 5754 6408
f 6935 6408 5755
f 6935 5610 5603
v 7584.573 -6982.887 342.736
v 7587.141 -6983.680 344.386
f 6936 6937 6401
f 6936 6401 6404
f 6936 6404 6411
v 7655.653 -6960.814 450.481
v 7654.843 -6959.919 444.489
f 6938 6939 6421
v 7656.189 -6961.863 450.468
f 6940 6421 6420
f 6940 6938 6421
v 7658.274 -6968.590 456.584
f 6941 5780 5626
f 6941 5769 5766
f 6941 5618 5769
f 6941 5766 6413
f 6941 5626 5618
f 6941 6413 5780
v 7571.857 -6982.887 337.837
v 7576.156 -6982.887 339.311
f 6942 6943 6417
v 7570.292 -6983.680 337.773
f 6942 6418 6944
f 6942 6417 6418
v 7568.962 -6982.887 336.944
f 6945 6944 6418
f 6945 6418 6423
v 7559.121 -6975.521 332.177
f 6946 6430 5771
f 6946 5781 6430
f 6946 5768 5776
f 6946 5771 5768
f 6946 5776 5775
f 6946 5775 5781
v 7654.751 -6960.814 438.442
f 6947 6421 6939
v 7655.283 -6961.863 438.376
f 6948 6425 6421
f 6948 6421 6947
v 7564.580 -6982.887 335.740
f 6949 6945 6423
v 7653.290 -6960.814 429.505
f 6950 6438 6434
f 6950 6434 6436
v 7652.157 -6959.919 426.667
f 6950 6951 6438
v 7555.696 -6982.887 333.829
f 6952 6431 6427
f 6952 6427 6429
v 7552.645 -6983.680 333.745
f 6952 6429 6953
v 7546.919 -6975.521 330.338
f 6954 5787 5784
f 6954 6433 5787
f 6954 5794 5793
f 6954 5793 6433
f 6954 5785 5794
f 6954 5784 5785
v 7651.946 -6960.814 423.619
f 6955 6442 6440
f 6955 6440 6438
f 6955 6438 6951
v 7656.433 -6968.590 432.017
f 6956 5797 5644
f 6956 6435 5789
f 6956 5789 5797
f 6956 5788 6435
f 6956 5635 5788
f 6956 5644 5635
v 7549.705 -6982.887 332.925
f 6957 6432 6439
f 6957 6429 6432
f 6957 6953 6429
v 7649.385 -6960.814 414.932
v 7646.844 -6959.919 409.445
f 6958 6959 6449
v 7649.893 -6961.863 414.762
f 6960 6449 6448
f 6960 6958 6449
v 7653.689 -6968.590 419.992
f 6961 5803 5800
f 6961 5810 5659
f 6961 5652 5803
f 6961 5800 6441
f 6961 6441 5810
f 6961 5659 5652
v 7536.109 -6982.887 331.992
f 6962 6445 6446
v 7534.595 -6983.680 332.393
f 6962 6446 6963
v 7540.652 -6982.887 332.133
f 6962 6964 6445
v 7646.182 -6960.814 406.462
f 6965 6449 6959
f 6965 6455 6453
f 6965 6453 6449
v 7533.080 -6982.887 331.992
f 6966 6963 6446
f 6966 6446 6451
v 7522.270 -6975.521 330.338
f 6967 5811 6457
f 6967 5805 5802
f 6967 5815 5811
f 6967 5802 5815
f 6967 6457 5805
v 7528.537 -6982.887 332.133
f 6968 6966 6451
v 7642.355 -6960.814 398.255
v 7639.025 -6959.919 393.207
f 6969 6970 6463
v 7642.832 -6961.863 398.010
f 6971 6969 6463
f 6971 6463 6462
v 7647.364 -6968.590 402.616
f 6972 5819 5816
f 6972 5669 5819
f 6972 5830 5677
f 6972 5816 6454
f 6972 6454 5830
f 6972 5677 5669
v 7510.069 -6975.521 332.177
f 6973 5820 5817
f 6973 5817 5818
f 6973 5828 5827
f 6973 6466 5820
f 6973 5818 5828
v 7513.493 -6982.887 333.829
f 6974 6461 6467
v 7516.544 -6983.680 333.745
f 6974 6975 6459
f 6974 6459 6461
v 7636.319 -6960.814 387.800
f 6976 6463 6970
v 7636.769 -6961.863 387.509
f 6977 6463 6976
f 6977 6468 6463
v 7631.124 -6960.814 380.382
f 6978 6476 6480
f 6978 6477 6476
v 7628.872 -6959.919 378.316
f 6978 6979 6477
v 7492.260 -6975.521 337.188
f 6980 5837 5834
f 6980 6475 5837
f 6980 5835 5845
f 6980 5846 6475
f 6980 5834 5835
f 6980 5845 5846
v 7500.227 -6982.887 336.944
f 6981 6472 6473
v 7498.898 -6983.680 337.773
f 6981 6473 6982
v 7627.360 -6960.814 375.661
f 6983 6482 6477
f 6983 6484 6482
f 6983 6477 6979
v 7635.046 -6968.590 381.280
f 6984 5847 5698
f 6984 5839 5847
f 6984 6479 5839
f 6984 5838 6479
f 6984 5686 5838
f 6984 5698 5686
v 7495.893 -6982.887 338.310
f 6985 6473 6474
f 6985 6982 6473
f 6985 6474 6481
v 7621.283 -6960.814 368.946
v 7616.614 -6959.919 365.105
f 6986 6987 6491
v 7621.667 -6961.863 368.572
f 6988 6986 6491
f 6988 6491 6490
v 7627.356 -6968.590 371.637
f 6989 5853 5850
f 6989 5702 5853
f 6989 5860 5714
f 6989 5850 6483
f 6989 6483 5860
f 6989 5714 5702
v 7483.239 -6982.887 343.368
f 6990 6487 6488
v 7482.048 -6983.680 344.386
f 6990 6488 6991
v 7487.393 -6982.887 341.524
f 6990 6992 6487
v 7480.509 -6982.887 344.682
f 6993 6488 6493
f 6993 6991 6488
v 7470.053 -6975.521 347.882
f 6994 5855 5852
f 6994 5861 6500
f 6994 5865 5861
f 6994 6500 5855
f 6994 5852 5865
v 7612.434 -6960.814 360.735
f 6995 6491 6987
v 7612.778 -6961.863 360.324
f 6996 6495 6491
f 6996 6491 6995
v 7476.478 -6982.887 346.781
f 6997 6993 6493
v 7605.284 -6960.814 355.177
f 6998 6505 6504
v 7602.523 -6959.919 353.868
f 6998 6999 6505
f 6998 6504 6508
v 7464.895 -6982.887 353.959
v 7466.372 -6983.680 353.436
f 7000 7001 6498
f 7000 6498 6503
v 7609.296 -6968.590 354.880
f 7002 5727 5718
f 7002 6507 5873
f 7002 5876 5727
f 7002 5873 5876
f 7002 5871 6507
f 7002 5718 5871
v 7455.032 -6975.521 358.681
f 7003 5881 5877
f 7003 5877 6513
f 7003 5872 5868
f 7003 5868 5881
f 7003 6513 5872
v 7597.738 -6960.814 350.170
f 7004 6505 6999
v 7598.018 -6961.863 349.712
f 7005 6509 6505
f 7005 6505 7004
v 7461.222 -6982.887 356.634
f 7006 7000 6503
v 7589.840 -6960.814 345.740
f 7007 6518 6521
f 7007 6522 6518
v 7586.915 -6959.919 344.856
f 7007 7008 6522
v 7584.400 -6960.814 343.120
f 7009 6525 6523
f 7009 6523 6522
f 7009 6522 7008
v 7450.838 -6982.887 365.459
f 7010 6514 6517
v 7452.221 -6983.680 364.722
f 7010 7011 6514
v 7593.763 -6968.590 344.848
f 7012 5747 5735
f 7012 6519 5889
f 7012 5735 5887
f 7012 5887 6519
f 7012 5896 5747
f 7012 5889 5896
v 7441.789 -6975.521 371.598
f 7013 5888 5884
f 7013 6529 5888
f 7013 5884 5895
f 7013 5895 5892
f 7013 5892 5897
f 7013 5897 6529
v 7447.604 -6982.887 368.652
f 7014 7010 6517
v 7576.012 -6960.814 339.707
v 7570.138 -6959.919 338.272
f 7015 7016 6533
v 7576.195 -6961.863 339.203
f 7017 7015 6533
f 7017 6533 6532
v 7582.651 -6968.590 339.497
f 7018 5902 5899
f 7018 5909 5760
f 7018 5760 5751
f 7018 5899 6524
f 7018 6524 5909
f 7018 5751 5902
v 7441.507 -6982.887 375.390
v 7439.909 -6983.680 377.991
f 7019 6530 7020
f 7019 6526 6530
f 7019 6528 6526
v 7438.651 -6982.887 378.925
f 7021 6530 6535
f 7021 7020 6530
v 7430.619 -6975.521 386.345
f 7022 5904 5901
f 7022 5914 5910
f 7022 5910 6542
f 7022 6542 5904
f 7022 5901 5914
v 7435.930 -6982.887 382.565
f 7023 7021 6535
v 7558.589 -6960.814 334.805
v 7552.567 -6959.919 334.261
f 7024 7025 6547
v 7558.696 -6961.863 334.279
f 7026 7024 6547
f 7026 6547 6546
v 7565.123 -6968.590 333.608
f 7027 5918 5915
f 7027 5776 5768
f 7027 5915 6539
f 7027 5768 5918
f 7027 6539 5929
f 7027 5929 5776
v 7424.449 -6975.521 397.032
f 7028 5916 5917
f 7028 5927 5926
f 7028 5919 5916
f 7028 6550 5919
f 7028 5917 5927
v 7427.875 -6982.887 395.384
f 7029 6543 6545
v 7429.713 -6983.680 392.946
f 7029 7030 6543
f 7029 6545 6551
v 7546.705 -6961.863 332.472
f 7031 6547 7025
f 7031 6552 6547
v 7537.614 -6960.814 332.441
f 7032 6560 6564
v 7534.595 -6959.919 332.915
f 7032 7033 6562
f 7032 6562 6560
v 7417.263 -6975.521 414.079
f 7034 6559 5936
f 7034 5936 5933
f 7034 5945 5944
f 7034 5944 6559
f 7034 5933 5934
f 7034 5934 5945
v 7422.039 -6982.887 407.698
v 7421.859 -6983.680 409.255
f 7035 6557 7036
f 7035 6556 6557
v 7540.761 -6968.590 329.936
f 7037 6561 5938
f 7037 5794 5785
f 7037 5785 5937
f 7037 5937 6561
f 7037 5946 5794
f 7037 5938 5946
v 7420.405 -6982.887 411.939
f 7038 7036 6557
f 7038 6558 6565
f 7038 6557 6558
v 7522.537 -6960.814 333.005
v 7516.622 -6959.919 334.261
f 7039 7040 6575
v 7522.484 -6961.863 332.472
f 7041 7039 6575
f 7041 6575 6574
v 7528.428 -6968.590 329.936
f 7042 5815 5802
f 7042 6568 5963
f 7042 5802 5952
f 7042 5952 5949
f 7042 5949 6568
f 7042 5963 5815
v 7412.698 -6975.521 432.006
f 7043 6578 5953
f 7043 5950 5951
f 7043 5953 5950
f 7043 5951 5960
f 7043 5960 5961
v 7416.470 -6982.887 424.985
v 7417.619 -6982.887 420.588
f 7044 7045 6571
f 7044 6571 6572
v 7416.524 -6983.680 426.551
f 7044 6572 7046
v 7513.566 -6960.814 334.243
f 7047 6575 7040
f 7047 6580 6575
f 7047 6582 6580
v 7415.486 -6982.887 429.422
f 7048 6573 6579
f 7048 7046 6572
f 7048 6572 6573
v 7504.713 -6960.814 336.148
v 7499.051 -6959.919 338.272
f 7049 7050 6589
v 7504.581 -6961.863 335.629
f 7051 6589 6588
f 7051 7049 6589
v 7510.080 -6968.590 332.235
f 7052 5969 5966
f 7052 5818 5969
f 7052 5828 5818
f 7052 5980 5828
f 7052 5966 6581
f 7052 6581 5980
v 7410.856 -6975.521 450.414
f 7053 5970 5967
f 7053 5967 5968
f 7053 5976 5975
f 7053 6592 5970
f 7053 5968 5976
v 7413.539 -6982.887 442.909
f 7054 6585 6586
v 7413.826 -6983.680 444.450
f 7054 6586 7055
v 7413.228 -6982.887 447.443
f 7056 7055 6586
f 7056 6587 6593
f 7056 6586 6587
v 7492.994 -6961.863 339.203
f 7057 6594 6589
f 7057 6589 7050
v 7484.789 -6960.814 343.120
v 7482.275 -6959.919 344.856
f 7058 7059 6606
f 7058 6602 6605
f 7058 6606 6602
v 7413.313 -6982.887 461.070
v 7413.826 -6983.680 462.550
f 7060 6599 7061
f 7060 6598 6599
v 7413.539 -6982.887 464.091
f 7062 7061 6599
f 7062 6599 6601
v 7486.538 -6968.590 339.497
f 7063 5845 5835
f 7063 5993 5845
f 7063 5990 5993
f 7063 5835 5988
f 7063 5988 6604
f 7063 6604 5990
v 7412.698 -6975.521 474.994
f 7064 5989 5985
f 7064 6614 5989
f 7064 5994 6614
f 7064 5998 5994
f 7064 5985 5998
v 7414.020 -6982.887 468.610
f 7065 7062 6601
v 7471.451 -6960.814 350.170
v 7466.666 -6959.919 353.868
f 7066 7067 6617
v 7471.171 -6961.863 349.712
f 7068 7066 6617
f 7068 6617 6616
v 7475.426 -6968.590 344.848
f 7069 6009 5865
f 7069 6609 6009
f 7069 5999 6609
f 7069 5865 5852
f 7069 5852 6002
f 7069 6002 5999
v 7463.905 -6960.814 355.177
f 7070 6617 7067
f 7070 6623 6621
f 7070 6621 6617
v 7416.470 -6982.887 482.015
v 7416.524 -6983.680 480.449
f 7071 7072 6611
f 7071 6611 6619
v 7417.263 -6975.521 492.921
f 7073 6001 6011
f 7073 6010 6626
f 7073 6004 6001
f 7073 6011 6010
f 7073 6626 6004
v 7417.619 -6982.887 486.412
f 7074 7071 6619
v 7456.755 -6960.814 360.735
v 7452.576 -6959.919 365.105
f 7075 7076 6631
v 7456.411 -6961.863 360.324
f 7077 7075 6631
f 7077 6631 6630
v 7459.893 -6968.590 354.880
f 7078 6622 6029
f 7078 5881 5868
f 7078 6015 6622
f 7078 6029 5881
f 7078 6018 6015
f 7078 5868 6018
v 7421.771 -6975.521 504.408
f 7079 6019 6016
f 7079 6017 6024
f 7079 6634 6019
f 7079 6016 6017
f 7079 6024 6027
v 7422.619 -6982.887 500.702
f 7080 6627 6629
v 7421.859 -6983.680 497.745
f 7080 7081 6627
f 7080 6629 6635
v 7447.522 -6961.863 368.572
f 7082 6631 7076
f 7082 6636 6631
v 7441.829 -6960.814 375.661
v 7440.317 -6959.919 378.316
f 7083 7084 6647
f 7083 6644 6648
f 7083 6647 6644
v 7430.619 -6975.521 520.655
f 7085 6034 6042
f 7085 6036 6033
f 7085 6042 6044
f 7085 6044 6643
f 7085 6643 6036
f 7085 6033 6034
v 7428.608 -6982.887 512.942
f 7086 6640 6641
v 7429.713 -6983.680 514.054
f 7086 6641 7087
v 7441.833 -6968.590 371.637
f 7088 6038 6046
f 7088 5895 5884
f 7088 5884 6037
f 7088 6646 6038
f 7088 6046 5895
f 7088 6037 6646
v 7430.905 -6982.887 516.864
f 7089 6641 6642
f 7089 6642 6649
f 7089 7087 6641
v 7435.837 -6961.863 382.498
f 7090 6647 7084
f 7090 6650 6647
v 7431.264 -6960.814 390.356
v 7430.164 -6959.919 393.207
f 7091 7092 6660
f 7091 6660 6658
f 7091 6658 6662
v 7438.651 -6982.887 528.075
v 7439.909 -6983.680 529.009
f 7093 6655 7094
f 7093 6654 6655
f 7093 1054 6654
v 7440.540 -6982.887 530.444
f 7095 7094 6655
f 7095 6655 6657
v 7430.668 -6968.590 386.377
f 7096 6054 6659
f 7096 6659 6056
f 7096 5914 5901
f 7096 5901 6054
f 7096 6059 5914
f 7096 6056 6059
v 7445.987 -6975.521 539.926
f 7097 6051 6061
f 7097 6061 6060
f 7097 6060 6668
f 7097 6055 6051
f 7097 6668 6055
f 1061 6660 7092
v 7426.357 -6961.863 398.010
f 7098 6663 6660
f 7098 6660 1061
f 1076 7095 6657
v 7423.007 -6960.814 406.462
f 7099 6675 6671
f 7099 6671 6673
v 7422.345 -6959.919 409.445
f 7099 7100 6675
f 1094 6067 6075
f 1094 6069 6066
f 1094 6066 6067
f 1094 1093 6069
f 1094 6075 1095
v 7421.825 -6968.590 402.616
f 7101 6071 6078
f 7101 5917 6070
f 7101 5927 5917
f 7101 6070 6672
f 7101 6078 5927
f 7101 6672 6071
f 1110 6670 1092
f 1110 6667 6670
v 7452.221 -6983.680 542.278
f 1110 7102 6667
f 1099 1140 6683
v 7417.508 -6961.863 420.557
f 7103 1099 6683
f 7103 6683 6682
v 7417.319 -6968.590 414.097
f 7104 5934 6084
f 7104 6095 5945
f 7104 5945 5934
f 7104 6084 6081
f 7104 6678 6095
f 7104 6081 6678
v 7470.053 -6975.521 559.118
f 7105 6091 6090
f 7105 6085 6082
f 7105 6083 6091
f 7105 6082 6083
f 7105 6090 6686
f 7105 6686 6085
f 1126 6680 1132
f 1126 1113 6680
v 7468.666 -6982.887 555.578
f 7106 1132 6680
f 7106 6680 6681
f 7106 6681 6687
f 1139 6688 6683
f 1139 6683 1140
v 7414.100 -6960.814 441.443
f 7107 6696 6700
f 7107 6697 6696
v 7414.346 -6959.919 444.489
f 7107 7108 6697
v 7480.509 -6982.887 562.318
f 7109 1159 6692
v 7482.048 -6983.680 562.614
f 7109 6693 7110
f 7109 6692 6693
v 7413.649 -6960.814 447.464
f 7111 6703 6701
f 7111 6701 6697
f 7111 6697 7108
v 7483.239 -6982.887 563.632
f 7112 6693 6695
f 7112 7110 6693
v 7411.837 -6968.590 438.116
f 7113 5960 5951
f 7113 5951 6103
f 7113 6112 5960
f 7113 6105 6112
f 7113 6699 6105
f 7113 6103 6699
v 7492.260 -6975.521 569.812
f 7114 6706 6104
f 7114 6100 6109
f 7114 6113 6706
f 7114 6104 6100
f 7114 6108 6113
f 7114 6109 6108
f 1186 7112 6695
v 7414.346 -6959.919 462.511
f 1173 7115 6711
v 7413.000 -6961.863 456.532
f 7116 6711 6710
f 7116 1173 6711
v 7410.915 -6968.590 450.416
f 7117 6115 6702
f 7117 6702 6129
f 7117 6118 6115
f 7117 5976 5968
f 7117 6129 5976
f 7117 5968 6118
v 7495.893 -6982.887 568.690
f 7118 6705 6704
f 7118 6704 6708
v 7498.898 -6983.680 569.227
f 7118 6708 7119
v 7504.052 -6975.521 573.450
f 7120 6117 6124
f 7120 6127 6714
f 7120 6116 6117
f 7120 6124 6127
f 7120 6119 6116
f 7120 6714 6119
v 7501.683 -6982.887 570.476
f 7121 7119 6708
f 7121 6709 6715
f 7121 6708 6709
v 7417.032 -6959.919 480.333
f 1199 7122 6725
v 7414.810 -6961.863 474.621
f 7123 6725 6724
f 7123 1199 6725
v 7411.837 -6968.590 468.884
f 7124 6132 6718
f 7124 6135 6132
f 7124 6144 5998
f 7124 5998 5985
f 7124 6718 6144
f 7124 5985 6135
v 7522.270 -6975.521 576.662
f 7125 6142 6141
f 7125 6136 6133
f 7125 6134 6142
f 7125 6133 6134
f 7125 6728 6136
f 7125 6141 6728
v 7514.987 -6982.887 573.425
f 7126 6721 6722
v 7516.544 -6983.680 573.255
f 7126 6722 7127
f 7126 1216 6721
v 7519.485 -6982.887 574.075
f 7128 7127 6722
f 7128 6722 6723
f 7128 6723 6729
v 7422.345 -6959.919 497.555
f 1231 7129 6738
v 7528.525 -6982.350 575.123
f 7130 6735 6736
f 7130 6736 6798
v 7419.296 -6961.863 492.238
f 7131 6738 6737
f 7131 1231 6738
v 7528.537 -6982.887 574.867
f 7132 7130 6798
f 1245 6798 6800
f 1245 7132 6798
v 7415.500 -6968.590 487.008
f 7133 6153 6011
f 7133 6148 6147
f 7133 6011 6001
f 7133 6733 6153
f 7133 6001 6148
f 7133 6147 6733
v 7423.007 -6960.814 500.538
f 7134 6738 7129
f 7134 6741 6738
f 7134 6743 6741
v 7430.164 -6959.919 513.793
f 1257 7135 6745
v 7426.357 -6961.863 508.990
f 7136 1257 6745
f 7136 6745 6744
v 7421.825 -6968.590 504.384
f 7137 6742 6160
f 7137 6160 6024
f 7137 6154 6742
f 7137 6017 6155
f 7137 6024 6017
f 7137 6155 6154
f 1280 1296 6752
v 7435.837 -6961.863 524.502
f 7138 1280 6752
f 7138 6752 6751
v 7430.668 -6968.590 520.623
f 7139 6161 6750
f 7139 6750 6167
f 7139 6042 6034
f 7139 6167 6042
f 7139 6034 6162
f 7139 6162 6161
f 1295 6755 6752
f 1295 6752 1296
v 7450.041 -6960.814 540.189
f 7140 6758 6757
f 7140 6757 6761
v 7452.576 -6959.919 541.895
f 7140 7141 6758
v 7454.467 -6960.814 544.296
f 7142 6764 6762
f 7142 6758 7141
f 7142 6762 6758
v 7446.029 -6968.590 539.885
f 7143 6760 6171
f 7143 6170 6760
f 7143 6061 6051
f 7143 6174 6061
f 7143 6171 6174
f 7143 6051 6170
v 7466.666 -6959.919 553.132
f 1316 7144 6766
v 7461.152 -6961.863 550.457
f 7145 6766 6765
f 7145 1316 6766
v 7455.070 -6968.590 548.274
f 7146 6181 6075
f 7146 6175 6763
f 7146 6763 6181
f 7146 6075 6067
f 7146 6176 6175
f 7146 6067 6176
f 1329 6766 7144
v 7471.171 -6961.863 557.288
f 7147 6769 6766
f 7147 6766 1329
v 7479.349 -6960.814 561.260
v 7482.275 -6959.919 562.144
f 7148 7149 6772
f 7148 6772 6771
f 7148 6771 6775
v 7475.426 -6968.590 562.152
f 7150 6185 6188
f 7150 6188 6091
f 7150 6184 6774
f 7150 6083 6184
f 7150 6774 6185
f 7150 6091 6083
v 7499.051 -6959.919 568.728
f 1344 7151 6780
v 7492.994 -6961.863 567.797
f 7152 6780 6779
f 7152 1344 6780
v 7486.538 -6968.590 567.503
f 7153 6778 6195
f 7153 6190 6189
f 7153 6100 6190
f 7153 6109 6100
f 7153 6189 6778
f 7153 6195 6109
v 7501.797 -6960.814 570.070
f 7154 6783 6780
f 7154 6780 7151
f 7154 6785 6783
v 7516.622 -6959.919 572.739
f 1356 7155 6787
v 7510.494 -6961.863 572.721
f 7156 6787 6786
f 7156 1356 6787
v 7504.066 -6968.590 573.392
f 7157 6784 6202
f 7157 6197 6196
f 7157 6117 6197
f 7157 6202 6124
f 7157 6124 6117
f 7157 6196 6784
v 7519.495 -6961.466 573.995
f 7158 6787 7155
v 7519.432 -6962.531 574.495
f 7159 6790 6788
f 7159 6791 6790
f 7159 6787 7158
f 7159 6788 6787
v 7522.274 -6968.736 576.625
f 7160 6204 6203
f 7160 6134 6204
f 7160 6142 6134
f 7160 6207 6142
f 7160 6203 6791
v 7533.074 -6962.531 575.432
f 7161 6793 6792
v 7528.516 -6962.531 575.289
f 7161 6792 7162
v 7534.595 -6960.944 574.666
f 7161 7163 6841
f 7161 6841 6840
f 7161 6840 6793
f 7161 7162 1372
v 7546.836 -6979.295 575.834
f 7164 6217 6805
f 7164 5515 6215
f 7164 6213 5515
f 7164 6214 6213
f 7164 6215 6217
f 1381 6801 6799
v 7534.595 -6985.714 573.372
f 1381 7165 6801
v 7549.541 -6985.217 572.767
f 7166 6805 6803
f 7166 6803 6804
v 7552.461 -6985.714 572.033
f 7166 6804 7167
v 7549.458 -6986.203 572.105
f 7168 7166 7167
v 7552.247 -6987.616 570.619
f 7168 7167 7169
v 7553.977 -6985.342 572.045
f 7170 7167 6804
f 7170 7169 7167
f 7170 6804 6806
v 7564.921 -6979.437 572.600
f 7171 6808 6221
f 7171 6224 6808
f 7171 6220 5525
f 7171 6221 6220
f 7171 5525 6222
f 7171 6222 6224
v 7558.396 -6985.342 571.237
f 7172 7170 6806
v 7558.262 -6986.324 570.577
f 7173 7170 7172
v 7567.128 -6985.342 569.130
v 7569.928 -6985.714 568.047
f 7174 6809 7175
f 7174 6808 6807
f 7174 6807 6809
v 7566.945 -6986.324 568.481
f 7176 7174 7175
v 7569.506 -6987.616 566.680
f 7176 7175 7177
v 7576.629 -6979.437 568.989
f 7178 6227 6226
f 7178 6812 6227
f 7178 6231 6812
f 7178 6229 6231
f 7178 6226 5531
f 7178 5531 6229
v 7572.851 -6985.342 567.364
f 7179 7175 6809
f 7179 6809 6810
f 7179 6810 6812
v 7572.636 -6986.324 566.726
f 7180 7175 7179
f 7180 7177 7175
v 7585.359 -6985.342 562.365
v 7586.605 -6985.714 561.501
f 7181 6814 7182
f 7181 6813 6814
v 7580.991 -6986.324 563.566
v 7581.253 -6985.342 564.187
f 7181 7183 7184
f 7181 7184 6813
v 7585.984 -6987.616 560.212
f 7181 7182 7185
v 7593.372 -6979.437 561.434
f 7186 5540 6236
f 7186 6236 6237
f 7186 6816 6234
f 7186 6233 5540
f 7186 6237 6816
f 7186 6234 6233
v 7589.394 -6985.342 560.391
f 7187 7182 6814
f 7187 6814 6816
v 7589.087 -6986.324 559.791
f 7188 7182 7187
f 7188 7185 7182
v 7601.018 -6985.342 553.583
v 7602.121 -6985.714 552.543
v 7601.315 -6987.616 551.361
f 7189 7190 7191
v 7597.229 -6985.342 555.997
f 7189 7192 6817
f 7189 6818 7190
f 7189 6817 6818
v 7596.878 -6986.324 555.422
f 7189 7193 7192
v 7608.803 -6979.437 551.468
f 7194 5550 6244
f 7194 6241 6240
f 7194 6240 5550
f 7194 6244 6245
f 7194 6820 6241
f 7194 6245 6820
v 7604.713 -6985.342 551.029
f 7195 6818 6820
f 7195 7190 6818
v 7604.320 -6986.324 550.482
f 7196 7191 7190
f 7196 7190 7195
v 7615.192 -6985.342 542.565
v 7611.373 -6986.324 545.001
v 7611.806 -6985.342 545.517
f 7197 7198 7199
v 7616.128 -6985.714 541.373
v 7615.155 -6987.616 540.324
f 7197 7200 7201
f 7197 6822 7200
f 7197 6821 6822
f 7197 7199 6821
v 7622.575 -6979.437 539.314
f 7202 6251 6250
f 7202 6247 5560
f 7202 6248 6247
f 7202 5560 6251
f 7202 6825 6248
f 7202 6250 6825
v 7618.466 -6985.342 539.489
f 7203 7200 6822
f 7203 6822 6823
f 7203 6823 6825
v 7617.996 -6986.324 539.007
f 7204 7200 7203
f 7204 7201 7200
v 7627.567 -6985.342 529.558
v 7624.153 -6986.324 532.535
v 7624.658 -6985.342 532.981
f 7205 7206 7207
v 7628.314 -6985.714 528.239
v 7627.196 -6987.616 527.347
f 7205 7208 7209
f 7205 7207 6826
f 7205 6826 6827
f 7205 6827 7208
v 7637.834 -6979.437 520.179
f 7210 6255 5570
f 7210 6831 6256
f 7210 6256 6255
f 7210 5570 6257
f 7210 6257 6259
f 7210 6259 6831
v 7632.124 -6985.342 523.619
f 7211 7208 6827
v 7631.577 -6986.324 523.226
f 7212 7208 7211
v 7637.091 -6985.342 516.134
v 7638.407 -6985.714 513.436
f 7213 6830 7214
f 7213 6829 6830
f 7213 6831 6829
v 7636.516 -6986.324 515.783
v 7637.168 -6987.616 512.721
f 7215 7214 7216
f 7215 7213 7214
v 7643.961 -6979.437 509.569
f 7217 6834 6262
f 7217 5579 6266
f 7217 6262 6261
f 7217 6266 6267
f 7217 6267 6834
f 7217 6261 5579
v 7640.086 -6985.342 510.947
f 7218 7214 6830
f 7218 6830 6832
f 7218 6832 6834
v 7639.494 -6986.324 510.625
f 7219 7216 7214
f 7219 7214 7218
v 7537.589 -6959.169 573.580
v 7534.595 -6958.924 573.455
v 7534.595 -6957.960 572.777
f 7220 7221 7222
v 7537.597 -6959.667 573.895
f 7223 7221 7220
v 7534.595 -6959.919 574.085
f 7223 7224 7221
v 7537.605 -6960.172 574.198
f 7225 6839 6841
f 7225 7224 7223
f 7225 6843 6839
f 7225 7163 7224
f 7225 6841 7163
v 7645.855 -6985.342 498.775
f 7226 6835 6836
v 7646.180 -6985.714 497.294
v 7644.849 -6987.616 496.772
f 7226 7227 7228
v 7643.470 -6986.324 502.626
v 7644.084 -6985.342 502.903
f 7226 7229 7230
f 7226 7230 6835
f 7226 6836 7227
v 7646.949 -6985.342 495.987
f 7231 6836 6838
f 7231 7228 7227
f 7231 7227 6836
v 7652.902 -6979.437 486.786
f 7232 5592 6275
f 7232 6849 6270
f 7232 6277 6849
f 7232 6269 5592
f 7232 6270 6269
f 7232 6275 6277
v 7648.459 -6985.342 491.756
f 7233 7231 6838
v 7647.820 -6986.324 491.542
f 7234 7231 7233
v 7540.732 -6965.856 576.478
f 7235 6282 6851
f 7235 6842 6282
f 7235 6271 6842
f 7235 6851 5604
f 7235 5604 6274
f 7235 6274 6271
v 7550.970 -6958.680 572.166
f 7236 6845 6844
v 7552.372 -6957.960 571.445
f 7236 7237 6845
f 7236 6844 1479
v 7555.417 -6958.862 571.593
f 7238 6853 6285
f 7238 6845 7237
f 7238 6285 6845
v 7650.999 -6985.342 483.140
f 7239 6847 6848
f 7239 6849 6847
v 7651.461 -6985.714 480.174
f 7239 6848 7240
v 7650.347 -6986.324 482.974
v 7650.067 -6987.616 479.856
f 7241 7240 7242
f 7241 7239 7240
v 7655.628 -6979.437 474.841
f 7243 6280 6279
f 7243 6290 6291
f 7243 6854 6280
f 7243 6291 6854
f 7243 5605 6290
f 7243 6279 5605
v 7652.332 -6985.342 477.301
f 7244 6850 6854
f 7244 6848 6850
f 7244 7240 6848
v 7651.672 -6986.324 477.168
f 7245 7242 7240
f 7245 7240 7244
v 7558.938 -6964.939 573.921
f 7246 5621 6286
f 7246 6284 6853
f 7246 6286 6284
f 7246 6295 5621
f 7246 6853 6297
f 7246 6297 6295
v 7568.414 -6958.378 568.197
f 7247 6856 6855
v 7569.752 -6957.960 567.478
f 7247 7248 6856
f 7247 6855 1509
v 7571.263 -6958.378 567.319
f 7249 6860 6856
v 7569.312 -6956.140 566.050
f 7249 7248 7250
f 7249 6856 7248
v 7575.493 -6958.378 565.868
v 7575.252 -6957.434 565.206
f 7251 7249 7252
f 7251 6860 7249
v 7654.257 -6985.342 463.969
v 7653.781 -6985.342 468.436
f 7253 7254 6857
v 7653.113 -6986.324 468.352
f 7253 7255 7254
f 7253 6857 6858
v 7654.132 -6985.714 462.458
f 7253 6858 7256
v 7652.705 -6987.616 462.351
f 7253 7256 7257
v 7654.480 -6985.342 460.983
f 7258 7256 6858
f 7258 7257 7256
f 7258 6858 6862
v 7657.457 -6979.437 450.436
f 7259 5629 6303
f 7259 6293 5629
f 7259 6299 6293
f 7259 6870 6299
f 7259 6303 6305
f 7259 6305 6870
v 7583.486 -6957.434 561.855
v 7585.699 -6956.140 559.619
v 7586.347 -6957.960 560.965
f 7260 7261 7262
v 7654.676 -6985.342 456.495
f 7263 7258 6862
v 7583.776 -6958.378 562.497
f 7264 7260 7262
f 7264 6864 6863
f 7264 7262 6864
v 7654.003 -6986.324 456.478
f 7265 7258 7263
v 7582.317 -6964.939 566.710
f 7266 6302 6865
f 7266 6865 6308
f 7266 6301 6302
f 7266 5647 6301
f 7266 6308 6311
f 7266 6311 5647
v 7654.564 -6985.342 447.513
f 7267 6868 6869
f 7267 6870 6868
v 7654.132 -6985.714 444.542
f 7267 6869 7268
v 7591.784 -6958.378 558.517
v 7591.447 -6957.434 557.899
f 7269 7262 7270
f 7269 6864 7262
v 7653.892 -6986.324 447.546
f 7271 7267 7268
v 7652.705 -6987.616 444.649
f 7271 7268 7272
v 7654.257 -6985.342 443.031
f 7273 7272 7268
f 7273 6869 6871
f 7273 7268 6869
v 7655.628 -6979.437 432.159
f 7274 6312 5645
f 7274 6879 6313
f 7274 6313 6312
f 7274 5645 6317
f 7274 6317 6319
f 7274 6319 6879
v 7599.090 -6957.434 553.358
v 7600.944 -6956.140 550.817
v 7601.786 -6957.960 552.051
f 7275 7276 7277
v 7653.781 -6985.342 438.564
f 7278 7273 6871
v 7599.472 -6958.378 553.950
f 7279 7275 7277
f 7279 7277 6873
f 7279 6873 6872
v 7653.113 -6986.324 438.648
f 7280 7273 7278
v 7603.183 -6958.378 551.454
f 7281 6880 6873
f 7281 7277 7276
f 7281 6873 7277
v 7598.657 -6964.939 558.333
f 7282 6325 5664
f 7282 6874 6322
f 7282 6316 6315
f 7282 6315 6874
f 7282 5664 6316
f 7282 6322 6325
v 7652.332 -6985.342 429.699
v 7651.461 -6985.714 426.826
f 7283 6878 7284
f 7283 6877 6878
f 7283 6879 6877
v 7606.797 -6958.378 548.821
f 7285 6880 7281
v 7606.372 -6957.434 548.259
f 7285 7281 7286
v 7651.672 -6986.324 429.832
f 7287 7283 7284
v 7650.067 -6987.616 427.144
f 7287 7284 7288
v 7651.360 -6985.342 425.313
f 7289 6878 6881
f 7289 7284 6878
f 7289 7288 7284
v 7651.096 -6979.437 414.358
f 7290 6331 6333
f 7290 6888 6327
f 7290 6327 6326
f 7290 6333 6888
f 7290 5661 6331
f 7290 6326 5661
v 7613.252 -6957.434 542.630
v 7614.707 -6956.140 539.841
v 7615.724 -6957.960 540.936
f 7291 7292 7293
v 7650.224 -6985.342 420.967
f 7294 7289 6881
v 7613.719 -6958.378 543.159
f 7295 6883 6882
f 7295 7291 7293
f 7295 7293 6883
v 7649.576 -6986.324 421.149
f 7296 7289 7294
v 7617.016 -6958.378 540.137
f 7297 7293 7292
f 7297 6889 6883
f 7297 6883 7293
v 7613.566 -6964.939 547.614
f 7298 6884 6336
f 7298 6330 6884
f 7298 6329 6330
f 7298 5681 6329
f 7298 6340 5681
f 7298 6336 6340
v 7647.470 -6985.342 412.417
f 7299 6886 6887
f 7299 6888 6886
v 7646.180 -6985.714 409.706
f 7299 6887 7300
v 7620.198 -6958.378 536.995
v 7619.693 -6957.434 536.503
f 7301 7297 7302
f 7301 6889 7297
v 7646.837 -6986.324 412.647
v 7644.849 -6987.616 410.228
f 7303 7300 7304
f 7303 7299 7300
v 7646.619 -6979.437 402.952
f 7305 5672 6346
f 7305 6347 6892
f 7305 6335 5672
f 7305 6346 6347
f 7305 6892 6339
f 7305 6339 6335
v 7645.281 -6985.342 406.842
f 7306 6887 6890
f 7306 6890 6892
f 7306 7300 6887
v 7644.661 -6986.324 407.103
f 7307 7304 7300
f 7307 7300 7306
v 7625.658 -6957.434 529.911
v 7626.681 -6956.140 526.936
v 7627.849 -6957.960 527.868
f 7308 7309 7310
v 7626.198 -6958.378 530.364
f 7311 6894 6893
f 7311 7308 7310
f 7311 7310 6894
v 7626.710 -6964.939 534.793
f 7312 6895 6350
f 7312 6342 6343
f 7312 5694 6342
f 7312 6343 6895
f 7312 6354 5694
f 7312 6350 6354
v 7631.686 -6958.378 523.304
v 7631.114 -6957.434 522.892
f 7313 7310 7314
f 7313 6894 7310
v 7639.361 -6985.342 394.742
v 7638.407 -6985.714 393.564
f 7315 6898 7316
f 7315 6897 6898
v 7641.485 -6985.342 398.700
f 7315 7317 6897
v 7640.886 -6986.324 399.008
f 7315 7318 7317
v 7637.168 -6987.616 394.279
f 7315 7316 7319
v 7637.834 -6979.437 386.821
f 7320 6360 6359
f 7320 6349 5689
f 7320 6901 6353
f 7320 6359 6901
f 7320 5689 6360
f 7320 6353 6349
v 7637.091 -6985.342 390.866
f 7321 7316 6898
f 7321 6899 6901
f 7321 6898 6899
v 7636.516 -6986.324 391.217
f 7322 7316 7321
f 7322 7319 7316
v 7636.029 -6957.434 515.486
v 7636.598 -6956.140 512.391
v 7637.891 -6957.960 513.139
f 7323 7324 7325
v 7636.631 -6958.378 515.853
f 7326 7325 6903
f 7326 6903 6902
f 7326 7323 7325
v 7638.891 -6958.378 511.994
f 7327 6903 7325
f 7327 6906 6903
f 7327 7325 7324
v 7632.124 -6985.342 383.381
v 7628.314 -6985.714 378.761
f 7328 6908 7329
v 7637.798 -6964.939 520.156
f 7330 6904 6364
f 7330 6356 6904
f 7330 5710 6357
f 7330 6357 6356
f 7330 6364 6368
f 7330 6368 5710
v 7631.577 -6986.324 383.774
f 7331 7328 7329
v 7641.005 -6958.378 508.053
f 7332 6906 7327
v 7640.378 -6957.434 507.732
f 7332 7327 7333
v 7626.743 -6979.437 372.178
f 7334 6375 6374
f 7334 6374 6910
f 7334 6910 6367
f 7334 6363 5705
f 7334 6367 6363
f 7334 5705 6375
v 7626.611 -6985.342 376.289
f 7335 6907 6910
f 7335 7329 6908
f 7335 6908 6907
v 7626.095 -6986.324 376.722
v 7627.196 -6987.616 379.653
f 7336 7337 7329
f 7336 7329 7335
v 7644.135 -6957.434 499.675
v 7644.236 -6956.140 496.531
v 7645.626 -6957.960 497.077
f 7338 7339 7340
v 7644.784 -6958.378 499.949
f 7341 7340 6912
f 7341 7338 7340
f 7341 6912 6911
v 7646.300 -6957.434 494.158
f 7342 7340 7339
v 7620.584 -6985.342 369.628
v 7616.128 -6985.714 365.627
f 7343 6917 7344
v 7646.579 -6964.939 504.029
f 7345 5730 6370
f 7345 6370 6371
f 7345 6378 6381
f 7345 6381 5730
f 7345 6913 6378
f 7345 6371 6913
v 7646.963 -6958.378 494.399
f 7346 7340 7342
f 7346 6918 6912
f 7346 6912 7340
v 7620.102 -6986.324 370.099
f 7347 7343 7344
v 7615.192 -6985.342 364.435
v 7615.155 -6987.616 366.676
f 7348 7349 7344
f 7348 7344 6917
f 7348 6917 6916
v 7608.803 -6979.437 355.532
f 7350 6383 6382
f 7350 6388 6923
f 7350 6382 5728
f 7350 5728 6386
f 7350 6386 6388
f 7350 6923 6383
v 7611.806 -6985.342 361.483
f 7351 7348 6916
v 7651.054 -6964.939 492.628
f 7352 6393 5738
f 7352 6385 6384
f 7352 5738 6385
f 7352 6384 6919
f 7352 6394 6393
f 7352 6919 6394
v 7611.373 -6986.324 361.999
f 7353 7348 7351
v 7650.835 -6958.378 481.560
v 7649.705 -6958.378 485.887
f 7354 6920 7355
v 7649.424 -6956.140 479.709
v 7650.881 -6957.960 480.042
f 7354 7356 7357
f 7354 6921 6920
v 7649.026 -6957.434 485.696
f 7354 7355 7358
f 7354 7357 6921
v 7651.113 -6957.434 477.055
f 7359 7357 7356
v 7651.803 -6958.378 477.194
f 7360 6928 6921
f 7360 6921 7357
f 7360 7357 7359
v 7604.713 -6985.342 355.971
f 7361 6922 6924
f 7361 6923 6922
v 7602.121 -6985.714 354.457
f 7361 6924 7362
v 7604.320 -6986.324 356.518
v 7601.315 -6987.616 355.639
f 7363 7362 7364
f 7363 7361 7362
v 7598.679 -6979.437 348.630
f 7365 6390 5739
f 7365 6391 6390
f 7365 6403 6930
f 7365 5739 6402
f 7365 6402 6403
f 7365 6930 6391
v 7599.765 -6985.342 352.597
f 7366 6924 6925
f 7366 6925 6930
f 7366 7362 6924
v 7599.399 -6986.324 353.163
f 7367 7364 7362
f 7367 7362 7366
v 7655.585 -6964.939 474.834
f 7368 6398 6397
f 7368 5754 6398
f 7368 6929 6409
f 7368 6397 6929
f 7368 6408 5754
f 7368 6409 6408
v 7653.719 -6958.378 463.922
v 7653.538 -6957.960 462.414
f 7369 7370 6932
v 7652.048 -6956.140 462.302
f 7369 7371 7370
f 7369 6932 6931
v 7653.246 -6958.378 468.369
f 7369 6931 7372
v 7652.547 -6957.434 468.281
f 7369 7372 7373
v 7653.942 -6958.378 460.949
f 7374 6934 6932
f 7374 6932 7370
f 7374 7370 7371
v 7592.042 -6985.342 348.009
v 7586.605 -6985.714 345.499
f 7375 6937 7376
v 7591.720 -6986.324 348.600
f 7377 7375 7376
v 7654.137 -6958.378 456.481
f 7378 6934 7374
v 7653.433 -6957.434 456.464
f 7378 7374 7379
v 7585.359 -6985.342 344.635
f 7380 7376 6937
f 7380 6937 6936
v 7585.984 -6987.616 346.788
f 7380 7381 7376
v 7576.629 -6979.437 338.011
f 7382 6415 6417
f 7382 6943 6411
f 7382 6417 6943
f 7382 5759 6415
f 7382 6405 5759
f 7382 6411 6405
v 7653.322 -6957.434 447.575
v 7652.048 -6956.140 444.698
v 7653.538 -6957.960 444.586
f 7383 7384 7385
v 7581.253 -6985.342 342.813
f 7386 7380 6936
v 7654.025 -6958.378 447.539
f 7387 7385 6939
f 7387 6939 6938
f 7387 7383 7385
v 7580.991 -6986.324 343.434
f 7388 7380 7386
v 7652.879 -6957.434 441.664
f 7389 7385 7384
v 7657.413 -6964.939 450.437
f 7390 6424 5780
f 7390 6414 6940
f 7390 6940 6420
f 7390 5780 6413
f 7390 6413 6414
f 7390 6420 6424
v 7653.580 -6958.378 441.594
f 7391 6939 7385
f 7391 6947 6939
f 7391 7385 7389
v 7572.851 -6985.342 339.636
f 7392 6943 6942
f 7392 6942 6944
v 7569.928 -6985.714 338.953
f 7392 6944 7393
v 7572.636 -6986.324 340.274
f 7394 7392 7393
v 7569.506 -6987.616 340.320
f 7394 7393 7395
v 7564.921 -6979.437 334.400
f 7396 6419 5771
f 7396 6423 6419
f 7396 5771 6430
f 7396 6431 6949
f 7396 6430 6431
f 7396 6949 6423
v 7567.128 -6985.342 337.870
f 7397 6944 6945
f 7397 7393 6944
f 7397 6945 6949
v 7566.945 -6986.324 338.519
f 7398 7395 7393
f 7398 7393 7397
v 7656.498 -6964.939 438.224
f 7399 6436 6435
f 7399 5788 6426
f 7399 6426 6425
f 7399 6948 6436
f 7399 6435 5788
f 7399 6425 6948
v 7651.499 -6958.378 428.346
v 7649.424 -6956.140 427.291
v 7650.881 -6957.960 426.958
f 7400 7401 7402
f 7400 7402 6951
f 7400 6951 6950
v 7652.357 -6958.378 432.735
v 7651.664 -6957.434 432.858
f 7400 7403 7404
f 7400 6950 7403
v 7650.835 -6958.378 425.440
f 7405 7402 7401
f 7405 6951 7402
f 7405 6955 6951
v 7649.705 -6958.378 421.113
f 7406 6955 7405
v 7649.026 -6957.434 421.304
f 7406 7405 7407
v 7553.977 -6985.342 334.955
v 7552.461 -6985.714 334.967
v 7552.247 -6987.616 336.381
f 7408 7409 7410
v 7558.262 -6986.324 336.423
v 7558.396 -6985.342 335.763
f 7408 7411 7412
f 7408 7412 6952
f 7408 6952 6953
f 7408 6953 7409
v 7551.015 -6985.342 334.509
f 7413 7410 7409
f 7413 6953 6957
f 7413 7409 6953
v 7540.721 -6979.437 330.752
f 7414 6964 6439
f 7414 6433 5793
f 7414 5793 6443
f 7414 6443 6445
f 7414 6445 6964
f 7414 6439 6433
v 7646.300 -6957.434 412.842
v 7644.236 -6956.140 410.469
v 7645.626 -6957.960 409.923
f 7415 7416 7417
v 7546.555 -6985.342 333.978
f 7418 7413 6957
v 7646.963 -6958.378 412.601
f 7419 6959 6958
f 7419 7415 7417
f 7419 7417 6959
v 7546.488 -6986.324 334.648
f 7420 7413 7418
v 7645.355 -6958.378 408.428
f 7421 7417 7416
f 7421 6965 6959
f 7421 6959 7417
v 7651.054 -6964.939 414.372
f 7422 6442 6960
f 7422 6441 6442
f 7422 5810 6441
f 7422 6960 6448
f 7422 6452 5810
f 7422 6448 6452
v 7537.589 -6985.342 333.418
v 7534.595 -6985.714 333.628
f 7423 6963 7424
f 7423 6962 6963
f 7423 6964 6962
v 7643.592 -6958.378 404.318
f 7425 6965 7421
v 7642.950 -6957.434 404.608
f 7425 7421 7426
v 7537.572 -6986.324 334.092
v 7534.595 -6987.616 335.058
f 7427 7424 7428
f 7427 7423 7424
v 7528.469 -6979.437 330.752
f 7429 6968 6451
f 7429 6447 5805
f 7429 6460 6968
f 7429 5805 6457
f 7429 6457 6460
f 7429 6451 6447
v 7531.600 -6985.342 333.418
f 7430 7424 6963
f 7430 6966 6968
f 7430 6963 6966
v 7531.617 -6986.324 334.092
f 7431 7424 7430
f 7431 7428 7424
v 7638.993 -6957.434 396.648
v 7636.598 -6956.140 394.609
v 7637.891 -6957.960 393.861
f 7432 7433 7434
v 7639.612 -6958.378 396.311
f 7435 7432 7434
f 7435 6970 6969
f 7435 7434 6970
v 7636.029 -6957.434 391.514
f 7436 7434 7433
v 7522.635 -6985.342 333.978
v 7516.729 -6985.714 334.967
f 7437 6975 7438
v 7643.922 -6964.939 397.451
f 7439 6455 6971
f 7439 6971 6462
f 7439 5830 6454
f 7439 6454 6455
f 7439 6462 6465
f 7439 6465 5830
v 7636.631 -6958.378 391.147
f 7440 7434 7436
f 7440 6976 6970
f 7440 6970 7434
v 7522.702 -6986.324 334.648
f 7441 7437 7438
v 7515.212 -6985.342 334.955
f 7442 6975 6974
v 7516.942 -6987.616 336.381
f 7442 7443 7438
f 7442 7438 6975
v 7637.798 -6964.939 386.844
f 7444 6469 6468
f 7444 5838 6469
f 7444 6977 6480
f 7444 6480 6479
f 7444 6479 5838
f 7444 6468 6977
v 7629.008 -6958.378 380.115
f 7445 6979 6978
v 7626.681 -6956.140 380.064
v 7627.849 -6957.960 379.132
f 7445 7446 7447
v 7631.686 -6958.378 383.696
f 7445 6978 7448
v 7631.114 -6957.434 384.108
f 7445 7448 7449
f 7445 7447 6979
v 7627.149 -6958.378 377.784
f 7450 7447 7446
f 7450 6983 6979
f 7450 6979 7447
v 7624.253 -6958.378 374.376
f 7451 6983 7450
v 7623.725 -6957.434 374.842
f 7451 7450 7452
v 7497.761 -6985.342 339.168
v 7499.683 -6987.616 340.320
v 7499.262 -6985.714 338.953
f 7453 7454 7455
f 7453 6982 6985
f 7453 7455 6982
v 7486.856 -6979.437 340.250
f 7456 5846 6485
f 7456 6481 6475
f 7456 6485 6487
f 7456 6475 5846
f 7456 6992 6481
f 7456 6487 6992
v 7617.597 -6957.434 368.401
v 7614.707 -6956.140 367.159
v 7615.724 -6957.960 366.064
f 7457 7458 7459
v 7493.511 -6985.342 340.625
f 7460 7453 6985
v 7618.089 -6958.378 367.897
f 7461 7457 7459
f 7461 7459 6987
f 7461 6987 6986
v 7493.742 -6986.324 341.258
f 7462 7453 7460
v 7613.252 -6957.434 364.370
f 7463 7459 7458
v 7622.544 -6964.939 367.717
f 7464 6483 6484
f 7464 5860 6483
f 7464 6490 6494
f 7464 6988 6490
f 7464 6494 5860
f 7464 6484 6988
v 7613.719 -6958.378 363.841
f 7465 6987 7459
f 7465 7459 7463
f 7465 6995 6987
v 7485.191 -6985.342 344.011
f 7466 6992 6990
f 7466 6990 6991
v 7482.584 -6985.714 345.499
f 7466 6991 7467
v 7485.468 -6986.324 344.625
v 7483.205 -6987.616 346.788
f 7468 7467 7469
f 7468 7466 7467
v 7475.817 -6979.437 345.566
f 7470 6493 6489
f 7470 6489 5855
f 7470 6997 6493
f 7470 5855 6500
f 7470 6500 6499
f 7470 6499 6997
v 7479.795 -6985.342 346.609
f 7471 6991 6993
f 7471 7467 6991
f 7471 6993 6997
v 7480.102 -6986.324 347.209
f 7472 7467 7471
f 7472 7469 7467
v 7613.566 -6964.939 359.386
f 7473 6507 5871
f 7473 5871 6496
f 7473 6496 6495
f 7473 6495 6996
f 7473 6996 6508
f 7473 6508 6507
v 7603.183 -6958.378 355.546
v 7606.797 -6958.378 358.179
f 7474 6998 7475
v 7600.944 -6956.140 356.183
v 7601.786 -6957.960 354.949
f 7474 7476 7477
f 7474 7477 6999
f 7474 6999 6998
v 7606.372 -6957.434 358.741
f 7474 7475 7478
v 7599.090 -6957.434 353.642
f 7479 7477 7476
v 7471.960 -6985.342 351.003
v 7467.068 -6985.714 354.457
f 7480 7001 7481
v 7599.472 -6958.378 353.050
f 7482 7477 7479
f 7482 6999 7477
f 7482 7004 6999
v 7472.311 -6986.324 351.578
f 7483 7480 7481
v 7460.387 -6979.437 355.532
f 7484 6515 7006
f 7484 6502 5872
f 7484 6503 6502
f 7484 5872 6513
f 7484 7006 6503
f 7484 6513 6515
v 7464.476 -6985.342 355.971
f 7485 7481 7001
f 7485 7000 7006
f 7485 7001 7000
v 7464.869 -6986.324 356.518
v 7467.874 -6987.616 355.639
f 7486 7487 7481
f 7486 7481 7485
v 7598.657 -6964.939 348.667
f 7488 6509 7005
f 7488 7005 6521
f 7488 6521 6519
f 7488 6519 5887
f 7488 5887 6510
f 7488 6510 6509
v 7587.817 -6958.378 346.418
f 7489 7008 7007
v 7585.699 -6956.140 347.381
v 7586.347 -6957.960 346.035
f 7489 7490 7491
v 7591.784 -6958.378 348.483
v 7591.447 -6957.434 349.101
f 7489 7492 7493
f 7489 7007 7492
f 7489 7491 7008
v 7585.131 -6958.378 345.124
f 7494 7009 7008
f 7494 7491 7490
f 7494 7008 7491
v 7457.384 -6985.342 361.483
v 7453.061 -6985.714 365.627
f 7495 7011 7496
v 7457.816 -6986.324 361.999
f 7497 7495 7496
v 7581.043 -6958.378 343.310
f 7498 7009 7494
v 7580.770 -6957.434 343.960
f 7498 7494 7499
v 7446.614 -6979.437 367.686
f 7500 6516 5888
f 7500 6517 6516
f 7500 6528 7014
f 7500 6529 6528
f 7500 7014 6517
f 7500 5888 6529
v 7450.723 -6985.342 367.511
f 7501 7010 7014
f 7501 7011 7010
f 7501 7496 7011
v 7451.193 -6986.324 367.993
v 7454.034 -6987.616 366.676
f 7502 7503 7496
f 7502 7496 7501
v 7572.455 -6957.434 340.815
v 7569.312 -6956.140 340.950
v 7569.752 -6957.960 339.522
f 7504 7505 7506
v 7572.679 -6958.378 340.147
f 7507 7506 7016
f 7507 7016 7015
f 7507 7504 7506
v 7576.614 -6964.939 338.052
f 7508 6524 6525
f 7508 7017 6532
f 7508 5909 6524
f 7508 6525 7017
f 7508 6536 5909
f 7508 6532 6536
v 7564.102 -6958.378 337.618
f 7509 7016 7506
v 7563.928 -6957.434 338.301
f 7509 7506 7510
v 7441.623 -6985.342 377.442
v 7444.532 -6985.342 374.019
f 7511 7512 7019
f 7511 7019 7020
v 7440.875 -6985.714 378.761
f 7511 7020 7513
v 7441.993 -6987.616 379.653
f 7511 7513 7514
v 7445.037 -6986.324 374.465
f 7511 7515 7512
v 7434.807 -6979.437 381.757
f 7516 6542 6541
f 7516 6541 7023
f 7516 6531 5904
f 7516 5904 6542
f 7516 7023 6535
f 7516 6535 6531
v 7438.844 -6985.342 380.972
f 7517 7020 7021
f 7517 7021 7023
f 7517 7513 7020
v 7439.381 -6986.324 381.378
f 7518 7513 7517
f 7518 7514 7513
v 7555.237 -6957.434 336.431
v 7552.149 -6956.140 337.033
v 7552.372 -6957.960 335.555
f 7519 7520 7521
v 7555.359 -6958.378 335.737
f 7522 7521 7025
f 7522 7025 7024
f 7522 7519 7521
v 7433.691 -6985.342 388.330
v 7430.782 -6985.714 393.564
f 7523 7030 7524
v 7558.938 -6964.939 333.079
f 7525 6538 7026
f 7525 7026 6546
f 7525 6539 6538
f 7525 5929 6539
f 7525 6549 5929
f 7525 6546 6549
v 7434.257 -6986.324 388.695
f 7526 7523 7524
v 7429.828 -6985.342 394.742
f 7527 7524 7030
f 7527 7030 7029
v 7432.021 -6987.616 394.279
f 7527 7528 7524
v 7546.827 -6964.939 331.254
f 7529 7031 6564
f 7529 6552 7031
f 7529 6564 6561
f 7529 6561 5937
f 7529 6553 6552
f 7529 5937 6553
v 7536.085 -6958.378 333.930
f 7530 7032 1890
f 7530 7033 7032
v 7534.595 -6957.960 334.223
f 7530 7531 7033
v 7528.634 -6958.378 334.069
v 7528.669 -6957.434 334.773
f 7532 7531 7533
f 7532 7033 7531
v 7422.241 -6985.342 411.013
v 7423.009 -6985.714 409.706
f 7534 7535 7036
v 7424.340 -6987.616 410.228
f 7534 7536 7535
f 7534 7036 7038
v 7416.287 -6979.437 420.214
f 7537 6571 7045
f 7537 5944 6569
f 7537 6569 6571
f 7537 6559 5944
f 7537 7045 6565
f 7537 6565 6559
v 7519.813 -6957.434 335.548
v 7517.040 -6956.140 337.033
v 7516.817 -6957.960 335.555
f 7538 7539 7540
v 7420.730 -6985.342 415.244
f 7541 7534 7038
v 7519.726 -6958.378 334.849
f 7542 7040 7039
f 7542 7538 7540
f 7542 7540 7040
v 7421.369 -6986.324 415.458
f 7543 7534 7541
v 7515.299 -6958.378 335.487
f 7544 7540 7539
f 7544 7047 7040
f 7544 7040 7540
v 7522.362 -6964.939 331.254
f 7545 5963 6568
f 7545 6568 6567
f 7545 6574 6577
f 7545 6567 7041
f 7545 6577 5963
f 7545 7041 6574
v 7418.190 -6985.342 423.860
f 7546 7045 7044
v 7417.728 -6985.714 426.826
f 7546 7046 7547
f 7546 7044 7046
v 7510.900 -6958.378 336.291
v 7511.040 -6957.434 336.982
f 7548 7544 7549
f 7548 7047 7544
v 7418.843 -6986.324 424.026
f 7550 7546 7547
v 7419.123 -6987.616 427.144
f 7550 7547 7551
v 7417.163 -6985.342 428.233
f 7552 7551 7547
f 7552 7547 7046
f 7552 7046 7048
v 7502.398 -6957.434 339.068
v 7499.877 -6956.140 340.950
v 7499.437 -6957.960 339.522
f 7553 7554 7555
v 7502.208 -6958.378 338.390
f 7556 7553 7555
f 7556 7555 7050
f 7556 7050 7049
v 7504.279 -6964.939 334.442
f 7557 6581 6582
f 7557 5980 6581
f 7557 7051 6588
f 7557 6588 6591
f 7557 6582 7051
f 7557 6591 5980
v 7414.709 -6985.342 446.017
f 7558 7055 7056
v 7415.058 -6985.714 444.542
f 7558 7559 7055
v 7416.484 -6987.616 444.649
f 7558 7560 7559
v 7492.575 -6964.939 338.052
f 7561 7057 6605
f 7561 5988 6595
f 7561 6594 7057
f 7561 6595 6594
f 7561 6604 5988
f 7561 6605 6604
v 7484.058 -6958.378 345.124
f 7562 7059 7058
v 7482.842 -6957.960 346.035
f 7562 7563 7059
f 7562 7058 1969
v 7477.405 -6958.378 348.483
f 7564 7059 7563
v 7477.742 -6957.434 349.101
f 7564 7563 7565
v 7412.648 -6979.437 468.782
f 7566 6612 7065
f 7566 5989 6614
f 7566 6601 6600
f 7566 7065 6601
f 7566 6600 5989
f 7566 6614 6612
v 7415.072 -6985.342 465.460
f 7567 7062 7065
f 7567 7061 7062
v 7415.058 -6985.714 462.458
f 7567 7568 7061
v 7415.743 -6986.324 465.393
f 7569 7568 7567
v 7416.484 -6987.616 462.351
f 7569 7570 7568
v 7470.099 -6957.434 353.642
v 7468.245 -6956.140 356.183
v 7467.403 -6957.960 354.949
f 7571 7572 7573
v 7469.717 -6958.378 353.050
f 7574 7571 7573
f 7574 7573 7067
f 7574 7067 7066
v 7466.007 -6958.378 355.546
f 7575 7573 7572
f 7575 7070 7067
f 7575 7067 7573
v 7416.300 -6985.342 474.358
v 7417.728 -6985.714 480.174
f 7576 7072 7577
v 7470.533 -6964.939 348.667
f 7578 6009 6609
f 7578 6616 6620
f 7578 6620 6009
f 7578 6608 7068
f 7578 6609 6608
f 7578 7068 6616
v 7416.964 -6986.324 474.241
f 7579 7576 7577
v 7462.392 -6958.378 358.179
f 7580 7070 7575
v 7462.817 -6957.434 358.741
f 7580 7575 7581
v 7416.287 -6979.437 486.786
f 7582 6615 6004
f 7582 6626 6625
f 7582 7074 6619
f 7582 6625 7074
f 7582 6619 6615
f 7582 6004 6626
v 7418.190 -6985.342 483.140
f 7583 7072 7071
f 7583 7071 7074
f 7583 7577 7072
v 7418.843 -6986.324 482.974
v 7419.123 -6987.616 479.856
f 7584 7585 7577
f 7584 7577 7583
v 7455.937 -6957.434 364.370
v 7454.482 -6956.140 367.159
v 7453.466 -6957.960 366.064
f 7586 7587 7588
v 7455.471 -6958.378 363.841
f 7589 7586 7588
f 7589 7588 7076
f 7589 7076 7075
v 7420.730 -6985.342 491.756
v 7423.009 -6985.714 497.294
f 7590 7081 7591
v 7455.624 -6964.939 359.386
f 7592 6029 6622
f 7592 6633 6029
f 7592 6630 6633
f 7592 7077 6630
f 7592 6623 7077
f 7592 6622 6623
v 7421.369 -6986.324 491.542
f 7593 7590 7591
v 7423.335 -6985.342 498.775
v 7424.340 -6987.616 496.772
f 7594 7595 7591
f 7594 7081 7080
f 7594 7591 7081
v 7446.645 -6964.939 367.717
f 7596 6636 7082
f 7596 6037 6637
f 7596 6637 6636
f 7596 7082 6648
f 7596 6646 6037
f 7596 6648 6646
v 7442.040 -6958.378 377.784
f 7597 7084 7083
f 7597 7083 2034
v 7441.340 -6957.960 379.132
f 7597 7598 7084
v 7431.325 -6985.342 514.852
v 7430.782 -6985.714 513.436
f 7599 7600 7087
v 7432.021 -6987.616 512.721
f 7599 7601 7600
f 7599 7087 7089
v 7434.807 -6979.437 525.243
f 7602 6652 6654
f 7602 6643 6044
f 7602 6649 6643
f 7602 6044 6652
f 7602 6654 1054
f 7602 1054 6649
f 1053 7599 7089
v 7434.842 -6964.939 381.783
f 7603 6659 6054
f 7603 7090 6662
f 7603 6662 6659
f 7603 6650 7090
f 7603 6651 6650
f 7603 6054 6651
f 1052 7599 1053
v 7431.789 -6958.378 392.424
f 7604 7092 7091
v 7431.298 -6957.960 393.861
f 7604 7605 7092
f 7604 7091 2065
v 7432.592 -6956.140 394.609
f 1060 7605 7606
f 1059 7605 1060
f 1059 1061 7092
f 1059 7092 7605
f 1055 7093 7094
v 7440.875 -6985.714 528.239
f 1055 7094 7607
f 1055 1054 7093
v 7441.993 -6987.616 527.347
f 1056 7607 7608
f 1056 1055 7607
v 7442.446 -6979.437 534.822
f 7609 6656 6055
f 7609 6657 6656
f 7609 1076 6657
f 7609 6669 1076
f 7609 6668 6669
f 7609 6055 6668
f 1073 7095 1076
f 1073 7607 7094
f 1073 7094 7095
f 1072 7608 7607
f 1072 7607 1073
v 7425.268 -6964.939 397.451
f 7610 6664 6663
f 7610 6663 7098
f 7610 6673 6672
f 7610 6070 6664
f 7610 6672 6070
f 7610 7098 6673
v 7423.834 -6958.378 408.428
f 7611 7099 1062
f 7611 7100 7099
f 7611 1062 1063
v 7424.954 -6956.140 410.469
v 7423.563 -6957.960 409.923
f 7611 7612 7613
f 7611 7613 7100
v 7453.061 -6985.714 541.373
f 1077 7102 7614
f 1074 1077 7614
f 1097 7613 1098
f 1097 7100 7613
f 1109 7102 1110
f 1109 7614 7102
v 7454.034 -6987.616 540.324
f 1109 7615 7614
f 1101 1117 1135
f 1100 1135 1140
f 1100 1101 1135
f 1100 1140 1099
v 7416.329 -6964.939 420.225
f 7616 6677 7103
f 7616 6095 6678
f 7616 6678 6677
f 7616 7103 6682
f 7616 6685 6095
f 7616 6682 6685
v 7468.172 -6985.342 553.583
f 7617 1131 1133
f 7617 1133 1132
f 7617 1132 7106
v 7475.817 -6979.437 561.434
f 7618 6692 1159
f 7618 6090 6690
f 7618 1159 6687
f 7618 6686 6090
f 7618 6690 6692
f 7618 6687 6686
f 1162 7617 7106
v 7413.604 -6964.939 432.166
f 7619 6688 1139
f 7619 1139 6700
f 7619 6103 6689
f 7619 6689 6688
f 7619 6699 6103
f 7619 6700 6699
f 1158 7617 1162
v 7415.470 -6958.378 443.078
f 7620 7108 7107
v 7415.651 -6957.960 444.586
f 7620 7621 7108
f 7620 7107 1137
v 7415.247 -6958.378 446.051
v 7417.141 -6956.140 444.698
f 7622 7621 7623
f 7622 7111 7108
f 7622 7108 7621
v 7482.584 -6985.714 561.501
f 1160 7110 7624
f 1160 1159 7109
f 1160 7109 7110
f 1176 7111 7622
f 1176 7622 1175
v 7483.205 -6987.616 560.212
f 1161 7624 7625
f 1161 1160 7624
v 7486.856 -6979.437 566.750
f 7626 6695 6694
f 7626 6104 6706
f 7626 6706 6705
f 7626 6705 1186
f 7626 1186 6695
f 7626 6694 6104
f 1184 7624 7110
f 1184 7110 7112
f 1184 7112 1186
f 1183 7625 7624
f 1183 7624 1184
v 7417.141 -6956.140 462.302
v 7415.651 -6957.960 462.414
f 1171 7627 7628
f 1172 7628 7115
f 1172 7115 1173
f 1172 1171 7628
v 7411.776 -6964.939 456.563
f 7629 7116 6710
f 7629 6129 6702
f 7629 6710 6713
f 7629 6713 6129
f 7629 6702 6703
f 7629 6703 7116
f 1200 7115 7628
f 1200 7628 1201
v 7497.761 -6985.342 567.832
v 7499.262 -6985.714 568.047
v 7499.683 -6987.616 566.680
f 7630 7631 7632
f 7630 1182 1181
f 7630 1181 7118
f 7630 7119 7631
f 7630 7118 7119
v 7500.623 -6985.342 568.715
f 7633 7632 7631
f 7633 7631 7119
f 7633 7119 7121
v 7510.242 -6979.437 573.964
f 7634 6715 6714
f 7634 6714 6127
f 7634 6127 6719
f 7634 6721 1216
f 7634 6719 6721
f 7634 1216 6715
v 7419.765 -6956.140 479.709
v 7418.308 -6957.960 480.042
f 1203 7635 7636
f 1215 7633 7121
f 1204 7636 7122
f 1204 1203 7636
f 1204 7122 1199
f 1214 7633 1215
v 7413.604 -6964.939 474.834
f 7637 6717 7123
f 7637 6718 6717
f 7637 6144 6718
f 7637 6727 6144
f 7637 6724 6727
f 7637 7123 6724
f 1218 7126 7127
f 1218 1216 7126
v 7516.729 -6985.714 572.033
f 1218 7127 7638
f 1227 7636 1228
f 1227 7122 7636
v 7516.942 -6987.616 570.619
f 1217 7638 7639
f 1217 1218 7638
v 7518.174 -6985.342 572.491
f 7640 7638 7127
f 7640 7639 7638
f 7640 7127 7128
v 7528.464 -6979.153 576.335
f 7641 7130 6729
f 7641 6735 7130
f 7641 6728 6141
f 7641 6732 6734
f 7641 6141 6732
f 7641 6729 6728
f 7641 6734 6735
v 7424.954 -6956.140 496.531
v 7423.563 -6957.960 497.077
f 1230 7642 7643
f 1244 7640 7128
f 1232 7643 7129
f 1232 1230 7643
f 1232 7129 1231
f 1243 7640 1244
v 7423.834 -6958.378 498.572
f 7644 7643 7642
f 7644 7129 7643
f 7644 7134 7129
v 7418.135 -6964.939 492.628
f 7645 6153 6733
f 7645 6733 6731
f 7645 6731 7131
f 7645 7131 6737
f 7645 6740 6153
f 7645 6737 6740
f 1248 6800 6801
f 1248 6801 7165
v 7534.595 -6986.683 572.681
f 1248 7165 7646
f 1248 1245 6800
f 1260 7644 1259
f 1260 7134 7644
f 1246 1248 7646
v 7534.595 -6987.616 571.942
f 1246 7646 7647
v 7432.592 -6956.140 512.391
v 7431.298 -6957.960 513.139
f 1255 7648 7649
f 1256 1255 7649
f 1256 7135 1257
f 1256 7649 7135
v 7425.268 -6964.939 509.549
f 7650 6160 6742
f 7650 6742 6743
f 7650 6744 6747
f 7650 6747 6160
f 7650 6743 7136
f 7650 7136 6744
f 1281 7649 1282
f 1281 7135 7649
f 1278 1287 1292
f 1279 1278 1292
f 1279 1296 1280
f 1279 1292 1296
v 7434.842 -6964.939 525.217
f 7651 6167 6750
f 7651 6750 6749
f 7651 6751 6754
f 7651 6754 6167
f 7651 6749 7138
f 7651 7138 6751
v 7442.479 -6964.939 534.793
f 7652 6755 1295
f 7652 6756 6755
f 7652 6170 6756
f 7652 1295 6761
f 7652 6761 6760
f 7652 6760 6170
v 7452.173 -6958.378 540.137
f 7653 7140 1297
v 7453.466 -6957.960 540.936
f 7653 7654 7141
f 7653 7141 7140
v 7454.359 -6958.378 542.165
f 7655 7141 7654
f 7655 7142 7141
v 7454.482 -6956.140 539.841
f 7655 7654 7656
f 1317 7655 1314
f 1317 7142 7655
v 7468.245 -6956.140 550.817
v 7467.403 -6957.960 552.051
f 1318 7657 7658
f 1319 1318 7658
f 1319 7144 1316
f 1319 7658 7144
f 1325 7658 7657
v 7460.413 -6964.939 551.433
f 7659 6764 7145
f 7659 6763 6764
f 7659 6181 6763
f 7659 6768 6181
f 7659 6765 6768
f 7659 7145 6765
f 1328 7658 1325
f 1328 7144 7658
f 1328 1329 7144
v 7470.533 -6964.939 558.333
f 7660 6770 6769
f 7660 6184 6770
f 7660 6769 7147
f 7660 6774 6184
f 7660 6775 6774
f 7660 7147 6775
v 7481.372 -6958.378 560.582
f 7661 7149 7148
v 7483.491 -6956.140 559.619
v 7482.842 -6957.960 560.965
f 7661 7662 7663
f 7661 7663 7149
f 7661 1330 1327
f 7661 7148 1330
f 1342 7149 7663
f 1342 7663 1339
v 7499.877 -6956.140 566.050
v 7499.437 -6957.960 567.478
f 1341 7664 7665
f 1343 1341 7665
f 1343 7665 7151
f 1343 7151 1344
v 7500.775 -6958.378 568.197
f 7666 7151 7665
f 7666 7665 7664
f 7666 7154 7151
v 7492.575 -6964.939 568.948
f 7667 6195 6778
f 7667 6778 6777
f 7667 7152 6779
f 7667 6779 6782
f 7667 6782 6195
f 7667 6777 7152
f 1357 7666 1353
f 1357 7154 7666
v 7517.040 -6956.140 569.967
v 7516.817 -6957.960 571.445
f 1355 7668 7669
f 1358 1355 7669
f 1358 7155 1356
f 1358 7669 7155
v 7518.219 -6958.680 572.166
f 7670 7155 7669
f 7670 7158 7155
v 7510.251 -6964.939 573.921
f 7671 6785 7156
f 7671 6202 6784
f 7671 6784 6785
f 7671 6789 6202
f 7671 6786 6789
f 7671 7156 6786
f 1374 7158 7670
f 1376 7222 7221
f 1377 1376 7221
f 1377 7221 7224
f 1378 1377 7224
f 1378 7161 1372
f 1378 7224 7163
f 1378 7163 7161
v 7528.461 -6965.573 576.397
f 7672 6207 7160
f 7672 7160 6791
f 7672 6791 7162
f 7672 6792 6794
f 7672 6795 6207
f 7672 6794 6795
f 7672 7162 6792
v 7540.658 -6982.619 574.997
f 7673 1381 6799
f 7673 6214 7164
f 7673 6799 6797
f 7673 7164 6805
f 7673 6797 6214
f 1380 7165 1381
f 1380 7646 7165
f 1380 7647 7646
v 7534.595 -6988.512 571.157
f 1385 7674 7647
f 1385 7647 1380
v 7534.595 -6989.367 570.330
f 1384 7675 7674
f 1384 7674 1385
v 7558.692 -6982.686 572.704
f 7676 6221 6808
f 7676 6806 6221
f 7676 7172 6806
f 7676 6808 7172
v 7550.651 -6988.730 569.852
f 7677 1383 7168
f 7677 7168 7169
v 7552.007 -6989.367 569.025
f 7677 7169 7678
v 7554.981 -6988.784 569.120
f 7679 7169 7170
f 7679 7170 7173
f 7679 7678 7169
v 7554.835 -6989.626 568.292
f 7680 7679 7173
f 7680 7678 7679
v 7551.742 -6990.950 567.267
f 7680 7681 7678
v 7563.565 -6988.784 567.273
f 2221 7173 7682
f 2221 7680 7173
v 7567.799 -6988.784 566.110
v 7569.031 -6989.367 565.139
f 7683 7177 7684
v 7568.507 -6990.950 563.441
f 7683 7684 7685
f 7683 7176 7177
f 7683 7682 7176
f 7683 2221 7682
v 7570.596 -6988.784 565.247
f 7686 7684 7177
f 7686 7685 7684
f 7686 7177 7180
v 7581.834 -6982.686 565.566
f 7687 6812 6231
f 7687 6813 7184
f 7687 7184 6812
f 7687 6231 6813
v 7574.749 -6988.784 563.823
f 7688 7686 7180
f 2227 7688 7183
f 2227 7686 7688
v 7582.881 -6988.784 560.514
v 7585.285 -6989.367 558.760
f 7689 7185 7690
f 7689 7183 7181
f 7689 7181 7185
v 7582.535 -6989.626 559.747
f 7691 7689 7690
f 7691 2227 7183
v 7584.514 -6990.950 557.158
f 7691 7690 7692
f 7691 7183 7689
v 7586.849 -6988.784 558.633
f 7693 7690 7185
f 7693 7692 7690
f 7693 7185 7188
v 7598.009 -6982.686 557.273
f 7694 6817 7192
f 7694 6237 6817
f 7694 7192 6816
f 7694 6816 6237
v 7590.743 -6988.784 556.606
f 7695 7693 7188
f 2235 7693 7695
f 2235 7695 7193
v 7598.291 -6988.784 552.122
v 7600.407 -6989.367 550.029
f 7696 7191 7697
f 7696 7189 7191
f 7696 7193 7189
v 7597.835 -6989.626 551.415
v 7599.406 -6990.950 548.561
f 7698 7697 7699
f 7698 7696 7697
f 7698 2235 7193
f 7698 7193 7696
v 7601.934 -6988.784 549.671
f 7700 7699 7697
f 7700 7697 7191
f 7700 7191 7196
v 7612.768 -6982.686 546.663
f 7701 6245 6821
f 7701 6820 6245
f 7701 6821 7199
f 7701 7199 6820
v 7605.483 -6988.784 547.086
f 7702 7700 7196
f 2244 7702 7198
f 2244 7700 7702
v 7612.279 -6988.784 541.527
f 7703 7197 7201
v 7614.059 -6989.367 539.142
f 7703 7201 7704
f 7703 7198 7197
v 7611.722 -6989.626 540.896
f 7705 2244 7198
f 7705 7703 7704
v 7612.850 -6990.950 537.839
f 7705 7704 7706
f 7705 7198 7703
v 7615.516 -6988.784 538.561
f 7707 7201 7204
f 7707 7706 7704
f 7707 7704 7201
v 7625.780 -6982.686 533.971
f 7708 7207 6825
f 7708 6250 6826
f 7708 6826 7207
f 7708 6825 6250
v 7618.640 -6988.784 535.475
f 7709 7707 7204
f 2253 7709 7206
f 2253 7707 7709
v 7624.531 -6988.784 528.965
f 7710 7205 7209
v 7625.936 -6989.367 526.342
f 7710 7209 7711
f 7710 7206 7205
v 7633.339 -6982.686 524.492
f 7712 6253 6256
f 7712 7211 6827
f 7712 6256 6831
f 7712 6831 7211
f 7712 6827 6253
v 7623.887 -6989.626 528.425
f 7713 2253 7206
f 7713 7206 7710
f 7713 7710 7711
v 7624.546 -6990.950 525.234
f 7713 7711 7714
v 7628.181 -6988.784 524.389
f 7715 7209 7208
f 7715 7711 7209
f 7715 7208 7212
v 7627.510 -6989.626 523.881
f 7716 7711 7715
f 7716 7715 7212
f 7716 7714 7711
f 2271 7716 7212
v 7633.216 -6988.784 517.197
f 2271 7212 7717
v 7635.529 -6988.784 513.465
v 7635.772 -6989.367 511.915
v 7634.233 -6990.950 511.026
f 7718 7719 7720
f 7718 7717 7215
f 7718 2271 7717
f 7718 7215 7216
f 7718 7216 7719
v 7636.993 -6988.784 510.930
f 7721 7720 7719
f 7721 7216 7219
f 7721 7719 7216
v 7645.448 -6982.686 503.519
f 7722 6267 6835
f 7722 7230 6834
f 7722 6835 7230
f 7722 6834 6267
v 7536.074 -6957.146 572.136
f 7723 7220 7222
v 7534.595 -6957.032 572.052
v 7534.595 -6956.140 571.283
f 7723 7724 7725
f 7723 7222 7724
v 7639.068 -6988.784 507.061
f 7726 7721 7219
f 2286 7721 7726
f 2286 7726 7229
f 1478 7723 1482
f 1477 7723 1478
f 1477 7220 7723
v 7642.779 -6988.784 499.104
v 7643.348 -6989.367 496.183
f 7727 7228 7728
f 7727 7226 7228
f 7727 7229 7226
v 7649.877 -6982.686 492.233
f 7729 6270 6849
f 7729 6838 6270
f 7729 6849 7233
f 7729 7233 6838
v 7642.004 -6989.626 498.777
v 7641.694 -6990.950 495.533
f 7730 7728 7731
f 7730 2286 7229
f 7730 7727 7728
f 7730 7229 7727
v 7551.901 -6954.474 568.320
v 7552.149 -6956.140 569.967
f 1481 7732 7733
f 1480 7733 7237
f 1480 7237 7236
f 1480 1481 7733
f 1480 7236 1479
v 7644.918 -6988.784 493.654
f 7734 7728 7228
f 7734 7228 7231
f 7734 7231 7234
v 7546.718 -6962.129 574.653
f 7735 6842 6843
f 7735 6282 6842
f 7735 6846 6282
f 7735 6844 6846
f 7735 1479 6844
v 7553.659 -6956.553 570.101
f 7736 7237 7733
f 7736 7733 7732
f 7736 7238 7237
v 7644.127 -6989.626 493.367
f 7737 7731 7728
f 7737 7728 7734
f 7737 7734 7234
f 1511 7238 7736
f 1511 7736 1510
v 7647.610 -6988.784 485.298
f 2305 7234 7738
f 2305 7737 7234
v 7568.821 -6954.474 564.459
f 1507 7739 7250
v 7648.720 -6988.784 481.050
f 7740 2305 7738
v 7648.495 -6989.367 479.497
v 7646.762 -6990.950 479.102
f 7740 7741 7742
f 7740 7242 7741
f 7740 7738 7241
f 7740 7241 7242
f 1508 7248 7247
f 1508 7247 1509
f 1508 7250 7248
f 1508 1507 7250
v 7649.371 -6988.784 478.196
f 7743 7742 7741
f 7743 7741 7242
f 7743 7242 7245
v 7571.498 -6954.254 563.337
v 7568.284 -6952.980 562.719
f 7744 7739 7745
v 7564.540 -6961.302 571.101
f 7746 6855 6297
f 7746 6297 6853
f 7746 1509 6855
v 7571.773 -6955.054 564.156
f 7747 7249 7250
f 7747 7252 7249
f 7747 7250 7739
f 7747 7739 7744
f 7747 7744 7252
v 7655.266 -6982.686 468.622
f 7748 6857 7254
f 7748 6291 6857
f 7748 7254 6854
f 7748 6854 6291
v 7650.214 -6988.784 473.887
f 7749 7743 7245
f 2319 7749 7255
f 2319 7743 7749
f 2313 7252 7744
v 7579.938 -6955.054 561.068
f 7750 7252 2313
v 7576.054 -6961.041 567.408
f 7751 6865 6302
f 7751 7251 6863
f 7751 6860 7251
f 7751 6302 6860
f 7751 6863 6865
v 7651.414 -6988.784 465.190
f 7752 7253 7257
f 7752 7255 7253
v 7651.098 -6989.367 462.231
f 7752 7257 7753
v 7656.172 -6982.686 456.532
f 7754 6862 6299
f 7754 6870 7263
f 7754 6299 6870
f 7754 7263 6862
v 7650.578 -6989.626 465.106
f 7755 7255 7752
f 7755 2319 7255
v 7649.325 -6990.950 462.098
f 7755 7753 7756
f 7755 7752 7753
v 7583.929 -6955.054 559.298
f 7757 7750 2313
f 7757 7260 7750
v 7584.186 -6952.980 556.478
v 7584.976 -6954.474 558.118
f 7757 7758 7759
f 7757 7261 7260
f 7757 7759 7261
v 7587.456 -6954.254 556.610
f 7760 7759 7758
v 7651.852 -6988.784 459.352
f 7761 7258 7265
f 7761 7257 7258
f 7761 7753 7257
v 7587.850 -6955.054 557.379
f 7762 7262 7261
f 7762 7760 7270
f 7762 7759 7760
f 7762 7270 7262
f 7762 7261 7759
v 7651.012 -6989.626 459.310
f 7763 7756 7753
f 7763 7761 7265
f 7763 7753 7761
f 2330 7270 7760
v 7595.464 -6955.054 553.109
f 7764 7270 2330
v 7651.961 -6988.784 450.573
f 2340 7265 7765
f 2340 7763 7265
v 7592.568 -6961.041 559.956
f 7766 6309 6864
f 7766 6864 7269
f 7766 7269 6872
f 7766 6872 6874
f 7766 6874 6315
f 7766 6315 6309
v 7655.266 -6982.686 438.378
f 7767 6871 6313
f 7767 6879 7278
f 7767 6313 6879
f 7767 7278 6871
v 7651.770 -6988.784 446.187
f 7768 7271 7272
v 7651.098 -6989.367 444.769
f 7768 7272 7769
v 7649.325 -6990.950 444.902
f 7768 7769 7770
f 7768 2340 7765
f 7768 7765 7271
v 7599.146 -6955.054 550.763
v 7600.006 -6954.474 549.441
f 7771 7772 7276
f 7771 7764 2330
v 7598.980 -6952.980 547.936
f 7771 7773 7772
f 7771 7275 7764
f 7771 7276 7275
v 7602.233 -6954.254 547.580
f 7774 7772 7773
v 7651.414 -6988.784 441.810
f 7775 7273 7280
f 7775 7769 7272
f 7775 7272 7273
v 7602.738 -6955.054 548.281
f 7776 7276 7772
f 7776 7281 7276
f 7776 7772 7774
f 7776 7286 7281
f 7776 7774 7286
v 7650.578 -6989.626 441.894
f 7777 7770 7769
f 7777 7769 7775
f 7777 7775 7280
f 2349 7286 7774
v 7609.630 -6955.054 542.924
f 7778 7286 2349
f 2358 7777 7280
v 7650.214 -6988.784 433.113
f 2358 7280 7779
v 7607.787 -6961.041 550.127
f 7780 6882 6884
f 7780 6884 6330
f 7780 6330 6880
f 7780 6880 7285
f 7780 7285 6882
v 7651.665 -6982.686 420.562
f 7781 6888 7294
f 7781 6327 6888
f 7781 7294 6881
f 7781 6881 6327
v 7649.371 -6988.784 428.804
f 7782 2358 7779
f 7782 7779 7287
v 7648.495 -6989.367 427.503
v 7646.762 -6990.950 427.898
f 7782 7783 7784
f 7782 7288 7783
f 7782 7287 7288
v 7612.921 -6955.054 540.056
f 7785 7778 2349
f 7785 7292 7291
f 7785 7291 7778
v 7612.336 -6952.980 537.285
v 7613.574 -6954.474 538.620
f 7785 7786 7787
f 7785 7787 7292
v 7615.500 -6954.254 536.448
f 7788 7787 7786
v 7648.367 -6988.784 424.530
f 7789 7288 7289
f 7789 7289 7296
f 7789 7783 7288
v 7616.103 -6955.054 537.066
f 7790 7297 7292
f 7790 7788 7302
f 7790 7302 7297
f 7790 7292 7787
f 7790 7787 7788
v 7647.553 -6989.626 424.737
f 7791 7783 7789
f 7791 7789 7296
f 7791 7784 7783
f 2366 7302 7788
v 7622.120 -6955.054 530.742
f 7792 7302 2366
v 7645.884 -6988.784 416.109
f 2374 7296 7793
f 2374 7791 7296
v 7621.371 -6961.041 538.139
f 7794 6343 6889
f 7794 7301 6893
f 7794 6895 6343
f 7794 6893 6895
f 7794 6889 7301
v 7644.408 -6988.784 411.974
f 7795 7303 7304
f 7795 2374 7793
v 7643.348 -6989.367 410.817
v 7641.694 -6990.950 411.467
f 7795 7796 7797
f 7795 7793 7303
f 7795 7304 7796
v 7624.947 -6955.054 527.415
v 7623.955 -6952.980 524.763
v 7625.379 -6954.474 525.898
f 7798 7799 7800
f 7798 7309 7308
f 7798 7308 7792
f 7798 7800 7309
f 7798 7792 2366
v 7643.339 -6988.784 409.249
f 7801 7304 7307
f 7801 7797 7796
f 7801 7796 7304
v 7626.959 -6954.254 523.463
f 7802 7800 7799
v 7627.648 -6955.054 523.985
f 7803 7800 7802
f 7803 7314 7310
f 7803 7802 7314
f 7803 7310 7309
f 7803 7309 7800
v 7642.817 -6982.686 398.018
f 7804 6892 6347
f 7804 6347 6897
f 7804 7317 6892
f 7804 6897 7317
v 7641.608 -6988.784 405.214
f 7805 7801 7307
f 2387 7805 7318
f 2387 7801 7805
f 2383 7314 7802
v 7632.655 -6955.054 516.834
f 7806 7314 2383
v 7633.016 -6961.041 524.260
f 7807 6894 7313
f 7807 6351 6894
f 7807 6902 6904
f 7807 7313 6902
f 7807 6904 6356
f 7807 6356 6351
v 7637.701 -6988.784 397.351
v 7635.772 -6989.367 395.085
f 7808 7319 7809
f 7808 7315 7319
f 7808 7318 7315
v 7636.962 -6989.626 397.754
v 7634.233 -6990.950 395.974
f 7810 7809 7811
f 7810 7808 7809
f 7810 2387 7318
f 7810 7318 7808
v 7634.954 -6955.054 513.123
f 7812 7324 7323
v 7635.155 -6954.474 511.559
f 7812 7813 7324
v 7633.579 -6952.980 510.648
f 7812 7814 7813
f 7812 7323 7806
f 7812 7806 2383
v 7635.529 -6988.784 393.535
f 7815 7811 7809
f 7815 7809 7319
f 7815 7319 7322
v 7636.354 -6954.254 508.915
f 7816 7813 7814
v 7637.114 -6955.054 509.329
f 7817 7816 7333
f 7817 7324 7813
f 7817 7327 7324
f 7817 7813 7816
f 7817 7333 7327
v 7633.339 -6982.686 382.508
f 7818 6908 7328
f 7818 6901 6359
f 7818 7328 6901
f 7818 6359 6362
f 7818 6362 6908
v 7633.216 -6988.784 389.803
f 7819 7815 7322
f 2404 7815 7819
f 2404 7819 7331
f 2400 7333 7816
v 7640.999 -6955.054 501.511
f 7820 7333 2400
v 7642.463 -6961.041 508.801
f 7821 6371 6906
f 7821 6906 7332
f 7821 6913 6371
f 7821 6911 6913
f 7821 7332 6911
v 7628.181 -6988.784 382.611
f 7822 7329 7337
v 7625.936 -6989.367 380.658
f 7822 7337 7823
f 7822 7331 7329
v 7627.510 -6989.626 383.119
f 7824 7331 7822
f 7824 2404 7331
v 7624.546 -6990.950 381.766
f 7824 7823 7825
f 7824 7822 7823
v 7642.720 -6955.054 497.499
f 7826 7820 2400
f 7826 7339 7338
f 7826 7338 7820
v 7642.685 -6954.474 495.922
f 7826 7827 7339
v 7640.990 -6952.980 495.257
f 7826 7828 7827
v 7625.465 -6988.784 379.162
f 7829 7337 7336
f 7829 7823 7337
f 7829 7825 7823
v 7643.783 -6955.054 494.790
f 7830 7339 7827
f 7830 7827 7828
f 7830 7342 7339
v 7621.655 -6982.686 368.584
f 7831 7343 6910
f 7831 6374 6373
f 7831 6917 7343
f 7831 6910 6374
f 7831 6373 6917
v 7622.621 -6988.784 375.816
f 7832 7829 7336
v 7645.251 -6955.054 490.678
f 7833 7830 2413
f 7833 7342 7830
f 7833 2413 7358
f 2420 7832 7347
f 2420 7829 7832
v 7646.882 -6954.254 482.092
f 7834 7358 2413
v 7646.026 -6952.980 478.933
v 7647.801 -6954.474 479.339
f 7834 7835 7836
v 7616.570 -6988.784 369.455
f 7837 7347 7344
v 7614.059 -6989.367 367.858
f 7837 7349 7838
f 7837 7344 7349
v 7647.719 -6955.054 482.305
f 7839 7356 7354
f 7839 7836 7356
f 7839 7834 7836
f 7839 7354 7358
f 7839 7358 7834
v 7612.768 -6982.686 360.337
f 7840 7351 6916
f 7840 6923 7351
f 7840 6916 6383
f 7840 6383 6923
v 7615.983 -6989.626 370.057
v 7612.850 -6990.950 369.161
f 7841 7838 7842
f 7841 7837 7838
f 7841 2420 7347
f 7841 7347 7837
v 7648.717 -6955.054 478.055
f 7843 7359 7356
f 7843 7356 7836
f 7843 7836 7835
v 7651.282 -6961.041 486.331
f 7844 6920 6394
f 7844 7355 6920
f 7844 6918 7355
f 7844 6394 6919
f 7844 6919 6918
v 7612.279 -6988.784 365.473
f 7845 7348 7353
f 7845 7838 7349
f 7845 7349 7348
v 7611.722 -6989.626 366.104
f 7846 7842 7838
f 7846 7838 7845
f 7846 7845 7353
v 7649.556 -6955.054 473.771
f 7847 7359 7843
f 7847 7843 2427
f 7847 2427 7373
f 2442 7846 7353
v 7605.483 -6988.784 359.914
f 2442 7353 7848
v 7649.889 -6954.254 465.037
v 7648.572 -6952.980 462.041
v 7650.387 -6954.474 462.177
f 7849 7850 7851
f 7849 7373 2427
v 7650.749 -6955.054 465.123
f 7852 7371 7369
f 7852 7373 7849
f 7852 7369 7373
f 7852 7851 7371
f 7852 7849 7851
v 7601.934 -6988.784 357.329
v 7600.407 -6989.367 356.971
v 7599.406 -6990.950 358.439
f 7853 7854 7855
f 7853 7364 7854
f 7853 7363 7364
f 7853 7848 7363
f 7853 2442 7848
v 7599.516 -6988.784 355.680
f 7856 7855 7854
f 7856 7854 7364
f 7856 7364 7367
v 7650.321 -6954.254 459.276
f 7857 7851 7850
v 7654.872 -6961.041 468.573
f 7858 6929 6928
f 7858 6928 7372
f 7858 6931 6409
f 7858 6409 6929
f 7858 7372 6931
v 7651.184 -6955.054 459.319
f 7859 7857 7379
f 7859 7371 7851
f 7859 7851 7857
f 7859 7374 7371
f 7859 7379 7374
v 7592.758 -6982.686 346.695
f 7860 6401 6937
f 7860 7375 6930
f 7860 6930 6403
f 7860 6937 7375
f 7860 6403 6401
v 7595.813 -6988.784 353.321
f 7861 7856 7367
f 2456 7861 7377
f 2456 7856 7861
f 2451 7379 7857
v 7651.293 -6955.054 450.590
f 7862 7379 2451
v 7655.775 -6961.041 456.522
f 7863 6414 6934
f 7863 6938 6940
f 7863 6940 6414
f 7863 7378 6938
f 7863 6934 7378
v 7588.155 -6988.784 349.026
f 7864 7376 7381
v 7585.285 -6989.367 348.240
f 7864 7381 7865
f 7864 7377 7376
v 7581.834 -6982.686 341.434
f 7866 7386 6936
f 7866 6411 6943
f 7866 6943 7386
f 7866 6936 6411
v 7587.772 -6989.626 349.774
f 7867 7864 7865
f 7867 2456 7377
v 7584.514 -6990.950 349.842
f 7867 7865 7868
f 7867 7377 7864
v 7651.103 -6955.054 446.228
f 7869 7383 7862
f 7869 7384 7383
f 7869 7862 2451
v 7650.387 -6954.474 444.823
f 7869 7870 7384
v 7648.572 -6952.980 444.959
f 7869 7871 7870
v 7650.885 -6955.054 443.326
f 7872 7389 7384
f 7872 7384 7870
f 7872 7870 7871
v 7582.881 -6988.784 346.486
f 7873 7381 7380
f 7873 7380 7388
f 7873 7865 7381
v 7582.535 -6989.626 347.253
f 7874 7873 7388
f 7874 7865 7873
f 7874 7868 7865
v 7650.423 -6955.054 438.985
f 7875 2464 7404
f 7875 7872 2464
f 7875 7389 7872
v 7574.749 -6988.784 343.177
f 2478 7388 7876
f 2478 7874 7388
v 7648.168 -6954.254 430.541
f 7877 7404 2464
v 7646.026 -6952.980 428.067
v 7647.801 -6954.474 427.661
f 7877 7878 7879
v 7649.015 -6955.054 430.369
f 7880 7400 7404
f 7880 7401 7400
f 7880 7404 7877
f 7880 7879 7401
f 7880 7877 7879
v 7570.596 -6988.784 341.753
f 7881 7876 7394
f 7881 7394 7395
v 7569.031 -6989.367 341.861
f 7881 7395 7882
v 7568.507 -6990.950 343.559
f 7881 7882 7883
f 7881 2478 7876
v 7567.799 -6988.784 340.890
f 7884 7882 7395
f 7884 7883 7882
f 7884 7395 7398
v 7646.882 -6954.254 424.908
f 7885 7879 7878
v 7653.971 -6961.041 432.451
f 7886 6436 6948
f 7886 7403 6950
f 7886 6947 7403
f 7886 6948 6947
f 7886 6950 6436
v 7647.719 -6955.054 424.695
f 7887 7405 7401
f 7887 7401 7879
f 7887 7885 7407
f 7887 7407 7405
f 7887 7879 7885
v 7558.692 -6982.686 334.296
f 7888 7412 6949
f 7888 6952 7412
f 7888 6949 6431
f 7888 6431 6952
v 7563.565 -6988.784 339.727
f 7889 7884 7398
f 2491 7889 7411
f 2491 7884 7889
f 2487 7407 7885
v 7645.251 -6955.054 416.322
f 7890 7407 2487
v 7651.282 -6961.041 420.669
f 7891 6960 6442
f 7891 6955 7406
f 7891 6442 6955
f 7891 7406 6958
f 7891 6958 6960
v 7554.981 -6988.784 337.880
v 7552.007 -6989.367 337.975
f 7892 7410 7893
f 7892 7408 7410
f 7892 7411 7408
v 7546.704 -6982.686 332.489
f 7894 6439 6964
f 7894 6957 6439
f 7894 6964 7418
f 7894 7418 6957
v 7554.835 -6989.626 338.708
f 7895 7411 7892
f 7895 7892 7893
f 7895 2491 7411
v 7551.742 -6990.950 339.733
f 7895 7893 7896
v 7643.783 -6955.054 412.210
v 7642.685 -6954.474 411.078
f 7897 7898 7416
f 7897 7416 7415
v 7640.990 -6952.980 411.743
f 7897 7899 7898
f 7897 7890 2487
f 7897 7415 7890
v 7641.366 -6954.254 408.492
f 7900 7898 7899
v 7549.193 -6988.784 337.008
f 7901 7893 7410
f 7901 7410 7413
f 7901 7413 7420
v 7642.163 -6955.054 408.156
f 7902 7416 7898
f 7902 7900 7426
f 7902 7421 7416
f 7902 7426 7421
f 7902 7898 7900
v 7549.088 -6989.626 337.842
f 7903 7901 7420
f 7903 7893 7901
f 7903 7896 7893
f 2503 7426 7900
v 7638.473 -6955.054 400.244
f 7904 7426 2503
f 2513 7903 7420
v 7540.447 -6988.784 336.243
f 2513 7420 7905
v 7645.085 -6961.041 403.645
f 7906 6965 7425
f 7906 6971 6455
f 7906 6969 6971
f 7906 7425 6969
f 7906 6455 6965
v 7536.058 -6988.784 336.106
f 7907 7427 7428
f 7907 2513 7905
v 7534.595 -6989.367 336.670
f 7907 7428 7908
v 7534.595 -6990.950 338.448
f 7907 7908 7909
f 7907 7905 7427
v 7636.410 -6955.054 396.397
f 7910 7432 7904
f 7910 7433 7432
f 7910 7904 2503
v 7633.579 -6952.980 396.352
v 7635.155 -6954.474 395.441
f 7910 7911 7912
f 7910 7912 7433
v 7533.131 -6988.784 336.106
f 7913 7428 7431
f 7913 7908 7428
f 7913 7909 7908
v 7634.954 -6955.054 393.877
f 7914 7436 7433
f 7914 7912 7911
f 7914 7433 7912
v 7522.486 -6982.686 332.489
f 7915 7437 6968
f 7915 6975 7437
f 7915 6459 6975
f 7915 6968 6460
f 7915 6460 6459
v 7528.743 -6988.784 336.243
f 7916 7913 7431
v 7632.655 -6955.054 390.166
f 7917 7436 7914
f 7917 2517 7449
f 7917 7914 2517
f 2526 7916 7441
f 2526 7913 7916
v 7626.959 -6954.254 383.537
v 7623.955 -6952.980 382.237
v 7625.379 -6954.474 381.102
f 7918 7919 7920
f 7918 7449 2517
v 7519.996 -6988.784 337.008
f 7921 7441 7438
v 7517.182 -6989.367 337.975
f 7921 7443 7922
f 7921 7438 7443
v 7627.648 -6955.054 383.015
f 7923 7446 7445
f 7923 7445 7449
f 7923 7449 7918
f 7923 7920 7446
f 7923 7918 7920
v 7520.101 -6989.626 337.842
f 7924 7921 7922
f 7924 7441 7921
f 7924 2526 7441
v 7517.447 -6990.950 339.733
f 7924 7922 7925
v 7508.272 -6982.686 334.767
f 7926 6974 6467
v 7623.356 -6954.254 379.020
f 7927 7920 7919
v 7633.016 -6961.041 382.740
f 7928 6480 6977
f 7928 6978 6480
f 7928 6976 7448
f 7928 7448 6978
f 7928 6977 6976
f 1792 7443 7442
v 7624.019 -6955.054 378.464
f 7929 7920 7927
f 7929 7452 7450
f 7929 7450 7446
f 7929 7446 7920
f 7929 7927 7452
v 7503.851 -6982.686 335.834
f 7930 1785 7926
f 7930 6472 6981
f 1791 7922 7443
f 1791 7443 1792
f 2539 7452 7927
v 7618.161 -6955.054 371.992
f 7931 7452 2539
v 7500.158 -6989.367 341.861
f 1788 7454 7932
f 1788 1787 7454
v 7625.482 -6961.041 373.292
f 7933 6986 6988
f 7933 6484 6983
f 7933 6988 6484
f 7933 7451 6986
f 7933 6983 7451
v 7493.000 -6982.686 339.219
f 7934 7460 6985
f 7934 6985 6481
f 7934 6992 7460
f 7934 6481 6992
v 7615.055 -6955.054 368.924
f 7935 7458 7457
f 7935 7931 2539
v 7613.574 -6954.474 368.380
f 7935 7936 7458
v 7612.336 -6952.980 369.715
f 7935 7937 7936
f 7935 7457 7931
v 7612.921 -6955.054 366.944
f 7938 7458 7936
f 7938 7936 7937
f 7938 7463 7458
v 7497.203 -6988.784 342.210
f 7939 7454 7453
f 7939 7453 7462
f 7939 7932 7454
v 7497.471 -6989.626 343.007
f 7940 7939 7462
f 7940 7932 7939
v 7500.682 -6990.950 343.559
f 7940 7941 7932
v 7609.630 -6955.054 364.076
f 7942 7938 2548
f 7942 7463 7938
f 7942 2548 7478
v 7488.991 -6988.784 345.316
f 2559 7462 7943
f 2559 7940 7462
v 7602.233 -6954.254 359.420
f 7944 7478 2548
v 7598.980 -6952.980 359.064
v 7600.006 -6954.474 357.559
f 7944 7945 7946
v 7602.738 -6955.054 358.719
f 7947 7946 7476
f 7947 7474 7478
f 7947 7478 7944
f 7947 7944 7946
f 7947 7476 7474
v 7484.978 -6988.784 347.096
v 7483.904 -6989.367 348.240
v 7484.675 -6990.950 349.842
f 7948 7949 7950
f 7948 7943 7468
f 7948 2559 7943
f 7948 7469 7949
f 7948 7468 7469
v 7482.341 -6988.784 348.367
f 7951 7469 7472
f 7951 7950 7949
f 7951 7949 7469
v 7599.146 -6955.054 356.237
f 7952 7476 7946
f 7952 7479 7476
f 7952 7946 7945
v 7607.787 -6961.041 356.873
f 7953 7475 6998
f 7953 6996 6995
f 7953 6508 6996
f 7953 6998 6508
f 7953 6995 7475
v 7471.180 -6982.686 349.727
f 7954 7480 6997
f 7954 6499 6498
f 7954 6498 7001
f 7954 6997 6499
f 7954 7001 7480
v 7478.446 -6988.784 350.394
f 7955 7951 7472
v 7595.464 -6955.054 353.891
f 7956 2563 7493
f 7956 7479 7952
f 7956 7952 2563
f 2572 7955 7483
f 2572 7951 7955
v 7587.456 -6954.254 350.390
v 7584.186 -6952.980 350.522
v 7584.976 -6954.474 348.882
f 7957 7958 7959
f 7957 7493 2563
v 7470.898 -6988.784 354.878
f 7960 7481 7487
f 7960 7483 7481
v 7468.782 -6989.367 356.971
f 7960 7487 7961
v 7587.850 -6955.054 349.621
f 7962 7493 7957
f 7962 7490 7489
f 7962 7489 7493
f 7962 7957 7959
f 7962 7959 7490
v 7471.354 -6989.626 355.585
v 7469.783 -6990.950 358.439
f 7963 7961 7964
f 7963 2572 7483
f 7963 7483 7960
f 7963 7960 7961
v 7467.255 -6988.784 357.329
f 7965 7487 7486
f 7965 7961 7487
f 7965 7964 7961
v 7582.251 -6954.254 347.883
f 7966 7959 7958
v 7592.568 -6961.041 347.044
f 7967 6521 7005
f 7967 7004 7492
f 7967 7492 7007
f 7967 7007 6521
f 7967 7005 7004
v 7582.606 -6955.054 347.096
f 7968 7959 7966
f 7968 7494 7490
f 7968 7499 7494
f 7968 7490 7959
f 7968 7966 7499
v 7456.422 -6982.686 360.337
f 7969 7006 6515
f 7969 7011 7495
f 7969 6514 7011
f 7969 7495 7006
f 7969 6515 6514
v 7463.706 -6988.784 359.914
f 7970 7965 7486
f 2588 7965 7970
f 2588 7970 7497
f 2584 7499 7966
v 7574.520 -6955.054 343.805
f 7971 7499 2584
v 7581.680 -6961.041 341.801
f 7972 6525 7009
f 7972 7017 6525
f 7972 7009 7498
f 7972 7498 7015
f 7972 7015 7017
v 7456.911 -6988.784 365.473
f 7973 7497 7496
f 7973 7496 7503
v 7455.130 -6989.367 367.858
f 7973 7503 7974
v 7457.467 -6989.626 366.104
f 7975 2588 7497
f 7975 7973 7974
v 7456.339 -6990.950 369.161
f 7975 7974 7976
f 7975 7497 7973
v 7570.391 -6955.054 342.389
v 7568.821 -6954.474 342.541
f 7977 7978 7505
f 7977 7504 7971
f 7977 7971 2584
v 7568.284 -6952.980 344.281
f 7977 7979 7978
f 7977 7505 7504
v 7453.673 -6988.784 368.439
f 7980 7976 7974
f 7980 7503 7502
f 7980 7974 7503
v 7565.977 -6954.254 341.960
f 7981 7978 7979
v 7566.211 -6955.054 341.128
f 7982 7505 7978
f 7982 7981 7510
f 7982 7978 7981
f 7982 7506 7505
f 7982 7510 7506
v 7443.410 -6982.686 373.029
f 7983 7014 6528
f 7983 6528 7019
f 7983 7019 7512
f 7983 7512 7014
v 7450.549 -6988.784 371.525
f 7984 7980 7502
f 2604 7984 7515
f 2604 7980 7984
f 2599 7510 7981
v 7557.725 -6955.054 339.080
f 7985 7510 2599
v 7564.506 -6961.041 336.030
f 7986 7026 6538
f 7986 6533 7016
f 7986 6538 6533
f 7986 7024 7026
f 7986 7016 7509
f 7986 7509 7024
v 7444.658 -6988.784 378.035
v 7443.253 -6989.367 380.658
f 7987 7514 7988
f 7987 7511 7514
f 7987 7515 7511
v 7445.303 -6989.626 378.575
f 7989 2604 7515
f 7989 7987 7988
v 7444.643 -6990.950 381.766
f 7989 7988 7990
f 7989 7515 7987
v 7553.431 -6955.054 338.295
f 7991 7519 7985
f 7991 7520 7519
f 7991 7985 2599
v 7551.901 -6954.474 338.680
f 7991 7992 7520
v 7551.630 -6952.980 340.480
f 7991 7993 7992
v 7441.900 -6988.784 381.450
f 7994 7514 7518
f 7994 7988 7514
f 7994 7990 7988
v 7432.434 -6982.686 387.518
f 7995 7023 6541
f 7995 6543 7030
f 7995 7030 7523
f 7995 7523 7023
f 7995 6541 6543
v 7439.270 -6988.784 384.967
f 7996 7994 7518
f 2619 7994 7996
f 2619 7996 7526
f 1891 7521 7520
f 1891 7520 1892
v 7434.415 -6988.784 392.282
v 7433.417 -6989.367 395.085
f 7997 7528 7998
f 7997 7526 7524
f 7997 7524 7528
v 7534.595 -6954.474 337.383
v 7534.595 -6956.140 335.717
f 1893 7999 8000
v 7435.133 -6989.626 392.720
f 8001 7997 7998
f 8001 2619 7526
f 8001 7526 7997
v 7434.956 -6990.950 395.974
f 8001 7998 8002
f 1894 7531 7530
f 1894 1893 8000
f 1894 7530 1890
f 1894 8000 7531
v 7425.354 -6982.686 400.051
f 8003 7029 6551
v 7531.706 -6954.254 337.666
v 7534.595 -6952.980 339.203
f 8004 7999 8005
v 7540.644 -6961.302 332.297
f 8006 6564 7031
f 8006 1890 7032
f 8006 7032 6564
f 1919 7528 7527
v 7531.684 -6955.054 336.802
f 8007 8004 7533
f 8007 7533 7531
f 8007 7531 8000
f 8007 8000 7999
f 8007 7999 8004
v 7423.432 -6982.686 404.173
f 8008 6556 7035
f 8008 1913 8003
f 1918 7998 7528
f 1918 7528 1919
f 2631 7533 8004
v 7522.972 -6955.054 337.345
f 8009 7533 2631
f 1916 1915 7536
v 7425.841 -6989.367 410.817
f 1916 7536 8010
v 7528.552 -6961.041 332.433
f 8011 7041 6567
f 8011 6562 7033
f 8011 7033 7532
f 8011 6567 6562
f 8011 7532 7039
f 8011 7039 7041
v 7419.312 -6982.686 414.767
f 8012 7541 7038
f 8012 7045 7541
f 8012 6565 7045
f 8012 7038 6565
v 7518.637 -6955.054 337.861
f 8013 7538 8009
f 8013 7539 7538
v 7517.560 -6952.980 340.480
v 7517.288 -6954.474 338.680
f 8013 8014 8015
f 8013 8015 7539
f 8013 8009 2631
v 7514.474 -6954.254 339.390
f 8016 8015 8014
v 7424.272 -6988.784 413.346
f 8017 7536 7534
f 8017 8010 7536
f 8017 7534 7543
v 7514.324 -6955.054 338.539
f 8018 8016 7549
f 8018 8015 8016
f 8018 7549 7544
f 8018 7544 7539
f 8018 7539 8015
v 7425.062 -6989.626 413.633
v 7427.495 -6990.950 411.467
f 8019 8020 8010
f 8019 8010 8017
f 8019 8017 7543
f 2647 7549 8016
v 7505.789 -6955.054 340.375
f 8021 7549 2647
f 2657 8019 7543
v 7421.579 -6988.784 421.702
f 2657 7543 8022
v 7510.576 -6961.041 334.686
f 8023 6582 7047
f 8023 7051 6582
f 8023 7548 7049
f 8023 7047 7548
f 8023 7049 7051
v 7420.469 -6988.784 425.950
v 7420.694 -6989.367 427.503
f 8024 7551 8025
v 7422.427 -6990.950 427.898
f 8024 8025 8026
f 8024 8022 7550
f 8024 2657 8022
f 8024 7550 7551
v 7501.580 -6955.054 341.531
v 7500.368 -6954.474 342.541
f 8027 8028 7554
v 7500.905 -6952.980 344.281
f 8027 8029 8028
f 8027 8021 2647
f 8027 7553 8021
f 8027 7554 7553
v 7414.453 -6982.686 434.625
f 8030 7048 6579
f 1960 7551 7552
v 7413.831 -6982.686 439.130
f 8031 6585 7054
f 8031 1962 8030
f 1959 8025 7551
f 1959 7551 1960
f 1967 7555 7554
f 1967 7554 1968
f 1956 1958 7560
v 7418.092 -6989.367 444.769
f 1956 7560 8032
v 7484.213 -6954.474 348.882
v 7483.491 -6956.140 347.381
f 1972 8033 8034
f 1970 7563 7562
f 1970 7562 1969
f 1970 8034 7563
f 1970 1972 8034
v 7412.981 -6982.686 452.742
f 8035 7056 6593
v 7481.733 -6954.254 350.390
v 7485.003 -6952.980 350.522
f 8036 8033 8037
v 7487.456 -6961.302 341.675
f 8038 6605 7057
f 8038 7058 6605
f 8038 1969 7058
f 1990 7560 7558
v 7481.339 -6955.054 349.621
f 8039 7563 8034
f 8039 7565 7563
f 8039 8034 8033
f 8039 8036 7565
f 8039 8033 8036
v 7413.038 -6982.686 457.290
f 8040 6598 7060
f 8040 1988 8035
f 1993 7560 1990
f 1993 8032 7560
f 2675 7565 8036
v 7473.725 -6955.054 353.891
f 8041 7565 2675
f 1987 1986 7570
v 7418.092 -6989.367 462.231
f 1987 7570 8042
v 7476.622 -6961.041 347.044
f 8043 6608 6606
f 8043 7564 7066
f 8043 7059 7564
f 8043 7068 6608
f 8043 7066 7068
f 8043 6606 7059
v 7470.043 -6955.054 356.237
f 8044 7572 7571
f 8044 8041 2675
f 8044 7571 8041
v 7470.209 -6952.980 359.064
v 7469.183 -6954.474 357.559
f 8044 8045 8046
f 8044 8046 7572
v 7417.638 -6988.784 463.732
f 8047 7570 7569
v 7419.864 -6990.950 462.098
f 8047 8048 8042
f 8047 8042 7570
v 7466.956 -6954.254 359.420
f 8049 8046 8045
v 7466.451 -6955.054 358.719
f 8050 8049 7581
f 8050 7575 7572
f 8050 7581 7575
f 8050 8046 8049
f 8050 7572 8046
v 7414.827 -6982.686 474.618
f 8051 6612 6611
f 8051 6611 7072
f 8051 7065 6612
f 8051 7072 7576
f 8051 7576 7065
v 7418.102 -6988.784 468.098
f 8052 8047 7569
f 2698 8047 8052
f 2698 8052 7579
f 2690 7581 8049
v 7459.559 -6955.054 364.076
f 8053 7581 2690
v 7461.403 -6961.041 356.873
f 8054 6623 7070
f 8054 7580 7075
f 8054 7075 7077
f 8054 7070 7580
f 8054 7077 6623
v 7419.519 -6988.784 476.763
v 7420.694 -6989.367 479.497
f 8055 7585 8056
f 8055 7577 7585
f 8055 7579 7577
v 7420.343 -6989.626 476.596
v 7422.427 -6990.950 479.102
f 8057 8056 8058
f 8057 8055 8056
f 8057 2698 7579
f 8057 7579 8055
v 7456.268 -6955.054 366.944
v 7456.853 -6952.980 369.715
v 7455.615 -6954.474 368.380
f 8059 8060 8061
f 8059 7587 7586
f 8059 7586 8053
f 8059 8053 2690
f 8059 8061 7587
v 7420.469 -6988.784 481.050
f 8062 8056 7585
f 8062 8058 8056
f 8062 7585 7584
v 7419.312 -6982.686 492.233
f 8063 7081 7590
f 8063 6627 7081
f 8063 7590 7074
f 8063 7074 6625
f 8063 6625 6627
v 7421.579 -6988.784 485.298
f 8064 8062 7584
f 2712 8062 8064
f 2712 8064 7593
f 2032 7588 7587
f 2032 7587 2033
v 7424.272 -6988.784 493.654
f 8065 7593 7591
f 8065 7591 7595
v 7425.841 -6989.367 496.183
f 8065 7595 8066
v 7443.810 -6954.474 381.102
v 7442.508 -6956.140 380.064
f 2036 8067 8068
v 7425.062 -6989.626 493.367
v 7427.495 -6990.950 495.533
f 8069 8066 8070
f 8069 8065 8066
f 8069 7593 8065
f 8069 2712 7593
f 2037 2036 8068
f 2037 7597 2034
f 2037 7598 7597
f 2037 8068 7598
v 7424.696 -6982.686 505.583
f 8071 7080 6635
v 7443.606 -6961.302 373.202
f 8072 6648 7082
f 8072 7083 6648
f 8072 2034 7083
f 2053 7595 7594
v 7426.720 -6982.686 509.656
f 8073 2056 8071
f 8073 6640 7086
f 2052 7595 2053
f 2052 8066 7595
f 2063 7598 8068
f 2063 8068 2064
f 1041 2054 7601
f 1041 7601 1042
v 7432.434 -6982.686 519.482
f 8074 7089 6649
f 8074 1054 1053
f 8074 1053 7089
f 8074 6649 1054
f 2067 1036 7606
f 2068 7605 7604
f 2068 7604 2065
f 2068 2067 7606
f 2068 7606 7605
f 1039 1060 7606
f 1039 7606 1036
f 1039 1036 1035
v 7434.415 -6988.784 514.718
f 8075 7599 1052
f 8075 7601 7599
f 8075 1042 7601
v 7432.654 -6961.302 387.660
f 8076 6662 7090
f 8076 2065 7091
f 8076 7091 6662
f 1066 1042 8075
f 1066 1043 1042
f 1066 8075 1052
f 1064 1060 1039
f 1064 1039 1038
f 1064 1038 1063
f 1067 1066 1052
f 1067 1052 1057
v 7426.504 -6954.474 411.078
f 1048 1050 8077
f 1048 1063 1038
v 7427.026 -6955.054 408.156
f 8078 7611 1063
f 8078 7612 7611
f 8078 1048 8077
f 8078 8077 7612
f 8078 1063 1048
v 7443.253 -6989.367 526.342
f 1079 8079 1080
f 1079 1056 7608
f 1079 1057 1056
f 1079 1067 1057
f 1079 7608 8079
f 1083 1080 8079
f 1083 8079 7608
f 1083 7608 1072
f 1069 8077 1050
v 7424.104 -6961.041 403.645
f 8080 7099 6673
f 8080 1062 7099
f 8080 1061 1062
f 8080 7098 1061
f 8080 6673 7098
v 7424.900 -6955.054 413.574
f 8081 1098 7613
f 8081 7613 7612
f 8081 1069 1098
f 8081 8077 1069
f 8081 7612 8077
v 7447.534 -6982.686 538.416
f 8082 1076 6669
f 8082 7102 1077
f 8082 1077 1076
f 8082 6669 6667
f 8082 6667 7102
f 1075 1083 1072
f 1084 1075 1074
f 1084 1083 1075
f 1070 1098 1069
f 1102 1098 1070
v 7419.689 -6961.041 414.894
f 8083 6677 6675
f 8083 1099 7103
f 8083 7103 6677
f 8083 1097 1099
f 8083 7100 1097
f 8083 6675 7100
v 7452.619 -6988.784 537.545
f 8084 7615 1122
f 8084 1074 7614
f 8084 7614 7615
f 1104 1074 8084
f 1104 1084 1074
f 1104 1122 1105
f 1104 8084 1122
f 1088 1087 1118
f 1088 1118 1117
f 1088 1117 1101
f 1088 1101 1102
f 1088 1102 1070
f 1091 1110 1092
f 1108 7615 1109
f 1090 1113 1126
f 1090 1120 1091
f 1123 1122 7615
f 1123 7615 1108
f 1136 1117 1116
f 1136 1135 1117
f 1148 1130 1131
f 1148 1131 1149
v 7471.180 -6982.686 557.273
f 8085 6687 1159
f 8085 7106 6687
f 8085 1159 1162
f 8085 1162 7106
f 1143 1142 7623
f 2107 1143 7623
f 2107 7623 7621
f 2107 7620 1137
f 2107 7621 7620
f 1155 1142 1144
v 7470.898 -6988.784 552.122
f 8086 1131 7617
f 8086 7617 1158
f 8086 1149 1131
f 1138 7107 6700
f 1138 6700 1139
f 1138 1137 7107
v 7418.005 -6955.054 447.681
f 8087 1175 7622
f 8087 1155 1175
f 8087 1142 1155
f 8087 7622 7623
f 8087 7623 1142
f 1168 1149 8086
f 1168 8086 1158
f 1168 1151 1149
f 1154 1175 1155
f 1174 1175 1154
f 1169 1158 1157
f 1169 1168 1158
v 7413.414 -6961.041 450.478
f 8088 6703 7111
f 8088 7111 1176
f 8088 7116 6703
f 8088 1173 7116
f 8088 1176 1173
v 7483.904 -6989.367 558.760
f 1190 8089 1188
f 1190 7625 8089
f 1190 1169 1157
f 1190 1157 1161
f 1190 1161 7625
v 7418.802 -6954.474 462.177
f 1166 8090 7627
f 1166 1174 1154
f 1166 1165 8090
f 1166 1171 1174
f 1166 7627 1171
f 1192 7625 1183
f 1192 1188 8089
f 1192 8089 7625
f 1179 8090 1165
v 7418.440 -6955.054 465.123
f 8091 7627 8090
f 8091 7628 7627
f 8091 8090 1179
f 8091 1179 1201
f 8091 1201 7628
v 7493.000 -6982.686 567.781
f 8092 6705 7118
f 8092 7118 1181
f 8092 1186 6705
f 8092 1181 1186
f 1185 1192 1183
f 1193 1185 1182
f 1193 1192 1185
f 1178 1201 1179
f 1202 1201 1178
v 7414.317 -6961.041 468.573
f 8093 7123 6717
f 8093 1200 1199
f 8093 6717 6711
f 8093 6711 7115
f 8093 7115 1200
f 8093 1199 7123
v 7497.203 -6988.784 564.790
f 8094 7630 7632
f 8094 1182 7630
v 7500.158 -6989.367 565.139
f 8094 7632 8095
v 7504.585 -6982.686 571.355
f 8096 1216 1215
f 8096 7121 6715
f 8096 1215 7121
f 8096 6715 1216
f 1206 8094 8095
f 1206 1193 1182
f 1206 8095 1207
f 1206 1182 8094
v 7421.388 -6954.474 479.339
f 1195 1197 8097
f 1195 7635 1203
f 1195 1203 1202
f 1195 1202 1178
f 1195 8097 7635
f 1210 8097 1197
v 7502.797 -6988.784 566.515
f 8098 7632 7633
f 8098 7633 1214
f 8098 8095 7632
v 7421.470 -6955.054 482.305
f 8099 1228 7636
f 8099 1210 1228
f 8099 8097 1210
f 8099 7636 7635
f 8099 7635 8097
f 1224 8095 8098
f 1224 8098 1214
f 1224 1207 8095
f 1211 1228 1210
f 1229 1228 1211
f 1225 1214 1213
f 1225 1224 1214
v 7417.907 -6961.041 486.331
f 8100 7122 1227
f 8100 1227 1231
f 8100 1231 7131
f 8100 6731 6725
f 8100 7131 6731
f 8100 6725 7122
v 7522.492 -6982.820 574.446
f 8101 6729 7130
f 8101 7128 6729
f 8101 1245 1244
f 8101 7132 1245
f 8101 1244 7128
f 8101 7130 7132
v 7517.182 -6989.367 569.025
f 1239 7639 8102
f 1239 1225 1213
f 1239 1213 1217
f 1239 1217 7639
f 1239 8102 1237
f 1220 1230 1229
f 1220 7642 1230
v 7426.504 -6954.474 495.922
f 1220 8103 7642
f 1220 1221 8103
f 1220 1229 1211
f 1234 8103 1221
f 2147 8102 7639
f 2147 7639 7640
f 2147 7640 1243
v 7427.026 -6955.054 498.844
f 8104 8103 1234
f 8104 7642 8103
f 8104 7644 7642
f 8104 1234 1259
f 8104 1259 7644
f 1241 8102 2147
f 1241 1237 8102
f 1235 1259 1234
f 1258 1259 1235
v 7424.104 -6961.041 503.355
f 8105 7134 1260
f 8105 6743 7134
f 8105 1257 7136
f 8105 7136 6743
f 8105 1260 1257
f 1264 1246 7647
f 1264 7647 7674
f 1264 7674 7675
f 1264 7675 1262
f 1264 1247 1246
f 1264 1265 2148
f 1264 2148 1247
f 1252 7648 1255
v 7434.034 -6954.474 511.559
f 1252 1251 8106
f 1252 1255 1258
f 1252 1258 1235
f 1252 8106 7648
f 1270 8106 1251
v 7434.986 -6955.054 514.370
f 8107 1282 7649
f 8107 8106 1270
f 8107 7649 7648
f 8107 1270 1282
f 8107 7648 8106
f 1269 1282 1270
f 1283 1282 1269
v 7432.768 -6961.041 519.266
f 8108 6749 6745
f 8108 7135 1281
f 8108 1280 7138
f 8108 1281 1280
f 8108 7138 6749
f 8108 6745 7135
f 1275 1287 1278
f 1275 1288 1287
f 1275 1274 1288
f 1275 1283 1269
f 1275 1278 1283
f 1293 1287 1286
f 1293 1292 1287
f 1300 1299 7656
f 2178 7654 7653
f 2178 7653 1297
f 2178 1300 7656
f 2178 7656 7654
f 1304 1299 1302
f 1294 1297 7140
f 1294 6761 1295
f 1294 7140 6761
v 7457.353 -6955.054 541.025
f 8109 1314 7655
f 8109 7656 1299
f 8109 1299 1304
f 8109 7655 7656
f 8109 1304 1314
f 1305 1314 1304
f 1315 1314 1305
v 7456.677 -6961.041 546.358
f 8110 7145 6764
f 8110 7142 1317
f 8110 1317 1316
f 8110 6764 7142
f 8110 1316 7145
f 1308 1315 1305
f 1308 7657 1318
f 1308 1318 1315
v 7469.183 -6954.474 549.441
f 1308 1307 8111
f 1308 8111 7657
f 1311 1325 7657
f 1311 8111 1307
f 1311 7657 8111
f 1326 1311 1312
f 1326 1325 1311
f 1326 1312 1327
v 7484.213 -6954.474 558.118
f 1322 1321 8112
f 1322 1327 1312
v 7481.339 -6955.054 557.379
f 8113 1322 8112
f 8113 8112 7662
f 8113 1327 1322
f 8113 7662 7661
f 8113 7661 1327
f 1332 8112 1321
v 7476.622 -6961.041 559.956
f 8114 1330 7148
f 8114 1329 1330
f 8114 7147 1329
f 8114 6775 7147
f 8114 7148 6775
v 7486.583 -6955.054 559.904
f 8115 7662 8112
f 8115 7663 7662
f 8115 8112 1332
f 8115 1339 7663
f 8115 1332 1339
f 1333 1339 1332
f 1340 1339 1333
v 7487.509 -6961.041 565.199
f 8116 6772 7149
f 8116 7149 1342
f 8116 6777 6772
f 8116 1342 1344
f 8116 7152 6777
f 8116 1344 7152
v 7500.368 -6954.474 564.459
f 1337 8117 7664
f 1337 1341 1340
f 1337 1336 8117
f 1337 1340 1333
f 1337 7664 1341
f 1346 8117 1336
v 7502.978 -6955.054 565.872
f 8118 7666 7664
f 8118 8117 1346
f 8118 7664 8117
f 8118 1346 1353
f 8118 1353 7666
f 1347 1353 1346
f 1354 1353 1347
v 7504.683 -6961.041 570.970
f 8119 7156 6785
f 8119 1356 7156
f 8119 1357 1356
f 8119 7154 1357
f 8119 6785 7154
f 1351 1350 1360
f 1351 1355 1354
f 1351 7668 1355
f 1351 1360 7668
f 1351 1354 1347
f 1361 7668 1360
f 2207 1374 7670
f 2207 7668 1361
f 2207 7670 7669
f 2207 7669 7668
f 1373 7158 1374
f 1373 7162 6791
f 1373 6791 7159
f 1373 7159 7158
f 1373 1372 7162
f 1369 7222 1376
f 1369 1368 7725
f 1369 7725 7724
f 1369 7724 7222
f 1369 1376 1375
f 1369 1375 1370
f 1388 1262 7675
f 1388 1263 1262
f 1388 7675 1384
f 1388 1267 1263
f 1382 7673 6805
f 1382 7168 1383
f 1382 7166 7168
f 1382 6805 7166
f 1382 1381 7673
f 1386 1388 1384
f 1389 1388 1386
f 2212 1383 7677
f 2212 7677 7678
f 2212 7678 7681
f 1397 2212 7681
f 1397 7681 1398
v 7564.127 -6985.990 569.482
f 8120 7174 7176
f 8120 7173 7172
f 8120 7682 7173
f 8120 6808 7174
f 8120 7176 7682
f 8120 7172 6808
f 1401 7681 7680
f 1401 1398 7681
f 1401 7680 2221
v 7575.528 -6985.990 565.965
f 8121 7184 7183
f 8121 7179 6812
f 8121 7688 7180
f 8121 6812 7184
f 8121 7183 7688
f 8121 7180 7179
f 1407 7685 1408
f 1407 2221 7683
f 1407 7683 7685
f 1412 1408 7685
f 1412 7686 2227
f 1412 7685 7686
f 1416 7692 1417
f 1416 2227 7691
f 1416 7691 7692
v 7591.833 -6985.990 558.608
f 8122 7187 6816
f 8122 7188 7187
f 8122 7695 7188
f 8122 6816 7192
f 8122 7193 7695
f 8122 7192 7193
f 1422 7693 2235
f 1422 1417 7692
f 1422 7692 7693
f 1428 7699 1426
f 1428 2235 7698
f 1428 7698 7699
v 7606.859 -6985.990 548.903
f 8123 7199 7198
f 8123 7195 6820
f 8123 7196 7195
f 8123 7702 7196
f 8123 6820 7199
f 8123 7198 7702
f 1432 7700 2244
f 1432 1426 7699
f 1432 7699 7700
f 1438 2244 7705
f 1438 7705 7706
f 1438 7706 1436
v 7620.271 -6985.990 537.067
f 8124 7709 7204
f 8124 7203 6825
f 8124 6825 7207
f 8124 7207 7206
f 8124 7206 7709
f 8124 7204 7203
f 1442 7706 7707
f 1442 7707 2253
f 1442 1436 7706
f 1445 2253 7713
f 1445 7713 7714
f 1445 7714 1447
v 7635.131 -6985.990 518.433
f 8125 6831 7213
f 8125 7213 7215
f 8125 7215 7717
f 8125 7717 7212
f 8125 7212 7211
f 8125 7211 6831
f 1452 7716 2271
f 1452 7714 7716
f 1452 1447 7714
f 1455 1365 1364
f 2275 1365 1455
f 2275 1367 1365
v 7641.097 -6985.990 508.100
f 8126 7218 6834
f 8126 7219 7218
f 8126 6834 7230
f 8126 7230 7229
f 8126 7229 7726
f 8126 7726 7219
f 1464 7720 1461
f 1464 7718 7720
f 1464 2271 7718
f 2276 1482 7723
f 2276 7723 7725
f 2276 1367 2275
f 2276 1368 1367
f 2276 7725 1368
f 1471 1461 7720
f 1471 7721 2286
f 1471 7720 7721
v 7540.600 -6959.730 573.821
f 8127 7223 7220
f 8127 7220 1477
f 8127 7735 6843
f 8127 7225 7223
f 8127 6843 7225
f 8127 1477 1479
f 8127 1479 7735
f 1474 7732 1481
f 1474 1473 7732
f 1474 1481 1475
f 1485 7730 7731
f 1485 2286 7730
f 1485 7731 1490
f 1487 1473 1469
v 7554.561 -6953.508 566.735
f 8128 1487 1510
f 8128 1510 7736
f 8128 1473 1487
f 8128 7732 1473
f 8128 7736 7732
v 7649.804 -6985.990 485.915
f 8129 7738 7234
f 8129 7233 6849
f 8129 7234 7233
f 8129 7241 7738
f 8129 6849 7239
f 8129 7239 7241
f 1488 1510 1487
f 1506 1510 1488
f 1499 7737 2305
f 1499 7731 7737
f 1499 1490 7731
v 7558.385 -6959.092 571.186
f 8130 7238 1511
f 8130 7746 6853
f 8130 1509 7746
f 8130 6853 7238
f 8130 1511 1509
f 1497 7739 1507
f 1497 1507 1506
f 1497 1496 7745
f 1497 1506 1488
f 1497 7745 7739
f 1504 7744 7745
f 1504 2313 7744
f 1504 7745 1496
v 7652.459 -6985.990 474.283
f 8131 7255 7749
f 8131 7254 7255
f 8131 7749 7245
f 8131 7244 6854
f 8131 6854 7254
f 8131 7245 7244
f 1515 7740 7742
f 1515 7742 1516
f 1515 2305 7740
f 1527 7742 7743
f 1527 7743 2319
f 1527 1516 7742
f 1521 7758 7757
f 1521 7757 2313
f 1521 1520 7758
v 7580.870 -6957.769 563.279
f 8132 7251 7252
f 8132 6863 7251
f 8132 7260 7264
f 8132 7252 7750
f 8132 7750 7260
f 8132 7264 6863
f 1533 2319 7755
f 1533 7755 7756
f 1533 7756 1534
f 1529 7758 1520
f 1529 2330 7760
f 1529 7760 7758
v 7654.240 -6985.990 450.516
f 8133 7765 7265
f 8133 7263 6870
f 8133 7265 7263
f 8133 6870 7267
f 8133 7267 7271
f 8133 7271 7765
f 1541 1540 7773
f 1541 7771 2330
f 1541 7773 7771
f 1546 7756 7763
f 1546 1534 7756
f 1546 7763 2340
v 7596.715 -6957.769 555.156
f 8134 6872 7269
f 8134 7269 7270
f 8134 7275 7279
f 8134 7279 6872
f 8134 7764 7275
f 8134 7270 7764
f 1550 2349 7774
f 1550 7773 1540
f 1550 7774 7773
f 1557 7770 1556
f 1557 7768 7770
f 1557 2340 7768
v 7652.459 -6985.990 432.717
f 8135 7287 7779
f 8135 7779 7280
f 8135 7278 6879
f 8135 7280 7278
f 8135 6879 7283
f 8135 7283 7287
f 1563 1564 7786
f 1563 7786 7785
f 1563 7785 2349
f 1566 7777 2358
f 1566 1556 7770
f 1566 7770 7777
v 7611.172 -6957.769 544.762
f 8136 7295 6882
f 8136 7291 7295
f 8136 7778 7291
f 8136 7286 7778
f 8136 7285 7286
f 8136 6882 7285
f 1570 7786 1564
f 1570 7788 7786
f 1570 2366 7788
f 1573 7782 7784
f 1573 7784 1577
f 1573 2358 7782
v 7648.045 -6985.990 415.383
f 8137 7793 7296
f 8137 7294 6888
f 8137 6888 7299
f 8137 7299 7303
f 8137 7303 7793
f 8137 7296 7294
f 1580 7798 2366
f 1580 7799 7798
f 1580 1579 7799
f 1586 7784 7791
f 1586 7791 2374
f 1586 1577 7784
v 7623.919 -6957.769 532.329
f 8138 7301 7302
f 8138 6893 7301
f 8138 7311 6893
f 8138 7308 7311
f 8138 7302 7792
f 8138 7792 7308
f 1589 7802 7799
f 1589 7799 1579
f 1589 2383 7802
v 7643.686 -6985.990 404.276
f 8139 7306 6892
f 8139 7307 7306
f 8139 6892 7317
f 8139 7318 7805
f 8139 7317 7318
f 8139 7805 7307
f 1591 2374 7795
f 1591 7797 1592
f 1591 7795 7797
f 1605 1592 7797
f 1605 7797 7801
f 1605 7801 2387
f 1601 1600 7814
f 1601 7812 2383
f 1601 7814 7812
v 7634.670 -6957.769 518.135
f 8140 6902 7313
f 8140 7313 7314
f 8140 7326 6902
f 8140 7323 7326
f 8140 7806 7323
f 8140 7314 7806
f 1611 7810 7811
f 1611 7811 1613
f 1611 2387 7810
f 1608 7814 1600
f 1608 2400 7816
f 1608 7816 7814
v 7635.131 -6985.990 388.567
f 8141 7819 7322
f 8141 7321 6901
f 8141 7322 7321
f 8141 6901 7328
f 8141 7328 7331
f 8141 7331 7819
f 1625 7811 7815
f 1625 7815 2404
f 1625 1613 7811
f 1621 7826 2400
f 1621 7828 7826
f 1621 1619 7828
f 1627 2413 7830
f 1627 7830 7828
f 1627 7828 1619
v 7643.185 -6957.769 502.498
f 8142 7333 7820
f 8142 7338 7341
f 8142 7341 6911
f 8142 7820 7338
f 8142 6911 7332
f 8142 7332 7333
f 1633 2404 7824
f 1633 7825 1634
f 1633 7824 7825
v 7624.330 -6985.990 374.308
f 8143 6910 7343
f 8143 7336 7335
f 8143 7347 7832
f 8143 7343 7347
f 8143 7832 7336
f 8143 7335 6910
f 1643 7834 2413
f 1643 1642 7835
f 1643 7835 7834
f 1645 7825 7829
f 1645 7829 2420
f 1645 1634 7825
v 7647.524 -6957.769 491.442
f 8144 7346 7342
f 8144 6918 7346
f 8144 7355 6918
f 8144 7358 7355
f 8144 7833 7358
f 8144 7342 7833
f 1647 7835 1642
f 1647 7843 7835
f 1647 2427 7843
f 1651 7841 7842
f 1651 2420 7841
f 1651 7842 1654
f 1663 7850 7849
f 1663 1662 7850
f 1663 7849 2427
v 7606.859 -6985.990 358.097
f 8145 6923 7361
f 8145 7351 6923
f 8145 7353 7351
f 8145 7361 7363
f 8145 7848 7353
f 8145 7363 7848
v 7651.918 -6957.769 474.187
f 8146 7372 6928
f 8146 6928 7360
f 8146 7360 7359
f 8146 7359 7847
f 8146 7373 7372
f 8146 7847 7373
f 1665 7842 7846
f 1665 1654 7842
f 1665 7846 2442
f 1669 7857 7850
f 1669 2451 7857
f 1669 7850 1662
v 7597.001 -6985.990 351.376
f 8147 7366 6930
f 8147 6930 7375
f 8147 7377 7861
f 8147 7367 7366
f 8147 7861 7367
f 8147 7375 7377
f 1675 2442 7853
f 1675 7855 1671
f 1675 7853 7855
f 1685 7856 2456
f 1685 1671 7855
f 1685 7855 7856
f 1678 1681 7871
f 1678 7869 2451
f 1678 7871 7869
f 1687 7871 1681
f 1687 2464 7872
f 1687 7872 7871
v 7653.691 -6957.769 450.530
f 8148 7862 7383
f 8148 7387 6938
f 8148 7383 7387
f 8148 7379 7862
f 8148 7378 7379
f 8148 6938 7378
f 1695 7867 7868
f 1695 7868 1693
f 1695 2456 7867
f 1703 7877 2464
f 1703 7878 7877
f 1703 1702 7878
v 7575.528 -6985.990 341.035
f 8149 7392 7394
f 8149 7876 7388
f 8149 7394 7876
f 8149 7386 6943
f 8149 6943 7392
f 8149 7388 7386
v 7652.804 -6957.769 438.686
f 8150 7875 7404
f 8150 7391 7389
f 8150 6947 7391
f 8150 7404 7403
f 8150 7403 6947
f 8150 7389 7875
f 1705 7868 7874
f 1705 7874 2478
f 1705 1693 7868
f 1709 7885 7878
f 1709 2487 7885
f 1709 7878 1702
v 7564.127 -6985.990 337.518
f 8151 7397 6949
f 8151 7412 7411
f 8151 6949 7412
f 8151 7398 7397
f 8151 7411 7889
f 8151 7889 7398
f 1712 7883 1713
f 1712 7881 7883
f 1712 2478 7881
f 1725 1713 7883
f 1725 7883 7884
f 1725 7884 2491
f 1719 7899 7897
f 1719 7897 2487
f 1719 1718 7899
v 7647.524 -6957.769 415.558
f 8152 7406 7407
f 8152 6958 7406
f 8152 7419 6958
f 8152 7415 7419
f 8152 7407 7890
f 8152 7890 7415
f 1734 2491 7895
f 1734 7896 1732
f 1734 7895 7896
f 1728 2503 7900
f 1728 7900 7899
f 1728 7899 1718
v 7540.560 -6985.990 333.966
f 8153 7905 7420
f 8153 6964 7423
f 8153 7420 7418
f 8153 7418 6964
f 8153 7423 7427
f 8153 7427 7905
f 1739 7910 2503
f 1739 7911 7910
f 1739 1738 7911
f 1745 1732 7896
f 1745 7903 2513
f 1745 7896 7903
f 1747 7914 7911
f 1747 2517 7914
f 1747 7911 1738
v 7640.608 -6957.769 399.150
f 8154 7425 7426
f 8154 7904 7432
f 8154 7426 7904
f 8154 7432 7435
f 8154 7435 6969
f 8154 6969 7425
v 7528.629 -6985.990 333.966
f 8155 7437 7441
f 8155 7430 6968
f 8155 7431 7430
f 8155 6968 7437
f 8155 7441 7916
f 8155 7916 7431
f 1757 2513 7907
f 1757 7907 7909
f 1757 7909 1758
f 1763 1762 7919
f 1763 7918 2517
f 1763 7919 7918
f 1765 7909 7913
f 1765 7913 2526
f 1765 1758 7909
v 7634.670 -6957.769 388.865
f 8156 7440 7436
f 8156 7448 6976
f 8156 7436 7917
f 8156 6976 7440
f 8156 7449 7448
f 8156 7917 7449
v 7506.120 -6979.331 333.909
f 8157 6467 6466
f 8157 6466 6973
f 8157 7926 6467
f 8157 6973 5827
f 8157 7930 7926
f 1771 7925 1773
f 1771 7924 7925
f 1771 2526 7924
v 7512.620 -6985.249 335.346
f 8158 1792 7442
f 8158 7442 6974
v 7503.889 -6979.331 334.463
f 8159 5827 6470
f 8159 8157 5827
f 8159 6472 7930
f 8159 7930 8157
f 8159 6470 6472
f 1768 2539 7927
f 1768 7919 1762
f 1768 7927 7919
f 1789 7926 1785
f 1789 1792 8158
f 1789 8158 6974
f 1789 6974 7926
v 7514.876 -6990.499 339.598
f 8160 7922 1791
f 8160 7925 7922
f 3094 8160 1791
f 3094 1773 7925
f 3094 7925 8160
f 1786 1785 7930
f 1786 7930 6981
f 1779 7937 7935
f 1779 7935 2539
f 1779 1778 7937
v 7501.685 -6985.249 337.914
f 8161 1787 1786
f 8161 7455 7454
f 8161 6981 6982
f 8161 6982 7455
f 8161 1786 6981
f 8161 7454 1787
f 1800 1791 1790
f 1800 3094 1791
f 1794 2548 7938
f 1794 7938 7937
f 1794 7937 1778
v 7619.878 -6957.769 370.317
f 8162 7457 7461
f 8162 7452 7931
f 8162 7451 7452
f 8162 6986 7451
f 8162 7931 7457
f 8162 7461 6986
f 1798 1788 7932
f 1798 7941 1799
f 1798 7932 7941
f 1798 1790 1788
f 1798 1800 1790
f 1807 7945 7944
f 1807 7944 2548
f 1807 1806 7945
v 7488.106 -6985.990 343.215
f 8163 7468 7943
f 8163 7943 7462
f 8163 7462 7460
f 8163 6992 7466
f 8163 7460 6992
f 8163 7466 7468
v 7611.172 -6957.769 362.238
f 8164 7463 7942
f 8164 7942 7478
f 8164 7478 7475
f 8164 7465 7463
f 8164 6995 7465
f 8164 7475 6995
f 1809 7941 7940
f 1809 1799 7941
f 1809 7940 2559
f 1811 7952 7945
f 1811 7945 1806
f 1811 2563 7952
v 7477.356 -6985.990 348.392
f 8165 7472 7471
f 8165 6997 7480
f 8165 7955 7472
f 8165 7480 7483
f 8165 7483 7955
f 8165 7471 6997
f 1821 7950 1822
f 1821 2559 7948
f 1821 7948 7950
f 1828 7958 7957
f 1828 7957 2563
f 1828 1827 7958
f 1830 1822 7950
f 1830 7950 7951
f 1830 7951 2572
v 7596.715 -6957.769 351.844
f 8166 7482 7479
f 8166 7004 7482
f 8166 7493 7492
f 8166 7492 7004
f 8166 7479 7956
f 8166 7956 7493
f 1836 7964 1838
f 1836 7963 7964
f 1836 2572 7963
f 1833 2584 7966
f 1833 7966 7958
f 1833 7958 1827
v 7462.330 -6985.990 358.097
f 8167 7970 7486
f 8167 7486 7485
f 8167 7485 7006
f 8167 7497 7970
f 8167 7495 7497
f 8167 7006 7495
f 1850 1838 7964
f 1850 7965 2588
f 1850 7964 7965
f 1844 1843 7979
f 1844 7977 2584
f 1844 7979 7977
v 7575.341 -6957.769 341.551
f 8168 7499 7971
f 8168 7971 7504
f 8168 7015 7498
f 8168 7498 7499
f 8168 7507 7015
f 8168 7504 7507
f 1855 7976 1857
f 1855 2588 7975
f 1855 7975 7976
f 1852 7979 1843
f 1852 2599 7981
f 1852 7981 7979
v 7448.918 -6985.990 369.933
f 8169 7515 7984
f 8169 7984 7502
f 8169 7501 7014
f 8169 7502 7501
f 8169 7014 7512
f 8169 7512 7515
f 1869 7980 2604
f 1869 1857 7976
f 1869 7976 7980
f 1864 1865 7993
f 1864 7991 2599
f 1864 7993 7991
v 7558.200 -6957.769 336.729
f 8170 7510 7985
f 8170 7985 7519
f 8170 7522 7024
f 8170 7519 7522
f 8170 7509 7510
f 8170 7024 7509
f 1876 2604 7989
f 1876 7989 7990
f 1876 7990 1877
f 1874 7993 1865
v 7548.892 -6953.508 339.410
f 8171 7993 1874
f 8171 7520 7992
f 8171 7992 7993
f 8171 1874 1892
f 8171 1892 7520
v 7437.420 -6985.990 383.636
f 8172 7518 7517
f 8172 7517 7023
f 8172 7023 7523
f 8172 7523 7526
f 8172 7526 7996
f 8172 7996 7518
f 1886 7990 7994
f 1886 7994 2619
f 1886 1877 7990
f 1873 1892 1874
f 1895 1892 1873
v 7546.549 -6959.092 334.030
f 8173 7025 7521
f 8173 7521 1891
f 8173 7031 7025
f 8173 1891 1890
f 8173 8006 7031
f 8173 1890 8006
f 1884 8005 7999
f 1884 1895 1873
f 1884 7999 1893
f 1884 1883 8005
f 1884 1893 1895
v 7423.341 -6979.331 401.199
f 8174 8008 8003
f 8174 8003 6551
f 8174 6550 7028
f 8174 6551 6550
f 8174 7028 5926
f 1898 8002 1900
f 1898 8001 8002
f 1898 2619 8001
v 7428.517 -6985.249 397.013
f 8175 7527 7029
f 8175 1919 7527
v 7422.383 -6979.331 403.288
f 8176 8008 8174
f 8176 6556 8008
f 8176 8174 5926
f 8176 5926 6554
f 8176 6554 6556
f 1888 8004 8005
f 1888 2631 8004
f 1888 8005 1883
f 1912 1919 8175
f 1912 8175 7029
f 1912 7029 8003
f 1912 8003 1913
f 2634 7998 1918
f 2634 8002 7998
f 1924 8002 2634
f 1924 1900 8002
f 1914 1913 8008
f 1914 8008 7035
f 1907 8013 2631
f 1907 8014 8013
f 1907 1906 8014
v 7423.707 -6985.249 407.163
f 8177 7036 7535
f 8177 7536 1915
f 8177 7035 7036
f 8177 1914 7035
f 8177 1915 1914
f 8177 7535 7536
v 7522.733 -6957.769 334.959
f 8178 7533 8009
f 8178 8009 7538
f 8178 7532 7533
f 8178 7039 7532
f 8178 7542 7039
f 8178 7538 7542
f 1926 8020 1927
f 1926 1916 8010
f 1926 8010 8020
f 1926 1917 1916
f 1926 1928 1917
f 1922 2647 8016
f 1922 8014 1906
f 1922 8016 8014
v 7419.385 -6985.990 421.085
f 8179 8022 7543
f 8179 7550 8022
f 8179 7541 7045
f 8179 7543 7541
f 8179 7045 7546
f 8179 7546 7550
f 1935 8029 8027
f 1935 8027 2647
f 1935 1936 8029
f 1938 1927 8020
f 1938 8019 2657
f 1938 8020 8019
v 7412.868 -6979.331 436.315
f 8180 8030 6579
f 8180 6578 7043
f 8180 6579 6578
f 8180 8031 8030
f 8180 7043 5961
v 7505.198 -6957.769 338.050
f 8181 8021 7553
f 8181 7549 8021
f 8181 7049 7548
f 8181 7548 7549
f 8181 7553 7556
f 8181 7556 7049
v 7416.580 -6985.249 430.789
f 8182 1960 7552
f 8182 7552 7048
f 1942 8029 1936
v 7412.568 -6979.331 438.594
f 8183 8031 8180
f 8183 6585 8031
f 8183 8180 5961
f 8183 6583 6585
f 8183 5961 6583
v 7497.974 -6953.508 344.505
f 8184 7554 8028
f 8184 8028 8029
f 8184 1968 7554
f 8184 8029 1942
f 8184 1942 1968
f 1961 7048 8030
f 1961 1960 8182
f 1961 8030 1962
f 1961 8182 7048
f 1946 8026 1949
f 1946 2657 8024
f 1946 8024 8026
v 7421.362 -6990.499 430.242
f 8185 8026 8025
f 8185 8025 1959
f 3193 8185 1959
f 3193 1949 8026
f 3193 8026 8185
f 1963 8031 7054
f 1963 1962 8031
f 1943 1968 1942
f 1971 1968 1943
v 7414.975 -6985.249 441.907
f 8186 7560 1958
f 8186 7055 7559
f 8186 7559 7560
f 8186 7054 7055
f 8186 1963 7054
f 8186 1958 1963
v 7493.529 -6959.092 340.674
f 8187 8038 7057
f 8187 1969 8038
f 8187 7057 7050
f 8187 7050 7555
f 8187 7555 1967
f 8187 1967 1969
f 1954 1953 8037
f 1954 8037 8033
f 1954 1971 1943
f 1954 8033 1972
f 1954 1972 1971
f 1977 1959 1957
f 1977 3193 1959
v 7411.666 -6979.331 454.649
f 8188 7053 5975
f 8188 6592 7053
f 8188 8040 8035
f 8188 6593 6592
f 8188 8035 6593
v 7414.514 -6985.249 448.632
f 8189 1990 7558
f 8189 7558 7056
v 7411.709 -6979.331 456.948
f 8190 8040 8188
f 8190 5975 6596
f 8190 6598 8040
f 8190 6596 6598
f 8190 8188 5975
f 1974 1957 1956
v 7419.864 -6990.950 444.902
f 1974 8191 1975
f 1974 8032 8191
f 1974 1977 1957
f 1974 1956 8032
f 1965 8037 1953
f 1965 2675 8036
f 1965 8036 8037
f 1991 8189 7056
f 1991 1990 8189
f 1991 7056 8035
f 1991 8035 1988
f 2677 8032 1993
f 2677 8191 8032
f 1998 1975 8191
f 1998 8191 2677
f 1989 1988 8040
f 1989 8040 7060
f 1980 1979 8045
f 1980 8044 2675
f 1980 8045 8044
v 7414.584 -6985.249 459.865
f 8192 7060 7061
f 8192 7570 1986
f 8192 1989 7060
f 8192 7061 7568
f 8192 1986 1989
f 8192 7568 7570
v 7472.474 -6957.769 351.844
f 8193 7066 7564
f 8193 7564 7565
f 8193 7565 8041
f 8193 8041 7571
f 8193 7574 7066
f 8193 7571 7574
f 2000 1987 8042
f 2000 8048 2001
f 2000 2003 1992
f 2000 1992 1987
f 2000 8042 8048
f 1996 8045 1979
f 1996 8049 8045
f 1996 2690 8049
v 7415.841 -6985.990 468.382
f 8194 7065 7576
f 8194 7576 7579
f 8194 8052 7569
f 8194 7569 7567
f 8194 7579 8052
f 8194 7567 7065
f 2012 8047 2698
f 2012 8048 8047
f 2012 2001 8048
f 2006 2005 8060
f 2006 8060 8059
f 2006 8059 2690
v 7458.017 -6957.769 362.238
f 8195 7581 8053
f 8195 7580 7581
f 8195 7075 7580
f 8195 8053 7586
f 8195 7586 7589
f 8195 7589 7075
f 2022 8058 2020
f 2022 8057 8058
f 2022 2698 8057
f 2017 8060 2005
v 7454.310 -6953.508 371.188
f 8196 8061 8060
f 8196 7587 8061
f 8196 2033 7587
f 8196 2017 2033
f 8196 8060 2017
v 7419.385 -6985.990 485.915
f 8197 7583 7074
f 8197 7584 7583
f 8197 7074 7590
f 8197 8064 7584
f 8197 7590 7593
f 8197 7593 8064
f 2030 2020 8058
f 2030 8058 8062
f 2030 8062 2712
f 2018 2033 2017
f 2035 2033 2018
v 7448.643 -6959.092 369.665
f 8198 2034 8072
f 8198 7588 2032
f 8198 7076 7588
f 8198 7082 7076
f 8198 8072 7082
f 8198 2032 2034
f 2028 8067 2036
v 7445.234 -6952.980 382.237
f 2028 2027 8199
f 2028 2036 2035
f 2028 2035 2018
f 2028 8199 8067
v 7424.339 -6979.331 507.872
f 8200 6635 6634
f 8200 7079 6027
f 8200 6634 7079
f 8200 8073 8071
f 8200 8071 6635
f 2040 8070 2045
f 2040 8069 8070
f 2040 2712 8069
v 7424.293 -6985.249 501.215
f 8201 7594 7080
f 8201 2053 7594
f 2043 8199 2027
v 7425.374 -6979.331 509.924
f 8202 6640 8073
f 8202 6638 6640
f 8202 8200 6027
f 8202 6027 6638
f 8202 8073 8200
v 7442.939 -6953.508 384.073
f 8203 8199 2043
f 8203 2043 2064
f 8203 8068 8067
f 8203 2064 8068
f 8203 8067 8199
f 2055 8201 7080
f 2055 2053 8201
f 2055 8071 2056
f 2055 7080 8071
f 2727 8070 8066
f 2727 8066 2052
f 2061 8070 2727
f 2061 2045 8070
f 2057 2056 8073
f 2057 8073 7086
f 2042 2064 2043
f 2066 2064 2042
v 7429.230 -6985.249 511.305
f 8204 7087 7600
f 8204 7086 7087
f 8204 7601 2054
f 8204 2054 2057
f 8204 2057 7086
f 8204 7600 7601
v 7437.108 -6959.092 383.412
f 8205 2063 2065
f 8205 7598 2063
f 8205 8076 7090
f 8205 2065 8076
f 8205 7090 7084
f 8205 7084 7598
f 1033 2067 2066
f 1033 1036 2067
f 1033 2066 2042
v 7320.410 -6986.064 208.554
v 7319.218 -6986.041 206.259
v 7320.105 -6986.546 208.722
f 8206 8207 8208
v 7319.724 -6988.842 211.963
f 8206 8208 8209
v 7320.705 -6985.573 208.393
f 8210 8207 8206
v 7319.806 -6985.050 205.961
f 8210 8211 8207
f 8210 8206 8209
v 7319.636 -6990.496 215.169
v 7319.365 -6989.267 212.175
v 7318.997 -6989.681 212.392
f 8212 8213 8214
f 8212 8209 8213
v 7317.722 -6991.622 214.786
f 8212 8214 8215
v 7316.317 -6993.254 217.354
v 7319.553 -6991.968 218.511
f 8212 8216 8217
f 8212 8215 8216
v 7320.990 -6985.073 208.237
f 8218 8210 8209
v 7320.350 -6984.027 205.685
f 8218 8219 8211
v 7320.848 -6982.976 205.433
f 8218 8220 8219
v 7321.298 -6981.898 205.205
f 8218 8221 8220
v 7321.700 -6980.796 205.001
f 8218 8222 8221
v 7322.054 -6979.674 204.822
f 8218 8223 8222
v 7322.356 -6978.533 204.669
f 8218 8224 8223
f 8218 8211 8210
v 7321.884 -6990.496 218.529
v 7322.673 -6990.478 219.595
f 8225 8217 8226
f 8225 8212 8217
v 7323.388 -6989.681 219.075
f 8225 8226 8227
v 7324.070 -6988.842 218.578
f 8225 8227 8228
v 7324.428 -6986.064 215.119
f 8229 8225 8228
f 8229 8212 8225
f 8229 8209 8212
v 7324.974 -6985.073 214.748
f 8230 8218 8209
f 8230 8224 8218
f 8230 8209 8229
v 7330.225 -6978.533 217.085
v 7330.448 -6977.376 216.912
f 8230 8231 8232
v 7330.626 -6976.207 216.773
f 8230 8232 8233
v 7328.890 -6982.976 218.123
v 7329.644 -6980.796 217.536
f 8230 8234 8235
v 7322.609 -6977.376 204.541
f 8230 8236 8224
v 7322.809 -6976.207 204.439
f 8230 8237 8236
f 8230 8233 8237
f 8230 8235 8231
v 7326.101 -6987.020 218.676
v 7325.662 -6988.802 220.631
f 8238 8228 8239
f 8238 8229 8228
v 7326.889 -6986.998 219.678
f 8238 8239 8240
v 7326.667 -6986.064 218.250
f 8241 8238 8240
v 7327.968 -6985.050 218.839
f 8241 8242 8234
f 8241 8240 8242
f 8241 8230 8229
f 8241 8229 8238
f 8241 8234 8230
v 7319.580 -6958.129 207.496
v 7320.174 -6960.143 205.775
v 7320.687 -6961.185 205.515
f 8243 8244 8245
v 7319.615 -6959.130 206.058
f 8243 8246 8244
v 7319.013 -6958.150 206.363
f 8243 8247 8246
v 7319.265 -6957.652 207.662
f 8248 8247 8243
v 7318.368 -6957.205 206.690
f 8248 8249 8247
v 7318.939 -6957.184 207.833
f 8250 8249 8248
v 7318.137 -6955.390 209.729
v 7316.956 -6955.428 207.406
f 8250 8251 8252
v 7317.681 -6956.297 207.038
f 8250 8253 8249
f 8250 8252 8253
v 7322.044 -6959.108 210.524
v 7330.572 -6967.916 216.816
v 7330.379 -6966.751 216.965
f 8254 8255 8256
v 7330.141 -6965.600 217.151
f 8254 8256 8257
v 7322.748 -6967.916 204.470
f 8254 8258 8255
v 7322.530 -6966.751 204.581
f 8254 8259 8258
v 7322.261 -6965.600 204.717
f 8254 8260 8259
v 7321.941 -6964.464 204.879
f 8254 8261 8260
v 7321.572 -6963.348 205.066
f 8254 8262 8261
v 7321.153 -6962.254 205.278
f 8254 8263 8262
f 8254 8245 8263
f 8254 8243 8245
v 7321.757 -6958.614 210.692
v 7322.277 -6955.390 216.506
f 8264 8254 8265
f 8264 8243 8254
v 7321.461 -6958.129 210.867
f 8266 8248 8243
f 8266 8243 8264
f 8266 8251 8250
f 8266 8264 8265
f 8266 8250 8248
v 7317.228 -6953.765 211.743
v 7316.996 -6954.167 210.353
v 7317.385 -6954.564 210.140
f 8267 8268 8269
v 7317.766 -6954.972 209.932
f 8267 8270 8251
v 7316.232 -6952.326 213.874
v 7316.598 -6953.782 210.571
f 8267 8271 8272
f 8267 8251 8266
f 8267 8272 8268
f 8267 8269 8270
v 7326.242 -6959.108 216.924
f 8273 8265 8254
v 7329.160 -6962.254 217.913
v 7328.747 -6961.185 218.234
f 8273 8274 8275
v 7329.858 -6964.464 217.371
f 8273 8257 8276
v 7329.531 -6963.348 217.625
f 8273 8277 8274
f 8273 8276 8277
v 7328.293 -6960.143 218.586
f 8273 8275 8278
f 8273 8254 8257
v 7327.799 -6959.130 218.971
f 8273 8278 8279
v 7319.315 -6953.765 215.223
v 7315.886 -6951.075 217.313
f 8280 8281 8271
v 7321.927 -6954.972 216.744
v 7321.568 -6954.564 216.987
f 8280 8282 8283
f 8280 8266 8265
f 8280 8267 8266
f 8280 8271 8267
f 8280 8265 8282
v 7325.973 -6958.614 217.119
f 8284 8265 8273
f 8284 8273 8279
v 7327.265 -6958.150 219.385
f 8284 8279 8285
v 7325.694 -6958.129 217.321
f 8286 8284 8285
f 8286 8265 8284
v 7325.406 -6957.652 217.531
f 8287 8265 8286
f 8287 8286 8285
v 7326.694 -6957.205 219.829
f 8287 8285 8288
v 7325.109 -6957.184 217.747
f 8289 8287 8288
v 7323.901 -6954.564 220.253
f 8289 8290 8265
v 7326.087 -6956.297 220.301
f 8289 8288 8291
f 8289 8265 8287
f 8289 8291 8290
v 7318.832 -6952.664 217.130
f 8292 8280 8283
v 7318.241 -6951.075 220.851
f 8292 8293 8281
f 8292 8281 8280
v 7319.983 -6952.664 218.843
v 7323.183 -6953.782 220.792
f 8294 8283 8295
v 7320.778 -6952.326 220.815
f 8294 8295 8296
v 7320.374 -6952.001 221.107
f 8294 8297 8293
f 8294 8296 8297
f 8294 8292 8283
f 8294 8293 8292
v 7380.917 -6995.870 273.751
v 7385.846 -6995.642 275.214
v 7385.874 -6995.770 274.630
f 8298 8299 8300
v 7385.902 -6995.882 274.043
f 8298 8300 8301
v 7380.586 -6994.969 277.198
f 8298 8302 8299
v 7381.257 -6996.246 270.209
f 8298 8301 8303
v 7378.500 -6995.965 272.929
f 8298 8303 8304
v 7378.360 -6995.750 274.091
f 8298 8305 8302
f 8298 8304 8305
v 7379.210 -6996.155 267.027
v 7376.629 -6996.254 268.513
v 7377.694 -6996.252 269.552
f 8306 8307 8308
f 8306 8308 8303
v 7376.969 -6996.097 266.162
f 8306 8309 8307
v 7379.351 -6996.016 265.853
v 7377.953 -6994.236 259.364
v 7377.634 -6995.083 261.566
f 8310 8311 8312
v 7377.305 -6995.705 263.839
f 8310 8313 8309
f 8310 8306 8303
f 8310 8312 8313
f 8310 8309 8306
v 7386.187 -6996.195 268.098
f 8314 8303 8301
v 7388.469 -6996.226 271.133
v 7388.483 -6996.249 270.535
f 8314 8315 8316
f 8314 8301 8315
v 7386.216 -6996.145 267.503
f 8317 8303 8314
v 7386.244 -6996.079 266.909
f 8318 8310 8303
v 7390.893 -6995.893 265.769
v 7390.893 -6995.655 264.596
f 8318 8319 8320
v 7390.893 -6995.360 263.436
f 8318 8320 8321
v 7390.893 -6995.007 262.293
f 8318 8321 8322
v 7390.893 -6994.598 261.168
f 8318 8322 8323
v 7390.893 -6994.133 260.065
f 8318 8323 8324
f 8318 8311 8310
f 8318 8303 8317
f 8318 8324 8311
v 7389.717 -6996.191 268.151
f 8325 8314 8316
v 7390.893 -6996.250 269.338
f 8325 8316 8326
v 7390.893 -6996.190 268.143
f 8325 8326 8327
v 7390.893 -6996.071 266.952
f 8325 8327 8328
f 8325 8328 8319
f 8325 8319 8318
f 8325 8317 8314
f 8325 8318 8317
v 7379.348 -6948.494 265.879
v 7377.416 -6948.992 263.075
v 7377.580 -6949.312 261.940
f 8329 8330 8331
v 7377.082 -6948.522 265.384
v 7377.250 -6948.728 264.223
f 8329 8332 8333
v 7377.742 -6949.690 260.823
f 8329 8331 8334
f 8329 8333 8330
v 7379.278 -6948.418 266.465
v 7376.912 -6948.375 266.553
f 8335 8336 8332
f 8335 8332 8329
v 7381.290 -6948.260 269.865
f 8335 8329 8337
v 7379.207 -6948.357 267.052
f 8338 8335 8337
v 7376.572 -6948.257 268.906
v 7376.742 -6948.287 267.728
f 8338 8339 8340
f 8338 8340 8336
v 7377.570 -6948.300 270.487
f 8338 8341 8339
f 8338 8337 8341
f 8338 8336 8335
v 7386.253 -6948.457 266.737
v 7390.893 -6950.381 260.065
v 7390.893 -6949.916 261.168
f 8342 8343 8344
v 7390.893 -6949.507 262.293
f 8342 8344 8345
v 7390.893 -6949.154 263.436
f 8342 8345 8346
v 7390.893 -6948.859 264.596
f 8342 8346 8347
v 7390.893 -6948.622 265.769
f 8342 8347 8348
f 8342 8329 8334
v 7377.900 -6950.122 259.725
v 7378.056 -6950.609 258.650
f 8342 8349 8350
f 8342 8350 8343
f 8342 8334 8349
f 8342 8337 8329
v 7386.224 -6948.387 267.331
f 8351 8337 8342
v 7385.898 -6948.650 274.143
v 7381.233 -6948.277 270.458
f 8351 8352 8353
f 8351 8353 8337
v 7388.482 -6948.267 270.586
f 8351 8354 8352
v 7380.868 -6948.744 274.264
v 7380.567 -6949.612 277.390
v 7378.327 -6948.825 274.371
f 8355 8356 8357
v 7378.465 -6948.598 273.223
v 7381.176 -6948.309 271.049
f 8355 8358 8359
f 8355 8357 8358
v 7385.870 -6948.766 274.729
f 8355 8352 8360
v 7385.842 -6948.895 275.313
f 8355 8361 8356
f 8355 8360 8361
f 8355 8359 8352
v 7389.717 -6948.321 268.176
v 7390.893 -6948.443 266.952
f 8362 8348 8363
v 7390.893 -6948.324 268.143
f 8362 8363 8364
v 7390.893 -6948.265 269.338
f 8362 8364 8365
f 8362 8342 8348
f 8362 8354 8351
f 8362 8365 8354
f 8362 8351 8342
v 7330.758 -6975.029 216.671
f 8366 8237 8233
v 7322.958 -6975.029 204.364
f 8366 8367 8237
v 7330.843 -6973.843 216.605
v 7323.054 -6973.843 204.315
f 8368 8369 8367
f 8368 8367 8366
v 7330.882 -6972.654 216.575
f 8370 8369 8368
v 7323.098 -6972.654 204.293
f 8370 8371 8369
v 7330.874 -6971.464 216.581
f 8372 8371 8370
v 7323.090 -6971.464 204.297
f 8372 8373 8371
v 7330.820 -6970.275 216.623
f 8374 8373 8372
v 7323.028 -6970.275 204.328
f 8374 8375 8373
v 7330.719 -6969.092 216.701
f 8376 8375 8374
v 7322.914 -6969.092 204.386
f 8376 8377 8375
f 8255 8258 8377
f 8255 8377 8376
v 7390.893 -6993.614 258.987
f 8311 8324 8378
v 7378.258 -6993.173 257.257
f 8379 8311 8378
v 7390.893 -6993.042 257.936
f 8379 8378 8380
v 7390.893 -6992.418 256.915
f 8379 8380 8381
v 7378.546 -6991.904 255.264
f 8382 8379 8381
v 7390.893 -6991.744 255.926
f 8382 8381 8383
v 7390.893 -6991.021 254.973
f 8382 8383 8384
v 7378.815 -6990.442 253.405
v 7390.893 -6990.252 254.056
f 8385 8384 8386
f 8385 8382 8384
v 7390.893 -6989.438 253.179
f 8385 8386 8387
v 7379.062 -6988.802 251.699
f 8388 8385 8387
v 7390.893 -6988.581 252.343
f 8388 8387 8389
v 7390.893 -6987.684 251.551
f 8388 8389 8390
v 7379.284 -6986.998 250.161
f 8391 8388 8390
v 7390.893 -6986.749 250.805
f 8391 8390 8392
v 7390.893 -6985.777 250.107
f 8391 8392 8393
v 7379.480 -6985.050 248.809
f 8394 8391 8393
v 7390.893 -6984.772 249.457
f 8394 8393 8395
v 7390.893 -6983.735 248.859
f 8394 8395 8396
v 7379.647 -6982.976 247.653
f 8397 8394 8396
v 7390.893 -6982.670 248.313
f 8397 8396 8398
v 7390.893 -6981.580 247.821
f 8397 8398 8399
v 7379.784 -6980.796 246.707
f 8400 8397 8399
v 7390.893 -6980.466 247.384
f 8400 8399 8401
v 7390.893 -6979.331 247.003
f 8400 8401 8402
v 7379.890 -6978.533 245.979
f 8403 8400 8402
v 7390.893 -6978.179 246.678
f 8403 8402 8404
v 7379.930 -6977.376 245.700
v 7390.893 -6977.013 246.412
f 8405 8404 8406
f 8405 8403 8404
v 7379.962 -6976.207 245.477
v 7390.893 -6975.834 246.204
f 8407 8406 8408
f 8407 8405 8406
v 7379.986 -6975.029 245.312
f 8409 8407 8408
v 7390.893 -6974.647 246.056
f 8409 8408 8410
v 7380.002 -6973.843 245.205
f 8411 8409 8410
v 7390.893 -6973.454 245.966
f 8411 8410 8412
v 7380.009 -6972.654 245.156
f 8413 8411 8412
v 7390.893 -6972.257 245.936
f 8413 8412 8414
v 7380.007 -6971.464 245.166
f 8415 8413 8414
v 7390.893 -6971.061 245.966
f 8415 8414 8416
v 7379.997 -6970.275 245.234
f 8417 8415 8416
v 7390.893 -6969.868 246.056
f 8417 8416 8418
v 7379.979 -6969.092 245.360
f 8419 8417 8418
v 7390.893 -6968.680 246.204
f 8419 8418 8420
v 7379.952 -6967.916 245.545
f 8421 8419 8420
v 7390.893 -6967.502 246.412
f 8421 8420 8422
v 7379.917 -6966.751 245.786
f 8423 8421 8422
v 7390.893 -6966.335 246.678
f 8423 8422 8424
v 7379.874 -6965.600 246.085
f 8425 8423 8424
v 7390.893 -6965.183 247.003
f 8425 8424 8426
v 7379.823 -6964.464 246.440
v 7390.893 -6964.049 247.384
f 8427 8426 8428
f 8427 8425 8426
v 7379.764 -6963.348 246.850
f 8429 8427 8428
v 7390.893 -6962.935 247.821
f 8429 8428 8430
v 7379.696 -6962.254 247.314
f 8431 8429 8430
v 7390.893 -6961.844 248.313
f 8431 8430 8432
v 7379.621 -6961.185 247.832
f 8433 8431 8432
v 7390.893 -6960.779 248.859
f 8433 8432 8434
v 7379.539 -6960.143 248.401
f 8435 8433 8434
v 7390.893 -6959.743 249.457
f 8435 8434 8436
v 7379.449 -6959.130 249.021
f 8437 8435 8436
v 7390.893 -6958.738 250.107
f 8437 8436 8438
v 7379.353 -6958.150 249.689
f 8439 8437 8438
v 7390.893 -6957.766 250.805
f 8439 8438 8440
v 7379.249 -6957.205 250.405
f 8441 8439 8440
v 7390.893 -6956.830 251.551
f 8441 8440 8442
v 7379.139 -6956.297 251.167
v 7390.893 -6955.933 252.343
f 8443 8442 8444
f 8443 8441 8442
v 7379.022 -6955.428 251.972
v 7390.893 -6955.076 253.179
f 8445 8444 8446
f 8445 8443 8444
v 7378.900 -6954.600 252.818
v 7390.893 -6954.262 254.056
f 8447 8446 8448
f 8447 8445 8446
v 7378.772 -6953.816 253.705
v 7390.893 -6953.493 254.973
f 8449 8448 8450
f 8449 8447 8448
v 7378.638 -6953.077 254.628
v 7390.893 -6952.771 255.926
f 8451 8450 8452
f 8451 8449 8450
v 7378.499 -6952.385 255.587
v 7390.893 -6952.097 256.915
f 8453 8452 8454
f 8453 8451 8452
v 7378.356 -6951.742 256.579
v 7390.893 -6951.473 257.936
f 8455 8454 8456
f 8455 8453 8454
v 7378.208 -6951.150 257.601
v 7390.893 -6950.900 258.987
f 8457 8456 8458
f 8457 8455 8456
f 8350 8457 8458
f 8350 8458 8343
v 7281.763 -6974.634 228.566
v 7280.285 -6972.257 225.989
v 7283.096 -6972.257 231.221
f 8459 8460 8461
v 7280.312 -6973.447 225.976
f 8459 8462 8460
v 7280.391 -6974.634 225.936
f 8459 8463 8462
v 7281.822 -6975.226 228.535
f 8464 8463 8459
v 7280.522 -6975.816 225.869
f 8464 8465 8463
v 7281.893 -6975.816 228.496
v 7280.705 -6976.988 225.776
f 8466 8467 8465
v 7280.940 -6978.149 225.657
f 8466 8468 8467
f 8466 8465 8464
v 7283.327 -6975.816 231.090
f 8469 8464 8459
f 8469 8459 8461
f 8469 8466 8464
v 7283.410 -6976.403 231.043
f 8470 8466 8469
v 7283.506 -6976.988 230.988
f 8471 8466 8470
v 7283.614 -6977.570 230.927
f 8472 8466 8471
v 7291.285 -6974.634 243.590
v 7289.670 -6975.816 241.099
v 7289.453 -6972.257 241.252
f 8473 8474 8475
v 7292.984 -6972.257 246.027
f 8473 8475 8476
v 7293.077 -6974.634 245.955
f 8473 8476 8477
v 7291.403 -6975.816 243.503
f 8478 8474 8473
v 7293.356 -6976.988 245.738
f 8478 8477 8479
v 7289.838 -6976.988 240.981
f 8478 8480 8474
f 8478 8473 8477
v 7294.926 -6974.634 248.275
v 7296.740 -6972.257 250.628
f 8481 8476 8482
f 8481 8477 8476
v 7295.040 -6975.816 248.182
f 8483 8479 8477
f 8483 8477 8481
v 7296.941 -6975.816 250.456
f 8484 8481 8482
f 8484 8483 8481
v 7297.097 -6976.988 250.322
f 8485 8483 8484
v 7307.134 -6974.634 261.212
v 7304.891 -6972.257 259.265
v 7309.267 -6972.257 263.280
f 8486 8487 8488
v 7305.074 -6975.816 259.073
f 8486 8489 8487
v 7309.344 -6974.634 263.191
f 8486 8488 8490
v 7307.234 -6975.816 261.103
v 7305.217 -6976.988 258.925
f 8491 8492 8489
f 8491 8489 8486
f 8491 8486 8490
v 7309.576 -6976.988 262.926
f 8491 8490 8493
v 7311.601 -6974.634 265.118
v 7313.830 -6972.257 267.082
f 8494 8488 8495
f 8494 8490 8488
v 7311.695 -6975.816 265.005
f 8496 8490 8494
f 8496 8493 8490
v 7313.995 -6975.816 266.874
f 8497 8494 8495
f 8497 8496 8494
v 7314.122 -6976.988 266.713
f 8498 8496 8497
v 7326.049 -6974.634 275.492
v 7323.476 -6972.257 274.008
v 7328.537 -6972.257 277.117
f 8499 8500 8501
v 7323.620 -6975.816 273.785
f 8499 8502 8500
v 7328.596 -6974.634 277.015
f 8499 8501 8503
v 7326.126 -6975.816 275.367
v 7328.773 -6976.988 276.710
f 8504 8503 8505
f 8504 8499 8503
v 7323.732 -6976.988 273.613
f 8504 8506 8502
f 8504 8502 8499
v 7331.178 -6974.634 278.476
v 7333.740 -6972.257 279.980
f 8507 8501 8508
f 8507 8503 8501
v 7331.249 -6975.816 278.347
f 8509 8505 8503
f 8509 8503 8507
v 7333.863 -6975.816 279.744
f 8510 8507 8508
f 8510 8509 8507
v 7333.957 -6976.988 279.562
f 8511 8509 8510
v 7347.338 -6974.634 285.909
v 7344.529 -6972.257 284.942
v 7350.089 -6972.257 287.030
f 8512 8513 8514
v 7350.128 -6974.634 286.919
f 8512 8514 8515
v 7344.628 -6975.816 284.696
f 8512 8516 8513
v 7347.390 -6975.816 285.771
v 7344.705 -6976.988 284.505
f 8517 8518 8516
v 7350.244 -6976.988 286.586
f 8517 8515 8519
f 8517 8516 8512
f 8517 8512 8515
v 7352.941 -6974.634 287.862
v 7355.743 -6972.257 288.850
f 8520 8514 8521
f 8520 8515 8514
v 7352.986 -6975.816 287.721
f 8522 8519 8515
f 8522 8515 8520
v 7355.818 -6975.816 288.596
f 8523 8522 8520
f 8523 8520 8521
v 7355.876 -6976.988 288.398
f 8524 8522 8523
v 7370.221 -6974.634 292.081
v 7367.329 -6975.816 291.407
v 7367.279 -6972.257 291.667
f 8525 8526 8527
v 7373.135 -6972.257 292.658
f 8525 8527 8528
v 7373.152 -6974.634 292.541
f 8525 8528 8529
v 7370.245 -6975.816 291.936
f 8530 8526 8525
v 7367.369 -6976.988 291.205
f 8530 8531 8526
f 8530 8525 8529
v 7373.202 -6976.988 292.192
f 8530 8529 8532
v 7376.093 -6974.634 292.931
v 7379.032 -6972.257 293.368
f 8533 8528 8534
f 8533 8529 8528
v 7376.111 -6975.816 292.785
f 8535 8533 8534
f 8535 8529 8533
f 8535 8532 8529
v 7384.968 -6975.834 293.526
v 7384.956 -6972.257 293.794
f 8536 8534 8537
v 7387.926 -6974.647 293.782
v 7390.893 -6972.257 293.936
f 8538 8537 8539
v 7390.893 -6973.454 293.906
f 8538 8539 8540
v 7390.893 -6974.647 293.817
f 8538 8540 8541
f 8538 8536 8537
v 7387.928 -6975.241 293.715
v 7390.893 -6975.834 293.668
f 8542 8541 8543
f 8542 8538 8541
f 8542 8536 8538
v 7387.930 -6975.834 293.633
v 7390.893 -6977.013 293.460
f 8544 8543 8545
f 8544 8536 8542
f 8544 8542 8543
v 7281.888 -6968.736 228.499
v 7280.697 -6967.575 225.781
v 7280.927 -6966.426 225.664
f 8546 8547 8548
v 7280.517 -6968.736 225.872
f 8546 8549 8547
v 7281.818 -6969.319 228.536
v 7280.388 -6969.905 225.937
f 8550 8551 8549
f 8550 8549 8546
v 7281.761 -6969.905 228.567
v 7280.311 -6971.080 225.976
f 8552 8553 8551
f 8552 8460 8553
f 8552 8461 8460
f 8552 8551 8550
v 7283.497 -6967.575 230.993
v 7283.603 -6966.999 230.933
f 8554 8546 8555
v 7283.403 -6968.154 231.046
f 8556 8546 8554
v 7283.322 -6968.736 231.093
f 8557 8550 8546
f 8557 8461 8552
f 8557 8552 8550
f 8557 8546 8556
v 7291.405 -6968.680 243.501
v 7289.672 -6968.680 241.097
v 7289.842 -6967.502 240.978
f 8558 8559 8560
v 7293.360 -6967.502 245.735
v 7293.078 -6969.868 245.954
f 8558 8561 8562
v 7291.286 -6969.868 243.590
f 8563 8559 8558
f 8563 8558 8562
f 8563 8562 8476
f 8563 8476 8475
f 8563 8475 8559
v 7295.042 -6968.680 248.181
f 8564 8562 8561
v 7294.927 -6969.868 248.275
f 8565 8476 8562
f 8565 8482 8476
f 8565 8562 8564
v 7296.944 -6968.680 250.454
f 8566 8482 8565
v 7297.101 -6967.502 250.318
f 8566 8564 8567
f 8566 8565 8564
v 7307.236 -6968.680 261.101
v 7305.076 -6968.680 259.071
v 7305.221 -6967.502 258.922
f 8568 8569 8570
v 7309.580 -6967.502 262.922
v 7309.345 -6969.868 263.190
f 8568 8571 8572
v 7307.135 -6969.868 261.211
f 8573 8487 8569
f 8573 8568 8572
f 8573 8488 8487
f 8573 8569 8568
f 8573 8572 8488
v 7311.697 -6968.680 265.002
f 8574 8572 8571
v 7311.602 -6969.868 265.117
f 8575 8572 8574
f 8575 8495 8488
f 8575 8488 8572
v 7313.996 -6968.680 266.872
v 7314.126 -6967.502 266.709
f 8576 8574 8577
f 8576 8575 8574
f 8576 8495 8575
v 7326.128 -6968.680 275.364
v 7328.776 -6967.502 276.705
v 7328.597 -6969.868 277.014
f 8578 8579 8580
v 7323.622 -6968.680 273.783
v 7323.735 -6967.502 273.609
f 8578 8581 8582
v 7326.050 -6969.868 275.491
f 8583 8581 8578
f 8583 8500 8581
f 8583 8578 8580
f 8583 8501 8500
f 8583 8580 8501
v 7331.251 -6968.680 278.345
f 8584 8580 8579
v 7331.179 -6969.868 278.475
f 8585 8508 8501
f 8585 8501 8580
f 8585 8580 8584
v 7333.864 -6968.680 279.742
f 8586 8508 8585
f 8586 8585 8584
v 7333.960 -6967.502 279.557
f 8586 8584 8587
v 7347.391 -6968.680 285.769
v 7350.246 -6967.502 286.581
v 7350.128 -6969.868 286.918
f 8588 8589 8590
v 7344.629 -6968.680 284.694
v 7344.707 -6967.502 284.501
f 8588 8591 8592
v 7347.338 -6969.868 285.908
f 8593 8514 8513
f 8593 8590 8514
f 8593 8513 8591
f 8593 8588 8590
f 8593 8591 8588
v 7352.987 -6968.680 287.719
f 8594 8590 8589
v 7352.941 -6969.868 287.860
f 8595 8590 8594
f 8595 8521 8514
f 8595 8514 8590
v 7355.819 -6968.680 288.593
v 7355.878 -6967.502 288.394
f 8596 8594 8597
f 8596 8595 8594
f 8596 8521 8595
v 7370.246 -6968.680 291.933
v 7367.330 -6968.680 291.404
v 7367.370 -6967.502 291.200
f 8598 8599 8600
v 7373.203 -6967.502 292.187
v 7373.152 -6969.868 292.540
f 8598 8601 8602
v 7370.221 -6969.868 292.080
f 8603 8527 8599
f 8603 8599 8598
f 8603 8598 8602
f 8603 8528 8527
f 8603 8602 8528
v 7376.111 -6968.680 292.782
f 8604 8602 8601
v 7376.093 -6969.868 292.930
f 8605 8602 8604
f 8605 8534 8528
f 8605 8528 8602
v 7387.930 -6968.680 293.633
v 7390.893 -6967.502 293.460
v 7390.893 -6968.680 293.668
f 8606 8607 8608
v 7387.928 -6969.273 293.715
v 7384.968 -6968.680 293.526
f 8609 8610 8606
v 7390.893 -6969.868 293.817
f 8609 8608 8611
f 8609 8606 8608
v 7387.926 -6969.868 293.782
f 8612 8610 8609
v 7390.893 -6971.061 293.906
f 8612 8611 8613
f 8612 8613 8539
f 8612 8539 8537
f 8612 8537 8610
f 8612 8609 8611
v 7282.834 -6980.144 227.991
v 7281.227 -6979.295 225.512
f 8614 8615 8468
v 7281.563 -6980.424 225.342
f 8614 8616 8615
f 8614 8468 8466
f 8614 8466 8472
v 7283.012 -6980.703 227.895
v 7281.949 -6981.533 225.146
f 8617 8618 8616
v 7282.384 -6982.619 224.926
f 8617 8619 8618
f 8617 8616 8614
v 7286.354 -6975.619 236.186
f 8620 8469 8461
v 7286.154 -6972.257 236.312
f 8620 8461 8621
f 8620 8475 8474
f 8620 8621 8475
f 8620 8470 8469
f 8620 8471 8470
v 7286.950 -6978.915 235.808
f 8620 8622 8472
f 8620 8472 8471
f 8620 8480 8622
f 8620 8474 8480
v 7284.652 -6981.350 230.337
f 8623 8614 8472
f 8623 8472 8622
f 8623 8617 8614
v 7284.854 -6981.898 230.222
f 8624 8617 8623
v 7285.067 -6982.440 230.100
f 8625 8617 8624
v 7285.293 -6982.976 229.972
f 8626 8619 8617
v 7282.866 -6983.680 224.681
f 8626 8627 8619
f 8626 8617 8625
v 7285.529 -6983.505 229.838
f 8628 8627 8626
v 7290.917 -6981.350 240.223
f 8629 8622 8480
v 7292.038 -6979.295 243.033
f 8630 8478 8479
f 8630 8480 8478
v 7293.817 -6979.295 245.380
f 8630 8479 8631
f 8630 8629 8480
v 7292.342 -6980.424 242.809
v 7294.457 -6981.533 244.883
v 7295.268 -6983.680 244.252
f 8632 8633 8634
f 8632 8631 8633
f 8632 8630 8631
f 8632 8629 8630
v 7291.308 -6982.440 239.948
f 8632 8635 8629
f 8632 8634 8635
v 7291.743 -6983.505 239.642
f 8636 8635 8634
v 7295.652 -6979.295 247.683
f 8637 8483 8485
f 8637 8479 8483
f 8637 8631 8479
v 7295.944 -6980.424 247.444
f 8638 8634 8633
f 8638 8633 8631
f 8638 8631 8637
v 7300.864 -6975.423 254.900
v 7300.712 -6972.257 255.044
f 8639 8482 8640
f 8639 8640 8487
v 7301.319 -6978.533 254.471
f 8639 8641 8485
f 8639 8487 8489
f 8639 8484 8482
f 8639 8485 8484
f 8639 8492 8641
f 8639 8489 8492
v 7298.042 -6981.166 249.512
f 8642 8485 8641
f 8642 8637 8485
f 8642 8638 8637
v 7298.398 -6982.260 249.207
f 8643 8638 8642
v 7298.795 -6983.329 248.867
f 8644 8634 8638
f 8644 8638 8643
v 7306.080 -6981.166 258.029
f 8645 8641 8492
v 7307.768 -6979.295 260.521
f 8646 8645 8492
v 7309.961 -6979.295 262.486
f 8646 8493 8647
f 8646 8492 8491
f 8646 8491 8493
v 7308.023 -6980.424 260.243
f 8648 8646 8647
v 7306.405 -6982.260 257.691
f 8648 8649 8645
v 7310.494 -6981.533 261.876
v 7311.171 -6983.680 261.103
f 8648 8650 8651
f 8648 8645 8646
f 8648 8647 8650
v 7306.768 -6983.329 257.315
f 8652 8649 8648
f 8652 8648 8651
v 7312.201 -6979.295 264.398
f 8653 8493 8496
f 8653 8647 8493
f 8653 8496 8498
v 7312.442 -6980.424 264.108
f 8654 8651 8650
f 8654 8647 8653
f 8654 8650 8647
v 7318.692 -6975.423 270.490
v 7318.570 -6972.257 270.660
f 8655 8495 8656
f 8655 8656 8500
f 8655 8500 8502
f 8655 8502 8506
f 8655 8497 8495
f 8655 8498 8497
v 7319.057 -6978.533 269.982
f 8655 8657 8498
f 8655 8506 8657
v 7314.895 -6981.166 265.738
f 8658 8654 8653
f 8658 8653 8498
f 8658 8498 8657
v 7315.187 -6982.260 265.371
f 8659 8654 8658
v 7315.512 -6983.329 264.961
f 8660 8654 8659
f 8660 8651 8654
v 7324.408 -6981.166 272.569
f 8661 8657 8506
v 7326.540 -6979.295 274.694
f 8662 8504 8505
f 8662 8661 8506
f 8662 8506 8504
v 7329.067 -6979.295 276.205
f 8662 8505 8663
v 7326.737 -6980.424 274.372
v 7329.474 -6981.533 275.505
f 8664 8663 8665
v 7324.663 -6982.260 272.175
f 8664 8666 8661
f 8664 8662 8663
v 7329.991 -6983.680 274.616
f 8664 8665 8667
f 8664 8661 8662
v 7324.947 -6983.329 271.736
f 8668 8664 8667
f 8668 8666 8664
v 7331.630 -6979.295 277.655
f 8669 8663 8505
f 8669 8505 8509
f 8669 8509 8511
v 7331.812 -6980.424 277.324
f 8670 8663 8669
f 8670 8665 8663
f 8670 8667 8665
v 7339.163 -6975.423 282.400
v 7339.424 -6978.533 281.832
f 8671 8518 8672
f 8671 8516 8518
v 7339.075 -6972.257 282.590
f 8671 8508 8673
f 8671 8673 8513
f 8671 8510 8508
f 8671 8513 8516
f 8671 8511 8510
f 8671 8672 8511
v 7334.531 -6981.166 278.458
f 8674 8669 8511
f 8674 8511 8672
f 8674 8670 8669
v 7334.747 -6982.260 278.042
f 8675 8670 8674
v 7334.988 -6983.329 277.578
f 8676 8667 8670
f 8676 8670 8675
v 7329.617 -6986.524 222.452
f 8677 8242 8240
v 7345.170 -6981.166 283.352
f 8678 8672 8518
v 7330.136 -6985.550 222.007
f 8679 8242 8677
v 7347.667 -6979.295 285.032
f 8680 8517 8519
f 8680 8678 8518
f 8680 8518 8517
v 7350.436 -6979.295 286.034
f 8680 8519 8681
v 7330.618 -6984.542 221.594
f 8682 8234 8242
f 8682 8242 8679
v 7347.800 -6980.424 284.679
f 8683 8678 8680
v 7350.703 -6981.533 285.269
v 7351.041 -6983.680 284.299
f 8683 8684 8685
v 7345.345 -6982.260 282.917
f 8683 8686 8678
f 8683 8680 8681
f 8683 8681 8684
v 7345.541 -6983.329 282.432
f 8687 8683 8685
f 8687 8686 8683
v 7353.228 -6979.295 286.970
f 8688 8519 8522
f 8688 8522 8524
f 8688 8681 8519
v 7353.344 -6980.424 286.611
f 8689 8685 8684
f 8689 8684 8681
f 8689 8681 8688
v 7334.921 -6986.524 228.072
v 7337.533 -6986.998 230.957
v 7338.432 -6985.050 229.928
f 8690 8691 8692
v 7361.527 -6975.423 290.193
f 8693 8523 8521
f 8693 8527 8526
v 7361.477 -6972.257 290.397
f 8693 8521 8694
f 8693 8694 8527
v 7361.675 -6978.533 289.586
f 8693 8531 8695
f 8693 8526 8531
f 8693 8524 8523
f 8693 8695 8524
v 7332.858 -6976.793 219.674
f 8696 8232 8231
f 8696 8233 8232
v 7332.938 -6976.207 219.606
f 8697 8233 8696
v 7356.229 -6981.166 287.206
f 8698 8689 8688
f 8698 8524 8695
f 8698 8688 8524
v 7335.396 -6985.550 227.580
f 8699 8690 8692
v 7333.007 -6975.619 219.547
f 8700 8233 8697
f 8700 8366 8233
v 7333.064 -6975.029 219.497
f 8701 8366 8700
v 7356.362 -6982.260 286.756
f 8702 8689 8698
v 7335.836 -6984.542 227.123
f 8703 8699 8692
v 7339.201 -6982.976 229.049
f 8703 8692 8704
v 7333.111 -6974.437 219.457
f 8705 8366 8701
f 8705 8368 8366
v 7356.510 -6983.329 286.254
f 8706 8689 8702
f 8706 8685 8689
v 7337.799 -6977.376 225.084
v 7340.314 -6978.533 227.776
v 7340.500 -6977.376 227.563
f 8707 8708 8709
v 7340.739 -6986.524 233.160
f 8710 8692 8691
v 7337.882 -6976.793 224.998
f 8711 8707 8709
v 7340.648 -6976.207 227.394
f 8711 8709 8712
v 7337.955 -6976.207 224.922
f 8713 8711 8712
v 7367.605 -6981.166 289.984
f 8714 8695 8531
v 7341.164 -6985.550 232.624
f 8715 8692 8710
v 7338.018 -6975.619 224.856
v 7340.758 -6975.029 227.268
f 8716 8712 8717
f 8716 8713 8712
v 7370.377 -6979.295 291.157
f 8718 8531 8530
f 8718 8530 8532
f 8718 8714 8531
v 7373.286 -6979.295 291.614
f 8718 8532 8719
v 7338.071 -6975.029 224.802
f 8720 8716 8717
v 7341.559 -6984.542 232.127
f 8721 8692 8715
f 8721 8704 8692
v 7338.113 -6974.437 224.757
v 7340.829 -6973.843 227.187
f 8722 8717 8723
f 8722 8720 8717
v 7370.440 -6980.424 290.785
v 7367.695 -6982.260 289.523
f 8724 8725 8714
v 7373.402 -6981.533 290.812
v 7373.549 -6983.680 289.795
f 8724 8726 8727
f 8724 8714 8718
f 8724 8718 8719
f 8724 8719 8726
v 7367.794 -6983.329 289.010
f 8728 8725 8724
f 8728 8724 8727
v 7374.722 -6978.724 291.982
f 8729 8719 8532
f 8729 8532 8535
f 8729 8726 8719
v 7379.117 -6978.733 292.482
f 8730 8534 8536
f 8730 8535 8534
f 8730 8729 8535
v 7379.150 -6979.871 292.134
f 8731 8729 8730
v 7343.392 -6976.793 229.816
f 8732 8712 8709
f 8732 8709 8708
v 7343.457 -6976.207 229.734
f 8733 8712 8732
v 7347.389 -6985.550 237.094
v 7350.130 -6986.998 240.002
v 7350.817 -6985.050 238.820
f 8734 8735 8736
v 7347.017 -6986.524 237.668
f 8734 8737 8735
v 7343.514 -6975.619 229.662
f 8738 8717 8712
f 8738 8712 8733
v 7343.561 -6975.029 229.603
f 8739 8717 8738
v 7347.734 -6984.542 236.561
v 7351.404 -6982.976 237.811
f 8740 8736 8741
f 8740 8734 8736
v 7343.599 -6974.437 229.555
f 8742 8717 8739
f 8742 8723 8717
v 7387.945 -6978.757 293.004
v 7390.893 -6978.179 293.194
f 8743 8545 8744
v 7390.893 -6979.331 292.870
f 8743 8744 8745
f 8743 8536 8544
f 8743 8544 8545
v 7387.949 -6979.331 292.835
f 8746 8743 8745
v 7390.893 -6980.466 292.489
f 8746 8745 8747
v 7349.273 -6977.376 234.186
v 7352.255 -6978.533 236.349
v 7352.397 -6977.376 236.105
f 8748 8749 8750
v 7349.338 -6976.793 234.085
v 7352.510 -6976.207 235.911
f 8751 8750 8752
f 8751 8748 8750
v 7349.395 -6976.207 233.997
f 8753 8751 8752
v 7354.012 -6985.550 240.947
f 8754 8736 8735
v 7353.697 -6986.524 241.554
f 8754 8735 8755
v 7349.444 -6975.619 233.921
f 8756 8753 8752
v 7352.594 -6975.029 235.766
f 8756 8752 8757
v 7349.486 -6975.029 233.857
f 8758 8756 8757
v 7354.305 -6984.542 240.384
f 8759 8736 8754
f 8759 8741 8736
v 7349.519 -6974.437 233.805
f 8760 8758 8757
v 7352.648 -6973.843 235.673
f 8760 8757 8761
v 7360.719 -6986.524 244.784
v 7364.219 -6986.998 246.482
v 7364.669 -6985.050 245.192
f 8762 8763 8764
v 7355.665 -6976.793 237.766
f 8765 8752 8750
f 8765 8750 8749
v 7355.713 -6976.207 237.673
f 8766 8752 8765
v 7360.974 -6985.550 244.150
f 8767 8762 8764
v 7355.755 -6975.619 237.592
f 8768 8752 8766
f 8768 8757 8752
v 7355.790 -6975.029 237.525
f 8769 8757 8768
v 7361.212 -6984.542 243.561
f 8770 8767 8764
v 7365.053 -6982.976 244.089
f 8770 8764 8771
v 7355.818 -6974.437 237.470
f 8772 8757 8769
f 8772 8761 8757
v 7285.490 -6961.095 229.860
v 7282.813 -6960.944 224.708
v 7285.734 -6960.577 229.722
f 8773 8774 8775
v 7282.984 -6963.895 227.910
v 7281.915 -6963.073 225.163
v 7282.341 -6961.996 224.947
f 8776 8777 8778
v 7281.537 -6964.172 225.355
f 8776 8779 8777
v 7285.257 -6961.620 229.992
f 8780 8776 8778
f 8780 8774 8773
f 8780 8778 8774
v 7282.809 -6964.450 228.004
f 8781 8555 8546
f 8781 8546 8548
f 8781 8779 8776
v 7281.207 -6965.290 225.522
f 8781 8782 8779
f 8781 8548 8782
v 7285.036 -6962.151 230.118
f 8783 8776 8780
v 7284.826 -6962.688 230.237
f 8784 8776 8783
v 7284.628 -6963.231 230.350
v 7286.945 -6965.619 235.811
f 8785 8786 8555
f 8785 8555 8781
f 8785 8781 8776
f 8785 8776 8784
v 7362.270 -6977.376 240.936
v 7365.609 -6978.533 242.492
v 7365.702 -6977.376 242.225
f 8787 8788 8789
v 7362.315 -6976.793 240.825
f 8790 8787 8789
v 7365.776 -6976.207 242.013
f 8790 8789 8791
v 7362.354 -6976.207 240.727
f 8792 8790 8791
v 7368.211 -6985.550 246.671
v 7368.017 -6986.524 247.327
f 8793 8763 8794
f 8793 8764 8763
v 7362.388 -6975.619 240.643
v 7365.831 -6975.029 241.855
f 8795 8791 8796
f 8795 8792 8791
v 7362.416 -6975.029 240.573
f 8797 8795 8796
v 7368.390 -6984.542 246.063
f 8798 8764 8793
f 8798 8771 8764
v 7362.439 -6974.437 240.516
f 8799 8797 8796
v 7365.867 -6973.843 241.753
f 8799 8796 8800
v 7291.317 -6962.049 239.941
v 7291.756 -6960.979 239.633
v 7295.292 -6960.779 244.234
f 8801 8802 8803
v 7290.923 -6963.145 240.218
f 8804 8560 8786
v 7286.353 -6968.905 236.187
f 8805 8560 8559
f 8805 8555 8786
f 8805 8621 8461
f 8805 8475 8621
f 8805 8554 8555
f 8805 8559 8475
f 8805 8556 8554
f 8805 8786 8560
f 8805 8461 8557
f 8805 8557 8556
v 7369.193 -6977.376 243.349
f 8806 8789 8788
v 7375.525 -6986.524 249.160
f 8807 8391 8394
v 7369.227 -6976.793 243.234
f 8808 8791 8789
f 8808 8789 8806
v 7369.257 -6976.207 243.133
f 8809 8791 8808
v 7375.655 -6985.550 248.489
f 8810 8807 8394
v 7369.282 -6975.619 243.046
f 8811 8796 8791
f 8811 8791 8809
v 7292.354 -6964.049 242.800
f 8812 8804 8801
f 8812 8801 8803
v 7294.472 -6962.935 244.871
v 7293.826 -6965.183 245.373
f 8812 8813 8814
f 8812 8803 8813
v 7369.304 -6975.029 242.973
f 8815 8796 8811
v 7375.776 -6984.542 247.866
f 8816 8810 8394
f 8816 8394 8397
v 7369.321 -6974.437 242.914
f 8817 8796 8815
f 8817 8800 8796
v 7292.047 -6965.183 243.027
f 8818 8558 8560
f 8818 8814 8561
f 8818 8560 8804
f 8818 8812 8814
f 8818 8561 8558
f 8818 8804 8812
v 7295.956 -6964.049 247.435
v 7298.816 -6961.131 248.848
f 8819 8803 8820
f 8819 8814 8813
f 8819 8813 8803
v 7298.415 -6962.205 249.192
f 8821 8819 8820
v 7295.660 -6965.183 247.676
f 8822 8564 8561
f 8822 8561 8814
f 8822 8567 8564
f 8822 8814 8819
v 7298.056 -6963.304 249.501
f 8823 8819 8821
f 8823 8567 8822
f 8823 8822 8819
v 7301.325 -6965.949 254.465
f 8823 8824 8567
v 7376.315 -6977.376 245.088
f 8825 8403 8405
v 7376.338 -6976.793 244.970
f 8826 8825 8405
f 8826 8405 8407
v 7376.358 -6976.207 244.867
f 8827 8826 8407
v 7376.375 -6975.619 244.778
f 8828 8407 8409
f 8828 8827 8407
v 7376.389 -6975.029 244.703
f 8829 8828 8409
v 7376.401 -6974.437 244.643
f 8830 8829 8409
f 8830 8409 8411
v 7306.092 -6963.304 258.016
f 8831 8570 8824
v 7300.866 -6969.075 254.899
f 8832 8824 8570
f 8832 8482 8566
f 8832 8566 8567
f 8832 8569 8487
f 8832 8640 8482
f 8832 8570 8569
f 8832 8487 8640
f 8832 8567 8824
v 7308.033 -6964.049 260.232
v 7306.421 -6962.205 257.675
v 7306.787 -6961.131 257.294
f 8833 8834 8835
f 8833 8831 8834
v 7311.190 -6960.779 261.080
v 7310.507 -6962.935 261.862
f 8833 8836 8837
f 8833 8835 8836
v 7309.968 -6965.183 262.478
f 8833 8837 8838
v 7307.775 -6965.183 260.513
f 8839 8831 8833
f 8839 8570 8831
f 8839 8833 8838
f 8839 8568 8570
f 8839 8571 8568
f 8839 8838 8571
v 7312.452 -6964.049 264.096
f 8840 8837 8836
f 8840 8838 8837
v 7315.529 -6961.131 264.939
f 8840 8836 8841
v 7315.201 -6962.205 265.353
f 8842 8840 8841
v 7312.208 -6965.183 264.389
f 8843 8838 8840
f 8843 8577 8574
f 8843 8574 8571
f 8843 8571 8838
v 7314.907 -6963.304 265.724
v 7319.062 -6965.949 269.975
f 8844 8845 8577
f 8844 8840 8842
f 8844 8577 8843
f 8844 8843 8840
v 7324.418 -6963.304 272.554
f 8846 8582 8845
v 7318.694 -6969.075 270.488
f 8847 8577 8845
f 8847 8495 8576
f 8847 8581 8500
f 8847 8576 8577
f 8847 8845 8582
f 8847 8656 8495
f 8847 8582 8581
f 8847 8500 8656
v 7326.745 -6964.049 274.359
v 7324.963 -6961.131 271.713
v 7330.006 -6960.779 274.591
f 8848 8849 8850
v 7329.484 -6962.935 275.488
f 8848 8850 8851
v 7324.676 -6962.205 272.156
f 8848 8846 8852
v 7329.073 -6965.183 276.195
f 8848 8851 8853
f 8848 8852 8849
v 7326.546 -6965.183 274.684
f 8854 8582 8846
f 8854 8846 8848
f 8854 8579 8578
f 8854 8848 8853
f 8854 8578 8582
f 8854 8853 8579
v 7331.819 -6964.049 277.311
v 7335.001 -6961.131 277.553
f 8855 8850 8856
f 8855 8851 8850
f 8855 8853 8851
v 7334.757 -6962.205 278.021
f 8857 8855 8856
v 7331.635 -6965.183 277.645
f 8858 8584 8579
f 8858 8853 8855
f 8858 8587 8584
f 8858 8579 8853
v 7334.539 -6963.304 278.442
v 7339.428 -6965.949 281.824
f 8859 8860 8587
f 8859 8855 8857
f 8859 8858 8855
f 8859 8587 8858
v 7345.177 -6963.304 283.335
f 8861 8592 8860
v 7339.164 -6969.075 282.398
f 8862 8860 8592
f 8862 8587 8860
f 8862 8673 8508
f 8862 8513 8673
f 8862 8586 8587
f 8862 8508 8586
f 8862 8592 8591
f 8862 8591 8513
v 7347.805 -6964.049 284.665
v 7345.551 -6961.131 282.406
v 7351.051 -6960.779 284.270
f 8863 8864 8865
v 7350.709 -6962.935 285.251
f 8863 8865 8866
v 7350.440 -6965.183 286.024
f 8863 8866 8867
v 7345.354 -6962.205 282.896
f 8863 8868 8864
f 8863 8861 8868
v 7347.671 -6965.183 285.021
f 8869 8863 8867
f 8869 8867 8589
f 8869 8592 8861
f 8869 8589 8588
f 8869 8861 8863
f 8869 8588 8592
v 7353.348 -6964.049 286.596
f 8870 8866 8865
f 8870 8867 8866
v 7356.518 -6961.131 286.227
f 8870 8865 8871
v 7356.368 -6962.205 286.734
f 8872 8870 8871
v 7353.232 -6965.183 286.959
f 8873 8867 8870
f 8873 8594 8589
f 8873 8589 8867
f 8873 8597 8594
v 7356.234 -6963.304 287.188
f 8874 8870 8872
f 8874 8597 8873
v 7361.677 -6965.949 289.577
f 8874 8875 8597
f 8874 8873 8870
v 7367.609 -6963.304 289.966
f 8876 8600 8875
v 7361.527 -6969.075 290.191
f 8877 8596 8597
f 8877 8875 8600
f 8877 8600 8599
f 8877 8599 8527
f 8877 8694 8521
f 8877 8527 8694
f 8877 8597 8875
f 8877 8521 8596
v 7370.442 -6964.049 290.771
v 7367.699 -6962.205 289.501
v 7367.800 -6961.131 288.982
f 8878 8879 8880
v 7373.553 -6960.779 289.766
f 8878 8880 8881
f 8878 8876 8879
v 7373.405 -6962.935 290.793
f 8878 8881 8882
v 7373.288 -6965.183 291.603
f 8878 8882 8883
v 7370.379 -6965.183 291.146
f 8884 8600 8876
f 8884 8598 8600
f 8884 8601 8598
f 8884 8878 8883
f 8884 8876 8878
f 8884 8883 8601
v 7374.724 -6965.757 291.973
f 8885 8604 8601
f 8885 8883 8882
f 8885 8601 8883
v 7379.117 -6965.757 292.475
f 8886 8604 8885
v 7379.151 -6964.614 292.124
f 8886 8885 8887
v 7387.949 -6965.183 292.835
v 7390.893 -6964.049 292.489
v 7390.893 -6965.183 292.870
f 8888 8889 8890
v 7387.945 -6965.757 293.004
f 8891 8888 8890
v 7390.893 -6966.335 293.194
f 8891 8890 8892
v 7387.941 -6966.335 293.159
f 8893 8606 8610
f 8893 8891 8892
f 8893 8892 8607
f 8893 8607 8606
v 7285.247 -6985.632 226.695
v 7283.394 -6984.712 224.414
f 8894 8895 8627
v 7283.967 -6985.714 224.123
f 8894 8896 8895
f 8894 8627 8628
v 7285.544 -6986.122 226.535
f 8897 8896 8894
v 7284.584 -6986.683 223.810
f 8897 8898 8896
v 7285.243 -6987.616 223.476
f 8897 8899 8898
v 7285.943 -6988.512 223.122
f 8897 8900 8899
v 7287.907 -6982.019 235.202
v 7289.215 -6984.938 234.373
f 8901 8902 8628
f 8901 8626 8625
f 8901 8624 8623
f 8901 8625 8624
f 8901 8628 8626
f 8901 8622 8629
f 8901 8629 8635
f 8901 8636 8902
f 8901 8635 8636
f 8901 8623 8622
v 7287.355 -6986.789 228.800
f 8903 8628 8902
f 8903 8894 8628
f 8903 8897 8894
v 7287.674 -6987.258 228.619
f 8904 8897 8903
v 7288.002 -6987.718 228.432
f 8905 8897 8904
v 7288.340 -6988.168 228.240
f 8906 8900 8897
f 8906 8897 8905
v 7288.688 -6988.609 228.042
f 8907 8900 8906
v 7289.045 -6989.040 227.839
v 7286.681 -6989.367 222.748
f 8908 8909 8900
f 8908 8900 8907
v 7293.760 -6987.258 238.223
f 8910 8902 8636
v 7294.464 -6985.632 241.239
v 7296.243 -6985.714 243.494
f 8911 8634 8912
f 8911 8636 8634
v 7297.373 -6987.616 242.616
f 8911 8912 8913
f 8911 8910 8636
v 7294.388 -6988.168 237.782
v 7298.646 -6989.367 241.627
f 8914 8913 8915
f 8914 8911 8913
f 8914 8910 8911
v 7295.051 -6989.040 237.316
f 8916 8914 8915
v 7297.946 -6985.550 245.810
f 8917 8912 8634
f 8917 8913 8912
f 8917 8634 8644
v 7302.144 -6981.777 253.693
f 8918 8649 8652
f 8918 8645 8649
v 7303.296 -6984.825 252.605
f 8918 8652 8919
f 8918 8642 8641
f 8918 8641 8645
f 8918 8643 8642
f 8918 8644 8643
f 8918 8919 8644
v 7300.707 -6987.206 247.228
f 8920 8913 8917
f 8920 8917 8644
f 8920 8644 8919
v 7301.287 -6988.119 246.731
f 8921 8915 8913
f 8921 8913 8920
v 7301.901 -6988.992 246.205
f 8922 8915 8921
v 7308.514 -6987.206 255.501
f 8923 8919 8652
v 7309.771 -6985.550 258.339
v 7312.925 -6987.616 259.096
f 8924 8925 8923
f 8924 8652 8651
v 7311.984 -6985.714 260.173
f 8924 8651 8926
f 8924 8926 8925
f 8924 8923 8652
v 7309.044 -6988.119 254.950
f 8927 8923 8925
v 7313.987 -6989.367 257.883
f 8927 8925 8928
v 7309.605 -6988.992 254.368
f 8929 8927 8928
v 7314.097 -6985.550 262.122
f 8930 8926 8651
f 8930 8925 8926
f 8930 8651 8660
v 7319.718 -6981.777 269.061
f 8931 8659 8658
v 7320.643 -6984.825 267.774
f 8931 8932 8660
f 8931 8658 8657
f 8931 8660 8659
f 8931 8661 8666
f 8931 8657 8661
f 8931 8668 8932
f 8931 8666 8668
v 7317.077 -6987.206 262.989
f 8933 8925 8930
f 8933 8660 8932
f 8933 8930 8660
v 7317.552 -6988.119 262.390
f 8934 8928 8925
f 8934 8925 8933
v 7318.054 -6988.992 261.757
f 8935 8928 8934
v 7326.316 -6987.206 269.623
f 8936 8932 8668
v 7328.090 -6985.550 272.170
f 8937 8936 8668
v 7331.332 -6987.616 272.312
f 8937 8938 8936
f 8937 8668 8667
v 7330.612 -6985.714 273.549
f 8937 8939 8938
f 8937 8667 8939
v 7326.732 -6988.119 268.982
f 8940 8936 8938
v 7332.142 -6989.367 270.919
f 8940 8938 8941
v 7327.171 -6988.992 268.303
f 8942 8940 8941
v 7333.058 -6985.550 275.060
f 8943 8938 8939
f 8943 8667 8676
f 8943 8939 8667
v 7326.409 -6989.437 222.575
v 7324.301 -6990.442 221.689
v 7325.733 -6990.247 223.127
f 8944 8945 8946
f 8944 8239 8945
v 7327.053 -6988.585 222.050
f 8947 8240 8239
f 8947 8239 8944
f 8947 8677 8240
v 7339.898 -6981.777 280.802
f 8948 8674 8672
f 8948 8672 8678
f 8948 8676 8675
v 7340.560 -6984.825 279.361
f 8948 8949 8676
f 8948 8678 8686
f 8948 8675 8674
f 8948 8687 8949
f 8948 8686 8687
v 7336.148 -6987.206 275.343
f 8950 8943 8676
f 8950 8938 8943
f 8950 8676 8949
v 7336.501 -6988.119 274.665
f 8951 8938 8950
f 8951 8941 8938
v 7336.873 -6988.992 273.948
f 8952 8941 8951
v 7331.984 -6984.286 222.922
f 8953 8682 8679
v 7331.994 -6980.796 220.415
f 8954 8696 8231
f 8954 8235 8234
f 8954 8231 8235
f 8954 8234 8682
v 7346.482 -6987.206 280.097
f 8955 8949 8687
v 7348.709 -6985.550 282.259
v 7351.447 -6985.714 283.132
v 7351.918 -6987.616 281.782
f 8956 8957 8958
f 8956 8958 8955
f 8956 8685 8957
f 8956 8955 8687
f 8956 8687 8685
v 7334.612 -6989.437 231.268
v 7335.375 -6990.442 233.424
v 7336.510 -6988.802 232.126
f 8959 8960 8961
v 7334.022 -6990.247 231.911
f 8959 8962 8960
v 7346.768 -6988.119 279.388
f 8963 8955 8958
v 7352.449 -6989.367 280.259
f 8963 8958 8964
v 7335.174 -6988.585 230.655
f 8965 8961 8691
f 8965 8691 8690
f 8965 8959 8961
v 7347.070 -6988.992 278.638
f 8966 8963 8964
v 7334.589 -6984.286 225.682
f 8967 8690 8699
f 8967 8699 8703
v 7334.151 -6981.898 223.486
f 8967 8968 8953
v 7333.581 -6979.390 221.486
f 8969 8696 8954
v 7333.977 -6977.376 221.130
f 8970 8696 8969
v 7334.766 -6979.674 222.905
f 8970 8969 8971
v 7334.023 -6977.085 221.089
f 8972 8696 8970
f 8972 8970 8971
f 8972 8700 8697
f 8972 8701 8700
f 8972 8697 8696
v 7332.015 -6971.761 218.000
f 8973 8368 8705
f 8973 8370 8368
f 8973 8372 8370
v 7354.136 -6985.550 284.150
f 8974 8958 8957
f 8974 8685 8706
f 8974 8957 8685
v 7331.999 -6971.166 218.012
f 8975 8372 8973
f 8975 8374 8372
v 7337.614 -6989.437 233.892
v 7337.055 -6990.247 234.563
f 8976 8960 8977
f 8976 8961 8960
v 7331.973 -6970.572 218.034
f 8978 8374 8975
v 7331.935 -6969.979 218.065
f 8979 8376 8374
f 8979 8374 8978
f 8979 8255 8376
v 7338.146 -6988.585 233.254
f 8980 8691 8961
f 8980 8710 8691
f 8980 8961 8976
v 7336.051 -6979.674 224.234
f 8981 8971 8968
v 7337.018 -6981.074 225.895
v 7339.830 -6980.796 228.329
f 8982 8704 8983
f 8982 8703 8704
f 8982 8708 8707
f 8982 8707 8981
f 8982 8983 8708
v 7361.944 -6981.777 288.484
v 7362.320 -6984.825 286.944
f 8984 8985 8706
f 8984 8714 8725
f 8984 8695 8714
f 8984 8706 8702
f 8984 8698 8695
f 8984 8702 8698
f 8984 8725 8728
f 8984 8728 8985
v 7336.493 -6977.376 223.796
f 8986 8981 8707
f 8986 8971 8981
v 7336.537 -6977.085 223.753
f 8987 8972 8971
f 8987 8707 8711
f 8987 8986 8707
f 8987 8971 8986
f 8987 8711 8713
f 8987 8713 8716
f 8987 8716 8720
f 8987 8720 8722
v 7357.224 -6987.206 283.840
f 8988 8958 8974
f 8988 8974 8706
f 8988 8706 8985
v 7357.440 -6988.119 283.107
f 8989 8958 8988
f 8989 8964 8958
v 7334.307 -6969.979 220.833
f 8990 8975 8973
f 8990 8973 8705
f 8990 8979 8978
f 8990 8978 8975
v 7357.670 -6988.992 282.331
f 8991 8964 8989
v 7343.153 -6984.286 233.171
f 8992 8721 8715
v 7342.685 -6980.796 230.707
f 8993 8983 8704
f 8993 8704 8721
f 8993 8708 8983
f 8993 8732 8708
v 7343.809 -6982.170 232.301
f 8994 8721 8992
f 8994 8993 8721
v 7345.387 -6981.898 233.312
f 8994 8992 8995
v 7368.274 -6987.206 286.538
f 8996 8985 8728
v 7339.505 -6971.761 225.936
v 7340.862 -6972.654 227.150
v 7340.855 -6971.464 227.157
f 8997 8998 8999
f 8997 8722 8723
f 8997 8723 8998
v 7370.871 -6985.550 288.237
v 7373.931 -6987.616 287.157
f 9000 9001 8996
v 7373.726 -6985.714 288.573
f 9000 9002 9001
f 9000 8728 8727
f 9000 8996 8728
f 9000 8727 9002
v 7339.491 -6971.166 225.951
f 9003 8997 8999
v 7347.322 -6989.437 240.863
v 7348.482 -6990.442 242.835
v 7349.349 -6988.802 241.344
f 9004 9005 9006
v 7346.865 -6990.247 241.607
f 9004 9007 9005
v 7368.419 -6988.119 285.788
v 7374.162 -6989.367 285.562
f 9008 9001 9009
f 9008 8996 9001
v 7339.468 -6970.572 225.976
v 7340.810 -6970.275 227.209
f 9010 8999 9011
f 9010 9003 8999
v 7339.435 -6969.979 226.012
f 9012 9010 9011
v 7340.726 -6969.092 227.305
f 9012 9011 9013
v 7347.757 -6988.585 240.155
f 9014 8735 8737
f 9014 9006 8735
f 9014 9004 9006
v 7368.573 -6988.992 284.994
f 9015 9008 9009
v 7346.236 -6984.286 235.384
f 9016 8737 8734
f 9016 8734 8740
f 9016 8995 8992
v 7376.376 -6982.891 290.582
f 9017 8727 8726
f 9017 8726 8729
f 9017 8729 8731
v 7344.805 -6977.085 230.983
f 9018 8738 8733
f 9018 8739 8738
v 7344.767 -6977.376 231.032
f 9018 8732 9019
f 9018 8733 8732
f 9018 8742 8739
v 7345.881 -6979.674 232.625
f 9018 9019 9020
v 7342.245 -6971.761 228.333
f 9021 8999 8998
f 9021 8998 8723
f 9021 8723 8742
v 7342.233 -6971.166 228.348
f 9022 8999 9021
v 7350.768 -6989.437 242.868
v 7350.348 -6990.247 243.633
f 9023 9005 9024
f 9023 9006 9005
v 7342.211 -6970.572 228.374
f 9025 9011 8999
f 9025 8999 9022
v 7342.179 -6969.979 228.412
f 9026 9011 9025
f 9026 9013 9011
v 7351.169 -6988.585 242.140
f 9027 8755 8735
f 9027 9006 9023
f 9027 8735 9006
v 7347.395 -6979.674 233.685
f 9028 9020 8995
v 7348.661 -6981.074 235.131
f 9029 8749 8748
v 7351.885 -6980.796 236.985
f 9029 8741 9030
f 9029 8740 8741
f 9029 8748 9028
f 9029 9030 8749
v 7347.746 -6977.376 233.171
f 9031 9020 9028
f 9031 9028 8748
v 7347.781 -6977.085 233.120
f 9032 9020 9031
f 9032 9018 9020
f 9032 8748 8751
f 9032 8753 8756
f 9032 8751 8753
f 9032 9031 8748
v 7389.431 -6981.580 292.043
f 9033 8746 8747
v 7385.088 -6983.458 291.023
v 7385.075 -6982.925 291.296
f 9033 9034 9035
v 7390.893 -6981.580 292.052
f 9033 8747 9036
v 7390.893 -6982.670 291.560
f 9033 9036 9037
v 7390.893 -6983.735 291.014
f 9033 9037 9038
v 7385.063 -6982.386 291.555
f 9033 9035 9039
f 9033 9039 8746
v 7356.069 -6984.286 241.105
f 9040 8759 8754
v 7355.140 -6980.796 238.776
f 9041 9030 8741
f 9041 8741 8759
f 9041 8765 8749
f 9041 8749 9030
v 7356.548 -6982.170 240.126
f 9042 9041 8759
f 9042 8759 9040
v 7358.289 -6981.898 240.819
f 9042 9040 9043
v 7351.110 -6971.761 234.698
v 7352.673 -6972.654 235.630
f 9044 8761 9045
f 9044 8760 8761
v 7347.996 -6969.979 232.804
f 9044 9046 8760
v 7352.668 -6971.464 235.639
f 9044 9045 9047
v 7351.099 -6971.166 234.715
f 9048 9046 9044
f 9048 9044 9047
v 7361.627 -6989.437 247.863
v 7363.140 -6990.442 249.577
v 7363.708 -6988.802 247.949
f 9049 9050 9051
v 7361.320 -6990.247 248.680
f 9049 9052 9050
v 7351.081 -6970.572 234.744
f 9053 9046 9048
v 7352.633 -6970.275 235.698
f 9053 9047 9054
f 9053 9048 9047
v 7351.056 -6969.979 234.786
v 7352.569 -6969.092 235.809
v 7352.476 -6967.916 235.970
f 9055 9056 9057
f 9055 9054 9056
f 9055 9046 9053
f 9055 9053 9054
v 7285.930 -6957.793 226.327
v 7285.145 -6957.032 223.526
v 7285.831 -6956.140 223.179
f 9058 9059 9060
v 7284.498 -6957.960 223.854
f 9058 9061 9059
v 7288.724 -6955.861 228.021
v 7286.556 -6955.287 222.811
v 7289.079 -6955.436 227.820
f 9062 9063 9064
f 9062 9058 9060
f 9062 9060 9063
v 7361.919 -6988.585 247.085
f 9065 8763 8762
f 9065 9051 8763
f 9065 9049 9051
v 7359.517 -6984.286 242.691
f 9066 8762 8767
f 9066 8767 8770
f 9066 9043 9040
v 7285.623 -6958.268 226.493
f 9067 9061 9058
f 9067 8775 8774
v 7283.893 -6958.924 224.161
f 9067 9068 9061
v 7283.331 -6959.919 224.446
f 9067 9069 9068
f 9067 8774 9069
v 7288.379 -6956.296 228.218
f 9070 9058 9062
v 7288.043 -6956.741 228.409
f 9071 9058 9070
v 7287.717 -6957.195 228.594
f 9072 9058 9071
f 9072 9067 9058
v 7289.377 -6959.274 234.271
f 9072 9073 8775
f 9072 8775 9067
v 7357.274 -6977.085 238.643
f 9074 8766 8765
v 7357.247 -6977.376 238.698
f 9074 8765 9075
v 7358.643 -6979.674 240.049
f 9074 9075 9076
f 9074 8769 8768
f 9074 8768 8766
v 7354.256 -6971.761 236.529
f 9077 9045 8761
f 9077 8761 8772
f 9077 9047 9045
v 7354.247 -6971.166 236.546
f 9078 9047 9077
v 7365.392 -6989.437 249.175
f 9079 9051 9050
v 7365.124 -6990.247 250.006
f 9079 9050 9080
v 7354.230 -6970.572 236.576
f 9081 9047 9078
f 9081 9054 9047
v 7354.207 -6969.979 236.619
f 9082 9057 9056
f 9082 9056 9054
f 9082 9054 9081
v 7365.646 -6988.585 248.384
f 9083 8763 9051
f 9083 8794 8763
f 9083 9051 9079
v 7360.331 -6979.674 240.802
f 9084 9076 9043
v 7361.849 -6981.074 241.980
f 9085 8788 8787
v 7365.367 -6980.796 243.187
f 9085 8771 9086
f 9085 9086 8788
f 9085 8787 9084
f 9085 8770 8771
v 7360.578 -6977.376 240.230
f 9087 9076 9084
f 9087 9084 8787
v 7360.602 -6977.085 240.174
f 9088 8792 8795
f 9088 8797 8799
f 9088 8787 8790
f 9088 9087 8787
f 9088 8790 8792
f 9088 8795 8797
f 9088 9076 9087
f 9088 9074 9076
v 7357.442 -6969.979 238.299
f 9089 9077 8772
f 9089 9078 9077
f 9089 9081 9078
f 9089 9082 9081
v 7294.516 -6956.171 237.692
v 7295.083 -6955.436 237.294
v 7298.703 -6955.076 241.583
f 9090 9091 9092
v 7297.418 -6956.830 242.582
f 9090 9092 9093
v 7293.878 -6957.078 238.140
f 9094 8802 9073
f 9094 9090 9093
v 7287.965 -6962.342 235.165
f 9095 9073 8802
f 9095 8802 8801
f 9095 8801 8804
f 9095 8804 8786
f 9095 8775 9073
f 9095 8773 8775
f 9095 8780 8773
f 9095 8786 8785
f 9095 8783 8780
f 9095 8784 8783
f 9095 8785 8784
v 7370.259 -6984.286 246.434
f 9096 8793 8794
f 9096 8798 8793
v 7368.874 -6981.074 244.428
f 9097 8771 8798
f 9097 8806 8788
f 9097 9086 8771
f 9097 8788 9086
v 7294.492 -6958.832 241.219
v 7296.277 -6958.738 243.468
f 9098 9093 9099
f 9098 9094 9093
f 9098 9099 8803
f 9098 8802 9094
f 9098 8803 8802
v 7364.171 -6971.761 241.089
f 9100 8799 8800
v 7365.883 -6972.654 241.707
v 7365.880 -6971.464 241.716
f 9100 9101 9102
f 9100 8800 9101
v 7364.164 -6971.166 241.107
f 9103 9100 9102
v 7377.003 -6989.437 252.010
f 9104 8385 8388
v 7376.857 -6990.247 252.871
f 9104 9105 8385
v 7364.152 -6970.572 241.140
f 9106 9103 9102
v 7365.857 -6970.275 241.781
f 9106 9102 9107
v 7364.135 -6969.979 241.186
v 7365.815 -6969.092 241.902
f 9108 9107 9109
f 9108 9106 9107
v 7301.854 -6955.586 246.245
f 9110 9093 9092
v 7377.141 -6988.585 251.191
f 9111 8391 8807
f 9111 8388 8391
f 9111 9104 8388
v 7370.795 -6979.674 244.448
f 9112 8806 9097
v 7372.384 -6981.898 245.731
v 7372.585 -6979.674 244.908
f 9112 9113 9114
v 7373.946 -6984.286 247.335
f 9115 9113 9096
f 9115 8810 8816
v 7301.333 -6956.327 246.692
f 9116 9093 9110
v 7297.979 -6958.903 245.784
f 9117 9099 9093
f 9117 8803 9099
f 9117 8820 8803
v 7300.747 -6957.241 247.194
f 9118 9117 9093
v 7303.323 -6959.629 252.579
f 9118 9119 8820
f 9118 8820 9117
f 9118 9093 9116
v 7370.957 -6977.376 243.847
f 9120 9112 9114
f 9120 8806 9112
v 7370.973 -6977.085 243.788
f 9121 8806 9120
f 9121 8811 8809
f 9121 8808 8806
f 9121 9120 9114
f 9121 8809 8808
v 7367.609 -6971.761 242.287
f 9122 9102 9101
f 9122 8800 8817
f 9122 9101 8800
v 7367.602 -6971.166 242.306
f 9123 9102 9122
v 7367.592 -6970.572 242.338
f 9124 9102 9123
f 9124 9107 9102
v 7367.577 -6969.979 242.385
f 9125 9109 9107
v 7365.754 -6967.916 242.077
f 9125 9126 9109
f 9125 9107 9124
v 7374.386 -6979.674 245.325
f 9127 9114 9113
v 7376.100 -6981.074 246.193
f 9128 8400 8403
f 9128 8397 8400
f 9128 8816 8397
f 9128 8825 9127
f 9128 8403 8825
v 7374.519 -6977.376 244.717
f 9129 9114 9127
f 9129 9127 8825
v 7374.532 -6977.085 244.657
f 9130 9121 9114
f 9130 9129 8825
f 9130 9114 9129
f 9130 8825 8826
f 9130 8829 8830
f 9130 8826 8827
f 9130 8827 8828
f 9130 8828 8829
v 7371.073 -6969.979 243.419
f 9131 9124 9123
f 9131 9123 9122
f 9131 9122 8817
f 9131 9125 9124
v 7309.562 -6955.586 254.413
v 7314.034 -6955.076 257.828
v 7312.963 -6956.830 259.053
f 9132 9133 9134
v 7309.086 -6956.327 254.907
f 9135 9132 9134
v 7308.551 -6957.241 255.463
f 9136 8835 9119
f 9136 9135 9134
v 7302.159 -6962.690 253.679
f 9137 8835 8834
f 9137 9119 8835
f 9137 8834 8831
f 9137 8820 9119
f 9137 8821 8820
f 9137 8831 8824
f 9137 8824 8823
f 9137 8823 8821
v 7309.799 -6958.903 258.308
v 7312.012 -6958.738 260.141
f 9138 9134 9139
f 9138 8835 9136
f 9138 8836 8835
f 9138 9136 9134
f 9138 9139 8836
v 7378.210 -6971.761 244.876
f 9140 8411 8413
f 9140 8413 8415
f 9140 8830 8411
v 7378.207 -6971.166 244.895
f 9141 9140 8415
v 7378.201 -6970.572 244.929
f 9142 8415 8417
f 9142 9141 8415
v 7378.193 -6969.979 244.978
f 9143 8417 8419
f 9143 9142 8417
v 7318.016 -6955.586 261.805
f 9144 9134 9133
v 7317.589 -6956.327 262.343
f 9145 9134 9144
v 7314.123 -6958.903 262.090
f 9146 9139 9134
f 9146 8836 9139
f 9146 8841 8836
v 7317.110 -6957.241 262.947
f 9147 8841 9146
v 7320.664 -6959.629 267.744
f 9147 9148 8841
f 9147 9134 9145
f 9147 9146 9134
v 7327.138 -6955.586 268.355
v 7332.179 -6955.076 270.857
v 7331.360 -6956.830 272.263
f 9149 9150 9151
v 7326.765 -6956.327 268.931
f 9152 9149 9151
v 7326.345 -6957.241 269.579
f 9153 9152 9151
f 9153 8849 9148
v 7319.730 -6962.690 269.045
f 9154 9148 8849
f 9154 8841 9148
f 9154 8842 8841
f 9154 8844 8842
f 9154 8852 8846
f 9154 8846 8845
f 9154 8845 8844
f 9154 8849 8852
v 7328.112 -6958.903 272.134
f 9155 9153 9151
f 9155 8849 9153
f 9155 8850 8849
v 7330.634 -6958.738 273.512
f 9155 9156 8850
f 9155 9151 9156
v 7336.845 -6955.586 274.003
f 9157 9151 9150
v 7336.529 -6956.327 274.611
f 9158 9151 9157
v 7333.078 -6958.903 275.023
f 9159 8856 8850
f 9159 8850 9156
f 9159 9156 9151
v 7336.173 -6957.241 275.296
f 9160 8856 9159
f 9160 9151 9158
f 9160 9159 9151
v 7340.576 -6959.629 279.328
f 9160 9161 8856
v 7347.047 -6955.586 278.695
v 7352.472 -6955.076 280.191
v 7351.937 -6956.830 281.728
f 9162 9163 9164
v 7346.791 -6956.327 279.332
f 9165 9162 9164
v 7346.502 -6957.241 280.047
f 9166 9165 9164
f 9166 8864 9161
v 7339.906 -6962.690 280.783
f 9167 8860 8859
f 9167 8859 8857
f 9167 8856 9161
f 9167 9161 8864
f 9167 8864 8868
f 9167 8861 8860
f 9167 8868 8861
f 9167 8857 8856
v 7348.723 -6958.903 282.220
f 9168 8865 8864
v 7351.461 -6958.738 283.092
f 9168 9164 9169
f 9168 9166 9164
f 9168 8864 9166
f 9168 9169 8865
v 7357.652 -6955.586 282.391
f 9170 9164 9163
v 7357.458 -6956.327 283.049
f 9171 9164 9170
v 7354.148 -6958.903 284.111
f 9172 9169 9164
f 9172 8865 9169
f 9172 8871 8865
v 7357.239 -6957.241 283.789
v 7362.329 -6959.629 286.908
f 9173 9174 8871
f 9173 8871 9172
f 9173 9172 9164
f 9173 9164 9171
v 7368.562 -6955.586 285.055
v 7374.172 -6955.076 285.490
v 7373.939 -6956.830 287.101
f 9175 9176 9177
v 7368.431 -6956.327 285.728
f 9178 9175 9177
v 7368.284 -6957.241 286.486
f 9179 8880 9174
f 9179 9178 9177
v 7361.949 -6962.690 288.464
f 9180 8872 8871
f 9180 8875 8874
f 9180 8876 8875
f 9180 8880 8879
f 9180 8879 8876
f 9180 8871 9174
f 9180 9174 8880
f 9180 8874 8872
v 7370.878 -6958.903 288.196
f 9181 8881 8880
f 9181 8880 9179
v 7373.732 -6958.738 288.531
f 9181 9177 9182
f 9181 9182 8881
f 9181 9179 9177
v 7376.379 -6961.575 290.558
f 9183 8885 8882
f 9183 8887 8885
f 9183 8882 8881
v 7379.053 -6968.976 293.143
f 9184 8605 8604
f 9184 8534 8605
f 9184 8886 8610
f 9184 8604 8886
f 9184 8537 8534
f 9184 8610 8537
v 7389.431 -6962.935 292.043
v 7385.063 -6962.114 291.548
f 9185 8888 9186
v 7390.893 -6960.779 291.014
v 7390.893 -6961.844 291.560
f 9185 9187 9188
v 7390.893 -6962.935 292.052
f 9185 9188 9189
f 9185 9189 8889
f 9185 8889 8888
v 7385.076 -6961.575 291.289
v 7385.089 -6961.043 291.016
f 9185 9190 9191
f 9185 9186 9190
v 7289.384 -6990.804 224.472
v 7287.456 -6990.181 222.355
f 9192 9193 8909
v 7288.267 -6990.950 221.944
f 9192 9194 9193
f 9192 8909 8908
v 7289.793 -6991.176 224.252
v 7289.110 -6991.674 221.517
f 9195 9196 9194
f 9195 9194 9192
v 7289.984 -6992.349 221.074
f 9195 9197 9196
v 7290.887 -6992.975 220.616
f 9195 9198 9197
v 7290.945 -6987.752 233.276
f 9199 8903 8902
f 9199 8905 8904
f 9199 8904 8903
f 9199 8906 8905
f 9199 8907 8906
v 7293.001 -6990.239 231.974
f 9199 9200 8908
f 9199 8908 8907
f 9199 8902 8910
f 9199 8914 8916
f 9199 8910 8914
f 9199 8916 9200
v 7291.728 -6991.699 226.314
f 9201 9195 9192
f 9201 9192 8908
f 9201 8908 9200
v 7292.151 -6992.042 226.073
f 9202 9195 9201
v 7292.581 -6992.373 225.829
f 9203 9195 9202
v 7293.018 -6992.692 225.580
f 9204 9195 9203
f 9204 9198 9195
v 7293.462 -6992.998 225.328
f 9205 9198 9204
v 7293.912 -6993.291 225.072
v 7291.817 -6993.551 220.145
f 9206 9207 9198
f 9206 9198 9205
v 7297.973 -6992.042 235.261
f 9208 9200 8916
v 7298.240 -6990.804 238.447
v 7300.049 -6990.950 240.536
f 9209 8915 9210
f 9209 9208 8916
f 9209 8916 8915
v 7301.570 -6992.349 239.355
f 9209 9210 9211
f 9209 9211 9208
v 7298.790 -6992.692 234.688
v 7303.192 -6993.551 238.094
f 9212 9211 9213
f 9212 9208 9211
v 7299.631 -6993.291 234.096
f 9214 9212 9213
v 7301.607 -6990.783 242.822
f 9215 9210 8915
f 9215 9211 9210
f 9215 8915 8922
v 7304.795 -6987.684 251.190
v 7306.583 -6990.210 249.503
f 9216 9217 8922
f 9216 8919 8923
f 9216 8923 8927
f 9216 8927 8929
f 9216 8929 9217
f 9216 8922 8921
f 9216 8920 8919
f 9216 8921 8920
v 7304.635 -6992.030 243.862
f 9218 8922 9217
f 9218 9215 8922
f 9218 9211 9215
v 7305.392 -6992.680 243.213
f 9219 9213 9211
f 9219 9211 9218
v 7306.172 -6993.280 242.544
f 9220 9213 9219
v 7312.102 -6992.030 251.775
f 9221 9217 8929
v 7312.966 -6990.783 254.857
f 9222 8929 8928
v 7315.157 -6990.950 256.545
f 9222 8928 9223
v 7316.424 -6992.349 255.095
f 9222 9223 9224
f 9222 9221 8929
f 9222 9224 9221
v 7312.793 -6992.680 251.056
v 7317.777 -6993.551 253.549
f 9225 9224 9226
f 9225 9221 9224
v 7313.506 -6993.280 250.316
f 9227 9225 9226
v 7317.121 -6990.783 258.491
f 9228 8928 8935
f 9228 9223 8928
f 9228 9224 9223
v 7321.845 -6987.684 266.099
v 7323.278 -6990.210 264.103
f 9229 9230 8935
f 9229 8933 8932
f 9229 8935 8934
f 9229 8934 8933
f 9229 8932 8936
f 9229 8936 8940
f 9229 8942 9230
f 9229 8940 8942
v 7320.291 -6992.030 258.936
f 9231 8935 9230
f 9231 9224 9228
f 9231 9228 8935
v 7320.911 -6992.680 258.155
f 9232 9226 9224
f 9232 9224 9231
v 7321.550 -6993.280 257.350
f 9233 9226 9232
v 7323.551 -6991.818 223.577
v 7322.818 -6991.904 222.842
f 9234 8945 9235
f 9234 8946 8945
v 7321.228 -6993.173 224.077
f 9234 9235 9236
v 7323.317 -6993.099 226.462
f 9237 9234 9236
v 7324.098 -6992.484 225.808
f 9238 9234 9237
v 7324.855 -6991.818 225.175
f 9239 8946 9234
f 9239 9234 9238
v 7329.129 -6992.030 265.282
f 9240 9230 8942
v 7330.564 -6990.783 268.143
v 7333.036 -6990.950 269.383
v 7334.004 -6992.349 267.718
f 9241 9242 9243
f 9241 9240 8942
f 9241 8941 9242
f 9241 8942 8941
f 9241 9243 9240
v 7329.671 -6992.680 264.445
v 7335.038 -6993.551 265.943
f 9244 9243 9245
f 9244 9240 9243
v 7330.230 -6993.280 263.582
f 9246 9244 9245
v 7329.042 -6988.475 224.243
v 7328.355 -6990.247 226.186
f 9247 8946 9248
f 9247 8944 8946
f 9247 8947 8944
f 9247 8677 8947
v 7335.336 -6990.783 270.920
f 9249 9243 9242
f 9249 8941 8952
f 9249 9242 8941
v 7330.349 -6987.463 224.393
f 9250 8677 9247
f 9250 9247 9248
f 9250 8953 8679
f 9250 8679 8677
v 7341.422 -6987.684 277.489
v 7342.449 -6990.210 275.256
f 9251 8966 9252
f 9251 8963 8966
f 9251 9252 8952
f 9251 8950 8949
f 9251 8951 8950
f 9251 8952 8951
f 9251 8949 8955
f 9251 8955 8963
v 7331.670 -6987.463 225.827
v 7331.713 -6988.475 227.142
f 9253 9254 8690
f 9253 8690 8967
f 9253 9250 9248
f 9253 8953 9250
f 9253 9248 9254
f 9253 8967 8953
v 7338.532 -6992.030 270.753
f 9255 9249 8952
f 9255 8952 9252
f 9255 9243 9249
v 7338.992 -6992.680 269.868
f 9256 9245 9243
f 9256 9243 9255
v 7333.447 -6991.818 234.063
v 7332.813 -6993.173 236.353
v 7334.139 -6991.904 234.838
f 9257 9258 9259
f 9257 9259 8960
f 9257 8960 8962
v 7339.466 -6993.280 268.955
f 9260 9245 9256
v 7332.884 -6981.898 222.112
f 9261 8968 8971
f 9261 8969 8954
f 9261 8971 8969
f 9261 8953 8968
f 9261 8682 8953
f 9261 8954 8682
v 7334.520 -6988.475 229.910
f 9262 8959 8965
f 9262 8690 9254
f 9262 8965 8690
v 7334.999 -6991.818 235.420
f 9263 8977 8960
f 9263 9259 9258
f 9263 8960 9259
v 7335.318 -6993.099 238.296
f 9264 9263 9258
v 7335.961 -6992.484 237.506
f 9265 9263 9264
v 7336.583 -6991.818 236.740
f 9266 8977 9263
f 9266 9263 9265
v 7335.407 -6982.034 224.872
f 9267 8968 8967
f 9267 8967 8703
f 9267 8981 8968
f 9267 8703 8982
f 9267 8982 8981
v 7348.416 -6992.030 275.299
f 9268 9252 8966
v 7350.370 -6990.783 277.835
f 9269 8966 8964
f 9269 9268 8966
v 7353.033 -6990.950 278.581
v 7353.667 -6992.349 276.763
f 9269 9270 9271
f 9269 8964 9270
f 9269 9271 9268
v 7348.789 -6992.680 274.374
f 9272 9268 9271
v 7354.343 -6993.551 274.823
f 9272 9271 9273
v 7334.362 -6973.546 220.784
f 9274 8701 8972
f 9274 8705 8701
f 9274 8990 8705
v 7349.174 -6993.280 273.421
f 9275 9272 9273
v 7332.183 -6967.186 219.046
f 9276 8255 8979
f 9276 8256 8255
v 7335.596 -6973.546 222.123
f 9277 8987 8722
f 9277 8972 8987
f 9277 9274 8972
f 9277 8990 9274
v 7340.516 -6988.475 235.028
f 9278 8976 8977
f 9278 8710 8980
f 9278 8980 8976
v 7340.211 -6990.247 237.067
f 9278 8977 9279
v 7332.081 -6966.606 219.131
f 9280 8256 9276
v 7331.968 -6966.030 219.225
f 9281 8257 8256
f 9281 8256 9280
v 7355.583 -6990.783 279.652
f 9282 9271 9270
f 9282 8964 8991
f 9282 9270 8964
v 7331.844 -6965.457 219.329
f 9283 8257 9281
v 7331.709 -6964.888 219.442
f 9284 8276 8257
f 9284 8257 9283
v 7341.827 -6987.463 234.926
f 9285 9278 9279
f 9285 8715 8710
f 9285 8710 9278
f 9285 8992 8715
v 7362.809 -6987.684 284.942
f 9286 8991 8989
v 7363.392 -6990.210 282.555
f 9286 9287 8991
f 9286 8988 8985
f 9286 8989 8988
f 9286 9015 9287
f 9286 9008 9015
f 9286 8985 8996
f 9286 8996 9008
v 7343.398 -6987.463 236.083
f 9288 9016 8992
v 7343.690 -6988.475 237.365
f 9288 9279 9289
f 9288 8992 9285
f 9288 9285 9279
f 9288 8737 9016
f 9288 9289 8737
v 7358.690 -6992.030 278.879
f 9290 9282 8991
f 9290 8991 9287
f 9290 9271 9282
v 7358.973 -6992.680 277.923
f 9291 9271 9290
f 9291 9273 9271
v 7346.710 -6991.818 243.829
v 7346.525 -6993.173 246.199
v 7347.537 -6991.904 244.458
f 9292 9293 9294
f 9292 9294 9005
f 9292 9005 9007
v 7359.264 -6993.280 276.937
f 9295 9273 9291
v 7346.973 -6988.475 239.548
f 9296 9014 8737
f 9296 9004 9014
f 9296 8737 9289
v 7348.493 -6991.818 244.866
f 9297 9294 9293
f 9297 9024 9005
f 9297 9005 9294
v 7349.353 -6993.099 247.629
f 9298 9297 9293
v 7344.365 -6979.815 231.566
f 9299 8993 8994
f 9299 9019 8732
f 9299 8995 9020
f 9299 8732 8993
f 9299 8994 8995
f 9299 9020 9019
v 7349.834 -6992.484 246.730
f 9300 9297 9298
v 7350.299 -6991.818 245.860
f 9301 9297 9300
f 9301 9024 9297
v 7375.116 -6985.344 289.013
f 9302 8727 9017
f 9302 9001 9002
f 9302 9002 8727
v 7346.884 -6982.034 234.434
f 9303 9016 8740
f 9303 9029 9028
f 9303 9028 8995
f 9303 8740 9029
f 9303 8995 9016
v 7339.821 -6967.186 226.947
v 7340.603 -6967.916 227.445
v 7340.443 -6966.751 227.629
f 9304 9305 9306
f 9304 9012 9013
v 7340.244 -6965.600 227.856
f 9304 9306 9307
v 7337.056 -6966.606 224.531
v 7337.150 -6967.186 224.436
f 9304 9308 9309
f 9304 9013 9305
f 9304 9309 9012
v 7385.004 -6979.181 292.775
f 9310 9039 8731
f 9310 8536 8743
f 9310 8731 8730
f 9310 8730 8536
f 9310 8743 8746
f 9310 8746 9039
v 7369.259 -6992.030 281.460
f 9311 9287 9015
v 7371.660 -6990.783 283.578
f 9312 9015 9009
v 7374.416 -6990.950 283.803
v 7374.692 -6992.349 281.897
f 9312 9313 9314
f 9312 9009 9313
f 9312 9311 9015
f 9312 9314 9311
v 7369.449 -6992.680 280.481
v 7374.986 -6993.551 279.864
f 9315 9314 9316
f 9315 9311 9314
v 7379.420 -6985.610 289.329
f 9317 9302 9017
v 7341.201 -6967.186 228.154
f 9318 9306 9305
f 9318 9307 9306
f 9318 9013 9026
f 9318 9305 9013
v 7369.645 -6993.280 279.472
f 9319 9315 9316
v 7379.485 -6986.582 288.645
f 9320 9302 9317
v 7346.546 -6973.546 231.699
f 9321 8742 9018
f 9321 9018 9032
v 7353.834 -6988.475 243.430
f 9322 9027 9023
f 9322 8755 9027
v 7353.923 -6990.247 245.490
f 9322 9024 9323
f 9322 9023 9024
v 7344.046 -6967.186 230.467
f 9324 9318 9026
v 7348.038 -6973.546 232.743
f 9325 9046 9321
f 9325 8760 9046
f 9325 9321 9032
f 9325 9032 8756
f 9325 8756 8758
f 9325 8758 8760
v 7355.102 -6987.463 243.081
f 9326 8754 8755
f 9326 9040 8754
f 9326 9322 9323
f 9326 8755 9322
v 7343.964 -6966.606 230.572
f 9327 9318 9324
v 7293.772 -6951.313 225.152
v 7290.687 -6951.672 220.718
v 7291.602 -6951.091 220.254
f 9328 9329 9330
v 7388.021 -6985.646 289.820
f 9331 9034 9033
v 7390.893 -6984.772 290.415
f 9331 9038 9332
v 7390.893 -6985.777 289.766
f 9331 9332 9333
f 9331 9033 9038
v 7293.328 -6951.607 225.404
f 9334 9329 9328
v 7356.864 -6987.463 243.917
f 9335 9326 9323
f 9335 9040 9326
v 7357.395 -6988.475 245.121
f 9335 9336 8762
f 9335 9066 9040
f 9335 8762 9066
f 9335 9323 9336
v 7388.029 -6986.139 289.480
v 7390.893 -6986.749 289.068
f 9337 9333 9338
f 9337 9331 9333
v 7289.721 -6953.402 224.291
v 7289.800 -6952.302 221.167
f 9339 9340 9329
v 7288.941 -6952.980 221.603
f 9339 9341 9340
v 7288.112 -6953.705 222.023
f 9339 9342 9341
v 7292.891 -6951.913 225.653
f 9343 9329 9334
f 9343 9339 9329
v 7388.038 -6986.623 289.128
v 7390.893 -6987.684 288.321
f 9344 9338 9345
f 9344 9337 9338
v 7289.318 -6953.772 224.507
f 9346 9064 9063
f 9346 9342 9339
v 7287.317 -6954.474 222.426
f 9346 9347 9342
f 9346 9063 9347
v 7292.460 -6952.232 225.897
f 9348 9339 9343
v 7292.037 -6952.563 226.138
v 7292.972 -6954.306 231.992
f 9349 9350 9064
f 9349 9064 9346
f 9349 9346 9339
f 9349 9339 9348
v 7361.591 -6991.818 250.891
v 7361.860 -6993.173 253.252
v 7362.522 -6991.904 251.351
f 9351 9352 9353
f 9351 9353 9050
f 9351 9050 9052
v 7361.034 -6988.475 246.638
f 9354 9065 8762
f 9354 9049 9065
f 9354 8762 9336
v 7363.538 -6991.818 251.569
f 9355 9353 9352
f 9355 9050 9353
f 9355 9080 9050
v 7356.953 -6979.815 239.299
f 9356 9075 8765
f 9356 9076 9075
f 9356 9043 9076
f 9356 8765 9041
f 9356 9041 9042
f 9356 9042 9043
v 7350.051 -6967.186 234.671
v 7352.353 -6966.751 236.181
f 9357 9057 9358
f 9357 9055 9057
v 7349.980 -6966.606 234.783
f 9359 9357 9358
v 7349.901 -6966.030 234.908
f 9360 9359 9358
v 7352.201 -6965.600 236.442
f 9360 9358 9361
v 7359.972 -6982.034 241.634
f 9362 9066 8770
f 9362 9043 9066
f 9362 8770 9085
f 9362 9085 9084
f 9362 9084 9043
v 7349.815 -6965.457 235.044
f 9363 9360 9361
v 7349.721 -6964.888 235.193
v 7352.021 -6964.464 236.752
f 9364 9361 9365
f 9364 9363 9361
v 7297.866 -6952.563 235.337
f 9366 9091 9350
v 7291.030 -6956.644 233.222
f 9367 9062 9064
f 9367 9070 9062
f 9367 9072 9071
f 9367 9071 9070
f 9367 9073 9072
f 9367 9064 9350
f 9367 9350 9091
f 9367 9091 9090
f 9367 9094 9073
f 9367 9090 9094
v 7357.474 -6973.546 238.233
f 9368 8769 9074
f 9368 9089 8772
f 9368 8772 8769
v 7366.617 -6988.475 248.584
f 9369 9083 9079
f 9369 8794 9083
v 7298.924 -6953.043 237.941
v 7303.001 -6951.091 238.242
v 7301.406 -6952.302 239.482
f 9370 9371 9372
v 7299.499 -6951.313 234.189
f 9370 9373 9371
v 7298.670 -6951.913 234.772
f 9370 9366 9374
v 7300.119 -6953.493 240.482
f 9370 9372 9375
f 9370 9374 9373
v 7354.803 -6967.186 237.436
f 9376 9057 9082
f 9376 9082 9089
f 9376 9358 9057
v 7359.119 -6973.546 239.014
f 9377 9089 9368
f 9377 9368 9074
f 9377 9088 8799
f 9377 9074 9088
v 7354.741 -6966.606 237.553
f 9378 9358 9376
v 7298.180 -6953.772 238.492
f 9379 9375 9092
f 9379 9370 9375
f 9379 9091 9366
f 9379 9366 9370
f 9379 9092 9091
v 7354.671 -6966.030 237.683
f 9380 9358 9378
f 9380 9361 9358
v 7354.595 -6965.457 237.825
f 9381 9361 9380
v 7354.512 -6964.888 237.980
f 9382 9365 9361
f 9382 9361 9381
v 7370.411 -6988.475 249.656
f 9383 8794 9369
v 7371.575 -6987.463 249.044
v 7372.902 -6990.247 252.103
f 9384 9383 9385
f 9384 8794 9383
f 9384 9115 9096
f 9384 9096 8794
v 7305.250 -6951.951 243.335
f 9386 9372 9371
v 7306.018 -6951.347 242.676
f 9386 9371 9387
v 7301.507 -6953.839 242.904
f 9388 9092 9375
f 9388 9375 9372
f 9388 9110 9092
f 9388 9372 9386
v 7304.505 -6952.603 243.973
f 9389 9110 9388
f 9389 9388 9386
v 7374.252 -6988.475 250.546
f 9390 9104 9111
f 9390 9111 8807
f 9390 9105 9104
f 9390 9385 9105
v 7373.475 -6987.463 249.484
f 9391 9385 9390
f 9391 9390 8807
f 9391 8810 9115
f 9391 8807 8810
f 9391 9115 9384
f 9391 9384 9385
v 7377.544 -6991.818 254.990
f 9392 8385 9105
f 9392 8379 8382
v 7375.152 -6993.099 256.619
f 9392 9393 8379
f 9392 8382 8385
v 7375.334 -6992.484 255.617
f 9392 9394 9393
v 7375.511 -6991.818 254.646
f 9392 9395 9394
f 9392 9105 9395
v 7370.559 -6982.034 245.324
f 9396 9096 9113
f 9396 9113 9112
f 9396 9097 8798
f 9396 9112 9097
f 9396 8798 9096
v 7374.192 -6982.034 246.211
f 9397 9113 9115
f 9397 9115 8816
f 9397 9127 9113
f 9397 8816 9128
f 9397 9128 9127
v 7364.842 -6967.186 241.908
f 9398 9108 9109
v 7365.674 -6966.751 242.308
v 7365.574 -6965.600 242.593
f 9398 9399 9400
f 9398 9109 9126
v 7361.426 -6967.186 240.578
f 9398 9401 9108
f 9398 9126 9399
v 7312.664 -6951.951 251.191
v 7313.366 -6951.347 250.462
v 7317.618 -6951.091 253.730
f 9402 9403 9404
v 7316.288 -6952.302 255.251
f 9402 9404 9405
v 7371.092 -6973.546 243.347
f 9406 8811 9121
f 9406 8817 8815
f 9406 8815 8811
f 9406 9131 8817
v 7304.779 -6956.858 251.206
v 7306.506 -6954.399 249.576
f 9407 9110 9408
f 9407 9116 9110
f 9407 9119 9118
f 9407 9118 9116
f 9407 9408 9132
f 9407 9132 9135
f 9407 9136 9119
f 9407 9135 9136
v 7368.318 -6967.186 243.073
f 9409 9126 9125
f 9409 9125 9131
f 9409 9399 9126
v 7372.856 -6973.546 243.801
f 9410 9130 8830
f 9410 9131 9406
f 9410 9406 9121
f 9410 9121 9130
v 7368.279 -6966.606 243.200
f 9411 9399 9409
v 7368.236 -6966.030 243.341
f 9412 9400 9399
f 9412 9399 9411
v 7312.878 -6953.839 254.953
v 7311.984 -6952.603 251.897
f 9413 9414 9402
v 7315.215 -6953.493 256.478
f 9413 9405 9415
f 9413 9132 9414
f 9413 9133 9132
f 9413 9415 9133
f 9413 9402 9405
v 7368.188 -6965.457 243.496
f 9416 9400 9412
v 7368.136 -6964.888 243.663
f 9417 9400 9416
v 7365.456 -6964.464 242.932
f 9417 9418 9400
v 7320.795 -6951.951 258.301
v 7321.424 -6951.347 257.509
f 9419 9404 9420
f 9419 9405 9404
v 7317.038 -6953.839 258.591
f 9421 9415 9405
f 9421 9133 9415
f 9421 9144 9133
f 9421 9405 9419
v 7320.186 -6952.603 259.070
v 7323.216 -6954.399 264.189
f 9422 9423 9144
f 9422 9144 9421
f 9422 9421 9419
v 7379.025 -6967.186 245.552
f 9424 8419 8421
f 9424 8421 8423
f 9424 8423 8425
v 7375.418 -6967.186 244.897
f 9424 9425 9143
f 9424 9143 8419
v 7329.569 -6951.951 264.601
v 7330.120 -6951.347 263.752
v 7334.916 -6951.091 266.151
f 9426 9427 9428
v 7333.900 -6952.302 267.897
f 9426 9428 9429
v 7329.036 -6952.603 265.425
f 9430 9149 9423
v 7321.831 -6956.858 266.118
f 9431 9149 9152
f 9431 9148 9147
f 9431 9145 9144
f 9431 9147 9145
f 9431 9423 9149
f 9431 9152 9153
f 9431 9153 9148
f 9431 9144 9423
v 7330.496 -6953.839 268.254
f 9432 9426 9429
f 9432 9149 9430
f 9432 9430 9426
f 9432 9150 9149
v 7333.081 -6953.493 269.306
f 9432 9429 9433
f 9432 9433 9150
v 7338.906 -6951.951 270.033
f 9434 9429 9428
v 7339.372 -6951.347 269.135
f 9434 9428 9435
v 7335.273 -6953.839 271.033
f 9436 9429 9434
f 9436 9157 9150
f 9436 9433 9429
f 9436 9150 9433
v 7338.454 -6952.603 270.904
f 9437 9436 9434
f 9437 9157 9436
v 7342.404 -6954.399 275.353
f 9437 9438 9157
v 7348.720 -6951.951 274.547
v 7349.098 -6951.347 273.609
v 7354.264 -6951.091 275.050
f 9439 9440 9441
v 7353.599 -6952.302 276.958
f 9439 9441 9442
v 7348.353 -6952.603 275.457
f 9443 9162 9438
v 7341.412 -6956.858 277.510
f 9444 9158 9157
f 9444 9160 9158
f 9444 9161 9160
f 9444 9157 9438
f 9444 9438 9162
f 9444 9162 9165
f 9444 9166 9161
f 9444 9165 9166
v 7350.325 -6953.839 277.957
v 7353.063 -6953.493 278.497
f 9445 9446 9163
f 9445 9443 9439
f 9445 9439 9442
f 9445 9162 9443
f 9445 9442 9446
f 9445 9163 9162
v 7358.920 -6951.951 278.102
v 7359.207 -6951.347 277.132
f 9447 9441 9448
f 9447 9442 9441
v 7355.544 -6953.839 279.775
f 9449 9163 9446
f 9449 9446 9442
f 9449 9170 9163
f 9449 9442 9447
v 7358.642 -6952.603 279.043
f 9450 9449 9447
f 9450 9170 9449
v 7363.367 -6954.399 282.658
f 9450 9451 9170
v 7369.413 -6951.951 280.664
v 7374.952 -6951.091 280.102
v 7374.662 -6952.302 282.102
f 9452 9453 9454
v 7369.606 -6951.347 279.671
f 9452 9455 9453
v 7369.226 -6952.603 281.627
f 9456 9175 9451
v 7362.804 -6956.858 284.964
f 9457 9171 9170
f 9457 9174 9173
f 9457 9173 9171
f 9457 9170 9451
f 9457 9179 9174
f 9457 9175 9178
f 9457 9178 9179
f 9457 9451 9175
v 7371.638 -6953.839 283.705
v 7374.429 -6953.493 283.715
f 9458 9459 9176
f 9458 9176 9175
f 9458 9452 9454
f 9458 9456 9452
f 9458 9454 9459
f 9458 9175 9456
v 7375.121 -6959.111 288.975
f 9460 9182 9177
f 9460 8881 9182
f 9460 9183 8881
v 7379.423 -6958.861 289.300
f 9461 9183 9460
v 7379.489 -6957.885 288.611
f 9461 9460 9462
v 7388.038 -6957.885 289.123
v 7390.893 -6956.830 288.321
v 7390.893 -6957.766 289.068
f 9463 9464 9465
v 7388.030 -6958.369 289.475
v 7390.893 -6958.738 289.766
f 9466 9465 9467
f 9466 9463 9465
v 7388.021 -6958.861 289.816
f 9468 9185 9191
v 7390.893 -6959.743 290.415
f 9468 9467 9469
f 9468 9469 9187
f 9468 9466 9467
f 9468 9187 9185
v 7385.005 -6965.326 292.773
f 9470 9186 8888
f 9470 8610 8886
f 9470 8886 8887
f 9470 8887 9186
f 9470 8888 8891
f 9470 8893 8610
f 9470 8891 8893
v 7294.729 -6994.439 221.600
f 9471 9207 9206
v 7292.771 -6994.073 219.662
f 9471 9472 9207
v 7293.747 -6994.542 219.167
f 9471 9473 9472
v 7295.216 -6994.659 221.339
v 7294.742 -6994.957 218.663
f 9474 9475 9473
v 7295.755 -6995.315 218.150
f 9474 9476 9475
f 9474 9473 9471
v 7295.380 -6992.381 230.466
v 7298.000 -6994.086 228.806
f 9477 9478 9206
f 9477 9201 9200
f 9477 9204 9203
f 9477 9206 9205
f 9477 9214 9478
f 9477 9208 9212
f 9477 9212 9214
f 9477 9202 9201
f 9477 9205 9204
f 9477 9203 9202
f 9477 9200 9208
v 7297.689 -6995.147 222.925
f 9479 9474 9471
f 9479 9471 9206
v 7298.185 -6995.319 222.643
f 9480 9474 9479
v 7298.684 -6995.477 222.359
f 9481 9476 9474
f 9481 9474 9480
v 7296.782 -6995.617 217.629
f 9481 9482 9476
v 7299.186 -6995.620 222.074
f 9483 9482 9481
v 7299.691 -6995.749 221.787
f 9484 9482 9483
v 7297.821 -6995.861 217.102
f 9484 9485 9482
v 7303.119 -6994.439 234.840
v 7306.677 -6995.315 235.385
v 7303.185 -6995.147 231.597
f 9486 9487 9488
f 9486 9488 9214
v 7304.900 -6994.542 236.767
f 9486 9489 9487
f 9486 9214 9213
f 9486 9213 9489
v 7304.121 -6995.477 230.939
v 7308.507 -6995.861 233.964
f 9490 9487 9491
f 9490 9488 9487
v 7305.069 -6995.749 230.273
f 9492 9490 9491
v 7306.320 -6994.435 238.975
f 9493 9487 9489
f 9493 9213 9220
f 9493 9489 9213
v 7308.637 -6992.365 247.564
f 9494 9218 9217
f 9494 9220 9219
v 7310.901 -6994.079 245.428
f 9494 9495 9220
f 9494 9219 9218
f 9494 9221 9225
f 9494 9225 9227
f 9494 9227 9495
f 9494 9217 9221
v 7309.481 -6995.145 239.709
f 9496 9493 9220
f 9496 9487 9493
v 7310.349 -6995.475 238.965
f 9497 9491 9487
f 9497 9487 9496
v 7311.229 -6995.748 238.211
f 9498 9491 9497
v 7317.078 -6994.435 250.375
v 7319.201 -6994.542 251.920
f 9499 9226 9500
v 7320.683 -6995.315 250.225
v 7316.528 -6995.145 247.177
f 9499 9501 9502
f 9499 9502 9227
f 9499 9500 9501
f 9499 9227 9226
v 7317.322 -6995.475 246.353
f 9503 9502 9501
v 7322.208 -6995.861 248.482
f 9503 9501 9504
v 7318.125 -6995.748 245.518
f 9505 9503 9504
v 7319.750 -6994.660 227.305
v 7319.546 -6994.236 225.384
v 7317.790 -6995.083 226.749
f 9506 9507 9508
v 7320.607 -6994.206 226.614
f 9509 9507 9506
f 9509 9236 9507
f 9509 9237 9236
v 7321.015 -6994.435 253.817
f 9510 9226 9233
f 9510 9500 9226
f 9510 9501 9500
v 7322.579 -6994.660 230.645
f 9511 9509 9506
f 9511 9237 9509
v 7321.741 -6995.059 231.390
f 9511 9506 9512
v 7324.926 -6992.365 261.808
f 9513 9232 9231
f 9513 9230 9240
f 9513 9244 9246
v 7326.742 -6994.079 259.280
f 9513 9246 9514
f 9513 9231 9230
f 9513 9240 9244
f 9513 9514 9233
f 9513 9233 9232
v 7324.258 -6995.145 253.936
f 9515 9510 9233
f 9515 9501 9510
v 7324.969 -6995.475 253.040
f 9516 9501 9515
f 9516 9504 9501
v 7325.904 -6991.775 226.312
f 9517 8946 9239
f 9517 9248 8946
f 9517 9239 9238
v 7325.689 -6995.748 252.132
f 9518 9504 9516
v 7328.678 -6991.775 229.359
v 7329.749 -6992.484 231.941
v 7330.442 -6991.818 231.238
f 9519 9520 9521
f 9519 9248 9517
v 7328.700 -6994.660 236.902
v 7329.947 -6995.083 239.631
v 7331.411 -6994.236 237.956
f 9522 9523 9524
v 7327.936 -6995.059 237.723
f 9522 9525 9523
v 7329.448 -6994.206 236.095
f 9526 9522 9524
v 7333.748 -6994.435 262.960
v 7337.258 -6995.315 262.127
v 7332.599 -6995.145 259.925
f 9527 9528 9529
v 7336.126 -6994.542 264.073
f 9527 9245 9530
f 9527 9246 9245
f 9527 9529 9246
f 9527 9530 9528
v 7333.221 -6995.475 258.965
f 9531 9529 9528
v 7338.423 -6995.861 260.124
f 9531 9528 9532
v 7331.120 -6990.247 229.116
f 9533 9248 9519
f 9533 9254 9248
f 9533 9519 9521
v 7333.851 -6995.748 257.993
f 9534 9531 9532
v 7331.978 -6994.660 239.803
f 9535 9524 9523
v 7332.687 -6994.206 238.962
f 9536 9258 9524
f 9536 9264 9258
f 9536 9524 9535
v 7332.554 -6990.247 230.531
f 9537 8959 9262
f 9537 9254 9533
f 9537 9257 8962
f 9537 9262 9254
f 9537 9533 9521
f 9537 9521 9257
f 9537 8962 8959
v 7338.268 -6994.435 265.590
f 9538 9530 9245
f 9538 9245 9260
f 9538 9528 9530
v 7335.391 -6994.660 242.544
f 9539 9536 9535
f 9539 9264 9536
v 7334.710 -6995.059 243.435
f 9539 9535 9540
v 7343.629 -6992.365 272.689
v 7344.930 -6994.079 269.862
f 9541 9542 9260
f 9541 9256 9255
f 9541 9260 9256
f 9541 9252 9268
f 9541 9255 9252
f 9541 9275 9542
f 9541 9268 9272
f 9541 9272 9275
v 7341.474 -6995.145 265.089
f 9543 9528 9538
f 9543 9538 9260
v 7342.001 -6995.475 264.074
f 9544 9528 9543
f 9544 9532 9528
v 7337.829 -6991.775 237.657
f 9545 9279 8977
f 9545 8977 9266
f 9545 9266 9265
v 7342.535 -6995.748 263.045
f 9546 9532 9544
v 7341.133 -6991.775 240.120
f 9547 9279 9545
v 7342.676 -6992.484 242.451
v 7343.223 -6991.818 241.629
f 9547 9548 9549
v 7342.112 -6993.099 243.299
f 9547 9550 9548
v 7342.591 -6994.660 247.520
v 7341.998 -6995.059 248.472
v 7344.335 -6995.083 249.962
f 9551 9552 9553
v 7345.454 -6994.236 248.039
f 9551 9553 9554
v 7343.172 -6994.206 246.586
f 9555 9551 9554
v 7333.109 -6967.405 220.062
f 9556 8979 8990
f 9556 9281 9280
f 9556 9276 8979
f 9556 9283 9281
f 9556 9280 9276
v 7330.104 -6962.458 218.956
f 9557 8276 9284
f 9557 8274 8277
f 9557 8277 8276
v 7352.509 -6994.435 272.140
v 7350.803 -6995.145 269.380
f 9558 9559 9275
v 7355.055 -6994.542 272.780
f 9558 9273 9560
v 7355.796 -6995.315 270.654
f 9558 9560 9561
f 9558 9561 9559
f 9558 9275 9273
v 7329.909 -6961.917 219.113
f 9562 8275 8274
f 9562 8274 9557
v 7329.704 -6961.384 219.278
f 9563 8275 9562
f 9563 8278 8275
f 9563 8279 8278
v 7351.231 -6995.475 268.319
v 7356.558 -6995.861 268.466
f 9564 9561 9565
f 9564 9559 9561
v 7343.484 -6990.247 239.416
f 9566 9279 9547
f 9566 9547 9549
f 9566 9289 9279
v 7336.512 -6970.349 223.137
f 9567 8990 9277
f 9567 9277 8722
v 7351.664 -6995.748 267.244
f 9568 9564 9565
v 7346.361 -6994.660 249.744
f 9569 9554 9553
v 7335.618 -6967.697 222.731
f 9570 8990 9567
f 9570 9567 9309
v 7346.897 -6994.206 248.783
f 9571 9293 9554
f 9571 9554 9569
f 9571 9298 9293
v 7335.576 -6967.405 222.771
f 9572 9309 9308
v 7336.953 -6966.030 224.636
f 9572 9308 9573
f 9572 8990 9570
v 7336.839 -6965.457 224.751
f 9572 9573 9574
f 9572 9556 8990
v 7336.716 -6964.888 224.876
f 9572 9574 9575
f 9572 9570 9309
v 7345.162 -6990.247 240.532
f 9576 9549 9292
f 9576 9004 9296
f 9576 9292 9007
f 9576 9566 9549
f 9576 9296 9289
f 9576 9289 9566
f 9576 9007 9004
v 7337.824 -6970.795 224.401
f 9577 9003 9010
f 9577 8722 8997
f 9577 9309 9567
f 9577 9567 8722
f 9577 9010 9012
f 9577 8997 9003
f 9577 9012 9309
v 7357.447 -6994.435 273.861
f 9578 9273 9295
f 9578 9560 9273
f 9578 9561 9560
v 7332.137 -6961.384 222.151
f 9579 9562 9557
f 9579 9563 9562
v 7331.931 -6960.856 222.335
f 9580 9563 9579
v 7331.714 -6960.336 222.527
f 9581 9563 9580
v 7350.234 -6994.660 251.785
v 7349.735 -6995.059 252.789
f 9582 9569 9583
f 9582 9571 9569
f 9582 9298 9571
v 7364.062 -6992.365 279.810
f 9584 9311 9315
f 9584 9287 9311
f 9584 9315 9319
v 7364.801 -6994.079 276.786
f 9584 9319 9585
f 9584 9585 9295
f 9584 9295 9291
f 9584 9290 9287
f 9584 9291 9290
v 7360.499 -6995.145 272.759
f 9586 9561 9578
f 9586 9578 9295
v 7360.823 -6995.475 271.662
f 9587 9561 9586
f 9587 9565 9561
v 7379.267 -6982.835 290.922
f 9588 9317 9017
f 9588 8731 9039
f 9588 9035 9034
f 9588 9017 8731
f 9588 9039 9035
f 9588 9034 9317
v 7351.697 -6991.775 246.523
f 9589 9323 9024
f 9589 9024 9301
f 9589 9301 9300
v 7361.152 -6995.748 270.551
f 9590 9565 9587
v 7299.425 -6948.831 221.938
v 7296.492 -6948.976 217.776
v 7297.517 -6948.718 217.257
f 9591 9592 9593
v 7337.750 -6962.458 227.157
v 7339.735 -6963.348 228.438
v 7339.426 -6962.254 228.791
f 9594 9595 9596
v 7298.926 -6948.966 222.221
f 9597 9592 9591
v 7343.991 -6970.795 229.794
f 9598 9021 8742
f 9598 9025 9022
f 9598 9022 9021
f 9598 9324 9026
f 9598 9026 9025
v 7337.580 -6961.917 227.340
v 7339.082 -6961.185 229.185
f 9599 9596 9600
f 9599 9594 9596
v 7298.431 -6949.115 222.503
f 9601 9592 9597
v 7295.003 -6949.950 221.453
f 9602 9592 9601
v 7295.479 -6949.291 218.289
f 9602 9603 9592
v 7294.481 -6949.660 218.795
f 9602 9604 9603
v 7293.501 -6950.084 219.292
f 9602 9605 9604
v 7376.880 -6988.900 286.389
f 9606 9009 9001
f 9606 9001 9302
f 9606 9302 9320
v 7337.401 -6961.384 227.532
f 9607 9599 9600
v 7297.939 -6949.278 222.783
f 9608 9602 9601
v 7294.523 -6950.174 221.711
f 9609 9328 9330
f 9609 9605 9602
v 7292.540 -6950.561 219.779
f 9609 9610 9605
f 9609 9330 9610
v 7337.213 -6960.856 227.735
v 7338.704 -6960.143 229.618
f 9611 9600 9612
f 9611 9607 9600
v 7297.450 -6949.455 223.060
f 9613 9328 9609
f 9613 9602 9608
f 9613 9609 9602
v 7355.409 -6991.775 248.312
v 7356.976 -6993.099 251.246
v 7357.368 -6992.484 250.306
f 9614 9615 9616
v 7357.748 -6991.818 249.395
f 9614 9616 9617
f 9614 9323 9589
v 7376.981 -6989.736 285.548
f 9618 9313 9009
f 9618 9009 9606
v 7337.017 -6960.336 227.947
f 9619 9611 9612
v 7358.249 -6994.660 255.299
v 7357.849 -6995.059 256.346
v 7360.427 -6995.083 257.364
f 9620 9621 9622
v 7361.159 -6994.236 255.263
f 9620 9622 9623
v 7345.419 -6970.349 230.925
f 9624 9321 9046
f 9624 9598 8742
f 9624 9324 9598
f 9624 8742 9321
v 7358.642 -6994.206 254.271
f 9625 9620 9623
v 7372.675 -6994.435 277.580
v 7375.619 -6995.315 275.495
v 7370.474 -6995.145 275.195
f 9626 9627 9628
f 9626 9319 9316
f 9626 9628 9319
v 7375.296 -6994.542 277.722
f 9626 9316 9629
f 9626 9629 9627
v 7370.692 -6995.475 274.072
f 9630 9628 9627
v 7375.950 -6995.861 273.202
f 9630 9627 9631
v 7341.270 -6962.458 230.234
f 9632 9596 9595
v 7357.583 -6990.247 247.173
f 9633 9614 9617
f 9633 9323 9614
f 9633 9336 9323
v 7341.111 -6961.917 230.427
f 9634 9600 9596
f 9634 9596 9632
v 7345.940 -6967.697 231.758
f 9635 9324 9624
f 9635 9624 9046
v 7370.913 -6995.748 272.934
f 9636 9630 9631
v 7340.944 -6961.384 230.630
f 9637 9600 9634
v 7345.906 -6967.405 231.805
f 9638 9635 9046
f 9638 9327 9324
f 9638 9324 9635
v 7343.874 -6966.030 230.689
f 9638 9639 9327
v 7343.668 -6964.888 230.955
v 7343.775 -6965.457 230.816
f 9638 9640 9641
f 9638 9641 9639
v 7340.768 -6960.856 230.843
f 9642 9612 9600
f 9642 9600 9637
v 7340.585 -6960.336 231.067
f 9643 9612 9642
v 7363.416 -6994.660 257.099
v 7363.079 -6995.059 258.169
f 9644 9622 9645
f 9644 9623 9622
v 7359.443 -6990.247 247.949
f 9646 9354 9336
f 9646 9049 9354
f 9646 9336 9633
f 9646 9617 9351
f 9646 9052 9049
f 9646 9351 9052
f 9646 9633 9617
v 7363.747 -6994.206 256.050
f 9647 9623 9644
v 7303.883 -6949.115 231.107
v 7308.237 -6948.718 234.173
v 7306.433 -6949.291 235.575
f 9648 9649 9650
v 7304.818 -6948.831 230.449
f 9648 9651 9649
v 7389.484 -6988.524 287.575
v 7390.893 -6988.581 287.530
f 9652 9345 9653
v 7390.893 -6989.438 286.694
f 9652 9653 9654
v 7390.893 -6990.252 285.817
f 9652 9654 9655
v 7385.279 -6988.940 287.055
v 7385.259 -6988.505 287.465
f 9652 9656 9657
f 9652 9657 9344
v 7385.299 -6989.365 286.634
f 9652 9658 9656
f 9652 9344 9345
v 7348.920 -6967.405 233.888
f 9659 9046 9055
f 9659 9357 9359
f 9659 9638 9046
f 9659 9360 9363
f 9659 9359 9360
f 9659 9055 9357
v 7295.283 -6952.209 230.528
v 7297.823 -6950.526 228.917
f 9660 9661 9373
f 9660 9374 9366
f 9660 9366 9350
f 9660 9334 9328
f 9660 9328 9661
f 9660 9373 9374
f 9660 9343 9334
f 9660 9350 9349
f 9660 9348 9343
f 9660 9349 9348
v 7302.931 -6950.174 234.979
f 9662 9371 9373
v 7304.682 -6950.084 236.936
f 9662 9663 9371
f 9662 9648 9650
v 7302.961 -6949.455 231.755
f 9662 9373 9664
f 9662 9664 9648
f 9662 9650 9663
v 7367.049 -6990.247 250.600
f 9665 9080 9355
v 7367.478 -6991.818 252.786
f 9665 9355 9666
f 9665 9079 9080
f 9665 9369 9079
v 7306.969 -6949.751 238.444
v 7307.832 -6949.369 237.740
f 9667 9650 9668
f 9667 9663 9650
v 7369.984 -6991.775 253.391
v 7367.210 -6992.484 253.735
f 9669 9666 9670
v 7350.417 -6962.458 236.719
v 7351.812 -6963.348 237.110
f 9671 9365 9672
f 9671 9364 9365
v 7351.576 -6962.254 237.515
f 9671 9672 9673
v 7368.988 -6990.247 251.148
f 9674 9385 9383
f 9674 9665 9666
f 9674 9666 9669
f 9674 9383 9369
f 9674 9669 9385
f 9674 9369 9665
v 7306.121 -6950.187 239.136
f 9675 9663 9667
f 9675 9371 9663
f 9675 9387 9371
v 7350.287 -6961.917 236.933
v 7346.979 -6961.384 235.130
f 9676 9677 9671
v 7351.314 -6961.185 237.967
f 9676 9673 9678
f 9676 9671 9673
v 7350.151 -6961.384 237.158
f 9679 9677 9676
f 9679 9676 9678
v 7346.663 -6960.336 235.599
v 7346.824 -6960.856 235.359
f 9679 9680 9681
f 9679 9681 9677
v 7351.024 -6960.143 238.464
v 7350.709 -6959.130 239.005
f 9679 9682 9683
f 9679 9678 9682
v 7376.182 -6994.660 260.136
f 9684 8312 8311
v 7371.880 -6994.660 259.328
v 7371.647 -6995.059 260.425
f 9684 9685 9686
v 7376.359 -6994.206 259.050
f 9687 8311 8379
f 9687 9684 8311
f 9687 8379 9393
f 9687 9685 9684
f 9687 9393 9685
v 7352.842 -6962.458 238.130
f 9688 9672 9365
f 9688 9365 9382
f 9688 9673 9672
v 7352.720 -6961.917 238.348
f 9689 9678 9673
f 9689 9673 9688
v 7374.004 -6991.775 254.296
f 9690 9394 9395
f 9690 9395 9105
f 9690 9385 9669
f 9690 9105 9385
v 7352.592 -6961.384 238.578
f 9691 9678 9689
f 9691 9683 9682
f 9691 9682 9678
v 7360.349 -6970.349 239.611
f 9692 9377 8799
f 9692 9089 9377
v 7359.367 -6967.697 239.570
f 9693 9692 9401
f 9693 9089 9692
v 7359.343 -6967.405 239.623
v 7361.375 -6966.606 240.701
f 9694 9401 9695
v 7361.256 -6965.457 240.986
v 7361.188 -6964.888 241.148
f 9694 9696 9697
f 9694 9693 9401
v 7361.318 -6966.030 240.837
f 9694 9695 9698
f 9694 9698 9696
v 7362.038 -6970.795 240.294
f 9699 9100 9103
f 9699 9103 9106
f 9699 9106 9108
f 9699 8799 9100
f 9699 9401 9692
f 9699 9108 9401
f 9699 9692 8799
v 7355.922 -6961.384 240.333
f 9700 9688 9382
f 9700 9689 9688
f 9700 9691 9689
v 7306.142 -6952.757 246.166
f 9701 9389 9386
f 9701 9408 9110
f 9701 9110 9389
v 7355.799 -6960.856 240.581
f 9702 9691 9700
v 7355.671 -6960.336 240.840
f 9703 9691 9702
v 7317.645 -6949.751 249.757
v 7318.399 -6949.369 248.936
v 7320.479 -6949.291 250.458
f 9704 9705 9706
v 7319.019 -6950.084 252.127
f 9704 9706 9707
v 7316.906 -6950.187 250.563
f 9708 9404 9403
f 9708 9707 9404
f 9708 9704 9707
v 7309.889 -6952.757 250.137
f 9709 9402 9414
f 9709 9408 9701
f 9709 9414 9132
f 9709 9132 9408
v 7324.778 -6949.122 253.280
v 7321.983 -6948.718 248.738
v 7325.489 -6948.836 252.385
f 9710 9711 9712
f 9710 9706 9711
v 7362.817 -6961.384 243.356
v 7365.166 -6962.254 243.766
v 7364.994 -6961.185 244.260
f 9713 9714 9715
v 7365.320 -6963.348 243.323
f 9713 9716 9714
v 7320.851 -6950.187 254.014
f 9717 9420 9404
f 9717 9404 9707
f 9717 9707 9706
v 7362.718 -6960.856 243.614
f 9718 9713 9715
v 7364.804 -6960.143 244.803
f 9718 9715 9719
v 7324.078 -6949.463 254.163
f 9720 9420 9717
f 9720 9706 9710
f 9720 9717 9706
v 7362.615 -6960.336 243.884
f 9721 9718 9719
v 7366.525 -6962.458 244.129
f 9722 9716 9418
f 9722 9418 9417
f 9722 9714 9716
v 7366.447 -6961.917 244.366
f 9723 9715 9714
f 9723 9714 9722
v 7366.365 -6961.384 244.616
v 7364.598 -6959.130 245.394
f 9724 9725 9719
f 9724 9715 9723
f 9724 9719 9715
v 7374.176 -6970.349 244.153
f 9726 9410 8830
f 9726 9131 9410
v 7373.205 -6967.697 244.299
f 9727 9131 9726
f 9727 9726 9425
v 7373.192 -6967.405 244.356
f 9728 9727 9425
v 7375.391 -6966.606 245.028
v 7375.361 -6966.030 245.172
f 9728 9729 9730
v 7375.329 -6965.457 245.330
f 9728 9730 9731
f 9728 9425 9729
v 7375.293 -6964.888 245.502
f 9728 9731 9732
v 7375.965 -6970.795 244.501
f 9733 9143 9425
f 9733 9425 9726
f 9733 8830 9140
f 9733 9140 9141
f 9733 9141 9142
f 9733 9726 8830
f 9733 9142 9143
v 7333.054 -6949.122 259.222
v 7333.675 -6948.836 258.263
v 7338.251 -6948.718 260.419
f 9734 9735 9736
v 7337.102 -6949.291 262.394
f 9734 9736 9737
v 7369.969 -6961.384 245.705
f 9738 9722 9417
f 9738 9723 9722
f 9738 9724 9723
v 7369.895 -6960.856 245.971
f 9739 9724 9738
v 7332.441 -6949.463 260.169
f 9740 9734 9737
v 7369.818 -6960.336 246.250
f 9741 9724 9739
v 7324.828 -6952.260 261.945
f 9742 9427 9426
f 9742 9430 9423
f 9742 9419 9420
f 9742 9426 9430
v 7326.603 -6950.545 259.473
f 9742 9420 9743
f 9742 9743 9427
f 9742 9422 9419
f 9742 9423 9422
v 7333.614 -6950.187 263.178
v 7335.987 -6950.084 264.311
f 9744 9745 9428
f 9744 9428 9427
f 9744 9427 9740
f 9744 9737 9745
f 9744 9740 9737
v 7341.860 -6949.122 264.346
v 7342.387 -6948.836 263.331
f 9746 9736 9747
f 9746 9737 9736
v 7377.312 -6961.384 247.359
f 9748 8431 8433
f 9748 8429 8431
v 7338.145 -6950.187 265.814
f 9749 9428 9745
f 9749 9745 9737
f 9749 9435 9428
v 7377.265 -6960.856 247.631
f 9750 8433 8435
f 9750 9748 8433
v 7341.341 -6949.463 265.346
f 9751 9737 9746
f 9751 9749 9737
f 9751 9435 9749
v 7377.215 -6960.336 247.916
f 9752 9750 8435
v 7351.116 -6949.122 268.603
v 7351.543 -6948.836 267.543
v 7356.446 -6948.718 268.788
f 9753 9754 9755
v 7355.694 -6949.291 270.946
f 9753 9755 9756
v 7350.694 -6949.463 269.649
f 9757 9753 9756
v 7343.559 -6952.260 272.843
f 9758 9437 9434
f 9758 9438 9437
v 7344.831 -6950.545 270.078
f 9758 9759 9440
f 9758 9440 9439
f 9758 9439 9443
f 9758 9443 9438
f 9758 9434 9435
f 9758 9435 9759
v 7352.419 -6950.187 272.380
f 9760 9441 9440
v 7354.964 -6950.084 273.040
f 9760 9756 9761
f 9760 9761 9441
f 9760 9440 9757
f 9760 9757 9756
v 7360.737 -6949.122 271.956
v 7361.061 -6948.836 270.859
f 9762 9755 9763
f 9762 9756 9755
v 7357.369 -6950.187 274.104
f 9764 9761 9756
f 9764 9441 9761
f 9764 9448 9441
v 7360.417 -6949.463 273.037
f 9765 9764 9756
f 9765 9756 9762
f 9765 9448 9764
v 7370.634 -6949.122 274.372
v 7375.901 -6948.718 273.539
v 7375.574 -6949.291 275.801
f 9766 9767 9768
v 7370.851 -6948.836 273.250
f 9766 9769 9767
v 7370.419 -6949.463 275.479
f 9770 9766 9768
v 7364.022 -6952.260 279.974
f 9771 9450 9447
f 9771 9451 9450
f 9771 9447 9448
v 7364.744 -6950.545 277.017
f 9771 9448 9772
f 9771 9772 9455
f 9771 9452 9456
f 9771 9455 9452
f 9771 9456 9451
v 7372.632 -6950.187 277.832
v 7375.257 -6950.084 277.995
f 9773 9774 9453
f 9773 9768 9774
f 9773 9453 9455
f 9773 9455 9770
f 9773 9770 9768
v 7376.973 -6954.843 285.617
f 9775 9176 9459
v 7376.887 -6955.553 286.330
f 9776 9177 9176
f 9776 9176 9775
f 9776 9462 9460
f 9776 9460 9177
v 7379.268 -6961.642 290.904
f 9777 9186 8887
f 9777 9183 9461
f 9777 8887 9183
f 9777 9461 9191
f 9777 9191 9190
f 9777 9190 9186
v 7389.484 -6955.988 287.572
v 7385.280 -6955.553 287.035
v 7385.300 -6955.129 286.613
f 9778 9779 9780
v 7385.260 -6955.988 287.445
f 9778 9781 9779
f 9778 9463 9781
v 7390.893 -6955.076 286.694
v 7390.893 -6955.933 287.530
f 9778 9782 9783
f 9778 9783 9464
f 9778 9464 9463
v 7298.748 -6995.059 225.284
f 9784 9206 9478
f 9784 9480 9479
f 9784 9481 9480
f 9784 9483 9481
f 9784 9479 9206
v 7300.801 -6996.149 218.338
f 9785 9485 9484
v 7298.870 -6996.048 216.571
f 9785 9786 9485
v 7299.925 -6996.175 216.036
f 9785 9787 9786
v 7301.323 -6996.198 218.057
f 9788 9787 9785
v 7300.986 -6996.244 215.499
f 9788 9789 9787
v 7301.847 -6996.233 217.776
f 9790 9789 9788
v 7302.371 -6996.252 217.495
f 9791 9789 9790
v 7302.047 -6996.254 214.961
f 9791 9792 9789
v 7303.108 -6996.205 214.423
f 9791 9793 9792
v 7301.504 -6995.059 229.633
f 9794 9784 9478
f 9794 9214 9488
f 9794 9488 9490
f 9794 9490 9492
f 9794 9478 9214
v 7304.750 -6996.252 221.679
f 9795 9790 9788
f 9795 9785 9484
f 9795 9788 9785
f 9795 9791 9790
v 7309.616 -6996.233 230.036
v 7310.369 -6996.175 232.516
v 7312.248 -6996.254 231.056
f 9796 9797 9798
v 7310.573 -6996.257 229.328
f 9799 9796 9798
v 7310.967 -6995.055 241.826
f 9800 9496 9220
f 9800 9497 9496
f 9800 9220 9495
v 7311.664 -6996.149 234.612
f 9801 9798 9797
f 9801 9797 9491
f 9801 9491 9498
v 7314.501 -6995.055 245.571
f 9802 9503 9505
f 9802 9227 9502
f 9802 9502 9503
f 9802 9800 9495
f 9802 9495 9227
v 7316.553 -6996.220 234.815
f 9803 9798 9801
v 7317.063 -6995.924 231.318
f 9804 9798 9803
v 7315.976 -6995.705 228.159
v 7314.123 -6996.097 229.599
f 9804 9805 9806
f 9804 9806 9798
v 7317.962 -6995.697 230.571
f 9807 9508 9805
f 9807 9506 9508
f 9807 9512 9506
f 9807 9805 9804
v 7319.745 -6996.220 238.301
v 7316.924 -6996.245 238.361
f 9808 9803 9809
v 7321.743 -6996.149 245.292
v 7323.761 -6996.175 246.706
f 9810 9504 9811
f 9810 9505 9504
v 7322.546 -6996.233 244.417
v 7325.326 -6996.254 244.915
f 9812 9811 9813
f 9812 9810 9811
v 7323.100 -6996.220 241.629
v 7326.890 -6996.097 243.127
f 9814 9813 9815
f 9814 9812 9813
v 7324.299 -6993.388 228.407
f 9816 9238 9237
f 9816 9517 9238
f 9816 9237 9511
v 7325.438 -6994.191 232.081
f 9817 9511 9512
v 7326.120 -6995.055 255.731
f 9818 9233 9514
f 9818 9516 9515
f 9818 9515 9233
v 7325.718 -6993.388 229.985
f 9819 9511 9817
f 9819 9517 9816
f 9819 9816 9511
f 9819 9519 9517
v 7325.431 -6996.149 248.516
f 9820 9811 9504
f 9820 9504 9518
f 9820 9813 9811
v 7327.397 -6995.697 240.390
v 7328.435 -6995.705 241.360
f 9821 9822 9523
f 9821 9523 9525
f 9821 9815 9822
v 7328.488 -6994.191 235.144
f 9823 9522 9526
v 7329.034 -6993.099 232.667
f 9823 9824 9817
v 7330.303 -6995.055 258.734
f 9825 9529 9531
f 9825 9531 9534
f 9825 9818 9514
f 9825 9514 9246
f 9825 9246 9529
v 7330.269 -6996.220 247.785
f 9826 9813 9820
v 7330.104 -6995.924 244.254
f 9827 9813 9826
f 9827 9815 9813
f 9827 9822 9815
v 7330.844 -6995.697 243.350
f 9828 9822 9827
f 9828 9523 9822
f 9828 9535 9523
f 9828 9540 9535
v 7331.500 -6993.118 235.050
f 9829 9524 9258
f 9829 9258 9257
f 9829 9521 9520
f 9829 9526 9524
f 9829 9520 9824
f 9829 9257 9521
f 9829 9823 9526
f 9829 9824 9823
v 7334.066 -6996.220 250.599
v 7331.309 -6996.245 251.195
f 9830 9826 9831
v 7337.359 -6996.149 257.081
f 9832 9534 9532
v 7339.609 -6996.175 258.085
f 9832 9532 9833
v 7337.981 -6996.233 256.069
f 9834 9832 9833
v 7340.805 -6996.254 256.029
f 9834 9833 9835
v 7337.993 -6996.220 253.227
v 7336.773 -6996.013 249.936
f 9836 9837 9830
f 9836 9834 9835
v 7341.999 -6996.097 253.976
f 9836 9835 9838
v 7336.653 -6993.388 240.019
f 9839 9264 9539
f 9839 9545 9265
f 9839 9265 9264
v 7338.470 -6994.191 243.409
f 9840 9539 9540
f 9840 9550 9547
v 7343.644 -6995.055 266.496
f 9841 9543 9260
f 9841 9544 9543
f 9841 9260 9542
v 7338.346 -6993.388 241.298
f 9842 9539 9840
f 9842 9840 9547
f 9842 9545 9839
f 9842 9547 9545
f 9842 9839 9539
v 7341.594 -6996.149 259.545
f 9843 9532 9546
f 9843 9835 9833
f 9843 9833 9532
v 7341.976 -6995.697 251.193
v 7343.180 -6995.705 251.947
f 9844 9838 9845
f 9844 9836 9838
f 9844 9553 9552
f 9844 9845 9553
v 7342.048 -6994.191 245.835
f 9846 9550 9840
f 9846 9551 9555
f 9846 9552 9551
v 7348.322 -6995.055 268.648
f 9847 9841 9542
f 9847 9559 9564
f 9847 9275 9559
f 9847 9542 9275
f 9847 9564 9568
v 7346.203 -6996.220 257.906
f 9848 9835 9843
v 7345.369 -6995.924 254.471
f 9849 9845 9838
f 9849 9835 9848
f 9849 9838 9835
v 7345.923 -6995.697 253.442
f 9850 9583 9569
f 9850 9845 9849
f 9850 9553 9845
f 9850 9569 9553
v 7344.987 -6993.118 245.169
f 9851 9292 9549
f 9851 9549 9548
f 9851 9550 9846
f 9851 9548 9550
f 9851 9554 9293
f 9851 9846 9555
f 9851 9555 9554
f 9851 9293 9292
v 7332.769 -6964.324 220.970
f 9852 9284 9283
f 9852 9557 9284
f 9852 9579 9557
f 9852 9283 9556
v 7350.467 -6996.220 259.945
v 7347.874 -6996.245 261.055
f 9853 9848 9854
v 7334.008 -6964.324 222.348
f 9855 9556 9572
f 9855 9572 9575
f 9855 9852 9556
f 9855 9579 9852
v 7328.978 -6958.241 221.412
f 9856 8279 9563
f 9856 8285 8279
v 7328.706 -6957.762 221.638
f 9857 8288 8285
f 9857 8285 9856
v 7328.425 -6957.292 221.871
f 9858 8288 9857
v 7354.935 -6996.149 265.681
v 7357.334 -6996.175 266.239
f 9859 9565 9860
f 9859 9568 9565
v 7328.136 -6956.831 222.112
f 9861 8291 8288
f 9861 8288 9858
v 7302.058 -6948.272 217.663
v 7300.643 -6948.286 215.672
v 7301.693 -6948.257 215.140
f 9862 9863 9864
v 7334.293 -6962.560 223.673
f 9865 9580 9579
f 9865 9579 9855
f 9865 9855 9575
f 9865 9581 9580
v 7327.837 -6956.380 222.360
f 9866 8291 9861
v 7355.352 -6996.233 264.570
v 7358.117 -6996.254 263.992
f 9867 9860 9868
f 9867 9859 9860
v 7301.534 -6948.300 217.944
f 9869 9863 9862
v 7301.011 -6948.343 218.225
f 9870 9863 9869
v 7299.595 -6948.373 216.203
f 9870 9871 9863
v 7354.823 -6996.220 261.777
v 7352.998 -6996.013 258.778
f 9872 9873 9853
v 7358.899 -6996.097 261.750
f 9872 9868 9874
f 9872 9867 9868
v 7300.490 -6948.401 218.505
f 9875 9591 9593
f 9875 9871 9870
v 7298.552 -6948.517 216.732
f 9875 9876 9871
f 9875 9593 9876
v 7350.992 -6993.388 249.066
f 9877 9298 9582
f 9877 9589 9300
f 9877 9300 9298
v 7353.422 -6994.191 252.047
f 9878 9582 9583
f 9878 9615 9614
v 7362.898 -6995.055 273.727
f 9879 9295 9585
f 9879 9587 9586
f 9879 9586 9295
f 9879 9590 9587
v 7352.898 -6993.388 249.999
f 9880 9878 9614
f 9880 9589 9877
f 9880 9877 9582
f 9880 9614 9589
f 9880 9582 9878
v 7359.561 -6996.149 267.293
f 9881 9565 9590
f 9881 9860 9565
v 7336.931 -6962.560 226.322
f 9882 9594 9599
f 9882 9865 9575
f 9882 9599 9607
v 7338.871 -6964.782 226.968
v 7340.008 -6964.464 228.126
f 9883 9307 9884
f 9883 9304 9307
f 9883 9884 9595
f 9883 9573 9308
f 9883 9574 9573
f 9883 9882 9575
f 9883 9308 9304
f 9883 9595 9594
f 9883 9594 9882
f 9883 9575 9574
v 7359.924 -6996.233 266.163
f 9885 9868 9860
f 9885 9860 9881
v 7358.346 -6995.697 259.021
v 7359.671 -6995.705 259.533
f 9886 9887 9622
f 9886 9874 9887
f 9886 9622 9621
f 9886 9872 9874
v 7357.396 -6994.191 253.748
f 9888 9620 9625
f 9888 9615 9878
f 9888 9621 9620
v 7367.900 -6995.055 274.949
f 9889 9628 9630
f 9889 9585 9319
f 9889 9879 9585
f 9889 9319 9628
v 7362.074 -6996.220 264.304
f 9890 9868 9885
f 9890 9874 9868
v 7341.307 -6964.782 229.098
f 9891 9318 9327
f 9891 9884 9307
f 9891 9595 9884
f 9891 9307 9318
f 9891 9327 9639
f 9891 9641 9640
f 9891 9632 9595
f 9891 9639 9641
v 7361.027 -6995.697 259.956
f 9892 9622 9887
f 9892 9645 9622
f 9892 9887 9874
f 9892 9874 9890
v 7375.934 -6991.829 282.840
f 9893 9314 9313
f 9893 9313 9618
v 7298.527 -6949.542 225.417
f 9894 9597 9591
f 9894 9661 9328
f 9894 9608 9601
f 9894 9601 9597
f 9894 9328 9613
f 9894 9613 9608
v 7385.166 -6986.096 289.407
f 9895 9657 9320
f 9895 9344 9657
f 9895 9317 9034
f 9895 9034 9331
f 9895 9331 9337
f 9895 9337 9344
f 9895 9320 9317
v 7336.988 -6958.241 229.748
v 7338.291 -6959.130 230.089
f 9896 9612 9897
v 7333.937 -6957.762 227.349
f 9896 9898 9619
v 7337.847 -6958.150 230.598
f 9896 9897 9899
f 9896 9619 9612
v 7336.752 -6957.762 230.011
v 7337.371 -6957.205 231.142
f 9900 9899 9901
v 7333.414 -6956.831 227.876
v 7333.680 -6957.292 227.609
f 9900 9902 9903
v 7336.864 -6956.297 231.721
f 9900 9901 9904
f 9900 9903 9898
f 9900 9896 9899
f 9900 9898 9896
v 7360.154 -6993.118 252.535
f 9905 9625 9623
f 9905 9616 9615
f 9905 9615 9888
f 9905 9888 9625
f 9905 9617 9616
f 9905 9352 9351
f 9905 9623 9352
f 9905 9351 9617
v 7365.368 -6996.013 263.089
v 7366.626 -6996.220 265.576
f 9906 9890 9907
v 7379.978 -6991.673 283.521
f 9908 9893 9618
v 7342.206 -6962.560 230.935
f 9909 9891 9640
f 9909 9637 9634
f 9909 9632 9891
f 9909 9634 9632
v 7309.809 -6948.272 229.893
v 7312.874 -6948.287 230.570
v 7311.934 -6948.257 231.300
f 9910 9911 9912
v 7309.331 -6948.300 230.246
v 7310.077 -6948.373 232.743
f 9913 9912 9914
f 9913 9910 9912
v 7307.031 -6948.272 225.942
f 9913 9915 9910
v 7308.854 -6948.343 230.599
f 9916 9913 9914
f 9916 9915 9913
v 7338.803 -6958.241 231.335
f 9917 9612 9643
f 9917 9897 9612
f 9917 9899 9897
v 7308.377 -6948.401 230.952
f 9918 9651 9915
f 9918 9915 9916
f 9918 9916 9914
f 9918 9914 9649
f 9918 9649 9651
v 7301.290 -6949.542 229.776
f 9919 9373 9661
f 9919 9661 9894
f 9919 9664 9373
f 9919 9648 9664
v 7338.574 -6957.762 231.605
f 9920 9901 9899
f 9920 9899 9917
f 9920 9904 9901
v 7363.642 -6993.118 253.750
f 9921 9666 9355
v 7366.933 -6993.099 254.716
f 9921 9922 9670
f 9921 9623 9647
f 9921 9670 9666
f 9921 9355 9352
f 9921 9352 9623
v 7365.049 -6994.191 256.414
f 9923 9644 9645
f 9923 9647 9644
f 9923 9922 9921
f 9923 9921 9647
v 7373.826 -6996.149 270.777
f 9924 9636 9631
v 7376.288 -6996.175 270.867
f 9924 9925 8307
f 9924 9631 9925
v 7346.535 -6964.324 233.302
f 9926 9638 9659
f 9926 9640 9638
v 7371.233 -6996.220 266.628
f 9927 9924 8307
v 7367.967 -6996.245 268.057
f 9927 9907 9928
v 7345.183 -6962.560 233.196
f 9929 9681 9680
f 9929 9926 9677
f 9929 9640 9926
f 9929 9677 9681
f 9929 9909 9640
v 7388.150 -6991.357 284.436
v 7390.893 -6991.021 284.900
f 9930 9655 9931
v 7390.893 -6991.744 283.946
f 9930 9931 9932
f 9930 9652 9655
f 9930 9658 9652
v 7348.065 -6964.324 234.346
f 9933 9671 9677
f 9933 9364 9671
f 9933 9677 9926
f 9933 9926 9659
f 9933 9659 9363
f 9933 9363 9364
v 7341.587 -6957.762 234.039
f 9934 9920 9917
f 9934 9917 9643
v 7388.162 -6991.713 283.956
v 7390.893 -6992.418 282.957
f 9935 9932 9936
f 9935 9930 9932
v 7341.364 -6957.292 234.329
f 9937 9920 9934
v 7308.910 -6948.745 235.240
f 9938 9668 9650
f 9938 9649 9914
f 9938 9650 9649
v 7341.135 -6956.831 234.627
f 9939 9920 9937
v 7311.839 -6948.454 236.062
v 7312.293 -6948.385 235.683
f 9940 9914 9941
f 9940 9938 9914
v 7369.219 -6994.191 257.553
f 9942 9686 9685
f 9942 9922 9923
v 7311.387 -6948.537 236.440
f 9943 9938 9940
v 7374.022 -6995.924 264.455
f 9944 8309 8313
f 9944 9927 8307
f 9944 8307 8309
v 7310.498 -6948.745 237.184
f 9945 9668 9938
f 9945 9938 9943
v 7374.227 -6995.697 263.305
f 9946 9684 9686
f 9946 8312 9684
f 9946 8313 8312
f 9946 9944 8313
v 7370.902 -6993.388 256.273
f 9947 9690 9669
f 9947 9942 9685
v 7372.976 -6993.388 256.727
f 9948 9947 9685
f 9948 9690 9947
f 9948 9393 9394
f 9948 9394 9690
f 9948 9685 9393
v 7348.133 -6958.241 238.162
f 9949 9679 9683
v 7350.370 -6958.150 239.589
f 9949 9683 9950
v 7347.945 -6957.762 238.462
f 9951 9949 9950
v 7350.006 -6957.205 240.215
f 9951 9950 9952
v 7308.570 -6950.240 242.217
f 9953 9675 9667
f 9953 9387 9675
f 9953 9667 9668
v 7311.174 -6949.369 241.639
f 9953 9668 9954
v 7347.751 -6957.292 238.771
f 9955 9951 9952
v 7347.551 -6956.831 239.091
v 7349.619 -6956.297 240.880
f 9956 9952 9957
f 9956 9955 9952
v 7347.345 -6956.380 239.419
f 9958 9956 9957
v 7308.558 -6950.794 243.992
f 9959 9953 9954
f 9959 9701 9386
f 9959 9387 9953
f 9959 9386 9387
v 7357.731 -6964.324 239.816
f 9960 9700 9382
f 9960 9694 9697
f 9960 9382 9381
v 7310.355 -6950.794 245.943
f 9961 9959 9954
f 9961 9701 9959
v 7312.125 -6950.240 246.076
f 9961 9954 9962
v 7352.716 -6958.241 240.828
f 9963 9950 9683
f 9963 9683 9691
v 7352.548 -6957.762 241.140
f 9964 9950 9963
f 9964 9952 9950
v 7352.375 -6957.292 241.461
f 9965 9952 9964
v 7352.196 -6956.831 241.793
f 9966 9952 9965
f 9966 9957 9952
v 7326.339 -6948.272 247.426
v 7325.065 -6948.257 245.214
v 7325.849 -6948.287 244.318
f 9967 9968 9969
v 7320.957 -6948.745 248.005
v 7318.113 -6948.537 243.741
v 7318.527 -6948.454 243.321
f 9970 9971 9972
v 7317.299 -6948.745 244.566
f 9970 9973 9971
f 9970 9705 9973
v 7323.517 -6948.373 246.984
f 9970 9974 9711
f 9970 9706 9705
f 9970 9711 9706
v 7358.491 -6962.560 240.939
f 9975 9702 9700
f 9975 9700 9960
f 9975 9960 9697
f 9975 9703 9702
v 7352.012 -6956.380 242.135
f 9976 9957 9966
v 7325.959 -6948.301 247.883
f 9977 9974 9968
f 9977 9968 9967
v 7325.579 -6948.344 248.339
f 9978 9974 9977
v 7325.200 -6948.402 248.794
f 9979 9712 9711
f 9979 9711 9974
f 9979 9974 9978
v 7315.862 -6950.240 249.761
f 9980 9403 9962
f 9980 9708 9403
f 9980 9704 9708
v 7330.124 -6948.272 250.428
f 9981 9977 9967
f 9981 9978 9977
f 9981 9712 9979
f 9981 9979 9978
v 7361.928 -6962.560 242.409
f 9982 9975 9697
v 7325.951 -6949.553 255.955
f 9983 9743 9420
f 9983 9420 9720
f 9983 9720 9710
v 7363.262 -6958.241 245.565
v 7364.376 -6958.150 246.032
f 9984 9725 9985
f 9984 9719 9725
f 9984 9721 9719
v 7359.535 -6957.762 244.481
f 9984 9986 9721
v 7363.141 -6957.762 245.897
f 9987 9986 9984
v 7359.248 -6956.831 245.165
v 7359.394 -6957.292 244.818
f 9987 9988 9989
v 7364.138 -6957.205 246.715
v 7363.885 -6956.297 247.442
f 9987 9990 9991
f 9987 9985 9990
f 9987 9989 9986
f 9987 9984 9985
v 7337.791 -6948.301 256.379
v 7338.102 -6948.272 255.872
v 7340.606 -6948.257 256.372
f 9992 9993 9994
v 7339.423 -6948.373 258.406
f 9992 9994 9995
v 7337.480 -6948.344 256.884
f 9996 9992 9995
v 7337.170 -6948.402 257.389
f 9997 9996 9995
f 9997 9736 9735
f 9997 9995 9736
v 7330.145 -6949.553 258.966
f 9998 9743 9983
f 9998 9740 9427
f 9998 9734 9740
f 9998 9427 9743
f 9998 9735 9734
v 7371.645 -6964.324 244.852
f 9999 9728 9732
f 9999 9417 9416
f 9999 9738 9417
v 7366.915 -6958.241 246.801
f 10000 9985 9725
f 10000 9725 9724
v 7366.810 -6957.762 247.139
f 10001 9985 10000
f 10001 9990 9985
v 7366.701 -6957.292 247.488
f 10002 9990 10001
v 7366.589 -6956.831 247.848
f 10003 9991 9990
f 10003 9990 10002
v 7342.278 -6948.272 258.301
v 7341.204 -6948.287 255.344
f 10004 9994 10005
v 7372.606 -6962.560 245.810
f 10006 9741 9739
f 10006 9999 9732
f 10006 9739 9738
f 10006 9738 9999
v 7366.473 -6956.380 248.218
f 10007 9991 10003
v 7341.991 -6948.301 258.822
f 10008 9994 10004
f 10008 9995 9994
v 7341.705 -6948.344 259.342
f 10009 9995 10008
v 7341.419 -6948.402 259.861
f 10010 9747 9736
f 10010 9995 10009
f 10010 9736 9995
v 7346.565 -6948.272 260.528
f 10011 10008 10004
f 10011 9747 10010
f 10011 10009 10008
f 10011 10010 10009
v 7376.260 -6962.560 246.599
f 10012 10006 9732
v 7343.521 -6949.553 266.748
f 10013 9751 9746
f 10013 9435 9751
f 10013 9759 9435
v 7378.170 -6958.241 249.443
v 7374.305 -6957.762 249.089
f 10014 10015 9752
f 10014 8435 8437
f 10014 9752 8435
f 10014 8437 8439
v 7378.115 -6957.762 249.792
f 10016 8439 8441
v 7374.231 -6957.292 249.446
f 10016 10017 10015
f 10016 8441 8443
f 10016 10014 8439
f 10016 10015 10014
v 7374.153 -6956.831 249.815
f 10016 10018 10017
v 7355.225 -6948.301 264.909
v 7357.987 -6948.257 264.367
v 7357.212 -6948.373 266.588
f 10019 10020 10021
v 7355.434 -6948.272 264.353
f 10019 10022 10020
v 7355.016 -6948.344 265.465
f 10023 10019 10021
v 7354.808 -6948.402 266.020
f 10024 9755 9754
f 10024 10021 9755
f 10024 10023 10021
v 7348.211 -6949.553 268.906
f 10025 9440 9759
f 10025 9754 9753
f 10025 9757 9440
f 10025 9753 9757
f 10025 9759 10013
v 7359.995 -6948.272 265.942
v 7358.378 -6948.287 263.243
f 10026 10020 10027
v 7359.813 -6948.301 266.508
f 10028 10021 10020
f 10028 10020 10026
v 7359.631 -6948.344 267.073
f 10029 10021 10028
v 7359.450 -6948.402 267.637
f 10030 10021 10029
f 10030 9763 9755
f 10030 9755 10021
v 7364.628 -6948.272 267.312
f 10031 10028 10026
f 10031 10029 10028
f 10031 10030 10029
f 10031 9763 10030
v 7362.824 -6949.553 273.998
f 10032 9772 9448
f 10032 9448 9765
f 10032 9765 9762
v 7373.964 -6948.301 269.964
v 7376.235 -6948.373 271.234
f 10033 8339 10034
v 7374.063 -6948.272 269.378
f 10033 10035 8339
v 7373.865 -6948.344 270.549
f 10036 10033 10034
v 7373.766 -6948.402 271.133
f 10037 10034 9767
f 10037 10036 10034
f 10037 9767 9769
v 7367.840 -6949.553 275.223
f 10038 9766 9770
f 10038 9772 10032
f 10038 9769 9766
f 10038 9455 9772
f 10038 9770 9455
v 7375.914 -6952.793 282.988
f 10039 9459 9454
f 10039 9775 9459
v 7379.969 -6952.914 283.619
f 10040 9775 10039
v 7388.162 -6952.793 283.944
v 7390.893 -6952.097 282.957
v 7390.893 -6952.771 283.946
f 10041 10042 10043
v 7388.151 -6953.149 284.425
v 7390.893 -6953.493 284.900
f 10044 10043 10045
f 10044 10041 10043
v 7388.139 -6953.517 284.896
f 10046 9782 9778
v 7390.893 -6954.262 285.817
f 10046 10045 10047
f 10046 10047 9782
f 10046 9778 9780
f 10046 10044 10045
v 7385.167 -6958.400 289.394
f 10048 9462 9781
f 10048 9781 9463
f 10048 9461 9462
f 10048 9468 9191
f 10048 9463 9466
f 10048 9191 9461
f 10048 9466 9468
v 7301.711 -6995.916 223.504
f 10049 9483 9784
f 10049 9484 9483
f 10049 9795 9484
v 7303.019 -6995.916 225.625
f 10050 9784 9794
f 10050 10049 9784
f 10050 9794 9492
f 10050 9795 10049
v 7305.933 -6996.079 216.901
f 10051 9791 9795
f 10051 9793 9791
v 7304.166 -6996.097 213.887
f 10051 10052 9793
v 7306.449 -6995.999 216.615
v 7305.217 -6995.930 213.354
f 10053 10054 10052
f 10053 10052 10051
v 7306.963 -6995.904 216.331
f 10055 10054 10053
v 7307.475 -6995.795 216.048
f 10056 10054 10055
v 7306.260 -6995.705 212.826
f 10056 10057 10054
v 7307.822 -6996.135 229.837
f 10058 9491 9797
f 10058 9492 9491
f 10058 9797 9796
f 10058 9796 9799
v 7310.327 -6996.144 225.147
f 10059 10058 9799
v 7313.299 -6996.113 228.763
f 10060 9806 9805
v 7312.269 -6995.795 223.816
v 7311.301 -6995.999 224.479
f 10060 10061 10062
f 10060 10059 9799
f 10060 9799 9798
f 10060 10062 10059
f 10060 9798 9806
v 7313.887 -6996.189 236.534
f 10063 9801 9498
f 10063 9803 9801
f 10063 9809 9803
v 7313.928 -6995.891 240.141
f 10064 10063 9498
f 10064 9498 9497
f 10064 9497 9800
f 10064 9809 10063
v 7315.631 -6995.891 241.964
f 10065 10064 9800
f 10065 9800 9802
f 10065 9802 9505
f 10065 9809 10064
v 7319.184 -6995.842 233.089
f 10066 9804 9803
f 10066 9807 9804
f 10066 9512 9807
v 7318.867 -6996.189 241.891
f 10067 9808 9809
f 10067 10065 9505
f 10067 9814 9808
f 10067 9809 10065
v 7320.717 -6995.842 234.788
f 10068 9803 9808
f 10068 10066 9803
f 10068 9512 10066
v 7320.611 -6996.189 243.595
f 10069 9810 9812
f 10069 9505 9810
f 10069 9812 9814
f 10069 10067 9505
f 10069 9814 10067
v 7322.649 -6995.588 235.118
f 10070 9512 10068
f 10070 9817 9512
f 10070 10068 9808
v 7323.903 -6995.842 238.074
f 10071 10070 9808
f 10071 9808 9814
v 7325.554 -6995.842 239.659
f 10072 9821 9525
f 10072 9815 9821
f 10072 10071 9814
f 10072 9814 9815
v 7327.104 -6993.090 230.680
f 10073 9824 9520
f 10073 9520 9519
f 10073 9819 9817
f 10073 9817 9824
f 10073 9519 9819
v 7327.980 -6996.189 249.980
f 10074 9820 9518
f 10074 9831 9826
f 10074 9826 9820
v 7328.706 -6995.891 253.514
f 10075 10074 9518
f 10075 9831 10074
f 10075 9518 9516
f 10075 9516 9818
v 7330.726 -6995.891 254.979
f 10076 9825 9534
f 10076 9831 10075
f 10076 10075 9818
f 10076 9818 9825
v 7332.523 -6995.842 245.589
f 10077 9828 9827
f 10077 9540 9828
f 10077 9827 9826
v 7333.888 -6996.189 254.290
f 10078 9831 10076
f 10078 9830 9831
f 10078 9836 9830
f 10078 10076 9534
v 7334.351 -6995.842 246.965
f 10079 9540 10077
f 10079 9826 9830
f 10079 10077 9826
f 10079 9830 9837
v 7335.925 -6996.189 255.631
f 10080 9836 10078
f 10080 9832 9834
f 10080 10078 9534
f 10080 9834 9836
f 10080 9534 9832
v 7337.621 -6995.320 246.604
f 10081 10079 9837
f 10081 9540 10079
f 10081 9840 9540
f 10081 9846 9840
v 7339.472 -6995.320 247.858
f 10082 10081 9837
f 10082 9846 10081
f 10082 9552 9846
v 7344.374 -6996.189 260.497
f 10083 9854 9848
f 10083 9843 9546
f 10083 9848 9843
v 7345.761 -6995.891 263.827
f 10084 10083 9546
f 10084 9544 9841
f 10084 9854 10083
f 10084 9546 9544
v 7348.022 -6995.891 264.881
f 10085 9841 9847
f 10085 9847 9568
f 10085 9854 10084
f 10085 10084 9841
v 7347.998 -6995.842 255.321
f 10086 9583 9850
f 10086 9849 9848
f 10086 9850 9849
v 7350.996 -6996.189 263.603
f 10087 9872 9853
f 10087 9854 10085
f 10087 10085 9568
f 10087 9853 9854
v 7303.976 -6948.337 215.300
f 10088 9862 9864
v 7303.814 -6948.375 214.066
v 7304.867 -6948.522 213.532
f 10088 10089 10090
v 7302.755 -6948.287 214.602
f 10088 10091 10089
f 10088 9864 10091
v 7350.055 -6995.842 256.323
f 10092 9848 9853
f 10092 9853 9873
f 10092 10086 9848
f 10092 9583 10086
v 7353.250 -6996.189 264.531
f 10093 9859 9867
f 10093 9872 10087
f 10093 10087 9568
f 10093 9867 9872
f 10093 9568 9859
v 7329.859 -6958.286 222.403
f 10094 9563 9581
f 10094 9857 9856
f 10094 9856 9563
f 10094 9861 9858
f 10094 9858 9857
v 7306.248 -6948.337 219.410
v 7306.759 -6948.393 219.110
f 10095 10088 10096
f 10095 9862 10088
v 7325.656 -6954.638 222.381
f 10097 8291 9866
v 7325.444 -6955.428 220.800
f 10097 10098 8291
v 7324.769 -6954.600 221.325
f 10097 10099 10098
v 7325.311 -6954.239 222.658
v 7324.062 -6953.816 221.875
f 10100 10101 10099
f 10100 10099 10097
v 7353.196 -6995.320 255.346
f 10102 10092 9873
f 10102 9888 9878
f 10102 9583 10092
f 10102 9878 9583
v 7324.959 -6953.851 222.941
v 7323.325 -6953.077 222.448
f 10103 10104 10101
f 10103 10101 10100
v 7322.560 -6952.385 223.042
f 10103 10105 10104
v 7334.194 -6960.079 225.405
f 10106 9581 9865
f 10106 9865 9882
v 7355.253 -6995.320 256.224
f 10107 10102 9873
f 10107 9888 10102
f 10107 9621 9888
v 7332.441 -6958.286 225.265
f 10108 10094 9581
f 10108 9898 9903
f 10108 9581 10106
f 10108 10106 9898
v 7361.595 -6996.189 267.439
f 10109 9881 9590
f 10109 9885 9881
f 10109 9890 9885
v 7335.538 -6960.079 226.747
f 10110 10106 9882
f 10110 9607 9611
f 10110 9882 9607
f 10110 9619 9898
f 10110 9611 9619
f 10110 9898 10106
v 7327.573 -6953.851 226.038
f 10111 10100 10097
f 10111 10103 10100
v 7327.228 -6953.475 226.344
f 10112 10103 10111
v 7326.876 -6953.110 226.656
f 10113 10103 10112
v 7313.282 -6948.649 225.900
v 7315.670 -6948.728 228.397
v 7314.744 -6948.522 229.116
f 10114 10115 10116
v 7312.806 -6948.549 226.243
f 10117 10114 10116
v 7365.474 -6995.891 270.962
f 10118 9590 9879
f 10118 9879 9889
v 7363.938 -6996.189 268.113
f 10119 9590 10118
f 10119 9890 10109
f 10119 10109 9590
f 10119 9907 9890
f 10119 10118 9928
f 10119 9928 9907
v 7312.328 -6948.464 226.587
f 10120 10117 10116
v 7313.811 -6948.375 229.841
f 10120 10116 10121
v 7311.849 -6948.393 226.933
f 10122 10120 10121
v 7302.759 -6948.653 225.790
f 10123 9919 9894
f 10123 9894 9591
v 7311.368 -6948.337 227.280
f 10124 9911 9910
f 10124 10122 10121
f 10124 10121 9911
v 7379.713 -6989.323 286.275
f 10125 9606 9320
f 10125 9618 9606
f 10125 9657 9656
f 10125 9320 9657
f 10125 9656 9658
f 10125 9908 9618
v 7367.901 -6995.891 271.542
f 10126 9630 9636
f 10126 9889 9630
f 10126 9928 10118
f 10126 10118 9889
v 7304.121 -6948.653 227.885
f 10127 9915 9651
f 10127 9648 9919
f 10127 9651 9648
f 10127 9919 10123
f 10127 10123 9915
v 7377.561 -6993.269 280.735
f 10128 9893 9908
f 10128 9316 9314
f 10128 9314 9893
v 7377.687 -6993.818 279.686
f 10129 9316 10128
f 10129 9629 9316
v 7333.839 -6954.638 231.184
f 10130 9900 9904
v 7336.329 -6955.428 232.334
f 10130 9904 10131
v 7335.765 -6954.600 232.978
f 10130 10131 10132
f 10130 9902 9900
v 7333.141 -6956.380 228.152
f 10130 10133 9902
v 7365.189 -6995.320 259.687
f 10134 9923 9645
v 7333.538 -6954.239 231.507
f 10135 10130 10132
v 7335.176 -6953.816 233.652
f 10135 10132 10136
v 7371.056 -6996.189 269.795
f 10137 9636 9924
f 10137 9924 9927
f 10137 10126 9636
f 10137 9928 10126
f 10137 9927 9928
v 7333.230 -6953.851 231.838
f 10138 10135 10136
v 7313.938 -6948.284 231.991
f 10139 10121 10116
f 10139 9911 10121
v 7332.916 -6953.475 232.175
v 7334.562 -6953.077 234.354
f 10140 10136 10141
f 10140 10138 10136
v 7313.475 -6948.263 232.365
f 10142 9912 9911
f 10142 9911 10139
v 7341.971 -6960.079 232.372
f 10143 9642 9637
f 10143 9643 9642
f 10143 9934 9643
f 10143 9637 9909
v 7332.595 -6953.110 232.519
f 10144 10140 10141
v 7313.012 -6948.257 232.738
f 10145 9912 10142
f 10145 9914 9912
f 10145 9941 9914
v 7367.346 -6995.320 260.277
f 10146 9923 10134
f 10146 9686 9942
f 10146 10134 9906
f 10146 9942 9923
v 7369.199 -6995.842 262.995
f 10147 9907 9927
f 10147 10146 9906
f 10147 9906 9907
f 10147 9686 10146
v 7343.480 -6960.079 233.525
f 10148 9909 9929
f 10148 9929 9680
f 10148 10143 9909
f 10148 9934 10143
v 7317.442 -6948.320 235.210
v 7317.885 -6948.370 234.816
f 10149 10139 10150
v 7371.434 -6995.842 263.487
f 10151 9944 9946
f 10151 9946 9686
f 10151 10147 9927
f 10151 9927 9944
f 10151 9686 10147
v 7316.998 -6948.284 235.605
f 10152 10139 10149
f 10152 10142 10139
f 10152 10145 10142
f 10152 9941 10145
v 7337.800 -6954.638 234.647
f 10153 9904 9920
v 7340.898 -6956.380 234.935
f 10153 9939 10154
f 10153 10131 9904
f 10153 10132 10131
f 10153 9920 9939
v 7337.520 -6954.239 234.989
f 10155 10132 10153
f 10155 10136 10132
v 7337.233 -6953.851 235.338
f 10156 10136 10155
v 7336.941 -6953.475 235.695
f 10157 10136 10156
f 10157 10141 10136
v 7343.852 -6958.286 235.244
f 10158 9934 10148
f 10158 10148 9680
f 10158 9937 9934
v 7336.642 -6953.110 236.058
f 10159 10141 10157
v 7369.613 -6993.090 255.411
f 10160 9942 9947
f 10160 9947 9669
f 10160 9669 9670
f 10160 9670 9922
f 10160 9922 9942
v 7389.552 -6993.029 281.951
v 7385.528 -6993.011 281.860
f 10161 10162 9935
v 7385.578 -6993.586 280.812
v 7385.553 -6993.305 281.340
f 10161 10163 10164
v 7390.893 -6993.042 281.936
f 10161 9936 10165
v 7390.893 -6993.614 280.885
f 10161 10165 10166
v 7390.893 -6994.133 279.807
f 10161 10166 10167
f 10161 10164 10162
f 10161 9935 9936
v 7311.674 -6948.757 238.656
f 10168 9954 9668
f 10168 9943 9940
f 10168 9668 9945
f 10168 9945 9943
v 7347.033 -6958.286 237.421
f 10169 9951 9955
f 10169 9955 9956
f 10169 9949 9951
f 10169 10158 9680
f 10169 9680 9679
f 10169 9679 9949
v 7324.427 -6948.370 241.503
v 7327.408 -6948.522 242.535
v 7326.630 -6948.375 243.424
f 10170 10171 10172
v 7324.023 -6948.320 241.937
f 10173 10170 10172
f 10173 10172 9969
v 7315.055 -6948.757 242.371
f 10174 9971 9973
f 10174 9954 10168
v 7323.619 -6948.284 242.373
f 10175 10173 9969
v 7323.214 -6948.263 242.808
f 10176 10175 9969
f 10176 9969 9968
v 7357.657 -6967.114 238.903
f 10177 9693 9694
f 10177 9694 9960
f 10177 9089 9693
f 10177 9960 9381
f 10177 9378 9376
f 10177 9380 9378
f 10177 9376 9089
f 10177 9381 9380
v 7322.809 -6948.257 243.245
f 10178 9968 9974
v 7318.942 -6948.385 242.900
f 10178 9972 10179
f 10178 9970 9972
f 10178 10176 9968
f 10178 9974 9970
v 7314.699 -6949.369 245.374
f 10180 10174 9973
f 10180 9962 9954
f 10180 9954 10174
v 7330.531 -6948.647 244.185
v 7328.179 -6948.728 241.652
f 10181 10171 10182
v 7330.161 -6948.548 244.640
f 10183 10171 10181
v 7329.789 -6948.463 245.097
f 10184 10171 10183
f 10184 10172 10171
v 7347.615 -6954.638 241.584
v 7349.210 -6955.428 241.583
f 10185 9957 10186
f 10185 9958 9957
v 7348.780 -6954.600 242.322
f 10185 10186 10187
v 7329.416 -6948.392 245.556
f 10188 10172 10184
v 7347.386 -6954.239 241.962
v 7348.329 -6953.816 243.096
f 10189 10187 10190
f 10189 10185 10187
v 7343.736 -6953.851 240.171
f 10189 10191 10185
v 7329.042 -6948.337 246.016
f 10192 9967 9969
f 10192 9969 10172
f 10192 10172 10188
v 7316.528 -6949.369 247.177
f 10193 9973 9705
f 10193 10180 9973
f 10193 9705 9704
f 10193 9962 10180
f 10193 9980 9962
f 10193 9704 9980
v 7347.153 -6953.851 242.349
f 10194 10191 10189
v 7347.860 -6953.077 243.903
v 7347.373 -6952.385 244.740
f 10194 10195 10196
v 7343.478 -6953.475 240.554
f 10194 10197 10191
f 10194 10190 10195
v 7343.216 -6953.110 240.945
f 10194 10198 10197
f 10194 10189 10190
v 7353.904 -6958.286 241.419
f 10199 9691 9703
f 10199 9964 9963
f 10199 9965 9964
f 10199 9966 9965
f 10199 9963 9691
v 7310.949 -6951.380 248.145
f 10200 9403 9402
f 10200 9962 9403
f 10200 9701 9961
f 10200 9961 9962
f 10200 9709 9701
f 10200 9402 9709
v 7349.997 -6954.638 242.970
f 10201 10186 9957
f 10201 10187 10186
f 10201 9957 9976
v 7349.781 -6954.239 243.356
f 10202 10190 10187
f 10202 10187 10201
v 7349.561 -6953.851 243.750
f 10203 10190 10202
f 10203 10196 10195
f 10203 10195 10190
v 7359.046 -6960.079 242.582
f 10204 9703 9975
f 10204 9975 9982
v 7363.435 -6964.835 242.063
f 10205 9716 9713
f 10205 9695 9401
f 10205 9697 9696
f 10205 9418 9716
f 10205 9398 9400
f 10205 9698 9695
f 10205 9401 9398
f 10205 9982 9697
f 10205 9713 9982
f 10205 9696 9698
f 10205 9400 9418
v 7357.369 -6958.286 243.108
f 10206 10204 9986
f 10206 10199 9703
f 10206 9703 10204
f 10206 9986 9989
v 7360.795 -6960.079 243.324
f 10207 10204 9982
f 10207 9986 10204
f 10207 9982 9713
f 10207 9713 9718
f 10207 9721 9986
f 10207 9718 9721
v 7353.143 -6953.851 245.644
f 10208 10202 10201
f 10208 10203 10202
v 7352.937 -6953.475 246.057
f 10209 10203 10208
v 7328.009 -6948.658 253.229
f 10210 9983 9710
f 10210 9710 9712
f 10210 9712 9981
v 7352.727 -6953.110 246.478
f 10211 10203 10209
v 7330.022 -6948.658 254.711
f 10212 9983 10210
f 10212 9735 9998
f 10212 9998 9983
v 7371.399 -6967.114 243.970
f 10213 9727 9728
f 10213 9409 9131
f 10213 9411 9409
f 10213 9412 9411
f 10213 9416 9412
f 10213 9728 9999
f 10213 9999 9416
f 10213 9131 9727
v 7340.575 -6948.337 254.089
f 10214 9994 9993
v 7342.395 -6948.522 253.296
v 7341.801 -6948.375 254.318
f 10214 10215 10216
f 10214 10216 10005
f 10214 10005 9994
v 7336.604 -6948.337 251.583
f 10214 9993 10217
v 7336.932 -6948.392 251.090
f 10214 10217 10218
v 7360.878 -6954.638 248.074
v 7359.097 -6956.380 245.523
f 10219 10220 9988
v 7363.617 -6955.428 248.210
f 10219 9991 10221
v 7363.335 -6954.600 249.018
f 10219 10221 10222
f 10219 9988 9987
f 10219 9987 9991
v 7345.775 -6948.647 254.321
v 7342.985 -6948.728 252.283
f 10223 10215 10224
v 7360.720 -6954.239 248.487
v 7363.041 -6953.816 249.863
f 10225 10222 10226
f 10225 10219 10222
v 7345.499 -6948.548 254.839
f 10227 10215 10223
v 7360.558 -6953.851 248.908
f 10228 10225 10226
v 7345.221 -6948.463 255.358
f 10229 10216 10215
f 10229 10215 10227
v 7360.392 -6953.475 249.339
v 7362.734 -6953.077 250.744
f 10230 10226 10231
f 10230 10228 10226
v 7344.942 -6948.392 255.879
f 10232 10216 10229
v 7360.224 -6953.110 249.778
f 10233 10230 10231
v 7344.663 -6948.337 256.402
f 10234 10005 10216
f 10234 10004 10005
f 10234 10216 10232
v 7368.193 -6958.286 247.155
f 10235 10001 10000
f 10235 10000 9724
f 10235 10002 10001
f 10235 10003 10002
f 10235 9724 9741
v 7364.654 -6954.638 249.422
f 10236 10221 9991
f 10236 9991 10007
f 10236 10222 10221
v 7364.516 -6954.239 249.841
f 10237 10226 10222
f 10237 10222 10236
v 7364.374 -6953.851 250.270
f 10238 10231 10226
v 7362.415 -6952.385 251.659
f 10238 10239 10231
f 10238 10226 10237
v 7373.464 -6960.079 247.317
f 10240 9741 10006
f 10240 10006 10012
v 7377.673 -6964.835 245.972
f 10241 9425 9424
f 10241 9748 10012
f 10241 9424 8425
f 10241 9730 9729
f 10241 8429 9748
f 10241 8425 8427
f 10241 8427 8429
f 10241 10012 9732
f 10241 9731 9730
f 10241 9729 9425
f 10241 9732 9731
v 7371.917 -6958.286 248.153
f 10242 10235 9741
f 10242 10240 10015
f 10242 10015 10017
f 10242 10017 10018
v 7374.074 -6956.380 250.195
f 10242 10018 10243
f 10242 9741 10240
v 7375.322 -6960.079 247.712
f 10244 10012 9748
f 10244 9750 9752
f 10244 10015 10240
f 10244 10240 10012
f 10244 9752 10015
f 10244 9748 9750
v 7368.251 -6953.851 251.448
f 10245 10238 10237
f 10245 10237 10236
v 7368.128 -6953.475 251.892
f 10246 10238 10245
v 7345.022 -6948.658 263.680
f 10247 9746 9747
f 10247 9747 10011
f 10247 10013 9746
v 7368.002 -6953.110 252.346
f 10248 10238 10246
v 7347.280 -6948.658 264.752
f 10249 10013 10247
f 10249 10247 10011
f 10249 10025 10013
f 10249 9754 10025
v 7357.522 -6948.337 262.132
v 7359.158 -6948.522 261.007
v 7358.769 -6948.375 262.122
f 10250 10251 10252
f 10250 10252 10027
f 10250 10027 10020
f 10250 10020 10022
v 7353.146 -6948.337 260.428
v 7353.374 -6948.392 259.881
f 10250 10253 10254
f 10250 10022 10253
v 7376.308 -6954.638 252.360
f 10255 8443 8445
f 10255 10016 8443
f 10255 10243 10018
f 10255 10018 10016
f 10255 8445 8447
v 7362.671 -6948.647 261.369
v 7359.543 -6948.728 259.900
f 10256 10251 10257
v 7376.231 -6954.239 252.795
f 10258 8447 8449
f 10258 10255 8447
v 7362.498 -6948.548 261.930
f 10259 10251 10256
v 7376.152 -6953.851 253.240
f 10260 10258 8449
v 7362.324 -6948.463 262.493
f 10261 10252 10251
f 10261 10251 10259
v 7376.072 -6953.475 253.694
f 10262 8449 8451
f 10262 10260 8449
v 7362.150 -6948.392 263.058
f 10263 10252 10261
v 7375.990 -6953.110 254.157
f 10264 10262 8451
v 7361.975 -6948.337 263.624
f 10265 10027 10252
f 10265 10026 10027
f 10265 10252 10263
v 7363.714 -6948.658 270.700
f 10266 9763 10031
f 10266 9762 9763
f 10266 10032 9762
v 7366.135 -6948.658 271.322
f 10267 10032 10266
f 10267 9769 10038
f 10267 10266 10031
f 10267 10038 10032
v 7375.690 -6948.337 266.799
v 7371.070 -6948.337 265.960
f 10268 10035 10269
f 10268 8332 8336
f 10268 8340 8339
f 10268 8336 8340
f 10268 8339 10035
v 7371.189 -6948.392 265.380
f 10268 10269 10270
v 7377.663 -6950.795 279.884
f 10271 9453 9774
v 7377.539 -6951.348 280.916
f 10272 9453 10271
f 10272 10040 10039
f 10272 10039 9454
f 10272 9454 9453
v 7379.711 -6955.214 286.298
f 10273 9775 10040
f 10273 9776 9775
f 10273 9780 9779
f 10273 9779 9781
f 10273 9781 9462
f 10273 9462 9776
v 7389.552 -6951.482 281.944
v 7385.550 -6951.238 281.393
v 7385.575 -6950.956 280.866
f 10274 10275 10276
v 7385.525 -6951.534 281.913
f 10274 10277 10275
f 10274 10041 10277
v 7390.893 -6950.381 279.807
v 7390.893 -6950.900 280.885
f 10274 10278 10279
v 7390.893 -6951.473 281.936
f 10274 10279 10280
f 10274 10280 10042
f 10274 10042 10041
v 7308.887 -6995.150 213.363
v 7307.291 -6995.422 212.303
f 10281 10282 10057
v 7308.309 -6995.083 211.788
f 10281 10283 10282
f 10281 10057 10056
v 7309.387 -6994.964 213.098
v 7309.310 -6994.687 211.280
f 10284 10285 10283
f 10284 10283 10281
v 7309.883 -6994.765 212.836
v 7310.293 -6994.236 210.782
f 10286 10287 10285
v 7311.254 -6993.731 210.295
f 10286 10288 10287
f 10286 10285 10284
v 7306.685 -6996.242 225.447
f 10289 9492 10058
f 10289 10050 9492
f 10289 9795 10050
f 10289 10058 10059
v 7308.525 -6996.164 222.830
f 10290 10062 10061
f 10290 10289 10059
f 10290 10059 10062
f 10290 9795 10289
v 7312.030 -6994.765 216.666
f 10291 10281 10056
f 10291 10284 10281
f 10291 10286 10284
v 7312.508 -6994.551 216.383
f 10292 10286 10291
v 7312.981 -6994.324 216.102
f 10293 10286 10292
v 7315.952 -6995.150 224.659
f 10294 9805 9508
f 10294 10061 10060
f 10294 10060 9805
v 7316.862 -6994.765 223.995
f 10295 10294 9508
f 10295 9508 9507
v 7317.755 -6994.324 223.343
f 10296 10295 9507
v 7326.240 -6995.170 236.588
f 10297 10072 9525
f 10297 9522 9823
f 10297 9823 9817
f 10297 10070 10071
f 10297 10071 10072
f 10297 9817 10070
f 10297 9525 9522
v 7338.725 -6995.920 250.512
f 10298 9837 9836
f 10298 9552 10082
f 10298 9836 9844
f 10298 9844 9552
f 10298 10082 9837
v 7310.574 -6949.823 213.709
v 7309.967 -6950.122 210.947
v 7311.060 -6950.042 213.444
f 10299 10300 10301
v 7308.978 -6949.690 211.448
f 10299 10302 10300
v 7310.083 -6949.619 213.977
f 10303 10302 10299
v 7309.588 -6949.428 214.247
f 10304 10302 10303
v 7307.971 -6949.312 211.959
f 10304 10305 10302
v 7309.089 -6949.251 214.519
f 10306 10305 10304
v 7306.949 -6948.992 212.477
f 10306 10307 10305
v 7355.024 -6995.920 258.972
f 10308 9621 10107
f 10308 9873 9872
f 10308 9872 9886
f 10308 9886 9621
f 10308 10107 9873
v 7328.810 -6955.939 224.118
f 10309 9866 9861
f 10309 9861 10094
f 10309 10097 9866
f 10309 10111 10097
v 7302.829 -6948.314 220.703
f 10310 9869 9862
f 10310 9591 9875
f 10310 9870 9869
f 10310 9875 9870
f 10310 9862 10095
v 7307.588 -6948.321 222.033
v 7307.778 -6948.549 218.515
v 7308.285 -6948.649 218.219
f 10311 10312 10313
v 7307.270 -6948.464 218.812
f 10311 10314 10312
f 10311 10096 10314
f 10311 10095 10096
v 7304.451 -6948.287 222.565
f 10315 10310 10095
f 10315 10123 9591
f 10315 10311 9915
f 10315 9591 10310
f 10315 9915 10123
f 10315 10095 10311
v 7330.125 -6955.939 225.589
f 10316 10111 10309
f 10316 10309 10094
f 10316 10094 10108
v 7317.223 -6949.619 225.096
v 7314.667 -6949.619 221.505
v 7315.130 -6949.823 221.192
f 10317 10318 10319
v 7320.116 -6950.609 224.941
v 7319.259 -6950.122 225.608
f 10317 10320 10321
v 7318.383 -6949.690 226.288
f 10317 10321 10322
v 7315.588 -6950.042 220.881
f 10317 10319 10323
v 7323.552 -6951.757 225.838
v 7321.769 -6951.742 223.657
f 10324 10325 10105
f 10324 10103 10113
f 10324 10105 10103
v 7316.772 -6949.428 225.434
v 7317.491 -6949.312 226.981
f 10326 10322 10327
f 10326 10318 10317
f 10326 10317 10322
v 7323.157 -6951.453 226.165
f 10328 10325 10324
v 7320.954 -6951.150 224.290
f 10328 10329 10325
v 7316.317 -6949.251 225.774
f 10330 10326 10327
f 10330 10115 10114
f 10330 10318 10326
v 7316.586 -6948.992 227.685
f 10330 10331 10115
f 10330 10327 10331
v 7322.758 -6951.163 226.497
f 10332 10329 10328
f 10332 10320 10329
v 7310.178 -6948.321 225.962
f 10333 10117 10120
f 10333 10124 9910
f 10333 10120 10122
f 10333 10122 10124
f 10333 9910 9915
f 10333 9915 10311
v 7330.076 -6954.657 227.418
f 10334 10112 10111
f 10334 10111 10316
v 7363.660 -6995.920 261.981
f 10335 9890 9906
f 10335 10134 9645
f 10335 9645 9892
f 10335 9906 10134
f 10335 9892 9890
v 7332.898 -6954.657 230.265
f 10336 10334 10133
f 10336 10133 10130
f 10336 10130 10135
f 10336 10138 10140
f 10336 10135 10138
f 10336 10140 10144
v 7318.065 -6948.847 230.485
f 10337 10115 10331
f 10337 10331 10327
v 7317.617 -6948.723 230.857
f 10338 10150 10139
f 10338 10115 10337
f 10338 10116 10115
f 10338 10139 10116
v 7376.772 -6995.052 276.516
f 10339 9629 10129
f 10339 9627 9629
v 7385.408 -6991.339 284.362
f 10340 9935 10162
f 10340 10125 9658
f 10340 10162 9908
f 10340 9908 10125
f 10340 9658 9930
f 10340 9930 9935
v 7325.602 -6949.900 233.715
v 7322.623 -6949.900 230.515
v 7326.037 -6950.793 231.266
f 10341 10342 10343
f 8302 10339 10129
v 7332.252 -6951.757 234.906
f 10344 10144 10141
v 7333.924 -6952.385 235.083
f 10344 10141 10345
v 7333.264 -6951.742 235.838
f 10344 10345 10346
v 7331.908 -6951.453 235.286
v 7332.585 -6951.150 236.615
f 10347 10346 10348
f 10347 10344 10346
v 7331.560 -6951.163 235.672
v 7331.886 -6950.609 237.413
v 7331.171 -6950.122 238.231
f 10349 10350 10351
f 10349 10347 10348
f 10349 10348 10350
v 7338.836 -6954.657 235.458
f 10352 10153 10154
f 10352 10155 10153
f 10352 10156 10155
v 7314.335 -6948.331 237.155
f 10353 9941 10152
f 10353 10168 9940
f 10353 9940 9941
v 7328.731 -6949.900 236.768
v 7330.441 -6949.690 239.066
f 10354 10351 10355
v 7329.698 -6949.312 239.916
f 10354 10355 10356
f 10354 10349 10351
v 7325.178 -6949.195 236.244
f 10354 10357 10341
v 7334.323 -6951.757 236.717
f 10358 10141 10159
f 10358 10345 10141
f 10358 10346 10345
v 7333.991 -6951.453 237.108
f 10359 10346 10358
f 10359 10348 10346
f 10359 10350 10348
v 7318.320 -6948.257 238.839
f 10360 10152 10149
f 10360 10149 10150
v 7315.967 -6948.331 238.969
f 10361 10353 10152
f 10361 10174 10168
f 10361 10152 10360
f 10361 10168 10353
v 7388.288 -6994.587 278.701
f 10362 10163 10161
v 7390.893 -6994.598 278.704
f 10362 10167 10363
f 10362 10161 10167
v 7388.301 -6994.799 278.142
v 7390.893 -6995.007 277.580
f 10364 10363 10365
f 10364 10362 10363
v 7388.315 -6994.998 277.578
f 10366 10364 10365
v 7390.893 -6995.360 276.436
f 10366 10365 10367
v 7343.840 -6955.939 237.582
f 10368 10158 10169
v 7342.034 -6954.657 237.875
f 10369 10368 10191
f 10369 10352 10154
f 10369 10191 10197
f 10369 10197 10198
v 7327.487 -6948.847 240.291
v 7328.944 -6948.992 240.779
f 10370 10371 10182
f 10370 10357 10354
f 10370 10356 10371
f 10370 10354 10356
v 7327.097 -6948.723 240.723
f 10372 10171 10170
f 10372 10182 10171
f 10372 10370 10182
v 7333.743 -6950.284 239.912
f 10373 10351 10350
f 10373 10350 10359
v 7345.473 -6955.939 238.690
f 10374 10191 10368
f 10374 9956 9958
f 10374 10368 10169
f 10374 9958 10185
f 10374 10185 10191
f 10374 10169 9956
v 7330.833 -6949.251 241.160
f 10375 10181 10182
f 10375 10182 10371
f 10375 10355 10351
f 10375 10356 10355
f 10375 10371 10356
f 10375 10351 10373
v 7321.702 -6948.257 242.235
f 10376 10179 10360
f 10376 10173 10175
f 10376 10175 10176
f 10376 10178 10179
f 10376 10176 10178
v 7330.287 -6948.320 247.282
f 10377 10192 10188
f 10377 9981 9967
f 10377 10184 10183
f 10377 9967 10192
f 10377 10188 10184
v 7344.470 -6951.757 244.130
f 10378 10194 10196
f 10378 10198 10194
v 7346.869 -6951.742 245.606
f 10378 10196 10379
v 7344.198 -6951.453 244.565
v 7346.350 -6951.150 246.499
f 10380 10379 10381
f 10380 10378 10379
v 7345.816 -6950.609 247.416
f 10380 10381 10382
v 7353.572 -6955.939 243.401
f 10383 9966 10199
f 10383 10201 9976
f 10383 10208 10201
f 10383 9976 9966
v 7334.061 -6948.320 250.096
f 10384 9981 10377
v 7337.910 -6948.647 249.618
v 7337.585 -6948.548 250.107
f 10384 10385 10386
v 7337.259 -6948.463 250.598
f 10384 10386 10387
f 10384 10387 10218
f 10384 10218 10217
v 7355.342 -6955.939 244.274
f 10388 10383 10199
f 10388 10199 10206
f 10388 10208 10383
v 7341.652 -6949.251 249.027
v 7344.713 -6949.690 249.313
v 7344.145 -6949.312 250.289
f 10389 10390 10391
v 7343.568 -6948.992 251.280
f 10389 10391 10392
v 7349.338 -6951.757 246.963
f 10393 10196 10203
f 10393 10379 10196
f 10393 10203 10211
v 7349.095 -6951.453 247.414
f 10394 10379 10393
f 10394 10381 10379
f 10394 10382 10381
v 7345.270 -6950.122 248.354
f 10394 10395 10382
v 7355.980 -6954.657 245.989
f 10396 10208 10388
f 10396 10209 10208
v 7345.496 -6949.251 251.294
f 10397 10391 10390
f 10397 10392 10391
f 10397 10223 10224
f 10397 10390 10395
f 10397 10224 10392
v 7349.431 -6950.284 250.209
f 10398 10395 10394
f 10398 10397 10395
v 7335.110 -6948.315 254.929
f 10399 9735 10212
f 10399 9992 9996
f 10399 9997 9735
f 10399 9993 9992
f 10399 9996 9997
f 10399 10217 9993
v 7359.661 -6954.657 247.574
f 10400 10396 10220
f 10400 10219 10225
f 10400 10225 10228
f 10400 10220 10219
v 7346.126 -6948.320 257.408
f 10401 10234 10232
f 10401 10011 10004
f 10401 10004 10234
f 10401 10232 10229
v 7357.300 -6950.284 253.807
v 7361.396 -6950.609 254.582
v 7361.039 -6950.122 255.608
f 10402 10403 10404
v 7360.798 -6951.757 252.120
v 7362.085 -6951.742 252.605
f 10405 10239 10406
v 7361.745 -6951.150 253.580
f 10405 10406 10407
f 10405 10407 10403
f 10405 10231 10239
f 10405 10233 10231
f 10405 10403 10402
v 7368.245 -6955.939 249.164
f 10408 10236 10007
f 10408 10245 10236
f 10408 10003 10235
f 10408 10007 10003
v 7350.366 -6948.320 259.452
f 10409 10254 10253
f 10409 10011 10401
v 7353.828 -6948.548 258.792
v 7353.601 -6948.463 259.335
f 10409 10410 10411
f 10409 10411 10254
v 7370.149 -6955.939 249.684
f 10412 10245 10408
f 10412 10235 10242
f 10412 10408 10235
v 7357.818 -6949.427 256.426
v 7360.674 -6949.690 256.655
f 10413 10404 10414
v 7360.303 -6949.312 257.721
f 10413 10414 10415
f 10413 10402 10404
v 7357.615 -6949.251 256.957
f 10416 10413 10415
v 7359.925 -6948.992 258.803
f 10416 10415 10417
v 7364.767 -6951.757 253.467
f 10418 10239 10238
f 10418 10406 10239
f 10418 10238 10248
v 7364.614 -6951.453 253.956
f 10419 10407 10406
f 10419 10403 10407
f 10419 10406 10418
f 10419 10404 10403
v 7371.102 -6954.657 251.246
f 10420 10242 10243
f 10420 10246 10245
f 10420 10412 10242
f 10420 10245 10412
v 7350.254 -6948.288 262.637
f 10421 10011 10409
f 10421 10249 10011
f 10421 9754 10249
f 10421 10409 10253
v 7361.820 -6949.251 258.451
f 10422 10414 10404
f 10422 10256 10257
f 10422 10417 10415
f 10422 10415 10414
f 10422 10257 10417
v 7365.477 -6950.284 256.636
f 10423 10422 10404
f 10423 10404 10419
v 7352.317 -6948.315 263.996
f 10424 9754 10421
f 10424 10253 10022
f 10424 10421 10253
f 10424 10022 10019
f 10424 10019 10023
f 10424 10024 9754
f 10424 10023 10024
v 7375.018 -6954.657 252.101
f 10425 10420 10243
f 10425 10243 10255
f 10425 10255 10258
f 10425 10258 10260
v 7363.603 -6948.320 264.333
f 10426 10031 10026
f 10426 10026 10265
f 10426 10263 10261
f 10426 10265 10263
v 7373.887 -6950.284 258.669
f 10427 8350 8349
v 7376.999 -6951.757 256.347
f 10428 8451 8453
f 10428 8457 8350
f 10428 8350 10427
f 10428 8453 8455
f 10428 8455 8457
f 10428 10264 8451
v 7368.155 -6948.320 265.531
f 10429 10031 10426
v 7371.428 -6948.548 264.224
v 7371.309 -6948.463 264.801
f 10429 10430 10431
f 10429 10270 10269
f 10429 10431 10270
v 7374.895 -6949.427 261.142
f 10432 8334 8331
f 10432 10427 8349
f 10432 8349 8334
v 7374.796 -6949.251 261.702
f 10433 8331 8330
f 10433 10432 8331
v 7368.652 -6948.288 268.680
f 10434 9769 10267
f 10434 10267 10031
f 10434 10031 10429
f 10434 10429 10269
v 7370.935 -6948.315 269.621
f 10435 9769 10434
f 10435 10269 10035
f 10435 10033 10036
f 10435 10037 9769
f 10435 10036 10037
f 10435 10434 10269
f 10435 10035 10033
v 7376.736 -6949.554 276.783
f 10436 10271 9774
f 10436 9774 9768
f 8356 10271 10436
v 7388.314 -6949.526 277.607
v 7390.893 -6949.154 276.436
v 7390.893 -6949.507 277.580
f 10437 10438 10439
v 7388.300 -6949.725 278.171
v 7390.893 -6949.916 278.704
f 10440 10439 10441
f 10440 10437 10439
v 7388.287 -6949.939 278.730
f 10442 10274 10276
f 10442 10441 10278
f 10442 10278 10274
f 10442 10440 10441
v 7385.407 -6953.185 284.374
f 10443 9780 10273
f 10443 10040 10277
f 10443 10277 10041
f 10443 10273 10040
f 10443 10041 10044
f 10443 10046 9780
f 10443 10044 10046
v 7310.275 -6995.672 219.684
f 10444 10291 10056
f 10444 10056 10055
f 10444 10290 10061
v 7313.464 -6993.227 212.436
v 7312.192 -6993.173 209.820
f 10445 10446 10288
f 10445 10288 10286
v 7313.916 -6992.931 212.187
v 7313.104 -6992.563 209.357
f 10447 10448 10446
f 10447 10446 10445
v 7314.362 -6992.622 211.942
f 10449 10448 10447
v 7314.802 -6992.301 211.701
v 7313.989 -6991.904 208.909
f 10450 10451 10448
f 10450 10448 10449
v 7312.573 -6995.183 219.900
f 10452 10444 10061
f 10452 10291 10444
v 7315.234 -6991.968 211.464
f 10453 10451 10450
v 7315.055 -6995.183 223.593
f 10454 10452 10061
f 10454 10061 10294
f 10454 10294 10295
v 7320.348 -6993.227 223.087
f 10455 10296 9507
f 10455 9507 9236
v 7321.167 -6992.622 222.469
v 7318.732 -6992.622 219.071
f 10456 8217 10457
f 10456 10455 9236
f 10456 9236 9235
f 10456 10457 10455
v 7312.870 -6951.387 210.955
v 7312.803 -6951.742 209.510
v 7313.697 -6952.385 209.057
f 10458 10459 10460
v 7311.882 -6951.150 209.977
f 10458 10461 10459
v 7312.408 -6951.100 211.198
f 10462 10461 10458
f 10462 10301 10300
v 7310.936 -6950.609 210.456
f 10462 10463 10461
f 10462 10300 10463
v 7315.366 -6951.688 214.384
v 7315.803 -6952.001 214.127
f 10464 10458 10465
v 7314.923 -6951.387 214.644
f 10466 10301 10462
f 10466 10458 10464
f 10466 10462 10458
v 7306.560 -6948.668 214.919
f 10467 10096 10088
f 10467 10088 10090
f 10467 10313 10312
f 10467 10312 10314
f 10467 10314 10096
f 10467 10307 10306
v 7305.913 -6948.728 213.002
f 10467 10468 10307
f 10467 10090 10468
v 7309.677 -6949.222 215.788
f 10469 10467 10306
f 10469 10313 10467
f 10469 10304 10303
f 10469 10306 10304
v 7311.966 -6949.222 219.624
f 10470 10319 10318
f 10470 10313 10469
f 10470 10323 10319
f 8297 10105 10325
f 8297 8296 10105
v 7319.964 -6951.688 221.405
f 10471 8297 10325
v 7319.548 -6951.387 221.707
f 10472 10325 10329
f 10472 10471 10325
v 7319.127 -6951.100 222.013
f 10473 10329 10320
f 10473 10472 10329
f 10473 10320 10317
v 7311.181 -6948.763 221.801
f 10474 10470 10318
f 10474 10313 10470
f 10474 10333 10311
f 10474 10311 10313
v 7312.446 -6948.763 223.695
f 10475 10117 10333
f 10475 10474 10318
f 10475 10330 10114
f 10475 10318 10330
f 10475 10333 10474
f 10475 10114 10117
v 7331.325 -6956.391 226.279
f 10476 10133 10334
f 10476 9903 9902
f 10476 10316 10108
f 10476 10108 9903
f 10476 9902 10133
f 10476 10334 10316
v 7324.831 -6951.308 228.511
f 10477 10332 10328
f 10477 10342 10332
f 10477 10343 10342
f 10477 10324 10113
f 10477 10328 10324
v 7320.472 -6949.793 228.439
f 10478 10320 10332
f 10478 10332 10342
f 10478 10327 10322
f 10478 10321 10320
f 10478 10322 10321
f 10478 10337 10327
v 7328.156 -6952.527 229.248
f 10479 10113 10112
f 10479 10343 10477
f 10479 10112 10334
f 10479 10477 10113
v 7329.594 -6952.527 230.733
f 10480 10343 10479
f 10480 10479 10334
f 10480 10334 10336
f 10480 10336 10144
v 7380.270 -6993.559 280.483
f 10481 10128 9908
f 10481 8302 10129
f 10481 10164 10163
f 10481 9908 10162
f 10481 10162 10164
f 10481 10129 10128
v 7320.293 -6948.915 232.630
f 10482 10478 10342
f 10482 10338 10337
f 10482 10150 10338
f 10482 10337 10478
v 7329.207 -6951.308 233.103
f 10483 10341 10343
f 10483 10343 10480
f 10483 10480 10144
f 10483 10354 10341
v 7321.814 -6948.915 234.303
f 10484 10342 10341
f 10484 10482 10342
f 10484 10341 10357
f 10484 10150 10482
v 7330.737 -6951.308 234.562
f 10485 10144 10344
f 10485 10344 10347
f 10485 10483 10144
f 10485 10347 10349
f 10485 10354 10483
f 10485 10349 10354
f 8305 9631 9627
f 8305 9627 10339
f 8305 10339 8302
f 8304 9631 8305
f 8304 9925 9631
v 7321.801 -6948.488 237.563
f 10486 10484 10357
f 10486 10150 10484
f 10486 10376 10360
f 10486 10360 10150
v 7342.996 -6956.391 236.485
f 10487 10368 10369
f 10487 10369 10154
f 10487 10158 10368
f 10487 9939 9937
f 10487 9937 10158
f 10487 10154 9939
v 7335.243 -6951.556 237.920
f 10488 10373 10359
f 10488 10358 10159
f 10488 10359 10358
v 7323.440 -6948.488 239.198
f 10489 10357 10370
f 10489 10370 10372
f 10489 10486 10357
f 10489 10173 10376
f 10489 10372 10170
f 10489 10170 10173
f 10489 10376 10486
v 7316.676 -6948.386 240.611
f 10490 10179 9972
f 10490 9971 10174
f 10490 9972 9971
f 10490 10360 10179
f 10490 10174 10361
f 10490 10361 10360
v 7336.887 -6951.556 239.233
f 10491 10373 10488
v 7337.159 -6950.284 242.568
f 10491 10492 10373
v 7339.721 -6952.192 240.089
f 10493 10369 10198
f 10493 10492 10491
v 7389.632 -6995.652 275.284
f 10494 8301 8300
f 10494 8300 8299
v 7390.893 -6995.655 275.277
f 10494 10367 10495
v 7390.893 -6995.893 274.104
f 10494 10495 10496
v 7390.893 -6996.071 272.921
f 10494 10496 10497
f 10494 10366 10367
f 10494 8299 10366
v 7332.165 -6949.310 242.010
f 10498 10375 10373
f 10498 10181 10375
v 7340.267 -6951.556 241.740
f 10499 10493 10198
f 10499 10492 10493
v 7340.699 -6950.284 245.058
f 10499 10500 10492
v 7333.908 -6949.310 243.395
f 10501 10498 10373
f 10501 10181 10498
f 10501 10373 10492
v 7342.001 -6951.556 242.931
f 10502 10499 10198
f 10502 10500 10499
f 10502 10198 10378
f 10502 10380 10500
f 10502 10378 10380
v 7333.812 -6948.963 244.899
f 10503 10181 10501
f 10503 10501 10492
f 10503 10377 10183
f 10503 10183 10181
f 10503 10384 10377
v 7335.624 -6948.963 246.244
f 10504 10385 10384
f 10504 10384 10503
f 10504 10503 10492
v 7337.491 -6949.310 246.040
f 10505 10385 10504
f 10505 10504 10492
f 10505 10492 10500
v 7339.328 -6949.310 247.297
f 10506 10389 10385
f 10506 10385 10505
f 10506 10505 10500
v 7342.957 -6950.202 246.740
f 10507 10390 10389
f 10507 10500 10380
f 10507 10380 10382
f 10507 10506 10500
f 10507 10389 10506
f 10507 10395 10390
f 10507 10382 10395
v 7356.713 -6956.391 244.465
f 10508 9988 10220
f 10508 9989 9988
f 10508 10206 9989
f 10508 10388 10206
f 10508 10220 10396
f 10508 10396 10388
v 7332.042 -6948.294 252.418
f 10509 10399 10212
f 10509 10210 9981
f 10509 10384 10217
f 10509 10212 10210
f 10509 10217 10399
f 10509 9981 10384
v 7341.105 -6948.667 251.530
f 10510 10385 10389
f 10510 10386 10385
f 10510 10215 10214
f 10510 10389 10392
f 10510 10387 10386
f 10510 10218 10387
f 10510 10224 10215
f 10510 10214 10218
f 10510 10392 10224
v 7351.131 -6951.556 248.279
f 10511 10393 10211
f 10511 10398 10394
f 10511 10394 10393
v 7353.018 -6951.556 249.209
f 10512 10511 10211
f 10512 10398 10511
v 7353.322 -6950.284 252.102
f 10512 10513 10398
v 7354.725 -6952.192 248.878
f 10514 10512 10211
f 10514 10211 10209
f 10514 10513 10512
f 10514 10209 10396
v 7347.641 -6949.310 252.234
f 10515 10223 10397
f 10515 10397 10398
v 7349.624 -6949.310 253.246
f 10516 10515 10398
f 10516 10398 10513
v 7356.858 -6951.556 250.932
f 10517 10513 10514
f 10517 10402 10513
v 7358.807 -6951.556 251.724
f 10518 10402 10517
f 10518 10233 10405
f 10518 10405 10402
v 7351.872 -6948.963 255.697
v 7354.054 -6948.647 258.250
f 10519 10520 10410
f 10519 10410 10409
f 10519 10516 10513
v 7353.661 -6949.310 255.126
f 10521 10520 10519
f 10521 10513 10402
f 10521 10519 10513
v 7355.712 -6949.310 255.994
f 10522 10402 10413
f 10522 10416 10520
f 10522 10521 10402
f 10522 10520 10521
f 10522 10413 10416
v 7357.555 -6948.667 259.518
f 10523 10520 10416
f 10523 10416 10417
f 10523 10410 10520
f 10523 10251 10250
f 10523 10250 10254
f 10523 10411 10410
f 10523 10257 10251
f 10523 10254 10411
f 10523 10417 10257
v 7366.778 -6951.556 254.418
f 10524 10423 10419
f 10524 10419 10418
f 10524 10418 10248
v 7368.808 -6951.556 254.971
f 10525 10423 10524
v 7369.657 -6950.284 257.753
f 10525 10526 10423
f 10525 10524 10248
v 7370.420 -6952.192 254.321
f 10527 10525 10248
f 10527 10248 10246
f 10527 10246 10420
f 10527 10526 10525
v 7364.105 -6949.310 258.964
f 10528 10256 10422
f 10528 10422 10423
v 7366.245 -6949.310 259.580
f 10529 10528 10423
f 10529 10423 10526
v 7372.905 -6951.556 255.931
f 10530 10526 10527
f 10530 10427 10526
v 7374.970 -6951.556 256.337
f 10531 10427 10530
f 10531 10428 10427
f 10531 10264 10428
v 7368.918 -6948.963 261.559
f 10532 10529 10526
f 10532 10430 10429
v 7371.547 -6948.647 263.649
f 10532 10533 10430
v 7370.566 -6949.310 260.658
f 10534 10533 10532
f 10534 10526 10427
f 10534 10532 10526
v 7372.744 -6949.310 261.119
f 10535 10533 10534
f 10535 10427 10432
f 10535 10432 10433
f 10535 10433 10533
f 10535 10534 10427
v 7375.225 -6948.667 264.228
f 10536 8333 8332
f 10536 10268 10270
f 10536 10433 8330
f 10536 10533 10433
f 10536 10430 10533
f 10536 8330 8333
f 10536 8332 10268
f 10536 10431 10430
f 10536 10270 10431
f 8358 9767 10034
f 8357 9768 9767
f 8357 8356 10436
f 8357 10436 9768
f 8357 9767 8358
v 7380.256 -6951.031 280.626
f 10537 10271 8356
f 10537 10040 10272
f 10537 10276 10275
f 10537 10275 10277
f 10537 10277 10040
f 10537 10272 10271
v 7389.631 -6948.866 275.299
f 10538 10438 10437
v 7390.893 -6948.443 272.921
v 7390.893 -6948.622 274.104
f 10538 10539 10540
v 7390.893 -6948.859 275.277
f 10538 10540 10541
f 10538 10541 10438
f 10538 8360 8352
f 10538 10437 8361
f 10538 8361 8360
v 7307.535 -6996.136 220.688
f 10542 9795 10290
f 10542 10053 10051
f 10542 10290 10444
f 10542 10055 10053
f 10542 10051 9795
f 10542 10444 10055
v 7314.132 -6993.254 213.729
f 10543 10449 10447
f 10543 10447 10445
f 10543 10286 10293
f 10543 10445 10286
f 10543 10450 10449
v 7316.265 -6990.478 209.313
v 7314.842 -6991.197 208.477
f 10544 10545 10451
v 7315.664 -6990.442 208.060
f 10544 10546 10545
f 10544 10451 10453
v 7316.660 -6990.085 209.105
f 10547 10546 10544
v 7316.451 -6989.643 207.661
f 10547 10548 10546
v 7317.047 -6989.681 208.901
v 7317.202 -6988.802 207.281
f 10549 10550 10548
v 7317.914 -6987.919 206.920
f 10549 10551 10550
f 10549 10548 10547
v 7315.736 -6994.083 219.480
f 10552 10452 10454
f 8216 10457 8217
f 8216 10543 10293
f 8216 10552 10457
f 8214 10549 10547
f 8214 10547 10544
v 7316.944 -6994.083 221.266
f 10553 10455 10457
f 10553 10457 10552
f 10553 10295 10296
f 10553 10552 10454
f 10553 10296 10455
f 10553 10454 10295
f 8213 10549 8214
f 8209 10549 8213
f 8226 8217 10456
f 8226 10456 9235
f 8226 9235 8945
f 8227 8945 8239
f 8227 8226 8945
f 8228 8227 8239
f 8270 8252 8251
v 7316.193 -6954.600 207.792
f 8270 10554 8252
f 8269 10554 8270
v 7315.394 -6953.816 208.197
f 8268 10555 10554
f 8268 10554 8269
f 8272 10458 10460
f 8272 8271 10465
v 7314.561 -6953.077 208.619
f 8272 10556 10555
f 8272 10460 10556
f 8272 10465 10458
f 8272 10555 8268
v 7312.363 -6950.156 215.207
f 10557 10299 10301
f 10557 10301 10466
f 10557 10469 10303
f 10557 10303 10299
f 8281 10465 8271
f 8281 10466 10464
f 8281 10464 10465
v 7313.470 -6950.156 217.074
f 10558 10323 10470
f 10558 8281 10323
f 10558 10469 10557
f 10558 10557 10466
f 10558 10466 8281
f 10558 10470 10469
f 8290 8283 8282
f 8290 8291 10098
f 8290 10098 10099
f 8290 8282 8265
v 7323.546 -6954.167 220.519
f 10559 8290 10099
f 10559 10099 10101
f 10559 8283 8290
f 8295 10101 10104
f 8295 8283 10559
f 8295 10559 10101
f 8295 10104 10105
f 8295 10105 8296
f 8293 10323 8281
f 8293 10317 10323
f 8293 10473 10317
f 8293 8297 10471
f 8293 10471 10472
f 8293 10472 10473
f 8308 8307 9925
f 8308 9925 8304
v 7385.709 -6994.789 278.077
f 10560 10362 10364
f 10560 10364 10366
f 10560 8299 8302
f 10560 10163 10362
f 10560 8302 10481
f 10560 10481 10163
f 10560 10366 8299
v 7337.905 -6952.993 237.274
f 10561 10488 10159
f 10561 10369 10493
f 10561 10352 10369
f 10561 10156 10352
f 10561 10159 10157
f 10561 10157 10156
f 10561 10493 10491
f 10561 10491 10488
f 8303 8308 8304
v 7388.455 -6996.188 271.730
f 10562 10494 10497
v 7390.893 -6996.190 271.730
f 10562 10497 10563
f 10562 8301 10494
f 8315 8301 10562
v 7390.893 -6996.250 270.535
f 8315 10563 10564
f 8315 10562 10563
f 8316 8315 10564
f 8316 10564 8326
v 7358.305 -6952.993 249.183
f 10565 10230 10233
f 10565 10517 10514
f 10565 10514 10396
f 10565 10400 10228
f 10565 10518 10517
f 10565 10233 10518
f 10565 10396 10400
f 10565 10228 10230
v 7347.902 -6948.666 255.312
f 10566 10519 10409
f 10566 10409 10401
f 10566 10229 10227
f 10566 10515 10516
f 10566 10227 10223
f 10566 10401 10229
f 10566 10516 10519
f 10566 10223 10515
v 7373.993 -6952.993 253.939
f 10567 10527 10420
f 10567 10531 10530
f 10567 10530 10527
f 10567 10264 10531
f 10567 10420 10425
f 10567 10425 10260
f 10567 10260 10262
f 10567 10262 10264
v 7364.948 -6948.666 261.937
f 10568 10256 10528
f 10568 10529 10532
f 10568 10532 10429
f 10568 10528 10529
f 10568 10259 10256
f 10568 10426 10261
f 10568 10261 10259
f 10568 10429 10426
f 8341 8358 10034
f 8341 10034 8339
f 8353 8341 8337
f 8359 8358 8341
f 8359 8353 8352
f 8359 8341 8353
v 7390.893 -6948.265 270.535
f 8354 8365 10569
v 7388.468 -6948.291 271.184
v 7390.893 -6948.324 271.730
f 10570 10569 10571
f 10570 8354 10569
f 10570 8352 8354
v 7388.453 -6948.330 271.781
f 10572 10570 10571
f 10572 10571 10539
f 10572 10538 8352
f 10572 8352 10570
f 10572 10539 10538
v 7385.705 -6949.753 278.153
f 10573 10537 8356
f 10573 8356 8361
f 10573 8361 10437
f 10573 10276 10537
f 10573 10437 10440
f 10573 10442 10276
f 10573 10440 10442
v 7314.486 -6994.335 218.599
f 10574 8216 10293
f 10574 10292 10291
f 10574 10293 10292
f 10574 10452 10552
f 10574 10552 8216
f 10574 10291 10452
v 7316.669 -6991.622 213.021
f 10575 10450 10543
f 10575 8214 10544
f 10575 10453 10450
f 10575 10544 10453
f 8215 10575 10543
f 8215 10543 8216
f 8215 8214 10575
v 7319.789 -6987.020 208.895
v 7318.587 -6986.998 206.579
f 10576 10577 10551
f 10576 10551 10549
f 10576 10549 8209
f 8208 10576 8209
f 8208 10577 10576
f 8208 8207 10577
v 7289.444 -6959.111 -205.266
v 7289.056 -6961.575 -203.255
v 7286.686 -6961.575 -207.049
f 10578 10579 10580
v 7290.019 -6958.126 -205.630
v 7291.258 -6958.738 -202.934
f 10578 10581 10582
v 7290.221 -6960.779 -202.241
f 10578 10582 10583
v 7285.488 -6965.040 -206.330
v 7287.187 -6964.614 -203.837
f 10584 10580 10585
v 7282.637 -6964.614 -211.644
f 10584 10586 10580
v 7284.765 -6968.680 -205.897
v 7282.326 -6965.757 -211.478
f 10584 10587 10588
f 10584 10588 10586
v 7286.889 -6965.757 -203.648
f 10584 10585 10589
f 10584 10589 10587
v 7293.275 -6958.126 -200.757
v 7292.460 -6956.830 -203.737
f 10590 10582 10591
v 7292.718 -6959.111 -200.365
f 10592 10582 10590
f 10592 10583 10582
v 7290.712 -6961.575 -200.776
f 10592 10593 10583
v 7293.310 -6961.575 -197.135
f 10592 10594 10593
v 7292.188 -6965.040 -196.303
v 7296.006 -6964.614 -191.636
f 10595 10594 10596
v 7291.511 -6968.680 -195.801
v 7290.246 -6965.757 -198.624
f 10595 10597 10598
v 7290.534 -6964.614 -198.827
f 10595 10598 10599
f 10595 10599 10594
v 7295.733 -6965.757 -191.412
f 10595 10600 10597
f 10595 10596 10600
v 7300.938 -6959.111 -189.966
v 7302.105 -6958.738 -189.035
v 7301.181 -6960.779 -188.197
f 10601 10602 10603
v 7303.176 -6956.830 -190.005
f 10601 10604 10602
v 7298.071 -6959.111 -193.331
v 7298.597 -6958.126 -193.762
f 10601 10605 10606
v 7298.899 -6961.575 -190.153
f 10601 10607 10605
f 10601 10603 10607
v 7302.917 -6959.111 -187.782
f 10608 10603 10602
f 10608 10602 10604
v 7302.903 -6961.575 -185.734
f 10608 10609 10603
v 7315.861 -6959.111 -175.758
v 7314.874 -6958.738 -176.878
v 7315.791 -6956.830 -177.995
f 10610 10611 10612
v 7314.083 -6960.779 -175.914
f 10610 10613 10611
v 7316.148 -6961.575 -173.730
f 10610 10614 10613
v 7330.429 -6959.111 -165.763
v 7328.647 -6960.779 -165.656
v 7329.288 -6958.738 -166.727
f 10615 10616 10617
v 7331.010 -6961.575 -163.800
f 10615 10618 10616
v 7330.031 -6956.830 -167.966
f 10615 10617 10619
v 7347.677 -6959.111 -157.475
v 7344.559 -6960.779 -157.647
v 7345.036 -6958.738 -158.800
f 10620 10621 10622
v 7345.507 -6963.211 -156.017
f 10620 10623 10621
v 7349.964 -6961.575 -155.118
f 10620 10624 10623
v 7349.493 -6965.040 -153.802
v 7355.158 -6965.757 -151.706
v 7349.209 -6968.680 -153.009
f 10625 10626 10627
v 7346.589 -6965.757 -154.654
f 10625 10627 10628
v 7355.261 -6964.614 -152.043
f 10625 10624 10629
f 10625 10629 10626
f 10625 10628 10623
f 10625 10623 10624
v 7360.289 -6959.111 -153.394
v 7356.036 -6959.111 -154.599
v 7356.234 -6958.126 -155.250
f 10630 10631 10632
v 7358.490 -6961.575 -152.417
f 10630 10633 10631
v 7362.128 -6956.830 -154.671
v 7361.777 -6958.738 -153.269
f 10630 10634 10635
v 7361.474 -6960.779 -152.059
f 10630 10635 10636
f 10630 10636 10633
v 7363.148 -6959.111 -152.678
f 10637 10635 10634
f 10637 10636 10635
v 7364.274 -6961.575 -150.968
f 10637 10638 10636
v 7380.043 -6962.935 -147.876
v 7378.844 -6965.183 -147.166
v 7378.924 -6962.935 -147.981
f 10639 10640 10641
v 7381.098 -6965.183 -146.965
f 10639 10642 10640
v 7379.026 -6960.779 -149.014
f 10639 10641 10643
v 7383.031 -6962.935 -147.646
v 7387.122 -6965.183 -146.632
v 7383.319 -6967.502 -146.216
f 10644 10645 10646
f 10644 10646 10642
f 10644 10642 10639
v 7389.020 -6962.935 -147.407
v 7390.893 -6964.049 -146.955
f 10647 10648 10645
v 7390.893 -6960.779 -148.431
v 7390.893 -6961.844 -147.885
f 10647 10649 10650
v 7390.893 -6962.935 -147.392
f 10647 10650 10651
f 10647 10651 10648
v 7269.142 -6982.079 -263.527
v 7268.540 -6979.295 -257.457
v 7269.831 -6982.619 -257.584
f 10652 10653 10654
v 7270.523 -6984.712 -263.595
f 10652 10654 10655
v 7269.282 -6982.619 -266.523
f 10652 10655 10656
v 7268.795 -6981.533 -266.511
v 7268.096 -6979.295 -263.475
f 10652 10657 10658
v 7269.032 -6982.079 -266.516
f 10652 10659 10657
f 10652 10656 10659
f 10652 10658 10653
v 7272.487 -6987.616 -266.601
v 7271.021 -6985.714 -269.508
v 7271.165 -6985.714 -263.626
f 10660 10661 10662
v 7271.713 -6986.683 -269.508
f 10660 10663 10661
v 7272.452 -6987.616 -269.508
f 10660 10664 10663
v 7272.874 -6988.069 -266.611
v 7273.236 -6988.512 -269.508
f 10665 10666 10664
f 10665 10664 10660
v 7273.271 -6988.512 -266.620
f 10667 10666 10665
v 7274.064 -6989.367 -269.508
f 10667 10668 10666
v 7274.933 -6990.181 -269.508
f 10667 10669 10668
v 7271.614 -6982.686 -245.782
v 7273.017 -6982.887 -239.982
v 7273.082 -6985.342 -246.074
f 10670 10671 10672
v 7270.489 -6979.862 -245.558
f 10670 10673 10671
v 7271.165 -6982.887 -248.733
f 10670 10672 10674
f 10670 10674 10673
v 7274.507 -6988.730 -253.701
v 7272.260 -6986.203 -254.876
v 7273.734 -6987.616 -252.129
f 10675 10676 10677
v 7273.802 -6988.512 -257.975
f 10675 10678 10676
v 7275.328 -6989.367 -252.365
f 10675 10677 10679
v 7275.218 -6988.784 -249.436
v 7272.299 -6985.342 -250.426
f 10680 10677 10681
v 7273.743 -6986.324 -246.205
f 10680 10681 10682
f 10680 10679 10677
v 7276.047 -6989.626 -249.580
v 7277.086 -6990.950 -252.626
f 10683 10684 10679
f 10683 10680 10682
f 10683 10679 10680
v 7277.824 -6989.626 -241.186
v 7277.008 -6988.784 -240.981
f 10685 10682 10686
f 10685 10683 10682
v 7278.136 -6988.784 -236.809
v 7275.774 -6986.324 -237.650
v 7277.552 -6987.616 -235.126
f 10687 10688 10689
f 10687 10686 10688
v 7279.094 -6989.367 -235.594
f 10687 10689 10690
v 7280.795 -6990.950 -236.110
f 10687 10690 10691
f 10687 10685 10686
v 7278.972 -6988.784 -234.051
v 7277.476 -6986.324 -232.040
f 10692 10689 10693
f 10692 10690 10689
f 10692 10691 10690
v 7278.535 -6982.686 -222.968
v 7279.801 -6982.887 -220.264
v 7279.918 -6985.342 -223.540
f 10694 10695 10696
v 7276.479 -6982.887 -228.570
v 7277.475 -6979.862 -222.528
f 10694 10697 10698
f 10694 10696 10697
f 10694 10698 10695
v 7280.353 -6988.784 -229.956
f 10699 10692 10693
v 7281.145 -6989.626 -230.239
v 7280.540 -6986.324 -223.798
f 10700 10699 10701
f 10700 10692 10699
v 7283.562 -6988.784 -221.931
v 7283.823 -6987.616 -218.868
v 7285.280 -6989.367 -219.557
f 10702 10703 10704
v 7281.685 -6985.342 -219.487
f 10702 10701 10705
f 10702 10705 10703
v 7283.638 -6982.686 -212.179
v 7286.664 -6982.887 -207.035
v 7284.958 -6985.342 -212.884
f 10706 10707 10708
v 7282.626 -6979.862 -211.638
f 10706 10709 10707
v 7282.351 -6982.887 -214.872
f 10706 10708 10710
f 10706 10710 10709
v 7284.331 -6989.626 -222.272
v 7286.887 -6990.950 -220.317
f 10711 10704 10712
f 10711 10700 10701
f 10711 10701 10702
f 10711 10702 10704
v 7286.026 -6988.784 -216.722
f 10713 10704 10703
v 7282.945 -6985.342 -216.822
f 10713 10703 10714
v 7285.552 -6986.324 -213.202
f 10713 10714 10715
v 7286.777 -6989.626 -217.100
f 10716 10704 10713
f 10716 10712 10704
f 10716 10713 10715
v 7290.914 -6989.626 -209.583
f 10717 10716 10715
v 7290.193 -6988.784 -209.151
f 10717 10715 10718
v 7292.483 -6988.784 -205.485
v 7293.753 -6989.367 -204.601
v 7295.231 -6990.950 -205.588
f 10719 10720 10721
v 7292.413 -6987.616 -203.705
f 10719 10722 10720
v 7289.979 -6986.324 -205.605
f 10719 10723 10722
f 10719 10718 10723
f 10719 10717 10718
v 7294.084 -6988.784 -203.089
f 10724 10721 10720
v 7293.236 -6986.324 -200.730
f 10724 10722 10725
f 10724 10720 10722
v 7296.883 -6982.686 -192.356
v 7295.996 -6979.862 -191.628
v 7298.879 -6982.887 -190.136
f 10726 10727 10728
v 7293.289 -6982.887 -197.120
f 10726 10729 10727
v 7298.040 -6985.342 -193.305
f 10726 10730 10729
f 10726 10728 10730
v 7296.594 -6988.784 -199.571
f 10731 10724 10725
v 7297.269 -6989.626 -200.072
v 7298.561 -6986.324 -193.732
f 10732 10731 10733
f 10732 10724 10731
v 7301.994 -6988.784 -192.823
v 7303.134 -6987.616 -189.967
v 7304.328 -6989.367 -191.050
f 10734 10735 10736
v 7300.908 -6985.342 -189.939
f 10734 10737 10735
f 10734 10733 10737
v 7302.631 -6989.626 -193.373
f 10738 10732 10733
v 7305.645 -6990.950 -192.244
f 10738 10736 10739
f 10738 10733 10734
f 10738 10734 10736
v 7304.877 -6988.784 -189.603
v 7304.385 -6986.324 -187.145
f 10740 10735 10741
f 10740 10739 10736
f 10740 10736 10735
v 7309.221 -6982.686 -179.397
v 7304.967 -6982.887 -183.582
v 7308.450 -6979.862 -178.546
f 10742 10743 10744
v 7310.226 -6985.342 -180.506
f 10742 10745 10743
v 7311.521 -6982.887 -177.494
f 10742 10746 10745
f 10742 10744 10746
v 7307.877 -6988.784 -186.491
f 10747 10740 10741
v 7308.471 -6989.626 -187.086
v 7310.679 -6986.324 -181.005
f 10748 10747 10749
f 10748 10740 10747
v 7314.209 -6988.784 -180.609
v 7315.755 -6987.616 -177.951
v 7316.777 -6989.367 -179.197
f 10750 10751 10752
v 7313.557 -6985.342 -177.597
f 10750 10749 10753
f 10750 10753 10751
v 7318.447 -6982.686 -171.825
v 7319.338 -6985.342 -173.027
v 7316.132 -6982.887 -173.710
f 10754 10755 10756
v 7323.382 -6982.887 -168.470
f 10754 10757 10755
v 7317.763 -6979.862 -170.904
f 10754 10756 10758
f 10754 10758 10757
v 7314.758 -6989.626 -181.246
f 10759 10750 10752
v 7317.905 -6990.950 -180.571
f 10759 10752 10760
f 10759 10748 10749
f 10759 10749 10750
v 7318.663 -6988.784 -176.953
f 10761 10752 10751
v 7315.836 -6985.342 -175.726
f 10761 10751 10762
v 7319.740 -6986.324 -173.568
f 10761 10762 10763
v 7319.180 -6989.626 -177.616
f 10764 10760 10752
f 10764 10752 10761
f 10764 10761 10763
v 7326.135 -6989.626 -172.590
v 7325.667 -6988.784 -171.891
f 10765 10763 10766
f 10765 10764 10763
v 7333.564 -6982.686 -162.253
v 7338.938 -6982.887 -159.657
v 7334.269 -6985.342 -163.572
f 10767 10768 10769
v 7330.997 -6982.887 -163.777
v 7333.023 -6979.862 -161.240
f 10767 10770 10771
f 10767 10769 10770
f 10767 10771 10768
v 7329.305 -6988.784 -169.556
v 7330.831 -6989.367 -169.300
v 7331.745 -6990.950 -170.824
f 10772 10773 10774
v 7326.990 -6986.324 -168.594
f 10772 10766 10775
v 7330.002 -6987.616 -167.917
f 10772 10775 10776
f 10772 10765 10766
f 10772 10776 10773
v 7333.025 -6988.784 -167.357
v 7330.409 -6985.342 -165.728
f 10777 10776 10778
f 10777 10773 10776
v 7334.587 -6986.324 -164.166
f 10777 10778 10779
v 7333.440 -6989.626 -168.088
f 10780 10774 10773
f 10780 10777 10779
f 10780 10773 10777
v 7273.167 -6956.116 -266.618
v 7273.110 -6956.140 -269.508
v 7273.923 -6955.287 -269.508
f 10781 10782 10783
v 7272.776 -6956.557 -266.608
v 7272.341 -6957.032 -269.508
f 10784 10785 10782
v 7271.616 -6957.960 -269.508
f 10784 10786 10785
v 7270.630 -6959.411 -268.032
f 10784 10787 10786
v 7271.118 -6958.871 -263.624
f 10784 10788 10787
f 10784 10782 10781
v 7341.056 -6989.626 -164.137
f 10789 10780 10779
v 7340.697 -6988.784 -163.377
f 10789 10779 10790
v 7344.637 -6988.784 -161.601
v 7346.184 -6989.367 -161.571
v 7346.865 -6990.950 -163.214
f 10791 10792 10793
v 7342.489 -6986.324 -160.310
f 10791 10790 10794
v 7345.568 -6987.616 -160.082
f 10791 10794 10795
f 10791 10789 10790
f 10791 10795 10792
v 7269.239 -6962.221 -263.531
v 7269.240 -6961.983 -266.521
v 7270.795 -6959.364 -263.608
f 10796 10797 10798
v 7269.837 -6961.882 -257.585
f 10796 10798 10799
v 7268.995 -6962.519 -266.515
f 10796 10800 10797
v 7268.762 -6963.060 -266.510
f 10796 10801 10800
v 7268.083 -6965.264 -263.475
f 10796 10802 10801
v 7268.545 -6965.203 -257.458
f 10796 10799 10803
f 10796 10803 10802
v 7274.566 -6955.723 -253.709
v 7273.789 -6956.830 -252.137
v 7272.293 -6958.264 -254.880
f 10804 10805 10806
v 7273.812 -6955.992 -257.976
f 10804 10806 10807
v 7275.399 -6955.076 -252.376
f 10804 10808 10805
v 7347.299 -6988.784 -160.498
f 10809 10793 10792
v 7347.905 -6986.324 -158.066
f 10809 10795 10810
f 10809 10792 10795
v 7355.590 -6982.686 -153.129
v 7349.955 -6982.887 -155.094
v 7355.257 -6979.862 -152.031
f 10811 10812 10813
v 7358.483 -6982.887 -152.392
f 10811 10813 10814
v 7356.024 -6985.342 -154.561
f 10811 10815 10812
f 10811 10814 10815
v 7351.341 -6988.784 -158.968
f 10816 10809 10810
v 7273.870 -6957.003 -250.679
v 7272.582 -6959.111 -248.979
v 7272.360 -6958.738 -251.925
f 10817 10818 10819
f 10817 10819 10805
f 10817 10805 10808
v 7351.625 -6989.626 -159.759
v 7356.220 -6986.324 -155.206
f 10820 10816 10821
f 10820 10809 10816
v 7276.511 -6954.946 -246.756
f 10822 10817 10808
v 7275.811 -6955.661 -246.617
f 10823 10817 10822
v 7359.580 -6988.784 -156.357
v 7362.114 -6987.616 -154.616
v 7362.506 -6989.367 -156.179
f 10824 10825 10826
v 7360.279 -6985.342 -153.356
f 10824 10827 10825
f 10824 10821 10827
v 7359.805 -6989.626 -157.168
f 10828 10821 10824
v 7362.938 -6990.950 -157.904
f 10828 10826 10829
f 10828 10824 10826
f 10828 10820 10821
v 7278.494 -6954.946 -238.403
v 7280.880 -6953.493 -236.136
v 7279.163 -6955.076 -235.615
f 10830 10831 10832
v 7277.807 -6955.661 -238.213
f 10833 10830 10832
v 7277.606 -6956.830 -235.143
v 7275.566 -6959.111 -236.064
f 10833 10834 10835
v 7275.073 -6958.126 -240.496
f 10833 10835 10836
f 10833 10832 10834
v 7363.766 -6988.784 -155.282
f 10837 10829 10826
f 10837 10826 10825
v 7364.723 -6986.324 -152.965
f 10837 10825 10838
v 7373.049 -6982.686 -149.209
v 7376.018 -6982.887 -148.904
v 7373.268 -6985.342 -150.689
f 10839 10840 10841
v 7372.880 -6979.862 -148.073
f 10839 10842 10840
v 7367.186 -6982.887 -150.325
f 10839 10841 10843
f 10839 10843 10842
v 7280.156 -6954.946 -232.925
f 10844 10832 10831
v 7272.946 -6961.777 -239.964
v 7271.736 -6961.575 -245.806
v 7274.413 -6959.111 -240.331
f 10845 10846 10847
v 7273.802 -6961.575 -237.105
v 7271.822 -6964.614 -239.682
f 10845 10848 10849
f 10845 10847 10848
f 10845 10849 10846
v 7279.479 -6955.661 -232.702
v 7276.421 -6959.111 -233.243
f 10850 10851 10834
f 10850 10832 10844
v 7278.474 -6958.126 -229.284
f 10850 10852 10851
f 10850 10834 10832
v 7367.989 -6988.784 -154.361
f 10853 10837 10838
v 7368.153 -6989.626 -155.185
v 7373.367 -6986.324 -151.355
f 10854 10853 10855
f 10854 10837 10853
v 7381.058 -6983.686 -148.804
v 7378.922 -6981.533 -147.961
v 7383.030 -6981.546 -147.632
f 10856 10857 10858
v 7379.023 -6983.680 -148.984
f 10856 10859 10857
v 7379.144 -6985.714 -150.213
f 10856 10860 10859
v 7376.522 -6988.784 -152.988
v 7379.284 -6987.616 -151.637
v 7379.442 -6989.367 -153.241
f 10861 10862 10863
v 7377.653 -6985.342 -150.121
f 10861 10855 10864
f 10861 10864 10862
v 7376.625 -6989.626 -153.822
f 10865 10855 10861
f 10865 10861 10863
f 10865 10854 10855
v 7379.616 -6990.950 -155.010
f 10865 10863 10866
v 7276.410 -6961.777 -228.545
v 7275.318 -6964.614 -228.155
v 7275.533 -6961.575 -231.398
f 10867 10868 10869
v 7277.834 -6959.111 -229.054
v 7278.649 -6961.575 -223.015
f 10867 10870 10871
f 10867 10869 10870
f 10867 10871 10868
v 7386.993 -6983.719 -148.485
v 7387.122 -6979.322 -146.629
v 7389.020 -6981.575 -147.405
f 10872 10873 10874
f 10872 10858 10873
v 7390.893 -6983.735 -148.431
f 10872 10874 10875
v 7284.214 -6955.661 -220.645
v 7282.488 -6955.661 -224.605
v 7283.147 -6954.946 -224.878
f 10876 10877 10878
v 7281.738 -6958.126 -221.123
f 10876 10879 10877
v 7285.346 -6955.076 -219.588
v 7283.874 -6956.830 -218.892
f 10876 10880 10881
f 10876 10881 10879
v 7286.967 -6953.493 -220.355
f 10876 10882 10880
v 7286.722 -6954.946 -217.073
f 10883 10880 10882
v 7286.085 -6955.661 -216.752
v 7285.593 -6958.126 -213.224
v 7282.981 -6959.111 -216.839
f 10884 10885 10886
f 10884 10886 10881
f 10884 10881 10880
f 10884 10880 10883
v 7283.660 -6961.777 -212.190
f 10887 10580 10586
v 7284.993 -6959.111 -212.903
f 10887 10888 10580
v 7282.374 -6961.575 -214.884
f 10887 10889 10888
f 10887 10586 10889
v 7292.539 -6955.661 -205.521
v 7290.250 -6955.661 -209.185
v 7290.862 -6954.946 -209.552
f 10890 10891 10892
f 10890 10591 10581
v 7293.813 -6955.076 -204.641
f 10890 10893 10591
f 10890 10581 10891
v 7295.304 -6953.493 -205.637
f 10890 10894 10893
v 7294.139 -6955.661 -203.127
f 10895 10591 10893
f 10895 10893 10894
f 10895 10590 10591
v 7296.647 -6955.661 -199.611
v 7297.221 -6954.946 -200.036
f 10896 10895 10897
f 10896 10590 10895
v 7302.585 -6954.946 -193.333
v 7305.711 -6953.493 -192.303
v 7304.381 -6955.076 -191.098
f 10898 10899 10900
v 7302.045 -6955.661 -192.867
f 10901 10604 10601
f 10901 10601 10606
f 10901 10898 10900
f 10901 10900 10604
v 7296.902 -6961.777 -192.372
f 10902 10596 10594
f 10902 10607 10596
f 10902 10605 10607
f 10902 10594 10605
v 7307.126 -6956.098 -186.762
f 10903 10604 10900
v 7306.568 -6957.003 -186.211
f 10904 10604 10903
f 10904 10608 10604
v 7313.440 -6956.098 -180.824
v 7316.823 -6955.076 -179.253
f 10905 10906 10612
v 7312.924 -6957.003 -180.234
f 10907 10905 10612
v 7306.513 -6961.777 -181.962
v 7304.096 -6964.614 -182.710
f 10908 10909 10609
v 7309.792 -6961.777 -178.916
v 7312.673 -6961.575 -176.546
v 7310.716 -6964.614 -176.560
f 10910 10911 10912
v 7309.167 -6959.111 -181.531
f 10910 10908 10913
v 7320.174 -6956.098 -175.366
f 10914 10612 10906
v 7319.703 -6957.003 -174.740
f 10915 10610 10612
f 10915 10612 10914
v 7327.291 -6956.098 -170.419
v 7330.868 -6955.076 -169.362
f 10916 10917 10619
v 7326.868 -6957.003 -169.760
f 10918 10916 10619
v 7320.272 -6961.777 -170.529
v 7317.771 -6964.614 -170.914
f 10919 10920 10614
v 7323.963 -6961.777 -167.996
v 7327.160 -6961.575 -166.075
v 7325.222 -6964.614 -165.802
f 10921 10922 10923
v 7322.961 -6959.111 -170.492
f 10921 10919 10924
v 7334.752 -6956.098 -166.009
f 10925 10619 10917
v 7334.379 -6957.003 -165.320
f 10926 10619 10925
f 10926 10615 10619
v 7342.518 -6956.098 -162.159
v 7346.212 -6955.076 -161.638
v 7345.589 -6956.830 -160.134
f 10927 10928 10929
v 7342.197 -6957.003 -161.445
f 10930 10927 10929
v 7335.559 -6961.777 -161.238
v 7333.029 -6964.614 -161.252
f 10931 10932 10618
v 7339.582 -6961.777 -159.274
v 7338.225 -6959.111 -161.596
f 10933 10931 10934
v 7343.026 -6961.575 -157.843
v 7341.150 -6964.614 -157.288
f 10933 10935 10936
v 7346.882 -6957.003 -159.454
f 10937 10929 10928
f 10937 10622 10929
f 10937 10620 10622
v 7351.604 -6954.946 -159.702
f 10938 10937 10928
v 7351.364 -6955.661 -159.030
f 10939 10937 10938
v 7359.788 -6954.946 -157.109
v 7362.959 -6953.493 -157.989
v 7362.523 -6955.076 -156.249
f 10940 10941 10942
v 7359.598 -6955.661 -156.422
f 10943 10634 10630
f 10943 10942 10634
f 10943 10940 10942
f 10943 10630 10632
v 7355.597 -6961.777 -153.153
f 10944 10624 10631
f 10944 10631 10633
f 10944 10633 10629
f 10944 10629 10624
v 7367.214 -6956.098 -154.168
f 10945 10634 10942
v 7367.057 -6957.003 -153.401
f 10946 10637 10634
f 10946 10634 10945
v 7375.763 -6956.098 -152.739
v 7379.449 -6955.076 -153.312
v 7379.289 -6956.830 -151.693
f 10947 10948 10949
v 7375.663 -6957.003 -151.962
f 10950 10947 10949
v 7369.371 -6961.777 -149.837
v 7366.946 -6964.614 -149.116
f 10951 10952 10638
v 7373.790 -6961.777 -149.126
v 7377.502 -6961.575 -148.756
v 7375.867 -6964.614 -147.681
f 10953 10954 10955
v 7371.818 -6959.111 -150.954
f 10953 10951 10956
v 7381.060 -6960.779 -148.831
f 10957 10639 10643
v 7379.148 -6958.738 -150.255
f 10957 10643 10958
f 10957 10644 10639
v 7386.994 -6960.779 -148.493
f 10959 10645 10644
f 10959 10647 10645
f 10959 10649 10647
v 7271.598 -6985.714 -257.758
f 10960 10655 10654
v 7270.838 -6985.217 -263.610
f 10960 10662 10961
v 7271.597 -6985.217 -254.794
f 10960 10962 10676
f 10960 10961 10655
f 10960 10676 10678
f 10960 10654 10962
v 7275.072 -6990.181 -263.818
f 10963 10669 10667
v 7275.521 -6990.571 -263.840
v 7275.841 -6990.950 -269.508
f 10964 10965 10669
f 10964 10669 10963
v 7275.980 -6990.950 -263.863
f 10966 10965 10964
v 7276.251 -6990.571 -255.368
f 10967 10679 10684
f 10967 10678 10675
f 10967 10675 10679
v 7277.171 -6991.318 -255.482
v 7278.991 -6992.349 -252.909
f 10968 10684 10969
f 10968 10967 10684
v 7274.797 -6985.990 -240.427
f 10970 10672 10671
v 7275.125 -6985.342 -237.471
f 10970 10671 10971
f 10970 10688 10686
f 10970 10686 10682
f 10970 10682 10672
f 10970 10971 10688
v 7279.127 -6991.782 -247.276
f 10972 10683 10685
f 10972 10684 10683
f 10972 10969 10684
v 7278.207 -6985.990 -229.188
f 10973 10699 10693
v 7276.837 -6985.342 -231.829
f 10973 10974 10697
f 10973 10693 10974
f 10973 10696 10701
f 10973 10701 10699
f 10973 10697 10696
v 7281.065 -6991.782 -239.114
v 7282.638 -6992.349 -236.669
f 10975 10691 10976
f 10975 10687 10691
f 10975 10685 10687
v 7282.689 -6991.782 -233.762
f 10977 10976 10691
f 10977 10691 10692
f 10977 10692 10700
v 7285.612 -6991.782 -225.899
v 7288.628 -6992.349 -221.140
f 10978 10712 10979
f 10978 10711 10712
f 10978 10700 10711
v 7288.238 -6985.990 -207.979
f 10980 10708 10707
v 7289.410 -6985.342 -205.244
f 10980 10707 10981
f 10980 10981 10723
f 10980 10715 10708
f 10980 10718 10715
f 10980 10723 10718
v 7290.393 -6991.782 -215.789
f 10982 10979 10712
f 10982 10712 10716
f 10982 10716 10717
v 7294.763 -6985.990 -198.213
f 10983 10733 10731
f 10983 10731 10725
v 7292.686 -6985.342 -200.342
f 10983 10725 10984
f 10983 10984 10729
f 10983 10729 10730
f 10983 10730 10733
v 7294.617 -6991.782 -208.542
f 10985 10719 10721
f 10985 10717 10719
v 7296.832 -6992.349 -206.658
f 10985 10721 10986
v 7297.725 -6991.782 -203.891
f 10987 10721 10724
f 10987 10724 10732
f 10987 10986 10721
v 7302.804 -6991.782 -197.215
f 10988 10732 10738
f 10988 10738 10739
v 7307.072 -6992.349 -193.537
f 10988 10739 10989
v 7306.265 -6985.990 -184.880
v 7303.897 -6985.342 -186.681
f 10990 10991 10743
f 10990 10745 10749
f 10990 10749 10747
f 10990 10743 10745
f 10990 10747 10741
f 10990 10741 10991
v 7308.361 -6991.782 -190.931
f 10992 10740 10748
f 10992 10739 10740
f 10992 10989 10739
v 7314.365 -6991.782 -185.072
f 10993 10759 10760
f 10993 10748 10759
v 7319.126 -6992.349 -182.060
f 10993 10760 10994
v 7324.401 -6985.990 -169.996
f 10995 10755 10757
f 10995 10763 10755
f 10995 10775 10766
v 7326.630 -6985.342 -168.025
f 10995 10996 10775
f 10995 10757 10996
f 10995 10766 10763
v 7323.010 -6991.782 -177.978
f 10997 10760 10764
f 10997 10764 10765
f 10997 10994 10760
v 7275.238 -6954.074 -268.089
v 7275.668 -6953.705 -269.508
v 7276.596 -6952.980 -269.508
f 10998 10999 11000
v 7274.776 -6954.474 -269.508
f 10998 11001 10999
f 10998 10783 11001
f 10998 10781 10783
v 7329.927 -6991.782 -173.232
f 11002 10772 10774
f 11002 10765 10772
v 7332.734 -6992.349 -172.476
f 11002 10774 11003
v 7275.884 -6953.642 -263.858
v 7276.345 -6953.276 -263.881
f 11004 10998 11005
v 7275.432 -6954.019 -263.836
f 11006 10781 10998
f 11006 10998 11004
v 7339.722 -6985.990 -161.316
f 11007 10769 10768
f 11007 10794 10790
v 7342.216 -6985.342 -159.694
f 11007 11008 10794
f 11007 10779 10769
f 11007 10768 11008
f 11007 10790 10779
v 7337.175 -6991.782 -169.008
f 11009 10780 10789
f 11009 10774 10780
f 11009 11003 10774
v 7277.069 -6953.276 -255.469
v 7278.786 -6952.302 -252.878
v 7277.174 -6953.493 -252.639
f 11010 11011 11012
v 7276.162 -6954.019 -255.357
f 11013 11012 10808
f 11013 11010 11012
f 11013 10808 10804
f 11013 10804 10807
v 7278.472 -6952.836 -250.001
f 11014 10808 11012
f 11014 11012 11011
f 11014 10822 10808
v 7271.606 -6958.788 -257.759
f 11015 10798 10788
f 11015 10799 10798
f 11015 10807 10806
v 7271.625 -6959.254 -254.798
f 11015 11016 10799
f 11015 10806 11016
v 7350.573 -6985.990 -156.822
v 7347.663 -6985.342 -157.438
f 11017 10810 11018
f 11017 11018 10812
f 11017 10815 10821
f 11017 10821 10816
f 11017 10812 10815
f 11017 10816 10810
v 7344.714 -6991.782 -165.328
f 11019 10791 10793
v 7347.601 -6992.349 -164.992
f 11019 10793 11020
f 11019 10789 10791
v 7349.881 -6991.782 -163.188
f 11021 11020 10793
f 11021 10793 10809
f 11021 10809 10820
v 7273.554 -6958.461 -246.168
f 11022 10836 10847
f 11022 10847 10846
f 11022 10823 10836
f 11022 10818 10817
f 11022 10846 10818
f 11022 10817 10823
v 7281.307 -6952.836 -237.729
f 11023 10831 10830
v 7282.440 -6952.302 -236.609
f 11023 11024 10831
v 7280.212 -6952.836 -241.784
f 11023 10830 11025
v 7357.814 -6991.782 -160.459
v 7363.406 -6992.349 -159.771
f 11026 10829 11027
f 11026 10828 10829
f 11026 10820 10828
v 7282.120 -6952.836 -235.049
f 11028 10844 10831
f 11028 10831 11024
v 7367.544 -6985.990 -152.125
f 11029 10841 10855
f 11029 10843 10841
f 11029 10855 10853
f 11029 10853 10838
v 7364.575 -6985.342 -152.307
f 11029 11030 10843
f 11029 10838 11030
v 7283.462 -6952.836 -231.069
f 11031 10844 11028
v 7365.925 -6991.782 -158.321
f 11032 11027 10829
f 11032 10829 10837
f 11032 10837 10854
v 7286.581 -6952.836 -223.270
v 7288.441 -6952.302 -221.052
f 11033 11034 10882
f 11033 10882 10876
f 11033 10876 10878
v 7374.172 -6991.782 -156.785
v 7379.805 -6992.349 -156.926
f 11035 10866 11036
f 11035 10854 10865
f 11035 10865 10866
v 7288.354 -6952.836 -219.461
f 11037 10882 11034
f 11037 10883 10882
v 7383.085 -6985.733 -149.903
f 11038 10856 10858
f 11038 10860 10856
f 11038 10858 10872
f 11038 10862 10860
v 7280.362 -6958.461 -223.724
f 11039 10870 10852
f 11039 10871 10870
f 11039 10852 10877
v 7281.116 -6959.111 -220.847
f 11039 10879 11040
f 11039 11040 10871
f 11039 10877 10879
v 7290.265 -6952.836 -215.721
f 11041 10883 11037
v 7388.963 -6985.769 -149.689
f 11042 10872 10875
v 7390.893 -6984.772 -149.029
f 11042 10875 11043
v 7390.893 -6985.777 -149.678
f 11042 11043 11044
v 7390.893 -6986.749 -150.377
f 11042 11044 11045
v 7390.893 -6987.684 -151.123
f 11042 11045 11046
v 7294.495 -6952.836 -208.464
v 7296.660 -6952.302 -206.543
f 11047 11048 10894
f 11047 10890 10892
f 11047 10894 10890
v 7288.276 -6958.461 -208.002
f 11049 10888 10885
f 11049 10885 10891
f 11049 10580 10888
f 11049 10578 10580
f 11049 10581 10578
f 11049 10891 10581
v 7297.606 -6952.836 -203.808
f 11050 10897 10895
f 11050 10894 11048
f 11050 10895 10894
v 7294.799 -6958.461 -198.240
f 11051 10594 10592
f 11051 10592 10590
f 11051 10606 10605
f 11051 10605 10594
f 11051 10590 10896
f 11051 10896 10606
v 7305.416 -6952.836 -193.926
v 7302.692 -6952.836 -197.123
f 11052 10898 11053
v 7306.919 -6952.302 -193.398
f 11052 11054 10899
f 11052 10899 10898
v 7307.548 -6953.320 -190.643
f 11055 10899 11054
v 7306.886 -6954.066 -190.017
f 11056 10899 11055
f 11056 10900 10899
f 11056 10903 10900
v 7304.648 -6959.205 -185.869
f 11057 10608 10904
f 11057 10609 10608
v 7306.421 -6959.299 -183.993
f 11058 10913 10908
f 11058 10609 11057
f 11058 10908 10609
f 11058 11057 10904
v 7316.160 -6954.066 -181.241
v 7317.961 -6953.493 -180.640
f 11059 11060 10906
f 11059 10906 10905
v 7312.962 -6954.066 -184.052
v 7313.576 -6953.320 -184.725
f 11059 11061 11062
v 7318.995 -6952.302 -181.900
f 11059 11063 11060
f 11059 10905 11061
v 7320.022 -6953.320 -179.267
f 11064 11060 11063
v 7319.459 -6954.066 -178.551
f 11065 10906 11060
f 11065 11060 11064
f 11065 10914 10906
v 7311.270 -6959.299 -179.461
f 11066 10910 10913
f 11066 10911 10910
v 7312.700 -6959.205 -178.296
f 11067 10612 10611
f 11067 10907 10612
f 11067 11066 10907
f 11067 10613 10911
f 11067 10611 10613
f 11067 10911 11066
v 7306.956 -6965.147 -179.705
f 11068 10908 10910
f 11068 10909 10908
v 7307.800 -6968.680 -177.829
v 7303.371 -6968.976 -181.986
f 11068 11069 11070
v 7303.846 -6965.757 -182.461
f 11068 11070 11071
f 11068 11071 10909
v 7308.623 -6965.147 -178.175
f 11072 10910 10912
f 11072 11068 10910
f 11072 11069 11068
v 7310.486 -6965.757 -176.293
f 11072 11073 11069
f 11072 10912 11073
v 7317.854 -6959.205 -174.119
f 11074 10610 10915
f 11074 10614 10610
v 7319.883 -6959.299 -172.524
f 11075 10614 11074
f 11075 11074 10915
f 11075 10919 10614
f 11075 10924 10919
v 7329.920 -6954.066 -171.231
v 7326.344 -6954.066 -173.542
f 11076 10916 11077
f 11076 10917 10916
v 7332.628 -6952.302 -172.298
v 7331.790 -6953.493 -170.900
f 11076 11078 11079
f 11076 11079 10917
v 7326.853 -6953.320 -174.298
f 11076 11077 11080
v 7334.030 -6953.320 -169.845
f 11081 11079 11078
v 7333.579 -6954.066 -169.053
f 11082 11079 11081
f 11082 10917 11079
f 11082 10925 10917
v 7325.345 -6959.299 -168.752
f 11083 10922 10921
f 11083 10921 10924
v 7326.930 -6959.205 -167.810
f 11084 10922 11083
f 11084 10617 10616
f 11084 10616 10922
f 11084 10619 10617
f 11084 11083 10918
f 11084 10918 10619
v 7321.041 -6965.147 -168.361
v 7317.561 -6965.757 -170.631
f 11085 11086 10920
f 11085 10920 10919
f 11085 10919 10921
v 7317.161 -6968.976 -170.091
f 11085 11087 11086
v 7322.151 -6968.680 -166.629
f 11085 11088 11087
v 7322.915 -6965.147 -167.092
v 7325.033 -6965.757 -165.504
f 11089 10923 11090
f 11089 11090 11088
f 11089 10921 10923
f 11089 11085 10921
f 11089 11088 11085
v 7332.641 -6959.205 -164.435
f 11091 10615 10926
f 11091 10618 10615
v 7334.882 -6959.299 -163.154
f 11092 10931 10618
f 11092 10618 11091
f 11092 11091 10926
f 11092 10934 10931
v 7345.000 -6954.066 -163.348
v 7341.124 -6954.066 -165.109
f 11093 10927 11094
f 11093 10928 10927
v 7347.522 -6952.302 -164.801
v 7346.899 -6953.493 -163.295
f 11093 11095 11096
f 11093 11096 10928
v 7341.516 -6953.320 -165.932
f 11093 11094 11097
v 7349.829 -6952.836 -163.053
f 11098 10938 10928
f 11098 11096 11095
f 11098 10928 11096
v 7340.838 -6959.299 -160.225
f 11099 10933 10934
f 11099 10935 10933
v 7342.545 -6959.205 -159.526
f 11100 10622 10621
f 11100 10929 10622
f 11100 10930 10929
f 11100 11099 10930
f 11100 10621 10935
f 11100 10935 11099
v 7336.639 -6965.147 -159.206
v 7332.863 -6965.757 -160.941
f 11101 11102 10932
f 11101 10931 10933
v 7337.991 -6968.680 -157.656
v 7332.546 -6968.976 -160.348
f 11101 11103 11104
f 11101 10932 10931
f 11101 11104 11102
v 7338.678 -6965.147 -158.226
v 7341.007 -6965.757 -156.966
f 11105 10936 11106
f 11105 11106 11103
f 11105 10933 10936
f 11105 11101 10933
f 11105 11103 11101
v 7350.588 -6958.461 -156.863
f 11107 10631 10624
f 11107 10632 10631
f 11107 10937 10939
f 11107 10939 10632
f 11107 10624 10620
f 11107 10620 10937
v 7361.813 -6952.836 -159.175
v 7363.355 -6952.302 -159.571
f 11108 11109 10941
f 11108 10941 10940
v 7357.771 -6952.836 -160.320
f 11108 10940 11110
v 7365.409 -6953.320 -157.630
f 11111 10941 11109
v 7365.207 -6954.066 -156.741
f 11112 10941 11111
f 11112 10942 10941
f 11112 10945 10942
v 7365.650 -6959.205 -152.049
f 11113 10638 10637
f 11113 10637 10946
v 7368.167 -6959.299 -151.475
f 11114 10956 10951
f 11114 10951 10638
f 11114 10638 11113
f 11114 11113 10946
v 7377.793 -6954.066 -154.597
v 7379.785 -6952.302 -156.720
v 7379.625 -6953.493 -155.098
f 11115 11116 11117
f 11115 11117 10948
f 11115 10948 10947
v 7373.572 -6954.066 -155.157
v 7373.709 -6953.320 -156.059
f 11115 11118 11119
f 11115 10947 11118
v 7374.716 -6959.299 -150.400
f 11120 10954 10953
f 11120 10953 10956
v 7376.553 -6959.205 -150.227
f 11121 10949 10958
f 11121 10958 10643
f 11121 10643 10954
f 11121 11120 10950
f 11121 10950 10949
f 11121 10954 11120
v 7370.994 -6965.147 -148.207
f 11122 10951 10953
v 7366.877 -6965.757 -148.770
f 11122 11123 10952
v 7372.738 -6968.680 -147.115
v 7366.746 -6968.976 -148.112
f 11122 11124 11125
f 11122 11125 11123
f 11122 10952 10951
v 7373.230 -6965.147 -147.861
f 11126 11124 11122
f 11126 10953 10955
v 7375.824 -6965.757 -147.331
f 11126 11127 11124
f 11126 10955 11127
f 11126 11122 10953
v 7383.087 -6958.738 -149.933
f 11128 10957 10958
f 11128 10959 10644
f 11128 10644 10957
v 7388.963 -6958.738 -149.694
f 11129 10649 10959
v 7390.893 -6956.830 -151.123
v 7390.893 -6957.766 -150.377
f 11129 11130 11131
v 7390.893 -6958.738 -149.678
f 11129 11131 11132
v 7390.893 -6959.743 -149.029
f 11129 11132 11133
f 11129 11133 10649
v 7272.980 -6988.069 -263.715
f 11134 10667 10665
f 11134 10660 10662
f 11134 10662 10960
f 11134 10665 10660
f 11134 10678 10963
f 11134 10963 10667
f 11134 10960 10678
v 7277.801 -6992.349 -266.732
f 11135 10965 10966
v 7276.786 -6991.674 -269.508
f 11135 11136 10965
v 7277.766 -6992.349 -269.508
f 11135 11137 11136
v 7278.303 -6992.669 -266.744
v 7278.779 -6992.975 -269.508
f 11138 11139 11137
f 11138 11137 11135
v 7278.813 -6992.975 -266.756
v 7279.821 -6993.551 -269.508
f 11140 11141 11139
v 7280.890 -6994.073 -269.508
f 11140 11142 11141
f 11140 11139 11138
v 7280.054 -6993.124 -254.454
f 11143 10968 10969
v 7281.023 -6993.551 -253.210
f 11143 10969 11144
v 7279.319 -6992.975 -258.519
f 11143 11145 10968
v 7281.020 -6993.314 -250.443
f 11146 10969 10972
f 11146 11144 10969
v 7282.062 -6993.859 -250.624
v 7283.163 -6994.542 -253.528
f 11147 11148 11144
f 11147 11144 11146
v 7283.790 -6993.314 -238.449
v 7284.604 -6993.551 -237.265
f 11149 10976 11150
v 7282.720 -6993.314 -242.412
f 11149 11151 10975
v 7283.746 -6993.859 -242.669
f 11149 11152 11151
v 7286.674 -6994.542 -237.893
f 11149 11150 11153
f 11149 10975 10976
v 7284.585 -6993.314 -235.830
f 11154 10976 10977
f 11154 11150 10976
f 11154 11153 11150
v 7285.897 -6993.314 -231.940
f 11155 11154 10977
v 7286.893 -6993.859 -232.296
f 11156 11154 11155
v 7288.945 -6993.314 -224.317
v 7290.485 -6993.551 -222.018
f 11157 10979 11158
f 11157 10978 10979
v 7289.912 -6993.859 -224.746
f 11159 11157 11158
v 7292.441 -6994.542 -222.943
f 11159 11158 11160
v 7291.285 -6993.314 -219.369
f 11161 11158 10979
f 11161 10979 10982
v 7292.230 -6993.859 -219.845
f 11162 11158 11161
f 11162 11160 11158
v 7297.418 -6993.314 -208.696
v 7298.540 -6993.551 -207.800
v 7300.339 -6994.542 -209.001
f 11163 11164 11165
f 11163 10985 10986
f 11163 10986 11164
v 7295.243 -6993.314 -212.178
f 11163 11166 10985
v 7296.151 -6993.859 -212.722
f 11163 11167 11166
v 7298.939 -6993.314 -206.420
f 11168 11165 11164
f 11168 10986 10987
f 11168 11164 10986
v 7301.323 -6993.314 -203.078
f 11169 11168 10987
v 7302.173 -6993.859 -203.709
f 11170 11168 11169
v 7306.453 -6993.314 -196.669
v 7308.594 -6993.551 -194.916
f 11171 10989 11172
f 11171 10988 10989
v 7307.254 -6993.859 -197.360
v 7310.197 -6994.542 -196.369
f 11173 11172 11174
f 11173 11171 11172
v 7309.191 -6993.314 -193.610
f 11175 11174 11172
f 11175 10989 10992
f 11175 11172 10989
v 7312.040 -6993.314 -190.655
f 11176 11175 10992
v 7312.788 -6993.859 -191.403
f 11177 11175 11176
v 7318.054 -6993.314 -185.068
v 7320.430 -6993.551 -183.648
f 11178 10994 11179
f 11178 10993 10994
v 7318.746 -6993.859 -185.869
v 7321.802 -6994.542 -185.320
f 11180 11179 11181
f 11180 11178 11179
v 7322.285 -6993.314 -181.595
f 11182 11179 10994
f 11182 10994 10997
v 7322.937 -6993.859 -182.429
f 11183 11181 11179
f 11183 11179 11182
v 7279.398 -6951.207 -266.771
v 7279.580 -6951.091 -269.508
v 7280.632 -6950.561 -269.508
f 11184 11185 11186
v 7278.885 -6951.497 -266.758
f 11187 11185 11184
v 7278.555 -6951.672 -269.508
f 11187 11188 11185
v 7278.380 -6951.799 -266.746
v 7277.560 -6952.302 -269.508
f 11189 11190 11188
f 11189 11000 11190
f 11189 10998 11000
f 11189 11005 10998
f 11189 11188 11187
v 7332.393 -6993.314 -174.569
v 7333.791 -6993.551 -174.238
f 11191 11003 11192
v 7329.527 -6993.859 -177.666
v 7328.939 -6993.314 -176.786
f 11191 11193 11194
f 11191 11002 11003
f 11191 11194 11002
v 7334.903 -6994.542 -176.094
f 11191 11192 11195
v 7273.110 -6956.298 -263.722
f 11196 10807 11015
f 11196 10784 10781
f 11196 10788 10784
f 11196 11006 10807
f 11196 10781 11006
f 11196 11015 10788
v 7335.928 -6993.314 -172.480
f 11197 11192 11003
f 11197 11003 11009
v 7279.871 -6951.497 -254.429
v 7280.784 -6951.091 -253.175
f 11198 11199 11011
v 7279.391 -6951.497 -258.526
f 11198 11010 11200
f 11198 11011 11010
v 7336.449 -6993.859 -173.401
f 11201 11192 11197
f 11201 11195 11192
v 7280.588 -6951.315 -251.760
v 7282.891 -6950.084 -253.487
f 11202 11199 11203
f 11202 11011 11199
f 11202 11014 11011
v 7281.316 -6951.315 -247.712
f 11204 11014 11202
v 7282.338 -6950.765 -247.915
f 11204 11202 11205
v 7346.957 -6993.314 -167.013
v 7348.388 -6993.551 -166.891
f 11206 11020 11207
f 11206 11019 11020
v 7343.667 -6993.859 -169.656
v 7343.214 -6993.314 -168.699
f 11206 11208 11209
v 7349.216 -6994.542 -168.889
f 11206 11207 11210
f 11206 11209 11019
v 7284.221 -6950.765 -239.988
v 7286.410 -6950.084 -237.813
v 7284.373 -6951.091 -237.195
f 11211 11212 11213
v 7283.217 -6951.315 -239.710
f 11214 11023 11025
f 11214 11024 11023
f 11214 11213 11024
f 11214 11211 11213
v 7349.486 -6993.314 -165.965
f 11215 11207 11020
f 11215 11210 11207
f 11215 11020 11021
v 7277.441 -6955.273 -241.090
f 11216 10823 10822
f 11216 10836 10823
f 11216 10822 11025
f 11216 10830 10833
f 11216 10833 10836
f 11216 11025 10830
v 7353.325 -6993.314 -164.511
f 11217 11215 11021
v 7285.798 -6950.765 -234.789
f 11218 11213 11212
v 7353.681 -6993.859 -165.508
f 11219 11210 11215
f 11219 11215 11217
v 7284.808 -6951.315 -234.462
f 11220 11213 11218
f 11220 11024 11213
f 11220 11028 11024
f 11220 11031 11028
v 7361.151 -6993.314 -162.032
v 7363.905 -6993.551 -161.764
f 11221 11027 11222
f 11221 11026 11027
v 7361.433 -6993.859 -163.052
v 7364.431 -6994.542 -163.863
f 11223 11222 11224
f 11223 11221 11222
v 7280.773 -6955.273 -230.106
f 11225 10844 11031
f 11225 11031 10878
f 11225 10878 10877
f 11225 10850 10844
f 11225 10852 10850
f 11225 10877 10852
v 7365.127 -6993.314 -161.010
f 11226 11222 11027
f 11226 11027 11032
f 11226 11224 11222
v 7289.318 -6951.315 -222.983
v 7287.674 -6951.315 -226.753
v 7288.636 -6950.765 -227.152
f 11227 11228 11229
f 11227 11034 11033
v 7290.267 -6951.091 -221.915
f 11227 11230 11034
f 11227 11033 11228
v 7292.192 -6950.084 -222.826
f 11227 11231 11230
v 7369.138 -6993.314 -160.135
f 11232 11226 11032
v 7369.344 -6993.859 -161.173
f 11233 11224 11226
f 11233 11226 11232
v 7377.243 -6993.314 -158.831
v 7380.006 -6993.551 -158.971
f 11234 11036 11235
f 11234 11035 11036
v 7387.034 -6987.664 -151.169
f 11236 10872 11042
f 11236 11038 10872
f 11236 11042 11046
v 7377.372 -6993.859 -159.882
f 11237 11234 11235
v 7380.218 -6994.542 -161.124
f 11237 11235 11238
v 7287.746 -6955.273 -214.375
f 11239 10883 11041
f 11239 10891 10885
f 11239 10892 10891
f 11239 10885 10884
f 11239 10884 10883
f 11239 11041 10892
v 7297.244 -6951.315 -208.582
f 11240 11048 11047
v 7298.339 -6951.091 -207.665
f 11240 11241 11048
v 7295.065 -6951.315 -212.071
f 11240 11047 11242
v 7300.110 -6950.084 -208.848
f 11240 11243 11241
v 7298.767 -6951.315 -206.302
f 11244 11048 11241
f 11244 11050 11048
f 11244 11241 11243
v 7301.156 -6951.315 -202.954
v 7301.993 -6950.765 -203.575
f 11245 11244 11246
f 11245 11050 11244
v 7307.084 -6950.765 -197.213
v 7309.993 -6950.084 -196.184
v 7308.415 -6951.091 -194.754
f 11247 11248 11249
v 7306.295 -6951.315 -196.533
f 11250 11249 11054
f 11250 11247 11249
f 11250 11052 11053
f 11250 11054 11052
v 7300.484 -6955.273 -195.311
f 11251 10896 10897
f 11251 10897 11053
f 11251 11053 10898
f 11251 10606 10896
f 11251 10901 10606
f 11251 10898 10901
v 7311.524 -6951.515 -190.382
f 11252 11054 11249
v 7312.255 -6950.947 -191.111
f 11252 11253 11062
f 11252 11249 11253
f 11252 11055 11054
v 7318.236 -6950.947 -185.538
v 7321.627 -6950.084 -185.107
v 7320.277 -6951.091 -183.461
f 11254 11255 11256
f 11254 11062 11253
v 7317.560 -6951.515 -184.758
f 11257 11254 11256
f 11257 11062 11254
f 11257 11059 11062
f 11257 11063 11059
f 11257 11256 11063
v 7310.951 -6956.433 -182.654
f 11258 10907 11066
f 11258 10904 10903
f 11258 10903 11061
f 11258 10913 11058
f 11258 11058 10904
f 11258 11066 10913
f 11258 11061 10905
f 11258 10905 10907
v 7323.994 -6951.515 -179.593
v 7324.610 -6950.947 -180.421
f 11259 11260 11080
f 11259 11256 11260
f 11259 11064 11063
f 11259 11063 11256
v 7331.343 -6950.947 -175.786
f 11261 11080 11260
v 7334.761 -6950.084 -175.857
v 7333.667 -6951.091 -174.031
f 11261 11262 11263
v 7330.789 -6951.515 -174.915
f 11264 11078 11076
f 11264 11076 11080
f 11264 11080 11261
f 11264 11261 11263
f 11264 11263 11078
v 7324.561 -6956.433 -171.864
f 11265 10914 11077
f 11265 11077 10916
f 11265 11075 10915
f 11265 10924 11075
f 11265 10915 10914
f 11265 10916 10918
f 11265 11083 10924
f 11265 10918 11083
v 7337.911 -6951.515 -170.750
v 7338.399 -6950.947 -171.659
f 11266 11263 11267
f 11266 11267 11097
f 11266 11081 11078
f 11266 11078 11263
v 7345.739 -6950.947 -168.063
f 11268 11097 11267
v 7349.110 -6950.084 -168.635
v 7348.295 -6951.091 -166.668
f 11268 11269 11270
v 7345.320 -6951.515 -167.120
f 11271 11095 11093
f 11271 11093 11097
f 11271 11270 11095
f 11271 11268 11270
f 11271 11097 11268
v 7349.408 -6951.315 -165.772
f 11272 11270 11269
f 11272 11098 11095
f 11272 11095 11270
v 7339.606 -6956.433 -163.188
f 11273 10926 10925
f 11273 10925 11094
f 11273 11094 10927
f 11273 10927 10930
f 11273 11092 10926
f 11273 10934 11092
f 11273 10930 11099
f 11273 11099 10934
v 7353.255 -6951.315 -164.315
f 11274 11098 11272
v 7353.606 -6950.765 -165.296
f 11274 11272 11275
v 7361.373 -6950.765 -162.835
v 7364.364 -6950.084 -163.596
v 7363.846 -6951.091 -161.530
f 11276 11277 11278
v 7361.095 -6951.315 -161.831
f 11279 11278 11109
f 11279 11109 11108
f 11279 11276 11278
f 11279 11108 11110
v 7356.942 -6955.273 -157.587
f 11280 10939 10938
f 11280 10632 10939
f 11280 10940 10943
f 11280 10943 10632
f 11280 11110 10940
f 11280 10938 11110
v 7368.860 -6951.515 -159.622
f 11281 11109 11278
f 11281 11111 11109
v 7369.063 -6950.947 -160.634
f 11281 11278 11282
f 11281 11282 11119
v 7377.132 -6950.947 -159.324
f 11283 11119 11282
v 7380.191 -6950.084 -160.849
v 7379.983 -6951.091 -158.730
f 11283 11284 11285
v 7377.004 -6951.515 -158.299
f 11286 11283 11285
f 11286 11285 11116
f 11286 11119 11283
f 11286 11116 11115
f 11286 11115 11119
v 7372.677 -6956.433 -152.878
f 11287 10946 10945
f 11287 10950 11120
f 11287 10945 11118
f 11287 10947 10950
f 11287 11120 10956
f 11287 11118 10947
f 11287 10956 11114
f 11287 11114 10946
v 7381.234 -6956.830 -151.518
f 11288 10949 10948
f 11288 10958 10949
f 11288 11128 10958
v 7387.035 -6956.830 -151.186
f 11289 11129 10959
f 11289 11130 11129
f 11289 10959 11128
v 7276.395 -6990.950 -258.231
f 11290 10678 10967
f 11290 10964 10963
f 11290 10966 10964
f 11290 10968 11145
f 11290 10967 10968
f 11290 10963 10678
v 7281.023 -6994.073 -264.110
f 11291 11142 11140
v 7281.566 -6994.315 -264.137
f 11292 11142 11291
v 7281.984 -6994.542 -269.508
f 11292 11293 11142
v 7282.116 -6994.542 -264.164
f 11294 11293 11292
v 7282.258 -6994.315 -256.109
f 11295 11144 11148
f 11295 11143 11144
f 11295 11145 11143
v 7283.355 -6994.757 -256.244
f 11296 11295 11148
v 7285.390 -6995.315 -253.858
f 11296 11148 11297
v 7284.791 -6995.066 -252.436
f 11298 11148 11147
f 11298 11297 11148
v 7280.155 -6991.635 -241.769
f 11299 10685 10975
f 11299 10975 11151
f 11299 10972 10685
f 11299 11151 10972
v 7285.492 -6995.066 -248.542
f 11300 11298 11147
v 7287.320 -6995.066 -240.845
f 11301 11152 11149
f 11301 11149 11153
v 7288.828 -6995.315 -238.547
f 11301 11153 11302
v 7283.407 -6991.635 -231.049
f 11303 10978 11155
f 11303 10700 10978
f 11303 10977 10700
f 11303 11155 10977
v 7288.851 -6995.066 -235.798
f 11304 11153 11154
f 11304 11154 11156
f 11304 11302 11153
v 7293.188 -6995.066 -224.756
v 7294.476 -6995.315 -223.906
f 11305 11160 11306
f 11305 11159 11160
v 7291.607 -6995.066 -228.382
f 11305 11307 11159
v 7294.316 -6995.066 -222.371
f 11308 11306 11160
f 11308 11160 11162
v 7292.975 -6991.635 -210.818
f 11309 10982 10717
f 11309 10985 11166
f 11309 11166 10982
f 11309 10717 10985
v 7296.116 -6995.066 -218.849
f 11310 11308 11162
v 7300.100 -6995.066 -212.014
f 11311 11163 11165
v 7302.211 -6995.315 -210.252
f 11311 11165 11312
f 11311 11167 11163
v 7299.199 -6991.635 -201.503
f 11313 10732 10988
f 11313 10987 10732
f 11313 11169 10987
f 11313 10988 11169
v 7303.030 -6995.066 -207.628
f 11314 11165 11168
f 11314 11312 11165
f 11314 11168 11170
v 7310.170 -6991.635 -188.785
f 11315 11176 10992
f 11315 10992 10748
f 11315 10748 10993
v 7310.386 -6995.066 -198.320
v 7311.865 -6995.315 -197.881
f 11316 11174 11317
f 11316 11173 11174
v 7307.820 -6995.066 -201.332
f 11316 11318 11173
v 7313.061 -6995.066 -195.405
f 11319 11317 11174
f 11319 11174 11175
f 11319 11175 11177
v 7282.150 -6949.910 -268.173
v 7282.808 -6949.660 -269.508
v 7283.926 -6949.291 -269.508
f 11320 11321 11322
v 7281.709 -6950.084 -269.508
f 11320 11323 11321
v 7281.604 -6950.131 -268.167
f 11324 11323 11320
f 11324 11184 11186
f 11324 11186 11323
v 7321.703 -6995.066 -187.278
f 11325 11180 11181
v 7323.230 -6995.315 -187.060
f 11325 11181 11326
v 7323.742 -6995.066 -185.605
f 11327 11326 11181
f 11327 11181 11183
v 7281.999 -6950.019 -264.158
f 11328 11324 11320
f 11328 11184 11324
v 7282.547 -6949.804 -264.185
f 11328 11320 11329
v 7327.470 -6991.635 -174.588
f 11330 11194 10997
f 11330 10765 11002
f 11330 11002 11194
f 11330 10997 10765
v 7326.875 -6995.066 -183.190
f 11331 11327 11183
v 7283.232 -6949.804 -256.229
v 7285.084 -6949.291 -253.813
f 11332 11333 11203
v 7282.149 -6950.247 -256.096
f 11334 11203 11199
f 11334 11332 11203
f 11334 11198 11200
f 11334 11199 11198
v 7285.837 -6949.190 -251.279
v 7287.344 -6948.718 -254.148
f 11335 11333 11336
v 7333.399 -6995.066 -178.714
f 11337 11191 11195
f 11337 11193 11191
v 7336.060 -6995.315 -178.025
f 11337 11195 11338
v 7284.730 -6949.543 -251.087
f 11339 11333 11335
f 11339 11202 11203
f 11339 11335 11205
f 11339 11205 11202
f 11339 11203 11333
v 7276.433 -6953.533 -258.235
f 11340 11005 11200
f 11340 11200 11010
f 11340 11004 11005
f 11340 10807 11006
f 11340 11006 11004
f 11340 11010 11013
f 11340 11013 10807
v 7336.780 -6995.066 -176.660
f 11341 11195 11201
f 11341 11338 11195
v 7342.084 -6991.635 -166.309
f 11342 11009 10789
f 11342 11209 11009
f 11342 11019 11209
f 11342 10789 11019
v 7287.463 -6949.190 -243.600
f 11343 11205 11335
v 7340.234 -6995.066 -174.731
f 11344 11341 11201
v 7286.372 -6949.543 -243.327
f 11345 11205 11343
v 7278.800 -6952.975 -247.211
f 11346 11025 10822
f 11346 11204 11025
f 11346 11014 11204
f 11346 10822 11014
v 7287.407 -6949.543 -239.497
v 7290.719 -6948.718 -239.120
v 7288.532 -6949.291 -238.457
f 11347 11348 11349
f 11347 11345 11343
f 11347 11349 11212
f 11347 11212 11211
f 11347 11211 11345
v 7288.175 -6949.543 -236.967
f 11350 11349 11348
f 11350 11212 11349
f 11350 11218 11212
v 7347.343 -6995.066 -171.261
f 11351 11208 11206
f 11351 11206 11210
v 7350.077 -6995.315 -170.969
f 11351 11210 11352
v 7352.434 -6991.635 -162.022
f 11353 11217 11021
f 11353 11026 11217
f 11353 10820 11026
f 11353 11021 10820
v 7289.442 -6949.543 -233.208
f 11354 11218 11350
v 7290.500 -6949.190 -233.587
f 11354 11350 11355
f 11354 11355 11229
v 7293.415 -6949.190 -226.299
v 7296.262 -6948.718 -224.751
v 7294.196 -6949.291 -223.774
f 11356 11357 11358
f 11356 11229 11355
v 7292.387 -6949.543 -225.843
f 11359 11229 11356
f 11359 11358 11231
f 11359 11231 11227
f 11359 11356 11358
f 11359 11227 11229
v 7285.304 -6952.975 -225.771
f 11360 10878 11031
f 11360 11033 10878
f 11360 11031 11228
f 11360 11228 11033
v 7368.622 -6991.635 -157.542
f 11361 10854 11035
f 11361 11032 10854
f 11361 11232 11032
f 11361 11035 11232
v 7363.504 -6995.066 -165.590
v 7364.978 -6995.315 -166.047
f 11362 11224 11363
f 11362 11223 11224
v 7295.377 -6949.740 -218.453
f 11364 11231 11358
v 7294.411 -6950.175 -217.937
f 11365 11231 11364
v 7383.261 -6989.389 -152.950
f 11366 10863 10862
f 11366 10866 10863
f 11366 11036 10866
f 11366 11038 11236
f 11366 10862 11038
v 7299.391 -6949.740 -211.565
v 7301.954 -6949.291 -210.080
f 11367 11368 11243
v 7298.466 -6950.175 -210.979
f 11369 11240 11242
f 11369 11367 11243
f 11369 11243 11240
v 7303.717 -6949.190 -208.112
v 7303.853 -6948.718 -211.350
f 11370 11368 11371
v 7292.864 -6952.975 -210.751
f 11372 11041 11242
f 11372 11047 10892
f 11372 10892 11041
f 11372 11242 11047
v 7302.799 -6949.543 -207.465
f 11373 11244 11243
f 11373 11370 11246
f 11373 11246 11244
f 11373 11243 11368
f 11373 11368 11370
v 7388.990 -6989.429 -152.756
v 7390.893 -6988.581 -151.915
f 11374 11046 11375
v 7390.893 -6989.438 -152.750
f 11374 11375 11376
v 7390.893 -6990.252 -153.627
f 11374 11376 11377
v 7390.893 -6991.021 -154.544
f 11374 11377 11378
f 11374 11236 11046
v 7379.048 -6995.066 -162.696
f 11379 11237 11238
v 7380.439 -6995.315 -163.364
f 11379 11238 11380
v 7308.470 -6949.190 -201.865
f 11381 11246 11370
v 7307.601 -6949.543 -201.152
f 11382 11246 11381
v 7299.095 -6952.975 -201.426
f 11383 11050 11245
f 11383 11245 11053
f 11383 11053 10897
f 11383 10897 11050
v 7310.174 -6949.543 -198.133
v 7313.329 -6948.718 -199.208
v 7311.636 -6949.291 -197.673
f 11384 11385 11386
f 11384 11247 11382
f 11384 11248 11247
f 11384 11386 11248
f 11384 11382 11381
v 7312.661 -6949.609 -195.139
f 11387 11248 11386
f 11387 11253 11249
f 11387 11249 11248
v 7318.344 -6949.609 -189.585
f 11388 11254 11253
v 7309.205 -6953.590 -188.444
f 11389 11252 11062
f 11389 11055 11252
f 11389 11056 11055
f 11389 10903 11056
f 11389 11061 10903
f 11389 11062 11061
v 7321.335 -6949.609 -186.969
f 11390 11254 11388
f 11390 11255 11254
v 7323.034 -6949.291 -186.821
f 11390 11391 11255
v 7324.420 -6949.609 -184.465
f 11392 11256 11255
f 11392 11255 11391
f 11392 11260 11256
v 7301.512 -6994.236 -256.249
v 7300.534 -6994.236 -269.508
v 7299.432 -6994.687 -269.508
f 11393 11394 11395
v 7301.612 -6993.731 -269.508
f 11393 11396 11394
v 7330.856 -6949.609 -179.805
f 11397 11261 11260
v 7321.984 -6953.590 -177.335
f 11398 11077 10914
f 11398 11259 11080
f 11398 11064 11259
f 11398 11080 11077
f 11398 11065 11064
f 11398 10914 11065
v 7334.199 -6949.609 -177.656
f 11399 11261 11397
f 11399 11262 11261
v 7335.901 -6949.291 -177.759
f 11399 11400 11262
v 7337.618 -6949.609 -175.632
f 11401 11267 11263
f 11401 11263 11262
f 11401 11262 11400
v 7344.668 -6949.609 -171.967
f 11402 11268 11267
v 7336.254 -6953.590 -168.222
f 11403 11266 11097
f 11403 10925 11082
f 11403 11094 10925
f 11403 11081 11266
f 11403 11082 11081
f 11403 11097 11094
v 7348.290 -6949.609 -170.331
f 11404 11269 11268
v 7349.959 -6949.291 -170.683
f 11404 11405 11269
f 11404 11268 11402
v 7352.519 -6949.190 -170.027
v 7350.833 -6948.718 -172.794
f 11406 11405 11407
v 7352.115 -6949.543 -168.978
f 11408 11269 11405
f 11408 11405 11406
f 11408 11406 11275
f 11408 11272 11269
f 11408 11275 11272
v 7303.618 -6993.173 -256.562
f 11409 11396 11393
v 7302.663 -6993.173 -269.508
f 11409 11410 11396
v 7303.686 -6992.563 -269.508
f 11409 11411 11410
v 7359.941 -6949.190 -167.473
f 11412 11275 11406
v 7359.615 -6949.543 -166.398
f 11413 11275 11412
v 7352.390 -6952.975 -161.900
f 11414 10938 11098
f 11414 11098 11274
f 11414 11110 10938
f 11414 11274 11110
v 7363.431 -6949.543 -165.316
v 7365.458 -6948.718 -167.963
v 7364.902 -6949.291 -165.747
f 11415 11416 11417
f 11415 11417 11277
f 11415 11276 11413
f 11415 11277 11276
f 11415 11413 11412
v 7367.163 -6949.609 -164.209
f 11418 11277 11417
f 11418 11282 11278
f 11418 11278 11277
v 7374.973 -6949.609 -162.748
f 11419 11283 11282
v 7368.009 -6953.590 -156.722
f 11420 11281 11119
f 11420 11118 10945
f 11420 11112 11111
f 11420 10945 11112
f 11420 11119 11118
f 11420 11111 11281
v 7378.914 -6949.609 -162.235
v 7380.409 -6949.291 -163.056
f 11421 11422 11284
f 11421 11284 11283
f 11421 11283 11419
v 7383.264 -6955.076 -153.000
f 11423 11117 11116
f 11423 10948 11117
f 11423 11128 11288
f 11423 11289 11128
f 11423 11288 10948
v 7388.990 -6955.076 -152.766
f 11424 11130 11289
v 7390.893 -6953.493 -154.544
v 7390.893 -6954.262 -153.627
f 11424 11425 11426
v 7390.893 -6955.076 -152.750
f 11424 11426 11427
v 7390.893 -6955.933 -151.915
f 11424 11427 11428
f 11424 11428 11130
v 7278.404 -6992.669 -263.982
f 11429 11135 10966
f 11429 11138 11135
f 11429 11140 11138
f 11429 11291 11140
f 11429 10966 11290
f 11429 11290 11145
f 11429 11145 11291
v 7284.841 -6995.473 -266.904
f 11430 11293 11294
v 7283.100 -6994.957 -269.508
f 11430 11431 11293
v 7284.236 -6995.315 -269.508
f 11430 11432 11431
v 7285.387 -6995.617 -269.508
f 11430 11433 11432
v 7285.419 -6995.617 -266.919
f 11434 11433 11430
v 7305.610 -6991.904 -256.857
f 11435 11411 11409
v 7304.677 -6991.904 -269.508
f 11435 11436 11411
v 7305.634 -6991.197 -269.508
f 11435 11437 11436
v 7286.552 -6995.861 -269.508
f 11434 11438 11433
v 7287.728 -6996.048 -269.508
f 11434 11439 11438
v 7286.634 -6995.684 -255.348
v 7285.895 -6995.617 -259.166
f 11440 11441 11296
v 7287.681 -6995.861 -254.198
f 11440 11297 11442
f 11440 11296 11297
v 7282.187 -6993.672 -247.885
f 11443 11147 11146
f 11443 11152 11300
f 11443 11151 11152
f 11443 10972 11151
f 11443 11146 10972
f 11443 11300 11147
v 7287.679 -6995.781 -251.599
f 11444 11442 11297
f 11444 11297 11298
f 11444 11298 11300
v 7288.834 -6995.988 -251.799
v 7290.015 -6996.175 -254.544
f 11445 11446 11442
f 11445 11442 11444
v 7290.282 -6995.781 -240.331
f 11447 11301 11302
v 7291.045 -6995.861 -239.219
f 11447 11302 11448
v 7289.276 -6995.781 -244.054
f 11447 11449 11301
v 7290.413 -6995.988 -244.339
f 11447 11450 11449
v 7293.303 -6996.175 -239.904
f 11447 11448 11451
v 7291.028 -6995.781 -237.871
f 11452 11448 11302
f 11452 11302 11304
f 11452 11451 11448
v 7288.494 -6993.672 -227.093
f 11453 11155 10978
f 11453 11157 11159
f 11453 10978 11157
f 11453 11307 11156
f 11453 11159 11307
f 11453 11156 11155
v 7292.260 -6995.781 -234.216
f 11454 11452 11304
v 7307.468 -6990.442 -257.133
v 7306.555 -6990.442 -269.508
f 11455 11456 11437
v 7307.438 -6989.643 -269.508
f 11455 11457 11456
f 11455 11437 11435
v 7293.364 -6995.988 -234.611
f 11458 11452 11454
v 7295.124 -6995.781 -227.056
f 11459 11307 11305
v 7296.570 -6995.861 -224.896
f 11459 11306 11460
f 11459 11305 11306
v 7296.195 -6995.988 -227.531
f 11461 11459 11460
v 7298.703 -6996.175 -225.905
f 11461 11460 11462
v 7293.144 -6993.672 -217.260
f 11463 11162 11161
f 11463 11161 10982
f 11463 11166 11167
f 11463 10982 11166
f 11463 11167 11310
f 11463 11310 11162
v 7297.322 -6995.781 -222.408
f 11464 11306 11308
f 11464 11308 11310
f 11464 11460 11306
v 7298.369 -6995.988 -222.935
f 11465 11460 11464
f 11465 11462 11460
v 7303.084 -6995.781 -212.381
v 7304.137 -6995.861 -211.539
f 11466 11312 11467
v 7306.098 -6996.175 -212.850
f 11466 11467 11468
v 7301.040 -6995.781 -215.652
f 11466 11469 11311
f 11466 11311 11312
v 7302.046 -6995.988 -216.255
f 11466 11470 11469
v 7304.512 -6995.781 -210.244
f 11471 11312 11314
f 11471 11467 11312
f 11471 11468 11467
v 7305.216 -6993.672 -199.194
f 11472 11170 11169
f 11472 10988 11171
f 11472 11171 11173
f 11472 11318 11170
f 11472 11173 11318
f 11472 11169 10988
v 7306.752 -6995.781 -207.104
f 11473 11471 11314
v 7309.174 -6988.802 -257.386
v 7308.279 -6988.802 -269.508
f 11474 11475 11457
v 7309.078 -6987.919 -269.508
f 11474 11476 11475
f 11474 11457 11455
v 7307.693 -6995.988 -207.803
f 11477 11471 11473
v 7311.571 -6995.781 -201.084
f 11478 11318 11316
v 7313.582 -6995.861 -199.437
f 11478 11317 11479
f 11478 11316 11317
v 7312.458 -6995.988 -201.849
f 11480 11478 11479
v 7315.330 -6996.175 -201.021
f 11480 11479 11481
v 7314.143 -6995.781 -198.210
f 11482 11481 11479
f 11482 11317 11319
f 11482 11479 11317
v 7286.038 -6948.760 -266.934
v 7286.211 -6948.718 -269.508
v 7287.372 -6948.517 -269.508
f 11483 11484 11485
v 7285.463 -6948.887 -266.920
v 7285.062 -6948.976 -269.508
f 11486 11487 11484
f 11486 11484 11483
v 7284.892 -6949.028 -266.906
f 11488 11320 11322
f 11488 11329 11320
f 11488 11322 11487
f 11488 11487 11486
v 7324.868 -6993.672 -180.483
f 11489 11182 10997
f 11489 10997 11194
f 11489 11331 11183
f 11489 11193 11331
f 11489 11194 11193
f 11489 11183 11182
v 7279.061 -6951.454 -264.014
f 11490 11200 11005
f 11490 11187 11184
f 11490 11189 11187
f 11490 11005 11189
v 7310.710 -6986.998 -257.614
f 11491 11476 11474
v 7309.833 -6986.998 -269.508
f 11491 11492 11476
v 7310.540 -6986.041 -269.508
f 11491 11493 11492
f 11490 11328 11200
f 11490 11184 11328
v 7326.444 -6995.781 -186.923
f 11494 11326 11327
f 11494 11327 11331
v 7324.700 -6995.861 -188.851
f 11494 11495 11326
v 7327.165 -6995.988 -187.848
f 11496 11495 11494
v 7326.197 -6996.175 -190.675
f 11496 11497 11495
v 7286.391 -6948.887 -255.315
v 7285.939 -6948.887 -259.171
f 11498 11332 11499
f 11498 11333 11332
v 7287.087 -6948.647 -259.284
f 11498 11499 11500
f 11498 11336 11333
v 7289.649 -6948.373 -254.490
f 11498 11501 11336
v 7289.533 -6948.492 -249.346
f 11502 11343 11335
v 7290.112 -6948.416 -249.461
f 11502 11501 11503
f 11502 11335 11336
f 11502 11336 11501
v 7335.939 -6995.781 -180.323
v 7332.694 -6995.781 -182.406
f 11504 11505 11337
f 11504 11337 11338
v 7333.345 -6995.988 -183.381
f 11504 11506 11505
v 7337.251 -6995.861 -180.012
f 11504 11338 11507
v 7338.464 -6996.175 -182.035
f 11504 11507 11508
v 7338.645 -6993.672 -171.759
f 11509 11201 11197
f 11509 11344 11201
f 11509 11208 11344
f 11509 11209 11208
f 11509 11009 11209
f 11509 11197 11009
v 7291.291 -6948.492 -241.944
v 7292.948 -6948.373 -239.797
f 11510 11511 11348
f 11510 11348 11347
f 11510 11347 11343
v 7291.860 -6948.416 -242.102
f 11510 11512 11511
v 7339.259 -6995.781 -178.361
f 11513 11338 11341
f 11513 11341 11344
f 11513 11507 11338
v 7312.062 -6985.050 -257.814
f 11514 11493 11491
v 7311.199 -6985.050 -269.508
f 11514 11515 11493
v 7311.809 -6984.027 -269.508
f 11514 11516 11515
v 7339.837 -6995.988 -179.381
f 11517 11507 11513
f 11517 11508 11507
v 7292.764 -6948.492 -237.090
v 7293.324 -6948.416 -237.275
f 11518 11511 11519
f 11518 11348 11511
f 11518 11355 11350
f 11518 11350 11348
v 7283.172 -6950.952 -242.525
f 11520 11214 11025
f 11520 11025 11204
f 11520 11204 11205
f 11520 11205 11345
f 11520 11345 11211
f 11520 11211 11214
v 7295.414 -6948.492 -229.959
v 7298.368 -6948.373 -225.747
f 11521 11522 11357
v 7295.960 -6948.416 -230.185
f 11521 11523 11522
f 11521 11357 11356
f 11521 11356 11355
v 7349.620 -6995.781 -173.225
v 7350.964 -6995.861 -173.109
f 11524 11352 11525
f 11524 11351 11352
v 7351.866 -6996.175 -175.289
f 11524 11525 11526
v 7346.104 -6995.781 -174.809
f 11524 11527 11351
v 7346.605 -6995.988 -175.869
f 11524 11528 11527
v 7286.336 -6950.952 -232.097
f 11529 11229 11228
f 11529 11220 11218
f 11529 11228 11031
f 11529 11354 11229
f 11529 11218 11354
f 11529 11031 11220
v 7297.803 -6948.631 -222.650
f 11530 11357 11522
v 7313.217 -6982.976 -257.986
v 7312.367 -6982.976 -269.508
f 11531 11532 11516
v 7312.872 -6981.898 -269.508
f 11531 11533 11532
f 11531 11516 11514
v 7296.772 -6948.866 -222.131
f 11534 11358 11357
f 11534 11357 11530
f 11534 11364 11358
v 7364.816 -6995.781 -168.049
v 7365.540 -6995.861 -168.294
v 7366.114 -6996.175 -170.582
f 11535 11536 11537
f 11535 11363 11536
f 11535 11362 11363
v 7291.318 -6951.373 -218.618
f 11538 11041 11037
f 11538 11037 11034
f 11538 11034 11230
f 11538 11231 11365
f 11538 11230 11231
v 7292.272 -6951.373 -216.794
f 11539 11538 11365
f 11539 11242 11041
f 11539 11041 11538
f 11539 11365 11242
v 7302.567 -6948.866 -212.046
v 7300.512 -6948.866 -215.336
v 7301.502 -6948.631 -215.929
f 11540 11541 11542
f 11540 11367 11541
f 11540 11368 11367
f 11540 11371 11368
v 7305.790 -6948.373 -212.644
f 11540 11543 11371
v 7307.885 -6948.492 -207.945
f 11544 11370 11371
v 7308.359 -6948.416 -208.297
f 11544 11543 11545
f 11544 11371 11543
f 11544 11381 11370
v 7387.134 -6990.999 -154.578
f 11546 11235 11036
f 11546 11374 11378
f 11546 11366 11236
f 11546 11236 11374
f 11546 11036 11366
v 7379.986 -6995.781 -165.321
f 11547 11379 11380
v 7380.666 -6995.861 -165.669
v 7380.897 -6996.175 -168.017
f 11547 11548 11549
v 7313.716 -6981.898 -258.060
f 11550 11533 11531
f 11547 11380 11548
v 7312.639 -6948.492 -202.005
v 7315.055 -6948.373 -200.772
f 11551 11552 11385
f 11551 11385 11384
f 11551 11384 11381
v 7313.086 -6948.416 -202.391
f 11551 11553 11552
v 7305.051 -6950.952 -199.059
f 11554 11246 11382
f 11554 11382 11247
f 11554 11245 11246
f 11554 11053 11245
f 11554 11247 11250
f 11554 11250 11053
v 7313.803 -6948.824 -197.950
f 11555 11386 11385
f 11555 11385 11552
f 11555 11387 11386
v 7306.463 -6993.173 -243.896
f 11556 11435 11409
v 7314.162 -6980.796 -258.126
f 11557 11533 11550
v 7316.489 -6948.824 -195.161
f 11558 11387 11555
v 7317.307 -6948.597 -195.978
f 11558 11555 11559
v 7322.915 -6948.597 -190.764
v 7325.962 -6948.373 -190.388
v 7324.484 -6948.718 -188.588
f 11560 11561 11562
v 7322.160 -6948.824 -189.889
f 11563 11390 11388
f 11563 11560 11562
f 11563 11391 11390
f 11563 11562 11391
v 7325.137 -6948.824 -187.413
f 11564 11562 11561
f 11564 11392 11391
f 11564 11391 11562
v 7313.323 -6980.796 -269.508
f 11557 11565 11533
v 7313.719 -6979.674 -269.508
f 11557 11566 11565
v 7328.203 -6948.824 -185.048
f 11567 11392 11564
v 7328.892 -6948.597 -185.976
f 11567 11564 11568
v 7335.205 -6948.597 -181.642
v 7338.274 -6948.373 -181.717
v 7337.076 -6948.718 -179.719
f 11569 11570 11571
v 7334.586 -6948.824 -180.665
f 11572 11571 11400
f 11572 11400 11399
f 11572 11569 11571
f 11572 11399 11397
v 7337.895 -6948.824 -178.653
f 11573 11571 11570
f 11573 11400 11571
f 11573 11401 11400
v 7341.275 -6948.824 -176.764
v 7341.820 -6948.597 -177.783
f 11574 11573 11575
f 11574 11401 11573
v 7348.701 -6948.597 -174.422
v 7351.725 -6948.373 -174.947
f 11576 11577 11407
v 7314.554 -6979.674 -258.184
f 11578 11566 11557
v 7348.232 -6948.824 -173.365
f 11579 11407 11405
f 11579 11405 11404
f 11579 11404 11402
f 11579 11576 11407
v 7356.077 -6948.492 -172.203
f 11580 11407 11577
f 11580 11406 11407
v 7356.276 -6948.416 -172.759
f 11580 11577 11581
f 11580 11412 11406
v 7308.390 -6991.904 -244.481
f 11582 11435 11556
v 7363.330 -6948.492 -169.906
f 11583 11416 11415
v 7366.024 -6948.373 -170.223
f 11583 11584 11416
f 11583 11415 11412
v 7363.487 -6948.416 -170.475
f 11583 11585 11584
v 7358.657 -6950.952 -163.241
f 11586 11276 11279
f 11586 11413 11276
f 11586 11275 11413
f 11586 11110 11274
f 11586 11274 11275
f 11586 11279 11110
v 7366.551 -6948.824 -167.180
f 11587 11416 11584
f 11587 11417 11416
f 11587 11418 11417
v 7314.890 -6978.533 -258.234
v 7314.058 -6978.533 -269.508
f 11588 11589 11566
f 11588 11566 11578
v 7370.333 -6948.824 -166.354
f 11590 11418 11587
v 7370.559 -6948.597 -167.488
f 11590 11587 11591
v 7378.120 -6948.597 -166.268
v 7380.861 -6948.373 -167.648
v 7380.633 -6948.718 -165.330
f 11592 11593 11594
v 7377.978 -6948.824 -165.121
f 11595 11592 11594
f 11595 11421 11419
f 11595 11594 11422
f 11595 11422 11421
v 7387.135 -6953.493 -154.606
f 11596 11425 11424
f 11596 11424 11289
f 11596 11289 11423
f 11596 11116 11285
f 11596 11423 11116
v 7282.509 -6994.542 -258.833
f 11597 11296 11441
f 11597 11145 11295
f 11597 11292 11291
f 11597 11294 11292
f 11597 11295 11296
f 11597 11291 11145
v 7288.442 -6996.119 -264.475
f 11598 11439 11434
v 7288.911 -6996.175 -269.508
f 11598 11599 11439
v 7289.034 -6996.175 -264.504
f 11600 11598 11441
f 11600 11599 11598
v 7289.090 -6996.119 -256.952
f 11601 11441 11440
v 7314.982 -6978.179 -258.248
f 11602 11589 11588
f 11601 11440 11442
f 11601 11442 11446
v 7290.268 -6996.217 -257.097
v 7292.368 -6996.254 -254.893
f 11603 11446 11604
f 11603 11601 11446
f 11603 11441 11601
v 7291.758 -6996.254 -253.557
f 11605 11604 11446
f 11605 11446 11445
v 7294.717 -6996.097 -255.242
f 11605 11606 11604
v 7286.453 -6994.999 -243.347
f 11607 11301 11449
f 11607 11300 11152
f 11607 11152 11301
f 11607 11449 11300
v 7292.413 -6996.254 -249.919
f 11608 11605 11445
v 7314.341 -6977.376 -269.508
f 11602 11609 11589
v 7293.580 -6996.244 -250.151
f 11610 11605 11608
f 11610 11608 11450
v 7294.120 -6996.254 -242.727
f 11611 11447 11451
f 11611 11450 11447
v 7295.579 -6996.254 -240.595
f 11611 11451 11612
v 7289.520 -6994.999 -233.236
f 11613 11454 11304
f 11613 11307 11454
f 11613 11304 11156
f 11613 11156 11307
v 7295.268 -6996.244 -243.045
f 11614 11610 11450
f 11614 11450 11611
f 11614 11611 11612
v 7297.851 -6996.097 -241.284
f 11614 11612 11615
v 7295.551 -6996.254 -238.011
f 11616 11452 11458
f 11616 11612 11451
f 11616 11451 11452
v 7315.169 -6977.376 -258.275
f 11617 11609 11602
v 7296.681 -6996.244 -238.385
f 11618 11616 11458
f 11618 11612 11616
f 11618 11615 11612
v 7299.226 -6996.244 -231.538
f 11619 11618 11458
v 7298.126 -6996.254 -231.083
f 11619 11458 11620
v 7315.245 -6977.013 -258.287
f 11621 11609 11617
v 7299.604 -6996.254 -227.694
v 7300.853 -6996.254 -226.922
v 7303.000 -6996.097 -227.937
f 11622 11623 11624
f 11622 11462 11623
f 11622 11461 11462
f 11622 11620 11461
f 11622 11619 11620
v 7300.657 -6996.254 -225.466
f 11625 11624 11623
f 11625 11623 11462
f 11625 11462 11465
v 7298.544 -6994.999 -214.156
f 11626 11311 11469
f 11626 11310 11167
f 11626 11167 11311
f 11626 11469 11310
v 7302.340 -6996.254 -222.175
f 11627 11625 11465
v 7314.566 -6976.207 -269.508
f 11621 11628 11609
v 7310.187 -6990.442 -245.026
f 11629 11455 11435
f 11629 11474 11455
v 7303.389 -6996.244 -222.736
f 11630 11625 11627
f 11630 11627 11470
v 7306.061 -6996.254 -215.789
v 7308.076 -6996.254 -214.171
f 11631 11468 11632
f 11631 11470 11466
f 11631 11466 11468
v 7304.414 -6994.999 -205.371
f 11633 11318 11473
f 11633 11314 11170
f 11633 11473 11314
f 11633 11170 11318
v 7307.067 -6996.244 -216.426
f 11634 11631 11632
f 11634 11630 11470
f 11634 11470 11631
v 7310.051 -6996.097 -215.491
f 11634 11632 11635
v 7308.800 -6996.254 -211.691
f 11636 11632 11468
f 11636 11471 11477
f 11636 11468 11471
v 7309.773 -6996.244 -212.376
f 11637 11632 11636
f 11629 11435 11582
f 11637 11635 11632
f 11637 11636 11477
v 7314.195 -6996.244 -206.564
f 11638 11637 11477
v 7313.275 -6996.254 -205.809
f 11638 11477 11639
v 7315.672 -6996.254 -202.995
f 11640 11480 11481
v 7317.092 -6996.254 -202.619
f 11640 11481 11641
v 7318.852 -6996.097 -204.213
f 11640 11641 11642
f 11640 11639 11480
f 11640 11638 11639
v 7315.392 -6976.207 -258.308
f 11643 11628 11621
v 7288.445 -6948.383 -268.251
v 7289.716 -6948.286 -269.508
v 7290.893 -6948.257 -269.508
f 11644 11645 11646
v 7288.541 -6948.373 -269.508
f 11644 11647 11645
f 11644 11485 11647
f 11644 11483 11485
v 7316.175 -6994.999 -191.987
f 11648 11319 11177
v 7290.040 -6948.277 -264.553
v 7290.634 -6948.260 -264.583
f 11649 11644 11650
v 7318.190 -6996.157 -197.692
f 11651 11481 11482
v 7289.446 -6948.309 -264.524
f 11652 11644 11649
f 11652 11483 11644
f 11652 11649 11500
v 7319.079 -6994.999 -189.290
v 7319.596 -6995.781 -192.758
f 11653 11654 11648
f 11653 11180 11325
v 7319.035 -6996.236 -198.526
f 11655 11641 11481
f 11655 11481 11651
f 11655 11651 11654
v 7315.451 -6975.834 -258.317
f 11656 11628 11643
v 7314.733 -6975.029 -269.508
f 11656 11657 11628
v 7291.268 -6948.260 -257.220
v 7293.153 -6948.287 -255.009
v 7291.976 -6948.257 -254.835
f 11658 11659 11660
v 7290.677 -6948.277 -257.147
f 11661 11658 11660
f 11661 11660 11501
v 7290.088 -6948.309 -257.075
f 11662 11500 11661
f 11662 11498 11500
f 11662 11501 11498
f 11662 11661 11501
v 7324.451 -6996.236 -193.432
v 7323.670 -6996.157 -192.538
f 11663 11654 11664
f 11663 11664 11497
v 7315.557 -6975.029 -258.333
f 11665 11657 11656
v 7327.706 -6996.254 -192.514
f 11663 11497 11666
v 7293.351 -6948.278 -252.583
v 7294.327 -6948.375 -255.184
f 11667 11659 11668
v 7292.765 -6948.261 -252.481
f 11669 11660 11659
f 11669 11659 11667
v 7292.178 -6948.258 -252.379
f 11670 11503 11501
f 11670 11660 11669
f 11670 11669 11503
f 11670 11501 11660
v 7282.569 -6949.948 -258.839
f 11671 11329 11499
f 11671 11499 11332
f 11671 11328 11329
f 11671 11332 11334
f 11671 11334 11200
f 11671 11200 11328
v 7328.151 -6996.254 -191.114
v 7329.212 -6996.097 -194.349
f 11672 11673 11666
f 11672 11497 11496
f 11672 11666 11497
v 7331.076 -6994.999 -179.986
f 11674 11331 11193
f 11674 11505 11331
f 11674 11193 11337
f 11674 11337 11505
v 7331.079 -6996.254 -188.858
f 11675 11672 11496
v 7315.598 -6974.647 -258.339
f 11676 11657 11665
v 7314.841 -6973.843 -269.508
f 11676 11677 11657
v 7331.788 -6996.244 -189.814
f 11678 11672 11675
f 11678 11675 11506
v 7293.706 -6948.258 -245.164
v 7294.283 -6948.261 -245.308
f 11679 11503 11680
v 7294.667 -6948.258 -241.603
f 11681 11679 11680
v 7294.860 -6948.278 -245.453
f 11681 11680 11682
v 7295.199 -6948.257 -240.479
f 11681 11683 11511
f 11681 11512 11679
v 7296.338 -6948.287 -240.825
f 11681 11684 11683
v 7311.837 -6988.802 -245.526
f 11685 11474 11629
f 11681 11511 11512
v 7337.174 -6996.254 -184.676
v 7339.687 -6996.254 -184.075
f 11686 11508 11687
f 11686 11504 11508
f 11686 11506 11504
v 7295.381 -6948.258 -239.250
f 11688 11519 11511
f 11688 11511 11683
f 11688 11683 11684
v 7337.811 -6996.244 -185.682
f 11689 11678 11506
f 11689 11686 11687
v 7340.908 -6996.097 -186.112
f 11689 11687 11690
f 11689 11506 11686
v 7315.664 -6973.843 -258.349
f 11691 11677 11676
v 7297.120 -6948.261 -235.955
v 7297.680 -6948.278 -236.156
f 11692 11688 11693
v 7340.333 -6996.254 -182.756
f 11694 11508 11517
f 11694 11687 11508
f 11694 11690 11687
v 7296.560 -6948.258 -235.755
f 11695 11692 11523
f 11695 11519 11688
f 11695 11688 11692
v 7344.860 -6994.999 -172.178
f 11696 11344 11208
f 11696 11208 11351
f 11696 11527 11344
f 11696 11351 11527
v 7343.560 -6996.254 -180.954
f 11697 11694 11517
v 7344.121 -6996.244 -182.004
f 11698 11697 11528
f 11698 11694 11697
v 7300.386 -6948.278 -229.389
v 7302.643 -6948.375 -227.769
v 7301.570 -6948.287 -227.261
f 11699 11700 11701
v 7299.843 -6948.261 -229.148
v 7300.494 -6948.257 -226.752
f 11702 11701 11703
f 11702 11699 11701
v 7299.298 -6948.258 -228.907
f 11704 11523 11702
f 11704 11522 11523
v 7315.686 -6973.454 -258.352
f 11705 11677 11691
v 7314.890 -6972.654 -269.508
f 11705 11706 11677
f 11704 11703 11522
f 11704 11702 11703
v 7350.203 -6996.254 -177.712
f 11707 11524 11526
v 7352.777 -6996.254 -177.487
f 11707 11526 11708
f 11707 11528 11524
v 7350.685 -6996.244 -178.800
v 7353.686 -6996.097 -179.681
f 11709 11708 11710
f 11709 11698 11528
f 11709 11528 11707
f 11709 11707 11708
v 7299.656 -6948.306 -224.978
f 11711 11530 11522
f 11711 11522 11703
v 7355.556 -6994.999 -167.805
f 11712 11210 11219
f 11712 11352 11210
v 7354.994 -6996.157 -173.828
f 11713 11526 11525
v 7301.881 -6948.275 -221.930
v 7302.406 -6948.260 -222.211
f 11714 11711 11715
v 7301.357 -6948.306 -221.650
f 11716 11711 11714
f 11716 11714 11542
v 7315.713 -6972.654 -258.356
f 11717 11706 11705
f 11716 11530 11711
v 7359.323 -6994.999 -166.573
v 7357.423 -6995.781 -170.242
f 11718 11719 11712
f 11718 11223 11362
v 7355.411 -6996.236 -174.940
f 11720 11526 11713
f 11720 11713 11719
f 11720 11708 11526
v 7306.125 -6948.260 -215.829
v 7308.736 -6948.287 -214.612
v 7307.746 -6948.257 -213.951
f 11721 11722 11723
v 7362.130 -6996.157 -171.447
f 11724 11535 11537
v 7315.716 -6972.257 -258.356
f 11725 11706 11717
v 7314.880 -6971.464 -269.508
f 11725 11726 11706
v 7305.623 -6948.275 -215.511
f 11727 11723 11543
f 11727 11721 11723
v 7305.120 -6948.306 -215.193
f 11728 11543 11540
f 11728 11542 11727
f 11728 11727 11543
f 11728 11540 11542
v 7362.464 -6996.236 -172.586
f 11729 11724 11537
f 11729 11719 11724
v 7366.692 -6996.254 -172.890
f 11729 11537 11730
v 7309.466 -6948.261 -212.160
f 11731 11723 11722
v 7308.979 -6948.258 -211.818
f 11732 11545 11543
f 11732 11731 11545
v 7313.323 -6986.998 -245.977
f 11733 11474 11685
f 11733 11491 11474
f 11732 11723 11731
f 11732 11543 11723
v 7370.861 -6994.999 -163.721
f 11734 11224 11233
f 11734 11363 11224
v 7297.714 -6949.865 -213.658
f 11735 11364 11541
f 11735 11541 11367
f 11735 11369 11242
f 11735 11367 11369
f 11735 11242 11365
f 11735 11365 11364
v 7369.421 -6996.157 -169.596
f 11736 11537 11536
v 7374.768 -6994.999 -163.055
v 7372.351 -6995.781 -166.405
f 11737 11738 11734
f 11737 11237 11379
v 7315.703 -6971.464 -258.354
f 11739 11726 11725
v 7369.671 -6996.236 -170.758
f 11740 11736 11738
f 11740 11537 11736
f 11740 11730 11537
v 7313.445 -6948.258 -205.948
v 7313.905 -6948.261 -206.326
f 11741 11545 11742
v 7376.829 -6996.157 -168.288
f 11743 11547 11549
v 7315.837 -6948.258 -203.140
v 7316.798 -6948.257 -202.352
f 11744 11745 11552
f 11744 11552 11553
v 7314.365 -6948.278 -206.703
f 11744 11742 11746
f 11744 11741 11742
f 11744 11553 11741
v 7317.680 -6948.287 -203.151
f 11744 11747 11745
v 7376.993 -6996.236 -169.464
f 11748 11743 11549
f 11748 11738 11743
v 7381.130 -6996.254 -170.384
f 11748 11549 11749
v 7389.046 -6992.408 -156.487
f 11750 11238 11235
v 7390.893 -6991.744 -155.498
f 11750 11378 11751
v 7390.893 -6992.418 -156.487
f 11750 11751 11752
v 7390.893 -6993.042 -157.508
f 11750 11752 11753
v 7390.893 -6993.614 -158.559
f 11750 11753 11754
v 7390.893 -6994.133 -159.637
f 11750 11754 11755
f 11750 11755 11238
f 11750 11235 11546
f 11750 11546 11378
v 7318.283 -6948.258 -200.404
f 11756 11745 11747
v 7317.852 -6948.272 -199.994
f 11757 11745 11756
v 7317.422 -6948.300 -199.584
f 11758 11757 11559
f 11758 11552 11745
f 11758 11555 11552
f 11758 11559 11555
f 11758 11745 11757
v 7315.686 -6971.061 -258.352
f 11759 11726 11739
v 7314.811 -6970.275 -269.508
f 11759 11760 11726
v 7322.765 -6948.300 -194.369
v 7323.164 -6948.272 -194.809
f 11761 11559 11762
v 7314.324 -6949.695 -193.086
f 11763 11387 11558
f 11763 11253 11387
f 11763 11558 11388
f 11763 11388 11253
v 7325.576 -6948.300 -191.912
f 11764 11761 11762
v 7315.635 -6970.275 -258.344
f 11765 11760 11759
f 11764 11561 11560
f 11764 11560 11761
v 7323.564 -6948.258 -195.250
f 11764 11762 11766
v 7327.454 -6948.257 -192.207
f 11764 11767 11561
v 7329.209 -6948.258 -190.498
v 7328.209 -6948.287 -193.127
f 11768 11767 11769
v 7328.843 -6948.272 -190.029
f 11770 11767 11768
v 7328.477 -6948.300 -189.560
f 11771 11770 11568
f 11771 11564 11561
f 11771 11767 11770
f 11771 11561 11767
f 11771 11568 11564
v 7315.598 -6969.868 -258.339
f 11772 11760 11765
v 7314.684 -6969.092 -269.508
f 11772 11773 11760
v 7334.527 -6948.300 -185.185
v 7334.858 -6948.272 -185.680
f 11774 11568 11775
v 7326.367 -6949.695 -182.678
f 11776 11260 11392
f 11776 11392 11567
f 11776 11567 11397
f 11776 11397 11260
v 7337.669 -6948.300 -183.168
v 7339.483 -6948.257 -183.735
f 11777 11778 11570
f 11777 11570 11569
f 11777 11774 11775
v 7314.631 -6985.050 -246.374
f 11779 11514 11491
f 11777 11569 11774
v 7335.188 -6948.258 -186.174
f 11777 11775 11780
v 7341.470 -6948.258 -182.302
v 7340.095 -6948.287 -184.756
f 11781 11778 11782
v 7341.176 -6948.272 -181.784
f 11783 11778 11781
v 7340.883 -6948.300 -181.267
f 11784 11575 11573
f 11784 11570 11778
f 11784 11778 11783
f 11784 11573 11570
f 11784 11783 11575
f 11779 11491 11733
v 7347.510 -6948.300 -177.827
v 7347.764 -6948.272 -178.365
f 11785 11575 11786
v 7339.806 -6949.695 -174.150
f 11787 11402 11267
f 11787 11574 11402
f 11787 11401 11574
f 11787 11267 11401
v 7350.914 -6948.300 -176.293
v 7352.625 -6948.257 -177.120
f 11788 11789 11577
f 11788 11785 11786
v 7348.019 -6948.258 -178.903
f 11788 11786 11790
f 11788 11576 11785
f 11788 11577 11576
v 7315.508 -6969.092 -258.326
f 11791 11773 11772
v 7355.264 -6948.278 -177.142
v 7353.080 -6948.287 -178.219
v 7353.535 -6948.375 -179.316
f 11792 11793 11794
v 7355.049 -6948.261 -176.587
f 11795 11793 11792
f 11795 11789 11793
v 7354.835 -6948.258 -176.031
f 11796 11577 11789
f 11796 11789 11795
f 11796 11581 11577
f 11796 11795 11581
v 7361.810 -6948.258 -173.632
v 7361.982 -6948.261 -174.201
f 11797 11581 11798
v 7365.358 -6948.258 -172.626
v 7366.595 -6948.257 -172.505
f 11799 11800 11584
v 7366.884 -6948.287 -173.659
f 11799 11801 11800
f 11799 11797 11798
v 7362.155 -6948.278 -174.771
f 11799 11798 11802
f 11799 11585 11797
f 11799 11584 11585
v 7315.451 -6968.680 -258.317
f 11803 11773 11791
v 7314.497 -6967.916 -269.508
f 11803 11804 11773
v 7368.912 -6948.258 -171.710
f 11805 11800 11801
v 7368.782 -6948.272 -171.130
f 11806 11800 11805
v 7368.651 -6948.300 -170.550
f 11807 11584 11800
f 11807 11800 11806
f 11807 11587 11584
f 11807 11806 11591
f 11807 11591 11587
v 7315.324 -6967.916 -258.298
f 11808 11804 11803
v 7375.992 -6948.300 -169.182
v 7376.079 -6948.272 -169.770
f 11809 11591 11810
v 7369.686 -6949.695 -163.426
f 11811 11282 11418
f 11811 11419 11282
f 11811 11418 11590
f 11811 11590 11419
v 7379.694 -6948.300 -168.701
v 7376.166 -6948.258 -170.358
f 11812 11810 11813
f 11812 11809 11810
f 11812 11592 11809
v 7381.091 -6948.257 -169.989
f 11812 11814 11593
f 11812 11593 11592
v 7389.046 -6952.097 -156.502
f 11815 11425 11596
f 11815 11596 11285
v 7390.893 -6950.381 -159.637
v 7390.893 -6950.900 -158.559
f 11815 11816 11817
v 7390.893 -6951.473 -157.508
f 11815 11817 11818
v 7390.893 -6952.097 -156.487
f 11815 11818 11819
v 7390.893 -6952.771 -155.498
f 11815 11819 11820
f 11815 11820 11425
f 11815 11284 11816
f 11815 11285 11284
v 7285.225 -6995.547 -264.317
f 11821 11430 11294
f 11821 11434 11430
f 11821 11441 11598
f 11821 11294 11597
f 11821 11598 11434
f 11821 11597 11441
v 7291.915 -6996.237 -267.078
f 11822 11599 11600
v 7290.100 -6996.244 -269.508
f 11822 11823 11599
v 7291.290 -6996.254 -269.508
f 11822 11824 11823
v 7292.479 -6996.205 -269.508
f 11822 11825 11824
v 7292.509 -6996.205 -267.093
f 11826 11822 11600
f 11826 11825 11822
v 7293.665 -6996.097 -269.508
f 11826 11827 11825
v 7294.844 -6995.930 -269.508
f 11826 11828 11827
v 7296.012 -6995.705 -269.508
f 11826 11829 11828
v 7297.169 -6995.422 -269.508
f 11826 11830 11829
v 7315.245 -6967.502 -258.287
f 11831 11804 11808
v 7314.253 -6966.751 -269.508
f 11831 11832 11804
v 7315.748 -6982.976 -246.713
f 11833 11514 11779
v 7292.953 -6996.205 -259.862
f 11834 11600 11441
f 11834 11826 11600
f 11834 11441 11603
f 11834 11830 11826
f 11834 11393 11395
v 7298.310 -6995.083 -269.508
f 11834 11835 11830
f 11834 11395 11835
v 7297.039 -6995.705 -255.586
v 7299.312 -6995.083 -255.923
f 11834 11836 11837
f 11834 11837 11393
v 7293.669 -6996.183 -256.303
f 11838 11834 11603
f 11838 11603 11604
f 11838 11836 11834
f 11838 11606 11836
f 11838 11604 11606
v 7288.908 -6995.924 -249.222
f 11839 11444 11300
f 11839 11608 11445
f 11839 11445 11444
f 11839 11449 11450
f 11839 11300 11449
f 11839 11450 11608
v 7296.444 -6995.898 -253.119
f 11840 11605 11610
f 11840 11606 11605
f 11840 11836 11606
f 11840 11837 11836
f 11840 11393 11837
f 11833 11531 11514
v 7297.905 -6995.898 -246.216
f 11841 11610 11614
v 7300.098 -6995.705 -241.965
v 7302.296 -6995.083 -242.632
f 11841 11842 11843
f 11841 11556 11409
f 11841 11393 11840
f 11841 11840 11610
f 11841 11614 11615
f 11841 11615 11842
f 11841 11409 11393
v 7304.425 -6994.236 -243.278
f 11841 11844 11556
f 11841 11843 11844
v 7294.826 -6995.924 -229.715
f 11845 11454 11307
f 11845 11459 11461
f 11845 11461 11620
f 11845 11307 11459
f 11845 11620 11458
f 11845 11458 11454
v 7300.636 -6995.898 -237.213
f 11846 11843 11842
f 11846 11618 11619
f 11846 11615 11618
f 11846 11842 11615
v 7311.134 -6993.173 -231.785
f 11846 11847 11556
v 7309.209 -6994.236 -230.874
f 11846 11848 11847
f 11846 11556 11844
f 11846 11844 11843
v 7299.189 -6995.924 -220.491
f 11849 11627 11465
f 11849 11465 11464
f 11849 11464 11310
f 11849 11469 11470
f 11849 11470 11627
f 11849 11310 11469
v 7303.256 -6995.898 -230.661
f 11850 11846 11619
v 7305.122 -6995.705 -228.941
v 7307.199 -6995.083 -229.923
f 11850 11851 11852
f 11850 11848 11846
f 11850 11622 11624
f 11850 11619 11622
f 11850 11624 11851
f 11850 11852 11848
v 7305.268 -6995.898 -226.408
f 11853 11852 11851
f 11853 11851 11624
f 11853 11624 11625
f 11853 11625 11630
f 11853 11848 11852
v 7308.671 -6995.898 -220.226
v 7315.762 -6994.236 -219.307
v 7317.533 -6993.173 -220.490
f 11854 11855 11856
v 7312.003 -6995.705 -216.795
v 7313.913 -6995.083 -218.071
f 11854 11857 11858
f 11854 11630 11634
f 11854 11853 11630
f 11854 11635 11857
f 11854 11847 11848
f 11854 11856 11847
f 11854 11848 11853
f 11854 11634 11635
f 11854 11858 11855
v 7310.513 -6995.924 -203.542
f 11859 11473 11318
f 11859 11478 11480
f 11859 11477 11473
f 11859 11318 11478
f 11859 11480 11639
f 11859 11639 11477
v 7315.083 -6966.751 -258.262
f 11860 11832 11831
v 7313.897 -6995.898 -212.404
f 11861 11856 11855
f 11861 11858 11857
v 7325.519 -6993.173 -210.256
f 11861 11862 11856
f 11861 11857 11635
v 7323.941 -6994.236 -208.826
f 11861 11863 11862
f 11861 11855 11858
f 11861 11635 11637
f 11861 11637 11638
v 7294.293 -6948.495 -267.136
v 7297.931 -6949.312 -269.508
v 7299.060 -6949.690 -269.508
f 11864 11865 11866
v 7296.785 -6948.992 -269.508
f 11864 11867 11865
v 7295.624 -6948.728 -269.508
f 11864 11868 11867
v 7294.452 -6948.522 -269.508
f 11864 11869 11868
v 7293.702 -6948.419 -267.122
v 7293.270 -6948.375 -269.508
f 11870 11871 11869
f 11870 11864 11650
f 11870 11869 11864
v 7293.111 -6948.357 -267.107
f 11872 11644 11646
v 7292.083 -6948.287 -269.508
f 11872 11873 11871
f 11872 11646 11873
f 11872 11870 11650
f 11872 11871 11870
f 11872 11650 11644
v 7315.145 -6993.624 -188.466
f 11874 11648 11177
f 11874 11177 11176
f 11874 11176 11315
f 11874 11653 11648
f 11874 11315 10993
v 7315.617 -6995.760 -196.507
f 11875 11651 11482
f 11875 11482 11319
v 7316.649 -6993.624 -187.086
f 11876 11178 11180
f 11876 11180 11653
f 11876 11653 11874
f 11876 11874 10993
f 11876 10993 11178
v 7317.129 -6995.738 -194.833
f 11877 11648 11654
f 11877 11319 11648
f 11877 11875 11319
f 11877 11651 11875
f 11877 11654 11651
v 7318.307 -6995.898 -206.894
f 11878 11863 11861
v 7320.591 -6995.705 -205.790
v 7322.293 -6995.083 -207.333
f 11878 11879 11880
f 11878 11861 11638
f 11878 11642 11879
f 11878 11640 11642
v 7314.982 -6966.335 -258.248
v 7313.951 -6965.600 -269.508
f 11881 11882 11832
f 11881 11832 11860
v 7316.231 -6981.898 -246.859
f 11883 11550 11531
f 11878 11880 11863
f 11878 11638 11640
v 7294.729 -6948.495 -260.037
v 7300.054 -6949.690 -256.033
v 7298.937 -6949.312 -255.868
f 11884 11885 11886
v 7300.169 -6950.122 -269.508
v 7301.255 -6950.609 -269.508
f 11884 11887 11888
f 11884 11866 11887
f 11884 11864 11866
f 11884 11650 11864
v 7297.803 -6948.992 -255.699
v 7296.655 -6948.728 -255.529
f 11884 11889 11890
v 7302.226 -6950.609 -256.355
v 7301.151 -6950.122 -256.196
f 11884 11891 11892
f 11884 11888 11891
f 11884 11892 11885
f 11884 11886 11889
v 7294.141 -6948.419 -259.979
f 11893 11650 11884
v 7293.552 -6948.357 -259.921
f 11894 11661 11500
f 11894 11649 11650
f 11894 11658 11661
f 11894 11650 11893
f 11894 11500 11649
f 11883 11531 11833
v 7319.764 -6996.167 -202.202
f 11895 11880 11879
f 11895 11641 11655
f 11895 11642 11641
f 11895 11879 11642
v 7285.941 -6948.801 -264.352
f 11896 11329 11488
f 11896 11488 11486
f 11896 11499 11329
f 11896 11483 11652
f 11896 11652 11500
f 11896 11500 11499
f 11896 11486 11483
v 7321.364 -6995.738 -190.876
f 11897 11653 11325
f 11897 11664 11654
f 11897 11654 11653
v 7293.971 -6948.357 -256.344
f 11898 11893 11884
f 11898 11659 11658
f 11898 11668 11659
v 7295.495 -6948.522 -255.357
f 11898 11890 11899
f 11898 11884 11890
f 11898 11899 11668
f 11898 11658 11894
f 11898 11894 11893
v 7322.645 -6995.760 -189.897
f 11900 11664 11897
f 11900 11325 11326
f 11900 11897 11325
f 11900 11326 11495
f 11900 11497 11664
v 7314.784 -6965.600 -258.218
f 11901 11882 11881
f 11900 11495 11497
v 7295.583 -6948.509 -254.172
f 11902 11667 11668
f 11902 11890 11889
f 11902 11899 11890
f 11902 11668 11899
v 7297.363 -6948.709 -250.904
f 11903 11886 11885
f 11903 11902 11889
v 7305.115 -6950.609 -243.487
v 7304.076 -6950.122 -243.172
f 11903 11904 11905
f 11903 11892 11891
f 11903 11885 11892
f 11903 11889 11886
v 7303.275 -6951.150 -256.511
f 11903 11891 11906
v 7306.130 -6951.150 -243.795
f 11903 11907 11904
f 11903 11906 11907
v 7324.908 -6996.167 -197.152
v 7333.570 -6994.236 -199.659
f 11908 11909 11863
f 11908 11895 11655
f 11908 11655 11654
f 11908 11654 11663
v 7330.701 -6995.705 -196.164
v 7332.159 -6995.083 -197.940
f 11908 11910 11911
f 11908 11911 11909
f 11908 11880 11895
f 11908 11863 11880
v 7296.789 -6948.602 -250.789
f 11912 11902 11903
f 11912 11903 11682
v 7296.212 -6948.509 -250.675
f 11913 11902 11912
f 11913 11912 11682
f 11913 11680 11503
f 11913 11669 11667
f 11913 11503 11669
f 11913 11667 11902
f 11913 11682 11680
v 7327.616 -6996.167 -194.772
f 11914 11666 11673
f 11914 11910 11908
f 11914 11663 11666
f 11914 11673 11910
f 11914 11908 11663
v 7328.951 -6995.924 -185.988
f 11915 11496 11494
f 11915 11331 11505
f 11915 11505 11506
f 11915 11675 11496
f 11915 11494 11331
f 11915 11506 11675
v 7298.985 -6948.709 -244.074
v 7301.934 -6949.312 -242.522
v 7300.837 -6948.992 -242.190
f 11916 11917 11918
v 7299.726 -6948.728 -241.853
f 11916 11918 11919
v 7303.015 -6949.690 -242.850
f 11916 11905 11920
v 7314.661 -6965.183 -258.200
f 11921 11882 11901
v 7313.593 -6964.464 -269.508
f 11921 11922 11882
v 7316.663 -6980.796 -246.990
f 11923 11550 11883
f 11923 11557 11550
f 11916 11920 11917
f 11916 11903 11905
f 11916 11682 11903
v 7298.421 -6948.602 -243.917
v 7298.604 -6948.522 -241.512
f 11924 11919 11925
f 11924 11682 11916
f 11924 11916 11919
v 7297.854 -6948.509 -243.761
f 11926 11924 11925
v 7297.474 -6948.375 -241.169
f 11926 11927 11684
f 11926 11681 11682
f 11926 11925 11927
f 11926 11682 11924
f 11926 11684 11681
v 7331.917 -6995.898 -193.937
f 11928 11673 11672
f 11928 11911 11910
f 11928 11910 11673
f 11928 11909 11911
f 11928 11672 11678
v 7300.344 -6948.709 -239.594
f 11929 11918 11917
f 11929 11919 11918
f 11929 11920 11905
f 11929 11917 11920
v 7290.553 -6948.505 -244.374
f 11930 11502 11503
f 11930 11343 11502
f 11930 11512 11510
f 11930 11510 11343
f 11930 11503 11679
f 11930 11679 11512
v 7299.788 -6948.602 -239.411
f 11931 11929 11693
f 11931 11925 11919
f 11931 11919 11929
v 7299.230 -6948.509 -239.226
f 11932 11688 11684
f 11932 11684 11927
f 11932 11693 11688
f 11932 11931 11693
f 11932 11927 11925
f 11932 11925 11931
v 7337.636 -6995.898 -189.803
v 7343.296 -6995.083 -190.096
v 7344.439 -6994.236 -192.004
f 11933 11934 11935
v 7334.921 -6993.173 -201.305
f 11933 11936 11909
v 7342.115 -6995.705 -188.126
f 11933 11690 11937
f 11933 11928 11678
v 7345.534 -6993.173 -193.831
f 11933 11935 11938
f 11933 11938 11936
f 11933 11678 11689
f 11933 11689 11690
f 11933 11937 11934
f 11933 11909 11928
v 7341.876 -6995.924 -177.803
f 11939 11697 11517
f 11939 11517 11513
f 11939 11513 11344
f 11939 11344 11527
f 11939 11527 11528
f 11939 11528 11697
v 7302.790 -6948.709 -233.014
v 7310.820 -6951.150 -231.636
v 7309.862 -6950.609 -231.183
f 11940 11941 11942
f 11940 11693 11929
v 7308.880 -6950.122 -230.718
v 7307.877 -6949.690 -230.244
f 11940 11943 11944
f 11940 11905 11904
f 11940 11929 11905
f 11940 11907 11941
f 11940 11904 11907
v 7306.857 -6949.312 -229.762
v 7305.820 -6948.992 -229.271
f 11940 11945 11946
f 11940 11942 11943
f 11940 11944 11945
v 7302.249 -6948.602 -232.790
f 11947 11693 11940
v 7314.429 -6964.464 -258.166
f 11948 11922 11921
v 7301.706 -6948.509 -232.565
f 11949 11523 11692
f 11949 11702 11523
f 11949 11699 11702
f 11949 11693 11947
f 11949 11692 11693
v 7293.500 -6948.505 -234.660
f 11950 11523 11521
f 11950 11355 11518
f 11950 11521 11355
f 11950 11695 11523
f 11950 11519 11695
f 11950 11518 11519
v 7303.126 -6948.509 -229.308
f 11951 11700 11699
v 7304.771 -6948.728 -228.775
f 11951 11946 11952
f 11951 11940 11946
f 11951 11699 11949
f 11951 11947 11940
f 11951 11949 11947
v 7303.711 -6948.522 -228.274
f 11951 11952 11953
f 11951 11953 11700
v 7343.644 -6995.898 -186.101
f 11954 11935 11934
f 11954 11937 11690
f 11954 11934 11937
f 11954 11690 11694
f 11954 11694 11698
v 7304.601 -6948.498 -226.072
f 11955 11952 11946
f 11955 11953 11952
f 11955 11946 11945
f 11955 11945 11944
v 7304.074 -6948.421 -225.807
f 11956 11953 11955
f 11956 11700 11953
f 11956 11955 11715
v 7303.545 -6948.359 -225.541
f 11957 11956 11715
f 11957 11711 11703
f 11957 11715 11711
f 11957 11703 11701
f 11957 11701 11700
f 11957 11700 11956
v 7349.908 -6995.898 -182.851
v 7355.463 -6995.083 -183.972
v 7356.314 -6994.236 -186.027
f 11958 11959 11960
v 7357.129 -6993.173 -187.994
f 11958 11960 11961
v 7354.584 -6995.705 -181.849
f 11958 11962 11959
f 11958 11961 11938
f 11958 11710 11962
f 11958 11938 11935
v 7314.284 -6964.049 -258.144
v 7313.179 -6963.348 -269.508
f 11963 11964 11922
f 11963 11922 11948
f 11958 11935 11954
f 11958 11698 11709
f 11958 11709 11710
f 11958 11954 11698
v 7358.529 -6993.624 -163.403
f 11965 11026 11221
f 11965 11712 11219
f 11965 11223 11718
f 11965 11718 11712
f 11965 11217 11026
f 11965 11219 11217
f 11965 11221 11223
v 7355.229 -6995.738 -170.789
f 11966 11719 11713
f 11966 11525 11352
f 11966 11712 11719
f 11966 11352 11712
f 11966 11713 11525
v 7308.031 -6948.498 -219.842
f 11967 11944 11943
f 11967 11955 11944
v 7314.537 -6949.690 -218.488
v 7313.598 -6949.312 -217.861
f 11967 11968 11969
v 7315.459 -6950.122 -219.104
f 11967 11970 11968
v 7316.362 -6950.609 -219.708
f 11967 11942 11971
v 7312.645 -6948.992 -217.224
v 7311.680 -6948.728 -216.579
f 11967 11972 11973
f 11967 11971 11970
f 11967 11969 11972
f 11967 11943 11942
f 11967 11715 11955
v 7317.042 -6979.674 -247.105
f 11974 11578 11557
f 11974 11557 11923
v 7307.524 -6948.421 -219.539
f 11975 11715 11967
v 7354.951 -6996.167 -178.417
f 11976 11710 11708
f 11976 11962 11710
f 11976 11708 11720
v 7307.017 -6948.359 -219.234
f 11977 11715 11975
f 11977 11542 11714
f 11977 11727 11542
f 11977 11721 11727
f 11977 11714 11715
v 7298.321 -6948.777 -220.027
f 11978 11541 11364
f 11978 11542 11541
f 11978 11530 11716
f 11978 11716 11542
f 11978 11534 11530
f 11978 11364 11534
v 7360.732 -6995.738 -168.971
f 11979 11719 11718
f 11979 11718 11362
f 11979 11535 11724
f 11979 11724 11719
f 11979 11362 11535
v 7312.955 -6991.904 -232.646
f 11980 11582 11556
f 11980 11556 11847
v 7358.328 -6996.167 -177.156
f 11981 11976 11720
f 11981 11960 11959
v 7368.938 -6994.236 -181.857
f 11981 11982 11960
f 11981 11720 11719
f 11981 11959 11962
f 11981 11719 11729
v 7368.397 -6995.083 -179.699
f 11981 11983 11982
f 11981 11962 11976
v 7308.924 -6948.359 -216.181
v 7310.705 -6948.522 -215.928
f 11984 11973 11985
f 11984 11975 11967
f 11984 11721 11977
v 7309.723 -6948.375 -215.272
f 11984 11985 11986
f 11984 11977 11975
f 11984 11986 11722
f 11984 11967 11973
f 11984 11722 11721
v 7311.048 -6948.467 -214.728
f 11987 11985 11973
f 11987 11986 11985
f 11987 11731 11722
f 11987 11722 11986
f 11987 11973 11972
v 7314.297 -6948.709 -212.701
f 11988 11987 11972
f 11988 11969 11968
f 11988 11968 11970
v 7314.020 -6963.348 -258.105
f 11989 11964 11963
v 7324.476 -6950.609 -209.311
v 7323.671 -6950.122 -208.581
f 11988 11990 11991
v 7325.262 -6951.150 -210.023
f 11988 11992 11990
f 11988 11970 11971
f 11988 11972 11969
v 7317.244 -6951.150 -220.297
f 11988 11971 11993
f 11988 11993 11992
v 7313.827 -6948.602 -212.352
f 11994 11987 11988
f 11994 11988 11746
v 7313.355 -6948.509 -212.002
f 11995 11545 11731
f 11995 11994 11746
f 11995 11742 11545
f 11995 11746 11742
f 11995 11731 11987
f 11995 11987 11994
v 7374.448 -6993.624 -159.803
f 11996 11234 11237
f 11996 11233 11232
f 11996 11737 11734
f 11996 11734 11233
f 11996 11232 11035
f 11996 11035 11234
f 11996 11237 11737
v 7365.210 -6996.167 -175.010
f 11997 11981 11729
f 11997 11983 11981
v 7367.269 -6996.097 -175.193
v 7367.839 -6995.705 -177.471
f 11997 11998 11999
v 7313.852 -6962.935 -258.080
f 12000 11964 11989
v 7312.709 -6962.254 -269.508
f 12000 12001 11964
f 11997 11729 11730
f 11997 11999 11983
f 11997 11730 11998
v 7370.100 -6995.738 -166.624
f 12002 11734 11738
f 12002 11738 11736
f 12002 11363 11734
f 12002 11736 11536
f 12002 11536 11363
v 7368.705 -6996.167 -174.129
f 12003 11999 11998
f 12003 11730 11740
f 12003 11998 11730
v 7318.684 -6948.709 -207.220
v 7322.849 -6949.690 -207.837
v 7322.013 -6949.312 -207.078
f 12004 12005 12006
f 12004 11988 11991
v 7321.164 -6948.992 -206.309
v 7320.303 -6948.728 -205.529
f 12004 12007 12008
f 12004 11746 11988
f 12004 12006 12007
f 12004 11991 12005
v 7318.241 -6948.602 -206.837
f 12009 12004 12008
f 12009 11746 12004
v 7319.435 -6948.522 -204.742
f 12009 12008 12010
v 7317.367 -6978.533 -247.204
f 12011 11578 11974
f 12011 11588 11578
v 7317.796 -6948.509 -206.453
v 7318.559 -6948.375 -203.948
f 12012 12010 12013
f 12012 11747 11744
f 12012 12013 11747
f 12012 12009 12010
f 12012 11746 12009
f 12012 11744 11746
v 7375.810 -6995.738 -165.633
f 12014 11379 11547
f 12014 11743 11738
f 12014 11738 11737
f 12014 11737 11379
f 12014 11547 11743
v 7372.231 -6996.167 -173.377
v 7381.818 -6995.083 -177.370
v 7382.036 -6994.236 -179.584
f 12015 12016 12017
f 12015 11999 12003
f 12015 12017 11982
f 12015 12003 11740
f 12015 11983 11999
f 12015 11982 11983
f 12015 11740 11738
f 12015 11738 11748
v 7310.933 -6948.505 -203.886
f 12018 11544 11545
f 12018 11381 11544
f 12018 11551 11381
f 12018 11553 11551
f 12018 11545 11741
f 12018 11741 11553
v 7319.276 -6948.364 -202.992
f 12019 12013 12010
f 12019 11747 12013
f 12019 11756 11747
f 12019 12010 12008
v 7322.609 -6948.505 -201.237
f 12020 12006 12005
v 7334.028 -6950.609 -200.217
v 7333.339 -6950.122 -199.377
f 12020 12021 12022
f 12020 12008 12007
f 12020 11990 12021
f 12020 11991 11990
f 12020 12019 12008
v 7332.635 -6949.690 -198.520
f 12020 12022 12023
f 12020 12007 12006
f 12020 12005 11991
v 7322.192 -6948.427 -200.820
f 12024 12019 12020
f 12024 12020 11766
v 7321.773 -6948.364 -200.401
f 12025 11559 11757
f 12025 11762 11559
f 12025 12024 11766
f 12025 11766 11762
f 12025 11756 12019
f 12025 11757 11756
f 12025 12019 12024
v 7317.456 -6978.179 -247.231
f 12026 11588 12011
v 7379.353 -6996.167 -172.264
v 7381.593 -6995.705 -175.084
f 12027 12028 12016
f 12027 12016 12015
f 12027 12015 11748
v 7381.363 -6996.097 -172.748
f 12027 12029 12028
f 12027 11749 12029
f 12027 11748 11749
v 7327.816 -6948.505 -196.399
v 7331.191 -6948.992 -196.761
v 7330.455 -6948.728 -195.864
f 12030 12031 12032
v 7331.919 -6949.312 -197.647
f 12030 12023 12033
f 12030 11766 12020
v 7329.711 -6948.522 -194.958
f 12030 12032 12034
f 12030 12033 12031
f 12030 12020 12023
v 7327.431 -6948.427 -195.952
v 7328.962 -6948.375 -194.044
f 12035 12034 12036
f 12035 12030 12034
f 12035 11766 12030
v 7327.044 -6948.364 -195.504
f 12037 11767 11764
f 12037 12035 12036
f 12037 11764 11766
f 12037 11769 11767
f 12037 11766 12035
f 12037 12036 11769
v 7329.811 -6948.364 -193.204
f 12038 11768 11769
f 12038 12036 12034
f 12026 11602 11588
v 7313.556 -6962.254 -258.036
f 12039 12001 12000
f 12038 12034 12032
f 12038 11769 12036
v 7320.524 -6948.728 -191.943
f 12040 11761 11560
f 12040 11558 11559
f 12040 11388 11558
f 12040 11563 11388
f 12040 11560 11563
f 12040 11559 11761
v 7333.366 -6948.505 -191.956
f 12041 12032 12031
f 12041 12038 12032
v 7344.252 -6950.122 -191.691
v 7343.682 -6949.690 -190.740
f 12041 12042 12043
f 12041 12022 12021
f 12041 12033 12023
v 7344.810 -6950.609 -192.623
f 12041 12044 12042
f 12041 12023 12022
f 12041 12031 12033
f 12041 12021 12044
v 7333.014 -6948.427 -191.483
f 12045 12038 12041
f 12045 12041 11780
v 7332.661 -6948.364 -191.007
f 12046 11768 12038
f 12046 11770 11768
f 12046 11568 11770
f 12046 11775 11568
f 12046 11780 11775
f 12046 12038 12045
f 12046 12045 11780
v 7339.227 -6948.505 -187.935
v 7343.101 -6949.312 -189.772
f 12047 12043 12048
v 7342.512 -6948.992 -188.789
f 12047 12048 12049
v 7341.915 -6948.728 -187.793
f 12047 12049 12050
f 12047 12041 12043
v 7341.312 -6948.522 -186.787
f 12047 12050 12051
f 12047 11780 12041
v 7338.911 -6948.427 -187.436
f 12052 11780 12047
f 12052 12047 12051
v 7340.705 -6948.375 -185.774
f 12052 12051 12053
v 7338.594 -6948.364 -186.936
f 12054 12052 12053
f 12054 11778 11777
f 12054 11780 12052
f 12054 11777 11780
f 12054 11782 11778
f 12054 12053 11782
v 7341.669 -6948.364 -185.067
f 12055 11781 11782
v 7313.365 -6961.844 -258.008
f 12056 12001 12039
v 7312.187 -6961.185 -269.508
f 12056 12057 12001
f 12055 12053 12051
f 12055 12051 12050
f 12055 11782 12053
v 7332.667 -6948.728 -182.457
f 12058 11568 11774
f 12058 11567 11568
f 12058 11397 11567
f 12058 11572 11397
f 12058 11569 11572
f 12058 11774 11569
v 7345.367 -6948.505 -184.355
f 12059 12048 12043
v 7356.590 -6950.609 -186.693
f 12059 12044 12060
v 7356.175 -6950.122 -185.690
v 7355.750 -6949.690 -184.665
f 12059 12061 12062
f 12059 12043 12042
f 12059 12055 12050
f 12059 12049 12048
f 12059 12050 12049
f 12059 12060 12061
f 12059 12042 12044
v 7345.089 -6948.427 -183.834
f 12063 12059 11790
f 12063 12055 12059
v 7317.637 -6977.376 -247.286
f 12064 11617 11602
f 12064 11621 11617
v 7344.810 -6948.364 -183.312
f 12065 12063 11790
f 12065 12055 12063
f 12065 11781 12055
f 12065 11783 11781
f 12065 11790 11786
f 12065 11786 11575
f 12065 11575 11783
v 7351.755 -6948.505 -181.236
f 12066 11790 12059
f 12066 12059 12062
v 7355.318 -6949.312 -183.622
v 7354.880 -6948.992 -182.563
f 12066 12067 12068
f 12066 12062 12067
v 7354.435 -6948.728 -181.491
f 12066 12068 12069
v 7353.987 -6948.522 -180.407
f 12066 12069 12070
v 7351.516 -6948.427 -180.697
f 12071 12066 12070
f 12071 11790 12066
f 12071 12070 11794
v 7351.276 -6948.364 -180.156
f 12072 11794 11793
f 12072 12071 11794
f 12072 11790 12071
f 12072 11789 11788
f 12072 11788 11790
f 12072 11793 11789
f 12064 11602 12026
v 7317.710 -6977.013 -247.308
f 12073 11621 12064
v 7355.048 -6948.509 -179.874
f 12074 12069 12068
f 12074 12070 12069
f 12074 11792 11794
f 12074 11794 12070
v 7346.070 -6948.728 -174.856
f 12075 11785 11576
f 12075 11574 11575
f 12075 11402 11574
f 12075 11575 11785
f 12075 11579 11402
f 12075 11576 11579
v 7358.767 -6948.709 -179.720
v 7356.996 -6951.150 -187.673
f 12076 12060 12077
f 12076 12068 12067
f 12076 12062 12061
f 12076 12067 12062
f 12076 12061 12060
f 12076 12074 12068
v 7369.113 -6950.609 -182.556
v 7368.849 -6950.122 -181.503
f 12076 12078 12079
v 7369.371 -6951.150 -183.585
f 12076 12080 12078
f 12076 12077 12080
v 7358.569 -6948.602 -179.169
f 12081 12076 11802
v 7314.653 -6990.442 -233.449
f 12082 11629 11582
f 12082 11582 11980
v 7313.038 -6961.185 -257.959
f 12083 12057 12056
f 12081 12074 12076
v 7358.371 -6948.509 -178.615
f 12084 12081 11802
f 12084 11792 12074
f 12084 11581 11795
f 12084 11795 11792
f 12084 11802 11798
f 12084 11798 11581
f 12084 12074 12081
v 7365.459 -6948.709 -177.600
v 7368.580 -6949.690 -180.427
v 7368.305 -6949.312 -179.332
f 12085 12086 12087
f 12085 12076 12079
f 12085 12079 12086
v 7368.027 -6948.992 -178.220
f 12085 12087 12088
f 12085 11802 12076
v 7367.745 -6948.728 -177.094
f 12085 12088 12089
v 7365.303 -6948.602 -177.036
f 12090 12085 12089
v 7367.460 -6948.522 -175.956
f 12090 12089 12091
f 12090 11802 12085
v 7365.146 -6948.509 -176.469
f 12092 11799 11802
v 7367.173 -6948.375 -174.811
f 12092 12093 11801
f 12092 11802 12090
f 12092 12090 12091
f 12092 12091 12093
f 12092 11801 11799
v 7311.611 -6960.143 -269.508
f 12083 12094 12057
v 7360.866 -6948.505 -170.522
f 12095 11797 11585
f 12095 11581 11797
f 12095 11580 11581
f 12095 11412 11580
f 12095 11583 11412
f 12095 11585 11583
v 7368.300 -6948.364 -174.414
f 12096 11801 12093
f 12096 12091 12089
f 12096 12093 12091
f 12096 11805 11801
v 7372.046 -6948.505 -174.806
f 12097 12087 12086
v 7382.107 -6950.609 -180.302
f 12097 12078 12098
f 12097 12086 12079
f 12097 12088 12087
v 7382.001 -6950.122 -179.221
v 7381.892 -6949.690 -178.117
f 12097 12099 12100
f 12097 12089 12088
f 12097 12098 12099
f 12097 12096 12089
f 12097 12079 12078
v 7371.931 -6948.427 -174.227
f 12101 12097 11813
v 7317.853 -6976.207 -247.351
f 12102 11621 12073
f 12102 11643 11621
f 12102 11656 11643
f 12101 12096 12097
v 7371.816 -6948.364 -173.647
f 12103 11813 11810
f 12103 11810 11591
f 12103 11805 12096
f 12103 12101 11813
f 12103 12096 12101
f 12103 11806 11805
f 12103 11591 11806
v 7379.064 -6948.505 -173.676
f 12104 11813 12097
v 7381.669 -6948.992 -175.853
v 7381.555 -6948.728 -174.697
f 12104 12105 12106
v 7381.781 -6949.312 -176.994
f 12104 12100 12107
v 7381.440 -6948.522 -173.531
f 12104 12106 12108
f 12104 12097 12100
f 12104 12107 12105
v 7378.992 -6948.427 -173.091
f 12109 11813 12104
v 7381.324 -6948.375 -172.355
f 12109 12108 12110
f 12109 12104 12108
v 7378.919 -6948.364 -172.503
f 12111 11812 11813
f 12111 11814 11812
v 7381.208 -6948.287 -171.174
f 12111 12110 12112
f 12111 11813 12109
f 12111 12112 11814
f 12111 12109 12110
v 7375.477 -6948.728 -165.920
f 12113 11590 11591
f 12113 11809 11592
f 12113 11595 11419
f 12113 11591 11809
f 12113 11592 11595
f 12113 11419 11590
v 7317.909 -6975.834 -247.368
f 12114 11656 12102
v 7312.469 -6960.143 -257.875
f 12115 12094 12083
v 7318.012 -6975.029 -247.400
f 12116 11665 11656
f 12116 11656 12114
v 7318.052 -6974.647 -247.412
f 12117 11691 11676
f 12117 11676 11665
f 12117 11665 12116
v 7316.211 -6988.802 -234.186
f 12118 11685 11629
f 12118 11629 12082
v 7311.850 -6959.130 -257.783
f 12119 12094 12115
v 7310.985 -6959.130 -269.508
f 12119 12120 12094
v 7318.116 -6973.843 -247.431
f 12121 11691 12117
v 7318.137 -6973.454 -247.438
f 12122 11705 11691
f 12122 11691 12121
v 7311.182 -6958.150 -257.684
f 12123 12120 12119
v 7310.310 -6958.150 -269.508
f 12123 12124 12120
v 7318.163 -6972.654 -247.445
f 12125 11717 11705
f 12125 11705 12122
v 7318.166 -6972.257 -247.446
f 12126 11725 11717
f 12126 11717 12125
v 7317.615 -6986.998 -234.850
f 12127 11733 11685
f 12127 11685 12118
v 7310.466 -6957.205 -257.578
f 12128 12124 12123
v 7309.586 -6957.205 -269.508
f 12128 12129 12124
v 7318.153 -6971.464 -247.442
f 12130 11725 12126
f 12130 11739 11725
v 7318.137 -6971.061 -247.438
f 12131 11739 12130
f 12131 11759 11739
v 7309.705 -6956.297 -257.465
f 12132 12129 12128
v 7308.817 -6956.297 -269.508
f 12132 12133 12129
v 7308.004 -6955.428 -269.508
f 12132 12134 12133
v 7318.087 -6970.275 -247.422
f 12135 11765 11759
f 12135 11759 12131
v 7318.052 -6969.868 -247.412
f 12136 11772 11765
f 12136 11791 11772
f 12136 11765 12135
v 7318.851 -6985.050 -235.434
f 12137 11779 11733
f 12137 11733 12127
v 7308.901 -6955.428 -257.345
f 12138 12134 12132
v 7317.965 -6969.092 -247.385
f 12139 11791 12136
v 7317.909 -6968.680 -247.368
f 12140 11791 12139
f 12140 11803 11791
v 7308.054 -6954.600 -257.220
v 7306.252 -6953.816 -269.508
v 7307.148 -6954.600 -269.508
f 12141 12142 12143
f 12141 12134 12138
f 12141 12143 12134
v 7317.787 -6967.916 -247.331
f 12144 11803 12140
f 12144 11808 11803
v 7317.710 -6967.502 -247.308
f 12145 11831 11808
f 12145 11808 12144
f 12145 11860 11831
v 7319.906 -6982.976 -235.934
f 12146 11833 11779
f 12146 11779 12137
v 7307.169 -6953.816 -257.089
f 12147 12142 12141
v 7317.553 -6966.751 -247.260
f 12148 11881 11860
f 12148 11860 12145
v 7317.456 -6966.335 -247.231
f 12149 11881 12148
v 7320.363 -6981.898 -236.149
f 12150 11833 12146
f 12150 11883 11833
v 7306.245 -6953.077 -256.952
v 7305.319 -6953.077 -269.508
f 12151 12152 12142
f 12151 12142 12147
f 11856 11980 11847
v 7317.264 -6965.600 -247.173
f 12153 11901 11881
f 12153 11881 12149
v 7317.145 -6965.183 -247.137
f 12154 11901 12153
f 12154 11921 11901
v 7320.770 -6980.796 -236.342
f 12155 11883 12150
f 12155 11923 11883
v 7305.287 -6952.385 -256.809
f 12156 12152 12151
v 7304.350 -6952.385 -269.508
f 12156 12157 12152
v 7303.349 -6951.742 -269.508
f 12156 12158 12157
v 7316.921 -6964.464 -247.069
f 12159 11921 12154
f 12159 11948 11921
v 7316.781 -6964.049 -247.026
f 12160 11948 12159
f 12160 11963 11948
v 7321.128 -6979.674 -236.511
f 12161 11974 11923
f 12161 11923 12155
v 7304.296 -6951.742 -256.662
v 7302.316 -6951.150 -269.508
f 12162 12163 12158
f 12162 12158 12156
v 7319.207 -6991.904 -221.609
f 12164 12082 11980
f 12164 11980 11856
v 7316.525 -6963.348 -246.949
f 12165 11989 11963
f 12165 11963 12160
v 7316.362 -6962.935 -246.899
f 12166 12000 11989
f 12166 11989 12165
v 7321.435 -6978.533 -236.657
f 12167 12011 11974
f 12167 11974 12161
f 12167 12026 12011
f 11906 11888 12163
f 11906 12163 12162
v 7321.519 -6978.179 -236.696
f 12168 12026 12167
v 7316.076 -6962.254 -246.812
f 12169 12000 12166
f 12169 12039 12000
v 7315.891 -6961.844 -246.756
f 12170 12056 12039
f 12170 12039 12169
v 7321.691 -6977.376 -236.778
f 12171 12064 12026
f 12171 12026 12168
f 12171 12073 12064
f 11891 11888 11906
v 7321.760 -6977.013 -236.810
f 12172 12073 12171
v 7320.769 -6990.442 -222.652
f 12173 12082 12164
v 7315.576 -6961.185 -246.661
f 12174 12056 12170
f 12174 12083 12056
v 7321.894 -6976.207 -236.874
f 12175 12102 12073
f 12175 12073 12172
v 7321.948 -6975.834 -236.899
f 12176 12114 12102
f 12176 12116 12114
f 12176 12102 12175
v 7315.025 -6960.143 -246.494
f 12177 12083 12174
f 12177 12115 12083
v 7322.045 -6975.029 -236.945
f 12178 12116 12176
v 7322.082 -6974.647 -236.963
f 12179 12121 12117
f 12179 12116 12178
f 12179 12117 12116
v 7322.202 -6988.802 -223.610
f 12180 12082 12173
f 12180 12118 12082
v 7314.426 -6959.130 -246.312
f 12181 12115 12177
f 12181 12119 12115
v 7322.143 -6973.843 -236.991
f 12182 12121 12179
v 7322.163 -6973.454 -237.001
f 12183 12121 12182
f 12183 12122 12121
v 7313.780 -6958.150 -246.116
f 12184 12119 12181
f 12184 12123 12119
v 7322.187 -6972.654 -237.012
f 12185 12122 12183
f 12185 12125 12122
v 7322.190 -6972.257 -237.014
f 12186 12126 12125
f 12186 12125 12185
f 12186 12130 12126
v 7323.494 -6986.998 -224.473
f 12187 12118 12180
f 12187 12127 12118
v 7313.087 -6957.205 -245.906
f 12188 12123 12184
f 12188 12128 12123
v 7322.178 -6971.464 -237.008
f 12189 12130 12186
v 7322.163 -6971.061 -237.001
f 12190 12135 12131
f 12190 12130 12189
f 12190 12131 12130
v 7312.351 -6956.297 -245.682
f 12191 12132 12128
f 12191 12128 12188
v 7322.116 -6970.275 -236.979
f 12192 12135 12190
v 7322.082 -6969.868 -236.963
f 12193 12135 12192
f 12193 12136 12135
v 7324.630 -6985.050 -225.232
f 12194 12127 12187
f 12194 12137 12127
f 12194 12146 12137
v 7311.573 -6955.428 -245.446
f 12195 12132 12191
f 12195 12138 12132
v 7322.001 -6969.092 -236.924
f 12196 12136 12193
f 12196 12139 12136
f 12196 12140 12139
v 7321.948 -6968.680 -236.899
f 12197 12140 12196
v 7310.754 -6954.600 -245.198
f 12198 12138 12195
f 12198 12141 12138
v 7321.832 -6967.916 -236.844
f 12199 12145 12144
f 12199 12144 12140
f 12199 12140 12197
v 7321.760 -6967.502 -236.810
f 12200 12145 12199
f 12200 12148 12145
v 7325.601 -6982.976 -225.881
f 12201 12150 12146
f 12201 12146 12194
v 7309.897 -6953.816 -244.938
f 12202 12147 12141
f 12202 12141 12198
v 7321.611 -6966.751 -236.740
f 12203 12148 12200
v 7321.519 -6966.335 -236.696
f 12204 12148 12203
f 12204 12149 12148
f 12204 12153 12149
v 7326.021 -6981.898 -226.162
f 12205 12150 12201
v 7309.004 -6953.077 -244.667
f 12206 12147 12202
f 12206 12151 12147
v 7321.339 -6965.600 -236.611
f 12207 12153 12204
f 12207 12154 12153
v 7321.226 -6965.183 -236.558
f 12208 12154 12207
v 7326.396 -6980.796 -226.412
f 12209 12150 12205
f 12209 12161 12155
f 12209 12155 12150
v 7308.077 -6952.385 -244.386
f 12210 12151 12206
f 12210 12156 12151
v 7321.014 -6964.464 -236.458
f 12211 12159 12154
f 12211 12154 12208
f 12211 12160 12159
v 7320.882 -6964.049 -236.395
f 12212 12160 12211
v 7326.725 -6979.674 -226.632
f 12213 12161 12209
v 7307.118 -6951.742 -244.095
f 12214 12162 12156
f 12214 12156 12210
v 7327.011 -6991.904 -211.609
f 12215 12164 11856
f 12215 11856 11862
v 7320.640 -6963.348 -236.281
f 12216 12166 12165
f 12216 12165 12160
f 12216 12160 12212
v 7320.486 -6962.935 -236.208
f 12217 12166 12216
v 7327.007 -6978.533 -226.821
f 12218 12167 12161
f 12218 12161 12213
f 11907 12162 12214
f 11907 11906 12162
v 7327.084 -6978.179 -226.872
f 12219 12168 12167
f 12219 12167 12218
v 7320.216 -6962.254 -236.080
f 12220 12170 12169
f 12220 12166 12217
f 12220 12169 12166
v 7320.041 -6961.844 -235.998
f 12221 12174 12170
f 12221 12170 12220
v 7327.242 -6977.376 -226.978
f 12222 12171 12168
f 12222 12168 12219
f 12222 12172 12171
v 7327.306 -6977.013 -227.020
f 12223 12172 12222
v 7328.403 -6990.442 -212.870
f 12224 12164 12215
f 12224 12173 12164
v 7319.743 -6961.185 -235.856
f 12225 12177 12174
f 12225 12174 12221
v 7327.429 -6976.207 -227.103
f 12226 12172 12223
f 12226 12176 12175
f 12226 12175 12172
v 7327.479 -6975.834 -227.136
f 12227 12176 12226
v 7319.223 -6960.143 -235.611
f 12228 12177 12225
f 12228 12181 12177
v 7327.568 -6975.029 -227.195
f 12229 12176 12227
f 12229 12178 12176
f 12229 12179 12178
v 7327.602 -6974.647 -227.218
f 12230 12179 12229
v 7329.680 -6988.802 -214.028
f 12231 12180 12173
f 12231 12173 12224
v 7318.657 -6959.130 -235.343
f 12232 12181 12228
v 7327.658 -6973.843 -227.255
f 12233 12179 12230
f 12233 12182 12179
v 7327.677 -6973.454 -227.268
f 12234 12182 12233
f 12234 12183 12182
v 7318.046 -6958.150 -235.054
f 12235 12188 12184
f 12235 12184 12181
f 12235 12181 12232
v 7327.699 -6972.654 -227.283
f 12236 12183 12234
f 12236 12185 12183
v 7327.702 -6972.257 -227.285
f 12237 12186 12185
f 12237 12189 12186
f 12237 12185 12236
v 7330.831 -6986.998 -215.071
f 12238 12180 12231
f 12238 12187 12180
v 7317.393 -6957.205 -234.745
f 12239 12188 12235
v 7327.691 -6971.464 -227.277
f 12240 12189 12237
v 7327.677 -6971.061 -227.268
f 12241 12192 12190
f 12241 12190 12189
f 12241 12189 12240
v 7316.697 -6956.297 -234.416
f 12242 12188 12239
f 12242 12191 12188
f 12242 12195 12191
v 7327.633 -6970.275 -227.239
f 12243 12193 12192
f 12243 12192 12241
v 7327.602 -6969.868 -227.218
f 12244 12193 12243
v 7331.844 -6985.050 -215.989
f 12245 12194 12187
f 12245 12187 12238
v 7315.962 -6955.428 -234.068
f 12246 12195 12242
v 7327.527 -6969.092 -227.168
f 12247 12196 12193
f 12247 12197 12196
f 12247 12193 12244
v 7327.479 -6968.680 -227.136
f 12248 12197 12247
v 7315.188 -6954.600 -233.702
f 12249 12198 12195
f 12249 12195 12246
v 7327.372 -6967.916 -227.065
f 12250 12199 12197
f 12250 12197 12248
f 12250 12200 12199
v 7327.306 -6967.502 -227.020
f 12251 12200 12250
v 7332.709 -6982.976 -216.773
f 12252 12205 12201
f 12252 12201 12194
f 12252 12194 12245
v 7314.379 -6953.816 -233.319
f 12253 12202 12198
f 12253 12198 12249
v 7327.169 -6966.751 -226.929
f 12254 12203 12200
f 12254 12200 12251
v 7327.084 -6966.335 -226.872
f 12255 12204 12203
f 12255 12203 12254
v 7333.083 -6981.898 -217.112
f 12256 12205 12252
v 7313.535 -6953.077 -232.920
f 12257 12202 12253
f 12257 12206 12202
f 11936 11863 11909
f 11936 11862 11863
v 7326.918 -6965.600 -226.761
f 12258 12204 12255
f 12258 12208 12207
f 12258 12207 12204
v 7326.815 -6965.183 -226.692
f 12259 12208 12258
v 7333.417 -6980.796 -217.415
f 12260 12209 12205
f 12260 12205 12256
v 7312.659 -6952.385 -232.506
f 12261 12206 12257
f 12261 12214 12210
f 12261 12210 12206
v 7326.620 -6964.464 -226.562
f 12262 12212 12211
f 12262 12211 12208
f 12262 12208 12259
v 7326.498 -6964.049 -226.480
f 12263 12212 12262
v 7333.711 -6979.674 -217.681
f 12264 12209 12260
f 12264 12218 12213
f 12264 12213 12209
v 7311.754 -6951.742 -232.078
f 12265 11907 12214
f 12265 12214 12261
v 7336.198 -6991.904 -202.862
f 12266 12215 11862
f 12266 11862 11936
v 7326.276 -6963.348 -226.332
f 12267 12212 12263
f 12267 12216 12212
v 7326.135 -6962.935 -226.238
f 12268 12216 12267
f 12268 12217 12216
f 12268 12220 12217
v 7333.962 -6978.533 -217.909
f 12269 12218 12264
f 11941 11907 12265
v 7334.031 -6978.179 -217.971
f 12270 12219 12218
f 12270 12218 12269
v 7325.886 -6962.254 -226.071
f 12271 12220 12268
v 7325.725 -6961.844 -225.964
f 12272 12221 12220
f 12272 12225 12221
f 12272 12220 12271
v 7334.172 -6977.376 -218.099
f 12273 12222 12219
f 12273 12219 12270
v 7334.228 -6977.013 -218.150
f 12274 12222 12273
f 12274 12223 12222
v 7337.390 -6990.442 -204.314
f 12275 12224 12215
f 12275 12231 12224
f 12275 12215 12266
v 7325.451 -6961.185 -225.781
f 12276 12225 12272
v 7334.338 -6976.207 -218.250
f 12277 12223 12274
f 12277 12226 12223
v 7334.382 -6975.834 -218.289
f 12278 12227 12226
f 12278 12226 12277
v 7324.973 -6960.143 -225.461
f 12279 12225 12276
f 12279 12228 12225
v 7334.462 -6975.029 -218.362
f 12280 12227 12278
f 12280 12229 12227
v 7334.493 -6974.647 -218.389
f 12281 12230 12229
f 12281 12229 12280
v 7338.484 -6988.802 -205.647
f 12282 12231 12275
v 7324.452 -6959.130 -225.113
f 12283 12228 12279
f 12283 12232 12228
f 12283 12235 12232
v 7334.542 -6973.843 -218.434
f 12284 12233 12230
f 12284 12234 12233
f 12284 12230 12281
v 7334.559 -6973.454 -218.449
f 12285 12234 12284
v 7323.890 -6958.150 -224.738
f 12286 12235 12283
v 7334.579 -6972.654 -218.467
f 12287 12234 12285
f 12287 12236 12234
v 7334.581 -6972.257 -218.469
f 12288 12236 12287
f 12288 12237 12236
v 7339.469 -6986.998 -206.847
f 12289 12238 12231
f 12289 12231 12282
v 7323.289 -6957.205 -224.336
f 12290 12239 12235
f 12290 12235 12286
v 7334.571 -6971.464 -218.461
f 12291 12240 12237
f 12291 12237 12288
v 7334.559 -6971.061 -218.449
f 12292 12240 12291
f 12292 12241 12240
v 7322.649 -6956.297 -223.909
f 12293 12242 12239
f 12293 12239 12290
v 7334.520 -6970.275 -218.414
f 12294 12243 12241
f 12294 12241 12292
v 7334.493 -6969.868 -218.389
f 12295 12244 12243
f 12295 12243 12294
v 7340.336 -6985.050 -207.904
f 12296 12238 12289
f 12296 12245 12238
v 7321.973 -6955.428 -223.457
f 12297 12242 12293
f 12297 12246 12242
v 7334.426 -6969.092 -218.329
f 12298 12247 12244
f 12298 12244 12295
v 7334.382 -6968.680 -218.289
f 12299 12248 12247
f 12299 12250 12248
f 12299 12247 12298
v 7321.262 -6954.600 -222.982
f 12300 12246 12297
f 12300 12249 12246
f 12300 12253 12249
v 7334.288 -6967.916 -218.204
f 12301 12250 12299
v 7334.228 -6967.502 -218.150
f 12302 12251 12250
f 12302 12250 12301
v 7341.077 -6982.976 -208.806
f 12303 12245 12296
f 12303 12252 12245
v 7320.517 -6953.816 -222.484
f 12304 12253 12300
f 12304 12257 12253
v 7334.107 -6966.751 -218.040
f 12305 12251 12302
f 12305 12254 12251
v 7334.031 -6966.335 -217.971
f 12306 12255 12254
f 12306 12254 12305
v 7341.397 -6981.898 -209.197
f 12307 12256 12252
f 12307 12252 12303
v 7319.741 -6953.077 -221.966
f 12308 12257 12304
v 7333.883 -6965.600 -217.837
f 12309 12255 12306
f 12309 12258 12255
v 7333.791 -6965.183 -217.753
f 12310 12259 12258
f 12310 12258 12309
v 7341.683 -6980.796 -209.545
f 12311 12260 12256
f 12311 12256 12307
v 7318.935 -6952.385 -221.427
f 12312 12257 12308
f 12312 12265 12261
f 12312 12261 12257
v 7333.617 -6964.464 -217.596
f 12313 12259 12310
f 12313 12263 12262
f 12313 12262 12259
v 7333.509 -6964.049 -217.497
f 12314 12263 12313
v 7341.934 -6979.674 -209.851
f 12315 12264 12260
f 12315 12260 12311
v 7318.102 -6951.742 -220.871
f 12316 12265 12312
v 7346.569 -6991.904 -195.558
f 12317 11936 11938
f 12317 12266 11936
v 7333.310 -6963.348 -217.318
f 12318 12268 12267
f 12318 12263 12314
f 12318 12267 12263
v 7333.185 -6962.935 -217.204
f 12319 12268 12318
v 7342.150 -6978.533 -210.114
f 12320 12269 12264
f 12320 12264 12315
f 11993 11942 11941
f 11993 11941 12265
f 11993 12265 12316
v 7342.209 -6978.179 -210.185
f 12321 12270 12269
f 12321 12269 12320
v 7332.963 -6962.254 -217.003
f 12322 12268 12319
f 12322 12271 12268
v 7332.820 -6961.844 -216.873
f 12323 12271 12322
f 12323 12272 12271
v 7342.329 -6977.376 -210.332
f 12324 12270 12321
f 12324 12273 12270
f 11971 11942 11993
v 7342.377 -6977.013 -210.391
f 12325 12273 12324
f 12325 12274 12273
v 7347.535 -6990.442 -197.169
f 12326 12275 12266
f 12326 12266 12317
v 7332.575 -6961.185 -216.652
f 12327 12272 12323
f 12327 12276 12272
v 7342.472 -6976.207 -210.506
f 12328 12277 12274
f 12328 12274 12325
v 7342.509 -6975.834 -210.552
f 12329 12280 12278
f 12329 12278 12277
f 12329 12277 12328
v 7332.149 -6960.143 -216.266
f 12330 12279 12276
f 12330 12276 12327
v 7342.577 -6975.029 -210.635
f 12331 12280 12329
v 7342.604 -6974.647 -210.667
f 12332 12284 12281
f 12332 12280 12331
f 12332 12281 12280
v 7348.421 -6988.802 -198.648
f 12333 12275 12326
f 12333 12282 12275
v 7331.685 -6959.130 -215.845
f 12334 12279 12330
f 12334 12283 12279
v 7342.646 -6973.843 -210.719
f 12335 12285 12284
f 12335 12284 12332
v 7342.660 -6973.454 -210.736
f 12336 12285 12335
v 7331.185 -6958.150 -215.391
f 12337 12283 12334
f 12337 12286 12283
v 7342.677 -6972.654 -210.757
f 12338 12285 12336
f 12338 12287 12285
v 7342.679 -6972.257 -210.759
f 12339 12287 12338
f 12339 12288 12287
v 7349.220 -6986.998 -199.980
f 12340 12282 12333
f 12340 12289 12282
v 7330.649 -6957.205 -214.906
f 12341 12290 12286
f 12341 12286 12337
v 7342.671 -6971.464 -210.749
f 12342 12288 12339
f 12342 12291 12288
v 7342.660 -6971.061 -210.736
f 12343 12291 12342
f 12343 12292 12291
v 7330.079 -6956.297 -214.389
f 12344 12293 12290
f 12344 12290 12341
v 7342.627 -6970.275 -210.696
f 12345 12292 12343
f 12345 12294 12292
v 7342.604 -6969.868 -210.667
f 12346 12298 12295
f 12346 12295 12294
f 12346 12294 12345
v 7349.922 -6985.050 -201.152
f 12347 12289 12340
f 12347 12296 12289
v 7329.476 -6955.428 -213.843
f 12348 12297 12293
f 12348 12293 12344
v 7342.546 -6969.092 -210.597
f 12349 12298 12346
v 7342.509 -6968.680 -210.552
f 12350 12299 12298
f 12350 12298 12349
v 7328.842 -6954.600 -213.268
f 12351 12297 12348
f 12351 12300 12297
v 7342.428 -6967.916 -210.453
f 12352 12301 12299
f 12352 12299 12350
v 7342.377 -6967.502 -210.391
f 12353 12301 12352
f 12353 12305 12302
f 12353 12302 12301
v 7350.523 -6982.976 -202.154
f 12354 12303 12296
f 12354 12296 12347
v 7328.179 -6953.816 -212.667
f 12355 12308 12304
f 12355 12300 12351
f 12355 12304 12300
v 7342.273 -6966.751 -210.264
f 12356 12305 12353
v 7342.209 -6966.335 -210.185
f 12357 12305 12356
f 12357 12306 12305
v 7350.782 -6981.898 -202.587
f 12358 12303 12354
f 12358 12307 12303
v 7327.487 -6953.077 -212.040
f 12359 12308 12355
v 7342.082 -6965.600 -210.031
f 12360 12306 12357
f 12360 12310 12309
f 12360 12309 12306
v 7342.003 -6965.183 -209.935
f 12361 12310 12360
v 7351.014 -6980.796 -202.974
f 12362 12307 12358
f 12362 12311 12307
v 7326.769 -6952.385 -211.389
f 12363 12312 12308
f 12363 12308 12359
v 7341.854 -6964.464 -209.754
f 12364 12313 12310
f 12364 12310 12361
v 7341.761 -6964.049 -209.640
f 12365 12314 12313
f 12365 12318 12314
f 12365 12313 12364
v 7351.218 -6979.674 -203.313
f 12366 12311 12362
f 12366 12315 12311
v 7326.027 -6951.742 -210.716
f 12367 12316 12312
f 12367 12312 12363
v 7357.900 -6991.904 -189.855
f 12368 12317 11938
f 12368 11938 11961
v 7341.592 -6963.348 -209.434
f 12369 12318 12365
v 7341.484 -6962.935 -209.302
f 12370 12322 12319
f 12370 12319 12318
f 12370 12318 12369
v 7351.392 -6978.533 -203.604
f 12371 12320 12315
f 12371 12315 12366
f 11992 11993 12316
f 11992 12316 12367
v 7351.440 -6978.179 -203.684
f 12372 12321 12320
f 12372 12320 12371
v 7341.294 -6962.254 -209.071
f 12373 12322 12370
v 7341.172 -6961.844 -208.922
f 12374 12322 12373
f 12374 12323 12322
v 7351.537 -6977.376 -203.847
f 12375 12324 12321
f 12375 12321 12372
f 12375 12325 12324
v 7351.577 -6977.013 -203.912
f 12376 12325 12375
v 7358.618 -6990.442 -191.590
f 12377 12326 12317
f 12377 12317 12368
v 7340.962 -6961.185 -208.667
f 12378 12323 12374
f 12378 12327 12323
v 7351.653 -6976.207 -204.040
f 12379 12328 12325
f 12379 12325 12376
v 7351.684 -6975.834 -204.091
f 12380 12329 12328
f 12380 12331 12329
f 12380 12328 12379
v 7340.597 -6960.143 -208.222
f 12381 12327 12378
f 12381 12330 12327
v 7351.739 -6975.029 -204.183
f 12382 12331 12380
f 12382 12332 12331
v 7351.760 -6974.647 -204.218
f 12383 12332 12382
v 7359.278 -6988.802 -193.183
f 12384 12333 12326
f 12384 12326 12377
v 7340.200 -6959.130 -207.738
f 12385 12330 12381
f 12385 12334 12330
v 7351.794 -6973.843 -204.276
f 12386 12332 12383
f 12386 12335 12332
v 7351.806 -6973.454 -204.295
f 12387 12338 12336
f 12387 12336 12335
f 12387 12335 12386
v 7339.772 -6958.150 -207.216
f 12388 12337 12334
f 12388 12341 12337
f 12388 12334 12385
v 7351.820 -6972.654 -204.318
f 12389 12338 12387
v 7351.821 -6972.257 -204.321
f 12390 12339 12338
f 12390 12338 12389
v 7359.873 -6986.998 -194.618
f 12391 12340 12333
f 12391 12347 12340
f 12391 12333 12384
v 7339.313 -6957.205 -206.657
f 12392 12341 12388
v 7351.815 -6971.464 -204.309
f 12393 12339 12390
f 12393 12342 12339
v 7390.893 -6994.598 -160.740
f 11238 11755 12394
v 7390.893 -6995.007 -161.864
f 11238 12394 12395
v 7351.806 -6971.061 -204.295
f 12396 12342 12393
f 12396 12343 12342
v 7338.825 -6956.297 -206.062
f 12397 12348 12344
f 12397 12341 12392
f 12397 12344 12341
v 7351.779 -6970.275 -204.250
f 12398 12345 12343
f 12398 12346 12345
f 12398 12343 12396
v 7351.760 -6969.868 -204.218
f 12399 12346 12398
v 7360.396 -6985.050 -195.881
f 12400 12347 12391
v 7338.309 -6955.428 -205.433
f 12401 12348 12397
v 7351.714 -6969.092 -204.141
f 12402 12349 12346
f 12402 12346 12399
f 11380 11238 12395
v 7390.893 -6995.360 -163.008
f 11380 12395 12403
v 7390.893 -6995.655 -164.167
f 11380 12403 12404
v 7351.684 -6968.680 -204.091
f 12405 12350 12349
f 12405 12349 12402
v 7337.766 -6954.600 -204.772
f 12406 12351 12348
f 12406 12348 12401
v 7351.618 -6967.916 -203.981
f 12407 12350 12405
f 12407 12352 12350
v 7351.577 -6967.502 -203.912
f 12408 12352 12407
f 12408 12353 12352
v 7360.842 -6982.976 -196.959
f 12409 12354 12347
f 12409 12347 12400
v 7337.198 -6953.816 -204.080
f 12410 12355 12351
f 12410 12359 12355
f 12410 12351 12406
v 7351.492 -6966.751 -203.771
f 12411 12356 12353
f 12411 12353 12408
f 11548 11380 12404
v 7390.893 -6995.893 -165.340
f 11548 12404 12412
v 7390.893 -6996.071 -166.524
f 11548 12412 12413
v 7351.440 -6966.335 -203.684
f 12414 12357 12356
f 12414 12356 12411
f 12414 12360 12357
v 7361.036 -6981.898 -197.426
f 12415 12354 12409
f 12415 12358 12354
v 7336.606 -6953.077 -203.358
f 12416 12359 12410
v 7369.455 -6993.173 -183.922
f 12417 12368 11961
f 12417 11960 11982
f 12417 11961 11960
v 7351.337 -6965.600 -203.513
f 12418 12360 12414
v 7351.273 -6965.183 -203.406
f 12419 12360 12418
f 12419 12361 12360
v 7361.208 -6980.796 -197.842
f 12420 12362 12358
f 12420 12358 12415
f 12420 12366 12362
v 7335.991 -6952.385 -202.609
f 12421 12363 12359
f 12421 12359 12416
v 7351.153 -6964.464 -203.205
f 12422 12364 12361
f 12422 12361 12419
f 12422 12365 12364
v 7390.893 -6996.190 -167.714
f 11549 12413 12423
v 7390.893 -6996.250 -168.910
f 11549 12423 12424
f 11549 11548 12413
v 7351.077 -6964.049 -203.079
f 12425 12365 12422
v 7361.360 -6979.674 -198.208
f 12426 12366 12420
v 7335.355 -6951.742 -201.835
f 12427 12367 12363
f 12427 12363 12421
v 7369.944 -6991.904 -185.876
f 12428 12368 12417
f 12428 12377 12368
v 7350.940 -6963.348 -202.850
f 12429 12369 12365
f 12429 12365 12425
f 12429 12370 12369
v 7350.853 -6962.935 -202.704
f 12430 12370 12429
v 7361.490 -6978.533 -198.522
f 12431 12372 12371
f 12431 12371 12366
f 12431 12366 12426
v 7334.700 -6951.150 -201.037
f 12432 11992 12367
f 12432 12367 12427
v 7361.525 -6978.179 -198.607
f 12433 12372 12431
f 12433 12375 12372
v 7350.699 -6962.254 -202.447
f 12434 12370 12430
f 12434 12373 12370
f 11749 11549 12424
v 7390.893 -6996.250 -170.106
f 11749 12424 12435
v 7390.893 -6996.190 -171.301
f 11749 12435 12436
v 7350.600 -6961.844 -202.282
f 12437 12373 12434
f 12437 12374 12373
v 7361.598 -6977.376 -198.783
f 12438 12375 12433
f 12021 11992 12432
f 12021 11990 11992
v 7361.627 -6977.013 -198.853
f 12439 12375 12438
f 12439 12376 12375
v 7370.401 -6990.442 -187.697
f 12440 12377 12428
f 12440 12384 12377
v 7350.430 -6961.185 -201.999
f 12441 12374 12437
f 12441 12378 12374
v 7361.684 -6976.207 -198.991
f 12442 12376 12439
f 12442 12379 12376
v 7361.707 -6975.834 -199.045
f 12443 12379 12442
f 12443 12380 12379
v 7350.134 -6960.143 -201.506
f 12444 12378 12441
f 12444 12381 12378
f 12029 11749 12436
v 7390.893 -6996.071 -172.492
f 12029 12436 12445
v 7390.893 -6995.893 -173.675
f 12029 12445 12446
v 7361.748 -6975.029 -199.145
f 12447 12382 12380
f 12447 12380 12443
v 7361.764 -6974.647 -199.183
f 12448 12382 12447
f 12448 12383 12382
v 7370.820 -6988.802 -189.370
f 12449 12384 12440
v 7349.812 -6959.130 -200.969
f 12450 12385 12381
f 12450 12388 12385
f 12450 12381 12444
v 7361.789 -6973.843 -199.245
f 12451 12383 12448
f 12451 12386 12383
v 7361.798 -6973.454 -199.266
f 12452 12387 12386
f 12452 12386 12451
v 7349.465 -6958.150 -200.389
f 12453 12388 12450
f 12028 12029 12446
v 7390.893 -6995.655 -174.848
f 12028 12446 12454
v 7390.893 -6995.360 -176.008
f 12028 12454 12455
v 7361.808 -6972.654 -199.290
f 12456 12389 12387
f 12456 12387 12452
f 12456 12390 12389
v 7361.809 -6972.257 -199.293
f 12457 12390 12456
f 12457 12393 12390
v 7371.197 -6986.998 -190.877
f 12458 12391 12384
f 12458 12384 12449
v 7349.093 -6957.205 -199.769
f 12459 12392 12388
f 12459 12388 12453
f 12459 12397 12392
v 7361.804 -6971.464 -199.281
f 12460 12393 12457
v 7361.798 -6971.061 -199.266
f 12461 12396 12393
f 12461 12393 12460
f 12461 12398 12396
v 7348.698 -6956.297 -199.109
f 12462 12401 12397
f 12462 12397 12459
f 12016 12028 12455
v 7390.893 -6995.007 -177.152
f 12016 12455 12463
v 7390.893 -6994.598 -178.276
f 12016 12463 12464
v 7361.778 -6970.275 -199.217
f 12465 12398 12461
v 7361.764 -6969.868 -199.183
f 12466 12399 12398
f 12466 12398 12465
v 7371.529 -6985.050 -192.203
f 12467 12400 12391
f 12467 12391 12458
v 7348.279 -6955.428 -198.411
f 12468 12401 12462
v 7361.729 -6969.092 -199.099
f 12469 12402 12399
f 12469 12399 12466
v 7361.707 -6968.680 -199.045
f 12470 12405 12402
f 12470 12402 12469
v 7347.840 -6954.600 -197.677
f 12471 12406 12401
f 12471 12410 12406
f 12471 12401 12468
f 12017 12417 11982
f 12017 12016 12464
v 7390.893 -6994.133 -179.379
f 12017 12464 12472
v 7390.893 -6993.614 -180.457
f 12017 12472 12473
v 7361.658 -6967.916 -198.927
f 12474 12405 12470
f 12474 12407 12405
v 7361.627 -6967.502 -198.853
f 12475 12407 12474
f 12475 12408 12407
v 7371.813 -6982.976 -193.335
f 12476 12400 12467
f 12476 12409 12400
v 7347.379 -6953.816 -196.909
f 12477 12410 12471
v 7361.564 -6966.751 -198.702
f 12478 12408 12475
f 12478 12411 12408
v 7361.525 -6966.335 -198.607
f 12479 12414 12411
f 12479 12411 12478
v 7371.936 -6981.898 -193.825
f 12480 12409 12476
f 12480 12415 12409
v 7346.899 -6953.077 -196.109
f 12481 12416 12410
f 12481 12410 12477
v 7382.245 -6993.173 -181.703
f 12482 12417 12017
f 12482 12017 12473
v 7390.893 -6993.042 -181.508
f 12482 12473 12483
v 7390.893 -6992.418 -182.529
f 12482 12483 12484
v 7361.449 -6965.600 -198.423
f 12485 12418 12414
f 12485 12414 12479
v 7361.401 -6965.183 -198.308
f 12486 12418 12485
f 12486 12419 12418
v 7372.045 -6980.796 -194.262
f 12487 12415 12480
f 12487 12420 12415
v 7346.401 -6952.385 -195.278
f 12488 12416 12481
f 12488 12421 12416
f 12488 12427 12421
v 7361.312 -6964.464 -198.092
f 12489 12419 12486
f 12489 12422 12419
f 12489 12425 12422
v 7361.255 -6964.049 -197.956
f 12490 12425 12489
f 12490 12429 12425
v 7372.141 -6979.674 -194.646
f 12491 12420 12487
f 12491 12426 12420
v 7345.886 -6951.742 -194.418
f 12492 12427 12488
v 7382.443 -6991.904 -183.707
f 12493 12428 12417
f 12493 12417 12482
v 7390.893 -6991.744 -183.518
f 12493 12484 12494
v 7390.893 -6991.021 -184.472
f 12493 12494 12495
f 12493 12482 12484
v 7361.153 -6963.348 -197.709
f 12496 12429 12490
v 7361.088 -6962.935 -197.552
f 12497 12430 12429
f 12497 12429 12496
v 7372.224 -6978.533 -194.976
f 12498 12433 12431
f 12498 12431 12426
f 12498 12426 12491
v 7345.355 -6951.150 -193.533
f 12499 12427 12492
f 12499 12432 12427
f 12499 12021 12432
v 7372.246 -6978.179 -195.066
f 12500 12433 12498
v 7360.974 -6962.254 -197.275
f 12501 12430 12497
f 12501 12434 12430
v 7360.900 -6961.844 -197.097
f 12502 12437 12434
f 12502 12434 12501
v 7372.293 -6977.376 -195.250
f 12503 12438 12433
f 12503 12433 12500
f 12044 12021 12499
v 7372.311 -6977.013 -195.324
f 12504 12439 12438
f 12504 12438 12503
v 7382.627 -6990.442 -185.576
f 12505 12428 12493
f 12505 12440 12428
f 12505 12493 12495
v 7390.893 -6990.252 -185.388
f 12505 12495 12506
v 7390.893 -6989.438 -186.266
f 12505 12506 12507
v 7360.774 -6961.185 -196.792
f 12508 12441 12437
f 12508 12437 12502
v 7372.347 -6976.207 -195.468
f 12509 12442 12439
f 12509 12439 12504
v 7372.362 -6975.834 -195.526
f 12510 12443 12442
f 12510 12442 12509
v 7360.553 -6960.143 -196.261
f 12511 12444 12441
f 12511 12441 12508
v 7372.388 -6975.029 -195.630
f 12512 12447 12443
f 12512 12443 12510
v 7372.398 -6974.647 -195.670
f 12513 12447 12512
f 12513 12448 12447
v 7382.796 -6988.802 -187.292
f 12514 12505 12507
f 12514 12440 12505
f 12514 12449 12440
v 7390.893 -6988.581 -187.101
f 12514 12507 12515
v 7390.893 -6987.684 -187.893
f 12514 12515 12516
v 7360.314 -6959.130 -195.683
f 12517 12450 12444
f 12517 12444 12511
v 7372.414 -6973.843 -195.735
f 12518 12448 12513
f 12518 12451 12448
v 7372.419 -6973.454 -195.757
f 12519 12451 12518
f 12519 12452 12451
v 7360.055 -6958.150 -195.058
f 12520 12453 12450
f 12520 12450 12517
v 7372.426 -6972.654 -195.782
f 12521 12456 12452
f 12521 12452 12519
v 7372.427 -6972.257 -195.786
f 12522 12457 12456
f 12522 12460 12457
f 12522 12456 12521
v 7382.948 -6986.998 -188.838
f 12523 12449 12514
f 12523 12514 12516
f 12523 12458 12449
v 7390.893 -6986.749 -188.639
f 12523 12516 12524
v 7390.893 -6985.777 -189.338
f 12523 12524 12525
v 7359.778 -6957.205 -194.390
f 12526 12462 12459
f 12526 12459 12453
f 12526 12453 12520
v 7372.424 -6971.464 -195.773
f 12527 12460 12522
v 7372.419 -6971.061 -195.757
f 12528 12460 12527
f 12528 12461 12460
f 12528 12465 12461
v 7359.484 -6956.297 -193.679
f 12529 12462 12526
v 7372.407 -6970.275 -195.706
f 12530 12465 12528
v 7372.398 -6969.868 -195.670
f 12531 12469 12466
f 12531 12466 12465
f 12531 12465 12530
v 7383.082 -6985.050 -190.198
f 12532 12458 12523
f 12532 12467 12458
v 7390.893 -6984.772 -189.987
f 12532 12525 12533
v 7390.893 -6983.735 -190.585
f 12532 12533 12534
f 12532 12523 12525
v 7359.173 -6955.428 -192.928
f 12535 12462 12529
f 12535 12468 12462
v 7372.376 -6969.092 -195.582
f 12536 12469 12531
v 7372.362 -6968.680 -195.526
f 12537 12474 12470
f 12537 12470 12469
f 12537 12469 12536
v 7358.845 -6954.600 -192.137
f 12538 12468 12535
f 12538 12471 12468
v 7372.331 -6967.916 -195.402
f 12539 12474 12537
f 12539 12475 12474
v 7372.311 -6967.502 -195.324
f 12540 12475 12539
f 12540 12478 12475
v 7383.196 -6982.976 -191.360
f 12541 12467 12532
f 12541 12476 12467
v 7390.893 -6982.670 -191.131
f 12541 12534 12542
f 12541 12532 12534
v 7358.503 -6953.816 -191.310
f 12543 12477 12471
f 12543 12471 12538
v 7372.271 -6966.751 -195.165
f 12544 12478 12540
v 7372.246 -6966.335 -195.066
f 12545 12479 12478
f 12545 12478 12544
v 7383.246 -6981.898 -191.862
f 12546 12476 12541
f 12546 12541 12542
v 7390.893 -6981.580 -191.623
f 12546 12542 12547
f 12546 12480 12476
v 7358.145 -6953.077 -190.448
f 12548 12488 12481
f 12548 12481 12477
f 12548 12477 12543
v 7372.198 -6965.600 -194.872
f 12549 12479 12545
f 12549 12485 12479
v 7372.168 -6965.183 -194.751
f 12550 12485 12549
f 12550 12486 12485
v 7383.290 -6980.796 -192.311
f 12551 12491 12487
f 12551 12487 12480
f 12551 12480 12546
v 7390.893 -6980.466 -192.061
f 12551 12547 12552
f 12551 12546 12547
v 7357.775 -6952.385 -189.553
f 12553 12492 12488
f 12553 12488 12548
v 7372.111 -6964.464 -194.524
f 12554 12489 12486
f 12554 12486 12550
f 12554 12490 12489
v 7372.075 -6964.049 -194.382
f 12555 12490 12554
v 7383.329 -6979.674 -192.705
f 12556 12491 12551
f 12556 12551 12552
v 7390.893 -6979.331 -192.442
f 12556 12552 12557
v 7357.391 -6951.742 -188.627
f 12558 12492 12553
v 7372.010 -6963.348 -194.122
f 12559 12490 12555
f 12559 12496 12490
v 7371.969 -6962.935 -193.957
f 12560 12496 12559
f 12560 12497 12496
v 7383.362 -6978.533 -193.043
f 12561 12556 12557
f 12561 12498 12491
f 12561 12491 12556
v 7390.893 -6978.179 -192.766
f 12561 12557 12562
f 12077 12499 12492
f 12077 12492 12558
v 7383.371 -6978.179 -193.135
f 12563 12561 12562
f 12563 12498 12561
f 12563 12500 12498
v 7371.896 -6962.254 -193.667
f 12564 12497 12560
f 12564 12501 12497
v 7371.849 -6961.844 -193.480
f 12565 12501 12564
f 12565 12502 12501
v 7383.390 -6977.376 -193.324
f 12566 12500 12563
f 12566 12563 12562
v 7390.893 -6977.013 -193.032
f 12566 12562 12567
f 12566 12503 12500
f 12060 12044 12499
f 12060 12499 12077
v 7383.397 -6977.013 -193.400
f 12568 12566 12567
f 12568 12504 12503
f 12568 12503 12566
v 7371.769 -6961.185 -193.160
f 12569 12508 12502
f 12569 12502 12565
v 7383.412 -6976.207 -193.548
f 12570 12510 12509
f 12570 12509 12504
f 12570 12504 12568
f 12570 12568 12567
v 7390.893 -6975.834 -193.240
f 12570 12567 12571
v 7383.418 -6975.834 -193.607
f 12572 12510 12570
f 12572 12570 12571
v 7371.629 -6960.143 -192.602
f 12573 12508 12569
f 12573 12511 12508
v 7383.428 -6975.029 -193.714
f 12574 12510 12572
f 12574 12513 12512
f 12574 12512 12510
f 12574 12572 12571
v 7390.893 -6974.647 -193.389
f 12574 12571 12575
v 7383.432 -6974.647 -193.755
f 12576 12513 12574
f 12576 12574 12575
v 7371.477 -6959.130 -191.995
f 12577 12517 12511
f 12577 12511 12573
v 7383.439 -6973.843 -193.822
f 12578 12513 12576
f 12578 12518 12513
f 12578 12576 12575
v 7390.893 -6973.454 -193.478
f 12578 12575 12579
v 7383.441 -6973.454 -193.844
f 12580 12518 12578
f 12580 12578 12579
f 12580 12519 12518
f 12580 12521 12519
v 7371.313 -6958.150 -191.339
f 12581 12517 12577
f 12581 12520 12517
v 7383.444 -6972.654 -193.871
f 12582 12521 12580
f 12582 12580 12579
v 7390.893 -6972.257 -193.508
f 12582 12579 12583
v 7383.444 -6972.257 -193.874
f 12584 12521 12582
f 12584 12582 12583
f 12584 12522 12521
v 7371.137 -6957.205 -190.638
f 12585 12526 12520
f 12585 12520 12581
v 7383.443 -6971.464 -193.861
f 12586 12527 12522
f 12586 12584 12583
v 7390.893 -6971.061 -193.478
f 12586 12583 12587
f 12586 12522 12584
v 7383.441 -6971.061 -193.844
f 12588 12528 12527
f 12588 12586 12587
f 12588 12527 12586
f 12588 12530 12528
v 7370.950 -6956.297 -189.891
f 12589 12526 12585
f 12589 12529 12526
v 7383.436 -6970.275 -193.792
f 12590 12588 12587
f 12590 12530 12588
v 7390.893 -6969.868 -193.389
f 12590 12587 12591
v 7383.432 -6969.868 -193.755
f 12592 12531 12530
f 12592 12530 12590
f 12592 12590 12591
v 7370.753 -6955.428 -189.102
f 12593 12529 12589
f 12593 12535 12529
v 7383.423 -6969.092 -193.665
f 12594 12531 12592
f 12594 12536 12531
f 12594 12592 12591
v 7390.893 -6968.680 -193.240
f 12594 12591 12595
v 7383.418 -6968.680 -193.607
f 12596 12536 12594
f 12596 12537 12536
f 12596 12594 12595
v 7370.545 -6954.600 -188.272
f 12597 12538 12535
f 12597 12535 12593
v 7383.405 -6967.916 -193.480
f 12598 12537 12596
f 12598 12596 12595
f 12598 12539 12537
v 7390.893 -6967.502 -193.032
f 12598 12595 12599
v 7383.397 -6967.502 -193.400
f 12600 12598 12599
f 12600 12539 12598
f 12600 12540 12539
v 7370.327 -6953.816 -187.404
f 12601 12543 12538
f 12601 12538 12597
v 7383.381 -6966.751 -193.237
f 12602 12540 12600
f 12602 12544 12540
f 12602 12600 12599
v 7390.893 -6966.335 -192.766
f 12602 12599 12603
v 7383.371 -6966.335 -193.135
f 12604 12602 12603
f 12604 12545 12544
f 12604 12544 12602
v 7370.100 -6953.077 -186.498
f 12605 12543 12601
f 12605 12548 12543
f 12605 12553 12548
v 7383.352 -6965.600 -192.936
v 7390.893 -6965.183 -192.442
f 12606 12603 12607
f 12606 12545 12604
f 12606 12549 12545
f 12606 12604 12603
v 7383.339 -6965.183 -192.813
f 12608 12550 12549
f 12608 12549 12606
f 12608 12554 12550
f 12608 12606 12607
v 7369.865 -6952.385 -185.559
f 12609 12553 12605
v 7383.316 -6964.464 -192.580
v 7390.893 -6964.049 -192.061
f 12610 12607 12611
f 12610 12554 12608
f 12610 12608 12607
v 7383.302 -6964.049 -192.433
f 12612 12610 12611
f 12612 12554 12610
f 12612 12555 12554
v 7369.622 -6951.742 -184.587
f 12613 12077 12558
f 12613 12558 12553
f 12613 12553 12609
v 7383.276 -6963.348 -192.167
v 7390.893 -6962.935 -191.623
f 12614 12611 12615
f 12614 12612 12611
f 12614 12559 12555
f 12614 12560 12559
f 12614 12555 12612
v 7383.259 -6962.935 -191.998
f 12616 12614 12615
f 12616 12560 12614
f 12080 12077 12613
v 7383.230 -6962.254 -191.701
v 7390.893 -6961.844 -191.131
f 12617 12615 12618
f 12617 12564 12560
f 12617 12565 12564
f 12617 12560 12616
f 12617 12616 12615
v 7383.211 -6961.844 -191.509
f 12619 12617 12618
f 12619 12565 12617
v 7383.179 -6961.185 -191.180
v 7390.893 -6960.779 -190.585
f 12620 12618 12621
f 12620 12569 12565
f 12620 12619 12618
f 12620 12565 12619
v 7383.122 -6960.143 -190.608
v 7390.893 -6959.743 -189.987
f 12622 12621 12623
f 12622 12569 12620
f 12622 12573 12569
f 12622 12620 12621
v 7383.061 -6959.130 -189.985
f 12624 12573 12622
v 7390.893 -6958.738 -189.338
f 12624 12623 12625
f 12624 12577 12573
f 12624 12622 12623
v 7382.995 -6958.150 -189.312
f 12626 12581 12577
v 7390.893 -6957.766 -188.639
f 12626 12625 12627
f 12626 12624 12625
f 12626 12577 12624
v 7382.924 -6957.205 -188.592
v 7390.893 -6956.830 -187.893
f 12628 12627 12629
f 12628 12581 12626
f 12628 12585 12581
f 12628 12589 12585
f 12628 12626 12627
v 7382.848 -6956.297 -187.827
v 7390.893 -6955.933 -187.101
f 12630 12629 12631
f 12630 12589 12628
f 12630 12628 12629
v 7382.769 -6955.428 -187.017
v 7390.893 -6955.076 -186.266
f 12632 12631 12633
f 12632 12593 12589
f 12632 12630 12631
f 12632 12589 12630
v 7382.685 -6954.600 -186.166
f 12634 12601 12597
v 7390.893 -6954.262 -185.388
f 12634 12633 12635
f 12634 12632 12633
f 12634 12593 12632
f 12634 12597 12593
v 7382.597 -6953.816 -185.275
v 7390.893 -6953.493 -184.472
f 12636 12635 12637
f 12636 12634 12635
f 12636 12601 12634
f 12636 12605 12601
v 7382.506 -6953.077 -184.346
v 7390.893 -6952.771 -183.518
f 12638 12637 12639
f 12638 12636 12637
f 12638 12605 12636
v 7382.411 -6952.385 -183.382
f 12640 12613 12609
v 7390.893 -6952.097 -182.529
f 12640 12639 12641
f 12640 12638 12639
f 12640 12609 12605
f 12640 12605 12638
v 7382.312 -6951.742 -182.385
v 7390.893 -6951.473 -181.508
f 12642 12641 12643
f 12642 12613 12640
f 12642 12640 12641
v 7382.211 -6951.150 -181.357
v 7390.893 -6950.900 -180.457
f 12644 12643 12645
f 12644 12642 12643
f 12644 12080 12613
f 12644 12078 12080
f 12644 12613 12642
v 7390.893 -6950.381 -179.379
f 12098 12645 12646
f 12098 12644 12645
f 12098 12078 12644
v 7390.893 -6949.916 -178.276
f 12099 12646 12647
f 12099 12098 12646
v 7390.893 -6949.507 -177.152
f 12100 12647 12648
f 12100 12099 12647
v 7390.893 -6949.154 -176.008
f 12107 12648 12649
f 12107 12100 12648
f 12105 12107 12649
v 7390.893 -6948.859 -174.848
f 12105 12649 12650
f 12106 12105 12650
v 7390.893 -6948.622 -173.675
f 12106 12650 12651
f 12108 12106 12651
v 7390.893 -6948.443 -172.492
f 12108 12651 12652
v 7390.893 -6948.324 -171.301
f 12110 12652 12653
f 12110 12108 12652
f 12112 12110 12653
v 7390.893 -6948.265 -170.106
f 12112 12653 12654
v 7390.893 -6948.265 -168.910
f 11814 12654 12655
f 11814 12112 12654
f 11593 11814 12655
v 7390.893 -6948.324 -167.714
f 11593 12655 12656
v 7390.893 -6948.443 -166.524
f 11593 12656 12657
v 7390.893 -6948.622 -165.340
f 11594 12657 12658
v 7390.893 -6948.859 -164.167
f 11594 12658 12659
f 11594 11593 12657
v 7390.893 -6949.154 -163.008
f 11422 12659 12660
v 7390.893 -6949.507 -161.864
f 11422 12660 12661
f 11422 11594 12659
f 11284 11422 12661
v 7390.893 -6949.916 -160.740
f 11284 12661 12662
f 11284 12662 11816
v 7267.049 -6974.634 -266.468
v 7266.893 -6972.257 -269.508
v 7267.043 -6972.257 -263.424
f 12663 12664 12665
v 7266.923 -6973.447 -269.508
f 12663 12666 12664
v 7267.011 -6974.634 -269.508
f 12663 12667 12666
v 7267.115 -6975.226 -266.469
v 7267.158 -6975.816 -269.508
f 12668 12669 12667
f 12668 12667 12663
v 7267.196 -6975.816 -266.471
v 7267.364 -6976.988 -269.508
f 12670 12671 12669
v 7267.628 -6978.149 -269.508
f 12670 12672 12671
f 12670 12669 12668
v 7267.943 -6974.634 -254.343
v 7267.490 -6972.257 -257.354
v 7268.235 -6972.257 -251.313
f 12673 12674 12675
v 7268.352 -6974.634 -251.331
f 12673 12675 12676
v 7267.754 -6975.816 -257.380
f 12673 12677 12674
v 7268.089 -6975.816 -254.361
v 7268.701 -6976.988 -251.382
f 12678 12676 12679
f 12678 12673 12676
f 12678 12677 12673
v 7268.980 -6975.816 -248.354
f 12680 12679 12676
v 7269.276 -6972.257 -245.317
f 12680 12675 12681
f 12680 12676 12675
v 7271.499 -6974.634 -236.467
v 7270.609 -6972.257 -239.378
v 7272.233 -6972.257 -233.513
f 12682 12683 12684
v 7270.867 -6975.816 -239.443
f 12682 12685 12683
v 7272.346 -6974.634 -233.547
f 12682 12684 12686
v 7271.641 -6975.816 -236.506
f 12687 12685 12682
f 12687 12682 12686
v 7272.683 -6976.988 -233.649
f 12687 12686 12688
v 7273.264 -6974.634 -230.648
v 7274.142 -6972.257 -227.734
f 12689 12684 12690
f 12689 12686 12684
v 7273.404 -6975.816 -230.695
f 12691 12686 12689
f 12691 12688 12686
v 7274.391 -6975.816 -227.823
f 12692 12689 12690
f 12692 12691 12689
v 7277.639 -6974.634 -219.306
v 7276.332 -6972.257 -222.055
v 7278.799 -6972.257 -216.491
f 12693 12694 12695
v 7278.905 -6974.634 -216.542
f 12693 12695 12696
v 7277.774 -6975.816 -219.366
v 7279.224 -6976.988 -216.692
f 12697 12696 12698
f 12697 12693 12696
v 7280.239 -6974.634 -213.809
v 7281.535 -6972.257 -211.055
f 12699 12695 12700
f 12699 12696 12695
v 7280.370 -6975.816 -213.875
f 12701 12698 12696
f 12701 12696 12699
v 7286.231 -6974.634 -203.231
v 7284.535 -6972.257 -205.759
v 7287.791 -6972.257 -200.617
f 12702 12703 12704
v 7287.889 -6974.634 -200.683
f 12702 12704 12705
v 7284.762 -6975.816 -205.896
f 12702 12706 12703
v 7286.355 -6975.816 -203.310
v 7288.183 -6976.988 -200.879
f 12707 12705 12708
f 12707 12702 12705
f 12707 12706 12702
v 7289.609 -6974.634 -198.176
v 7291.295 -6972.257 -195.641
f 12709 12704 12710
f 12709 12705 12704
v 7289.730 -6975.816 -198.260
f 12711 12708 12705
f 12711 12705 12709
v 7291.509 -6975.816 -195.799
f 12712 12709 12710
f 12712 12711 12709
v 7297.089 -6974.634 -188.592
v 7295.040 -6972.257 -190.843
v 7299.015 -6972.257 -186.235
f 12713 12714 12715
v 7299.103 -6974.634 -186.314
f 12713 12715 12716
v 7297.200 -6975.816 -188.688
v 7299.364 -6976.988 -186.551
f 12717 12716 12718
f 12717 12713 12716
v 7301.172 -6974.634 -184.086
v 7303.212 -6972.257 -181.827
f 12719 12715 12720
f 12719 12716 12715
v 7301.279 -6975.816 -184.188
f 12721 12718 12716
f 12721 12716 12719
v 7303.400 -6975.816 -182.014
f 12722 12721 12719
f 12722 12719 12720
v 7309.977 -6974.634 -175.703
v 7307.620 -6972.257 -177.630
v 7312.228 -6972.257 -173.655
f 12723 12724 12725
v 7312.303 -6974.634 -173.746
f 12723 12725 12726
v 7310.073 -6975.816 -175.815
f 12727 12723 12726
v 7312.527 -6976.988 -174.019
f 12727 12726 12728
v 7314.677 -6974.634 -171.846
v 7317.026 -6972.257 -169.910
f 12729 12725 12730
f 12729 12726 12725
v 7314.768 -6975.816 -171.962
f 12731 12726 12729
f 12731 12728 12726
v 7324.617 -6974.634 -164.846
v 7322.003 -6972.257 -166.406
v 7327.144 -6972.257 -163.150
f 12732 12733 12734
v 7322.150 -6975.816 -166.626
f 12732 12735 12733
v 7327.205 -6974.634 -163.251
f 12732 12734 12736
v 7324.695 -6975.816 -164.970
f 12737 12735 12732
f 12737 12732 12736
v 7327.387 -6976.988 -163.553
f 12737 12736 12738
v 7329.832 -6974.634 -161.720
v 7332.440 -6972.257 -160.150
f 12739 12734 12740
f 12739 12736 12734
v 7329.905 -6975.816 -161.848
f 12741 12736 12739
f 12741 12738 12736
v 7340.691 -6974.634 -156.254
v 7337.990 -6975.816 -157.653
v 7337.876 -6972.257 -157.413
f 12742 12743 12744
v 7343.440 -6972.257 -154.947
f 12742 12744 12745
v 7343.486 -6974.634 -155.056
f 12742 12745 12746
v 7340.751 -6975.816 -156.388
v 7343.621 -6976.988 -155.382
f 12747 12746 12748
f 12747 12742 12746
f 12747 12743 12742
v 7346.309 -6974.634 -153.927
v 7349.119 -6972.257 -152.756
f 12749 12745 12750
f 12749 12746 12745
v 7346.362 -6975.816 -154.064
f 12751 12748 12746
f 12751 12746 12749
v 7349.208 -6975.816 -153.006
f 12752 12749 12750
f 12752 12751 12749
v 7357.852 -6974.634 -150.113
v 7354.898 -6972.257 -150.847
v 7360.764 -6972.257 -149.224
f 12753 12754 12755
v 7360.792 -6974.634 -149.339
f 12753 12755 12756
v 7357.892 -6975.816 -150.255
f 12757 12753 12756
v 7360.878 -6976.988 -149.681
f 12757 12756 12758
v 7363.751 -6974.634 -148.636
v 7366.702 -6972.257 -147.891
f 12759 12755 12760
f 12759 12756 12755
v 7267.190 -6968.736 -266.471
v 7267.153 -6968.736 -269.508
v 7267.354 -6967.575 -269.508
f 12761 12762 12763
v 7363.783 -6975.816 -148.780
f 12764 12756 12759
f 12764 12758 12756
v 7267.111 -6969.319 -266.469
v 7267.009 -6969.905 -269.508
f 12765 12766 12762
f 12765 12762 12761
v 7267.046 -6969.905 -266.468
v 7266.922 -6971.080 -269.508
f 12767 12768 12766
f 12767 12664 12768
f 12767 12665 12664
f 12767 12766 12765
v 7366.754 -6975.816 -148.151
f 12769 12764 12759
f 12769 12759 12760
v 7375.729 -6974.634 -146.558
v 7372.699 -6972.257 -146.850
v 7378.739 -6972.257 -146.105
f 12770 12771 12772
v 7378.751 -6974.634 -146.222
f 12770 12772 12773
v 7268.092 -6968.680 -254.362
v 7268.706 -6967.502 -251.383
v 7268.353 -6969.868 -251.331
f 12774 12775 12776
v 7375.747 -6975.816 -146.704
v 7378.785 -6976.988 -146.574
f 12777 12773 12778
f 12777 12770 12773
v 7267.944 -6969.868 -254.344
f 12779 12776 12675
v 7267.757 -6968.680 -257.380
f 12779 12674 12780
f 12779 12675 12674
f 12779 12780 12774
f 12779 12774 12776
v 7381.780 -6974.634 -145.962
v 7384.809 -6972.257 -145.657
f 12781 12772 12782
f 12781 12773 12772
f 12781 12778 12773
v 7268.983 -6968.680 -248.354
f 12783 12776 12775
v 7268.836 -6969.868 -248.329
f 12784 12675 12776
f 12784 12681 12675
f 12784 12776 12783
v 7269.539 -6968.680 -245.369
f 12785 12784 12783
f 12785 12681 12784
v 7387.853 -6974.647 -145.664
v 7390.893 -6972.257 -145.508
f 12786 12782 12787
v 7390.893 -6973.454 -145.538
f 12786 12787 12788
v 7390.893 -6974.647 -145.627
f 12786 12788 12789
v 7390.893 -6975.834 -145.776
f 12786 12789 12790
v 7271.643 -6968.680 -236.507
v 7272.688 -6967.502 -233.651
v 7272.347 -6969.868 -233.547
f 12791 12792 12793
v 7271.500 -6969.868 -236.467
f 12794 12791 12793
f 12794 12684 12683
f 12794 12793 12684
v 7273.406 -6968.680 -230.695
f 12795 12793 12792
v 7273.265 -6969.868 -230.649
f 12796 12793 12795
f 12796 12690 12684
f 12796 12684 12793
v 7277.776 -6968.680 -219.367
v 7279.229 -6967.502 -216.695
v 7278.906 -6969.868 -216.542
f 12797 12798 12799
v 7277.640 -6969.868 -219.306
f 12800 12799 12695
f 12800 12797 12799
v 7276.580 -6968.680 -222.158
f 12800 12694 12801
f 12800 12801 12797
f 12800 12695 12694
v 7280.373 -6968.680 -213.877
f 12802 12799 12798
v 7280.240 -6969.868 -213.810
f 12803 12695 12799
f 12803 12799 12802
f 12803 12700 12695
v 7286.358 -6968.680 -203.312
v 7288.187 -6967.502 -200.882
v 7287.890 -6969.868 -200.683
f 12804 12805 12806
v 7286.232 -6969.868 -203.232
f 12807 12804 12806
f 12807 12806 12704
f 12807 12703 10587
f 12807 10587 12804
f 12807 12704 12703
v 7289.732 -6968.680 -198.262
f 12808 12806 12805
v 7289.610 -6969.868 -198.176
f 12809 12806 12808
f 12809 12704 12806
f 12809 12710 12704
f 10597 12809 12808
f 10597 12710 12809
v 7297.202 -6968.680 -188.690
v 7299.368 -6967.502 -186.554
v 7299.104 -6969.868 -186.315
f 12810 12811 12812
v 7297.090 -6969.868 -188.592
f 12813 12810 12812
f 12813 12715 12714
f 12813 12812 12715
v 7301.281 -6968.680 -184.190
f 12814 12812 12811
v 7301.173 -6969.868 -184.087
f 12815 12812 12814
f 12815 12715 12812
f 12815 12720 12715
v 7310.075 -6968.680 -175.817
v 7312.530 -6967.502 -174.022
v 7312.304 -6969.868 -173.747
f 12816 12817 12818
v 7309.978 -6969.868 -175.704
f 12819 11069 12816
f 12819 12818 12725
f 12819 12724 11069
f 12819 12725 12724
f 12819 12816 12818
v 7314.769 -6968.680 -171.964
f 12820 12818 12817
v 7314.678 -6969.868 -171.847
f 12821 12725 12818
f 12821 12730 12725
f 12821 12818 12820
v 7324.697 -6968.680 -164.973
v 7327.389 -6967.502 -163.558
v 7327.206 -6969.868 -163.252
f 12822 12823 12824
v 7324.617 -6969.868 -164.847
f 12825 12733 11088
f 12825 12734 12733
f 12825 11088 12822
f 12825 12822 12824
f 12825 12824 12734
v 7329.906 -6968.680 -161.850
f 12826 12824 12823
v 7329.833 -6969.868 -161.721
f 12827 12824 12826
f 12827 12740 12734
f 12827 12734 12824
v 7340.752 -6968.680 -156.391
v 7343.623 -6967.502 -155.386
v 7343.486 -6969.868 -155.057
f 12828 12829 12830
v 7340.692 -6969.868 -156.255
f 12831 12744 11103
f 12831 12828 12830
f 12831 11103 12828
f 12831 12830 12745
f 12831 12745 12744
v 7346.363 -6968.680 -154.067
f 12832 12830 12829
v 7346.309 -6969.868 -153.928
f 12833 12830 12832
f 12833 12745 12830
f 12833 12750 12745
f 10627 12833 12832
f 10627 12750 12833
v 7357.892 -6968.680 -150.258
v 7360.879 -6967.502 -149.686
v 7360.793 -6969.868 -149.340
f 12834 12835 12836
v 7357.853 -6969.868 -150.115
f 12837 12836 12755
f 12837 12834 12836
f 12837 12755 12754
v 7363.783 -6968.680 -148.782
f 12838 12836 12835
v 7363.751 -6969.868 -148.637
f 12839 12755 12836
f 12839 12760 12755
f 12839 12836 12838
v 7375.747 -6968.680 -146.706
v 7378.786 -6967.502 -146.579
v 7378.751 -6969.868 -146.224
f 12840 12841 12842
v 7375.729 -6969.868 -146.559
f 12843 12840 12842
f 12843 12842 12772
f 12843 12771 11124
f 12843 11124 12840
f 12843 12772 12771
v 7381.780 -6969.868 -145.963
f 12844 12772 12842
f 12844 12782 12772
v 7387.853 -6969.868 -145.664
v 7390.893 -6968.680 -145.776
v 7390.893 -6969.868 -145.627
f 12845 12846 12847
v 7390.893 -6971.061 -145.538
f 12845 12847 12848
f 12845 12848 12787
f 12845 12787 12782
v 7267.776 -6978.149 -263.460
f 12849 12672 12670
v 7267.929 -6978.724 -263.467
v 7267.948 -6979.295 -269.508
f 12850 12851 12672
f 12850 12672 12849
f 10658 12851 12850
v 7268.707 -6978.724 -254.438
f 12852 12678 12679
f 12852 12677 12678
v 7269.279 -6979.295 -251.468
f 12852 12679 12853
v 7269.053 -6979.862 -254.480
v 7270.080 -6981.533 -251.587
f 12854 12853 12855
f 12854 12852 12853
v 7269.344 -6978.724 -249.951
f 12856 12855 12853
f 12856 12853 12679
f 12856 12679 12680
v 7270.146 -6978.724 -245.490
f 12857 12856 12680
f 10673 12856 12857
v 7272.240 -6978.724 -236.672
v 7273.242 -6979.295 -233.819
f 12858 12688 12859
f 12858 12687 12688
f 12858 12685 12687
v 7272.577 -6979.862 -236.765
v 7274.017 -6981.533 -234.054
f 12860 12859 12861
f 12860 12858 12859
v 7273.995 -6978.724 -230.890
f 12862 12859 12688
f 12862 12688 12691
f 12862 12691 12692
v 7274.326 -6979.862 -230.999
f 12863 12861 12859
f 12863 12859 12862
v 7278.963 -6978.724 -218.240
v 7279.752 -6979.295 -216.942
f 12864 12698 12865
v 7280.485 -6981.533 -217.289
f 12864 12865 12866
f 12864 12697 12698
v 7277.152 -6978.724 -222.395
f 12864 12867 12697
f 12864 10698 12867
v 7280.255 -6978.724 -215.509
f 12868 12865 12698
f 12868 12866 12865
f 12868 12698 12701
v 7282.318 -6978.724 -211.473
f 12869 12868 12701
f 10709 12868 12869
v 7286.881 -6978.724 -203.643
f 12870 12707 12708
v 7288.668 -6979.295 -201.203
f 12870 12708 12871
f 12870 12706 12707
v 7287.176 -6979.862 -203.830
v 7289.342 -6981.533 -201.653
f 12872 12871 12873
f 12872 12870 12871
v 7290.238 -6978.724 -198.619
f 12874 12711 12712
f 12874 12871 12708
f 12874 12708 12711
v 7290.524 -6979.862 -198.820
f 12875 12871 12874
f 12875 12873 12871
v 7298.665 -6978.724 -187.956
v 7295.726 -6978.724 -191.406
f 12876 10727 12877
f 12876 12877 12717
v 7299.797 -6979.295 -186.943
f 12876 12718 12878
v 7300.397 -6981.533 -187.487
f 12876 12878 12879
f 12876 12717 12718
v 7301.729 -6978.724 -184.617
f 12880 12721 12722
f 12880 12878 12718
f 12880 12718 12721
v 7301.982 -6979.862 -184.858
f 12881 12878 12880
f 12881 12879 12878
v 7311.630 -6978.724 -175.306
f 12882 12727 12728
v 7308.216 -6978.724 -178.288
f 12882 12883 12727
f 12882 10744 12883
v 7312.898 -6979.295 -174.470
f 12882 12728 12884
v 7313.412 -6981.533 -175.096
f 12882 12884 12885
v 7313.965 -6978.724 -173.390
f 12886 12728 12731
f 12886 12884 12728
f 12886 12885 12884
v 7317.555 -6978.724 -170.623
f 12887 12886 12731
f 10758 12886 12887
v 7325.028 -6978.724 -165.496
v 7327.687 -6979.295 -164.055
f 12888 12738 12889
f 12888 12737 12738
f 12888 12735 12737
v 7325.215 -6979.862 -165.791
v 7328.103 -6981.533 -164.749
f 12890 12889 12891
f 12890 12888 12889
v 7328.901 -6978.724 -163.142
f 12892 12889 12738
f 12892 12891 12889
f 12892 12738 12741
v 7332.858 -6978.724 -160.933
f 12893 12892 12741
f 10771 12892 12893
v 7341.003 -6978.724 -156.957
v 7343.844 -6979.295 -155.922
f 12894 12748 12895
f 12894 12747 12748
f 12894 12743 12747
v 7341.144 -6979.862 -157.277
v 7344.154 -6981.533 -156.670
f 12896 12895 12897
f 12896 12894 12895
v 7346.586 -6978.724 -154.645
f 12898 12748 12751
f 12898 12895 12748
f 12898 12751 12752
v 7346.711 -6979.862 -154.971
f 12899 12897 12895
f 12899 12895 12898
v 7267.772 -6965.856 -267.997
v 7267.927 -6965.290 -269.508
v 7268.296 -6964.172 -269.508
f 12900 12901 12902
v 7267.612 -6966.426 -269.508
f 12900 12903 12901
f 12900 12763 12903
f 12900 12761 12763
v 7359.516 -6978.724 -150.461
v 7361.020 -6979.295 -150.248
v 7361.217 -6981.533 -151.033
f 12904 12905 12906
f 12904 12758 12905
f 12904 12757 12758
v 7355.156 -6978.724 -151.697
f 12904 12907 12757
f 12904 10813 12907
v 7267.918 -6965.829 -263.467
f 12908 12900 10802
f 12908 12761 12900
v 7363.919 -6978.724 -149.387
f 12909 12905 12758
f 12909 12758 12764
f 12909 12764 12769
v 7363.996 -6979.862 -149.728
f 12910 12906 12905
f 12910 12905 12909
v 7269.066 -6964.614 -254.482
v 7270.099 -6962.935 -251.590
v 7269.290 -6965.183 -251.470
f 12911 12912 12913
v 7268.716 -6965.757 -254.439
f 12914 12775 12774
f 12914 12911 12913
f 12914 12774 12780
f 12914 12913 12775
v 7269.950 -6964.614 -248.522
f 12915 12913 12912
v 7269.603 -6965.757 -248.462
f 12916 12785 12783
f 12916 12783 12775
f 12916 12913 12915
f 12916 12775 12913
v 7377.324 -6978.724 -147.146
v 7372.829 -6978.724 -147.728
f 12917 12918 12777
f 12917 10842 12918
v 7378.843 -6979.295 -147.155
f 12917 12919 10857
f 12917 12777 12778
f 12917 12778 12919
v 7383.318 -6976.994 -146.213
f 12920 12778 12781
f 12920 12781 12782
f 12920 12782 12786
v 7389.377 -6977.013 -145.993
v 7390.893 -6977.013 -145.984
f 12921 12790 12922
v 7390.893 -6978.179 -146.250
f 12921 12922 12923
f 12921 12786 12790
v 7272.661 -6965.757 -235.221
v 7274.036 -6962.935 -234.060
v 7273.253 -6965.183 -233.822
f 12924 12925 12926
f 12924 12792 12791
v 7271.479 -6965.757 -239.596
f 12924 12927 10849
f 12924 12926 12792
f 12924 12791 12927
v 7273.538 -6965.757 -232.330
f 12928 12926 12925
f 12928 12795 12792
f 12928 12792 12926
v 7274.986 -6965.757 -228.036
f 12929 12928 10868
f 12929 12795 12928
v 7278.674 -6964.614 -219.764
v 7280.502 -6962.935 -217.297
v 7279.762 -6965.183 -216.947
f 12930 12931 12932
v 7278.351 -6965.757 -219.621
f 12933 12798 12797
f 12933 12930 12932
f 12933 12932 12798
f 12933 12797 12801
v 7280.264 -6965.757 -215.513
f 12934 12798 12932
f 12934 12802 12798
f 12934 12932 12931
f 10588 12802 12934
f 10588 12934 10586
v 7289.358 -6962.935 -201.664
v 7288.678 -6965.183 -201.210
f 10585 12935 12936
f 10589 12936 12805
f 10589 10585 12936
f 10589 12805 12804
f 10589 12804 10587
f 10599 12936 12935
f 10598 12805 12936
f 10598 10597 12808
f 10598 12936 10599
f 10598 12808 12805
v 7298.672 -6965.757 -187.963
v 7300.412 -6962.935 -187.500
v 7299.805 -6965.183 -186.951
f 12937 12938 12939
f 12937 12811 12810
f 12937 12939 12811
f 12937 12810 10600
f 12937 10600 10596
v 7300.701 -6965.757 -185.724
f 12940 12939 12938
f 12940 12811 12939
f 12940 12814 12811
f 11071 12814 12940
f 11071 12940 10909
v 7313.424 -6962.935 -175.111
v 7312.905 -6965.183 -174.479
f 10912 12941 12942
f 11073 12816 11069
f 11073 12942 12817
f 11073 12817 12816
f 11073 10912 12942
v 7313.971 -6965.757 -173.397
f 12943 12820 12817
f 12943 12817 12942
f 12943 12942 12941
f 11086 12820 12943
f 11086 12943 10920
v 7328.113 -6962.935 -164.766
v 7327.693 -6965.183 -164.064
f 10923 12944 12945
f 11090 10923 12945
f 11090 12945 12823
f 11090 12822 11088
f 11090 12823 12822
v 7328.906 -6965.757 -163.150
f 12946 12945 12944
f 12946 12823 12945
f 12946 12826 12823
f 11102 12946 10932
f 11102 12826 12946
v 7344.162 -6962.935 -156.688
v 7343.849 -6965.183 -155.932
f 10936 12947 12948
f 11106 12829 12828
f 11106 10936 12948
f 11106 12828 11103
f 11106 12948 12829
f 10628 12829 12948
f 10628 12832 12829
f 10628 10627 12832
v 7359.519 -6965.757 -150.470
v 7361.222 -6962.935 -151.052
v 7361.023 -6965.183 -150.258
f 12949 12950 12951
f 12949 12835 12834
f 12949 12834 10626
f 12949 10626 10629
f 12949 12951 12835
v 7362.449 -6965.757 -149.736
f 12952 12838 12835
f 12952 12951 12950
f 12952 12835 12951
f 11123 12838 12952
f 11123 12952 10952
f 10955 10641 10640
f 11127 12841 12840
f 11127 10640 12841
f 11127 12840 11124
f 11127 10955 10640
v 7380.295 -6967.502 -146.439
f 12953 12844 12842
f 12953 12841 10640
f 12953 12842 12841
f 10646 12845 12782
f 10646 12844 12953
f 10646 12782 12844
v 7389.377 -6967.502 -145.993
f 12954 12846 12845
v 7390.893 -6966.335 -146.250
v 7390.893 -6967.502 -145.984
f 12954 12955 12956
f 12954 12956 12846
v 7267.227 -6975.226 -263.433
f 12957 12665 12674
f 12957 12849 12670
f 12957 12663 12665
f 12957 12668 12663
f 12957 12674 12677
f 12957 12670 12668
f 12957 12677 12849
v 7268.326 -6980.424 -269.508
f 10657 12958 12851
v 7268.758 -6981.533 -269.508
f 10657 12959 12958
f 10657 12851 10658
v 7269.245 -6982.619 -269.508
f 10659 12960 12959
f 10659 12959 10657
v 7269.786 -6983.680 -269.508
f 10656 12961 12960
v 7270.378 -6984.712 -269.508
f 10656 12962 12961
f 10656 12960 10659
v 7269.495 -6975.521 -245.360
f 12963 12681 12683
f 12963 12680 12681
f 12963 12683 12685
f 12963 12685 12857
f 12963 12857 12680
v 7270.481 -6982.887 -253.154
v 7271.097 -6983.680 -251.738
f 12964 12855 12965
f 12964 12854 12855
f 12964 10654 12854
f 10674 12965 12855
f 10674 12855 12856
f 10674 12856 10673
v 7274.184 -6982.887 -235.663
v 7275.001 -6983.680 -234.352
f 12966 12861 12967
f 12966 12860 12861
f 12966 10671 12860
v 7275.050 -6982.887 -232.809
f 12968 12967 12861
f 12968 12861 12863
v 7276.538 -6975.521 -222.141
f 12969 12694 12693
f 12969 12690 12694
f 12969 12692 12690
f 12969 12693 12697
f 12969 12867 12692
f 12969 12697 12867
f 10697 12968 12863
v 7281.413 -6983.680 -217.728
f 10695 12866 12970
f 10695 12864 12866
f 10695 10698 12864
v 7281.732 -6975.521 -211.160
f 12971 12700 12703
f 12971 12699 12700
f 12971 12703 12706
f 12971 12706 12869
f 12971 12701 12699
f 12971 12869 12701
f 10710 12868 10709
f 10710 12970 12866
f 10710 12866 12868
v 7289.034 -6982.887 -203.241
f 12972 12872 12873
v 7290.196 -6983.680 -202.224
f 12972 12873 12973
f 12972 10707 12872
v 7290.691 -6982.887 -200.762
f 12974 12873 12875
f 12974 12973 12873
v 7295.212 -6975.521 -190.985
f 12975 12712 12710
f 12975 12717 12877
f 12975 12714 12713
f 12975 12713 12717
f 12975 12710 12714
f 12975 12877 12712
f 10729 12974 12875
f 10728 10727 12876
f 10728 12876 12879
v 7301.159 -6983.680 -188.177
f 10728 12879 12976
v 7301.863 -6982.887 -186.803
f 12977 12879 12881
f 12977 12976 12879
v 7307.770 -6975.521 -177.795
f 12978 12722 12720
f 12978 12720 12724
f 12978 12727 12883
f 12978 12883 12722
f 12978 12724 12723
f 12978 12723 12727
f 10743 12977 12881
v 7314.064 -6983.680 -175.891
f 10746 12885 12979
f 10746 10744 12882
f 10746 12882 12885
v 7317.159 -6975.521 -170.089
f 12980 12887 12731
f 12980 12730 12733
f 12980 12731 12729
f 12980 12735 12887
f 12980 12733 12735
f 12980 12729 12730
f 10756 12979 12885
f 10756 12885 12886
f 10756 12886 10758
v 7332.545 -6975.521 -160.346
f 12981 12744 12743
f 12981 12740 12744
f 12981 12739 12740
f 12981 12741 12739
f 12981 12893 12741
f 12981 12743 12893
v 7327.146 -6982.887 -166.053
f 12982 10757 12890
v 7328.632 -6983.680 -165.631
f 12982 12891 12983
f 12982 12890 12891
f 10770 12892 10771
f 10770 12891 12892
f 10770 12983 12891
v 7343.016 -6982.887 -157.819
f 12984 12896 12897
f 12984 10768 12896
v 7344.547 -6983.680 -157.619
f 12984 12897 12985
v 7345.772 -6982.887 -156.678
f 12986 12897 12899
f 12986 12985 12897
v 7354.963 -6975.521 -151.061
f 12987 12750 12754
f 12987 12752 12750
f 12987 12753 12757
f 12987 12754 12753
f 12987 12907 12752
f 12987 12757 12907
v 7269.197 -6961.996 -269.508
v 7269.727 -6960.944 -269.508
f 10797 12988 12989
v 7268.720 -6963.073 -269.508
f 10800 12990 12988
f 10800 12988 10797
f 10801 12902 12990
f 10801 12990 10800
f 10801 10802 12900
f 10801 12900 12902
f 10812 12986 12899
v 7361.467 -6983.680 -152.030
f 10814 12906 12991
f 10814 12904 12906
f 10814 10813 12904
v 7267.263 -6969.013 -263.434
f 12992 12780 12674
f 12992 12674 12665
f 12992 12765 12761
f 12992 12665 12767
f 12992 12767 12765
f 12992 12761 12908
f 12992 12908 12780
v 7270.507 -6961.575 -253.157
f 12993 12911 10799
f 12993 12912 12911
v 7271.126 -6960.779 -251.742
f 12993 12994 12912
v 7362.816 -6982.887 -151.279
f 12995 12991 12906
f 12995 12906 12910
v 7270.944 -6961.575 -250.208
f 12996 12915 12912
f 12996 12912 12994
v 7372.731 -6975.521 -147.071
f 12997 12918 12769
f 12997 12777 12918
f 12997 12760 12771
f 12997 12771 12770
f 12997 12769 12760
f 12997 12770 12777
f 10843 12995 12910
f 10846 12915 12996
f 10840 12917 10857
f 10840 10857 10859
f 10840 10842 12917
v 7381.097 -6979.298 -146.955
f 12998 10857 12919
f 12998 12919 12778
f 12998 12778 12920
f 10848 12924 10849
f 10848 12925 12924
v 7275.029 -6960.779 -234.361
f 10848 12999 12925
v 7270.828 -6968.976 -239.433
f 13000 12791 12794
f 13000 12794 12683
f 13000 12785 12927
f 13000 12681 12785
f 13000 12683 12681
f 13000 12927 12791
f 10873 12920 12786
f 10873 12786 12921
f 10873 12921 12923
v 7390.893 -6979.331 -146.574
f 10873 12923 13001
v 7390.893 -6980.466 -146.955
f 10873 13001 13002
f 10869 12925 12999
f 10869 12928 12925
f 10869 10868 12928
v 7274.354 -6968.976 -227.809
f 13003 12795 12929
f 13003 12796 12795
f 13003 12690 12796
f 13003 12801 12694
f 13003 12929 12801
f 13003 12694 12690
v 7280.437 -6961.575 -218.915
f 13004 12931 12930
f 13004 12930 10871
v 7281.441 -6960.779 -217.741
f 13004 13005 12931
f 10889 12934 12931
f 10889 10586 12934
f 10889 12931 13005
v 7281.734 -6968.976 -211.161
f 13006 12803 12802
f 13006 12700 12803
f 13006 10587 12703
f 13006 10588 10587
f 13006 12703 12700
f 13006 12802 10588
f 10579 10585 10580
f 10579 10583 12935
f 10579 12935 10585
f 10593 12935 10583
f 10593 10599 12935
f 10594 10599 10593
f 10607 10603 12938
f 10607 12938 12937
f 10607 12937 10596
v 7295.214 -6968.976 -190.986
f 13007 12710 10597
f 13007 12813 12714
f 13007 12810 12813
f 13007 12714 12710
f 13007 10597 10600
f 13007 10600 12810
f 10609 12938 10603
f 10609 10909 12940
f 10609 12940 12938
f 11070 12815 12814
f 11070 12720 12815
f 11070 12724 12720
f 11070 11069 12724
f 11070 12814 11071
f 10911 10613 12941
f 10911 12941 10912
f 10614 12941 10613
f 10614 12943 12941
f 10614 10920 12943
f 11087 11088 12733
f 11087 12733 12730
f 11087 12730 12821
f 11087 12821 12820
f 11087 12820 11086
f 10922 10616 12944
f 10922 12944 10923
f 10618 10932 12946
f 10618 12944 10616
f 10618 12946 12944
f 11104 12827 12826
f 11104 12740 12827
f 11104 11103 12744
f 11104 12826 11102
f 11104 12744 12740
f 10935 12947 10936
f 10935 10621 12947
f 10623 12947 10621
f 10623 12948 12947
f 10623 10628 12948
f 10633 12949 10629
f 10633 12950 12949
f 10633 10636 12950
v 7354.963 -6968.976 -151.063
f 13008 10627 10626
f 13008 12837 12754
f 13008 12834 12837
f 13008 10626 12834
f 13008 12754 12750
f 13008 12750 10627
f 10638 10952 12952
f 10638 12952 12950
f 10638 12950 10636
f 11125 12839 12838
f 11125 12760 12839
f 11125 11124 12771
f 11125 12838 11123
f 11125 12771 12760
f 10954 10641 10955
f 10954 10643 10641
f 10642 12953 10640
f 10642 10646 12953
f 10645 12845 10646
v 7390.893 -6965.183 -146.574
f 10645 10648 13009
f 10645 13009 12955
f 10645 12954 12845
f 10645 12955 12954
f 10653 10658 12850
f 10653 12850 12849
f 10653 12677 12852
f 10653 12852 12854
f 10653 12849 12677
f 10653 12854 10654
f 10655 12962 10656
f 10961 10661 12962
f 10961 12962 10655
f 10662 10661 10961
f 10962 12964 12965
v 7272.318 -6985.714 -251.919
f 10962 12965 13010
f 10962 10654 12964
f 10676 10962 13010
f 10676 13010 10677
f 10681 13010 12965
f 10681 10677 13010
f 10681 12965 10674
v 7271.676 -6979.437 -239.645
f 13011 10673 12857
f 13011 12857 12685
f 13011 12685 12858
f 13011 10671 10673
f 13011 12858 12860
f 13011 12860 10671
f 10672 10681 10674
f 10682 10681 10672
f 10971 12966 12967
f 10971 10671 12966
v 7276.183 -6985.714 -234.711
f 10971 12967 13012
f 10688 10971 13012
f 10688 13012 10689
v 7275.177 -6979.437 -228.104
f 13013 10697 12863
f 13013 12862 12692
f 13013 12692 12867
f 13013 10698 10697
f 13013 12863 12862
f 13013 12867 10698
f 10974 12967 12968
f 10974 13012 12967
f 10974 12968 10697
f 10693 10689 13012
f 10693 13012 10974
v 7282.530 -6985.714 -218.256
f 10705 12970 13014
f 10705 10696 10695
f 10705 10701 10696
f 10705 13014 10703
f 10705 10695 12970
f 10714 12970 10710
f 10714 13014 12970
f 10714 10703 13014
v 7285.478 -6979.437 -206.324
f 13015 12870 12872
f 13015 12706 12870
f 13015 10707 10709
f 13015 12869 12706
f 13015 10709 12869
f 13015 12872 10707
f 10708 10714 10710
f 10715 10714 10708
f 10981 10707 12972
f 10981 12972 12973
v 7291.223 -6985.714 -202.911
f 10981 12973 13016
f 10723 13016 10722
f 10723 10981 13016
v 7292.178 -6979.437 -196.296
f 13017 12877 10727
f 13017 10727 10729
f 13017 12712 12877
f 13017 12874 12712
f 13017 10729 12875
f 13017 12875 12874
f 10984 12973 12974
f 10984 12974 10729
f 10984 13016 12973
f 10725 10722 13016
f 10725 13016 10984
f 10737 10728 12976
v 7302.074 -6985.714 -189.007
f 10737 12976 13018
f 10737 13018 10735
f 10737 10730 10728
f 10737 10733 10730
v 7303.989 -6979.437 -182.604
f 13019 10743 12881
f 13019 12880 12722
f 13019 12881 12880
f 13019 10744 10743
f 13019 12883 10744
f 13019 12722 12883
f 10991 12976 12977
f 10991 13018 12976
f 10991 12977 10743
f 10741 10735 13018
f 10741 13018 10991
f 10753 10749 10745
v 7314.847 -6985.714 -176.845
f 10753 12979 13020
f 10753 10745 10746
f 10753 10746 12979
f 10753 13020 10751
f 10762 13020 12979
f 10762 12979 10756
f 10762 10751 13020
v 7322.613 -6979.437 -167.320
f 13021 12890 10757
f 13021 12887 12735
f 13021 10758 12887
f 13021 12735 12888
f 13021 10757 10758
f 13021 12888 12890
f 10755 10762 10756
f 10763 10762 10755
f 10996 10757 12982
f 10996 12982 12983
v 7329.267 -6985.714 -166.690
f 10996 12983 13022
f 10775 10996 13022
f 10775 13022 10776
f 10778 12983 10770
f 10778 13022 12983
f 10778 10776 13022
v 7338.346 -6979.437 -158.407
f 13023 10771 12893
f 13023 12896 10768
f 13023 12893 12743
f 13023 12743 12894
f 13023 12894 12896
f 13023 10768 10771
f 10769 10778 10770
f 10779 10778 10769
v 7270.938 -6958.924 -269.508
f 10787 13024 10786
v 7270.308 -6959.919 -269.508
f 10787 13025 13024
f 10787 12989 13025
f 10787 10797 12989
v 7345.020 -6985.714 -158.760
f 11008 12985 13026
f 11008 10768 12984
f 11008 12984 12985
f 10794 11008 13026
f 10794 13026 10795
v 7349.489 -6979.437 -153.791
f 13027 10813 10812
f 13027 10812 12899
f 13027 12898 12752
f 13027 12899 12898
f 13027 12752 12907
f 13027 12907 10813
f 10798 10797 10787
f 10798 10787 10788
f 11018 13026 12985
f 11018 12986 10812
f 11018 12985 12986
f 10810 13026 11018
f 10810 10795 13026
f 10806 10805 10819
f 11016 10819 12994
f 11016 12994 12993
f 11016 12993 10799
f 11016 10806 10819
f 10803 12911 12914
f 10803 12914 12780
f 10803 10799 12911
f 10803 12908 10802
f 10803 12780 12908
f 10818 12994 10819
f 10818 12996 12994
f 10818 10846 12996
f 10827 10814 12991
f 10827 10821 10815
v 7361.767 -6985.714 -153.228
f 10827 12991 13028
f 10827 13028 10825
f 10827 10815 10814
v 7366.916 -6979.437 -148.969
f 13029 12769 12918
f 13029 12918 10842
f 13029 10843 12910
f 13029 10842 10843
f 13029 12909 12769
f 13029 12910 12909
f 11030 13028 12991
f 11030 12991 12995
f 11030 12995 10843
f 10838 10825 13028
f 10838 13028 11030
v 7270.365 -6965.040 -245.533
f 13030 12785 12916
f 13030 12915 10846
f 13030 12916 12915
f 13030 12927 12785
f 13030 10849 12927
f 13030 10846 10849
f 10835 10847 10836
f 10835 12999 10848
v 7276.223 -6958.738 -234.723
f 10835 13031 12999
f 10835 10834 13031
f 10835 10848 10847
f 10851 12999 13031
f 10851 10869 12999
f 10851 13031 10834
f 10864 10840 10859
f 10864 10855 10841
f 10864 10841 10840
f 10864 10860 10862
f 10864 10859 10860
f 10858 12920 10873
f 10858 12998 12920
f 10858 10857 12998
f 10870 10869 10851
f 10870 10851 10852
f 10874 10873 13002
v 7390.893 -6981.580 -147.392
f 10874 13002 13032
v 7390.893 -6982.670 -147.885
f 10874 13032 13033
f 10874 13033 10875
v 7282.568 -6958.738 -218.274
f 10879 10881 13034
f 11040 13034 13005
f 11040 10879 13034
f 11040 13004 10871
f 11040 13005 13004
v 7277.358 -6965.040 -222.480
f 13035 12933 12801
f 13035 12930 12933
f 13035 12929 10868
f 13035 12801 12929
f 13035 10868 10871
f 13035 10871 12930
f 10886 13005 13034
f 10886 13034 10881
f 10886 10889 13005
f 10888 10886 10885
f 10888 10889 10886
f 10581 10591 10582
f 10578 10583 10579
o acc2_3
v 8618.176 -7060.257 179.672
v 8621.099 -7060.257 180.347
v 8621.043 -7060.251 180.590
f 13036 13037 13038
v 8618.120 -7060.251 179.915
v 8620.987 -7060.232 180.832
f 13039 13038 13040
f 13039 13036 13038
v 8618.064 -7060.232 180.157
v 8620.931 -7060.202 181.072
f 13041 13040 13042
f 13041 13039 13040
v 8618.008 -7060.202 180.397
v 8620.876 -7060.158 181.311
f 13043 13042 13044
f 13043 13041 13042
v 8617.953 -7060.158 180.636
v 8620.822 -7060.103 181.547
f 13045 13044 13046
f 13045 13043 13044
v 8617.898 -7060.103 180.873
v 8620.768 -7060.036 181.781
f 13047 13046 13048
f 13047 13045 13046
v 8617.845 -7060.036 181.106
v 8620.715 -7059.957 182.011
f 13049 13048 13050
f 13049 13047 13048
v 8617.791 -7059.957 181.336
v 8620.662 -7059.866 182.237
f 13051 13050 13052
f 13051 13049 13050
v 8617.739 -7059.866 181.562
v 8620.611 -7059.764 182.458
f 13053 13052 13054
f 13053 13051 13052
v 8617.688 -7059.764 181.783
v 8620.562 -7059.650 182.674
f 13055 13054 13056
f 13055 13053 13054
v 8617.638 -7059.650 181.999
v 8620.513 -7059.526 182.884
f 13057 13056 13058
f 13057 13055 13056
v 8617.590 -7059.526 182.209
v 8620.466 -7059.391 183.088
f 13059 13058 13060
f 13059 13057 13058
v 8617.543 -7059.391 182.413
v 8620.420 -7059.246 183.285
f 13061 13060 13062
f 13061 13059 13060
v 8617.497 -7059.246 182.610
v 8620.377 -7059.091 183.474
f 13063 13062 13064
f 13063 13061 13062
v 8617.454 -7059.091 182.800
v 8620.335 -7058.927 183.656
f 13065 13064 13066
f 13065 13063 13064
v 8617.412 -7058.927 182.982
v 8620.295 -7058.753 183.830
f 13067 13066 13068
f 13067 13065 13066
v 8617.371 -7058.753 183.155
v 8620.256 -7058.571 183.995
f 13069 13068 13070
f 13069 13067 13068
v 8617.333 -7058.571 183.321
v 8620.220 -7058.381 184.152
f 13071 13070 13072
f 13071 13069 13070
v 8617.297 -7058.381 183.477
f 13073 13071 13072
v 8613.136 -7035.257 201.501
v 8616.059 -7035.257 202.176
f 13074 13072 13075
f 13074 13073 13072
v 8573.771 -7005.012 372.010
v 8573.769 -7005.257 372.016
v 8576.693 -7005.257 372.691
f 13076 13077 13078
v 8576.694 -7005.012 372.685
f 13076 13078 13079
v 8573.775 -7004.767 371.993
v 8576.698 -7004.767 372.668
v 8576.705 -7004.524 372.638
f 13080 13081 13082
f 13080 13079 13081
f 13080 13076 13079
v 8573.782 -7004.524 371.963
v 8576.714 -7004.282 372.597
f 13083 13082 13084
f 13083 13080 13082
v 8573.791 -7004.282 371.923
v 8576.726 -7004.042 372.545
f 13085 13084 13086
f 13085 13083 13084
v 8573.803 -7004.042 371.870
v 8576.741 -7003.806 372.481
f 13087 13086 13088
f 13087 13085 13086
v 8573.818 -7003.806 371.806
v 8576.758 -7003.573 372.406
f 13089 13088 13090
f 13089 13087 13088
v 8573.835 -7003.573 371.731
v 8576.778 -7003.344 372.320
f 13091 13090 13092
f 13091 13089 13090
v 8573.855 -7003.344 371.645
v 8576.801 -7003.119 372.223
f 13093 13092 13094
f 13093 13091 13092
v 8573.877 -7003.119 371.548
f 13095 13093 13094
v 8576.825 -7002.900 372.116
f 13095 13094 13096
v 8573.902 -7002.900 371.441
f 13097 13095 13096
v 8576.853 -7002.687 371.998
f 13097 13096 13098
v 8573.929 -7002.687 371.323
f 13099 13097 13098
v 8576.882 -7002.479 371.870
f 13099 13098 13100
v 8573.959 -7002.479 371.195
v 8576.914 -7002.279 371.732
f 13101 13100 13102
f 13101 13099 13100
v 8573.991 -7002.279 371.057
v 8576.948 -7002.085 371.585
f 13103 13102 13104
f 13103 13101 13102
v 8574.025 -7002.085 370.910
f 13105 13103 13104
v 8576.984 -7001.899 371.429
f 13105 13104 13106
v 8574.061 -7001.899 370.754
v 8577.022 -7001.722 371.264
f 13107 13106 13108
f 13107 13105 13106
v 8574.099 -7001.722 370.589
v 8577.062 -7001.552 371.091
f 13109 13108 13110
f 13109 13107 13108
v 8574.139 -7001.552 370.416
v 8577.104 -7001.392 370.910
f 13111 13110 13112
f 13111 13109 13110
v 8574.181 -7001.392 370.235
v 8577.147 -7001.241 370.721
f 13113 13112 13114
f 13113 13111 13112
v 8574.224 -7001.241 370.046
v 8577.192 -7001.100 370.526
f 13115 13114 13116
f 13115 13113 13114
v 8574.269 -7001.100 369.851
v 8577.239 -7000.969 370.324
f 13117 13116 13118
f 13117 13115 13116
v 8574.316 -7000.969 369.649
v 8577.287 -7000.848 370.116
f 13119 13118 13120
f 13119 13117 13118
v 8574.364 -7000.848 369.441
v 8577.336 -7000.737 369.902
f 13121 13120 13122
f 13121 13119 13120
v 8574.413 -7000.737 369.227
v 8577.387 -7000.638 369.684
f 13123 13122 13124
f 13123 13121 13122
v 8574.464 -7000.638 369.009
v 8577.438 -7000.549 369.460
f 13125 13124 13126
f 13125 13123 13124
v 8574.515 -7000.549 368.786
v 8577.491 -7000.472 369.233
f 13127 13126 13128
f 13127 13125 13126
v 8574.568 -7000.472 368.559
v 8577.544 -7000.407 369.003
f 13129 13128 13130
f 13129 13127 13128
v 8574.621 -7000.407 368.328
v 8577.598 -7000.353 368.770
f 13131 13130 13132
f 13131 13129 13130
v 8574.675 -7000.353 368.095
v 8577.652 -7000.311 368.534
f 13133 13132 13134
f 13133 13131 13132
v 8574.729 -7000.311 367.859
v 8577.707 -7000.281 368.297
f 13135 13134 13136
f 13135 13133 13134
v 8574.784 -7000.281 367.622
v 8577.762 -7000.263 368.058
f 13137 13136 13138
f 13137 13135 13136
v 8574.839 -7000.263 367.383
v 8577.817 -7000.257 367.819
f 13139 13138 13140
f 13139 13137 13138
v 8574.894 -7000.257 367.144
f 13141 13139 13140
v 8573.769 -7055.257 372.016
v 8576.693 -7055.257 372.691
f 13142 13143 13078
f 13142 13078 13077
v 8574.839 -7060.251 367.383
v 8577.762 -7060.251 368.058
v 8577.707 -7060.233 368.297
f 13144 13145 13146
v 8577.817 -7060.257 367.819
f 13144 13147 13145
v 8574.894 -7060.257 367.144
f 13144 13148 13147
v 8574.784 -7060.233 367.622
f 13149 13144 13146
v 8574.729 -7060.203 367.859
v 8577.652 -7060.203 368.534
f 13150 13146 13151
f 13150 13149 13146
v 8574.675 -7060.161 368.095
v 8577.598 -7060.161 368.770
f 13152 13151 13153
f 13152 13150 13151
v 8574.621 -7060.107 368.328
v 8577.544 -7060.107 369.003
f 13154 13153 13155
f 13154 13152 13153
v 8574.568 -7060.042 368.559
v 8577.491 -7060.042 369.233
v 8577.438 -7059.965 369.460
f 13156 13157 13158
f 13156 13155 13157
f 13156 13154 13155
v 8574.515 -7059.965 368.786
f 13159 13156 13158
v 8574.464 -7059.877 369.009
f 13160 13159 13158
v 8577.387 -7059.877 369.684
f 13160 13158 13161
v 8574.413 -7059.777 369.227
f 13162 13160 13161
v 8577.336 -7059.777 369.902
f 13162 13161 13163
v 8574.364 -7059.667 369.441
f 13164 13162 13163
v 8577.287 -7059.667 370.116
f 13164 13163 13165
v 8574.316 -7059.546 369.649
f 13166 13164 13165
v 8577.239 -7059.546 370.324
f 13166 13165 13167
v 8574.269 -7059.415 369.851
v 8577.192 -7059.415 370.526
f 13168 13167 13169
f 13168 13166 13167
v 8574.224 -7059.273 370.046
v 8577.147 -7059.273 370.721
f 13170 13169 13171
f 13170 13168 13169
v 8574.181 -7059.122 370.235
v 8577.104 -7059.122 370.910
v 8577.062 -7058.962 371.091
f 13172 13173 13174
f 13172 13171 13173
f 13172 13170 13171
v 8574.139 -7058.962 370.416
f 13175 13172 13174
v 8574.099 -7058.793 370.589
v 8577.022 -7058.793 371.264
f 13176 13174 13177
f 13176 13175 13174
v 8574.061 -7058.615 370.754
v 8576.984 -7058.615 371.429
f 13178 13177 13179
f 13178 13176 13177
v 8574.025 -7058.429 370.910
v 8576.948 -7058.429 371.585
f 13180 13179 13181
f 13180 13178 13179
v 8573.991 -7058.236 371.057
v 8576.914 -7058.236 371.732
f 13182 13181 13183
f 13182 13180 13181
v 8573.959 -7058.035 371.195
v 8576.882 -7058.035 371.870
f 13184 13183 13185
f 13184 13182 13183
v 8573.929 -7057.828 371.323
v 8576.853 -7057.828 371.998
v 8576.825 -7057.614 372.116
f 13186 13187 13188
f 13186 13185 13187
f 13186 13184 13185
v 8573.902 -7057.614 371.441
f 13189 13186 13188
v 8573.877 -7057.395 371.548
v 8576.801 -7057.395 372.223
f 13190 13188 13191
f 13190 13189 13188
v 8573.855 -7057.171 371.645
v 8576.778 -7057.171 372.320
f 13192 13191 13193
f 13192 13190 13191
v 8573.835 -7056.942 371.731
v 8576.758 -7056.942 372.406
f 13194 13193 13195
f 13194 13192 13193
v 8573.818 -7056.709 371.806
v 8576.741 -7056.709 372.481
f 13196 13195 13197
f 13196 13194 13195
v 8573.803 -7056.472 371.870
v 8576.726 -7056.472 372.545
f 13198 13197 13199
f 13198 13196 13197
v 8573.791 -7056.233 371.923
v 8576.714 -7056.233 372.597
f 13200 13199 13201
f 13200 13198 13199
v 8573.782 -7055.991 371.963
v 8576.705 -7055.991 372.638
f 13202 13201 13203
f 13202 13200 13201
v 8573.775 -7055.747 371.993
v 8576.698 -7055.747 372.668
f 13204 13203 13205
f 13204 13202 13203
v 8573.771 -7055.503 372.010
v 8576.694 -7055.503 372.685
f 13206 13205 13207
f 13206 13204 13205
f 13142 13207 13143
f 13142 13206 13207
v 8591.899 -7060.257 306.827
f 13208 13147 13148
v 8588.975 -7060.257 306.152
f 13208 13148 13209
v 8589.818 -7058.571 302.504
v 8592.741 -7058.571 303.179
v 8592.703 -7058.753 303.344
f 13210 13211 13212
v 8592.777 -7058.381 303.022
f 13210 13213 13211
v 8589.854 -7058.381 302.347
f 13210 13214 13213
v 8589.780 -7058.753 302.669
v 8592.663 -7058.927 303.518
f 13215 13212 13216
f 13215 13210 13212
v 8589.739 -7058.927 302.843
v 8592.621 -7059.091 303.700
f 13217 13216 13218
f 13217 13215 13216
v 8589.697 -7059.091 303.025
v 8592.577 -7059.246 303.889
f 13219 13218 13220
f 13219 13217 13218
v 8589.654 -7059.246 303.214
v 8592.531 -7059.391 304.086
f 13221 13220 13222
f 13221 13219 13220
v 8589.608 -7059.391 303.411
v 8592.484 -7059.526 304.290
f 13223 13222 13224
f 13223 13221 13222
v 8589.561 -7059.526 303.615
v 8592.436 -7059.650 304.500
f 13225 13224 13226
f 13225 13223 13224
v 8589.513 -7059.650 303.825
v 8592.386 -7059.764 304.716
f 13227 13226 13228
f 13227 13225 13226
v 8589.463 -7059.764 304.041
v 8592.335 -7059.866 304.937
f 13229 13228 13230
f 13229 13227 13228
v 8589.412 -7059.866 304.262
v 8592.283 -7059.957 305.163
f 13231 13230 13232
f 13231 13229 13230
v 8589.360 -7059.957 304.488
v 8592.230 -7060.036 305.393
f 13233 13232 13234
f 13233 13231 13232
v 8589.306 -7060.036 304.718
v 8592.176 -7060.103 305.626
f 13235 13234 13236
f 13235 13233 13234
v 8589.253 -7060.103 304.952
v 8592.121 -7060.158 305.863
f 13237 13236 13238
f 13237 13235 13236
v 8589.198 -7060.158 305.188
v 8592.066 -7060.202 306.102
f 13239 13238 13240
f 13239 13237 13238
v 8589.143 -7060.202 305.427
v 8592.010 -7060.232 306.342
f 13241 13240 13242
f 13241 13239 13240
v 8589.087 -7060.232 305.668
v 8591.955 -7060.251 306.584
f 13243 13242 13244
f 13243 13241 13242
v 8589.031 -7060.251 305.909
f 13245 13244 13208
f 13245 13243 13244
f 13209 13245 13208
v 8596.938 -7035.257 284.998
f 13214 13246 13213
v 8594.015 -7035.257 284.323
f 13214 13247 13246
f 13075 13246 13247
f 13075 13247 13074
v 8622.134 -7000.257 162.527
v 8625.134 -7000.257 127.527
v 8622.134 -7000.257 127.527
f 13248 13249 13250
v 8625.134 -7000.257 162.527
f 13251 13249 13248
v 8625.057 -7000.257 163.201
f 13252 13251 13248
f 13141 13252 13248
f 13140 13252 13141
v 8622.134 -7055.503 67.533
v 8625.134 -7055.257 67.527
v 8625.134 -7055.503 67.533
f 13253 13254 13255
v 8622.134 -7055.257 67.527
f 13253 13256 13254
v 8622.134 -7055.747 67.551
v 8625.134 -7055.747 67.551
f 13257 13255 13258
f 13257 13253 13255
v 8622.134 -7055.991 67.581
v 8625.134 -7055.991 67.581
f 13259 13258 13260
f 13259 13257 13258
v 8622.134 -7056.233 67.623
v 8625.134 -7056.233 67.623
f 13261 13260 13262
f 13261 13259 13260
v 8622.134 -7056.472 67.676
v 8625.134 -7056.472 67.676
f 13263 13262 13264
f 13263 13261 13262
v 8622.134 -7056.709 67.742
v 8625.134 -7056.709 67.742
f 13265 13264 13266
f 13265 13263 13264
v 8622.134 -7056.942 67.819
v 8625.134 -7056.942 67.819
f 13267 13266 13268
f 13267 13265 13266
v 8622.134 -7057.171 67.907
f 13269 13267 13268
v 8625.134 -7057.171 67.907
f 13269 13268 13270
v 8622.134 -7057.395 68.007
f 13271 13269 13270
v 8625.134 -7057.395 68.007
f 13271 13270 13272
v 8622.134 -7057.614 68.117
f 13273 13271 13272
v 8625.134 -7057.614 68.117
f 13273 13272 13274
v 8622.134 -7057.828 68.238
f 13275 13273 13274
v 8625.134 -7057.828 68.238
f 13275 13274 13276
v 8622.134 -7058.035 68.369
v 8625.134 -7058.035 68.369
f 13277 13276 13278
f 13277 13275 13276
v 8622.134 -7058.236 68.511
v 8625.134 -7058.236 68.511
f 13279 13278 13280
f 13279 13277 13278
v 8622.134 -7058.429 68.661
v 8625.134 -7058.429 68.661
f 13281 13280 13282
f 13281 13279 13280
v 8622.134 -7058.615 68.822
v 8625.134 -7058.615 68.822
f 13283 13282 13284
f 13283 13281 13282
v 8622.134 -7058.793 68.991
v 8625.134 -7058.793 68.991
f 13285 13284 13286
f 13285 13283 13284
v 8622.134 -7058.962 69.169
v 8625.134 -7058.962 69.169
f 13287 13286 13288
f 13287 13285 13286
v 8622.134 -7059.122 69.355
v 8625.134 -7059.122 69.355
f 13289 13288 13290
f 13289 13287 13288
v 8622.134 -7059.273 69.548
v 8625.134 -7059.273 69.548
f 13291 13290 13292
f 13291 13289 13290
v 8622.134 -7059.415 69.749
v 8625.134 -7059.415 69.749
f 13293 13292 13294
f 13293 13291 13292
v 8622.134 -7059.546 69.956
v 8625.134 -7059.546 69.956
f 13295 13294 13296
f 13295 13293 13294
v 8622.134 -7059.667 70.170
v 8625.134 -7059.667 70.170
f 13297 13296 13298
f 13297 13295 13296
v 8622.134 -7059.777 70.389
v 8625.134 -7059.777 70.389
f 13299 13298 13300
f 13299 13297 13298
v 8622.134 -7059.877 70.613
v 8625.134 -7059.877 70.613
f 13301 13300 13302
f 13301 13299 13300
v 8622.134 -7059.965 70.842
v 8625.134 -7059.965 70.842
f 13303 13302 13304
f 13303 13301 13302
v 8622.134 -7060.042 71.075
v 8625.134 -7060.042 71.075
f 13305 13304 13306
f 13305 13303 13304
v 8622.134 -7060.107 71.312
v 8625.134 -7060.107 71.312
f 13307 13306 13308
f 13307 13305 13306
v 8622.134 -7060.161 71.551
v 8625.134 -7060.161 71.551
f 13309 13308 13310
f 13309 13307 13308
v 8622.134 -7060.203 71.793
v 8625.134 -7060.203 71.793
f 13311 13310 13312
f 13311 13309 13310
v 8622.134 -7060.233 72.036
v 8625.134 -7060.233 72.036
f 13313 13312 13314
f 13313 13311 13312
v 8622.134 -7060.251 72.281
v 8625.134 -7060.251 72.281
f 13315 13314 13316
f 13315 13313 13314
v 8622.134 -7060.257 72.527
v 8625.134 -7060.257 72.527
f 13317 13316 13318
f 13317 13315 13316
f 13315 13311 13313
f 13317 13311 13315
f 13317 13309 13311
f 13309 13305 13307
f 13317 13305 13309
f 13305 13301 13303
f 13305 13299 13301
f 13317 13299 13305
f 13299 13295 13297
f 13299 13293 13295
f 13317 13293 13299
f 13291 13287 13289
f 13293 13287 13291
f 13317 13287 13293
f 13317 13285 13287
v 8622.134 -7060.257 162.527
f 13248 13250 13319
f 13319 13250 13317
f 13317 13283 13285
f 13281 13277 13279
f 13283 13277 13281
f 13277 13273 13275
f 13317 13273 13283
f 13283 13273 13277
f 13273 13269 13271
f 13317 13269 13273
f 13269 13265 13267
f 13265 13261 13263
f 13269 13261 13265
f 13269 13259 13261
f 13317 13259 13269
f 13317 13257 13259
f 13317 13253 13257
f 13317 13256 13253
f 13250 13256 13317
v 8622.134 -6948.257 127.527
v 8622.134 -6948.257 67.527
f 13320 13321 13250
f 13250 13321 13256
v 8595.134 -6945.257 127.527
v 8595.134 -6945.257 67.527
v 8595.134 -6948.257 127.527
f 13322 13323 13324
v 8595.134 -6948.257 67.527
f 13323 13325 13324
f 13320 13250 13249
v 8625.134 -6945.257 127.527
f 13326 13320 13249
f 13322 13324 13320
f 13322 13320 13326
f 13325 13320 13324
f 13321 13320 13325
v 8625.134 -6945.257 67.527
f 13323 13327 13321
f 13325 13323 13321
f 13254 13321 13327
f 13256 13321 13254
f 13327 13326 13249
v 8625.134 -7060.257 162.527
f 13328 13249 13251
f 13254 13327 13249
f 13318 13249 13328
f 13318 13254 13249
f 13258 13255 13254
f 13258 13254 13318
f 13312 13316 13314
f 13310 13318 13316
f 13310 13316 13312
f 13264 13262 13260
f 13266 13264 13260
f 13268 13260 13258
f 13268 13258 13318
f 13268 13266 13260
f 13298 13310 13308
f 13298 13308 13306
f 13298 13306 13304
f 13298 13304 13302
f 13298 13302 13300
f 13298 13318 13310
f 13276 13274 13272
f 13276 13272 13270
f 13276 13270 13268
f 13278 13276 13268
f 13278 13268 13318
f 13292 13298 13296
f 13292 13296 13294
f 13290 13298 13292
f 13290 13318 13298
f 13288 13318 13290
f 13286 13278 13318
f 13286 13318 13288
f 13286 13284 13282
f 13286 13282 13280
f 13286 13280 13278
f 13326 13327 13323
f 13326 13323 13322
v 8625.057 -7060.257 163.201
f 13251 13252 13329
f 13251 13329 13328
f 13329 13037 13036
f 13329 13036 13319
f 13328 13329 13319
f 13318 13319 13317
f 13318 13328 13319
v 8578.089 -7052.551 366.642
v 8578.150 -7052.843 366.378
v 8578.214 -7053.122 366.100
f 13330 13331 13332
v 8578.031 -7052.245 366.892
f 13333 13330 13332
v 8578.425 -7053.867 365.189
v 8578.282 -7053.386 365.808
v 8578.352 -7053.634 365.505
f 13334 13335 13336
v 8577.927 -7051.598 367.346
v 8577.977 -7051.927 367.127
f 13337 13338 13333
f 13337 13333 13332
v 8578.500 -7054.084 364.862
f 13339 13335 13334
v 8578.578 -7054.283 364.526
f 13340 13332 13335
f 13340 13335 13339
v 8577.837 -7050.907 367.734
v 8577.880 -7051.257 367.549
f 13341 13342 13337
v 8578.739 -7054.629 363.826
v 8578.658 -7054.465 364.180
f 13343 13340 13344
v 8577.763 -7050.180 368.054
v 8577.798 -7050.547 367.903
f 13345 13346 13341
v 8578.908 -7054.902 363.095
v 8578.823 -7054.775 363.464
f 13347 13343 13348
f 13347 13340 13343
v 8577.706 -7049.424 368.301
v 8577.732 -7049.805 368.187
f 13349 13350 13345
f 13349 13341 13337
f 13349 13345 13341
v 8579.082 -7055.099 362.342
v 8578.994 -7055.010 362.721
f 13351 13347 13352
v 8579.259 -7055.217 361.574
v 8579.170 -7055.168 361.960
f 13353 13351 13354
v 8577.644 -7047.855 368.571
v 8577.684 -7049.037 368.397
f 13355 13356 13349
v 8577.666 -7048.646 368.474
f 13355 13357 13356
v 8577.653 -7048.252 368.532
f 13355 13358 13357
v 8579.349 -7055.247 361.186
f 13359 13351 13353
v 8577.644 -7046.659 368.571
v 8577.639 -7047.457 368.590
f 13360 13361 13355
v 8577.639 -7047.058 368.590
f 13360 13362 13361
v 8579.618 -7055.217 360.022
v 8579.438 -7055.257 360.798
v 8579.528 -7055.247 360.409
f 13363 13364 13365
v 8579.707 -7055.168 359.636
f 13366 13364 13363
v 8577.666 -7045.868 368.474
v 8577.653 -7046.262 368.532
f 13367 13368 13360
v 8577.684 -7045.477 368.397
f 13369 13367 13360
v 8577.706 -7045.090 368.301
f 13370 13369 13360
f 13370 13349 13337
f 13370 13355 13349
f 13370 13360 13355
v 8580.054 -7054.775 358.132
v 8579.882 -7055.010 358.874
v 8579.969 -7054.902 358.500
f 13371 13372 13373
v 8577.763 -7044.334 368.054
v 8577.732 -7044.709 368.187
f 13374 13375 13370
v 8580.219 -7054.465 357.416
v 8580.137 -7054.629 357.770
f 13376 13371 13377
f 13376 13372 13371
v 8577.837 -7043.607 367.734
f 13378 13374 13370
v 8577.798 -7043.967 367.903
f 13378 13379 13374
v 8580.377 -7054.084 356.733
v 8580.299 -7054.283 357.070
f 13380 13376 13381
v 8580.452 -7053.867 356.407
f 13382 13376 13380
v 8577.977 -7042.587 367.127
v 8577.880 -7043.257 367.549
f 13383 13384 13378
v 8577.927 -7042.917 367.346
f 13383 13385 13384
v 8580.525 -7053.634 356.091
f 13386 13376 13382
v 8578.031 -7042.269 366.892
f 13387 13378 13370
f 13387 13383 13378
f 13387 13337 13332
f 13387 13370 13337
v 8580.662 -7053.122 355.496
v 8580.595 -7053.386 355.787
f 13388 13386 13389
f 13388 13376 13386
v 8578.214 -7041.393 366.100
f 13390 13387 13332
v 8578.089 -7041.964 366.642
f 13390 13391 13387
v 8578.150 -7041.671 366.378
f 13390 13392 13391
v 8580.788 -7052.551 354.953
v 8580.727 -7052.843 355.218
f 13393 13388 13394
v 8578.352 -7040.880 365.505
v 8578.282 -7041.129 365.808
f 13395 13396 13390
f 13395 13390 13332
v 8580.899 -7051.927 354.469
v 8580.845 -7052.245 354.704
f 13397 13393 13398
f 13397 13388 13393
v 8580.997 -7051.257 354.047
v 8580.950 -7051.598 354.250
f 13399 13397 13400
v 8578.658 -7040.049 364.180
v 8578.425 -7040.647 365.189
f 13401 13402 13395
v 8578.500 -7040.431 364.862
f 13401 13403 13402
v 8578.578 -7040.231 364.526
f 13401 13404 13403
v 8581.079 -7050.547 353.693
v 8581.040 -7050.907 353.861
f 13405 13399 13406
v 8578.739 -7039.885 363.826
f 13407 13332 13340
f 13407 13395 13332
f 13407 13340 13347
f 13407 13401 13395
v 8581.144 -7049.805 353.409
v 8581.114 -7050.180 353.542
f 13408 13405 13409
f 13408 13399 13405
v 8578.908 -7039.613 363.095
v 8578.823 -7039.740 363.464
f 13410 13411 13407
v 8578.994 -7039.505 362.721
f 13412 13407 13347
f 13412 13347 13351
f 13412 13410 13407
v 8581.193 -7049.037 353.198
v 8581.171 -7049.424 353.294
f 13413 13408 13414
f 13413 13399 13408
v 8579.170 -7039.347 361.960
v 8579.082 -7039.416 362.342
f 13415 13416 13412
f 13415 13412 13351
v 8581.224 -7048.252 353.063
v 8581.211 -7048.646 353.121
f 13417 13413 13418
v 8579.259 -7039.297 361.574
f 13419 13415 13351
f 13419 13351 13359
v 8581.237 -7047.058 353.005
f 13420 13413 13417
v 8581.233 -7047.855 353.025
v 8581.237 -7047.457 353.005
f 13420 13421 13422
f 13420 13417 13421
v 8579.528 -7039.267 360.409
f 13423 13419 13359
v 8579.349 -7039.267 361.186
f 13423 13424 13419
v 8579.438 -7039.257 360.798
f 13423 13425 13424
v 8579.618 -7039.297 360.022
f 13426 13359 13364
f 13426 13423 13359
v 8581.224 -7046.262 353.063
f 13427 13413 13420
v 8581.233 -7046.659 353.025
f 13427 13420 13428
v 8581.193 -7045.477 353.198
v 8581.211 -7045.868 353.121
f 13429 13427 13430
v 8579.882 -7039.505 358.874
f 13431 13426 13364
f 13431 13364 13366
f 13431 13372 13376
v 8579.795 -7055.099 359.253
f 13431 13432 13372
f 13431 13366 13432
v 8579.707 -7039.347 359.636
f 13431 13433 13426
v 8579.795 -7039.416 359.253
f 13431 13434 13433
v 8581.171 -7045.090 353.294
f 13435 13427 13429
v 8580.054 -7039.740 358.132
v 8579.969 -7039.613 358.500
f 13436 13437 13431
v 8581.114 -7044.334 353.542
v 8581.144 -7044.709 353.409
f 13438 13435 13439
v 8580.137 -7039.885 357.770
f 13440 13436 13431
v 8581.079 -7043.967 353.693
f 13441 13427 13435
f 13441 13413 13427
f 13441 13435 13438
f 13441 13388 13397
f 13441 13397 13399
f 13441 13399 13413
v 8580.299 -7040.231 357.070
f 13442 13440 13431
v 8580.219 -7040.049 357.416
f 13442 13443 13440
v 8580.377 -7040.431 356.733
f 13444 13442 13431
v 8580.950 -7042.917 354.250
f 13445 13388 13441
v 8581.040 -7043.607 353.861
v 8580.997 -7043.257 354.047
f 13445 13446 13447
f 13445 13441 13446
v 8580.595 -7041.129 355.787
f 13448 13431 13376
f 13448 13376 13388
f 13448 13444 13431
v 8580.452 -7040.647 356.407
f 13448 13449 13444
v 8580.525 -7040.880 356.091
f 13448 13450 13449
v 8580.788 -7041.964 354.953
f 13451 13388 13445
f 13451 13448 13388
v 8580.899 -7042.587 354.469
v 8580.845 -7042.269 354.704
f 13451 13452 13453
f 13451 13445 13452
v 8580.727 -7041.671 355.218
f 13454 13448 13451
v 8580.662 -7041.393 355.496
f 13454 13455 13448
v 8575.166 -7052.551 365.968
v 8575.108 -7052.245 366.217
v 8575.227 -7052.843 365.703
f 13456 13457 13458
v 8575.291 -7053.122 365.425
f 13458 13457 13459
v 8575.429 -7053.634 364.830
v 8575.358 -7053.386 365.134
f 13459 13460 13461
v 8575.054 -7051.927 366.452
f 13457 13462 13459
v 8575.577 -7054.084 364.188
v 8575.501 -7053.867 364.514
f 13460 13463 13464
v 8575.004 -7051.598 366.671
v 8574.957 -7051.257 366.874
f 13465 13466 13462
f 13462 13466 13459
v 8575.734 -7054.465 363.505
v 8575.655 -7054.283 363.851
f 13463 13467 13468
f 13459 13467 13460
f 13460 13467 13463
v 8574.914 -7050.907 367.060
v 8574.875 -7050.547 367.228
f 13469 13470 13466
v 8574.840 -7050.180 367.379
f 13470 13471 13466
v 8574.809 -7049.805 367.512
f 13471 13472 13466
v 8576.071 -7055.010 362.046
v 8575.816 -7054.629 363.151
f 13467 13473 13474
v 8575.900 -7054.775 362.789
f 13474 13473 13475
v 8575.985 -7054.902 362.421
f 13475 13473 13476
v 8574.783 -7049.424 367.627
v 8574.761 -7049.037 367.723
f 13477 13478 13472
f 13472 13478 13466
v 8576.247 -7055.168 361.285
v 8576.159 -7055.099 361.668
f 13473 13479 13480
v 8574.743 -7048.646 367.800
v 8574.730 -7048.252 367.857
f 13481 13482 13478
v 8576.515 -7055.257 360.123
v 8576.336 -7055.217 360.899
f 13479 13483 13484
v 8576.426 -7055.247 360.512
f 13484 13483 13485
v 8574.716 -7047.058 367.916
f 13482 13486 13478
v 8574.716 -7047.457 367.916
v 8574.721 -7047.855 367.896
f 13487 13486 13488
f 13488 13486 13482
v 8574.721 -7046.659 367.896
v 8574.730 -7046.262 367.857
f 13489 13490 13486
v 8576.605 -7055.247 359.734
v 8576.783 -7055.168 358.961
v 8576.694 -7055.217 359.347
f 13491 13492 13493
v 8576.872 -7055.099 358.578
f 13491 13494 13492
v 8574.743 -7045.868 367.800
v 8574.761 -7045.477 367.723
f 13495 13496 13490
v 8574.783 -7045.090 367.627
f 13490 13497 13486
f 13496 13497 13490
f 13478 13497 13466
f 13486 13497 13478
v 8577.046 -7054.902 357.825
v 8576.959 -7055.010 358.200
f 13494 13498 13499
v 8574.809 -7044.709 367.512
v 8574.840 -7044.334 367.379
f 13500 13501 13497
v 8574.875 -7043.967 367.228
f 13501 13502 13497
f 13497 13502 13466
v 8577.214 -7054.629 357.095
v 8577.376 -7054.283 356.395
v 8577.296 -7054.465 356.741
f 13503 13504 13505
v 8575.004 -7042.917 366.671
f 13466 13506 13459
f 13502 13506 13466
v 8574.957 -7043.257 366.874
v 8574.914 -7043.607 367.060
f 13507 13506 13508
f 13508 13506 13502
v 8575.108 -7042.269 366.217
f 13506 13509 13459
v 8575.054 -7042.587 366.452
f 13510 13509 13506
v 8577.529 -7053.867 355.732
v 8577.672 -7053.386 355.113
v 8577.602 -7053.634 355.416
f 13511 13512 13513
v 8575.166 -7041.964 365.968
f 13509 13514 13459
v 8577.739 -7053.122 354.821
f 13503 13515 13504
v 8577.131 -7054.775 357.457
f 13516 13515 13503
v 8577.454 -7054.084 356.058
f 13504 13515 13517
f 13517 13515 13511
f 13511 13515 13512
v 8575.358 -7041.129 365.134
f 13514 13518 13459
v 8575.291 -7041.393 365.425
v 8575.227 -7041.671 365.703
f 13519 13518 13520
f 13520 13518 13514
v 8575.429 -7040.880 364.830
v 8575.501 -7040.647 364.514
f 13521 13522 13518
v 8578.027 -7051.598 353.575
v 8577.804 -7052.843 354.543
f 13515 13523 13524
v 8577.865 -7052.551 354.279
f 13524 13523 13525
v 8577.922 -7052.245 354.029
f 13525 13523 13526
v 8577.976 -7051.927 353.794
f 13526 13523 13527
v 8575.577 -7040.431 364.188
f 13522 13528 13518
v 8575.655 -7040.231 363.851
f 13528 13529 13518
f 13459 13529 13467
f 13518 13529 13459
v 8578.117 -7050.907 353.186
v 8578.074 -7051.257 353.372
f 13523 13530 13531
v 8575.816 -7039.885 363.151
f 13529 13532 13467
v 8575.734 -7040.049 363.505
f 13533 13532 13529
v 8578.248 -7049.424 352.619
v 8578.156 -7050.547 353.018
f 13530 13534 13535
v 8578.190 -7050.180 352.867
f 13535 13534 13536
v 8578.221 -7049.805 352.734
f 13536 13534 13537
v 8576.071 -7039.505 362.046
f 13467 13538 13473
v 8575.985 -7039.613 362.421
v 8575.900 -7039.740 362.789
f 13539 13538 13540
f 13540 13538 13532
f 13532 13538 13467
v 8576.336 -7039.297 360.899
f 13479 13541 13483
v 8576.247 -7039.347 361.285
v 8576.159 -7039.416 361.668
f 13542 13541 13543
f 13543 13541 13538
f 13473 13541 13479
f 13538 13541 13473
v 8578.310 -7047.855 352.350
v 8578.270 -7049.037 352.524
f 13534 13544 13545
v 8578.287 -7048.646 352.446
f 13545 13544 13546
v 8578.301 -7048.252 352.389
f 13546 13544 13547
f 13523 13544 13530
f 13530 13544 13534
v 8576.426 -7039.267 360.512
f 13541 13548 13483
v 8576.515 -7039.257 360.123
f 13483 13549 13491
f 13548 13549 13483
v 8578.314 -7047.058 352.330
v 8578.314 -7047.457 352.330
f 13544 13550 13551
v 8576.605 -7039.267 359.734
f 13549 13552 13491
v 8576.694 -7039.297 359.347
f 13552 13553 13491
v 8576.783 -7039.347 358.961
f 13553 13554 13491
v 8578.310 -7046.659 352.350
v 8578.287 -7045.868 352.446
v 8578.301 -7046.262 352.389
f 13555 13556 13557
v 8578.270 -7045.477 352.524
f 13544 13558 13550
f 13555 13558 13556
f 13550 13558 13555
v 8576.959 -7039.505 358.200
f 13491 13559 13494
f 13554 13559 13491
v 8576.872 -7039.416 358.578
f 13560 13559 13554
v 8578.248 -7045.090 352.619
f 13523 13561 13544
f 13544 13561 13558
v 8577.046 -7039.613 357.825
v 8577.131 -7039.740 357.457
f 13562 13563 13559
v 8577.214 -7039.885 357.095
f 13494 13564 13498
f 13559 13564 13494
f 13563 13564 13559
v 8578.156 -7043.967 353.018
v 8578.221 -7044.709 352.734
f 13561 13565 13566
v 8578.190 -7044.334 352.867
f 13566 13565 13567
v 8577.296 -7040.049 356.741
f 13498 13568 13516
f 13516 13568 13515
f 13564 13568 13498
v 8578.117 -7043.607 353.186
f 13523 13569 13561
f 13561 13569 13565
v 8577.454 -7040.431 356.058
v 8577.529 -7040.647 355.732
v 8577.376 -7040.231 356.395
f 13570 13571 13572
f 13572 13571 13568
v 8577.976 -7042.587 353.794
v 8578.074 -7043.257 353.372
f 13569 13573 13574
v 8578.027 -7042.917 353.575
f 13574 13573 13575
f 13523 13573 13569
f 13515 13573 13523
v 8577.602 -7040.880 355.416
f 13568 13576 13515
f 13571 13576 13568
v 8577.672 -7041.129 355.113
v 8577.739 -7041.393 354.821
f 13577 13578 13576
f 13576 13578 13515
f 13515 13578 13573
v 8577.804 -7041.671 354.543
v 8577.922 -7042.269 354.029
f 13573 13579 13580
v 8577.865 -7041.964 354.279
f 13580 13579 13581
f 13578 13579 13573
o acc2_4
v 7289.194 -6948.257 127.527
v 7289.194 -6948.257 67.527
v 7289.194 -6945.257 127.527
f 13582 13583 13584
v 7289.194 -6945.257 67.527
f 13583 13585 13584
v 7259.194 -6945.257 127.527
v 7262.194 -6948.257 127.527
f 13584 13586 13587
f 13582 13584 13587
v 7259.194 -7000.257 127.527
f 13588 13587 13586
v 7262.194 -7000.257 127.527
f 13589 13587 13588
f 13587 13583 13582
v 7262.194 -6948.257 67.527
f 13587 13590 13583
f 13589 13590 13587
v 7262.194 -7000.257 162.527
v 7262.194 -7060.257 162.527
f 13591 13592 13589
v 7262.194 -7060.257 72.527
f 13592 13593 13589
v 7262.194 -7055.257 67.527
f 13589 13594 13590
f 13593 13594 13589
v 7262.194 -7060.161 71.551
v 7262.194 -7060.107 71.312
v 7262.194 -7060.203 71.793
f 13595 13596 13597
v 7262.194 -7060.233 72.036
f 13597 13596 13598
v 7262.194 -7056.472 67.676
v 7262.194 -7055.503 67.533
f 13594 13599 13600
v 7262.194 -7055.747 67.551
f 13600 13599 13601
v 7262.194 -7055.991 67.581
f 13601 13599 13602
v 7262.194 -7056.233 67.623
f 13602 13599 13603
v 7262.194 -7060.042 71.075
v 7262.194 -7060.251 72.281
f 13598 13604 13605
f 13605 13604 13593
f 13596 13604 13598
v 7262.194 -7056.709 67.742
f 13593 13606 13594
f 13594 13606 13599
v 7262.194 -7059.965 70.842
v 7262.194 -7059.877 70.613
f 13607 13608 13604
v 7262.194 -7057.395 68.007
v 7262.194 -7056.942 67.819
f 13606 13609 13610
v 7262.194 -7057.171 67.907
f 13610 13609 13611
v 7262.194 -7059.667 70.170
v 7262.194 -7059.546 69.956
v 7262.194 -7059.777 70.389
f 13612 13613 13614
f 13614 13613 13608
f 13608 13613 13604
v 7262.194 -7059.415 69.749
f 13613 13615 13604
v 7262.194 -7058.035 68.369
v 7262.194 -7057.614 68.117
f 13609 13616 13617
v 7262.194 -7057.828 68.238
f 13617 13616 13618
f 13606 13616 13609
v 7262.194 -7059.273 69.548
v 7262.194 -7059.122 69.355
f 13619 13620 13615
f 13604 13620 13593
f 13615 13620 13604
v 7262.194 -7058.429 68.661
f 13606 13621 13616
v 7262.194 -7058.236 68.511
f 13616 13621 13622
v 7262.194 -7058.793 68.991
f 13606 13623 13621
f 13620 13623 13593
v 7262.194 -7058.615 68.822
f 13621 13623 13624
v 7262.194 -7058.962 69.169
f 13625 13623 13620
f 13593 13623 13606
v 7259.194 -7055.503 67.533
v 7259.194 -7055.257 67.527
f 13626 13627 13594
f 13626 13594 13600
v 7259.194 -7055.747 67.551
f 13628 13600 13601
f 13628 13626 13600
v 7259.194 -7055.991 67.581
f 13629 13601 13602
f 13629 13628 13601
v 7259.194 -7056.233 67.623
f 13630 13602 13603
f 13630 13629 13602
v 7259.194 -7056.472 67.676
f 13631 13603 13599
f 13631 13630 13603
v 7259.194 -7056.709 67.742
f 13632 13599 13606
f 13632 13631 13599
v 7259.194 -7056.942 67.819
f 13633 13606 13610
f 13633 13632 13606
v 7259.194 -7057.171 67.907
f 13634 13610 13611
f 13634 13633 13610
v 7259.194 -7057.395 68.007
f 13635 13634 13611
f 13635 13611 13609
v 7259.194 -7057.614 68.117
f 13636 13609 13617
f 13636 13635 13609
v 7259.194 -7057.828 68.238
f 13637 13617 13618
f 13637 13636 13617
v 7259.194 -7058.035 68.369
f 13638 13618 13616
f 13638 13637 13618
v 7259.194 -7058.236 68.511
f 13639 13616 13622
f 13639 13638 13616
v 7259.194 -7058.429 68.661
f 13640 13622 13621
f 13640 13621 13624
f 13640 13639 13622
v 7259.194 -7058.615 68.822
f 13641 13640 13624
v 7259.194 -7058.793 68.991
f 13642 13624 13623
f 13642 13641 13624
v 7259.194 -7058.962 69.169
f 13643 13623 13625
f 13643 13642 13623
v 7259.194 -7059.122 69.355
f 13644 13625 13620
f 13644 13643 13625
v 7259.194 -7059.273 69.548
f 13645 13620 13619
f 13645 13644 13620
v 7259.194 -7059.415 69.749
f 13646 13619 13615
f 13646 13645 13619
v 7259.194 -7059.546 69.956
f 13647 13615 13613
f 13647 13646 13615
v 7259.194 -7059.667 70.170
f 13648 13613 13612
f 13648 13647 13613
v 7259.194 -7059.777 70.389
f 13649 13612 13614
f 13649 13614 13608
f 13649 13648 13612
v 7259.194 -7059.877 70.613
f 13650 13608 13607
f 13650 13649 13608
v 7259.194 -7059.965 70.842
f 13651 13650 13607
v 7259.194 -7060.042 71.075
f 13652 13607 13604
f 13652 13651 13607
v 7259.194 -7060.107 71.312
f 13653 13604 13596
f 13653 13652 13604
v 7259.194 -7060.161 71.551
f 13654 13596 13595
f 13654 13653 13596
v 7259.194 -7060.203 71.793
f 13655 13595 13597
f 13655 13597 13598
f 13655 13654 13595
v 7259.194 -7060.233 72.036
f 13656 13655 13598
v 7259.194 -7060.251 72.281
f 13657 13598 13605
f 13657 13656 13598
v 7259.194 -7060.257 72.527
f 13658 13605 13593
f 13658 13657 13605
f 13590 13594 13627
v 7259.194 -6945.257 67.527
f 13590 13627 13659
f 13585 13583 13590
f 13585 13590 13659
f 13655 13657 13658
f 13655 13656 13657
f 13653 13654 13655
f 13652 13653 13655
f 13652 13655 13658
f 13651 13652 13658
f 13650 13651 13658
f 13646 13648 13649
f 13646 13647 13648
f 13643 13645 13646
f 13643 13644 13645
f 13643 13646 13649
f 13642 13649 13650
f 13642 13643 13649
v 7259.194 -7060.257 162.527
f 13588 13658 13660
v 7259.194 -7000.257 162.527
f 13588 13660 13661
f 13640 13641 13642
f 13640 13642 13650
f 13638 13639 13640
f 13637 13650 13658
f 13637 13638 13640
f 13637 13640 13650
f 13636 13637 13658
f 13635 13636 13658
f 13633 13634 13635
f 13633 13635 13658
f 13629 13632 13633
f 13629 13631 13632
f 13629 13630 13631
f 13626 13628 13629
f 13626 13633 13658
f 13626 13629 13633
f 13627 13626 13658
f 13627 13658 13588
f 13659 13588 13586
f 13659 13627 13588
f 13585 13586 13584
f 13659 13586 13585
v 7259.270 -7060.257 163.201
v 7259.270 -7000.257 163.201
f 13660 13662 13663
f 13660 13663 13661
v 7306.510 -7000.257 367.819
v 7309.433 -7000.257 367.144
f 13663 13664 13665
f 13663 13665 13591
f 13661 13663 13591
f 13588 13591 13589
f 13588 13661 13591
v 7307.634 -7005.012 372.685
v 7307.635 -7005.257 372.691
v 7310.558 -7005.257 372.016
f 13666 13667 13668
v 7310.557 -7005.012 372.010
f 13666 13668 13669
v 7310.553 -7004.767 371.993
f 13666 13669 13670
v 7307.630 -7004.767 372.668
f 13671 13666 13670
v 7307.623 -7004.524 372.638
v 7310.546 -7004.524 371.963
f 13672 13670 13673
f 13672 13671 13670
v 7307.613 -7004.282 372.597
v 7310.536 -7004.282 371.923
f 13674 13673 13675
f 13674 13672 13673
v 7307.601 -7004.042 372.545
v 7310.524 -7004.042 371.870
f 13676 13675 13677
f 13676 13674 13675
v 7307.586 -7003.806 372.481
v 7310.510 -7003.806 371.806
f 13678 13677 13679
f 13678 13676 13677
v 7307.569 -7003.573 372.406
v 7310.492 -7003.573 371.731
f 13680 13679 13681
f 13680 13678 13679
v 7307.549 -7003.344 372.320
v 7310.472 -7003.344 371.645
f 13682 13681 13683
f 13682 13680 13681
v 7307.527 -7003.119 372.223
f 13684 13682 13683
v 7310.450 -7003.119 371.548
f 13684 13683 13685
v 7307.502 -7002.900 372.116
f 13686 13684 13685
v 7310.425 -7002.900 371.441
f 13686 13685 13687
v 7307.475 -7002.687 371.998
f 13688 13686 13687
v 7310.398 -7002.687 371.323
f 13688 13687 13689
v 7307.445 -7002.479 371.870
f 13690 13688 13689
v 7310.368 -7002.479 371.195
f 13690 13689 13691
v 7307.414 -7002.279 371.732
f 13692 13690 13691
v 7310.337 -7002.279 371.057
f 13692 13691 13693
v 7307.380 -7002.085 371.585
f 13694 13692 13693
v 7310.303 -7002.085 370.910
f 13694 13693 13695
v 7307.344 -7001.899 371.429
f 13696 13694 13695
v 7310.267 -7001.899 370.754
f 13696 13695 13697
v 7307.306 -7001.722 371.264
f 13698 13696 13697
v 7310.229 -7001.722 370.589
f 13698 13697 13699
v 7307.266 -7001.552 371.091
f 13700 13698 13699
v 7310.189 -7001.552 370.416
f 13700 13699 13701
v 7307.224 -7001.392 370.910
f 13702 13700 13701
v 7310.147 -7001.392 370.235
f 13702 13701 13703
v 7307.180 -7001.241 370.721
f 13704 13702 13703
v 7310.103 -7001.241 370.046
f 13704 13703 13705
v 7307.135 -7001.100 370.526
f 13706 13704 13705
v 7310.058 -7001.100 369.851
f 13706 13705 13707
v 7307.088 -7000.969 370.324
v 7310.012 -7000.969 369.649
f 13708 13707 13709
f 13708 13706 13707
v 7307.040 -7000.848 370.116
v 7309.964 -7000.848 369.441
f 13710 13709 13711
f 13710 13708 13709
v 7306.991 -7000.737 369.902
v 7309.914 -7000.737 369.227
f 13712 13711 13713
f 13712 13710 13711
v 7306.941 -7000.638 369.684
v 7309.864 -7000.638 369.009
f 13714 13713 13715
f 13714 13712 13713
v 7306.889 -7000.549 369.460
v 7309.812 -7000.549 368.786
f 13716 13715 13717
f 13716 13714 13715
v 7306.837 -7000.472 369.233
v 7309.760 -7000.472 368.559
f 13718 13717 13719
f 13718 13716 13717
v 7306.783 -7000.407 369.003
v 7309.707 -7000.407 368.328
f 13720 13719 13721
f 13720 13718 13719
v 7306.730 -7000.353 368.770
v 7309.653 -7000.353 368.095
f 13722 13721 13723
f 13722 13720 13721
v 7306.675 -7000.311 368.534
v 7309.598 -7000.311 367.859
f 13724 13723 13725
f 13724 13722 13723
v 7306.620 -7000.281 368.297
v 7309.544 -7000.281 367.622
f 13726 13725 13727
f 13726 13724 13725
v 7306.565 -7000.263 368.058
v 7309.488 -7000.263 367.383
f 13728 13727 13729
f 13728 13726 13727
f 13664 13728 13729
f 13664 13729 13665
v 7307.635 -7055.257 372.691
v 7310.558 -7055.257 372.016
f 13667 13730 13731
f 13668 13667 13731
v 7306.510 -7060.257 367.819
v 7309.433 -7060.257 367.144
v 7309.488 -7060.251 367.383
f 13732 13733 13734
v 7306.565 -7060.251 368.058
v 7309.544 -7060.233 367.622
f 13735 13734 13736
f 13735 13732 13734
v 7306.620 -7060.233 368.297
v 7309.598 -7060.203 367.859
f 13737 13736 13738
f 13737 13735 13736
v 7306.675 -7060.203 368.534
v 7309.653 -7060.161 368.095
f 13739 13738 13740
f 13739 13737 13738
v 7306.730 -7060.161 368.770
v 7309.707 -7060.107 368.328
f 13741 13740 13742
f 13741 13739 13740
v 7306.783 -7060.107 369.003
f 13743 13741 13742
v 7306.837 -7060.042 369.233
v 7309.760 -7060.042 368.559
f 13744 13742 13745
f 13744 13743 13742
v 7306.889 -7059.965 369.460
v 7309.812 -7059.965 368.786
f 13746 13745 13747
f 13746 13744 13745
v 7306.941 -7059.877 369.684
v 7309.864 -7059.877 369.009
f 13748 13747 13749
f 13748 13746 13747
v 7306.991 -7059.777 369.902
f 13750 13748 13749
v 7309.914 -7059.777 369.227
f 13750 13749 13751
v 7307.040 -7059.667 370.116
f 13752 13750 13751
v 7309.964 -7059.667 369.441
f 13752 13751 13753
v 7307.088 -7059.546 370.324
f 13754 13752 13753
v 7310.012 -7059.546 369.649
f 13754 13753 13755
v 7307.135 -7059.415 370.526
f 13756 13754 13755
v 7310.058 -7059.415 369.851
f 13756 13755 13757
v 7307.180 -7059.273 370.721
f 13758 13756 13757
v 7310.103 -7059.273 370.046
f 13758 13757 13759
v 7310.147 -7059.122 370.235
f 13758 13759 13760
v 7307.224 -7059.122 370.910
f 13761 13758 13760
v 7307.266 -7058.962 371.091
f 13762 13761 13760
v 7310.189 -7058.962 370.416
f 13762 13760 13763
v 7310.229 -7058.793 370.589
f 13762 13763 13764
v 7307.306 -7058.793 371.264
f 13765 13762 13764
v 7307.344 -7058.615 371.429
f 13766 13765 13764
v 7310.267 -7058.615 370.754
f 13766 13764 13767
v 7310.303 -7058.429 370.910
f 13766 13767 13768
v 7307.380 -7058.429 371.585
f 13769 13766 13768
v 7310.337 -7058.236 371.057
f 13769 13768 13770
v 7307.414 -7058.236 371.732
f 13771 13769 13770
v 7310.368 -7058.035 371.195
f 13771 13770 13772
v 7307.445 -7058.035 371.870
f 13773 13771 13772
v 7307.475 -7057.828 371.998
v 7310.398 -7057.828 371.323
f 13774 13772 13775
f 13774 13773 13772
v 7310.425 -7057.614 371.441
f 13774 13775 13776
v 7307.502 -7057.614 372.116
v 7310.450 -7057.395 371.548
f 13777 13776 13778
f 13777 13774 13776
v 7307.527 -7057.395 372.223
v 7310.472 -7057.171 371.645
f 13779 13778 13780
f 13779 13777 13778
v 7307.549 -7057.171 372.320
v 7310.492 -7056.942 371.731
f 13781 13780 13782
f 13781 13779 13780
v 7307.569 -7056.942 372.406
f 13783 13781 13782
v 7307.586 -7056.709 372.481
v 7310.510 -7056.709 371.806
f 13784 13782 13785
v 7310.524 -7056.472 371.870
f 13784 13785 13786
f 13784 13783 13782
v 7307.601 -7056.472 372.545
f 13787 13784 13786
v 7307.613 -7056.233 372.597
v 7310.536 -7056.233 371.923
f 13788 13786 13789
v 7310.546 -7055.991 371.963
f 13788 13789 13790
f 13788 13787 13786
v 7307.623 -7055.991 372.638
f 13791 13788 13790
v 7307.630 -7055.747 372.668
v 7310.553 -7055.747 371.993
f 13792 13790 13793
v 7310.557 -7055.503 372.010
f 13792 13793 13794
f 13792 13791 13790
v 7307.634 -7055.503 372.685
f 13795 13792 13794
f 13730 13794 13731
f 13730 13795 13794
v 7292.429 -7060.257 306.827
v 7295.352 -7060.257 306.152
f 13733 13796 13797
f 13732 13796 13733
v 7291.551 -7058.381 303.022
v 7294.474 -7058.381 302.347
v 7294.510 -7058.571 302.504
f 13798 13799 13800
v 7291.587 -7058.571 303.179
f 13801 13798 13800
v 7291.625 -7058.753 303.344
v 7294.548 -7058.753 302.669
f 13802 13800 13803
f 13802 13801 13800
v 7291.665 -7058.927 303.518
v 7294.588 -7058.927 302.843
f 13804 13803 13805
f 13804 13802 13803
v 7291.707 -7059.091 303.700
v 7294.630 -7059.091 303.025
f 13806 13805 13807
f 13806 13804 13805
v 7291.751 -7059.246 303.889
v 7294.674 -7059.246 303.214
f 13808 13807 13809
f 13808 13806 13807
v 7291.796 -7059.391 304.086
v 7294.719 -7059.391 303.411
f 13810 13809 13811
f 13810 13808 13809
v 7291.843 -7059.526 304.290
v 7294.766 -7059.526 303.615
f 13812 13811 13813
f 13812 13810 13811
v 7291.892 -7059.650 304.500
v 7294.815 -7059.650 303.825
f 13814 13813 13815
f 13814 13812 13813
v 7291.942 -7059.764 304.716
v 7294.865 -7059.764 304.041
f 13816 13815 13817
v 7294.916 -7059.866 304.262
f 13816 13817 13818
f 13816 13814 13815
v 7291.993 -7059.866 304.937
f 13819 13816 13818
v 7292.045 -7059.957 305.163
v 7294.968 -7059.957 304.488
f 13820 13818 13821
f 13820 13819 13818
v 7292.098 -7060.036 305.393
v 7295.021 -7060.036 304.718
f 13822 13821 13823
f 13822 13820 13821
v 7292.152 -7060.103 305.626
v 7295.075 -7060.103 304.952
f 13824 13823 13825
f 13824 13822 13823
v 7292.206 -7060.158 305.863
v 7295.130 -7060.158 305.188
f 13826 13825 13827
f 13826 13824 13825
v 7292.262 -7060.202 306.102
f 13828 13826 13827
v 7295.185 -7060.202 305.427
f 13828 13827 13829
v 7292.317 -7060.232 306.342
f 13830 13828 13829
v 7295.240 -7060.232 305.668
f 13830 13829 13831
v 7295.296 -7060.251 305.909
f 13830 13831 13832
v 7292.373 -7060.251 306.584
f 13833 13830 13832
f 13796 13833 13832
f 13796 13832 13797
v 7290.312 -7035.257 284.323
f 13834 13799 13798
v 7287.389 -7035.257 284.998
f 13834 13798 13835
v 7268.269 -7035.257 202.176
v 7271.192 -7035.257 201.501
f 13834 13836 13837
f 13835 13836 13834
v 7267.030 -7058.381 183.477
f 13838 13837 13836
v 7264.107 -7058.381 184.152
f 13838 13836 13839
v 7263.285 -7060.251 180.590
v 7263.229 -7060.257 180.347
v 7266.152 -7060.257 179.672
f 13840 13841 13842
v 7266.208 -7060.251 179.915
f 13840 13842 13843
v 7263.341 -7060.232 180.832
v 7266.264 -7060.232 180.157
f 13844 13843 13845
f 13844 13840 13843
v 7263.396 -7060.202 181.072
v 7266.319 -7060.202 180.397
f 13846 13845 13847
f 13846 13844 13845
v 7263.451 -7060.158 181.311
v 7266.374 -7060.158 180.636
f 13848 13847 13849
f 13848 13846 13847
v 7263.506 -7060.103 181.547
v 7266.429 -7060.103 180.873
f 13850 13849 13851
f 13850 13848 13849
v 7263.560 -7060.036 181.781
v 7266.483 -7060.036 181.106
f 13852 13851 13853
f 13852 13850 13851
v 7263.613 -7059.957 182.011
v 7266.536 -7059.957 181.336
f 13854 13853 13855
f 13854 13852 13853
v 7263.665 -7059.866 182.237
v 7266.588 -7059.866 181.562
f 13856 13855 13857
f 13856 13854 13855
v 7263.716 -7059.764 182.458
v 7266.639 -7059.764 181.783
f 13858 13857 13859
f 13858 13856 13857
v 7263.766 -7059.650 182.674
v 7266.689 -7059.650 181.999
f 13860 13859 13861
f 13860 13858 13859
v 7263.814 -7059.526 182.884
v 7266.738 -7059.526 182.209
f 13862 13861 13863
f 13862 13860 13861
v 7263.862 -7059.391 183.088
v 7266.785 -7059.391 182.413
f 13864 13863 13865
f 13864 13862 13863
v 7263.907 -7059.246 183.285
v 7266.830 -7059.246 182.610
f 13866 13865 13867
f 13866 13864 13865
v 7263.951 -7059.091 183.474
v 7266.874 -7059.091 182.800
f 13868 13867 13869
f 13868 13866 13867
v 7263.993 -7058.927 183.656
f 13870 13868 13869
v 7266.916 -7058.927 182.982
f 13870 13869 13871
v 7264.033 -7058.753 183.830
f 13872 13870 13871
v 7266.956 -7058.753 183.155
f 13872 13871 13873
v 7264.071 -7058.571 183.995
f 13874 13872 13873
v 7266.994 -7058.571 183.321
f 13874 13873 13875
f 13839 13874 13875
f 13839 13875 13838
f 13660 13658 13593
f 13660 13593 13592
f 13662 13660 13592
f 13842 13662 13592
f 13841 13662 13842
v 7306.239 -7041.964 366.642
v 7306.177 -7041.671 366.378
v 7306.113 -7041.393 366.100
f 13876 13877 13878
v 7305.976 -7040.880 365.505
v 7306.046 -7041.129 365.808
f 13879 13878 13880
v 7306.350 -7042.587 367.127
f 13881 13876 13878
v 7306.296 -7042.269 366.892
f 13881 13882 13876
v 7306.448 -7043.257 367.549
v 7306.401 -7042.917 367.346
f 13883 13884 13881
v 7305.750 -7040.231 364.526
f 13885 13878 13879
v 7305.903 -7040.647 365.189
f 13885 13879 13886
v 7305.828 -7040.431 364.862
f 13885 13886 13887
v 7306.491 -7043.607 367.734
f 13888 13883 13881
v 7305.588 -7039.885 363.826
v 7305.670 -7040.049 364.180
f 13889 13885 13890
v 7306.595 -7044.709 368.187
v 7306.564 -7044.334 368.054
v 7306.530 -7043.967 367.903
f 13891 13892 13893
f 13891 13893 13888
v 7305.420 -7039.613 363.095
v 7305.505 -7039.740 363.464
f 13894 13889 13895
f 13894 13885 13889
v 7306.644 -7045.477 368.397
v 7306.622 -7045.090 368.301
f 13896 13897 13891
f 13896 13891 13888
v 7305.157 -7039.347 361.960
v 7305.333 -7039.505 362.721
f 13898 13894 13899
v 7305.246 -7039.416 362.342
f 13898 13899 13900
v 7306.675 -7046.262 368.532
v 7306.661 -7045.868 368.474
f 13901 13902 13896
v 7304.979 -7039.267 361.186
v 7305.068 -7039.297 361.574
f 13903 13898 13904
v 7306.688 -7047.058 368.590
v 7306.684 -7046.659 368.571
f 13905 13906 13901
f 13905 13901 13896
v 7306.675 -7048.252 368.532
v 7306.684 -7047.855 368.571
v 7306.688 -7047.457 368.590
f 13907 13908 13909
v 7304.621 -7039.347 359.636
v 7304.889 -7039.257 360.798
v 7304.799 -7039.267 360.409
f 13910 13911 13912
v 7304.710 -7039.297 360.022
f 13910 13912 13913
v 7306.644 -7049.037 368.397
f 13914 13907 13909
v 7306.661 -7048.646 368.474
f 13914 13915 13907
f 13914 13909 13905
f 13914 13905 13896
v 7304.445 -7039.505 358.874
v 7304.533 -7039.416 359.253
f 13916 13910 13917
v 7306.595 -7049.805 368.187
v 7306.622 -7049.424 368.301
f 13918 13919 13914
v 7304.190 -7039.885 357.770
v 7304.359 -7039.613 358.500
v 7304.274 -7039.740 358.132
f 13920 13921 13922
v 7306.530 -7050.547 367.903
v 7306.564 -7050.180 368.054
f 13923 13924 13918
v 7304.108 -7040.049 357.416
f 13925 13921 13920
f 13925 13916 13921
v 7306.491 -7050.907 367.734
f 13926 13923 13918
f 13926 13918 13914
v 7303.951 -7040.431 356.733
v 7304.029 -7040.231 357.070
f 13927 13925 13928
v 7306.350 -7051.927 367.127
v 7306.401 -7051.598 367.346
v 7306.448 -7051.257 367.549
f 13929 13930 13931
f 13929 13931 13926
v 7303.803 -7040.880 356.091
v 7303.875 -7040.647 356.407
f 13932 13927 13933
v 7303.732 -7041.129 355.787
f 13934 13927 13932
v 7306.239 -7052.551 366.642
v 7306.296 -7052.245 366.892
f 13935 13936 13929
f 13935 13929 13926
f 13935 13926 13914
v 7303.601 -7041.671 355.218
f 13937 13927 13934
v 7303.665 -7041.393 355.496
f 13937 13934 13938
v 7306.113 -7053.122 366.100
f 13939 13914 13896
v 7306.177 -7052.843 366.378
f 13939 13940 13935
f 13939 13881 13878
f 13939 13878 13885
f 13939 13935 13914
f 13939 13888 13881
f 13939 13896 13888
v 7305.976 -7053.634 365.505
v 7306.046 -7053.386 365.808
f 13941 13942 13939
v 7305.903 -7053.867 365.189
f 13943 13941 13939
f 13943 13939 13885
v 7305.828 -7054.084 364.862
f 13944 13943 13885
v 7303.331 -7043.257 354.047
v 7303.428 -7042.587 354.469
v 7303.377 -7042.917 354.250
f 13945 13946 13947
v 7303.288 -7043.607 353.861
f 13948 13946 13945
v 7303.482 -7042.269 354.704
f 13948 13949 13946
v 7305.670 -7054.465 364.180
v 7305.750 -7054.283 364.526
f 13950 13951 13944
v 7303.214 -7044.334 353.542
f 13952 13949 13948
v 7303.540 -7041.964 354.953
f 13952 13953 13949
v 7303.249 -7043.967 353.693
f 13952 13948 13954
v 7305.505 -7054.775 363.464
v 7305.588 -7054.629 363.826
f 13955 13956 13950
f 13955 13950 13944
f 13955 13944 13885
f 13955 13885 13894
v 7303.157 -7045.090 353.294
v 7303.183 -7044.709 353.409
f 13957 13952 13958
v 7303.135 -7045.477 353.198
f 13959 13952 13957
v 7303.104 -7046.262 353.063
f 13960 13953 13952
f 13960 13937 13953
v 7303.117 -7045.868 353.121
f 13960 13959 13961
f 13960 13952 13959
v 7305.068 -7055.217 361.574
v 7305.157 -7055.168 361.960
v 7305.246 -7055.099 362.342
f 13962 13963 13964
v 7305.333 -7055.010 362.721
f 13962 13964 13965
v 7305.420 -7054.902 363.095
f 13962 13965 13966
f 13962 13966 13955
f 13962 13903 13911
f 13962 13894 13898
f 13962 13955 13894
f 13962 13898 13903
v 7303.090 -7047.058 353.005
v 7303.095 -7046.659 353.025
f 13967 13960 13968
v 7304.889 -7055.257 360.798
v 7304.979 -7055.247 361.186
f 13969 13970 13962
f 13969 13962 13911
v 7303.095 -7047.855 353.025
f 13971 13937 13960
f 13971 13960 13967
v 7303.090 -7047.457 353.005
f 13971 13967 13972
v 7304.710 -7055.217 360.022
f 13973 13911 13910
f 13973 13969 13911
v 7304.799 -7055.247 360.409
f 13973 13974 13969
v 7303.117 -7048.646 353.121
v 7303.104 -7048.252 353.063
f 13975 13971 13976
v 7304.533 -7055.099 359.253
f 13977 13910 13916
f 13977 13973 13910
v 7304.621 -7055.168 359.636
f 13977 13978 13973
v 7303.135 -7049.037 353.198
f 13979 13971 13975
v 7304.274 -7054.775 358.132
f 13980 13916 13925
v 7304.359 -7054.902 358.500
v 7304.445 -7055.010 358.874
f 13980 13981 13982
f 13980 13982 13977
f 13980 13977 13916
v 7303.214 -7050.180 353.542
v 7303.157 -7049.424 353.294
v 7303.183 -7049.805 353.409
f 13983 13984 13985
f 13983 13979 13984
v 7303.249 -7050.547 353.693
f 13986 13979 13983
v 7304.108 -7054.465 357.416
v 7304.190 -7054.629 357.770
f 13987 13988 13980
v 7303.331 -7051.257 354.047
v 7303.288 -7050.907 353.861
f 13989 13986 13990
v 7303.951 -7054.084 356.733
v 7304.029 -7054.283 357.070
f 13991 13992 13987
f 13991 13980 13925
f 13991 13987 13980
v 7303.377 -7051.598 354.250
f 13993 13986 13989
v 7303.428 -7051.927 354.469
f 13994 13979 13986
f 13994 13986 13993
v 7303.482 -7052.245 354.704
f 13995 13979 13994
v 7303.665 -7053.122 355.496
v 7303.732 -7053.386 355.787
v 7303.803 -7053.634 356.091
f 13996 13997 13998
v 7303.875 -7053.867 356.407
f 13996 13998 13999
f 13996 13999 13991
f 13996 13925 13927
f 13996 13991 13925
v 7303.601 -7052.843 355.218
v 7303.540 -7052.551 354.953
f 14000 13995 14001
f 14000 13937 13971
f 14000 13971 13979
f 14000 13927 13937
f 14000 13979 13995
f 14000 13996 13927
v 7309.101 -7041.671 365.703
v 7308.969 -7041.129 365.134
v 7309.036 -7041.393 365.425
f 14002 14003 14004
v 7308.751 -7040.431 364.188
f 14002 14005 14003
v 7308.899 -7040.880 364.830
v 7308.826 -7040.647 364.514
f 14006 14005 14007
f 14003 14005 14006
v 7309.162 -7041.964 365.968
f 14008 14005 14002
v 7309.324 -7042.917 366.671
v 7309.371 -7043.257 366.874
v 7309.273 -7042.587 366.452
f 14009 14010 14011
v 7309.414 -7043.607 367.060
f 14010 14012 14011
v 7308.593 -7040.049 363.505
v 7308.673 -7040.231 363.851
f 14005 14013 14014
v 7308.511 -7039.885 363.151
f 14005 14015 14013
v 7309.488 -7044.334 367.379
f 14012 14016 14011
v 7309.219 -7042.269 366.217
f 14011 14016 14017
v 7309.453 -7043.967 367.228
f 14018 14016 14012
v 7309.518 -7044.709 367.512
v 7309.545 -7045.090 367.627
f 14019 14020 14016
v 7308.428 -7039.740 362.789
v 7308.256 -7039.505 362.046
v 7308.343 -7039.613 362.421
f 14021 14022 14023
f 14015 14022 14021
v 7309.567 -7045.477 367.723
f 14020 14024 14016
f 14016 14024 14017
f 14017 14024 14008
v 7308.169 -7039.416 361.668
f 14015 14025 14022
v 7308.081 -7039.347 361.285
f 14015 14026 14025
v 7309.585 -7045.868 367.800
v 7309.598 -7046.262 367.857
f 14027 14028 14024
v 7307.902 -7039.267 360.512
v 7307.991 -7039.297 360.899
f 14026 14029 14030
v 7309.607 -7046.659 367.896
v 7309.611 -7047.058 367.916
f 14031 14032 14028
v 7307.723 -7039.267 359.734
v 7307.812 -7039.257 360.123
f 14029 14033 14034
v 7309.607 -7047.855 367.896
f 14028 14035 14024
f 14032 14035 14028
v 7309.611 -7047.457 367.916
f 14036 14035 14032
v 7307.544 -7039.347 358.961
v 7307.633 -7039.297 359.347
f 14033 14037 14038
f 14026 14037 14029
f 14029 14037 14033
v 7309.567 -7049.037 367.723
f 14024 14039 14008
f 14035 14039 14024
v 7309.598 -7048.252 367.857
f 14040 14039 14035
v 7309.585 -7048.646 367.800
f 14041 14039 14040
v 7307.368 -7039.505 358.200
v 7307.456 -7039.416 358.578
f 14037 14042 14043
v 7307.282 -7039.613 357.825
f 14037 14044 14042
v 7309.545 -7049.424 367.627
v 7309.518 -7049.805 367.512
f 14045 14046 14039
v 7309.488 -7050.180 367.379
f 14046 14047 14039
v 7309.453 -7050.547 367.228
f 14047 14048 14039
v 7307.197 -7039.740 357.457
v 7307.031 -7040.049 356.741
v 7307.113 -7039.885 357.095
f 14049 14050 14051
v 7306.952 -7040.231 356.395
f 14049 14052 14050
f 14044 14052 14049
v 7309.414 -7050.907 367.060
v 7309.324 -7051.598 366.671
f 14053 14054 14048
v 7309.371 -7051.257 366.874
f 14055 14054 14053
v 7306.799 -7040.647 355.732
v 7306.874 -7040.431 356.058
f 14052 14056 14057
v 7309.273 -7051.927 366.452
f 14048 14058 14039
f 14054 14058 14048
v 7309.219 -7052.245 366.217
v 7309.101 -7052.843 365.703
f 14059 14060 14058
v 7309.162 -7052.551 365.968
f 14061 14060 14059
f 14008 14060 14005
f 14058 14060 14039
f 14039 14060 14008
v 7306.656 -7041.129 355.113
v 7306.524 -7041.671 354.543
v 7306.588 -7041.393 354.821
f 14062 14063 14064
v 7309.036 -7053.122 365.425
f 14060 14065 14005
v 7306.463 -7041.964 354.279
f 14052 14066 14056
v 7306.726 -7040.880 355.416
f 14067 14066 14062
f 14056 14066 14067
f 14062 14066 14063
v 7306.405 -7042.269 354.029
f 14052 14068 14066
v 7308.969 -7053.386 365.134
v 7308.826 -7053.867 364.514
f 14069 14070 14065
v 7308.899 -7053.634 364.830
f 14071 14070 14069
v 7308.751 -7054.084 364.188
f 14070 14072 14065
v 7306.351 -7042.587 353.794
v 7306.254 -7043.257 353.372
v 7306.301 -7042.917 353.575
f 14073 14074 14075
f 14068 14074 14073
v 7306.211 -7043.607 353.186
f 14052 14076 14068
f 14068 14076 14074
v 7308.673 -7054.283 363.851
v 7308.511 -7054.629 363.151
f 14077 14078 14072
v 7308.593 -7054.465 363.505
f 14079 14078 14077
v 7308.428 -7054.775 362.789
f 14065 14080 14005
f 14072 14080 14065
f 14005 14080 14015
f 14078 14080 14072
v 7306.172 -7043.967 353.018
v 7306.106 -7044.709 352.734
v 7306.137 -7044.334 352.867
f 14081 14082 14083
f 14076 14082 14081
v 7306.058 -7045.477 352.524
v 7306.080 -7045.090 352.619
f 14082 14084 14085
v 7308.343 -7054.902 362.421
v 7308.169 -7055.099 361.668
f 14086 14087 14080
v 7308.256 -7055.010 362.046
f 14088 14087 14086
f 14015 14087 14026
f 14080 14087 14015
v 7308.081 -7055.168 361.285
v 7307.991 -7055.217 360.899
f 14089 14090 14087
f 14087 14090 14026
v 7306.040 -7045.868 352.446
v 7306.018 -7046.659 352.350
v 7306.027 -7046.262 352.389
f 14091 14092 14093
f 14084 14092 14091
v 7307.902 -7055.247 360.512
f 14090 14094 14026
v 7306.013 -7047.058 352.330
f 14084 14095 14092
v 7307.723 -7055.247 359.734
v 7307.633 -7055.217 359.347
v 7307.812 -7055.257 360.123
f 14096 14097 14098
v 7306.018 -7047.855 352.350
v 7306.040 -7048.646 352.446
v 7306.027 -7048.252 352.389
f 14099 14100 14101
v 7306.013 -7047.457 352.330
f 14102 14100 14099
v 7307.456 -7055.099 358.578
f 14026 14103 14037
v 7307.544 -7055.168 358.961
f 14104 14103 14097
f 14094 14103 14026
f 14097 14103 14098
f 14098 14103 14094
v 7306.058 -7049.037 352.524
f 14084 14105 14095
f 14102 14105 14100
f 14095 14105 14102
v 7307.368 -7055.010 358.200
v 7307.282 -7054.902 357.825
f 14106 14107 14103
f 14103 14107 14037
v 7306.106 -7049.805 352.734
v 7306.080 -7049.424 352.619
f 14105 14108 14109
v 7307.197 -7054.775 357.457
f 14107 14110 14037
v 7306.172 -7050.547 353.018
v 7306.137 -7050.180 352.867
f 14108 14111 14112
v 7306.211 -7050.907 353.186
f 14105 14113 14108
f 14108 14113 14111
v 7306.254 -7051.257 353.372
f 14105 14114 14113
v 7307.113 -7054.629 357.095
v 7306.874 -7054.084 356.058
f 14115 14116 14110
v 7307.031 -7054.465 356.741
f 14117 14116 14115
v 7306.952 -7054.283 356.395
f 14118 14116 14117
f 14110 14116 14037
f 14037 14116 14044
v 7306.799 -7053.867 355.732
f 14044 14119 14052
f 14116 14119 14044
f 14076 14119 14082
f 14052 14119 14076
f 14082 14119 14084
v 7306.301 -7051.598 353.575
v 7306.405 -7052.245 354.029
v 7306.351 -7051.927 353.794
f 14120 14121 14122
f 14114 14121 14120
v 7306.463 -7052.551 354.279
f 14105 14123 14114
f 14114 14123 14121
v 7306.726 -7053.634 355.416
v 7306.588 -7053.122 354.821
f 14124 14125 14119
v 7306.656 -7053.386 355.113
f 14126 14125 14124
f 14084 14125 14105
f 14119 14125 14084
v 7306.524 -7052.843 354.543
f 14125 14127 14105
f 14105 14127 14123
o main_0
v 2399.660 2153.329 -577.500
v 2325.660 2153.329 -577.500
v 2325.660 2153.329 -563.500
f 14128 14129 14130
v 2399.660 2153.329 -563.500
f 14131 14128 14130
v 2317.660 2145.329 -577.500
v 2317.660 2145.329 -563.500
v 2317.669 2145.721 -563.500
f 14132 14133 14134
v 2317.669 2145.721 -577.500
v 2317.698 2146.113 -563.500
f 14135 14134 14136
f 14135 14132 14134
v 2317.698 2146.113 -577.500
v 2317.746 2146.503 -563.500
f 14137 14136 14138
f 14137 14135 14136
v 2317.746 2146.503 -577.500
v 2317.813 2146.889 -563.500
f 14139 14138 14140
f 14139 14137 14138
v 2317.813 2146.889 -577.500
v 2317.899 2147.273 -563.500
f 14141 14140 14142
f 14141 14139 14140
v 2317.899 2147.273 -577.500
f 14143 14141 14142
v 2318.004 2147.651 -577.500
v 2318.004 2147.651 -563.500
f 14144 14142 14145
f 14144 14143 14142
v 2318.127 2148.024 -577.500
v 2318.127 2148.024 -563.500
f 14146 14145 14147
f 14146 14144 14145
v 2318.269 2148.390 -577.500
f 14148 14146 14147
v 2318.269 2148.390 -563.500
f 14148 14147 14149
v 2318.428 2148.749 -577.500
f 14150 14148 14149
v 2318.428 2148.749 -563.500
f 14150 14149 14151
v 2318.604 2149.100 -577.500
f 14152 14150 14151
v 2318.604 2149.100 -563.500
f 14152 14151 14153
v 2318.798 2149.442 -577.500
f 14154 14152 14153
v 2318.798 2149.442 -563.500
f 14154 14153 14155
v 2319.008 2149.773 -577.500
f 14156 14154 14155
v 2319.008 2149.773 -563.500
f 14156 14155 14157
v 2319.234 2150.094 -577.500
v 2319.234 2150.094 -563.500
f 14158 14157 14159
f 14158 14156 14157
v 2319.476 2150.404 -577.500
v 2319.476 2150.404 -563.500
f 14160 14159 14161
f 14160 14158 14159
v 2319.732 2150.701 -577.500
v 2319.732 2150.701 -563.500
f 14162 14161 14163
f 14162 14160 14161
v 2320.003 2150.986 -577.500
v 2320.003 2150.986 -563.500
f 14164 14163 14165
f 14164 14162 14163
v 2320.287 2151.256 -577.500
v 2320.287 2151.256 -563.500
f 14166 14165 14167
f 14166 14164 14165
v 2320.585 2151.513 -577.500
v 2320.585 2151.513 -563.500
f 14168 14167 14169
f 14168 14166 14167
v 2320.894 2151.754 -577.500
v 2320.894 2151.754 -563.500
f 14170 14169 14171
f 14170 14168 14169
v 2321.215 2151.980 -577.500
v 2321.215 2151.980 -563.500
f 14172 14171 14173
f 14172 14170 14171
v 2321.547 2152.191 -577.500
v 2321.547 2152.191 -563.500
f 14174 14173 14175
f 14174 14172 14173
v 2321.889 2152.384 -577.500
v 2321.889 2152.384 -563.500
f 14176 14175 14177
f 14176 14174 14175
v 2322.239 2152.561 -577.500
v 2322.239 2152.561 -563.500
f 14178 14177 14179
f 14178 14176 14177
v 2322.598 2152.720 -577.500
v 2322.598 2152.720 -563.500
f 14180 14179 14181
f 14180 14178 14179
v 2322.965 2152.861 -577.500
v 2322.965 2152.861 -563.500
f 14182 14181 14183
f 14182 14180 14181
v 2323.337 2152.984 -577.500
v 2323.337 2152.984 -563.500
f 14184 14183 14185
f 14184 14182 14183
v 2323.716 2153.089 -577.500
v 2323.716 2153.089 -563.500
f 14186 14185 14187
f 14186 14184 14185
v 2324.099 2153.175 -577.500
v 2324.099 2153.175 -563.500
f 14188 14187 14189
f 14188 14186 14187
v 2324.486 2153.242 -577.500
v 2324.486 2153.242 -563.500
f 14190 14189 14191
f 14190 14188 14189
v 2324.876 2153.290 -577.500
v 2324.876 2153.290 -563.500
f 14192 14191 14193
f 14192 14190 14191
v 2325.267 2153.319 -577.500
v 2325.267 2153.319 -563.500
f 14194 14193 14195
f 14194 14192 14193
f 14129 14195 14130
f 14129 14194 14195
v 2317.660 1961.329 -577.500
v 2317.660 1961.329 -563.500
f 14196 14197 14133
f 14196 14133 14132
v 2325.660 1953.329 -577.500
v 2325.660 1953.329 -563.500
v 2325.267 1953.338 -563.500
f 14198 14199 14200
v 2325.267 1953.338 -577.500
v 2324.876 1953.367 -563.500
f 14201 14200 14202
f 14201 14198 14200
v 2324.876 1953.367 -577.500
v 2324.486 1953.415 -563.500
f 14203 14202 14204
f 14203 14201 14202
v 2324.486 1953.415 -577.500
f 14205 14203 14204
v 2324.099 1953.482 -577.500
v 2324.099 1953.482 -563.500
f 14206 14204 14207
f 14206 14205 14204
v 2323.716 1953.568 -577.500
v 2323.716 1953.568 -563.500
v 2323.337 1953.673 -563.500
f 14208 14209 14210
f 14208 14207 14209
f 14208 14206 14207
v 2323.337 1953.673 -577.500
f 14211 14208 14210
v 2322.965 1953.796 -577.500
f 14212 14211 14210
v 2322.965 1953.796 -563.500
f 14212 14210 14213
v 2322.598 1953.938 -577.500
f 14214 14212 14213
v 2322.598 1953.938 -563.500
f 14214 14213 14215
v 2322.239 1954.097 -577.500
f 14216 14214 14215
v 2322.239 1954.097 -563.500
f 14216 14215 14217
v 2321.889 1954.273 -577.500
f 14218 14216 14217
v 2321.889 1954.273 -563.500
f 14218 14217 14219
v 2321.547 1954.467 -577.500
f 14220 14218 14219
v 2321.547 1954.467 -563.500
f 14220 14219 14221
v 2321.215 1954.677 -577.500
v 2321.215 1954.677 -563.500
f 14222 14221 14223
f 14222 14220 14221
v 2320.894 1954.903 -577.500
v 2320.894 1954.903 -563.500
f 14224 14223 14225
f 14224 14222 14223
v 2320.585 1955.145 -577.500
v 2320.585 1955.145 -563.500
f 14226 14225 14227
f 14226 14224 14225
v 2320.287 1955.401 -577.500
v 2320.287 1955.401 -563.500
f 14228 14227 14229
f 14228 14226 14227
v 2320.003 1955.672 -577.500
v 2320.003 1955.672 -563.500
f 14230 14229 14231
f 14230 14228 14229
v 2319.732 1955.956 -577.500
v 2319.732 1955.956 -563.500
f 14232 14231 14233
f 14232 14230 14231
v 2319.476 1956.254 -577.500
v 2319.476 1956.254 -563.500
f 14234 14233 14235
f 14234 14232 14233
v 2319.234 1956.563 -577.500
v 2319.234 1956.563 -563.500
f 14236 14235 14237
f 14236 14234 14235
v 2319.008 1956.884 -577.500
v 2319.008 1956.884 -563.500
f 14238 14237 14239
f 14238 14236 14237
v 2318.798 1957.216 -577.500
v 2318.798 1957.216 -563.500
f 14240 14239 14241
f 14240 14238 14239
v 2318.604 1957.558 -577.500
v 2318.604 1957.558 -563.500
f 14242 14241 14243
f 14242 14240 14241
v 2318.428 1957.908 -577.500
v 2318.428 1957.908 -563.500
f 14244 14243 14245
f 14244 14242 14243
v 2318.269 1958.267 -577.500
v 2318.269 1958.267 -563.500
f 14246 14245 14247
f 14246 14244 14245
v 2318.127 1958.634 -577.500
v 2318.127 1958.634 -563.500
f 14248 14247 14249
f 14248 14246 14247
v 2318.004 1959.006 -577.500
v 2318.004 1959.006 -563.500
f 14250 14249 14251
f 14250 14248 14249
v 2317.899 1959.385 -577.500
v 2317.899 1959.385 -563.500
f 14252 14251 14253
f 14252 14250 14251
v 2317.813 1959.768 -577.500
v 2317.813 1959.768 -563.500
f 14254 14253 14255
f 14254 14252 14253
v 2317.746 1960.155 -577.500
v 2317.746 1960.155 -563.500
f 14256 14255 14257
f 14256 14254 14255
v 2317.698 1960.545 -577.500
v 2317.698 1960.545 -563.500
f 14258 14257 14259
f 14258 14256 14257
v 2317.669 1960.936 -577.500
v 2317.669 1960.936 -563.500
f 14260 14259 14261
f 14260 14258 14259
f 14196 14261 14197
f 14196 14260 14261
v 2399.660 1953.329 -577.500
v 2399.660 1953.329 -563.500
f 14262 14263 14199
f 14262 14199 14198
v 2407.660 1961.329 -577.500
v 2407.660 1961.329 -563.500
v 2407.650 1960.936 -563.500
f 14264 14265 14266
v 2407.650 1960.936 -577.500
v 2407.621 1960.545 -563.500
f 14267 14266 14268
f 14267 14264 14266
v 2407.621 1960.545 -577.500
v 2407.573 1960.155 -563.500
f 14269 14268 14270
f 14269 14267 14268
v 2407.573 1960.155 -577.500
v 2407.506 1959.768 -563.500
f 14271 14270 14272
f 14271 14269 14270
v 2407.506 1959.768 -577.500
f 14273 14271 14272
v 2407.420 1959.385 -577.500
v 2407.420 1959.385 -563.500
v 2407.315 1959.006 -563.500
f 14274 14275 14276
f 14274 14272 14275
f 14274 14273 14272
v 2407.315 1959.006 -577.500
f 14277 14274 14276
v 2407.192 1958.634 -577.500
f 14278 14277 14276
v 2407.192 1958.634 -563.500
f 14278 14276 14279
v 2407.051 1958.267 -577.500
f 14280 14278 14279
v 2407.051 1958.267 -563.500
f 14280 14279 14281
v 2406.892 1957.908 -577.500
f 14282 14280 14281
v 2406.892 1957.908 -563.500
f 14282 14281 14283
v 2406.715 1957.558 -577.500
f 14284 14282 14283
v 2406.715 1957.558 -563.500
f 14284 14283 14285
v 2406.522 1957.216 -577.500
f 14286 14284 14285
v 2406.522 1957.216 -563.500
f 14286 14285 14287
v 2406.311 1956.884 -577.500
v 2406.311 1956.884 -563.500
f 14288 14287 14289
f 14288 14286 14287
v 2406.085 1956.563 -577.500
v 2406.085 1956.563 -563.500
f 14290 14289 14291
f 14290 14288 14289
v 2405.844 1956.254 -577.500
v 2405.844 1956.254 -563.500
f 14292 14291 14293
f 14292 14290 14291
v 2405.587 1955.956 -577.500
v 2405.587 1955.956 -563.500
f 14294 14293 14295
f 14294 14292 14293
v 2405.317 1955.672 -577.500
v 2405.317 1955.672 -563.500
f 14296 14295 14297
f 14296 14294 14295
v 2405.032 1955.401 -577.500
v 2405.032 1955.401 -563.500
f 14298 14297 14299
f 14298 14296 14297
v 2404.735 1955.145 -577.500
v 2404.735 1955.145 -563.500
f 14300 14299 14301
f 14300 14298 14299
v 2404.425 1954.903 -577.500
v 2404.425 1954.903 -563.500
f 14302 14301 14303
f 14302 14300 14301
v 2404.104 1954.677 -577.500
v 2404.104 1954.677 -563.500
f 14304 14303 14305
f 14304 14302 14303
v 2403.773 1954.467 -577.500
v 2403.773 1954.467 -563.500
f 14306 14305 14307
f 14306 14304 14305
v 2403.431 1954.273 -577.500
v 2403.431 1954.273 -563.500
f 14308 14307 14309
f 14308 14306 14307
v 2403.080 1954.097 -577.500
v 2403.080 1954.097 -563.500
f 14310 14309 14311
f 14310 14308 14309
v 2402.721 1953.938 -577.500
v 2402.721 1953.938 -563.500
f 14312 14311 14313
f 14312 14310 14311
v 2402.355 1953.796 -577.500
v 2402.355 1953.796 -563.500
f 14314 14313 14315
f 14314 14312 14313
v 2401.982 1953.673 -577.500
v 2401.982 1953.673 -563.500
f 14316 14315 14317
f 14316 14314 14315
v 2401.604 1953.568 -577.500
v 2401.604 1953.568 -563.500
f 14318 14317 14319
f 14318 14316 14317
v 2401.220 1953.482 -577.500
v 2401.220 1953.482 -563.500
f 14320 14319 14321
f 14320 14318 14319
v 2400.834 1953.415 -577.500
v 2400.834 1953.415 -563.500
f 14322 14321 14323
f 14322 14320 14321
v 2400.444 1953.367 -577.500
v 2400.444 1953.367 -563.500
f 14324 14323 14325
f 14324 14322 14323
v 2400.052 1953.338 -577.500
v 2400.052 1953.338 -563.500
f 14326 14325 14327
f 14326 14324 14325
f 14262 14327 14263
f 14262 14326 14327
v 2407.660 2145.329 -577.500
f 14265 14264 14328
v 2407.660 2145.329 -563.500
f 14265 14328 14329
v 2400.052 2153.319 -563.500
f 14128 14131 14330
v 2400.052 2153.319 -577.500
v 2400.444 2153.290 -563.500
f 14331 14330 14332
f 14331 14128 14330
v 2400.444 2153.290 -577.500
v 2400.834 2153.242 -563.500
f 14333 14332 14334
f 14333 14331 14332
v 2400.834 2153.242 -577.500
v 2401.220 2153.175 -563.500
f 14335 14334 14336
f 14335 14333 14334
v 2401.220 2153.175 -577.500
v 2401.604 2153.089 -563.500
f 14337 14336 14338
f 14337 14335 14336
v 2401.604 2153.089 -577.500
f 14339 14337 14338
v 2401.982 2152.984 -577.500
v 2401.982 2152.984 -563.500
f 14340 14338 14341
f 14340 14339 14338
v 2402.355 2152.861 -577.500
v 2402.355 2152.861 -563.500
f 14342 14341 14343
f 14342 14340 14341
v 2402.721 2152.720 -577.500
f 14344 14342 14343
v 2402.721 2152.720 -563.500
f 14344 14343 14345
v 2403.080 2152.561 -577.500
f 14346 14344 14345
v 2403.080 2152.561 -563.500
f 14346 14345 14347
v 2403.431 2152.384 -577.500
f 14348 14346 14347
v 2403.431 2152.384 -563.500
f 14348 14347 14349
v 2403.773 2152.191 -577.500
f 14350 14348 14349
v 2403.773 2152.191 -563.500
f 14350 14349 14351
v 2404.104 2151.980 -577.500
v 2404.104 2151.980 -563.500
f 14352 14351 14353
f 14352 14350 14351
v 2404.425 2151.754 -577.500
v 2404.425 2151.754 -563.500
f 14354 14353 14355
f 14354 14352 14353
v 2404.735 2151.513 -577.500
v 2404.735 2151.513 -563.500
f 14356 14355 14357
f 14356 14354 14355
v 2405.032 2151.256 -577.500
v 2405.032 2151.256 -563.500
f 14358 14357 14359
f 14358 14356 14357
v 2405.317 2150.986 -577.500
v 2405.317 2150.986 -563.500
f 14360 14359 14361
f 14360 14358 14359
v 2405.587 2150.701 -577.500
v 2405.587 2150.701 -563.500
f 14362 14361 14363
f 14362 14360 14361
v 2405.844 2150.404 -577.500
v 2405.844 2150.404 -563.500
f 14364 14363 14365
f 14364 14362 14363
v 2406.085 2150.094 -577.500
v 2406.085 2150.094 -563.500
f 14366 14365 14367
f 14366 14364 14365
v 2406.311 2149.773 -577.500
v 2406.311 2149.773 -563.500
f 14368 14367 14369
f 14368 14366 14367
v 2406.522 2149.442 -577.500
v 2406.522 2149.442 -563.500
f 14370 14369 14371
f 14370 14368 14369
v 2406.715 2149.100 -577.500
v 2406.715 2149.100 -563.500
f 14372 14371 14373
f 14372 14370 14371
v 2406.892 2148.749 -577.500
v 2406.892 2148.749 -563.500
f 14374 14373 14375
f 14374 14372 14373
v 2407.051 2148.390 -577.500
v 2407.051 2148.390 -563.500
f 14376 14375 14377
f 14376 14374 14375
v 2407.192 2148.024 -577.500
v 2407.192 2148.024 -563.500
f 14378 14377 14379
f 14378 14376 14377
v 2407.315 2147.651 -577.500
v 2407.315 2147.651 -563.500
f 14380 14379 14381
f 14380 14378 14379
v 2407.420 2147.273 -577.500
v 2407.420 2147.273 -563.500
f 14382 14381 14383
f 14382 14380 14381
v 2407.506 2146.889 -577.500
v 2407.506 2146.889 -563.500
f 14384 14383 14385
f 14384 14382 14383
v 2407.573 2146.503 -577.500
v 2407.573 2146.503 -563.500
f 14386 14385 14387
f 14386 14384 14385
v 2407.621 2146.113 -577.500
v 2407.621 2146.113 -563.500
f 14388 14387 14389
f 14388 14386 14387
v 2407.650 2145.721 -577.500
v 2407.650 2145.721 -563.500
f 14390 14389 14391
f 14390 14388 14389
f 14328 14391 14329
f 14328 14390 14391
v 2382.297 2128.829 -563.500
v 2382.528 2128.567 -563.500
v 2382.772 2128.318 -563.500
f 14392 14393 14394
v 2383.295 2127.856 -563.500
v 2383.028 2128.080 -563.500
f 14395 14394 14396
v 2382.080 2129.102 -563.500
f 14397 14392 14394
v 2381.687 2129.679 -563.500
v 2381.876 2129.385 -563.500
f 14398 14399 14397
v 2384.160 2127.267 -563.500
v 2383.574 2127.645 -563.500
v 2383.862 2127.449 -563.500
f 14400 14401 14402
f 14400 14395 14401
v 2381.353 2130.292 -563.500
v 2381.512 2129.981 -563.500
f 14403 14404 14398
f 14403 14398 14397
v 2385.102 2126.813 -563.500
v 2384.466 2127.100 -563.500
v 2384.781 2126.948 -563.500
f 14405 14406 14407
v 2381.082 2130.935 -563.500
v 2381.209 2130.610 -563.500
f 14408 14409 14403
v 2385.430 2126.693 -563.500
f 14410 14400 14406
f 14410 14406 14405
v 2380.876 2131.601 -563.500
v 2380.971 2131.265 -563.500
f 14411 14412 14408
v 2386.102 2126.504 -563.500
v 2385.764 2126.590 -563.500
f 14413 14410 14414
v 2380.799 2131.942 -563.500
f 14415 14408 14403
f 14415 14411 14408
v 2386.444 2126.435 -563.500
f 14416 14410 14413
v 2380.668 2132.980 -563.500
v 2380.695 2132.632 -563.500
v 2380.738 2132.285 -563.500
f 14417 14418 14419
v 2387.485 2126.331 -563.500
v 2386.789 2126.383 -563.500
v 2387.137 2126.348 -563.500
f 14420 14421 14422
f 14420 14416 14421
v 2380.668 2133.678 -563.500
f 14423 14419 14415
v 2380.660 2133.329 -563.500
f 14423 14424 14417
f 14423 14417 14419
v 2388.183 2126.348 -563.500
v 2387.834 2126.331 -563.500
f 14425 14420 14426
v 2388.530 2126.383 -563.500
f 14427 14420 14425
v 2380.799 2134.716 -563.500
v 2380.695 2134.026 -563.500
f 14428 14429 14423
v 2380.738 2134.372 -563.500
f 14428 14430 14429
f 14428 14415 14403
f 14428 14423 14415
v 2389.556 2126.590 -563.500
v 2388.875 2126.435 -563.500
v 2389.217 2126.504 -563.500
f 14431 14432 14433
f 14431 14427 14432
v 2380.971 2135.392 -563.500
v 2380.876 2135.056 -563.500
f 14434 14435 14428
v 2381.082 2135.723 -563.500
f 14436 14434 14428
v 2381.209 2136.048 -563.500
f 14437 14436 14428
v 2390.853 2127.100 -563.500
v 2390.217 2126.813 -563.500
v 2390.539 2126.948 -563.500
f 14438 14439 14440
v 2382.080 2137.555 -563.500
v 2381.353 2136.366 -563.500
f 14441 14442 14437
v 2381.512 2136.676 -563.500
f 14441 14443 14442
v 2381.687 2136.979 -563.500
f 14441 14444 14443
v 2381.876 2137.272 -563.500
f 14441 14445 14444
f 14441 14437 14428
f 14441 14403 14397
f 14441 14428 14403
v 2392.024 2127.856 -563.500
v 2391.458 2127.449 -563.500
v 2391.746 2127.645 -563.500
f 14446 14447 14448
v 2391.160 2127.267 -563.500
f 14446 14449 14447
v 2382.528 2138.090 -563.500
v 2382.297 2137.828 -563.500
f 14450 14451 14441
v 2382.772 2138.340 -563.500
f 14452 14441 14397
f 14452 14394 14395
f 14452 14450 14441
f 14452 14397 14394
v 2392.791 2128.567 -563.500
v 2392.292 2128.080 -563.500
v 2392.547 2128.318 -563.500
f 14453 14454 14455
f 14453 14446 14454
v 2383.295 2138.802 -563.500
v 2383.028 2138.577 -563.500
f 14456 14457 14452
v 2393.240 2129.102 -563.500
v 2393.022 2128.829 -563.500
f 14458 14453 14459
v 2383.574 2139.012 -563.500
f 14460 14452 14395
f 14460 14395 14400
f 14460 14456 14452
v 2393.443 2129.385 -563.500
f 14461 14453 14458
v 2384.160 2139.391 -563.500
v 2383.862 2139.209 -563.500
f 14462 14463 14460
v 2384.466 2139.558 -563.500
f 14464 14460 14400
f 14464 14400 14410
f 14464 14462 14460
v 2394.110 2130.610 -563.500
v 2393.807 2129.981 -563.500
v 2393.967 2130.292 -563.500
f 14465 14466 14467
v 2393.633 2129.679 -563.500
f 14465 14468 14466
v 2385.102 2139.845 -563.500
v 2384.781 2139.709 -563.500
f 14469 14470 14464
v 2394.238 2130.935 -563.500
f 14471 14461 14468
f 14471 14468 14465
v 2385.764 2140.067 -563.500
v 2385.430 2139.964 -563.500
f 14472 14473 14469
f 14472 14464 14410
f 14472 14469 14464
v 2394.521 2131.942 -563.500
v 2394.349 2131.265 -563.500
v 2394.443 2131.601 -563.500
f 14474 14475 14476
f 14474 14471 14475
f 14474 14461 14471
v 2386.444 2140.222 -563.500
v 2386.102 2140.153 -563.500
f 14477 14478 14472
f 14477 14410 14416
f 14477 14472 14410
v 2394.625 2132.632 -563.500
v 2394.582 2132.285 -563.500
f 14479 14474 14480
v 2387.137 2140.309 -563.500
v 2386.789 2140.274 -563.500
f 14481 14482 14477
v 2387.485 2140.327 -563.500
f 14483 14477 14416
f 14483 14481 14477
v 2387.834 2140.327 -563.500
f 14484 14483 14416
f 14484 14416 14420
v 2394.651 2133.678 -563.500
f 14485 14461 14474
v 2394.651 2132.980 -563.500
v 2394.660 2133.329 -563.500
f 14485 14486 14487
f 14485 14479 14486
f 14485 14474 14479
v 2388.875 2140.222 -563.500
f 14488 14427 14431
f 14488 14420 14427
v 2388.183 2140.309 -563.500
f 14488 14489 14484
v 2388.530 2140.274 -563.500
f 14488 14490 14489
v 2389.889 2126.693 -563.500
f 14488 14431 14491
f 14488 14484 14420
v 2389.556 2140.067 -563.500
v 2389.217 2140.153 -563.500
f 14492 14493 14488
v 2394.349 2135.392 -563.500
f 14494 14461 14485
v 2394.521 2134.716 -563.500
v 2394.443 2135.056 -563.500
f 14494 14495 14496
v 2394.582 2134.372 -563.500
f 14494 14497 14495
v 2394.625 2134.026 -563.500
f 14494 14498 14497
f 14494 14485 14498
v 2389.889 2139.964 -563.500
f 14499 14488 14491
f 14499 14492 14488
f 14499 14491 14439
v 2394.110 2136.048 -563.500
v 2394.238 2135.723 -563.500
f 14500 14494 14501
v 2390.539 2139.709 -563.500
f 14502 14499 14439
f 14502 14439 14438
v 2390.217 2139.845 -563.500
f 14502 14503 14499
f 14502 14438 14449
v 2393.807 2136.676 -563.500
f 14504 14461 14494
f 14504 14494 14500
v 2393.967 2136.366 -563.500
f 14504 14500 14505
v 2393.633 2136.979 -563.500
f 14506 14461 14504
f 14506 14453 14461
v 2391.458 2139.209 -563.500
v 2390.853 2139.558 -563.500
f 14507 14508 14502
v 2391.160 2139.391 -563.500
f 14507 14509 14508
v 2392.024 2138.802 -563.500
f 14510 14449 14446
v 2391.746 2139.012 -563.500
f 14510 14511 14507
f 14510 14502 14449
f 14510 14507 14502
v 2393.022 2137.828 -563.500
v 2393.443 2137.272 -563.500
v 2393.240 2137.555 -563.500
f 14512 14513 14514
f 14512 14506 14513
v 2392.547 2138.340 -563.500
f 14515 14446 14453
v 2392.292 2138.577 -563.500
f 14515 14516 14510
v 2392.791 2138.090 -563.500
f 14515 14512 14517
f 14515 14510 14446
f 14515 14453 14506
f 14515 14506 14512
v 2382.772 2128.318 -577.500
v 2383.295 2127.856 -577.500
v 2383.028 2128.080 -577.500
f 14518 14519 14520
v 2382.297 2128.829 -577.500
v 2382.080 2129.102 -577.500
v 2382.528 2128.567 -577.500
f 14521 14522 14523
v 2383.574 2127.645 -577.500
f 14518 14524 14519
v 2381.876 2129.385 -577.500
v 2381.687 2129.679 -577.500
f 14525 14526 14522
v 2384.160 2127.267 -577.500
v 2383.862 2127.449 -577.500
f 14524 14527 14528
v 2384.466 2127.100 -577.500
f 14524 14529 14527
v 2381.512 2129.981 -577.500
v 2381.353 2130.292 -577.500
f 14530 14531 14526
f 14526 14531 14522
v 2385.102 2126.813 -577.500
v 2384.781 2126.948 -577.500
f 14529 14532 14533
v 2385.430 2126.693 -577.500
f 14529 14534 14532
v 2385.764 2126.590 -577.500
f 14529 14535 14534
v 2380.876 2131.601 -577.500
v 2380.799 2131.942 -577.500
v 2380.971 2131.265 -577.500
f 14536 14537 14538
v 2381.082 2130.935 -577.500
f 14538 14537 14539
v 2381.209 2130.610 -577.500
f 14539 14537 14540
f 14540 14537 14531
v 2386.444 2126.435 -577.500
v 2386.102 2126.504 -577.500
f 14535 14541 14542
v 2380.738 2132.285 -577.500
v 2380.695 2132.632 -577.500
f 14543 14544 14537
v 2387.137 2126.348 -577.500
v 2386.789 2126.383 -577.500
f 14541 14545 14546
v 2387.485 2126.331 -577.500
f 14541 14547 14545
v 2380.660 2133.329 -577.500
v 2380.668 2133.678 -577.500
v 2380.668 2132.980 -577.500
f 14548 14549 14550
v 2380.695 2134.026 -577.500
v 2380.738 2134.372 -577.500
f 14551 14552 14549
f 14549 14552 14550
v 2388.183 2126.348 -577.500
v 2388.875 2126.435 -577.500
v 2388.530 2126.383 -577.500
f 14553 14554 14555
v 2380.799 2134.716 -577.500
f 14552 14556 14550
v 2389.556 2126.590 -577.500
v 2389.217 2126.504 -577.500
f 14554 14557 14558
v 2380.971 2135.392 -577.500
v 2381.082 2135.723 -577.500
v 2380.876 2135.056 -577.500
f 14559 14560 14561
v 2381.209 2136.048 -577.500
f 14560 14562 14561
f 14561 14562 14556
v 2389.889 2126.693 -577.500
v 2390.539 2126.948 -577.500
v 2390.217 2126.813 -577.500
f 14563 14564 14565
v 2381.353 2136.366 -577.500
f 14550 14566 14544
f 14562 14566 14556
f 14531 14566 14522
f 14544 14566 14537
f 14537 14566 14531
f 14556 14566 14550
v 2381.512 2136.676 -577.500
v 2381.687 2136.979 -577.500
f 14567 14568 14566
v 2390.853 2127.100 -577.500
v 2391.458 2127.449 -577.500
v 2391.160 2127.267 -577.500
f 14569 14570 14571
v 2381.876 2137.272 -577.500
v 2382.080 2137.555 -577.500
f 14572 14573 14568
f 14568 14573 14566
f 14522 14573 14523
f 14566 14573 14522
v 2392.024 2127.856 -577.500
v 2391.746 2127.645 -577.500
f 14570 14574 14575
v 2392.547 2128.318 -577.500
f 14569 14576 14570
f 14564 14576 14569
f 14570 14576 14574
v 2392.292 2128.080 -577.500
f 14574 14576 14577
v 2382.528 2138.090 -577.500
v 2382.772 2138.340 -577.500
v 2382.297 2137.828 -577.500
f 14578 14579 14580
f 14580 14579 14573
v 2383.028 2138.577 -577.500
v 2383.295 2138.802 -577.500
f 14581 14582 14579
f 14573 14582 14523
f 14523 14582 14518
f 14518 14582 14524
f 14579 14582 14573
v 2393.240 2129.102 -577.500
v 2392.791 2128.567 -577.500
f 14576 14583 14584
v 2393.022 2128.829 -577.500
f 14584 14583 14585
v 2384.160 2139.391 -577.500
f 14582 14586 14524
v 2383.862 2139.209 -577.500
v 2383.574 2139.012 -577.500
f 14587 14586 14588
f 14588 14586 14582
f 14524 14586 14529
v 2393.807 2129.981 -577.500
f 14576 14589 14583
v 2393.443 2129.385 -577.500
f 14583 14589 14590
v 2393.633 2129.679 -577.500
f 14590 14589 14591
v 2384.466 2139.558 -577.500
f 14586 14592 14529
v 2385.102 2139.845 -577.500
v 2385.430 2139.964 -577.500
v 2384.781 2139.709 -577.500
f 14593 14594 14595
f 14595 14594 14592
f 14592 14594 14529
v 2393.967 2130.292 -577.500
v 2394.349 2131.265 -577.500
v 2394.110 2130.610 -577.500
f 14596 14597 14598
v 2394.238 2130.935 -577.500
f 14598 14597 14599
v 2394.443 2131.601 -577.500
f 14596 14600 14597
v 2394.521 2131.942 -577.500
f 14589 14601 14596
f 14596 14601 14600
v 2385.764 2140.067 -577.500
v 2386.444 2140.222 -577.500
f 14602 14603 14594
f 14535 14603 14541
f 14529 14603 14535
f 14594 14603 14529
f 14541 14603 14547
v 2386.102 2140.153 -577.500
f 14604 14603 14602
v 2394.582 2132.285 -577.500
f 14589 14605 14601
v 2394.651 2132.980 -577.500
v 2394.625 2132.632 -577.500
f 14605 14606 14607
f 14589 14606 14605
v 2387.485 2140.327 -577.500
v 2387.834 2126.331 -577.500
f 14547 14608 14609
f 14603 14608 14547
v 2387.137 2140.309 -577.500
v 2386.789 2140.274 -577.500
f 14610 14608 14611
f 14611 14608 14603
v 2394.660 2133.329 -577.500
f 14589 14612 14606
v 2387.834 2140.327 -577.500
v 2388.183 2140.309 -577.500
f 14613 14614 14608
v 2388.530 2140.274 -577.500
f 14553 14615 14554
f 14608 14615 14609
f 14614 14615 14608
f 14609 14615 14553
v 2394.582 2134.372 -577.500
v 2394.651 2133.678 -577.500
f 14612 14616 14617
f 14589 14616 14612
v 2394.625 2134.026 -577.500
f 14617 14616 14618
v 2389.556 2140.067 -577.500
f 14615 14619 14554
v 2389.217 2140.153 -577.500
v 2388.875 2140.222 -577.500
f 14620 14619 14621
f 14621 14619 14615
v 2394.521 2134.716 -577.500
v 2394.349 2135.392 -577.500
v 2394.443 2135.056 -577.500
f 14622 14623 14624
v 2394.238 2135.723 -577.500
f 14622 14625 14623
f 14616 14625 14622
v 2390.217 2139.845 -577.500
f 14554 14626 14557
f 14619 14626 14554
f 14557 14626 14563
v 2389.889 2139.964 -577.500
f 14627 14626 14619
v 2394.110 2136.048 -577.500
f 14589 14628 14616
f 14616 14628 14625
v 2390.853 2139.558 -577.500
f 14563 14629 14564
f 14626 14629 14563
v 2390.539 2139.709 -577.500
f 14630 14629 14626
v 2393.807 2136.676 -577.500
v 2393.967 2136.366 -577.500
f 14628 14631 14632
v 2391.160 2139.391 -577.500
f 14629 14633 14564
v 2393.443 2137.272 -577.500
f 14589 14634 14628
f 14628 14634 14631
f 14576 14634 14589
v 2393.633 2136.979 -577.500
f 14631 14634 14635
v 2392.024 2138.802 -577.500
f 14564 14636 14576
f 14633 14636 14564
v 2391.746 2139.012 -577.500
v 2391.458 2139.209 -577.500
f 14637 14636 14638
f 14638 14636 14633
v 2392.791 2138.090 -577.500
f 14576 14639 14634
f 14636 14639 14576
v 2393.240 2137.555 -577.500
f 14634 14639 14640
v 2393.022 2137.828 -577.500
f 14640 14639 14641
v 2392.292 2138.577 -577.500
f 14642 14639 14636
v 2392.547 2138.340 -577.500
f 14642 14643 14639
o main_1
v 2773.390 1960.287 -465.354
v 2773.390 1957.364 -464.679
v 2773.397 1957.420 -464.437
f 14644 14645 14646
v 2773.397 1960.343 -465.112
f 14647 14644 14646
v 2773.415 1960.399 -464.870
v 2773.415 1957.476 -464.195
v 2773.446 1957.531 -463.954
f 14648 14649 14650
f 14648 14646 14649
f 14648 14647 14646
v 2773.446 1960.454 -464.629
v 2773.489 1957.587 -463.716
f 14651 14650 14652
f 14651 14648 14650
v 2773.489 1960.510 -464.390
v 2773.545 1957.641 -463.479
f 14653 14652 14654
f 14653 14651 14652
v 2773.545 1960.564 -464.154
v 2773.612 1957.695 -463.246
f 14655 14654 14656
f 14655 14653 14654
v 2773.612 1960.618 -463.921
v 2773.691 1957.748 -463.016
f 14657 14656 14658
f 14657 14655 14656
v 2773.691 1960.671 -463.691
v 2773.782 1957.800 -462.790
f 14659 14658 14660
f 14659 14657 14658
v 2773.782 1960.723 -463.465
v 2773.884 1957.851 -462.569
f 14661 14660 14662
f 14661 14659 14660
v 2773.884 1960.774 -463.244
v 2773.997 1957.901 -462.353
f 14663 14662 14664
f 14663 14661 14662
v 2773.997 1960.824 -463.028
v 2774.122 1957.950 -462.143
f 14665 14664 14666
f 14665 14663 14664
v 2774.122 1960.873 -462.818
v 2774.256 1957.997 -461.939
f 14667 14666 14668
f 14667 14665 14666
v 2774.256 1960.920 -462.614
v 2774.401 1958.042 -461.742
f 14669 14668 14670
f 14669 14667 14668
v 2774.401 1960.965 -462.417
v 2774.556 1958.086 -461.552
f 14671 14670 14672
f 14671 14669 14670
v 2774.556 1961.009 -462.227
v 2774.721 1958.128 -461.370
f 14673 14672 14674
f 14673 14671 14672
v 2774.721 1961.051 -462.045
v 2774.894 1958.168 -461.196
f 14675 14674 14676
f 14675 14673 14674
v 2774.894 1961.091 -461.871
v 2775.077 1958.206 -461.031
f 14677 14676 14678
f 14677 14675 14676
v 2775.077 1961.129 -461.706
v 2775.267 1958.242 -460.875
f 14679 14678 14680
f 14679 14677 14678
v 2775.267 1961.165 -461.550
f 14681 14679 14680
v 2798.390 1965.327 -443.525
v 2798.390 1962.404 -442.850
f 14682 14680 14683
f 14682 14681 14680
v 2828.636 2004.692 -273.016
v 2828.390 2004.693 -273.010
v 2828.390 2001.770 -272.336
f 14684 14685 14686
v 2828.636 2001.769 -272.341
f 14684 14686 14687
v 2828.881 2004.688 -273.034
v 2828.881 2001.765 -272.359
v 2829.124 2001.758 -272.388
f 14688 14689 14690
f 14688 14687 14689
f 14688 14684 14687
v 2829.124 2004.681 -273.063
v 2829.366 2001.748 -272.429
f 14691 14690 14692
f 14691 14688 14690
v 2829.366 2004.672 -273.104
v 2829.605 2001.736 -272.482
f 14693 14692 14694
f 14693 14691 14692
v 2829.605 2004.659 -273.156
v 2829.842 2001.722 -272.545
f 14695 14694 14696
f 14695 14693 14694
v 2829.842 2004.645 -273.220
v 2830.075 2001.704 -272.620
f 14697 14696 14698
f 14697 14695 14696
v 2830.075 2004.627 -273.295
v 2830.304 2001.684 -272.706
f 14699 14698 14700
f 14699 14697 14698
v 2830.304 2004.608 -273.381
v 2830.528 2001.662 -272.803
f 14701 14700 14702
f 14701 14699 14700
v 2830.528 2004.585 -273.478
f 14703 14701 14702
v 2830.747 2001.637 -272.911
f 14703 14702 14704
v 2830.747 2004.560 -273.586
f 14705 14703 14704
v 2830.961 2001.610 -273.029
f 14705 14704 14706
v 2830.961 2004.533 -273.704
f 14707 14705 14706
v 2831.168 2001.580 -273.157
f 14707 14706 14708
v 2831.168 2004.504 -273.831
v 2831.369 2001.549 -273.294
f 14709 14708 14710
f 14709 14707 14708
v 2831.369 2004.472 -273.969
v 2831.562 2001.515 -273.441
f 14711 14710 14712
f 14711 14709 14710
v 2831.562 2004.438 -274.116
f 14713 14711 14712
v 2831.748 2001.479 -273.598
f 14713 14712 14714
v 2831.748 2004.402 -274.272
v 2831.926 2001.441 -273.763
f 14715 14714 14716
f 14715 14713 14714
v 2831.926 2004.364 -274.437
v 2832.095 2001.401 -273.936
f 14717 14716 14718
f 14717 14715 14716
v 2832.095 2004.324 -274.611
v 2832.255 2001.359 -274.117
f 14719 14718 14720
f 14719 14717 14718
v 2832.255 2004.282 -274.792
v 2832.406 2001.315 -274.305
f 14721 14720 14722
f 14721 14719 14720
v 2832.406 2004.238 -274.980
v 2832.548 2001.270 -274.501
f 14723 14722 14724
f 14723 14721 14722
v 2832.548 2004.193 -275.176
v 2832.679 2001.224 -274.703
f 14725 14724 14726
f 14725 14723 14724
v 2832.679 2004.147 -275.378
v 2832.800 2001.176 -274.911
f 14727 14726 14728
f 14727 14725 14726
v 2832.800 2004.099 -275.586
v 2832.910 2001.126 -275.124
f 14729 14728 14730
f 14729 14727 14728
v 2832.910 2004.049 -275.799
v 2833.010 2001.076 -275.343
f 14731 14730 14732
f 14731 14729 14730
v 2833.010 2003.999 -276.018
v 2833.098 2001.024 -275.566
f 14733 14732 14734
f 14733 14731 14732
v 2833.098 2003.947 -276.241
v 2833.175 2000.972 -275.793
f 14735 14734 14736
f 14735 14733 14734
v 2833.175 2003.895 -276.468
v 2833.241 2000.919 -276.024
f 14737 14736 14738
f 14737 14735 14736
v 2833.241 2003.842 -276.699
v 2833.294 2000.865 -276.257
f 14739 14738 14740
f 14739 14737 14738
v 2833.294 2003.788 -276.932
v 2833.336 2000.810 -276.493
f 14741 14740 14742
f 14741 14739 14740
v 2833.336 2003.733 -277.167
v 2833.366 2000.756 -276.730
f 14743 14742 14744
f 14743 14741 14742
v 2833.366 2003.679 -277.405
v 2833.384 2000.700 -276.968
f 14745 14744 14746
f 14745 14743 14744
v 2833.384 2003.624 -277.643
v 2833.390 2000.645 -277.207
f 14747 14746 14748
f 14747 14745 14746
v 2833.390 2003.568 -277.882
f 14749 14747 14748
v 2778.390 2004.693 -273.010
v 2778.390 2001.770 -272.336
f 14750 14751 14686
f 14750 14686 14685
v 2773.396 2003.624 -277.643
v 2773.390 2000.645 -277.207
v 2773.396 2000.700 -276.968
f 14752 14753 14754
v 2773.390 2003.568 -277.882
f 14752 14755 14753
v 2773.415 2003.679 -277.405
v 2773.415 2000.756 -276.730
f 14756 14754 14757
f 14756 14752 14754
v 2773.445 2003.733 -277.167
v 2773.445 2000.810 -276.493
f 14758 14757 14759
f 14758 14756 14757
v 2773.487 2003.788 -276.932
v 2773.487 2000.865 -276.257
f 14760 14759 14761
f 14760 14758 14759
v 2773.540 2003.842 -276.699
v 2773.540 2000.919 -276.024
f 14762 14761 14763
f 14762 14760 14761
v 2773.606 2003.895 -276.468
v 2773.606 2000.972 -275.793
f 14764 14763 14765
f 14764 14762 14763
v 2773.683 2003.947 -276.241
v 2773.683 2001.024 -275.566
f 14766 14765 14767
f 14766 14764 14765
v 2773.771 2003.999 -276.018
f 14768 14766 14767
v 2773.771 2001.076 -275.343
f 14768 14767 14769
v 2773.870 2004.049 -275.799
f 14770 14768 14769
v 2773.870 2001.126 -275.124
f 14770 14769 14771
v 2773.981 2004.099 -275.586
f 14772 14770 14771
v 2773.981 2001.176 -274.911
f 14772 14771 14773
v 2774.102 2004.147 -275.378
f 14774 14772 14773
v 2774.102 2001.224 -274.703
f 14774 14773 14775
v 2774.233 2004.193 -275.176
v 2774.233 2001.270 -274.501
f 14776 14775 14777
f 14776 14774 14775
v 2774.374 2004.238 -274.980
v 2774.374 2001.315 -274.305
f 14778 14777 14779
f 14778 14776 14777
v 2774.525 2004.282 -274.792
v 2774.525 2001.359 -274.117
f 14780 14779 14781
f 14780 14778 14779
v 2774.686 2004.324 -274.611
v 2774.686 2001.401 -273.936
f 14782 14781 14783
f 14782 14780 14781
v 2774.855 2004.364 -274.437
v 2774.855 2001.441 -273.763
f 14784 14783 14785
f 14784 14782 14783
v 2775.033 2004.402 -274.272
v 2775.033 2001.479 -273.598
f 14786 14785 14787
f 14786 14784 14785
v 2775.218 2004.438 -274.116
v 2775.218 2001.515 -273.441
f 14788 14787 14789
f 14788 14786 14787
v 2775.412 2004.472 -273.969
v 2775.412 2001.549 -273.294
f 14790 14789 14791
f 14790 14788 14789
v 2775.613 2004.504 -273.831
v 2775.613 2001.580 -273.157
f 14792 14791 14793
f 14792 14790 14791
v 2775.820 2004.533 -273.704
v 2775.820 2001.610 -273.029
f 14794 14793 14795
f 14794 14792 14793
v 2776.033 2004.560 -273.586
v 2776.033 2001.637 -272.911
f 14796 14795 14797
f 14796 14794 14795
v 2776.253 2004.585 -273.478
v 2776.253 2001.662 -272.803
f 14798 14797 14799
f 14798 14796 14797
v 2776.477 2004.608 -273.381
v 2776.477 2001.684 -272.706
f 14800 14799 14801
f 14800 14798 14799
v 2776.706 2004.627 -273.295
v 2776.706 2001.704 -272.620
f 14802 14801 14803
f 14802 14800 14801
v 2776.939 2004.645 -273.220
v 2776.939 2001.722 -272.545
f 14804 14803 14805
f 14804 14802 14803
v 2777.176 2004.659 -273.156
v 2777.176 2001.736 -272.482
f 14806 14805 14807
f 14806 14804 14805
v 2777.415 2004.672 -273.104
v 2777.415 2001.748 -272.429
f 14808 14807 14809
f 14808 14806 14807
v 2777.657 2004.681 -273.063
v 2777.657 2001.758 -272.388
f 14810 14809 14811
f 14810 14808 14809
v 2777.900 2004.688 -273.034
v 2777.900 2001.765 -272.359
v 2778.145 2001.769 -272.341
f 14812 14813 14814
f 14812 14811 14813
f 14812 14810 14811
v 2778.145 2004.692 -273.016
f 14815 14812 14814
f 14750 14814 14751
f 14750 14815 14814
v 2773.390 1986.564 -338.200
f 14816 14753 14755
v 2773.390 1989.487 -338.875
f 14816 14755 14817
v 2775.267 1988.609 -342.679
v 2775.267 1985.686 -342.004
v 2775.077 1985.722 -341.848
f 14818 14819 14820
v 2775.077 1988.645 -342.523
f 14821 14818 14820
v 2774.894 1988.683 -342.358
v 2774.894 1985.760 -341.683
f 14822 14820 14823
f 14822 14821 14820
v 2774.721 1988.723 -342.184
v 2774.721 1985.800 -341.509
f 14824 14823 14825
f 14824 14822 14823
v 2774.556 1988.765 -342.002
v 2774.556 1985.842 -341.327
f 14826 14825 14827
f 14826 14824 14825
v 2774.401 1988.809 -341.812
v 2774.401 1985.886 -341.137
f 14828 14827 14829
f 14828 14826 14827
v 2774.256 1988.855 -341.615
v 2774.256 1985.931 -340.940
f 14830 14829 14831
f 14830 14828 14829
v 2774.122 1988.902 -341.411
v 2774.122 1985.978 -340.736
f 14832 14831 14833
f 14832 14830 14831
v 2773.997 1988.950 -341.201
v 2773.997 1986.027 -340.526
f 14834 14833 14835
f 14834 14832 14833
v 2773.884 1989.000 -340.985
v 2773.884 1986.077 -340.310
f 14836 14835 14837
f 14836 14834 14835
v 2773.782 1989.051 -340.764
v 2773.782 1986.128 -340.089
f 14838 14837 14839
f 14838 14836 14837
v 2773.691 1989.103 -340.538
v 2773.691 1986.180 -339.863
f 14840 14839 14841
f 14840 14838 14839
v 2773.612 1989.156 -340.308
v 2773.612 1986.233 -339.634
f 14842 14841 14843
f 14842 14840 14841
v 2773.545 1989.210 -340.075
v 2773.545 1986.287 -339.400
f 14844 14843 14845
f 14844 14842 14843
v 2773.489 1989.265 -339.839
v 2773.489 1986.342 -339.164
f 14846 14845 14847
f 14846 14844 14845
v 2773.446 1989.320 -339.600
v 2773.446 1986.397 -338.925
f 14848 14847 14849
f 14848 14846 14847
v 2773.415 1989.375 -339.359
v 2773.415 1986.452 -338.684
f 14850 14849 14851
f 14850 14848 14849
v 2773.397 1989.431 -339.117
v 2773.397 1986.508 -338.442
f 14852 14853 14816
f 14852 14851 14853
f 14852 14850 14851
f 14817 14852 14816
v 2798.390 1981.524 -360.029
f 14818 14854 14819
v 2798.390 1984.448 -360.704
f 14818 14855 14854
f 14683 14854 14855
f 14683 14855 14682
v 2833.390 1956.329 -482.500
v 2833.390 1953.329 -517.500
v 2833.390 1956.329 -517.500
f 14856 14857 14858
v 2833.390 1953.329 -482.500
f 14859 14857 14856
v 2833.390 1953.406 -481.825
f 14860 14859 14856
f 14749 14860 14856
f 14748 14860 14749
v 2778.145 1956.329 -577.494
v 2778.390 1953.329 -577.500
v 2778.145 1953.329 -577.494
f 14861 14862 14863
v 2778.390 1956.329 -577.500
f 14861 14864 14862
v 2777.900 1956.329 -577.476
v 2777.900 1953.329 -577.476
f 14865 14863 14866
f 14865 14861 14863
v 2777.657 1956.329 -577.446
v 2777.657 1953.329 -577.446
f 14867 14866 14868
f 14867 14865 14866
v 2777.415 1956.329 -577.404
v 2777.415 1953.329 -577.404
v 2777.176 1953.329 -577.350
f 14869 14870 14871
f 14869 14868 14870
f 14869 14867 14868
v 2777.176 1956.329 -577.350
v 2776.939 1953.329 -577.285
f 14872 14871 14873
f 14872 14869 14871
v 2776.939 1956.329 -577.285
v 2776.706 1953.329 -577.208
f 14874 14873 14875
f 14874 14872 14873
v 2776.706 1956.329 -577.208
v 2776.477 1953.329 -577.119
f 14876 14875 14877
f 14876 14874 14875
v 2776.477 1956.329 -577.119
v 2776.253 1953.329 -577.020
f 14878 14877 14879
f 14878 14876 14877
v 2776.253 1956.329 -577.020
f 14880 14878 14879
v 2776.033 1953.329 -576.910
f 14880 14879 14881
v 2776.033 1956.329 -576.910
f 14882 14880 14881
v 2775.820 1953.329 -576.789
f 14882 14881 14883
v 2775.820 1956.329 -576.789
f 14884 14882 14883
v 2775.613 1953.329 -576.657
f 14884 14883 14885
v 2775.613 1956.329 -576.657
v 2775.412 1953.329 -576.516
f 14886 14885 14887
f 14886 14884 14885
v 2775.412 1956.329 -576.516
f 14888 14886 14887
v 2775.218 1953.329 -576.365
f 14888 14887 14889
v 2775.218 1956.329 -576.365
v 2775.033 1953.329 -576.205
f 14890 14889 14891
f 14890 14888 14889
v 2775.033 1956.329 -576.205
v 2774.855 1953.329 -576.036
f 14892 14891 14893
f 14892 14890 14891
v 2774.855 1956.329 -576.036
v 2774.686 1953.329 -575.858
f 14894 14893 14895
f 14894 14892 14893
v 2774.686 1956.329 -575.858
v 2774.525 1953.329 -575.672
f 14896 14895 14897
f 14896 14894 14895
v 2774.525 1956.329 -575.672
v 2774.374 1953.329 -575.478
f 14898 14897 14899
f 14898 14896 14897
v 2774.374 1956.329 -575.478
v 2774.233 1953.329 -575.278
f 14900 14899 14901
f 14900 14898 14899
v 2774.233 1956.329 -575.278
v 2774.102 1953.329 -575.071
f 14902 14901 14903
f 14902 14900 14901
v 2774.102 1956.329 -575.071
v 2773.981 1953.329 -574.857
f 14904 14903 14905
f 14904 14902 14903
v 2773.981 1956.329 -574.857
v 2773.870 1953.329 -574.638
f 14906 14905 14907
f 14906 14904 14905
v 2773.870 1956.329 -574.638
v 2773.771 1953.329 -574.413
f 14908 14907 14909
f 14908 14906 14907
v 2773.771 1956.329 -574.413
v 2773.683 1953.329 -574.184
f 14910 14909 14911
f 14910 14908 14909
v 2773.683 1956.329 -574.184
v 2773.606 1953.329 -573.951
f 14912 14911 14913
f 14912 14910 14911
v 2773.606 1956.329 -573.951
v 2773.540 1953.329 -573.715
f 14914 14913 14915
f 14914 14912 14913
v 2773.540 1956.329 -573.715
v 2773.487 1953.329 -573.475
f 14916 14915 14917
f 14916 14914 14915
v 2773.487 1956.329 -573.475
v 2773.445 1953.329 -573.234
f 14918 14917 14919
f 14918 14916 14917
v 2773.445 1956.329 -573.234
v 2773.415 1953.329 -572.990
f 14920 14919 14921
f 14920 14918 14919
v 2773.415 1956.329 -572.990
f 14922 14920 14921
v 2773.396 1956.329 -572.745
v 2773.396 1953.329 -572.745
f 14923 14921 14924
f 14923 14922 14921
v 2773.390 1956.329 -572.500
v 2773.390 1953.329 -572.500
f 14925 14924 14926
f 14925 14923 14924
f 14925 14922 14923
f 14916 14912 14914
f 14918 14912 14916
f 14920 14910 14918
f 14918 14910 14912
f 14920 14908 14910
f 14922 14906 14920
f 14925 14906 14922
f 14920 14906 14908
f 14906 14902 14904
f 14925 14902 14906
f 14902 14898 14900
f 14925 14898 14902
f 14898 14894 14896
f 14925 14894 14898
v 2773.390 1956.329 -482.500
f 14856 14858 14927
f 14927 14858 14925
f 14925 14892 14894
f 14892 14888 14890
f 14892 14886 14888
f 14886 14882 14884
f 14925 14882 14892
f 14892 14882 14886
f 14880 14876 14878
f 14882 14876 14880
f 14925 14876 14882
f 14925 14874 14876
f 14925 14872 14874
f 14925 14869 14872
f 14925 14864 14869
f 14865 14864 14861
f 14867 14864 14865
f 14869 14864 14867
f 14858 14864 14925
v 2885.390 1956.329 -517.500
v 2885.390 1956.329 -577.500
f 14928 14929 14858
f 14858 14929 14864
v 2888.390 1983.329 -577.500
v 2885.390 1983.329 -577.500
v 2888.390 1983.329 -517.500
f 14930 14931 14932
v 2885.390 1983.329 -517.500
f 14932 14931 14933
f 14928 14858 14857
v 2888.390 1953.329 -517.500
f 14934 14928 14857
f 14932 14933 14928
f 14932 14928 14934
f 14931 14928 14933
f 14929 14928 14931
v 2888.390 1953.329 -577.500
f 14930 14935 14929
f 14931 14930 14929
f 14862 14929 14935
f 14864 14929 14862
f 14935 14934 14857
v 2773.390 1953.329 -482.500
f 14936 14857 14859
f 14862 14935 14857
f 14926 14857 14936
f 14926 14862 14857
f 14924 14863 14862
f 14924 14862 14926
f 14919 14924 14921
f 14913 14917 14915
f 14873 14871 14870
f 14873 14870 14868
f 14911 14919 14917
f 14911 14917 14913
f 14909 14919 14911
f 14877 14875 14873
f 14877 14868 14866
f 14877 14866 14863
f 14877 14873 14868
f 14907 14924 14919
f 14907 14919 14909
f 14879 14863 14924
f 14879 14877 14863
f 14879 14924 14907
f 14887 14885 14883
f 14887 14883 14881
f 14887 14881 14879
f 14887 14879 14907
f 14899 14905 14903
f 14899 14903 14901
f 14897 14905 14899
f 14895 14905 14897
f 14895 14907 14905
f 14893 14887 14907
f 14893 14907 14895
f 14893 14891 14889
f 14893 14889 14887
f 14934 14935 14930
f 14934 14930 14932
v 2773.390 1953.406 -481.825
f 14860 14937 14936
f 14859 14860 14936
f 14937 14645 14644
f 14937 14644 14927
f 14936 14937 14927
f 14926 14927 14925
f 14926 14936 14927
v 2781.097 2000.374 -278.384
v 2780.805 2000.313 -278.649
v 2780.526 2000.248 -278.927
f 14938 14939 14940
v 2780.013 2000.111 -279.522
v 2780.262 2000.181 -279.218
f 14941 14940 14942
v 2781.720 2000.485 -277.900
v 2781.403 2000.431 -278.134
f 14943 14944 14938
f 14943 14938 14940
v 2782.050 2000.536 -277.681
f 14945 14943 14940
v 2779.564 1999.963 -280.164
v 2779.781 2000.038 -279.838
f 14946 14941 14947
v 2779.365 1999.885 -280.501
f 14948 14940 14941
f 14948 14941 14946
f 14948 14945 14940
v 2782.741 2000.626 -277.292
v 2782.390 2000.583 -277.478
f 14949 14950 14945
v 2783.468 2000.700 -276.973
v 2783.100 2000.665 -277.124
f 14951 14952 14949
f 14951 14949 14945
v 2778.746 1999.555 -281.931
v 2779.019 1999.723 -281.201
v 2778.873 1999.640 -281.563
f 14953 14954 14955
v 2779.183 1999.805 -280.847
f 14953 14956 14954
v 2784.224 2000.757 -276.725
v 2783.843 2000.730 -276.840
f 14957 14958 14951
v 2778.549 1999.381 -282.684
v 2778.638 1999.468 -282.305
f 14959 14953 14960
v 2785.001 2000.797 -276.552
v 2784.610 2000.779 -276.629
f 14961 14962 14957
f 14961 14945 14948
f 14961 14951 14945
f 14961 14957 14951
v 2778.480 1999.293 -283.067
f 14963 14948 14956
f 14963 14956 14953
f 14963 14953 14959
v 2785.396 2000.810 -276.494
f 14964 14961 14948
v 2778.400 1999.114 -283.840
v 2778.430 1999.203 -283.453
f 14965 14963 14966
v 2786.191 2000.823 -276.436
v 2785.793 2000.819 -276.456
f 14967 14968 14964
v 2786.590 2000.823 -276.436
f 14969 14967 14964
v 2778.400 1998.935 -284.617
v 2778.390 1999.024 -284.229
f 14970 14965 14971
v 2778.430 1998.845 -285.005
f 14972 14965 14970
v 2787.780 2000.797 -276.552
v 2786.988 2000.819 -276.456
f 14973 14974 14969
v 2787.385 2000.810 -276.494
f 14973 14975 14974
f 14973 14969 14964
v 2778.549 1998.668 -285.773
v 2778.480 1998.756 -285.390
f 14976 14972 14977
v 2778.746 1998.494 -286.526
v 2778.638 1998.580 -286.152
f 14978 14976 14979
f 14978 14972 14976
v 2788.938 2000.730 -276.840
v 2788.171 2000.779 -276.629
f 14980 14981 14973
v 2788.557 2000.757 -276.725
f 14980 14982 14981
v 2789.313 2000.700 -276.973
f 14983 14980 14973
v 2790.040 2000.626 -277.292
f 14984 14983 14973
v 2789.681 2000.665 -277.124
f 14984 14985 14983
v 2779.365 1998.164 -287.957
v 2779.019 1998.325 -287.257
v 2779.183 1998.243 -287.611
f 14986 14987 14988
v 2778.873 1998.409 -286.895
f 14986 14989 14987
f 14986 14978 14989
v 2791.060 2000.485 -277.900
f 14990 14984 14973
v 2790.390 2000.583 -277.478
f 14990 14991 14984
v 2790.731 2000.536 -277.681
f 14990 14992 14991
v 2780.013 1997.938 -288.935
v 2779.564 1998.086 -288.293
v 2779.781 1998.011 -288.620
f 14993 14994 14995
v 2780.262 1997.868 -289.239
f 14996 14994 14993
v 2791.684 2000.374 -278.384
v 2791.378 2000.431 -278.134
f 14997 14998 14990
v 2780.805 1997.736 -289.809
v 2780.526 1997.800 -289.531
f 14999 14996 15000
v 2792.255 2000.248 -278.927
v 2791.976 2000.313 -278.649
f 15001 15002 14997
v 2792.519 2000.181 -279.218
f 15003 14973 14964
f 15003 15001 14997
f 15003 14990 14973
f 15003 14997 14990
f 15003 14964 14948
v 2781.403 1997.617 -290.323
v 2781.097 1997.675 -290.073
f 15004 14999 15005
f 15004 14996 14999
v 2781.720 1997.563 -290.558
f 15006 14994 14996
f 15006 14996 15004
v 2793.000 2000.038 -279.838
v 2792.767 2000.111 -279.522
f 15007 15008 15003
v 2782.390 1997.466 -290.979
v 2782.050 1997.513 -290.777
f 15009 15006 15010
v 2793.416 1999.885 -280.501
v 2793.217 1999.963 -280.164
f 15011 15012 15007
f 15011 15003 14948
f 15011 15007 15003
f 15011 14948 14963
v 2794.035 1999.555 -281.931
v 2793.598 1999.805 -280.847
f 15013 15014 15011
v 2793.762 1999.723 -281.201
f 15013 15015 15014
v 2793.908 1999.640 -281.563
f 15013 15016 15015
v 2784.224 1997.292 -291.732
v 2783.468 1997.349 -291.485
v 2783.843 1997.318 -291.618
f 15017 15018 15019
v 2783.100 1997.384 -291.334
f 15017 15020 15018
v 2782.741 1997.423 -291.165
f 15017 15021 15020
f 15017 15009 15021
f 15017 15006 15009
v 2794.232 1999.381 -282.684
v 2794.143 1999.468 -282.305
f 15022 15023 15013
f 15022 15011 14963
f 15022 15013 15011
v 2785.793 1997.230 -292.002
f 15024 14986 14994
f 15024 14994 15006
f 15024 15006 15017
v 2785.001 1997.252 -291.905
v 2785.396 1997.239 -291.963
f 15024 15025 15026
v 2784.610 1997.270 -291.828
f 15024 15027 15025
f 15024 15017 15027
v 2794.390 1999.024 -284.229
v 2794.380 1999.114 -283.840
v 2794.351 1999.203 -283.453
f 15028 15029 15030
v 2794.351 1998.845 -285.005
f 15031 15028 15030
v 2794.380 1998.935 -284.617
f 15031 15032 15028
v 2787.385 1997.239 -291.963
v 2786.590 1997.225 -292.021
v 2786.988 1997.230 -292.002
f 15033 15034 15035
v 2786.191 1997.225 -292.021
f 15033 15036 15034
v 2794.301 1998.756 -285.390
f 15037 14965 14972
f 15037 15031 15030
f 15037 14972 14978
v 2794.301 1999.293 -283.067
f 15037 15038 15022
f 15037 15030 15038
f 15037 14963 14965
f 15037 15022 14963
v 2787.780 1997.252 -291.905
f 15039 15036 15033
f 15039 15024 15036
v 2794.143 1998.580 -286.152
v 2794.232 1998.668 -285.773
f 15040 15041 15037
v 2788.938 1997.318 -291.618
v 2788.171 1997.270 -291.828
v 2788.557 1997.292 -291.732
f 15042 15043 15044
f 15042 15039 15043
v 2793.908 1998.409 -286.895
f 15045 15040 15037
v 2794.035 1998.494 -286.526
f 15045 15046 15040
v 2793.598 1998.243 -287.611
v 2793.762 1998.325 -287.257
f 15047 15048 15045
v 2790.040 1997.423 -291.165
v 2789.313 1997.349 -291.485
v 2789.681 1997.384 -291.334
f 15049 15050 15051
f 15049 15042 15050
v 2793.416 1998.164 -287.957
f 15052 15047 15045
v 2793.217 1998.086 -288.293
f 15053 15045 15037
f 15053 15052 15045
v 2793.000 1998.011 -288.620
f 15054 15037 14978
f 15054 15053 15037
v 2791.378 1997.617 -290.323
v 2790.731 1997.513 -290.777
v 2791.060 1997.563 -290.558
f 15055 15056 15057
v 2790.390 1997.466 -290.979
f 15055 15058 15056
f 15055 15049 15058
v 2792.519 1997.868 -289.239
v 2792.767 1997.938 -288.935
f 15059 15060 15054
v 2791.976 1997.736 -289.809
f 15061 14978 14986
f 15061 15024 15039
f 15061 15039 15042
f 15061 15054 14978
f 15061 15042 15049
f 15061 15059 15054
f 15061 15049 15055
v 2792.255 1997.800 -289.531
f 15061 15062 15059
v 2791.684 1997.675 -290.073
f 15061 15055 15063
f 15061 14986 15024
v 2781.097 2003.297 -279.059
v 2781.403 2003.354 -278.809
v 2780.805 2003.236 -279.323
f 15064 15065 15066
v 2780.526 2003.171 -279.602
f 15066 15065 15067
v 2780.262 2003.104 -279.893
f 15067 15065 15068
v 2781.720 2003.409 -278.575
v 2779.564 2002.886 -280.839
f 15069 15070 15065
v 2780.013 2003.034 -280.197
f 15068 15070 15071
v 2779.781 2002.961 -280.512
f 15071 15070 15072
f 15065 15070 15068
v 2782.050 2003.459 -278.356
v 2782.390 2003.506 -278.153
f 15073 15074 15069
v 2782.741 2003.549 -277.967
v 2783.100 2003.588 -277.798
f 15075 15076 15074
v 2779.365 2002.808 -281.176
v 2778.873 2002.563 -282.238
v 2779.183 2002.728 -281.521
f 15077 15078 15079
v 2779.019 2002.646 -281.876
f 15079 15078 15080
v 2783.468 2003.623 -277.647
v 2783.843 2003.653 -277.514
f 15081 15082 15076
v 2778.746 2002.478 -282.606
f 15077 15083 15078
v 2784.224 2003.680 -277.400
f 15076 15084 15074
f 15082 15084 15076
v 2778.549 2002.304 -283.359
v 2778.638 2002.391 -282.980
f 15083 15085 15086
v 2785.001 2003.720 -277.227
f 15074 15087 15069
f 15084 15087 15074
v 2784.610 2003.702 -277.304
f 15088 15087 15084
v 2778.430 2002.127 -284.127
v 2778.480 2002.216 -283.742
f 15085 15089 15090
v 2785.396 2003.733 -277.169
v 2785.793 2003.742 -277.130
f 15091 15092 15087
v 2778.400 2002.037 -284.515
f 15083 15093 15085
f 15085 15093 15089
v 2786.191 2003.746 -277.111
v 2786.590 2003.746 -277.111
f 15094 15095 15092
v 2778.400 2001.858 -285.292
v 2778.390 2001.947 -284.904
f 15093 15096 15097
f 15083 15096 15093
v 2786.988 2003.742 -277.130
f 15095 15098 15092
v 2787.780 2003.720 -277.227
f 15092 15099 15087
v 2787.385 2003.733 -277.169
f 15100 15099 15098
f 15098 15099 15092
v 2778.549 2001.591 -286.448
v 2778.430 2001.768 -285.680
f 15096 15101 15102
v 2778.480 2001.679 -286.065
f 15102 15101 15103
v 2788.171 2003.702 -277.304
v 2788.557 2003.680 -277.400
f 15104 15105 15099
v 2778.746 2001.417 -287.201
v 2778.638 2001.503 -286.827
f 15101 15106 15107
v 2788.938 2003.653 -277.514
f 15105 15108 15099
v 2779.019 2001.248 -287.931
v 2778.873 2001.332 -287.570
f 15106 15109 15110
v 2789.313 2003.623 -277.647
v 2789.681 2003.588 -277.798
f 15111 15112 15108
v 2790.040 2003.549 -277.967
f 15112 15113 15108
v 2779.365 2001.087 -288.632
v 2779.183 2001.167 -288.286
f 15109 15114 15115
f 15106 15114 15109
v 2790.731 2003.459 -278.356
v 2791.060 2003.409 -278.575
v 2790.390 2003.506 -278.153
f 15116 15117 15118
v 2780.013 2000.861 -289.610
v 2779.564 2001.009 -288.968
f 15114 15119 15120
v 2779.781 2000.934 -289.295
f 15120 15119 15121
v 2791.378 2003.354 -278.809
f 15117 15122 15118
f 15118 15122 15113
v 2780.526 2000.723 -290.205
v 2780.262 2000.791 -289.914
f 15119 15123 15124
f 15114 15123 15119
v 2791.976 2003.236 -279.323
f 15122 15125 15113
f 15108 15125 15099
f 15113 15125 15108
f 15069 15125 15070
f 15087 15125 15069
f 15099 15125 15087
v 2791.684 2003.297 -279.059
f 15126 15125 15122
v 2792.255 2003.171 -279.602
v 2792.519 2003.104 -279.893
f 15127 15128 15125
v 2781.097 2000.598 -290.748
v 2781.720 2000.486 -291.233
v 2781.403 2000.540 -290.998
f 15129 15130 15131
v 2792.767 2003.034 -280.197
v 2793.000 2002.961 -280.512
f 15132 15133 15128
v 2782.050 2000.436 -291.452
v 2780.805 2000.659 -290.484
f 15123 15134 15135
f 15135 15134 15129
f 15129 15134 15130
f 15114 15134 15123
v 2793.217 2002.886 -280.839
f 15133 15136 15128
f 15128 15136 15125
f 15125 15136 15070
v 2782.741 2000.346 -291.840
v 2782.390 2000.389 -291.654
f 15134 15137 15138
v 2793.416 2002.808 -281.176
v 2793.598 2002.728 -281.521
f 15139 15140 15136
v 2783.100 2000.307 -292.009
f 15134 15141 15137
v 2793.908 2002.563 -282.238
f 15070 15142 15077
f 15077 15142 15083
f 15136 15142 15070
v 2793.762 2002.646 -281.876
f 15143 15142 15140
f 15140 15142 15136
v 2783.843 2000.242 -292.293
v 2783.468 2000.272 -292.160
f 15141 15144 15145
v 2794.143 2002.391 -282.980
f 15142 15146 15083
v 2794.035 2002.478 -282.606
f 15147 15146 15142
v 2785.001 2000.175 -292.580
v 2784.224 2000.215 -292.407
f 15144 15148 15149
v 2784.610 2000.193 -292.503
f 15149 15148 15150
f 15141 15148 15144
v 2794.232 2002.304 -283.359
v 2794.301 2002.216 -283.742
f 15151 15152 15146
v 2785.396 2000.162 -292.638
f 15141 15153 15148
f 15134 15153 15141
v 2794.351 2002.127 -284.127
f 15152 15154 15146
f 15083 15154 15096
f 15146 15154 15083
v 2786.191 2000.148 -292.696
v 2785.793 2000.153 -292.677
f 15153 15155 15156
v 2786.590 2000.148 -292.696
f 15153 15157 15155
v 2794.351 2001.768 -285.680
v 2794.301 2001.679 -286.065
v 2794.380 2001.858 -285.292
f 15158 15159 15160
v 2794.390 2001.947 -284.904
f 15160 15159 15161
v 2794.380 2002.037 -284.515
f 15161 15159 15162
f 15162 15159 15154
v 2787.780 2000.175 -292.580
f 15153 15163 15157
v 2786.988 2000.153 -292.677
f 15157 15163 15164
v 2787.385 2000.162 -292.638
f 15164 15163 15165
v 2794.232 2001.591 -286.448
f 15154 15166 15096
f 15101 15166 15106
f 15159 15166 15154
f 15096 15166 15101
v 2794.143 2001.503 -286.827
v 2794.035 2001.417 -287.201
f 15167 15168 15166
v 2788.171 2000.193 -292.503
v 2788.938 2000.242 -292.293
v 2788.557 2000.215 -292.407
f 15169 15170 15171
v 2789.313 2000.272 -292.160
f 15163 15172 15169
f 15169 15172 15170
v 2793.762 2001.248 -287.931
f 15168 15173 15166
v 2793.908 2001.332 -287.570
f 15174 15173 15168
v 2790.040 2000.346 -291.840
v 2789.681 2000.307 -292.009
f 15172 15175 15176
f 15163 15175 15172
v 2793.598 2001.167 -288.286
v 2793.416 2001.087 -288.632
f 15177 15178 15173
v 2793.000 2000.934 -289.295
f 15178 15179 15173
f 15173 15179 15166
v 2793.217 2001.009 -288.968
f 15180 15179 15178
v 2791.060 2000.486 -291.233
v 2790.390 2000.389 -291.654
f 15175 15181 15182
v 2790.731 2000.436 -291.452
f 15182 15181 15183
f 15163 15181 15175
f 15153 15181 15163
v 2792.519 2000.791 -289.914
f 15134 15184 15153
f 15106 15184 15114
f 15166 15184 15106
f 15153 15184 15181
f 15179 15184 15166
v 2792.767 2000.861 -289.610
f 15185 15184 15179
f 15114 15184 15134
v 2791.684 2000.598 -290.748
v 2791.378 2000.540 -290.998
f 15181 15186 15187
v 2792.255 2000.723 -290.205
v 2791.976 2000.659 -290.484
f 15188 15189 15184
f 15184 15189 15181
f 15181 15189 15186
