o solid_0
v 8964.816 592.197 4.782
v 8964.822 592.197 5.027
v 8964.822 588.197 5.027
f 1 2 3
v 8964.816 588.197 4.782
f 1 3 4
v 8964.798 592.197 4.537
v 8964.798 588.197 4.537
f 5 4 6
f 5 1 4
v 8964.768 592.197 4.293
v 8964.768 588.197 4.293
f 7 6 8
f 7 5 6
v 8964.726 592.197 4.051
v 8964.726 588.197 4.051
f 9 8 10
f 9 7 8
v 8964.672 592.197 3.812
v 8964.672 588.197 3.812
f 11 10 12
f 11 9 10
v 8964.607 592.197 3.575
v 8964.607 588.197 3.575
f 13 12 14
f 13 11 12
v 8964.530 592.197 3.342
v 8964.530 588.197 3.342
f 15 14 16
f 15 13 14
v 8964.441 592.197 3.114
v 8964.441 588.197 3.114
f 17 16 18
f 17 15 16
v 8964.342 592.197 2.889
f 19 17 18
v 8964.342 588.197 2.889
f 19 18 20
v 8964.231 592.197 2.670
v 8964.231 588.197 2.670
f 21 20 22
f 21 19 20
v 8964.110 592.197 2.456
v 8964.110 588.197 2.456
f 23 22 24
f 23 21 22
v 8963.979 592.197 2.249
v 8963.979 588.197 2.249
f 25 24 26
f 25 23 24
v 8963.838 592.197 2.048
v 8963.838 588.197 2.048
f 27 26 28
f 27 25 26
v 8963.687 592.197 1.855
v 8963.687 588.197 1.855
f 29 28 30
f 29 27 28
v 8963.527 592.197 1.669
v 8963.527 588.197 1.669
f 31 30 32
f 31 29 30
v 8963.357 592.197 1.491
v 8963.357 588.197 1.491
f 33 32 34
f 33 31 32
v 8963.180 592.197 1.322
v 8963.180 588.197 1.322
f 35 34 36
f 35 33 34
v 8962.994 592.197 1.162
v 8962.994 588.197 1.162
f 37 36 38
f 37 35 36
v 8962.800 592.197 1.011
v 8962.800 588.197 1.011
f 39 38 40
f 39 37 38
v 8962.600 592.197 0.870
v 8962.600 588.197 0.870
f 41 40 42
f 41 39 40
v 8962.392 592.197 0.738
v 8962.392 588.197 0.738
f 43 42 44
v 8962.179 588.197 0.617
f 43 44 45
f 43 41 42
v 8962.179 592.197 0.617
f 46 43 45
v 8961.960 592.197 0.507
v 8961.960 588.197 0.507
f 47 45 48
f 47 46 45
v 8961.735 592.197 0.408
v 8961.735 588.197 0.408
f 49 48 50
v 8961.506 588.197 0.319
f 49 50 51
f 49 47 48
v 8961.506 592.197 0.319
f 52 49 51
v 8961.273 592.197 0.242
v 8961.273 588.197 0.242
f 53 51 54
f 53 52 51
v 8961.037 592.197 0.177
v 8961.037 588.197 0.177
f 55 54 56
v 8960.797 588.197 0.123
f 55 56 57
f 55 53 54
v 8960.797 592.197 0.123
f 58 55 57
v 8960.556 592.197 0.081
v 8960.556 588.197 0.081
f 59 57 60
f 59 58 57
v 8960.312 592.197 0.051
v 8960.312 588.197 0.051
f 61 60 62
f 61 59 60
v 8960.067 592.197 0.033
v 8960.067 588.197 0.033
f 63 62 64
f 63 61 62
v 8959.822 592.197 0.027
v 8959.822 588.197 0.027
f 65 64 66
f 65 63 64
v 8919.822 588.197 0.027
f 66 67 65
v 8919.822 592.197 0.027
f 67 68 65
v 8919.576 592.197 0.033
f 69 68 67
v 8919.576 588.197 0.033
f 69 67 70
v 8919.332 592.197 0.051
v 8919.332 588.197 0.051
f 71 70 72
f 71 69 70
v 8919.088 592.197 0.081
v 8919.088 588.197 0.081
f 73 72 74
f 73 71 72
v 8918.846 592.197 0.123
v 8918.846 588.197 0.123
f 75 74 76
f 75 73 74
v 8918.607 592.197 0.177
v 8918.607 588.197 0.177
f 77 76 78
f 77 75 76
v 8918.370 592.197 0.242
v 8918.370 588.197 0.242
f 79 78 80
f 79 77 78
v 8918.137 592.197 0.319
v 8918.137 588.197 0.319
f 81 80 82
f 81 79 80
v 8917.908 592.197 0.408
v 8917.908 588.197 0.408
f 83 82 84
f 83 81 82
v 8917.684 592.197 0.507
f 85 83 84
v 8917.684 588.197 0.507
f 85 84 86
v 8917.465 592.197 0.617
v 8917.465 588.197 0.617
f 87 86 88
f 87 85 86
v 8917.251 592.197 0.738
v 8917.251 588.197 0.738
f 89 88 90
f 89 87 88
v 8917.044 592.197 0.870
v 8917.044 588.197 0.870
f 91 90 92
f 91 89 90
v 8916.843 592.197 1.011
v 8916.843 588.197 1.011
f 93 92 94
f 93 91 92
v 8916.650 592.197 1.162
v 8916.650 588.197 1.162
f 95 94 96
f 95 93 94
v 8916.464 592.197 1.322
v 8916.464 588.197 1.322
f 97 96 98
f 97 95 96
v 8916.286 592.197 1.491
v 8916.286 588.197 1.491
f 99 98 100
f 99 97 98
v 8916.117 592.197 1.669
v 8916.117 588.197 1.669
f 101 100 102
f 101 99 100
v 8915.957 592.197 1.855
v 8915.957 588.197 1.855
f 103 102 104
f 103 101 102
v 8915.806 592.197 2.048
v 8915.806 588.197 2.048
f 105 104 106
f 105 103 104
v 8915.664 592.197 2.249
v 8915.664 588.197 2.249
f 107 106 108
f 107 105 106
v 8915.533 592.197 2.456
v 8915.533 588.197 2.456
f 109 108 110
f 109 107 108
v 8915.412 592.197 2.670
v 8915.412 588.197 2.670
f 111 110 112
f 111 109 110
v 8915.302 592.197 2.889
v 8915.302 588.197 2.889
f 113 112 114
v 8915.202 588.197 3.114
f 113 114 115
f 113 111 112
v 8915.202 592.197 3.114
f 116 113 115
v 8915.114 592.197 3.342
v 8915.114 588.197 3.342
f 117 115 118
f 117 116 115
v 8915.037 592.197 3.575
v 8915.037 588.197 3.575
f 119 118 120
f 119 117 118
v 8914.972 592.197 3.812
v 8914.972 588.197 3.812
f 121 120 122
f 121 119 120
v 8914.918 592.197 4.051
v 8914.918 588.197 4.051
f 123 122 124
v 8914.876 588.197 4.293
f 123 124 125
f 123 121 122
v 8914.876 592.197 4.293
f 126 123 125
v 8914.846 592.197 4.537
v 8914.846 588.197 4.537
f 127 125 128
f 127 126 125
v 8914.828 592.197 4.782
v 8914.828 588.197 4.782
f 129 128 130
f 129 127 128
v 8914.822 592.197 5.027
v 8914.822 588.197 5.027
f 131 130 132
f 131 129 130
v 8914.822 592.197 45.027
v 8914.822 588.197 45.027
f 133 131 134
f 131 132 134
v 8914.828 588.197 45.272
f 133 134 135
v 8914.828 592.197 45.272
v 8914.846 588.197 45.517
f 136 135 137
f 136 133 135
v 8914.846 592.197 45.517
v 8914.876 588.197 45.761
f 138 137 139
f 138 136 137
v 8914.876 592.197 45.761
v 8914.918 588.197 46.002
f 140 139 141
f 140 138 139
v 8914.918 592.197 46.002
v 8914.972 588.197 46.242
f 142 141 143
f 142 140 141
v 8914.972 592.197 46.242
v 8915.037 588.197 46.478
f 144 143 145
f 144 142 143
v 8915.037 592.197 46.478
v 8915.114 588.197 46.711
f 146 145 147
f 146 144 145
v 8915.114 592.197 46.711
v 8915.202 588.197 46.940
f 148 147 149
f 148 146 147
v 8915.202 592.197 46.940
f 150 148 149
v 8915.302 588.197 47.165
f 150 149 151
v 8915.302 592.197 47.165
f 152 150 151
v 8915.412 588.197 47.384
f 152 151 153
v 8915.412 592.197 47.384
v 8915.533 588.197 47.597
f 154 153 155
f 154 152 153
v 8915.533 592.197 47.597
v 8915.664 588.197 47.805
f 156 155 157
f 156 154 155
v 8915.664 592.197 47.805
v 8915.806 588.197 48.005
f 158 157 159
f 158 156 157
v 8915.806 592.197 48.005
v 8915.957 588.197 48.199
f 160 159 161
f 160 158 159
v 8915.957 592.197 48.199
v 8916.117 588.197 48.385
f 162 161 163
f 162 160 161
v 8916.117 592.197 48.385
v 8916.286 588.197 48.562
f 164 163 165
f 164 162 163
v 8916.286 592.197 48.562
v 8916.464 588.197 48.732
f 166 165 167
f 166 164 165
v 8916.464 592.197 48.732
v 8916.650 588.197 48.892
f 168 167 169
f 168 166 167
v 8916.650 592.197 48.892
v 8916.843 588.197 49.043
f 170 169 171
f 170 168 169
v 8916.843 592.197 49.043
v 8917.044 588.197 49.184
f 172 171 173
f 172 170 171
v 8917.044 592.197 49.184
v 8917.251 588.197 49.316
f 174 173 175
f 174 172 173
v 8917.251 592.197 49.316
v 8917.465 588.197 49.436
f 176 175 177
f 176 174 175
v 8917.465 592.197 49.436
v 8917.684 588.197 49.547
f 178 177 179
f 178 176 177
v 8917.684 592.197 49.547
v 8917.908 588.197 49.646
f 180 179 181
f 180 178 179
v 8917.908 592.197 49.646
v 8918.137 588.197 49.735
f 182 181 183
f 182 180 181
v 8918.137 592.197 49.735
f 184 182 183
v 8918.370 592.197 49.812
v 8918.370 588.197 49.812
f 185 183 186
f 185 184 183
v 8918.607 592.197 49.877
v 8918.607 588.197 49.877
f 187 186 188
f 187 185 186
v 8918.846 592.197 49.931
v 8918.846 588.197 49.931
f 189 188 190
f 189 187 188
v 8919.088 592.197 49.973
v 8919.088 588.197 49.973
f 191 190 192
v 8919.332 588.197 50.003
f 191 192 193
f 191 189 190
v 8919.332 592.197 50.003
f 194 191 193
v 8919.576 592.197 50.021
v 8919.576 588.197 50.021
f 195 193 196
v 8919.822 588.197 50.027
f 195 196 197
f 195 194 193
v 8919.822 592.197 50.027
f 198 195 197
v 8959.822 592.197 50.027
v 8959.822 588.197 50.027
f 199 198 200
f 198 197 200
v 8960.067 592.197 50.021
f 201 199 200
v 8960.067 588.197 50.021
f 201 200 202
v 8960.312 592.197 50.003
v 8960.312 588.197 50.003
f 203 202 204
f 203 201 202
v 8960.556 592.197 49.973
v 8960.556 588.197 49.973
f 205 204 206
f 205 203 204
v 8960.797 592.197 49.931
v 8960.797 588.197 49.931
f 207 206 208
f 207 205 206
v 8961.037 592.197 49.877
v 8961.037 588.197 49.877
f 209 208 210
f 209 207 208
v 8961.273 592.197 49.812
v 8961.273 588.197 49.812
f 211 210 212
f 211 209 210
v 8961.506 592.197 49.735
v 8961.506 588.197 49.735
f 213 212 214
f 213 211 212
v 8961.735 592.197 49.646
v 8961.735 588.197 49.646
f 215 214 216
f 215 213 214
v 8961.960 592.197 49.547
f 217 215 216
v 8961.960 588.197 49.547
f 217 216 218
v 8962.179 592.197 49.436
v 8962.179 588.197 49.436
f 219 218 220
f 219 217 218
v 8962.392 592.197 49.316
v 8962.392 588.197 49.316
f 221 220 222
f 221 219 220
v 8962.600 592.197 49.184
v 8962.600 588.197 49.184
f 223 222 224
f 223 221 222
v 8962.800 592.197 49.043
v 8962.800 588.197 49.043
f 225 224 226
f 225 223 224
v 8962.994 592.197 48.892
v 8962.994 588.197 48.892
f 227 226 228
f 227 225 226
v 8963.180 592.197 48.732
v 8963.180 588.197 48.732
f 229 228 230
f 229 227 228
v 8963.357 592.197 48.562
v 8963.357 588.197 48.562
f 231 230 232
f 231 229 230
v 8963.527 592.197 48.385
v 8963.527 588.197 48.385
f 233 232 234
f 233 231 232
v 8963.687 592.197 48.199
v 8963.687 588.197 48.199
f 235 234 236
f 235 233 234
v 8963.838 592.197 48.005
v 8963.838 588.197 48.005
f 237 236 238
f 237 235 236
v 8963.979 592.197 47.805
v 8963.979 588.197 47.805
f 239 238 240
f 239 237 238
v 8964.110 592.197 47.597
v 8964.110 588.197 47.597
f 241 240 242
f 241 239 240
v 8964.231 592.197 47.384
v 8964.231 588.197 47.384
f 243 242 244
f 243 241 242
v 8964.342 592.197 47.165
v 8964.342 588.197 47.165
f 245 244 246
f 245 243 244
v 8964.441 592.197 46.940
v 8964.441 588.197 46.940
f 247 246 248
f 247 245 246
v 8964.530 592.197 46.711
v 8964.530 588.197 46.711
f 249 248 250
f 249 247 248
v 8964.607 592.197 46.478
v 8964.607 588.197 46.478
f 251 250 252
f 251 249 250
v 8964.672 592.197 46.242
v 8964.672 588.197 46.242
f 253 252 254
f 253 251 252
v 8964.726 592.197 46.002
v 8964.726 588.197 46.002
f 255 254 256
f 255 253 254
v 8964.768 592.197 45.761
v 8964.768 588.197 45.761
f 257 256 258
v 8964.798 588.197 45.517
f 257 258 259
f 257 255 256
v 8964.798 592.197 45.517
v 8964.816 588.197 45.272
f 260 259 261
f 260 257 259
v 8964.816 592.197 45.272
f 262 260 261
v 8964.822 592.197 45.027
v 8964.822 588.197 45.027
f 263 261 264
f 263 262 261
f 264 3 263
f 3 2 263
v 8874.822 588.197 -24.973
v 8874.822 588.197 75.027
v 8874.822 592.197 75.027
f 265 266 267
v 8874.822 592.197 -24.973
f 268 265 267
v 9004.822 592.197 -24.973
f 265 268 269
v 9004.822 588.197 -24.973
f 265 269 270
v 9004.822 592.197 75.027
v 9004.822 588.197 75.027
f 269 271 272
f 270 269 272
f 267 266 272
f 267 272 271
v 8885.001 588.197 65.772
v 8884.721 588.197 65.525
v 8884.453 588.197 65.264
f 273 274 275
v 8885.293 588.197 66.005
f 276 273 275
v 8884.199 588.197 64.990
f 276 275 277
v 8883.732 588.197 64.405
v 8883.958 588.197 64.703
f 278 277 279
v 8885.597 588.197 66.224
f 280 276 277
v 8883.522 588.197 64.096
f 281 277 278
v 8883.148 588.197 63.448
v 8883.327 588.197 63.777
f 282 281 283
v 8886.568 588.197 66.784
v 8886.235 588.197 66.614
v 8885.911 588.197 66.427
f 284 285 286
v 8886.909 588.197 66.938
f 287 284 286
v 8882.840 588.197 62.767
v 8882.986 588.197 63.112
f 288 282 289
f 288 281 282
v 8887.611 588.197 67.194
v 8887.257 588.197 67.075
f 290 291 287
v 8882.602 588.197 62.058
v 8882.712 588.197 62.416
f 292 288 293
f 292 277 281
f 292 281 288
v 8887.971 588.197 67.295
f 294 290 287
v 8889.075 588.197 67.490
v 8888.336 588.197 67.378
f 295 296 294
v 8888.704 588.197 67.443
f 295 297 296
v 8889.448 588.197 67.518
f 298 295 294
v 8882.324 588.197 60.214
v 8882.380 588.197 60.959
v 8882.343 588.197 60.587
f 299 300 301
v 8882.436 588.197 61.329
f 299 302 300
v 8882.510 588.197 61.696
f 299 303 302
f 299 292 303
v 8882.324 588.197 59.840
f 304 292 299
v 8890.569 588.197 67.490
v 8889.822 588.197 67.527
f 305 306 298
v 8890.196 588.197 67.518
f 305 307 306
v 8882.380 588.197 59.094
v 8882.343 588.197 59.466
f 308 304 309
v 8891.308 588.197 67.378
v 8890.940 588.197 67.443
f 310 311 305
v 8891.673 588.197 67.295
f 312 310 305
v 8882.602 588.197 57.996
v 8882.436 588.197 58.725
v 8882.510 588.197 58.358
f 313 314 315
f 313 308 314
f 313 304 308
v 8882.712 588.197 57.638
f 316 304 313
f 316 292 304
v 8892.387 588.197 67.075
v 8892.033 588.197 67.194
f 317 318 312
v 8882.986 588.197 56.942
v 8882.840 588.197 57.287
f 319 316 320
v 8893.076 588.197 66.784
f 321 317 312
v 8892.735 588.197 66.938
f 321 322 317
v 8893.733 588.197 66.427
f 323 321 312
v 8893.409 588.197 66.614
f 323 324 321
v 8883.522 588.197 55.958
v 8883.148 588.197 56.605
v 8883.327 588.197 56.277
f 325 326 327
f 325 319 326
v 8883.732 588.197 55.649
f 328 292 316
f 328 316 319
f 328 319 325
f 328 277 292
v 8894.643 588.197 65.772
v 8894.047 588.197 66.224
f 329 330 323
v 8894.350 588.197 66.005
f 329 331 330
v 8884.199 588.197 55.064
f 332 277 328
v 8883.958 588.197 55.351
f 332 328 333
v 8895.191 588.197 65.264
v 8894.923 588.197 65.525
f 334 335 329
v 8885.001 588.197 54.282
v 8884.453 588.197 54.790
v 8884.721 588.197 54.529
f 336 337 338
f 336 332 337
f 336 277 332
f 336 280 277
f 336 286 280
v 8895.911 588.197 64.405
v 8895.686 588.197 64.703
v 8895.445 588.197 64.990
f 339 340 341
v 8896.122 588.197 64.096
f 342 339 341
f 342 341 334
v 8885.911 588.197 53.627
v 8885.293 588.197 54.048
v 8885.597 588.197 53.830
f 343 344 345
f 343 336 344
v 8896.496 588.197 63.448
v 8896.317 588.197 63.777
f 346 347 342
v 8886.568 588.197 53.270
v 8886.235 588.197 53.440
f 348 343 349
f 348 336 343
v 8886.909 588.197 53.116
f 350 286 336
f 350 336 348
v 8896.803 588.197 62.767
f 351 342 334
f 351 346 342
v 8896.658 588.197 63.112
f 351 352 346
v 8887.257 588.197 52.979
f 353 287 286
f 353 286 350
v 8887.611 588.197 52.860
f 354 294 287
f 354 287 353
v 8897.042 588.197 62.058
v 8896.931 588.197 62.416
f 355 356 351
v 8888.336 588.197 52.676
v 8887.971 588.197 52.759
f 357 354 358
f 357 294 354
f 357 298 294
v 8897.208 588.197 61.329
v 8897.134 588.197 61.696
f 359 360 355
v 8897.264 588.197 60.959
f 361 359 355
v 8889.075 588.197 52.564
v 8888.704 588.197 52.611
f 362 357 363
v 8897.301 588.197 60.587
f 364 361 355
v 8889.448 588.197 52.536
f 365 357 362
f 365 298 357
f 365 305 298
v 8890.196 588.197 52.536
v 8889.822 588.197 52.527
f 366 365 367
v 8897.301 588.197 59.466
v 8897.320 588.197 60.214
f 368 369 364
v 8897.320 588.197 59.840
f 368 370 369
v 8890.940 588.197 52.611
f 371 305 365
f 371 365 366
v 8890.569 588.197 52.564
f 371 366 372
v 8897.208 588.197 58.725
f 373 368 364
v 8897.264 588.197 59.094
f 373 374 368
v 8891.673 588.197 52.759
f 375 305 371
v 8891.308 588.197 52.676
f 375 371 376
f 375 312 305
v 8892.387 588.197 52.979
v 8892.033 588.197 52.860
f 377 375 378
f 377 312 375
v 8896.658 588.197 56.942
v 8896.931 588.197 57.638
v 8897.042 588.197 57.996
f 379 380 381
v 8896.803 588.197 57.287
f 379 382 380
v 8893.076 588.197 53.270
v 8892.735 588.197 53.116
f 383 377 384
f 383 323 312
f 383 312 377
v 8896.496 588.197 56.605
f 385 364 355
f 385 373 364
f 385 379 381
f 385 351 334
f 385 355 351
v 8897.134 588.197 58.358
f 385 386 373
f 385 381 386
v 8893.733 588.197 53.627
v 8893.409 588.197 53.440
f 387 383 388
f 387 323 383
v 8894.047 588.197 53.830
f 389 323 387
f 389 329 323
f 389 334 329
v 8895.911 588.197 55.649
v 8896.122 588.197 55.958
v 8896.317 588.197 56.277
f 390 391 392
v 8895.686 588.197 55.351
f 393 390 392
v 8894.923 588.197 54.529
v 8894.350 588.197 54.048
v 8894.643 588.197 54.282
f 394 395 396
f 394 389 395
v 8895.191 588.197 54.790
f 397 392 385
v 8895.445 588.197 55.064
f 397 398 393
f 397 334 389
f 397 385 334
f 397 389 394
f 397 393 392
v 8884.721 592.197 65.525
v 8885.001 592.197 65.772
v 8884.453 592.197 65.264
f 399 400 401
v 8883.732 592.197 64.405
v 8884.199 592.197 64.990
f 401 402 403
v 8883.958 592.197 64.703
f 403 402 404
v 8885.293 592.197 66.005
v 8885.597 592.197 66.224
f 405 406 400
v 8885.911 592.197 66.427
f 406 407 400
v 8883.522 592.197 64.096
v 8883.148 592.197 63.448
v 8883.327 592.197 63.777
f 408 409 410
v 8886.235 592.197 66.614
v 8886.568 592.197 66.784
f 411 412 407
v 8882.840 592.197 62.767
f 408 413 409
v 8882.986 592.197 63.112
f 409 413 414
v 8882.602 592.197 62.058
v 8882.712 592.197 62.416
f 413 415 416
v 8887.611 592.197 67.194
v 8887.971 592.197 67.295
v 8887.257 592.197 67.075
f 417 418 419
v 8886.909 592.197 66.938
f 419 418 420
f 420 418 412
v 8882.436 592.197 61.329
f 413 421 415
v 8882.510 592.197 61.696
f 415 421 422
v 8888.704 592.197 67.443
v 8889.075 592.197 67.490
v 8888.336 592.197 67.378
f 423 424 425
f 425 424 418
v 8882.343 592.197 60.587
f 413 426 421
v 8882.380 592.197 60.959
f 421 426 427
v 8889.822 592.197 67.527
v 8890.196 592.197 67.518
v 8889.448 592.197 67.518
f 428 429 430
f 430 429 424
v 8882.343 592.197 59.466
v 8882.324 592.197 60.214
f 426 431 432
v 8882.324 592.197 59.840
f 432 431 433
v 8882.436 592.197 58.725
f 413 434 426
f 426 434 431
v 8882.380 592.197 59.094
f 431 434 435
v 8890.940 592.197 67.443
v 8891.308 592.197 67.378
v 8890.569 592.197 67.490
f 436 437 438
v 8891.673 592.197 67.295
f 437 439 438
f 438 439 429
v 8882.602 592.197 57.996
v 8882.510 592.197 58.358
f 434 440 441
v 8892.387 592.197 67.075
v 8892.735 592.197 66.938
v 8892.033 592.197 67.194
f 442 443 444
f 444 443 439
v 8882.986 592.197 56.942
v 8882.712 592.197 57.638
f 440 445 446
v 8882.840 592.197 57.287
f 446 445 447
f 434 445 440
v 8883.148 592.197 56.605
f 413 448 434
f 434 448 445
f 400 448 401
f 401 448 402
f 408 448 413
f 402 448 408
v 8893.076 592.197 66.784
v 8893.409 592.197 66.614
f 449 450 443
v 8893.733 592.197 66.427
f 450 451 443
v 8883.522 592.197 55.958
v 8883.327 592.197 56.277
f 448 452 453
v 8883.958 592.197 55.351
v 8883.732 592.197 55.649
f 452 454 455
v 8884.453 592.197 54.790
v 8884.199 592.197 55.064
f 454 456 457
f 448 456 452
f 452 456 454
v 8894.923 592.197 65.525
v 8895.191 592.197 65.264
v 8894.643 592.197 65.772
f 458 459 460
v 8884.721 592.197 54.529
f 448 461 456
f 400 461 448
v 8895.445 592.197 64.990
v 8894.350 592.197 66.005
f 460 462 463
f 459 462 460
v 8885.597 592.197 53.830
v 8885.001 592.197 54.282
f 461 464 465
v 8885.293 592.197 54.048
f 465 464 466
f 400 464 461
v 8895.911 592.197 64.405
v 8896.122 592.197 64.096
v 8895.686 592.197 64.703
f 467 468 469
f 469 468 462
v 8885.911 592.197 53.627
f 407 470 400
f 400 470 464
v 8896.317 592.197 63.777
f 468 471 462
v 8896.496 592.197 63.448
f 471 472 462
v 8886.568 592.197 53.270
v 8886.235 592.197 53.440
f 470 473 474
f 407 473 470
f 412 473 407
v 8896.658 592.197 63.112
v 8896.803 592.197 62.767
f 475 476 472
v 8887.257 592.197 52.979
v 8886.909 592.197 53.116
f 473 477 478
f 418 477 412
f 412 477 473
v 8896.931 592.197 62.416
v 8897.042 592.197 62.058
f 479 480 476
f 476 480 472
f 472 480 462
v 8888.704 592.197 52.611
v 8887.611 592.197 52.860
f 477 481 482
v 8887.971 592.197 52.759
f 482 481 483
v 8888.336 592.197 52.676
f 483 481 484
f 418 481 477
f 424 481 418
v 8897.208 592.197 61.329
v 8897.264 592.197 60.959
v 8897.134 592.197 61.696
f 485 486 487
v 8897.320 592.197 60.214
f 486 488 487
v 8897.301 592.197 60.587
f 489 488 486
f 487 488 480
v 8889.822 592.197 52.527
v 8889.075 592.197 52.564
f 481 490 491
v 8889.448 592.197 52.536
f 491 490 492
v 8890.196 592.197 52.536
f 424 493 481
f 481 493 490
f 429 493 424
v 8890.569 592.197 52.564
f 429 494 493
v 8897.264 592.197 59.094
f 488 495 480
v 8897.301 592.197 59.466
v 8897.320 592.197 59.840
f 496 495 497
f 497 495 488
v 8890.940 592.197 52.611
f 429 498 494
v 8891.308 592.197 52.676
f 439 499 429
f 429 499 498
v 8897.134 592.197 58.358
v 8897.042 592.197 57.996
v 8897.208 592.197 58.725
f 500 501 502
f 502 501 495
v 8892.033 592.197 52.860
v 8891.673 592.197 52.759
f 499 503 504
v 8896.931 592.197 57.638
f 495 505 480
f 501 505 495
v 8892.387 592.197 52.979
f 443 506 439
f 439 506 499
f 499 506 503
v 8892.735 592.197 53.116
f 451 507 443
f 443 507 506
v 8896.803 592.197 57.287
v 8896.658 592.197 56.942
f 508 509 505
v 8893.076 592.197 53.270
f 451 510 507
v 8893.733 592.197 53.627
v 8893.409 592.197 53.440
f 510 511 512
v 8894.047 592.197 53.830
f 510 513 511
v 8896.122 592.197 55.958
v 8895.911 592.197 55.649
v 8896.317 592.197 56.277
f 514 515 516
v 8896.496 592.197 56.605
f 516 515 517
f 517 515 509
f 505 515 480
f 509 515 505
f 480 515 462
v 8894.643 592.197 54.282
v 8894.350 592.197 54.048
f 513 518 519
f 451 518 510
v 8894.047 592.197 66.224
f 520 518 451
f 510 518 513
v 8895.686 592.197 55.351
v 8895.445 592.197 55.064
f 521 522 515
f 463 522 520
f 520 522 518
f 462 522 463
f 515 522 462
v 8895.191 592.197 54.790
v 8894.923 592.197 54.529
f 518 523 524
f 522 523 518
o solid_1
v 8919.822 590.197 44.938
v 8919.822 1630.197 44.938
v 8959.822 1630.197 44.938
f 525 526 527
v 8959.822 590.197 44.938
f 525 527 528
v 8919.822 590.197 4.938
v 8919.822 1630.197 4.938
f 529 530 526
f 529 526 525
v 8959.822 590.197 4.938
v 8959.822 1630.197 4.938
f 530 531 532
f 530 529 531
f 532 528 527
f 532 531 528
f 528 531 525
f 525 531 529
f 532 527 526
f 532 526 530
v 8919.822 1630.197 49.938
v 8959.822 590.197 49.938
v 8959.822 1630.197 49.938
f 533 534 535
v 8919.822 590.197 49.938
f 533 536 534
v 8964.816 590.197 45.183
v 8964.822 590.197 44.938
v 8964.822 1630.197 44.938
f 537 538 539
v 8964.816 1630.197 45.183
f 537 539 540
v 8964.798 1630.197 45.428
f 537 540 541
v 8964.798 590.197 45.428
f 542 537 541
v 8964.768 590.197 45.671
v 8964.768 1630.197 45.671
f 543 541 544
f 543 542 541
v 8964.726 590.197 45.913
v 8964.726 1630.197 45.913
f 545 544 546
f 545 543 544
v 8964.672 590.197 46.152
v 8964.672 1630.197 46.152
f 547 546 548
v 8964.607 1630.197 46.389
f 547 548 549
f 547 545 546
v 8964.607 590.197 46.389
f 550 547 549
v 8964.530 590.197 46.622
v 8964.530 1630.197 46.622
f 551 549 552
f 551 550 549
v 8964.441 590.197 46.851
v 8964.441 1630.197 46.851
f 553 552 554
f 553 551 552
v 8964.342 590.197 47.075
f 555 553 554
v 8964.342 1630.197 47.075
f 555 554 556
v 8964.231 1630.197 47.295
f 555 556 557
v 8964.231 590.197 47.295
f 558 555 557
v 8964.110 590.197 47.508
v 8964.110 1630.197 47.508
f 559 557 560
f 559 558 557
v 8963.979 590.197 47.715
v 8963.979 1630.197 47.715
f 561 560 562
f 561 559 560
v 8963.838 590.197 47.916
v 8963.838 1630.197 47.916
f 563 562 564
v 8963.687 1630.197 48.109
f 563 564 565
f 563 561 562
v 8963.687 590.197 48.109
f 566 563 565
v 8963.527 590.197 48.295
v 8963.527 1630.197 48.295
f 567 565 568
f 567 566 565
v 8963.357 590.197 48.473
v 8963.357 1630.197 48.473
f 569 568 570
v 8963.180 1630.197 48.642
f 569 570 571
f 569 567 568
v 8963.180 590.197 48.642
v 8962.994 1630.197 48.803
f 572 571 573
f 572 569 571
v 8962.994 590.197 48.803
v 8962.800 1630.197 48.954
f 574 573 575
f 574 572 573
v 8962.800 590.197 48.954
f 576 574 575
v 8962.600 590.197 49.095
v 8962.600 1630.197 49.095
f 577 575 578
f 577 576 575
v 8962.392 590.197 49.226
v 8962.392 1630.197 49.226
f 579 578 580
f 579 577 578
v 8962.179 590.197 49.347
v 8962.179 1630.197 49.347
f 581 580 582
f 581 579 580
v 8961.960 590.197 49.457
v 8961.960 1630.197 49.457
f 583 582 584
v 8961.735 1630.197 49.557
f 583 584 585
f 583 581 582
v 8961.735 590.197 49.557
f 586 583 585
v 8961.506 590.197 49.645
v 8961.506 1630.197 49.645
f 587 585 588
v 8961.273 1630.197 49.722
f 587 588 589
f 587 586 585
v 8961.273 590.197 49.722
f 590 587 589
v 8961.037 590.197 49.788
v 8961.037 1630.197 49.788
f 591 589 592
f 591 590 589
v 8960.797 590.197 49.841
v 8960.797 1630.197 49.841
f 593 592 594
v 8960.556 1630.197 49.883
f 593 594 595
f 593 591 592
v 8960.556 590.197 49.883
v 8960.312 1630.197 49.913
f 596 595 597
f 596 593 595
v 8960.312 590.197 49.913
f 598 596 597
v 8960.067 590.197 49.931
v 8960.067 1630.197 49.931
f 599 597 600
f 599 598 597
f 534 600 535
f 534 599 600
v 8964.822 590.197 4.938
v 8964.822 1630.197 4.938
f 601 602 539
f 601 539 538
v 8959.822 590.197 -0.062
v 8959.822 1630.197 -0.062
v 8960.067 1630.197 -0.056
f 603 604 605
v 8960.067 590.197 -0.056
f 606 603 605
v 8960.312 590.197 -0.038
v 8960.312 1630.197 -0.038
f 607 605 608
f 607 606 605
v 8960.556 590.197 -0.008
v 8960.556 1630.197 -0.008
f 609 608 610
f 609 607 608
v 8960.797 590.197 0.034
v 8960.797 1630.197 0.034
f 611 610 612
f 611 609 610
v 8961.037 590.197 0.087
v 8961.037 1630.197 0.087
f 613 612 614
v 8961.273 1630.197 0.153
f 613 614 615
f 613 611 612
v 8961.273 590.197 0.153
f 616 613 615
v 8961.506 590.197 0.230
v 8961.506 1630.197 0.230
f 617 615 618
f 617 616 615
v 8961.735 590.197 0.318
v 8961.735 1630.197 0.318
f 619 618 620
f 619 617 618
v 8961.960 590.197 0.418
f 621 619 620
v 8961.960 1630.197 0.418
f 621 620 622
v 8962.179 590.197 0.528
v 8962.179 1630.197 0.528
f 623 622 624
f 623 621 622
v 8962.392 1630.197 0.649
f 623 624 625
v 8962.392 590.197 0.649
f 626 623 625
v 8962.600 590.197 0.780
v 8962.600 1630.197 0.780
f 627 625 628
f 627 626 625
v 8962.800 590.197 0.921
v 8962.800 1630.197 0.921
f 629 628 630
f 629 627 628
v 8962.994 590.197 1.072
v 8962.994 1630.197 1.072
f 631 630 632
f 631 629 630
v 8963.180 590.197 1.233
v 8963.180 1630.197 1.233
f 633 632 634
f 633 631 632
v 8963.357 590.197 1.402
v 8963.357 1630.197 1.402
f 635 634 636
v 8963.527 1630.197 1.580
f 635 636 637
f 635 633 634
v 8963.527 590.197 1.580
f 638 635 637
v 8963.687 590.197 1.766
v 8963.687 1630.197 1.766
f 639 637 640
f 639 638 637
v 8963.838 590.197 1.959
v 8963.838 1630.197 1.959
f 641 640 642
f 641 639 640
v 8963.979 590.197 2.160
v 8963.979 1630.197 2.160
f 643 642 644
f 643 641 642
v 8964.110 590.197 2.367
v 8964.110 1630.197 2.367
f 645 644 646
f 645 643 644
v 8964.231 590.197 2.581
v 8964.231 1630.197 2.581
f 647 646 648
f 647 645 646
v 8964.342 590.197 2.800
v 8964.342 1630.197 2.800
f 649 648 650
f 649 647 648
v 8964.441 590.197 3.024
v 8964.441 1630.197 3.024
f 651 650 652
f 651 649 650
v 8964.530 590.197 3.253
v 8964.530 1630.197 3.253
f 653 652 654
f 653 651 652
v 8964.607 590.197 3.486
v 8964.607 1630.197 3.486
f 655 654 656
f 655 653 654
v 8964.672 590.197 3.723
v 8964.672 1630.197 3.723
f 657 656 658
f 657 655 656
v 8964.726 590.197 3.962
v 8964.726 1630.197 3.962
f 659 658 660
f 659 657 658
v 8964.768 590.197 4.204
v 8964.768 1630.197 4.204
f 661 660 662
f 661 659 660
v 8964.798 590.197 4.447
v 8964.798 1630.197 4.447
f 663 662 664
f 663 661 662
v 8964.816 590.197 4.692
v 8964.816 1630.197 4.692
f 665 664 666
f 665 663 664
f 601 666 602
f 601 665 666
v 8919.822 590.197 -0.062
v 8919.822 1630.197 -0.062
f 667 668 604
f 667 604 603
v 8914.828 590.197 4.692
v 8914.822 1630.197 4.938
v 8914.828 1630.197 4.692
f 669 670 671
v 8914.846 1630.197 4.447
f 669 671 672
v 8914.822 590.197 4.938
f 669 673 670
v 8914.846 590.197 4.447
f 674 669 672
v 8914.876 590.197 4.204
v 8914.876 1630.197 4.204
f 675 672 676
f 675 674 672
v 8914.918 590.197 3.962
v 8914.918 1630.197 3.962
f 677 676 678
v 8914.972 1630.197 3.723
f 677 678 679
f 677 675 676
v 8914.972 590.197 3.723
v 8915.037 1630.197 3.486
f 680 679 681
f 680 677 679
v 8915.037 590.197 3.486
f 682 680 681
v 8915.114 590.197 3.253
v 8915.114 1630.197 3.253
f 683 681 684
f 683 682 681
v 8915.202 590.197 3.024
v 8915.202 1630.197 3.024
f 685 684 686
f 685 683 684
v 8915.302 590.197 2.800
f 687 685 686
v 8915.302 1630.197 2.800
f 687 686 688
v 8915.412 590.197 2.581
v 8915.412 1630.197 2.581
f 689 688 690
f 689 687 688
v 8915.533 590.197 2.367
v 8915.533 1630.197 2.367
f 691 690 692
f 691 689 690
v 8915.664 590.197 2.160
v 8915.664 1630.197 2.160
f 693 692 694
v 8915.806 1630.197 1.959
f 693 694 695
f 693 691 692
v 8915.806 590.197 1.959
f 696 693 695
v 8915.957 590.197 1.766
f 697 696 695
v 8915.957 1630.197 1.766
f 697 695 698
v 8916.117 1630.197 1.580
f 697 698 699
v 8916.117 590.197 1.580
v 8916.286 1630.197 1.402
f 700 699 701
f 700 697 699
v 8916.286 590.197 1.402
f 702 700 701
v 8916.464 590.197 1.233
v 8916.464 1630.197 1.233
f 703 701 704
v 8916.650 1630.197 1.072
f 703 704 705
f 703 702 701
v 8916.650 590.197 1.072
v 8916.843 1630.197 0.921
f 706 705 707
f 706 703 705
v 8916.843 590.197 0.921
v 8917.044 1630.197 0.780
f 708 707 709
f 708 706 707
v 8917.044 590.197 0.780
f 710 708 709
v 8917.251 590.197 0.649
v 8917.251 1630.197 0.649
f 711 709 712
v 8917.465 1630.197 0.528
f 711 712 713
f 711 710 709
v 8917.465 590.197 0.528
v 8917.684 1630.197 0.418
f 714 713 715
f 714 711 713
v 8917.684 590.197 0.418
v 8917.908 1630.197 0.318
f 716 715 717
f 716 714 715
v 8917.908 590.197 0.318
f 718 716 717
v 8918.137 590.197 0.230
v 8918.137 1630.197 0.230
f 719 717 720
f 719 718 717
v 8918.370 590.197 0.153
v 8918.370 1630.197 0.153
f 721 720 722
f 721 719 720
v 8918.607 590.197 0.087
v 8918.607 1630.197 0.087
f 723 722 724
v 8918.846 1630.197 0.034
f 723 724 725
f 723 721 722
v 8918.846 590.197 0.034
f 726 723 725
v 8919.088 590.197 -0.008
v 8919.088 1630.197 -0.008
f 727 725 728
f 727 726 725
v 8919.332 590.197 -0.038
v 8919.332 1630.197 -0.038
f 729 728 730
v 8919.576 1630.197 -0.056
f 729 730 731
f 729 727 728
v 8919.576 590.197 -0.056
f 732 731 668
f 732 729 731
f 667 732 668
v 8914.822 590.197 44.938
v 8914.822 1630.197 44.938
f 670 733 734
f 670 673 733
v 8919.576 1630.197 49.931
f 536 533 735
v 8919.576 590.197 49.931
f 736 536 735
v 8919.332 590.197 49.913
v 8919.332 1630.197 49.913
f 737 735 738
f 737 736 735
v 8919.088 590.197 49.883
v 8919.088 1630.197 49.883
f 739 738 740
f 739 737 738
v 8918.846 590.197 49.841
v 8918.846 1630.197 49.841
f 741 740 742
f 741 739 740
v 8918.607 590.197 49.788
v 8918.607 1630.197 49.788
f 743 742 744
v 8918.370 1630.197 49.722
f 743 744 745
f 743 741 742
v 8918.370 590.197 49.722
f 746 743 745
v 8918.137 590.197 49.645
v 8918.137 1630.197 49.645
f 747 745 748
f 747 746 745
v 8917.908 590.197 49.557
v 8917.908 1630.197 49.557
f 749 748 750
v 8917.684 1630.197 49.457
f 749 750 751
f 749 747 748
v 8917.684 590.197 49.457
f 752 749 751
v 8917.465 590.197 49.347
v 8917.465 1630.197 49.347
f 753 751 754
f 753 752 751
v 8917.251 590.197 49.226
v 8917.251 1630.197 49.226
f 755 754 756
f 755 753 754
v 8917.044 590.197 49.095
v 8917.044 1630.197 49.095
f 757 756 758
f 757 755 756
v 8916.843 590.197 48.954
v 8916.843 1630.197 48.954
f 759 758 760
f 759 757 758
v 8916.650 590.197 48.803
v 8916.650 1630.197 48.803
f 761 760 762
f 761 759 760
v 8916.464 590.197 48.642
v 8916.464 1630.197 48.642
f 763 762 764
f 763 761 762
v 8916.286 590.197 48.473
v 8916.286 1630.197 48.473
f 765 764 766
f 765 763 764
v 8916.117 590.197 48.295
v 8916.117 1630.197 48.295
f 767 766 768
v 8915.957 1630.197 48.109
f 767 768 769
f 767 765 766
v 8915.957 590.197 48.109
v 8915.806 1630.197 47.916
f 770 769 771
f 770 767 769
v 8915.806 590.197 47.916
f 772 770 771
v 8915.664 590.197 47.715
v 8915.664 1630.197 47.715
f 773 771 774
f 773 772 771
v 8915.533 590.197 47.508
v 8915.533 1630.197 47.508
f 775 774 776
f 775 773 774
v 8915.412 590.197 47.295
v 8915.412 1630.197 47.295
f 777 776 778
f 777 775 776
v 8915.302 590.197 47.075
v 8915.302 1630.197 47.075
f 779 778 780
v 8915.202 1630.197 46.851
f 779 780 781
f 779 777 778
v 8915.202 590.197 46.851
f 782 779 781
v 8915.114 590.197 46.622
v 8915.114 1630.197 46.622
f 783 781 784
f 783 782 781
v 8915.037 590.197 46.389
v 8915.037 1630.197 46.389
f 785 784 786
f 785 783 784
v 8914.972 590.197 46.152
v 8914.972 1630.197 46.152
f 787 786 788
v 8914.918 1630.197 45.913
f 787 788 789
f 787 785 786
v 8914.918 590.197 45.913
f 790 787 789
v 8914.876 590.197 45.671
v 8914.876 1630.197 45.671
f 791 789 792
v 8914.846 1630.197 45.428
f 791 792 793
f 791 790 789
v 8914.846 590.197 45.428
v 8914.828 1630.197 45.183
f 794 793 795
f 794 791 793
v 8914.828 590.197 45.183
f 796 794 795
f 733 795 734
f 733 796 795
o solid_2
v 8965.233 1632.197 4.782
v 8965.239 1628.197 5.027
v 8965.233 1628.197 4.782
f 797 798 799
v 8965.239 1632.197 5.027
f 797 800 798
v 8965.215 1632.197 4.537
v 8965.215 1628.197 4.537
f 801 799 802
f 801 797 799
v 8965.185 1632.197 4.293
v 8965.185 1628.197 4.293
f 803 802 804
f 803 801 802
v 8965.143 1632.197 4.051
v 8965.143 1628.197 4.051
f 805 804 806
f 805 803 804
v 8965.089 1632.197 3.812
v 8965.089 1628.197 3.812
f 807 806 808
f 807 805 806
v 8965.023 1632.197 3.575
v 8965.023 1628.197 3.575
f 809 808 810
f 809 807 808
v 8964.946 1632.197 3.342
v 8964.946 1628.197 3.342
f 811 810 812
f 811 809 810
v 8964.858 1632.197 3.114
f 813 811 812
v 8964.858 1628.197 3.114
f 813 812 814
v 8964.759 1632.197 2.889
f 815 813 814
v 8964.759 1628.197 2.889
f 815 814 816
v 8964.648 1632.197 2.670
f 817 815 816
v 8964.648 1628.197 2.670
f 817 816 818
v 8964.527 1632.197 2.456
f 819 817 818
v 8964.527 1628.197 2.456
f 819 818 820
v 8964.396 1632.197 2.249
v 8964.396 1628.197 2.249
f 821 820 822
f 821 819 820
v 8964.255 1632.197 2.048
v 8964.255 1628.197 2.048
f 823 822 824
f 823 821 822
v 8964.104 1632.197 1.855
v 8964.104 1628.197 1.855
f 825 824 826
f 825 823 824
v 8963.943 1632.197 1.669
v 8963.943 1628.197 1.669
f 827 826 828
f 827 825 826
v 8963.774 1632.197 1.491
v 8963.774 1628.197 1.491
f 829 828 830
f 829 827 828
v 8963.596 1632.197 1.322
v 8963.596 1628.197 1.322
f 831 830 832
f 831 829 830
v 8963.411 1632.197 1.162
v 8963.411 1628.197 1.162
f 833 832 834
f 833 831 832
v 8963.217 1632.197 1.011
v 8963.217 1628.197 1.011
f 835 834 836
f 835 833 834
v 8963.017 1632.197 0.870
v 8963.017 1628.197 0.870
f 837 836 838
f 837 835 836
v 8962.809 1632.197 0.738
v 8962.809 1628.197 0.738
f 839 838 840
f 839 837 838
v 8962.596 1632.197 0.617
v 8962.596 1628.197 0.617
f 841 840 842
f 841 839 840
v 8962.376 1632.197 0.507
v 8962.376 1628.197 0.507
f 843 842 844
f 843 841 842
v 8962.152 1632.197 0.408
v 8962.152 1628.197 0.408
f 845 844 846
f 845 843 844
v 8961.923 1632.197 0.319
v 8961.923 1628.197 0.319
f 847 846 848
f 847 845 846
v 8961.690 1632.197 0.242
v 8961.690 1628.197 0.242
f 849 848 850
f 849 847 848
v 8961.454 1632.197 0.177
v 8961.454 1628.197 0.177
f 851 850 852
f 851 849 850
v 8961.214 1632.197 0.123
v 8961.214 1628.197 0.123
f 853 852 854
f 853 851 852
v 8960.972 1632.197 0.081
v 8960.972 1628.197 0.081
f 855 854 856
f 855 853 854
v 8960.729 1632.197 0.051
v 8960.729 1628.197 0.051
f 857 856 858
f 857 855 856
v 8960.484 1632.197 0.033
v 8960.484 1628.197 0.033
v 8960.239 1628.197 0.027
f 859 860 861
f 859 858 860
f 859 857 858
v 8960.239 1632.197 0.027
f 862 859 861
v 8920.239 1632.197 0.027
f 862 861 863
v 8920.239 1628.197 0.027
f 863 861 864
v 8919.993 1628.197 0.033
f 863 864 865
v 8919.993 1632.197 0.033
v 8919.749 1628.197 0.051
f 866 865 867
f 866 863 865
v 8919.749 1632.197 0.051
v 8919.505 1628.197 0.081
f 868 867 869
f 868 866 867
v 8919.505 1632.197 0.081
v 8919.263 1628.197 0.123
f 870 869 871
f 870 868 869
v 8919.263 1632.197 0.123
v 8919.024 1628.197 0.177
f 872 871 873
f 872 870 871
v 8919.024 1632.197 0.177
v 8918.787 1628.197 0.242
f 874 873 875
f 874 872 873
v 8918.787 1632.197 0.242
v 8918.554 1628.197 0.319
f 876 875 877
f 876 874 875
v 8918.554 1632.197 0.319
v 8918.325 1628.197 0.408
f 878 877 879
f 878 876 877
v 8918.325 1632.197 0.408
v 8918.101 1628.197 0.507
f 880 879 881
f 880 878 879
v 8918.101 1632.197 0.507
f 882 880 881
v 8917.882 1628.197 0.617
f 882 881 883
v 8917.882 1632.197 0.617
f 884 882 883
v 8917.668 1628.197 0.738
f 884 883 885
v 8917.668 1632.197 0.738
f 886 884 885
v 8917.461 1628.197 0.870
f 886 885 887
v 8917.461 1632.197 0.870
v 8917.260 1628.197 1.011
f 888 887 889
f 888 886 887
v 8917.260 1632.197 1.011
v 8917.067 1628.197 1.162
f 890 889 891
f 890 888 889
v 8917.067 1632.197 1.162
f 892 890 891
v 8916.881 1628.197 1.322
f 892 891 893
v 8916.881 1632.197 1.322
v 8916.703 1628.197 1.491
f 894 893 895
f 894 892 893
v 8916.703 1632.197 1.491
v 8916.534 1628.197 1.669
f 896 895 897
f 896 894 895
v 8916.534 1632.197 1.669
v 8916.374 1628.197 1.855
f 898 897 899
f 898 896 897
v 8916.374 1632.197 1.855
v 8916.223 1628.197 2.048
f 900 899 901
f 900 898 899
v 8916.223 1632.197 2.048
v 8916.081 1628.197 2.249
f 902 901 903
f 902 900 901
v 8916.081 1632.197 2.249
v 8915.950 1628.197 2.456
f 904 903 905
f 904 902 903
v 8915.950 1632.197 2.456
v 8915.829 1628.197 2.670
f 906 905 907
f 906 904 905
v 8915.829 1632.197 2.670
v 8915.719 1628.197 2.889
f 908 907 909
f 908 906 907
v 8915.719 1632.197 2.889
v 8915.619 1628.197 3.114
f 910 909 911
f 910 908 909
v 8915.619 1632.197 3.114
v 8915.531 1628.197 3.342
f 912 911 913
f 912 910 911
v 8915.531 1632.197 3.342
f 914 912 913
v 8915.454 1632.197 3.575
v 8915.454 1628.197 3.575
v 8915.389 1628.197 3.812
f 915 916 917
f 915 913 916
f 915 914 913
v 8915.389 1632.197 3.812
v 8915.335 1628.197 4.051
f 918 917 919
f 918 915 917
v 8915.335 1632.197 4.051
f 920 918 919
v 8915.293 1632.197 4.293
v 8915.293 1628.197 4.293
f 921 919 922
f 921 920 919
v 8915.263 1632.197 4.537
v 8915.263 1628.197 4.537
f 923 922 924
f 923 921 922
v 8915.245 1632.197 4.782
v 8915.245 1628.197 4.782
f 925 924 926
f 925 923 924
v 8915.239 1632.197 5.027
v 8915.239 1628.197 5.027
f 927 926 928
f 927 925 926
v 8915.239 1632.197 45.027
f 927 928 929
v 8915.239 1628.197 45.027
f 929 928 930
v 8915.245 1632.197 45.272
f 931 929 930
v 8915.245 1628.197 45.272
f 931 930 932
v 8915.263 1632.197 45.517
v 8915.263 1628.197 45.517
f 933 932 934
f 933 931 932
v 8915.293 1632.197 45.761
v 8915.293 1628.197 45.761
f 935 934 936
f 935 933 934
v 8915.335 1632.197 46.002
v 8915.335 1628.197 46.002
f 937 936 938
f 937 935 936
v 8915.389 1632.197 46.242
v 8915.389 1628.197 46.242
f 939 938 940
f 939 937 938
v 8915.454 1632.197 46.478
v 8915.454 1628.197 46.478
f 941 940 942
f 941 939 940
v 8915.531 1632.197 46.711
v 8915.531 1628.197 46.711
f 943 942 944
f 943 941 942
v 8915.619 1632.197 46.940
f 945 943 944
v 8915.619 1628.197 46.940
f 945 944 946
v 8915.719 1632.197 47.165
f 947 945 946
v 8915.719 1628.197 47.165
f 947 946 948
v 8915.829 1632.197 47.384
f 949 947 948
v 8915.829 1628.197 47.384
f 949 948 950
v 8915.950 1632.197 47.597
f 951 949 950
v 8915.950 1628.197 47.597
f 951 950 952
v 8916.081 1632.197 47.805
f 953 951 952
v 8916.081 1628.197 47.805
f 953 952 954
v 8916.223 1632.197 48.005
f 955 953 954
v 8916.223 1628.197 48.005
f 955 954 956
v 8916.374 1632.197 48.199
f 957 955 956
v 8916.374 1628.197 48.199
f 957 956 958
v 8916.534 1632.197 48.385
f 959 957 958
v 8916.534 1628.197 48.385
f 959 958 960
v 8916.703 1632.197 48.562
f 961 959 960
v 8916.703 1628.197 48.562
f 961 960 962
v 8916.881 1632.197 48.732
f 963 961 962
v 8916.881 1628.197 48.732
f 963 962 964
v 8917.067 1632.197 48.892
f 965 963 964
v 8917.067 1628.197 48.892
f 965 964 966
v 8917.260 1632.197 49.043
v 8917.260 1628.197 49.043
f 967 966 968
f 967 965 966
v 8917.461 1632.197 49.184
v 8917.461 1628.197 49.184
f 969 968 970
f 969 967 968
v 8917.668 1632.197 49.316
f 971 969 970
v 8917.668 1628.197 49.316
f 971 970 972
v 8917.882 1632.197 49.436
v 8917.882 1628.197 49.436
f 973 972 974
f 973 971 972
v 8918.101 1632.197 49.547
f 975 973 974
v 8918.101 1628.197 49.547
f 975 974 976
v 8918.325 1632.197 49.646
v 8918.325 1628.197 49.646
f 977 976 978
f 977 975 976
v 8918.554 1632.197 49.735
v 8918.554 1628.197 49.735
f 979 978 980
f 979 977 978
v 8918.787 1632.197 49.812
v 8918.787 1628.197 49.812
f 981 980 982
f 981 979 980
v 8919.024 1632.197 49.877
v 8919.024 1628.197 49.877
f 983 982 984
f 983 981 982
v 8919.263 1632.197 49.931
v 8919.263 1628.197 49.931
f 985 984 986
f 985 983 984
v 8919.505 1632.197 49.973
v 8919.505 1628.197 49.973
f 987 986 988
f 987 985 986
v 8919.749 1632.197 50.003
v 8919.749 1628.197 50.003
v 8919.993 1628.197 50.021
f 989 990 991
f 989 988 990
f 989 987 988
v 8919.993 1632.197 50.021
v 8920.239 1628.197 50.027
f 992 991 993
f 992 989 991
v 8920.239 1632.197 50.027
f 994 992 993
v 8960.239 1632.197 50.027
f 993 995 994
v 8960.239 1628.197 50.027
f 996 995 993
v 8960.484 1632.197 50.021
f 997 995 996
v 8960.484 1628.197 50.021
v 8960.729 1628.197 50.003
f 997 998 999
f 997 996 998
v 8960.729 1632.197 50.003
v 8960.972 1628.197 49.973
f 1000 999 1001
f 1000 997 999
v 8960.972 1632.197 49.973
v 8961.214 1628.197 49.931
f 1002 1001 1003
f 1002 1000 1001
v 8961.214 1632.197 49.931
v 8961.454 1628.197 49.877
f 1004 1003 1005
f 1004 1002 1003
v 8961.454 1632.197 49.877
v 8961.690 1628.197 49.812
f 1006 1005 1007
f 1006 1004 1005
v 8961.690 1632.197 49.812
v 8961.923 1628.197 49.735
f 1008 1007 1009
f 1008 1006 1007
v 8961.923 1632.197 49.735
v 8962.152 1628.197 49.646
f 1010 1009 1011
f 1010 1008 1009
v 8962.152 1632.197 49.646
v 8962.376 1628.197 49.547
f 1012 1011 1013
f 1012 1010 1011
v 8962.376 1632.197 49.547
f 1014 1012 1013
v 8962.596 1628.197 49.436
f 1014 1013 1015
v 8962.596 1632.197 49.436
f 1016 1014 1015
v 8962.809 1628.197 49.316
f 1016 1015 1017
v 8962.809 1632.197 49.316
f 1018 1016 1017
v 8963.017 1628.197 49.184
f 1018 1017 1019
v 8963.017 1632.197 49.184
f 1020 1018 1019
v 8963.217 1628.197 49.043
f 1020 1019 1021
v 8963.217 1632.197 49.043
f 1022 1020 1021
v 8963.411 1628.197 48.892
f 1022 1021 1023
v 8963.411 1632.197 48.892
f 1024 1022 1023
v 8963.596 1628.197 48.732
f 1024 1023 1025
v 8963.596 1632.197 48.732
f 1026 1024 1025
v 8963.774 1628.197 48.562
f 1026 1025 1027
v 8963.774 1632.197 48.562
f 1028 1026 1027
v 8963.943 1628.197 48.385
f 1028 1027 1029
v 8963.943 1632.197 48.385
f 1030 1028 1029
v 8964.104 1628.197 48.199
f 1030 1029 1031
v 8964.104 1632.197 48.199
f 1032 1030 1031
v 8964.255 1628.197 48.005
f 1032 1031 1033
v 8964.255 1632.197 48.005
v 8964.396 1628.197 47.805
f 1034 1033 1035
f 1034 1032 1033
v 8964.396 1632.197 47.805
f 1036 1034 1035
v 8964.527 1628.197 47.597
f 1036 1035 1037
v 8964.527 1632.197 47.597
v 8964.648 1628.197 47.384
f 1038 1037 1039
f 1038 1036 1037
v 8964.648 1632.197 47.384
f 1040 1038 1039
v 8964.759 1632.197 47.165
v 8964.759 1628.197 47.165
f 1041 1039 1042
f 1041 1040 1039
v 8964.858 1632.197 46.940
v 8964.858 1628.197 46.940
v 8964.946 1628.197 46.711
f 1043 1044 1045
f 1043 1042 1044
f 1043 1041 1042
v 8964.946 1632.197 46.711
f 1046 1043 1045
v 8965.023 1632.197 46.478
v 8965.023 1628.197 46.478
f 1047 1045 1048
f 1047 1046 1045
v 8965.089 1632.197 46.242
v 8965.089 1628.197 46.242
v 8965.143 1628.197 46.002
f 1049 1050 1051
f 1049 1048 1050
f 1049 1047 1048
v 8965.143 1632.197 46.002
v 8965.185 1628.197 45.761
f 1052 1051 1053
f 1052 1049 1051
v 8965.185 1632.197 45.761
f 1054 1052 1053
v 8965.215 1632.197 45.517
v 8965.215 1628.197 45.517
f 1055 1053 1056
f 1055 1054 1053
v 8965.233 1632.197 45.272
v 8965.233 1628.197 45.272
f 1057 1056 1058
f 1057 1055 1056
v 8965.239 1632.197 45.027
v 8965.239 1628.197 45.027
f 1059 1058 1060
f 1059 1057 1058
f 1060 800 1059
f 798 800 1060
v 8875.239 1632.197 -24.973
v 8875.239 1628.197 75.027
v 8875.239 1632.197 75.027
f 1061 1062 1063
v 8875.239 1628.197 -24.973
f 1061 1064 1062
v 9005.239 1628.197 -24.973
f 1065 1064 1061
v 9005.239 1632.197 -24.973
f 1066 1065 1061
v 9005.239 1632.197 75.027
f 1065 1066 1067
v 9005.239 1628.197 75.027
f 1065 1067 1068
f 1067 1063 1062
f 1068 1067 1062
v 8895.060 1632.197 65.772
v 8895.340 1632.197 65.525
v 8895.608 1632.197 65.264
f 1069 1070 1071
v 8896.328 1632.197 64.405
v 8895.862 1632.197 64.990
f 1072 1071 1073
v 8896.102 1632.197 64.703
f 1072 1073 1074
v 8894.464 1632.197 66.224
v 8894.767 1632.197 66.005
f 1075 1076 1069
v 8894.149 1632.197 66.427
f 1077 1075 1069
v 8896.913 1632.197 63.448
v 8896.539 1632.197 64.096
v 8896.734 1632.197 63.777
f 1078 1079 1080
v 8893.493 1632.197 66.784
v 8893.826 1632.197 66.614
f 1081 1082 1077
v 8897.220 1632.197 62.767
f 1083 1079 1078
v 8897.075 1632.197 63.112
f 1083 1078 1084
v 8897.458 1632.197 62.058
v 8897.348 1632.197 62.416
f 1085 1083 1086
v 8892.089 1632.197 67.295
v 8892.449 1632.197 67.194
v 8892.804 1632.197 67.075
f 1087 1088 1089
v 8893.152 1632.197 66.938
f 1087 1089 1090
f 1087 1090 1081
v 8897.625 1632.197 61.329
f 1091 1083 1085
v 8897.551 1632.197 61.696
f 1091 1085 1092
v 8890.985 1632.197 67.490
v 8891.356 1632.197 67.443
v 8891.725 1632.197 67.378
f 1093 1094 1095
f 1093 1095 1087
v 8897.718 1632.197 60.587
f 1096 1083 1091
v 8897.680 1632.197 60.959
f 1096 1091 1097
v 8889.865 1632.197 67.518
v 8890.239 1632.197 67.527
v 8890.613 1632.197 67.518
f 1098 1099 1100
f 1098 1100 1093
v 8897.718 1632.197 59.466
v 8897.736 1632.197 60.214
f 1101 1096 1102
v 8897.736 1632.197 59.840
f 1101 1102 1103
v 8897.625 1632.197 58.725
f 1104 1083 1096
f 1104 1096 1101
v 8897.680 1632.197 59.094
f 1104 1101 1105
v 8888.753 1632.197 67.378
v 8889.121 1632.197 67.443
v 8889.492 1632.197 67.490
f 1106 1107 1108
v 8888.388 1632.197 67.295
f 1109 1106 1108
f 1109 1108 1098
v 8897.458 1632.197 57.996
v 8897.551 1632.197 58.358
f 1110 1104 1111
v 8887.325 1632.197 66.938
v 8887.674 1632.197 67.075
v 8888.028 1632.197 67.194
f 1112 1113 1114
f 1112 1114 1109
v 8897.075 1632.197 56.942
v 8897.348 1632.197 57.638
f 1115 1110 1116
v 8897.220 1632.197 57.287
f 1115 1116 1117
f 1115 1104 1110
v 8896.913 1632.197 56.605
f 1118 1083 1104
f 1118 1104 1115
f 1118 1069 1071
f 1118 1071 1072
f 1118 1079 1083
f 1118 1072 1079
v 8886.652 1632.197 66.614
v 8886.985 1632.197 66.784
f 1119 1120 1112
v 8886.328 1632.197 66.427
f 1121 1119 1112
v 8896.539 1632.197 55.958
v 8896.734 1632.197 56.277
f 1122 1118 1123
v 8896.102 1632.197 55.351
v 8896.328 1632.197 55.649
f 1124 1122 1125
v 8895.608 1632.197 54.790
v 8895.862 1632.197 55.064
f 1126 1124 1127
f 1126 1118 1122
f 1126 1122 1124
v 8884.870 1632.197 65.264
v 8885.137 1632.197 65.525
v 8885.418 1632.197 65.772
f 1128 1129 1130
v 8895.340 1632.197 54.529
f 1131 1118 1126
f 1131 1069 1118
v 8884.615 1632.197 64.990
v 8885.710 1632.197 66.005
f 1132 1130 1133
f 1132 1128 1130
v 8894.464 1632.197 53.830
v 8895.060 1632.197 54.282
f 1134 1131 1135
v 8894.767 1632.197 54.048
f 1134 1135 1136
f 1134 1069 1131
v 8883.938 1632.197 64.096
v 8884.149 1632.197 64.405
v 8884.375 1632.197 64.703
f 1137 1138 1139
f 1137 1139 1132
v 8894.149 1632.197 53.627
f 1140 1077 1069
f 1140 1069 1134
v 8883.744 1632.197 63.777
f 1141 1137 1132
v 8883.565 1632.197 63.448
f 1142 1141 1132
v 8893.493 1632.197 53.270
v 8893.826 1632.197 53.440
f 1143 1140 1144
f 1143 1077 1140
f 1143 1081 1077
v 8883.257 1632.197 62.767
v 8883.402 1632.197 63.112
f 1145 1146 1142
v 8892.804 1632.197 52.979
v 8893.152 1632.197 53.116
f 1147 1143 1148
f 1147 1087 1081
f 1147 1081 1143
v 8883.019 1632.197 62.058
v 8883.129 1632.197 62.416
f 1149 1150 1145
f 1149 1145 1142
f 1149 1142 1132
v 8891.356 1632.197 52.611
v 8892.449 1632.197 52.860
f 1151 1147 1152
v 8892.089 1632.197 52.759
f 1151 1152 1153
v 8891.725 1632.197 52.676
f 1151 1153 1154
f 1151 1087 1147
f 1151 1093 1087
v 8882.797 1632.197 60.959
v 8882.853 1632.197 61.329
v 8882.927 1632.197 61.696
f 1155 1156 1157
v 8882.741 1632.197 60.214
f 1158 1155 1157
v 8882.760 1632.197 60.587
f 1158 1159 1155
f 1158 1157 1149
v 8890.239 1632.197 52.527
v 8890.985 1632.197 52.564
f 1160 1151 1161
v 8890.613 1632.197 52.536
f 1160 1161 1162
v 8889.865 1632.197 52.536
f 1163 1093 1151
f 1163 1151 1160
f 1163 1098 1093
v 8889.492 1632.197 52.564
f 1164 1098 1163
v 8882.797 1632.197 59.094
f 1165 1158 1149
v 8882.760 1632.197 59.466
v 8882.741 1632.197 59.840
f 1165 1166 1167
f 1165 1167 1158
v 8889.121 1632.197 52.611
f 1168 1098 1164
v 8888.753 1632.197 52.676
f 1169 1109 1098
f 1169 1098 1168
v 8883.019 1632.197 57.996
v 8882.927 1632.197 58.358
v 8882.853 1632.197 58.725
f 1170 1171 1172
f 1170 1172 1165
v 8888.028 1632.197 52.860
v 8888.388 1632.197 52.759
f 1173 1169 1174
v 8883.129 1632.197 57.638
f 1175 1165 1149
f 1175 1170 1165
v 8887.674 1632.197 52.979
f 1176 1112 1109
f 1176 1109 1169
f 1176 1169 1173
v 8887.325 1632.197 53.116
f 1177 1121 1112
f 1177 1112 1176
v 8883.402 1632.197 56.942
v 8883.257 1632.197 57.287
f 1178 1179 1175
v 8886.985 1632.197 53.270
f 1180 1121 1177
v 8886.328 1632.197 53.627
v 8886.652 1632.197 53.440
f 1181 1180 1182
v 8886.014 1632.197 53.830
f 1183 1180 1181
v 8884.149 1632.197 55.649
v 8883.938 1632.197 55.958
v 8883.744 1632.197 56.277
f 1184 1185 1186
v 8883.565 1632.197 56.605
f 1184 1186 1187
f 1184 1187 1178
f 1184 1175 1149
f 1184 1178 1175
f 1184 1149 1132
v 8885.418 1632.197 54.282
v 8885.710 1632.197 54.048
f 1188 1183 1189
f 1188 1121 1180
v 8886.014 1632.197 66.224
f 1188 1190 1121
f 1188 1180 1183
v 8884.615 1632.197 55.064
v 8884.375 1632.197 55.351
f 1191 1192 1184
f 1191 1133 1190
f 1191 1190 1188
f 1191 1132 1133
f 1191 1184 1132
v 8884.870 1632.197 54.790
v 8885.137 1632.197 54.529
f 1193 1188 1194
f 1193 1191 1188
v 8895.340 1628.197 65.525
v 8895.060 1628.197 65.772
v 8895.608 1628.197 65.264
f 1195 1196 1197
v 8894.767 1628.197 66.005
f 1196 1198 1197
v 8895.862 1628.197 64.990
f 1197 1198 1199
v 8896.328 1628.197 64.405
v 8896.102 1628.197 64.703
f 1199 1200 1201
v 8894.464 1628.197 66.224
f 1198 1202 1199
v 8896.539 1628.197 64.096
f 1199 1203 1200
v 8896.913 1628.197 63.448
v 8896.734 1628.197 63.777
f 1203 1204 1205
v 8893.826 1628.197 66.614
v 8893.493 1628.197 66.784
v 8894.149 1628.197 66.427
f 1206 1207 1208
v 8893.152 1628.197 66.938
f 1207 1209 1208
v 8897.220 1628.197 62.767
v 8897.075 1628.197 63.112
f 1204 1210 1211
f 1203 1210 1204
v 8892.804 1628.197 67.075
v 8892.449 1628.197 67.194
f 1212 1213 1209
v 8897.458 1628.197 62.058
v 8897.348 1628.197 62.416
f 1210 1214 1215
f 1199 1214 1203
f 1203 1214 1210
v 8892.089 1628.197 67.295
f 1213 1216 1209
v 8891.725 1628.197 67.378
v 8890.985 1628.197 67.490
f 1217 1218 1216
v 8891.356 1628.197 67.443
f 1219 1218 1217
v 8890.613 1628.197 67.518
f 1218 1220 1216
v 8897.680 1628.197 60.959
v 8897.736 1628.197 60.214
v 8897.718 1628.197 60.587
f 1221 1222 1223
v 8897.625 1628.197 61.329
f 1224 1222 1221
v 8897.551 1628.197 61.696
f 1225 1222 1224
f 1214 1222 1225
v 8897.736 1628.197 59.840
f 1214 1226 1222
v 8890.239 1628.197 67.527
v 8889.492 1628.197 67.490
f 1227 1228 1220
v 8889.865 1628.197 67.518
f 1229 1228 1227
v 8897.680 1628.197 59.094
v 8897.718 1628.197 59.466
f 1226 1230 1231
v 8889.121 1628.197 67.443
v 8888.753 1628.197 67.378
f 1232 1233 1228
v 8888.388 1628.197 67.295
f 1233 1234 1228
v 8897.625 1628.197 58.725
v 8897.458 1628.197 57.996
v 8897.551 1628.197 58.358
f 1235 1236 1237
f 1230 1236 1235
f 1226 1236 1230
v 8897.348 1628.197 57.638
f 1226 1238 1236
f 1214 1238 1226
v 8888.028 1628.197 67.194
v 8887.674 1628.197 67.075
f 1239 1240 1234
v 8897.075 1628.197 56.942
v 8897.220 1628.197 57.287
f 1238 1241 1242
v 8886.985 1628.197 66.784
f 1240 1243 1234
v 8887.325 1628.197 66.938
f 1244 1243 1240
v 8886.328 1628.197 66.427
f 1243 1245 1234
v 8886.652 1628.197 66.614
f 1246 1245 1243
v 8896.913 1628.197 56.605
v 8896.539 1628.197 55.958
v 8896.734 1628.197 56.277
f 1247 1248 1249
f 1241 1248 1247
v 8896.328 1628.197 55.649
f 1214 1250 1238
f 1238 1250 1241
f 1241 1250 1248
f 1199 1250 1214
v 8886.014 1628.197 66.224
v 8885.418 1628.197 65.772
f 1251 1252 1245
v 8885.710 1628.197 66.005
f 1253 1252 1251
v 8895.862 1628.197 55.064
f 1199 1254 1250
v 8896.102 1628.197 55.351
f 1250 1254 1255
v 8885.137 1628.197 65.525
v 8884.870 1628.197 65.264
f 1256 1257 1252
v 8895.608 1628.197 54.790
v 8895.060 1628.197 54.282
v 8895.340 1628.197 54.529
f 1258 1259 1260
f 1254 1259 1258
f 1199 1259 1254
f 1202 1259 1199
f 1208 1259 1202
v 8884.375 1628.197 64.703
v 8884.149 1628.197 64.405
v 8884.615 1628.197 64.990
f 1261 1262 1263
v 8883.938 1628.197 64.096
f 1262 1264 1263
f 1263 1264 1257
v 8894.767 1628.197 54.048
v 8894.149 1628.197 53.627
v 8894.464 1628.197 53.830
f 1265 1266 1267
f 1259 1266 1265
v 8883.744 1628.197 63.777
v 8883.565 1628.197 63.448
f 1268 1269 1264
v 8893.493 1628.197 53.270
v 8893.826 1628.197 53.440
f 1266 1270 1271
f 1259 1270 1266
v 8893.152 1628.197 53.116
f 1208 1272 1259
f 1259 1272 1270
v 8883.257 1628.197 62.767
f 1264 1273 1257
f 1269 1273 1264
v 8883.402 1628.197 63.112
f 1274 1273 1269
v 8892.804 1628.197 52.979
f 1209 1275 1208
f 1208 1275 1272
v 8892.449 1628.197 52.860
f 1216 1276 1209
f 1209 1276 1275
v 8883.129 1628.197 62.416
v 8883.019 1628.197 62.058
f 1277 1278 1273
v 8891.725 1628.197 52.676
v 8892.089 1628.197 52.759
f 1276 1279 1280
f 1216 1279 1276
f 1220 1279 1216
v 8882.927 1628.197 61.696
v 8882.853 1628.197 61.329
f 1281 1282 1278
v 8882.797 1628.197 60.959
f 1282 1283 1278
v 8890.985 1628.197 52.564
v 8891.356 1628.197 52.611
f 1279 1284 1285
v 8882.760 1628.197 60.587
f 1283 1286 1278
v 8890.613 1628.197 52.536
f 1279 1287 1284
f 1220 1287 1279
f 1228 1287 1220
v 8889.865 1628.197 52.536
v 8890.239 1628.197 52.527
f 1287 1288 1289
v 8882.741 1628.197 60.214
v 8882.760 1628.197 59.466
f 1290 1291 1286
v 8882.741 1628.197 59.840
f 1292 1291 1290
v 8889.121 1628.197 52.611
f 1228 1293 1287
f 1287 1293 1288
v 8889.492 1628.197 52.564
f 1288 1293 1294
v 8882.853 1628.197 58.725
f 1291 1295 1286
v 8882.797 1628.197 59.094
f 1296 1295 1291
v 8888.388 1628.197 52.759
f 1228 1297 1293
v 8888.753 1628.197 52.676
f 1293 1297 1298
f 1234 1297 1228
v 8887.674 1628.197 52.979
v 8888.028 1628.197 52.860
f 1297 1299 1300
f 1234 1299 1297
v 8883.129 1628.197 57.638
v 8883.402 1628.197 56.942
v 8883.019 1628.197 57.996
f 1301 1302 1303
v 8883.257 1628.197 57.287
f 1304 1302 1301
v 8886.985 1628.197 53.270
v 8887.325 1628.197 53.116
f 1299 1305 1306
f 1245 1305 1234
f 1234 1305 1299
v 8883.565 1628.197 56.605
f 1286 1307 1278
f 1295 1307 1286
f 1302 1307 1303
f 1273 1307 1257
f 1278 1307 1273
v 8882.927 1628.197 58.358
f 1308 1307 1295
f 1303 1307 1308
v 8886.328 1628.197 53.627
v 8886.652 1628.197 53.440
f 1305 1309 1310
f 1245 1309 1305
v 8886.014 1628.197 53.830
f 1245 1311 1309
f 1252 1311 1245
f 1257 1311 1252
v 8883.938 1628.197 55.958
v 8884.149 1628.197 55.649
v 8883.744 1628.197 56.277
f 1312 1313 1314
v 8884.375 1628.197 55.351
f 1313 1315 1314
v 8885.710 1628.197 54.048
v 8885.137 1628.197 54.529
v 8885.418 1628.197 54.282
f 1316 1317 1318
f 1311 1317 1316
v 8884.870 1628.197 54.790
f 1314 1319 1307
v 8884.615 1628.197 55.064
f 1320 1319 1315
f 1257 1319 1311
f 1307 1319 1257
f 1311 1319 1317
f 1315 1319 1314
o solid_3
v 8903.514 1200.197 73.966
v 8903.514 1020.197 73.966
v 8911.514 1200.197 73.966
f 1321 1322 1323
v 8911.514 1020.197 73.966
f 1322 1324 1323
v 8911.514 1200.197 21.966
v 8903.514 1200.197 13.966
f 1321 1325 1326
f 1323 1325 1321
v 9038.514 1200.197 13.966
f 1327 1326 1325
v 9038.514 1200.197 21.966
f 1328 1327 1325
v 8911.514 1020.197 21.966
f 1329 1325 1323
f 1329 1323 1324
f 1329 1324 1322
v 8903.514 1020.197 13.966
f 1329 1322 1330
v 9038.514 1020.197 13.966
v 9038.514 1020.197 21.966
f 1331 1332 1329
f 1331 1329 1330
v 9063.514 1065.197 13.966
v 9063.514 1065.197 21.966
f 1332 1333 1334
f 1331 1333 1332
f 1321 1330 1322
f 1321 1326 1330
v 9063.514 1155.197 13.966
f 1335 1327 1328
v 9063.514 1155.197 21.966
f 1335 1328 1336
v 9027.046 1152.916 21.966
v 9026.780 1153.367 21.966
v 9026.780 1153.367 13.966
f 1337 1338 1339
v 9027.046 1152.916 13.966
f 1337 1339 1340
v 9027.333 1152.478 21.966
f 1341 1337 1340
v 9027.333 1152.478 13.966
v 9027.642 1152.056 13.966
f 1341 1342 1343
f 1341 1340 1342
v 9027.642 1152.056 21.966
f 1344 1341 1343
v 9027.972 1151.649 21.966
f 1345 1344 1343
v 9027.972 1151.649 13.966
f 1345 1343 1346
v 9028.322 1151.259 21.966
f 1347 1345 1346
v 9028.322 1151.259 13.966
v 9028.691 1150.888 13.966
f 1347 1348 1349
f 1347 1346 1348
v 9028.691 1150.888 21.966
f 1350 1347 1349
v 9029.078 1150.535 21.966
v 9029.078 1150.535 13.966
f 1351 1349 1352
f 1351 1350 1349
v 9029.481 1150.202 21.966
v 9029.481 1150.202 13.966
f 1353 1352 1354
f 1353 1351 1352
v 9029.901 1149.889 21.966
v 9029.901 1149.889 13.966
f 1355 1354 1356
f 1355 1353 1354
v 9030.336 1149.598 21.966
v 9030.336 1149.598 13.966
v 9030.785 1149.329 13.966
f 1357 1358 1359
f 1357 1356 1358
f 1357 1355 1356
v 9030.785 1149.329 21.966
f 1360 1357 1359
v 9031.247 1149.082 21.966
v 9031.247 1149.082 13.966
v 9031.721 1148.859 13.966
f 1361 1362 1363
f 1361 1359 1362
f 1361 1360 1359
v 9031.721 1148.859 21.966
f 1364 1361 1363
v 9032.205 1148.660 21.966
v 9032.205 1148.660 13.966
f 1365 1363 1366
f 1365 1364 1363
v 9032.699 1148.485 21.966
v 9032.699 1148.485 13.966
f 1367 1366 1368
f 1367 1365 1366
v 9033.200 1148.335 21.966
v 9033.200 1148.335 13.966
f 1369 1368 1370
f 1369 1367 1368
v 9033.709 1148.210 21.966
v 9033.709 1148.210 13.966
v 9034.223 1148.110 13.966
f 1371 1372 1373
f 1371 1370 1372
f 1371 1369 1370
v 9034.223 1148.110 21.966
v 9034.741 1148.037 13.966
f 1374 1373 1375
f 1374 1371 1373
v 9034.741 1148.037 21.966
f 1376 1374 1375
v 9035.262 1147.989 21.966
f 1377 1376 1375
v 9035.262 1147.989 13.966
f 1377 1375 1378
v 9035.785 1147.967 21.966
f 1379 1377 1378
v 9035.785 1147.967 13.966
v 9036.309 1147.972 13.966
f 1379 1380 1381
f 1379 1378 1380
v 9036.309 1147.972 21.966
f 1382 1379 1381
v 9036.832 1148.002 21.966
f 1383 1382 1381
v 9036.832 1148.002 13.966
f 1383 1381 1384
v 9037.352 1148.059 21.966
f 1385 1383 1384
v 9037.352 1148.059 13.966
f 1385 1384 1386
v 9037.869 1148.141 21.966
f 1387 1385 1386
v 9037.869 1148.141 13.966
v 9038.381 1148.249 13.966
f 1387 1388 1389
f 1387 1386 1388
v 9038.381 1148.249 21.966
f 1390 1387 1389
v 9038.888 1148.383 21.966
v 9038.888 1148.383 13.966
f 1391 1389 1392
f 1391 1390 1389
v 9039.387 1148.541 21.966
v 9039.387 1148.541 13.966
f 1393 1392 1394
f 1393 1391 1392
v 9039.877 1148.724 21.966
v 9039.877 1148.724 13.966
v 9040.358 1148.932 13.966
f 1395 1396 1397
f 1395 1394 1396
f 1395 1393 1394
v 9040.358 1148.932 21.966
f 1398 1395 1397
v 9040.827 1149.163 21.966
v 9040.827 1149.163 13.966
v 9041.285 1149.417 13.966
f 1399 1400 1401
f 1399 1397 1400
f 1399 1398 1397
v 9041.285 1149.417 21.966
f 1402 1399 1401
v 9041.730 1149.694 21.966
v 9041.730 1149.694 13.966
f 1403 1401 1404
f 1403 1402 1401
v 9042.160 1149.993 21.966
v 9042.160 1149.993 13.966
f 1405 1404 1406
f 1405 1403 1404
v 9042.574 1150.312 21.966
v 9042.574 1150.312 13.966
f 1407 1406 1408
f 1407 1405 1406
v 9042.972 1150.652 21.966
v 9042.972 1150.652 13.966
f 1409 1408 1410
f 1409 1407 1408
v 9043.353 1151.011 21.966
v 9043.353 1151.011 13.966
f 1411 1410 1412
f 1411 1409 1410
v 9043.716 1151.389 21.966
v 9043.716 1151.389 13.966
f 1413 1412 1414
f 1413 1411 1412
v 9044.059 1151.785 21.966
v 9044.059 1151.785 13.966
v 9044.382 1152.197 13.966
f 1415 1416 1417
f 1415 1414 1416
f 1415 1413 1414
v 9044.382 1152.197 21.966
f 1418 1415 1417
v 9044.684 1152.624 21.966
v 9044.684 1152.624 13.966
f 1419 1417 1420
f 1419 1418 1417
v 9044.964 1153.067 21.966
v 9044.964 1153.067 13.966
v 9045.222 1153.522 13.966
f 1421 1422 1423
f 1421 1420 1422
f 1421 1419 1420
v 9045.222 1153.522 21.966
v 9045.457 1153.990 13.966
f 1424 1423 1425
f 1424 1421 1423
v 9045.457 1153.990 21.966
f 1426 1424 1425
v 9045.668 1154.469 21.966
f 1427 1426 1425
v 9045.668 1154.469 13.966
f 1427 1425 1428
v 9045.855 1154.958 21.966
f 1429 1427 1428
v 9045.855 1154.958 13.966
f 1429 1428 1430
v 9046.018 1155.456 21.966
f 1431 1429 1430
v 9046.018 1155.456 13.966
f 1431 1430 1432
v 9046.155 1155.961 21.966
v 9046.155 1155.961 13.966
v 9046.268 1156.472 13.966
f 1433 1434 1435
f 1433 1432 1434
f 1433 1431 1432
v 9046.268 1156.472 21.966
v 9046.354 1156.989 13.966
f 1436 1435 1437
f 1436 1433 1435
v 9046.354 1156.989 21.966
v 9046.415 1157.509 13.966
f 1438 1437 1439
f 1438 1436 1437
v 9046.415 1157.509 21.966
v 9046.450 1158.031 13.966
f 1440 1439 1441
f 1440 1438 1439
v 9046.450 1158.031 21.966
f 1442 1440 1441
v 9046.458 1158.554 21.966
v 9046.458 1158.554 13.966
v 9046.441 1159.078 13.966
f 1443 1444 1445
f 1443 1441 1444
f 1443 1442 1441
v 9046.441 1159.078 21.966
f 1446 1443 1445
v 9046.397 1159.599 21.966
v 9046.397 1159.599 13.966
v 9046.328 1160.118 13.966
f 1447 1448 1449
f 1447 1445 1448
f 1447 1446 1445
v 9046.328 1160.118 21.966
f 1450 1447 1449
v 9046.233 1160.633 21.966
v 9046.233 1160.633 13.966
v 9046.112 1161.143 13.966
f 1451 1452 1453
f 1451 1449 1452
f 1451 1450 1449
v 9046.112 1161.143 21.966
f 1454 1451 1453
v 9045.966 1161.645 21.966
v 9045.966 1161.645 13.966
f 1455 1453 1456
f 1455 1454 1453
v 9045.795 1162.140 21.966
v 9045.795 1162.140 13.966
v 9045.599 1162.626 13.966
f 1457 1458 1459
f 1457 1456 1458
f 1457 1455 1456
v 9045.599 1162.626 21.966
f 1460 1457 1459
v 9045.380 1163.101 21.966
v 9045.380 1163.101 13.966
f 1461 1459 1462
f 1461 1460 1459
v 9045.137 1163.565 21.966
v 9045.137 1163.565 13.966
f 1463 1462 1464
f 1463 1461 1462
v 9035.910 1180.174 13.966
f 1464 1465 1463
v 9035.910 1180.174 21.966
f 1463 1465 1466
v 9017.553 1169.976 13.966
v 9017.553 1169.976 21.966
f 1467 1339 1468
f 1468 1339 1338
v 9045.137 1056.830 21.966
v 9045.137 1056.830 13.966
v 9045.380 1057.293 13.966
f 1469 1470 1471
v 9045.380 1057.293 21.966
f 1472 1469 1471
v 9045.599 1057.769 21.966
f 1473 1472 1471
v 9045.599 1057.769 13.966
f 1473 1471 1474
v 9045.795 1058.255 21.966
f 1475 1473 1474
v 9045.795 1058.255 13.966
f 1475 1474 1476
v 9045.966 1058.749 21.966
f 1477 1475 1476
v 9045.966 1058.749 13.966
v 9046.112 1059.252 13.966
f 1477 1478 1479
f 1477 1476 1478
v 9046.112 1059.252 21.966
f 1480 1477 1479
v 9046.233 1059.762 21.966
f 1481 1480 1479
v 9046.233 1059.762 13.966
f 1481 1479 1482
v 9046.328 1060.276 21.966
v 9046.328 1060.276 13.966
v 9046.397 1060.795 13.966
f 1483 1484 1485
f 1483 1482 1484
f 1483 1481 1482
v 9046.397 1060.795 21.966
v 9046.441 1061.317 13.966
f 1486 1485 1487
f 1486 1483 1485
v 9046.441 1061.317 21.966
f 1488 1486 1487
v 9046.458 1061.840 21.966
v 9046.458 1061.840 13.966
f 1489 1487 1490
f 1489 1488 1487
v 9046.450 1062.364 21.966
v 9046.450 1062.364 13.966
f 1491 1490 1492
f 1491 1489 1490
v 9046.415 1062.886 21.966
v 9046.415 1062.886 13.966
v 9046.354 1063.406 13.966
f 1493 1494 1495
f 1493 1492 1494
f 1493 1491 1492
v 9046.354 1063.406 21.966
f 1496 1493 1495
v 9046.268 1063.923 21.966
v 9046.268 1063.923 13.966
v 9046.155 1064.434 13.966
f 1497 1498 1499
f 1497 1495 1498
f 1497 1496 1495
v 9046.155 1064.434 21.966
f 1500 1497 1499
v 9046.018 1064.939 21.966
v 9046.018 1064.939 13.966
f 1501 1499 1502
f 1501 1500 1499
v 9045.855 1065.437 21.966
v 9045.855 1065.437 13.966
f 1503 1502 1504
f 1503 1501 1502
v 9045.668 1065.926 21.966
f 1505 1503 1504
v 9045.668 1065.926 13.966
f 1505 1504 1506
v 9045.457 1066.405 21.966
f 1507 1505 1506
v 9045.457 1066.405 13.966
f 1507 1506 1508
v 9045.222 1066.873 21.966
f 1509 1507 1508
v 9045.222 1066.873 13.966
f 1509 1508 1510
v 9044.964 1067.328 21.966
f 1511 1509 1510
v 9044.964 1067.328 13.966
v 9044.684 1067.770 13.966
f 1511 1512 1513
f 1511 1510 1512
v 9044.684 1067.770 21.966
f 1514 1511 1513
v 9044.382 1068.198 21.966
f 1515 1514 1513
v 9044.382 1068.198 13.966
f 1515 1513 1516
v 9044.059 1068.610 21.966
f 1517 1515 1516
v 9044.059 1068.610 13.966
f 1517 1516 1518
v 9043.716 1069.006 21.966
f 1519 1517 1518
v 9043.716 1069.006 13.966
v 9043.353 1069.383 13.966
f 1519 1520 1521
f 1519 1518 1520
v 9043.353 1069.383 21.966
f 1522 1519 1521
v 9042.972 1069.743 21.966
v 9042.972 1069.743 13.966
f 1523 1521 1524
f 1523 1522 1521
v 9042.574 1070.083 21.966
v 9042.574 1070.083 13.966
f 1525 1524 1526
f 1525 1523 1524
v 9042.160 1070.402 21.966
v 9042.160 1070.402 13.966
v 9041.730 1070.701 13.966
f 1527 1528 1529
f 1527 1526 1528
f 1527 1525 1526
v 9041.730 1070.701 21.966
f 1530 1527 1529
v 9041.285 1070.978 21.966
v 9041.285 1070.978 13.966
v 9040.827 1071.232 13.966
f 1531 1532 1533
f 1531 1529 1532
f 1531 1530 1529
v 9040.827 1071.232 21.966
f 1534 1531 1533
v 9040.358 1071.463 21.966
v 9040.358 1071.463 13.966
v 9039.877 1071.670 13.966
f 1535 1536 1537
f 1535 1533 1536
f 1535 1534 1533
v 9039.877 1071.670 21.966
f 1538 1535 1537
v 9039.387 1071.854 21.966
v 9039.387 1071.854 13.966
f 1539 1537 1540
f 1539 1538 1537
v 9038.888 1072.012 21.966
v 9038.888 1072.012 13.966
f 1541 1540 1542
f 1541 1539 1540
v 9038.381 1072.146 21.966
v 9038.381 1072.146 13.966
f 1543 1542 1544
f 1543 1541 1542
v 9037.869 1072.254 21.966
v 9037.869 1072.254 13.966
f 1545 1544 1546
f 1545 1543 1544
v 9037.352 1072.336 21.966
v 9037.352 1072.336 13.966
f 1547 1546 1548
f 1547 1545 1546
v 9036.832 1072.393 21.966
v 9036.832 1072.393 13.966
f 1549 1548 1550
f 1549 1547 1548
v 9036.309 1072.423 21.966
v 9036.309 1072.423 13.966
f 1551 1550 1552
f 1551 1549 1550
v 9035.785 1072.427 21.966
v 9035.785 1072.427 13.966
f 1553 1552 1554
f 1553 1551 1552
v 9035.262 1072.406 21.966
f 1555 1553 1554
v 9035.262 1072.406 13.966
f 1555 1554 1556
v 9034.741 1072.358 21.966
f 1557 1555 1556
v 9034.741 1072.358 13.966
v 9034.223 1072.284 13.966
f 1557 1558 1559
f 1557 1556 1558
v 9034.223 1072.284 21.966
f 1560 1557 1559
v 9033.709 1072.185 21.966
f 1561 1560 1559
v 9033.709 1072.185 13.966
f 1561 1559 1562
v 9033.200 1072.060 21.966
f 1563 1561 1562
v 9033.200 1072.060 13.966
v 9032.699 1071.910 13.966
f 1563 1564 1565
f 1563 1562 1564
v 9032.699 1071.910 21.966
v 9032.205 1071.735 13.966
f 1566 1565 1567
f 1566 1563 1565
v 9032.205 1071.735 21.966
f 1568 1566 1567
v 9031.721 1071.536 21.966
v 9031.721 1071.536 13.966
f 1569 1567 1570
f 1569 1568 1567
v 9031.247 1071.313 21.966
v 9031.247 1071.313 13.966
f 1571 1570 1572
f 1571 1569 1570
v 9030.785 1071.066 21.966
v 9030.785 1071.066 13.966
f 1573 1572 1574
f 1573 1571 1572
v 9030.336 1070.797 21.966
v 9030.336 1070.797 13.966
f 1575 1574 1576
f 1575 1573 1574
v 9029.901 1070.506 21.966
v 9029.901 1070.506 13.966
f 1577 1576 1578
f 1577 1575 1576
v 9029.481 1070.193 21.966
v 9029.481 1070.193 13.966
f 1579 1578 1580
f 1579 1577 1578
v 9029.078 1069.860 21.966
v 9029.078 1069.860 13.966
v 9028.691 1069.507 13.966
f 1581 1582 1583
f 1581 1580 1582
f 1581 1579 1580
v 9028.691 1069.507 21.966
f 1584 1581 1583
v 9028.322 1069.135 21.966
v 9028.322 1069.135 13.966
f 1585 1583 1586
f 1585 1584 1583
v 9027.972 1068.746 21.966
v 9027.972 1068.746 13.966
v 9027.642 1068.339 13.966
f 1587 1588 1589
f 1587 1586 1588
f 1587 1585 1586
v 9027.642 1068.339 21.966
f 1590 1587 1589
v 9027.333 1067.917 21.966
v 9027.333 1067.917 13.966
v 9027.046 1067.479 13.966
f 1591 1592 1593
f 1591 1589 1592
f 1591 1590 1589
v 9027.046 1067.479 21.966
v 9026.780 1067.028 13.966
f 1594 1593 1595
f 1594 1591 1593
v 9026.780 1067.028 21.966
f 1596 1594 1595
v 9017.553 1050.419 13.966
f 1595 1597 1596
v 9017.553 1050.419 21.966
f 1596 1597 1598
v 9035.910 1040.221 13.966
v 9035.910 1040.221 21.966
f 1599 1470 1600
f 1600 1470 1469
v 9032.912 1114.278 13.966
v 9032.484 1114.696 13.966
v 9032.703 1114.493 13.966
f 1601 1602 1603
v 9033.110 1114.054 13.966
f 1601 1604 1602
v 9033.296 1113.820 13.966
v 9033.471 1113.577 13.966
f 1605 1606 1604
v 9032.254 1114.888 13.966
v 9031.769 1115.238 13.966
v 9032.016 1115.069 13.966
f 1607 1608 1609
v 9031.251 1115.537 13.966
f 1607 1610 1608
f 1602 1610 1607
v 9031.514 1115.394 13.966
f 1608 1610 1611
v 9033.783 1113.067 13.966
v 9033.919 1112.801 13.966
v 9033.633 1113.326 13.966
f 1612 1613 1614
v 9030.981 1115.666 13.966
f 1602 1615 1610
v 9034.042 1112.528 13.966
v 9034.152 1112.250 13.966
f 1616 1617 1613
v 9034.247 1111.966 13.966
f 1617 1618 1613
v 9034.328 1111.678 13.966
f 1618 1619 1613
v 9030.424 1115.885 13.966
v 9029.849 1116.047 13.966
v 9030.139 1115.973 13.966
f 1620 1621 1622
v 9034.395 1111.386 13.966
v 9034.447 1111.092 13.966
f 1623 1624 1619
v 9029.260 1116.151 13.966
f 1620 1625 1621
v 9030.706 1115.783 13.966
f 1626 1625 1620
v 9029.555 1116.106 13.966
f 1621 1625 1627
v 9028.962 1116.181 13.966
f 1626 1628 1625
v 9028.364 1116.196 13.966
v 9028.663 1116.196 13.966
f 1628 1629 1630
v 9034.506 1109.898 13.966
v 9034.484 1109.600 13.966
v 9034.514 1110.197 13.966
f 1631 1632 1633
v 9034.506 1110.496 13.966
f 1633 1632 1634
v 9027.767 1116.151 13.966
f 1628 1635 1629
v 9028.065 1116.181 13.966
f 1629 1635 1636
v 9034.395 1109.009 13.966
v 9034.328 1108.717 13.966
v 9034.447 1109.303 13.966
f 1637 1638 1639
f 1639 1638 1632
v 9026.603 1115.885 13.966
v 9027.472 1116.106 13.966
f 1635 1640 1641
v 9027.178 1116.047 13.966
f 1641 1640 1642
v 9026.889 1115.973 13.966
f 1642 1640 1643
v 9034.247 1108.429 13.966
v 9034.152 1108.145 13.966
f 1644 1645 1638
v 9034.042 1107.867 13.966
f 1645 1646 1638
v 9026.046 1115.666 13.966
f 1628 1647 1635
v 9026.321 1115.783 13.966
f 1640 1647 1648
f 1635 1647 1640
v 9025.776 1115.537 13.966
f 1602 1649 1615
f 1626 1649 1628
f 1628 1649 1647
f 1615 1649 1626
v 9033.919 1107.594 13.966
v 9033.783 1107.328 13.966
f 1650 1651 1646
v 9025.258 1115.238 13.966
v 9025.514 1115.394 13.966
f 1649 1652 1653
f 1602 1652 1649
v 9033.633 1107.069 13.966
v 9033.471 1106.817 13.966
f 1654 1655 1651
v 9024.773 1114.888 13.966
v 9025.011 1115.069 13.966
f 1652 1656 1657
v 9024.543 1114.696 13.966
f 1652 1658 1656
v 9033.110 1106.341 13.966
v 9032.912 1106.116 13.966
v 9033.296 1106.575 13.966
f 1659 1660 1661
f 1661 1660 1655
v 9024.324 1114.493 13.966
f 1652 1662 1658
f 1602 1662 1652
f 1604 1662 1602
v 9023.917 1114.054 13.966
v 9024.115 1114.278 13.966
f 1662 1663 1664
v 9032.484 1105.699 13.966
v 9032.254 1105.506 13.966
v 9032.703 1105.902 13.966
f 1665 1666 1667
v 9023.731 1113.820 13.966
f 1604 1668 1662
f 1662 1668 1663
v 9032.016 1105.326 13.966
v 9031.769 1105.157 13.966
f 1669 1670 1666
f 1666 1670 1667
v 9023.394 1113.326 13.966
v 9023.556 1113.577 13.966
f 1668 1671 1672
v 9023.108 1112.801 13.966
v 9023.244 1113.067 13.966
f 1671 1673 1674
f 1606 1673 1604
f 1604 1673 1668
f 1614 1673 1606
f 1668 1673 1671
v 9030.981 1104.728 13.966
v 9030.706 1104.612 13.966
v 9031.251 1104.858 13.966
f 1675 1676 1677
v 9031.514 1105.001 13.966
f 1677 1676 1678
f 1678 1676 1670
v 9022.875 1112.250 13.966
v 9022.985 1112.528 13.966
f 1673 1679 1680
f 1613 1679 1614
f 1619 1679 1613
f 1614 1679 1673
f 1624 1679 1619
v 9030.139 1104.422 13.966
v 9029.849 1104.348 13.966
v 9030.424 1104.510 13.966
f 1681 1682 1683
f 1683 1682 1676
v 9022.780 1111.966 13.966
v 9022.633 1111.386 13.966
v 9022.699 1111.678 13.966
f 1684 1685 1686
v 9029.555 1104.289 13.966
f 1682 1687 1676
v 9022.543 1110.795 13.966
f 1679 1688 1684
v 9022.581 1111.092 13.966
f 1685 1688 1689
f 1684 1688 1685
v 9034.484 1110.795 13.966
f 1690 1688 1624
f 1624 1688 1679
v 9028.962 1104.214 13.966
v 9028.663 1104.199 13.966
v 9029.260 1104.244 13.966
f 1691 1692 1693
v 9028.364 1104.199 13.966
f 1692 1694 1693
f 1693 1694 1687
v 9022.521 1109.898 13.966
f 1690 1695 1688
v 9022.521 1110.496 13.966
f 1688 1695 1696
v 9022.514 1110.197 13.966
f 1696 1695 1697
f 1634 1695 1690
v 9028.065 1104.214 13.966
f 1694 1698 1687
v 9022.581 1109.303 13.966
v 9022.543 1109.600 13.966
f 1695 1699 1700
f 1638 1699 1632
f 1634 1699 1695
f 1632 1699 1634
v 9027.178 1104.348 13.966
f 1687 1701 1676
f 1698 1701 1687
v 9027.472 1104.289 13.966
v 9027.767 1104.244 13.966
f 1702 1701 1703
f 1703 1701 1698
f 1676 1701 1670
v 9022.699 1108.717 13.966
v 9022.633 1109.009 13.966
f 1699 1704 1705
f 1638 1704 1699
v 9026.603 1104.510 13.966
v 9026.321 1104.612 13.966
v 9026.889 1104.422 13.966
f 1706 1707 1708
v 9026.046 1104.728 13.966
f 1708 1709 1701
f 1707 1709 1708
v 9022.875 1108.145 13.966
v 9023.108 1107.594 13.966
v 9022.985 1107.867 13.966
f 1710 1711 1712
v 9023.244 1107.328 13.966
f 1655 1713 1651
v 9022.780 1108.429 13.966
f 1704 1713 1714
f 1714 1713 1710
f 1638 1713 1704
f 1646 1713 1638
f 1651 1713 1646
f 1710 1713 1711
v 9025.776 1104.858 13.966
v 9025.514 1105.001 13.966
f 1715 1716 1709
f 1701 1716 1670
f 1709 1716 1701
v 9025.258 1105.157 13.966
v 9025.011 1105.326 13.966
f 1717 1718 1716
v 9023.394 1107.069 13.966
v 9023.731 1106.575 13.966
v 9023.556 1106.817 13.966
f 1719 1720 1721
v 9024.773 1105.506 13.966
f 1718 1722 1716
v 9024.115 1106.116 13.966
f 1713 1723 1719
v 9023.917 1106.341 13.966
f 1720 1723 1724
f 1660 1723 1655
f 1655 1723 1713
f 1719 1723 1720
v 9024.543 1105.699 13.966
v 9024.324 1105.902 13.966
f 1725 1726 1722
f 1716 1726 1670
f 1667 1726 1660
f 1722 1726 1716
f 1660 1726 1723
f 1670 1726 1667
v 9098.514 1142.697 81.966
v 8961.514 1142.697 81.966
v 8961.514 1142.691 82.211
f 1727 1728 1729
v 9098.514 1142.691 82.211
v 8961.514 1142.673 82.456
f 1730 1729 1731
f 1730 1727 1729
v 9098.514 1142.673 82.456
v 8961.514 1142.643 82.700
f 1732 1731 1733
f 1732 1730 1731
v 9098.514 1142.643 82.700
v 8961.514 1142.601 82.941
f 1734 1733 1735
f 1734 1732 1733
v 9098.514 1142.601 82.941
v 8961.514 1142.548 83.181
f 1736 1735 1737
f 1736 1734 1735
v 9098.514 1142.548 83.181
v 8961.514 1142.482 83.417
f 1738 1737 1739
f 1738 1736 1737
v 9098.514 1142.482 83.417
v 8961.514 1142.405 83.650
f 1740 1739 1741
f 1740 1738 1739
v 9098.514 1142.405 83.650
v 8961.514 1142.317 83.879
f 1742 1741 1743
f 1742 1740 1741
v 9098.514 1142.317 83.879
f 1744 1742 1743
v 8961.514 1142.217 84.104
f 1744 1743 1745
v 9098.514 1142.217 84.104
f 1746 1744 1745
v 8961.514 1142.107 84.323
f 1746 1745 1747
v 9098.514 1142.107 84.323
f 1748 1746 1747
v 8961.514 1141.986 84.536
f 1748 1747 1749
v 9098.514 1141.986 84.536
f 1750 1748 1749
v 8961.514 1141.855 84.744
f 1750 1749 1751
v 9098.514 1141.855 84.744
f 1752 1750 1751
v 8961.514 1141.713 84.944
f 1752 1751 1753
v 9098.514 1141.713 84.944
f 1754 1752 1753
v 8961.514 1141.562 85.138
f 1754 1753 1755
v 9098.514 1141.562 85.138
f 1756 1754 1755
v 8961.514 1141.402 85.324
f 1756 1755 1757
v 9098.514 1141.402 85.324
f 1758 1756 1757
v 8961.514 1141.233 85.501
f 1758 1757 1759
v 9098.514 1141.233 85.501
f 1760 1758 1759
v 8961.514 1141.055 85.671
f 1760 1759 1761
v 9098.514 1141.055 85.671
f 1762 1760 1761
v 8961.514 1140.869 85.831
f 1762 1761 1763
v 9098.514 1140.869 85.831
f 1764 1762 1763
v 8961.514 1140.676 85.982
f 1764 1763 1765
v 9098.514 1140.676 85.982
f 1766 1764 1765
v 8961.514 1140.475 86.123
f 1766 1765 1767
v 9098.514 1140.475 86.123
f 1768 1766 1767
v 8961.514 1140.268 86.255
f 1768 1767 1769
v 9098.514 1140.268 86.255
v 8961.514 1140.054 86.375
f 1770 1769 1771
f 1770 1768 1769
v 9098.514 1140.054 86.375
v 8961.514 1139.835 86.486
f 1772 1771 1773
f 1772 1770 1771
v 9098.514 1139.835 86.486
v 8961.514 1139.611 86.585
f 1774 1773 1775
f 1774 1772 1773
v 9098.514 1139.611 86.585
v 8961.514 1139.382 86.674
f 1776 1775 1777
f 1776 1774 1775
v 9098.514 1139.382 86.674
v 8961.514 1139.149 86.751
f 1778 1777 1779
f 1778 1776 1777
v 9098.514 1139.149 86.751
v 8961.514 1138.912 86.816
f 1780 1779 1781
f 1780 1778 1779
v 9098.514 1138.912 86.816
v 8961.514 1138.673 86.870
f 1782 1781 1783
f 1782 1780 1781
v 9098.514 1138.673 86.870
v 8961.514 1138.431 86.912
f 1784 1783 1785
f 1784 1782 1783
v 9098.514 1138.431 86.912
v 8961.514 1138.187 86.942
f 1786 1785 1787
f 1786 1784 1785
v 9098.514 1138.187 86.942
v 8961.514 1137.943 86.960
f 1788 1787 1789
f 1788 1786 1787
v 9098.514 1137.943 86.960
v 8961.514 1137.697 86.966
f 1790 1789 1791
f 1790 1788 1789
v 9098.514 1137.697 86.966
f 1792 1790 1791
v 8961.514 1082.697 86.966
v 9098.514 1082.697 86.966
f 1793 1794 1792
f 1791 1793 1792
v 8961.514 1082.452 86.960
f 1794 1793 1795
v 9098.514 1082.452 86.960
v 8961.514 1082.207 86.942
f 1796 1795 1797
f 1796 1794 1795
v 9098.514 1082.207 86.942
v 8961.514 1081.964 86.912
f 1798 1797 1799
f 1798 1796 1797
v 9098.514 1081.964 86.912
v 8961.514 1081.722 86.870
f 1800 1799 1801
f 1800 1798 1799
v 9098.514 1081.722 86.870
v 8961.514 1081.482 86.816
f 1802 1801 1803
f 1802 1800 1801
v 9098.514 1081.482 86.816
v 8961.514 1081.246 86.751
f 1804 1803 1805
f 1804 1802 1803
v 9098.514 1081.246 86.751
v 8961.514 1081.013 86.674
f 1806 1805 1807
f 1806 1804 1805
v 9098.514 1081.013 86.674
v 8961.514 1080.784 86.585
f 1808 1807 1809
f 1808 1806 1807
v 9098.514 1080.784 86.585
f 1810 1808 1809
v 8961.514 1080.560 86.486
f 1810 1809 1811
v 9098.514 1080.560 86.486
f 1812 1810 1811
v 8961.514 1080.340 86.375
f 1812 1811 1813
v 9098.514 1080.340 86.375
v 8961.514 1080.127 86.255
f 1814 1813 1815
f 1814 1812 1813
v 9098.514 1080.127 86.255
v 8961.514 1079.920 86.123
f 1816 1815 1817
f 1816 1814 1815
v 9098.514 1079.920 86.123
v 8961.514 1079.719 85.982
f 1818 1817 1819
f 1818 1816 1817
v 9098.514 1079.719 85.982
v 8961.514 1079.525 85.831
f 1820 1819 1821
f 1820 1818 1819
v 9098.514 1079.525 85.831
v 8961.514 1079.340 85.671
f 1822 1821 1823
f 1822 1820 1821
v 9098.514 1079.340 85.671
v 8961.514 1079.162 85.501
f 1824 1823 1825
f 1824 1822 1823
v 9098.514 1079.162 85.501
v 8961.514 1078.993 85.324
f 1826 1825 1827
f 1826 1824 1825
v 9098.514 1078.993 85.324
v 8961.514 1078.832 85.138
f 1828 1827 1829
f 1828 1826 1827
v 9098.514 1078.832 85.138
v 8961.514 1078.681 84.944
f 1830 1829 1831
f 1830 1828 1829
v 9098.514 1078.681 84.944
v 8961.514 1078.540 84.744
f 1832 1831 1833
f 1832 1830 1831
v 9098.514 1078.540 84.744
v 8961.514 1078.409 84.536
f 1834 1833 1835
f 1834 1832 1833
v 9098.514 1078.409 84.536
v 8961.514 1078.288 84.323
f 1836 1835 1837
f 1836 1834 1835
v 9098.514 1078.288 84.323
v 8961.514 1078.177 84.104
f 1838 1837 1839
f 1838 1836 1837
v 9098.514 1078.177 84.104
v 8961.514 1078.078 83.879
f 1840 1839 1841
f 1840 1838 1839
v 9098.514 1078.078 83.879
v 8961.514 1077.990 83.650
f 1842 1841 1843
f 1842 1840 1841
v 9098.514 1077.990 83.650
v 8961.514 1077.913 83.417
f 1844 1843 1845
f 1844 1842 1843
v 9098.514 1077.913 83.417
f 1846 1844 1845
v 9098.514 1077.847 83.181
v 8961.514 1077.847 83.181
f 1847 1845 1848
v 8961.514 1077.793 82.941
f 1847 1848 1849
f 1847 1846 1845
v 9098.514 1077.793 82.941
v 8961.514 1077.752 82.700
f 1850 1849 1851
f 1850 1847 1849
v 9098.514 1077.752 82.700
v 8961.514 1077.721 82.456
f 1852 1851 1853
f 1852 1850 1851
v 9098.514 1077.721 82.456
v 8961.514 1077.703 82.211
f 1854 1853 1855
f 1854 1852 1853
v 9098.514 1077.703 82.211
f 1856 1854 1855
v 9098.514 1077.697 81.966
v 8961.514 1077.697 81.966
f 1857 1855 1858
f 1857 1856 1855
v 8941.514 1077.697 26.966
v 8960.218 1077.697 58.608
v 8960.049 1077.697 58.430
f 1859 1860 1861
v 8959.871 1077.697 58.261
f 1859 1861 1862
v 8959.686 1077.697 58.101
f 1859 1862 1863
v 8959.492 1077.697 57.950
f 1859 1863 1864
v 8959.291 1077.697 57.809
f 1859 1864 1865
v 8959.084 1077.697 57.677
f 1859 1865 1866
v 8958.871 1077.697 57.556
f 1859 1866 1867
v 8958.651 1077.697 57.446
f 1859 1867 1868
v 8958.427 1077.697 57.346
f 1859 1868 1869
v 8958.198 1077.697 57.258
f 1859 1869 1870
v 8957.965 1077.697 57.181
f 1859 1870 1871
v 8957.728 1077.697 57.116
f 1859 1871 1872
v 8957.489 1077.697 57.062
f 1859 1872 1873
v 8957.247 1077.697 57.020
f 1859 1873 1874
v 8957.004 1077.697 56.990
f 1859 1874 1875
v 8956.759 1077.697 56.972
f 1859 1875 1876
v 8956.514 1077.697 56.966
f 1859 1876 1877
v 8941.514 1077.697 56.966
f 1859 1877 1878
v 8961.514 1077.697 61.966
f 1857 1858 1879
v 8961.508 1077.697 61.721
f 1857 1879 1880
v 8961.489 1077.697 61.476
f 1857 1880 1881
v 9098.514 1077.697 26.966
v 8961.459 1077.697 61.232
f 1882 1881 1883
v 8961.417 1077.697 60.990
f 1882 1883 1884
v 8961.364 1077.697 60.751
f 1882 1884 1885
v 8961.298 1077.697 60.514
f 1882 1885 1886
v 8961.221 1077.697 60.281
f 1882 1886 1887
v 8961.133 1077.697 60.052
f 1882 1887 1888
v 8961.034 1077.697 59.828
f 1882 1888 1889
v 8960.923 1077.697 59.609
f 1882 1889 1890
v 8960.802 1077.697 59.395
f 1882 1890 1891
v 8960.671 1077.697 59.188
f 1882 1891 1892
v 8960.530 1077.697 58.987
f 1882 1892 1893
v 8960.379 1077.697 58.794
f 1882 1893 1894
f 1882 1894 1860
f 1882 1857 1881
f 1882 1860 1859
v 8941.514 1081.697 56.966
v 8956.514 1081.697 56.966
f 1895 1877 1896
f 1895 1878 1877
v 9098.514 1138.697 25.966
v 9098.514 1081.697 82.966
v 9098.514 1138.697 82.966
f 1897 1898 1899
v 9098.514 1081.697 25.966
f 1897 1900 1898
v 8961.514 1081.697 82.966
v 8961.514 1138.697 82.966
f 1901 1902 1898
f 1898 1902 1899
v 8960.218 1081.697 58.608
v 8941.514 1081.697 25.966
v 8960.049 1081.697 58.430
f 1903 1904 1905
v 8959.871 1081.697 58.261
f 1905 1904 1906
v 8959.686 1081.697 58.101
f 1906 1904 1907
v 8959.492 1081.697 57.950
f 1907 1904 1908
v 8959.291 1081.697 57.809
f 1908 1904 1909
v 8959.084 1081.697 57.677
f 1909 1904 1910
v 8958.871 1081.697 57.556
f 1910 1904 1911
v 8958.651 1081.697 57.446
f 1911 1904 1912
v 8958.427 1081.697 57.346
f 1912 1904 1913
v 8958.198 1081.697 57.258
f 1913 1904 1914
v 8957.965 1081.697 57.181
f 1914 1904 1915
v 8957.728 1081.697 57.116
f 1915 1904 1916
v 8957.489 1081.697 57.062
f 1916 1904 1917
v 8957.247 1081.697 57.020
f 1917 1904 1918
v 8957.004 1081.697 56.990
f 1918 1904 1919
v 8956.759 1081.697 56.972
f 1919 1904 1920
f 1920 1904 1896
f 1896 1904 1895
v 8961.514 1081.697 61.966
f 1901 1898 1921
v 8961.508 1081.697 61.721
f 1921 1898 1922
v 8961.489 1081.697 61.476
f 1922 1898 1923
v 8961.459 1081.697 61.232
f 1923 1900 1924
v 8961.417 1081.697 60.990
f 1924 1900 1925
v 8961.364 1081.697 60.751
f 1925 1900 1926
v 8961.298 1081.697 60.514
f 1926 1900 1927
v 8961.221 1081.697 60.281
f 1927 1900 1928
v 8961.133 1081.697 60.052
f 1928 1900 1929
v 8961.034 1081.697 59.828
f 1929 1900 1930
v 8960.923 1081.697 59.609
f 1930 1900 1931
v 8960.802 1081.697 59.395
f 1931 1900 1932
v 8960.671 1081.697 59.188
f 1932 1900 1933
v 8960.530 1081.697 58.987
f 1933 1900 1934
v 8960.379 1081.697 58.794
f 1934 1900 1935
f 1935 1900 1903
f 1898 1900 1923
f 1903 1900 1904
v 8941.514 1138.697 25.966
v 8956.514 1138.697 56.966
v 8941.514 1138.697 56.966
f 1936 1937 1938
v 8956.759 1138.697 56.972
f 1936 1939 1937
v 8957.004 1138.697 56.990
f 1936 1940 1939
v 8957.247 1138.697 57.020
f 1936 1941 1940
v 8957.489 1138.697 57.062
f 1936 1942 1941
v 8957.728 1138.697 57.116
f 1936 1943 1942
v 8957.965 1138.697 57.181
f 1936 1944 1943
v 8958.198 1138.697 57.258
f 1936 1945 1944
v 8958.427 1138.697 57.346
f 1936 1946 1945
v 8958.651 1138.697 57.446
f 1936 1947 1946
v 8958.871 1138.697 57.556
f 1936 1948 1947
v 8959.084 1138.697 57.677
f 1936 1949 1948
v 8959.291 1138.697 57.809
f 1936 1950 1949
v 8959.492 1138.697 57.950
f 1936 1951 1950
v 8959.686 1138.697 58.101
f 1936 1952 1951
v 8959.871 1138.697 58.261
f 1936 1953 1952
v 8960.049 1138.697 58.430
f 1936 1954 1953
v 8960.218 1138.697 58.608
f 1936 1955 1954
v 8960.379 1138.697 58.794
f 1955 1897 1956
v 8960.530 1138.697 58.987
f 1956 1897 1957
v 8960.671 1138.697 59.188
f 1957 1897 1958
v 8960.802 1138.697 59.395
f 1958 1897 1959
v 8960.923 1138.697 59.609
f 1959 1897 1960
v 8961.034 1138.697 59.828
f 1960 1897 1961
v 8961.133 1138.697 60.052
f 1961 1897 1962
v 8961.221 1138.697 60.281
f 1962 1897 1963
v 8961.298 1138.697 60.514
f 1963 1897 1964
v 8961.364 1138.697 60.751
f 1964 1897 1965
v 8961.417 1138.697 60.990
f 1965 1897 1966
v 8961.459 1138.697 61.232
f 1966 1897 1967
v 8961.489 1138.697 61.476
f 1967 1897 1968
f 1936 1897 1955
f 1897 1899 1968
v 8961.508 1138.697 61.721
f 1968 1899 1969
v 8961.514 1138.697 61.966
f 1969 1899 1970
f 1970 1899 1902
v 8956.514 1142.697 56.966
f 1937 1939 1971
v 8956.759 1142.697 56.972
f 1971 1939 1972
v 8957.004 1142.697 56.990
f 1972 1940 1973
f 1939 1940 1972
v 8957.247 1142.697 57.020
f 1973 1941 1974
f 1940 1941 1973
v 8957.489 1142.697 57.062
f 1974 1942 1975
f 1941 1942 1974
v 8957.728 1142.697 57.116
f 1975 1943 1976
f 1942 1943 1975
v 8957.965 1142.697 57.181
f 1976 1944 1977
f 1943 1944 1976
v 8958.198 1142.697 57.258
f 1977 1945 1978
f 1944 1945 1977
f 1945 1946 1978
v 8958.427 1142.697 57.346
f 1978 1946 1979
f 1946 1947 1979
v 8958.651 1142.697 57.446
f 1979 1947 1980
f 1947 1948 1980
v 8958.871 1142.697 57.556
f 1980 1948 1981
f 1948 1949 1981
v 8959.084 1142.697 57.677
f 1981 1949 1982
f 1949 1950 1982
v 8959.291 1142.697 57.809
f 1982 1950 1983
v 8959.492 1142.697 57.950
f 1983 1951 1984
f 1950 1951 1983
v 8959.686 1142.697 58.101
f 1984 1952 1985
f 1951 1952 1984
v 8959.871 1142.697 58.261
f 1985 1953 1986
f 1952 1953 1985
v 8960.049 1142.697 58.430
f 1986 1954 1987
f 1953 1954 1986
v 8960.218 1142.697 58.608
f 1987 1955 1988
f 1954 1955 1987
v 8960.379 1142.697 58.794
f 1988 1956 1989
f 1955 1956 1988
v 8960.530 1142.697 58.987
f 1989 1957 1990
f 1956 1957 1989
v 8960.671 1142.697 59.188
f 1990 1958 1991
f 1957 1958 1990
v 8960.802 1142.697 59.395
f 1991 1959 1992
f 1958 1959 1991
v 8960.923 1142.697 59.609
f 1992 1960 1993
f 1959 1960 1992
v 8961.034 1142.697 59.828
f 1993 1961 1994
f 1960 1961 1993
v 8961.133 1142.697 60.052
f 1994 1962 1995
f 1961 1962 1994
v 8961.221 1142.697 60.281
f 1995 1963 1996
f 1962 1963 1995
v 8961.298 1142.697 60.514
f 1996 1964 1997
f 1963 1964 1996
v 8961.364 1142.697 60.751
f 1997 1965 1998
f 1964 1965 1997
v 8961.417 1142.697 60.990
f 1998 1966 1999
f 1965 1966 1998
v 8961.459 1142.697 61.232
f 1999 1967 2000
f 1966 1967 1999
v 8961.489 1142.697 61.476
f 2000 1968 2001
f 1967 1968 2000
v 8961.508 1142.697 61.721
f 2001 1969 2002
f 1968 1969 2001
v 8961.514 1142.697 61.966
f 2002 1970 2003
f 1969 1970 2002
v 8941.514 1142.697 26.966
f 1988 2004 1987
f 1987 2004 1986
f 1986 2004 1985
f 1985 2004 1984
f 1984 2004 1983
f 1983 2004 1982
f 1982 2004 1981
f 1981 2004 1980
f 1980 2004 1979
f 1979 2004 1978
f 1978 2004 1977
f 1977 2004 1976
f 1976 2004 1975
f 1975 2004 1974
f 1974 2004 1973
f 1973 2004 1972
f 1972 2004 1971
v 8941.514 1142.697 56.966
f 1971 2004 2005
f 1728 1727 2003
f 2003 1727 2002
f 2002 1727 2001
v 9098.514 1142.697 26.966
f 2001 2006 2000
f 2000 2006 1999
f 1999 2006 1998
f 1998 2006 1997
f 1997 2006 1996
f 1996 2006 1995
f 1995 2006 1994
f 1994 2006 1993
f 1993 2006 1992
f 1992 2006 1991
f 1991 2006 1990
f 1990 2006 1989
f 1989 2006 1988
f 1727 2006 2001
f 1988 2006 2004
v 9032.484 1114.696 25.966
v 9033.110 1114.054 25.966
v 9032.703 1114.493 25.966
f 2007 2008 2009
v 9032.912 1114.278 25.966
f 2009 2008 2010
v 9032.254 1114.888 25.966
v 9032.016 1115.069 25.966
f 2011 2012 2007
v 9033.633 1113.326 25.966
v 9033.296 1113.820 25.966
f 2008 2013 2014
v 9033.471 1113.577 25.966
f 2014 2013 2015
v 9031.769 1115.238 25.966
v 9031.514 1115.394 25.966
f 2016 2017 2012
v 9034.042 1112.528 25.966
v 9033.783 1113.067 25.966
f 2013 2018 2019
v 9033.919 1112.801 25.966
f 2019 2018 2020
v 9030.981 1115.666 25.966
v 9030.706 1115.783 25.966
v 9031.251 1115.537 25.966
f 2021 2022 2023
f 2023 2022 2017
f 2017 2022 2012
v 9030.424 1115.885 25.966
v 9030.139 1115.973 25.966
f 2024 2025 2022
f 2022 2025 2012
v 9029.849 1116.047 25.966
v 9029.555 1116.106 25.966
f 2026 2027 2025
v 9034.328 1111.678 25.966
v 9034.447 1111.092 25.966
v 9034.395 1111.386 25.966
f 2028 2029 2030
v 9029.260 1116.151 25.966
v 9028.962 1116.181 25.966
f 2031 2032 2027
f 2027 2032 2025
v 9034.506 1110.496 25.966
v 9034.484 1110.795 25.966
f 2029 2033 2034
f 2028 2033 2029
v 9028.065 1116.181 25.966
v 9027.767 1116.151 25.966
v 9028.364 1116.196 25.966
f 2035 2036 2037
v 9028.663 1116.196 25.966
f 2037 2036 2038
v 9034.506 1109.898 25.966
v 9034.447 1109.303 25.966
v 9034.484 1109.600 25.966
f 2039 2040 2041
v 9034.395 1109.009 25.966
f 2039 2042 2040
v 9027.178 1116.047 25.966
v 9026.889 1115.973 25.966
v 9027.472 1116.106 25.966
f 2043 2044 2045
v 9034.247 1108.429 25.966
v 9034.328 1108.717 25.966
f 2042 2046 2047
v 9026.603 1115.885 25.966
f 2044 2048 2045
f 2045 2048 2036
f 2038 2048 2032
f 2032 2048 2025
f 2036 2048 2038
v 9034.042 1107.867 25.966
v 9034.152 1108.145 25.966
f 2046 2049 2050
v 9033.783 1107.328 25.966
v 9033.919 1107.594 25.966
f 2049 2051 2052
v 9025.776 1115.537 25.966
v 9025.514 1115.394 25.966
v 9026.046 1115.666 25.966
f 2053 2054 2055
v 9026.321 1115.783 25.966
f 2055 2054 2056
f 2056 2054 2048
v 9033.471 1106.817 25.966
f 2049 2057 2051
v 9033.633 1107.069 25.966
f 2051 2057 2058
v 9025.258 1115.238 25.966
v 9025.011 1115.069 25.966
f 2059 2060 2054
f 2054 2060 2048
f 2025 2060 2012
f 2048 2060 2025
v 9024.773 1114.888 25.966
f 2060 2061 2012
f 2012 2061 2007
v 9033.110 1106.341 25.966
f 2049 2062 2057
v 9033.296 1106.575 25.966
f 2057 2062 2063
v 9024.543 1114.696 25.966
v 9024.324 1114.493 25.966
f 2064 2065 2061
f 2061 2065 2007
v 9032.703 1105.902 25.966
v 9032.912 1106.116 25.966
f 2062 2066 2067
v 9024.115 1114.278 25.966
v 9023.917 1114.054 25.966
f 2068 2069 2065
f 2065 2069 2007
f 2007 2069 2008
v 9032.254 1105.506 25.966
v 9032.484 1105.699 25.966
f 2066 2070 2071
v 9023.394 1113.326 25.966
f 2069 2072 2008
v 9023.556 1113.577 25.966
v 9023.731 1113.820 25.966
f 2073 2072 2074
f 2074 2072 2069
f 2008 2072 2013
v 9031.769 1105.157 25.966
v 9031.251 1104.858 25.966
v 9031.514 1105.001 25.966
f 2075 2076 2077
v 9023.244 1113.067 25.966
v 9023.108 1112.801 25.966
f 2078 2079 2072
v 9022.985 1112.528 25.966
v 9034.152 1112.250 25.966
f 2018 2080 2081
v 9034.247 1111.966 25.966
f 2081 2080 2082
f 2082 2080 2028
f 2013 2080 2018
f 2072 2080 2013
f 2079 2080 2072
v 9030.706 1104.612 25.966
v 9030.981 1104.728 25.966
f 2076 2083 2084
v 9030.424 1104.510 25.966
f 2075 2085 2076
v 9032.016 1105.326 25.966
f 2086 2085 2075
f 2076 2085 2083
v 9022.875 1112.250 25.966
v 9022.780 1111.966 25.966
f 2087 2088 2080
f 2080 2088 2028
v 9022.699 1111.678 25.966
f 2088 2089 2028
v 9029.555 1104.289 25.966
v 9030.139 1104.422 25.966
f 2085 2090 2091
v 9029.849 1104.348 25.966
f 2091 2090 2092
v 9022.633 1111.386 25.966
v 9022.581 1111.092 25.966
f 2093 2094 2089
v 9034.514 1110.197 25.966
f 2033 2094 2095
f 2089 2094 2028
f 2028 2094 2033
v 9028.962 1104.214 25.966
v 9029.260 1104.244 25.966
f 2090 2096 2097
v 9022.521 1110.496 25.966
v 9022.514 1110.197 25.966
v 9022.543 1110.795 25.966
f 2098 2099 2100
v 9028.364 1104.199 25.966
v 9028.663 1104.199 25.966
f 2096 2101 2102
v 9022.543 1109.600 25.966
f 2039 2103 2042
f 2100 2103 2094
f 2094 2103 2095
f 2099 2103 2100
v 9022.521 1109.898 25.966
f 2104 2103 2099
f 2095 2103 2039
v 9027.767 1104.244 25.966
v 9028.065 1104.214 25.966
f 2101 2105 2106
v 9027.472 1104.289 25.966
f 2096 2107 2101
f 2090 2107 2096
f 2101 2107 2105
f 2085 2107 2090
v 9022.581 1109.303 25.966
v 9022.633 1109.009 25.966
f 2108 2109 2103
v 9027.178 1104.348 25.966
f 2085 2110 2107
v 9022.699 1108.717 25.966
f 2103 2111 2042
f 2109 2111 2103
v 9026.889 1104.422 25.966
f 2085 2112 2110
v 9022.985 1107.867 25.966
f 2042 2113 2046
v 9022.875 1108.145 25.966
v 9022.780 1108.429 25.966
f 2114 2113 2115
f 2115 2113 2111
f 2111 2113 2042
f 2046 2113 2049
v 9025.776 1104.858 25.966
v 9026.603 1104.510 25.966
f 2112 2116 2117
v 9026.321 1104.612 25.966
f 2117 2116 2118
v 9026.046 1104.728 25.966
f 2118 2116 2119
f 2085 2116 2112
f 2086 2116 2085
v 9023.108 1107.594 25.966
v 9023.244 1107.328 25.966
f 2120 2121 2113
v 9023.394 1107.069 25.966
v 9023.556 1106.817 25.966
f 2122 2123 2121
f 2113 2123 2049
f 2121 2123 2113
v 9025.011 1105.326 25.966
v 9025.514 1105.001 25.966
f 2116 2124 2125
v 9025.258 1105.157 25.966
f 2125 2124 2126
f 2086 2124 2116
f 2066 2124 2070
f 2070 2124 2086
v 9023.731 1106.575 25.966
f 2049 2127 2062
f 2123 2127 2049
v 9023.917 1106.341 25.966
v 9024.115 1106.116 25.966
f 2128 2129 2127
v 9024.324 1105.902 25.966
v 9024.773 1105.506 25.966
f 2124 2130 2131
v 9024.543 1105.699 25.966
f 2131 2130 2132
f 2062 2130 2066
f 2127 2130 2062
f 2066 2130 2124
f 2129 2130 2127
o solid_4
v 8853.589 1077.697 86.565
v 8853.589 1142.697 86.565
v 8878.589 1142.697 86.565
f 2133 2134 2135
v 8878.589 1077.697 86.565
f 2136 2133 2135
v 8853.589 1142.697 21.565
v 8878.589 1142.697 21.565
f 2135 2137 2138
f 2135 2134 2137
v 8853.589 1077.697 21.565
v 8878.589 1077.697 21.565
f 2139 2140 2138
f 2139 2138 2137
f 2133 2136 2140
f 2133 2140 2139
f 2137 2133 2139
f 2137 2134 2133
f 2136 2138 2140
f 2135 2138 2136
v 8853.589 1077.697 91.565
v 8878.589 1077.697 91.565
v 8878.589 1142.697 91.565
f 2141 2142 2143
v 8853.589 1142.697 91.565
f 2141 2143 2144
v 8853.589 1072.697 86.565
v 8878.589 1072.697 86.565
v 8878.589 1072.703 86.810
f 2145 2146 2147
v 8853.589 1072.703 86.810
v 8878.589 1072.721 87.055
f 2148 2147 2149
f 2148 2145 2147
v 8853.589 1072.721 87.055
f 2150 2148 2149
v 8853.589 1072.752 87.299
v 8878.589 1072.752 87.299
f 2151 2149 2152
v 8878.589 1072.793 87.540
f 2151 2152 2153
f 2151 2150 2149
v 8853.589 1072.793 87.540
f 2154 2151 2153
v 8853.589 1072.847 87.780
v 8878.589 1072.847 87.780
f 2155 2153 2156
v 8878.589 1072.913 88.016
f 2155 2156 2157
f 2155 2154 2153
v 8853.589 1072.913 88.016
f 2158 2155 2157
v 8853.589 1072.990 88.249
v 8878.589 1072.990 88.249
f 2159 2157 2160
f 2159 2158 2157
v 8853.589 1073.078 88.478
v 8878.589 1073.078 88.478
f 2161 2160 2162
f 2161 2159 2160
v 8853.589 1073.177 88.703
f 2163 2161 2162
v 8878.589 1073.177 88.703
f 2163 2162 2164
v 8878.589 1073.288 88.922
f 2163 2164 2165
v 8853.589 1073.288 88.922
v 8878.589 1073.409 89.135
f 2166 2165 2167
f 2166 2163 2165
v 8853.589 1073.409 89.135
f 2168 2166 2167
v 8853.589 1073.540 89.343
v 8878.589 1073.540 89.343
f 2169 2167 2170
f 2169 2168 2167
v 8853.589 1073.681 89.543
v 8878.589 1073.681 89.543
f 2171 2170 2172
f 2171 2169 2170
v 8853.589 1073.832 89.737
v 8878.589 1073.832 89.737
f 2173 2172 2174
f 2173 2171 2172
v 8853.589 1073.993 89.923
v 8878.589 1073.993 89.923
f 2175 2174 2176
f 2175 2173 2174
v 8853.589 1074.162 90.101
v 8878.589 1074.162 90.101
f 2177 2176 2178
f 2177 2175 2176
v 8853.589 1074.340 90.270
v 8878.589 1074.340 90.270
f 2179 2178 2180
f 2179 2177 2178
v 8853.589 1074.525 90.430
v 8878.589 1074.525 90.430
f 2181 2180 2182
f 2181 2179 2180
v 8853.589 1074.719 90.581
v 8878.589 1074.719 90.581
f 2183 2182 2184
f 2183 2181 2182
v 8853.589 1074.920 90.722
v 8878.589 1074.920 90.722
f 2185 2184 2186
f 2185 2183 2184
v 8853.589 1075.127 90.854
v 8878.589 1075.127 90.854
f 2187 2186 2188
f 2187 2185 2186
v 8853.589 1075.340 90.975
v 8878.589 1075.340 90.975
f 2189 2188 2190
f 2189 2187 2188
v 8853.589 1075.560 91.085
v 8878.589 1075.560 91.085
f 2191 2190 2192
f 2191 2189 2190
v 8853.589 1075.784 91.184
v 8878.589 1075.784 91.184
f 2193 2192 2194
f 2193 2191 2192
v 8853.589 1076.013 91.273
v 8878.589 1076.013 91.273
f 2195 2194 2196
v 8878.589 1076.246 91.350
f 2195 2196 2197
f 2195 2193 2194
v 8853.589 1076.246 91.350
f 2198 2195 2197
v 8853.589 1076.482 91.415
v 8878.589 1076.482 91.415
f 2199 2197 2200
v 8878.589 1076.722 91.469
f 2199 2200 2201
f 2199 2198 2197
v 8853.589 1076.722 91.469
f 2202 2199 2201
v 8853.589 1076.964 91.511
v 8878.589 1076.964 91.511
f 2203 2201 2204
f 2203 2202 2201
v 8853.589 1077.207 91.541
v 8878.589 1077.207 91.541
f 2205 2204 2206
f 2205 2203 2204
v 8853.589 1077.452 91.559
v 8878.589 1077.452 91.559
f 2207 2206 2208
f 2207 2208 2142
f 2207 2205 2206
f 2141 2207 2142
v 8853.589 1072.697 21.565
v 8878.589 1072.697 21.565
f 2146 2209 2210
f 2146 2145 2209
v 8853.589 1077.452 16.571
v 8853.589 1077.697 16.565
v 8878.589 1077.697 16.565
f 2211 2212 2213
v 8878.589 1077.452 16.571
f 2211 2213 2214
v 8853.589 1077.207 16.589
v 8878.589 1077.207 16.589
f 2215 2214 2216
f 2215 2211 2214
v 8853.589 1076.964 16.619
v 8878.589 1076.964 16.619
f 2217 2216 2218
f 2217 2215 2216
v 8853.589 1076.722 16.661
v 8878.589 1076.722 16.661
f 2219 2218 2220
v 8878.589 1076.482 16.715
f 2219 2220 2221
f 2219 2217 2218
v 8853.589 1076.482 16.715
f 2222 2219 2221
v 8853.589 1076.246 16.780
v 8878.589 1076.246 16.780
f 2223 2221 2224
f 2223 2222 2221
v 8853.589 1076.013 16.857
v 8878.589 1076.013 16.857
f 2225 2224 2226
f 2225 2223 2224
v 8853.589 1075.784 16.946
v 8878.589 1075.784 16.946
f 2227 2226 2228
f 2227 2225 2226
v 8853.589 1075.560 17.045
f 2229 2227 2228
v 8878.589 1075.560 17.045
f 2229 2228 2230
v 8853.589 1075.340 17.155
v 8878.589 1075.340 17.155
f 2231 2230 2232
f 2231 2229 2230
v 8878.589 1075.127 17.276
f 2231 2232 2233
v 8853.589 1075.127 17.276
v 8878.589 1074.920 17.408
f 2234 2233 2235
f 2234 2231 2233
v 8853.589 1074.920 17.408
f 2236 2234 2235
v 8853.589 1074.719 17.549
v 8878.589 1074.719 17.549
f 2237 2235 2238
f 2237 2236 2235
v 8853.589 1074.525 17.700
v 8878.589 1074.525 17.700
f 2239 2238 2240
v 8878.589 1074.340 17.860
f 2239 2240 2241
f 2239 2237 2238
v 8853.589 1074.340 17.860
f 2242 2239 2241
v 8853.589 1074.162 18.029
v 8878.589 1074.162 18.029
f 2243 2241 2244
f 2243 2242 2241
v 8853.589 1073.993 18.207
v 8878.589 1073.993 18.207
f 2245 2244 2246
f 2245 2243 2244
v 8853.589 1073.832 18.393
v 8878.589 1073.832 18.393
f 2247 2246 2248
f 2247 2245 2246
v 8853.589 1073.681 18.586
v 8878.589 1073.681 18.586
f 2249 2248 2250
v 8878.589 1073.540 18.787
f 2249 2250 2251
f 2249 2247 2248
v 8853.589 1073.540 18.787
f 2252 2249 2251
v 8853.589 1073.409 18.994
v 8878.589 1073.409 18.994
f 2253 2251 2254
v 8878.589 1073.288 19.208
f 2253 2254 2255
f 2253 2252 2251
v 8853.589 1073.288 19.208
v 8878.589 1073.177 19.427
f 2256 2255 2257
f 2256 2253 2255
v 8853.589 1073.177 19.427
f 2258 2256 2257
v 8853.589 1073.078 19.652
f 2259 2258 2257
v 8878.589 1073.078 19.652
f 2259 2257 2260
v 8878.589 1072.990 19.881
f 2259 2260 2261
v 8853.589 1072.990 19.881
f 2262 2259 2261
v 8853.589 1072.913 20.114
v 8878.589 1072.913 20.114
f 2263 2261 2264
f 2263 2262 2261
v 8853.589 1072.847 20.350
v 8878.589 1072.847 20.350
f 2265 2264 2266
v 8878.589 1072.793 20.590
f 2265 2266 2267
f 2265 2263 2264
v 8853.589 1072.793 20.590
f 2268 2265 2267
v 8853.589 1072.752 20.831
v 8878.589 1072.752 20.831
f 2269 2267 2270
f 2269 2268 2267
v 8853.589 1072.721 21.075
v 8878.589 1072.721 21.075
f 2271 2270 2272
f 2271 2269 2270
v 8853.589 1072.703 21.320
v 8878.589 1072.703 21.320
f 2273 2272 2274
f 2273 2271 2272
f 2209 2274 2210
f 2209 2273 2274
v 8853.589 1142.697 16.565
v 8878.589 1142.697 16.565
f 2213 2275 2276
f 2213 2212 2275
v 8853.589 1147.691 21.320
v 8853.589 1147.697 21.565
v 8878.589 1147.697 21.565
f 2277 2278 2279
v 8878.589 1147.691 21.320
f 2277 2279 2280
v 8853.589 1147.673 21.075
v 8878.589 1147.673 21.075
f 2281 2280 2282
f 2281 2277 2280
v 8853.589 1147.643 20.831
v 8878.589 1147.643 20.831
f 2283 2282 2284
f 2283 2281 2282
v 8853.589 1147.601 20.590
v 8878.589 1147.601 20.590
f 2285 2284 2286
f 2285 2283 2284
v 8853.589 1147.548 20.350
v 8878.589 1147.548 20.350
f 2287 2286 2288
v 8878.589 1147.482 20.114
f 2287 2288 2289
f 2287 2285 2286
v 8853.589 1147.482 20.114
v 8878.589 1147.405 19.881
f 2290 2289 2291
f 2290 2287 2289
v 8853.589 1147.405 19.881
f 2292 2290 2291
v 8853.589 1147.317 19.652
f 2293 2292 2291
v 8878.589 1147.317 19.652
f 2293 2291 2294
v 8853.589 1147.217 19.427
f 2295 2293 2294
v 8878.589 1147.217 19.427
f 2295 2294 2296
v 8853.589 1147.107 19.208
v 8878.589 1147.107 19.208
f 2297 2296 2298
f 2297 2295 2296
v 8853.589 1146.986 18.994
v 8878.589 1146.986 18.994
f 2299 2298 2300
f 2299 2297 2298
v 8853.589 1146.855 18.787
v 8878.589 1146.855 18.787
f 2301 2300 2302
v 8878.589 1146.713 18.586
f 2301 2302 2303
f 2301 2299 2300
v 8853.589 1146.713 18.586
v 8878.589 1146.562 18.393
f 2304 2303 2305
f 2304 2301 2303
v 8853.589 1146.562 18.393
f 2306 2304 2305
v 8853.589 1146.402 18.207
v 8878.589 1146.402 18.207
f 2307 2305 2308
f 2307 2306 2305
v 8853.589 1146.233 18.029
v 8878.589 1146.233 18.029
f 2309 2308 2310
f 2309 2307 2308
v 8853.589 1146.055 17.860
v 8878.589 1146.055 17.860
f 2311 2310 2312
f 2311 2309 2310
v 8853.589 1145.869 17.700
v 8878.589 1145.869 17.700
f 2313 2312 2314
f 2313 2311 2312
v 8853.589 1145.676 17.549
v 8878.589 1145.676 17.549
f 2315 2314 2316
f 2315 2313 2314
v 8853.589 1145.475 17.408
v 8878.589 1145.475 17.408
f 2317 2316 2318
v 8878.589 1145.268 17.276
f 2317 2318 2319
f 2317 2315 2316
v 8853.589 1145.268 17.276
v 8878.589 1145.054 17.155
f 2320 2319 2321
f 2320 2317 2319
v 8853.589 1145.054 17.155
f 2322 2320 2321
v 8853.589 1144.835 17.045
v 8878.589 1144.835 17.045
f 2323 2321 2324
f 2323 2322 2321
v 8853.589 1144.611 16.946
v 8878.589 1144.611 16.946
f 2325 2324 2326
f 2325 2323 2324
v 8853.589 1144.382 16.857
v 8878.589 1144.382 16.857
f 2327 2326 2328
f 2327 2325 2326
v 8853.589 1144.149 16.780
v 8878.589 1144.149 16.780
f 2329 2328 2330
f 2329 2327 2328
v 8853.589 1143.912 16.715
v 8878.589 1143.912 16.715
f 2331 2330 2332
f 2331 2329 2330
v 8853.589 1143.673 16.661
v 8878.589 1143.673 16.661
f 2333 2332 2334
v 8878.589 1143.431 16.619
f 2333 2334 2335
f 2333 2331 2332
v 8853.589 1143.431 16.619
v 8878.589 1143.187 16.589
f 2336 2335 2337
f 2336 2333 2335
v 8853.589 1143.187 16.589
f 2338 2336 2337
v 8853.589 1142.943 16.571
v 8878.589 1142.943 16.571
f 2339 2337 2340
f 2339 2338 2337
f 2275 2340 2276
f 2275 2339 2340
v 8853.589 1147.697 86.565
v 8878.589 1147.697 86.565
f 2341 2342 2279
f 2341 2279 2278
v 8878.589 1142.943 91.559
f 2144 2143 2343
v 8853.589 1142.943 91.559
v 8878.589 1143.187 91.541
f 2344 2343 2345
f 2344 2144 2343
v 8853.589 1143.187 91.541
v 8878.589 1143.431 91.511
f 2346 2345 2347
f 2346 2344 2345
v 8853.589 1143.431 91.511
v 8878.589 1143.673 91.469
f 2348 2347 2349
f 2348 2346 2347
v 8853.589 1143.673 91.469
v 8878.589 1143.912 91.415
f 2350 2349 2351
f 2350 2348 2349
v 8853.589 1143.912 91.415
v 8878.589 1144.149 91.350
f 2352 2351 2353
f 2352 2350 2351
v 8853.589 1144.149 91.350
f 2354 2352 2353
v 8853.589 1144.382 91.273
v 8878.589 1144.382 91.273
f 2355 2353 2356
f 2355 2354 2353
v 8853.589 1144.611 91.184
v 8878.589 1144.611 91.184
f 2357 2356 2358
f 2357 2355 2356
v 8853.589 1144.835 91.085
f 2359 2357 2358
v 8878.589 1144.835 91.085
f 2359 2358 2360
v 8853.589 1145.054 90.975
v 8878.589 1145.054 90.975
f 2361 2360 2362
f 2361 2359 2360
v 8878.589 1145.268 90.854
f 2361 2362 2363
v 8853.589 1145.268 90.854
f 2364 2361 2363
v 8853.589 1145.475 90.722
v 8878.589 1145.475 90.722
f 2365 2363 2366
v 8878.589 1145.676 90.581
f 2365 2366 2367
f 2365 2364 2363
v 8853.589 1145.676 90.581
f 2368 2365 2367
v 8853.589 1145.869 90.430
v 8878.589 1145.869 90.430
f 2369 2367 2370
f 2369 2368 2367
v 8853.589 1146.055 90.270
v 8878.589 1146.055 90.270
f 2371 2370 2372
f 2371 2369 2370
v 8853.589 1146.233 90.101
v 8878.589 1146.233 90.101
f 2373 2372 2374
v 8878.589 1146.402 89.923
f 2373 2374 2375
f 2373 2371 2372
v 8853.589 1146.402 89.923
f 2376 2373 2375
v 8853.589 1146.562 89.737
v 8878.589 1146.562 89.737
f 2377 2375 2378
f 2377 2376 2375
v 8853.589 1146.713 89.543
v 8878.589 1146.713 89.543
f 2379 2378 2380
f 2379 2377 2378
v 8853.589 1146.855 89.343
v 8878.589 1146.855 89.343
f 2381 2380 2382
f 2381 2379 2380
v 8853.589 1146.986 89.135
v 8878.589 1146.986 89.135
f 2383 2382 2384
f 2383 2381 2382
v 8853.589 1147.107 88.922
v 8878.589 1147.107 88.922
f 2385 2384 2386
v 8878.589 1147.217 88.703
f 2385 2386 2387
f 2385 2383 2384
v 8853.589 1147.217 88.703
v 8878.589 1147.317 88.478
f 2388 2387 2389
f 2388 2385 2387
v 8853.589 1147.317 88.478
v 8878.589 1147.405 88.249
f 2390 2389 2391
f 2390 2388 2389
v 8853.589 1147.405 88.249
f 2392 2390 2391
v 8853.589 1147.482 88.016
v 8878.589 1147.482 88.016
f 2393 2391 2394
f 2393 2392 2391
v 8853.589 1147.548 87.780
v 8878.589 1147.548 87.780
f 2395 2394 2396
f 2395 2393 2394
v 8853.589 1147.601 87.540
v 8878.589 1147.601 87.540
f 2397 2396 2398
f 2397 2395 2396
v 8853.589 1147.643 87.299
v 8878.589 1147.643 87.299
f 2399 2398 2400
f 2399 2397 2398
v 8853.589 1147.673 87.055
v 8878.589 1147.673 87.055
f 2401 2400 2402
f 2401 2399 2400
v 8853.589 1147.691 86.810
v 8878.589 1147.691 86.810
f 2403 2402 2404
f 2403 2401 2402
f 2341 2404 2342
f 2341 2403 2404
o solid_5
v 8885.939 1142.697 16.486
v 8885.939 1077.697 16.486
v 8886.647 1077.697 21.436
f 2405 2406 2407
v 8886.647 1142.697 21.436
f 2408 2405 2407
v 8916.345 1185.197 17.187
f 2409 2405 2408
v 8915.636 1185.197 12.237
f 2410 2405 2409
v 8990.589 1185.197 6.565
v 8989.881 1185.197 1.615
f 2409 2411 2412
f 2409 2412 2410
v 8990.589 1035.197 6.565
v 8989.881 1035.197 1.615
f 2412 2413 2414
f 2412 2411 2413
v 8916.345 1035.197 17.187
v 8915.636 1035.197 12.237
f 2414 2415 2416
f 2413 2415 2414
f 2406 2416 2415
f 2406 2415 2407
f 2407 2415 2413
f 2408 2413 2411
f 2408 2407 2413
f 2409 2408 2411
f 2416 2406 2414
f 2414 2405 2412
f 2406 2405 2414
f 2405 2410 2412
o solid_6
v 8990.589 948.216 145.740
v 8992.589 927.931 125.455
v 8990.589 927.931 125.455
f 2417 2418 2419
v 8992.589 948.216 145.740
f 2420 2418 2417
v 8990.589 893.197 120.065
v 8992.589 893.197 120.065
v 8992.589 893.238 121.716
f 2421 2422 2423
v 8990.589 893.238 121.716
f 2424 2421 2423
v 8990.589 893.360 123.364
f 2425 2424 2423
v 8992.589 893.360 123.364
f 2425 2423 2426
v 8990.589 893.563 125.003
f 2427 2425 2426
v 8992.589 893.563 125.003
f 2427 2426 2428
v 8990.589 893.847 126.630
f 2429 2427 2428
v 8992.589 893.847 126.630
f 2429 2428 2430
v 8990.589 894.211 128.241
f 2431 2429 2430
v 8992.589 894.211 128.241
f 2431 2430 2432
v 8990.589 894.653 129.833
f 2433 2431 2432
v 8992.589 894.653 129.833
f 2433 2432 2434
v 8990.589 895.173 131.400
f 2435 2433 2434
v 8992.589 895.173 131.400
f 2435 2434 2436
v 8990.589 895.771 132.940
f 2437 2435 2436
v 8992.589 895.771 132.940
f 2437 2436 2438
v 8992.589 896.443 134.449
f 2437 2438 2439
v 8990.589 896.443 134.449
f 2440 2437 2439
v 8992.589 897.189 135.923
f 2440 2439 2441
v 8990.589 897.189 135.923
f 2442 2440 2441
v 8992.589 898.006 137.358
f 2442 2441 2443
v 8990.589 898.006 137.358
f 2444 2442 2443
v 8990.589 898.893 138.751
f 2445 2444 2443
v 8992.589 898.893 138.751
f 2445 2443 2446
v 8990.589 899.848 140.099
f 2447 2445 2446
v 8992.589 899.848 140.099
f 2447 2446 2448
v 8990.589 900.868 141.398
f 2449 2447 2448
v 8992.589 900.868 141.398
f 2449 2448 2450
v 8990.589 901.951 142.646
f 2451 2449 2450
v 8992.589 901.951 142.646
f 2451 2450 2452
v 8992.589 903.094 143.838
f 2451 2452 2453
v 8990.589 903.094 143.838
f 2454 2451 2453
v 8990.589 904.295 144.972
v 8992.589 904.295 144.972
f 2455 2453 2456
f 2455 2454 2453
v 8990.589 905.550 146.046
v 8992.589 905.550 146.046
f 2457 2456 2458
f 2457 2455 2456
v 8990.589 906.856 147.057
v 8992.589 906.856 147.057
f 2459 2458 2460
v 8992.589 908.211 148.002
f 2459 2460 2461
f 2459 2457 2458
v 8990.589 908.211 148.002
v 8992.589 909.611 148.880
f 2462 2461 2463
f 2462 2459 2461
v 8990.589 909.611 148.880
f 2464 2462 2463
v 8990.589 911.052 149.687
v 8992.589 911.052 149.687
f 2465 2463 2466
f 2465 2464 2463
v 8990.589 912.531 150.422
v 8992.589 912.531 150.422
f 2467 2466 2468
f 2467 2465 2466
v 8990.589 914.044 151.084
v 8992.589 914.044 151.084
f 2469 2468 2470
v 8992.589 915.589 151.670
f 2469 2470 2471
f 2469 2467 2468
v 8990.589 915.589 151.670
f 2472 2469 2471
v 8990.589 917.160 152.179
v 8992.589 917.160 152.179
f 2473 2471 2474
f 2473 2472 2471
v 8990.589 918.755 152.610
f 2475 2473 2474
v 8992.589 918.755 152.610
f 2475 2474 2476
v 8990.589 920.368 152.962
f 2477 2475 2476
v 8992.589 920.368 152.962
f 2477 2476 2478
v 8992.589 921.998 153.234
f 2477 2478 2479
v 8990.589 921.998 153.234
f 2480 2477 2479
v 8990.589 923.638 153.425
f 2481 2480 2479
v 8992.589 923.638 153.425
f 2481 2479 2482
v 8990.589 925.286 153.535
f 2483 2481 2482
v 8992.589 925.286 153.535
f 2483 2482 2484
v 8990.589 926.938 153.564
f 2485 2483 2484
v 8992.589 926.938 153.564
f 2485 2484 2486
v 8990.589 928.589 153.512
f 2487 2485 2486
v 8992.589 928.589 153.512
f 2487 2486 2488
v 8990.589 930.235 153.378
f 2489 2487 2488
v 8992.589 930.235 153.378
f 2489 2488 2490
v 8992.589 931.873 153.163
f 2489 2490 2491
v 8990.589 931.873 153.163
f 2492 2489 2491
v 8992.589 933.498 152.867
f 2492 2491 2493
v 8990.589 933.498 152.867
f 2494 2492 2493
v 8992.589 935.107 152.492
f 2494 2493 2495
v 8990.589 935.107 152.492
f 2496 2494 2495
v 8990.589 936.695 152.038
f 2497 2496 2495
v 8992.589 936.695 152.038
f 2497 2495 2498
v 8992.589 938.259 151.507
f 2497 2498 2499
v 8990.589 938.259 151.507
f 2500 2497 2499
v 8990.589 939.795 150.899
f 2501 2500 2499
v 8992.589 939.795 150.899
f 2501 2499 2502
v 8990.589 941.298 150.216
f 2503 2501 2502
v 8992.589 941.298 150.216
f 2503 2502 2504
v 8990.589 942.767 149.459
f 2505 2503 2504
v 8992.589 942.767 149.459
f 2505 2504 2506
v 8990.589 944.196 148.631
f 2507 2505 2506
v 8992.589 944.196 148.631
f 2507 2506 2508
v 8990.589 945.583 147.734
f 2509 2507 2508
v 8992.589 945.583 147.734
f 2509 2508 2510
v 8990.589 946.924 146.770
f 2511 2509 2510
v 8992.589 946.924 146.770
f 2511 2510 2512
f 2417 2511 2512
f 2417 2512 2420
v 9020.589 893.197 51.565
v 8992.589 893.197 53.565
v 8990.589 893.197 51.565
f 2513 2514 2515
v 9020.589 893.197 53.565
f 2516 2514 2513
f 2421 2515 2514
f 2422 2421 2514
v 9020.589 960.197 53.565
v 8992.589 960.197 53.565
f 2514 2517 2518
f 2516 2517 2514
v 9020.589 960.197 51.565
f 2516 2519 2517
f 2516 2513 2519
v 8990.589 960.197 51.565
f 2519 2513 2520
f 2520 2513 2515
v 8990.589 960.197 120.065
v 8992.589 960.197 120.065
f 2518 2521 2522
f 2518 2517 2519
f 2520 2518 2519
f 2520 2521 2518
v 8990.589 954.627 138.564
v 8990.589 953.692 139.903
v 8992.589 953.692 139.903
f 2523 2524 2525
v 8992.589 954.627 138.564
f 2523 2525 2526
v 8992.589 955.495 137.181
f 2523 2526 2527
v 8990.589 955.495 137.181
v 8992.589 956.295 135.757
f 2528 2527 2529
f 2528 2523 2527
v 8990.589 956.295 135.757
f 2530 2528 2529
v 8990.589 957.024 134.296
v 8992.589 957.024 134.296
f 2531 2529 2532
v 8992.589 957.682 132.801
f 2531 2532 2533
f 2531 2530 2529
v 8990.589 957.682 132.801
v 8992.589 958.266 131.276
f 2534 2533 2535
f 2534 2531 2533
v 8990.589 958.266 131.276
f 2536 2534 2535
v 8990.589 958.774 129.725
v 8992.589 958.774 129.725
f 2537 2535 2538
f 2537 2536 2535
v 8990.589 959.207 128.150
v 8992.589 959.207 128.150
f 2539 2538 2540
v 8992.589 959.562 126.556
f 2539 2540 2541
f 2539 2537 2538
v 8990.589 959.562 126.556
v 8992.589 959.840 124.947
f 2542 2541 2543
f 2542 2539 2541
v 8990.589 959.840 124.947
f 2544 2542 2543
v 8990.589 960.038 123.326
v 8992.589 960.038 123.326
f 2545 2543 2546
v 8992.589 960.158 121.697
f 2545 2546 2547
f 2545 2544 2543
v 8990.589 960.158 121.697
f 2548 2547 2522
f 2548 2545 2547
f 2521 2548 2522
v 8990.589 933.588 119.799
v 8992.589 933.588 119.799
f 2525 2549 2550
f 2524 2549 2525
v 8992.589 929.434 144.383
v 8992.589 929.203 144.121
v 8992.589 929.322 144.249
f 2551 2552 2553
v 8992.589 928.811 143.775
v 8992.589 928.947 143.884
v 8992.589 929.078 143.999
f 2554 2555 2556
f 2554 2556 2552
v 8992.589 928.522 143.578
v 8992.589 928.669 143.673
f 2557 2558 2554
v 8992.589 929.729 144.815
v 8992.589 929.539 144.522
v 8992.589 929.637 144.666
f 2559 2560 2561
v 8992.589 928.216 143.412
v 8992.589 928.371 143.491
f 2562 2563 2557
v 8992.589 929.888 145.125
v 8992.589 929.812 144.968
f 2564 2559 2565
v 8992.589 929.955 145.286
f 2566 2559 2564
v 8992.589 927.729 143.220
v 8992.589 927.894 143.276
v 8992.589 928.057 143.340
f 2567 2568 2569
f 2567 2569 2562
v 8992.589 930.067 145.617
f 2570 2559 2566
v 8992.589 930.015 145.450
f 2570 2566 2571
v 8992.589 927.219 143.104
v 8992.589 927.391 143.134
v 8992.589 927.561 143.173
f 2572 2573 2574
f 2572 2574 2567
v 8992.589 930.170 146.130
v 8992.589 930.110 145.786
f 2575 2570 2576
v 8992.589 930.144 145.957
f 2575 2576 2577
v 8992.589 930.188 146.303
f 2578 2570 2575
v 8992.589 926.872 143.069
v 8992.589 927.046 143.082
f 2579 2580 2572
v 8992.589 930.196 146.652
v 8992.589 930.196 146.478
f 2581 2578 2582
v 8992.589 926.349 143.082
v 8992.589 926.523 143.069
v 8992.589 926.697 143.065
f 2583 2584 2585
v 8992.589 930.144 147.173
v 8992.589 930.188 146.827
f 2586 2581 2587
v 8992.589 930.170 147.000
f 2586 2587 2588
v 8992.589 926.004 143.134
v 8992.589 926.176 143.104
f 2589 2590 2583
v 8992.589 925.834 143.173
f 2591 2589 2583
v 8992.589 930.067 147.513
f 2592 2578 2581
f 2592 2570 2578
f 2592 2581 2586
v 8992.589 930.110 147.344
f 2592 2586 2593
v 8992.589 929.955 147.844
v 8992.589 930.015 147.680
f 2594 2592 2595
v 8992.589 925.338 143.340
v 8992.589 925.500 143.276
v 8992.589 925.666 143.220
f 2596 2597 2598
v 8992.589 929.888 148.004
f 2599 2592 2594
f 2599 2559 2570
f 2599 2570 2592
v 8992.589 924.872 143.578
v 8992.589 925.024 143.491
v 8992.589 925.179 143.412
f 2600 2601 2602
v 8992.589 929.637 148.464
v 8992.589 929.812 148.162
v 8992.589 929.729 148.315
f 2603 2604 2605
v 8992.589 929.539 148.608
f 2606 2599 2604
f 2606 2604 2603
f 2606 2559 2599
f 2606 2560 2559
f 2606 2551 2560
v 8992.589 924.448 143.884
v 8992.589 924.584 143.775
v 8992.589 924.726 143.673
f 2607 2608 2609
v 8992.589 924.317 143.999
f 2610 2607 2609
f 2610 2609 2600
v 8992.589 929.078 149.131
v 8992.589 929.434 148.747
f 2611 2606 2612
v 8992.589 929.322 148.881
f 2611 2612 2613
v 8992.589 929.203 149.009
f 2611 2613 2614
f 2611 2551 2606
f 2611 2552 2551
f 2611 2554 2552
v 8992.589 923.961 144.383
v 8992.589 924.073 144.249
v 8992.589 924.192 144.121
f 2615 2616 2617
v 8992.589 928.669 149.457
v 8992.589 928.947 149.246
f 2618 2611 2619
v 8992.589 928.811 149.355
f 2618 2619 2620
f 2618 2554 2611
f 2618 2557 2554
v 8992.589 923.757 144.666
v 8992.589 923.856 144.522
f 2621 2622 2615
v 8992.589 928.371 149.639
v 8992.589 928.522 149.551
f 2623 2618 2624
f 2623 2562 2557
f 2623 2557 2618
v 8992.589 923.583 144.968
v 8992.589 923.666 144.815
f 2625 2626 2621
v 8992.589 928.057 149.790
v 8992.589 928.216 149.718
f 2627 2623 2628
f 2627 2567 2562
f 2627 2562 2623
v 8992.589 923.439 145.286
v 8992.589 923.507 145.125
f 2629 2630 2625
v 8992.589 927.729 149.909
v 8992.589 927.894 149.854
f 2631 2627 2632
v 8992.589 923.328 145.617
v 8992.589 923.380 145.450
f 2633 2634 2629
v 8992.589 927.561 149.957
f 2635 2627 2631
f 2635 2572 2567
f 2635 2567 2627
v 8992.589 923.251 145.957
v 8992.589 923.285 145.786
f 2636 2637 2633
v 8992.589 927.219 150.026
v 8992.589 927.391 149.996
f 2638 2635 2639
f 2638 2579 2572
f 2638 2572 2635
v 8992.589 926.872 150.061
f 2640 2579 2638
v 8992.589 927.046 150.048
f 2640 2638 2641
v 8992.589 923.199 146.478
f 2642 2636 2633
v 8992.589 923.207 146.303
v 8992.589 923.225 146.130
f 2642 2643 2644
f 2642 2644 2636
f 2642 2633 2629
v 8992.589 926.697 150.065
f 2645 2579 2640
f 2645 2583 2585
f 2645 2585 2579
v 8992.589 923.207 146.827
v 8992.589 923.199 146.652
f 2646 2647 2642
v 8992.589 926.349 150.048
v 8992.589 926.523 150.061
f 2648 2645 2649
f 2648 2583 2645
v 8992.589 926.176 150.026
f 2650 2583 2648
f 2650 2591 2583
v 8992.589 923.285 147.344
f 2651 2646 2642
v 8992.589 923.251 147.173
v 8992.589 923.225 147.000
f 2651 2652 2653
f 2651 2653 2646
v 8992.589 925.666 149.909
v 8992.589 926.004 149.996
f 2654 2650 2655
v 8992.589 925.834 149.957
f 2654 2655 2656
f 2654 2596 2598
f 2654 2591 2650
f 2654 2598 2591
v 8992.589 923.380 147.680
f 2657 2651 2642
v 8992.589 923.328 147.513
f 2657 2658 2651
f 2657 2642 2629
v 8992.589 925.338 149.790
v 8992.589 925.500 149.854
f 2659 2654 2660
f 2659 2596 2654
v 8992.589 925.179 149.718
f 2661 2596 2659
v 8992.589 925.024 149.639
f 2662 2600 2602
f 2662 2596 2661
f 2662 2602 2596
v 8992.589 923.666 148.315
v 8992.589 923.583 148.162
v 8992.589 923.507 148.004
f 2663 2664 2665
v 8992.589 923.439 147.844
f 2663 2665 2666
f 2663 2666 2657
v 8992.589 924.872 149.551
f 2667 2600 2662
v 8992.589 923.757 148.464
f 2668 2657 2629
f 2668 2663 2657
f 2668 2621 2615
f 2668 2625 2621
f 2668 2629 2625
v 8992.589 924.726 149.457
f 2669 2610 2600
f 2669 2600 2667
v 8992.589 923.961 148.747
v 8992.589 923.856 148.608
f 2670 2671 2668
f 2670 2617 2610
f 2670 2668 2615
f 2670 2615 2617
v 8992.589 924.317 149.131
v 8992.589 924.584 149.355
f 2672 2669 2673
v 8992.589 924.448 149.246
f 2672 2673 2674
f 2672 2670 2610
f 2672 2610 2669
v 8992.589 924.192 149.009
v 8992.589 924.073 148.881
f 2675 2676 2670
f 2675 2670 2672
v 8990.589 929.203 144.121
v 8990.589 929.434 144.383
v 8990.589 929.322 144.249
f 2677 2678 2679
v 8990.589 928.947 143.884
v 8990.589 928.811 143.775
v 8990.589 929.078 143.999
f 2680 2681 2682
f 2682 2681 2677
v 8990.589 928.669 143.673
v 8990.589 928.522 143.578
f 2683 2684 2681
v 8990.589 929.539 144.522
v 8990.589 929.729 144.815
v 8990.589 929.637 144.666
f 2685 2686 2687
v 8990.589 928.371 143.491
v 8990.589 928.216 143.412
f 2688 2689 2684
v 8990.589 929.888 145.125
v 8990.589 929.812 144.968
f 2686 2690 2691
v 8990.589 929.955 145.286
f 2686 2692 2690
v 8990.589 927.894 143.276
v 8990.589 927.729 143.220
v 8990.589 928.057 143.340
f 2693 2694 2695
f 2695 2694 2689
v 8990.589 930.067 145.617
f 2686 2696 2692
v 8990.589 930.015 145.450
f 2692 2696 2697
v 8990.589 927.391 143.134
v 8990.589 927.219 143.104
v 8990.589 927.561 143.173
f 2698 2699 2700
f 2700 2699 2694
v 8990.589 930.170 146.130
v 8990.589 930.110 145.786
f 2696 2701 2702
v 8990.589 930.144 145.957
f 2702 2701 2703
v 8990.589 930.188 146.303
f 2696 2704 2701
v 8990.589 927.046 143.082
v 8990.589 926.872 143.069
f 2705 2706 2699
v 8990.589 930.196 146.652
v 8990.589 930.196 146.478
f 2704 2707 2708
v 8990.589 926.523 143.069
v 8990.589 926.349 143.082
v 8990.589 926.697 143.065
f 2709 2710 2711
v 8990.589 930.144 147.173
v 8990.589 930.188 146.827
f 2707 2712 2713
v 8990.589 930.170 147.000
f 2713 2712 2714
v 8990.589 926.176 143.104
v 8990.589 926.004 143.134
f 2715 2716 2710
v 8990.589 925.834 143.173
f 2716 2717 2710
v 8990.589 930.067 147.513
f 2704 2718 2707
f 2696 2718 2704
f 2707 2718 2712
v 8990.589 930.110 147.344
f 2712 2718 2719
v 8990.589 929.955 147.844
v 8990.589 930.015 147.680
f 2718 2720 2721
v 8990.589 925.500 143.276
v 8990.589 925.338 143.340
v 8990.589 925.666 143.220
f 2722 2723 2724
v 8990.589 929.888 148.004
f 2718 2725 2720
f 2686 2725 2696
f 2696 2725 2718
v 8990.589 925.024 143.491
v 8990.589 924.872 143.578
v 8990.589 925.179 143.412
f 2726 2727 2728
v 8990.589 929.812 148.162
v 8990.589 929.637 148.464
v 8990.589 929.729 148.315
f 2729 2730 2731
v 8990.589 929.539 148.608
f 2725 2732 2729
f 2729 2732 2730
f 2686 2732 2725
f 2685 2732 2686
f 2678 2732 2685
v 8990.589 924.584 143.775
v 8990.589 924.448 143.884
v 8990.589 924.726 143.673
f 2733 2734 2735
v 8990.589 924.317 143.999
f 2734 2736 2735
f 2735 2736 2727
v 8990.589 929.078 149.131
v 8990.589 929.434 148.747
f 2732 2737 2738
v 8990.589 929.322 148.881
f 2738 2737 2739
v 8990.589 929.203 149.009
f 2739 2737 2740
f 2678 2737 2732
f 2677 2737 2678
f 2681 2737 2677
v 8990.589 924.073 144.249
v 8990.589 923.961 144.383
v 8990.589 924.192 144.121
f 2741 2742 2743
v 8990.589 928.669 149.457
v 8990.589 928.947 149.246
f 2737 2744 2745
v 8990.589 928.811 149.355
f 2745 2744 2746
f 2681 2744 2737
f 2684 2744 2681
v 8990.589 923.856 144.522
v 8990.589 923.757 144.666
f 2747 2748 2742
v 8990.589 928.371 149.639
v 8990.589 928.522 149.551
f 2744 2749 2750
f 2689 2749 2684
f 2684 2749 2744
v 8990.589 923.666 144.815
v 8990.589 923.583 144.968
f 2751 2752 2748
v 8990.589 928.057 149.790
v 8990.589 928.216 149.718
f 2749 2753 2754
f 2694 2753 2689
f 2689 2753 2749
v 8990.589 923.507 145.125
v 8990.589 923.439 145.286
f 2755 2756 2752
v 8990.589 927.729 149.909
v 8990.589 927.894 149.854
f 2753 2757 2758
v 8990.589 923.380 145.450
v 8990.589 923.328 145.617
f 2759 2760 2756
v 8990.589 927.561 149.957
f 2753 2761 2757
f 2699 2761 2694
f 2694 2761 2753
v 8990.589 923.285 145.786
v 8990.589 923.251 145.957
f 2762 2763 2760
v 8990.589 927.219 150.026
v 8990.589 927.391 149.996
f 2761 2764 2765
f 2706 2764 2699
f 2699 2764 2761
v 8990.589 926.872 150.061
f 2706 2766 2764
v 8990.589 927.046 150.048
f 2764 2766 2767
v 8990.589 923.199 146.478
f 2763 2768 2760
v 8990.589 923.207 146.303
v 8990.589 923.225 146.130
f 2769 2768 2770
f 2770 2768 2763
f 2760 2768 2756
v 8990.589 926.697 150.065
f 2706 2771 2766
f 2710 2771 2711
f 2711 2771 2706
v 8990.589 923.199 146.652
v 8990.589 923.207 146.827
f 2772 2773 2768
v 8990.589 926.349 150.048
v 8990.589 926.523 150.061
f 2771 2774 2775
f 2710 2774 2771
v 8990.589 926.176 150.026
f 2710 2776 2774
f 2717 2776 2710
v 8990.589 923.285 147.344
f 2773 2777 2768
v 8990.589 923.251 147.173
v 8990.589 923.225 147.000
f 2778 2777 2779
f 2779 2777 2773
v 8990.589 925.666 149.909
v 8990.589 926.004 149.996
f 2776 2780 2781
v 8990.589 925.834 149.957
f 2781 2780 2782
f 2723 2780 2724
f 2717 2780 2776
f 2724 2780 2717
v 8990.589 923.380 147.680
f 2777 2783 2768
v 8990.589 923.328 147.513
f 2784 2783 2777
f 2768 2783 2756
v 8990.589 925.338 149.790
v 8990.589 925.500 149.854
f 2780 2785 2786
f 2723 2785 2780
v 8990.589 925.179 149.718
f 2723 2787 2785
v 8990.589 925.024 149.639
f 2727 2788 2728
f 2723 2788 2787
f 2728 2788 2723
v 8990.589 923.583 148.162
v 8990.589 923.666 148.315
v 8990.589 923.507 148.004
f 2789 2790 2791
v 8990.589 923.439 147.844
f 2791 2790 2792
f 2792 2790 2783
v 8990.589 924.872 149.551
f 2727 2793 2788
v 8990.589 923.757 148.464
f 2783 2794 2756
f 2790 2794 2783
f 2748 2794 2742
f 2752 2794 2748
f 2756 2794 2752
v 8990.589 924.726 149.457
f 2736 2795 2727
f 2727 2795 2793
v 8990.589 923.856 148.608
v 8990.589 923.961 148.747
f 2796 2797 2794
f 2743 2797 2736
f 2794 2797 2742
f 2742 2797 2743
v 8990.589 924.317 149.131
v 8990.589 924.584 149.355
f 2795 2798 2799
v 8990.589 924.448 149.246
f 2799 2798 2800
f 2797 2798 2736
f 2736 2798 2795
v 8990.589 924.073 148.881
v 8990.589 924.192 149.009
f 2801 2802 2797
f 2797 2802 2798
o solid_7
v 8913.196 1116.197 94.565
v 8923.589 1122.197 104.565
v 8923.589 1122.197 94.565
f 2803 2804 2805
v 8913.196 1116.197 104.565
f 2806 2804 2803
v 8933.981 1116.197 104.565
v 8933.981 1116.197 94.565
f 2805 2807 2808
f 2804 2807 2805
v 8933.981 1104.197 104.565
v 8933.981 1104.197 94.565
f 2809 2810 2808
f 2809 2808 2807
v 8923.589 1098.197 104.565
v 8923.589 1098.197 94.565
f 2809 2811 2812
f 2809 2812 2810
v 8913.196 1104.197 104.565
v 8913.196 1104.197 94.565
f 2811 2813 2814
f 2811 2814 2812
f 2814 2806 2803
f 2814 2813 2806
v 8918.507 1114.250 104.565
v 8918.936 1114.736 104.565
v 8918.715 1114.498 104.565
f 2815 2816 2817
v 8919.664 1115.379 104.565
v 8919.411 1115.177 104.565
v 8919.168 1114.962 104.565
f 2818 2819 2820
v 8918.311 1113.992 104.565
f 2821 2820 2816
f 2821 2816 2815
v 8917.804 1113.163 104.565
v 8918.128 1113.724 104.565
v 8917.959 1113.447 104.565
f 2822 2823 2824
f 2822 2821 2823
v 8920.768 1116.054 104.565
v 8919.927 1115.568 104.565
f 2825 2826 2818
v 8920.199 1115.744 104.565
f 2825 2827 2826
v 8920.480 1115.906 104.565
f 2825 2828 2827
v 8921.366 1116.305 104.565
v 8921.064 1116.187 104.565
f 2829 2830 2825
v 8917.427 1112.268 104.565
v 8917.664 1112.871 104.565
v 8917.538 1112.572 104.565
f 2831 2832 2833
v 8922.301 1116.569 104.565
v 8921.985 1116.496 104.565
v 8921.673 1116.409 104.565
f 2834 2835 2836
v 8917.187 1111.326 104.565
v 8917.332 1111.958 104.565
v 8917.252 1111.644 104.565
f 2837 2838 2839
v 8923.265 1116.689 104.565
v 8922.620 1116.625 104.565
f 2840 2841 2834
v 8922.941 1116.665 104.565
f 2840 2842 2841
v 8917.091 1110.359 104.565
v 8917.139 1111.006 104.565
v 8917.107 1110.683 104.565
f 2843 2844 2845
f 2843 2837 2844
v 8923.913 1116.689 104.565
v 8923.589 1116.697 104.565
f 2846 2847 2840
v 8917.107 1109.712 104.565
v 8917.091 1110.035 104.565
f 2848 2843 2849
v 8917.139 1109.389 104.565
f 2850 2837 2843
f 2850 2843 2848
v 8924.557 1116.625 104.565
v 8924.236 1116.665 104.565
f 2851 2852 2846
v 8917.187 1109.069 104.565
f 2853 2831 2838
f 2853 2837 2850
f 2853 2822 2832
f 2853 2832 2831
f 2853 2838 2837
v 8925.193 1116.496 104.565
v 8924.877 1116.569 104.565
f 2854 2855 2851
v 8917.332 1108.437 104.565
v 8917.252 1108.751 104.565
f 2856 2853 2857
v 8925.505 1116.409 104.565
f 2858 2854 2851
v 8917.427 1108.127 104.565
f 2859 2853 2856
f 2859 2822 2853
v 8925.812 1116.305 104.565
f 2860 2858 2851
f 2860 2851 2846
v 8926.697 1115.906 104.565
v 8926.409 1116.054 104.565
v 8926.113 1116.187 104.565
f 2861 2862 2863
v 8917.959 1106.947 104.565
f 2864 2821 2822
f 2864 2822 2859
v 8917.664 1107.524 104.565
v 8917.804 1107.232 104.565
f 2864 2865 2866
v 8917.538 1107.823 104.565
f 2864 2867 2865
f 2864 2859 2867
v 8926.978 1115.744 104.565
f 2868 2863 2860
f 2868 2861 2863
v 8927.513 1115.379 104.565
v 8927.250 1115.568 104.565
f 2869 2870 2868
v 8918.507 1106.145 104.565
v 8918.128 1106.671 104.565
v 8918.311 1106.403 104.565
f 2871 2872 2873
v 8928.010 1114.962 104.565
v 8927.767 1115.177 104.565
f 2874 2875 2869
f 2874 2868 2860
f 2874 2869 2868
v 8918.936 1105.659 104.565
v 8918.715 1105.896 104.565
f 2876 2871 2877
v 8919.168 1105.433 104.565
f 2878 2821 2864
f 2878 2818 2820
f 2878 2871 2876
f 2878 2820 2821
f 2878 2872 2871
f 2878 2864 2872
v 8928.462 1114.498 104.565
v 8928.242 1114.736 104.565
f 2879 2880 2874
v 8919.664 1105.016 104.565
v 8919.411 1105.218 104.565
f 2881 2878 2882
v 8928.866 1113.992 104.565
v 8928.671 1114.250 104.565
f 2883 2884 2879
f 2883 2879 2874
v 8920.199 1104.651 104.565
v 8919.927 1104.827 104.565
f 2885 2881 2886
v 8920.480 1104.489 104.565
f 2887 2878 2881
f 2887 2881 2885
f 2887 2818 2878
v 8920.768 1104.341 104.565
f 2888 2818 2887
f 2888 2825 2818
f 2888 2829 2825
v 8929.513 1112.871 104.565
v 8929.218 1113.447 104.565
v 8929.049 1113.724 104.565
f 2889 2890 2891
v 8929.373 1113.163 104.565
f 2889 2892 2890
v 8929.750 1112.268 104.565
f 2893 2891 2883
v 8929.639 1112.572 104.565
f 2893 2894 2889
f 2893 2883 2874
f 2893 2889 2891
v 8921.673 1103.986 104.565
f 2895 2836 2829
f 2895 2834 2836
v 8921.064 1104.208 104.565
v 8921.366 1104.089 104.565
f 2895 2896 2897
f 2895 2888 2896
f 2895 2829 2888
v 8929.926 1111.644 104.565
v 8929.846 1111.958 104.565
f 2898 2899 2893
v 8922.301 1103.826 104.565
f 2900 2834 2895
v 8921.985 1103.898 104.565
f 2900 2895 2901
f 2900 2840 2834
v 8929.990 1111.326 104.565
f 2902 2898 2893
f 2902 2893 2874
v 8922.941 1103.730 104.565
v 8922.620 1103.770 104.565
f 2903 2900 2904
f 2903 2846 2840
f 2903 2840 2900
v 8930.070 1110.683 104.565
v 8930.038 1111.006 104.565
f 2905 2906 2902
v 8923.265 1103.705 104.565
f 2907 2846 2903
v 8923.913 1103.705 104.565
v 8923.589 1103.697 104.565
f 2908 2907 2909
v 8924.557 1103.770 104.565
f 2910 2860 2846
f 2910 2907 2908
v 8924.236 1103.730 104.565
f 2910 2908 2911
f 2910 2846 2907
v 8929.990 1109.069 104.565
f 2912 2905 2902
v 8930.087 1110.359 104.565
f 2912 2913 2905
v 8930.087 1110.035 104.565
f 2912 2914 2913
v 8930.070 1109.712 104.565
f 2912 2915 2914
v 8930.038 1109.389 104.565
f 2912 2916 2915
v 8929.926 1108.751 104.565
f 2917 2902 2874
f 2917 2912 2902
v 8925.193 1103.898 104.565
v 8924.877 1103.826 104.565
f 2918 2910 2919
v 8929.750 1108.127 104.565
v 8929.846 1108.437 104.565
f 2920 2921 2917
v 8925.812 1104.089 104.565
f 2922 2860 2910
f 2922 2910 2918
v 8925.505 1103.986 104.565
f 2922 2918 2923
v 8929.639 1107.823 104.565
f 2924 2920 2917
v 8929.373 1107.232 104.565
v 8929.513 1107.524 104.565
f 2925 2926 2924
f 2925 2924 2917
v 8926.697 1104.489 104.565
v 8926.113 1104.208 104.565
v 8926.409 1104.341 104.565
f 2927 2928 2929
v 8926.978 1104.651 104.565
f 2930 2922 2928
f 2930 2928 2927
v 8929.049 1106.671 104.565
v 8929.218 1106.947 104.565
f 2931 2932 2925
v 8927.250 1104.827 104.565
f 2933 2860 2922
f 2933 2922 2930
v 8927.767 1105.218 104.565
v 8927.513 1105.016 104.565
f 2934 2933 2935
v 8928.462 1105.896 104.565
v 8928.866 1106.403 104.565
f 2936 2937 2931
v 8928.671 1106.145 104.565
f 2936 2938 2937
f 2936 2925 2917
f 2936 2931 2925
v 8928.242 1105.659 104.565
f 2939 2874 2860
f 2939 2917 2874
f 2939 2860 2933
v 8928.010 1105.433 104.565
f 2939 2934 2940
f 2939 2933 2934
f 2939 2936 2917
v 8918.936 1114.736 94.565
v 8918.507 1114.250 94.565
v 8918.715 1114.498 94.565
f 2941 2942 2943
v 8919.411 1115.177 94.565
v 8919.664 1115.379 94.565
v 8919.168 1114.962 94.565
f 2944 2945 2946
v 8918.311 1113.992 94.565
f 2946 2947 2941
f 2941 2947 2942
v 8918.128 1113.724 94.565
v 8917.804 1113.163 94.565
v 8917.959 1113.447 94.565
f 2948 2949 2950
f 2947 2949 2948
v 8919.927 1115.568 94.565
v 8920.768 1116.054 94.565
f 2951 2952 2945
v 8920.199 1115.744 94.565
f 2953 2952 2951
v 8920.480 1115.906 94.565
f 2954 2952 2953
v 8921.064 1116.187 94.565
v 8921.366 1116.305 94.565
f 2955 2956 2952
v 8917.664 1112.871 94.565
v 8917.427 1112.268 94.565
v 8917.538 1112.572 94.565
f 2957 2958 2959
v 8921.985 1116.496 94.565
v 8922.301 1116.569 94.565
v 8921.673 1116.409 94.565
f 2960 2961 2962
v 8917.332 1111.958 94.565
v 8917.187 1111.326 94.565
v 8917.252 1111.644 94.565
f 2963 2964 2965
v 8922.620 1116.625 94.565
v 8923.265 1116.689 94.565
f 2966 2967 2961
v 8922.941 1116.665 94.565
f 2968 2967 2966
v 8917.139 1111.006 94.565
v 8917.091 1110.359 94.565
v 8917.107 1110.683 94.565
f 2969 2970 2971
f 2964 2970 2969
v 8923.589 1116.697 94.565
v 8923.913 1116.689 94.565
f 2972 2973 2967
v 8917.107 1109.712 94.565
v 8917.091 1110.035 94.565
f 2970 2974 2975
v 8917.139 1109.389 94.565
f 2964 2976 2970
f 2970 2976 2974
v 8924.236 1116.665 94.565
v 8924.557 1116.625 94.565
f 2977 2978 2973
v 8917.187 1109.069 94.565
f 2958 2979 2963
f 2964 2979 2976
f 2949 2979 2957
f 2957 2979 2958
f 2963 2979 2964
v 8924.877 1116.569 94.565
v 8925.193 1116.496 94.565
f 2980 2981 2978
v 8917.332 1108.437 94.565
v 8917.252 1108.751 94.565
f 2979 2982 2983
v 8925.505 1116.409 94.565
f 2981 2984 2978
v 8917.427 1108.127 94.565
f 2979 2985 2982
f 2949 2985 2979
v 8925.812 1116.305 94.565
f 2984 2986 2978
f 2978 2986 2973
v 8926.409 1116.054 94.565
v 8926.697 1115.906 94.565
v 8926.113 1116.187 94.565
f 2987 2988 2989
v 8917.959 1106.947 94.565
f 2947 2990 2949
f 2949 2990 2985
v 8917.664 1107.524 94.565
v 8917.804 1107.232 94.565
f 2991 2990 2992
v 8917.538 1107.823 94.565
f 2993 2990 2991
f 2985 2990 2993
v 8926.978 1115.744 94.565
f 2989 2994 2986
f 2988 2994 2989
v 8927.250 1115.568 94.565
v 8927.513 1115.379 94.565
f 2995 2996 2994
v 8918.128 1106.671 94.565
v 8918.507 1106.145 94.565
v 8918.311 1106.403 94.565
f 2997 2998 2999
v 8927.767 1115.177 94.565
v 8928.010 1114.962 94.565
f 3000 3001 2996
f 2994 3001 2986
f 2996 3001 2994
v 8918.936 1105.659 94.565
v 8918.715 1105.896 94.565
f 2998 3002 3003
v 8919.168 1105.433 94.565
f 2947 3004 2990
f 2945 3004 2946
f 2998 3004 3002
f 2946 3004 2947
f 2997 3004 2998
f 2990 3004 2997
v 8928.242 1114.736 94.565
v 8928.462 1114.498 94.565
f 3005 3006 3001
v 8919.664 1105.016 94.565
v 8919.411 1105.218 94.565
f 3004 3007 3008
v 8928.671 1114.250 94.565
v 8928.866 1113.992 94.565
f 3009 3010 3006
f 3006 3010 3001
v 8920.199 1104.651 94.565
v 8919.927 1104.827 94.565
f 3007 3011 3012
v 8920.480 1104.489 94.565
f 3004 3013 3007
f 3007 3013 3011
f 2945 3013 3004
v 8920.768 1104.341 94.565
f 2945 3014 3013
f 2952 3014 2945
f 2956 3014 2952
v 8929.218 1113.447 94.565
v 8929.513 1112.871 94.565
v 8929.049 1113.724 94.565
f 3015 3016 3017
v 8929.373 1113.163 94.565
f 3018 3016 3015
v 8929.750 1112.268 94.565
f 3017 3019 3010
v 8929.639 1112.572 94.565
f 3020 3019 3016
f 3010 3019 3001
f 3016 3019 3017
v 8921.673 1103.986 94.565
f 2962 3021 2956
f 2961 3021 2962
v 8921.064 1104.208 94.565
v 8921.366 1104.089 94.565
f 3022 3021 3023
f 3014 3021 3022
f 2956 3021 3014
v 8929.846 1111.958 94.565
v 8929.926 1111.644 94.565
f 3024 3025 3019
v 8922.301 1103.826 94.565
f 2961 3026 3021
v 8921.985 1103.898 94.565
f 3021 3026 3027
f 2967 3026 2961
v 8929.990 1111.326 94.565
f 3025 3028 3019
f 3019 3028 3001
v 8922.941 1103.730 94.565
v 8922.620 1103.770 94.565
f 3026 3029 3030
f 2973 3029 2967
f 2967 3029 3026
v 8930.038 1111.006 94.565
v 8930.070 1110.683 94.565
f 3031 3032 3028
v 8923.265 1103.705 94.565
f 2973 3033 3029
v 8923.913 1103.705 94.565
v 8923.589 1103.697 94.565
f 3033 3034 3035
v 8924.557 1103.770 94.565
f 2986 3036 2973
f 3033 3036 3034
v 8924.236 1103.730 94.565
f 3034 3036 3037
f 2973 3036 3033
v 8929.990 1109.069 94.565
f 3032 3038 3028
v 8930.087 1110.359 94.565
f 3039 3038 3032
v 8930.087 1110.035 94.565
f 3040 3038 3039
v 8930.070 1109.712 94.565
f 3041 3038 3040
v 8930.038 1109.389 94.565
f 3042 3038 3041
v 8929.926 1108.751 94.565
f 3028 3043 3001
f 3038 3043 3028
v 8925.193 1103.898 94.565
v 8924.877 1103.826 94.565
f 3036 3044 3045
v 8929.846 1108.437 94.565
v 8929.750 1108.127 94.565
f 3046 3047 3043
v 8925.812 1104.089 94.565
f 2986 3048 3036
f 3036 3048 3044
v 8925.505 1103.986 94.565
f 3044 3048 3049
v 8929.639 1107.823 94.565
f 3047 3050 3043
v 8929.513 1107.524 94.565
v 8929.373 1107.232 94.565
f 3051 3052 3050
f 3050 3052 3043
v 8926.113 1104.208 94.565
v 8926.697 1104.489 94.565
v 8926.409 1104.341 94.565
f 3053 3054 3055
v 8926.978 1104.651 94.565
f 3048 3056 3053
f 3053 3056 3054
v 8929.218 1106.947 94.565
v 8929.049 1106.671 94.565
f 3057 3058 3052
v 8927.250 1104.827 94.565
f 2986 3059 3048
f 3048 3059 3056
v 8927.767 1105.218 94.565
v 8927.513 1105.016 94.565
f 3059 3060 3061
v 8928.866 1106.403 94.565
v 8928.462 1105.896 94.565
f 3062 3063 3058
v 8928.671 1106.145 94.565
f 3064 3063 3062
f 3052 3063 3043
f 3058 3063 3052
v 8928.242 1105.659 94.565
f 3001 3065 2986
f 3043 3065 3001
f 2986 3065 3059
v 8928.010 1105.433 94.565
f 3060 3065 3066
f 3059 3065 3060
f 3063 3065 3043
o solid_8
v 973.025 -783.161 33.591
v 972.738 -783.126 43.122
v 973.035 -783.163 43.122
f 3067 3068 3069
v 972.951 -783.151 -0.607
v 972.140 -783.096 8.122
v 972.426 -783.103 8.122
f 3070 3071 3072
v 972.712 -783.123 8.122
f 3070 3072 3073
v 972.996 -783.157 8.122
f 3070 3073 3074
v 973.329 -783.215 43.122
f 3075 3067 3069
v 973.278 -783.205 8.122
f 3076 3070 3074
v 973.891 -783.357 24.268
v 973.621 -783.281 43.122
v 973.909 -783.362 43.122
f 3077 3078 3079
v 973.746 -783.315 -9.175
f 3080 3070 3076
v 973.558 -783.266 8.122
f 3080 3076 3081
v 973.834 -783.340 8.122
f 3080 3081 3082
v 974.106 -783.427 8.122
f 3083 3080 3082
v 974.664 -783.653 15.936
v 974.471 -783.567 43.122
v 974.744 -783.690 43.122
f 3084 3085 3086
v 974.499 -783.579 -17.280
f 3087 3080 3083
v 974.374 -783.527 8.122
f 3087 3083 3088
v 974.637 -783.640 8.122
f 3087 3088 3089
v 974.895 -783.765 8.122
f 3090 3087 3089
v 975.194 -783.931 -24.767
f 3091 3087 3090
v 975.146 -783.903 8.122
f 3091 3090 3092
v 975.390 -784.052 8.122
v 975.269 -783.976 43.122
v 975.520 -784.138 43.122
f 3093 3094 3095
f 3093 3091 3092
v 975.634 -784.218 8.122
v 975.763 -784.313 43.122
f 3096 3095 3097
f 3096 3093 3095
v 975.871 -784.396 8.122
v 975.997 -784.500 43.122
f 3098 3097 3099
v 975.818 -784.355 -31.486
f 3100 3091 3093
v 976.098 -784.586 8.122
v 976.221 -784.698 43.122
f 3101 3099 3102
v 976.315 -784.786 8.122
v 976.435 -784.906 43.122
f 3103 3102 3104
f 3103 3101 3102
v 976.522 -784.998 8.122
v 976.639 -785.126 43.122
f 3105 3104 3106
v 976.361 -784.831 -37.341
v 976.002 -784.504 1.521
f 3107 3100 3108
v 976.719 -785.219 8.122
v 976.831 -785.355 43.122
f 3109 3106 3110
f 3109 3105 3106
v 976.743 -785.247 -6.456
f 3111 3105 3109
v 976.905 -785.449 8.122
v 977.012 -785.593 43.122
f 3112 3110 3113
f 3112 3109 3110
f 3112 3111 3109
v 976.820 -785.341 -42.289
f 3114 3107 3111
v 977.079 -785.688 8.122
v 977.180 -785.841 43.122
f 3115 3113 3116
f 3115 3112 3113
v 977.040 -785.633 -9.656
f 3117 3112 3115
v 977.241 -785.936 8.122
v 977.336 -786.096 43.122
f 3118 3116 3119
f 3118 3115 3116
v 977.196 -785.865 -46.338
f 3120 3114 3117
v 977.390 -786.191 8.122
v 977.291 -786.019 -12.358
f 3121 3122 3118
f 3121 3118 3119
v 977.480 -786.359 43.122
f 3121 3119 3123
v 977.527 -786.453 8.122
f 3124 3121 3123
v 977.609 -786.628 43.122
f 3124 3123 3125
v 977.499 -786.397 -14.598
f 3126 3121 3124
v 977.493 -786.386 -49.537
f 3127 3120 3122
v 977.651 -786.722 8.122
f 3128 3124 3125
v 977.726 -786.904 43.122
f 3128 3125 3129
v 977.655 -786.732 -16.278
f 3130 3124 3128
f 3130 3127 3126
f 3130 3126 3124
v 977.761 -786.996 8.122
f 3131 3130 3128
v 977.828 -787.185 43.122
f 3131 3129 3132
f 3131 3128 3129
v 977.758 -786.989 -17.390
f 3133 3130 3131
v 977.719 -786.888 -51.971
f 3134 3130 3133
f 3134 3127 3130
v 977.858 -787.276 8.122
v 977.916 -787.471 43.122
f 3135 3132 3136
f 3135 3131 3132
v 977.840 -787.221 -18.270
f 3137 3131 3135
f 3137 3133 3131
v 977.895 -787.398 -18.863
f 3138 3137 3135
v 977.940 -787.560 8.122
v 977.990 -787.761 43.122
f 3139 3136 3140
f 3139 3135 3136
f 3139 3138 3135
v 977.842 -787.228 -53.293
f 3141 3137 3138
f 3141 3133 3137
f 3141 3134 3133
v 977.939 -787.556 -19.340
f 3142 3138 3139
v 977.970 -787.675 -19.667
f 3143 3142 3139
v 978.009 -787.848 8.122
v 978.049 -788.054 43.122
f 3144 3140 3145
f 3144 3139 3140
f 3144 3143 3139
v 977.921 -787.487 -54.139
f 3146 3138 3142
f 3146 3141 3138
v 977.998 -787.795 -19.968
f 3147 3143 3144
v 978.020 -787.902 -20.213
f 3148 3147 3144
v 977.977 -787.706 -54.747
f 3149 3146 3142
f 3149 3143 3147
f 3149 3142 3143
v 978.063 -788.139 8.122
f 3150 3144 3145
v 978.094 -788.350 43.122
f 3151 3150 3145
v 978.036 -787.983 -20.383
f 3152 3144 3150
f 3152 3148 3144
v 978.051 -788.063 -20.541
f 3153 3152 3150
v 978.014 -787.871 -55.145
f 3154 3149 3147
f 3154 3148 3152
f 3154 3147 3148
v 978.064 -788.144 -20.688
f 3155 3153 3150
v 978.041 -788.010 -55.437
f 3156 3154 3152
f 3156 3152 3153
v 978.076 -788.217 -20.807
f 3157 3155 3150
v 978.103 -788.432 8.122
f 3158 3150 3151
v 978.124 -788.647 43.122
f 3159 3158 3151
v 978.083 -788.271 -20.891
f 3160 3150 3158
f 3160 3157 3150
v 978.091 -788.325 -20.970
f 3161 3160 3158
v 978.061 -788.122 -55.649
f 3162 3156 3153
f 3162 3153 3155
v 978.097 -788.379 -21.043
f 3163 3161 3158
v 978.103 -788.428 -21.103
f 3164 3163 3158
v 978.077 -788.224 -55.819
f 3165 3162 3155
f 3165 3157 3160
f 3165 3155 3157
v 978.107 -788.464 -21.146
f 3166 3164 3158
v 978.111 -788.500 -21.186
f 3167 3166 3158
v 978.088 -788.306 -55.944
f 3168 3165 3160
f 3168 3160 3161
v 978.114 -788.536 -21.224
f 3169 3167 3158
v 978.129 -788.727 8.122
f 3170 3158 3159
v 978.138 -788.946 43.122
f 3171 3170 3159
v 978.117 -788.573 -21.259
f 3172 3169 3158
f 3172 3158 3170
v 978.098 -788.383 -56.048
f 3173 3168 3161
f 3173 3163 3164
f 3173 3161 3163
v 978.121 -788.609 -21.292
f 3174 3172 3170
v 978.123 -788.646 -21.323
f 3175 3174 3170
v 978.105 -788.445 -56.124
f 3176 3173 3164
f 3176 3164 3166
v 978.126 -788.678 -21.348
f 3177 3175 3170
v 978.127 -788.702 -21.366
f 3178 3177 3170
v 978.111 -788.503 -56.189
f 3179 3176 3166
f 3179 3167 3169
f 3179 3166 3167
v 978.129 -788.726 -21.383
f 3180 3178 3170
v 978.130 -788.751 -21.398
f 3181 3180 3170
v 978.116 -788.555 -56.242
f 3182 3179 3169
f 3182 3169 3172
v 978.132 -788.775 -21.413
f 3183 3181 3170
v 978.133 -788.799 -21.426
f 3184 3183 3170
v 978.120 -788.601 -56.285
f 3185 3182 3172
f 3185 3172 3174
v 978.134 -788.824 -21.439
f 3186 3184 3170
v 978.140 -789.022 8.122
f 3187 3170 3171
v 978.135 -788.848 -21.450
f 3188 3186 3170
v 978.138 -789.245 43.122
f 3189 3187 3171
v 978.124 -788.648 -56.325
f 3190 3185 3174
f 3190 3175 3177
f 3190 3174 3175
v 978.136 -788.872 -21.460
f 3191 3170 3187
f 3191 3188 3170
v 978.137 -788.897 -21.470
f 3192 3191 3187
v 978.127 -788.690 -56.357
f 3193 3190 3177
f 3193 3177 3178
v 978.138 -788.921 -21.478
f 3194 3192 3187
v 978.129 -788.728 -56.384
f 3195 3193 3178
f 3195 3180 3181
f 3195 3178 3180
v 978.138 -788.945 -21.485
f 3196 3194 3187
v 978.139 -788.970 -21.491
f 3197 3196 3187
v 978.131 -788.766 -56.408
f 3198 3195 3181
f 3198 3181 3183
v 978.139 -788.994 -21.496
f 3199 3197 3187
v 978.133 -788.800 -56.427
f 3200 3198 3183
f 3200 3184 3186
f 3200 3183 3184
v 978.140 -789.018 -21.500
f 3201 3199 3187
v 978.134 -788.831 -56.442
f 3202 3186 3188
f 3202 3200 3186
v 978.140 -789.042 -21.503
f 3203 3201 3187
v 978.136 -788.862 -56.456
f 3204 3188 3191
f 3204 3202 3188
v 978.140 -789.096 -21.505
f 3205 3203 3187
v 978.137 -788.892 -56.468
f 3206 3204 3191
f 3206 3191 3192
v 978.140 -789.113 -21.505
f 3207 3205 3187
v 978.140 -789.131 -21.504
f 3208 3207 3187
v 978.138 -788.923 -56.478
f 3209 3206 3192
f 3209 3194 3196
f 3209 3192 3194
v 978.136 -789.318 8.122
f 3210 3187 3189
v 978.140 -789.154 -21.502
f 3211 3208 3187
v 978.124 -789.544 43.122
f 3212 3210 3189
v 978.139 -788.951 -56.486
f 3213 3196 3197
f 3213 3209 3196
v 978.140 -789.178 -21.499
f 3214 3211 3187
f 3214 3187 3210
v 978.139 -788.976 -56.492
f 3215 3197 3199
f 3215 3213 3197
v 978.139 -789.201 -21.495
f 3216 3214 3210
v 978.140 -789.001 -56.497
f 3217 3215 3199
f 3217 3199 3201
v 978.139 -789.227 -21.490
f 3218 3216 3210
v 978.140 -789.025 -56.501
f 3219 3217 3201
f 3219 3201 3203
v 978.138 -789.256 -21.482
f 3220 3218 3210
v 978.140 -789.050 -56.503
f 3221 3219 3203
v 978.137 -789.285 -21.473
f 3222 3220 3210
v 978.140 -789.075 -56.505
f 3223 3203 3205
f 3223 3221 3203
v 978.140 -789.100 -56.505
f 3224 3223 3205
f 3224 3205 3207
v 978.136 -789.314 -21.462
f 3225 3222 3210
v 978.140 -789.125 -56.505
f 3226 3224 3207
f 3226 3207 3208
v 978.135 -789.343 -21.450
f 3227 3225 3210
v 978.140 -789.150 -56.503
f 3228 3226 3208
f 3228 3208 3211
v 978.134 -789.372 -21.437
f 3229 3227 3210
v 978.140 -789.175 -56.500
f 3230 3228 3211
f 3230 3211 3214
v 978.132 -789.404 -21.420
f 3231 3229 3210
v 978.139 -789.200 -56.496
f 3232 3230 3214
f 3232 3214 3216
v 978.118 -789.613 8.122
f 3233 3210 3212
v 978.139 -789.225 -56.490
f 3234 3232 3216
f 3234 3216 3218
v 978.130 -789.440 -21.399
f 3235 3231 3210
v 978.094 -789.842 43.122
f 3236 3233 3212
v 978.138 -789.250 -56.484
f 3237 3234 3218
f 3237 3218 3220
v 978.128 -789.476 -21.376
f 3238 3210 3233
f 3238 3235 3210
v 978.138 -789.275 -56.477
f 3239 3237 3220
f 3239 3220 3222
v 978.137 -789.299 -56.468
f 3240 3239 3222
f 3240 3222 3225
v 978.126 -789.515 -21.347
f 3241 3238 3233
v 978.136 -789.324 -56.458
f 3242 3240 3225
f 3242 3225 3227
v 978.122 -789.560 -21.312
f 3243 3241 3233
v 978.135 -789.349 -56.448
f 3244 3242 3227
f 3244 3227 3229
v 978.134 -789.374 -56.436
f 3245 3244 3229
v 978.119 -789.604 -21.273
f 3246 3243 3233
v 978.133 -789.399 -56.423
f 3247 3245 3229
f 3247 3229 3231
v 978.131 -789.424 -56.409
f 3248 3231 3235
f 3248 3247 3231
v 978.114 -789.653 -21.227
f 3249 3246 3233
v 978.130 -789.449 -56.393
f 3250 3235 3238
f 3250 3248 3235
v 978.128 -789.474 -56.377
f 3251 3250 3238
v 978.109 -789.707 -21.169
f 3252 3249 3233
v 978.127 -789.499 -56.360
f 3253 3238 3241
f 3253 3251 3238
v 978.085 -789.907 8.122
f 3254 3233 3236
v 978.125 -789.523 -56.341
f 3255 3253 3241
v 978.049 -790.138 43.122
f 3256 3254 3236
v 978.123 -789.548 -56.321
f 3257 3241 3243
f 3257 3255 3241
v 978.103 -789.767 -21.100
f 3258 3233 3254
f 3258 3252 3233
v 978.121 -789.581 -56.293
f 3259 3243 3246
f 3259 3257 3243
v 978.117 -789.619 -56.259
f 3260 3246 3249
f 3260 3259 3246
v 978.095 -789.834 -21.014
f 3261 3258 3254
v 978.114 -789.656 -56.223
f 3262 3260 3249
v 978.111 -789.693 -56.184
f 3263 3262 3249
f 3263 3249 3252
v 978.085 -789.906 -20.913
f 3264 3261 3254
v 978.107 -789.730 -56.143
f 3265 3263 3252
f 3265 3252 3258
v 978.103 -789.767 -56.099
f 3266 3265 3258
v 978.073 -789.995 -20.776
f 3267 3264 3254
v 978.097 -789.817 -56.037
f 3268 3266 3258
f 3268 3258 3261
v 978.038 -790.199 8.122
f 3269 3254 3256
v 977.990 -790.431 43.122
f 3270 3269 3256
v 978.090 -789.873 -55.962
f 3271 3268 3261
f 3271 3261 3264
v 978.057 -790.094 -20.606
f 3272 3267 3254
f 3272 3254 3269
v 978.082 -789.928 -55.881
f 3273 3271 3264
f 3273 3264 3267
v 978.074 -789.984 -55.794
f 3274 3273 3267
v 978.035 -790.215 -20.372
f 3275 3272 3269
v 978.063 -790.057 -55.670
f 3276 3274 3267
f 3276 3267 3272
v 977.976 -790.489 8.122
f 3277 3269 3270
v 978.049 -790.140 -55.519
f 3278 3276 3272
f 3278 3272 3275
v 977.916 -790.721 43.122
f 3279 3277 3270
v 978.005 -790.364 -20.046
f 3280 3275 3269
f 3280 3269 3277
v 978.033 -790.223 -55.355
f 3281 3278 3275
v 978.017 -790.306 -55.178
f 3282 3281 3275
f 3282 3275 3280
v 977.962 -790.547 -19.587
f 3283 3280 3277
v 977.901 -790.775 8.122
f 3284 3277 3279
f 3284 3283 3277
v 977.993 -790.415 -54.924
f 3285 3282 3280
f 3285 3280 3283
v 977.828 -791.007 43.122
f 3286 3284 3279
v 977.964 -790.538 -54.611
f 3287 3285 3283
v 977.904 -790.764 -18.956
f 3288 3283 3284
v 977.811 -791.056 8.122
f 3289 3284 3286
v 977.922 -790.701 -54.151
f 3290 3287 3283
f 3290 3283 3288
v 977.726 -791.288 43.122
f 3291 3289 3286
v 977.813 -791.051 -17.979
f 3292 3284 3289
f 3292 3288 3284
v 977.868 -790.882 -53.575
f 3293 3288 3292
f 3293 3290 3288
v 977.707 -791.334 8.122
f 3294 3289 3291
f 3294 3292 3289
v 977.609 -791.564 43.122
f 3295 3294 3291
v 977.809 -791.062 -52.938
f 3296 3293 3292
v 977.686 -791.387 -16.609
f 3297 3292 3294
v 977.590 -791.605 8.122
f 3298 3294 3295
f 3298 3297 3294
v 977.721 -791.298 -51.994
f 3299 3292 3297
f 3299 3296 3292
v 977.480 -791.833 43.122
f 3300 3298 3295
v 977.460 -791.871 8.122
f 3301 3298 3300
v 977.527 -791.737 -14.905
f 3301 3302 3298
v 977.611 -791.560 -50.805
f 3303 3299 3297
v 977.336 -792.096 43.122
f 3304 3301 3300
v 977.317 -792.130 8.122
f 3305 3301 3304
v 977.180 -792.351 43.122
f 3306 3305 3304
v 977.445 -791.900 -49.015
f 3307 3303 3302
v 977.335 -792.098 -12.831
f 3308 3301 3305
v 977.105 -792.465 -10.355
v 977.012 -792.598 43.122
f 3309 3306 3310
f 3309 3308 3305
f 3309 3305 3306
v 977.156 -792.388 -45.906
f 3311 3308 3309
f 3311 3307 3308
v 976.836 -792.831 -7.452
v 976.831 -792.837 43.122
f 3312 3310 3313
f 3312 3311 3309
f 3312 3309 3310
v 976.639 -793.066 43.122
f 3314 3312 3313
v 976.757 -792.928 -41.602
f 3315 3311 3312
v 976.525 -793.192 -4.104
f 3316 3312 3314
f 3316 3315 3312
v 976.435 -793.285 43.122
f 3316 3314 3317
v 976.172 -793.539 -0.304
f 3318 3316 3317
v 976.221 -793.494 43.122
v 975.997 -793.692 43.122
f 3318 3319 3320
f 3318 3317 3319
v 976.262 -793.456 -36.271
f 3321 3315 3316
f 3321 3316 3318
v 975.778 -793.868 3.944
v 975.763 -793.879 43.122
f 3322 3320 3323
f 3322 3318 3320
v 975.520 -794.053 43.122
f 3324 3322 3323
v 975.669 -793.949 -29.883
f 3325 3321 3318
f 3325 3318 3322
v 975.343 -794.169 8.622
v 975.269 -794.216 43.122
f 3326 3324 3327
v 975.010 -794.365 43.122
f 3328 3326 3327
v 974.872 -794.438 13.698
v 974.744 -794.502 43.122
f 3329 3328 3330
v 974.981 -794.381 -22.472
f 3331 3325 3326
v 974.368 -794.667 19.129
v 974.471 -794.625 43.122
f 3332 3330 3333
f 3332 3329 3330
f 3332 3331 3329
v 974.192 -794.734 43.122
f 3334 3332 3333
v 974.208 -794.728 -14.146
f 3335 3331 3332
v 973.621 -794.910 43.122
v 973.836 -794.851 24.858
v 973.909 -794.829 43.122
f 3336 3337 3338
v 973.367 -794.969 -5.090
f 3339 3335 3337
v 973.035 -795.029 43.122
v 973.283 -794.986 30.816
v 973.329 -794.977 43.122
f 3340 3341 3342
v 972.439 -795.088 43.122
v 972.714 -795.068 36.940
v 972.738 -795.066 43.122
f 3343 3344 3345
f 3126 3122 3121
f 3122 3126 3127
f 3122 3117 3115
f 3122 3115 3118
f 3117 3122 3120
f 3117 3111 3112
f 3111 3117 3114
v 976.398 -784.868 -2.735
f 3111 3346 3105
f 3346 3111 3107
f 3346 3108 3101
f 3346 3101 3103
f 3108 3346 3107
v 975.703 -784.268 4.744
f 3108 3347 3098
f 3347 3108 3100
f 3347 3093 3096
f 3093 3347 3100
f 3096 3098 3347
f 3098 3096 3097
f 3098 3101 3108
f 3101 3098 3099
f 3103 3105 3346
f 3105 3103 3104
v 972.140 -795.096 43.122
f 3348 3344 3343
v 972.757 -795.064 1.481
f 3344 3348 3349
v 972.140 -795.096 8.122
f 3349 3348 3350
f 3344 3341 3345
f 3345 3341 3340
f 3341 3344 3339
f 3339 3344 3349
f 3341 3337 3342
f 3342 3337 3336
f 3337 3341 3339
f 3337 3332 3338
f 3338 3332 3334
f 3332 3337 3335
f 3329 3326 3328
f 3326 3329 3331
f 3326 3322 3324
f 3322 3326 3325
f 3308 3302 3301
f 3302 3308 3307
f 3302 3297 3298
f 3297 3302 3303
f 3093 3084 3086
v 975.010 -783.827 43.122
f 3093 3086 3351
f 3093 3351 3094
f 3084 3077 3079
v 974.192 -783.458 43.122
f 3084 3079 3352
f 3084 3352 3085
f 3077 3067 3075
f 3077 3075 3078
v 972.140 -783.096 43.122
v 972.439 -783.103 43.122
f 3067 3353 3354
f 3067 3354 3068
v 969.313 -783.804 38.575
v 968.891 -784.052 43.122
v 969.135 -783.903 43.122
f 3355 3356 3357
v 969.386 -783.765 43.122
f 3358 3355 3357
v 969.643 -783.640 43.122
f 3359 3355 3358
v 969.754 -783.591 33.825
f 3360 3355 3359
v 969.906 -783.527 43.122
f 3361 3360 3359
v 970.231 -783.408 28.683
v 970.174 -783.427 43.122
v 970.447 -783.340 43.122
f 3362 3363 3364
f 3362 3361 3363
f 3362 3360 3361
v 970.731 -783.264 23.305
v 970.723 -783.266 43.122
v 971.003 -783.205 43.122
f 3365 3366 3367
f 3365 3364 3366
f 3365 3362 3364
v 971.247 -783.163 17.743
v 971.285 -783.157 43.122
v 971.569 -783.123 43.122
f 3368 3369 3370
f 3368 3367 3369
f 3368 3365 3367
v 971.692 -783.113 12.946
v 971.854 -783.103 43.122
f 3371 3370 3372
f 3371 3368 3370
v 972.140 -783.096 8.122
v 972.140 -783.096 43.122
f 3373 3372 3374
f 3373 3371 3372
v 972.426 -783.103 8.122
v 972.588 -783.113 38.298
f 3375 3374 3376
f 3375 3373 3374
v 972.712 -783.123 8.122
v 973.034 -783.163 33.500
f 3377 3376 3378
f 3377 3375 3376
v 972.996 -783.157 8.122
f 3379 3377 3378
v 973.278 -783.205 8.122
v 973.550 -783.264 27.939
f 3380 3378 3381
f 3380 3379 3378
v 973.558 -783.266 8.122
f 3382 3380 3381
v 973.834 -783.340 8.122
v 974.049 -783.408 22.560
f 3383 3381 3384
f 3383 3382 3381
v 974.106 -783.427 8.122
f 3385 3383 3384
v 974.374 -783.527 8.122
f 3386 3385 3384
v 974.527 -783.591 17.418
f 3387 3386 3384
v 974.637 -783.640 8.122
f 3388 3386 3387
v 974.968 -783.804 12.669
f 3389 3388 3387
v 974.895 -783.765 8.122
f 3389 3390 3388
v 975.146 -783.903 8.122
f 3391 3390 3389
v 975.390 -784.052 8.122
f 3392 3391 3389
v 972.140 -794.096 8.122
v 977.982 -790.467 8.122
v 977.906 -790.757 8.122
f 3393 3394 3395
v 977.816 -791.042 8.122
f 3393 3395 3396
v 977.711 -791.323 8.122
f 3393 3396 3397
v 977.593 -791.599 8.122
f 3393 3397 3398
v 977.462 -791.868 8.122
f 3393 3398 3399
v 977.317 -792.130 8.122
f 3393 3399 3400
v 966.234 -788.041 8.122
v 966.294 -787.748 8.122
f 3393 3401 3402
v 966.368 -787.458 8.122
f 3393 3402 3403
v 966.457 -787.171 8.122
f 3393 3403 3404
v 966.560 -786.890 8.122
f 3393 3404 3405
v 966.677 -786.615 8.122
f 3393 3405 3406
v 966.808 -786.345 8.122
f 3393 3406 3407
v 966.952 -786.082 8.122
f 3393 3407 3408
v 967.109 -785.827 8.122
f 3393 3408 3409
v 967.278 -785.580 8.122
f 3393 3409 3410
v 967.460 -785.342 8.122
f 3393 3410 3411
v 967.653 -785.113 8.122
f 3393 3411 3412
v 967.857 -784.894 8.122
f 3393 3412 3413
v 968.072 -784.685 8.122
f 3393 3413 3414
v 968.298 -784.488 8.122
f 3393 3414 3415
v 968.532 -784.302 8.122
f 3393 3415 3416
v 968.776 -784.128 8.122
f 3393 3416 3417
v 969.028 -783.966 8.122
f 3393 3417 3418
v 969.288 -783.817 8.122
f 3393 3418 3419
v 969.555 -783.681 8.122
f 3393 3419 3420
v 969.829 -783.559 8.122
f 3393 3420 3421
v 970.108 -783.451 8.122
f 3393 3421 3422
v 970.392 -783.356 8.122
f 3393 3422 3423
v 970.681 -783.276 8.122
f 3393 3423 3424
v 970.973 -783.211 8.122
f 3393 3424 3425
v 971.268 -783.160 8.122
f 3393 3425 3426
v 971.566 -783.123 8.122
f 3393 3426 3427
v 971.864 -783.102 8.122
f 3393 3427 3428
v 972.164 -783.096 8.122
f 3393 3428 3429
v 972.463 -783.105 8.122
f 3393 3429 3430
v 972.762 -783.128 8.122
f 3393 3430 3431
v 973.059 -783.167 8.122
f 3393 3431 3432
v 973.354 -783.220 8.122
f 3393 3432 3433
v 973.645 -783.288 8.122
f 3393 3433 3434
v 973.933 -783.370 8.122
f 3393 3434 3435
v 974.217 -783.467 8.122
f 3393 3435 3436
v 974.495 -783.577 8.122
f 3393 3436 3437
v 974.768 -783.702 8.122
f 3393 3437 3438
v 975.034 -783.840 8.122
f 3393 3438 3439
v 975.292 -783.991 8.122
f 3393 3439 3440
v 975.543 -784.154 8.122
f 3393 3440 3441
v 975.786 -784.330 8.122
f 3393 3441 3442
v 976.019 -784.518 8.122
f 3393 3442 3443
v 976.243 -784.717 8.122
f 3393 3443 3444
v 976.456 -784.928 8.122
f 3393 3444 3445
v 976.659 -785.148 8.122
f 3393 3445 3446
v 976.850 -785.379 8.122
f 3393 3446 3447
v 977.030 -785.618 8.122
f 3393 3447 3448
v 977.197 -785.867 8.122
f 3393 3448 3449
v 977.352 -786.123 8.122
f 3393 3449 3450
v 977.494 -786.387 8.122
f 3393 3450 3451
v 977.622 -786.657 8.122
f 3393 3451 3452
v 977.737 -786.934 8.122
f 3393 3452 3453
v 977.838 -787.216 8.122
f 3393 3453 3454
v 977.925 -787.503 8.122
f 3393 3454 3455
v 977.997 -787.794 8.122
f 3393 3455 3456
v 978.055 -788.087 8.122
f 3393 3456 3457
v 978.098 -788.384 8.122
f 3393 3457 3458
v 978.126 -788.682 8.122
f 3393 3458 3459
v 978.139 -788.981 8.122
f 3393 3459 3460
v 978.137 -789.281 8.122
f 3393 3460 3461
v 978.121 -789.580 8.122
f 3393 3461 3462
v 978.089 -789.878 8.122
f 3393 3462 3463
v 978.043 -790.174 8.122
f 3393 3463 3464
f 3393 3464 3394
v 966.188 -788.337 8.122
f 3465 3401 3393
v 966.158 -788.635 8.122
f 3466 3465 3393
v 966.142 -788.934 8.122
f 3467 3466 3393
v 972.140 -795.096 8.122
f 3468 3393 3400
v 966.142 -789.234 8.122
f 3469 3467 3393
v 971.841 -795.088 8.122
f 3470 3393 3468
v 966.156 -789.533 8.122
f 3471 3469 3393
v 971.542 -795.066 8.122
f 3472 3393 3470
v 966.186 -789.831 8.122
f 3473 3471 3393
v 971.245 -795.029 8.122
f 3474 3393 3472
v 966.230 -790.127 8.122
f 3475 3473 3393
v 970.950 -794.977 8.122
f 3476 3393 3474
v 966.289 -790.421 8.122
f 3477 3475 3393
v 970.658 -794.910 8.122
f 3478 3393 3476
v 966.362 -790.712 8.122
f 3479 3477 3393
v 970.370 -794.829 8.122
f 3480 3393 3478
v 966.450 -790.998 8.122
f 3481 3479 3393
v 970.086 -794.733 8.122
f 3482 3393 3480
v 966.552 -791.280 8.122
f 3483 3481 3393
v 969.807 -794.624 8.122
f 3484 3393 3482
v 966.668 -791.556 8.122
f 3485 3483 3393
v 969.534 -794.500 8.122
f 3486 3393 3484
v 966.797 -791.826 8.122
f 3487 3485 3393
v 969.267 -794.363 8.122
f 3488 3393 3486
v 966.940 -792.089 8.122
f 3489 3487 3393
v 969.008 -794.213 8.122
f 3490 3393 3488
v 967.096 -792.345 8.122
f 3491 3489 3393
v 968.757 -794.051 8.122
f 3492 3393 3490
v 967.265 -792.593 8.122
f 3493 3491 3393
v 968.514 -793.876 8.122
f 3494 3393 3492
v 967.445 -792.832 8.122
f 3495 3493 3393
v 968.280 -793.689 8.122
f 3496 3393 3494
v 967.637 -793.061 8.122
f 3497 3495 3393
v 968.055 -793.490 8.122
f 3498 3393 3496
v 967.841 -793.281 8.122
f 3499 3497 3393
f 3499 3393 3498
v 966.140 -789.116 72.748
v 966.140 -789.096 72.749
v 966.141 -789.042 72.746
f 3500 3501 3502
v 966.140 -789.137 72.747
f 3503 3500 3502
v 966.141 -789.161 72.745
v 966.141 -789.015 72.743
f 3504 3502 3505
f 3504 3503 3502
v 966.141 -789.185 72.742
v 966.141 -788.987 72.738
f 3506 3505 3507
f 3506 3504 3505
v 966.141 -789.208 72.737
v 966.142 -788.960 72.732
f 3508 3507 3509
f 3508 3506 3507
v 966.142 -789.235 72.731
v 966.143 -788.932 72.725
f 3510 3509 3511
f 3510 3508 3509
v 966.143 -789.264 72.723
v 966.143 -788.905 72.716
f 3512 3511 3513
f 3512 3510 3511
v 966.144 -789.294 72.714
v 966.144 -788.878 72.706
f 3514 3513 3515
f 3514 3512 3513
v 966.145 -789.323 72.702
v 966.145 -788.850 72.695
f 3516 3515 3517
f 3516 3514 3515
v 966.146 -789.352 72.690
v 966.147 -788.823 72.682
f 3518 3517 3519
f 3518 3516 3517
v 966.147 -789.382 72.675
v 966.148 -788.795 72.668
f 3520 3519 3521
f 3520 3518 3519
v 966.149 -789.414 72.658
v 966.149 -788.768 72.652
f 3522 3521 3523
f 3522 3520 3521
v 966.151 -789.451 72.636
v 966.151 -788.740 72.635
f 3524 3523 3525
v 966.153 -788.713 72.617
f 3524 3525 3526
f 3524 3522 3523
v 966.153 -789.487 72.611
v 966.154 -788.685 72.597
f 3527 3526 3528
f 3527 3524 3526
v 966.156 -789.527 72.582
f 3529 3527 3528
v 966.156 -788.658 72.576
f 3529 3528 3530
v 966.158 -788.630 72.554
f 3529 3530 3531
v 966.159 -789.572 72.545
v 966.161 -788.603 72.530
f 3532 3531 3533
f 3532 3529 3531
v 966.163 -789.617 72.505
v 966.164 -788.566 72.497
f 3534 3533 3535
f 3534 3532 3533
v 966.167 -789.666 72.456
v 966.167 -788.525 72.456
f 3536 3535 3537
v 966.172 -788.484 72.412
f 3536 3537 3538
f 3536 3534 3535
v 966.173 -789.721 72.397
v 966.176 -788.443 72.365
f 3539 3538 3540
f 3539 3536 3538
v 966.179 -789.781 72.326
v 966.181 -788.402 72.315
f 3541 3540 3542
v 966.185 -788.361 72.263
f 3541 3542 3543
f 3541 3539 3540
v 966.188 -789.854 72.231
f 3544 3541 3543
v 966.192 -788.307 72.187
f 3544 3543 3545
v 966.199 -789.935 72.113
v 966.201 -788.245 72.096
f 3546 3545 3547
v 966.210 -788.184 71.998
f 3546 3547 3548
f 3546 3544 3545
v 966.213 -790.025 71.969
v 966.220 -788.123 71.894
f 3549 3548 3550
f 3549 3546 3548
v 966.229 -790.125 71.791
f 3551 3549 3550
v 966.234 -788.042 71.744
f 3551 3550 3552
v 966.252 -790.248 71.546
v 966.251 -787.950 71.560
f 3553 3552 3554
v 966.269 -787.859 71.362
f 3553 3554 3555
f 3553 3551 3552
v 966.284 -790.399 71.206
v 966.296 -787.739 71.074
f 3556 3555 3557
f 3556 3553 3555
v 966.327 -790.579 70.743
f 3558 3556 3557
v 966.329 -787.603 70.717
f 3558 3557 3559
v 966.365 -787.469 70.327
f 3558 3559 3560
v 966.392 -790.817 70.032
v 966.418 -787.291 69.755
f 3561 3560 3562
f 3561 3558 3560
v 966.499 -791.139 68.888
f 3563 3561 3562
v 966.484 -787.093 69.041
f 3563 3562 3564
v 966.584 -786.833 67.975
f 3563 3564 3565
v 966.655 -791.526 67.208
f 3566 3563 3565
v 966.709 -786.546 66.621
f 3566 3565 3567
v 966.852 -791.931 65.081
f 3568 3566 3567
v 966.900 -786.174 64.568
f 3568 3567 3569
v 967.096 -792.345 62.454
f 3570 3568 3569
v 967.165 -785.742 61.708
f 3570 3569 3571
v 967.390 -792.761 59.289
f 3572 3570 3571
v 967.488 -785.306 58.228
f 3572 3571 3573
v 967.736 -793.171 55.556
f 3574 3572 3573
v 967.873 -784.878 54.087
f 3574 3573 3575
v 968.137 -793.565 51.244
f 3576 3574 3575
v 968.321 -784.469 49.265
f 3576 3575 3577
v 968.590 -793.933 46.360
f 3578 3576 3577
v 968.831 -784.091 43.770
f 3578 3577 3579
v 969.094 -794.265 40.933
v 969.400 -783.758 37.636
f 3580 3579 3581
f 3580 3578 3579
v 969.644 -794.552 35.015
v 970.023 -783.482 30.929
f 3582 3581 3583
f 3582 3580 3581
v 970.232 -794.784 28.678
v 970.689 -783.274 23.749
f 3584 3583 3585
f 3584 3582 3583
v 970.851 -794.956 22.013
v 971.388 -783.143 16.221
f 3586 3585 3587
f 3586 3584 3585
v 971.492 -795.061 15.108
f 3588 3586 3587
v 972.140 -794.096 8.122
v 972.106 -783.096 8.495
f 3589 3587 3590
v 972.754 -783.127 1.506
f 3589 3590 3591
f 3589 3588 3587
v 972.140 -795.096 8.122
f 3592 3588 3589
v 972.540 -795.083 3.819
f 3593 3592 3589
f 3593 3589 3591
v 972.937 -795.043 -0.464
v 973.394 -783.228 -5.387
f 3594 3591 3595
f 3594 3593 3591
v 973.635 -794.907 -7.974
v 974.015 -783.396 -12.067
f 3596 3595 3597
f 3596 3594 3595
v 974.299 -794.694 -15.128
v 974.605 -783.625 -18.425
f 3598 3597 3599
f 3598 3596 3597
v 974.918 -794.414 -21.800
v 975.157 -783.909 -24.369
f 3600 3599 3601
f 3600 3598 3599
v 975.484 -794.078 -27.896
v 975.663 -784.239 -29.825
f 3602 3601 3603
f 3602 3600 3601
v 975.990 -793.698 -33.349
v 976.120 -784.605 -34.740
f 3604 3603 3605
f 3604 3602 3603
v 976.434 -793.287 -38.127
v 976.523 -784.998 -39.085
f 3606 3605 3607
f 3606 3604 3605
v 976.814 -792.858 -42.225
v 976.873 -785.407 -42.850
f 3608 3607 3609
f 3608 3606 3607
v 977.134 -792.422 -45.664
f 3610 3608 3609
v 977.169 -785.824 -46.047
f 3610 3609 3611
v 977.396 -791.991 -48.486
f 3612 3610 3611
v 977.416 -786.238 -48.703
f 3612 3611 3613
v 977.583 -791.622 -50.500
f 3614 3612 3613
v 977.616 -786.643 -50.858
f 3614 3613 3615
v 977.706 -791.337 -51.828
f 3616 3614 3615
v 977.774 -787.032 -52.561
f 3616 3615 3617
v 977.803 -791.079 -52.873
f 3618 3616 3617
v 977.884 -787.362 -53.749
f 3618 3617 3619
v 977.868 -790.883 -53.573
f 3620 3618 3619
v 977.920 -790.706 -54.134
f 3621 3620 3619
v 977.948 -787.589 -54.433
f 3621 3619 3622
v 977.956 -790.573 -54.516
f 3623 3621 3622
v 977.994 -787.779 -54.930
f 3623 3622 3624
v 977.988 -790.439 -54.865
f 3625 3623 3624
v 978.014 -790.319 -55.147
f 3626 3625 3624
v 978.028 -787.939 -55.292
f 3626 3624 3627
v 978.032 -790.229 -55.342
f 3628 3626 3627
v 978.052 -788.069 -55.552
f 3628 3627 3629
v 978.140 -789.120 -56.505
v 978.140 -789.066 -56.504
v 978.140 -789.093 -56.505
f 3630 3631 3632
v 978.140 -789.148 -56.503
v 978.140 -789.039 -56.502
f 3633 3634 3631
f 3633 3631 3630
v 978.049 -790.139 -55.521
f 3635 3628 3629
v 978.140 -789.175 -56.500
v 978.140 -789.012 -56.499
f 3636 3637 3634
f 3636 3634 3633
v 978.139 -789.202 -56.495
v 978.139 -788.984 -56.494
f 3638 3639 3637
f 3638 3637 3636
v 978.139 -789.229 -56.489
v 978.139 -788.957 -56.488
f 3640 3641 3639
f 3640 3639 3638
v 978.063 -790.058 -55.669
v 978.069 -788.175 -55.739
f 3642 3629 3643
f 3642 3635 3629
v 978.138 -789.257 -56.482
v 978.138 -788.930 -56.481
f 3644 3645 3641
f 3644 3641 3640
v 978.137 -789.284 -56.474
f 3646 3645 3644
v 978.137 -788.903 -56.472
f 3646 3647 3645
v 978.072 -789.998 -55.771
v 978.082 -788.261 -55.876
f 3648 3643 3649
f 3648 3642 3643
v 978.136 -789.311 -56.464
f 3650 3647 3646
v 978.136 -788.875 -56.462
f 3650 3651 3647
v 978.135 -789.338 -56.453
f 3652 3651 3650
v 978.135 -788.845 -56.449
f 3652 3653 3651
v 978.081 -789.937 -55.867
f 3654 3648 3649
v 978.134 -789.366 -56.440
f 3655 3653 3652
v 978.134 -788.812 -56.433
f 3655 3656 3653
v 978.133 -789.393 -56.426
f 3657 3656 3655
v 978.132 -788.778 -56.415
f 3657 3658 3656
v 978.089 -789.876 -55.956
v 978.092 -788.338 -55.988
f 3659 3649 3660
f 3659 3654 3649
v 978.132 -789.420 -56.411
f 3661 3658 3657
v 978.130 -788.744 -56.394
f 3661 3662 3658
v 978.130 -789.447 -56.394
f 3663 3662 3661
v 978.096 -789.822 -56.030
f 3664 3659 3660
v 978.101 -788.408 -56.079
f 3664 3660 3665
v 978.128 -789.474 -56.377
f 3666 3662 3663
v 978.128 -788.707 -56.370
f 3666 3667 3662
v 978.127 -789.501 -56.357
f 3668 3667 3666
v 978.125 -788.666 -56.339
f 3668 3669 3667
v 978.101 -789.782 -56.082
f 3670 3664 3665
v 978.125 -789.529 -56.337
f 3671 3669 3668
v 978.105 -789.741 -56.130
f 3672 3670 3665
v 978.108 -788.471 -56.153
f 3672 3665 3673
v 978.123 -789.556 -56.315
f 3674 3669 3671
v 978.122 -788.624 -56.305
f 3674 3675 3669
v 978.120 -789.583 -56.292
f 3676 3675 3674
v 978.118 -788.578 -56.264
f 3676 3677 3675
v 978.110 -789.700 -56.176
f 3678 3672 3673
v 978.113 -788.527 -56.214
f 3678 3673 3679
v 978.117 -789.619 -56.259
f 3680 3677 3676
f 3680 3679 3677
v 978.114 -789.660 -56.219
f 3681 3678 3679
f 3681 3679 3680
v 966.687 -791.599 43.122
v 966.569 -791.323 43.122
v 966.819 -791.868 43.122
f 3682 3683 3684
v 966.375 -790.757 43.122
v 966.299 -790.467 43.122
v 966.465 -791.042 43.122
f 3685 3686 3687
f 3687 3686 3683
v 966.191 -789.878 43.122
v 966.160 -789.580 43.122
v 966.238 -790.174 43.122
f 3688 3689 3690
v 966.964 -792.130 43.122
v 972.140 -795.096 43.122
v 972.140 -795.596 43.122
f 3691 3692 3693
v 966.141 -788.981 43.122
f 3689 3694 3690
v 966.143 -789.281 43.122
f 3695 3694 3689
v 972.440 -795.088 43.122
f 3692 3696 3693
f 3691 3696 3692
v 972.738 -795.066 43.122
f 3696 3697 3693
v 966.155 -788.682 43.122
v 966.183 -788.384 43.122
f 3698 3699 3694
v 973.036 -795.029 43.122
f 3696 3700 3697
f 3684 3700 3691
f 3683 3700 3684
f 3691 3700 3696
f 3697 3700 3693
v 966.226 -788.087 43.122
f 3699 3701 3694
v 973.331 -794.977 43.122
f 3683 3702 3700
f 3700 3702 3693
v 973.623 -794.910 43.122
f 3702 3703 3693
v 973.911 -794.829 43.122
f 3703 3704 3693
v 966.356 -787.503 43.122
v 966.442 -787.216 43.122
v 966.283 -787.794 43.122
f 3705 3706 3707
f 3707 3706 3701
v 974.195 -794.733 43.122
f 3703 3708 3704
f 3704 3708 3693
v 974.747 -794.500 43.122
f 3702 3709 3703
v 974.474 -794.624 43.122
f 3708 3709 3710
f 3703 3709 3708
v 966.787 -786.387 43.122
v 966.929 -786.123 43.122
v 966.658 -786.657 43.122
f 3711 3712 3713
v 966.543 -786.934 43.122
f 3713 3712 3714
v 967.083 -785.867 43.122
f 3712 3715 3714
f 3714 3715 3706
v 975.524 -794.051 43.122
v 976.225 -793.490 43.122
v 975.767 -793.876 43.122
f 3716 3717 3718
v 976.001 -793.689 43.122
f 3718 3717 3719
v 967.622 -785.148 43.122
v 967.825 -784.928 43.122
v 967.431 -785.379 43.122
f 3720 3721 3722
v 975.272 -794.213 43.122
v 976.643 -793.061 43.122
f 3723 3724 3716
v 976.440 -793.281 43.122
f 3717 3724 3725
f 3716 3724 3717
v 976.835 -792.832 43.122
v 975.013 -794.363 43.122
f 3709 3726 3727
f 3727 3726 3723
f 3702 3726 3709
f 3723 3726 3724
v 968.262 -784.518 43.122
v 968.495 -784.330 43.122
v 968.038 -784.717 43.122
f 3728 3729 3730
f 3730 3729 3721
f 3721 3729 3722
v 968.737 -784.154 43.122
v 967.251 -785.618 43.122
f 3722 3731 3732
f 3732 3731 3715
f 3729 3731 3722
v 977.184 -792.345 43.122
v 977.016 -792.593 43.122
f 3726 3733 3734
v 977.340 -792.089 43.122
f 3683 3735 3702
f 3702 3735 3726
f 3726 3735 3733
v 968.988 -783.991 43.122
v 969.247 -783.840 43.122
f 3736 3737 3731
v 977.613 -791.556 43.122
v 977.483 -791.826 43.122
f 3735 3738 3739
v 969.785 -783.577 43.122
v 970.064 -783.467 43.122
v 969.513 -783.702 43.122
f 3740 3741 3742
f 3742 3741 3737
v 977.919 -790.712 43.122
v 977.729 -791.280 43.122
f 3738 3743 3744
v 977.831 -790.998 43.122
f 3744 3743 3745
v 970.347 -783.370 43.122
v 970.635 -783.288 43.122
f 3746 3747 3741
v 977.992 -790.421 43.122
f 3686 3748 3683
f 3683 3748 3735
f 3735 3748 3738
f 3738 3748 3743
f 3690 3748 3686
v 970.927 -783.220 43.122
f 3737 3749 3731
f 3741 3749 3737
f 3747 3749 3741
v 971.222 -783.167 43.122
v 971.519 -783.128 43.122
f 3750 3751 3749
v 978.051 -790.127 43.122
v 978.124 -789.533 43.122
v 978.095 -789.831 43.122
f 3752 3753 3754
v 971.817 -783.105 43.122
f 3749 3755 3731
f 3751 3755 3749
v 978.139 -789.234 43.122
f 3690 3756 3748
f 3748 3756 3752
f 3694 3756 3690
f 3752 3756 3753
f 3701 3756 3694
v 972.117 -783.096 43.122
v 972.416 -783.102 43.122
f 3757 3758 3755
v 978.123 -788.635 43.122
v 978.138 -788.934 43.122
f 3756 3759 3760
v 972.715 -783.123 43.122
f 3758 3761 3755
v 978.047 -788.041 43.122
v 978.092 -788.337 43.122
f 3759 3762 3763
v 973.012 -783.160 43.122
v 973.308 -783.211 43.122
f 3764 3765 3761
v 977.987 -787.748 43.122
f 3756 3766 3759
f 3759 3766 3762
v 977.912 -787.458 43.122
f 3701 3767 3756
f 3706 3767 3701
f 3756 3767 3766
f 3715 3767 3706
v 973.600 -783.276 43.122
v 973.888 -783.356 43.122
f 3768 3769 3765
f 3761 3769 3755
f 3765 3769 3761
v 974.173 -783.451 43.122
v 974.452 -783.559 43.122
f 3770 3771 3769
f 3769 3771 3755
v 977.603 -786.615 43.122
v 977.823 -787.171 43.122
f 3767 3772 3773
v 977.720 -786.890 43.122
f 3773 3772 3774
v 977.329 -786.082 43.122
v 977.473 -786.345 43.122
f 3772 3775 3776
v 974.992 -783.817 43.122
v 975.252 -783.966 43.122
v 974.725 -783.681 43.122
f 3777 3778 3779
f 3779 3778 3771
v 975.504 -784.128 43.122
f 3778 3780 3771
f 3771 3780 3755
v 977.002 -785.580 43.122
v 977.172 -785.827 43.122
f 3775 3781 3782
f 3715 3781 3767
f 3767 3781 3772
f 3772 3781 3775
v 975.748 -784.302 43.122
v 975.983 -784.488 43.122
f 3783 3784 3780
v 976.628 -785.113 43.122
f 3780 3785 3755
v 976.821 -785.342 43.122
f 3781 3785 3786
f 3755 3785 3731
f 3715 3785 3781
f 3731 3785 3715
v 976.423 -784.894 43.122
f 3784 3787 3780
f 3780 3787 3785
v 976.208 -784.685 43.122
f 3788 3787 3784
o solid_9
v 9277.098 590.197 182.191
v 9277.089 590.197 182.565
v 9277.089 595.197 182.565
f 3789 3790 3791
v 9277.098 595.197 182.191
v 9277.126 595.197 181.818
f 3789 3792 3793
f 3789 3791 3792
v 9277.126 590.197 181.818
f 3794 3789 3793
v 9277.172 595.197 181.447
f 3794 3793 3795
v 9277.172 590.197 181.447
f 3796 3794 3795
v 9277.237 590.197 181.079
f 3797 3796 3795
v 9277.237 595.197 181.079
f 3797 3795 3798
v 9277.321 590.197 180.714
f 3799 3797 3798
v 9277.321 595.197 180.714
f 3799 3798 3800
v 9277.422 590.197 180.354
v 9277.422 595.197 180.354
f 3801 3800 3802
f 3801 3799 3800
v 9277.541 590.197 180.000
v 9277.541 595.197 180.000
v 9277.678 595.197 179.652
f 3803 3804 3805
f 3803 3802 3804
f 3803 3801 3802
v 9277.678 590.197 179.652
f 3806 3803 3805
v 9277.831 590.197 179.311
v 9277.831 595.197 179.311
f 3807 3805 3808
f 3807 3806 3805
v 9278.002 590.197 178.978
v 9278.002 595.197 178.978
v 9278.189 595.197 178.654
f 3809 3810 3811
f 3809 3808 3810
f 3809 3807 3808
v 9278.189 590.197 178.654
f 3812 3809 3811
v 9278.392 590.197 178.340
v 9278.392 595.197 178.340
v 9278.610 595.197 178.036
f 3813 3814 3815
f 3813 3811 3814
f 3813 3812 3811
v 9278.610 590.197 178.036
f 3816 3813 3815
v 9278.843 590.197 177.744
v 9278.843 595.197 177.744
f 3817 3815 3818
f 3817 3816 3815
v 9279.091 590.197 177.464
v 9279.091 595.197 177.464
v 9279.352 595.197 177.196
f 3819 3820 3821
f 3819 3818 3820
f 3819 3817 3818
v 9279.352 590.197 177.196
f 3822 3819 3821
v 9279.626 590.197 176.942
f 3823 3822 3821
v 9279.626 595.197 176.942
f 3823 3821 3824
v 9279.912 590.197 176.701
f 3825 3823 3824
v 9279.912 595.197 176.701
v 9280.211 595.197 176.475
f 3825 3826 3827
f 3825 3824 3826
v 9280.211 590.197 176.475
f 3828 3825 3827
v 9280.520 590.197 176.265
f 3829 3828 3827
v 9280.520 595.197 176.265
v 9280.839 595.197 176.070
f 3829 3830 3831
f 3829 3827 3830
v 9280.839 590.197 176.070
f 3832 3829 3831
v 9281.167 595.197 175.891
f 3832 3831 3833
v 9281.167 590.197 175.891
f 3834 3832 3833
v 9281.504 590.197 175.729
f 3835 3834 3833
v 9281.504 595.197 175.729
f 3835 3833 3836
v 9281.849 590.197 175.583
f 3837 3835 3836
v 9281.849 595.197 175.583
v 9282.200 595.197 175.456
f 3837 3838 3839
f 3837 3836 3838
v 9282.200 590.197 175.456
f 3840 3837 3839
v 9282.557 595.197 175.345
f 3840 3839 3841
v 9282.557 590.197 175.345
f 3842 3840 3841
v 9282.920 590.197 175.253
v 9282.920 595.197 175.253
f 3843 3841 3844
f 3843 3842 3841
v 9283.286 590.197 175.179
v 9283.286 595.197 175.179
f 3845 3844 3846
f 3845 3843 3844
v 9283.656 590.197 175.123
v 9283.656 595.197 175.123
f 3847 3846 3848
f 3847 3845 3846
v 9284.028 590.197 175.086
v 9284.028 595.197 175.086
f 3849 3848 3850
f 3849 3847 3848
v 9284.402 590.197 175.067
v 9284.402 595.197 175.067
f 3851 3850 3852
f 3851 3849 3850
v 9284.776 590.197 175.067
v 9284.776 595.197 175.067
f 3853 3852 3854
f 3853 3851 3852
v 9285.149 590.197 175.086
v 9285.149 595.197 175.086
f 3855 3854 3856
f 3855 3853 3854
v 9285.521 590.197 175.123
v 9285.521 595.197 175.123
v 9285.891 595.197 175.179
f 3857 3858 3859
f 3857 3856 3858
f 3857 3855 3856
v 9285.891 590.197 175.179
f 3860 3857 3859
v 9286.258 590.197 175.253
v 9286.258 595.197 175.253
v 9286.620 595.197 175.345
f 3861 3862 3863
f 3861 3859 3862
f 3861 3860 3859
v 9286.620 590.197 175.345
f 3864 3861 3863
v 9286.977 590.197 175.456
v 9286.977 595.197 175.456
f 3865 3863 3866
f 3865 3864 3863
v 9287.329 590.197 175.583
v 9287.329 595.197 175.583
f 3867 3866 3868
f 3867 3865 3866
v 9287.673 590.197 175.729
v 9287.673 595.197 175.729
f 3869 3868 3870
f 3869 3867 3868
v 9288.010 590.197 175.891
v 9288.010 595.197 175.891
f 3871 3870 3872
f 3871 3869 3870
v 9288.339 590.197 176.070
v 9288.339 595.197 176.070
v 9288.658 595.197 176.265
f 3873 3874 3875
f 3873 3872 3874
f 3873 3871 3872
v 9288.658 590.197 176.265
f 3876 3873 3875
v 9288.967 595.197 176.475
f 3876 3875 3877
v 9288.967 590.197 176.475
f 3878 3876 3877
v 9289.265 590.197 176.701
f 3879 3878 3877
v 9289.265 595.197 176.701
v 9289.551 595.197 176.942
f 3879 3880 3881
f 3879 3877 3880
v 9289.551 590.197 176.942
f 3882 3879 3881
v 9289.825 590.197 177.196
f 3883 3882 3881
v 9289.825 595.197 177.196
f 3883 3881 3884
v 9290.087 590.197 177.464
f 3885 3883 3884
v 9290.087 595.197 177.464
f 3885 3884 3886
v 9290.334 590.197 177.744
v 9290.334 595.197 177.744
f 3887 3886 3888
f 3887 3885 3886
v 9290.567 590.197 178.036
v 9290.567 595.197 178.036
v 9290.785 595.197 178.340
f 3889 3890 3891
f 3889 3888 3890
f 3889 3887 3888
v 9290.785 590.197 178.340
f 3892 3889 3891
v 9290.988 590.197 178.654
v 9290.988 595.197 178.654
f 3893 3891 3894
f 3893 3892 3891
v 9291.175 590.197 178.978
v 9291.175 595.197 178.978
f 3895 3894 3896
f 3895 3893 3894
v 9291.346 590.197 179.311
v 9291.346 595.197 179.311
f 3897 3896 3898
f 3897 3895 3896
v 9291.500 590.197 179.652
v 9291.500 595.197 179.652
v 9291.636 595.197 180.000
f 3899 3900 3901
f 3899 3898 3900
f 3899 3897 3898
v 9291.636 590.197 180.000
f 3902 3899 3901
v 9291.755 590.197 180.354
v 9291.755 595.197 180.354
f 3903 3901 3904
f 3903 3902 3901
v 9291.857 590.197 180.714
v 9291.857 595.197 180.714
f 3905 3904 3906
f 3905 3903 3904
v 9291.940 590.197 181.079
v 9291.940 595.197 181.079
f 3907 3906 3908
f 3907 3905 3906
v 9292.005 590.197 181.447
v 9292.005 595.197 181.447
f 3909 3908 3910
f 3909 3907 3908
v 9292.051 590.197 181.818
v 9292.051 595.197 181.818
f 3911 3910 3912
f 3911 3909 3910
v 9292.079 590.197 182.191
v 9292.079 595.197 182.191
v 9292.089 595.197 182.565
f 3913 3914 3915
f 3913 3912 3914
f 3913 3911 3912
v 9292.089 590.197 182.565
f 3916 3913 3915
v 9292.089 590.197 187.565
v 9292.089 595.197 187.565
f 3917 3915 3918
f 3916 3915 3917
v 9292.079 595.197 187.939
f 3917 3918 3919
v 9292.079 590.197 187.939
f 3920 3917 3919
v 9292.051 590.197 188.312
f 3921 3920 3919
v 9292.051 595.197 188.312
f 3921 3919 3922
v 9292.005 590.197 188.683
f 3923 3921 3922
v 9292.005 595.197 188.683
f 3923 3922 3924
v 9291.940 590.197 189.051
f 3925 3923 3924
v 9291.940 595.197 189.051
v 9291.857 595.197 189.416
f 3925 3926 3927
f 3925 3924 3926
v 9291.857 590.197 189.416
f 3928 3925 3927
v 9291.755 590.197 189.776
f 3929 3928 3927
v 9291.755 595.197 189.776
v 9291.636 595.197 190.130
f 3929 3930 3931
f 3929 3927 3930
v 9291.636 590.197 190.130
f 3932 3929 3931
v 9291.500 590.197 190.478
v 9291.500 595.197 190.478
v 9291.346 595.197 190.819
f 3933 3934 3935
f 3933 3931 3934
f 3933 3932 3931
v 9291.346 590.197 190.819
f 3936 3933 3935
v 9291.175 590.197 191.152
v 9291.175 595.197 191.152
f 3937 3935 3938
f 3937 3936 3935
v 9290.988 590.197 191.476
v 9290.988 595.197 191.476
f 3939 3938 3940
f 3939 3937 3938
v 9290.785 590.197 191.790
v 9290.785 595.197 191.790
f 3941 3940 3942
f 3941 3939 3940
v 9290.567 590.197 192.094
v 9290.567 595.197 192.094
f 3943 3942 3944
f 3943 3941 3942
v 9290.334 590.197 192.386
v 9290.334 595.197 192.386
f 3945 3944 3946
f 3945 3943 3944
v 9290.087 590.197 192.666
v 9290.087 595.197 192.666
f 3947 3946 3948
f 3947 3945 3946
v 9289.825 590.197 192.934
v 9289.825 595.197 192.934
f 3949 3948 3950
f 3949 3947 3948
v 9289.551 590.197 193.188
v 9289.551 595.197 193.188
f 3951 3950 3952
f 3951 3949 3950
v 9289.265 590.197 193.429
f 3953 3951 3952
v 9289.265 595.197 193.429
f 3953 3952 3954
v 9288.967 590.197 193.655
f 3955 3953 3954
v 9288.967 595.197 193.655
f 3955 3954 3956
v 9288.658 590.197 193.865
f 3957 3955 3956
v 9288.658 595.197 193.865
f 3957 3956 3958
v 9288.339 590.197 194.060
f 3959 3957 3958
v 9288.339 595.197 194.060
f 3959 3958 3960
v 9288.010 590.197 194.239
f 3961 3959 3960
v 9288.010 595.197 194.239
v 9287.673 595.197 194.401
f 3961 3962 3963
f 3961 3960 3962
v 9287.673 590.197 194.401
f 3964 3961 3963
v 9287.329 595.197 194.547
f 3964 3963 3965
v 9287.329 590.197 194.547
f 3966 3964 3965
v 9286.977 595.197 194.674
f 3966 3965 3967
v 9286.977 590.197 194.674
f 3968 3966 3967
v 9286.620 590.197 194.785
f 3969 3968 3967
v 9286.620 595.197 194.785
f 3969 3967 3970
v 9286.258 590.197 194.877
v 9286.258 595.197 194.877
v 9285.891 595.197 194.951
f 3971 3972 3973
f 3971 3970 3972
f 3971 3969 3970
v 9285.891 590.197 194.951
f 3974 3971 3973
v 9285.521 595.197 195.007
f 3974 3973 3975
v 9285.521 590.197 195.007
f 3976 3974 3975
v 9285.149 590.197 195.044
v 9285.149 595.197 195.044
v 9284.776 595.197 195.063
f 3977 3978 3979
f 3977 3975 3978
f 3977 3976 3975
v 9284.776 590.197 195.063
v 9284.402 595.197 195.063
f 3980 3979 3981
f 3980 3977 3979
v 9284.402 590.197 195.063
f 3982 3980 3981
v 9284.028 590.197 195.044
v 9284.028 595.197 195.044
v 9283.656 595.197 195.007
f 3983 3984 3985
f 3983 3981 3984
f 3983 3982 3981
v 9283.656 590.197 195.007
f 3986 3983 3985
v 9283.286 590.197 194.951
v 9283.286 595.197 194.951
f 3987 3985 3988
f 3987 3986 3985
v 9282.920 590.197 194.877
v 9282.920 595.197 194.877
f 3989 3988 3990
f 3989 3987 3988
v 9282.557 590.197 194.785
v 9282.557 595.197 194.785
f 3991 3990 3992
f 3991 3989 3990
v 9282.200 590.197 194.674
v 9282.200 595.197 194.674
f 3993 3992 3994
f 3993 3991 3992
v 9281.849 590.197 194.547
v 9281.849 595.197 194.547
f 3995 3994 3996
f 3995 3993 3994
v 9281.504 590.197 194.401
v 9281.504 595.197 194.401
f 3997 3996 3998
f 3997 3995 3996
v 9281.167 590.197 194.239
v 9281.167 595.197 194.239
f 3999 3998 4000
f 3999 3997 3998
v 9280.839 590.197 194.060
v 9280.839 595.197 194.060
f 4001 4000 4002
f 4001 3999 4000
v 9280.520 590.197 193.865
f 4003 4001 4002
v 9280.520 595.197 193.865
f 4003 4002 4004
v 9280.211 590.197 193.655
f 4005 4003 4004
v 9280.211 595.197 193.655
f 4005 4004 4006
v 9279.912 590.197 193.429
f 4007 4005 4006
v 9279.912 595.197 193.429
v 9279.626 595.197 193.188
f 4007 4008 4009
f 4007 4006 4008
v 9279.626 590.197 193.188
f 4010 4007 4009
v 9279.352 590.197 192.934
v 9279.352 595.197 192.934
v 9279.091 595.197 192.666
f 4011 4012 4013
f 4011 4009 4012
f 4011 4010 4009
v 9279.091 590.197 192.666
f 4014 4011 4013
v 9278.843 590.197 192.386
v 9278.843 595.197 192.386
f 4015 4013 4016
f 4015 4014 4013
v 9278.610 590.197 192.094
v 9278.610 595.197 192.094
f 4017 4016 4018
f 4017 4015 4016
v 9278.392 590.197 191.790
v 9278.392 595.197 191.790
f 4019 4018 4020
f 4019 4017 4018
v 9278.189 590.197 191.476
v 9278.189 595.197 191.476
f 4021 4020 4022
f 4021 4019 4020
v 9278.002 590.197 191.152
v 9278.002 595.197 191.152
f 4023 4022 4024
f 4023 4021 4022
v 9277.831 590.197 190.819
v 9277.831 595.197 190.819
f 4025 4024 4026
f 4025 4023 4024
v 9277.678 590.197 190.478
v 9277.678 595.197 190.478
f 4027 4026 4028
f 4027 4025 4026
v 9277.541 590.197 190.130
v 9277.541 595.197 190.130
f 4029 4028 4030
f 4029 4027 4028
v 9277.422 590.197 189.776
v 9277.422 595.197 189.776
f 4031 4030 4032
f 4031 4029 4030
v 9277.321 590.197 189.416
v 9277.321 595.197 189.416
f 4033 4032 4034
f 4033 4031 4032
v 9277.237 590.197 189.051
v 9277.237 595.197 189.051
v 9277.172 595.197 188.683
f 4035 4036 4037
f 4035 4034 4036
f 4035 4033 4034
v 9277.172 590.197 188.683
f 4038 4035 4037
v 9277.126 590.197 188.312
v 9277.126 595.197 188.312
v 9277.098 595.197 187.939
f 4039 4040 4041
f 4039 4037 4040
f 4039 4038 4037
v 9277.098 590.197 187.939
f 4042 4039 4041
v 9277.089 590.197 187.565
v 9277.089 595.197 187.565
f 4043 4041 4044
f 4043 4042 4041
f 3791 3790 4044
f 4044 3790 4043
v 9041.589 595.197 52.565
v 8989.589 590.197 52.565
v 8989.589 595.197 52.565
f 4045 4046 4047
v 9041.589 590.197 52.565
f 4045 4048 4046
v 8989.589 590.197 0.565
v 8989.589 595.197 0.565
f 4049 4050 4047
f 4049 4047 4046
v 9041.589 590.197 0.565
v 9041.589 595.197 0.565
f 4051 4052 4050
f 4051 4050 4049
f 4052 4048 4045
f 4052 4051 4048
f 4046 4048 4049
f 4049 4048 4051
f 4045 4047 4050
f 4045 4050 4052
v 9315.589 590.197 162.565
v 9231.731 590.197 -19.778
v 9231.731 595.197 -19.778
f 4053 4054 4055
v 9315.589 595.197 162.565
f 4053 4055 4056
v 9224.462 590.197 -24.435
v 9224.462 595.197 -24.435
v 9224.859 595.197 -24.425
f 4057 4058 4059
v 9224.859 590.197 -24.425
f 4060 4057 4059
v 9225.254 590.197 -24.396
v 9225.254 595.197 -24.396
f 4061 4059 4062
f 4061 4060 4059
v 9225.647 590.197 -24.347
v 9225.647 595.197 -24.347
f 4063 4062 4064
f 4063 4061 4062
v 9226.038 590.197 -24.278
v 9226.038 595.197 -24.278
f 4065 4064 4066
f 4065 4063 4064
v 9226.424 590.197 -24.191
v 9226.424 595.197 -24.191
f 4067 4066 4068
v 9226.806 595.197 -24.084
f 4067 4068 4069
f 4067 4065 4066
v 9226.806 590.197 -24.084
f 4070 4067 4069
v 9227.182 590.197 -23.959
v 9227.182 595.197 -23.959
f 4071 4069 4072
f 4071 4070 4069
v 9227.551 590.197 -23.815
v 9227.551 595.197 -23.815
f 4073 4072 4074
f 4073 4071 4072
v 9227.913 590.197 -23.653
v 9227.913 595.197 -23.653
f 4075 4074 4076
v 9228.266 595.197 -23.473
f 4075 4076 4077
f 4075 4073 4074
v 9228.266 590.197 -23.473
v 9228.610 595.197 -23.276
f 4078 4077 4079
f 4078 4075 4077
v 9228.610 590.197 -23.276
f 4080 4078 4079
v 9228.944 590.197 -23.062
f 4081 4080 4079
v 9228.944 595.197 -23.062
f 4081 4079 4082
v 9229.267 590.197 -22.832
f 4083 4081 4082
v 9229.267 595.197 -22.832
f 4083 4082 4084
v 9229.578 590.197 -22.586
f 4085 4083 4084
v 9229.578 595.197 -22.586
f 4085 4084 4086
v 9229.876 590.197 -22.325
f 4087 4085 4086
v 9229.876 595.197 -22.325
f 4087 4086 4088
v 9230.161 590.197 -22.049
f 4089 4087 4088
v 9230.161 595.197 -22.049
f 4089 4088 4090
v 9230.432 590.197 -21.760
v 9230.432 595.197 -21.760
f 4091 4090 4092
v 9230.689 595.197 -21.458
f 4091 4092 4093
f 4091 4089 4090
v 9230.689 590.197 -21.458
f 4094 4091 4093
v 9230.930 595.197 -21.143
f 4094 4093 4095
v 9230.930 590.197 -21.143
v 9231.155 595.197 -20.817
f 4096 4095 4097
f 4096 4094 4095
v 9231.155 590.197 -20.817
v 9231.364 595.197 -20.480
f 4098 4097 4099
f 4098 4096 4097
v 9231.364 590.197 -20.480
v 9231.556 595.197 -20.134
f 4100 4099 4101
f 4100 4098 4099
v 9231.556 590.197 -20.134
f 4102 4100 4101
f 4054 4101 4055
f 4054 4102 4101
v 8957.589 590.197 -24.435
v 8957.589 595.197 -24.435
f 4058 4103 4104
f 4058 4057 4103
v 8949.598 590.197 -16.828
v 8949.589 590.197 -16.435
v 8949.589 595.197 -16.435
f 4105 4106 4107
v 8949.598 595.197 -16.828
f 4105 4107 4108
v 8949.627 590.197 -17.219
v 8949.627 595.197 -17.219
f 4109 4108 4110
f 4109 4105 4108
v 8949.675 590.197 -17.609
v 8949.675 595.197 -17.609
f 4111 4110 4112
f 4111 4109 4110
v 8949.742 590.197 -17.996
v 8949.742 595.197 -17.996
f 4113 4112 4114
f 4113 4111 4112
v 8949.828 590.197 -18.379
v 8949.828 595.197 -18.379
f 4115 4114 4116
f 4115 4113 4114
v 8949.933 590.197 -18.757
v 8949.933 595.197 -18.757
f 4117 4116 4118
f 4117 4115 4116
v 8950.056 590.197 -19.130
v 8950.056 595.197 -19.130
f 4119 4118 4120
f 4119 4117 4118
v 8950.198 590.197 -19.496
v 8950.198 595.197 -19.496
f 4121 4120 4122
f 4121 4119 4120
v 8950.357 590.197 -19.855
f 4123 4121 4122
v 8950.357 595.197 -19.855
f 4123 4122 4124
v 8950.533 590.197 -20.206
v 8950.533 595.197 -20.206
f 4125 4124 4126
f 4125 4123 4124
v 8950.727 590.197 -20.548
v 8950.727 595.197 -20.548
f 4127 4126 4128
f 4127 4125 4126
v 8950.937 590.197 -20.880
v 8950.937 595.197 -20.880
f 4129 4128 4130
f 4129 4127 4128
v 8951.163 590.197 -21.201
v 8951.163 595.197 -21.201
f 4131 4130 4132
f 4131 4129 4130
v 8951.405 590.197 -21.510
v 8951.405 595.197 -21.510
f 4133 4132 4134
f 4133 4131 4132
v 8951.661 590.197 -21.807
v 8951.661 595.197 -21.807
f 4135 4134 4136
f 4135 4133 4134
v 8951.932 590.197 -22.092
v 8951.932 595.197 -22.092
f 4137 4136 4138
f 4137 4135 4136
v 8952.216 590.197 -22.363
v 8952.216 595.197 -22.363
f 4139 4138 4140
f 4139 4137 4138
v 8952.514 590.197 -22.619
v 8952.514 595.197 -22.619
f 4141 4140 4142
f 4141 4139 4140
v 8952.823 590.197 -22.861
v 8952.823 595.197 -22.861
f 4143 4142 4144
f 4143 4141 4142
v 8953.144 590.197 -23.087
v 8953.144 595.197 -23.087
f 4145 4144 4146
f 4145 4143 4144
v 8953.476 590.197 -23.297
v 8953.476 595.197 -23.297
f 4147 4146 4148
f 4147 4145 4146
v 8953.817 590.197 -23.490
v 8953.817 595.197 -23.490
f 4149 4148 4150
f 4149 4147 4148
v 8954.168 590.197 -23.667
v 8954.168 595.197 -23.667
f 4151 4150 4152
f 4151 4149 4150
v 8954.527 590.197 -23.826
v 8954.527 595.197 -23.826
f 4153 4152 4154
f 4153 4151 4152
v 8954.894 590.197 -23.967
v 8954.894 595.197 -23.967
f 4155 4154 4156
f 4155 4153 4154
v 8955.266 590.197 -24.091
v 8955.266 595.197 -24.091
f 4157 4156 4158
f 4157 4155 4156
v 8955.645 590.197 -24.195
v 8955.645 595.197 -24.195
f 4159 4158 4160
f 4159 4157 4158
v 8956.028 590.197 -24.281
v 8956.028 595.197 -24.281
f 4161 4160 4162
f 4161 4159 4160
v 8956.415 590.197 -24.348
v 8956.415 595.197 -24.348
f 4163 4162 4164
f 4163 4161 4162
v 8956.804 590.197 -24.396
v 8956.804 595.197 -24.396
f 4165 4164 4166
f 4165 4163 4164
v 8957.196 590.197 -24.425
v 8957.196 595.197 -24.425
f 4167 4166 4168
f 4167 4165 4166
f 4103 4168 4104
f 4103 4167 4168
v 8949.589 590.197 67.565
v 8949.589 595.197 67.565
f 4107 4169 4170
f 4107 4106 4169
v 8957.589 590.197 75.565
v 8957.589 595.197 75.565
v 8957.196 595.197 75.555
f 4171 4172 4173
v 8957.196 590.197 75.555
v 8956.804 595.197 75.526
f 4174 4173 4175
f 4174 4171 4173
v 8956.804 590.197 75.526
f 4176 4174 4175
v 8956.415 590.197 75.478
v 8956.415 595.197 75.478
f 4177 4175 4178
v 8956.028 595.197 75.411
f 4177 4178 4179
f 4177 4176 4175
v 8956.028 590.197 75.411
f 4180 4177 4179
v 8955.645 590.197 75.325
v 8955.645 595.197 75.325
f 4181 4179 4182
f 4181 4180 4179
v 8955.266 590.197 75.221
v 8955.266 595.197 75.221
f 4183 4182 4184
f 4183 4181 4182
v 8954.894 590.197 75.097
v 8954.894 595.197 75.097
f 4185 4184 4186
f 4185 4183 4184
v 8954.527 590.197 74.956
v 8954.527 595.197 74.956
f 4187 4186 4188
f 4187 4185 4186
v 8954.168 590.197 74.797
f 4189 4187 4188
v 8954.168 595.197 74.797
f 4189 4188 4190
v 8953.817 590.197 74.620
v 8953.817 595.197 74.620
f 4191 4190 4192
f 4191 4189 4190
v 8953.476 590.197 74.427
v 8953.476 595.197 74.427
f 4193 4192 4194
f 4193 4191 4192
v 8953.144 595.197 74.217
f 4193 4194 4195
v 8953.144 590.197 74.217
f 4196 4193 4195
v 8952.823 590.197 73.991
v 8952.823 595.197 73.991
f 4197 4195 4198
f 4197 4196 4195
v 8952.514 590.197 73.749
v 8952.514 595.197 73.749
f 4199 4198 4200
f 4199 4197 4198
v 8952.216 590.197 73.493
v 8952.216 595.197 73.493
f 4201 4200 4202
f 4201 4199 4200
v 8951.932 590.197 73.222
v 8951.932 595.197 73.222
f 4203 4202 4204
f 4203 4201 4202
v 8951.661 590.197 72.937
v 8951.661 595.197 72.937
f 4205 4204 4206
f 4205 4203 4204
v 8951.405 590.197 72.640
v 8951.405 595.197 72.640
f 4207 4206 4208
v 8951.163 595.197 72.331
f 4207 4208 4209
f 4207 4205 4206
v 8951.163 590.197 72.331
f 4210 4207 4209
v 8950.937 590.197 72.010
v 8950.937 595.197 72.010
f 4211 4209 4212
f 4211 4210 4209
v 8950.727 590.197 71.678
v 8950.727 595.197 71.678
f 4213 4212 4214
f 4213 4211 4212
v 8950.533 590.197 71.336
v 8950.533 595.197 71.336
f 4215 4214 4216
f 4215 4213 4214
v 8950.357 590.197 70.985
v 8950.357 595.197 70.985
f 4217 4216 4218
f 4217 4215 4216
v 8950.198 590.197 70.626
v 8950.198 595.197 70.626
f 4219 4218 4220
f 4219 4217 4218
v 8950.056 590.197 70.260
v 8950.056 595.197 70.260
f 4221 4220 4222
v 8949.933 595.197 69.887
f 4221 4222 4223
f 4221 4219 4220
v 8949.933 590.197 69.887
f 4224 4221 4223
v 8949.828 590.197 69.509
v 8949.828 595.197 69.509
f 4225 4223 4226
f 4225 4224 4223
v 8949.742 590.197 69.126
v 8949.742 595.197 69.126
f 4227 4226 4228
f 4227 4225 4226
v 8949.675 590.197 68.739
v 8949.675 595.197 68.739
f 4229 4228 4230
v 8949.627 595.197 68.349
f 4229 4230 4231
f 4229 4227 4228
v 8949.627 590.197 68.349
v 8949.598 595.197 67.958
f 4232 4231 4233
f 4232 4229 4231
v 8949.598 590.197 67.958
f 4234 4232 4233
f 4169 4233 4170
f 4169 4234 4233
v 9029.589 590.197 75.565
v 9029.589 595.197 75.565
f 4235 4236 4172
f 4235 4172 4171
v 9089.589 590.197 162.565
v 9089.589 595.197 162.565
f 4236 4237 4238
f 4235 4237 4236
v 9089.589 590.197 207.565
v 9089.589 595.197 207.565
f 4237 4239 4240
f 4238 4237 4240
v 9097.589 590.197 215.565
v 9097.589 595.197 215.565
v 9097.196 595.197 215.555
f 4241 4242 4243
v 9097.196 590.197 215.555
f 4244 4241 4243
v 9096.804 590.197 215.526
v 9096.804 595.197 215.526
f 4245 4243 4246
v 9096.415 595.197 215.478
f 4245 4246 4247
f 4245 4244 4243
v 9096.415 590.197 215.478
f 4248 4245 4247
v 9096.028 590.197 215.411
v 9096.028 595.197 215.411
f 4249 4247 4250
f 4249 4248 4247
v 9095.645 590.197 215.325
v 9095.645 595.197 215.325
f 4251 4250 4252
v 9095.266 595.197 215.221
f 4251 4252 4253
f 4251 4249 4250
v 9095.266 590.197 215.221
f 4254 4251 4253
v 9094.894 590.197 215.097
v 9094.894 595.197 215.097
f 4255 4253 4256
f 4255 4254 4253
v 9094.527 590.197 214.956
v 9094.527 595.197 214.956
f 4257 4256 4258
f 4257 4255 4256
v 9094.168 590.197 214.797
f 4259 4257 4258
v 9094.168 595.197 214.797
f 4259 4258 4260
v 9093.817 590.197 214.620
v 9093.817 595.197 214.620
f 4261 4260 4262
f 4261 4259 4260
v 9093.476 590.197 214.427
v 9093.476 595.197 214.427
f 4263 4262 4264
f 4263 4261 4262
v 9093.144 590.197 214.217
v 9093.144 595.197 214.217
f 4265 4264 4266
f 4265 4263 4264
v 9092.823 590.197 213.991
v 9092.823 595.197 213.991
f 4267 4266 4268
v 9092.514 595.197 213.749
f 4267 4268 4269
f 4267 4265 4266
v 9092.514 590.197 213.749
v 9092.216 595.197 213.493
f 4270 4269 4271
f 4270 4267 4269
v 9092.216 590.197 213.493
f 4272 4270 4271
v 9091.932 590.197 213.222
v 9091.932 595.197 213.222
f 4273 4271 4274
f 4273 4272 4271
v 9091.661 590.197 212.937
v 9091.661 595.197 212.937
f 4275 4274 4276
f 4275 4273 4274
v 9091.405 590.197 212.640
v 9091.405 595.197 212.640
f 4277 4276 4278
f 4277 4275 4276
v 9091.163 590.197 212.331
v 9091.163 595.197 212.331
f 4279 4278 4280
f 4279 4277 4278
v 9090.937 590.197 212.010
v 9090.937 595.197 212.010
f 4281 4280 4282
v 9090.727 595.197 211.678
f 4281 4282 4283
f 4281 4279 4280
v 9090.727 590.197 211.678
v 9090.533 595.197 211.336
f 4284 4283 4285
f 4284 4281 4283
v 9090.533 590.197 211.336
f 4286 4284 4285
v 9090.357 590.197 210.985
v 9090.357 595.197 210.985
f 4287 4285 4288
f 4287 4286 4285
v 9090.198 590.197 210.626
v 9090.198 595.197 210.626
f 4289 4288 4290
f 4289 4287 4288
v 9090.056 590.197 210.260
v 9090.056 595.197 210.260
f 4291 4290 4292
f 4291 4289 4290
v 9089.933 590.197 209.887
v 9089.933 595.197 209.887
f 4293 4292 4294
v 9089.828 595.197 209.509
f 4293 4294 4295
f 4293 4291 4292
v 9089.828 590.197 209.509
f 4296 4293 4295
v 9089.742 590.197 209.126
v 9089.742 595.197 209.126
f 4297 4295 4298
f 4297 4296 4295
v 9089.675 590.197 208.739
v 9089.675 595.197 208.739
f 4299 4298 4300
f 4299 4297 4298
v 9089.627 590.197 208.349
v 9089.627 595.197 208.349
f 4301 4300 4302
f 4301 4299 4300
v 9089.598 590.197 207.958
v 9089.598 595.197 207.958
f 4303 4302 4304
f 4303 4301 4302
f 4239 4304 4240
f 4239 4303 4304
v 9307.589 595.197 215.565
f 4305 4242 4241
v 9307.589 590.197 215.565
f 4306 4305 4241
v 9315.579 590.197 207.958
v 9315.589 590.197 207.565
v 9315.589 595.197 207.565
f 4307 4308 4309
v 9315.579 595.197 207.958
f 4307 4309 4310
v 9315.550 595.197 208.349
f 4307 4310 4311
v 9315.550 590.197 208.349
f 4312 4307 4311
v 9315.502 590.197 208.739
v 9315.502 595.197 208.739
f 4313 4311 4314
f 4313 4312 4311
v 9315.435 590.197 209.126
v 9315.435 595.197 209.126
f 4315 4314 4316
f 4315 4313 4314
v 9315.349 590.197 209.509
v 9315.349 595.197 209.509
f 4317 4316 4318
v 9315.244 595.197 209.887
f 4317 4318 4319
f 4317 4315 4316
v 9315.244 590.197 209.887
f 4320 4317 4319
v 9315.121 590.197 210.260
v 9315.121 595.197 210.260
f 4321 4319 4322
f 4321 4320 4319
v 9314.980 590.197 210.626
v 9314.980 595.197 210.626
f 4323 4322 4324
f 4323 4321 4322
v 9314.821 590.197 210.985
f 4325 4323 4324
v 9314.821 595.197 210.985
f 4325 4324 4326
v 9314.644 590.197 211.336
v 9314.644 595.197 211.336
f 4327 4326 4328
f 4327 4325 4326
v 9314.450 590.197 211.678
v 9314.450 595.197 211.678
f 4329 4328 4330
f 4329 4327 4328
v 9314.240 590.197 212.010
v 9314.240 595.197 212.010
f 4331 4330 4332
f 4331 4329 4330
v 9314.014 590.197 212.331
v 9314.014 595.197 212.331
f 4333 4332 4334
v 9313.773 595.197 212.640
f 4333 4334 4335
f 4333 4331 4332
v 9313.773 590.197 212.640
f 4336 4333 4335
v 9313.516 590.197 212.937
v 9313.516 595.197 212.937
f 4337 4335 4338
v 9313.246 595.197 213.222
f 4337 4338 4339
f 4337 4336 4335
v 9313.246 590.197 213.222
v 9312.961 595.197 213.493
f 4340 4339 4341
f 4340 4337 4339
v 9312.961 590.197 213.493
v 9312.664 595.197 213.749
f 4342 4341 4343
f 4342 4340 4341
v 9312.664 590.197 213.749
f 4344 4342 4343
v 9312.354 590.197 213.991
v 9312.354 595.197 213.991
f 4345 4343 4346
f 4345 4344 4343
v 9312.033 590.197 214.217
v 9312.033 595.197 214.217
f 4347 4346 4348
f 4347 4345 4346
v 9311.701 590.197 214.427
v 9311.701 595.197 214.427
f 4349 4348 4350
f 4349 4347 4348
v 9311.360 590.197 214.620
v 9311.360 595.197 214.620
f 4351 4350 4352
f 4351 4349 4350
v 9311.009 590.197 214.797
v 9311.009 595.197 214.797
f 4353 4352 4354
f 4353 4351 4352
v 9310.650 590.197 214.956
v 9310.650 595.197 214.956
f 4355 4354 4356
f 4355 4353 4354
v 9310.284 590.197 215.097
v 9310.284 595.197 215.097
f 4357 4356 4358
f 4357 4355 4356
v 9309.911 590.197 215.221
v 9309.911 595.197 215.221
f 4359 4358 4360
v 9309.532 595.197 215.325
f 4359 4360 4361
f 4359 4357 4358
v 9309.532 590.197 215.325
f 4362 4359 4361
v 9309.149 590.197 215.411
v 9309.149 595.197 215.411
f 4363 4361 4364
f 4363 4362 4361
v 9308.762 590.197 215.478
v 9308.762 595.197 215.478
f 4365 4364 4366
f 4365 4363 4364
v 9308.373 590.197 215.526
v 9308.373 595.197 215.526
f 4367 4366 4368
f 4367 4365 4366
v 9307.981 590.197 215.555
v 9307.981 595.197 215.555
f 4369 4368 4370
f 4369 4367 4368
f 4306 4370 4305
f 4306 4369 4370
f 4053 4056 4309
f 4053 4309 4308
o solid_10
v 9277.098 1625.197 182.191
v 9277.089 1625.197 182.565
v 9277.089 1630.197 182.565
f 4371 4372 4373
v 9277.098 1630.197 182.191
v 9277.126 1630.197 181.818
f 4371 4374 4375
f 4371 4373 4374
v 9277.126 1625.197 181.818
f 4376 4371 4375
v 9277.172 1630.197 181.447
f 4376 4375 4377
v 9277.172 1625.197 181.447
f 4378 4376 4377
v 9277.237 1625.197 181.079
f 4379 4378 4377
v 9277.237 1630.197 181.079
f 4379 4377 4380
v 9277.321 1625.197 180.714
f 4381 4379 4380
v 9277.321 1630.197 180.714
f 4381 4380 4382
v 9277.422 1625.197 180.354
v 9277.422 1630.197 180.354
f 4383 4382 4384
f 4383 4381 4382
v 9277.541 1625.197 180.000
v 9277.541 1630.197 180.000
v 9277.678 1630.197 179.652
f 4385 4386 4387
f 4385 4384 4386
f 4385 4383 4384
v 9277.678 1625.197 179.652
f 4388 4385 4387
v 9277.831 1625.197 179.311
v 9277.831 1630.197 179.311
f 4389 4387 4390
f 4389 4388 4387
v 9278.002 1625.197 178.978
v 9278.002 1630.197 178.978
v 9278.189 1630.197 178.654
f 4391 4392 4393
f 4391 4390 4392
f 4391 4389 4390
v 9278.189 1625.197 178.654
f 4394 4391 4393
v 9278.392 1625.197 178.340
v 9278.392 1630.197 178.340
v 9278.610 1630.197 178.036
f 4395 4396 4397
f 4395 4393 4396
f 4395 4394 4393
v 9278.610 1625.197 178.036
f 4398 4395 4397
v 9278.843 1625.197 177.744
v 9278.843 1630.197 177.744
f 4399 4397 4400
f 4399 4398 4397
v 9279.091 1625.197 177.464
v 9279.091 1630.197 177.464
v 9279.352 1630.197 177.196
f 4401 4402 4403
f 4401 4400 4402
f 4401 4399 4400
v 9279.352 1625.197 177.196
f 4404 4401 4403
v 9279.626 1625.197 176.942
f 4405 4404 4403
v 9279.626 1630.197 176.942
f 4405 4403 4406
v 9279.912 1625.197 176.701
f 4407 4405 4406
v 9279.912 1630.197 176.701
v 9280.211 1630.197 176.475
f 4407 4408 4409
f 4407 4406 4408
v 9280.211 1625.197 176.475
f 4410 4407 4409
v 9280.520 1625.197 176.265
f 4411 4410 4409
v 9280.520 1630.197 176.265
v 9280.839 1630.197 176.070
f 4411 4412 4413
f 4411 4409 4412
v 9280.839 1625.197 176.070
f 4414 4411 4413
v 9281.167 1630.197 175.891
f 4414 4413 4415
v 9281.167 1625.197 175.891
f 4416 4414 4415
v 9281.504 1625.197 175.729
f 4417 4416 4415
v 9281.504 1630.197 175.729
f 4417 4415 4418
v 9281.849 1625.197 175.583
f 4419 4417 4418
v 9281.849 1630.197 175.583
v 9282.200 1630.197 175.456
f 4419 4420 4421
f 4419 4418 4420
v 9282.200 1625.197 175.456
f 4422 4419 4421
v 9282.557 1630.197 175.345
f 4422 4421 4423
v 9282.557 1625.197 175.345
f 4424 4422 4423
v 9282.920 1625.197 175.253
v 9282.920 1630.197 175.253
f 4425 4423 4426
f 4425 4424 4423
v 9283.286 1625.197 175.179
v 9283.286 1630.197 175.179
f 4427 4426 4428
f 4427 4425 4426
v 9283.656 1625.197 175.123
v 9283.656 1630.197 175.123
f 4429 4428 4430
f 4429 4427 4428
v 9284.028 1625.197 175.086
v 9284.028 1630.197 175.086
f 4431 4430 4432
f 4431 4429 4430
v 9284.402 1625.197 175.067
v 9284.402 1630.197 175.067
f 4433 4432 4434
f 4433 4431 4432
v 9284.776 1625.197 175.067
v 9284.776 1630.197 175.067
f 4435 4434 4436
f 4435 4433 4434
v 9285.149 1625.197 175.086
v 9285.149 1630.197 175.086
f 4437 4436 4438
f 4437 4435 4436
v 9285.521 1625.197 175.123
v 9285.521 1630.197 175.123
v 9285.891 1630.197 175.179
f 4439 4440 4441
f 4439 4438 4440
f 4439 4437 4438
v 9285.891 1625.197 175.179
f 4442 4439 4441
v 9286.258 1625.197 175.253
v 9286.258 1630.197 175.253
v 9286.620 1630.197 175.345
f 4443 4444 4445
f 4443 4441 4444
f 4443 4442 4441
v 9286.620 1625.197 175.345
f 4446 4443 4445
v 9286.977 1625.197 175.456
v 9286.977 1630.197 175.456
f 4447 4445 4448
f 4447 4446 4445
v 9287.329 1625.197 175.583
v 9287.329 1630.197 175.583
f 4449 4448 4450
f 4449 4447 4448
v 9287.673 1625.197 175.729
v 9287.673 1630.197 175.729
f 4451 4450 4452
f 4451 4449 4450
v 9288.010 1625.197 175.891
v 9288.010 1630.197 175.891
f 4453 4452 4454
f 4453 4451 4452
v 9288.339 1625.197 176.070
v 9288.339 1630.197 176.070
v 9288.658 1630.197 176.265
f 4455 4456 4457
f 4455 4454 4456
f 4455 4453 4454
v 9288.658 1625.197 176.265
f 4458 4455 4457
v 9288.967 1630.197 176.475
f 4458 4457 4459
v 9288.967 1625.197 176.475
f 4460 4458 4459
v 9289.265 1625.197 176.701
f 4461 4460 4459
v 9289.265 1630.197 176.701
v 9289.551 1630.197 176.942
f 4461 4462 4463
f 4461 4459 4462
v 9289.551 1625.197 176.942
f 4464 4461 4463
v 9289.825 1625.197 177.196
f 4465 4464 4463
v 9289.825 1630.197 177.196
f 4465 4463 4466
v 9290.087 1625.197 177.464
f 4467 4465 4466
v 9290.087 1630.197 177.464
f 4467 4466 4468
v 9290.334 1625.197 177.744
v 9290.334 1630.197 177.744
f 4469 4468 4470
f 4469 4467 4468
v 9290.567 1625.197 178.036
v 9290.567 1630.197 178.036
v 9290.785 1630.197 178.340
f 4471 4472 4473
f 4471 4470 4472
f 4471 4469 4470
v 9290.785 1625.197 178.340
f 4474 4471 4473
v 9290.988 1625.197 178.654
v 9290.988 1630.197 178.654
f 4475 4473 4476
f 4475 4474 4473
v 9291.175 1625.197 178.978
v 9291.175 1630.197 178.978
f 4477 4476 4478
f 4477 4475 4476
v 9291.346 1625.197 179.311
v 9291.346 1630.197 179.311
f 4479 4478 4480
f 4479 4477 4478
v 9291.500 1625.197 179.652
v 9291.500 1630.197 179.652
v 9291.636 1630.197 180.000
f 4481 4482 4483
f 4481 4480 4482
f 4481 4479 4480
v 9291.636 1625.197 180.000
f 4484 4481 4483
v 9291.755 1625.197 180.354
v 9291.755 1630.197 180.354
f 4485 4483 4486
f 4485 4484 4483
v 9291.857 1625.197 180.714
v 9291.857 1630.197 180.714
f 4487 4486 4488
f 4487 4485 4486
v 9291.940 1625.197 181.079
v 9291.940 1630.197 181.079
f 4489 4488 4490
f 4489 4487 4488
v 9292.005 1625.197 181.447
v 9292.005 1630.197 181.447
f 4491 4490 4492
f 4491 4489 4490
v 9292.051 1625.197 181.818
v 9292.051 1630.197 181.818
f 4493 4492 4494
f 4493 4491 4492
v 9292.079 1625.197 182.191
v 9292.079 1630.197 182.191
v 9292.089 1630.197 182.565
f 4495 4496 4497
f 4495 4494 4496
f 4495 4493 4494
v 9292.089 1625.197 182.565
f 4498 4495 4497
v 9292.089 1625.197 187.565
v 9292.089 1630.197 187.565
f 4499 4497 4500
f 4498 4497 4499
v 9292.079 1630.197 187.939
f 4499 4500 4501
v 9292.079 1625.197 187.939
f 4502 4499 4501
v 9292.051 1625.197 188.312
f 4503 4502 4501
v 9292.051 1630.197 188.312
f 4503 4501 4504
v 9292.005 1625.197 188.683
f 4505 4503 4504
v 9292.005 1630.197 188.683
f 4505 4504 4506
v 9291.940 1625.197 189.051
f 4507 4505 4506
v 9291.940 1630.197 189.051
v 9291.857 1630.197 189.416
f 4507 4508 4509
f 4507 4506 4508
v 9291.857 1625.197 189.416
f 4510 4507 4509
v 9291.755 1625.197 189.776
f 4511 4510 4509
v 9291.755 1630.197 189.776
v 9291.636 1630.197 190.130
f 4511 4512 4513
f 4511 4509 4512
v 9291.636 1625.197 190.130
f 4514 4511 4513
v 9291.500 1625.197 190.478
v 9291.500 1630.197 190.478
v 9291.346 1630.197 190.819
f 4515 4516 4517
f 4515 4513 4516
f 4515 4514 4513
v 9291.346 1625.197 190.819
f 4518 4515 4517
v 9291.175 1625.197 191.152
v 9291.175 1630.197 191.152
f 4519 4517 4520
f 4519 4518 4517
v 9290.988 1625.197 191.476
v 9290.988 1630.197 191.476
f 4521 4520 4522
f 4521 4519 4520
v 9290.785 1625.197 191.790
v 9290.785 1630.197 191.790
f 4523 4522 4524
f 4523 4521 4522
v 9290.567 1625.197 192.094
v 9290.567 1630.197 192.094
f 4525 4524 4526
f 4525 4523 4524
v 9290.334 1625.197 192.386
v 9290.334 1630.197 192.386
f 4527 4526 4528
f 4527 4525 4526
v 9290.087 1625.197 192.666
v 9290.087 1630.197 192.666
f 4529 4528 4530
f 4529 4527 4528
v 9289.825 1625.197 192.934
v 9289.825 1630.197 192.934
f 4531 4530 4532
f 4531 4529 4530
v 9289.551 1625.197 193.188
v 9289.551 1630.197 193.188
f 4533 4532 4534
f 4533 4531 4532
v 9289.265 1625.197 193.429
f 4535 4533 4534
v 9289.265 1630.197 193.429
f 4535 4534 4536
v 9288.967 1625.197 193.655
f 4537 4535 4536
v 9288.967 1630.197 193.655
f 4537 4536 4538
v 9288.658 1625.197 193.865
f 4539 4537 4538
v 9288.658 1630.197 193.865
f 4539 4538 4540
v 9288.339 1625.197 194.060
f 4541 4539 4540
v 9288.339 1630.197 194.060
f 4541 4540 4542
v 9288.010 1625.197 194.239
f 4543 4541 4542
v 9288.010 1630.197 194.239
v 9287.673 1630.197 194.401
f 4543 4544 4545
f 4543 4542 4544
v 9287.673 1625.197 194.401
f 4546 4543 4545
v 9287.329 1630.197 194.547
f 4546 4545 4547
v 9287.329 1625.197 194.547
f 4548 4546 4547
v 9286.977 1630.197 194.674
f 4548 4547 4549
v 9286.977 1625.197 194.674
f 4550 4548 4549
v 9286.620 1625.197 194.785
f 4551 4550 4549
v 9286.620 1630.197 194.785
f 4551 4549 4552
v 9286.258 1625.197 194.877
v 9286.258 1630.197 194.877
v 9285.891 1630.197 194.951
f 4553 4554 4555
f 4553 4552 4554
f 4553 4551 4552
v 9285.891 1625.197 194.951
f 4556 4553 4555
v 9285.521 1630.197 195.007
f 4556 4555 4557
v 9285.521 1625.197 195.007
f 4558 4556 4557
v 9285.149 1625.197 195.044
v 9285.149 1630.197 195.044
v 9284.776 1630.197 195.063
f 4559 4560 4561
f 4559 4557 4560
f 4559 4558 4557
v 9284.776 1625.197 195.063
v 9284.402 1630.197 195.063
f 4562 4561 4563
f 4562 4559 4561
v 9284.402 1625.197 195.063
f 4564 4562 4563
v 9284.028 1625.197 195.044
v 9284.028 1630.197 195.044
v 9283.656 1630.197 195.007
f 4565 4566 4567
f 4565 4563 4566
f 4565 4564 4563
v 9283.656 1625.197 195.007
f 4568 4565 4567
v 9283.286 1625.197 194.951
v 9283.286 1630.197 194.951
f 4569 4567 4570
f 4569 4568 4567
v 9282.920 1625.197 194.877
v 9282.920 1630.197 194.877
f 4571 4570 4572
f 4571 4569 4570
v 9282.557 1625.197 194.785
v 9282.557 1630.197 194.785
f 4573 4572 4574
f 4573 4571 4572
v 9282.200 1625.197 194.674
v 9282.200 1630.197 194.674
f 4575 4574 4576
f 4575 4573 4574
v 9281.849 1625.197 194.547
v 9281.849 1630.197 194.547
f 4577 4576 4578
f 4577 4575 4576
v 9281.504 1625.197 194.401
v 9281.504 1630.197 194.401
f 4579 4578 4580
f 4579 4577 4578
v 9281.167 1625.197 194.239
v 9281.167 1630.197 194.239
f 4581 4580 4582
f 4581 4579 4580
v 9280.839 1625.197 194.060
v 9280.839 1630.197 194.060
f 4583 4582 4584
f 4583 4581 4582
v 9280.520 1625.197 193.865
f 4585 4583 4584
v 9280.520 1630.197 193.865
f 4585 4584 4586
v 9280.211 1625.197 193.655
f 4587 4585 4586
v 9280.211 1630.197 193.655
f 4587 4586 4588
v 9279.912 1625.197 193.429
f 4589 4587 4588
v 9279.912 1630.197 193.429
v 9279.626 1630.197 193.188
f 4589 4590 4591
f 4589 4588 4590
v 9279.626 1625.197 193.188
f 4592 4589 4591
v 9279.352 1625.197 192.934
v 9279.352 1630.197 192.934
v 9279.091 1630.197 192.666
f 4593 4594 4595
f 4593 4591 4594
f 4593 4592 4591
v 9279.091 1625.197 192.666
f 4596 4593 4595
v 9278.843 1625.197 192.386
v 9278.843 1630.197 192.386
f 4597 4595 4598
f 4597 4596 4595
v 9278.610 1625.197 192.094
v 9278.610 1630.197 192.094
f 4599 4598 4600
f 4599 4597 4598
v 9278.392 1625.197 191.790
v 9278.392 1630.197 191.790
f 4601 4600 4602
f 4601 4599 4600
v 9278.189 1625.197 191.476
v 9278.189 1630.197 191.476
f 4603 4602 4604
f 4603 4601 4602
v 9278.002 1625.197 191.152
v 9278.002 1630.197 191.152
f 4605 4604 4606
f 4605 4603 4604
v 9277.831 1625.197 190.819
v 9277.831 1630.197 190.819
f 4607 4606 4608
f 4607 4605 4606
v 9277.678 1625.197 190.478
v 9277.678 1630.197 190.478
f 4609 4608 4610
f 4609 4607 4608
v 9277.541 1625.197 190.130
v 9277.541 1630.197 190.130
f 4611 4610 4612
f 4611 4609 4610
v 9277.422 1625.197 189.776
v 9277.422 1630.197 189.776
f 4613 4612 4614
f 4613 4611 4612
v 9277.321 1625.197 189.416
v 9277.321 1630.197 189.416
f 4615 4614 4616
f 4615 4613 4614
v 9277.237 1625.197 189.051
v 9277.237 1630.197 189.051
v 9277.172 1630.197 188.683
f 4617 4618 4619
f 4617 4616 4618
f 4617 4615 4616
v 9277.172 1625.197 188.683
f 4620 4617 4619
v 9277.126 1625.197 188.312
v 9277.126 1630.197 188.312
v 9277.098 1630.197 187.939
f 4621 4622 4623
f 4621 4619 4622
f 4621 4620 4619
v 9277.098 1625.197 187.939
f 4624 4621 4623
v 9277.089 1625.197 187.565
v 9277.089 1630.197 187.565
f 4625 4623 4626
f 4625 4624 4623
f 4373 4372 4626
f 4626 4372 4625
v 9041.589 1630.197 52.565
v 8989.589 1625.197 52.565
v 8989.589 1630.197 52.565
f 4627 4628 4629
v 9041.589 1625.197 52.565
f 4627 4630 4628
v 8989.589 1625.197 0.565
v 8989.589 1630.197 0.565
f 4631 4632 4629
f 4631 4629 4628
v 9041.589 1625.197 0.565
v 9041.589 1630.197 0.565
f 4633 4634 4632
f 4633 4632 4631
f 4634 4630 4627
f 4634 4633 4630
f 4628 4630 4631
f 4631 4630 4633
f 4627 4629 4632
f 4627 4632 4634
v 9315.589 1625.197 162.565
v 9231.731 1625.197 -19.778
v 9231.731 1630.197 -19.778
f 4635 4636 4637
v 9315.589 1630.197 162.565
f 4635 4637 4638
v 9224.462 1625.197 -24.435
v 9224.462 1630.197 -24.435
v 9224.859 1630.197 -24.425
f 4639 4640 4641
v 9224.859 1625.197 -24.425
f 4642 4639 4641
v 9225.254 1625.197 -24.396
v 9225.254 1630.197 -24.396
f 4643 4641 4644
f 4643 4642 4641
v 9225.647 1625.197 -24.347
v 9225.647 1630.197 -24.347
f 4645 4644 4646
f 4645 4643 4644
v 9226.038 1625.197 -24.278
v 9226.038 1630.197 -24.278
f 4647 4646 4648
f 4647 4645 4646
v 9226.424 1625.197 -24.191
v 9226.424 1630.197 -24.191
f 4649 4648 4650
v 9226.806 1630.197 -24.084
f 4649 4650 4651
f 4649 4647 4648
v 9226.806 1625.197 -24.084
f 4652 4649 4651
v 9227.182 1625.197 -23.959
v 9227.182 1630.197 -23.959
f 4653 4651 4654
f 4653 4652 4651
v 9227.551 1625.197 -23.815
v 9227.551 1630.197 -23.815
f 4655 4654 4656
f 4655 4653 4654
v 9227.913 1625.197 -23.653
v 9227.913 1630.197 -23.653
f 4657 4656 4658
v 9228.266 1630.197 -23.473
f 4657 4658 4659
f 4657 4655 4656
v 9228.266 1625.197 -23.473
v 9228.610 1630.197 -23.276
f 4660 4659 4661
f 4660 4657 4659
v 9228.610 1625.197 -23.276
f 4662 4660 4661
v 9228.944 1625.197 -23.062
f 4663 4662 4661
v 9228.944 1630.197 -23.062
f 4663 4661 4664
v 9229.267 1625.197 -22.832
f 4665 4663 4664
v 9229.267 1630.197 -22.832
f 4665 4664 4666
v 9229.578 1625.197 -22.586
f 4667 4665 4666
v 9229.578 1630.197 -22.586
f 4667 4666 4668
v 9229.876 1625.197 -22.325
f 4669 4667 4668
v 9229.876 1630.197 -22.325
f 4669 4668 4670
v 9230.161 1625.197 -22.049
f 4671 4669 4670
v 9230.161 1630.197 -22.049
f 4671 4670 4672
v 9230.432 1625.197 -21.760
v 9230.432 1630.197 -21.760
f 4673 4672 4674
v 9230.689 1630.197 -21.458
f 4673 4674 4675
f 4673 4671 4672
v 9230.689 1625.197 -21.458
f 4676 4673 4675
v 9230.930 1630.197 -21.143
f 4676 4675 4677
v 9230.930 1625.197 -21.143
v 9231.155 1630.197 -20.817
f 4678 4677 4679
f 4678 4676 4677
v 9231.155 1625.197 -20.817
v 9231.364 1630.197 -20.480
f 4680 4679 4681
f 4680 4678 4679
v 9231.364 1625.197 -20.480
v 9231.556 1630.197 -20.134
f 4682 4681 4683
f 4682 4680 4681
v 9231.556 1625.197 -20.134
f 4684 4682 4683
f 4636 4683 4637
f 4636 4684 4683
v 8957.589 1625.197 -24.435
v 8957.589 1630.197 -24.435
f 4640 4685 4686
f 4640 4639 4685
v 8949.598 1625.197 -16.828
v 8949.589 1625.197 -16.435
v 8949.589 1630.197 -16.435
f 4687 4688 4689
v 8949.598 1630.197 -16.828
f 4687 4689 4690
v 8949.627 1625.197 -17.219
v 8949.627 1630.197 -17.219
f 4691 4690 4692
f 4691 4687 4690
v 8949.675 1625.197 -17.609
v 8949.675 1630.197 -17.609
f 4693 4692 4694
f 4693 4691 4692
v 8949.742 1625.197 -17.996
v 8949.742 1630.197 -17.996
f 4695 4694 4696
f 4695 4693 4694
v 8949.828 1625.197 -18.379
v 8949.828 1630.197 -18.379
f 4697 4696 4698
f 4697 4695 4696
v 8949.933 1625.197 -18.757
v 8949.933 1630.197 -18.757
f 4699 4698 4700
f 4699 4697 4698
v 8950.056 1625.197 -19.130
v 8950.056 1630.197 -19.130
f 4701 4700 4702
f 4701 4699 4700
v 8950.198 1625.197 -19.496
v 8950.198 1630.197 -19.496
f 4703 4702 4704
f 4703 4701 4702
v 8950.357 1625.197 -19.855
f 4705 4703 4704
v 8950.357 1630.197 -19.855
f 4705 4704 4706
v 8950.533 1625.197 -20.206
v 8950.533 1630.197 -20.206
f 4707 4706 4708
f 4707 4705 4706
v 8950.727 1625.197 -20.548
v 8950.727 1630.197 -20.548
f 4709 4708 4710
f 4709 4707 4708
v 8950.937 1625.197 -20.880
v 8950.937 1630.197 -20.880
f 4711 4710 4712
f 4711 4709 4710
v 8951.163 1625.197 -21.201
v 8951.163 1630.197 -21.201
f 4713 4712 4714
f 4713 4711 4712
v 8951.405 1625.197 -21.510
v 8951.405 1630.197 -21.510
f 4715 4714 4716
f 4715 4713 4714
v 8951.661 1625.197 -21.807
v 8951.661 1630.197 -21.807
f 4717 4716 4718
f 4717 4715 4716
v 8951.932 1625.197 -22.092
v 8951.932 1630.197 -22.092
f 4719 4718 4720
f 4719 4717 4718
v 8952.216 1625.197 -22.363
v 8952.216 1630.197 -22.363
f 4721 4720 4722
f 4721 4719 4720
v 8952.514 1625.197 -22.619
v 8952.514 1630.197 -22.619
f 4723 4722 4724
f 4723 4721 4722
v 8952.823 1625.197 -22.861
v 8952.823 1630.197 -22.861
f 4725 4724 4726
f 4725 4723 4724
v 8953.144 1625.197 -23.087
v 8953.144 1630.197 -23.087
f 4727 4726 4728
f 4727 4725 4726
v 8953.476 1625.197 -23.297
v 8953.476 1630.197 -23.297
f 4729 4728 4730
f 4729 4727 4728
v 8953.817 1625.197 -23.490
v 8953.817 1630.197 -23.490
f 4731 4730 4732
f 4731 4729 4730
v 8954.168 1625.197 -23.667
v 8954.168 1630.197 -23.667
f 4733 4732 4734
f 4733 4731 4732
v 8954.527 1625.197 -23.826
v 8954.527 1630.197 -23.826
f 4735 4734 4736
f 4735 4733 4734
v 8954.894 1625.197 -23.967
v 8954.894 1630.197 -23.967
f 4737 4736 4738
f 4737 4735 4736
v 8955.266 1625.197 -24.091
v 8955.266 1630.197 -24.091
f 4739 4738 4740
f 4739 4737 4738
v 8955.645 1625.197 -24.195
v 8955.645 1630.197 -24.195
f 4741 4740 4742
f 4741 4739 4740
v 8956.028 1625.197 -24.281
v 8956.028 1630.197 -24.281
f 4743 4742 4744
f 4743 4741 4742
v 8956.415 1625.197 -24.348
v 8956.415 1630.197 -24.348
f 4745 4744 4746
f 4745 4743 4744
v 8956.804 1625.197 -24.396
v 8956.804 1630.197 -24.396
f 4747 4746 4748
f 4747 4745 4746
v 8957.196 1625.197 -24.425
v 8957.196 1630.197 -24.425
f 4749 4748 4750
f 4749 4747 4748
f 4685 4750 4686
f 4685 4749 4750
v 8949.589 1625.197 67.565
v 8949.589 1630.197 67.565
f 4689 4751 4752
f 4689 4688 4751
v 8957.589 1625.197 75.565
v 8957.589 1630.197 75.565
v 8957.196 1630.197 75.555
f 4753 4754 4755
v 8957.196 1625.197 75.555
v 8956.804 1630.197 75.526
f 4756 4755 4757
f 4756 4753 4755
v 8956.804 1625.197 75.526
f 4758 4756 4757
v 8956.415 1625.197 75.478
v 8956.415 1630.197 75.478
f 4759 4757 4760
v 8956.028 1630.197 75.411
f 4759 4760 4761
f 4759 4758 4757
v 8956.028 1625.197 75.411
f 4762 4759 4761
v 8955.645 1625.197 75.325
v 8955.645 1630.197 75.325
f 4763 4761 4764
f 4763 4762 4761
v 8955.266 1625.197 75.221
v 8955.266 1630.197 75.221
f 4765 4764 4766
f 4765 4763 4764
v 8954.894 1625.197 75.097
v 8954.894 1630.197 75.097
f 4767 4766 4768
f 4767 4765 4766
v 8954.527 1625.197 74.956
v 8954.527 1630.197 74.956
f 4769 4768 4770
f 4769 4767 4768
v 8954.168 1625.197 74.797
f 4771 4769 4770
v 8954.168 1630.197 74.797
f 4771 4770 4772
v 8953.817 1625.197 74.620
v 8953.817 1630.197 74.620
f 4773 4772 4774
f 4773 4771 4772
v 8953.476 1625.197 74.427
v 8953.476 1630.197 74.427
f 4775 4774 4776
f 4775 4773 4774
v 8953.144 1630.197 74.217
f 4775 4776 4777
v 8953.144 1625.197 74.217
f 4778 4775 4777
v 8952.823 1625.197 73.991
v 8952.823 1630.197 73.991
f 4779 4777 4780
f 4779 4778 4777
v 8952.514 1625.197 73.749
v 8952.514 1630.197 73.749
f 4781 4780 4782
f 4781 4779 4780
v 8952.216 1625.197 73.493
v 8952.216 1630.197 73.493
f 4783 4782 4784
f 4783 4781 4782
v 8951.932 1625.197 73.222
v 8951.932 1630.197 73.222
f 4785 4784 4786
f 4785 4783 4784
v 8951.661 1625.197 72.937
v 8951.661 1630.197 72.937
f 4787 4786 4788
f 4787 4785 4786
v 8951.405 1625.197 72.640
v 8951.405 1630.197 72.640
f 4789 4788 4790
v 8951.163 1630.197 72.331
f 4789 4790 4791
f 4789 4787 4788
v 8951.163 1625.197 72.331
f 4792 4789 4791
v 8950.937 1625.197 72.010
v 8950.937 1630.197 72.010
f 4793 4791 4794
f 4793 4792 4791
v 8950.727 1625.197 71.678
v 8950.727 1630.197 71.678
f 4795 4794 4796
f 4795 4793 4794
v 8950.533 1625.197 71.336
v 8950.533 1630.197 71.336
f 4797 4796 4798
f 4797 4795 4796
v 8950.357 1625.197 70.985
v 8950.357 1630.197 70.985
f 4799 4798 4800
f 4799 4797 4798
v 8950.198 1625.197 70.626
v 8950.198 1630.197 70.626
f 4801 4800 4802
f 4801 4799 4800
v 8950.056 1625.197 70.260
v 8950.056 1630.197 70.260
f 4803 4802 4804
v 8949.933 1630.197 69.887
f 4803 4804 4805
f 4803 4801 4802
v 8949.933 1625.197 69.887
f 4806 4803 4805
v 8949.828 1625.197 69.509
v 8949.828 1630.197 69.509
f 4807 4805 4808
f 4807 4806 4805
v 8949.742 1625.197 69.126
v 8949.742 1630.197 69.126
f 4809 4808 4810
f 4809 4807 4808
v 8949.675 1625.197 68.739
v 8949.675 1630.197 68.739
f 4811 4810 4812
v 8949.627 1630.197 68.349
f 4811 4812 4813
f 4811 4809 4810
v 8949.627 1625.197 68.349
v 8949.598 1630.197 67.958
f 4814 4813 4815
f 4814 4811 4813
v 8949.598 1625.197 67.958
f 4816 4814 4815
f 4751 4815 4752
f 4751 4816 4815
v 9029.589 1625.197 75.565
v 9029.589 1630.197 75.565
f 4817 4818 4754
f 4817 4754 4753
v 9089.589 1625.197 162.565
v 9089.589 1630.197 162.565
f 4818 4819 4820
f 4817 4819 4818
v 9089.589 1625.197 207.565
v 9089.589 1630.197 207.565
f 4819 4821 4822
f 4820 4819 4822
v 9097.589 1625.197 215.565
v 9097.589 1630.197 215.565
v 9097.196 1630.197 215.555
f 4823 4824 4825
v 9097.196 1625.197 215.555
f 4826 4823 4825
v 9096.804 1625.197 215.526
v 9096.804 1630.197 215.526
f 4827 4825 4828
v 9096.415 1630.197 215.478
f 4827 4828 4829
f 4827 4826 4825
v 9096.415 1625.197 215.478
f 4830 4827 4829
v 9096.028 1625.197 215.411
v 9096.028 1630.197 215.411
f 4831 4829 4832
f 4831 4830 4829
v 9095.645 1625.197 215.325
v 9095.645 1630.197 215.325
f 4833 4832 4834
v 9095.266 1630.197 215.221
f 4833 4834 4835
f 4833 4831 4832
v 9095.266 1625.197 215.221
f 4836 4833 4835
v 9094.894 1625.197 215.097
v 9094.894 1630.197 215.097
f 4837 4835 4838
f 4837 4836 4835
v 9094.527 1625.197 214.956
v 9094.527 1630.197 214.956
f 4839 4838 4840
f 4839 4837 4838
v 9094.168 1625.197 214.797
f 4841 4839 4840
v 9094.168 1630.197 214.797
f 4841 4840 4842
v 9093.817 1625.197 214.620
v 9093.817 1630.197 214.620
f 4843 4842 4844
f 4843 4841 4842
v 9093.476 1625.197 214.427
v 9093.476 1630.197 214.427
f 4845 4844 4846
f 4845 4843 4844
v 9093.144 1625.197 214.217
v 9093.144 1630.197 214.217
f 4847 4846 4848
f 4847 4845 4846
v 9092.823 1625.197 213.991
v 9092.823 1630.197 213.991
f 4849 4848 4850
v 9092.514 1630.197 213.749
f 4849 4850 4851
f 4849 4847 4848
v 9092.514 1625.197 213.749
v 9092.216 1630.197 213.493
f 4852 4851 4853
f 4852 4849 4851
v 9092.216 1625.197 213.493
f 4854 4852 4853
v 9091.932 1625.197 213.222
v 9091.932 1630.197 213.222
f 4855 4853 4856
f 4855 4854 4853
v 9091.661 1625.197 212.937
v 9091.661 1630.197 212.937
f 4857 4856 4858
f 4857 4855 4856
v 9091.405 1625.197 212.640
v 9091.405 1630.197 212.640
f 4859 4858 4860
f 4859 4857 4858
v 9091.163 1625.197 212.331
v 9091.163 1630.197 212.331
f 4861 4860 4862
f 4861 4859 4860
v 9090.937 1625.197 212.010
v 9090.937 1630.197 212.010
f 4863 4862 4864
v 9090.727 1630.197 211.678
f 4863 4864 4865
f 4863 4861 4862
v 9090.727 1625.197 211.678
v 9090.533 1630.197 211.336
f 4866 4865 4867
f 4866 4863 4865
v 9090.533 1625.197 211.336
f 4868 4866 4867
v 9090.357 1625.197 210.985
v 9090.357 1630.197 210.985
f 4869 4867 4870
f 4869 4868 4867
v 9090.198 1625.197 210.626
v 9090.198 1630.197 210.626
f 4871 4870 4872
f 4871 4869 4870
v 9090.056 1625.197 210.260
v 9090.056 1630.197 210.260
f 4873 4872 4874
f 4873 4871 4872
v 9089.933 1625.197 209.887
v 9089.933 1630.197 209.887
f 4875 4874 4876
v 9089.828 1630.197 209.509
f 4875 4876 4877
f 4875 4873 4874
v 9089.828 1625.197 209.509
f 4878 4875 4877
v 9089.742 1625.197 209.126
v 9089.742 1630.197 209.126
f 4879 4877 4880
f 4879 4878 4877
v 9089.675 1625.197 208.739
v 9089.675 1630.197 208.739
f 4881 4880 4882
f 4881 4879 4880
v 9089.627 1625.197 208.349
v 9089.627 1630.197 208.349
f 4883 4882 4884
f 4883 4881 4882
v 9089.598 1625.197 207.958
v 9089.598 1630.197 207.958
f 4885 4884 4886
f 4885 4883 4884
f 4821 4886 4822
f 4821 4885 4886
v 9307.589 1630.197 215.565
f 4887 4824 4823
v 9307.589 1625.197 215.565
f 4888 4887 4823
v 9315.579 1625.197 207.958
v 9315.589 1625.197 207.565
v 9315.589 1630.197 207.565
f 4889 4890 4891
v 9315.579 1630.197 207.958
f 4889 4891 4892
v 9315.550 1630.197 208.349
f 4889 4892 4893
v 9315.550 1625.197 208.349
f 4894 4889 4893
v 9315.502 1625.197 208.739
v 9315.502 1630.197 208.739
f 4895 4893 4896
f 4895 4894 4893
v 9315.435 1625.197 209.126
v 9315.435 1630.197 209.126
f 4897 4896 4898
f 4897 4895 4896
v 9315.349 1625.197 209.509
v 9315.349 1630.197 209.509
f 4899 4898 4900
v 9315.244 1630.197 209.887
f 4899 4900 4901
f 4899 4897 4898
v 9315.244 1625.197 209.887
f 4902 4899 4901
v 9315.121 1625.197 210.260
v 9315.121 1630.197 210.260
f 4903 4901 4904
f 4903 4902 4901
v 9314.980 1625.197 210.626
v 9314.980 1630.197 210.626
f 4905 4904 4906
f 4905 4903 4904
v 9314.821 1625.197 210.985
f 4907 4905 4906
v 9314.821 1630.197 210.985
f 4907 4906 4908
v 9314.644 1625.197 211.336
v 9314.644 1630.197 211.336
f 4909 4908 4910
f 4909 4907 4908
v 9314.450 1625.197 211.678
v 9314.450 1630.197 211.678
f 4911 4910 4912
f 4911 4909 4910
v 9314.240 1625.197 212.010
v 9314.240 1630.197 212.010
f 4913 4912 4914
f 4913 4911 4912
v 9314.014 1625.197 212.331
v 9314.014 1630.197 212.331
f 4915 4914 4916
v 9313.773 1630.197 212.640
f 4915 4916 4917
f 4915 4913 4914
v 9313.773 1625.197 212.640
f 4918 4915 4917
v 9313.516 1625.197 212.937
v 9313.516 1630.197 212.937
f 4919 4917 4920
v 9313.246 1630.197 213.222
f 4919 4920 4921
f 4919 4918 4917
v 9313.246 1625.197 213.222
v 9312.961 1630.197 213.493
f 4922 4921 4923
f 4922 4919 4921
v 9312.961 1625.197 213.493
v 9312.664 1630.197 213.749
f 4924 4923 4925
f 4924 4922 4923
v 9312.664 1625.197 213.749
f 4926 4924 4925
v 9312.354 1625.197 213.991
v 9312.354 1630.197 213.991
f 4927 4925 4928
f 4927 4926 4925
v 9312.033 1625.197 214.217
v 9312.033 1630.197 214.217
f 4929 4928 4930
f 4929 4927 4928
v 9311.701 1625.197 214.427
v 9311.701 1630.197 214.427
f 4931 4930 4932
f 4931 4929 4930
v 9311.360 1625.197 214.620
v 9311.360 1630.197 214.620
f 4933 4932 4934
f 4933 4931 4932
v 9311.009 1625.197 214.797
v 9311.009 1630.197 214.797
f 4935 4934 4936
f 4935 4933 4934
v 9310.650 1625.197 214.956
v 9310.650 1630.197 214.956
f 4937 4936 4938
f 4937 4935 4936
v 9310.284 1625.197 215.097
v 9310.284 1630.197 215.097
f 4939 4938 4940
f 4939 4937 4938
v 9309.911 1625.197 215.221
v 9309.911 1630.197 215.221
f 4941 4940 4942
v 9309.532 1630.197 215.325
f 4941 4942 4943
f 4941 4939 4940
v 9309.532 1625.197 215.325
f 4944 4941 4943
v 9309.149 1625.197 215.411
v 9309.149 1630.197 215.411
f 4945 4943 4946
f 4945 4944 4943
v 9308.762 1625.197 215.478
v 9308.762 1630.197 215.478
f 4947 4946 4948
f 4947 4945 4946
v 9308.373 1625.197 215.526
v 9308.373 1630.197 215.526
f 4949 4948 4950
f 4949 4947 4948
v 9307.981 1625.197 215.555
v 9307.981 1630.197 215.555
f 4951 4950 4952
f 4951 4949 4950
f 4888 4952 4887
f 4888 4951 4952
f 4635 4638 4891
f 4635 4891 4890
