o acc_0
v 2718.966 570.452 335.500
v 2718.966 570.452 330.500
v 2718.956 570.844 330.500
f 1 2 3
v 2718.956 570.844 335.500
v 2718.927 571.236 330.500
f 4 3 5
f 4 1 3
v 2718.927 571.236 335.500
v 2718.879 571.626 330.500
f 6 5 7
f 6 4 5
v 2718.879 571.626 335.500
v 2718.812 572.012 330.500
f 8 7 9
f 8 6 7
v 2718.812 572.012 335.500
v 2718.726 572.396 330.500
f 10 9 11
f 10 8 9
v 2718.726 572.396 335.500
v 2718.621 572.774 330.500
f 12 11 13
f 12 10 11
v 2718.621 572.774 335.500
v 2718.498 573.147 330.500
f 14 13 15
f 14 12 13
v 2718.498 573.147 335.500
v 2718.357 573.513 330.500
f 16 15 17
f 16 14 15
v 2718.357 573.513 335.500
f 18 16 17
v 2718.198 573.872 330.500
f 18 17 19
v 2718.198 573.872 335.500
f 20 18 19
v 2718.021 574.223 330.500
f 20 19 21
v 2718.021 574.223 335.500
f 22 20 21
v 2717.828 574.565 330.500
f 22 21 23
v 2717.828 574.565 335.500
f 24 22 23
v 2717.617 574.896 330.500
f 24 23 25
v 2717.617 574.896 335.500
f 26 24 25
v 2717.391 575.217 330.500
f 26 25 27
v 2717.391 575.217 335.500
f 28 26 27
v 2717.150 575.527 330.500
f 28 27 29
v 2717.150 575.527 335.500
f 30 28 29
v 2716.893 575.824 330.500
f 30 29 31
v 2716.893 575.824 335.500
f 32 30 31
v 2716.623 576.109 330.500
f 32 31 33
v 2716.623 576.109 335.500
f 34 32 33
v 2716.338 576.379 330.500
f 34 33 35
v 2716.338 576.379 335.500
f 36 34 35
v 2716.041 576.636 330.500
f 36 35 37
v 2716.041 576.636 335.500
f 38 36 37
v 2715.731 576.877 330.500
f 38 37 39
v 2715.731 576.877 335.500
f 40 38 39
v 2715.410 577.104 330.500
f 40 39 41
v 2715.410 577.104 335.500
f 42 40 41
v 2715.079 577.314 330.500
f 42 41 43
v 2715.079 577.314 335.500
v 2714.737 577.507 330.500
f 44 43 45
f 44 42 43
v 2714.737 577.507 335.500
v 2714.386 577.684 330.500
f 46 45 47
f 46 44 45
v 2714.386 577.684 335.500
v 2714.027 577.843 330.500
f 48 47 49
f 48 46 47
v 2714.027 577.843 335.500
v 2713.661 577.984 330.500
f 50 49 51
f 50 48 49
v 2713.661 577.984 335.500
v 2713.288 578.107 330.500
f 52 51 53
f 52 50 51
v 2713.288 578.107 335.500
v 2712.910 578.212 330.500
f 54 53 55
f 54 52 53
v 2712.910 578.212 335.500
v 2712.526 578.298 330.500
f 56 55 57
f 56 54 55
v 2712.526 578.298 335.500
v 2712.140 578.365 330.500
f 58 57 59
f 58 56 57
v 2712.140 578.365 335.500
v 2711.750 578.413 330.500
f 60 59 61
f 60 58 59
v 2711.750 578.413 335.500
v 2711.358 578.442 330.500
f 62 61 63
f 62 60 61
v 2711.358 578.442 335.500
f 64 62 63
v 2710.966 578.452 335.500
v 2710.966 578.452 330.500
f 65 63 66
f 65 64 63
v 2606.966 578.452 330.500
v 2606.966 578.452 335.500
f 66 67 68
f 66 68 65
v 2598.966 570.452 330.500
v 2598.966 570.452 335.500
v 2598.975 570.844 335.500
f 69 70 71
v 2598.975 570.844 330.500
v 2599.004 571.236 335.500
f 72 71 73
f 72 69 71
v 2599.004 571.236 330.500
v 2599.052 571.626 335.500
f 74 73 75
f 74 72 73
v 2599.052 571.626 330.500
v 2599.119 572.012 335.500
f 76 75 77
f 76 74 75
v 2599.119 572.012 330.500
v 2599.205 572.396 335.500
f 78 77 79
f 78 76 77
v 2599.205 572.396 330.500
v 2599.310 572.774 335.500
f 80 79 81
f 80 78 79
v 2599.310 572.774 330.500
v 2599.433 573.147 335.500
f 82 81 83
f 82 80 81
v 2599.433 573.147 330.500
v 2599.575 573.513 335.500
f 84 83 85
f 84 82 83
v 2599.575 573.513 330.500
f 86 84 85
v 2599.734 573.872 335.500
f 86 85 87
v 2599.734 573.872 330.500
f 88 86 87
v 2599.910 574.223 335.500
f 88 87 89
v 2599.910 574.223 330.500
f 90 88 89
v 2600.104 574.565 335.500
f 90 89 91
v 2600.104 574.565 330.500
f 92 90 91
v 2600.314 574.896 335.500
f 92 91 93
v 2600.314 574.896 330.500
f 94 92 93
v 2600.540 575.217 335.500
f 94 93 95
v 2600.540 575.217 330.500
f 96 94 95
v 2600.782 575.527 335.500
f 96 95 97
v 2600.782 575.527 330.500
f 98 96 97
v 2601.038 575.824 335.500
f 98 97 99
v 2601.038 575.824 330.500
f 100 98 99
v 2601.309 576.109 335.500
f 100 99 101
v 2601.309 576.109 330.500
f 102 100 101
v 2601.593 576.379 335.500
f 102 101 103
v 2601.593 576.379 330.500
f 104 102 103
v 2601.891 576.636 335.500
f 104 103 105
v 2601.891 576.636 330.500
f 106 104 105
v 2602.200 576.877 335.500
f 106 105 107
v 2602.200 576.877 330.500
f 108 106 107
v 2602.521 577.104 335.500
f 108 107 109
v 2602.521 577.104 330.500
f 110 108 109
v 2602.853 577.314 335.500
f 110 109 111
v 2602.853 577.314 330.500
v 2603.195 577.507 335.500
f 112 111 113
f 112 110 111
v 2603.195 577.507 330.500
v 2603.545 577.684 335.500
f 114 113 115
f 114 112 113
v 2603.545 577.684 330.500
v 2603.904 577.843 335.500
f 116 115 117
f 116 114 115
v 2603.904 577.843 330.500
v 2604.271 577.984 335.500
f 118 117 119
f 118 116 117
v 2604.271 577.984 330.500
v 2604.643 578.107 335.500
f 120 119 121
f 120 118 119
v 2604.643 578.107 330.500
v 2605.022 578.212 335.500
f 122 121 123
f 122 120 121
v 2605.022 578.212 330.500
v 2605.405 578.298 335.500
f 124 123 125
f 124 122 123
v 2605.405 578.298 330.500
v 2605.792 578.365 335.500
f 126 125 127
f 126 124 125
v 2605.792 578.365 330.500
v 2606.182 578.413 335.500
f 128 127 129
f 128 126 127
v 2606.182 578.413 330.500
v 2606.573 578.442 335.500
f 130 129 131
f 130 128 129
v 2606.573 578.442 330.500
f 132 130 131
f 67 131 68
f 67 132 131
v 2598.966 513.452 330.500
f 133 70 69
v 2598.966 508.452 330.500
v 2598.966 513.452 168.500
f 134 133 135
v 2598.966 508.452 168.500
f 134 135 136
v 2598.966 513.452 335.500
f 137 70 133
v 2598.966 508.458 330.745
f 138 133 134
v 2598.966 513.206 335.494
f 139 137 133
v 2598.966 508.476 330.990
f 140 133 138
v 2598.966 512.962 335.476
f 141 139 133
v 2598.966 508.506 331.234
f 142 133 140
v 2598.966 512.718 335.446
f 143 141 133
v 2598.966 508.548 331.475
f 144 133 142
v 2598.966 512.476 335.404
f 145 143 133
v 2598.966 508.602 331.715
f 146 133 144
v 2598.966 512.237 335.350
f 147 145 133
v 2598.966 508.667 331.951
f 148 133 146
v 2598.966 512.000 335.285
f 149 147 133
v 2598.966 508.744 332.184
f 150 133 148
v 2598.966 511.767 335.208
f 151 149 133
v 2598.966 508.832 332.413
f 152 133 150
v 2598.966 511.538 335.119
f 153 151 133
v 2598.966 508.932 332.638
f 154 133 152
v 2598.966 511.314 335.020
f 155 153 133
v 2598.966 509.042 332.857
f 156 133 154
v 2598.966 511.095 334.910
f 157 155 133
v 2598.966 509.163 333.071
f 158 133 156
v 2598.966 510.881 334.789
f 159 157 133
v 2598.966 509.294 333.278
f 160 133 158
v 2598.966 510.674 334.657
f 161 159 133
v 2598.966 509.436 333.478
f 162 133 160
v 2598.966 510.473 334.516
f 163 161 133
v 2598.966 509.587 333.672
f 164 133 162
v 2598.966 510.280 334.365
f 165 163 133
v 2598.966 510.094 334.205
f 166 165 133
v 2598.966 509.747 333.858
f 167 133 164
v 2598.966 509.916 334.036
f 168 166 133
f 168 133 167
v 2598.975 513.452 168.107
f 136 135 169
v 2598.975 508.452 168.107
v 2599.004 513.452 167.716
f 170 169 171
f 170 136 169
v 2599.004 508.452 167.716
v 2599.052 513.452 167.326
f 172 171 173
f 172 170 171
v 2599.052 508.452 167.326
v 2599.119 513.452 166.939
f 174 173 175
f 174 172 173
v 2599.119 508.452 166.939
v 2599.205 513.452 166.556
f 176 175 177
f 176 174 175
v 2599.205 508.452 166.556
v 2599.310 513.452 166.178
f 178 177 179
f 178 176 177
v 2599.310 508.452 166.178
v 2599.433 513.452 165.805
f 180 179 181
f 180 178 179
v 2599.433 508.452 165.805
v 2599.575 513.452 165.439
f 182 181 183
f 182 180 181
v 2599.575 508.452 165.439
f 184 182 183
v 2599.734 513.452 165.080
f 184 183 185
v 2599.734 508.452 165.080
f 186 184 185
v 2599.910 513.452 164.729
f 186 185 187
v 2599.910 508.452 164.729
v 2600.104 513.452 164.387
f 188 187 189
f 188 186 187
v 2600.104 508.452 164.387
v 2600.314 513.452 164.055
f 190 189 191
f 190 188 189
v 2600.314 508.452 164.055
v 2600.540 513.452 163.734
f 192 191 193
f 192 190 191
v 2600.540 508.452 163.734
v 2600.782 513.452 163.425
f 194 193 195
f 194 192 193
v 2600.782 508.452 163.425
v 2601.038 513.452 163.128
f 196 195 197
f 196 194 195
v 2601.038 508.452 163.128
v 2601.309 513.452 162.843
f 198 197 199
f 198 196 197
v 2601.309 508.452 162.843
v 2601.593 513.452 162.572
f 200 199 201
f 200 198 199
v 2601.593 508.452 162.572
v 2601.891 513.452 162.316
f 202 201 203
f 202 200 201
v 2601.891 508.452 162.316
v 2602.200 513.452 162.074
f 204 203 205
f 204 202 203
v 2602.200 508.452 162.074
v 2602.521 513.452 161.848
f 206 205 207
f 206 204 205
v 2602.521 508.452 161.848
v 2602.853 513.452 161.638
f 208 207 209
f 208 206 207
v 2602.853 508.452 161.638
v 2603.195 513.452 161.445
f 210 209 211
f 210 208 209
v 2603.195 508.452 161.445
v 2603.545 513.452 161.268
f 212 211 213
f 212 210 211
v 2603.545 508.452 161.268
v 2603.904 513.452 161.109
f 214 213 215
f 214 212 213
v 2603.904 508.452 161.109
v 2604.271 513.452 160.968
f 216 215 217
f 216 214 215
v 2604.271 508.452 160.968
v 2604.643 513.452 160.844
f 218 217 219
f 218 216 217
v 2604.643 508.452 160.844
v 2605.022 513.452 160.740
f 220 219 221
f 220 218 219
v 2605.022 508.452 160.740
v 2605.405 513.452 160.654
f 222 221 223
f 222 220 221
v 2605.405 508.452 160.654
v 2605.792 513.452 160.587
f 224 223 225
f 224 222 223
v 2605.792 508.452 160.587
v 2606.182 513.452 160.539
f 226 225 227
f 226 224 225
v 2606.182 508.452 160.539
v 2606.573 513.452 160.510
f 228 227 229
f 228 226 227
v 2606.573 508.452 160.510
v 2606.966 513.452 160.500
f 230 229 231
f 230 228 229
v 2606.966 508.452 160.500
f 232 230 231
v 2718.966 513.452 168.500
v 2718.966 508.452 168.500
v 2718.956 508.452 168.107
f 233 234 235
v 2718.956 513.452 168.107
v 2718.927 508.452 167.716
f 236 235 237
f 236 233 235
v 2718.927 513.452 167.716
v 2718.879 508.452 167.326
f 238 237 239
f 238 236 237
v 2718.879 513.452 167.326
v 2718.812 508.452 166.939
f 240 239 241
f 240 238 239
v 2718.812 513.452 166.939
v 2718.726 508.452 166.556
f 242 241 243
f 242 240 241
v 2718.726 513.452 166.556
v 2718.621 508.452 166.178
f 244 243 245
f 244 242 243
v 2718.621 513.452 166.178
v 2718.498 508.452 165.805
f 246 245 247
f 246 244 245
v 2718.498 513.452 165.805
v 2718.357 508.452 165.439
f 248 247 249
f 248 246 247
v 2718.357 513.452 165.439
f 250 248 249
v 2718.198 508.452 165.080
f 250 249 251
v 2718.198 513.452 165.080
f 252 250 251
v 2718.021 508.452 164.729
f 252 251 253
v 2718.021 513.452 164.729
v 2717.828 508.452 164.387
f 254 253 255
f 254 252 253
v 2717.828 513.452 164.387
v 2717.617 508.452 164.055
f 256 255 257
f 256 254 255
v 2717.617 513.452 164.055
v 2717.391 508.452 163.734
f 258 257 259
f 258 256 257
v 2717.391 513.452 163.734
v 2717.150 508.452 163.425
f 260 259 261
f 260 258 259
v 2717.150 513.452 163.425
v 2716.893 508.452 163.128
f 262 261 263
f 262 260 261
v 2716.893 513.452 163.128
v 2716.623 508.452 162.843
f 264 263 265
f 264 262 263
v 2716.623 513.452 162.843
v 2716.338 508.452 162.572
f 266 265 267
f 266 264 265
v 2716.338 513.452 162.572
v 2716.041 508.452 162.316
f 268 267 269
f 268 266 267
v 2716.041 513.452 162.316
v 2715.731 508.452 162.074
f 270 269 271
f 270 268 269
v 2715.731 513.452 162.074
v 2715.410 508.452 161.848
f 272 271 273
f 272 270 271
v 2715.410 513.452 161.848
v 2715.079 508.452 161.638
f 274 273 275
f 274 272 273
v 2715.079 513.452 161.638
v 2714.737 508.452 161.445
f 276 275 277
f 276 274 275
v 2714.737 513.452 161.445
v 2714.386 508.452 161.268
f 278 277 279
f 278 276 277
v 2714.386 513.452 161.268
v 2714.027 508.452 161.109
f 280 279 281
f 280 278 279
v 2714.027 513.452 161.109
v 2713.661 508.452 160.968
f 282 281 283
f 282 280 281
v 2713.661 513.452 160.968
v 2713.288 508.452 160.844
f 284 283 285
f 284 282 283
v 2713.288 513.452 160.844
v 2712.910 508.452 160.740
f 286 285 287
f 286 284 285
v 2712.910 513.452 160.740
v 2712.526 508.452 160.654
f 288 287 289
f 288 286 287
v 2712.526 513.452 160.654
v 2712.140 508.452 160.587
f 290 289 291
f 290 288 289
v 2712.140 513.452 160.587
v 2711.750 508.452 160.539
f 292 291 293
f 292 290 291
v 2711.750 513.452 160.539
v 2711.358 508.452 160.510
f 294 293 295
f 294 292 293
v 2711.358 513.452 160.510
v 2710.966 508.452 160.500
f 296 295 297
f 296 294 295
v 2710.966 513.452 160.500
f 298 296 297
f 297 232 231
f 297 231 298
v 2718.966 508.452 330.500
v 2718.966 508.458 330.745
f 134 299 300
v 2718.966 508.476 330.990
f 138 300 301
f 138 134 300
v 2718.966 508.506 331.234
f 140 301 302
f 140 138 301
v 2718.966 508.548 331.475
f 142 302 303
f 142 140 302
v 2718.966 508.602 331.715
f 144 303 304
f 144 142 303
f 146 144 304
v 2718.966 508.667 331.951
v 2718.966 508.744 332.184
f 148 305 306
f 148 304 305
f 148 146 304
v 2718.966 508.832 332.413
f 150 306 307
f 150 148 306
f 152 150 307
f 154 152 307
v 2718.966 508.932 332.638
f 154 307 308
f 156 154 308
v 2718.966 509.042 332.857
v 2718.966 509.163 333.071
f 156 309 310
f 156 308 309
f 158 156 310
v 2718.966 509.294 333.278
f 158 310 311
v 2718.966 509.436 333.478
f 160 311 312
f 160 158 311
f 162 160 312
v 2718.966 509.587 333.672
f 164 312 313
f 164 162 312
f 167 164 313
v 2718.966 509.747 333.858
v 2718.966 509.916 334.036
f 167 314 315
f 167 313 314
f 168 167 315
v 2718.966 510.094 334.205
f 166 315 316
f 166 168 315
v 2718.966 510.280 334.365
f 165 316 317
f 165 166 316
v 2718.966 510.473 334.516
v 2718.966 510.674 334.657
f 163 318 319
f 163 317 318
f 163 165 317
v 2718.966 510.881 334.789
f 161 319 320
f 161 163 319
v 2718.966 511.095 334.910
f 159 320 321
f 159 161 320
v 2718.966 511.314 335.020
f 157 321 322
f 157 159 321
f 155 157 322
v 2718.966 511.538 335.119
v 2718.966 511.767 335.208
f 153 323 324
f 153 322 323
f 153 155 322
v 2718.966 512.000 335.285
f 151 324 325
f 151 153 324
f 149 151 325
v 2718.966 512.237 335.350
f 147 325 326
f 147 149 325
v 2718.966 512.476 335.404
f 145 326 327
f 145 147 326
v 2718.966 512.718 335.446
v 2718.966 512.962 335.476
f 143 328 329
f 143 327 328
f 143 145 327
f 141 143 329
v 2718.966 513.206 335.494
f 139 329 330
f 139 141 329
v 2718.966 513.452 335.500
f 137 330 331
f 137 139 330
v 2718.966 513.452 330.500
f 135 133 332
f 171 169 135
f 175 173 171
f 179 177 175
f 179 175 171
f 181 179 171
f 185 183 181
f 185 171 135
f 185 181 171
f 187 185 135
f 191 189 187
f 195 193 191
f 197 195 191
f 201 197 191
f 201 199 197
f 201 191 187
f 207 203 201
f 207 205 203
f 213 207 201
f 213 209 207
f 213 211 209
f 217 201 187
f 217 213 201
f 217 215 213
f 223 219 217
f 223 221 219
f 225 223 217
f 231 217 187
f 231 225 217
f 231 227 225
f 231 229 227
f 231 187 135
f 298 231 135
f 233 298 135
f 233 135 332
f 238 233 236
f 292 296 298
f 292 294 296
f 288 290 292
f 288 292 298
f 244 240 242
f 286 288 298
f 246 238 240
f 246 233 238
f 246 240 244
f 252 248 250
f 252 246 248
f 252 233 246
f 280 284 286
f 280 282 284
f 280 286 298
f 278 280 298
f 274 276 278
f 274 278 298
f 258 254 256
f 258 252 254
f 260 252 258
f 270 272 274
f 270 274 298
f 264 260 262
f 264 252 260
f 266 252 264
f 266 268 270
f 266 298 233
f 266 233 252
f 266 270 298
f 1 332 2
f 332 299 233
f 233 299 234
f 1 331 332
f 332 300 299
f 331 330 332
f 332 301 300
f 330 329 332
f 332 302 301
f 329 328 332
f 332 303 302
f 328 327 332
f 332 304 303
f 327 326 332
f 332 305 304
f 326 325 332
f 332 306 305
f 325 324 332
f 332 307 306
f 324 323 332
f 332 308 307
f 323 322 332
f 332 309 308
f 322 321 332
f 332 310 309
f 321 320 332
f 332 311 310
f 320 319 332
f 332 312 311
f 319 318 332
f 332 313 312
f 318 317 332
f 332 314 313
f 317 316 332
f 332 315 314
f 316 315 332
v 2694.003 564.075 330.500
v 2693.468 563.553 330.500
v 2693.729 563.821 330.500
f 333 334 335
v 2694.588 564.541 330.500
f 336 334 333
v 2694.290 564.315 330.500
f 336 333 337
v 2692.379 562.039 330.500
v 2692.987 562.980 330.500
v 2693.220 563.273 330.500
f 338 339 340
v 2692.769 562.677 330.500
f 338 341 339
v 2692.566 562.363 330.500
f 338 342 341
v 2695.544 565.126 330.500
v 2694.897 564.752 330.500
v 2695.216 564.947 330.500
f 343 344 345
v 2695.881 565.288 330.500
f 346 336 344
f 346 344 343
v 2692.055 561.365 330.500
v 2692.208 561.706 330.500
f 347 348 338
v 2696.577 565.561 330.500
v 2696.226 565.433 330.500
f 349 346 350
v 2696.934 565.671 330.500
f 351 346 349
v 2691.698 560.302 330.500
v 2691.918 561.017 330.500
f 352 353 347
v 2691.799 560.662 330.500
f 352 354 353
v 2697.663 565.838 330.500
v 2697.297 565.764 330.500
f 355 351 356
v 2691.503 559.199 330.500
v 2691.614 559.938 330.500
f 357 358 352
v 2691.549 559.570 330.500
f 357 359 358
v 2698.405 565.931 330.500
v 2698.033 565.894 330.500
f 360 355 361
v 2699.526 565.931 330.500
v 2698.779 565.949 330.500
v 2699.153 565.949 330.500
f 362 363 364
f 362 360 363
v 2691.503 557.705 330.500
v 2691.475 558.078 330.500
v 2691.466 558.452 330.500
f 365 366 367
v 2700.635 565.764 330.500
v 2699.898 565.894 330.500
v 2700.268 565.838 330.500
f 368 369 370
v 2700.997 565.671 330.500
f 371 369 368
f 371 362 369
f 371 355 360
f 371 346 351
f 371 351 355
f 371 360 362
v 2691.799 556.241 330.500
v 2691.698 556.601 330.500
v 2691.614 556.966 330.500
f 372 373 374
v 2702.050 565.288 330.500
v 2701.354 565.561 330.500
v 2701.706 565.433 330.500
f 375 376 377
f 375 371 376
v 2692.208 555.198 330.500
v 2692.055 555.538 330.500
v 2691.918 555.887 330.500
f 378 379 380
v 2692.769 554.227 330.500
v 2692.566 554.541 330.500
v 2692.379 554.865 330.500
f 381 382 383
v 2703.344 564.541 330.500
f 384 346 371
v 2702.716 564.947 330.500
v 2703.035 564.752 330.500
f 384 385 386
v 2702.387 565.126 330.500
f 384 387 385
f 384 375 387
f 384 371 375
f 384 336 346
v 2703.928 564.075 330.500
v 2703.642 564.315 330.500
f 388 384 389
v 2704.202 563.821 330.500
f 390 384 388
f 390 336 384
f 390 334 336
v 2694.003 552.828 330.500
v 2693.220 553.631 330.500
v 2692.987 553.923 330.500
f 391 392 393
v 2693.468 553.350 330.500
f 391 394 392
v 2693.729 553.083 330.500
f 391 395 394
v 2704.944 562.980 330.500
v 2704.464 563.553 330.500
v 2704.711 563.273 330.500
f 396 397 398
f 396 390 397
f 396 340 334
f 396 334 390
v 2694.588 552.362 330.500
v 2694.290 552.588 330.500
f 399 400 391
v 2705.162 562.677 330.500
f 401 340 396
v 2694.897 552.152 330.500
f 402 399 391
v 2705.552 562.039 330.500
v 2705.365 562.363 330.500
f 403 401 404
f 403 338 340
f 403 340 401
f 403 347 338
v 2695.544 551.778 330.500
v 2695.216 551.957 330.500
f 405 406 402
v 2695.881 551.615 330.500
f 407 405 402
v 2706.013 561.017 330.500
v 2705.723 561.706 330.500
v 2705.877 561.365 330.500
f 408 409 410
f 408 403 409
f 408 347 403
v 2696.577 551.342 330.500
v 2696.226 551.470 330.500
f 411 412 407
v 2706.132 560.662 330.500
f 413 352 347
f 413 347 408
v 2696.934 551.232 330.500
f 414 407 402
f 414 411 407
v 2706.317 559.938 330.500
v 2706.234 560.302 330.500
f 415 413 416
f 415 352 413
v 2706.382 559.570 330.500
f 417 357 352
f 417 352 415
v 2698.033 551.010 330.500
v 2697.663 551.066 330.500
v 2697.297 551.140 330.500
f 418 419 420
v 2706.428 559.199 330.500
f 421 357 417
v 2698.779 550.954 330.500
f 422 418 420
f 422 420 414
v 2698.405 550.973 330.500
f 422 423 418
v 2706.466 558.452 330.500
v 2706.456 558.826 330.500
f 424 421 425
v 2706.456 558.078 330.500
f 426 421 424
v 2691.475 558.826 330.500
f 426 427 357
f 426 357 421
v 2706.428 557.705 330.500
f 428 427 426
f 428 367 427
v 2691.549 557.334 330.500
f 428 429 365
f 428 374 429
f 428 365 367
v 2699.898 551.010 330.500
v 2699.526 550.973 330.500
v 2699.153 550.954 330.500
f 430 431 432
v 2706.382 557.334 330.500
f 433 374 428
v 2700.268 551.066 330.500
f 434 430 432
f 434 432 422
v 2700.635 551.140 330.500
f 435 434 422
v 2706.234 556.601 330.500
v 2706.317 556.966 330.500
f 436 433 437
v 2700.997 551.232 330.500
f 438 435 422
v 2706.132 556.241 330.500
f 439 372 374
f 439 374 433
f 439 433 436
f 439 380 372
v 2705.877 555.538 330.500
v 2706.013 555.887 330.500
f 440 439 441
v 2705.723 555.198 330.500
f 442 378 380
f 442 380 439
f 442 439 440
f 442 383 378
v 2702.387 551.778 330.500
v 2701.354 551.342 330.500
f 443 444 438
v 2701.706 551.470 330.500
f 443 445 444
v 2702.050 551.615 330.500
f 443 446 445
f 443 422 414
f 443 438 422
v 2705.365 554.541 330.500
f 447 383 442
v 2705.552 554.865 330.500
f 447 442 448
f 447 381 383
v 2705.162 554.227 330.500
f 449 381 447
v 2703.642 552.588 330.500
v 2702.716 551.957 330.500
f 450 451 443
v 2703.035 552.152 330.500
f 450 452 451
v 2703.344 552.362 330.500
f 450 453 452
v 2704.711 553.631 330.500
v 2704.944 553.923 330.500
f 454 449 455
v 2703.928 552.828 330.500
f 456 450 443
v 2704.464 553.350 330.500
f 457 449 454
f 457 381 449
f 457 393 381
v 2704.202 553.083 330.500
f 458 443 414
f 458 402 391
f 458 391 393
f 458 393 457
f 458 456 443
f 458 414 402
v 2704.711 563.273 335.500
v 2704.464 563.553 335.500
v 2704.202 563.821 335.500
f 459 460 461
v 2705.162 562.677 335.500
v 2704.944 562.980 335.500
f 462 463 459
f 462 459 461
v 2703.035 564.752 335.500
v 2703.642 564.315 335.500
v 2703.344 564.541 335.500
f 464 465 466
v 2703.928 564.075 335.500
f 464 467 465
f 464 461 467
v 2702.387 565.126 335.500
v 2702.716 564.947 335.500
f 468 464 469
v 2705.723 561.706 335.500
v 2705.552 562.039 335.500
v 2705.365 562.363 335.500
f 470 471 472
v 2701.706 565.433 335.500
v 2702.050 565.288 335.500
f 473 468 474
f 473 464 468
v 2706.013 561.017 335.500
v 2705.877 561.365 335.500
f 475 476 470
v 2706.132 560.662 335.500
f 477 475 470
v 2706.234 560.302 335.500
f 478 470 472
f 478 477 470
v 2700.635 565.764 335.500
v 2701.354 565.561 335.500
v 2700.997 565.671 335.500
f 479 480 481
f 479 473 480
v 2706.317 559.938 335.500
f 482 478 472
v 2699.526 565.931 335.500
f 483 473 479
v 2700.268 565.838 335.500
v 2699.898 565.894 335.500
f 483 484 485
f 483 479 484
v 2706.456 558.826 335.500
v 2706.382 559.570 335.500
f 486 487 482
v 2706.428 559.199 335.500
f 486 488 487
v 2698.405 565.931 335.500
v 2699.153 565.949 335.500
v 2698.779 565.949 335.500
f 489 490 491
v 2706.428 557.705 335.500
v 2706.456 558.078 335.500
v 2706.466 558.452 335.500
f 492 493 494
f 492 494 486
f 492 486 482
v 2698.033 565.894 335.500
f 495 490 489
v 2697.663 565.838 335.500
f 496 490 495
f 496 483 490
v 2706.234 556.601 335.500
v 2706.317 556.966 335.500
v 2706.382 557.334 335.500
f 497 498 499
v 2706.132 556.241 335.500
f 500 497 499
v 2696.577 565.561 335.500
v 2697.297 565.764 335.500
v 2696.934 565.671 335.500
f 501 502 503
f 501 496 502
v 2706.013 555.887 335.500
f 504 499 492
f 504 500 499
f 504 482 472
f 504 492 482
v 2695.881 565.288 335.500
v 2696.226 565.433 335.500
f 505 501 506
v 2695.544 565.126 335.500
f 507 501 505
v 2705.552 554.865 335.500
v 2705.877 555.538 335.500
f 508 509 504
v 2705.723 555.198 335.500
f 508 510 509
v 2705.365 554.541 335.500
f 511 472 462
f 511 508 504
f 511 462 461
f 511 504 472
v 2694.897 564.752 335.500
f 512 501 507
v 2695.216 564.947 335.500
f 512 507 513
v 2704.711 553.631 335.500
v 2704.944 553.923 335.500
v 2705.162 554.227 335.500
f 514 515 516
v 2693.729 563.821 335.500
v 2694.290 564.315 335.500
v 2694.003 564.075 335.500
f 517 518 519
v 2694.588 564.541 335.500
f 517 520 518
f 517 512 520
v 2703.642 552.588 335.500
f 521 511 461
f 521 516 511
v 2704.464 553.350 335.500
f 521 522 514
v 2704.202 553.083 335.500
f 521 523 522
v 2703.928 552.828 335.500
f 521 524 523
f 521 514 516
f 521 461 464
v 2692.987 562.980 335.500
f 525 512 517
v 2693.468 563.553 335.500
v 2693.220 563.273 335.500
f 525 526 527
f 525 517 526
v 2703.035 552.152 335.500
v 2703.344 552.362 335.500
f 528 529 521
v 2702.387 551.778 335.500
v 2702.716 551.957 335.500
f 530 531 528
f 530 528 521
v 2692.208 561.706 335.500
f 532 512 525
v 2692.566 562.363 335.500
v 2692.379 562.039 335.500
f 532 533 534
v 2692.769 562.677 335.500
f 532 535 533
f 532 525 535
v 2692.055 561.365 335.500
f 536 512 532
v 2691.918 561.017 335.500
f 537 512 536
v 2701.354 551.342 335.500
v 2702.050 551.615 335.500
f 538 539 530
v 2701.706 551.470 335.500
f 538 540 539
f 538 521 464
f 538 530 521
f 538 464 473
v 2691.799 560.662 335.500
f 541 512 537
v 2700.635 551.140 335.500
v 2700.997 551.232 335.500
f 542 543 538
f 542 538 473
f 542 473 483
v 2691.614 559.938 335.500
v 2691.698 560.302 335.500
f 544 541 545
v 2691.549 559.570 335.500
f 546 541 544
v 2699.898 551.010 335.500
v 2700.268 551.066 335.500
f 547 548 542
v 2691.503 559.199 335.500
f 549 541 546
v 2699.153 550.954 335.500
v 2699.526 550.973 335.500
f 550 551 547
f 550 547 542
v 2691.466 558.452 335.500
v 2691.475 558.826 335.500
f 552 549 553
v 2698.779 550.954 335.500
f 554 550 542
f 554 542 483
v 2691.475 558.078 335.500
f 555 549 552
v 2691.503 557.705 335.500
f 556 541 549
f 556 549 555
v 2698.033 551.010 335.500
v 2698.405 550.973 335.500
f 557 558 554
v 2691.614 556.966 335.500
f 559 541 556
v 2691.549 557.334 335.500
f 559 556 560
v 2697.297 551.140 335.500
f 561 496 501
f 561 483 496
f 561 557 554
f 561 554 483
v 2697.663 551.066 335.500
f 561 562 557
f 561 501 512
v 2691.799 556.241 335.500
v 2691.698 556.601 335.500
f 563 559 564
v 2696.577 551.342 335.500
v 2696.934 551.232 335.500
f 565 566 561
v 2691.918 555.887 335.500
f 567 541 559
f 567 559 563
v 2692.055 555.538 335.500
f 568 541 567
v 2695.881 551.615 335.500
v 2696.226 551.470 335.500
f 569 570 565
f 569 565 561
v 2695.216 551.957 335.500
v 2695.544 551.778 335.500
f 571 572 569
v 2692.566 554.541 335.500
f 573 541 568
v 2692.208 555.198 335.500
v 2692.379 554.865 335.500
f 573 574 575
f 573 568 574
v 2694.897 552.152 335.500
f 576 571 569
v 2694.290 552.588 335.500
v 2694.588 552.362 335.500
f 577 578 576
v 2693.220 553.631 335.500
v 2692.769 554.227 335.500
v 2692.987 553.923 335.500
f 579 580 581
f 579 573 580
v 2694.003 552.828 335.500
f 582 577 576
v 2693.468 553.350 335.500
f 583 573 579
v 2693.729 553.083 335.500
f 584 561 512
f 584 569 561
f 584 576 569
f 584 541 573
f 584 573 583
f 584 582 576
f 584 512 541
v 2621.142 508.452 313.864
v 2621.702 508.452 313.369
v 2621.428 508.452 313.623
f 585 586 587
v 2622.444 508.452 312.529
v 2621.964 508.452 313.101
f 588 589 586
v 2622.211 508.452 312.821
f 588 590 589
f 588 586 585
v 2620.535 508.452 314.300
v 2620.844 508.452 314.090
f 591 585 592
v 2622.865 508.452 311.911
v 2622.662 508.452 312.225
f 593 594 588
v 2623.052 508.452 311.587
f 595 593 588
v 2619.887 508.452 314.674
v 2620.216 508.452 314.495
f 596 591 597
f 596 588 585
f 596 585 591
f 596 595 588
v 2623.377 508.452 310.913
v 2623.223 508.452 311.254
f 598 599 595
v 2623.513 508.452 310.565
f 600 598 595
v 2618.854 508.452 315.109
v 2619.550 508.452 314.836
v 2619.206 508.452 314.982
f 601 602 603
v 2618.497 508.452 315.220
f 604 596 602
f 604 602 601
v 2623.817 508.452 309.486
v 2623.632 508.452 310.211
f 605 606 600
v 2623.734 508.452 309.851
f 605 607 606
f 605 600 595
v 2617.398 508.452 315.442
v 2618.135 508.452 315.312
f 608 604 609
f 608 596 604
v 2617.768 508.452 315.386
f 608 609 610
v 2623.928 508.452 308.747
v 2623.882 508.452 309.118
f 611 612 605
v 2616.653 508.452 315.498
v 2617.026 508.452 315.479
f 613 608 614
v 2623.966 508.452 308.000
v 2623.956 508.452 308.374
f 615 616 611
f 615 595 596
f 615 611 605
f 615 605 595
v 2615.533 508.452 315.442
f 617 615 596
f 617 596 608
f 617 608 613
v 2616.279 508.452 315.498
v 2615.905 508.452 315.479
f 617 618 619
f 617 613 618
v 2614.434 508.452 315.220
v 2615.163 508.452 315.386
v 2614.797 508.452 315.312
f 620 621 622
f 620 617 621
v 2613.726 508.452 314.982
v 2614.077 508.452 315.109
f 623 620 624
v 2613.044 508.452 314.674
f 625 620 623
v 2613.381 508.452 314.836
f 625 623 626
v 2611.790 508.452 313.864
f 627 617 620
f 627 620 625
v 2612.397 508.452 314.300
v 2612.088 508.452 314.090
f 627 628 629
v 2612.716 508.452 314.495
f 627 630 628
f 627 625 630
v 2610.720 508.452 312.821
v 2611.229 508.452 313.369
v 2610.968 508.452 313.101
f 631 632 633
v 2610.487 508.452 312.529
f 634 632 631
v 2611.503 508.452 313.623
f 634 635 632
f 634 627 635
v 2610.066 508.452 311.911
v 2610.269 508.452 312.225
f 636 634 637
v 2609.555 508.452 310.913
v 2609.879 508.452 311.587
v 2609.708 508.452 311.254
f 638 639 640
f 638 636 639
v 2609.299 508.452 310.211
v 2609.418 508.452 310.565
f 641 638 642
v 2609.198 508.452 309.851
f 643 636 638
f 643 638 641
v 2609.049 508.452 309.118
f 644 617 627
f 644 627 634
f 644 634 636
f 644 636 643
v 2609.114 508.452 309.486
f 644 643 645
v 2608.975 508.452 308.374
f 646 617 644
v 2609.003 508.452 308.747
f 646 644 647
f 646 615 617
v 2608.966 508.452 308.000
f 648 615 646
v 2623.966 508.452 188.000
f 649 615 648
v 2623.928 508.452 187.253
v 2623.956 508.452 187.626
f 650 651 649
v 2623.734 508.452 186.149
v 2623.882 508.452 186.882
f 652 653 650
v 2623.817 508.452 186.514
f 652 654 653
f 652 650 649
v 2623.377 508.452 185.087
v 2623.632 508.452 185.789
f 655 656 652
v 2623.513 508.452 185.435
f 655 657 656
f 655 652 649
v 2623.052 508.452 184.413
v 2623.223 508.452 184.746
f 658 659 655
v 2622.865 508.452 184.089
f 660 658 655
v 2622.444 508.452 183.471
v 2622.662 508.452 183.775
f 661 662 660
f 661 660 655
v 2621.964 508.452 182.899
v 2622.211 508.452 183.179
f 663 664 661
f 663 661 655
v 2620.844 508.452 181.910
v 2621.142 508.452 182.136
v 2621.428 508.452 182.377
f 665 666 667
v 2620.535 508.452 181.700
v 2621.702 508.452 182.631
f 668 669 663
f 668 667 669
f 668 665 667
v 2620.216 508.452 181.505
f 670 668 663
f 670 663 655
v 2619.550 508.452 181.164
v 2619.887 508.452 181.326
f 671 672 670
v 2619.206 508.452 181.018
f 673 671 670
v 2618.497 508.452 180.780
v 2618.854 508.452 180.891
f 674 675 673
v 2618.135 508.452 180.688
f 676 670 655
f 676 674 673
f 676 673 670
v 2617.026 508.452 180.521
v 2617.398 508.452 180.558
v 2617.768 508.452 180.614
f 677 678 679
v 2608.966 508.452 188.000
f 680 649 648
v 2609.003 508.452 187.253
f 681 649 680
v 2608.975 508.452 187.626
f 681 680 682
f 681 655 649
v 2615.533 508.452 180.558
f 683 677 679
f 683 679 676
v 2616.653 508.452 180.502
f 683 684 677
v 2616.279 508.452 180.502
f 683 685 684
v 2615.905 508.452 180.521
f 683 686 685
v 2614.797 508.452 180.688
v 2615.163 508.452 180.614
f 687 688 683
v 2609.299 508.452 185.789
v 2609.114 508.452 186.514
v 2609.198 508.452 186.149
f 689 690 691
v 2609.049 508.452 186.882
f 689 692 690
f 689 681 692
v 2614.077 508.452 180.891
f 693 683 676
f 693 687 683
v 2614.434 508.452 180.780
f 693 694 687
v 2609.418 508.452 185.435
f 695 681 689
v 2609.708 508.452 184.746
f 696 681 695
v 2609.555 508.452 185.087
f 696 695 697
v 2613.044 508.452 181.326
f 698 693 676
v 2613.726 508.452 181.018
f 698 699 693
v 2613.381 508.452 181.164
f 698 700 699
v 2612.397 508.452 181.700
v 2612.716 508.452 181.505
f 701 702 698
f 701 698 676
v 2610.487 508.452 183.471
f 703 655 681
f 703 681 696
v 2610.066 508.452 184.089
v 2610.269 508.452 183.775
f 703 704 705
v 2609.879 508.452 184.413
f 703 706 704
f 703 696 706
v 2611.790 508.452 182.136
v 2612.088 508.452 181.910
f 707 708 701
v 2610.968 508.452 182.899
v 2610.720 508.452 183.179
f 709 703 710
v 2611.229 508.452 182.631
f 711 676 655
v 2611.503 508.452 182.377
f 711 712 707
f 711 655 703
f 711 701 676
f 711 707 701
f 711 703 709
v 2623.966 513.452 308.000
v 2623.956 513.452 308.374
f 615 713 714
f 616 615 714
v 2623.928 513.452 308.747
f 611 714 715
f 611 616 714
v 2623.882 513.452 309.118
f 612 715 716
f 612 611 715
v 2623.817 513.452 309.486
f 605 716 717
f 605 612 716
v 2623.734 513.452 309.851
f 607 717 718
f 607 605 717
v 2623.632 513.452 310.211
f 606 718 719
f 606 607 718
v 2623.513 513.452 310.565
f 600 719 720
f 600 606 719
v 2623.377 513.452 310.913
f 598 720 721
f 598 600 720
v 2623.223 513.452 311.254
f 599 721 722
f 599 598 721
v 2623.052 513.452 311.587
f 595 722 723
f 595 599 722
v 2622.865 513.452 311.911
f 593 723 724
f 593 595 723
v 2622.662 513.452 312.225
f 594 724 725
f 594 593 724
v 2622.444 513.452 312.529
f 588 725 726
f 588 594 725
v 2622.211 513.452 312.821
f 590 726 727
f 590 588 726
v 2621.964 513.452 313.101
f 589 727 728
f 589 590 727
v 2621.702 513.452 313.369
f 586 728 729
f 586 589 728
v 2621.428 513.452 313.623
f 587 729 730
f 587 586 729
v 2621.142 513.452 313.864
f 585 730 731
f 585 587 730
f 592 585 731
v 2620.844 513.452 314.090
f 592 731 732
f 591 592 732
v 2620.535 513.452 314.300
f 591 732 733
f 597 591 733
v 2620.216 513.452 314.495
f 597 733 734
f 596 597 734
v 2619.887 513.452 314.674
f 596 734 735
v 2619.550 513.452 314.836
f 602 735 736
f 602 596 735
v 2619.206 513.452 314.982
f 603 736 737
f 603 602 736
v 2618.854 513.452 315.109
f 601 737 738
f 601 603 737
v 2618.497 513.452 315.220
f 604 738 739
f 604 601 738
v 2618.135 513.452 315.312
f 609 739 740
f 609 604 739
v 2617.768 513.452 315.386
f 610 740 741
f 610 609 740
v 2617.398 513.452 315.442
f 608 741 742
f 608 610 741
v 2617.026 513.452 315.479
f 614 742 743
f 614 608 742
v 2616.653 513.452 315.498
f 613 743 744
f 613 614 743
v 2616.279 513.452 315.498
f 618 744 745
f 618 613 744
v 2615.905 513.452 315.479
f 619 745 746
f 619 618 745
v 2615.533 513.452 315.442
f 617 746 747
f 617 619 746
v 2615.163 513.452 315.386
f 621 747 748
f 621 617 747
v 2614.797 513.452 315.312
f 622 748 749
f 622 621 748
v 2614.434 513.452 315.220
f 620 749 750
f 620 622 749
v 2614.077 513.452 315.109
f 624 750 751
f 624 620 750
v 2613.726 513.452 314.982
f 623 751 752
f 623 624 751
v 2613.381 513.452 314.836
f 626 752 753
f 626 623 752
v 2613.044 513.452 314.674
f 625 753 754
f 625 626 753
v 2612.716 513.452 314.495
f 630 754 755
f 630 625 754
f 628 630 755
v 2612.397 513.452 314.300
f 628 755 756
f 629 628 756
v 2612.088 513.452 314.090
f 629 756 757
f 627 629 757
v 2611.790 513.452 313.864
f 627 757 758
f 635 627 758
v 2611.503 513.452 313.623
f 635 758 759
f 632 635 759
v 2611.229 513.452 313.369
f 632 759 760
f 633 632 760
v 2610.968 513.452 313.101
f 633 760 761
f 631 633 761
v 2610.720 513.452 312.821
f 631 761 762
f 634 631 762
v 2610.487 513.452 312.529
f 634 762 763
f 637 634 763
v 2610.269 513.452 312.225
f 637 763 764
f 636 637 764
v 2610.066 513.452 311.911
f 636 764 765
f 639 636 765
v 2609.879 513.452 311.587
f 639 765 766
f 640 639 766
v 2609.708 513.452 311.254
f 640 766 767
f 638 640 767
v 2609.555 513.452 310.913
f 638 767 768
v 2609.418 513.452 310.565
f 642 768 769
f 642 638 768
v 2609.299 513.452 310.211
f 641 769 770
f 641 642 769
v 2609.198 513.452 309.851
f 643 770 771
f 643 641 770
v 2609.114 513.452 309.486
f 645 771 772
f 645 643 771
v 2609.049 513.452 309.118
f 644 772 773
f 644 645 772
v 2609.003 513.452 308.747
f 647 773 774
f 647 644 773
v 2608.975 513.452 308.374
f 646 774 775
f 646 647 774
v 2608.966 513.452 308.000
f 648 775 776
f 648 646 775
f 713 615 649
v 2623.966 513.452 188.000
f 713 649 777
v 2608.966 513.452 188.000
f 682 680 778
v 2608.975 513.452 187.626
f 682 778 779
v 2609.003 513.452 187.253
f 681 779 780
f 681 682 779
v 2609.049 513.452 186.882
f 692 780 781
f 692 681 780
v 2609.114 513.452 186.514
f 690 781 782
f 690 692 781
v 2609.198 513.452 186.149
f 691 782 783
f 691 690 782
v 2609.299 513.452 185.789
f 689 783 784
f 689 691 783
v 2609.418 513.452 185.435
f 695 784 785
f 695 689 784
v 2609.555 513.452 185.087
f 697 785 786
f 697 695 785
v 2609.708 513.452 184.746
f 696 786 787
f 696 697 786
v 2609.879 513.452 184.413
f 706 787 788
f 706 696 787
v 2610.066 513.452 184.089
f 704 788 789
f 704 706 788
v 2610.269 513.452 183.775
f 705 789 790
f 705 704 789
v 2610.487 513.452 183.471
f 703 790 791
f 703 705 790
v 2610.720 513.452 183.179
f 710 791 792
f 710 703 791
v 2610.968 513.452 182.899
f 709 792 793
f 709 710 792
v 2611.229 513.452 182.631
f 711 793 794
f 711 709 793
v 2611.503 513.452 182.377
f 712 794 795
f 712 711 794
v 2611.790 513.452 182.136
f 707 795 796
f 707 712 795
f 708 707 796
v 2612.088 513.452 181.910
f 708 796 797
f 701 708 797
v 2612.397 513.452 181.700
f 701 797 798
f 702 701 798
v 2612.716 513.452 181.505
f 702 798 799
f 698 702 799
v 2613.044 513.452 181.326
f 698 799 800
v 2613.381 513.452 181.164
f 700 800 801
f 700 698 800
v 2613.726 513.452 181.018
f 699 801 802
f 699 700 801
v 2614.077 513.452 180.891
f 693 802 803
f 693 699 802
v 2614.434 513.452 180.780
f 694 803 804
f 694 693 803
v 2614.797 513.452 180.688
f 687 804 805
f 687 694 804
v 2615.163 513.452 180.614
f 688 805 806
f 688 687 805
v 2615.533 513.452 180.558
f 683 806 807
f 683 688 806
v 2615.905 513.452 180.521
f 686 807 808
f 686 683 807
v 2616.279 513.452 180.502
f 685 808 809
f 685 686 808
v 2616.653 513.452 180.502
f 684 809 810
f 684 685 809
v 2617.026 513.452 180.521
f 677 810 811
f 677 684 810
v 2617.398 513.452 180.558
f 678 811 812
f 678 677 811
v 2617.768 513.452 180.614
f 679 812 813
f 679 678 812
v 2618.135 513.452 180.688
f 676 813 814
f 676 679 813
v 2618.497 513.452 180.780
f 674 814 815
f 674 676 814
v 2618.854 513.452 180.891
f 675 815 816
f 675 674 815
v 2619.206 513.452 181.018
f 673 816 817
f 673 675 816
v 2619.550 513.452 181.164
f 671 817 818
f 671 673 817
v 2619.887 513.452 181.326
f 672 818 819
f 672 671 818
v 2620.216 513.452 181.505
f 670 819 820
f 670 672 819
f 668 670 820
v 2620.535 513.452 181.700
f 668 820 821
f 665 668 821
v 2620.844 513.452 181.910
f 665 821 822
f 666 665 822
v 2621.142 513.452 182.136
f 666 822 823
f 667 666 823
v 2621.428 513.452 182.377
f 667 823 824
f 669 667 824
v 2621.702 513.452 182.631
f 669 824 825
f 663 669 825
v 2621.964 513.452 182.899
f 663 825 826
f 664 663 826
v 2622.211 513.452 183.179
f 664 826 827
f 661 664 827
v 2622.444 513.452 183.471
f 661 827 828
f 662 661 828
v 2622.662 513.452 183.775
f 662 828 829
f 660 662 829
v 2622.865 513.452 184.089
f 660 829 830
f 658 660 830
v 2623.052 513.452 184.413
f 658 830 831
f 659 658 831
v 2623.223 513.452 184.746
f 659 831 832
f 655 659 832
v 2623.377 513.452 185.087
f 655 832 833
f 657 655 833
v 2623.513 513.452 185.435
f 657 833 834
v 2623.632 513.452 185.789
f 656 834 835
f 656 657 834
v 2623.734 513.452 186.149
f 652 835 836
f 652 656 835
v 2623.817 513.452 186.514
f 654 836 837
f 654 652 836
v 2623.882 513.452 186.882
f 653 837 838
f 653 654 837
v 2623.928 513.452 187.253
f 650 838 839
f 650 653 838
v 2623.956 513.452 187.626
f 651 839 840
f 651 650 839
f 649 840 777
f 649 651 840
f 648 778 680
f 648 776 778
v 2708.966 513.452 308.000
v 2708.966 508.452 308.000
v 2708.956 513.452 308.374
f 841 842 843
v 2708.956 508.452 308.374
f 842 844 843
v 2708.928 508.452 308.747
v 2708.928 513.452 308.747
f 843 845 846
f 844 845 843
v 2708.882 508.452 309.118
v 2708.882 513.452 309.118
f 846 847 848
f 845 847 846
v 2708.817 508.452 309.486
v 2708.817 513.452 309.486
f 848 849 850
f 847 849 848
v 2708.734 508.452 309.851
v 2708.734 513.452 309.851
f 850 851 852
f 849 851 850
v 2708.632 508.452 310.211
v 2708.632 513.452 310.211
f 852 853 854
f 851 853 852
v 2708.513 508.452 310.565
v 2708.513 513.452 310.565
f 854 855 856
f 853 855 854
v 2708.377 508.452 310.913
v 2708.377 513.452 310.913
f 856 857 858
f 855 857 856
v 2708.223 508.452 311.254
v 2708.223 513.452 311.254
f 858 859 860
f 857 859 858
v 2708.052 508.452 311.587
v 2708.052 513.452 311.587
f 860 861 862
f 859 861 860
v 2707.865 508.452 311.911
v 2707.865 513.452 311.911
f 862 863 864
f 861 863 862
v 2707.662 508.452 312.225
v 2707.662 513.452 312.225
f 864 865 866
f 863 865 864
v 2707.444 508.452 312.529
v 2707.444 513.452 312.529
f 866 867 868
f 865 867 866
v 2707.211 508.452 312.821
v 2707.211 513.452 312.821
f 868 869 870
f 867 869 868
v 2706.964 508.452 313.101
v 2706.964 513.452 313.101
f 870 871 872
f 869 871 870
v 2706.702 508.452 313.369
v 2706.702 513.452 313.369
f 872 873 874
f 871 873 872
v 2706.428 508.452 313.623
v 2706.428 513.452 313.623
f 874 875 876
f 873 875 874
v 2706.142 508.452 313.864
v 2706.142 513.452 313.864
f 876 877 878
f 875 877 876
v 2705.844 508.452 314.090
f 877 879 878
v 2705.844 513.452 314.090
f 878 879 880
v 2705.535 508.452 314.300
f 879 881 880
v 2705.535 513.452 314.300
f 880 881 882
v 2705.216 508.452 314.495
f 881 883 882
v 2705.216 513.452 314.495
f 882 883 884
v 2704.887 508.452 314.674
f 883 885 884
v 2704.887 513.452 314.674
f 884 885 886
v 2704.550 508.452 314.836
v 2704.550 513.452 314.836
f 886 887 888
f 885 887 886
v 2704.206 508.452 314.982
v 2704.206 513.452 314.982
f 888 889 890
f 887 889 888
v 2703.854 508.452 315.109
v 2703.854 513.452 315.109
f 890 891 892
f 889 891 890
v 2703.497 508.452 315.220
v 2703.497 513.452 315.220
f 892 893 894
f 891 893 892
v 2703.135 508.452 315.312
v 2703.135 513.452 315.312
f 894 895 896
f 893 895 894
v 2702.768 508.452 315.386
v 2702.768 513.452 315.386
f 896 897 898
f 895 897 896
v 2702.398 508.452 315.442
v 2702.398 513.452 315.442
f 898 899 900
f 897 899 898
v 2702.026 508.452 315.479
v 2702.026 513.452 315.479
f 900 901 902
f 899 901 900
v 2701.653 508.452 315.498
v 2701.653 513.452 315.498
f 902 903 904
f 901 903 902
v 2701.279 508.452 315.498
v 2701.279 513.452 315.498
f 904 905 906
f 903 905 904
v 2700.905 508.452 315.479
v 2700.905 513.452 315.479
f 906 907 908
f 905 907 906
v 2700.533 508.452 315.442
v 2700.533 513.452 315.442
f 908 909 910
f 907 909 908
v 2700.163 508.452 315.386
v 2700.163 513.452 315.386
f 910 911 912
f 909 911 910
v 2699.797 508.452 315.312
v 2699.797 513.452 315.312
f 912 913 914
f 911 913 912
v 2699.434 508.452 315.220
v 2699.434 513.452 315.220
f 914 915 916
f 913 915 914
v 2699.077 508.452 315.109
v 2699.077 513.452 315.109
f 916 917 918
f 915 917 916
v 2698.726 508.452 314.982
v 2698.726 513.452 314.982
f 918 919 920
f 917 919 918
v 2698.381 508.452 314.836
v 2698.381 513.452 314.836
f 920 921 922
f 919 921 920
v 2698.044 508.452 314.674
v 2698.044 513.452 314.674
f 922 923 924
f 921 923 922
v 2697.716 508.452 314.495
v 2697.716 513.452 314.495
f 924 925 926
f 923 925 924
v 2697.397 508.452 314.300
f 925 927 926
v 2697.397 513.452 314.300
f 926 927 928
v 2697.088 508.452 314.090
f 927 929 928
v 2697.088 513.452 314.090
f 928 929 930
v 2696.790 508.452 313.864
f 929 931 930
v 2696.790 513.452 313.864
f 930 931 932
v 2696.503 508.452 313.623
f 931 933 932
v 2696.503 513.452 313.623
f 932 933 934
v 2696.229 508.452 313.369
f 933 935 934
v 2696.229 513.452 313.369
f 934 935 936
v 2695.968 508.452 313.101
f 935 937 936
v 2695.968 513.452 313.101
f 936 937 938
v 2695.720 508.452 312.821
f 937 939 938
v 2695.720 513.452 312.821
f 938 939 940
v 2695.487 508.452 312.529
f 939 941 940
v 2695.487 513.452 312.529
f 940 941 942
v 2695.269 508.452 312.225
f 941 943 942
v 2695.269 513.452 312.225
f 942 943 944
v 2695.066 508.452 311.911
f 943 945 944
v 2695.066 513.452 311.911
f 944 945 946
v 2694.879 508.452 311.587
f 945 947 946
v 2694.879 513.452 311.587
f 946 947 948
v 2694.708 508.452 311.254
f 947 949 948
v 2694.708 513.452 311.254
f 948 949 950
v 2694.555 508.452 310.913
f 949 951 950
v 2694.555 513.452 310.913
f 950 951 952
v 2694.418 508.452 310.565
v 2694.418 513.452 310.565
f 952 953 954
f 951 953 952
v 2694.299 508.452 310.211
v 2694.299 513.452 310.211
f 954 955 956
f 953 955 954
v 2694.198 508.452 309.851
v 2694.198 513.452 309.851
f 956 957 958
f 955 957 956
v 2694.114 508.452 309.486
v 2694.114 513.452 309.486
f 958 959 960
f 957 959 958
v 2694.049 508.452 309.118
v 2694.049 513.452 309.118
f 960 961 962
f 959 961 960
v 2694.003 508.452 308.747
v 2694.003 513.452 308.747
f 962 963 964
f 961 963 962
v 2693.975 508.452 308.374
v 2693.975 513.452 308.374
f 964 965 966
f 963 965 964
v 2693.966 508.452 308.000
v 2693.966 513.452 308.000
f 966 967 968
f 965 967 966
v 2708.966 508.452 188.000
f 842 841 969
v 2708.966 513.452 188.000
f 969 841 970
v 2693.966 508.452 188.000
v 2693.975 508.452 187.626
v 2693.966 513.452 188.000
f 971 972 973
v 2693.975 513.452 187.626
f 973 972 974
v 2694.003 508.452 187.253
v 2694.003 513.452 187.253
f 974 975 976
f 972 975 974
v 2694.049 508.452 186.882
v 2694.049 513.452 186.882
f 976 977 978
f 975 977 976
v 2694.114 508.452 186.514
v 2694.114 513.452 186.514
f 978 979 980
f 977 979 978
v 2694.198 508.452 186.149
v 2694.198 513.452 186.149
f 980 981 982
f 979 981 980
v 2694.299 508.452 185.789
v 2694.299 513.452 185.789
f 982 983 984
f 981 983 982
v 2694.418 508.452 185.435
v 2694.418 513.452 185.435
f 984 985 986
f 983 985 984
v 2694.555 508.452 185.087
v 2694.555 513.452 185.087
f 986 987 988
f 985 987 986
v 2694.708 508.452 184.746
v 2694.708 513.452 184.746
f 988 989 990
f 987 989 988
v 2694.879 508.452 184.413
v 2694.879 513.452 184.413
f 990 991 992
f 989 991 990
v 2695.066 508.452 184.089
v 2695.066 513.452 184.089
f 992 993 994
f 991 993 992
v 2695.269 508.452 183.775
v 2695.269 513.452 183.775
f 994 995 996
f 993 995 994
v 2695.487 508.452 183.471
v 2695.487 513.452 183.471
f 996 997 998
f 995 997 996
v 2695.720 508.452 183.179
v 2695.720 513.452 183.179
f 998 999 1000
f 997 999 998
v 2695.968 508.452 182.899
v 2695.968 513.452 182.899
f 1000 1001 1002
f 999 1001 1000
v 2696.229 508.452 182.631
v 2696.229 513.452 182.631
f 1002 1003 1004
f 1001 1003 1002
v 2696.503 508.452 182.377
v 2696.503 513.452 182.377
f 1004 1005 1006
f 1003 1005 1004
v 2696.790 508.452 182.136
v 2696.790 513.452 182.136
f 1006 1007 1008
f 1005 1007 1006
v 2697.088 508.452 181.910
f 1007 1009 1008
v 2697.088 513.452 181.910
f 1008 1009 1010
v 2697.397 508.452 181.700
f 1009 1011 1010
v 2697.397 513.452 181.700
f 1010 1011 1012
v 2697.716 508.452 181.505
f 1011 1013 1012
v 2697.716 513.452 181.505
f 1012 1013 1014
v 2698.044 508.452 181.326
f 1013 1015 1014
v 2698.044 513.452 181.326
f 1014 1015 1016
v 2698.381 508.452 181.164
v 2698.381 513.452 181.164
f 1016 1017 1018
f 1015 1017 1016
v 2698.726 508.452 181.018
v 2698.726 513.452 181.018
f 1018 1019 1020
f 1017 1019 1018
v 2699.077 508.452 180.891
v 2699.077 513.452 180.891
f 1020 1021 1022
f 1019 1021 1020
v 2699.434 508.452 180.780
v 2699.434 513.452 180.780
f 1022 1023 1024
f 1021 1023 1022
v 2699.797 508.452 180.688
v 2699.797 513.452 180.688
f 1024 1025 1026
f 1023 1025 1024
v 2700.163 508.452 180.614
v 2700.163 513.452 180.614
f 1026 1027 1028
f 1025 1027 1026
v 2700.533 508.452 180.558
v 2700.533 513.452 180.558
f 1028 1029 1030
f 1027 1029 1028
v 2700.905 508.452 180.521
v 2700.905 513.452 180.521
f 1030 1031 1032
f 1029 1031 1030
v 2701.279 508.452 180.502
v 2701.279 513.452 180.502
f 1032 1033 1034
f 1031 1033 1032
v 2701.653 508.452 180.502
v 2701.653 513.452 180.502
f 1034 1035 1036
f 1033 1035 1034
v 2702.026 508.452 180.521
v 2702.026 513.452 180.521
f 1036 1037 1038
f 1035 1037 1036
v 2702.398 508.452 180.558
v 2702.398 513.452 180.558
f 1038 1039 1040
f 1037 1039 1038
v 2702.768 508.452 180.614
v 2702.768 513.452 180.614
f 1040 1041 1042
f 1039 1041 1040
v 2703.135 508.452 180.688
v 2703.135 513.452 180.688
f 1042 1043 1044
f 1041 1043 1042
v 2703.497 508.452 180.780
v 2703.497 513.452 180.780
f 1044 1045 1046
f 1043 1045 1044
v 2703.854 508.452 180.891
v 2703.854 513.452 180.891
f 1046 1047 1048
f 1045 1047 1046
v 2704.206 508.452 181.018
v 2704.206 513.452 181.018
f 1048 1049 1050
f 1047 1049 1048
v 2704.550 508.452 181.164
v 2704.550 513.452 181.164
f 1050 1051 1052
f 1049 1051 1050
v 2704.887 508.452 181.326
v 2704.887 513.452 181.326
f 1052 1053 1054
f 1051 1053 1052
v 2705.216 508.452 181.505
v 2705.216 513.452 181.505
f 1054 1055 1056
f 1053 1055 1054
v 2705.535 508.452 181.700
f 1055 1057 1056
v 2705.535 513.452 181.700
f 1056 1057 1058
v 2705.844 508.452 181.910
f 1057 1059 1058
v 2705.844 513.452 181.910
f 1058 1059 1060
v 2706.142 508.452 182.136
f 1059 1061 1060
v 2706.142 513.452 182.136
f 1060 1061 1062
v 2706.428 508.452 182.377
f 1061 1063 1062
v 2706.428 513.452 182.377
f 1062 1063 1064
v 2706.702 508.452 182.631
f 1063 1065 1064
v 2706.702 513.452 182.631
f 1064 1065 1066
v 2706.964 508.452 182.899
f 1065 1067 1066
v 2706.964 513.452 182.899
f 1066 1067 1068
v 2707.211 508.452 183.179
f 1067 1069 1068
v 2707.211 513.452 183.179
f 1068 1069 1070
v 2707.444 508.452 183.471
f 1069 1071 1070
v 2707.444 513.452 183.471
f 1070 1071 1072
v 2707.662 508.452 183.775
f 1071 1073 1072
v 2707.662 513.452 183.775
f 1072 1073 1074
v 2707.865 508.452 184.089
f 1073 1075 1074
v 2707.865 513.452 184.089
f 1074 1075 1076
v 2708.052 508.452 184.413
f 1075 1077 1076
v 2708.052 513.452 184.413
f 1076 1077 1078
v 2708.223 508.452 184.746
f 1077 1079 1078
v 2708.223 513.452 184.746
f 1078 1079 1080
v 2708.377 508.452 185.087
f 1079 1081 1080
v 2708.377 513.452 185.087
f 1080 1081 1082
v 2708.513 508.452 185.435
f 1081 1083 1082
v 2708.513 513.452 185.435
f 1082 1083 1084
v 2708.632 508.452 185.789
v 2708.632 513.452 185.789
f 1084 1085 1086
f 1083 1085 1084
v 2708.734 508.452 186.149
v 2708.734 513.452 186.149
f 1086 1087 1088
f 1085 1087 1086
v 2708.817 508.452 186.514
v 2708.817 513.452 186.514
f 1088 1089 1090
f 1087 1089 1088
v 2708.882 508.452 186.882
v 2708.882 513.452 186.882
f 1090 1091 1092
f 1089 1091 1090
v 2708.928 508.452 187.253
v 2708.928 513.452 187.253
f 1092 1093 1094
f 1091 1093 1092
v 2708.956 508.452 187.626
v 2708.956 513.452 187.626
f 1094 1095 1096
f 1093 1095 1094
f 1096 969 970
f 1095 969 1096
f 973 967 971
f 968 967 973
o acc_1
v 3196.146 546.740 165.500
v 3196.641 547.301 165.500
v 3196.386 547.027 165.500
f 1097 1098 1099
v 3196.908 547.562 165.500
f 1097 1100 1098
v 3197.481 548.043 165.500
v 3197.189 547.810 165.500
f 1101 1102 1100
v 3195.920 546.442 165.500
f 1103 1100 1097
v 3195.335 545.486 165.500
v 3195.709 546.133 165.500
v 3195.514 545.814 165.500
f 1104 1105 1106
v 3195.173 545.149 165.500
f 1107 1103 1105
f 1107 1105 1104
v 3199.096 548.975 165.500
v 3198.755 548.821 165.500
v 3198.423 548.651 165.500
f 1108 1109 1110
v 3194.900 544.453 165.500
v 3195.028 544.804 165.500
f 1111 1107 1112
v 3194.790 544.096 165.500
f 1113 1107 1111
v 3200.159 549.332 165.500
v 3199.444 549.112 165.500
f 1114 1115 1108
v 3199.799 549.231 165.500
f 1114 1116 1115
v 3194.568 542.997 165.500
v 3194.698 543.733 165.500
v 3194.623 543.367 165.500
f 1117 1118 1119
f 1117 1113 1118
f 1117 1107 1113
v 3201.263 549.527 165.500
v 3200.523 549.416 165.500
f 1120 1121 1114
v 3200.892 549.480 165.500
f 1120 1122 1121
v 3194.530 541.504 165.500
v 3194.512 542.251 165.500
v 3194.512 541.877 165.500
f 1123 1124 1125
v 3194.530 542.625 165.500
f 1123 1126 1124
f 1123 1117 1126
v 3202.756 549.527 165.500
v 3202.383 549.555 165.500
v 3202.010 549.564 165.500
f 1127 1128 1129
v 3194.698 540.395 165.500
v 3194.568 541.132 165.500
v 3194.623 540.762 165.500
f 1130 1131 1132
v 3194.790 540.033 165.500
f 1133 1131 1130
f 1133 1123 1131
f 1133 1107 1117
f 1133 1117 1123
v 3204.220 549.231 165.500
v 3203.860 549.332 165.500
v 3203.496 549.416 165.500
f 1134 1135 1136
v 3195.173 538.980 165.500
v 3194.900 539.676 165.500
v 3195.028 539.324 165.500
f 1137 1138 1139
f 1137 1133 1138
v 3205.264 548.821 165.500
v 3204.923 548.975 165.500
v 3204.575 549.112 165.500
f 1140 1141 1142
v 3195.335 538.643 165.500
f 1143 1133 1137
f 1143 1100 1103
f 1143 1103 1107
f 1143 1107 1133
v 3195.709 537.995 165.500
v 3195.514 538.314 165.500
f 1144 1143 1145
v 3206.234 548.261 165.500
v 3205.920 548.464 165.500
v 3205.596 548.651 165.500
f 1146 1147 1148
v 3196.386 537.102 165.500
v 3195.920 537.686 165.500
v 3196.146 537.388 165.500
f 1149 1150 1151
f 1149 1144 1150
f 1149 1143 1144
v 3207.633 547.027 165.500
v 3206.538 548.043 165.500
f 1152 1153 1146
v 3206.830 547.810 165.500
f 1152 1154 1153
v 3207.111 547.562 165.500
f 1152 1155 1154
v 3207.379 547.301 165.500
f 1152 1156 1155
v 3197.189 536.319 165.500
f 1157 1100 1143
v 3196.641 536.827 165.500
v 3196.908 536.566 165.500
f 1157 1158 1159
f 1157 1149 1158
f 1157 1143 1149
v 3197.481 536.086 165.500
f 1160 1100 1157
v 3208.099 546.442 165.500
v 3207.873 546.740 165.500
f 1161 1162 1152
v 3197.785 535.867 165.500
f 1163 1100 1160
f 1163 1101 1100
v 3197.785 548.261 165.500
f 1163 1164 1101
v 3198.099 548.464 165.500
f 1163 1165 1164
v 3208.310 546.133 165.500
f 1166 1161 1152
v 3208.505 545.814 165.500
f 1167 1166 1152
v 3208.684 545.486 165.500
f 1168 1152 1146
f 1168 1167 1152
v 3198.755 535.307 165.500
f 1169 1165 1163
v 3198.099 535.665 165.500
v 3198.423 535.478 165.500
f 1169 1170 1171
f 1169 1163 1170
f 1169 1110 1165
v 3199.444 535.017 165.500
v 3199.096 535.153 165.500
f 1172 1169 1173
v 3209.119 544.453 165.500
v 3208.991 544.804 165.500
v 3208.846 545.149 165.500
f 1174 1175 1176
v 3199.799 534.897 165.500
f 1177 1169 1172
f 1177 1108 1110
f 1177 1110 1169
f 1177 1114 1108
v 3209.229 544.096 165.500
f 1178 1174 1176
v 3209.321 543.733 165.500
f 1179 1168 1146
f 1179 1176 1168
f 1179 1178 1176
v 3200.523 534.713 165.500
v 3200.159 534.796 165.500
f 1180 1177 1181
f 1180 1114 1177
v 3209.396 543.367 165.500
f 1182 1179 1146
v 3200.892 534.648 165.500
f 1183 1114 1180
f 1183 1120 1114
v 3201.263 534.601 165.500
f 1184 1120 1183
v 3209.507 542.251 165.500
v 3209.489 542.625 165.500
v 3209.451 542.997 165.500
f 1185 1186 1187
v 3202.756 534.601 165.500
v 3201.636 534.574 165.500
v 3202.010 534.564 165.500
f 1188 1189 1190
f 1188 1184 1189
v 3202.383 534.574 165.500
f 1188 1190 1191
v 3201.636 549.555 165.500
f 1188 1192 1120
f 1188 1129 1192
f 1188 1120 1184
v 3203.127 534.648 165.500
f 1193 1134 1136
v 3203.127 549.480 165.500
f 1193 1194 1127
f 1193 1136 1194
f 1193 1129 1188
f 1193 1127 1129
v 3209.396 540.762 165.500
v 3209.507 541.877 165.500
f 1195 1196 1185
v 3209.489 541.504 165.500
f 1195 1197 1196
v 3209.451 541.132 165.500
f 1195 1198 1197
v 3209.321 540.395 165.500
f 1199 1195 1185
v 3203.860 534.796 165.500
v 3203.496 534.713 165.500
f 1200 1193 1201
v 3209.229 540.033 165.500
f 1202 1199 1185
v 3204.575 535.017 165.500
f 1203 1134 1193
v 3204.220 534.897 165.500
f 1203 1200 1204
f 1203 1140 1142
f 1203 1193 1200
f 1203 1142 1134
v 3208.991 539.324 165.500
v 3209.119 539.676 165.500
f 1205 1206 1202
v 3204.923 535.153 165.500
f 1207 1148 1140
f 1207 1140 1203
v 3205.264 535.307 165.500
f 1208 1148 1207
v 3208.684 538.643 165.500
v 3208.846 538.980 165.500
f 1209 1210 1205
f 1209 1205 1202
v 3205.920 535.665 165.500
v 3205.596 535.478 165.500
f 1211 1208 1212
v 3208.310 537.995 165.500
v 3208.505 538.314 165.500
f 1213 1214 1209
f 1213 1185 1187
f 1213 1202 1185
f 1213 1209 1202
f 1213 1187 1182
v 3206.234 535.867 165.500
f 1215 1146 1148
f 1215 1208 1211
f 1215 1148 1208
v 3206.830 536.319 165.500
v 3206.538 536.086 165.500
f 1216 1215 1217
v 3207.633 537.102 165.500
v 3207.873 537.388 165.500
v 3208.099 537.686 165.500
f 1218 1219 1220
v 3207.111 536.566 165.500
f 1221 1146 1215
f 1221 1215 1216
v 3207.379 536.827 165.500
f 1222 1182 1146
f 1222 1220 1213
f 1222 1213 1182
f 1222 1218 1220
f 1222 1146 1221
v 3196.386 537.102 160.500
v 3196.908 536.566 160.500
v 3196.641 536.827 160.500
f 1223 1224 1225
v 3196.146 537.388 160.500
f 1226 1224 1223
v 3197.785 535.867 160.500
v 3197.481 536.086 160.500
v 3197.189 536.319 160.500
f 1227 1228 1229
v 3195.709 537.995 160.500
v 3195.920 537.686 160.500
f 1230 1226 1231
f 1230 1224 1226
v 3198.099 535.665 160.500
f 1232 1229 1224
f 1232 1227 1229
v 3195.514 538.314 160.500
f 1233 1224 1230
v 3198.755 535.307 160.500
v 3198.423 535.478 160.500
f 1234 1235 1232
v 3195.173 538.980 160.500
v 3195.335 538.643 160.500
f 1236 1233 1237
v 3199.096 535.153 160.500
f 1238 1234 1232
v 3194.790 540.033 160.500
v 3195.028 539.324 160.500
v 3194.900 539.676 160.500
f 1239 1240 1241
f 1239 1236 1240
f 1239 1233 1236
v 3200.159 534.796 160.500
v 3199.799 534.897 160.500
v 3199.444 535.017 160.500
f 1242 1243 1244
v 3194.623 540.762 160.500
f 1245 1233 1239
v 3194.698 540.395 160.500
f 1245 1239 1246
v 3200.892 534.648 160.500
v 3200.523 534.713 160.500
f 1247 1248 1242
v 3201.263 534.601 160.500
f 1249 1242 1244
f 1249 1247 1242
v 3194.512 541.877 160.500
v 3194.568 541.132 160.500
v 3194.530 541.504 160.500
f 1250 1251 1252
f 1250 1245 1251
v 3202.010 534.564 160.500
v 3201.636 534.574 160.500
f 1253 1254 1249
v 3194.512 542.251 160.500
f 1255 1245 1250
v 3194.530 542.625 160.500
f 1256 1245 1255
v 3203.127 534.648 160.500
v 3202.383 534.574 160.500
f 1257 1258 1253
v 3202.756 534.601 160.500
f 1257 1259 1258
f 1257 1253 1249
v 3194.623 543.367 160.500
v 3194.568 542.997 160.500
f 1260 1256 1261
v 3194.698 543.733 160.500
f 1262 1256 1260
v 3204.220 534.897 160.500
v 3203.860 534.796 160.500
v 3203.496 534.713 160.500
f 1263 1264 1265
v 3194.900 544.453 160.500
f 1266 1256 1262
v 3194.790 544.096 160.500
f 1266 1262 1267
v 3204.575 535.017 160.500
f 1268 1263 1265
v 3195.028 544.804 160.500
f 1269 1256 1266
f 1269 1233 1245
f 1269 1245 1256
v 3205.264 535.307 160.500
v 3204.923 535.153 160.500
f 1270 1271 1268
v 3195.514 545.814 160.500
v 3195.173 545.149 160.500
v 3195.335 545.486 160.500
f 1272 1273 1274
f 1272 1269 1273
v 3205.920 535.665 160.500
v 3205.596 535.478 160.500
f 1275 1276 1270
v 3206.538 536.086 160.500
v 3206.234 535.867 160.500
f 1277 1278 1275
v 3196.146 546.740 160.500
f 1279 1269 1272
v 3195.709 546.133 160.500
v 3195.920 546.442 160.500
f 1279 1280 1281
f 1279 1272 1280
v 3196.386 547.027 160.500
f 1282 1233 1269
f 1282 1269 1279
f 1282 1224 1233
v 3196.641 547.301 160.500
f 1283 1224 1282
v 3207.379 536.827 160.500
v 3206.830 536.319 160.500
f 1284 1285 1277
v 3207.111 536.566 160.500
f 1284 1286 1285
v 3207.633 537.102 160.500
f 1287 1284 1277
v 3197.785 548.261 160.500
f 1288 1232 1224
f 1288 1224 1283
v 3197.189 547.810 160.500
v 3197.481 548.043 160.500
f 1288 1289 1290
v 3196.908 547.562 160.500
f 1288 1291 1289
f 1288 1283 1291
v 3208.310 537.995 160.500
v 3208.099 537.686 160.500
v 3207.873 537.388 160.500
f 1292 1293 1294
v 3198.423 548.651 160.500
v 3198.099 548.464 160.500
f 1295 1288 1296
v 3208.684 538.643 160.500
v 3208.505 538.314 160.500
f 1297 1298 1292
f 1297 1292 1294
v 3198.755 548.821 160.500
f 1299 1238 1232
f 1299 1232 1288
f 1299 1288 1295
v 3199.444 549.112 160.500
f 1300 1244 1238
f 1300 1238 1299
v 3199.096 548.975 160.500
f 1300 1299 1301
v 3209.119 539.676 160.500
v 3208.991 539.324 160.500
v 3208.846 538.980 160.500
f 1302 1303 1304
v 3199.799 549.231 160.500
f 1305 1244 1300
f 1305 1249 1244
v 3209.229 540.033 160.500
f 1306 1304 1297
f 1306 1302 1304
v 3200.892 549.480 160.500
v 3200.159 549.332 160.500
v 3200.523 549.416 160.500
f 1307 1308 1309
f 1307 1305 1308
v 3209.451 541.132 160.500
f 1310 1294 1287
v 3209.321 540.395 160.500
f 1310 1311 1306
v 3209.396 540.762 160.500
f 1310 1312 1311
f 1310 1297 1294
f 1310 1306 1297
v 3201.263 549.527 160.500
f 1313 1305 1307
f 1313 1249 1305
v 3209.507 541.877 160.500
v 3209.489 541.504 160.500
f 1314 1315 1310
v 3202.010 549.564 160.500
v 3201.636 549.555 160.500
f 1316 1313 1317
f 1316 1249 1313
v 3209.507 542.251 160.500
f 1318 1314 1310
v 3202.383 549.555 160.500
f 1319 1249 1316
v 3202.756 549.527 160.500
f 1320 1257 1249
f 1320 1249 1319
v 3209.451 542.997 160.500
f 1321 1318 1310
v 3209.489 542.625 160.500
f 1321 1322 1318
f 1321 1310 1287
v 3209.321 543.733 160.500
v 3209.396 543.367 160.500
f 1323 1324 1321
v 3203.860 549.332 160.500
f 1325 1257 1320
v 3203.127 549.480 160.500
v 3203.496 549.416 160.500
f 1325 1326 1327
f 1325 1320 1326
v 3209.229 544.096 160.500
f 1328 1323 1321
v 3204.575 549.112 160.500
f 1329 1257 1325
v 3204.220 549.231 160.500
f 1329 1325 1330
v 3208.991 544.804 160.500
v 3209.119 544.453 160.500
f 1331 1332 1328
v 3204.923 548.975 160.500
f 1333 1265 1257
f 1333 1268 1265
f 1333 1275 1270
f 1333 1257 1329
f 1333 1270 1268
v 3208.846 545.149 160.500
f 1334 1331 1328
v 3208.684 545.486 160.500
f 1335 1328 1321
f 1335 1334 1328
v 3205.596 548.651 160.500
f 1336 1277 1275
f 1336 1275 1333
v 3205.264 548.821 160.500
f 1336 1333 1337
v 3208.310 546.133 160.500
v 3208.505 545.814 160.500
f 1338 1339 1335
v 3206.234 548.261 160.500
v 3205.920 548.464 160.500
f 1340 1336 1341
v 3206.538 548.043 160.500
f 1342 1277 1336
f 1342 1336 1340
v 3207.873 546.740 160.500
f 1343 1321 1287
f 1343 1287 1277
v 3208.099 546.442 160.500
f 1343 1344 1338
f 1343 1335 1321
f 1343 1338 1335
v 3207.633 547.027 160.500
f 1345 1277 1342
f 1345 1343 1277
v 3207.111 547.562 160.500
v 3206.830 547.810 160.500
f 1346 1342 1347
v 3207.379 547.301 160.500
f 1348 1342 1346
f 1348 1345 1342
o acc_2
v 2898.166 541.009 219.273
v 2898.486 541.009 218.891
v 2898.826 541.009 218.525
f 1349 1350 1351
v 2899.946 541.009 217.536
v 2899.183 541.009 218.177
v 2899.556 541.009 217.847
f 1352 1353 1354
v 2897.584 541.009 220.082
v 2897.865 541.009 219.670
f 1355 1356 1349
v 2900.770 541.009 216.975
v 2900.351 541.009 217.245
f 1357 1352 1358
v 2901.645 541.009 216.498
v 2901.202 541.009 216.725
f 1359 1357 1360
v 2896.676 541.009 221.854
v 2896.869 541.009 221.395
v 2897.086 541.009 220.946
f 1361 1362 1363
v 2896.505 541.009 222.323
f 1364 1361 1363
v 2896.358 541.009 222.799
f 1365 1364 1363
v 2897.324 541.009 220.508
f 1365 1366 1355
f 1365 1363 1366
v 2903.517 541.009 215.817
v 2902.564 541.009 216.111
v 2903.037 541.009 215.952
f 1367 1368 1369
v 2904.494 541.009 215.619
v 2904.003 541.009 215.706
f 1370 1367 1371
v 2896.012 541.009 224.760
v 2896.062 541.009 224.264
v 2896.136 541.009 223.771
f 1372 1373 1374
v 2905.486 541.009 215.520
v 2904.989 541.009 215.557
f 1375 1370 1376
v 2895.987 541.009 225.258
f 1377 1372 1374
v 2896.235 541.009 223.282
f 1377 1374 1378
v 2896.012 541.009 226.255
v 2895.987 541.009 225.757
f 1379 1380 1377
v 2907.475 541.009 215.619
v 2906.483 541.009 215.520
v 2906.980 541.009 215.557
f 1381 1382 1383
v 2896.136 541.009 227.244
v 2896.062 541.009 226.751
f 1384 1385 1379
f 1384 1379 1377
v 2908.452 541.009 215.817
v 2907.966 541.009 215.706
f 1386 1381 1387
v 2896.676 541.009 229.161
v 2896.505 541.009 228.693
v 2896.358 541.009 228.216
f 1388 1389 1390
v 2897.086 541.009 230.070
v 2896.869 541.009 229.621
f 1391 1392 1388
f 1391 1384 1377
f 1391 1388 1390
f 1391 1378 1365
f 1391 1377 1378
v 2896.235 541.009 227.733
f 1391 1393 1384
f 1391 1390 1393
v 2910.767 541.009 216.725
v 2909.869 541.009 216.293
v 2910.323 541.009 216.498
f 1394 1395 1396
v 2909.404 541.009 216.111
f 1394 1397 1395
v 2897.584 541.009 230.933
v 2897.324 541.009 230.508
f 1398 1399 1391
v 2897.865 541.009 231.345
f 1400 1398 1391
f 1400 1355 1349
f 1400 1365 1355
f 1400 1391 1365
v 2912.022 541.009 217.536
v 2911.199 541.009 216.975
v 2911.617 541.009 217.245
f 1401 1402 1403
v 2898.166 541.009 231.743
f 1404 1400 1349
v 2898.486 541.009 232.125
f 1405 1404 1349
f 1405 1349 1351
f 1405 1353 1352
f 1405 1351 1353
v 2913.143 541.009 218.525
f 1406 1402 1401
v 2912.412 541.009 217.847
v 2912.786 541.009 218.177
f 1406 1407 1408
f 1406 1401 1407
v 2899.183 541.009 232.838
v 2898.826 541.009 232.490
f 1409 1410 1405
f 1409 1405 1352
v 2913.803 541.009 219.273
v 2913.482 541.009 218.891
f 1411 1406 1412
v 2900.770 541.009 234.041
v 2899.556 541.009 233.168
f 1413 1414 1409
v 2899.946 541.009 233.479
f 1413 1415 1414
v 2900.351 541.009 233.770
f 1413 1416 1415
f 1413 1409 1352
f 1413 1352 1357
v 2914.883 541.009 220.946
v 2914.384 541.009 220.082
v 2914.644 541.009 220.508
f 1417 1418 1419
v 2914.104 541.009 219.670
f 1417 1420 1418
f 1417 1411 1420
f 1417 1406 1411
v 2901.645 541.009 234.517
v 2901.202 541.009 234.290
f 1421 1422 1413
v 2902.100 541.009 234.722
f 1423 1421 1413
f 1423 1413 1357
f 1423 1357 1359
v 2915.293 541.009 221.854
v 2915.099 541.009 221.395
f 1424 1417 1425
v 2902.564 541.009 234.905
v 2902.100 541.009 216.293
f 1426 1427 1368
f 1426 1359 1427
f 1426 1423 1359
v 2915.464 541.009 222.323
f 1428 1417 1424
v 2915.610 541.009 222.799
f 1429 1406 1417
f 1429 1417 1428
v 2915.734 541.009 223.282
f 1430 1406 1429
v 2904.003 541.009 235.309
v 2903.037 541.009 235.063
f 1431 1432 1426
v 2903.517 541.009 235.198
f 1431 1433 1432
f 1431 1368 1367
f 1431 1367 1370
f 1431 1426 1368
v 2904.989 541.009 235.458
v 2904.494 541.009 235.396
f 1434 1435 1431
f 1434 1431 1370
f 1434 1370 1375
v 2915.981 541.009 225.258
v 2915.907 541.009 224.264
v 2915.956 541.009 224.760
f 1436 1437 1438
v 2905.984 541.009 235.508
v 2905.486 541.009 235.495
f 1439 1440 1434
v 2915.981 541.009 225.757
f 1441 1437 1436
v 2915.832 541.009 223.771
f 1441 1442 1437
v 2906.483 541.009 235.495
f 1443 1434 1375
v 2905.984 541.009 215.508
f 1443 1444 1382
f 1443 1375 1444
f 1443 1382 1381
f 1443 1439 1434
v 2915.907 541.009 226.751
v 2915.956 541.009 226.255
f 1445 1441 1446
v 2908.452 541.009 235.198
v 2906.980 541.009 235.458
f 1447 1448 1443
v 2907.475 541.009 235.396
f 1447 1449 1448
v 2907.966 541.009 235.309
f 1447 1450 1449
f 1447 1443 1381
v 2915.464 541.009 228.693
v 2915.734 541.009 227.733
v 2915.610 541.009 228.216
f 1451 1452 1453
v 2915.832 541.009 227.244
f 1451 1454 1452
v 2909.404 541.009 234.905
v 2908.932 541.009 235.063
f 1455 1456 1447
f 1455 1381 1386
f 1455 1447 1381
v 2908.932 541.009 215.952
f 1455 1457 1397
f 1455 1386 1457
v 2909.869 541.009 234.722
f 1458 1397 1394
f 1458 1455 1397
v 2911.199 541.009 234.041
v 2910.323 541.009 234.517
f 1459 1460 1458
v 2910.767 541.009 234.290
f 1459 1461 1460
v 2911.617 541.009 233.770
f 1462 1459 1458
f 1462 1458 1394
f 1462 1394 1402
v 2914.104 541.009 231.345
f 1463 1442 1441
v 2914.644 541.009 230.508
v 2914.384 541.009 230.933
f 1463 1464 1465
v 2914.883 541.009 230.070
f 1463 1466 1464
v 2915.099 541.009 229.621
f 1463 1467 1466
v 2915.293 541.009 229.161
f 1463 1468 1467
f 1463 1451 1468
f 1463 1445 1454
f 1463 1430 1442
f 1463 1441 1445
f 1463 1454 1451
f 1463 1406 1430
v 2913.803 541.009 231.743
f 1469 1406 1463
v 2912.412 541.009 233.168
v 2912.022 541.009 233.479
f 1470 1471 1462
f 1470 1462 1402
v 2912.786 541.009 232.838
f 1472 1402 1406
f 1472 1470 1402
v 2913.143 541.009 232.490
v 2913.482 541.009 232.125
f 1473 1469 1474
f 1473 1406 1469
f 1473 1472 1406
v 2913.803 543.009 219.273
v 2913.482 543.009 218.891
v 2913.143 543.009 218.525
f 1475 1476 1477
v 2912.022 543.009 217.536
v 2912.786 543.009 218.177
v 2912.412 543.009 217.847
f 1478 1479 1480
f 1478 1477 1479
v 2910.323 543.009 216.498
v 2911.199 543.009 216.975
v 2910.767 543.009 216.725
f 1481 1482 1483
v 2915.293 543.009 221.854
v 2915.099 543.009 221.395
v 2914.883 543.009 220.946
f 1484 1485 1486
v 2915.464 543.009 222.323
f 1487 1484 1486
v 2907.475 543.009 215.619
v 2908.452 543.009 215.817
v 2907.966 543.009 215.706
f 1488 1489 1490
v 2915.956 543.009 224.760
v 2915.907 543.009 224.264
v 2915.832 543.009 223.771
f 1491 1492 1493
v 2906.483 543.009 215.520
v 2906.980 543.009 215.557
f 1494 1488 1495
v 2915.981 543.009 225.258
f 1496 1491 1493
v 2915.734 543.009 223.282
v 2915.610 543.009 222.799
f 1496 1497 1498
f 1496 1493 1497
v 2905.486 543.009 215.520
v 2905.984 543.009 215.508
f 1499 1494 1500
v 2915.956 543.009 226.255
v 2915.981 543.009 225.757
f 1501 1502 1496
v 2904.494 543.009 215.619
v 2904.989 543.009 215.557
f 1503 1499 1504
v 2915.832 543.009 227.244
f 1505 1487 1486
f 1505 1501 1496
f 1505 1498 1487
f 1505 1496 1498
v 2915.907 543.009 226.751
f 1505 1506 1501
v 2915.734 543.009 227.733
f 1507 1505 1486
v 2903.517 543.009 215.817
v 2904.003 543.009 215.706
f 1508 1503 1509
v 2915.610 543.009 228.216
v 2914.644 543.009 220.508
v 2914.384 543.009 220.082
f 1510 1511 1512
f 1510 1486 1511
f 1510 1507 1486
v 2915.293 543.009 229.161
v 2915.464 543.009 228.693
f 1513 1514 1510
v 2901.645 543.009 216.498
v 2902.564 543.009 216.111
v 2902.100 543.009 216.293
f 1515 1516 1517
v 2914.883 543.009 230.070
v 2915.099 543.009 229.621
f 1518 1519 1513
f 1518 1513 1510
v 2900.770 543.009 216.975
v 2901.202 543.009 216.725
f 1520 1515 1521
v 2914.104 543.009 231.345
v 2914.644 543.009 230.508
f 1522 1523 1518
v 2914.384 543.009 230.933
f 1522 1524 1523
f 1522 1518 1510
f 1522 1510 1512
v 2914.104 543.009 219.670
f 1522 1525 1475
f 1522 1512 1525
v 2899.183 543.009 218.177
v 2899.946 543.009 217.536
v 2899.556 543.009 217.847
f 1526 1527 1528
v 2900.351 543.009 217.245
f 1526 1529 1527
f 1526 1520 1529
v 2913.143 543.009 232.490
v 2913.803 543.009 231.743
f 1530 1531 1522
v 2913.482 543.009 232.125
f 1530 1532 1531
f 1530 1475 1477
f 1530 1522 1475
v 2898.826 543.009 218.525
f 1533 1520 1526
v 2898.166 543.009 219.273
v 2898.486 543.009 218.891
f 1534 1533 1535
v 2912.022 543.009 233.479
f 1536 1530 1477
v 2912.786 543.009 232.838
f 1536 1537 1530
v 2912.412 543.009 233.168
f 1536 1538 1537
f 1536 1477 1478
v 2911.199 543.009 234.041
v 2911.617 543.009 233.770
f 1539 1540 1536
f 1539 1536 1478
v 2911.617 543.009 217.245
f 1539 1541 1482
f 1539 1478 1541
v 2910.767 543.009 234.290
f 1542 1482 1481
f 1542 1539 1482
v 2897.086 543.009 220.946
f 1543 1533 1534
v 2897.584 543.009 220.082
v 2897.324 543.009 220.508
f 1543 1544 1545
v 2897.865 543.009 219.670
f 1543 1546 1544
f 1543 1534 1546
v 2910.323 543.009 234.517
f 1547 1542 1481
v 2909.869 543.009 234.722
v 2909.404 543.009 216.111
v 2908.932 543.009 215.952
f 1548 1549 1550
f 1548 1547 1481
v 2909.869 543.009 216.293
f 1548 1551 1549
f 1548 1481 1551
v 2896.676 543.009 221.854
v 2896.869 543.009 221.395
f 1552 1543 1553
v 2909.404 543.009 234.905
f 1554 1550 1489
f 1554 1548 1550
v 2896.505 543.009 222.323
f 1555 1543 1552
v 2896.358 543.009 222.799
f 1556 1543 1555
v 2908.452 543.009 235.198
v 2908.932 543.009 235.063
f 1557 1558 1554
f 1557 1554 1489
v 2896.235 543.009 223.282
f 1559 1543 1556
v 2907.475 543.009 235.396
v 2907.966 543.009 235.309
f 1560 1561 1557
f 1560 1489 1488
f 1560 1488 1494
f 1560 1557 1489
v 2895.987 543.009 225.258
v 2896.062 543.009 224.264
v 2896.012 543.009 224.760
f 1562 1563 1564
v 2896.136 543.009 223.771
f 1562 1565 1563
f 1562 1559 1565
v 2905.984 543.009 235.508
v 2906.980 543.009 235.458
f 1566 1567 1560
v 2906.483 543.009 235.495
f 1566 1568 1567
v 2905.486 543.009 235.495
f 1569 1560 1494
f 1569 1499 1503
f 1569 1566 1560
f 1569 1494 1499
v 2896.136 543.009 227.244
v 2896.012 543.009 226.255
v 2896.062 543.009 226.751
f 1570 1571 1572
v 2895.987 543.009 225.757
f 1570 1573 1571
v 2904.003 543.009 235.309
v 2904.989 543.009 235.458
f 1574 1575 1569
v 2904.494 543.009 235.396
f 1574 1576 1575
f 1574 1503 1508
f 1574 1569 1503
v 2903.517 543.009 235.198
f 1577 1574 1508
v 2903.037 543.009 215.952
f 1577 1578 1516
f 1577 1508 1578
v 2896.505 543.009 228.693
f 1579 1573 1570
f 1579 1559 1562
v 2896.235 543.009 227.733
v 2896.358 543.009 228.216
f 1579 1580 1581
f 1579 1570 1580
f 1579 1562 1573
f 1579 1543 1559
v 2902.100 543.009 234.722
v 2903.037 543.009 235.063
f 1582 1583 1577
v 2902.564 543.009 234.905
f 1582 1584 1583
f 1582 1577 1516
f 1582 1516 1515
f 1582 1515 1520
v 2897.324 543.009 230.508
v 2896.869 543.009 229.621
v 2897.086 543.009 230.070
f 1585 1586 1587
v 2896.676 543.009 229.161
f 1585 1588 1586
f 1585 1579 1588
v 2900.770 543.009 234.041
v 2901.645 543.009 234.517
f 1589 1590 1582
v 2901.202 543.009 234.290
f 1589 1591 1590
v 2897.584 543.009 230.933
f 1592 1579 1585
v 2900.351 543.009 233.770
f 1593 1582 1520
f 1593 1589 1582
v 2897.865 543.009 231.345
f 1594 1533 1543
f 1594 1543 1579
f 1594 1579 1592
v 2899.556 543.009 233.168
v 2899.946 543.009 233.479
f 1595 1596 1593
v 2898.166 543.009 231.743
f 1595 1594 1597
f 1595 1520 1533
f 1595 1593 1520
f 1595 1533 1594
v 2898.826 543.009 232.490
v 2899.183 543.009 232.838
f 1598 1599 1595
v 2898.486 543.009 232.125
f 1598 1597 1600
f 1598 1595 1597
o acc_3
v 3293.825 567.064 160.500
v 3293.825 567.064 165.500
v 3413.825 567.064 165.500
f 1601 1602 1603
v 3413.825 567.064 160.500
f 1601 1603 1604
v 3293.825 517.064 165.500
f 1605 1602 1601
v 3293.825 517.064 160.500
f 1606 1605 1601
v 3413.825 517.064 160.500
v 3413.825 517.064 165.500
f 1605 1607 1608
f 1605 1606 1607
f 1607 1604 1603
f 1608 1607 1603
v 3316.001 536.200 160.500
v 3316.562 536.695 160.500
v 3316.288 536.441 160.500
f 1609 1610 1611
v 3316.823 536.963 160.500
f 1609 1612 1610
v 3317.522 537.839 160.500
v 3317.304 537.536 160.500
v 3317.071 537.243 160.500
f 1613 1614 1615
v 3315.394 535.764 160.500
v 3315.703 535.975 160.500
f 1616 1609 1617
v 3315.075 535.569 160.500
f 1618 1609 1616
v 3317.912 538.477 160.500
f 1619 1613 1615
v 3317.725 538.153 160.500
f 1619 1620 1613
v 3318.236 539.151 160.500
v 3318.082 538.810 160.500
f 1621 1622 1619
v 3313.714 534.955 160.500
v 3314.410 535.228 160.500
v 3314.065 535.083 160.500
f 1623 1624 1625
v 3312.994 534.752 160.500
v 3313.356 534.845 160.500
f 1626 1623 1627
v 3318.676 540.578 160.500
v 3318.373 539.499 160.500
f 1628 1629 1621
v 3318.492 539.854 160.500
f 1628 1630 1629
v 3318.593 540.214 160.500
f 1628 1631 1630
v 3318.741 540.946 160.500
f 1632 1628 1621
f 1632 1621 1619
v 3318.816 541.690 160.500
v 3318.788 541.317 160.500
f 1633 1634 1632
v 3318.788 542.811 160.500
v 3318.825 542.064 160.500
f 1635 1636 1633
v 3318.816 542.438 160.500
f 1635 1637 1636
f 1635 1633 1632
v 3318.593 543.915 160.500
v 3318.676 543.550 160.500
v 3318.741 543.182 160.500
f 1638 1639 1640
v 3318.236 544.977 160.500
f 1641 1635 1632
f 1641 1638 1640
f 1641 1640 1635
v 3318.492 544.275 160.500
f 1641 1642 1638
v 3318.373 544.629 160.500
f 1641 1643 1642
f 1641 1632 1619
v 3317.912 545.651 160.500
v 3318.082 545.318 160.500
f 1644 1645 1641
v 3307.575 535.569 160.500
v 3308.241 535.228 160.500
v 3307.904 535.390 160.500
f 1646 1647 1648
v 3317.522 546.289 160.500
f 1649 1644 1641
v 3317.725 545.975 160.500
f 1649 1650 1644
v 3306.947 535.975 160.500
v 3307.256 535.764 160.500
f 1651 1646 1652
v 3317.304 546.593 160.500
f 1653 1649 1641
f 1653 1641 1619
v 3316.823 547.166 160.500
f 1654 1612 1609
f 1654 1653 1619
f 1654 1615 1612
f 1654 1619 1615
v 3317.071 546.885 160.500
f 1654 1655 1653
v 3305.827 536.963 160.500
v 3306.363 536.441 160.500
v 3306.088 536.695 160.500
f 1656 1657 1658
v 3306.649 536.200 160.500
f 1656 1659 1657
v 3305.580 537.243 160.500
f 1660 1659 1656
v 3316.001 547.928 160.500
v 3316.288 547.688 160.500
v 3316.562 547.433 160.500
f 1661 1662 1663
v 3305.347 537.536 160.500
f 1664 1651 1659
f 1664 1659 1660
v 3315.703 548.154 160.500
f 1665 1654 1609
f 1665 1661 1663
f 1665 1663 1654
v 3315.075 548.559 160.500
f 1666 1665 1609
v 3315.394 548.364 160.500
f 1666 1667 1665
v 3314.747 548.738 160.500
v 3314.747 535.390 160.500
f 1668 1669 1624
f 1668 1618 1669
f 1668 1609 1618
f 1668 1666 1609
v 3314.065 549.046 160.500
f 1670 1624 1623
f 1670 1668 1624
v 3314.410 548.901 160.500
f 1670 1671 1668
v 3304.277 539.499 160.500
v 3304.568 538.810 160.500
v 3304.414 539.151 160.500
f 1672 1673 1674
v 3304.739 538.477 160.500
f 1672 1675 1673
v 3313.356 549.284 160.500
v 3313.714 549.174 160.500
f 1676 1677 1670
v 3312.994 549.376 160.500
v 3312.628 534.678 160.500
f 1678 1626 1679
f 1678 1623 1626
f 1678 1670 1623
f 1678 1676 1670
v 3303.974 540.578 160.500
v 3304.158 539.854 160.500
v 3304.057 540.214 160.500
f 1680 1681 1682
v 3303.909 540.946 160.500
f 1683 1672 1681
v 3304.926 538.153 160.500
f 1683 1684 1675
f 1683 1675 1672
f 1683 1681 1680
v 3312.258 549.506 160.500
f 1685 1678 1679
v 3312.628 549.450 160.500
f 1685 1686 1678
v 3303.862 541.317 160.500
v 3305.128 537.839 160.500
f 1687 1688 1684
f 1687 1664 1688
f 1687 1684 1683
v 3311.886 549.543 160.500
v 3312.258 534.622 160.500
v 3311.886 534.585 160.500
f 1689 1690 1691
f 1689 1679 1690
f 1689 1685 1679
v 3303.825 542.064 160.500
v 3303.835 541.690 160.500
f 1692 1687 1693
f 1692 1664 1687
v 3311.138 549.562 160.500
v 3311.512 534.567 160.500
v 3311.138 534.567 160.500
f 1694 1695 1696
f 1694 1691 1695
f 1694 1689 1691
v 3311.512 549.562 160.500
f 1694 1697 1689
v 3310.393 549.506 160.500
f 1698 1694 1696
v 3310.765 534.585 160.500
v 3310.393 534.622 160.500
f 1698 1699 1700
f 1698 1696 1699
v 3310.765 549.543 160.500
f 1698 1701 1694
v 3303.909 543.182 160.500
v 3303.835 542.438 160.500
v 3303.862 542.811 160.500
f 1702 1703 1704
v 3310.023 549.450 160.500
f 1705 1698 1700
v 3303.974 543.550 160.500
f 1706 1703 1702
v 3304.057 543.915 160.500
f 1707 1703 1706
v 3309.294 549.284 160.500
v 3309.294 534.845 160.500
v 3308.937 534.955 160.500
f 1708 1709 1710
v 3309.656 534.752 160.500
f 1708 1711 1709
v 3310.023 534.678 160.500
f 1708 1712 1711
f 1708 1700 1712
f 1708 1705 1700
v 3309.656 549.376 160.500
f 1708 1713 1705
v 3304.277 544.629 160.500
v 3304.158 544.275 160.500
f 1714 1707 1715
f 1714 1692 1703
f 1714 1703 1707
v 3308.585 549.046 160.500
v 3308.937 549.174 160.500
f 1716 1717 1708
v 3304.414 544.977 160.500
f 1718 1664 1692
f 1718 1692 1714
v 3308.241 548.901 160.500
v 3308.585 535.083 160.500
f 1719 1720 1647
f 1719 1710 1720
f 1719 1708 1710
f 1719 1716 1708
v 3307.904 548.738 160.500
f 1721 1647 1646
f 1721 1719 1647
v 3304.739 545.651 160.500
v 3304.568 545.318 160.500
f 1722 1718 1723
v 3306.947 548.154 160.500
v 3307.575 548.559 160.500
f 1724 1725 1721
v 3307.256 548.364 160.500
f 1724 1726 1725
f 1724 1646 1651
f 1724 1721 1646
v 3305.347 546.593 160.500
v 3304.926 545.975 160.500
v 3305.128 546.289 160.500
f 1727 1728 1729
f 1727 1722 1728
f 1727 1664 1718
f 1727 1718 1722
f 1727 1651 1664
v 3306.649 547.928 160.500
f 1730 1724 1651
v 3306.363 547.688 160.500
f 1731 1730 1651
v 3305.827 547.166 160.500
v 3305.580 546.885 160.500
f 1732 1727 1733
f 1732 1651 1727
v 3306.088 547.433 160.500
f 1734 1651 1732
f 1734 1731 1651
v 3316.562 536.695 165.500
v 3316.001 536.200 165.500
v 3316.288 536.441 165.500
f 1735 1736 1737
v 3316.823 536.963 165.500
f 1738 1736 1735
v 3317.304 537.536 165.500
v 3317.522 537.839 165.500
v 3317.071 537.243 165.500
f 1739 1740 1741
v 3315.394 535.764 165.500
v 3315.703 535.975 165.500
f 1736 1742 1743
v 3315.075 535.569 165.500
f 1736 1744 1742
v 3317.912 538.477 165.500
f 1740 1745 1741
v 3317.725 538.153 165.500
f 1746 1745 1740
v 3318.082 538.810 165.500
v 3318.236 539.151 165.500
f 1747 1748 1745
v 3314.410 535.228 165.500
v 3313.714 534.955 165.500
v 3314.065 535.083 165.500
f 1749 1750 1751
v 3312.994 534.752 165.500
v 3313.356 534.845 165.500
f 1750 1752 1753
v 3318.373 539.499 165.500
v 3318.676 540.578 165.500
f 1754 1755 1748
v 3318.492 539.854 165.500
f 1756 1755 1754
v 3318.593 540.214 165.500
f 1757 1755 1756
v 3318.741 540.946 165.500
f 1755 1758 1748
f 1748 1758 1745
v 3318.788 541.317 165.500
v 3318.816 541.690 165.500
f 1759 1760 1758
v 3318.825 542.064 165.500
v 3318.788 542.811 165.500
f 1761 1762 1760
v 3318.816 542.438 165.500
f 1763 1762 1761
f 1760 1762 1758
v 3318.676 543.550 165.500
v 3318.593 543.915 165.500
v 3318.741 543.182 165.500
f 1764 1765 1766
v 3318.236 544.977 165.500
f 1762 1767 1758
f 1765 1767 1766
f 1766 1767 1762
v 3318.492 544.275 165.500
f 1768 1767 1765
v 3318.373 544.629 165.500
f 1769 1767 1768
f 1758 1767 1745
v 3318.082 545.318 165.500
v 3317.912 545.651 165.500
f 1770 1771 1767
v 3308.241 535.228 165.500
v 3307.575 535.569 165.500
v 3307.904 535.390 165.500
f 1772 1773 1774
v 3317.522 546.289 165.500
f 1771 1775 1767
v 3317.725 545.975 165.500
f 1776 1775 1771
v 3306.947 535.975 165.500
v 3307.256 535.764 165.500
f 1773 1777 1778
v 3317.304 546.593 165.500
f 1775 1779 1767
f 1767 1779 1745
v 3316.823 547.166 165.500
f 1738 1780 1736
f 1779 1780 1745
f 1741 1780 1738
f 1745 1780 1741
v 3317.071 546.885 165.500
f 1781 1780 1779
v 3306.363 536.441 165.500
v 3305.827 536.963 165.500
v 3306.088 536.695 165.500
f 1782 1783 1784
v 3306.649 536.200 165.500
f 1785 1783 1782
v 3305.580 537.243 165.500
f 1785 1786 1783
v 3316.288 547.688 165.500
v 3316.001 547.928 165.500
v 3316.562 547.433 165.500
f 1787 1788 1789
v 3305.347 537.536 165.500
f 1777 1790 1785
f 1785 1790 1786
v 3315.703 548.154 165.500
f 1780 1791 1736
f 1788 1791 1789
f 1789 1791 1780
v 3315.075 548.559 165.500
f 1791 1792 1736
v 3315.394 548.364 165.500
f 1793 1792 1791
v 3314.747 535.390 165.500
v 3314.747 548.738 165.500
f 1794 1795 1749
f 1744 1795 1794
f 1736 1795 1744
f 1792 1795 1736
v 3314.065 549.046 165.500
f 1749 1796 1750
f 1795 1796 1749
v 3314.410 548.901 165.500
f 1797 1796 1795
v 3304.568 538.810 165.500
v 3304.277 539.499 165.500
v 3304.414 539.151 165.500
f 1798 1799 1800
v 3304.739 538.477 165.500
f 1801 1799 1798
v 3313.714 549.174 165.500
v 3313.356 549.284 165.500
f 1802 1803 1796
v 3312.994 549.376 165.500
v 3312.628 534.678 165.500
f 1752 1804 1805
f 1750 1804 1752
f 1796 1804 1750
f 1803 1804 1796
v 3304.158 539.854 165.500
v 3303.974 540.578 165.500
v 3304.057 540.214 165.500
f 1806 1807 1808
v 3303.909 540.946 165.500
f 1799 1809 1806
v 3304.926 538.153 165.500
f 1810 1809 1801
f 1801 1809 1799
f 1806 1809 1807
v 3312.258 549.506 165.500
f 1804 1811 1805
v 3312.628 549.450 165.500
f 1812 1811 1804
v 3305.128 537.839 165.500
v 3303.862 541.317 165.500
f 1813 1814 1810
f 1790 1814 1813
f 1810 1814 1809
v 3312.258 534.622 165.500
v 3311.886 549.543 165.500
v 3311.886 534.585 165.500
f 1815 1816 1817
f 1805 1816 1815
f 1811 1816 1805
v 3303.825 542.064 165.500
v 3303.835 541.690 165.500
f 1814 1818 1819
f 1790 1818 1814
v 3311.512 534.567 165.500
v 3311.138 549.562 165.500
v 3311.138 534.567 165.500
f 1820 1821 1822
f 1817 1821 1820
f 1816 1821 1817
v 3311.512 549.562 165.500
f 1823 1821 1816
v 3310.393 549.506 165.500
f 1821 1824 1822
v 3310.765 534.585 165.500
v 3310.393 534.622 165.500
f 1825 1824 1826
f 1822 1824 1825
v 3310.765 549.543 165.500
f 1827 1824 1821
v 3303.835 542.438 165.500
v 3303.909 543.182 165.500
v 3303.862 542.811 165.500
f 1828 1829 1830
v 3310.023 549.450 165.500
f 1824 1831 1826
v 3303.974 543.550 165.500
f 1828 1832 1829
v 3304.057 543.915 165.500
f 1828 1833 1832
v 3309.294 534.845 165.500
v 3309.294 549.284 165.500
v 3308.937 534.955 165.500
f 1834 1835 1836
v 3309.656 534.752 165.500
f 1837 1835 1834
v 3310.023 534.678 165.500
f 1838 1835 1837
f 1826 1835 1838
f 1831 1835 1826
v 3309.656 549.376 165.500
f 1839 1835 1831
v 3304.277 544.629 165.500
v 3304.158 544.275 165.500
f 1833 1840 1841
f 1818 1840 1828
f 1828 1840 1833
v 3308.937 549.174 165.500
v 3308.585 549.046 165.500
f 1842 1843 1835
v 3304.414 544.977 165.500
f 1790 1844 1818
f 1818 1844 1840
v 3308.585 535.083 165.500
v 3308.241 548.901 165.500
f 1845 1846 1772
f 1836 1846 1845
f 1835 1846 1836
f 1843 1846 1835
v 3307.904 548.738 165.500
f 1772 1847 1773
f 1846 1847 1772
v 3304.739 545.651 165.500
v 3304.568 545.318 165.500
f 1844 1848 1849
v 3307.575 548.559 165.500
v 3306.947 548.154 165.500
f 1850 1851 1847
v 3307.256 548.364 165.500
f 1852 1851 1850
f 1773 1851 1777
f 1847 1851 1773
v 3304.926 545.975 165.500
v 3305.347 546.593 165.500
v 3305.128 546.289 165.500
f 1853 1854 1855
f 1848 1854 1853
f 1790 1854 1844
f 1844 1854 1848
f 1777 1854 1790
v 3306.649 547.928 165.500
f 1851 1856 1777
v 3306.363 547.688 165.500
f 1856 1857 1777
v 3305.827 547.166 165.500
v 3305.580 546.885 165.500
f 1854 1858 1859
f 1777 1858 1854
v 3306.088 547.433 165.500
f 1777 1860 1858
f 1857 1860 1777
o main_0
v 2527.259 1191.097 140.000
v 2527.488 1190.905 140.000
v 2527.040 1191.301 140.000
f 1861 1862 1863
v 2526.446 1191.973 140.000
v 2526.831 1191.515 140.000
f 1863 1864 1865
v 2526.633 1191.739 140.000
f 1865 1864 1866
f 1862 1864 1863
v 2527.974 1190.556 140.000
v 2528.229 1190.400 140.000
v 2527.726 1190.724 140.000
f 1867 1868 1869
f 1869 1868 1862
v 2525.960 1192.726 140.000
v 2526.271 1192.216 140.000
f 1864 1870 1871
v 2526.109 1192.467 140.000
f 1871 1870 1872
v 2528.492 1190.257 140.000
f 1868 1873 1862
v 2525.700 1193.265 140.000
v 2525.823 1192.993 140.000
f 1870 1874 1875
v 2528.761 1190.127 140.000
v 2529.037 1190.011 140.000
f 1876 1877 1873
v 2529.318 1189.908 140.000
f 1877 1878 1873
f 1873 1878 1862
v 2525.348 1194.407 140.000
v 2525.591 1193.544 140.000
f 1874 1879 1880
v 2525.495 1193.827 140.000
f 1880 1879 1881
v 2525.414 1194.115 140.000
f 1881 1879 1882
f 1870 1879 1874
v 2530.187 1189.687 140.000
v 2530.483 1189.642 140.000
v 2529.894 1189.746 140.000
f 1883 1884 1885
v 2525.259 1194.998 140.000
v 2525.296 1194.702 140.000
f 1879 1886 1887
v 2525.229 1195.596 140.000
v 2525.236 1195.297 140.000
f 1886 1888 1889
v 2531.079 1189.598 140.000
v 2531.379 1189.598 140.000
v 2530.781 1189.613 140.000
f 1890 1891 1892
v 2525.236 1195.895 140.000
f 1870 1893 1879
f 1879 1893 1886
f 1886 1893 1888
v 2525.296 1196.490 140.000
v 2525.259 1196.193 140.000
f 1893 1894 1895
v 2532.271 1189.687 140.000
v 2532.564 1189.746 140.000
v 2531.975 1189.642 140.000
f 1896 1897 1898
v 2531.677 1189.613 140.000
f 1898 1897 1899
v 2525.414 1197.076 140.000
v 2525.348 1196.785 140.000
f 1894 1900 1901
v 2525.495 1197.364 140.000
f 1894 1902 1900
f 1893 1902 1894
v 2532.854 1189.820 140.000
v 2533.140 1189.908 140.000
f 1903 1904 1897
v 2533.421 1190.011 140.000
f 1904 1905 1897
v 2525.700 1197.926 140.000
v 2525.591 1197.648 140.000
f 1902 1906 1907
f 1893 1906 1902
f 1870 1906 1893
v 2533.697 1190.127 140.000
v 2533.966 1190.257 140.000
f 1908 1909 1905
v 2534.229 1190.400 140.000
f 1909 1910 1905
f 1905 1910 1897
v 2526.271 1198.976 140.000
v 2525.823 1198.199 140.000
f 1906 1911 1912
v 2525.960 1198.465 140.000
f 1912 1911 1913
v 2526.109 1198.724 140.000
f 1913 1911 1914
v 2534.731 1190.724 140.000
v 2534.970 1190.905 140.000
v 2534.484 1190.556 140.000
f 1915 1916 1917
f 1917 1916 1910
v 2526.633 1199.453 140.000
v 2526.446 1199.219 140.000
f 1911 1918 1919
v 2535.199 1191.097 140.000
v 2535.418 1191.301 140.000
f 1920 1921 1916
v 2527.040 1199.891 140.000
f 1870 1922 1906
v 2526.831 1199.677 140.000
f 1918 1922 1923
f 1906 1922 1911
f 1862 1922 1864
f 1911 1922 1918
f 1864 1922 1870
v 2535.825 1191.739 140.000
f 1916 1924 1910
f 1921 1924 1916
v 2535.627 1191.515 140.000
f 1925 1924 1921
v 2527.488 1200.287 140.000
v 2527.259 1200.095 140.000
f 1922 1926 1927
f 1862 1926 1922
v 2528.229 1200.792 140.000
v 2527.726 1200.467 140.000
f 1926 1928 1929
v 2527.974 1200.636 140.000
f 1929 1928 1930
v 2528.492 1200.935 140.000
f 1926 1931 1928
v 2536.498 1192.726 140.000
v 2536.635 1192.993 140.000
v 2536.349 1192.467 140.000
f 1932 1933 1934
v 2536.186 1192.216 140.000
f 1934 1933 1935
v 2536.012 1191.973 140.000
f 1935 1933 1936
v 2536.758 1193.265 140.000
f 1933 1937 1936
v 2529.037 1201.181 140.000
v 2528.761 1201.065 140.000
f 1931 1938 1939
v 2529.318 1201.283 140.000
f 1931 1940 1938
f 1926 1940 1931
v 2536.867 1193.544 140.000
v 2536.962 1193.827 140.000
f 1941 1942 1937
v 2537.043 1194.115 140.000
f 1942 1943 1937
v 2529.604 1189.820 140.000
v 2529.894 1201.445 140.000
f 1944 1945 1878
f 1862 1945 1926
v 2529.604 1201.372 140.000
f 1940 1945 1946
f 1878 1945 1862
f 1926 1945 1940
f 1884 1945 1885
f 1885 1945 1944
v 2537.110 1194.407 140.000
v 2537.162 1194.702 140.000
f 1947 1948 1943
v 2530.483 1201.549 140.000
v 2530.187 1201.505 140.000
f 1945 1949 1950
f 1884 1949 1945
f 1892 1949 1884
v 2537.199 1194.998 140.000
v 2537.221 1195.297 140.000
f 1951 1952 1948
f 1936 1952 1924
f 1937 1952 1936
f 1948 1952 1943
f 1943 1952 1937
v 2531.079 1201.594 140.000
f 1892 1953 1949
v 2530.781 1201.579 140.000
f 1949 1953 1954
f 1891 1953 1892
v 2531.379 1201.594 140.000
f 1891 1955 1953
v 2537.221 1195.895 140.000
v 2537.199 1196.193 140.000
v 2537.229 1195.596 140.000
f 1956 1957 1958
v 2531.975 1201.549 140.000
f 1891 1959 1955
v 2531.677 1201.579 140.000
f 1955 1959 1960
f 1899 1959 1891
v 2537.162 1196.490 140.000
f 1957 1961 1958
f 1958 1961 1952
v 2532.564 1201.445 140.000
f 1897 1962 1899
f 1899 1962 1959
v 2532.271 1201.505 140.000
f 1959 1962 1963
v 2537.110 1196.785 140.000
v 2537.043 1197.076 140.000
f 1964 1965 1961
v 2536.962 1197.364 140.000
f 1965 1966 1961
v 2533.140 1201.283 140.000
v 2532.854 1201.372 140.000
f 1962 1967 1968
v 2536.867 1197.648 140.000
f 1961 1969 1952
f 1966 1969 1961
v 2536.635 1198.199 140.000
f 1952 1970 1924
f 1969 1970 1952
v 2536.758 1197.926 140.000
f 1971 1970 1969
v 2533.966 1200.935 140.000
v 2533.421 1201.181 140.000
f 1967 1972 1973
v 2533.697 1201.065 140.000
f 1973 1972 1974
v 2536.498 1198.465 140.000
v 2536.349 1198.724 140.000
f 1975 1976 1970
v 2534.484 1200.636 140.000
f 1897 1977 1962
f 1910 1977 1897
f 1962 1977 1967
v 2534.229 1200.792 140.000
f 1972 1977 1978
f 1967 1977 1972
v 2536.186 1198.976 140.000
f 1976 1979 1970
v 2535.825 1199.453 140.000
v 2535.627 1199.677 140.000
v 2536.012 1199.219 140.000
f 1980 1981 1982
f 1982 1981 1979
v 2535.418 1199.891 140.000
v 2534.731 1200.467 140.000
f 1977 1983 1984
f 1970 1983 1924
v 2534.970 1200.287 140.000
f 1984 1983 1985
v 2535.199 1200.095 140.000
f 1985 1983 1986
f 1924 1983 1910
f 1910 1983 1977
f 1979 1983 1970
f 1981 1983 1979
v 2526.633 1191.739 138.000
v 2527.040 1191.301 138.000
v 2526.831 1191.515 138.000
f 1987 1988 1989
v 2527.726 1190.724 138.000
v 2527.488 1190.905 138.000
v 2527.259 1191.097 138.000
f 1990 1991 1992
v 2527.974 1190.556 138.000
f 1993 1990 1992
v 2526.109 1192.467 138.000
v 2526.446 1191.973 138.000
v 2526.271 1192.216 138.000
f 1994 1995 1996
f 1994 1987 1995
f 1994 1992 1988
f 1994 1988 1987
f 1994 1993 1992
v 2528.761 1190.127 138.000
v 2528.229 1190.400 138.000
f 1997 1998 1993
v 2528.492 1190.257 138.000
f 1997 1999 1998
v 2525.591 1193.544 138.000
v 2525.823 1192.993 138.000
v 2525.700 1193.265 138.000
f 2000 2001 2002
v 2525.960 1192.726 138.000
f 2000 2003 2001
f 2000 1994 2003
v 2529.318 1189.908 138.000
v 2529.037 1190.011 138.000
f 2004 2005 1997
v 2529.604 1189.820 138.000
f 2006 2004 1997
v 2529.894 1189.746 138.000
f 2007 1997 1993
f 2007 2006 1997
v 2525.296 1194.702 138.000
v 2525.414 1194.115 138.000
v 2525.348 1194.407 138.000
f 2008 2009 2010
v 2525.495 1193.827 138.000
f 2008 2011 2009
f 2008 2000 2011
v 2530.483 1189.642 138.000
v 2530.187 1189.687 138.000
f 2012 2013 2007
v 2525.236 1195.297 138.000
v 2525.259 1194.998 138.000
f 2014 2008 2015
v 2531.079 1189.598 138.000
v 2530.781 1189.613 138.000
f 2016 2017 2012
v 2525.259 1196.193 138.000
v 2525.229 1195.596 138.000
f 2018 2014 2019
v 2525.236 1195.895 138.000
f 2018 2019 2020
f 2018 2008 2014
v 2531.975 1189.642 138.000
v 2531.379 1189.598 138.000
f 2021 2022 2016
v 2531.677 1189.613 138.000
f 2021 2023 2022
f 2021 2012 2007
f 2021 2016 2012
v 2532.564 1189.746 138.000
v 2532.271 1189.687 138.000
f 2024 2025 2021
v 2525.414 1197.076 138.000
f 2026 2008 2018
v 2525.296 1196.490 138.000
v 2525.348 1196.785 138.000
f 2026 2027 2028
f 2026 2018 2027
f 2026 2000 2008
v 2533.140 1189.908 138.000
v 2532.854 1189.820 138.000
f 2029 2030 2024
v 2533.421 1190.011 138.000
f 2031 2024 2021
f 2031 2029 2024
v 2525.700 1197.926 138.000
v 2525.495 1197.364 138.000
v 2525.591 1197.648 138.000
f 2032 2033 2034
v 2533.966 1190.257 138.000
f 2035 2031 2021
v 2533.697 1190.127 138.000
f 2035 2036 2031
v 2526.109 1198.724 138.000
f 2037 2000 2026
v 2525.823 1198.199 138.000
v 2525.960 1198.465 138.000
f 2037 2038 2039
f 2037 2032 2038
f 2037 2033 2032
f 2037 2026 2033
v 2534.484 1190.556 138.000
v 2534.229 1190.400 138.000
f 2040 2041 2035
v 2534.731 1190.724 138.000
f 2042 2040 2035
v 2526.633 1199.453 138.000
v 2526.271 1198.976 138.000
v 2526.446 1199.219 138.000
f 2043 2044 2045
f 2043 2037 2044
v 2535.199 1191.097 138.000
f 2046 2042 2035
v 2534.970 1190.905 138.000
f 2046 2047 2042
v 2527.040 1199.891 138.000
v 2526.831 1199.677 138.000
f 2048 2043 2049
f 2048 2037 2043
v 2535.627 1191.515 138.000
v 2535.418 1191.301 138.000
f 2050 2051 2046
v 2536.186 1192.216 138.000
v 2535.825 1191.739 138.000
f 2052 2053 2050
v 2536.012 1191.973 138.000
f 2052 2054 2053
v 2527.974 1200.636 138.000
v 2527.488 1200.287 138.000
v 2527.726 1200.467 138.000
f 2055 2056 2057
v 2527.259 1200.095 138.000
f 2055 2058 2056
f 2055 2048 2058
f 2055 2000 2037
f 2055 2037 2048
f 2055 1994 2000
v 2528.229 1200.792 138.000
f 2059 1993 1994
f 2059 1994 2055
v 2536.498 1192.726 138.000
f 2060 2050 2046
f 2060 2046 2035
v 2536.349 1192.467 138.000
f 2060 2061 2052
f 2060 2052 2050
v 2528.761 1201.065 138.000
v 2528.492 1200.935 138.000
f 2062 2059 2063
v 2529.037 1201.181 138.000
f 2064 2059 2062
v 2529.318 1201.283 138.000
f 2065 2059 2064
v 2529.604 1201.372 138.000
f 2066 2007 1993
f 2066 1993 2059
f 2066 2059 2065
v 2537.043 1194.115 138.000
v 2536.635 1192.993 138.000
f 2067 2068 2060
v 2536.758 1193.265 138.000
f 2067 2069 2068
v 2536.867 1193.544 138.000
f 2067 2070 2069
v 2536.962 1193.827 138.000
f 2067 2071 2070
f 2067 2060 2035
v 2530.187 1201.505 138.000
v 2529.894 1201.445 138.000
f 2072 2066 2073
v 2537.162 1194.702 138.000
v 2537.110 1194.407 138.000
f 2074 2075 2067
v 2537.221 1195.297 138.000
v 2537.199 1194.998 138.000
f 2076 2077 2074
v 2531.379 1201.594 138.000
v 2530.781 1201.579 138.000
v 2531.079 1201.594 138.000
f 2078 2079 2080
v 2530.483 1201.549 138.000
f 2078 2081 2079
f 2078 2072 2081
v 2531.677 1201.579 138.000
f 2082 2066 2072
f 2082 2072 2078
v 2537.199 1196.193 138.000
f 2083 2076 2074
v 2537.229 1195.596 138.000
f 2083 2084 2076
v 2537.221 1195.895 138.000
f 2083 2085 2084
v 2532.271 1201.505 138.000
f 2086 2066 2082
f 2086 2007 2066
f 2086 2021 2007
v 2531.975 1201.549 138.000
f 2086 2082 2087
v 2537.110 1196.785 138.000
v 2537.162 1196.490 138.000
f 2088 2089 2083
v 2533.140 1201.283 138.000
v 2532.564 1201.445 138.000
v 2532.854 1201.372 138.000
f 2090 2091 2092
v 2536.867 1197.648 138.000
v 2536.962 1197.364 138.000
v 2537.043 1197.076 138.000
f 2093 2094 2095
v 2533.421 1201.181 138.000
f 2096 2091 2090
f 2096 2086 2091
v 2536.758 1197.926 138.000
f 2097 2093 2095
f 2097 2095 2088
f 2097 2088 2083
v 2536.635 1198.199 138.000
f 2098 2083 2074
f 2098 2097 2083
f 2098 2074 2067
v 2534.229 1200.792 138.000
f 2099 2021 2086
f 2099 2035 2021
f 2099 2086 2096
v 2533.697 1201.065 138.000
v 2533.966 1200.935 138.000
f 2099 2100 2101
f 2099 2096 2100
v 2536.349 1198.724 138.000
v 2536.498 1198.465 138.000
f 2102 2103 2098
v 2536.012 1199.219 138.000
f 2104 2102 2098
v 2536.186 1198.976 138.000
f 2104 2105 2102
v 2535.825 1199.453 138.000
f 2106 2104 2098
v 2535.199 1200.095 138.000
f 2107 2098 2067
f 2107 2035 2099
f 2107 2106 2098
v 2534.731 1200.467 138.000
v 2534.970 1200.287 138.000
f 2107 2108 2109
f 2107 2067 2035
v 2534.484 1200.636 138.000
f 2107 2110 2108
f 2107 2099 2110
v 2535.418 1199.891 138.000
f 2111 2106 2107
v 2535.627 1199.677 138.000
f 2111 2112 2106
o main_1
v 2596.229 1199.453 -136.596
v 2596.229 1199.891 -136.189
v 2596.229 1199.677 -136.398
f 2113 2114 2115
v 2596.229 1200.287 -135.741
f 2116 2114 2113
v 2596.229 1200.095 -135.970
f 2116 2117 2114
v 2596.229 1200.636 -135.255
v 2596.229 1200.467 -135.502
f 2118 2119 2116
v 2596.229 1200.792 -135.000
f 2120 2116 2113
f 2120 2118 2116
v 2596.229 1198.199 -137.406
v 2596.229 1198.724 -137.120
v 2596.229 1198.465 -137.269
f 2121 2122 2123
v 2596.229 1198.976 -136.957
f 2121 2124 2122
v 2596.229 1199.219 -136.783
f 2121 2125 2124
v 2596.229 1197.926 -137.529
f 2126 2125 2121
f 2126 2113 2125
v 2596.229 1201.181 -134.192
v 2596.229 1201.065 -134.468
v 2596.229 1200.935 -134.737
f 2127 2128 2129
v 2596.229 1201.283 -133.911
f 2130 2127 2129
v 2596.229 1197.364 -137.733
v 2596.229 1197.648 -137.638
f 2131 2126 2132
v 2596.229 1197.076 -137.814
f 2133 2126 2131
v 2596.229 1201.445 -133.335
f 2134 2130 2129
f 2134 2129 2120
v 2596.229 1201.372 -133.625
f 2134 2135 2130
v 2596.229 1196.490 -137.933
v 2596.229 1196.785 -137.881
f 2136 2133 2137
v 2596.229 1201.549 -132.746
v 2596.229 1201.505 -133.042
f 2138 2139 2134
v 2596.229 1201.579 -132.448
f 2140 2138 2134
v 2596.229 1195.895 -137.993
f 2141 2113 2126
v 2596.229 1196.193 -137.970
f 2141 2136 2142
f 2141 2126 2133
f 2141 2133 2136
v 2596.229 1201.579 -131.552
v 2596.229 1201.594 -131.850
v 2596.229 1201.594 -132.150
f 2143 2144 2145
v 2596.229 1194.998 -137.970
v 2596.229 1195.596 -138.000
v 2596.229 1195.297 -137.993
f 2146 2147 2148
v 2596.229 1194.702 -137.933
f 2149 2141 2147
f 2149 2147 2146
v 2596.229 1201.445 -130.665
v 2596.229 1201.549 -131.254
f 2150 2151 2143
v 2596.229 1201.505 -130.958
f 2150 2152 2151
v 2596.229 1194.115 -137.814
v 2596.229 1194.407 -137.881
f 2153 2149 2154
v 2596.229 1193.827 -137.733
f 2155 2141 2149
f 2155 2149 2153
v 2596.229 1201.283 -130.089
v 2596.229 1201.372 -130.375
f 2156 2157 2150
v 2596.229 1192.993 -137.406
f 2158 2141 2155
v 2596.229 1193.544 -137.638
v 2596.229 1193.265 -137.529
f 2158 2159 2160
f 2158 2155 2159
v 2596.229 1200.935 -129.263
v 2596.229 1201.181 -129.808
f 2161 2162 2156
v 2596.229 1201.065 -129.532
f 2161 2163 2162
v 2596.229 1192.216 -136.957
v 2596.229 1192.726 -137.269
v 2596.229 1192.467 -137.120
f 2164 2165 2166
f 2164 2158 2165
v 2596.229 1200.467 -128.498
v 2596.229 1200.636 -128.745
v 2596.229 1200.792 -129.000
f 2167 2168 2169
v 2596.229 1200.287 -128.259
f 2170 2169 2161
f 2170 2156 2150
f 2170 2167 2169
f 2170 2161 2156
v 2596.229 1191.739 -136.596
v 2596.229 1191.973 -136.783
f 2171 2164 2172
v 2596.229 1191.515 -136.398
f 2173 2164 2171
v 2596.229 1199.891 -127.811
v 2596.229 1200.095 -128.030
f 2174 2175 2170
v 2596.229 1191.301 -136.189
f 2176 2158 2164
f 2176 2141 2158
f 2176 2164 2173
f 2176 2120 2113
f 2176 2113 2141
v 2596.229 1190.905 -135.741
v 2596.229 1191.097 -135.970
f 2177 2176 2178
v 2596.229 1199.219 -127.217
v 2596.229 1199.677 -127.602
f 2179 2180 2174
v 2596.229 1199.453 -127.404
f 2179 2181 2180
v 2596.229 1190.556 -135.255
f 2182 2120 2176
f 2182 2176 2177
v 2596.229 1190.724 -135.502
f 2182 2177 2183
f 2182 2134 2120
v 2596.229 1198.465 -126.731
v 2596.229 1198.976 -127.043
f 2184 2185 2179
v 2596.229 1198.724 -126.880
f 2184 2186 2185
f 2184 2174 2170
f 2184 2179 2174
v 2596.229 1190.257 -134.737
v 2596.229 1190.400 -135.000
f 2187 2182 2188
v 2596.229 1190.127 -134.468
f 2189 2182 2187
v 2596.229 1197.926 -126.471
v 2596.229 1198.199 -126.594
f 2190 2191 2184
v 2596.229 1190.011 -134.192
f 2192 2182 2189
v 2596.229 1197.648 -126.362
f 2193 2190 2184
v 2596.229 1189.820 -133.625
v 2596.229 1189.908 -133.911
f 2194 2192 2195
v 2596.229 1189.746 -133.335
f 2196 2182 2192
f 2196 2192 2194
v 2596.229 1196.785 -126.119
v 2596.229 1197.364 -126.267
f 2197 2198 2193
v 2596.229 1197.076 -126.186
f 2197 2199 2198
f 2197 2193 2184
v 2596.229 1189.642 -132.746
v 2596.229 1189.687 -133.042
f 2200 2196 2201
f 2200 2134 2182
f 2200 2182 2196
f 2200 2140 2134
v 2596.229 1196.193 -126.030
v 2596.229 1196.490 -126.067
f 2202 2203 2197
v 2596.229 1189.598 -132.150
v 2596.229 1189.613 -132.448
f 2204 2200 2205
v 2596.229 1195.596 -126.000
v 2596.229 1195.895 -126.007
f 2206 2207 2202
v 2596.229 1189.598 -131.850
f 2208 2140 2200
f 2208 2200 2204
f 2208 2145 2140
v 2596.229 1195.297 -126.007
f 2209 2197 2184
f 2209 2206 2202
f 2209 2202 2197
v 2596.229 1189.642 -131.254
v 2596.229 1189.613 -131.552
f 2210 2208 2211
v 2596.229 1194.702 -126.067
v 2596.229 1194.998 -126.030
f 2212 2213 2209
v 2596.229 1189.746 -130.665
f 2214 2150 2143
f 2214 2145 2208
f 2214 2208 2210
v 2596.229 1189.687 -130.958
f 2214 2210 2215
f 2214 2170 2150
f 2214 2143 2145
v 2596.229 1194.115 -126.186
v 2596.229 1194.407 -126.119
f 2216 2217 2212
f 2216 2212 2209
v 2596.229 1189.908 -130.089
v 2596.229 1189.820 -130.375
f 2218 2214 2219
v 2596.229 1193.265 -126.471
v 2596.229 1193.827 -126.267
f 2220 2221 2216
v 2596.229 1193.544 -126.362
f 2220 2222 2221
f 2220 2216 2209
v 2596.229 1190.127 -129.532
v 2596.229 1190.011 -129.808
f 2223 2218 2224
f 2223 2214 2218
v 2596.229 1190.257 -129.263
f 2225 2214 2223
v 2596.229 1192.467 -126.880
v 2596.229 1192.726 -126.731
v 2596.229 1192.993 -126.594
f 2226 2227 2228
v 2596.229 1192.216 -127.043
f 2229 2226 2228
v 2596.229 1190.724 -128.498
v 2596.229 1190.400 -129.000
v 2596.229 1190.556 -128.745
f 2230 2231 2232
v 2596.229 1190.905 -128.259
f 2233 2231 2230
v 2596.229 1191.515 -127.602
v 2596.229 1191.973 -127.217
f 2234 2235 2229
v 2596.229 1191.739 -127.404
f 2234 2236 2235
v 2596.229 1191.301 -127.811
f 2237 2228 2220
v 2596.229 1191.097 -128.030
f 2237 2233 2238
f 2237 2225 2231
f 2237 2170 2214
f 2237 2220 2209
f 2237 2214 2225
f 2237 2231 2233
f 2237 2229 2228
f 2237 2184 2170
f 2237 2234 2229
f 2237 2209 2184
v 2598.229 1200.095 -135.970
v 2598.229 1200.287 -135.741
v 2598.229 1199.891 -136.189
f 2239 2240 2241
v 2598.229 1198.976 -136.957
v 2598.229 1199.677 -136.398
f 2241 2242 2243
v 2598.229 1199.453 -136.596
f 2243 2242 2244
v 2598.229 1199.219 -136.783
f 2244 2242 2245
v 2598.229 1200.467 -135.502
v 2598.229 1200.636 -135.255
f 2246 2247 2240
v 2598.229 1200.792 -135.000
v 2598.229 1200.935 -134.737
f 2248 2249 2247
v 2598.229 1198.199 -137.406
v 2598.229 1198.724 -137.120
f 2242 2250 2251
v 2598.229 1198.465 -137.269
f 2251 2250 2252
v 2598.229 1201.065 -134.468
v 2598.229 1201.181 -134.192
f 2253 2254 2249
f 2249 2254 2247
v 2598.229 1197.648 -137.638
v 2598.229 1197.926 -137.529
f 2250 2255 2256
v 2598.229 1201.283 -133.911
f 2254 2257 2247
v 2598.229 1201.372 -133.625
v 2598.229 1201.445 -133.335
f 2258 2259 2257
f 2257 2259 2247
v 2598.229 1197.364 -137.733
v 2598.229 1196.490 -137.933
v 2598.229 1197.076 -137.814
f 2260 2261 2262
v 2598.229 1196.785 -137.881
f 2262 2261 2263
v 2598.229 1201.505 -133.042
v 2598.229 1201.549 -132.746
f 2264 2265 2259
v 2598.229 1201.579 -132.448
v 2598.229 1201.594 -132.150
f 2266 2267 2265
v 2598.229 1195.596 -138.000
v 2598.229 1196.193 -137.970
f 2261 2268 2269
v 2598.229 1195.895 -137.993
f 2269 2268 2270
v 2598.229 1195.297 -137.993
f 2241 2271 2242
f 2242 2271 2250
f 2255 2271 2260
f 2250 2271 2255
f 2260 2271 2261
f 2261 2271 2268
v 2598.229 1201.579 -131.552
v 2598.229 1201.549 -131.254
v 2598.229 1201.594 -131.850
f 2272 2273 2274
v 2598.229 1194.702 -137.933
v 2598.229 1194.998 -137.970
f 2271 2275 2276
v 2598.229 1201.505 -130.958
v 2598.229 1201.445 -130.665
f 2277 2278 2273
f 2273 2278 2274
v 2598.229 1194.115 -137.814
f 2271 2279 2275
v 2598.229 1194.407 -137.881
f 2275 2279 2280
v 2598.229 1193.827 -137.733
f 2271 2281 2279
v 2598.229 1201.372 -130.375
v 2598.229 1201.283 -130.089
f 2282 2283 2278
v 2598.229 1193.265 -137.529
f 2271 2284 2281
v 2598.229 1193.544 -137.638
f 2281 2284 2285
v 2598.229 1201.065 -129.532
v 2598.229 1200.935 -129.263
v 2598.229 1201.181 -129.808
f 2286 2287 2288
f 2288 2287 2283
v 2598.229 1192.993 -137.406
v 2598.229 1192.467 -137.120
v 2598.229 1192.726 -137.269
f 2289 2290 2291
v 2598.229 1192.216 -136.957
f 2289 2292 2290
v 2598.229 1200.636 -128.745
v 2598.229 1200.467 -128.498
v 2598.229 1200.792 -129.000
f 2293 2294 2295
v 2598.229 1191.973 -136.783
f 2289 2296 2292
f 2284 2296 2289
v 2598.229 1200.287 -128.259
f 2283 2297 2278
f 2295 2297 2287
f 2287 2297 2283
f 2294 2297 2295
v 2598.229 1191.739 -136.596
f 2284 2298 2296
f 2241 2298 2271
f 2271 2298 2284
v 2598.229 1200.095 -128.030
v 2598.229 1199.891 -127.811
f 2299 2300 2297
v 2598.229 1190.905 -135.741
v 2598.229 1191.515 -136.398
f 2298 2301 2302
v 2598.229 1191.301 -136.189
f 2302 2301 2303
v 2598.229 1191.097 -135.970
f 2303 2301 2304
v 2598.229 1199.219 -127.217
v 2598.229 1198.976 -127.043
v 2598.229 1199.453 -127.404
f 2305 2306 2307
v 2598.229 1199.677 -127.602
f 2307 2306 2308
f 2308 2306 2300
v 2598.229 1190.556 -135.255
v 2598.229 1190.724 -135.502
f 2301 2309 2310
v 2598.229 1190.400 -135.000
f 2301 2311 2309
f 2241 2311 2298
f 2240 2311 2241
f 2247 2311 2240
f 2298 2311 2301
v 2598.229 1198.465 -126.731
v 2598.229 1198.199 -126.594
v 2598.229 1198.724 -126.880
f 2312 2313 2314
f 2314 2313 2306
v 2598.229 1197.926 -126.471
f 2313 2315 2306
f 2306 2315 2300
v 2598.229 1189.908 -133.911
v 2598.229 1190.257 -134.737
f 2311 2316 2317
v 2598.229 1190.127 -134.468
f 2317 2316 2318
v 2598.229 1190.011 -134.192
f 2318 2316 2319
v 2598.229 1197.648 -126.362
v 2598.229 1197.364 -126.267
f 2320 2321 2315
v 2598.229 1189.746 -133.335
f 2247 2322 2311
f 2259 2322 2247
f 2311 2322 2316
v 2598.229 1189.820 -133.625
f 2316 2322 2323
v 2598.229 1196.785 -126.119
v 2598.229 1196.490 -126.067
v 2598.229 1197.076 -126.186
f 2324 2325 2326
v 2598.229 1189.613 -132.448
f 2259 2327 2322
v 2598.229 1189.687 -133.042
f 2322 2327 2328
v 2598.229 1189.642 -132.746
f 2328 2327 2329
v 2598.229 1196.193 -126.030
v 2598.229 1195.895 -126.007
f 2330 2331 2325
f 2326 2331 2321
f 2315 2331 2300
f 2321 2331 2315
f 2325 2331 2326
v 2598.229 1189.598 -132.150
f 2265 2332 2259
f 2267 2332 2265
f 2259 2332 2327
v 2598.229 1189.613 -131.552
f 2267 2333 2332
f 2274 2333 2267
v 2598.229 1189.598 -131.850
f 2332 2333 2334
v 2598.229 1195.596 -126.000
v 2598.229 1194.998 -126.030
f 2335 2336 2331
v 2598.229 1195.297 -126.007
f 2337 2336 2335
v 2598.229 1189.642 -131.254
f 2278 2338 2274
f 2274 2338 2333
v 2598.229 1194.407 -126.119
f 2336 2339 2331
v 2598.229 1194.702 -126.067
f 2340 2339 2336
v 2598.229 1189.746 -130.665
f 2278 2341 2338
v 2598.229 1189.687 -130.958
f 2338 2341 2342
v 2598.229 1194.115 -126.186
v 2598.229 1193.827 -126.267
f 2343 2344 2339
v 2598.229 1189.908 -130.089
v 2598.229 1189.820 -130.375
f 2341 2345 2346
v 2598.229 1193.544 -126.362
v 2598.229 1193.265 -126.471
f 2347 2348 2344
f 2344 2348 2339
v 2598.229 1190.257 -129.263
v 2598.229 1190.011 -129.808
f 2345 2349 2350
v 2598.229 1190.127 -129.532
f 2350 2349 2351
v 2598.229 1192.993 -126.594
v 2598.229 1192.726 -126.731
f 2352 2353 2348
f 2348 2353 2339
f 2339 2353 2331
v 2598.229 1192.467 -126.880
v 2598.229 1192.216 -127.043
f 2354 2355 2353
v 2598.229 1191.973 -127.217
f 2331 2356 2300
f 2353 2356 2331
f 2355 2356 2353
v 2598.229 1190.905 -128.259
v 2598.229 1190.400 -129.000
f 2349 2357 2358
v 2598.229 1190.556 -128.745
f 2358 2357 2359
v 2598.229 1190.724 -128.498
f 2359 2357 2360
f 2341 2357 2345
f 2278 2357 2341
f 2297 2357 2278
f 2345 2357 2349
f 2356 2357 2300
f 2300 2357 2297
v 2598.229 1191.739 -127.404
v 2598.229 1191.515 -127.602
f 2361 2362 2356
v 2598.229 1191.301 -127.811
v 2598.229 1191.097 -128.030
f 2357 2363 2364
f 2356 2363 2357
f 2362 2363 2356
o main_10
v 17747.956 1175.596 1738.672
v 17422.956 1175.596 1738.672
v 17422.956 1215.596 1738.672
f 2365 2366 2367
v 17747.956 1215.596 1738.672
f 2368 2365 2367
v 17422.956 1175.596 1778.672
v 17422.956 1215.596 1778.672
f 2369 2370 2367
f 2369 2367 2366
v 17747.956 1215.596 1778.672
f 2371 2370 2369
v 17747.956 1175.596 1778.672
f 2372 2371 2369
f 2371 2372 2365
f 2371 2365 2368
f 2368 2367 2371
f 2367 2370 2371
f 2366 2365 2372
f 2369 2366 2372
o main_11
v 2431.605 1135.596 188.000
v 2436.605 1135.596 188.000
v 2436.605 1255.596 188.000
f 2373 2374 2375
v 2431.605 1255.596 188.000
f 2373 2375 2376
v 2436.605 1135.596 138.000
f 2377 2374 2373
v 2431.605 1135.596 138.000
f 2378 2377 2373
v 2431.605 1255.596 138.000
v 2436.605 1255.596 138.000
f 2377 2379 2380
f 2377 2378 2379
f 2379 2376 2375
f 2380 2379 2375
v 2431.605 1157.772 157.136
v 2431.605 1158.333 157.631
v 2431.605 1158.058 157.377
f 2381 2382 2383
v 2431.605 1158.594 157.899
f 2381 2384 2382
v 2431.605 1159.293 158.775
v 2431.605 1159.074 158.471
v 2431.605 1158.841 158.179
f 2385 2386 2387
v 2431.605 1157.165 156.700
v 2431.605 1157.474 156.910
f 2388 2381 2389
v 2431.605 1156.846 156.505
f 2390 2381 2388
v 2431.605 1159.682 159.413
f 2391 2385 2387
v 2431.605 1159.496 159.089
f 2391 2392 2385
v 2431.605 1160.007 160.087
v 2431.605 1159.853 159.746
f 2393 2394 2391
v 2431.605 1155.484 155.891
v 2431.605 1156.180 156.164
v 2431.605 1155.836 156.018
f 2395 2396 2397
v 2431.605 1154.765 155.688
v 2431.605 1155.127 155.780
f 2398 2395 2399
v 2431.605 1160.447 161.514
v 2431.605 1160.144 160.435
f 2400 2401 2393
v 2431.605 1160.263 160.789
f 2400 2402 2401
v 2431.605 1160.364 161.149
f 2400 2403 2402
v 2431.605 1160.512 161.882
f 2404 2400 2393
f 2404 2393 2391
v 2431.605 1160.586 162.626
v 2431.605 1160.559 162.253
f 2405 2406 2404
v 2431.605 1160.559 163.747
v 2431.605 1160.596 163.000
f 2407 2408 2405
v 2431.605 1160.586 163.374
f 2407 2409 2408
f 2407 2405 2404
v 2431.605 1160.364 164.851
v 2431.605 1160.447 164.486
v 2431.605 1160.512 164.118
f 2410 2411 2412
v 2431.605 1160.007 165.913
f 2413 2407 2404
f 2413 2410 2412
f 2413 2412 2407
v 2431.605 1160.263 165.211
f 2413 2414 2410
v 2431.605 1160.144 165.565
f 2413 2415 2414
f 2413 2404 2391
v 2431.605 1159.682 166.587
v 2431.605 1159.853 166.254
f 2416 2417 2413
v 2431.605 1149.346 156.505
v 2431.605 1150.011 156.164
v 2431.605 1149.674 156.326
f 2418 2419 2420
v 2431.605 1159.293 167.225
f 2421 2416 2413
v 2431.605 1159.496 166.911
f 2421 2422 2416
v 2431.605 1148.718 156.910
v 2431.605 1149.027 156.700
f 2423 2418 2424
v 2431.605 1159.074 167.529
f 2425 2421 2413
f 2425 2413 2391
v 2431.605 1158.594 168.101
f 2426 2384 2381
f 2426 2425 2391
f 2426 2387 2384
f 2426 2391 2387
v 2431.605 1158.841 167.821
f 2426 2427 2425
v 2431.605 1147.598 157.899
v 2431.605 1148.133 157.377
v 2431.605 1147.859 157.631
f 2428 2429 2430
v 2431.605 1148.420 157.136
f 2428 2431 2429
v 2431.605 1147.350 158.179
f 2432 2431 2428
v 2431.605 1157.772 168.864
v 2431.605 1158.058 168.623
v 2431.605 1158.333 168.369
f 2433 2434 2435
v 2431.605 1147.117 158.471
f 2436 2423 2431
f 2436 2431 2432
v 2431.605 1157.474 169.090
f 2437 2426 2381
f 2437 2433 2435
f 2437 2435 2426
v 2431.605 1156.846 169.495
f 2438 2437 2381
v 2431.605 1157.165 169.300
f 2438 2439 2437
v 2431.605 1156.517 169.674
v 2431.605 1156.517 156.326
f 2440 2441 2396
f 2440 2390 2441
f 2440 2381 2390
f 2440 2438 2381
v 2431.605 1155.836 169.982
f 2442 2396 2395
f 2442 2440 2396
v 2431.605 1156.180 169.836
f 2442 2443 2440
v 2431.605 1146.048 160.435
v 2431.605 1146.339 159.746
v 2431.605 1146.185 160.087
f 2444 2445 2446
v 2431.605 1146.509 159.413
f 2444 2447 2445
v 2431.605 1155.127 170.220
v 2431.605 1155.484 170.109
f 2448 2449 2442
v 2431.605 1154.765 170.312
v 2431.605 1154.398 155.614
f 2450 2398 2451
f 2450 2395 2398
f 2450 2442 2395
f 2450 2448 2442
v 2431.605 1145.745 161.514
v 2431.605 1145.929 160.789
v 2431.605 1145.828 161.149
f 2452 2453 2454
v 2431.605 1145.680 161.882
f 2455 2444 2453
v 2431.605 1146.696 159.089
f 2455 2456 2447
f 2455 2447 2444
f 2455 2453 2452
v 2431.605 1154.028 170.442
f 2457 2450 2451
v 2431.605 1154.398 170.386
f 2457 2458 2450
v 2431.605 1145.633 162.253
v 2431.605 1146.899 158.775
f 2459 2460 2456
f 2459 2436 2460
f 2459 2456 2455
v 2431.605 1153.656 170.479
v 2431.605 1154.028 155.558
v 2431.605 1153.656 155.521
f 2461 2462 2463
f 2461 2451 2462
f 2461 2457 2451
v 2431.605 1145.596 163.000
v 2431.605 1145.605 162.626
f 2464 2459 2465
f 2464 2436 2459
v 2431.605 1152.909 170.498
v 2431.605 1153.283 155.502
v 2431.605 1152.909 155.502
f 2466 2467 2468
f 2466 2463 2467
f 2466 2461 2463
v 2431.605 1153.283 170.498
f 2466 2469 2461
v 2431.605 1152.163 170.442
f 2470 2466 2468
v 2431.605 1152.535 155.521
v 2431.605 1152.163 155.558
f 2470 2471 2472
f 2470 2468 2471
v 2431.605 1152.535 170.479
f 2470 2473 2466
v 2431.605 1145.680 164.118
v 2431.605 1145.605 163.374
v 2431.605 1145.633 163.747
f 2474 2475 2476
v 2431.605 1151.793 170.386
f 2477 2470 2472
v 2431.605 1145.745 164.486
f 2478 2475 2474
v 2431.605 1145.828 164.851
f 2479 2475 2478
v 2431.605 1151.065 170.220
v 2431.605 1151.065 155.780
v 2431.605 1150.707 155.891
f 2480 2481 2482
v 2431.605 1151.427 155.688
f 2480 2483 2481
v 2431.605 1151.793 155.614
f 2480 2484 2483
f 2480 2472 2484
f 2480 2477 2472
v 2431.605 1151.427 170.312
f 2480 2485 2477
v 2431.605 1146.048 165.565
v 2431.605 1145.929 165.211
f 2486 2479 2487
f 2486 2464 2475
f 2486 2475 2479
v 2431.605 1150.356 169.982
v 2431.605 1150.707 170.109
f 2488 2489 2480
v 2431.605 1146.185 165.913
f 2490 2436 2464
f 2490 2464 2486
v 2431.605 1150.011 169.836
v 2431.605 1150.356 156.018
f 2491 2492 2419
f 2491 2482 2492
f 2491 2480 2482
f 2491 2488 2480
v 2431.605 1149.674 169.674
f 2493 2419 2418
f 2493 2491 2419
v 2431.605 1146.509 166.587
v 2431.605 1146.339 166.254
f 2494 2490 2495
v 2431.605 1148.718 169.090
v 2431.605 1149.346 169.495
f 2496 2497 2493
v 2431.605 1149.027 169.300
f 2496 2498 2497
f 2496 2418 2423
f 2496 2493 2418
v 2431.605 1147.117 167.529
v 2431.605 1146.696 166.911
v 2431.605 1146.899 167.225
f 2499 2500 2501
f 2499 2494 2500
f 2499 2436 2490
f 2499 2490 2494
f 2499 2423 2436
v 2431.605 1148.420 168.864
f 2502 2496 2423
v 2431.605 1148.133 168.623
f 2503 2502 2423
v 2431.605 1147.598 168.101
v 2431.605 1147.350 167.821
f 2504 2499 2505
f 2504 2423 2499
v 2431.605 1147.859 168.369
f 2506 2423 2504
f 2506 2503 2423
v 2436.605 1158.333 157.631
v 2436.605 1157.772 157.136
v 2436.605 1158.058 157.377
f 2507 2508 2509
v 2436.605 1158.594 157.899
f 2510 2508 2507
v 2436.605 1159.074 158.471
v 2436.605 1159.293 158.775
v 2436.605 1158.841 158.179
f 2511 2512 2513
v 2436.605 1157.165 156.700
v 2436.605 1157.474 156.910
f 2508 2514 2515
v 2436.605 1156.846 156.505
f 2508 2516 2514
v 2436.605 1159.682 159.413
f 2512 2517 2513
v 2436.605 1159.496 159.089
f 2518 2517 2512
v 2436.605 1159.853 159.746
v 2436.605 1160.007 160.087
f 2519 2520 2517
v 2436.605 1156.180 156.164
v 2436.605 1155.484 155.891
v 2436.605 1155.836 156.018
f 2521 2522 2523
v 2436.605 1154.765 155.688
v 2436.605 1155.127 155.780
f 2522 2524 2525
v 2436.605 1160.144 160.435
v 2436.605 1160.447 161.514
f 2526 2527 2520
v 2436.605 1160.263 160.789
f 2528 2527 2526
v 2436.605 1160.364 161.149
f 2529 2527 2528
v 2436.605 1160.512 161.882
f 2527 2530 2520
f 2520 2530 2517
v 2436.605 1160.559 162.253
v 2436.605 1160.586 162.626
f 2531 2532 2530
v 2436.605 1160.596 163.000
v 2436.605 1160.559 163.747
f 2533 2534 2532
v 2436.605 1160.586 163.374
f 2535 2534 2533
f 2532 2534 2530
v 2436.605 1160.447 164.486
v 2436.605 1160.364 164.851
v 2436.605 1160.512 164.118
f 2536 2537 2538
v 2436.605 1160.007 165.913
f 2534 2539 2530
f 2537 2539 2538
f 2538 2539 2534
v 2436.605 1160.263 165.211
f 2540 2539 2537
v 2436.605 1160.144 165.565
f 2541 2539 2540
f 2530 2539 2517
v 2436.605 1159.853 166.254
v 2436.605 1159.682 166.587
f 2542 2543 2539
v 2436.605 1150.011 156.164
v 2436.605 1149.346 156.505
v 2436.605 1149.674 156.326
f 2544 2545 2546
v 2436.605 1159.293 167.225
f 2543 2547 2539
v 2436.605 1159.496 166.911
f 2548 2547 2543
v 2436.605 1148.718 156.910
v 2436.605 1149.027 156.700
f 2545 2549 2550
v 2436.605 1159.074 167.529
f 2547 2551 2539
f 2539 2551 2517
v 2436.605 1158.594 168.101
f 2510 2552 2508
f 2551 2552 2517
f 2513 2552 2510
f 2517 2552 2513
v 2436.605 1158.841 167.821
f 2553 2552 2551
v 2436.605 1148.133 157.377
v 2436.605 1147.598 157.899
v 2436.605 1147.859 157.631
f 2554 2555 2556
v 2436.605 1148.420 157.136
f 2557 2555 2554
v 2436.605 1147.350 158.179
f 2557 2558 2555
v 2436.605 1158.058 168.623
v 2436.605 1157.772 168.864
v 2436.605 1158.333 168.369
f 2559 2560 2561
v 2436.605 1147.117 158.471
f 2549 2562 2557
f 2557 2562 2558
v 2436.605 1157.474 169.090
f 2552 2563 2508
f 2560 2563 2561
f 2561 2563 2552
v 2436.605 1156.846 169.495
f 2563 2564 2508
v 2436.605 1157.165 169.300
f 2565 2564 2563
v 2436.605 1156.517 156.326
v 2436.605 1156.517 169.674
f 2566 2567 2521
f 2516 2567 2566
f 2508 2567 2516
f 2564 2567 2508
v 2436.605 1155.836 169.982
f 2521 2568 2522
f 2567 2568 2521
v 2436.605 1156.180 169.836
f 2569 2568 2567
v 2436.605 1146.339 159.746
v 2436.605 1146.048 160.435
v 2436.605 1146.185 160.087
f 2570 2571 2572
v 2436.605 1146.509 159.413
f 2573 2571 2570
v 2436.605 1155.484 170.109
v 2436.605 1155.127 170.220
f 2574 2575 2568
v 2436.605 1154.765 170.312
v 2436.605 1154.398 155.614
f 2524 2576 2577
f 2522 2576 2524
f 2568 2576 2522
f 2575 2576 2568
v 2436.605 1145.929 160.789
v 2436.605 1145.745 161.514
v 2436.605 1145.828 161.149
f 2578 2579 2580
v 2436.605 1145.680 161.882
f 2571 2581 2578
v 2436.605 1146.696 159.089
f 2582 2581 2573
f 2573 2581 2571
f 2578 2581 2579
v 2436.605 1154.028 170.442
f 2576 2583 2577
v 2436.605 1154.398 170.386
f 2584 2583 2576
v 2436.605 1146.899 158.775
v 2436.605 1145.633 162.253
f 2585 2586 2582
f 2562 2586 2585
f 2582 2586 2581
v 2436.605 1154.028 155.558
v 2436.605 1153.656 170.479
v 2436.605 1153.656 155.521
f 2587 2588 2589
f 2577 2588 2587
f 2583 2588 2577
v 2436.605 1145.596 163.000
v 2436.605 1145.605 162.626
f 2586 2590 2591
f 2562 2590 2586
v 2436.605 1153.283 155.502
v 2436.605 1152.909 170.498
v 2436.605 1152.909 155.502
f 2592 2593 2594
f 2589 2593 2592
f 2588 2593 2589
v 2436.605 1153.283 170.498
f 2595 2593 2588
v 2436.605 1152.163 170.442
f 2593 2596 2594
v 2436.605 1152.535 155.521
v 2436.605 1152.163 155.558
f 2597 2596 2598
f 2594 2596 2597
v 2436.605 1152.535 170.479
f 2599 2596 2593
v 2436.605 1145.605 163.374
v 2436.605 1145.680 164.118
v 2436.605 1145.633 163.747
f 2600 2601 2602
v 2436.605 1151.793 170.386
f 2596 2603 2598
v 2436.605 1145.745 164.486
f 2600 2604 2601
v 2436.605 1145.828 164.851
f 2600 2605 2604
v 2436.605 1151.065 155.780
v 2436.605 1151.065 170.220
v 2436.605 1150.707 155.891
f 2606 2607 2608
v 2436.605 1151.427 155.688
f 2609 2607 2606
v 2436.605 1151.793 155.614
f 2610 2607 2609
f 2598 2607 2610
f 2603 2607 2598
v 2436.605 1151.427 170.312
f 2611 2607 2603
v 2436.605 1146.048 165.565
v 2436.605 1145.929 165.211
f 2605 2612 2613
f 2590 2612 2600
f 2600 2612 2605
v 2436.605 1150.707 170.109
v 2436.605 1150.356 169.982
f 2614 2615 2607
v 2436.605 1146.185 165.913
f 2562 2616 2590
f 2590 2616 2612
v 2436.605 1150.356 156.018
v 2436.605 1150.011 169.836
f 2617 2618 2544
f 2608 2618 2617
f 2607 2618 2608
f 2615 2618 2607
v 2436.605 1149.674 169.674
f 2544 2619 2545
f 2618 2619 2544
v 2436.605 1146.509 166.587
v 2436.605 1146.339 166.254
f 2616 2620 2621
v 2436.605 1149.346 169.495
v 2436.605 1148.718 169.090
f 2622 2623 2619
v 2436.605 1149.027 169.300
f 2624 2623 2622
f 2545 2623 2549
f 2619 2623 2545
v 2436.605 1146.696 166.911
v 2436.605 1147.117 167.529
v 2436.605 1146.899 167.225
f 2625 2626 2627
f 2620 2626 2625
f 2562 2626 2616
f 2616 2626 2620
f 2549 2626 2562
v 2436.605 1148.420 168.864
f 2623 2628 2549
v 2436.605 1148.133 168.623
f 2628 2629 2549
v 2436.605 1147.598 168.101
v 2436.605 1147.350 167.821
f 2626 2630 2631
f 2549 2630 2626
v 2436.605 1147.859 168.369
f 2549 2632 2630
f 2629 2632 2549
o main_12
v 2369.605 1255.596 232.672
v 2369.605 1255.596 227.672
v 2369.213 1255.586 227.672
f 2633 2634 2635
v 2369.213 1255.586 232.672
v 2368.821 1255.557 227.672
f 2636 2635 2637
f 2636 2633 2635
v 2368.821 1255.557 232.672
v 2368.431 1255.509 227.672
f 2638 2637 2639
f 2638 2636 2637
v 2368.431 1255.509 232.672
v 2368.044 1255.442 227.672
f 2640 2639 2641
f 2640 2638 2639
v 2368.044 1255.442 232.672
v 2367.661 1255.356 227.672
f 2642 2641 2643
f 2642 2640 2641
v 2367.661 1255.356 232.672
v 2367.283 1255.251 227.672
f 2644 2643 2645
f 2644 2642 2643
v 2367.283 1255.251 232.672
v 2366.910 1255.128 227.672
f 2646 2645 2647
f 2646 2644 2645
v 2366.910 1255.128 232.672
v 2366.544 1254.987 227.672
f 2648 2647 2649
f 2648 2646 2647
v 2366.544 1254.987 232.672
f 2650 2648 2649
v 2366.185 1254.828 227.672
f 2650 2649 2651
v 2366.185 1254.828 232.672
f 2652 2650 2651
v 2365.834 1254.651 227.672
f 2652 2651 2653
v 2365.834 1254.651 232.672
f 2654 2652 2653
v 2365.492 1254.458 227.672
f 2654 2653 2655
v 2365.492 1254.458 232.672
f 2656 2654 2655
v 2365.161 1254.248 227.672
f 2656 2655 2657
v 2365.161 1254.248 232.672
f 2658 2656 2657
v 2364.840 1254.021 227.672
f 2658 2657 2659
v 2364.840 1254.021 232.672
f 2660 2658 2659
v 2364.530 1253.780 227.672
f 2660 2659 2661
v 2364.530 1253.780 232.672
f 2662 2660 2661
v 2364.233 1253.523 227.672
f 2662 2661 2663
v 2364.233 1253.523 232.672
f 2664 2662 2663
v 2363.948 1253.253 227.672
f 2664 2663 2665
v 2363.948 1253.253 232.672
f 2666 2664 2665
v 2363.677 1252.968 227.672
f 2666 2665 2667
v 2363.677 1252.968 232.672
f 2668 2666 2667
v 2363.421 1252.671 227.672
f 2668 2667 2669
v 2363.421 1252.671 232.672
f 2670 2668 2669
v 2363.179 1252.361 227.672
f 2670 2669 2671
v 2363.179 1252.361 232.672
f 2672 2670 2671
v 2362.953 1252.040 227.672
f 2672 2671 2673
v 2362.953 1252.040 232.672
f 2674 2672 2673
v 2362.743 1251.709 227.672
f 2674 2673 2675
v 2362.743 1251.709 232.672
v 2362.550 1251.367 227.672
f 2676 2675 2677
f 2676 2674 2675
v 2362.550 1251.367 232.672
v 2362.373 1251.016 227.672
f 2678 2677 2679
f 2678 2676 2677
v 2362.373 1251.016 232.672
v 2362.214 1250.657 227.672
f 2680 2679 2681
f 2680 2678 2679
v 2362.214 1250.657 232.672
v 2362.073 1250.291 227.672
f 2682 2681 2683
f 2682 2680 2681
v 2362.073 1250.291 232.672
v 2361.950 1249.918 227.672
f 2684 2683 2685
f 2684 2682 2683
v 2361.950 1249.918 232.672
v 2361.845 1249.540 227.672
f 2686 2685 2687
f 2686 2684 2685
v 2361.845 1249.540 232.672
v 2361.759 1249.157 227.672
f 2688 2687 2689
f 2688 2686 2687
v 2361.759 1249.157 232.672
v 2361.692 1248.770 227.672
f 2690 2689 2691
f 2690 2688 2689
v 2361.692 1248.770 232.672
v 2361.644 1248.380 227.672
f 2692 2691 2693
f 2692 2690 2691
v 2361.644 1248.380 232.672
v 2361.615 1247.988 227.672
f 2694 2693 2695
f 2694 2692 2693
v 2361.615 1247.988 232.672
f 2696 2694 2695
v 2361.605 1247.596 232.672
v 2361.605 1247.596 227.672
f 2697 2695 2698
f 2697 2696 2695
v 2361.605 1143.596 227.672
v 2361.605 1143.596 232.672
f 2698 2699 2700
f 2698 2700 2697
v 2369.605 1135.596 227.672
v 2369.605 1135.596 232.672
v 2369.213 1135.605 232.672
f 2701 2702 2703
v 2369.213 1135.605 227.672
v 2368.821 1135.634 232.672
f 2704 2703 2705
f 2704 2701 2703
v 2368.821 1135.634 227.672
v 2368.431 1135.682 232.672
f 2706 2705 2707
f 2706 2704 2705
v 2368.431 1135.682 227.672
v 2368.044 1135.750 232.672
f 2708 2707 2709
f 2708 2706 2707
v 2368.044 1135.750 227.672
v 2367.661 1135.836 232.672
f 2710 2709 2711
f 2710 2708 2709
v 2367.661 1135.836 227.672
v 2367.283 1135.940 232.672
f 2712 2711 2713
f 2712 2710 2711
v 2367.283 1135.940 227.672
v 2366.910 1136.063 232.672
f 2714 2713 2715
f 2714 2712 2713
v 2366.910 1136.063 227.672
v 2366.544 1136.205 232.672
f 2716 2715 2717
f 2716 2714 2715
v 2366.544 1136.205 227.672
f 2718 2716 2717
v 2366.185 1136.364 232.672
f 2718 2717 2719
v 2366.185 1136.364 227.672
f 2720 2718 2719
v 2365.834 1136.540 232.672
f 2720 2719 2721
v 2365.834 1136.540 227.672
f 2722 2720 2721
v 2365.492 1136.734 232.672
f 2722 2721 2723
v 2365.492 1136.734 227.672
f 2724 2722 2723
v 2365.161 1136.944 232.672
f 2724 2723 2725
v 2365.161 1136.944 227.672
f 2726 2724 2725
v 2364.840 1137.170 232.672
f 2726 2725 2727
v 2364.840 1137.170 227.672
f 2728 2726 2727
v 2364.530 1137.412 232.672
f 2728 2727 2729
v 2364.530 1137.412 227.672
f 2730 2728 2729
v 2364.233 1137.668 232.672
f 2730 2729 2731
v 2364.233 1137.668 227.672
f 2732 2730 2731
v 2363.948 1137.939 232.672
f 2732 2731 2733
v 2363.948 1137.939 227.672
f 2734 2732 2733
v 2363.677 1138.223 232.672
f 2734 2733 2735
v 2363.677 1138.223 227.672
f 2736 2734 2735
v 2363.421 1138.521 232.672
f 2736 2735 2737
v 2363.421 1138.521 227.672
f 2738 2736 2737
v 2363.179 1138.830 232.672
f 2738 2737 2739
v 2363.179 1138.830 227.672
f 2740 2738 2739
v 2362.953 1139.151 232.672
f 2740 2739 2741
v 2362.953 1139.151 227.672
f 2742 2740 2741
v 2362.743 1139.483 232.672
f 2742 2741 2743
v 2362.743 1139.483 227.672
v 2362.550 1139.825 232.672
f 2744 2743 2745
f 2744 2742 2743
v 2362.550 1139.825 227.672
v 2362.373 1140.175 232.672
f 2746 2745 2747
f 2746 2744 2745
v 2362.373 1140.175 227.672
v 2362.214 1140.534 232.672
f 2748 2747 2749
f 2748 2746 2747
v 2362.214 1140.534 227.672
v 2362.073 1140.901 232.672
f 2750 2749 2751
f 2750 2748 2749
v 2362.073 1140.901 227.672
v 2361.950 1141.274 232.672
f 2752 2751 2753
f 2752 2750 2751
v 2361.950 1141.274 227.672
v 2361.845 1141.652 232.672
f 2754 2753 2755
f 2754 2752 2753
v 2361.845 1141.652 227.672
v 2361.759 1142.035 232.672
f 2756 2755 2757
f 2756 2754 2755
v 2361.759 1142.035 227.672
v 2361.692 1142.422 232.672
f 2758 2757 2759
f 2758 2756 2757
v 2361.692 1142.422 227.672
v 2361.644 1142.812 232.672
f 2760 2759 2761
f 2760 2758 2759
v 2361.644 1142.812 227.672
v 2361.615 1143.203 232.672
f 2762 2761 2763
f 2762 2760 2761
v 2361.615 1143.203 227.672
f 2764 2762 2763
f 2699 2763 2700
f 2699 2764 2763
v 2426.605 1135.596 227.672
f 2765 2702 2701
v 2431.605 1135.596 227.672
v 2426.605 1135.596 65.672
f 2766 2765 2767
v 2431.605 1135.596 65.672
f 2766 2767 2768
v 2426.605 1135.596 232.672
f 2769 2702 2765
v 2431.599 1135.596 227.917
f 2770 2765 2766
v 2426.850 1135.596 232.666
f 2771 2769 2765
v 2431.581 1135.596 228.162
f 2772 2765 2770
v 2427.095 1135.596 232.648
f 2773 2771 2765
v 2431.551 1135.596 228.405
f 2774 2765 2772
v 2427.339 1135.596 232.618
f 2775 2773 2765
v 2431.509 1135.596 228.647
f 2776 2765 2774
v 2427.581 1135.596 232.576
f 2777 2775 2765
v 2431.455 1135.596 228.887
f 2778 2765 2776
v 2427.820 1135.596 232.522
f 2779 2777 2765
v 2431.390 1135.596 229.123
f 2780 2765 2778
v 2428.057 1135.596 232.456
f 2781 2779 2765
v 2431.313 1135.596 229.356
f 2782 2765 2780
v 2428.290 1135.596 232.380
f 2783 2781 2765
v 2431.224 1135.596 229.585
f 2784 2765 2782
v 2428.519 1135.596 232.291
f 2785 2783 2765
v 2431.125 1135.596 229.810
f 2786 2765 2784
v 2428.743 1135.596 232.192
f 2787 2785 2765
v 2431.015 1135.596 230.029
f 2788 2765 2786
v 2428.962 1135.596 232.081
f 2789 2787 2765
v 2430.894 1135.596 230.242
f 2790 2765 2788
v 2429.176 1135.596 231.960
f 2791 2789 2765
v 2430.762 1135.596 230.450
f 2792 2765 2790
v 2429.383 1135.596 231.829
f 2793 2791 2765
v 2430.621 1135.596 230.650
f 2794 2765 2792
v 2429.584 1135.596 231.688
f 2795 2793 2765
v 2430.470 1135.596 230.844
f 2796 2765 2794
v 2429.777 1135.596 231.537
f 2797 2795 2765
v 2429.963 1135.596 231.377
f 2798 2797 2765
v 2430.310 1135.596 231.030
f 2799 2765 2796
v 2430.141 1135.596 231.207
f 2800 2798 2765
f 2800 2765 2799
v 2426.605 1135.605 65.279
f 2768 2767 2801
v 2431.605 1135.605 65.279
v 2426.605 1135.634 64.888
f 2802 2801 2803
f 2802 2768 2801
v 2431.605 1135.634 64.888
v 2426.605 1135.682 64.498
f 2804 2803 2805
f 2804 2802 2803
v 2431.605 1135.682 64.498
v 2426.605 1135.750 64.111
f 2806 2805 2807
f 2806 2804 2805
v 2431.605 1135.750 64.111
v 2426.605 1135.836 63.728
f 2808 2807 2809
f 2808 2806 2807
v 2431.605 1135.836 63.728
v 2426.605 1135.940 63.350
f 2810 2809 2811
f 2810 2808 2809
v 2431.605 1135.940 63.350
v 2426.605 1136.063 62.977
f 2812 2811 2813
f 2812 2810 2811
v 2431.605 1136.063 62.977
v 2426.605 1136.205 62.610
f 2814 2813 2815
f 2814 2812 2813
v 2431.605 1136.205 62.610
f 2816 2814 2815
v 2426.605 1136.364 62.251
f 2816 2815 2817
v 2431.605 1136.364 62.251
f 2818 2816 2817
v 2426.605 1136.540 61.901
f 2818 2817 2819
v 2431.605 1136.540 61.901
v 2426.605 1136.734 61.559
f 2820 2819 2821
f 2820 2818 2819
v 2431.605 1136.734 61.559
v 2426.605 1136.944 61.227
f 2822 2821 2823
f 2822 2820 2821
v 2431.605 1136.944 61.227
v 2426.605 1137.170 60.906
f 2824 2823 2825
f 2824 2822 2823
v 2431.605 1137.170 60.906
v 2426.605 1137.412 60.597
f 2826 2825 2827
f 2826 2824 2825
v 2431.605 1137.412 60.597
v 2426.605 1137.668 60.299
f 2828 2827 2829
f 2828 2826 2827
v 2431.605 1137.668 60.299
v 2426.605 1137.939 60.015
f 2830 2829 2831
f 2830 2828 2829
v 2431.605 1137.939 60.015
v 2426.605 1138.223 59.744
f 2832 2831 2833
f 2832 2830 2831
v 2431.605 1138.223 59.744
v 2426.605 1138.521 59.488
f 2834 2833 2835
f 2834 2832 2833
v 2431.605 1138.521 59.488
v 2426.605 1138.830 59.246
f 2836 2835 2837
f 2836 2834 2835
v 2431.605 1138.830 59.246
v 2426.605 1139.151 59.020
f 2838 2837 2839
f 2838 2836 2837
v 2431.605 1139.151 59.020
v 2426.605 1139.483 58.810
f 2840 2839 2841
f 2840 2838 2839
v 2431.605 1139.483 58.810
v 2426.605 1139.825 58.616
f 2842 2841 2843
f 2842 2840 2841
v 2431.605 1139.825 58.616
v 2426.605 1140.175 58.440
f 2844 2843 2845
f 2844 2842 2843
v 2431.605 1140.175 58.440
v 2426.605 1140.534 58.281
f 2846 2845 2847
f 2846 2844 2845
v 2431.605 1140.534 58.281
v 2426.605 1140.901 58.139
f 2848 2847 2849
f 2848 2846 2847
v 2431.605 1140.901 58.139
v 2426.605 1141.274 58.016
f 2850 2849 2851
f 2850 2848 2849
v 2431.605 1141.274 58.016
v 2426.605 1141.652 57.912
f 2852 2851 2853
f 2852 2850 2851
v 2431.605 1141.652 57.912
v 2426.605 1142.035 57.826
f 2854 2853 2855
f 2854 2852 2853
v 2431.605 1142.035 57.826
v 2426.605 1142.422 57.758
f 2856 2855 2857
f 2856 2854 2855
v 2431.605 1142.422 57.758
v 2426.605 1142.812 57.710
f 2858 2857 2859
f 2858 2856 2857
v 2431.605 1142.812 57.710
v 2426.605 1143.203 57.681
f 2860 2859 2861
f 2860 2858 2859
v 2431.605 1143.203 57.681
v 2426.605 1143.596 57.672
f 2862 2861 2863
f 2862 2860 2861
v 2431.605 1143.596 57.672
f 2864 2862 2863
v 2426.605 1255.596 65.672
v 2431.605 1255.596 65.672
v 2431.605 1255.586 65.279
f 2865 2866 2867
v 2426.605 1255.586 65.279
v 2431.605 1255.557 64.888
f 2868 2867 2869
f 2868 2865 2867
v 2426.605 1255.557 64.888
v 2431.605 1255.509 64.498
f 2870 2869 2871
f 2870 2868 2869
v 2426.605 1255.509 64.498
v 2431.605 1255.442 64.111
f 2872 2871 2873
f 2872 2870 2871
v 2426.605 1255.442 64.111
v 2431.605 1255.356 63.728
f 2874 2873 2875
f 2874 2872 2873
v 2426.605 1255.356 63.728
v 2431.605 1255.251 63.350
f 2876 2875 2877
f 2876 2874 2875
v 2426.605 1255.251 63.350
v 2431.605 1255.128 62.977
f 2878 2877 2879
f 2878 2876 2877
v 2426.605 1255.128 62.977
v 2431.605 1254.987 62.610
f 2880 2879 2881
f 2880 2878 2879
v 2426.605 1254.987 62.610
f 2882 2880 2881
v 2431.605 1254.828 62.251
f 2882 2881 2883
v 2426.605 1254.828 62.251
f 2884 2882 2883
v 2431.605 1254.651 61.901
f 2884 2883 2885
v 2426.605 1254.651 61.901
v 2431.605 1254.458 61.559
f 2886 2885 2887
f 2886 2884 2885
v 2426.605 1254.458 61.559
v 2431.605 1254.248 61.227
f 2888 2887 2889
f 2888 2886 2887
v 2426.605 1254.248 61.227
v 2431.605 1254.021 60.906
f 2890 2889 2891
f 2890 2888 2889
v 2426.605 1254.021 60.906
v 2431.605 1253.780 60.597
f 2892 2891 2893
f 2892 2890 2891
v 2426.605 1253.780 60.597
v 2431.605 1253.523 60.299
f 2894 2893 2895
f 2894 2892 2893
v 2426.605 1253.523 60.299
v 2431.605 1253.253 60.015
f 2896 2895 2897
f 2896 2894 2895
v 2426.605 1253.253 60.015
v 2431.605 1252.968 59.744
f 2898 2897 2899
f 2898 2896 2897
v 2426.605 1252.968 59.744
v 2431.605 1252.671 59.488
f 2900 2899 2901
f 2900 2898 2899
v 2426.605 1252.671 59.488
v 2431.605 1252.361 59.246
f 2902 2901 2903
f 2902 2900 2901
v 2426.605 1252.361 59.246
v 2431.605 1252.040 59.020
f 2904 2903 2905
f 2904 2902 2903
v 2426.605 1252.040 59.020
v 2431.605 1251.709 58.810
f 2906 2905 2907
f 2906 2904 2905
v 2426.605 1251.709 58.810
v 2431.605 1251.367 58.616
f 2908 2907 2909
f 2908 2906 2907
v 2426.605 1251.367 58.616
v 2431.605 1251.016 58.440
f 2910 2909 2911
f 2910 2908 2909
v 2426.605 1251.016 58.440
v 2431.605 1250.657 58.281
f 2912 2911 2913
f 2912 2910 2911
v 2426.605 1250.657 58.281
v 2431.605 1250.291 58.139
f 2914 2913 2915
f 2914 2912 2913
v 2426.605 1250.291 58.139
v 2431.605 1249.918 58.016
f 2916 2915 2917
f 2916 2914 2915
v 2426.605 1249.918 58.016
v 2431.605 1249.540 57.912
f 2918 2917 2919
f 2918 2916 2917
v 2426.605 1249.540 57.912
v 2431.605 1249.157 57.826
f 2920 2919 2921
f 2920 2918 2919
v 2426.605 1249.157 57.826
v 2431.605 1248.770 57.758
f 2922 2921 2923
f 2922 2920 2921
v 2426.605 1248.770 57.758
v 2431.605 1248.380 57.710
f 2924 2923 2925
f 2924 2922 2923
v 2426.605 1248.380 57.710
v 2431.605 1247.988 57.681
f 2926 2925 2927
f 2926 2924 2925
v 2426.605 1247.988 57.681
v 2431.605 1247.596 57.672
f 2928 2927 2929
f 2928 2926 2927
v 2426.605 1247.596 57.672
f 2930 2928 2929
f 2929 2864 2863
f 2929 2863 2930
v 2431.605 1255.596 227.672
v 2431.599 1255.596 227.917
f 2766 2931 2932
v 2431.581 1255.596 228.162
f 2770 2932 2933
f 2770 2766 2932
v 2431.551 1255.596 228.405
f 2772 2933 2934
f 2772 2770 2933
v 2431.509 1255.596 228.647
f 2774 2934 2935
f 2774 2772 2934
v 2431.455 1255.596 228.887
f 2776 2935 2936
f 2776 2774 2935
f 2778 2776 2936
v 2431.390 1255.596 229.123
v 2431.313 1255.596 229.356
f 2780 2937 2938
f 2780 2936 2937
f 2780 2778 2936
v 2431.224 1255.596 229.585
f 2782 2938 2939
f 2782 2780 2938
f 2784 2782 2939
f 2786 2784 2939
v 2431.125 1255.596 229.810
f 2786 2939 2940
f 2788 2786 2940
v 2431.015 1255.596 230.029
v 2430.894 1255.596 230.242
f 2788 2941 2942
f 2788 2940 2941
f 2790 2788 2942
v 2430.762 1255.596 230.450
f 2790 2942 2943
v 2430.621 1255.596 230.650
f 2792 2943 2944
f 2792 2790 2943
f 2794 2792 2944
v 2430.470 1255.596 230.844
f 2796 2944 2945
f 2796 2794 2944
f 2799 2796 2945
v 2430.310 1255.596 231.030
v 2430.141 1255.596 231.207
f 2799 2946 2947
f 2799 2945 2946
f 2800 2799 2947
v 2429.963 1255.596 231.377
f 2798 2947 2948
f 2798 2800 2947
v 2429.777 1255.596 231.537
f 2797 2948 2949
f 2797 2798 2948
v 2429.584 1255.596 231.688
v 2429.383 1255.596 231.829
f 2795 2950 2951
f 2795 2949 2950
f 2795 2797 2949
v 2429.176 1255.596 231.960
f 2793 2951 2952
f 2793 2795 2951
v 2428.962 1255.596 232.081
f 2791 2952 2953
f 2791 2793 2952
v 2428.743 1255.596 232.192
f 2789 2953 2954
f 2789 2791 2953
f 2787 2789 2954
v 2428.519 1255.596 232.291
v 2428.290 1255.596 232.380
f 2785 2955 2956
f 2785 2954 2955
f 2785 2787 2954
v 2428.057 1255.596 232.456
f 2783 2956 2957
f 2783 2785 2956
f 2781 2783 2957
v 2427.820 1255.596 232.522
f 2779 2957 2958
f 2779 2781 2957
v 2427.581 1255.596 232.576
f 2777 2958 2959
f 2777 2779 2958
v 2427.339 1255.596 232.618
v 2427.095 1255.596 232.648
f 2775 2960 2961
f 2775 2959 2960
f 2775 2777 2959
f 2773 2775 2961
v 2426.850 1255.596 232.666
f 2771 2961 2962
f 2771 2773 2961
v 2426.605 1255.596 232.672
f 2769 2962 2963
f 2769 2771 2962
v 2426.605 1255.596 227.672
f 2767 2765 2964
f 2803 2801 2767
f 2807 2805 2803
f 2811 2809 2807
f 2811 2807 2803
f 2813 2811 2803
f 2817 2815 2813
f 2817 2803 2767
f 2817 2813 2803
f 2819 2817 2767
f 2823 2821 2819
f 2827 2825 2823
f 2829 2827 2823
f 2833 2829 2823
f 2833 2831 2829
f 2833 2823 2819
f 2839 2835 2833
f 2839 2837 2835
f 2845 2839 2833
f 2845 2841 2839
f 2845 2843 2841
f 2849 2833 2819
f 2849 2845 2833
f 2849 2847 2845
f 2855 2851 2849
f 2855 2853 2851
f 2857 2855 2849
f 2863 2849 2819
f 2863 2857 2849
f 2863 2859 2857
f 2863 2861 2859
f 2863 2819 2767
f 2930 2863 2767
f 2865 2930 2767
f 2865 2767 2964
f 2870 2865 2868
f 2924 2928 2930
f 2924 2926 2928
f 2920 2922 2924
f 2920 2924 2930
f 2876 2872 2874
f 2918 2920 2930
f 2878 2870 2872
f 2878 2865 2870
f 2878 2872 2876
f 2884 2880 2882
f 2884 2878 2880
f 2884 2865 2878
f 2912 2916 2918
f 2912 2914 2916
f 2912 2918 2930
f 2910 2912 2930
f 2906 2908 2910
f 2906 2910 2930
f 2890 2886 2888
f 2890 2884 2886
f 2892 2884 2890
f 2902 2904 2906
f 2902 2906 2930
f 2896 2892 2894
f 2896 2884 2892
f 2898 2884 2896
f 2898 2900 2902
f 2898 2930 2865
f 2898 2865 2884
f 2898 2902 2930
f 2633 2964 2634
f 2964 2931 2865
f 2865 2931 2866
f 2633 2963 2964
f 2964 2932 2931
f 2963 2962 2964
f 2964 2933 2932
f 2962 2961 2964
f 2964 2934 2933
f 2961 2960 2964
f 2964 2935 2934
f 2960 2959 2964
f 2964 2936 2935
f 2959 2958 2964
f 2964 2937 2936
f 2958 2957 2964
f 2964 2938 2937
f 2957 2956 2964
f 2964 2939 2938
f 2956 2955 2964
f 2964 2940 2939
f 2955 2954 2964
f 2964 2941 2940
f 2954 2953 2964
f 2964 2942 2941
f 2953 2952 2964
f 2964 2943 2942
f 2952 2951 2964
f 2964 2944 2943
f 2951 2950 2964
f 2964 2945 2944
f 2950 2949 2964
f 2964 2946 2945
f 2949 2948 2964
f 2964 2947 2946
f 2948 2947 2964
v 2375.982 1230.633 227.672
v 2376.504 1230.098 227.672
v 2376.236 1230.359 227.672
f 2965 2966 2967
v 2375.516 1231.218 227.672
f 2968 2966 2965
v 2375.741 1230.920 227.672
f 2968 2965 2969
v 2378.018 1229.009 227.672
v 2377.077 1229.617 227.672
v 2376.784 1229.850 227.672
f 2970 2971 2972
v 2377.380 1229.399 227.672
f 2970 2973 2971
v 2377.694 1229.196 227.672
f 2970 2974 2973
v 2374.931 1232.174 227.672
v 2375.305 1231.527 227.672
v 2375.110 1231.846 227.672
f 2975 2976 2977
v 2374.769 1232.511 227.672
f 2978 2968 2976
f 2978 2976 2975
v 2378.692 1228.685 227.672
v 2378.351 1228.839 227.672
f 2979 2980 2970
v 2374.496 1233.207 227.672
v 2374.624 1232.856 227.672
f 2981 2978 2982
v 2374.385 1233.565 227.672
f 2983 2978 2981
v 2379.754 1228.328 227.672
v 2379.040 1228.548 227.672
f 2984 2985 2979
v 2379.394 1228.429 227.672
f 2984 2986 2985
v 2374.219 1234.293 227.672
v 2374.293 1233.927 227.672
f 2987 2983 2988
v 2380.858 1228.133 227.672
v 2380.119 1228.245 227.672
f 2989 2990 2984
v 2380.487 1228.180 227.672
f 2989 2991 2990
v 2374.126 1235.035 227.672
v 2374.163 1234.663 227.672
f 2992 2987 2993
v 2374.126 1236.156 227.672
v 2374.107 1235.409 227.672
v 2374.107 1235.783 227.672
f 2994 2995 2996
f 2994 2992 2995
v 2382.352 1228.133 227.672
v 2381.979 1228.105 227.672
v 2381.605 1228.096 227.672
f 2997 2998 2999
v 2374.293 1237.265 227.672
v 2374.163 1236.528 227.672
v 2374.219 1236.898 227.672
f 3000 3001 3002
v 2374.385 1237.627 227.672
f 3003 3001 3000
f 3003 2994 3001
f 3003 2987 2992
f 3003 2978 2983
f 3003 2983 2987
f 3003 2992 2994
v 2383.816 1228.429 227.672
v 2383.456 1228.328 227.672
v 2383.091 1228.245 227.672
f 3004 3005 3006
v 2374.769 1238.680 227.672
v 2374.496 1237.984 227.672
v 2374.624 1238.336 227.672
f 3007 3008 3009
f 3007 3003 3008
v 2384.859 1228.839 227.672
v 2384.518 1228.685 227.672
v 2384.170 1228.548 227.672
f 3010 3011 3012
v 2385.830 1229.399 227.672
v 2385.516 1229.196 227.672
v 2385.192 1229.009 227.672
f 3013 3014 3015
v 2375.516 1239.974 227.672
f 3016 2978 3003
v 2375.110 1239.346 227.672
v 2375.305 1239.665 227.672
f 3016 3017 3018
v 2374.931 1239.017 227.672
f 3016 3019 3017
f 3016 3007 3019
f 3016 3003 3007
f 3016 2968 2978
v 2375.982 1240.558 227.672
v 2375.741 1240.272 227.672
f 3020 3016 3021
v 2376.236 1240.833 227.672
f 3022 3016 3020
f 3022 2968 3016
f 3022 2966 2968
v 2387.228 1230.633 227.672
v 2386.426 1229.850 227.672
v 2386.134 1229.617 227.672
f 3023 3024 3025
v 2386.706 1230.098 227.672
f 3023 3026 3024
v 2386.974 1230.359 227.672
f 3023 3027 3026
v 2377.077 1241.574 227.672
v 2376.504 1241.094 227.672
v 2376.784 1241.341 227.672
f 3028 3029 3030
f 3028 3022 3029
f 3028 2972 2966
f 3028 2966 3022
v 2387.695 1231.218 227.672
v 2387.469 1230.920 227.672
f 3031 3032 3023
v 2377.380 1241.793 227.672
f 3033 2972 3028
v 2387.905 1231.527 227.672
f 3034 3031 3023
v 2378.018 1242.182 227.672
v 2377.694 1241.996 227.672
f 3035 3033 3036
f 3035 2970 2972
f 3035 2972 3033
f 3035 2979 2970
v 2388.279 1232.174 227.672
v 2388.100 1231.846 227.672
f 3037 3038 3034
v 2388.441 1232.511 227.672
f 3039 3037 3034
v 2379.040 1242.644 227.672
v 2378.351 1242.353 227.672
v 2378.692 1242.507 227.672
f 3040 3041 3042
f 3040 3035 3041
f 3040 2979 3035
v 2388.715 1233.207 227.672
v 2388.587 1232.856 227.672
f 3043 3044 3039
v 2379.394 1242.763 227.672
f 3045 2984 2979
f 3045 2979 3040
v 2388.825 1233.565 227.672
f 3046 3039 3034
f 3046 3043 3039
v 2380.119 1242.947 227.672
v 2379.754 1242.864 227.672
f 3047 3045 3048
f 3047 2984 3045
v 2380.487 1243.012 227.672
f 3049 2989 2984
f 3049 2984 3047
v 2389.047 1234.663 227.672
v 2388.991 1234.293 227.672
v 2388.917 1233.927 227.672
f 3050 3051 3052
v 2380.858 1243.059 227.672
f 3053 2989 3049
v 2389.103 1235.409 227.672
f 3054 3050 3052
f 3054 3052 3046
v 2389.084 1235.035 227.672
f 3054 3055 3050
v 2381.605 1243.096 227.672
v 2381.231 1243.086 227.672
f 3056 3053 3057
v 2381.979 1243.086 227.672
f 3058 3053 3056
v 2381.231 1228.105 227.672
f 3058 3059 2989
f 3058 2989 3053
v 2382.352 1243.059 227.672
f 3060 3059 3058
f 3060 2999 3059
v 2382.723 1228.180 227.672
f 3060 3061 2997
f 3060 3006 3061
f 3060 2997 2999
v 2389.047 1236.528 227.672
v 2389.084 1236.156 227.672
v 2389.103 1235.783 227.672
f 3062 3063 3064
v 2382.723 1243.012 227.672
f 3065 3006 3060
v 2388.991 1236.898 227.672
f 3066 3062 3064
f 3066 3064 3054
v 2388.917 1237.265 227.672
f 3067 3066 3054
v 2383.456 1242.864 227.672
v 2383.091 1242.947 227.672
f 3068 3065 3069
v 2388.825 1237.627 227.672
f 3070 3067 3054
v 2383.816 1242.763 227.672
f 3071 3004 3006
f 3071 3006 3065
f 3071 3065 3068
f 3071 3012 3004
v 2384.518 1242.507 227.672
v 2384.170 1242.644 227.672
f 3072 3071 3073
v 2384.859 1242.353 227.672
f 3074 3010 3012
f 3074 3012 3071
f 3074 3071 3072
f 3074 3015 3010
v 2388.279 1239.017 227.672
v 2388.715 1237.984 227.672
f 3075 3076 3070
v 2388.587 1238.336 227.672
f 3075 3077 3076
v 2388.441 1238.680 227.672
f 3075 3078 3077
f 3075 3054 3046
f 3075 3070 3054
v 2385.516 1241.996 227.672
f 3079 3015 3074
v 2385.192 1242.182 227.672
f 3079 3074 3080
f 3079 3013 3015
v 2385.830 1241.793 227.672
f 3081 3013 3079
v 2387.469 1240.272 227.672
v 2388.100 1239.346 227.672
f 3082 3083 3075
v 2387.905 1239.665 227.672
f 3082 3084 3083
v 2387.695 1239.974 227.672
f 3082 3085 3084
v 2386.426 1241.341 227.672
v 2386.134 1241.574 227.672
f 3086 3081 3087
v 2387.228 1240.558 227.672
f 3088 3082 3075
v 2386.706 1241.094 227.672
f 3089 3081 3086
f 3089 3013 3081
f 3089 3025 3013
v 2386.974 1240.833 227.672
f 3090 3075 3046
f 3090 3034 3023
f 3090 3023 3025
f 3090 3025 3089
f 3090 3088 3075
f 3090 3046 3034
v 2376.784 1241.341 232.672
v 2376.504 1241.094 232.672
v 2376.236 1240.833 232.672
f 3091 3092 3093
v 2377.380 1241.793 232.672
v 2377.077 1241.574 232.672
f 3094 3095 3091
f 3094 3091 3093
v 2375.305 1239.665 232.672
v 2375.741 1240.272 232.672
v 2375.516 1239.974 232.672
f 3096 3097 3098
v 2375.982 1240.558 232.672
f 3096 3099 3097
f 3096 3093 3099
v 2374.931 1239.017 232.672
v 2375.110 1239.346 232.672
f 3100 3096 3101
v 2378.351 1242.353 232.672
v 2378.018 1242.182 232.672
v 2377.694 1241.996 232.672
f 3102 3103 3104
v 2374.624 1238.336 232.672
v 2374.769 1238.680 232.672
f 3105 3100 3106
f 3105 3096 3100
v 2379.040 1242.644 232.672
v 2378.692 1242.507 232.672
f 3107 3108 3102
v 2379.394 1242.763 232.672
f 3109 3107 3102
v 2379.754 1242.864 232.672
f 3110 3102 3104
f 3110 3109 3102
v 2374.293 1237.265 232.672
v 2374.496 1237.984 232.672
v 2374.385 1237.627 232.672
f 3111 3112 3113
f 3111 3105 3112
v 2380.119 1242.947 232.672
f 3114 3110 3104
v 2374.126 1236.156 232.672
f 3115 3105 3111
v 2374.219 1236.898 232.672
v 2374.163 1236.528 232.672
f 3115 3116 3117
f 3115 3111 3116
v 2381.231 1243.086 232.672
v 2380.487 1243.012 232.672
f 3118 3119 3114
v 2380.858 1243.059 232.672
f 3118 3120 3119
v 2374.126 1235.035 232.672
v 2374.107 1235.783 232.672
v 2374.107 1235.409 232.672
f 3121 3122 3123
v 2382.352 1243.059 232.672
v 2381.979 1243.086 232.672
v 2381.605 1243.096 232.672
f 3124 3125 3126
f 3124 3126 3118
f 3124 3118 3114
v 2374.163 1234.663 232.672
f 3127 3122 3121
v 2374.219 1234.293 232.672
f 3128 3122 3127
f 3128 3115 3122
v 2383.456 1242.864 232.672
v 2383.091 1242.947 232.672
v 2382.723 1243.012 232.672
f 3129 3130 3131
v 2383.816 1242.763 232.672
f 3132 3129 3131
v 2374.496 1233.207 232.672
v 2374.293 1233.927 232.672
v 2374.385 1233.565 232.672
f 3133 3134 3135
f 3133 3128 3134
v 2384.170 1242.644 232.672
f 3136 3131 3124
f 3136 3132 3131
f 3136 3114 3104
f 3136 3124 3114
v 2374.769 1232.511 232.672
v 2374.624 1232.856 232.672
f 3137 3133 3138
v 2374.931 1232.174 232.672
f 3139 3133 3137
v 2385.192 1242.182 232.672
v 2384.518 1242.507 232.672
f 3140 3141 3136
v 2384.859 1242.353 232.672
f 3140 3142 3141
v 2385.516 1241.996 232.672
f 3143 3104 3094
f 3143 3140 3136
f 3143 3094 3093
f 3143 3136 3104
v 2375.305 1231.527 232.672
f 3144 3133 3139
v 2375.110 1231.846 232.672
f 3144 3139 3145
v 2386.426 1241.341 232.672
v 2386.134 1241.574 232.672
v 2385.830 1241.793 232.672
f 3146 3147 3148
v 2376.236 1230.359 232.672
v 2375.741 1230.920 232.672
v 2375.982 1230.633 232.672
f 3149 3150 3151
v 2375.516 1231.218 232.672
f 3149 3152 3150
f 3149 3144 3152
v 2387.469 1240.272 232.672
f 3153 3143 3093
f 3153 3148 3143
v 2386.706 1241.094 232.672
f 3153 3154 3146
v 2386.974 1240.833 232.672
f 3153 3155 3154
v 2387.228 1240.558 232.672
f 3153 3156 3155
f 3153 3146 3148
f 3153 3093 3096
v 2377.077 1229.617 232.672
f 3157 3144 3149
v 2376.504 1230.098 232.672
v 2376.784 1229.850 232.672
f 3157 3158 3159
f 3157 3149 3158
v 2387.905 1239.665 232.672
v 2387.695 1239.974 232.672
f 3160 3161 3153
v 2388.279 1239.017 232.672
v 2388.100 1239.346 232.672
f 3162 3163 3160
f 3162 3160 3153
v 2378.351 1228.839 232.672
f 3164 3144 3157
v 2377.694 1229.196 232.672
v 2378.018 1229.009 232.672
f 3164 3165 3166
v 2377.380 1229.399 232.672
f 3164 3167 3165
f 3164 3157 3167
v 2378.692 1228.685 232.672
f 3168 3144 3164
v 2379.040 1228.548 232.672
f 3169 3144 3168
v 2388.715 1237.984 232.672
v 2388.441 1238.680 232.672
f 3170 3171 3162
v 2388.587 1238.336 232.672
f 3170 3172 3171
f 3170 3153 3096
f 3170 3162 3153
f 3170 3096 3105
v 2379.394 1228.429 232.672
f 3173 3144 3169
v 2388.917 1237.265 232.672
v 2388.825 1237.627 232.672
f 3174 3175 3170
f 3174 3170 3105
f 3174 3105 3115
v 2380.119 1228.245 232.672
v 2379.754 1228.328 232.672
f 3176 3173 3177
v 2380.487 1228.180 232.672
f 3178 3173 3176
v 2389.047 1236.528 232.672
v 2388.991 1236.898 232.672
f 3179 3180 3174
v 2380.858 1228.133 232.672
f 3181 3173 3178
v 2389.103 1235.783 232.672
v 2389.084 1236.156 232.672
f 3182 3183 3179
f 3182 3179 3174
v 2381.605 1228.096 232.672
v 2381.231 1228.105 232.672
f 3184 3181 3185
v 2389.103 1235.409 232.672
f 3186 3182 3174
f 3186 3174 3115
v 2381.979 1228.105 232.672
f 3187 3181 3184
v 2382.352 1228.133 232.672
f 3188 3173 3181
f 3188 3181 3187
v 2389.047 1234.663 232.672
v 2389.084 1235.035 232.672
f 3189 3190 3186
v 2383.091 1228.245 232.672
f 3191 3173 3188
v 2382.723 1228.180 232.672
f 3191 3188 3192
v 2388.917 1233.927 232.672
f 3193 3128 3133
f 3193 3115 3128
f 3193 3189 3186
f 3193 3186 3115
v 2388.991 1234.293 232.672
f 3193 3194 3189
f 3193 3133 3144
v 2383.816 1228.429 232.672
v 2383.456 1228.328 232.672
f 3195 3191 3196
v 2388.715 1233.207 232.672
v 2388.825 1233.565 232.672
f 3197 3198 3193
v 2384.170 1228.548 232.672
f 3199 3173 3191
f 3199 3191 3195
v 2384.518 1228.685 232.672
f 3200 3173 3199
v 2388.441 1232.511 232.672
v 2388.587 1232.856 232.672
f 3201 3202 3197
f 3201 3197 3193
v 2388.100 1231.846 232.672
v 2388.279 1232.174 232.672
f 3203 3204 3201
v 2385.516 1229.196 232.672
f 3205 3173 3200
v 2384.859 1228.839 232.672
v 2385.192 1229.009 232.672
f 3205 3206 3207
f 3205 3200 3206
v 2387.905 1231.527 232.672
f 3208 3203 3201
v 2387.469 1230.920 232.672
v 2387.695 1231.218 232.672
f 3209 3210 3208
v 2386.426 1229.850 232.672
v 2385.830 1229.399 232.672
v 2386.134 1229.617 232.672
f 3211 3212 3213
f 3211 3205 3212
v 2387.228 1230.633 232.672
f 3214 3209 3208
v 2386.706 1230.098 232.672
f 3215 3205 3211
v 2386.974 1230.359 232.672
f 3216 3193 3144
f 3216 3201 3193
f 3216 3208 3201
f 3216 3173 3205
f 3216 3205 3215
f 3216 3214 3208
f 3216 3144 3173
v 2431.605 1157.772 211.036
v 2431.605 1158.333 210.541
v 2431.605 1158.058 210.795
f 3217 3218 3219
v 2431.605 1159.074 209.700
v 2431.605 1158.594 210.273
f 3220 3221 3218
v 2431.605 1158.841 209.993
f 3220 3222 3221
f 3220 3218 3217
v 2431.605 1157.165 211.472
v 2431.605 1157.474 211.261
f 3223 3217 3224
v 2431.605 1159.496 209.083
v 2431.605 1159.293 209.397
f 3225 3226 3220
v 2431.605 1159.682 208.759
f 3227 3225 3220
v 2431.605 1156.517 211.846
v 2431.605 1156.846 211.667
f 3228 3223 3229
f 3228 3220 3217
f 3228 3217 3223
f 3228 3227 3220
v 2431.605 1160.007 208.085
v 2431.605 1159.853 208.426
f 3230 3231 3227
v 2431.605 1160.144 207.737
f 3232 3230 3227
v 2431.605 1155.484 212.281
v 2431.605 1156.180 212.008
v 2431.605 1155.836 212.153
f 3233 3234 3235
v 2431.605 1155.127 212.391
f 3236 3228 3234
f 3236 3234 3233
v 2431.605 1160.447 206.658
v 2431.605 1160.263 207.382
f 3237 3238 3232
v 2431.605 1160.364 207.022
f 3237 3239 3238
f 3237 3232 3227
v 2431.605 1154.028 212.614
v 2431.605 1154.765 212.484
f 3240 3236 3241
f 3240 3228 3236
v 2431.605 1154.398 212.558
f 3240 3241 3242
v 2431.605 1160.559 205.919
v 2431.605 1160.512 206.290
f 3243 3244 3237
v 2431.605 1153.283 212.669
v 2431.605 1153.656 212.651
f 3245 3240 3246
v 2431.605 1160.596 205.172
v 2431.605 1160.586 205.546
f 3247 3248 3243
f 3247 3227 3228
f 3247 3243 3237
f 3247 3237 3227
v 2431.605 1152.163 212.614
f 3249 3247 3228
f 3249 3228 3240
f 3249 3240 3245
v 2431.605 1152.909 212.669
v 2431.605 1152.535 212.651
f 3249 3250 3251
f 3249 3245 3250
v 2431.605 1151.065 212.391
v 2431.605 1151.793 212.558
v 2431.605 1151.427 212.484
f 3252 3253 3254
f 3252 3249 3253
v 2431.605 1150.356 212.153
v 2431.605 1150.707 212.281
f 3255 3252 3256
v 2431.605 1149.674 211.846
f 3257 3252 3255
v 2431.605 1150.011 212.008
f 3257 3255 3258
v 2431.605 1148.420 211.036
f 3259 3249 3252
f 3259 3252 3257
v 2431.605 1149.027 211.472
v 2431.605 1148.718 211.261
f 3259 3260 3261
v 2431.605 1149.346 211.667
f 3259 3262 3260
f 3259 3257 3262
v 2431.605 1147.350 209.993
v 2431.605 1147.859 210.541
v 2431.605 1147.598 210.273
f 3263 3264 3265
v 2431.605 1147.117 209.700
f 3266 3264 3263
v 2431.605 1148.133 210.795
f 3266 3267 3264
f 3266 3259 3267
v 2431.605 1146.696 209.083
v 2431.605 1146.899 209.397
f 3268 3266 3269
v 2431.605 1146.185 208.085
v 2431.605 1146.509 208.759
v 2431.605 1146.339 208.426
f 3270 3271 3272
f 3270 3268 3271
v 2431.605 1145.929 207.382
v 2431.605 1146.048 207.737
f 3273 3270 3274
v 2431.605 1145.828 207.022
f 3275 3268 3270
f 3275 3270 3273
v 2431.605 1145.680 206.290
f 3276 3249 3259
f 3276 3259 3266
f 3276 3266 3268
f 3276 3268 3275
v 2431.605 1145.745 206.658
f 3276 3275 3277
v 2431.605 1145.605 205.546
f 3278 3249 3276
v 2431.605 1145.633 205.919
f 3278 3276 3279
f 3278 3247 3249
v 2431.605 1145.596 205.172
f 3280 3247 3278
v 2431.605 1160.596 85.172
f 3281 3247 3280
v 2431.605 1160.559 84.425
v 2431.605 1160.586 84.798
f 3282 3283 3281
v 2431.605 1160.364 83.321
v 2431.605 1160.512 84.054
f 3284 3285 3282
v 2431.605 1160.447 83.686
f 3284 3286 3285
f 3284 3282 3281
v 2431.605 1160.007 82.259
v 2431.605 1160.263 82.961
f 3287 3288 3284
v 2431.605 1160.144 82.607
f 3287 3289 3288
f 3287 3284 3281
v 2431.605 1159.682 81.585
v 2431.605 1159.853 81.918
f 3290 3291 3287
v 2431.605 1159.496 81.261
f 3292 3290 3287
v 2431.605 1159.074 80.643
v 2431.605 1159.293 80.947
f 3293 3294 3292
f 3293 3292 3287
v 2431.605 1158.594 80.071
v 2431.605 1158.841 80.351
f 3295 3296 3293
f 3295 3293 3287
v 2431.605 1157.474 79.082
v 2431.605 1157.772 79.308
v 2431.605 1158.058 79.548
f 3297 3298 3299
v 2431.605 1157.165 78.872
v 2431.605 1158.333 79.803
f 3300 3301 3295
f 3300 3299 3301
f 3300 3297 3299
v 2431.605 1156.846 78.677
f 3302 3300 3295
f 3302 3295 3287
v 2431.605 1156.180 78.336
v 2431.605 1156.517 78.498
f 3303 3304 3302
v 2431.605 1155.836 78.190
f 3305 3303 3302
v 2431.605 1155.127 77.952
v 2431.605 1155.484 78.062
f 3306 3307 3305
v 2431.605 1154.765 77.860
f 3308 3302 3287
f 3308 3306 3305
f 3308 3305 3302
v 2431.605 1153.656 77.693
v 2431.605 1154.028 77.730
v 2431.605 1154.398 77.786
f 3309 3310 3311
v 2431.605 1145.596 85.172
f 3312 3281 3280
v 2431.605 1145.633 84.425
f 3313 3281 3312
v 2431.605 1145.605 84.798
f 3313 3312 3314
f 3313 3287 3281
v 2431.605 1152.163 77.730
f 3315 3309 3311
f 3315 3311 3308
v 2431.605 1153.283 77.674
f 3315 3316 3309
v 2431.605 1152.909 77.674
f 3315 3317 3316
v 2431.605 1152.535 77.693
f 3315 3318 3317
v 2431.605 1151.427 77.860
v 2431.605 1151.793 77.786
f 3319 3320 3315
v 2431.605 1145.929 82.961
v 2431.605 1145.745 83.686
v 2431.605 1145.828 83.321
f 3321 3322 3323
v 2431.605 1145.680 84.054
f 3321 3324 3322
f 3321 3313 3324
v 2431.605 1150.707 78.062
f 3325 3315 3308
f 3325 3319 3315
v 2431.605 1151.065 77.952
f 3325 3326 3319
v 2431.605 1146.048 82.607
f 3327 3313 3321
v 2431.605 1146.339 81.918
f 3328 3313 3327
v 2431.605 1146.185 82.259
f 3328 3327 3329
v 2431.605 1149.674 78.498
f 3330 3325 3308
v 2431.605 1150.356 78.190
f 3330 3331 3325
v 2431.605 1150.011 78.336
f 3330 3332 3331
v 2431.605 1149.027 78.872
v 2431.605 1149.346 78.677
f 3333 3334 3330
f 3333 3330 3308
v 2431.605 1147.117 80.643
f 3335 3287 3313
f 3335 3313 3328
v 2431.605 1146.696 81.261
v 2431.605 1146.899 80.947
f 3335 3336 3337
v 2431.605 1146.509 81.585
f 3335 3338 3336
f 3335 3328 3338
v 2431.605 1148.420 79.308
v 2431.605 1148.718 79.082
f 3339 3340 3333
v 2431.605 1147.598 80.071
v 2431.605 1147.350 80.351
f 3341 3335 3342
v 2431.605 1147.859 79.803
f 3343 3308 3287
v 2431.605 1148.133 79.548
f 3343 3344 3339
f 3343 3287 3335
f 3343 3333 3308
f 3343 3339 3333
f 3343 3335 3341
v 2426.605 1160.596 205.172
v 2426.605 1160.586 205.546
f 3247 3345 3346
f 3248 3247 3346
v 2426.605 1160.559 205.919
f 3243 3346 3347
f 3243 3248 3346
v 2426.605 1160.512 206.290
f 3244 3347 3348
f 3244 3243 3347
v 2426.605 1160.447 206.658
f 3237 3348 3349
f 3237 3244 3348
v 2426.605 1160.364 207.022
f 3239 3349 3350
f 3239 3237 3349
v 2426.605 1160.263 207.382
f 3238 3350 3351
f 3238 3239 3350
v 2426.605 1160.144 207.737
f 3232 3351 3352
f 3232 3238 3351
v 2426.605 1160.007 208.085
f 3230 3352 3353
f 3230 3232 3352
v 2426.605 1159.853 208.426
f 3231 3353 3354
f 3231 3230 3353
v 2426.605 1159.682 208.759
f 3227 3354 3355
f 3227 3231 3354
v 2426.605 1159.496 209.083
f 3225 3355 3356
f 3225 3227 3355
v 2426.605 1159.293 209.397
f 3226 3356 3357
f 3226 3225 3356
v 2426.605 1159.074 209.700
f 3220 3357 3358
f 3220 3226 3357
v 2426.605 1158.841 209.993
f 3222 3358 3359
f 3222 3220 3358
v 2426.605 1158.594 210.273
f 3221 3359 3360
f 3221 3222 3359
v 2426.605 1158.333 210.541
f 3218 3360 3361
f 3218 3221 3360
v 2426.605 1158.058 210.795
f 3219 3361 3362
f 3219 3218 3361
v 2426.605 1157.772 211.036
f 3217 3362 3363
f 3217 3219 3362
f 3224 3217 3363
v 2426.605 1157.474 211.261
f 3224 3363 3364
f 3223 3224 3364
v 2426.605 1157.165 211.472
f 3223 3364 3365
f 3229 3223 3365
v 2426.605 1156.846 211.667
f 3229 3365 3366
f 3228 3229 3366
v 2426.605 1156.517 211.846
f 3228 3366 3367
v 2426.605 1156.180 212.008
f 3234 3367 3368
f 3234 3228 3367
v 2426.605 1155.836 212.153
f 3235 3368 3369
f 3235 3234 3368
v 2426.605 1155.484 212.281
f 3233 3369 3370
f 3233 3235 3369
v 2426.605 1155.127 212.391
f 3236 3370 3371
f 3236 3233 3370
v 2426.605 1154.765 212.484
f 3241 3371 3372
f 3241 3236 3371
v 2426.605 1154.398 212.558
f 3242 3372 3373
f 3242 3241 3372
v 2426.605 1154.028 212.614
f 3240 3373 3374
f 3240 3242 3373
v 2426.605 1153.656 212.651
f 3246 3374 3375
f 3246 3240 3374
v 2426.605 1153.283 212.669
f 3245 3375 3376
f 3245 3246 3375
v 2426.605 1152.909 212.669
f 3250 3376 3377
f 3250 3245 3376
v 2426.605 1152.535 212.651
f 3251 3377 3378
f 3251 3250 3377
v 2426.605 1152.163 212.614
f 3249 3378 3379
f 3249 3251 3378
v 2426.605 1151.793 212.558
f 3253 3379 3380
f 3253 3249 3379
v 2426.605 1151.427 212.484
f 3254 3380 3381
f 3254 3253 3380
v 2426.605 1151.065 212.391
f 3252 3381 3382
f 3252 3254 3381
v 2426.605 1150.707 212.281
f 3256 3382 3383
f 3256 3252 3382
v 2426.605 1150.356 212.153
f 3255 3383 3384
f 3255 3256 3383
v 2426.605 1150.011 212.008
f 3258 3384 3385
f 3258 3255 3384
v 2426.605 1149.674 211.846
f 3257 3385 3386
f 3257 3258 3385
v 2426.605 1149.346 211.667
f 3262 3386 3387
f 3262 3257 3386
f 3260 3262 3387
v 2426.605 1149.027 211.472
f 3260 3387 3388
f 3261 3260 3388
v 2426.605 1148.718 211.261
f 3261 3388 3389
f 3259 3261 3389
v 2426.605 1148.420 211.036
f 3259 3389 3390
f 3267 3259 3390
v 2426.605 1148.133 210.795
f 3267 3390 3391
f 3264 3267 3391
v 2426.605 1147.859 210.541
f 3264 3391 3392
f 3265 3264 3392
v 2426.605 1147.598 210.273
f 3265 3392 3393
f 3263 3265 3393
v 2426.605 1147.350 209.993
f 3263 3393 3394
f 3266 3263 3394
v 2426.605 1147.117 209.700
f 3266 3394 3395
f 3269 3266 3395
v 2426.605 1146.899 209.397
f 3269 3395 3396
f 3268 3269 3396
v 2426.605 1146.696 209.083
f 3268 3396 3397
f 3271 3268 3397
v 2426.605 1146.509 208.759
f 3271 3397 3398
f 3272 3271 3398
v 2426.605 1146.339 208.426
f 3272 3398 3399
f 3270 3272 3399
v 2426.605 1146.185 208.085
f 3270 3399 3400
v 2426.605 1146.048 207.737
f 3274 3400 3401
f 3274 3270 3400
v 2426.605 1145.929 207.382
f 3273 3401 3402
f 3273 3274 3401
v 2426.605 1145.828 207.022
f 3275 3402 3403
f 3275 3273 3402
v 2426.605 1145.745 206.658
f 3277 3403 3404
f 3277 3275 3403
v 2426.605 1145.680 206.290
f 3276 3404 3405
f 3276 3277 3404
v 2426.605 1145.633 205.919
f 3279 3405 3406
f 3279 3276 3405
v 2426.605 1145.605 205.546
f 3278 3406 3407
f 3278 3279 3406
v 2426.605 1145.596 205.172
f 3280 3407 3408
f 3280 3278 3407
f 3345 3247 3281
v 2426.605 1160.596 85.172
f 3345 3281 3409
v 2426.605 1145.596 85.172
f 3314 3312 3410
v 2426.605 1145.605 84.798
f 3314 3410 3411
v 2426.605 1145.633 84.425
f 3313 3411 3412
f 3313 3314 3411
v 2426.605 1145.680 84.054
f 3324 3412 3413
f 3324 3313 3412
v 2426.605 1145.745 83.686
f 3322 3413 3414
f 3322 3324 3413
v 2426.605 1145.828 83.321
f 3323 3414 3415
f 3323 3322 3414
v 2426.605 1145.929 82.961
f 3321 3415 3416
f 3321 3323 3415
v 2426.605 1146.048 82.607
f 3327 3416 3417
f 3327 3321 3416
v 2426.605 1146.185 82.259
f 3329 3417 3418
f 3329 3327 3417
v 2426.605 1146.339 81.918
f 3328 3418 3419
f 3328 3329 3418
v 2426.605 1146.509 81.585
f 3338 3419 3420
f 3338 3328 3419
v 2426.605 1146.696 81.261
f 3336 3420 3421
f 3336 3338 3420
v 2426.605 1146.899 80.947
f 3337 3421 3422
f 3337 3336 3421
v 2426.605 1147.117 80.643
f 3335 3422 3423
f 3335 3337 3422
v 2426.605 1147.350 80.351
f 3342 3423 3424
f 3342 3335 3423
v 2426.605 1147.598 80.071
f 3341 3424 3425
f 3341 3342 3424
v 2426.605 1147.859 79.803
f 3343 3425 3426
f 3343 3341 3425
v 2426.605 1148.133 79.548
f 3344 3426 3427
f 3344 3343 3426
v 2426.605 1148.420 79.308
f 3339 3427 3428
f 3339 3344 3427
f 3340 3339 3428
v 2426.605 1148.718 79.082
f 3340 3428 3429
f 3333 3340 3429
v 2426.605 1149.027 78.872
f 3333 3429 3430
f 3334 3333 3430
v 2426.605 1149.346 78.677
f 3334 3430 3431
f 3330 3334 3431
v 2426.605 1149.674 78.498
f 3330 3431 3432
v 2426.605 1150.011 78.336
f 3332 3432 3433
f 3332 3330 3432
v 2426.605 1150.356 78.190
f 3331 3433 3434
f 3331 3332 3433
v 2426.605 1150.707 78.062
f 3325 3434 3435
f 3325 3331 3434
v 2426.605 1151.065 77.952
f 3326 3435 3436
f 3326 3325 3435
v 2426.605 1151.427 77.860
f 3319 3436 3437
f 3319 3326 3436
v 2426.605 1151.793 77.786
f 3320 3437 3438
f 3320 3319 3437
v 2426.605 1152.163 77.730
f 3315 3438 3439
f 3315 3320 3438
v 2426.605 1152.535 77.693
f 3318 3439 3440
f 3318 3315 3439
v 2426.605 1152.909 77.674
f 3317 3440 3441
f 3317 3318 3440
v 2426.605 1153.283 77.674
f 3316 3441 3442
f 3316 3317 3441
v 2426.605 1153.656 77.693
f 3309 3442 3443
f 3309 3316 3442
v 2426.605 1154.028 77.730
f 3310 3443 3444
f 3310 3309 3443
v 2426.605 1154.398 77.786
f 3311 3444 3445
f 3311 3310 3444
v 2426.605 1154.765 77.860
f 3308 3445 3446
f 3308 3311 3445
v 2426.605 1155.127 77.952
f 3306 3446 3447
f 3306 3308 3446
v 2426.605 1155.484 78.062
f 3307 3447 3448
f 3307 3306 3447
v 2426.605 1155.836 78.190
f 3305 3448 3449
f 3305 3307 3448
v 2426.605 1156.180 78.336
f 3303 3449 3450
f 3303 3305 3449
v 2426.605 1156.517 78.498
f 3304 3450 3451
f 3304 3303 3450
v 2426.605 1156.846 78.677
f 3302 3451 3452
f 3302 3304 3451
f 3300 3302 3452
v 2426.605 1157.165 78.872
f 3300 3452 3453
f 3297 3300 3453
v 2426.605 1157.474 79.082
f 3297 3453 3454
f 3298 3297 3454
v 2426.605 1157.772 79.308
f 3298 3454 3455
f 3299 3298 3455
v 2426.605 1158.058 79.548
f 3299 3455 3456
f 3301 3299 3456
v 2426.605 1158.333 79.803
f 3301 3456 3457
f 3295 3301 3457
v 2426.605 1158.594 80.071
f 3295 3457 3458
f 3296 3295 3458
v 2426.605 1158.841 80.351
f 3296 3458 3459
f 3293 3296 3459
v 2426.605 1159.074 80.643
f 3293 3459 3460
f 3294 3293 3460
v 2426.605 1159.293 80.947
f 3294 3460 3461
f 3292 3294 3461
v 2426.605 1159.496 81.261
f 3292 3461 3462
f 3290 3292 3462
v 2426.605 1159.682 81.585
f 3290 3462 3463
f 3291 3290 3463
v 2426.605 1159.853 81.918
f 3291 3463 3464
f 3287 3291 3464
v 2426.605 1160.007 82.259
f 3287 3464 3465
f 3289 3287 3465
v 2426.605 1160.144 82.607
f 3289 3465 3466
v 2426.605 1160.263 82.961
f 3288 3466 3467
f 3288 3289 3466
v 2426.605 1160.364 83.321
f 3284 3467 3468
f 3284 3288 3467
v 2426.605 1160.447 83.686
f 3286 3468 3469
f 3286 3284 3468
v 2426.605 1160.512 84.054
f 3285 3469 3470
f 3285 3286 3469
v 2426.605 1160.559 84.425
f 3282 3470 3471
f 3282 3285 3470
v 2426.605 1160.586 84.798
f 3283 3471 3472
f 3283 3282 3471
f 3281 3472 3409
f 3281 3283 3472
f 3280 3410 3312
f 3280 3408 3410
v 2426.605 1245.596 205.172
v 2431.605 1245.596 205.172
v 2426.605 1245.586 205.546
f 3473 3474 3475
v 2431.605 1245.586 205.546
f 3474 3476 3475
v 2431.605 1245.559 205.919
v 2426.605 1245.559 205.919
f 3475 3477 3478
f 3476 3477 3475
v 2431.605 1245.512 206.290
v 2426.605 1245.512 206.290
f 3478 3479 3480
f 3477 3479 3478
v 2431.605 1245.447 206.658
v 2426.605 1245.447 206.658
f 3480 3481 3482
f 3479 3481 3480
v 2431.605 1245.364 207.022
v 2426.605 1245.364 207.022
f 3482 3483 3484
f 3481 3483 3482
v 2431.605 1245.263 207.382
v 2426.605 1245.263 207.382
f 3484 3485 3486
f 3483 3485 3484
v 2431.605 1245.144 207.737
v 2426.605 1245.144 207.737
f 3486 3487 3488
f 3485 3487 3486
v 2431.605 1245.007 208.085
v 2426.605 1245.007 208.085
f 3488 3489 3490
f 3487 3489 3488
v 2431.605 1244.853 208.426
v 2426.605 1244.853 208.426
f 3490 3491 3492
f 3489 3491 3490
v 2431.605 1244.682 208.759
v 2426.605 1244.682 208.759
f 3492 3493 3494
f 3491 3493 3492
v 2431.605 1244.496 209.083
v 2426.605 1244.496 209.083
f 3494 3495 3496
f 3493 3495 3494
v 2431.605 1244.293 209.397
v 2426.605 1244.293 209.397
f 3496 3497 3498
f 3495 3497 3496
v 2431.605 1244.074 209.700
v 2426.605 1244.074 209.700
f 3498 3499 3500
f 3497 3499 3498
v 2431.605 1243.841 209.993
v 2426.605 1243.841 209.993
f 3500 3501 3502
f 3499 3501 3500
v 2431.605 1243.594 210.273
v 2426.605 1243.594 210.273
f 3502 3503 3504
f 3501 3503 3502
v 2431.605 1243.333 210.541
v 2426.605 1243.333 210.541
f 3504 3505 3506
f 3503 3505 3504
v 2431.605 1243.058 210.795
v 2426.605 1243.058 210.795
f 3506 3507 3508
f 3505 3507 3506
v 2431.605 1242.772 211.036
v 2426.605 1242.772 211.036
f 3508 3509 3510
f 3507 3509 3508
v 2431.605 1242.474 211.261
f 3509 3511 3510
v 2426.605 1242.474 211.261
f 3510 3511 3512
v 2431.605 1242.165 211.472
f 3511 3513 3512
v 2426.605 1242.165 211.472
f 3512 3513 3514
v 2431.605 1241.846 211.667
f 3513 3515 3514
v 2426.605 1241.846 211.667
f 3514 3515 3516
v 2431.605 1241.517 211.846
f 3515 3517 3516
v 2426.605 1241.517 211.846
f 3516 3517 3518
v 2431.605 1241.180 212.008
v 2426.605 1241.180 212.008
f 3518 3519 3520
f 3517 3519 3518
v 2431.605 1240.836 212.153
v 2426.605 1240.836 212.153
f 3520 3521 3522
f 3519 3521 3520
v 2431.605 1240.484 212.281
v 2426.605 1240.484 212.281
f 3522 3523 3524
f 3521 3523 3522
v 2431.605 1240.127 212.391
v 2426.605 1240.127 212.391
f 3524 3525 3526
f 3523 3525 3524
v 2431.605 1239.765 212.484
v 2426.605 1239.765 212.484
f 3526 3527 3528
f 3525 3527 3526
v 2431.605 1239.398 212.558
v 2426.605 1239.398 212.558
f 3528 3529 3530
f 3527 3529 3528
v 2431.605 1239.028 212.614
v 2426.605 1239.028 212.614
f 3530 3531 3532
f 3529 3531 3530
v 2431.605 1238.656 212.651
v 2426.605 1238.656 212.651
f 3532 3533 3534
f 3531 3533 3532
v 2431.605 1238.283 212.669
v 2426.605 1238.283 212.669
f 3534 3535 3536
f 3533 3535 3534
v 2431.605 1237.909 212.669
v 2426.605 1237.909 212.669
f 3536 3537 3538
f 3535 3537 3536
v 2431.605 1237.535 212.651
v 2426.605 1237.535 212.651
f 3538 3539 3540
f 3537 3539 3538
v 2431.605 1237.163 212.614
v 2426.605 1237.163 212.614
f 3540 3541 3542
f 3539 3541 3540
v 2431.605 1236.793 212.558
v 2426.605 1236.793 212.558
f 3542 3543 3544
f 3541 3543 3542
v 2431.605 1236.427 212.484
v 2426.605 1236.427 212.484
f 3544 3545 3546
f 3543 3545 3544
v 2431.605 1236.065 212.391
v 2426.605 1236.065 212.391
f 3546 3547 3548
f 3545 3547 3546
v 2431.605 1235.707 212.281
v 2426.605 1235.707 212.281
f 3548 3549 3550
f 3547 3549 3548
v 2431.605 1235.356 212.153
v 2426.605 1235.356 212.153
f 3550 3551 3552
f 3549 3551 3550
v 2431.605 1235.011 212.008
v 2426.605 1235.011 212.008
f 3552 3553 3554
f 3551 3553 3552
v 2431.605 1234.674 211.846
v 2426.605 1234.674 211.846
f 3554 3555 3556
f 3553 3555 3554
v 2431.605 1234.346 211.667
v 2426.605 1234.346 211.667
f 3556 3557 3558
f 3555 3557 3556
v 2431.605 1234.027 211.472
f 3557 3559 3558
v 2426.605 1234.027 211.472
f 3558 3559 3560
v 2431.605 1233.718 211.261
f 3559 3561 3560
v 2426.605 1233.718 211.261
f 3560 3561 3562
v 2431.605 1233.420 211.036
f 3561 3563 3562
v 2426.605 1233.420 211.036
f 3562 3563 3564
v 2431.605 1233.133 210.795
f 3563 3565 3564
v 2426.605 1233.133 210.795
f 3564 3565 3566
v 2431.605 1232.859 210.541
f 3565 3567 3566
v 2426.605 1232.859 210.541
f 3566 3567 3568
v 2431.605 1232.598 210.273
f 3567 3569 3568
v 2426.605 1232.598 210.273
f 3568 3569 3570
v 2431.605 1232.350 209.993
f 3569 3571 3570
v 2426.605 1232.350 209.993
f 3570 3571 3572
v 2431.605 1232.117 209.700
f 3571 3573 3572
v 2426.605 1232.117 209.700
f 3572 3573 3574
v 2431.605 1231.899 209.397
f 3573 3575 3574
v 2426.605 1231.899 209.397
f 3574 3575 3576
v 2431.605 1231.696 209.083
f 3575 3577 3576
v 2426.605 1231.696 209.083
f 3576 3577 3578
v 2431.605 1231.509 208.759
f 3577 3579 3578
v 2426.605 1231.509 208.759
f 3578 3579 3580
v 2431.605 1231.339 208.426
f 3579 3581 3580
v 2426.605 1231.339 208.426
f 3580 3581 3582
v 2431.605 1231.185 208.085
f 3581 3583 3582
v 2426.605 1231.185 208.085
f 3582 3583 3584
v 2431.605 1231.048 207.737
v 2426.605 1231.048 207.737
f 3584 3585 3586
f 3583 3585 3584
v 2431.605 1230.929 207.382
v 2426.605 1230.929 207.382
f 3586 3587 3588
f 3585 3587 3586
v 2431.605 1230.828 207.022
v 2426.605 1230.828 207.022
f 3588 3589 3590
f 3587 3589 3588
v 2431.605 1230.745 206.658
v 2426.605 1230.745 206.658
f 3590 3591 3592
f 3589 3591 3590
v 2431.605 1230.680 206.290
v 2426.605 1230.680 206.290
f 3592 3593 3594
f 3591 3593 3592
v 2431.605 1230.633 205.919
v 2426.605 1230.633 205.919
f 3594 3595 3596
f 3593 3595 3594
v 2431.605 1230.605 205.546
v 2426.605 1230.605 205.546
f 3596 3597 3598
f 3595 3597 3596
v 2431.605 1230.596 205.172
v 2426.605 1230.596 205.172
f 3598 3599 3600
f 3597 3599 3598
v 2431.605 1245.596 85.172
f 3474 3473 3601
v 2426.605 1245.596 85.172
f 3601 3473 3602
v 2431.605 1230.596 85.172
v 2431.605 1230.605 84.798
v 2426.605 1230.596 85.172
f 3603 3604 3605
v 2426.605 1230.605 84.798
f 3605 3604 3606
v 2431.605 1230.633 84.425
v 2426.605 1230.633 84.425
f 3606 3607 3608
f 3604 3607 3606
v 2431.605 1230.680 84.054
v 2426.605 1230.680 84.054
f 3608 3609 3610
f 3607 3609 3608
v 2431.605 1230.745 83.686
v 2426.605 1230.745 83.686
f 3610 3611 3612
f 3609 3611 3610
v 2431.605 1230.828 83.321
v 2426.605 1230.828 83.321
f 3612 3613 3614
f 3611 3613 3612
v 2431.605 1230.929 82.961
v 2426.605 1230.929 82.961
f 3614 3615 3616
f 3613 3615 3614
v 2431.605 1231.048 82.607
v 2426.605 1231.048 82.607
f 3616 3617 3618
f 3615 3617 3616
v 2431.605 1231.185 82.259
v 2426.605 1231.185 82.259
f 3618 3619 3620
f 3617 3619 3618
v 2431.605 1231.339 81.918
v 2426.605 1231.339 81.918
f 3620 3621 3622
f 3619 3621 3620
v 2431.605 1231.509 81.585
v 2426.605 1231.509 81.585
f 3622 3623 3624
f 3621 3623 3622
v 2431.605 1231.696 81.261
v 2426.605 1231.696 81.261
f 3624 3625 3626
f 3623 3625 3624
v 2431.605 1231.899 80.947
v 2426.605 1231.899 80.947
f 3626 3627 3628
f 3625 3627 3626
v 2431.605 1232.117 80.643
v 2426.605 1232.117 80.643
f 3628 3629 3630
f 3627 3629 3628
v 2431.605 1232.350 80.351
v 2426.605 1232.350 80.351
f 3630 3631 3632
f 3629 3631 3630
v 2431.605 1232.598 80.071
v 2426.605 1232.598 80.071
f 3632 3633 3634
f 3631 3633 3632
v 2431.605 1232.859 79.803
v 2426.605 1232.859 79.803
f 3634 3635 3636
f 3633 3635 3634
v 2431.605 1233.133 79.548
v 2426.605 1233.133 79.548
f 3636 3637 3638
f 3635 3637 3636
v 2431.605 1233.420 79.308
v 2426.605 1233.420 79.308
f 3638 3639 3640
f 3637 3639 3638
v 2431.605 1233.718 79.082
f 3639 3641 3640
v 2426.605 1233.718 79.082
f 3640 3641 3642
v 2431.605 1234.027 78.872
f 3641 3643 3642
v 2426.605 1234.027 78.872
f 3642 3643 3644
v 2431.605 1234.346 78.677
f 3643 3645 3644
v 2426.605 1234.346 78.677
f 3644 3645 3646
v 2431.605 1234.674 78.498
f 3645 3647 3646
v 2426.605 1234.674 78.498
f 3646 3647 3648
v 2431.605 1235.011 78.336
v 2426.605 1235.011 78.336
f 3648 3649 3650
f 3647 3649 3648
v 2431.605 1235.356 78.190
v 2426.605 1235.356 78.190
f 3650 3651 3652
f 3649 3651 3650
v 2431.605 1235.707 78.062
v 2426.605 1235.707 78.062
f 3652 3653 3654
f 3651 3653 3652
v 2431.605 1236.065 77.952
v 2426.605 1236.065 77.952
f 3654 3655 3656
f 3653 3655 3654
v 2431.605 1236.427 77.860
v 2426.605 1236.427 77.860
f 3656 3657 3658
f 3655 3657 3656
v 2431.605 1236.793 77.786
v 2426.605 1236.793 77.786
f 3658 3659 3660
f 3657 3659 3658
v 2431.605 1237.163 77.730
v 2426.605 1237.163 77.730
f 3660 3661 3662
f 3659 3661 3660
v 2431.605 1237.535 77.693
v 2426.605 1237.535 77.693
f 3662 3663 3664
f 3661 3663 3662
v 2431.605 1237.909 77.674
v 2426.605 1237.909 77.674
f 3664 3665 3666
f 3663 3665 3664
v 2431.605 1238.283 77.674
v 2426.605 1238.283 77.674
f 3666 3667 3668
f 3665 3667 3666
v 2431.605 1238.656 77.693
v 2426.605 1238.656 77.693
f 3668 3669 3670
f 3667 3669 3668
v 2431.605 1239.028 77.730
v 2426.605 1239.028 77.730
f 3670 3671 3672
f 3669 3671 3670
v 2431.605 1239.398 77.786
v 2426.605 1239.398 77.786
f 3672 3673 3674
f 3671 3673 3672
v 2431.605 1239.765 77.860
v 2426.605 1239.765 77.860
f 3674 3675 3676
f 3673 3675 3674
v 2431.605 1240.127 77.952
v 2426.605 1240.127 77.952
f 3676 3677 3678
f 3675 3677 3676
v 2431.605 1240.484 78.062
v 2426.605 1240.484 78.062
f 3678 3679 3680
f 3677 3679 3678
v 2431.605 1240.836 78.190
v 2426.605 1240.836 78.190
f 3680 3681 3682
f 3679 3681 3680
v 2431.605 1241.180 78.336
v 2426.605 1241.180 78.336
f 3682 3683 3684
f 3681 3683 3682
v 2431.605 1241.517 78.498
v 2426.605 1241.517 78.498
f 3684 3685 3686
f 3683 3685 3684
v 2431.605 1241.846 78.677
v 2426.605 1241.846 78.677
f 3686 3687 3688
f 3685 3687 3686
v 2431.605 1242.165 78.872
f 3687 3689 3688
v 2426.605 1242.165 78.872
f 3688 3689 3690
v 2431.605 1242.474 79.082
f 3689 3691 3690
v 2426.605 1242.474 79.082
f 3690 3691 3692
v 2431.605 1242.772 79.308
f 3691 3693 3692
v 2426.605 1242.772 79.308
f 3692 3693 3694
v 2431.605 1243.058 79.548
f 3693 3695 3694
v 2426.605 1243.058 79.548
f 3694 3695 3696
v 2431.605 1243.333 79.803
f 3695 3697 3696
v 2426.605 1243.333 79.803
f 3696 3697 3698
v 2431.605 1243.594 80.071
f 3697 3699 3698
v 2426.605 1243.594 80.071
f 3698 3699 3700
v 2431.605 1243.841 80.351
f 3699 3701 3700
v 2426.605 1243.841 80.351
f 3700 3701 3702
v 2431.605 1244.074 80.643
f 3701 3703 3702
v 2426.605 1244.074 80.643
f 3702 3703 3704
v 2431.605 1244.293 80.947
f 3703 3705 3704
v 2426.605 1244.293 80.947
f 3704 3705 3706
v 2431.605 1244.496 81.261
f 3705 3707 3706
v 2426.605 1244.496 81.261
f 3706 3707 3708
v 2431.605 1244.682 81.585
f 3707 3709 3708
v 2426.605 1244.682 81.585
f 3708 3709 3710
v 2431.605 1244.853 81.918
f 3709 3711 3710
v 2426.605 1244.853 81.918
f 3710 3711 3712
v 2431.605 1245.007 82.259
f 3711 3713 3712
v 2426.605 1245.007 82.259
f 3712 3713 3714
v 2431.605 1245.144 82.607
f 3713 3715 3714
v 2426.605 1245.144 82.607
f 3714 3715 3716
v 2431.605 1245.263 82.961
v 2426.605 1245.263 82.961
f 3716 3717 3718
f 3715 3717 3716
v 2431.605 1245.364 83.321
v 2426.605 1245.364 83.321
f 3718 3719 3720
f 3717 3719 3718
v 2431.605 1245.447 83.686
v 2426.605 1245.447 83.686
f 3720 3721 3722
f 3719 3721 3720
v 2431.605 1245.512 84.054
v 2426.605 1245.512 84.054
f 3722 3723 3724
f 3721 3723 3722
v 2431.605 1245.559 84.425
v 2426.605 1245.559 84.425
f 3724 3725 3726
f 3723 3725 3724
v 2431.605 1245.586 84.798
v 2426.605 1245.586 84.798
f 3726 3727 3728
f 3725 3727 3726
f 3728 3601 3602
f 3727 3601 3728
f 3605 3599 3603
f 3600 3599 3605
o main_13
v 2526.446 1191.973 134.948
v 2526.633 1191.739 134.948
v 2526.831 1191.515 134.948
f 3729 3730 3731
v 2528.492 1190.257 134.948
v 2527.974 1190.556 134.948
v 2528.229 1190.400 134.948
f 3732 3733 3734
v 2529.037 1190.011 134.948
v 2527.726 1190.724 134.948
f 3735 3736 3733
v 2528.761 1190.127 134.948
f 3735 3732 3737
f 3735 3733 3732
v 2529.604 1189.820 134.948
v 2529.318 1189.908 134.948
f 3738 3735 3739
v 2529.894 1189.746 134.948
f 3740 3735 3738
v 2531.975 1189.642 134.948
v 2531.079 1189.598 134.948
v 2531.379 1189.598 134.948
f 3741 3742 3743
v 2531.677 1189.613 134.948
f 3741 3743 3744
v 2532.854 1189.820 134.948
v 2530.187 1189.687 134.948
f 3745 3740 3746
v 2530.483 1189.642 134.948
f 3745 3746 3747
v 2530.781 1189.613 134.948
f 3745 3747 3748
f 3745 3748 3742
v 2532.271 1189.687 134.948
f 3745 3741 3749
v 2532.564 1189.746 134.948
f 3745 3749 3750
f 3745 3742 3741
v 2533.140 1189.908 134.948
f 3751 3740 3745
f 3751 3735 3740
v 2533.697 1190.127 134.948
f 3752 3735 3751
v 2533.421 1190.011 134.948
f 3752 3751 3753
v 2534.229 1190.400 134.948
v 2533.966 1190.257 134.948
f 3754 3752 3755
v 2534.484 1190.556 134.948
f 3756 3752 3754
v 2526.271 1198.976 134.948
v 2526.109 1198.724 134.948
v 2525.960 1198.465 134.948
f 3757 3758 3759
v 2534.731 1190.724 134.948
f 3760 3752 3756
f 3760 3735 3752
f 3760 3736 3735
v 2535.199 1191.097 134.948
v 2527.040 1191.301 134.948
f 3761 3731 3762
v 2527.259 1191.097 134.948
f 3761 3762 3763
v 2527.488 1190.905 134.948
f 3761 3763 3764
f 3761 3764 3736
v 2534.970 1190.905 134.948
f 3761 3760 3765
f 3761 3736 3760
v 2535.627 1191.515 134.948
v 2535.418 1191.301 134.948
f 3766 3761 3767
v 2535.825 1191.739 134.948
f 3768 3761 3766
f 3768 3731 3761
v 2536.012 1191.973 134.948
v 2526.271 1192.216 134.948
f 3769 3770 3729
f 3769 3729 3731
f 3769 3731 3768
v 2536.186 1192.216 134.948
f 3771 3770 3769
v 2528.229 1200.792 134.948
v 2527.974 1200.636 134.948
v 2527.726 1200.467 134.948
f 3772 3773 3774
v 2536.498 1192.726 134.948
v 2526.109 1192.467 134.948
f 3775 3776 3770
f 3775 3770 3771
v 2536.349 1192.467 134.948
f 3775 3771 3777
v 2536.635 1192.993 134.948
v 2525.700 1193.265 134.948
v 2525.823 1192.993 134.948
f 3778 3779 3780
v 2525.960 1192.726 134.948
f 3778 3780 3781
f 3778 3781 3776
f 3778 3776 3775
v 2528.761 1201.065 134.948
v 2528.492 1200.935 134.948
f 3782 3783 3772
f 3782 3772 3774
v 2536.758 1193.265 134.948
v 2525.591 1193.544 134.948
f 3784 3785 3779
f 3784 3779 3778
v 2529.037 1201.181 134.948
f 3786 3782 3774
v 2529.318 1201.283 134.948
f 3787 3786 3774
v 2537.043 1194.115 134.948
v 2525.414 1194.115 134.948
v 2525.495 1193.827 134.948
f 3788 3789 3790
f 3788 3790 3785
f 3788 3785 3784
v 2536.867 1193.544 134.948
f 3788 3784 3791
v 2536.962 1193.827 134.948
f 3788 3791 3792
v 2530.187 1201.505 134.948
v 2529.894 1201.445 134.948
v 2529.604 1201.372 134.948
f 3793 3794 3795
v 2537.162 1194.702 134.948
v 2537.110 1194.407 134.948
f 3796 3788 3797
f 3796 3789 3788
v 2537.199 1194.998 134.948
v 2525.296 1194.702 134.948
v 2525.348 1194.407 134.948
f 3798 3799 3800
f 3798 3800 3789
f 3798 3789 3796
v 2537.221 1195.297 134.948
v 2525.236 1195.297 134.948
v 2525.259 1194.998 134.948
f 3801 3802 3803
f 3801 3803 3799
f 3801 3799 3798
v 2537.229 1195.596 134.948
v 2525.229 1195.596 134.948
f 3804 3805 3802
v 2525.236 1195.895 134.948
f 3804 3806 3805
f 3804 3802 3801
v 2531.677 1201.579 134.948
v 2531.379 1201.594 134.948
v 2531.079 1201.594 134.948
f 3807 3808 3809
v 2530.781 1201.579 134.948
f 3807 3809 3810
v 2537.199 1196.193 134.948
v 2537.221 1195.895 134.948
f 3811 3804 3812
v 2531.975 1201.549 134.948
f 3813 3807 3810
v 2530.483 1201.549 134.948
f 3813 3810 3814
f 3813 3814 3793
v 2537.162 1196.490 134.948
f 3815 3804 3811
f 3815 3806 3804
v 2525.259 1196.193 134.948
f 3815 3816 3806
v 2532.271 1201.505 134.948
f 3817 3813 3793
v 2537.110 1196.785 134.948
v 2525.348 1196.785 134.948
v 2525.296 1196.490 134.948
f 3818 3819 3820
f 3818 3820 3816
f 3818 3816 3815
v 2532.564 1201.445 134.948
f 3821 3817 3793
v 2537.043 1197.076 134.948
f 3822 3819 3818
v 2525.414 1197.076 134.948
f 3822 3823 3819
v 2536.867 1197.648 134.948
v 2525.495 1197.364 134.948
f 3824 3825 3823
f 3824 3823 3822
v 2536.962 1197.364 134.948
f 3824 3822 3826
v 2533.421 1201.181 134.948
v 2533.140 1201.283 134.948
v 2532.854 1201.372 134.948
f 3827 3828 3829
f 3827 3829 3821
v 2536.635 1198.199 134.948
v 2525.823 1198.199 134.948
v 2525.700 1197.926 134.948
f 3830 3831 3832
v 2525.591 1197.648 134.948
f 3830 3832 3833
f 3830 3833 3825
f 3830 3825 3824
v 2536.758 1197.926 134.948
f 3830 3824 3834
v 2533.966 1200.935 134.948
f 3835 3793 3795
f 3835 3795 3787
f 3835 3827 3821
f 3835 3821 3793
v 2533.697 1201.065 134.948
f 3835 3836 3827
v 2536.498 1198.465 134.948
f 3837 3759 3831
f 3837 3831 3830
v 2534.229 1200.792 134.948
f 3838 3835 3787
v 2536.186 1198.976 134.948
f 3839 3757 3759
v 2526.446 1199.219 134.948
f 3839 3840 3757
f 3839 3759 3837
v 2536.349 1198.724 134.948
f 3839 3837 3841
v 2534.970 1200.287 134.948
v 2534.731 1200.467 134.948
v 2534.484 1200.636 134.948
f 3842 3843 3844
v 2535.825 1199.453 134.948
v 2526.831 1199.677 134.948
v 2526.633 1199.453 134.948
f 3845 3846 3847
f 3845 3847 3840
f 3845 3840 3839
v 2536.012 1199.219 134.948
f 3845 3839 3848
v 2535.199 1200.095 134.948
f 3849 3838 3787
f 3849 3842 3844
f 3849 3844 3838
v 2535.418 1199.891 134.948
v 2527.488 1200.287 134.948
f 3850 3774 3851
v 2527.259 1200.095 134.948
f 3850 3851 3852
v 2527.040 1199.891 134.948
f 3850 3852 3853
f 3850 3853 3846
f 3850 3846 3845
f 3850 3849 3787
v 2535.627 1199.677 134.948
f 3850 3845 3854
f 3850 3787 3774
v 2527.040 1191.301 119.948
v 2527.488 1190.905 119.948
v 2527.259 1191.097 119.948
f 3855 3856 3857
v 2527.726 1190.724 119.948
v 2528.229 1190.400 119.948
v 2527.974 1190.556 119.948
f 3858 3859 3860
f 3856 3859 3858
v 2528.761 1190.127 119.948
v 2529.318 1189.908 119.948
v 2529.037 1190.011 119.948
f 3861 3862 3863
v 2529.604 1189.820 119.948
v 2530.187 1189.687 119.948
v 2529.894 1189.746 119.948
f 3864 3865 3866
v 2531.079 1189.598 119.948
f 3864 3867 3865
v 2530.483 1189.642 119.948
v 2530.781 1189.613 119.948
f 3868 3867 3869
f 3865 3867 3868
v 2531.677 1189.613 119.948
v 2531.379 1189.598 119.948
f 3867 3870 3871
v 2532.271 1189.687 119.948
v 2531.975 1189.642 119.948
f 3870 3872 3873
v 2532.564 1189.746 119.948
f 3870 3874 3872
v 2533.140 1189.908 119.948
f 3870 3875 3874
v 2532.854 1189.820 119.948
f 3874 3875 3876
v 2533.966 1190.257 119.948
f 3862 3877 3864
v 2528.492 1190.257 119.948
f 3878 3877 3861
f 3859 3877 3878
f 3870 3877 3875
f 3861 3877 3862
v 2533.421 1190.011 119.948
v 2533.697 1190.127 119.948
f 3879 3877 3880
f 3875 3877 3879
f 3864 3877 3867
f 3867 3877 3870
v 2534.484 1190.556 119.948
v 2534.229 1190.400 119.948
f 3877 3881 3882
v 2534.731 1190.724 119.948
f 3877 3883 3881
f 3859 3883 3877
f 3856 3883 3859
v 2534.970 1190.905 119.948
f 3856 3884 3883
v 2535.418 1191.301 119.948
v 2535.199 1191.097 119.948
f 3884 3885 3886
v 2535.627 1191.515 119.948
f 3884 3887 3885
v 2526.831 1191.515 119.948
v 2535.825 1191.739 119.948
f 3888 3889 3855
f 3855 3889 3856
f 3856 3889 3884
f 3884 3889 3887
v 2527.040 1199.891 119.948
v 2527.488 1200.287 119.948
v 2526.831 1199.677 119.948
f 3890 3891 3892
v 2527.259 1200.095 119.948
f 3893 3891 3890
v 2526.633 1191.739 119.948
v 2536.012 1191.973 119.948
f 3894 3895 3888
f 3888 3895 3889
v 2526.446 1191.973 119.948
v 2536.186 1192.216 119.948
f 3896 3897 3894
v 2526.271 1192.216 119.948
f 3898 3897 3896
v 2526.109 1192.467 119.948
f 3899 3897 3898
f 3894 3897 3895
v 2528.229 1200.792 119.948
v 2528.492 1200.935 119.948
v 2527.974 1200.636 119.948
f 3900 3901 3902
v 2525.960 1192.726 119.948
v 2536.635 1192.993 119.948
f 3903 3904 3899
v 2525.823 1192.993 119.948
f 3905 3904 3903
v 2525.700 1193.265 119.948
f 3906 3904 3905
v 2536.349 1192.467 119.948
v 2536.498 1192.726 119.948
f 3907 3904 3908
f 3897 3904 3907
f 3899 3904 3897
v 2528.761 1201.065 119.948
v 2527.726 1200.467 119.948
f 3902 3909 3910
f 3901 3909 3902
v 2529.037 1201.181 119.948
f 3909 3911 3910
v 2525.591 1193.544 119.948
v 2536.867 1193.544 119.948
f 3912 3913 3906
v 2525.495 1193.827 119.948
f 3914 3913 3912
f 3906 3913 3904
v 2536.758 1193.265 119.948
f 3904 3913 3915
v 2525.414 1194.115 119.948
v 2537.110 1194.407 119.948
f 3916 3917 3914
f 3914 3917 3913
v 2536.962 1193.827 119.948
v 2537.043 1194.115 119.948
f 3918 3917 3919
f 3913 3917 3918
v 2529.894 1201.445 119.948
v 2530.187 1201.505 119.948
v 2529.604 1201.372 119.948
f 3920 3921 3922
v 2525.348 1194.407 119.948
v 2537.162 1194.702 119.948
f 3923 3924 3916
v 2525.296 1194.702 119.948
f 3925 3924 3923
f 3916 3924 3917
v 2530.483 1201.549 119.948
v 2529.318 1201.283 119.948
f 3922 3926 3927
f 3921 3926 3922
v 2525.259 1194.998 119.948
v 2537.199 1194.998 119.948
f 3928 3929 3925
v 2525.236 1195.297 119.948
f 3930 3929 3928
f 3925 3929 3924
v 2531.079 1201.594 119.948
f 3926 3931 3927
v 2530.781 1201.579 119.948
f 3932 3931 3926
v 2537.229 1195.596 119.948
f 3930 3933 3929
v 2537.221 1195.297 119.948
f 3929 3933 3934
v 2525.236 1195.895 119.948
v 2537.221 1195.895 119.948
v 2525.229 1195.596 119.948
f 3935 3936 3937
f 3930 3936 3933
f 3937 3936 3930
v 2525.259 1196.193 119.948
v 2537.199 1196.193 119.948
f 3938 3939 3935
f 3935 3939 3936
v 2531.677 1201.579 119.948
v 2531.975 1201.549 119.948
v 2531.379 1201.594 119.948
f 3940 3941 3942
v 2532.271 1201.505 119.948
f 3941 3943 3942
f 3942 3943 3931
v 2537.110 1196.785 119.948
f 3938 3944 3939
v 2537.162 1196.490 119.948
f 3939 3944 3945
v 2532.564 1201.445 119.948
f 3943 3946 3931
v 2525.296 1196.490 119.948
v 2537.043 1197.076 119.948
f 3947 3948 3938
v 2525.348 1196.785 119.948
f 3949 3948 3947
v 2525.414 1197.076 119.948
f 3950 3948 3949
f 3938 3948 3944
v 2532.854 1201.372 119.948
f 3931 3951 3927
f 3946 3951 3931
v 2525.495 1197.364 119.948
v 2536.962 1197.364 119.948
f 3952 3953 3950
f 3950 3953 3948
v 2533.140 1201.283 119.948
f 3951 3954 3927
v 2536.867 1197.648 119.948
f 3952 3955 3953
v 2525.591 1197.648 119.948
v 2536.758 1197.926 119.948
f 3956 3957 3952
f 3952 3957 3955
v 2525.700 1197.926 119.948
v 2536.635 1198.199 119.948
f 3958 3959 3956
v 2525.823 1198.199 119.948
f 3960 3959 3958
v 2525.960 1198.465 119.948
f 3961 3959 3960
f 3956 3959 3957
v 2533.966 1200.935 119.948
f 3954 3962 3927
f 3927 3962 3911
v 2533.421 1201.181 119.948
f 3963 3962 3954
v 2533.697 1201.065 119.948
f 3964 3962 3963
v 2526.109 1198.724 119.948
v 2536.349 1198.724 119.948
f 3965 3966 3961
v 2526.271 1198.976 119.948
f 3967 3966 3965
v 2536.498 1198.465 119.948
f 3959 3966 3968
f 3961 3966 3959
v 2534.229 1200.792 119.948
v 2534.484 1200.636 119.948
f 3969 3970 3962
f 3962 3970 3911
f 3911 3970 3910
v 2536.186 1198.976 119.948
f 3967 3971 3966
v 2534.731 1200.467 119.948
f 3970 3972 3910
v 2526.446 1199.219 119.948
v 2535.825 1199.453 119.948
f 3973 3974 3967
v 2526.633 1199.453 119.948
f 3975 3974 3973
f 3892 3974 3975
v 2536.012 1199.219 119.948
f 3971 3974 3976
f 3967 3974 3971
v 2535.199 1200.095 119.948
f 3910 3977 3891
v 2534.970 1200.287 119.948
f 3978 3977 3972
f 3972 3977 3910
f 3891 3977 3892
v 2535.418 1199.891 119.948
v 2535.627 1199.677 119.948
f 3974 3979 3980
f 3977 3979 3892
f 3892 3979 3974
o main_14
v 2519.229 1195.596 119.948
v 2525.229 1205.988 119.948
v 2525.229 1205.988 114.948
f 3981 3982 3983
v 2519.229 1195.596 114.948
f 3981 3983 3984
v 2525.229 1185.204 119.948
f 3985 3981 3984
v 2525.229 1185.204 114.948
f 3985 3984 3986
v 2537.229 1185.204 114.948
v 2537.229 1185.204 119.948
f 3987 3988 3985
f 3987 3985 3986
v 2543.229 1195.596 119.948
f 3989 3988 3987
v 2543.229 1195.596 114.948
f 3989 3987 3990
v 2537.229 1205.988 119.948
f 3991 3989 3990
v 2537.229 1205.988 114.948
f 3991 3990 3992
f 3991 3992 3983
f 3991 3983 3982
f 3989 3981 3985
f 3989 3985 3988
f 3991 3982 3981
f 3991 3981 3989
f 3984 3990 3987
f 3984 3987 3986
f 3983 3992 3990
f 3983 3990 3984
o main_15
v 2531.215 1200.934 134.526
v 2531.253 1201.596 135.672
v 2531.215 1202.258 134.526
f 3993 3994 3995
o main_16
v 2423.861 1148.698 167.081
v 2423.861 1148.313 166.623
v 2423.861 1148.500 166.857
f 3996 3997 3998
v 2423.861 1149.841 168.040
v 2423.861 1150.096 168.196
v 2423.861 1149.593 167.872
f 3999 4000 4001
v 2423.861 1147.826 165.870
v 2423.861 1147.567 165.331
v 2423.861 1147.690 165.603
f 4002 4003 4004
v 2423.861 1147.458 165.052
f 4002 4005 4003
v 2423.861 1147.281 164.481
v 2423.861 1147.362 164.769
f 4005 4006 4007
v 2423.861 1147.976 166.129
f 4008 4006 4002
v 2423.861 1148.138 166.380
f 4009 4006 4008
f 4002 4006 4005
v 2423.861 1147.215 164.189
v 2423.861 1147.126 163.597
v 2423.861 1147.163 163.894
f 4010 4011 4012
v 2423.861 1152.647 168.983
v 2423.861 1152.946 168.998
v 2423.861 1152.350 168.953
f 4013 4014 4015
v 2423.861 1147.103 163.299
v 2423.861 1147.103 162.701
v 2423.861 1147.096 163.000
f 4016 4017 4018
f 4011 4017 4016
v 2423.861 1147.163 162.106
v 2423.861 1147.126 162.403
f 4017 4019 4020
f 4011 4019 4017
v 2423.861 1147.281 161.519
v 2423.861 1147.215 161.811
f 4019 4021 4022
v 2423.861 1154.431 168.850
v 2423.861 1154.721 168.776
v 2423.861 1154.138 168.909
f 4023 4024 4025
v 2423.861 1147.362 161.231
f 4019 4026 4021
v 2423.861 1147.458 160.948
f 4019 4027 4026
f 4011 4027 4019
f 4006 4027 4010
f 4010 4027 4011
v 2423.861 1147.826 160.130
f 4006 4028 4027
v 2423.861 1147.567 160.669
v 2423.861 1147.690 160.397
f 4029 4028 4030
f 4027 4028 4029
f 4009 4028 4006
v 2423.861 1155.833 168.339
v 2423.861 1156.096 168.196
v 2423.861 1155.564 168.469
f 4031 4032 4033
v 2423.861 1147.976 159.871
f 4009 4034 4028
v 2423.861 1148.313 159.377
v 2423.861 1148.138 159.620
f 4034 4035 4036
v 2423.861 1148.698 158.919
v 2423.861 1148.500 159.143
f 4035 4037 4038
f 3997 4037 4009
v 2423.861 1148.906 167.295
f 4039 4037 3996
v 2423.861 1149.126 167.499
f 4040 4037 4039
v 2423.861 1149.355 167.691
f 4041 4037 4040
f 4009 4037 4034
f 3996 4037 3997
f 4034 4037 4035
v 2423.861 1157.285 167.295
v 2423.861 1157.494 167.081
v 2423.861 1157.066 167.499
f 4042 4043 4044
v 2423.861 1148.906 158.705
v 2423.861 1149.355 158.309
v 2423.861 1149.126 158.501
f 4045 4046 4047
f 4037 4046 4045
v 2423.861 1149.593 158.128
f 4001 4048 4041
f 4041 4048 4037
f 4037 4048 4046
v 2423.861 1157.879 166.623
v 2423.861 1158.216 166.129
v 2423.861 1157.692 166.857
f 4049 4050 4051
v 2423.861 1158.053 166.380
f 4052 4050 4049
v 2423.861 1150.096 157.804
v 2423.861 1149.841 157.960
f 4048 4053 4054
f 4001 4053 4048
v 2423.861 1158.365 165.870
f 4051 4055 4043
f 4050 4055 4051
v 2423.861 1150.628 157.531
v 2423.861 1150.359 157.661
f 4053 4056 4057
f 4000 4056 4001
f 4001 4056 4053
v 2423.861 1151.185 157.312
v 2423.861 1150.904 157.415
f 4056 4058 4059
v 2423.861 1150.359 168.339
f 4060 4058 4000
f 4000 4058 4056
v 2423.861 1150.628 168.469
v 2423.861 1151.471 157.224
f 4061 4062 4060
v 2423.861 1150.904 168.585
f 4063 4062 4061
v 2423.861 1151.185 168.688
f 4064 4062 4063
v 2423.861 1151.471 168.776
f 4065 4062 4064
v 2423.861 1151.761 168.850
f 4066 4062 4065
f 4060 4062 4058
v 2423.861 1158.502 165.603
v 2423.861 1158.910 164.481
f 4067 4068 4055
v 2423.861 1158.625 165.331
f 4069 4068 4067
v 2423.861 1158.734 165.052
f 4070 4068 4069
v 2423.861 1158.829 164.769
f 4071 4068 4070
v 2423.861 1158.977 164.189
v 2423.861 1159.029 163.894
f 4072 4073 4068
f 4068 4073 4055
v 2423.861 1152.054 168.909
v 2423.861 1152.350 157.047
f 4074 4075 4066
f 4066 4075 4062
v 2423.861 1151.761 157.150
v 2423.861 1152.054 157.091
f 4076 4075 4077
f 4062 4075 4076
v 2423.861 1152.647 157.017
f 4074 4078 4075
f 4015 4078 4074
v 2423.861 1152.946 157.002
f 4015 4079 4078
f 4014 4079 4015
v 2423.861 1159.096 163.000
v 2423.861 1159.088 162.701
v 2423.861 1159.088 163.299
f 4080 4081 4082
v 2423.861 1159.066 162.403
f 4081 4083 4082
v 2423.861 1153.245 168.998
v 2423.861 1153.842 157.047
f 4084 4085 4014
v 2423.861 1153.544 168.983
f 4086 4085 4084
v 2423.861 1153.842 168.953
f 4087 4085 4086
f 4025 4085 4087
f 4014 4085 4079
v 2423.861 1153.245 157.002
v 2423.861 1153.544 157.017
f 4088 4085 4089
f 4079 4085 4088
v 2423.861 1159.029 162.106
f 4083 4090 4082
v 2423.861 1159.066 163.597
f 4082 4090 4091
v 2423.861 1158.977 161.811
v 2423.861 1158.910 161.519
f 4092 4093 4090
v 2423.861 1154.721 157.224
f 4025 4094 4085
f 4024 4094 4025
v 2423.861 1155.007 168.688
f 4095 4094 4024
v 2423.861 1155.288 168.585
f 4096 4094 4095
v 2423.861 1154.138 157.091
v 2423.861 1154.431 157.150
f 4097 4094 4098
f 4085 4094 4097
v 2423.861 1158.734 160.948
f 4093 4099 4090
f 4090 4099 4091
v 2423.861 1158.829 161.231
f 4100 4099 4093
v 2423.861 1155.288 157.415
v 2423.861 1155.007 157.312
f 4094 4101 4102
v 2423.861 1158.625 160.669
v 2423.861 1158.502 160.397
f 4103 4104 4099
v 2423.861 1155.833 157.661
f 4094 4105 4101
v 2423.861 1155.564 157.531
f 4101 4105 4106
v 2423.861 1158.365 160.130
f 4104 4107 4099
v 2423.861 1156.096 157.804
f 4094 4108 4105
f 4096 4108 4094
f 4032 4108 4033
f 4033 4108 4096
v 2423.861 1156.351 168.040
f 4109 4108 4032
v 2423.861 1158.216 159.871
f 4099 4110 4091
f 4107 4110 4099
v 2423.861 1158.053 159.620
f 4110 4111 4091
f 4091 4111 4073
v 2423.861 1156.598 158.128
f 4109 4112 4108
v 2423.861 1156.598 167.872
f 4113 4112 4109
v 2423.861 1156.837 167.691
f 4114 4112 4113
f 4044 4112 4114
v 2423.861 1156.351 157.960
f 4108 4112 4115
v 2423.861 1157.692 159.143
f 4073 4116 4055
f 4111 4116 4073
v 2423.861 1157.879 159.377
f 4117 4116 4111
v 2423.861 1157.066 158.501
v 2423.861 1156.837 158.309
f 4112 4118 4119
v 2423.861 1157.285 158.705
f 4116 4120 4055
f 4044 4120 4112
f 4043 4120 4044
f 4112 4120 4118
f 4055 4120 4043
v 2423.861 1157.494 158.919
f 4121 4120 4116
v 2446.228 1149.473 167.783
v 2446.228 1149.239 167.596
v 2446.228 1149.015 167.398
f 4122 4123 4124
v 2446.228 1147.757 165.737
v 2446.228 1148.056 166.255
v 2446.228 1147.900 166.000
f 4125 4126 4127
v 2446.228 1147.511 165.192
v 2446.228 1148.224 166.502
f 4128 4129 4126
v 2446.228 1147.627 165.468
f 4128 4125 4130
f 4128 4126 4125
v 2446.228 1147.320 164.625
v 2446.228 1147.408 164.911
f 4131 4128 4132
v 2446.228 1147.246 164.335
f 4133 4128 4131
v 2446.228 1147.142 162.254
v 2446.228 1147.098 163.150
v 2446.228 1147.098 162.850
f 4134 4135 4136
v 2446.228 1147.113 162.552
f 4134 4136 4137
v 2446.228 1147.320 161.375
v 2446.228 1147.187 164.042
f 4138 4133 4139
v 2446.228 1147.142 163.746
f 4138 4139 4140
v 2446.228 1147.113 163.448
f 4138 4140 4141
f 4138 4141 4135
v 2446.228 1147.187 161.958
f 4138 4134 4142
v 2446.228 1147.246 161.665
f 4138 4142 4143
f 4138 4135 4134
v 2446.228 1147.408 161.089
f 4144 4133 4138
f 4144 4128 4133
v 2446.228 1147.627 160.532
f 4145 4128 4144
v 2446.228 1147.511 160.808
f 4145 4144 4146
v 2446.228 1147.900 160.000
v 2446.228 1147.757 160.263
f 4147 4145 4148
v 2446.228 1148.056 159.745
f 4149 4145 4147
v 2446.228 1156.476 167.957
v 2446.228 1156.224 168.120
v 2446.228 1155.965 168.269
f 4150 4151 4152
v 2446.228 1148.224 159.498
f 4153 4145 4149
f 4153 4128 4145
f 4153 4129 4128
v 2446.228 1148.597 159.030
v 2446.228 1148.801 167.189
f 4154 4124 4155
v 2446.228 1148.597 166.970
f 4154 4155 4156
v 2446.228 1148.405 166.741
f 4154 4156 4157
f 4154 4157 4129
v 2446.228 1148.405 159.259
f 4154 4153 4158
f 4154 4129 4153
v 2446.228 1149.015 158.602
v 2446.228 1148.801 158.811
f 4159 4154 4160
v 2446.228 1149.239 158.404
f 4161 4154 4159
f 4161 4124 4154
v 2446.228 1149.473 158.217
v 2446.228 1149.716 167.957
f 4162 4163 4122
f 4162 4122 4124
f 4162 4124 4161
v 2446.228 1149.716 158.043
f 4164 4163 4162
v 2446.228 1158.292 166.000
v 2446.228 1158.136 166.255
v 2446.228 1157.967 166.502
f 4165 4166 4167
v 2446.228 1150.226 157.731
v 2446.228 1149.967 168.120
f 4168 4169 4163
f 4168 4163 4164
v 2446.228 1149.967 157.880
f 4168 4164 4170
v 2446.228 1150.493 157.594
v 2446.228 1150.765 168.529
v 2446.228 1150.493 168.406
f 4171 4172 4173
v 2446.228 1150.226 168.269
f 4171 4173 4174
f 4171 4174 4169
f 4171 4169 4168
v 2446.228 1158.565 165.468
v 2446.228 1158.435 165.737
f 4175 4176 4165
f 4175 4165 4167
v 2446.228 1150.765 157.471
v 2446.228 1151.044 168.638
f 4177 4178 4172
f 4177 4172 4171
v 2446.228 1158.681 165.192
f 4179 4175 4167
v 2446.228 1158.783 164.911
f 4180 4179 4167
v 2446.228 1151.615 157.186
v 2446.228 1151.615 168.814
v 2446.228 1151.327 168.733
f 4181 4182 4183
f 4181 4183 4178
f 4181 4178 4177
v 2446.228 1151.044 157.362
f 4181 4177 4184
v 2446.228 1151.327 157.267
f 4181 4184 4185
v 2446.228 1159.005 164.042
v 2446.228 1158.945 164.335
v 2446.228 1158.872 164.625
f 4186 4187 4188
v 2446.228 1152.202 157.067
v 2446.228 1151.907 157.119
f 4189 4181 4190
f 4189 4182 4181
v 2446.228 1152.498 157.030
v 2446.228 1152.202 168.933
v 2446.228 1151.907 168.881
f 4191 4192 4193
f 4191 4193 4182
f 4191 4182 4189
v 2446.228 1152.797 157.007
v 2446.228 1152.797 168.993
v 2446.228 1152.498 168.970
f 4194 4195 4196
f 4194 4196 4192
f 4194 4192 4191
v 2446.228 1153.096 157.000
v 2446.228 1153.096 169.000
f 4197 4198 4195
v 2446.228 1153.395 168.993
f 4197 4199 4198
f 4197 4195 4194
v 2446.228 1159.079 162.552
v 2446.228 1159.094 162.850
v 2446.228 1159.094 163.150
f 4200 4201 4202
v 2446.228 1159.079 163.448
f 4200 4202 4203
v 2446.228 1153.693 157.030
v 2446.228 1153.395 157.007
f 4204 4197 4205
v 2446.228 1159.049 162.254
f 4206 4200 4203
v 2446.228 1159.049 163.746
f 4206 4203 4207
f 4206 4207 4186
v 2446.228 1153.990 157.067
f 4208 4197 4204
f 4208 4199 4197
v 2446.228 1153.693 168.970
f 4208 4209 4199
v 2446.228 1159.005 161.958
f 4210 4206 4186
v 2446.228 1154.285 157.119
v 2446.228 1154.285 168.881
v 2446.228 1153.990 168.933
f 4211 4212 4213
f 4211 4213 4209
f 4211 4209 4208
v 2446.228 1158.945 161.665
f 4214 4210 4186
v 2446.228 1154.576 157.186
f 4215 4212 4211
v 2446.228 1154.576 168.814
f 4215 4216 4212
v 2446.228 1155.148 157.362
v 2446.228 1154.864 168.733
f 4217 4218 4216
f 4217 4216 4215
v 2446.228 1154.864 157.267
f 4217 4215 4219
v 2446.228 1158.681 160.808
v 2446.228 1158.783 161.089
v 2446.228 1158.872 161.375
f 4220 4221 4222
f 4220 4222 4214
v 2446.228 1155.699 157.594
v 2446.228 1155.699 168.406
v 2446.228 1155.426 168.529
f 4223 4224 4225
v 2446.228 1155.148 168.638
f 4223 4225 4226
f 4223 4226 4218
f 4223 4218 4217
v 2446.228 1155.426 157.471
f 4223 4217 4227
v 2446.228 1158.435 160.263
f 4228 4186 4188
f 4228 4188 4180
f 4228 4220 4214
f 4228 4214 4186
v 2446.228 1158.565 160.532
f 4228 4229 4220
v 2446.228 1155.965 157.731
f 4230 4152 4224
f 4230 4224 4223
v 2446.228 1158.292 160.000
f 4231 4228 4180
v 2446.228 1156.476 158.043
f 4232 4150 4152
v 2446.228 1156.719 167.783
f 4232 4233 4150
f 4232 4152 4230
v 2446.228 1156.224 157.880
f 4232 4230 4234
v 2446.228 1157.787 159.259
v 2446.228 1157.967 159.498
v 2446.228 1158.136 159.745
f 4235 4236 4237
v 2446.228 1156.953 158.404
v 2446.228 1157.177 167.398
v 2446.228 1156.953 167.596
f 4238 4239 4240
f 4238 4240 4233
f 4238 4233 4232
v 2446.228 1156.719 158.217
f 4238 4232 4241
v 2446.228 1157.595 159.030
f 4242 4231 4180
f 4242 4235 4237
f 4242 4237 4231
v 2446.228 1157.391 158.811
v 2446.228 1157.787 166.741
f 4243 4167 4244
v 2446.228 1157.595 166.970
f 4243 4244 4245
v 2446.228 1157.391 167.189
f 4243 4245 4246
f 4243 4246 4239
f 4243 4239 4238
f 4243 4242 4180
v 2446.228 1157.177 158.602
f 4243 4238 4247
f 4243 4180 4167
o main_17
v 2423.861 1153.096 175.000
v 2423.861 1163.488 169.000
v 2418.861 1163.488 169.000
f 4248 4249 4250
v 2418.861 1153.096 175.000
f 4248 4250 4251
v 2423.861 1142.704 169.000
f 4252 4248 4251
v 2418.861 1142.704 169.000
f 4252 4251 4253
v 2418.861 1142.704 157.000
v 2423.861 1142.704 157.000
f 4254 4255 4252
f 4254 4252 4253
v 2423.861 1153.096 151.000
f 4256 4255 4254
v 2418.861 1153.096 151.000
f 4256 4254 4257
v 2423.861 1163.488 157.000
f 4258 4256 4257
v 2418.861 1163.488 157.000
f 4258 4257 4259
f 4258 4259 4250
f 4258 4250 4249
f 4256 4248 4252
f 4256 4252 4255
f 4258 4249 4248
f 4258 4248 4256
f 4251 4257 4254
f 4251 4254 4253
f 4250 4259 4257
f 4250 4257 4251
o main_18
v 2445.806 1158.434 163.014
v 2446.952 1159.096 162.976
v 2445.806 1159.758 163.014
f 4260 4261 4262
o main_19
v 2423.861 1234.355 167.691
v 2423.861 1234.593 167.872
v 2423.861 1234.126 167.499
f 4263 4264 4265
v 2423.861 1234.841 168.040
v 2423.861 1235.096 168.196
f 4266 4267 4264
v 2423.861 1233.500 166.857
v 2423.861 1232.826 165.870
v 2423.861 1233.313 166.623
f 4268 4269 4270
v 2423.861 1233.138 166.380
f 4270 4269 4271
v 2423.861 1232.976 166.129
f 4271 4269 4272
v 2423.861 1235.359 168.339
v 2423.861 1235.628 168.469
f 4273 4274 4267
v 2423.861 1235.904 168.585
v 2423.861 1236.185 168.688
f 4275 4276 4274
v 2423.861 1232.567 165.331
v 2423.861 1232.362 164.769
v 2423.861 1232.458 165.052
f 4277 4278 4279
v 2423.861 1236.761 168.850
v 2423.861 1237.054 168.909
v 2423.861 1236.471 168.776
f 4280 4281 4282
v 2423.861 1232.690 165.603
v 2423.861 1232.126 163.597
f 4283 4284 4277
v 2423.861 1232.281 164.481
f 4278 4284 4285
v 2423.861 1232.215 164.189
f 4285 4284 4286
v 2423.861 1232.163 163.894
f 4286 4284 4287
f 4277 4284 4278
v 2423.861 1232.096 163.000
v 2423.861 1232.163 162.106
v 2423.861 1232.103 162.701
f 4288 4289 4290
v 2423.861 1232.126 162.403
f 4290 4289 4291
v 2423.861 1232.281 161.519
f 4288 4292 4289
v 2423.861 1232.103 163.299
f 4293 4292 4288
v 2423.861 1232.215 161.811
f 4289 4292 4294
v 2423.861 1240.007 168.688
v 2423.861 1240.288 168.585
v 2423.861 1239.721 168.776
f 4295 4296 4297
v 2423.861 1232.567 160.669
v 2423.861 1232.362 161.231
f 4292 4298 4299
v 2423.861 1232.458 160.948
f 4299 4298 4300
v 2423.861 1232.690 160.397
f 4293 4301 4292
f 4292 4301 4298
v 2423.861 1240.564 168.469
v 2423.861 1240.833 168.339
f 4302 4303 4296
v 2423.861 1232.826 160.130
v 2423.861 1233.138 159.620
v 2423.861 1232.976 159.871
f 4304 4305 4306
v 2423.861 1233.500 159.143
f 4304 4307 4305
f 4268 4307 4269
f 4269 4307 4283
f 4284 4307 4293
f 4301 4307 4304
v 2423.861 1233.313 159.377
f 4305 4307 4308
f 4283 4307 4284
f 4293 4307 4301
v 2423.861 1233.906 158.705
f 4268 4309 4307
v 2423.861 1233.698 167.081
f 4310 4309 4268
v 2423.861 1233.698 158.919
f 4307 4309 4311
v 2423.861 1234.126 158.501
f 4310 4312 4309
v 2423.861 1233.906 167.295
f 4265 4312 4313
f 4313 4312 4310
v 2423.861 1234.593 158.128
f 4265 4314 4312
v 2423.861 1234.355 158.309
f 4312 4314 4315
v 2423.861 1242.879 166.623
v 2423.861 1243.053 166.380
v 2423.861 1242.692 166.857
f 4316 4317 4318
v 2423.861 1243.216 166.129
f 4317 4319 4318
v 2423.861 1235.096 157.804
f 4264 4320 4265
f 4265 4320 4314
v 2423.861 1234.841 157.960
f 4314 4320 4321
v 2423.861 1235.359 157.661
f 4267 4322 4264
f 4264 4322 4320
f 4274 4322 4267
v 2423.861 1243.502 165.603
v 2423.861 1243.625 165.331
v 2423.861 1243.365 165.870
f 4323 4324 4325
f 4325 4324 4319
v 2423.861 1236.185 157.312
v 2423.861 1235.628 157.531
f 4322 4326 4327
v 2423.861 1235.904 157.415
f 4327 4326 4328
v 2423.861 1236.471 157.224
f 4322 4329 4326
v 2423.861 1243.829 164.769
v 2423.861 1243.910 164.481
v 2423.861 1243.734 165.052
f 4330 4331 4332
f 4332 4331 4324
f 4324 4331 4319
v 2423.861 1236.761 157.150
f 4282 4333 4276
f 4276 4333 4274
f 4281 4333 4282
f 4274 4333 4322
f 4322 4333 4329
v 2423.861 1243.977 164.189
v 2423.861 1244.029 163.894
f 4334 4335 4331
v 2423.861 1237.350 157.047
f 4281 4336 4333
v 2423.861 1237.946 168.998
v 2423.861 1237.647 168.983
f 4337 4336 4338
v 2423.861 1237.350 168.953
f 4338 4336 4339
f 4339 4336 4281
v 2423.861 1237.054 157.091
f 4333 4336 4340
v 2423.861 1244.066 163.597
f 4335 4341 4331
v 2423.861 1238.245 157.002
v 2423.861 1237.647 157.017
f 4336 4342 4343
v 2423.861 1237.946 157.002
f 4343 4342 4344
v 2423.861 1244.096 163.000
v 2423.861 1244.088 162.701
v 2423.861 1244.088 163.299
f 4345 4346 4347
v 2423.861 1238.544 157.017
f 4336 4348 4342
v 2423.861 1238.245 168.998
v 2423.861 1238.842 157.047
f 4349 4350 4337
f 4336 4350 4348
f 4337 4350 4336
v 2423.861 1244.029 162.106
f 4346 4351 4347
v 2423.861 1244.066 162.403
f 4352 4351 4346
v 2423.861 1239.138 157.091
f 4349 4353 4350
v 2423.861 1238.842 168.953
v 2423.861 1238.544 168.983
f 4354 4353 4355
f 4355 4353 4349
v 2423.861 1239.721 157.224
v 2423.861 1239.431 168.850
f 4297 4356 4357
v 2423.861 1239.138 168.909
f 4357 4356 4358
f 4358 4356 4354
f 4354 4356 4353
v 2423.861 1239.431 157.150
f 4353 4356 4359
v 2423.861 1243.829 161.231
f 4347 4360 4341
f 4351 4360 4347
f 4341 4360 4331
v 2423.861 1243.910 161.519
v 2423.861 1243.977 161.811
f 4361 4360 4362
f 4362 4360 4351
v 2423.861 1240.007 157.312
f 4297 4363 4356
v 2423.861 1240.564 157.531
v 2423.861 1240.288 157.415
f 4363 4364 4365
f 4297 4364 4363
f 4296 4364 4297
f 4303 4364 4296
v 2423.861 1243.625 160.669
v 2423.861 1243.502 160.397
v 2423.861 1243.734 160.948
f 4366 4367 4368
f 4368 4367 4360
v 2423.861 1243.365 160.130
f 4360 4369 4331
f 4367 4369 4360
v 2423.861 1240.833 157.661
v 2423.861 1241.351 157.960
v 2423.861 1241.096 157.804
f 4370 4371 4372
v 2423.861 1243.216 159.871
v 2423.861 1243.053 159.620
f 4373 4374 4369
v 2423.861 1241.598 158.128
f 4364 4375 4370
v 2423.861 1241.837 167.691
v 2423.861 1241.598 167.872
f 4376 4375 4377
v 2423.861 1241.351 168.040
f 4377 4375 4378
v 2423.861 1241.096 168.196
f 4378 4375 4379
f 4379 4375 4303
f 4370 4375 4371
f 4303 4375 4364
v 2423.861 1242.692 159.143
v 2423.861 1242.494 158.919
v 2423.861 1242.879 159.377
f 4380 4381 4382
f 4382 4381 4374
v 2423.861 1242.494 167.081
f 4318 4381 4383
f 4369 4381 4331
f 4374 4381 4369
f 4319 4381 4318
f 4331 4381 4319
v 2423.861 1242.285 158.705
v 2423.861 1241.837 158.309
f 4375 4384 4385
v 2423.861 1242.066 158.501
f 4385 4384 4386
v 2423.861 1242.285 167.295
f 4383 4384 4387
v 2423.861 1242.066 167.499
f 4387 4384 4388
f 4388 4384 4376
f 4376 4384 4375
f 4381 4384 4383
v 2446.228 1232.098 163.150
v 2446.228 1232.142 163.746
v 2446.228 1232.113 163.448
f 4389 4390 4391
v 2446.228 1232.113 162.552
v 2446.228 1232.098 162.850
f 4392 4389 4393
v 2446.228 1232.187 161.958
v 2446.228 1232.142 162.254
f 4394 4392 4395
v 2446.228 1232.246 161.665
f 4396 4392 4394
f 4396 4390 4389
v 2446.228 1232.187 164.042
f 4396 4397 4390
f 4396 4389 4392
v 2446.228 1232.246 164.335
f 4396 4398 4397
v 2446.228 1232.320 164.625
f 4396 4399 4398
v 2446.228 1232.408 161.089
f 4400 4399 4396
v 2446.228 1232.320 161.375
f 4400 4396 4401
v 2446.228 1232.511 160.808
v 2446.228 1232.408 164.911
f 4402 4403 4399
f 4402 4399 4400
v 2446.228 1232.627 160.532
v 2446.228 1232.511 165.192
f 4404 4405 4403
v 2446.228 1232.627 165.468
f 4404 4406 4405
f 4404 4403 4402
v 2446.228 1232.757 160.263
v 2446.228 1232.757 165.737
f 4407 4408 4406
f 4407 4406 4404
v 2446.228 1232.900 160.000
v 2446.228 1232.900 166.000
f 4409 4410 4408
f 4409 4408 4407
v 2446.228 1233.056 159.745
f 4411 4410 4409
v 2446.228 1233.224 159.498
v 2446.228 1233.056 166.255
f 4412 4413 4410
v 2446.228 1233.224 166.502
f 4412 4414 4413
f 4412 4410 4411
v 2446.228 1233.405 159.259
v 2446.228 1233.405 166.741
f 4415 4416 4414
f 4415 4414 4412
v 2446.228 1233.597 159.030
f 4417 4416 4415
v 2446.228 1233.801 158.811
v 2446.228 1233.597 166.970
f 4418 4419 4416
v 2446.228 1233.801 167.189
f 4418 4420 4419
f 4418 4416 4417
v 2446.228 1234.015 158.602
v 2446.228 1234.015 167.398
f 4421 4422 4420
f 4421 4420 4418
v 2446.228 1234.239 158.404
v 2446.228 1234.239 167.596
f 4423 4424 4422
v 2446.228 1234.473 167.783
f 4423 4425 4424
f 4423 4422 4421
v 2446.228 1234.716 158.043
v 2446.228 1234.716 167.957
f 4426 4427 4425
f 4426 4425 4423
v 2446.228 1234.473 158.217
f 4426 4423 4428
v 2446.228 1234.967 157.880
v 2446.228 1234.967 168.120
f 4429 4430 4427
f 4429 4427 4426
v 2446.228 1235.226 157.731
v 2446.228 1235.226 168.269
f 4431 4432 4430
f 4431 4430 4429
v 2446.228 1243.435 165.737
v 2446.228 1243.136 166.255
v 2446.228 1242.967 166.502
f 4433 4434 4435
v 2446.228 1243.292 166.000
f 4433 4436 4434
v 2446.228 1235.493 157.594
v 2446.228 1235.493 168.406
f 4437 4438 4432
v 2446.228 1235.765 168.529
f 4437 4439 4438
f 4437 4432 4431
v 2446.228 1235.765 157.471
f 4440 4439 4437
v 2446.228 1236.044 157.362
v 2446.228 1236.044 168.638
f 4441 4442 4439
v 2446.228 1236.327 168.733
f 4441 4443 4442
f 4441 4439 4440
v 2446.228 1236.615 157.186
v 2446.228 1236.615 168.814
f 4444 4445 4443
f 4444 4443 4441
v 2446.228 1236.327 157.267
f 4444 4441 4446
v 2446.228 1243.945 164.335
v 2446.228 1243.872 164.625
v 2446.228 1243.783 164.911
f 4447 4448 4449
v 2446.228 1236.907 157.119
v 2446.228 1236.907 168.881
f 4450 4451 4445
v 2446.228 1237.202 168.933
f 4450 4452 4451
f 4450 4445 4444
v 2446.228 1237.202 157.067
f 4453 4452 4450
v 2446.228 1244.049 163.746
v 2446.228 1244.005 164.042
f 4454 4455 4447
v 2446.228 1237.498 157.030
v 2446.228 1237.498 168.970
f 4456 4457 4452
v 2446.228 1237.797 168.993
f 4456 4458 4457
f 4456 4452 4453
v 2446.228 1244.079 163.448
f 4459 4454 4447
v 2446.228 1238.096 157.000
f 4460 4458 4456
v 2446.228 1238.096 169.000
f 4460 4461 4458
v 2446.228 1237.797 157.007
f 4460 4456 4462
v 2446.228 1238.395 157.007
v 2446.228 1238.395 168.993
f 4463 4464 4461
f 4463 4461 4460
v 2446.228 1244.079 162.552
v 2446.228 1244.094 163.150
f 4465 4466 4459
v 2446.228 1244.094 162.850
f 4465 4467 4466
f 4465 4459 4447
v 2446.228 1238.693 157.030
f 4468 4464 4463
v 2446.228 1238.693 168.970
f 4468 4469 4464
v 2446.228 1238.990 157.067
v 2446.228 1238.990 168.933
f 4470 4471 4469
f 4470 4469 4468
v 2446.228 1239.285 157.119
v 2446.228 1239.285 168.881
f 4472 4473 4471
f 4472 4471 4470
v 2446.228 1239.576 157.186
v 2446.228 1239.576 168.814
f 4474 4475 4473
f 4474 4473 4472
v 2446.228 1243.872 161.375
f 4476 4465 4447
v 2446.228 1243.681 165.192
f 4476 4449 4477
v 2446.228 1244.049 162.254
f 4476 4478 4465
v 2446.228 1244.005 161.958
f 4476 4479 4478
v 2446.228 1243.945 161.665
f 4476 4480 4479
f 4476 4447 4449
v 2446.228 1239.864 157.267
v 2446.228 1239.864 168.733
f 4481 4482 4475
f 4481 4475 4474
v 2446.228 1243.783 161.089
f 4483 4476 4477
v 2446.228 1240.148 157.362
v 2446.228 1240.148 168.638
f 4484 4485 4482
f 4484 4482 4481
v 2446.228 1240.426 157.471
v 2446.228 1240.426 168.529
f 4486 4487 4485
f 4486 4485 4484
v 2446.228 1243.565 160.532
f 4488 4483 4477
v 2446.228 1243.565 165.468
f 4488 4489 4433
f 4488 4477 4489
v 2446.228 1243.681 160.808
f 4488 4490 4483
v 2446.228 1240.699 157.594
f 4491 4487 4486
v 2446.228 1240.965 157.731
v 2446.228 1240.699 168.406
f 4492 4493 4487
v 2446.228 1240.965 168.269
f 4492 4494 4493
f 4492 4487 4491
v 2446.228 1243.292 160.000
v 2446.228 1243.435 160.263
f 4495 4496 4488
f 4495 4488 4433
v 2446.228 1241.224 157.880
v 2446.228 1241.224 168.120
f 4497 4498 4494
v 2446.228 1241.476 167.957
f 4497 4499 4498
f 4497 4494 4492
v 2446.228 1243.136 159.745
f 4500 4433 4435
f 4500 4495 4433
v 2446.228 1242.967 159.498
f 4501 4500 4435
v 2446.228 1241.719 158.217
v 2446.228 1241.719 167.783
f 4502 4503 4499
v 2446.228 1241.476 158.043
f 4502 4497 4504
f 4502 4499 4497
v 2446.228 1241.953 158.404
v 2446.228 1241.953 167.596
f 4505 4506 4503
f 4505 4503 4502
v 2446.228 1242.595 159.030
v 2446.228 1242.595 166.970
v 2446.228 1242.391 167.189
f 4507 4508 4509
v 2446.228 1242.787 166.741
f 4507 4510 4508
f 4507 4435 4510
v 2446.228 1242.787 159.259
f 4507 4511 4501
f 4507 4501 4435
v 2446.228 1242.177 158.602
v 2446.228 1242.177 167.398
f 4512 4513 4506
f 4512 4506 4505
v 2446.228 1242.391 158.811
f 4514 4509 4513
f 4514 4507 4509
f 4514 4513 4512
o main_2
v 2806.229 1152.581 78.251
v 2806.229 1147.942 82.776
v 2806.229 1150.205 80.455
f 4515 4516 4517
v 2806.229 1155.064 76.167
v 2806.229 1145.797 85.206
f 4518 4519 4516
f 4518 4516 4515
v 2806.229 1143.776 87.740
f 4520 4519 4518
v 2806.229 1140.125 93.095
v 2806.229 1141.884 90.372
f 4521 4522 4520
f 4521 4520 4518
v 2806.229 1163.092 70.694
v 2806.229 1157.648 74.210
v 2806.229 1160.326 72.384
f 4523 4524 4525
v 2806.229 1165.939 69.144
v 2806.229 1138.505 95.902
f 4526 4527 4521
f 4526 4518 4524
f 4526 4524 4523
f 4526 4521 4518
v 2806.229 1137.026 98.787
f 4528 4527 4526
v 2806.229 1168.859 67.737
f 4529 4528 4526
v 2806.229 1135.693 101.741
f 4530 4528 4529
v 2806.229 1174.892 65.370
v 2806.229 1171.846 66.478
f 4531 4529 4532
v 2806.229 1132.598 110.951
v 2806.229 1133.476 107.831
v 2806.229 1134.509 104.758
f 4533 4534 4535
f 4533 4535 4530
f 4533 4529 4531
f 4533 4530 4529
v 2806.229 1184.307 62.972
v 2806.229 1177.989 64.414
v 2806.229 1181.130 63.614
f 4536 4537 4538
v 2806.229 1131.314 117.303
v 2806.229 1131.877 114.111
f 4539 4540 4533
v 2806.229 1190.738 62.166
v 2806.229 1187.513 62.489
f 4541 4536 4542
v 2806.229 1130.669 123.752
v 2806.229 1130.911 120.520
f 4543 4544 4539
v 2806.229 1197.217 62.005
f 4545 4531 4537
v 2806.229 1193.975 62.005
f 4545 4541 4546
f 4545 4537 4536
f 4545 4536 4541
v 2806.229 1130.911 133.465
v 2806.229 1130.588 126.992
f 4547 4548 4543
v 2806.229 1130.669 130.233
f 4547 4549 4548
v 2806.229 1203.679 62.489
v 2806.229 1200.454 62.166
f 4550 4545 4551
v 2806.229 1210.061 63.614
v 2806.229 1206.884 62.972
f 4552 4550 4553
v 2806.229 1132.598 143.033
v 2806.229 1131.877 139.873
v 2806.229 1131.314 136.681
f 4554 4555 4556
f 4554 4556 4547
v 2806.229 1213.203 64.414
f 4557 4550 4552
f 4557 4545 4550
v 2806.229 1133.476 146.154
f 4558 4554 4547
f 4558 4547 4543
v 2806.229 1216.300 65.370
f 4559 4545 4557
v 2806.229 1219.346 66.478
f 4560 4545 4559
v 2806.229 1222.333 67.737
f 4561 4558 4543
f 4561 4533 4531
f 4561 4539 4533
f 4561 4543 4539
f 4561 4531 4545
f 4561 4545 4560
v 2806.229 1137.026 155.198
f 4562 4558 4561
v 2806.229 1135.693 152.244
v 2806.229 1134.509 149.226
f 4562 4563 4564
f 4562 4564 4558
v 2806.229 1225.253 69.144
f 4565 4562 4561
v 2806.229 1230.866 72.384
v 2806.229 1228.100 70.694
f 4566 4565 4567
v 2806.229 1233.544 74.210
f 4568 4565 4566
v 2806.229 1238.610 78.251
f 4569 4565 4568
v 2806.229 1236.127 76.167
f 4569 4568 4570
v 2806.229 1147.942 171.209
v 2806.229 1145.797 168.778
v 2806.229 1143.776 166.244
f 4571 4572 4573
v 2806.229 1141.884 163.612
f 4571 4573 4574
v 2806.229 1140.125 160.890
f 4571 4574 4575
v 2806.229 1240.987 80.455
f 4576 4565 4569
v 2806.229 1152.581 175.734
v 2806.229 1150.205 173.529
f 4577 4578 4571
v 2806.229 1245.395 85.206
f 4579 4562 4565
f 4579 4565 4576
v 2806.229 1243.250 82.776
f 4579 4576 4580
v 2806.229 1160.326 181.600
v 2806.229 1157.648 179.775
v 2806.229 1155.064 177.817
f 4581 4582 4583
v 2806.229 1251.066 93.095
v 2806.229 1247.416 87.740
v 2806.229 1249.308 90.372
f 4584 4585 4586
v 2806.229 1165.939 184.841
v 2806.229 1163.092 183.291
f 4587 4588 4581
f 4587 4581 4583
v 2806.229 1254.166 98.787
v 2806.229 1252.687 95.902
f 4589 4584 4590
v 2806.229 1168.859 186.247
f 4591 4587 4583
v 2806.229 1255.499 101.741
f 4592 4584 4589
v 2806.229 1171.846 187.506
f 4593 4583 4577
f 4593 4577 4571
f 4593 4591 4583
v 2806.229 1257.715 107.831
f 4594 4579 4585
v 2806.229 1256.683 104.758
f 4594 4592 4595
f 4594 4585 4584
f 4594 4584 4592
v 2806.229 1258.593 110.951
f 4596 4562 4579
f 4596 4579 4594
v 2806.229 1184.307 191.012
v 2806.229 1177.989 189.570
v 2806.229 1174.892 188.615
f 4597 4598 4599
f 4597 4599 4593
f 4597 4571 4575
f 4597 4593 4571
v 2806.229 1181.130 190.370
f 4597 4600 4598
v 2806.229 1260.604 126.992
v 2806.229 1138.505 158.082
f 4601 4575 4602
f 4601 4602 4562
v 2806.229 1259.315 114.111
f 4601 4596 4603
v 2806.229 1259.877 117.303
f 4601 4603 4604
v 2806.229 1260.280 120.520
f 4601 4604 4605
v 2806.229 1260.523 123.752
f 4601 4605 4606
f 4601 4562 4596
v 2806.229 1197.217 191.980
v 2806.229 1193.975 191.980
v 2806.229 1190.738 191.818
f 4607 4608 4609
v 2806.229 1187.513 191.495
f 4607 4609 4610
v 2806.229 1260.280 133.465
v 2806.229 1260.523 130.233
f 4611 4601 4612
v 2806.229 1259.877 136.681
f 4613 4601 4611
v 2806.229 1206.884 191.012
v 2806.229 1203.679 191.495
v 2806.229 1200.454 191.818
f 4614 4615 4616
v 2806.229 1210.061 190.370
f 4617 4597 4575
f 4617 4607 4610
f 4617 4614 4616
f 4617 4616 4607
f 4617 4610 4597
v 2806.229 1256.683 149.226
f 4618 4601 4613
v 2806.229 1259.315 139.873
f 4618 4613 4619
v 2806.229 1258.593 143.033
f 4618 4619 4620
v 2806.229 1257.715 146.154
f 4618 4620 4621
v 2806.229 1225.253 184.841
v 2806.229 1222.333 186.247
v 2806.229 1219.346 187.506
f 4622 4623 4624
v 2806.229 1216.300 188.615
f 4622 4624 4625
v 2806.229 1213.203 189.570
f 4622 4625 4626
v 2806.229 1228.100 183.291
f 4627 4622 4626
f 4627 4626 4617
v 2806.229 1251.066 160.890
f 4628 4575 4601
f 4628 4601 4618
v 2806.229 1255.499 152.244
f 4628 4618 4629
v 2806.229 1254.166 155.198
f 4628 4629 4630
v 2806.229 1252.687 158.082
f 4628 4630 4631
v 2806.229 1233.544 179.775
v 2806.229 1230.866 181.600
f 4632 4633 4627
v 2806.229 1247.416 166.244
v 2806.229 1249.308 163.612
f 4634 4628 4635
v 2806.229 1236.127 177.817
f 4636 4632 4627
v 2806.229 1238.610 175.734
f 4637 4636 4627
v 2806.229 1243.250 171.209
f 4638 4575 4628
f 4638 4628 4634
v 2806.229 1245.395 168.778
f 4638 4634 4639
v 2806.229 1240.987 173.529
f 4640 4617 4575
f 4640 4627 4617
f 4640 4637 4627
f 4640 4575 4638
v 2804.229 1236.127 76.167
v 2804.229 1240.987 80.455
v 2804.229 1238.610 78.251
f 4641 4642 4643
v 2804.229 1251.066 93.095
v 2804.229 1249.308 90.372
v 2804.229 1247.416 87.740
f 4644 4645 4646
v 2804.229 1245.395 85.206
f 4644 4646 4647
v 2804.229 1243.250 82.776
f 4644 4647 4648
v 2804.229 1254.166 98.787
v 2804.229 1252.687 95.902
f 4649 4650 4644
v 2804.229 1219.346 66.478
v 2804.229 1225.253 69.144
v 2804.229 1222.333 67.737
f 4651 4652 4653
v 2804.229 1257.715 107.831
f 4654 4642 4641
f 4654 4644 4648
f 4654 4649 4644
v 2804.229 1256.683 104.758
v 2804.229 1255.499 101.741
f 4654 4655 4656
f 4654 4656 4649
f 4654 4648 4642
v 2804.229 1233.544 74.210
f 4654 4641 4657
v 2804.229 1230.866 72.384
f 4654 4657 4658
v 2804.229 1228.100 70.694
f 4654 4658 4659
v 2804.229 1210.061 63.614
f 4660 4652 4651
f 4660 4654 4659
f 4660 4659 4652
v 2804.229 1216.300 65.370
f 4660 4651 4661
v 2804.229 1213.203 64.414
f 4660 4661 4662
v 2804.229 1259.315 114.111
v 2804.229 1258.593 110.951
f 4663 4664 4654
v 2804.229 1206.884 62.972
f 4665 4654 4660
v 2804.229 1200.454 62.166
v 2804.229 1203.679 62.489
f 4666 4665 4667
v 2804.229 1260.523 123.752
v 2804.229 1260.280 120.520
v 2804.229 1259.877 117.303
f 4668 4669 4670
v 2804.229 1260.604 126.992
f 4671 4670 4663
f 4671 4663 4654
f 4671 4668 4670
v 2804.229 1259.877 136.681
v 2804.229 1260.280 133.465
v 2804.229 1260.523 130.233
f 4672 4673 4674
v 2804.229 1184.307 62.972
v 2804.229 1197.217 62.005
v 2804.229 1193.975 62.005
f 4675 4676 4677
v 2804.229 1190.738 62.166
f 4675 4677 4678
v 2804.229 1187.513 62.489
f 4675 4678 4679
v 2804.229 1258.593 143.033
f 4680 4672 4674
v 2804.229 1259.315 139.873
f 4680 4681 4672
v 2804.229 1177.989 64.414
v 2804.229 1181.130 63.614
f 4682 4675 4683
v 2804.229 1256.683 149.226
f 4684 4680 4674
v 2804.229 1257.715 146.154
f 4684 4685 4680
f 4684 4674 4671
v 2804.229 1171.846 66.478
v 2804.229 1174.892 65.370
f 4686 4682 4687
f 4686 4675 4682
f 4686 4654 4665
f 4686 4665 4666
f 4686 4666 4676
f 4686 4676 4675
v 2804.229 1254.166 155.198
f 4688 4684 4671
v 2804.229 1255.499 152.244
f 4688 4689 4684
v 2804.229 1249.308 163.612
v 2804.229 1251.066 160.890
v 2804.229 1252.687 158.082
f 4690 4691 4692
f 4690 4692 4688
v 2804.229 1247.416 166.244
f 4693 4690 4688
v 2804.229 1155.064 76.167
v 2804.229 1168.859 67.737
v 2804.229 1165.939 69.144
f 4694 4695 4696
v 2804.229 1163.092 70.694
f 4694 4696 4697
v 2804.229 1160.326 72.384
f 4694 4697 4698
v 2804.229 1157.648 74.210
f 4694 4698 4699
v 2804.229 1245.395 168.778
f 4700 4693 4688
v 2804.229 1145.797 85.206
v 2804.229 1150.205 80.455
v 2804.229 1147.942 82.776
f 4701 4702 4703
v 2804.229 1236.127 177.817
v 2804.229 1238.610 175.734
v 2804.229 1240.987 173.529
f 4704 4705 4706
v 2804.229 1143.776 87.740
v 2804.229 1152.581 78.251
f 4707 4694 4708
f 4707 4708 4702
f 4707 4702 4701
v 2804.229 1233.544 179.775
v 2804.229 1243.250 171.209
f 4709 4706 4710
f 4709 4710 4700
f 4709 4704 4706
v 2804.229 1140.125 93.095
v 2804.229 1141.884 90.372
f 4711 4707 4712
f 4711 4694 4707
v 2804.229 1228.100 183.291
v 2804.229 1230.866 181.600
f 4713 4714 4709
v 2804.229 1138.505 95.902
f 4715 4686 4695
f 4715 4695 4694
f 4715 4694 4711
f 4715 4654 4686
f 4715 4671 4654
v 2804.229 1134.509 104.758
v 2804.229 1137.026 98.787
f 4716 4715 4717
v 2804.229 1135.693 101.741
f 4716 4717 4718
v 2804.229 1133.476 107.831
f 4719 4671 4715
f 4719 4715 4716
v 2804.229 1213.203 189.570
v 2804.229 1216.300 188.615
v 2804.229 1219.346 187.506
f 4720 4721 4722
v 2804.229 1222.333 186.247
f 4720 4722 4723
v 2804.229 1225.253 184.841
f 4720 4723 4724
f 4720 4724 4713
f 4720 4713 4709
v 2804.229 1131.877 114.111
v 2804.229 1132.598 110.951
f 4725 4719 4726
v 2804.229 1200.454 191.818
v 2804.229 1203.679 191.495
v 2804.229 1206.884 191.012
f 4727 4728 4729
v 2804.229 1210.061 190.370
f 4727 4729 4730
v 2804.229 1197.217 191.980
f 4731 4727 4730
f 4731 4730 4720
f 4731 4700 4688
f 4731 4709 4700
f 4731 4720 4709
v 2804.229 1130.588 126.992
v 2804.229 1131.314 117.303
f 4732 4725 4733
v 2804.229 1130.911 120.520
f 4732 4733 4734
v 2804.229 1130.669 123.752
f 4732 4734 4735
f 4732 4719 4725
v 2804.229 1130.911 133.465
v 2804.229 1130.669 130.233
f 4736 4732 4737
v 2804.229 1187.513 191.495
v 2804.229 1190.738 191.818
v 2804.229 1193.975 191.980
f 4738 4739 4740
f 4738 4740 4731
v 2804.229 1131.314 136.681
f 4741 4732 4736
v 2804.229 1181.130 190.370
f 4742 4738 4731
v 2804.229 1184.307 191.012
f 4742 4743 4738
v 2804.229 1132.598 143.033
v 2804.229 1131.877 139.873
f 4744 4741 4745
f 4744 4719 4732
f 4744 4732 4741
f 4744 4688 4671
f 4744 4671 4719
v 2804.229 1171.846 187.506
v 2804.229 1174.892 188.615
v 2804.229 1177.989 189.570
f 4746 4747 4748
f 4746 4748 4742
v 2804.229 1135.693 152.244
v 2804.229 1133.476 146.154
v 2804.229 1134.509 149.226
f 4749 4750 4751
v 2804.229 1168.859 186.247
f 4752 4746 4742
v 2804.229 1165.939 184.841
f 4753 4752 4742
v 2804.229 1163.092 183.291
f 4754 4753 4742
v 2804.229 1140.125 160.890
v 2804.229 1137.026 155.198
f 4755 4749 4756
v 2804.229 1138.505 158.082
f 4755 4756 4757
f 4755 4750 4749
v 2804.229 1155.064 177.817
v 2804.229 1157.648 179.775
v 2804.229 1160.326 181.600
f 4758 4759 4760
f 4758 4760 4754
v 2804.229 1145.797 168.778
v 2804.229 1141.884 163.612
f 4761 4755 4762
v 2804.229 1143.776 166.244
f 4761 4762 4763
f 4761 4750 4755
v 2804.229 1147.942 171.209
f 4764 4744 4750
f 4764 4731 4688
f 4764 4742 4731
f 4764 4688 4744
f 4764 4750 4761
v 2804.229 1150.205 173.529
v 2804.229 1152.581 175.734
f 4765 4766 4758
f 4765 4754 4742
f 4765 4758 4754
f 4765 4742 4764
o main_20
v 2418.861 1227.704 169.000
v 2423.861 1238.096 175.000
v 2418.861 1238.096 175.000
f 4767 4768 4769
v 2423.861 1227.704 169.000
f 4770 4768 4767
v 2423.861 1248.488 169.000
v 2418.861 1248.488 169.000
f 4768 4771 4772
f 4768 4772 4769
v 2423.861 1248.488 157.000
f 4773 4772 4771
v 2418.861 1248.488 157.000
f 4773 4774 4772
v 2423.861 1238.096 151.000
v 2418.861 1238.096 151.000
f 4773 4775 4776
f 4773 4776 4774
v 2423.861 1227.704 157.000
v 2418.861 1227.704 157.000
f 4776 4777 4778
f 4775 4777 4776
f 4778 4777 4770
f 4778 4770 4767
f 4775 4770 4777
f 4775 4771 4768
f 4775 4768 4770
f 4773 4771 4775
f 4769 4778 4767
f 4769 4774 4776
f 4769 4776 4778
f 4772 4774 4769
o main_21
v 2445.806 1231.434 163.014
v 2446.952 1232.096 162.976
v 2445.806 1232.758 163.014
f 4779 4780 4781
o main_22
v 2596.181 1191.973 -127.217
v 2596.181 1191.739 -127.404
v 2596.181 1191.515 -127.602
f 4782 4783 4784
v 2596.181 1190.257 -129.263
v 2596.181 1190.556 -128.745
v 2596.181 1190.400 -129.000
f 4785 4786 4787
v 2596.181 1190.011 -129.808
v 2596.181 1190.724 -128.498
f 4788 4789 4786
v 2596.181 1190.127 -129.532
f 4788 4785 4790
f 4788 4786 4785
v 2596.181 1189.820 -130.375
v 2596.181 1189.908 -130.089
f 4791 4788 4792
v 2596.181 1189.746 -130.665
f 4793 4788 4791
v 2596.181 1189.642 -132.746
v 2596.181 1189.598 -131.850
v 2596.181 1189.598 -132.150
f 4794 4795 4796
v 2596.181 1189.613 -132.448
f 4794 4796 4797
v 2596.181 1189.820 -133.625
v 2596.181 1189.687 -130.958
f 4798 4793 4799
v 2596.181 1189.642 -131.254
f 4798 4799 4800
v 2596.181 1189.613 -131.552
f 4798 4800 4801
f 4798 4801 4795
v 2596.181 1189.687 -133.042
f 4798 4794 4802
v 2596.181 1189.746 -133.335
f 4798 4802 4803
f 4798 4795 4794
v 2596.181 1189.908 -133.911
f 4804 4793 4798
f 4804 4788 4793
v 2596.181 1190.127 -134.468
f 4805 4788 4804
v 2596.181 1190.011 -134.192
f 4805 4804 4806
v 2596.181 1190.400 -135.000
v 2596.181 1190.257 -134.737
f 4807 4805 4808
v 2596.181 1190.556 -135.255
f 4809 4805 4807
v 2596.181 1198.976 -127.043
v 2596.181 1198.724 -126.880
v 2596.181 1198.465 -126.731
f 4810 4811 4812
v 2596.181 1190.724 -135.502
f 4813 4805 4809
f 4813 4788 4805
f 4813 4789 4788
v 2596.181 1191.097 -135.970
v 2596.181 1191.301 -127.811
f 4814 4784 4815
v 2596.181 1191.097 -128.030
f 4814 4815 4816
v 2596.181 1190.905 -128.259
f 4814 4816 4817
f 4814 4817 4789
v 2596.181 1190.905 -135.741
f 4814 4813 4818
f 4814 4789 4813
v 2596.181 1191.515 -136.398
v 2596.181 1191.301 -136.189
f 4819 4814 4820
v 2596.181 1191.739 -136.596
f 4821 4814 4819
f 4821 4784 4814
v 2596.181 1191.973 -136.783
v 2596.181 1192.216 -127.043
f 4822 4823 4782
f 4822 4782 4784
f 4822 4784 4821
v 2596.181 1192.216 -136.957
f 4824 4823 4822
v 2596.181 1200.792 -129.000
v 2596.181 1200.636 -128.745
v 2596.181 1200.467 -128.498
f 4825 4826 4827
v 2596.181 1192.726 -137.269
v 2596.181 1192.467 -126.880
f 4828 4829 4823
f 4828 4823 4824
v 2596.181 1192.467 -137.120
f 4828 4824 4830
v 2596.181 1192.993 -137.406
v 2596.181 1193.265 -126.471
v 2596.181 1192.993 -126.594
f 4831 4832 4833
v 2596.181 1192.726 -126.731
f 4831 4833 4834
f 4831 4834 4829
f 4831 4829 4828
v 2596.181 1201.065 -129.532
v 2596.181 1200.935 -129.263
f 4835 4836 4825
f 4835 4825 4827
v 2596.181 1193.265 -137.529
v 2596.181 1193.544 -126.362
f 4837 4838 4832
f 4837 4832 4831
v 2596.181 1201.181 -129.808
f 4839 4835 4827
v 2596.181 1201.283 -130.089
f 4840 4839 4827
v 2596.181 1194.115 -137.814
v 2596.181 1194.115 -126.186
v 2596.181 1193.827 -126.267
f 4841 4842 4843
f 4841 4843 4838
f 4841 4838 4837
v 2596.181 1193.544 -137.638
f 4841 4837 4844
v 2596.181 1193.827 -137.733
f 4841 4844 4845
v 2596.181 1201.505 -130.958
v 2596.181 1201.445 -130.665
v 2596.181 1201.372 -130.375
f 4846 4847 4848
v 2596.181 1194.702 -137.933
v 2596.181 1194.407 -137.881
f 4849 4841 4850
f 4849 4842 4841
v 2596.181 1194.998 -137.970
v 2596.181 1194.702 -126.067
v 2596.181 1194.407 -126.119
f 4851 4852 4853
f 4851 4853 4842
f 4851 4842 4849
v 2596.181 1195.297 -137.993
v 2596.181 1195.297 -126.007
v 2596.181 1194.998 -126.030
f 4854 4855 4856
f 4854 4856 4852
f 4854 4852 4851
v 2596.181 1195.596 -138.000
v 2596.181 1195.596 -126.000
f 4857 4858 4855
v 2596.181 1195.895 -126.007
f 4857 4859 4858
f 4857 4855 4854
v 2596.181 1201.579 -132.448
v 2596.181 1201.594 -132.150
v 2596.181 1201.594 -131.850
f 4860 4861 4862
v 2596.181 1201.579 -131.552
f 4860 4862 4863
v 2596.181 1196.193 -137.970
v 2596.181 1195.895 -137.993
f 4864 4857 4865
v 2596.181 1201.549 -132.746
f 4866 4860 4863
v 2596.181 1201.549 -131.254
f 4866 4863 4867
f 4866 4867 4846
v 2596.181 1196.490 -137.933
f 4868 4857 4864
f 4868 4859 4857
v 2596.181 1196.193 -126.030
f 4868 4869 4859
v 2596.181 1201.505 -133.042
f 4870 4866 4846
v 2596.181 1196.785 -137.881
v 2596.181 1196.785 -126.119
v 2596.181 1196.490 -126.067
f 4871 4872 4873
f 4871 4873 4869
f 4871 4869 4868
v 2596.181 1201.445 -133.335
f 4874 4870 4846
v 2596.181 1197.076 -137.814
f 4875 4872 4871
v 2596.181 1197.076 -126.186
f 4875 4876 4872
v 2596.181 1197.648 -137.638
v 2596.181 1197.364 -126.267
f 4877 4878 4876
f 4877 4876 4875
v 2596.181 1197.364 -137.733
f 4877 4875 4879
v 2596.181 1201.181 -134.192
v 2596.181 1201.283 -133.911
v 2596.181 1201.372 -133.625
f 4880 4881 4882
f 4880 4882 4874
v 2596.181 1198.199 -137.406
v 2596.181 1198.199 -126.594
v 2596.181 1197.926 -126.471
f 4883 4884 4885
v 2596.181 1197.648 -126.362
f 4883 4885 4886
f 4883 4886 4878
f 4883 4878 4877
v 2596.181 1197.926 -137.529
f 4883 4877 4887
v 2596.181 1200.935 -134.737
f 4888 4846 4848
f 4888 4848 4840
f 4888 4880 4874
f 4888 4874 4846
v 2596.181 1201.065 -134.468
f 4888 4889 4880
v 2596.181 1198.465 -137.269
f 4890 4812 4884
f 4890 4884 4883
v 2596.181 1200.792 -135.000
f 4891 4888 4840
v 2596.181 1198.976 -136.957
f 4892 4810 4812
v 2596.181 1199.219 -127.217
f 4892 4893 4810
f 4892 4812 4890
v 2596.181 1198.724 -137.120
f 4892 4890 4894
v 2596.181 1200.287 -135.741
v 2596.181 1200.467 -135.502
v 2596.181 1200.636 -135.255
f 4895 4896 4897
v 2596.181 1199.453 -136.596
v 2596.181 1199.677 -127.602
v 2596.181 1199.453 -127.404
f 4898 4899 4900
f 4898 4900 4893
f 4898 4893 4892
v 2596.181 1199.219 -136.783
f 4898 4892 4901
v 2596.181 1200.095 -135.970
f 4902 4891 4840
f 4902 4895 4897
f 4902 4897 4891
v 2596.181 1199.891 -136.189
v 2596.181 1200.287 -128.259
f 4903 4827 4904
v 2596.181 1200.095 -128.030
f 4903 4904 4905
v 2596.181 1199.891 -127.811
f 4903 4905 4906
f 4903 4906 4899
f 4903 4899 4898
f 4903 4902 4840
v 2596.181 1199.677 -136.398
f 4903 4898 4907
f 4903 4840 4827
v 2581.181 1191.301 -127.811
v 2581.181 1190.905 -128.259
v 2581.181 1191.097 -128.030
f 4908 4909 4910
v 2581.181 1190.724 -128.498
v 2581.181 1190.400 -129.000
v 2581.181 1190.556 -128.745
f 4911 4912 4913
f 4909 4912 4911
v 2581.181 1190.127 -129.532
v 2581.181 1189.908 -130.089
v 2581.181 1190.011 -129.808
f 4914 4915 4916
v 2581.181 1189.820 -130.375
v 2581.181 1189.687 -130.958
v 2581.181 1189.746 -130.665
f 4917 4918 4919
v 2581.181 1189.598 -131.850
f 4917 4920 4918
v 2581.181 1189.642 -131.254
v 2581.181 1189.613 -131.552
f 4921 4920 4922
f 4918 4920 4921
v 2581.181 1189.613 -132.448
v 2581.181 1189.598 -132.150
f 4920 4923 4924
v 2581.181 1189.687 -133.042
v 2581.181 1189.642 -132.746
f 4923 4925 4926
v 2581.181 1189.746 -133.335
f 4923 4927 4925
v 2581.181 1189.908 -133.911
f 4923 4928 4927
v 2581.181 1189.820 -133.625
f 4927 4928 4929
v 2581.181 1190.257 -134.737
f 4915 4930 4917
v 2581.181 1190.257 -129.263
f 4931 4930 4914
f 4912 4930 4931
f 4923 4930 4928
f 4914 4930 4915
v 2581.181 1190.011 -134.192
v 2581.181 1190.127 -134.468
f 4932 4930 4933
f 4928 4930 4932
f 4917 4930 4920
f 4920 4930 4923
v 2581.181 1190.556 -135.255
v 2581.181 1190.400 -135.000
f 4930 4934 4935
v 2581.181 1190.724 -135.502
f 4930 4936 4934
f 4912 4936 4930
f 4909 4936 4912
v 2581.181 1190.905 -135.741
f 4909 4937 4936
v 2581.181 1191.301 -136.189
v 2581.181 1191.097 -135.970
f 4937 4938 4939
v 2581.181 1191.515 -136.398
f 4937 4940 4938
v 2581.181 1191.515 -127.602
v 2581.181 1191.739 -136.596
f 4941 4942 4908
f 4908 4942 4909
f 4909 4942 4937
f 4937 4942 4940
v 2581.181 1199.891 -127.811
v 2581.181 1200.287 -128.259
v 2581.181 1199.677 -127.602
f 4943 4944 4945
v 2581.181 1200.095 -128.030
f 4946 4944 4943
v 2581.181 1191.739 -127.404
v 2581.181 1191.973 -136.783
f 4947 4948 4941
f 4941 4948 4942
v 2581.181 1191.973 -127.217
v 2581.181 1192.216 -136.957
f 4949 4950 4947
v 2581.181 1192.216 -127.043
f 4951 4950 4949
v 2581.181 1192.467 -126.880
f 4952 4950 4951
f 4947 4950 4948
v 2581.181 1200.792 -129.000
v 2581.181 1200.935 -129.263
v 2581.181 1200.636 -128.745
f 4953 4954 4955
v 2581.181 1192.726 -126.731
v 2581.181 1192.993 -137.406
f 4956 4957 4952
v 2581.181 1192.993 -126.594
f 4958 4957 4956
v 2581.181 1193.265 -126.471
f 4959 4957 4958
v 2581.181 1192.467 -137.120
v 2581.181 1192.726 -137.269
f 4960 4957 4961
f 4950 4957 4960
f 4952 4957 4950
v 2581.181 1201.065 -129.532
v 2581.181 1200.467 -128.498
f 4955 4962 4963
f 4954 4962 4955
v 2581.181 1201.181 -129.808
f 4962 4964 4963
v 2581.181 1193.544 -126.362
v 2581.181 1193.544 -137.638
f 4965 4966 4959
v 2581.181 1193.827 -126.267
f 4967 4966 4965
f 4959 4966 4957
v 2581.181 1193.265 -137.529
f 4957 4966 4968
v 2581.181 1194.115 -126.186
v 2581.181 1194.407 -137.881
f 4969 4970 4967
f 4967 4970 4966
v 2581.181 1193.827 -137.733
v 2581.181 1194.115 -137.814
f 4971 4970 4972
f 4966 4970 4971
v 2581.181 1201.445 -130.665
v 2581.181 1201.505 -130.958
v 2581.181 1201.372 -130.375
f 4973 4974 4975
v 2581.181 1194.407 -126.119
v 2581.181 1194.702 -137.933
f 4976 4977 4969
v 2581.181 1194.702 -126.067
f 4978 4977 4976
f 4969 4977 4970
v 2581.181 1201.549 -131.254
v 2581.181 1201.283 -130.089
f 4975 4979 4980
f 4974 4979 4975
v 2581.181 1194.998 -126.030
v 2581.181 1194.998 -137.970
f 4981 4982 4978
v 2581.181 1195.297 -126.007
f 4983 4982 4981
f 4978 4982 4977
v 2581.181 1201.594 -131.850
f 4979 4984 4980
v 2581.181 1201.579 -131.552
f 4985 4984 4979
v 2581.181 1195.596 -138.000
f 4983 4986 4982
v 2581.181 1195.297 -137.993
f 4982 4986 4987
v 2581.181 1195.895 -126.007
v 2581.181 1195.895 -137.993
v 2581.181 1195.596 -126.000
f 4988 4989 4990
f 4983 4989 4986
f 4990 4989 4983
v 2581.181 1196.193 -126.030
v 2581.181 1196.193 -137.970
f 4991 4992 4988
f 4988 4992 4989
v 2581.181 1201.579 -132.448
v 2581.181 1201.549 -132.746
v 2581.181 1201.594 -132.150
f 4993 4994 4995
v 2581.181 1201.505 -133.042
f 4994 4996 4995
f 4995 4996 4984
v 2581.181 1196.785 -137.881
f 4991 4997 4992
v 2581.181 1196.490 -137.933
f 4992 4997 4998
v 2581.181 1201.445 -133.335
f 4996 4999 4984
v 2581.181 1196.490 -126.067
v 2581.181 1197.076 -137.814
f 5000 5001 4991
v 2581.181 1196.785 -126.119
f 5002 5001 5000
v 2581.181 1197.076 -126.186
f 5003 5001 5002
f 4991 5001 4997
v 2581.181 1201.372 -133.625
f 4984 5004 4980
f 4999 5004 4984
v 2581.181 1197.364 -126.267
v 2581.181 1197.364 -137.733
f 5005 5006 5003
f 5003 5006 5001
v 2581.181 1201.283 -133.911
f 5004 5007 4980
v 2581.181 1197.648 -137.638
f 5005 5008 5006
v 2581.181 1197.648 -126.362
v 2581.181 1197.926 -137.529
f 5009 5010 5005
f 5005 5010 5008
v 2581.181 1197.926 -126.471
v 2581.181 1198.199 -137.406
f 5011 5012 5009
v 2581.181 1198.199 -126.594
f 5013 5012 5011
v 2581.181 1198.465 -126.731
f 5014 5012 5013
f 5009 5012 5010
v 2581.181 1200.935 -134.737
f 5007 5015 4980
f 4980 5015 4964
v 2581.181 1201.181 -134.192
f 5016 5015 5007
v 2581.181 1201.065 -134.468
f 5017 5015 5016
v 2581.181 1198.724 -126.880
v 2581.181 1198.724 -137.120
f 5018 5019 5014
v 2581.181 1198.976 -127.043
f 5020 5019 5018
v 2581.181 1198.465 -137.269
f 5012 5019 5021
f 5014 5019 5012
v 2581.181 1200.792 -135.000
v 2581.181 1200.636 -135.255
f 5022 5023 5015
f 5015 5023 4964
f 4964 5023 4963
v 2581.181 1198.976 -136.957
f 5020 5024 5019
v 2581.181 1200.467 -135.502
f 5023 5025 4963
v 2581.181 1199.219 -127.217
v 2581.181 1199.453 -136.596
f 5026 5027 5020
v 2581.181 1199.453 -127.404
f 5028 5027 5026
f 4945 5027 5028
v 2581.181 1199.219 -136.783
f 5024 5027 5029
f 5020 5027 5024
v 2581.181 1200.095 -135.970
f 4963 5030 4944
v 2581.181 1200.287 -135.741
f 5031 5030 5025
f 5025 5030 4963
f 4944 5030 4945
v 2581.181 1199.891 -136.189
v 2581.181 1199.677 -136.398
f 5027 5032 5033
f 5030 5032 4945
f 4945 5032 5027
o main_23
v 2581.181 1195.596 -120.000
v 2581.181 1205.988 -126.000
v 2576.181 1205.988 -126.000
f 5034 5035 5036
v 2576.181 1195.596 -120.000
f 5034 5036 5037
v 2581.181 1185.204 -126.000
f 5038 5034 5037
v 2576.181 1185.204 -126.000
f 5038 5037 5039
v 2576.181 1185.204 -138.000
v 2581.181 1185.204 -138.000
f 5040 5041 5038
f 5040 5038 5039
v 2581.181 1195.596 -144.000
f 5042 5041 5040
v 2576.181 1195.596 -144.000
f 5042 5040 5043
v 2581.181 1205.988 -138.000
f 5044 5042 5043
v 2576.181 1205.988 -138.000
f 5044 5043 5045
f 5044 5045 5036
f 5044 5036 5035
f 5042 5034 5038
f 5042 5038 5041
f 5044 5035 5034
f 5044 5034 5042
f 5037 5043 5040
f 5037 5040 5039
f 5036 5045 5043
f 5036 5043 5037
o main_24
v 2595.758 1200.934 -131.986
v 2596.905 1201.596 -132.024
v 2595.758 1202.258 -131.986
f 5046 5047 5048
o main_25
v 2439.844 1156.485 168.546
v 2439.844 1157.021 168.181
v 2439.844 1156.757 168.371
f 5049 5050 5051
v 2439.844 1159.353 164.760
v 2439.844 1159.257 165.070
v 2439.844 1159.147 165.375
f 5052 5053 5054
v 2439.844 1159.021 165.673
f 5052 5054 5055
v 2439.844 1159.545 163.808
v 2439.844 1159.497 164.129
v 2439.844 1159.433 164.446
f 5056 5057 5058
f 5056 5058 5052
v 2439.844 1159.594 163.162
v 2439.844 1159.578 163.486
f 5059 5060 5056
v 2439.844 1159.578 162.514
f 5061 5056 5052
f 5061 5059 5056
v 2439.844 1159.594 162.838
f 5061 5062 5059
v 2439.844 1159.497 161.871
v 2439.844 1159.545 162.192
f 5063 5064 5061
v 2439.844 1159.433 161.554
f 5065 5063 5061
v 2439.844 1159.257 160.930
f 5066 5065 5061
v 2439.844 1159.353 161.240
f 5066 5067 5065
f 5066 5061 5052
v 2439.844 1159.021 160.327
f 5068 5066 5052
f 5068 5052 5055
v 2439.844 1159.147 160.625
f 5068 5069 5066
v 2439.844 1158.556 159.473
v 2439.844 1158.880 165.965
f 5070 5055 5071
v 2439.844 1158.725 166.250
f 5070 5071 5072
f 5070 5068 5055
v 2439.844 1158.725 159.750
v 2439.844 1158.880 160.035
f 5070 5073 5074
f 5070 5074 5068
v 2439.844 1158.373 159.206
v 2439.844 1158.556 166.527
f 5075 5072 5076
v 2439.844 1158.373 166.794
f 5075 5076 5077
f 5075 5070 5072
v 2439.844 1149.171 168.181
v 2439.844 1149.706 168.546
v 2439.844 1149.434 168.371
f 5078 5079 5080
v 2439.844 1158.178 158.947
v 2439.844 1158.178 167.053
f 5081 5077 5082
f 5081 5075 5077
v 2439.844 1157.749 158.461
v 2439.844 1157.969 158.699
f 5083 5084 5081
f 5083 5081 5082
v 2439.844 1148.443 167.539
v 2439.844 1148.918 167.979
v 2439.844 1148.675 167.765
f 5085 5086 5087
v 2439.844 1157.517 158.235
v 2439.844 1157.969 167.301
f 5088 5082 5089
v 2439.844 1157.749 167.539
f 5088 5089 5090
v 2439.844 1157.517 167.765
f 5088 5090 5091
v 2439.844 1157.274 167.979
f 5088 5091 5092
f 5088 5083 5082
v 2439.844 1148.222 167.301
f 5093 5086 5085
v 2439.844 1148.014 167.053
f 5094 5086 5093
v 2439.844 1157.021 157.819
f 5095 5092 5050
f 5095 5088 5092
v 2439.844 1157.274 158.021
f 5095 5096 5088
v 2439.844 1147.636 166.527
v 2439.844 1147.818 166.794
f 5097 5094 5098
v 2439.844 1156.485 157.454
f 5099 5095 5050
f 5099 5050 5049
v 2439.844 1156.757 157.629
f 5099 5100 5095
v 2439.844 1156.204 157.292
v 2439.844 1156.204 168.708
f 5101 5049 5102
v 2439.844 1155.916 168.856
f 5101 5102 5103
f 5101 5099 5049
v 2439.844 1147.312 165.965
v 2439.844 1147.467 166.250
f 5104 5097 5105
f 5104 5094 5097
v 2439.844 1155.621 157.010
v 2439.844 1155.621 168.990
f 5106 5103 5107
v 2439.844 1155.319 169.108
f 5106 5107 5108
f 5106 5101 5103
v 2439.844 1155.916 157.144
f 5106 5109 5101
v 2439.844 1155.012 156.789
v 2439.844 1155.012 169.211
f 5110 5108 5111
v 2439.844 1155.319 156.892
f 5110 5112 5106
f 5110 5106 5108
v 2439.844 1154.700 156.701
f 5113 5110 5111
v 2439.844 1154.700 169.299
f 5113 5111 5114
v 2439.844 1154.384 169.371
f 5113 5114 5115
v 2439.844 1146.759 164.446
v 2439.844 1147.045 165.375
v 2439.844 1146.934 165.070
f 5116 5117 5118
v 2439.844 1146.839 164.760
f 5116 5118 5119
v 2439.844 1146.695 164.129
v 2439.844 1147.171 165.673
f 5120 5104 5121
f 5120 5121 5117
f 5120 5117 5116
v 2439.844 1154.065 156.573
v 2439.844 1154.065 169.427
f 5122 5115 5123
v 2439.844 1154.384 156.629
f 5122 5124 5113
f 5122 5113 5115
v 2439.844 1146.646 163.808
f 5125 5104 5120
v 2439.844 1153.743 156.532
v 2439.844 1153.743 169.468
f 5126 5123 5127
f 5126 5122 5123
v 2439.844 1153.420 156.508
v 2439.844 1153.420 169.492
f 5128 5127 5129
v 2439.844 1153.096 169.500
f 5128 5129 5130
f 5128 5126 5127
v 2439.844 1146.598 163.162
f 5131 5104 5125
v 2439.844 1146.614 163.486
f 5131 5125 5132
v 2439.844 1153.096 156.500
v 2439.844 1152.772 169.492
f 5133 5130 5134
f 5133 5128 5130
v 2439.844 1152.772 156.508
f 5135 5133 5134
v 2439.844 1146.614 162.514
f 5136 5104 5131
v 2439.844 1146.598 162.838
f 5136 5131 5137
v 2439.844 1146.646 162.192
f 5138 5104 5136
v 2439.844 1152.127 156.573
v 2439.844 1152.449 169.468
f 5139 5134 5140
f 5139 5135 5134
v 2439.844 1152.449 156.532
f 5139 5141 5135
v 2439.844 1146.695 161.871
f 5142 5104 5138
v 2439.844 1146.759 161.554
f 5143 5104 5142
v 2439.844 1151.492 156.701
v 2439.844 1152.127 169.427
f 5144 5140 5145
v 2439.844 1151.808 169.371
f 5144 5145 5146
v 2439.844 1151.492 169.299
f 5144 5146 5147
v 2439.844 1151.808 156.629
f 5144 5148 5139
f 5144 5139 5140
v 2439.844 1151.180 156.789
v 2439.844 1151.180 169.211
f 5149 5147 5150
v 2439.844 1150.873 169.108
f 5149 5150 5151
v 2439.844 1150.571 168.990
f 5149 5151 5152
f 5149 5144 5147
v 2439.844 1150.873 156.892
f 5153 5149 5152
v 2439.844 1147.045 160.625
v 2439.844 1146.839 161.240
f 5154 5143 5155
v 2439.844 1146.934 160.930
f 5154 5155 5156
v 2439.844 1150.276 157.144
f 5157 5153 5152
v 2439.844 1150.571 157.010
f 5157 5158 5153
v 2439.844 1147.312 160.035
v 2439.844 1147.171 160.327
f 5159 5154 5160
f 5159 5143 5154
v 2439.844 1149.987 157.292
v 2439.844 1150.276 168.856
f 5161 5152 5162
v 2439.844 1149.987 168.708
f 5161 5162 5163
f 5161 5157 5152
v 2439.844 1147.467 159.750
f 5164 5104 5143
f 5164 5143 5159
f 5164 5094 5104
v 2439.844 1147.636 159.473
f 5165 5094 5164
v 2439.844 1149.434 157.629
f 5166 5161 5163
v 2439.844 1149.706 157.454
f 5166 5167 5161
v 2439.844 1149.171 157.819
f 5168 5163 5079
f 5168 5166 5163
f 5168 5079 5078
v 2439.844 1148.014 158.947
v 2439.844 1147.818 159.206
f 5169 5165 5170
v 2439.844 1148.675 158.235
f 5171 5078 5086
v 2439.844 1148.918 158.021
f 5171 5172 5168
f 5171 5168 5078
f 5171 5086 5094
v 2439.844 1148.443 158.461
v 2439.844 1148.222 158.699
f 5173 5169 5174
f 5173 5094 5165
f 5173 5171 5094
f 5173 5165 5169
v 2439.844 1161.809 157.392
v 2436.844 1161.809 157.392
v 2436.844 1161.851 157.418
f 5175 5176 5177
v 2439.844 1161.851 157.418
v 2436.844 1161.893 157.446
f 5178 5177 5179
f 5178 5175 5177
v 2439.844 1161.893 157.446
v 2436.844 1161.932 157.476
f 5180 5179 5181
f 5180 5178 5179
v 2439.844 1161.932 157.476
v 2436.844 1161.971 157.508
f 5182 5181 5183
f 5182 5180 5181
v 2439.844 1161.971 157.508
v 2436.844 1162.007 157.542
f 5184 5183 5185
f 5184 5182 5183
v 2439.844 1162.007 157.542
v 2436.844 1162.042 157.578
f 5186 5185 5187
f 5186 5184 5185
v 2439.844 1162.042 157.578
v 2436.844 1162.075 157.615
f 5188 5187 5189
f 5188 5186 5187
v 2439.844 1162.075 157.615
v 2436.844 1162.106 157.654
f 5190 5189 5191
f 5190 5188 5189
v 2439.844 1162.106 157.654
v 2436.844 1162.135 157.695
f 5192 5191 5193
f 5192 5190 5191
v 2439.844 1162.135 157.695
v 2436.844 1162.162 157.737
f 5194 5193 5195
f 5194 5192 5193
v 2439.844 1162.162 157.737
v 2436.844 1162.187 157.780
f 5196 5195 5197
f 5196 5194 5195
v 2439.844 1162.187 157.780
v 2436.844 1162.210 157.824
f 5198 5197 5199
f 5198 5196 5197
v 2439.844 1162.210 157.824
v 2436.844 1162.230 157.870
f 5200 5199 5201
f 5200 5198 5199
v 2439.844 1162.230 157.870
f 5202 5200 5201
v 2436.844 1162.249 157.916
f 5202 5201 5203
v 2439.844 1162.249 157.916
f 5204 5202 5203
v 2436.844 1162.264 157.963
f 5204 5203 5205
v 2439.844 1162.264 157.963
f 5206 5204 5205
v 2436.844 1162.278 158.011
f 5206 5205 5207
v 2439.844 1162.278 158.011
f 5208 5206 5207
v 2436.844 1162.289 158.060
f 5208 5207 5209
v 2439.844 1162.289 158.060
f 5210 5208 5209
v 2436.844 1162.298 158.109
f 5210 5209 5211
v 2439.844 1162.298 158.109
f 5212 5210 5211
v 2436.844 1162.304 158.159
f 5212 5211 5213
v 2439.844 1162.304 158.159
f 5214 5212 5213
v 2436.844 1162.308 158.208
f 5214 5213 5215
v 2439.844 1162.308 158.208
f 5216 5214 5215
v 2436.844 1162.309 158.258
f 5216 5215 5217
v 2439.844 1162.309 158.258
f 5218 5216 5217
v 2439.844 1153.596 152.650
v 2436.844 1153.596 152.650
f 5176 5219 5220
f 5175 5219 5176
v 2439.844 1152.596 152.650
v 2436.844 1152.596 152.650
v 2436.844 1152.640 152.627
f 5221 5222 5223
v 2439.844 1152.640 152.627
v 2436.844 1152.685 152.605
f 5224 5223 5225
f 5224 5221 5223
v 2439.844 1152.685 152.605
v 2436.844 1152.730 152.586
f 5226 5225 5227
f 5226 5224 5225
v 2439.844 1152.730 152.586
v 2436.844 1152.777 152.568
f 5228 5227 5229
f 5228 5226 5227
v 2439.844 1152.777 152.568
v 2436.844 1152.825 152.554
f 5230 5229 5231
f 5230 5228 5229
v 2439.844 1152.825 152.554
v 2436.844 1152.873 152.541
f 5232 5231 5233
f 5232 5230 5231
v 2439.844 1152.873 152.541
v 2436.844 1152.922 152.532
f 5234 5233 5235
f 5234 5232 5233
v 2439.844 1152.922 152.532
v 2436.844 1152.971 152.524
f 5236 5235 5237
f 5236 5234 5235
v 2439.844 1152.971 152.524
v 2436.844 1153.021 152.519
f 5238 5237 5239
f 5238 5236 5237
v 2439.844 1153.021 152.519
v 2436.844 1153.071 152.517
f 5240 5239 5241
f 5240 5238 5239
v 2439.844 1153.071 152.517
v 2436.844 1153.121 152.517
f 5242 5241 5243
f 5242 5240 5241
v 2439.844 1153.121 152.517
v 2436.844 1153.171 152.519
f 5244 5243 5245
f 5244 5242 5243
v 2439.844 1153.171 152.519
v 2436.844 1153.220 152.524
f 5246 5245 5247
f 5246 5244 5245
v 2439.844 1153.220 152.524
f 5248 5246 5247
v 2436.844 1153.269 152.532
f 5248 5247 5249
v 2439.844 1153.269 152.532
f 5250 5248 5249
v 2436.844 1153.318 152.541
f 5250 5249 5251
v 2439.844 1153.318 152.541
f 5252 5250 5251
v 2436.844 1153.367 152.554
f 5252 5251 5253
v 2439.844 1153.367 152.554
f 5254 5252 5253
v 2436.844 1153.414 152.568
f 5254 5253 5255
v 2439.844 1153.414 152.568
f 5256 5254 5255
v 2436.844 1153.461 152.586
f 5256 5255 5257
v 2439.844 1153.461 152.586
f 5258 5256 5257
v 2436.844 1153.507 152.605
f 5258 5257 5259
v 2439.844 1153.507 152.605
f 5260 5258 5259
v 2436.844 1153.552 152.627
f 5260 5259 5261
v 2439.844 1153.552 152.627
f 5262 5260 5261
f 5262 5261 5220
f 5219 5262 5220
v 2439.844 1144.383 157.392
v 2436.844 1144.383 157.392
f 5222 5263 5264
f 5221 5263 5222
v 2439.844 1143.884 158.208
v 2439.844 1143.883 158.258
v 2436.844 1143.883 158.258
f 5265 5266 5267
v 2436.844 1143.884 158.208
f 5265 5267 5268
v 2436.844 1143.888 158.159
f 5265 5268 5269
v 2439.844 1143.888 158.159
v 2436.844 1143.894 158.109
f 5270 5269 5271
f 5270 5265 5269
v 2439.844 1143.894 158.109
v 2436.844 1143.903 158.060
f 5272 5271 5273
f 5272 5270 5271
v 2439.844 1143.903 158.060
v 2436.844 1143.914 158.011
f 5274 5273 5275
f 5274 5272 5273
v 2439.844 1143.914 158.011
v 2436.844 1143.927 157.963
f 5276 5275 5277
f 5276 5274 5275
v 2439.844 1143.927 157.963
v 2436.844 1143.943 157.916
f 5278 5277 5279
f 5278 5276 5277
v 2439.844 1143.943 157.916
v 2436.844 1143.961 157.870
f 5280 5279 5281
f 5280 5278 5279
v 2439.844 1143.961 157.870
v 2436.844 1143.982 157.824
f 5282 5281 5283
f 5282 5280 5281
v 2439.844 1143.982 157.824
v 2436.844 1144.005 157.780
f 5284 5283 5285
f 5284 5282 5283
v 2439.844 1144.005 157.780
v 2436.844 1144.030 157.737
f 5286 5285 5287
f 5286 5284 5285
v 2439.844 1144.030 157.737
v 2436.844 1144.057 157.695
f 5288 5287 5289
f 5288 5286 5287
v 2439.844 1144.057 157.695
v 2436.844 1144.086 157.654
f 5290 5289 5291
f 5290 5288 5289
v 2439.844 1144.086 157.654
f 5292 5290 5291
v 2436.844 1144.117 157.615
f 5292 5291 5293
v 2439.844 1144.117 157.615
f 5294 5292 5293
v 2436.844 1144.150 157.578
f 5294 5293 5295
v 2439.844 1144.150 157.578
f 5296 5294 5295
v 2436.844 1144.185 157.542
f 5296 5295 5297
v 2439.844 1144.185 157.542
f 5298 5296 5297
v 2436.844 1144.221 157.508
f 5298 5297 5299
v 2439.844 1144.221 157.508
f 5300 5298 5299
v 2436.844 1144.259 157.476
f 5300 5299 5301
v 2439.844 1144.259 157.476
f 5302 5300 5301
v 2436.844 1144.299 157.446
f 5302 5301 5303
v 2439.844 1144.299 157.446
f 5304 5302 5303
v 2436.844 1144.340 157.418
f 5304 5303 5305
v 2439.844 1144.340 157.418
f 5306 5304 5305
f 5306 5305 5264
f 5263 5306 5264
v 2439.844 1143.883 167.742
f 5307 5267 5266
v 2436.844 1143.883 167.742
f 5307 5308 5267
v 2439.844 1144.340 168.582
v 2439.844 1144.383 168.608
v 2436.844 1144.383 168.608
f 5309 5310 5311
v 2436.844 1144.340 168.582
f 5309 5311 5312
v 2439.844 1144.299 168.554
v 2436.844 1144.299 168.554
f 5313 5312 5314
f 5313 5309 5312
v 2439.844 1144.259 168.524
v 2436.844 1144.259 168.524
f 5315 5314 5316
f 5315 5313 5314
v 2439.844 1144.221 168.492
v 2436.844 1144.221 168.492
f 5317 5316 5318
f 5317 5315 5316
v 2439.844 1144.185 168.458
v 2436.844 1144.185 168.458
f 5319 5318 5320
f 5319 5317 5318
v 2439.844 1144.150 168.422
v 2436.844 1144.150 168.422
f 5321 5320 5322
f 5321 5319 5320
v 2439.844 1144.117 168.385
v 2436.844 1144.117 168.385
f 5323 5322 5324
f 5323 5321 5322
v 2439.844 1144.086 168.346
v 2436.844 1144.086 168.346
f 5325 5324 5326
f 5325 5323 5324
v 2439.844 1144.057 168.305
v 2436.844 1144.057 168.305
f 5327 5326 5328
f 5327 5325 5326
v 2439.844 1144.030 168.263
v 2436.844 1144.030 168.263
f 5329 5328 5330
f 5329 5327 5328
v 2439.844 1144.005 168.220
v 2436.844 1144.005 168.220
f 5331 5330 5332
f 5331 5329 5330
v 2439.844 1143.982 168.176
v 2436.844 1143.982 168.176
f 5333 5332 5334
f 5333 5331 5332
v 2439.844 1143.961 168.130
f 5335 5333 5334
v 2436.844 1143.961 168.130
f 5335 5334 5336
v 2439.844 1143.943 168.084
f 5337 5335 5336
v 2436.844 1143.943 168.084
f 5337 5336 5338
v 2439.844 1143.927 168.037
f 5339 5337 5338
v 2436.844 1143.927 168.037
f 5339 5338 5340
v 2439.844 1143.914 167.989
f 5341 5339 5340
v 2436.844 1143.914 167.989
f 5341 5340 5342
v 2439.844 1143.903 167.940
f 5343 5341 5342
v 2436.844 1143.903 167.940
f 5343 5342 5344
v 2439.844 1143.894 167.891
f 5345 5343 5344
v 2436.844 1143.894 167.891
f 5345 5344 5346
v 2439.844 1143.888 167.841
f 5347 5345 5346
v 2436.844 1143.888 167.841
f 5347 5346 5348
v 2439.844 1143.884 167.792
f 5349 5347 5348
v 2436.844 1143.884 167.792
f 5349 5348 5350
f 5307 5349 5350
f 5307 5350 5308
v 2439.844 1152.596 173.350
v 2436.844 1152.596 173.350
f 5310 5351 5352
f 5310 5352 5311
v 2436.844 1162.309 167.742
v 2439.844 1162.309 167.742
f 5353 5354 5218
f 5353 5218 5217
v 2439.844 1162.308 167.792
f 5355 5354 5353
v 2436.844 1162.308 167.792
f 5355 5353 5356
v 2439.844 1162.304 167.841
v 2436.844 1162.304 167.841
f 5357 5356 5358
f 5357 5355 5356
v 2439.844 1162.298 167.891
v 2436.844 1162.298 167.891
f 5359 5358 5360
f 5359 5357 5358
v 2439.844 1162.289 167.940
v 2436.844 1162.289 167.940
f 5361 5360 5362
f 5361 5359 5360
v 2439.844 1162.278 167.989
v 2436.844 1162.278 167.989
f 5363 5362 5364
f 5363 5361 5362
v 2439.844 1162.264 168.037
v 2436.844 1162.264 168.037
f 5365 5364 5366
f 5365 5363 5364
v 2439.844 1162.249 168.084
v 2436.844 1162.249 168.084
f 5367 5366 5368
f 5367 5365 5366
v 2439.844 1162.230 168.130
v 2436.844 1162.230 168.130
f 5369 5368 5370
f 5369 5367 5368
v 2439.844 1162.210 168.176
v 2436.844 1162.210 168.176
f 5371 5370 5372
f 5371 5369 5370
v 2439.844 1162.187 168.220
v 2436.844 1162.187 168.220
f 5373 5372 5374
f 5373 5371 5372
v 2439.844 1162.162 168.263
v 2436.844 1162.162 168.263
f 5375 5374 5376
f 5375 5373 5374
v 2439.844 1162.135 168.305
v 2436.844 1162.135 168.305
f 5377 5376 5378
f 5377 5375 5376
v 2439.844 1162.106 168.346
f 5379 5377 5378
v 2436.844 1162.106 168.346
f 5379 5378 5380
v 2439.844 1162.075 168.385
f 5381 5379 5380
v 2436.844 1162.075 168.385
f 5381 5380 5382
v 2439.844 1162.042 168.422
f 5383 5381 5382
v 2436.844 1162.042 168.422
f 5383 5382 5384
v 2439.844 1162.007 168.458
f 5385 5383 5384
v 2436.844 1162.007 168.458
f 5385 5384 5386
v 2439.844 1161.971 168.492
f 5387 5385 5386
v 2436.844 1161.971 168.492
f 5387 5386 5388
v 2439.844 1161.932 168.524
f 5389 5387 5388
v 2436.844 1161.932 168.524
f 5389 5388 5390
v 2439.844 1161.893 168.554
f 5391 5389 5390
v 2436.844 1161.893 168.554
f 5391 5390 5392
v 2439.844 1161.851 168.582
f 5393 5391 5392
v 2436.844 1161.851 168.582
f 5393 5392 5394
v 2439.844 1161.809 168.608
f 5395 5393 5394
v 2436.844 1161.809 168.608
f 5395 5394 5396
v 2439.844 1153.596 173.350
f 5397 5395 5396
v 2436.844 1153.596 173.350
f 5397 5396 5398
v 2436.844 1157.517 158.235
v 2436.844 1157.969 158.699
v 2436.844 1157.749 158.461
f 5399 5400 5401
v 2436.844 1158.373 159.206
v 2436.844 1158.178 158.947
f 5400 5402 5403
v 2436.844 1158.556 159.473
v 2436.844 1158.880 160.035
v 2436.844 1158.725 159.750
f 5404 5405 5406
v 2436.844 1159.021 160.327
f 5404 5407 5405
v 2436.844 1159.257 160.930
v 2436.844 1159.433 161.554
v 2436.844 1159.353 161.240
f 5408 5409 5410
v 2436.844 1159.147 160.625
f 5411 5409 5408
f 5407 5409 5411
v 2436.844 1159.545 162.192
v 2436.844 1159.497 161.871
f 5409 5412 5413
v 2436.844 1159.578 162.514
v 2436.844 1159.594 163.162
v 2436.844 1159.594 162.838
f 5414 5415 5416
f 5412 5415 5414
v 2436.844 1159.545 163.808
v 2436.844 1159.578 163.486
f 5415 5417 5418
v 2436.844 1159.497 164.129
f 5415 5419 5417
v 2436.844 1159.433 164.446
f 5415 5420 5419
f 5407 5420 5409
f 5409 5420 5412
f 5412 5420 5415
v 2436.844 1159.257 165.070
v 2436.844 1159.353 164.760
f 5420 5421 5422
v 2436.844 1159.147 165.375
f 5407 5423 5420
f 5420 5423 5421
v 2436.844 1159.021 165.673
f 5407 5424 5423
v 2436.844 1158.880 165.965
f 5407 5425 5424
v 2436.844 1158.725 166.250
f 5407 5426 5425
f 5404 5426 5407
v 2436.844 1149.987 157.292
v 2436.844 1149.706 157.454
v 2436.844 1150.276 157.144
f 5427 5428 5429
v 2436.844 1158.373 166.794
v 2436.844 1158.556 166.527
f 5426 5430 5431
f 5402 5430 5404
f 5404 5430 5426
v 2436.844 1149.434 157.629
v 2436.844 1149.171 157.819
f 5432 5433 5428
v 2436.844 1158.178 167.053
f 5402 5434 5430
f 5400 5434 5402
v 2436.844 1148.918 158.021
v 2436.844 1148.675 158.235
f 5435 5436 5433
v 2436.844 1157.749 167.539
v 2436.844 1157.969 167.301
f 5434 5437 5438
f 5400 5437 5434
v 2436.844 1157.517 167.765
f 5399 5439 5400
f 5400 5439 5437
v 2436.844 1148.443 158.461
v 2436.844 1148.222 158.699
f 5440 5441 5436
v 2436.844 1148.014 158.947
f 5441 5442 5436
v 2436.844 1157.021 168.181
f 5399 5443 5439
v 2436.844 1157.274 167.979
f 5439 5443 5444
v 2436.844 1157.274 158.021
f 5445 5443 5399
v 2436.844 1157.021 157.819
f 5446 5443 5445
v 2436.844 1156.757 157.629
f 5447 5443 5446
v 2436.844 1156.757 168.371
f 5447 5448 5443
v 2436.844 1156.485 157.454
f 5449 5448 5447
v 2436.844 1147.818 159.206
v 2436.844 1147.636 159.473
f 5450 5451 5442
v 2436.844 1156.204 168.708
v 2436.844 1156.485 168.546
f 5448 5452 5453
v 2436.844 1156.204 157.292
f 5454 5452 5449
f 5449 5452 5448
v 2436.844 1147.312 160.035
f 5451 5455 5442
v 2436.844 1147.467 159.750
f 5456 5455 5451
v 2436.844 1155.916 168.856
f 5454 5457 5452
v 2436.844 1155.916 157.144
v 2436.844 1155.621 168.990
f 5458 5459 5454
v 2436.844 1155.621 157.010
f 5460 5459 5458
v 2436.844 1155.319 156.892
f 5461 5459 5460
f 5454 5459 5457
v 2436.844 1155.319 169.108
f 5461 5462 5459
v 2436.844 1147.171 160.327
v 2436.844 1146.934 160.930
f 5463 5464 5455
v 2436.844 1147.045 160.625
f 5465 5464 5463
v 2436.844 1155.012 156.789
v 2436.844 1155.012 169.211
f 5466 5467 5461
f 5461 5467 5462
v 2436.844 1154.700 156.701
v 2436.844 1154.700 169.299
f 5468 5469 5466
f 5466 5469 5467
v 2436.844 1154.384 156.629
v 2436.844 1154.384 169.371
f 5470 5471 5468
f 5468 5471 5469
v 2436.844 1154.065 156.573
v 2436.844 1154.065 169.427
f 5472 5473 5470
f 5470 5473 5471
v 2436.844 1146.839 161.240
v 2436.844 1146.646 162.192
f 5474 5475 5464
v 2436.844 1146.759 161.554
f 5476 5475 5474
v 2436.844 1146.695 161.871
f 5477 5475 5476
v 2436.844 1153.420 169.492
v 2436.844 1153.743 169.468
f 5473 5478 5479
v 2436.844 1153.743 156.532
f 5480 5478 5472
v 2436.844 1153.420 156.508
f 5481 5478 5480
v 2436.844 1153.096 156.500
f 5482 5478 5481
f 5472 5478 5473
v 2436.844 1153.096 169.500
f 5482 5483 5478
v 2436.844 1152.449 169.468
v 2436.844 1152.772 169.492
f 5483 5484 5485
f 5482 5484 5483
v 2436.844 1152.772 156.508
f 5486 5484 5482
v 2436.844 1152.127 169.427
f 5486 5487 5484
v 2436.844 1152.449 156.532
f 5488 5487 5486
v 2436.844 1152.127 156.573
f 5489 5487 5488
v 2436.844 1151.808 156.629
f 5490 5487 5489
v 2436.844 1146.614 163.486
v 2436.844 1146.695 164.129
v 2436.844 1146.598 163.162
f 5491 5492 5493
v 2436.844 1146.646 163.808
f 5494 5492 5491
v 2436.844 1151.492 156.701
v 2436.844 1151.808 169.371
f 5495 5496 5490
f 5490 5496 5487
v 2436.844 1146.759 164.446
f 5492 5497 5493
v 2436.844 1146.614 162.514
f 5498 5497 5475
v 2436.844 1146.598 162.838
f 5499 5497 5498
f 5493 5497 5499
f 5475 5497 5464
v 2436.844 1151.180 169.211
v 2436.844 1151.492 169.299
f 5496 5500 5501
f 5495 5500 5496
v 2436.844 1151.180 156.789
f 5502 5500 5495
v 2436.844 1146.839 164.760
v 2436.844 1146.934 165.070
f 5503 5504 5497
v 2436.844 1150.873 169.108
f 5502 5505 5500
v 2436.844 1150.873 156.892
f 5506 5505 5502
v 2436.844 1150.571 168.990
f 5506 5507 5505
v 2436.844 1150.571 157.010
f 5508 5507 5506
v 2436.844 1150.276 168.856
f 5508 5509 5507
v 2436.844 1147.045 165.375
v 2436.844 1147.312 165.965
f 5510 5511 5504
v 2436.844 1147.171 165.673
f 5512 5511 5510
f 5497 5511 5464
f 5504 5511 5497
f 5464 5511 5455
v 2436.844 1149.987 168.708
f 5508 5513 5509
f 5429 5513 5508
v 2436.844 1149.706 168.546
f 5428 5514 5429
f 5429 5514 5513
v 2436.844 1147.636 166.527
f 5511 5515 5455
v 2436.844 1147.467 166.250
f 5516 5515 5511
v 2436.844 1149.434 168.371
f 5428 5517 5514
v 2436.844 1149.171 168.181
f 5433 5518 5428
f 5428 5518 5517
v 2436.844 1147.818 166.794
v 2436.844 1148.014 167.053
f 5519 5520 5515
v 2436.844 1148.222 167.301
f 5515 5521 5455
f 5520 5521 5515
f 5455 5521 5442
v 2436.844 1148.675 167.765
v 2436.844 1148.918 167.979
f 5518 5522 5523
f 5436 5522 5433
f 5433 5522 5518
f 5442 5522 5436
f 5521 5522 5442
v 2436.844 1148.443 167.539
f 5521 5524 5522
o main_26
v 2439.844 1239.700 169.299
v 2439.844 1240.319 169.108
v 2439.844 1240.012 169.211
f 5525 5526 5527
v 2439.844 1239.065 169.427
v 2439.844 1239.384 169.371
f 5528 5525 5529
f 5528 5526 5525
v 2439.844 1237.127 169.427
v 2439.844 1237.772 169.492
v 2439.844 1237.449 169.468
f 5530 5531 5532
v 2439.844 1238.096 169.500
f 5530 5533 5531
v 2439.844 1236.808 169.371
f 5534 5533 5530
v 2439.844 1244.433 161.554
v 2439.844 1244.497 161.871
v 2439.844 1244.545 162.192
f 5535 5536 5537
v 2439.844 1236.492 169.299
v 2439.844 1238.420 169.492
f 5538 5539 5533
v 2439.844 1238.743 169.468
f 5538 5540 5539
f 5538 5533 5534
v 2439.844 1235.873 169.108
f 5541 5528 5540
f 5541 5540 5538
v 2439.844 1240.621 168.990
f 5541 5542 5526
v 2439.844 1240.916 168.856
f 5541 5543 5542
v 2439.844 1236.180 169.211
f 5541 5538 5544
f 5541 5526 5528
v 2439.844 1234.987 168.708
v 2439.844 1241.204 168.708
f 5545 5546 5543
v 2439.844 1241.485 168.546
f 5545 5547 5546
v 2439.844 1235.571 168.990
v 2439.844 1235.276 168.856
f 5545 5548 5549
f 5545 5541 5548
f 5545 5543 5541
v 2439.844 1234.171 168.181
v 2439.844 1241.757 168.371
f 5550 5551 5547
v 2439.844 1242.021 168.181
f 5550 5552 5551
v 2439.844 1234.706 168.546
v 2439.844 1234.434 168.371
f 5550 5553 5554
f 5550 5545 5553
f 5550 5547 5545
v 2439.844 1242.969 158.699
v 2439.844 1243.178 158.947
v 2439.844 1243.373 159.206
f 5555 5556 5557
v 2439.844 1233.675 167.765
v 2439.844 1233.918 167.979
f 5558 5550 5559
v 2439.844 1242.274 167.979
f 5558 5560 5552
v 2439.844 1242.517 167.765
f 5558 5561 5560
f 5558 5552 5550
v 2439.844 1233.222 167.301
v 2439.844 1233.443 167.539
f 5562 5558 5563
v 2439.844 1242.749 167.539
f 5562 5564 5561
v 2439.844 1242.969 167.301
f 5562 5565 5564
f 5562 5561 5558
v 2439.844 1233.014 167.053
f 5566 5565 5562
v 2439.844 1232.818 166.794
v 2439.844 1243.178 167.053
f 5567 5568 5565
f 5567 5565 5566
v 2439.844 1232.636 166.527
v 2439.844 1243.373 166.794
f 5569 5570 5568
f 5569 5568 5567
v 2439.844 1232.467 166.250
v 2439.844 1243.556 166.527
f 5571 5572 5570
v 2439.844 1243.725 166.250
f 5571 5573 5572
f 5571 5570 5569
v 2439.844 1232.312 165.965
f 5574 5573 5571
v 2439.844 1232.171 165.673
f 5575 5573 5574
v 2439.844 1243.880 165.965
f 5575 5576 5573
v 2439.844 1244.021 165.673
f 5575 5577 5576
v 2439.844 1244.147 165.375
f 5575 5578 5577
v 2439.844 1244.257 165.070
f 5575 5579 5578
v 2439.844 1240.319 156.892
v 2439.844 1240.621 157.010
v 2439.844 1240.916 157.144
f 5580 5581 5582
v 2439.844 1231.839 164.760
v 2439.844 1232.045 165.375
v 2439.844 1231.934 165.070
f 5583 5584 5585
f 5583 5575 5584
v 2439.844 1244.353 164.760
f 5583 5586 5579
v 2439.844 1244.433 164.446
f 5583 5587 5586
f 5583 5579 5575
v 2439.844 1239.700 156.701
v 2439.844 1240.012 156.789
f 5588 5589 5580
v 2439.844 1231.759 164.446
v 2439.844 1244.497 164.129
f 5590 5591 5587
f 5590 5587 5583
v 2439.844 1239.384 156.629
f 5592 5580 5582
f 5592 5588 5580
v 2439.844 1231.646 163.808
v 2439.844 1244.545 163.808
f 5593 5594 5591
f 5593 5591 5590
v 2439.844 1231.695 164.129
f 5593 5590 5595
v 2439.844 1231.598 163.162
v 2439.844 1244.578 163.486
f 5596 5597 5594
v 2439.844 1244.594 163.162
f 5596 5598 5597
v 2439.844 1244.594 162.838
f 5596 5599 5598
f 5596 5594 5593
v 2439.844 1231.614 163.486
f 5596 5593 5600
v 2439.844 1238.096 156.500
v 2439.844 1238.420 156.508
v 2439.844 1238.743 156.532
f 5601 5602 5603
v 2439.844 1237.772 156.508
f 5604 5601 5603
v 2439.844 1239.065 156.573
f 5604 5605 5592
f 5604 5603 5605
v 2439.844 1231.614 162.514
v 2439.844 1244.578 162.514
f 5606 5607 5599
f 5606 5599 5596
v 2439.844 1231.598 162.838
f 5606 5596 5608
v 2439.844 1237.449 156.532
f 5609 5604 5592
v 2439.844 1231.646 162.192
f 5610 5607 5606
f 5610 5537 5607
v 2439.844 1231.759 161.554
f 5611 5535 5537
f 5611 5537 5610
v 2439.844 1231.695 161.871
f 5611 5610 5612
v 2439.844 1236.180 156.789
f 5613 5592 5582
v 2439.844 1237.127 156.573
f 5613 5614 5609
v 2439.844 1236.808 156.629
f 5613 5615 5614
v 2439.844 1236.492 156.701
f 5613 5616 5615
f 5613 5609 5592
v 2439.844 1231.934 160.930
f 5617 5535 5611
v 2439.844 1244.353 161.240
f 5617 5618 5535
v 2439.844 1244.257 160.930
f 5617 5619 5618
v 2439.844 1244.147 160.625
f 5617 5620 5619
v 2439.844 1231.839 161.240
f 5617 5611 5621
v 2439.844 1232.045 160.625
f 5622 5620 5617
v 2439.844 1244.021 160.327
f 5622 5623 5620
v 2439.844 1235.571 157.010
f 5624 5613 5582
v 2439.844 1235.873 156.892
f 5624 5625 5613
v 2439.844 1232.312 160.035
f 5626 5623 5622
v 2439.844 1243.880 160.035
f 5626 5627 5623
v 2439.844 1243.725 159.750
f 5626 5628 5627
v 2439.844 1232.171 160.327
f 5626 5622 5629
v 2439.844 1234.987 157.292
f 5630 5624 5582
v 2439.844 1241.204 157.292
f 5630 5582 5631
v 2439.844 1235.276 157.144
f 5630 5632 5624
v 2439.844 1234.706 157.454
v 2439.844 1241.485 157.454
v 2439.844 1241.757 157.629
f 5633 5634 5635
f 5633 5631 5634
f 5633 5630 5631
v 2439.844 1232.636 159.473
v 2439.844 1243.556 159.473
f 5636 5637 5628
v 2439.844 1232.467 159.750
f 5636 5626 5638
f 5636 5628 5626
v 2439.844 1234.171 157.819
v 2439.844 1242.021 157.819
f 5639 5635 5640
f 5639 5633 5635
v 2439.844 1234.434 157.629
f 5639 5641 5633
v 2439.844 1233.014 158.947
f 5642 5557 5637
f 5642 5637 5636
v 2439.844 1232.818 159.206
f 5642 5636 5643
v 2439.844 1233.918 158.021
f 5644 5639 5640
v 2439.844 1242.274 158.021
f 5644 5640 5645
v 2439.844 1233.222 158.699
f 5646 5557 5642
v 2439.844 1233.675 158.235
f 5647 5644 5645
v 2439.844 1233.443 158.461
f 5648 5557 5646
v 2439.844 1242.749 158.461
f 5648 5649 5555
f 5648 5555 5557
v 2439.844 1242.517 158.235
f 5648 5650 5649
f 5648 5645 5650
f 5648 5647 5645
v 2436.844 1229.383 157.392
v 2439.844 1229.383 157.392
v 2439.844 1229.340 157.418
f 5651 5652 5653
v 2436.844 1229.340 157.418
f 5654 5651 5653
v 2436.844 1229.299 157.446
v 2439.844 1229.299 157.446
f 5655 5653 5656
f 5655 5654 5653
v 2436.844 1229.259 157.476
v 2439.844 1229.259 157.476
f 5657 5656 5658
f 5657 5655 5656
v 2436.844 1229.221 157.508
v 2439.844 1229.221 157.508
f 5659 5658 5660
f 5659 5657 5658
v 2436.844 1229.185 157.542
v 2439.844 1229.185 157.542
f 5661 5660 5662
f 5661 5659 5660
v 2436.844 1229.150 157.578
v 2439.844 1229.150 157.578
f 5663 5662 5664
f 5663 5661 5662
v 2436.844 1229.117 157.615
v 2439.844 1229.117 157.615
f 5665 5664 5666
f 5665 5663 5664
v 2436.844 1229.086 157.654
v 2439.844 1229.086 157.654
f 5667 5666 5668
f 5667 5665 5666
v 2436.844 1229.057 157.695
v 2439.844 1229.057 157.695
f 5669 5668 5670
f 5669 5667 5668
v 2436.844 1229.030 157.737
v 2439.844 1229.030 157.737
f 5671 5670 5672
f 5671 5669 5670
v 2436.844 1229.005 157.780
v 2439.844 1229.005 157.780
f 5673 5672 5674
f 5673 5671 5672
v 2436.844 1228.982 157.824
v 2439.844 1228.982 157.824
f 5675 5674 5676
f 5675 5673 5674
v 2436.844 1228.961 157.870
f 5677 5675 5676
v 2439.844 1228.961 157.870
f 5677 5676 5678
v 2436.844 1228.943 157.916
f 5679 5677 5678
v 2439.844 1228.943 157.916
f 5679 5678 5680
v 2436.844 1228.927 157.963
v 2439.844 1228.927 157.963
f 5681 5680 5682
f 5681 5679 5680
v 2436.844 1228.914 158.011
f 5683 5681 5682
v 2439.844 1228.914 158.011
f 5683 5682 5684
v 2436.844 1228.903 158.060
v 2439.844 1228.903 158.060
f 5685 5684 5686
f 5685 5683 5684
v 2436.844 1228.894 158.109
v 2439.844 1228.894 158.109
f 5687 5686 5688
f 5687 5685 5686
v 2436.844 1228.888 158.159
v 2439.844 1228.888 158.159
f 5689 5688 5690
f 5689 5687 5688
v 2436.844 1228.884 158.208
v 2439.844 1228.884 158.208
f 5691 5690 5692
f 5691 5689 5690
v 2436.844 1228.883 158.258
v 2439.844 1228.883 158.258
f 5693 5692 5694
f 5693 5691 5692
v 2439.844 1237.596 152.650
f 5695 5652 5651
v 2436.844 1237.596 152.650
f 5695 5651 5696
v 2439.844 1228.883 167.742
v 2436.844 1228.883 167.742
f 5697 5698 5693
f 5697 5693 5694
v 2439.844 1228.884 167.792
f 5698 5697 5699
v 2436.844 1228.884 167.792
f 5700 5698 5699
v 2436.844 1228.888 167.841
v 2439.844 1228.888 167.841
f 5701 5699 5702
f 5701 5700 5699
v 2436.844 1228.894 167.891
v 2439.844 1228.894 167.891
f 5703 5702 5704
f 5703 5701 5702
v 2436.844 1228.903 167.940
v 2439.844 1228.903 167.940
f 5705 5704 5706
f 5705 5703 5704
v 2436.844 1228.914 167.989
v 2439.844 1228.914 167.989
f 5707 5706 5708
f 5707 5705 5706
v 2436.844 1228.927 168.037
v 2439.844 1228.927 168.037
f 5709 5708 5710
f 5709 5707 5708
v 2436.844 1228.943 168.084
v 2439.844 1228.943 168.084
f 5711 5710 5712
f 5711 5709 5710
v 2436.844 1228.961 168.130
v 2439.844 1228.961 168.130
f 5713 5712 5714
f 5713 5711 5712
v 2436.844 1228.982 168.176
v 2439.844 1228.982 168.176
f 5715 5714 5716
f 5715 5713 5714
v 2436.844 1229.005 168.220
v 2439.844 1229.005 168.220
f 5717 5716 5718
f 5717 5715 5716
v 2436.844 1229.030 168.263
v 2439.844 1229.030 168.263
f 5719 5718 5720
f 5719 5717 5718
v 2436.844 1229.057 168.305
v 2439.844 1229.057 168.305
f 5721 5720 5722
f 5721 5719 5720
v 2436.844 1229.086 168.346
f 5723 5721 5722
v 2439.844 1229.086 168.346
f 5723 5722 5724
v 2436.844 1229.117 168.385
f 5725 5723 5724
v 2439.844 1229.117 168.385
f 5725 5724 5726
v 2436.844 1229.150 168.422
v 2439.844 1229.150 168.422
f 5727 5726 5728
f 5727 5725 5726
v 2436.844 1229.185 168.458
f 5729 5727 5728
v 2439.844 1229.185 168.458
f 5729 5728 5730
v 2436.844 1229.221 168.492
v 2439.844 1229.221 168.492
f 5731 5730 5732
f 5731 5729 5730
v 2436.844 1229.259 168.524
v 2439.844 1229.259 168.524
f 5733 5732 5734
f 5733 5731 5732
v 2436.844 1229.299 168.554
v 2439.844 1229.299 168.554
f 5735 5734 5736
f 5735 5733 5734
v 2436.844 1229.340 168.582
v 2439.844 1229.340 168.582
f 5737 5736 5738
f 5737 5735 5736
v 2436.844 1229.383 168.608
v 2439.844 1229.383 168.608
f 5739 5738 5740
f 5739 5737 5738
v 2439.844 1237.596 173.350
v 2436.844 1237.596 173.350
f 5740 5741 5742
f 5740 5742 5739
v 2439.844 1237.640 173.373
f 5742 5741 5743
v 2436.844 1237.640 173.373
v 2439.844 1237.685 173.395
f 5744 5743 5745
f 5744 5742 5743
v 2436.844 1237.685 173.395
v 2439.844 1237.730 173.414
f 5746 5745 5747
f 5746 5744 5745
v 2436.844 1237.730 173.414
v 2439.844 1237.777 173.432
f 5748 5747 5749
f 5748 5746 5747
v 2436.844 1237.777 173.432
v 2439.844 1237.825 173.446
f 5750 5749 5751
f 5750 5748 5749
v 2436.844 1237.825 173.446
v 2439.844 1237.873 173.459
f 5752 5751 5753
f 5752 5750 5751
v 2436.844 1237.873 173.459
v 2439.844 1237.922 173.468
f 5754 5753 5755
f 5754 5752 5753
v 2436.844 1237.922 173.468
v 2439.844 1237.971 173.476
f 5756 5755 5757
f 5756 5754 5755
v 2436.844 1237.971 173.476
v 2439.844 1238.021 173.481
f 5758 5757 5759
f 5758 5756 5757
v 2436.844 1238.021 173.481
v 2439.844 1238.071 173.483
f 5760 5759 5761
f 5760 5758 5759
v 2436.844 1238.071 173.483
v 2439.844 1238.121 173.483
f 5762 5761 5763
f 5762 5760 5761
v 2436.844 1238.121 173.483
f 5764 5762 5763
v 2436.844 1238.171 173.481
v 2439.844 1238.171 173.481
f 5765 5763 5766
f 5765 5764 5763
v 2436.844 1238.220 173.476
f 5767 5765 5766
v 2439.844 1238.220 173.476
f 5767 5766 5768
v 2436.844 1238.269 173.468
f 5769 5767 5768
v 2439.844 1238.269 173.468
f 5769 5768 5770
v 2436.844 1238.318 173.459
v 2439.844 1238.318 173.459
f 5771 5770 5772
f 5771 5769 5770
v 2436.844 1238.367 173.446
f 5773 5771 5772
v 2439.844 1238.367 173.446
f 5773 5772 5774
v 2436.844 1238.414 173.432
v 2439.844 1238.414 173.432
f 5775 5774 5776
f 5775 5773 5774
v 2436.844 1238.461 173.414
v 2439.844 1238.461 173.414
f 5777 5776 5778
f 5777 5775 5776
v 2436.844 1238.507 173.395
v 2439.844 1238.507 173.395
f 5779 5778 5780
f 5779 5777 5778
v 2436.844 1238.552 173.373
v 2439.844 1238.552 173.373
f 5781 5780 5782
f 5781 5779 5780
v 2436.844 1238.596 173.350
v 2439.844 1238.596 173.350
f 5783 5782 5784
f 5783 5781 5782
v 2439.844 1246.809 168.608
v 2436.844 1246.809 168.608
f 5783 5785 5786
f 5784 5785 5783
v 2439.844 1246.851 168.582
f 5786 5785 5787
v 2436.844 1246.851 168.582
v 2439.844 1246.893 168.554
f 5788 5787 5789
f 5788 5786 5787
v 2436.844 1246.893 168.554
v 2439.844 1246.932 168.524
f 5790 5789 5791
f 5790 5788 5789
v 2436.844 1246.932 168.524
v 2439.844 1246.971 168.492
f 5792 5791 5793
f 5792 5790 5791
v 2436.844 1246.971 168.492
v 2439.844 1247.007 168.458
f 5794 5793 5795
f 5794 5792 5793
v 2436.844 1247.007 168.458
v 2439.844 1247.042 168.422
f 5796 5795 5797
f 5796 5794 5795
v 2436.844 1247.042 168.422
v 2439.844 1247.075 168.385
f 5798 5797 5799
f 5798 5796 5797
v 2436.844 1247.075 168.385
v 2439.844 1247.106 168.346
f 5800 5799 5801
f 5800 5798 5799
v 2436.844 1247.106 168.346
v 2439.844 1247.135 168.305
f 5802 5801 5803
f 5802 5800 5801
v 2436.844 1247.135 168.305
v 2439.844 1247.162 168.263
f 5804 5803 5805
f 5804 5802 5803
v 2436.844 1247.162 168.263
v 2439.844 1247.187 168.220
f 5806 5805 5807
f 5806 5804 5805
v 2436.844 1247.187 168.220
v 2439.844 1247.210 168.176
f 5808 5807 5809
f 5808 5806 5807
v 2436.844 1247.210 168.176
v 2439.844 1247.230 168.130
f 5810 5809 5811
f 5810 5808 5809
v 2436.844 1247.230 168.130
f 5812 5810 5811
v 2439.844 1247.249 168.084
f 5812 5811 5813
v 2436.844 1247.249 168.084
v 2439.844 1247.264 168.037
f 5814 5813 5815
f 5814 5812 5813
v 2436.844 1247.264 168.037
f 5816 5814 5815
v 2439.844 1247.278 167.989
f 5816 5815 5817
v 2436.844 1247.278 167.989
f 5818 5816 5817
v 2439.844 1247.289 167.940
f 5818 5817 5819
v 2436.844 1247.289 167.940
v 2439.844 1247.298 167.891
f 5820 5819 5821
f 5820 5818 5819
v 2436.844 1247.298 167.891
v 2439.844 1247.304 167.841
f 5822 5821 5823
f 5822 5820 5821
v 2436.844 1247.304 167.841
v 2439.844 1247.308 167.792
f 5824 5823 5825
f 5824 5822 5823
v 2436.844 1247.308 167.792
v 2439.844 1247.309 167.742
f 5826 5825 5827
f 5826 5824 5825
v 2436.844 1247.309 167.742
f 5828 5826 5827
v 2439.844 1246.809 157.392
v 2439.844 1238.596 152.650
v 2436.844 1238.596 152.650
f 5829 5830 5831
v 2436.844 1246.809 157.392
f 5829 5831 5832
v 2436.844 1247.308 158.208
v 2439.844 1247.309 158.258
v 2439.844 1247.308 158.208
f 5833 5834 5835
v 2436.844 1247.309 158.258
f 5833 5836 5834
v 2436.844 1247.304 158.159
v 2439.844 1247.304 158.159
f 5837 5835 5838
f 5837 5833 5835
v 2436.844 1247.298 158.109
v 2439.844 1247.298 158.109
f 5839 5838 5840
f 5839 5837 5838
v 2436.844 1247.289 158.060
v 2439.844 1247.289 158.060
f 5841 5840 5842
f 5841 5839 5840
v 2436.844 1247.278 158.011
v 2439.844 1247.278 158.011
f 5843 5842 5844
f 5843 5841 5842
v 2436.844 1247.264 157.963
v 2439.844 1247.264 157.963
f 5845 5844 5846
f 5845 5843 5844
v 2436.844 1247.249 157.916
v 2439.844 1247.249 157.916
f 5847 5846 5848
f 5847 5845 5846
v 2436.844 1247.230 157.870
v 2439.844 1247.230 157.870
f 5849 5848 5850
f 5849 5847 5848
v 2436.844 1247.210 157.824
v 2439.844 1247.210 157.824
f 5851 5850 5852
f 5851 5849 5850
v 2436.844 1247.187 157.780
v 2439.844 1247.187 157.780
f 5853 5852 5854
f 5853 5851 5852
v 2436.844 1247.162 157.737
v 2439.844 1247.162 157.737
f 5855 5854 5856
f 5855 5853 5854
v 2436.844 1247.135 157.695
v 2439.844 1247.135 157.695
f 5857 5856 5858
f 5857 5855 5856
v 2436.844 1247.106 157.654
f 5859 5857 5858
v 2439.844 1247.106 157.654
f 5859 5858 5860
v 2436.844 1247.075 157.615
f 5861 5859 5860
v 2439.844 1247.075 157.615
f 5861 5860 5862
v 2436.844 1247.042 157.578
v 2439.844 1247.042 157.578
f 5863 5862 5864
f 5863 5861 5862
v 2436.844 1247.007 157.542
f 5865 5863 5864
v 2439.844 1247.007 157.542
f 5865 5864 5866
v 2436.844 1246.971 157.508
v 2439.844 1246.971 157.508
f 5867 5866 5868
f 5867 5865 5866
v 2436.844 1246.932 157.476
v 2439.844 1246.932 157.476
f 5869 5868 5870
f 5869 5867 5868
v 2436.844 1246.893 157.446
v 2439.844 1246.893 157.446
f 5871 5870 5872
f 5871 5869 5870
v 2436.844 1246.851 157.418
v 2439.844 1246.851 157.418
f 5873 5872 5874
f 5873 5871 5872
f 5832 5874 5829
f 5832 5873 5874
f 5828 5827 5834
f 5828 5834 5836
v 2436.844 1241.757 157.629
v 2436.844 1241.485 157.454
v 2436.844 1242.021 157.819
f 5875 5876 5877
v 2436.844 1240.916 157.144
v 2436.844 1240.621 157.010
v 2436.844 1241.204 157.292
f 5878 5879 5880
f 5880 5879 5876
v 2436.844 1240.319 156.892
v 2436.844 1240.012 156.789
f 5881 5882 5879
v 2436.844 1239.384 156.629
v 2436.844 1239.065 156.573
v 2436.844 1239.700 156.701
f 5883 5884 5885
v 2436.844 1238.420 156.508
v 2436.844 1238.096 156.500
v 2436.844 1238.743 156.532
f 5886 5887 5888
v 2436.844 1237.772 156.508
v 2436.844 1237.449 156.532
f 5889 5890 5887
f 5887 5890 5888
v 2436.844 1236.180 156.789
f 5884 5891 5885
v 2436.844 1236.492 156.701
v 2436.844 1236.808 156.629
f 5892 5891 5893
v 2436.844 1237.127 156.573
f 5893 5891 5894
f 5894 5891 5890
f 5888 5891 5884
f 5885 5891 5882
f 5890 5891 5888
v 2436.844 1235.571 157.010
f 5882 5895 5879
f 5879 5895 5876
v 2436.844 1235.873 156.892
f 5896 5895 5891
f 5891 5895 5882
v 2436.844 1234.987 157.292
f 5895 5897 5876
v 2436.844 1235.276 157.144
f 5898 5897 5895
v 2436.844 1234.434 157.629
f 5897 5899 5876
f 5876 5899 5877
v 2436.844 1234.706 157.454
f 5900 5899 5897
v 2436.844 1234.171 157.819
f 5899 5901 5877
v 2436.844 1242.274 158.021
f 5877 5901 5902
v 2436.844 1242.517 158.235
f 5902 5901 5903
v 2436.844 1233.675 158.235
f 5901 5904 5903
v 2436.844 1233.918 158.021
f 5905 5904 5901
v 2436.844 1242.969 167.301
v 2436.844 1242.517 167.765
v 2436.844 1242.749 167.539
f 5906 5907 5908
v 2436.844 1233.443 158.461
v 2436.844 1233.222 158.699
f 5909 5910 5904
v 2436.844 1242.749 158.461
f 5903 5910 5911
v 2436.844 1242.969 158.699
f 5911 5910 5912
v 2436.844 1243.178 158.947
f 5912 5910 5913
f 5904 5910 5903
v 2436.844 1242.021 168.181
v 2436.844 1242.274 167.979
f 5907 5914 5915
v 2436.844 1233.014 158.947
v 2436.844 1232.818 159.206
f 5916 5917 5910
f 5910 5917 5913
v 2436.844 1232.636 159.473
f 5917 5918 5913
v 2436.844 1243.373 159.206
f 5913 5918 5919
v 2436.844 1243.556 159.473
f 5919 5918 5920
v 2436.844 1232.467 159.750
f 5918 5921 5920
v 2436.844 1243.725 159.750
f 5920 5921 5922
v 2436.844 1243.880 160.035
f 5922 5921 5923
v 2436.844 1241.757 168.371
v 2436.844 1241.204 168.708
v 2436.844 1241.485 168.546
f 5924 5925 5926
v 2436.844 1232.312 160.035
f 5921 5927 5923
v 2436.844 1240.916 168.856
f 5914 5928 5924
f 5924 5928 5925
v 2436.844 1232.171 160.327
f 5927 5929 5923
v 2436.844 1240.621 168.990
f 5914 5930 5928
v 2436.844 1232.045 160.625
f 5929 5931 5923
v 2436.844 1244.021 160.327
f 5923 5931 5932
v 2436.844 1244.147 160.625
f 5932 5931 5933
v 2436.844 1244.257 160.930
f 5933 5931 5934
v 2436.844 1231.934 160.930
f 5931 5935 5934
v 2436.844 1231.839 161.240
f 5935 5936 5934
v 2436.844 1244.353 161.240
f 5934 5936 5937
v 2436.844 1244.433 161.554
f 5937 5936 5938
v 2436.844 1231.759 161.554
v 2436.844 1231.695 161.871
f 5939 5940 5936
v 2436.844 1239.700 169.299
v 2436.844 1239.065 169.427
v 2436.844 1239.384 169.371
f 5941 5942 5943
v 2436.844 1231.646 162.192
f 5936 5944 5938
v 2436.844 1244.497 161.871
f 5938 5944 5945
v 2436.844 1244.545 162.192
f 5945 5944 5946
v 2436.844 1244.578 162.514
f 5946 5944 5947
f 5940 5944 5936
v 2436.844 1238.743 169.468
f 5941 5948 5942
v 2436.844 1231.614 162.514
f 5944 5949 5947
v 2436.844 1231.598 162.838
f 5949 5950 5947
v 2436.844 1244.594 162.838
f 5947 5950 5951
v 2436.844 1244.594 163.162
f 5951 5950 5952
v 2436.844 1238.096 169.500
v 2436.844 1238.420 169.492
f 5948 5953 5954
v 2436.844 1231.598 163.162
f 5950 5955 5952
v 2436.844 1244.578 163.486
f 5952 5955 5956
v 2436.844 1244.545 163.808
f 5956 5955 5957
v 2436.844 1237.772 169.492
f 5948 5958 5953
f 5941 5958 5948
v 2436.844 1231.614 163.486
f 5955 5959 5957
v 2436.844 1231.695 164.129
f 5959 5960 5957
v 2436.844 1231.646 163.808
f 5961 5960 5959
v 2436.844 1244.497 164.129
f 5957 5960 5962
v 2436.844 1244.433 164.446
f 5962 5960 5963
v 2436.844 1237.449 169.468
v 2436.844 1236.808 169.371
v 2436.844 1237.127 169.427
f 5964 5965 5966
v 2436.844 1231.759 164.446
f 5960 5967 5963
v 2436.844 1236.180 169.211
f 5958 5968 5964
v 2436.844 1236.492 169.299
f 5965 5968 5969
f 5964 5968 5965
v 2436.844 1244.353 164.760
v 2436.844 1231.934 165.070
v 2436.844 1244.257 165.070
f 5970 5971 5972
v 2436.844 1244.147 165.375
f 5972 5971 5973
f 5967 5971 5963
v 2436.844 1231.839 164.760
f 5974 5971 5967
f 5963 5971 5970
v 2436.844 1232.045 165.375
v 2436.844 1244.021 165.673
f 5973 5975 5976
f 5971 5975 5973
v 2436.844 1235.571 168.990
v 2436.844 1235.873 169.108
f 5968 5977 5978
v 2436.844 1232.171 165.673
v 2436.844 1243.880 165.965
f 5976 5979 5980
f 5975 5979 5976
v 2436.844 1235.276 168.856
f 5968 5981 5977
v 2436.844 1234.987 168.708
f 5958 5982 5968
f 5941 5982 5958
v 2436.844 1240.319 169.108
v 2436.844 1240.012 169.211
f 5983 5982 5984
f 5984 5982 5941
f 5968 5982 5981
v 2436.844 1234.706 168.546
f 5983 5985 5982
v 2436.844 1232.467 166.250
v 2436.844 1232.636 166.527
v 2436.844 1232.312 165.965
f 5986 5987 5988
f 5988 5987 5979
f 5979 5987 5980
v 2436.844 1232.818 166.794
v 2436.844 1243.725 166.250
f 5980 5989 5990
v 2436.844 1243.556 166.527
f 5990 5989 5991
v 2436.844 1243.373 166.794
f 5991 5989 5992
v 2436.844 1243.178 167.053
f 5992 5989 5993
f 5987 5989 5980
v 2436.844 1234.171 168.181
v 2436.844 1234.434 168.371
f 5985 5994 5995
f 5930 5994 5983
f 5983 5994 5985
f 5907 5994 5914
f 5914 5994 5930
v 2436.844 1233.222 167.301
f 5993 5996 5906
v 2436.844 1233.014 167.053
f 5997 5996 5989
f 5906 5996 5907
f 5989 5996 5993
v 2436.844 1233.675 167.765
v 2436.844 1233.918 167.979
f 5994 5998 5999
v 2436.844 1233.443 167.539
f 5907 6000 5994
f 5994 6000 5998
f 5996 6000 5907
o main_3
v 2536.837 1186.883 130.000
v 2541.579 1195.096 130.000
v 2541.579 1195.096 138.000
f 6001 6002 6003
v 2536.837 1186.883 138.000
f 6001 6003 6004
v 2536.811 1186.840 138.000
f 6001 6004 6005
v 2536.811 1186.840 130.000
v 2536.783 1186.799 138.000
f 6006 6005 6007
f 6006 6001 6005
v 2536.783 1186.799 130.000
v 2536.753 1186.759 138.000
f 6008 6007 6009
f 6008 6006 6007
v 2536.753 1186.759 130.000
v 2536.720 1186.721 138.000
f 6010 6009 6011
f 6010 6008 6009
v 2536.720 1186.721 130.000
v 2536.687 1186.685 138.000
f 6012 6011 6013
f 6012 6010 6011
v 2536.687 1186.685 130.000
v 2536.651 1186.650 138.000
f 6014 6013 6015
f 6014 6012 6013
v 2536.651 1186.650 130.000
v 2536.614 1186.617 138.000
f 6016 6015 6017
f 6016 6014 6015
v 2536.614 1186.617 130.000
v 2536.575 1186.586 138.000
f 6018 6017 6019
f 6018 6016 6017
v 2536.575 1186.586 130.000
v 2536.534 1186.557 138.000
f 6020 6019 6021
f 6020 6018 6019
v 2536.534 1186.557 130.000
v 2536.492 1186.530 138.000
f 6022 6021 6023
f 6022 6020 6021
v 2536.492 1186.530 130.000
v 2536.449 1186.505 138.000
f 6024 6023 6025
f 6024 6022 6023
v 2536.449 1186.505 130.000
v 2536.405 1186.482 138.000
f 6026 6025 6027
f 6026 6024 6025
v 2536.405 1186.482 130.000
v 2536.359 1186.461 138.000
f 6028 6027 6029
f 6028 6026 6027
v 2536.359 1186.461 130.000
f 6030 6028 6029
v 2536.313 1186.443 138.000
f 6030 6029 6031
v 2536.313 1186.443 130.000
f 6032 6030 6031
v 2536.265 1186.427 138.000
f 6032 6031 6033
v 2536.265 1186.427 130.000
f 6034 6032 6033
v 2536.217 1186.414 138.000
f 6034 6033 6035
v 2536.217 1186.414 130.000
f 6036 6034 6035
v 2536.169 1186.403 138.000
f 6036 6035 6037
v 2536.169 1186.403 130.000
f 6038 6036 6037
v 2536.120 1186.394 138.000
f 6038 6037 6039
v 2536.120 1186.394 130.000
f 6040 6038 6039
v 2536.070 1186.388 138.000
f 6040 6039 6041
v 2536.070 1186.388 130.000
f 6042 6040 6041
v 2536.021 1186.384 138.000
f 6042 6041 6043
v 2536.021 1186.384 130.000
f 6044 6042 6043
v 2535.971 1186.383 138.000
f 6044 6043 6045
v 2535.971 1186.383 130.000
f 6046 6044 6045
v 2526.487 1186.383 138.000
v 2526.487 1186.383 130.000
f 6045 6047 6048
f 6046 6045 6048
v 2526.437 1186.384 138.000
f 6048 6047 6049
v 2526.437 1186.384 130.000
v 2526.388 1186.388 138.000
f 6050 6049 6051
f 6050 6048 6049
v 2526.388 1186.388 130.000
v 2526.338 1186.394 138.000
f 6052 6051 6053
f 6052 6050 6051
v 2526.338 1186.394 130.000
v 2526.289 1186.403 138.000
f 6054 6053 6055
f 6054 6052 6053
v 2526.289 1186.403 130.000
v 2526.240 1186.414 138.000
f 6056 6055 6057
f 6056 6054 6055
v 2526.240 1186.414 130.000
v 2526.192 1186.427 138.000
f 6058 6057 6059
f 6058 6056 6057
v 2526.192 1186.427 130.000
v 2526.145 1186.443 138.000
f 6060 6059 6061
f 6060 6058 6059
v 2526.145 1186.443 130.000
v 2526.099 1186.461 138.000
f 6062 6061 6063
f 6062 6060 6061
v 2526.099 1186.461 130.000
v 2526.053 1186.482 138.000
f 6064 6063 6065
f 6064 6062 6063
v 2526.053 1186.482 130.000
v 2526.009 1186.505 138.000
f 6066 6065 6067
f 6066 6064 6065
v 2526.009 1186.505 130.000
v 2525.966 1186.530 138.000
f 6068 6067 6069
f 6068 6066 6067
v 2525.966 1186.530 130.000
v 2525.924 1186.557 138.000
f 6070 6069 6071
f 6070 6068 6069
v 2525.924 1186.557 130.000
v 2525.883 1186.586 138.000
f 6072 6071 6073
f 6072 6070 6071
v 2525.883 1186.586 130.000
f 6074 6072 6073
v 2525.844 1186.617 138.000
f 6074 6073 6075
v 2525.844 1186.617 130.000
f 6076 6074 6075
v 2525.807 1186.650 138.000
f 6076 6075 6077
v 2525.807 1186.650 130.000
f 6078 6076 6077
v 2525.771 1186.685 138.000
f 6078 6077 6079
v 2525.771 1186.685 130.000
f 6080 6078 6079
v 2525.737 1186.721 138.000
f 6080 6079 6081
v 2525.737 1186.721 130.000
f 6082 6080 6081
v 2525.705 1186.759 138.000
f 6082 6081 6083
v 2525.705 1186.759 130.000
f 6084 6082 6083
v 2525.675 1186.799 138.000
f 6084 6083 6085
v 2525.675 1186.799 130.000
f 6086 6084 6085
v 2525.647 1186.840 138.000
f 6086 6085 6087
v 2525.647 1186.840 130.000
f 6088 6086 6087
v 2525.621 1186.883 138.000
f 6088 6087 6089
v 2525.621 1186.883 130.000
f 6090 6088 6089
v 2520.879 1195.096 130.000
f 6091 6090 6089
v 2520.879 1195.096 138.000
f 6091 6089 6092
v 2520.855 1195.140 130.000
f 6093 6091 6092
v 2520.855 1195.140 138.000
f 6093 6092 6094
v 2520.834 1195.185 130.000
v 2520.834 1195.185 138.000
f 6095 6094 6096
f 6095 6093 6094
v 2520.814 1195.230 130.000
v 2520.814 1195.230 138.000
f 6097 6096 6098
f 6097 6095 6096
v 2520.797 1195.277 130.000
v 2520.797 1195.277 138.000
f 6099 6098 6100
f 6099 6097 6098
v 2520.783 1195.325 130.000
v 2520.783 1195.325 138.000
f 6101 6100 6102
f 6101 6099 6100
v 2520.770 1195.373 130.000
v 2520.770 1195.373 138.000
f 6103 6102 6104
f 6103 6101 6102
v 2520.761 1195.422 130.000
v 2520.761 1195.422 138.000
f 6105 6104 6106
f 6105 6103 6104
v 2520.753 1195.471 130.000
v 2520.753 1195.471 138.000
f 6107 6106 6108
f 6107 6105 6106
v 2520.748 1195.521 130.000
v 2520.748 1195.521 138.000
f 6109 6108 6110
f 6109 6107 6108
v 2520.746 1195.571 130.000
v 2520.746 1195.571 138.000
f 6111 6110 6112
f 6111 6109 6110
v 2520.746 1195.621 130.000
v 2520.746 1195.621 138.000
f 6113 6112 6114
f 6113 6111 6112
v 2520.748 1195.671 130.000
v 2520.748 1195.671 138.000
f 6115 6114 6116
f 6115 6113 6114
v 2520.753 1195.720 130.000
f 6117 6115 6116
v 2520.753 1195.720 138.000
f 6117 6116 6118
v 2520.761 1195.769 130.000
f 6119 6117 6118
v 2520.761 1195.769 138.000
f 6119 6118 6120
v 2520.770 1195.818 130.000
f 6121 6119 6120
v 2520.770 1195.818 138.000
f 6121 6120 6122
v 2520.783 1195.867 130.000
f 6123 6121 6122
v 2520.783 1195.867 138.000
f 6123 6122 6124
v 2520.797 1195.914 130.000
f 6125 6123 6124
v 2520.797 1195.914 138.000
f 6125 6124 6126
v 2520.814 1195.961 130.000
f 6127 6125 6126
v 2520.814 1195.961 138.000
f 6127 6126 6128
v 2520.834 1196.007 130.000
f 6129 6127 6128
v 2520.834 1196.007 138.000
f 6129 6128 6130
v 2520.855 1196.052 130.000
f 6131 6129 6130
v 2520.855 1196.052 138.000
f 6131 6130 6132
v 2520.879 1196.096 130.000
f 6133 6131 6132
v 2520.879 1196.096 138.000
f 6133 6132 6134
v 2525.621 1204.309 130.000
f 6135 6133 6134
v 2525.621 1204.309 138.000
f 6135 6134 6136
v 2525.647 1204.351 138.000
f 6135 6136 6137
v 2525.647 1204.351 130.000
v 2525.675 1204.393 138.000
f 6138 6137 6139
f 6138 6135 6137
v 2525.675 1204.393 130.000
v 2525.705 1204.432 138.000
f 6140 6139 6141
f 6140 6138 6139
v 2525.705 1204.432 130.000
v 2525.737 1204.471 138.000
f 6142 6141 6143
f 6142 6140 6141
v 2525.737 1204.471 130.000
v 2525.771 1204.507 138.000
f 6144 6143 6145
f 6144 6142 6143
v 2525.771 1204.507 130.000
v 2525.807 1204.542 138.000
f 6146 6145 6147
f 6146 6144 6145
v 2525.807 1204.542 130.000
v 2525.844 1204.575 138.000
f 6148 6147 6149
f 6148 6146 6147
v 2525.844 1204.575 130.000
v 2525.883 1204.606 138.000
f 6150 6149 6151
f 6150 6148 6149
v 2525.883 1204.606 130.000
v 2525.924 1204.635 138.000
f 6152 6151 6153
f 6152 6150 6151
v 2525.924 1204.635 130.000
v 2525.966 1204.662 138.000
f 6154 6153 6155
f 6154 6152 6153
v 2525.966 1204.662 130.000
v 2526.009 1204.687 138.000
f 6156 6155 6157
f 6156 6154 6155
v 2526.009 1204.687 130.000
v 2526.053 1204.710 138.000
f 6158 6157 6159
f 6158 6156 6157
v 2526.053 1204.710 130.000
v 2526.099 1204.730 138.000
f 6160 6159 6161
f 6160 6158 6159
v 2526.099 1204.730 130.000
f 6162 6160 6161
v 2526.145 1204.749 138.000
f 6162 6161 6163
v 2526.145 1204.749 130.000
f 6164 6162 6163
v 2526.192 1204.764 138.000
f 6164 6163 6165
v 2526.192 1204.764 130.000
f 6166 6164 6165
v 2526.240 1204.778 138.000
f 6166 6165 6167
v 2526.240 1204.778 130.000
f 6168 6166 6167
v 2526.289 1204.789 138.000
f 6168 6167 6169
v 2526.289 1204.789 130.000
f 6170 6168 6169
v 2526.338 1204.798 138.000
f 6170 6169 6171
v 2526.338 1204.798 130.000
f 6172 6170 6171
v 2526.388 1204.804 138.000
f 6172 6171 6173
v 2526.388 1204.804 130.000
f 6174 6172 6173
v 2526.437 1204.808 138.000
f 6174 6173 6175
v 2526.437 1204.808 130.000
f 6176 6174 6175
v 2526.487 1204.809 138.000
f 6176 6175 6177
v 2526.487 1204.809 130.000
f 6178 6176 6177
v 2535.971 1204.809 130.000
f 6179 6178 6177
v 2535.971 1204.809 138.000
f 6180 6179 6177
v 2536.021 1204.808 138.000
f 6179 6180 6181
v 2536.021 1204.808 130.000
v 2536.070 1204.804 138.000
f 6182 6181 6183
f 6182 6179 6181
v 2536.070 1204.804 130.000
v 2536.120 1204.798 138.000
f 6184 6183 6185
f 6184 6182 6183
v 2536.120 1204.798 130.000
v 2536.169 1204.789 138.000
f 6186 6185 6187
f 6186 6184 6185
v 2536.169 1204.789 130.000
v 2536.217 1204.778 138.000
f 6188 6187 6189
f 6188 6186 6187
v 2536.217 1204.778 130.000
v 2536.265 1204.764 138.000
f 6190 6189 6191
f 6190 6188 6189
v 2536.265 1204.764 130.000
v 2536.313 1204.749 138.000
f 6192 6191 6193
f 6192 6190 6191
v 2536.313 1204.749 130.000
v 2536.359 1204.730 138.000
f 6194 6193 6195
f 6194 6192 6193
v 2536.359 1204.730 130.000
v 2536.405 1204.710 138.000
f 6196 6195 6197
f 6196 6194 6195
v 2536.405 1204.710 130.000
v 2536.449 1204.687 138.000
f 6198 6197 6199
f 6198 6196 6197
v 2536.449 1204.687 130.000
v 2536.492 1204.662 138.000
f 6200 6199 6201
f 6200 6198 6199
v 2536.492 1204.662 130.000
v 2536.534 1204.635 138.000
f 6202 6201 6203
f 6202 6200 6201
v 2536.534 1204.635 130.000
v 2536.575 1204.606 138.000
f 6204 6203 6205
f 6204 6202 6203
v 2536.575 1204.606 130.000
f 6206 6204 6205
v 2536.614 1204.575 138.000
f 6206 6205 6207
v 2536.614 1204.575 130.000
f 6208 6206 6207
v 2536.651 1204.542 138.000
f 6208 6207 6209
v 2536.651 1204.542 130.000
f 6210 6208 6209
v 2536.687 1204.507 138.000
f 6210 6209 6211
v 2536.687 1204.507 130.000
f 6212 6210 6211
v 2536.720 1204.471 138.000
f 6212 6211 6213
v 2536.720 1204.471 130.000
f 6214 6212 6213
v 2536.753 1204.432 138.000
f 6214 6213 6215
v 2536.753 1204.432 130.000
f 6216 6214 6215
v 2536.783 1204.393 138.000
f 6216 6215 6217
v 2536.783 1204.393 130.000
f 6218 6216 6217
v 2536.811 1204.351 138.000
f 6218 6217 6219
v 2536.811 1204.351 130.000
f 6220 6218 6219
v 2536.837 1204.309 138.000
f 6220 6219 6221
v 2536.837 1204.309 130.000
f 6222 6220 6221
v 2541.579 1196.096 138.000
f 6223 6222 6221
v 2541.579 1196.096 130.000
f 6224 6222 6223
f 6150 6146 6148
f 6150 6144 6146
f 6156 6152 6154
f 6156 6150 6152
f 6135 6142 6144
f 6135 6140 6142
f 6135 6138 6140
f 6135 6144 6150
f 6135 6150 6156
f 6162 6135 6156
f 6162 6158 6160
f 6162 6156 6158
f 6166 6162 6164
f 6174 6170 6172
f 6174 6168 6170
f 6174 6166 6168
f 6176 6135 6162
f 6176 6166 6174
f 6176 6162 6166
f 6178 6135 6176
f 6127 6129 6131
f 6121 6125 6127
f 6121 6123 6125
f 6121 6127 6131
f 6117 6119 6121
f 6107 6115 6117
f 6107 6113 6115
f 6107 6111 6113
f 6107 6109 6111
f 6101 6105 6107
f 6101 6103 6105
f 6099 6101 6107
f 6095 6097 6099
f 6093 6095 6099
f 6091 6099 6107
f 6091 6093 6099
f 6091 6131 6133
f 6091 6133 6135
f 6091 6121 6131
f 6091 6117 6121
f 6091 6107 6117
f 6179 6135 6178
f 6188 6184 6186
f 6188 6182 6184
f 6188 6179 6182
f 6194 6190 6192
f 6194 6188 6190
f 6194 6179 6188
f 6200 6196 6198
f 6200 6194 6196
f 6202 6194 6200
f 6206 6202 6204
f 6206 6179 6194
f 6206 6194 6202
f 6208 6179 6206
f 6210 6179 6208
f 6214 6210 6212
f 6216 6210 6214
f 6220 6216 6218
f 6220 6179 6210
f 6220 6210 6216
f 6222 6179 6220
f 6084 6086 6088
f 6082 6084 6088
f 6078 6080 6082
f 6078 6082 6088
f 6076 6078 6088
f 6074 6076 6088
f 6072 6074 6088
f 6068 6070 6072
f 6068 6072 6088
f 6066 6068 6088
f 6064 6066 6088
f 6060 6062 6064
f 6054 6058 6060
f 6054 6056 6058
f 6054 6064 6088
f 6054 6060 6064
f 6048 6135 6179
f 6048 6088 6090
f 6048 6052 6054
f 6048 6050 6052
f 6048 6090 6091
f 6048 6091 6135
f 6048 6054 6088
f 6224 6179 6222
v 2541.643 1195.961 130.000
v 2541.602 1196.052 130.000
v 2541.624 1196.007 130.000
f 6225 6226 6227
f 6225 6224 6226
v 2541.675 1195.867 130.000
f 6228 6224 6225
v 2541.660 1195.914 130.000
f 6228 6225 6229
v 2541.687 1195.818 130.000
f 6230 6224 6228
v 2541.705 1195.720 130.000
v 2541.697 1195.769 130.000
f 6231 6230 6232
v 2541.710 1195.671 130.000
f 6233 6230 6231
v 2541.712 1195.621 130.000
f 6234 6224 6230
f 6234 6230 6233
v 2541.712 1195.571 130.000
f 6235 6224 6234
v 2541.705 1195.471 130.000
v 2541.710 1195.521 130.000
f 6236 6235 6237
v 2541.697 1195.422 130.000
f 6238 6235 6236
v 2541.660 1195.277 130.000
v 2541.687 1195.373 130.000
v 2541.675 1195.325 130.000
f 6239 6240 6241
f 6239 6238 6240
f 6239 6235 6238
v 2541.624 1195.185 130.000
v 2541.643 1195.230 130.000
f 6242 6239 6243
v 2541.602 1195.140 130.000
f 6002 6242 6244
f 6002 6224 6235
f 6002 6235 6239
f 6002 6239 6242
f 6002 6179 6224
f 6038 6042 6044
f 6038 6040 6042
f 6030 6032 6034
f 6028 6034 6036
f 6028 6030 6034
f 6001 6048 6179
f 6001 6044 6046
f 6001 6046 6048
f 6001 6179 6002
f 6024 6026 6028
f 6024 6028 6036
f 6022 6036 6038
f 6022 6024 6036
f 6008 6001 6006
f 6008 6038 6044
f 6008 6044 6001
f 6020 6022 6038
f 6018 6020 6038
f 6012 6008 6010
f 6016 6018 6038
f 6014 6038 6008
f 6014 6008 6012
f 6014 6016 6038
v 2526.464 1200.017 138.000
v 2526.928 1200.469 138.000
v 2526.690 1200.249 138.000
f 6245 6246 6247
v 2527.435 1200.873 138.000
v 2527.176 1200.678 138.000
f 6246 6248 6249
v 2527.702 1201.056 138.000
v 2528.264 1201.380 138.000
v 2527.979 1201.225 138.000
f 6250 6251 6252
v 2528.556 1201.521 138.000
f 6250 6253 6251
v 2529.159 1201.757 138.000
v 2529.783 1201.933 138.000
v 2529.468 1201.853 138.000
f 6254 6255 6256
v 2528.854 1201.647 138.000
f 6257 6255 6254
f 6253 6255 6257
v 2530.421 1202.045 138.000
v 2530.100 1201.997 138.000
f 6255 6258 6259
v 2530.743 1202.078 138.000
v 2531.391 1202.094 138.000
v 2531.067 1202.094 138.000
f 6260 6261 6262
f 6258 6261 6260
v 2532.037 1202.045 138.000
v 2531.715 1202.078 138.000
f 6261 6263 6264
v 2532.358 1201.997 138.000
f 6261 6265 6263
v 2532.675 1201.933 138.000
f 6261 6266 6265
f 6253 6266 6255
f 6255 6266 6258
f 6258 6266 6261
v 2533.299 1201.757 138.000
v 2532.989 1201.853 138.000
f 6266 6267 6268
v 2533.604 1201.647 138.000
f 6253 6269 6266
f 6266 6269 6267
v 2533.902 1201.521 138.000
f 6253 6270 6269
v 2534.194 1201.380 138.000
f 6253 6271 6270
v 2534.479 1201.225 138.000
f 6253 6272 6271
f 6250 6272 6253
v 2525.520 1192.487 138.000
v 2525.683 1192.206 138.000
v 2525.373 1192.776 138.000
f 6273 6274 6275
v 2535.023 1200.873 138.000
v 2534.755 1201.056 138.000
f 6272 6276 6277
f 6248 6276 6250
f 6250 6276 6272
v 2525.858 1191.934 138.000
v 2526.048 1191.671 138.000
f 6278 6279 6274
v 2535.282 1200.678 138.000
f 6248 6280 6276
f 6246 6280 6248
v 2526.250 1191.418 138.000
v 2526.464 1191.175 138.000
f 6281 6282 6279
v 2535.767 1200.249 138.000
v 2535.530 1200.469 138.000
f 6280 6283 6284
f 6246 6283 6280
v 2535.994 1200.017 138.000
f 6245 6285 6246
f 6246 6285 6283
v 2526.690 1190.943 138.000
v 2526.928 1190.722 138.000
f 6286 6287 6282
v 2527.176 1190.514 138.000
f 6287 6288 6282
v 2536.410 1199.521 138.000
f 6245 6289 6285
v 2536.208 1199.774 138.000
f 6285 6289 6290
v 2526.250 1199.774 138.000
f 6291 6289 6245
v 2526.048 1199.521 138.000
f 6292 6289 6291
v 2525.858 1199.257 138.000
f 6293 6289 6292
v 2536.599 1199.257 138.000
f 6293 6294 6289
v 2525.683 1198.985 138.000
f 6295 6294 6293
v 2527.435 1190.318 138.000
v 2527.702 1190.136 138.000
f 6296 6297 6288
v 2536.937 1198.704 138.000
v 2536.775 1198.985 138.000
f 6294 6298 6299
v 2525.520 1198.704 138.000
f 6300 6298 6295
f 6295 6298 6294
v 2528.264 1189.812 138.000
f 6297 6301 6288
v 2527.979 1189.967 138.000
f 6302 6301 6297
v 2537.085 1198.416 138.000
f 6300 6303 6298
v 2525.373 1198.416 138.000
v 2537.219 1198.121 138.000
f 6304 6305 6300
v 2525.239 1198.121 138.000
f 6306 6305 6304
v 2525.121 1197.819 138.000
f 6307 6305 6306
f 6300 6305 6303
v 2537.337 1197.819 138.000
f 6307 6308 6305
v 2528.556 1189.671 138.000
v 2529.159 1189.434 138.000
f 6309 6310 6301
v 2528.854 1189.545 138.000
f 6311 6310 6309
v 2525.018 1197.512 138.000
v 2537.440 1197.512 138.000
f 6312 6313 6307
f 6307 6313 6308
v 2524.930 1197.200 138.000
v 2537.528 1197.200 138.000
f 6314 6315 6312
f 6312 6315 6313
v 2524.858 1196.884 138.000
v 2537.600 1196.884 138.000
f 6316 6317 6314
f 6314 6317 6315
v 2524.802 1196.565 138.000
v 2537.656 1196.565 138.000
f 6318 6319 6316
f 6316 6319 6317
v 2529.468 1189.339 138.000
v 2530.421 1189.146 138.000
f 6320 6321 6310
v 2529.783 1189.259 138.000
f 6322 6321 6320
v 2530.100 1189.195 138.000
f 6323 6321 6322
v 2537.721 1195.920 138.000
v 2537.697 1196.243 138.000
f 6319 6324 6325
v 2524.761 1196.243 138.000
f 6326 6324 6318
v 2524.737 1195.920 138.000
f 6327 6324 6326
v 2524.729 1195.596 138.000
f 6328 6324 6327
f 6318 6324 6319
v 2537.729 1195.596 138.000
f 6328 6329 6324
v 2537.697 1194.949 138.000
v 2537.721 1195.272 138.000
f 6329 6330 6331
f 6328 6330 6329
v 2524.737 1195.272 138.000
f 6332 6330 6328
v 2537.656 1194.627 138.000
f 6332 6333 6330
v 2524.761 1194.949 138.000
f 6334 6333 6332
v 2524.802 1194.627 138.000
f 6335 6333 6334
v 2524.858 1194.308 138.000
f 6336 6333 6335
v 2531.715 1189.114 138.000
v 2532.358 1189.195 138.000
v 2531.391 1189.098 138.000
f 6337 6338 6339
v 2532.037 1189.146 138.000
f 6340 6338 6337
v 2524.930 1193.992 138.000
v 2537.600 1194.308 138.000
f 6341 6342 6336
f 6336 6342 6333
v 2532.675 1189.259 138.000
f 6338 6343 6339
v 2530.743 1189.114 138.000
f 6344 6343 6321
v 2531.067 1189.098 138.000
f 6345 6343 6344
f 6339 6343 6345
f 6321 6343 6310
v 2537.440 1193.680 138.000
v 2537.528 1193.992 138.000
f 6342 6346 6347
f 6341 6346 6342
v 2525.018 1193.680 138.000
f 6348 6346 6341
v 2532.989 1189.339 138.000
v 2533.299 1189.434 138.000
f 6349 6350 6343
v 2537.337 1193.373 138.000
f 6348 6351 6346
v 2525.121 1193.373 138.000
f 6352 6351 6348
v 2537.219 1193.071 138.000
f 6352 6353 6351
v 2525.239 1193.071 138.000
f 6354 6353 6352
v 2537.085 1192.776 138.000
f 6354 6355 6353
v 2533.604 1189.545 138.000
v 2534.194 1189.812 138.000
f 6356 6357 6350
v 2533.902 1189.671 138.000
f 6358 6357 6356
f 6343 6357 6310
f 6350 6357 6343
f 6310 6357 6301
v 2536.937 1192.487 138.000
f 6354 6359 6355
f 6275 6359 6354
v 2536.775 1192.206 138.000
f 6274 6360 6275
f 6275 6360 6359
v 2534.755 1190.136 138.000
f 6357 6361 6301
v 2534.479 1189.967 138.000
f 6362 6361 6357
v 2536.599 1191.934 138.000
f 6274 6363 6360
v 2536.410 1191.671 138.000
f 6279 6364 6274
f 6274 6364 6363
v 2535.023 1190.318 138.000
v 2535.282 1190.514 138.000
f 6365 6366 6361
v 2535.530 1190.722 138.000
f 6361 6367 6301
f 6366 6367 6361
f 6301 6367 6288
v 2535.994 1191.175 138.000
v 2536.208 1191.418 138.000
f 6364 6368 6369
f 6282 6368 6279
f 6279 6368 6364
f 6288 6368 6282
f 6367 6368 6288
v 2535.767 1190.943 138.000
f 6367 6370 6368
o main_4
v 2596.229 1186.883 -126.392
v 2596.229 1195.096 -121.650
v 2588.229 1195.096 -121.650
f 6371 6372 6373
v 2588.229 1186.883 -126.392
f 6371 6373 6374
v 2588.229 1186.840 -126.418
f 6371 6374 6375
v 2596.229 1186.840 -126.418
v 2588.229 1186.799 -126.446
f 6376 6375 6377
f 6376 6371 6375
v 2596.229 1186.799 -126.446
v 2588.229 1186.759 -126.476
f 6378 6377 6379
f 6378 6376 6377
v 2596.229 1186.759 -126.476
v 2588.229 1186.721 -126.508
f 6380 6379 6381
f 6380 6378 6379
v 2596.229 1186.721 -126.508
v 2588.229 1186.685 -126.542
f 6382 6381 6383
f 6382 6380 6381
v 2596.229 1186.685 -126.542
v 2588.229 1186.650 -126.578
f 6384 6383 6385
f 6384 6382 6383
v 2596.229 1186.650 -126.578
v 2588.229 1186.617 -126.615
f 6386 6385 6387
f 6386 6384 6385
v 2596.229 1186.617 -126.615
v 2588.229 1186.586 -126.654
f 6388 6387 6389
f 6388 6386 6387
v 2596.229 1186.586 -126.654
v 2588.229 1186.557 -126.695
f 6390 6389 6391
f 6390 6388 6389
v 2596.229 1186.557 -126.695
v 2588.229 1186.530 -126.737
f 6392 6391 6393
f 6392 6390 6391
v 2596.229 1186.530 -126.737
v 2588.229 1186.505 -126.780
f 6394 6393 6395
f 6394 6392 6393
v 2596.229 1186.505 -126.780
v 2588.229 1186.482 -126.824
f 6396 6395 6397
f 6396 6394 6395
v 2596.229 1186.482 -126.824
v 2588.229 1186.461 -126.870
f 6398 6397 6399
f 6398 6396 6397
v 2596.229 1186.461 -126.870
f 6400 6398 6399
v 2588.229 1186.443 -126.916
f 6400 6399 6401
v 2596.229 1186.443 -126.916
f 6402 6400 6401
v 2588.229 1186.427 -126.963
f 6402 6401 6403
v 2596.229 1186.427 -126.963
f 6404 6402 6403
v 2588.229 1186.414 -127.011
f 6404 6403 6405
v 2596.229 1186.414 -127.011
f 6406 6404 6405
v 2588.229 1186.403 -127.060
f 6406 6405 6407
v 2596.229 1186.403 -127.060
f 6408 6406 6407
v 2588.229 1186.394 -127.109
f 6408 6407 6409
v 2596.229 1186.394 -127.109
f 6410 6408 6409
v 2588.229 1186.388 -127.159
f 6410 6409 6411
v 2596.229 1186.388 -127.159
f 6412 6410 6411
v 2588.229 1186.384 -127.208
f 6412 6411 6413
v 2596.229 1186.384 -127.208
f 6414 6412 6413
v 2588.229 1186.383 -127.258
f 6414 6413 6415
v 2596.229 1186.383 -127.258
f 6416 6414 6415
v 2588.229 1186.383 -136.742
v 2596.229 1186.383 -136.742
f 6415 6417 6418
f 6416 6415 6418
v 2588.229 1186.384 -136.792
f 6418 6417 6419
v 2596.229 1186.384 -136.792
v 2588.229 1186.388 -136.841
f 6420 6419 6421
f 6420 6418 6419
v 2596.229 1186.388 -136.841
v 2588.229 1186.394 -136.891
f 6422 6421 6423
f 6422 6420 6421
v 2596.229 1186.394 -136.891
v 2588.229 1186.403 -136.940
f 6424 6423 6425
f 6424 6422 6423
v 2596.229 1186.403 -136.940
v 2588.229 1186.414 -136.989
f 6426 6425 6427
f 6426 6424 6425
v 2596.229 1186.414 -136.989
v 2588.229 1186.427 -137.037
f 6428 6427 6429
f 6428 6426 6427
v 2596.229 1186.427 -137.037
v 2588.229 1186.443 -137.084
f 6430 6429 6431
f 6430 6428 6429
v 2596.229 1186.443 -137.084
v 2588.229 1186.461 -137.130
f 6432 6431 6433
f 6432 6430 6431
v 2596.229 1186.461 -137.130
v 2588.229 1186.482 -137.176
f 6434 6433 6435
f 6434 6432 6433
v 2596.229 1186.482 -137.176
v 2588.229 1186.505 -137.220
f 6436 6435 6437
f 6436 6434 6435
v 2596.229 1186.505 -137.220
v 2588.229 1186.530 -137.263
f 6438 6437 6439
f 6438 6436 6437
v 2596.229 1186.530 -137.263
v 2588.229 1186.557 -137.305
f 6440 6439 6441
f 6440 6438 6439
v 2596.229 1186.557 -137.305
v 2588.229 1186.586 -137.346
f 6442 6441 6443
f 6442 6440 6441
v 2596.229 1186.586 -137.346
f 6444 6442 6443
v 2588.229 1186.617 -137.385
f 6444 6443 6445
v 2596.229 1186.617 -137.385
f 6446 6444 6445
v 2588.229 1186.650 -137.422
f 6446 6445 6447
v 2596.229 1186.650 -137.422
f 6448 6446 6447
v 2588.229 1186.685 -137.458
f 6448 6447 6449
v 2596.229 1186.685 -137.458
f 6450 6448 6449
v 2588.229 1186.721 -137.492
f 6450 6449 6451
v 2596.229 1186.721 -137.492
f 6452 6450 6451
v 2588.229 1186.759 -137.524
f 6452 6451 6453
v 2596.229 1186.759 -137.524
f 6454 6452 6453
v 2588.229 1186.799 -137.554
f 6454 6453 6455
v 2596.229 1186.799 -137.554
f 6456 6454 6455
v 2588.229 1186.840 -137.582
f 6456 6455 6457
v 2596.229 1186.840 -137.582
f 6458 6456 6457
v 2588.229 1186.883 -137.608
f 6458 6457 6459
v 2596.229 1186.883 -137.608
f 6460 6458 6459
v 2596.229 1195.096 -142.350
f 6461 6460 6459
v 2588.229 1195.096 -142.350
f 6461 6459 6462
v 2596.229 1195.140 -142.373
f 6463 6461 6462
v 2588.229 1195.140 -142.373
f 6463 6462 6464
v 2596.229 1195.185 -142.395
v 2588.229 1195.185 -142.395
f 6465 6464 6466
f 6465 6463 6464
v 2596.229 1195.230 -142.414
v 2588.229 1195.230 -142.414
f 6467 6466 6468
f 6467 6465 6466
v 2596.229 1195.277 -142.432
v 2588.229 1195.277 -142.432
f 6469 6468 6470
f 6469 6467 6468
v 2596.229 1195.325 -142.446
v 2588.229 1195.325 -142.446
f 6471 6470 6472
f 6471 6469 6470
v 2596.229 1195.373 -142.459
v 2588.229 1195.373 -142.459
f 6473 6472 6474
f 6473 6471 6472
v 2596.229 1195.422 -142.468
v 2588.229 1195.422 -142.468
f 6475 6474 6476
f 6475 6473 6474
v 2596.229 1195.471 -142.476
v 2588.229 1195.471 -142.476
f 6477 6476 6478
f 6477 6475 6476
v 2596.229 1195.521 -142.481
v 2588.229 1195.521 -142.481
f 6479 6478 6480
f 6479 6477 6478
v 2596.229 1195.571 -142.483
v 2588.229 1195.571 -142.483
f 6481 6480 6482
f 6481 6479 6480
v 2596.229 1195.621 -142.483
v 2588.229 1195.621 -142.483
f 6483 6482 6484
f 6483 6481 6482
v 2596.229 1195.671 -142.481
v 2588.229 1195.671 -142.481
f 6485 6484 6486
f 6485 6483 6484
v 2596.229 1195.720 -142.476
f 6487 6485 6486
v 2588.229 1195.720 -142.476
f 6487 6486 6488
v 2596.229 1195.769 -142.468
f 6489 6487 6488
v 2588.229 1195.769 -142.468
f 6489 6488 6490
v 2596.229 1195.818 -142.459
f 6491 6489 6490
v 2588.229 1195.818 -142.459
f 6491 6490 6492
v 2596.229 1195.867 -142.446
f 6493 6491 6492
v 2588.229 1195.867 -142.446
f 6493 6492 6494
v 2596.229 1195.914 -142.432
f 6495 6493 6494
v 2588.229 1195.914 -142.432
f 6495 6494 6496
v 2596.229 1195.961 -142.414
f 6497 6495 6496
v 2588.229 1195.961 -142.414
f 6497 6496 6498
v 2596.229 1196.007 -142.395
f 6499 6497 6498
v 2588.229 1196.007 -142.395
f 6499 6498 6500
v 2596.229 1196.052 -142.373
f 6501 6499 6500
v 2588.229 1196.052 -142.373
f 6501 6500 6502
v 2596.229 1196.096 -142.350
f 6503 6501 6502
v 2588.229 1196.096 -142.350
f 6503 6502 6504
v 2596.229 1204.309 -137.608
f 6505 6503 6504
v 2588.229 1204.309 -137.608
f 6505 6504 6506
v 2588.229 1204.351 -137.582
f 6505 6506 6507
v 2596.229 1204.351 -137.582
v 2588.229 1204.393 -137.554
f 6508 6507 6509
f 6508 6505 6507
v 2596.229 1204.393 -137.554
v 2588.229 1204.432 -137.524
f 6510 6509 6511
f 6510 6508 6509
v 2596.229 1204.432 -137.524
v 2588.229 1204.471 -137.492
f 6512 6511 6513
f 6512 6510 6511
v 2596.229 1204.471 -137.492
v 2588.229 1204.507 -137.458
f 6514 6513 6515
f 6514 6512 6513
v 2596.229 1204.507 -137.458
v 2588.229 1204.542 -137.422
f 6516 6515 6517
f 6516 6514 6515
v 2596.229 1204.542 -137.422
v 2588.229 1204.575 -137.385
f 6518 6517 6519
f 6518 6516 6517
v 2596.229 1204.575 -137.385
v 2588.229 1204.606 -137.346
f 6520 6519 6521
f 6520 6518 6519
v 2596.229 1204.606 -137.346
v 2588.229 1204.635 -137.305
f 6522 6521 6523
f 6522 6520 6521
v 2596.229 1204.635 -137.305
v 2588.229 1204.662 -137.263
f 6524 6523 6525
f 6524 6522 6523
v 2596.229 1204.662 -137.263
v 2588.229 1204.687 -137.220
f 6526 6525 6527
f 6526 6524 6525
v 2596.229 1204.687 -137.220
v 2588.229 1204.710 -137.176
f 6528 6527 6529
f 6528 6526 6527
v 2596.229 1204.710 -137.176
v 2588.229 1204.730 -137.130
f 6530 6529 6531
f 6530 6528 6529
v 2596.229 1204.730 -137.130
f 6532 6530 6531
v 2588.229 1204.749 -137.084
f 6532 6531 6533
v 2596.229 1204.749 -137.084
f 6534 6532 6533
v 2588.229 1204.764 -137.037
f 6534 6533 6535
v 2596.229 1204.764 -137.037
f 6536 6534 6535
v 2588.229 1204.778 -136.989
f 6536 6535 6537
v 2596.229 1204.778 -136.989
f 6538 6536 6537
v 2588.229 1204.789 -136.940
f 6538 6537 6539
v 2596.229 1204.789 -136.940
f 6540 6538 6539
v 2588.229 1204.798 -136.891
f 6540 6539 6541
v 2596.229 1204.798 -136.891
f 6542 6540 6541
v 2588.229 1204.804 -136.841
f 6542 6541 6543
v 2596.229 1204.804 -136.841
f 6544 6542 6543
v 2588.229 1204.808 -136.792
f 6544 6543 6545
v 2596.229 1204.808 -136.792
f 6546 6544 6545
v 2588.229 1204.809 -136.742
f 6546 6545 6547
v 2596.229 1204.809 -136.742
f 6548 6546 6547
v 2596.229 1204.809 -127.258
f 6549 6548 6547
v 2588.229 1204.809 -127.258
f 6550 6549 6547
v 2588.229 1204.808 -127.208
f 6549 6550 6551
v 2596.229 1204.808 -127.208
v 2588.229 1204.804 -127.159
f 6552 6551 6553
f 6552 6549 6551
v 2596.229 1204.804 -127.159
v 2588.229 1204.798 -127.109
f 6554 6553 6555
f 6554 6552 6553
v 2596.229 1204.798 -127.109
v 2588.229 1204.789 -127.060
f 6556 6555 6557
f 6556 6554 6555
v 2596.229 1204.789 -127.060
v 2588.229 1204.778 -127.011
f 6558 6557 6559
f 6558 6556 6557
v 2596.229 1204.778 -127.011
v 2588.229 1204.764 -126.963
f 6560 6559 6561
f 6560 6558 6559
v 2596.229 1204.764 -126.963
v 2588.229 1204.749 -126.916
f 6562 6561 6563
f 6562 6560 6561
v 2596.229 1204.749 -126.916
v 2588.229 1204.730 -126.870
f 6564 6563 6565
f 6564 6562 6563
v 2596.229 1204.730 -126.870
v 2588.229 1204.710 -126.824
f 6566 6565 6567
f 6566 6564 6565
v 2596.229 1204.710 -126.824
v 2588.229 1204.687 -126.780
f 6568 6567 6569
f 6568 6566 6567
v 2596.229 1204.687 -126.780
v 2588.229 1204.662 -126.737
f 6570 6569 6571
f 6570 6568 6569
v 2596.229 1204.662 -126.737
v 2588.229 1204.635 -126.695
f 6572 6571 6573
f 6572 6570 6571
v 2596.229 1204.635 -126.695
v 2588.229 1204.606 -126.654
f 6574 6573 6575
f 6574 6572 6573
v 2596.229 1204.606 -126.654
f 6576 6574 6575
v 2588.229 1204.575 -126.615
f 6576 6575 6577
v 2596.229 1204.575 -126.615
f 6578 6576 6577
v 2588.229 1204.542 -126.578
f 6578 6577 6579
v 2596.229 1204.542 -126.578
f 6580 6578 6579
v 2588.229 1204.507 -126.542
f 6580 6579 6581
v 2596.229 1204.507 -126.542
f 6582 6580 6581
v 2588.229 1204.471 -126.508
f 6582 6581 6583
v 2596.229 1204.471 -126.508
f 6584 6582 6583
v 2588.229 1204.432 -126.476
f 6584 6583 6585
v 2596.229 1204.432 -126.476
f 6586 6584 6585
v 2588.229 1204.393 -126.446
f 6586 6585 6587
v 2596.229 1204.393 -126.446
f 6588 6586 6587
v 2588.229 1204.351 -126.418
f 6588 6587 6589
v 2596.229 1204.351 -126.418
f 6590 6588 6589
v 2588.229 1204.309 -126.392
f 6590 6589 6591
v 2596.229 1204.309 -126.392
f 6592 6590 6591
v 2596.229 1196.096 -121.650
f 6593 6592 6591
v 2588.229 1196.096 -121.650
f 6593 6591 6594
f 6520 6516 6518
f 6520 6514 6516
f 6526 6522 6524
f 6526 6520 6522
f 6505 6512 6514
f 6505 6510 6512
f 6505 6508 6510
f 6505 6514 6520
f 6505 6520 6526
f 6532 6505 6526
f 6532 6528 6530
f 6532 6526 6528
f 6536 6532 6534
f 6544 6540 6542
f 6544 6538 6540
f 6544 6536 6538
f 6546 6505 6532
f 6546 6536 6544
f 6546 6532 6536
f 6548 6505 6546
f 6497 6499 6501
f 6491 6495 6497
f 6491 6493 6495
f 6491 6497 6501
f 6487 6489 6491
f 6477 6485 6487
f 6477 6483 6485
f 6477 6481 6483
f 6477 6479 6481
f 6471 6475 6477
f 6471 6473 6475
f 6469 6471 6477
f 6465 6467 6469
f 6463 6465 6469
f 6461 6469 6477
f 6461 6463 6469
f 6461 6501 6503
f 6461 6503 6505
f 6461 6491 6501
f 6461 6487 6491
f 6461 6477 6487
f 6549 6505 6548
f 6558 6554 6556
f 6558 6552 6554
f 6558 6549 6552
f 6564 6560 6562
f 6564 6558 6560
f 6564 6549 6558
f 6570 6566 6568
f 6570 6564 6566
f 6572 6564 6570
f 6576 6572 6574
f 6576 6549 6564
f 6576 6564 6572
f 6578 6549 6576
f 6580 6549 6578
f 6584 6580 6582
f 6586 6580 6584
f 6590 6586 6588
f 6590 6549 6580
f 6590 6580 6586
f 6592 6549 6590
f 6454 6456 6458
f 6452 6454 6458
f 6448 6450 6452
f 6448 6452 6458
f 6446 6448 6458
f 6444 6446 6458
f 6442 6444 6458
f 6438 6440 6442
f 6438 6442 6458
f 6436 6438 6458
f 6434 6436 6458
f 6430 6432 6434
f 6424 6428 6430
f 6424 6426 6428
f 6424 6434 6458
f 6424 6430 6434
f 6418 6505 6549
f 6418 6458 6460
f 6418 6422 6424
f 6418 6420 6422
f 6418 6460 6461
f 6418 6461 6505
f 6418 6424 6458
f 6593 6549 6592
v 2596.229 1195.961 -121.586
v 2596.229 1196.052 -121.627
v 2596.229 1196.007 -121.605
f 6595 6596 6597
f 6595 6593 6596
v 2596.229 1195.867 -121.554
f 6598 6593 6595
v 2596.229 1195.914 -121.568
f 6598 6595 6599
v 2596.229 1195.818 -121.541
f 6600 6593 6598
v 2596.229 1195.720 -121.524
v 2596.229 1195.769 -121.532
f 6601 6600 6602
v 2596.229 1195.671 -121.519
f 6603 6600 6601
v 2596.229 1195.621 -121.517
f 6604 6593 6600
f 6604 6600 6603
v 2596.229 1195.571 -121.517
f 6605 6593 6604
v 2596.229 1195.471 -121.524
v 2596.229 1195.521 -121.519
f 6606 6605 6607
v 2596.229 1195.422 -121.532
f 6608 6605 6606
v 2596.229 1195.277 -121.568
v 2596.229 1195.373 -121.541
v 2596.229 1195.325 -121.554
f 6609 6610 6611
f 6609 6608 6610
f 6609 6605 6608
v 2596.229 1195.185 -121.605
v 2596.229 1195.230 -121.586
f 6612 6609 6613
v 2596.229 1195.140 -121.627
f 6372 6612 6614
f 6372 6593 6605
f 6372 6605 6609
f 6372 6609 6612
f 6372 6549 6593
f 6408 6412 6414
f 6408 6410 6412
f 6400 6402 6404
f 6398 6404 6406
f 6398 6400 6404
f 6371 6418 6549
f 6371 6414 6416
f 6371 6416 6418
f 6371 6549 6372
f 6394 6396 6398
f 6394 6398 6406
f 6392 6406 6408
f 6392 6394 6406
f 6378 6371 6376
f 6378 6408 6414
f 6378 6414 6371
f 6390 6392 6408
f 6388 6390 6408
f 6382 6378 6380
f 6386 6388 6408
f 6384 6408 6378
f 6384 6378 6382
f 6384 6386 6408
v 2588.229 1200.017 -136.765
v 2588.229 1200.469 -136.301
v 2588.229 1200.249 -136.539
f 6615 6616 6617
v 2588.229 1200.873 -135.794
v 2588.229 1200.678 -136.053
f 6616 6618 6619
v 2588.229 1201.056 -135.527
v 2588.229 1201.380 -134.965
v 2588.229 1201.225 -135.250
f 6620 6621 6622
v 2588.229 1201.521 -134.673
f 6620 6623 6621
v 2588.229 1201.757 -134.070
v 2588.229 1201.933 -133.446
v 2588.229 1201.853 -133.760
f 6624 6625 6626
v 2588.229 1201.647 -134.375
f 6627 6625 6624
f 6623 6625 6627
v 2588.229 1202.045 -132.808
v 2588.229 1201.997 -133.129
f 6625 6628 6629
v 2588.229 1202.078 -132.486
v 2588.229 1202.094 -131.838
v 2588.229 1202.094 -132.162
f 6630 6631 6632
f 6628 6631 6630
v 2588.229 1202.045 -131.192
v 2588.229 1202.078 -131.514
f 6631 6633 6634
v 2588.229 1201.997 -130.871
f 6631 6635 6633
v 2588.229 1201.933 -130.554
f 6631 6636 6635
f 6623 6636 6625
f 6625 6636 6628
f 6628 6636 6631
v 2588.229 1201.757 -129.930
v 2588.229 1201.853 -130.240
f 6636 6637 6638
v 2588.229 1201.647 -129.625
f 6623 6639 6636
f 6636 6639 6637
v 2588.229 1201.521 -129.327
f 6623 6640 6639
v 2588.229 1201.380 -129.035
f 6623 6641 6640
v 2588.229 1201.225 -128.750
f 6623 6642 6641
f 6620 6642 6623
v 2588.229 1192.487 -137.708
v 2588.229 1192.206 -137.546
v 2588.229 1192.776 -137.856
f 6643 6644 6645
v 2588.229 1200.873 -128.206
v 2588.229 1201.056 -128.473
f 6642 6646 6647
f 6618 6646 6620
f 6620 6646 6642
v 2588.229 1191.934 -137.371
v 2588.229 1191.671 -137.181
f 6648 6649 6644
v 2588.229 1200.678 -127.947
f 6618 6650 6646
f 6616 6650 6618
v 2588.229 1191.418 -136.979
v 2588.229 1191.175 -136.765
f 6651 6652 6649
v 2588.229 1200.249 -127.461
v 2588.229 1200.469 -127.699
f 6650 6653 6654
f 6616 6653 6650
v 2588.229 1200.017 -127.235
f 6615 6655 6616
f 6616 6655 6653
v 2588.229 1190.943 -136.539
v 2588.229 1190.722 -136.301
f 6656 6657 6652
v 2588.229 1190.514 -136.053
f 6657 6658 6652
v 2588.229 1199.521 -126.819
f 6615 6659 6655
v 2588.229 1199.774 -127.021
f 6655 6659 6660
v 2588.229 1199.774 -136.979
f 6661 6659 6615
v 2588.229 1199.521 -137.181
f 6662 6659 6661
v 2588.229 1199.257 -137.371
f 6663 6659 6662
v 2588.229 1199.257 -126.629
f 6663 6664 6659
v 2588.229 1198.985 -137.546
f 6665 6664 6663
v 2588.229 1190.318 -135.794
v 2588.229 1190.136 -135.527
f 6666 6667 6658
v 2588.229 1198.704 -126.292
v 2588.229 1198.985 -126.454
f 6664 6668 6669
v 2588.229 1198.704 -137.708
f 6670 6668 6665
f 6665 6668 6664
v 2588.229 1189.812 -134.965
f 6667 6671 6658
v 2588.229 1189.967 -135.250
f 6672 6671 6667
v 2588.229 1198.416 -126.144
f 6670 6673 6668
v 2588.229 1198.416 -137.856
v 2588.229 1198.121 -126.010
f 6674 6675 6670
v 2588.229 1198.121 -137.990
f 6676 6675 6674
v 2588.229 1197.819 -138.108
f 6677 6675 6676
f 6670 6675 6673
v 2588.229 1197.819 -125.892
f 6677 6678 6675
v 2588.229 1189.671 -134.673
v 2588.229 1189.434 -134.070
f 6679 6680 6671
v 2588.229 1189.545 -134.375
f 6681 6680 6679
v 2588.229 1197.512 -138.211
v 2588.229 1197.512 -125.789
f 6682 6683 6677
f 6677 6683 6678
v 2588.229 1197.200 -138.299
v 2588.229 1197.200 -125.701
f 6684 6685 6682
f 6682 6685 6683
v 2588.229 1196.884 -138.371
v 2588.229 1196.884 -125.629
f 6686 6687 6684
f 6684 6687 6685
v 2588.229 1196.565 -138.427
v 2588.229 1196.565 -125.573
f 6688 6689 6686
f 6686 6689 6687
v 2588.229 1189.339 -133.760
v 2588.229 1189.146 -132.808
f 6690 6691 6680
v 2588.229 1189.259 -133.446
f 6692 6691 6690
v 2588.229 1189.195 -133.129
f 6693 6691 6692
v 2588.229 1195.920 -125.508
v 2588.229 1196.243 -125.532
f 6689 6694 6695
v 2588.229 1196.243 -138.468
f 6696 6694 6688
v 2588.229 1195.920 -138.492
f 6697 6694 6696
v 2588.229 1195.596 -138.500
f 6698 6694 6697
f 6688 6694 6689
v 2588.229 1195.596 -125.500
f 6698 6699 6694
v 2588.229 1194.949 -125.532
v 2588.229 1195.272 -125.508
f 6699 6700 6701
f 6698 6700 6699
v 2588.229 1195.272 -138.492
f 6702 6700 6698
v 2588.229 1194.627 -125.573
f 6702 6703 6700
v 2588.229 1194.949 -138.468
f 6704 6703 6702
v 2588.229 1194.627 -138.427
f 6705 6703 6704
v 2588.229 1194.308 -138.371
f 6706 6703 6705
v 2588.229 1189.114 -131.514
v 2588.229 1189.195 -130.871
v 2588.229 1189.098 -131.838
f 6707 6708 6709
v 2588.229 1189.146 -131.192
f 6710 6708 6707
v 2588.229 1193.992 -138.299
v 2588.229 1194.308 -125.629
f 6711 6712 6706
f 6706 6712 6703
v 2588.229 1189.259 -130.554
f 6708 6713 6709
v 2588.229 1189.114 -132.486
f 6714 6713 6691
v 2588.229 1189.098 -132.162
f 6715 6713 6714
f 6709 6713 6715
f 6691 6713 6680
v 2588.229 1193.680 -125.789
v 2588.229 1193.992 -125.701
f 6712 6716 6717
f 6711 6716 6712
v 2588.229 1193.680 -138.211
f 6718 6716 6711
v 2588.229 1189.339 -130.240
v 2588.229 1189.434 -129.930
f 6719 6720 6713
v 2588.229 1193.373 -125.892
f 6718 6721 6716
v 2588.229 1193.373 -138.108
f 6722 6721 6718
v 2588.229 1193.071 -126.010
f 6722 6723 6721
v 2588.229 1193.071 -137.990
f 6724 6723 6722
v 2588.229 1192.776 -126.144
f 6724 6725 6723
v 2588.229 1189.545 -129.625
v 2588.229 1189.812 -129.035
f 6726 6727 6720
v 2588.229 1189.671 -129.327
f 6728 6727 6726
f 6713 6727 6680
f 6720 6727 6713
f 6680 6727 6671
v 2588.229 1192.487 -126.292
f 6724 6729 6725
f 6645 6729 6724
v 2588.229 1192.206 -126.454
f 6644 6730 6645
f 6645 6730 6729
v 2588.229 1190.136 -128.473
f 6727 6731 6671
v 2588.229 1189.967 -128.750
f 6732 6731 6727
v 2588.229 1191.934 -126.629
f 6644 6733 6730
v 2588.229 1191.671 -126.819
f 6649 6734 6644
f 6644 6734 6733
v 2588.229 1190.318 -128.206
v 2588.229 1190.514 -127.947
f 6735 6736 6731
v 2588.229 1190.722 -127.699
f 6731 6737 6671
f 6736 6737 6731
f 6671 6737 6658
v 2588.229 1191.175 -127.235
v 2588.229 1191.418 -127.021
f 6734 6738 6739
f 6652 6738 6649
f 6649 6738 6734
f 6658 6738 6652
f 6737 6738 6658
v 2588.229 1190.943 -127.461
f 6737 6740 6738
o main_5
v 4124.645 -6425.647 -75.433
v 4141.253 -6416.669 -50.000
v 4140.414 -6415.630 -65.898
f 6741 6742 6743
v 4139.438 -6414.719 -81.483
f 6741 6743 6744
v 4124.074 -6423.580 -99.571
f 6741 6744 6745
v 4123.975 -6421.547 -120.156
f 6745 6744 6746
v 4124.275 -6419.668 -136.512
f 6746 6744 6747
v 4124.869 -6418.043 -148.374
f 6747 6744 6748
v 4125.414 -6417.047 -154.406
f 6748 6744 6749
v 4125.740 -6416.562 -156.932
f 6749 6744 6750
v 4126.004 -6416.212 -158.561
f 6750 6744 6751
v 4126.212 -6415.957 -159.631
f 6751 6744 6752
v 4126.426 -6415.714 -160.557
f 6752 6744 6753
v 4126.610 -6415.517 -161.230
f 6753 6744 6754
v 4126.768 -6415.357 -161.722
f 6754 6744 6755
v 4126.902 -6415.226 -162.085
f 6755 6744 6756
v 4127.012 -6415.123 -162.347
f 6756 6744 6757
v 4127.103 -6415.040 -162.538
f 6757 6744 6758
v 4127.186 -6414.966 -162.694
f 6758 6744 6759
v 4127.261 -6414.901 -162.821
f 6759 6744 6760
v 4127.329 -6414.843 -162.925
f 6760 6744 6761
v 4127.391 -6414.791 -163.010
f 6761 6744 6762
v 4127.447 -6414.745 -163.080
f 6762 6744 6763
v 4127.498 -6414.704 -163.136
f 6763 6744 6764
v 4127.543 -6414.667 -163.183
f 6764 6744 6765
v 4127.589 -6414.631 -163.225
f 6765 6744 6766
v 4127.631 -6414.598 -163.260
f 6766 6744 6767
v 4127.669 -6414.569 -163.288
f 6767 6744 6768
v 4127.707 -6414.540 -163.313
f 6768 6744 6769
v 4127.745 -6414.511 -163.335
f 6769 6744 6770
v 4127.779 -6414.486 -163.353
f 6770 6744 6771
v 4127.810 -6414.463 -163.367
f 6771 6744 6772
v 4127.841 -6414.440 -163.379
f 6772 6744 6773
v 4127.872 -6414.417 -163.389
f 6773 6744 6774
v 4127.903 -6414.395 -163.397
f 6774 6744 6775
v 4127.935 -6414.372 -163.403
f 6775 6744 6776
v 4127.966 -6414.350 -163.408
f 6776 6744 6777
v 4127.997 -6414.327 -163.411
f 6777 6744 6778
v 4128.029 -6414.305 -163.411
f 6778 6744 6779
v 4128.061 -6414.283 -163.410
f 6779 6744 6780
v 4128.093 -6414.262 -163.407
f 6780 6744 6781
v 4128.124 -6414.240 -163.403
f 6781 6744 6782
v 4128.156 -6414.218 -163.396
f 6782 6744 6783
v 4128.188 -6414.197 -163.387
f 6783 6744 6784
v 4128.221 -6414.175 -163.377
f 6784 6744 6785
v 4128.253 -6414.154 -163.365
f 6785 6744 6786
v 4128.285 -6414.133 -163.351
f 6786 6744 6787
v 4128.317 -6414.112 -163.335
f 6787 6744 6788
v 4128.350 -6414.091 -163.317
f 6788 6744 6789
v 4128.382 -6414.071 -163.297
f 6789 6744 6790
v 4128.415 -6414.050 -163.275
f 6790 6744 6791
v 4128.448 -6414.030 -163.252
f 6791 6744 6792
v 4128.481 -6414.010 -163.227
f 6792 6744 6793
v 4128.513 -6413.989 -163.199
f 6793 6744 6794
v 4128.546 -6413.969 -163.170
f 6794 6744 6795
v 4128.579 -6413.950 -163.139
f 6795 6744 6796
v 4128.613 -6413.930 -163.107
f 6796 6744 6797
v 4128.657 -6413.904 -163.060
f 6797 6744 6798
v 4128.707 -6413.875 -163.003
f 6798 6744 6799
v 4128.757 -6413.846 -162.943
f 6799 6744 6800
v 4128.807 -6413.817 -162.878
f 6800 6744 6801
v 4128.858 -6413.789 -162.809
f 6801 6744 6802
v 4128.909 -6413.761 -162.736
f 6802 6744 6803
v 4128.976 -6413.725 -162.632
f 6803 6744 6804
v 4129.053 -6413.684 -162.506
f 6804 6744 6805
v 4129.130 -6413.644 -162.371
f 6805 6744 6806
v 4129.208 -6413.605 -162.226
f 6806 6744 6807
v 4129.311 -6413.554 -162.019
f 6807 6744 6808
v 4129.429 -6413.498 -161.765
f 6808 6744 6809
v 4129.547 -6413.444 -161.491
f 6809 6744 6810
v 4129.706 -6413.374 -161.093
f 6810 6744 6811
v 4129.886 -6413.298 -160.601
f 6811 6744 6812
v 4130.067 -6413.227 -160.062
f 6812 6744 6813
v 4130.312 -6413.137 -159.271
f 6813 6744 6814
v 4130.589 -6413.044 -158.284
f 6814 6744 6815
v 4130.964 -6412.934 -156.807
f 6815 6744 6816
v 4131.390 -6412.829 -154.930
f 6816 6744 6817
v 4131.965 -6412.719 -152.080
f 6817 6744 6818
v 4132.838 -6412.621 -147.082
f 6818 6744 6819
v 4134.154 -6412.626 -138.045
f 6819 6744 6820
v 4135.618 -6412.850 -125.866
f 6820 6744 6821
v 4137.559 -6413.531 -105.940
f 6821 6744 6822
v 4136.403 -6431.133 158.561
v 4136.421 -6431.127 58.626
v 4136.714 -6431.026 59.631
f 6823 6824 6825
v 4136.088 -6431.230 57.358
f 6823 6826 6824
v 4135.983 -6431.259 156.932
f 6823 6827 6826
v 4136.714 -6431.026 159.631
v 4136.931 -6430.944 60.308
f 6828 6825 6829
f 6828 6823 6825
v 4137.016 -6430.910 160.557
v 4137.122 -6430.866 60.854
f 6830 6829 6831
f 6830 6828 6829
v 4137.265 -6430.805 161.230
v 4137.265 -6430.805 61.230
v 4137.406 -6430.742 61.576
f 6832 6833 6834
f 6832 6831 6833
f 6832 6830 6831
v 4137.469 -6430.713 161.722
v 4137.531 -6430.684 61.859
f 6835 6834 6836
f 6835 6832 6834
v 4137.638 -6430.632 162.085
v 4137.624 -6430.639 62.055
v 4137.716 -6430.593 62.239
f 6837 6838 6839
f 6837 6836 6838
f 6837 6835 6836
v 4137.774 -6430.564 162.347
v 4137.808 -6430.547 62.409
f 6840 6839 6841
f 6840 6837 6839
v 4137.883 -6430.508 162.538
v 4137.890 -6430.504 62.549
v 4137.950 -6430.472 62.647
f 6842 6843 6844
f 6842 6841 6843
f 6842 6840 6841
v 4137.981 -6430.456 162.694
v 4138.011 -6430.439 62.739
f 6845 6844 6846
f 6845 6842 6844
v 4138.068 -6430.408 162.821
v 4138.071 -6430.406 62.826
v 4138.131 -6430.372 62.906
f 6847 6848 6849
f 6847 6846 6848
f 6847 6845 6846
v 4138.146 -6430.364 162.925
v 4138.184 -6430.342 62.973
f 6850 6849 6851
f 6850 6847 6849
v 4138.216 -6430.324 163.010
v 4138.224 -6430.319 63.019
f 6852 6851 6853
f 6852 6850 6851
v 4138.264 -6430.296 63.064
f 6852 6853 6854
v 4138.279 -6430.287 163.080
f 6855 6852 6854
v 4138.303 -6430.273 63.105
f 6855 6854 6856
v 4138.335 -6430.254 163.136
f 6857 6855 6856
v 4138.343 -6430.249 63.144
v 4138.382 -6430.226 63.180
f 6857 6858 6859
f 6857 6856 6858
v 4138.385 -6430.224 163.183
f 6860 6857 6859
v 4138.421 -6430.202 63.214
f 6860 6859 6861
v 4138.435 -6430.193 163.225
f 6862 6860 6861
v 4138.456 -6430.180 63.242
f 6862 6861 6863
v 4138.480 -6430.165 163.260
f 6864 6862 6863
v 4138.482 -6430.164 63.261
v 4138.508 -6430.148 63.279
f 6864 6865 6866
f 6864 6863 6865
v 4138.521 -6430.140 163.288
f 6867 6864 6866
v 4138.534 -6430.132 63.296
f 6867 6866 6868
v 4138.561 -6430.114 163.313
f 6869 6867 6868
v 4138.560 -6430.115 63.312
v 4138.585 -6430.099 63.327
f 6869 6870 6871
f 6869 6868 6870
v 4138.601 -6430.089 163.335
f 6872 6869 6871
v 4138.611 -6430.082 63.340
f 6872 6871 6873
v 4138.637 -6430.065 163.353
f 6874 6872 6873
v 4138.637 -6430.066 63.353
v 4138.662 -6430.049 63.364
f 6874 6875 6876
f 6874 6873 6875
v 4138.669 -6430.044 163.367
f 6877 6874 6876
v 4138.688 -6430.032 63.374
f 6877 6876 6878
v 4138.701 -6430.023 163.379
f 6879 6877 6878
v 4138.713 -6430.015 63.383
f 6879 6878 6880
v 4138.734 -6430.002 163.389
f 6881 6879 6880
v 4138.739 -6429.998 63.390
f 6881 6880 6882
v 4138.766 -6429.980 163.397
f 6883 6881 6882
v 4138.764 -6429.981 63.397
v 4138.790 -6429.964 63.402
f 6883 6884 6885
f 6883 6882 6884
v 4138.798 -6429.959 163.403
f 6886 6883 6885
v 4138.815 -6429.947 63.406
f 6886 6885 6887
v 4138.829 -6429.937 163.408
f 6888 6886 6887
v 4138.861 -6429.915 163.411
f 6889 6888 6887
v 4138.893 -6429.893 163.411
f 6890 6889 6887
v 4138.924 -6429.871 163.410
f 6891 6890 6887
v 4138.956 -6429.849 163.407
f 6892 6891 6887
v 4138.987 -6429.826 163.403
f 6893 6892 6887
v 4139.019 -6429.804 163.396
f 6894 6893 6887
v 4139.050 -6429.781 163.387
f 6895 6894 6887
v 4139.081 -6429.759 163.377
f 6896 6895 6887
v 4135.639 -6431.347 55.443
f 6897 6826 6827
v 4135.108 -6431.457 52.889
v 4141.937 -6417.815 65.898
f 6898 6899 6897
f 6897 6899 6826
f 6826 6899 6824
f 6824 6899 6825
f 6825 6899 6829
f 6829 6899 6831
f 6831 6899 6833
f 6833 6899 6834
f 6834 6899 6836
f 6836 6899 6838
f 6838 6899 6839
f 6839 6899 6841
f 6841 6899 6843
f 6843 6899 6844
f 6844 6899 6846
f 6846 6899 6848
f 6848 6899 6849
f 6849 6899 6851
f 6851 6899 6853
f 6853 6899 6854
f 6854 6899 6856
f 6856 6899 6858
f 6858 6899 6859
f 6859 6899 6861
f 6861 6899 6863
f 6863 6899 6865
f 6865 6899 6866
f 6866 6899 6868
f 6868 6899 6870
f 6870 6899 6871
f 6871 6899 6873
f 6873 6899 6875
f 6875 6899 6876
f 6876 6899 6878
f 6878 6899 6880
f 6880 6899 6887
v 4142.454 -6419.046 81.483
f 6887 6899 6900
v 4142.918 -6421.220 105.940
f 6887 6900 6901
v 4142.886 -6423.277 125.866
f 6887 6901 6902
v 4142.588 -6424.728 138.045
f 6887 6902 6903
v 4142.137 -6425.965 147.082
f 6887 6903 6904
v 4141.744 -6426.749 152.080
f 6887 6904 6905
v 4141.442 -6427.251 154.930
f 6887 6905 6906
v 4141.195 -6427.614 156.807
f 6887 6906 6907
v 4140.962 -6427.927 158.284
f 6887 6907 6908
v 4140.779 -6428.156 159.271
f 6887 6908 6909
v 4140.610 -6428.354 160.062
f 6887 6909 6910
v 4140.480 -6428.500 160.601
f 6887 6910 6911
v 4140.347 -6428.643 161.093
f 6887 6911 6912
v 4140.227 -6428.767 161.491
f 6887 6912 6913
v 4140.135 -6428.859 161.765
f 6887 6913 6914
v 4140.042 -6428.950 162.019
f 6887 6914 6915
v 4139.958 -6429.030 162.226
f 6887 6915 6916
v 4139.894 -6429.089 162.371
f 6887 6916 6917
v 4139.830 -6429.147 162.506
f 6887 6917 6918
v 4139.765 -6429.205 162.632
f 6887 6918 6919
v 4139.708 -6429.256 162.736
f 6887 6919 6920
v 4139.664 -6429.294 162.809
f 6887 6920 6921
v 4139.620 -6429.332 162.878
f 6887 6921 6922
v 4139.576 -6429.369 162.943
f 6887 6922 6923
v 4139.531 -6429.406 163.003
f 6887 6923 6924
v 4139.487 -6429.443 163.060
f 6887 6924 6925
v 4139.447 -6429.476 163.107
f 6887 6925 6926
v 4139.417 -6429.500 163.139
f 6887 6926 6927
v 4139.387 -6429.524 163.170
f 6887 6927 6928
v 4139.357 -6429.548 163.199
f 6887 6928 6929
v 4139.327 -6429.572 163.227
f 6887 6929 6930
v 4139.296 -6429.596 163.252
f 6887 6930 6931
v 4139.266 -6429.619 163.275
f 6887 6931 6932
v 4139.235 -6429.643 163.297
f 6887 6932 6933
v 4139.205 -6429.666 163.317
f 6887 6933 6934
v 4139.174 -6429.689 163.335
f 6887 6934 6935
v 4139.143 -6429.713 163.351
f 6887 6935 6936
v 4139.112 -6429.736 163.365
f 6887 6936 6937
f 6887 6937 6896
v 4125.665 -6427.533 50.000
v 4127.081 -6429.142 75.433
f 6938 6898 6939
v 4128.823 -6430.393 99.571
f 6939 6898 6940
v 4130.695 -6431.190 120.156
f 6940 6898 6941
v 4132.563 -6431.558 136.512
f 6941 6898 6942
v 4134.292 -6431.564 148.374
f 6942 6898 6943
f 6880 6887 6882
f 6882 6887 6884
f 6884 6887 6885
v 4141.253 -6416.669 50.000
f 6898 6944 6899
v 4135.415 -6431.397 154.406
f 6827 6945 6897
f 6897 6945 6898
f 6898 6945 6943
f 6938 6944 6898
v 4141.253 -6416.669 50.000
v 4138.581 -6414.100 6.599
v 4135.129 -6412.749 -30.194
f 6946 6947 6948
f 6947 6946 6948
v 4132.651 -6412.635 50.000
v 4124.858 -6418.067 50.000
f 6946 6949 6950
v 4138.985 -6427.573 50.000
v 4126.407 -6415.735 50.000
v 4126.098 -6416.095 50.000
f 6951 6952 6953
v 4125.807 -6416.470 50.000
f 6951 6953 6954
v 4125.535 -6416.860 50.000
f 6951 6954 6955
v 4125.283 -6417.262 50.000
f 6951 6955 6956
v 4125.052 -6417.676 50.000
f 6951 6956 6957
v 4124.842 -6418.101 50.000
f 6951 6957 6958
v 4124.653 -6418.537 50.000
f 6951 6958 6959
v 4124.486 -6418.981 50.000
f 6951 6959 6960
v 4124.341 -6419.433 50.000
f 6951 6960 6961
v 4124.219 -6419.892 50.000
f 6951 6961 6962
v 4124.120 -6420.356 50.000
f 6951 6962 6963
v 4124.045 -6420.824 50.000
f 6951 6963 6964
v 4123.993 -6421.296 50.000
f 6951 6964 6965
v 4123.964 -6421.770 50.000
f 6951 6965 6966
v 4123.960 -6422.244 50.000
f 6951 6966 6967
v 4123.979 -6422.719 50.000
f 6951 6967 6968
v 4124.021 -6423.191 50.000
f 6951 6968 6969
v 4124.088 -6423.661 50.000
f 6951 6969 6970
v 4124.177 -6424.127 50.000
f 6951 6970 6971
v 4124.290 -6424.588 50.000
f 6951 6971 6972
v 4124.426 -6425.043 50.000
f 6951 6972 6973
v 4124.584 -6425.491 50.000
f 6951 6973 6974
v 4124.764 -6425.930 50.000
f 6951 6974 6975
v 4124.966 -6426.359 50.000
f 6951 6975 6976
v 4125.190 -6426.778 50.000
f 6951 6976 6977
v 4125.434 -6427.185 50.000
f 6951 6977 6978
v 4125.697 -6427.579 50.000
f 6951 6978 6979
v 4125.981 -6427.960 50.000
f 6951 6979 6980
v 4126.283 -6428.326 50.000
f 6951 6980 6981
v 4126.602 -6428.677 50.000
f 6951 6981 6982
v 4126.939 -6429.011 50.000
f 6951 6982 6983
v 4127.293 -6429.328 50.000
f 6951 6983 6984
v 4127.661 -6429.627 50.000
f 6951 6984 6985
v 4128.044 -6429.907 50.000
f 6951 6985 6986
v 4128.441 -6430.168 50.000
f 6951 6986 6987
v 4128.850 -6430.408 50.000
f 6951 6987 6988
v 4129.271 -6430.628 50.000
f 6951 6988 6989
v 4129.702 -6430.826 50.000
f 6951 6989 6990
v 4130.142 -6431.003 50.000
f 6951 6990 6991
v 4130.591 -6431.158 50.000
f 6951 6991 6992
v 4131.047 -6431.290 50.000
f 6951 6992 6993
v 4131.509 -6431.399 50.000
f 6951 6993 6994
v 4131.976 -6431.484 50.000
f 6951 6994 6995
v 4132.446 -6431.547 50.000
f 6951 6995 6996
v 4132.919 -6431.586 50.000
f 6951 6996 6997
v 4133.393 -6431.601 50.000
f 6951 6997 6998
v 4133.868 -6431.592 50.000
f 6951 6998 6999
v 4134.341 -6431.560 50.000
f 6951 6999 7000
v 4134.813 -6431.504 50.000
f 6951 7000 7001
v 4135.281 -6431.425 50.000
f 6951 7001 7002
v 4135.744 -6431.322 50.000
f 6951 7002 7003
v 4136.202 -6431.196 50.000
f 6951 7003 7004
v 4136.652 -6431.048 50.000
f 6951 7004 7005
v 4137.095 -6430.877 50.000
f 6951 7005 7006
v 4137.529 -6430.685 50.000
f 6951 7006 7007
v 4137.953 -6430.471 50.000
f 6951 7007 7008
v 4138.365 -6430.236 50.000
f 6951 7008 7009
v 4138.765 -6429.981 50.000
f 6951 7009 7010
v 4139.152 -6429.706 50.000
f 6951 7010 7011
v 4139.525 -6429.412 50.000
f 6951 7011 7012
v 4139.882 -6429.100 50.000
f 6951 7012 7013
v 4140.224 -6428.770 50.000
f 7014 6951 7013
v 4140.359 -6417.291 50.000
f 7015 6951 7014
v 4135.925 -6412.927 50.000
v 4135.464 -6412.815 50.000
f 7015 7016 7017
v 4134.998 -6412.726 50.000
f 7015 7017 7018
v 4134.528 -6412.661 50.000
f 7015 7018 7019
v 4134.055 -6412.620 50.000
f 7015 7019 7020
v 4133.581 -6412.602 50.000
f 7015 7020 7021
v 4133.106 -6412.607 50.000
f 7015 7021 7022
v 4132.633 -6412.637 50.000
f 7015 7022 7023
v 4132.161 -6412.690 50.000
f 7015 7023 7024
v 4131.693 -6412.766 50.000
f 7015 7024 7025
v 4131.229 -6412.866 50.000
f 7015 7025 7026
v 4130.770 -6412.989 50.000
f 7015 7026 7027
f 7015 6952 6951
v 4130.319 -6413.135 50.000
f 7015 7027 7028
v 4129.875 -6413.303 50.000
f 7015 7028 7029
v 4129.440 -6413.493 50.000
f 7015 7029 7030
v 4129.015 -6413.704 50.000
f 7015 7030 7031
v 4128.601 -6413.937 50.000
f 7015 7031 7032
v 4128.199 -6414.189 50.000
f 7015 7032 7033
v 4127.811 -6414.462 50.000
f 7015 7033 7034
v 4127.436 -6414.754 50.000
f 7015 7034 7035
v 4127.077 -6415.063 50.000
f 7015 7035 7036
v 4126.734 -6415.391 50.000
f 7015 7036 7037
f 7015 7037 6952
v 4136.380 -6413.061 50.000
f 7038 7016 7015
v 4136.828 -6413.219 50.000
f 7039 7038 7015
v 4137.268 -6413.398 50.000
f 7040 7039 7015
v 4137.698 -6413.599 50.000
f 7041 7040 7015
v 4138.117 -6413.821 50.000
f 7042 7041 7015
v 4138.524 -6414.064 50.000
f 7043 7042 7015
v 4141.253 -6416.669 50.000
f 7044 7015 7014
v 4138.920 -6414.327 50.000
f 7045 7043 7015
v 4140.972 -6416.287 50.000
f 7046 7015 7044
v 4139.301 -6414.610 50.000
f 7047 7045 7015
v 4140.672 -6415.919 50.000
f 7048 7015 7046
v 4139.668 -6414.911 50.000
f 7049 7047 7015
v 4140.354 -6415.566 50.000
f 7050 7015 7048
v 4140.019 -6415.230 50.000
f 7051 7049 7015
f 7051 7015 7050
v 4140.359 -6417.291 -50.000
v 4141.253 -6416.669 -50.000
v 4141.512 -6417.061 -50.000
f 7052 7053 7054
v 4141.751 -6417.465 -50.000
f 7052 7054 7055
v 4141.970 -6417.881 -50.000
f 7052 7055 7056
v 4142.168 -6418.307 -50.000
f 7052 7056 7057
v 4142.345 -6418.743 -50.000
f 7052 7057 7058
v 4142.501 -6419.186 -50.000
f 7052 7058 7059
v 4142.634 -6419.637 -50.000
f 7052 7059 7060
v 4142.744 -6420.094 -50.000
f 7052 7060 7061
v 4142.832 -6420.555 -50.000
f 7052 7061 7062
v 4142.897 -6421.021 -50.000
f 7052 7062 7063
v 4142.939 -6421.489 -50.000
f 7052 7063 7064
v 4142.958 -6421.958 -50.000
f 7052 7064 7065
v 4142.953 -6422.428 -50.000
f 7052 7065 7066
v 4142.925 -6422.898 -50.000
f 7052 7066 7067
v 4142.874 -6423.365 -50.000
f 7052 7067 7068
v 4142.800 -6423.829 -50.000
f 7052 7068 7069
v 4142.703 -6424.289 -50.000
f 7052 7069 7070
v 4142.584 -6424.743 -50.000
f 7052 7070 7071
v 4142.442 -6425.191 -50.000
f 7052 7071 7072
v 4142.278 -6425.632 -50.000
f 7052 7072 7073
v 4142.093 -6426.063 -50.000
f 7052 7073 7074
v 4141.886 -6426.486 -50.000
f 7052 7074 7075
v 4141.659 -6426.897 -50.000
f 7052 7075 7076
v 4141.412 -6427.297 -50.000
f 7052 7076 7077
v 4141.145 -6427.684 -50.000
f 7052 7077 7078
v 4140.860 -6428.057 -50.000
f 7052 7078 7079
v 4140.556 -6428.416 -50.000
f 7052 7079 7080
v 4140.235 -6428.759 -50.000
f 7052 7080 7081
v 4139.898 -6429.086 -50.000
f 7052 7081 7082
v 4139.544 -6429.396 -50.000
f 7052 7082 7083
v 4139.176 -6429.688 -50.000
f 7052 7083 7084
v 4138.794 -6429.961 -50.000
f 7052 7084 7085
v 4138.399 -6430.215 -50.000
f 7052 7085 7086
v 4137.991 -6430.450 -50.000
f 7052 7086 7087
v 4137.573 -6430.664 -50.000
f 7052 7087 7088
v 4137.144 -6430.857 -50.000
f 7052 7088 7089
v 4136.707 -6431.028 -50.000
f 7052 7089 7090
v 4136.261 -6431.178 -50.000
f 7052 7090 7091
v 4135.809 -6431.306 -50.000
f 7052 7091 7092
v 4135.351 -6431.410 -50.000
f 7052 7092 7093
v 4134.888 -6431.493 -50.000
f 7052 7093 7094
v 4134.422 -6431.552 -50.000
f 7052 7094 7095
v 4133.953 -6431.588 -50.000
f 7052 7095 7096
v 4133.484 -6431.601 -50.000
f 7052 7096 7097
v 4133.014 -6431.590 -50.000
f 7052 7097 7098
v 4132.545 -6431.557 -50.000
f 7052 7098 7099
v 4132.079 -6431.500 -50.000
f 7052 7099 7100
v 4131.615 -6431.420 -50.000
f 7052 7100 7101
v 4131.157 -6431.318 -50.000
f 7052 7101 7102
v 4130.704 -6431.193 -50.000
f 7052 7102 7103
v 4130.258 -6431.045 -50.000
f 7052 7103 7104
v 4129.819 -6430.876 -50.000
f 7052 7104 7105
v 4129.390 -6430.685 -50.000
f 7052 7105 7106
v 4128.970 -6430.474 -50.000
f 7052 7106 7107
v 4128.562 -6430.241 -50.000
f 7052 7107 7108
v 4128.165 -6429.989 -50.000
f 7052 7108 7109
v 4127.781 -6429.718 -50.000
f 7110 7052 7109
v 4127.412 -6429.428 -50.000
f 7111 7052 7110
v 4127.057 -6429.120 -50.000
f 7112 7052 7111
v 4126.717 -6428.795 -50.000
f 7113 7052 7112
v 4126.395 -6428.453 -50.000
f 7114 7052 7113
v 4126.089 -6428.096 -50.000
f 7115 7052 7114
v 4125.802 -6427.724 -50.000
f 7116 7052 7115
v 4125.533 -6427.339 -50.000
f 7117 7052 7116
v 4125.284 -6426.940 -50.000
f 7118 7052 7117
v 4125.054 -6426.530 -50.000
f 7119 7052 7118
v 4124.846 -6426.109 -50.000
f 7120 7052 7119
v 4124.658 -6425.678 -50.000
f 7121 7052 7120
v 4124.492 -6425.238 -50.000
f 7122 7052 7121
v 4124.348 -6424.791 -50.000
f 7123 7052 7122
v 4124.226 -6424.337 -50.000
f 7124 7052 7123
v 4124.126 -6423.878 -50.000
f 7125 7052 7124
v 4124.050 -6423.414 -50.000
f 7126 7052 7125
v 4123.996 -6422.947 -50.000
f 7127 7052 7126
v 4123.966 -6422.478 -50.000
f 7128 7052 7127
v 4123.959 -6422.009 -50.000
f 7129 7052 7128
v 4123.975 -6421.539 -50.000
f 7130 7052 7129
v 4124.015 -6421.071 -50.000
f 7131 7052 7130
v 4124.077 -6420.605 -50.000
f 7132 7052 7131
v 4142.719 -6415.759 51.096
v 4141.230 -6416.637 49.530
v 4141.253 -6416.669 50.000
f 7133 7134 7135
v 4141.292 -6416.726 50.822
v 4141.305 -6416.745 51.096
f 7133 7136 7137
v 4141.279 -6416.707 50.548
f 7133 7138 7136
f 7133 7135 7138
v 4141.207 -6416.605 49.061
f 7139 7134 7133
v 4141.184 -6416.573 48.591
f 7140 7139 7133
v 4141.163 -6416.540 48.121
f 7141 7140 7133
v 4141.292 -6416.726 50.822
v 4140.359 -6417.291 50.000
v 4139.891 -6417.730 51.096
f 7142 7143 7144
v 4141.305 -6416.745 51.096
f 7142 7144 7145
v 4141.279 -6416.707 50.548
f 7146 7143 7142
v 4141.253 -6416.669 50.000
f 7147 7143 7146
v 4138.933 -6429.865 163.410
v 4138.846 -6429.926 163.410
v 4138.875 -6429.906 163.411
f 7148 7149 7150
v 4138.904 -6429.885 163.411
f 7148 7150 7151
v 4138.961 -6429.845 163.407
f 7152 7149 7148
v 4138.817 -6429.946 163.406
f 7152 7153 7149
v 4138.990 -6429.824 163.402
f 7154 7153 7152
v 4138.788 -6429.965 163.402
f 7154 7155 7153
v 4139.019 -6429.804 163.396
f 7156 7155 7154
v 4138.759 -6429.985 163.395
f 7156 7157 7155
v 4139.047 -6429.783 163.388
f 7158 7157 7156
v 4138.729 -6430.005 163.388
f 7158 7159 7157
v 4139.076 -6429.762 163.379
f 7160 7159 7158
v 4138.697 -6430.026 163.377
f 7160 7161 7159
v 4139.104 -6429.742 163.368
f 7162 7161 7160
v 4138.660 -6430.050 163.363
f 7162 7163 7161
v 4139.132 -6429.721 163.356
f 7164 7163 7162
v 4138.624 -6430.074 163.347
f 7164 7165 7163
v 4139.160 -6429.699 163.342
f 7166 7165 7164
v 4138.587 -6430.097 163.328
f 7166 7167 7165
v 4139.189 -6429.678 163.326
f 7168 7167 7166
v 4139.217 -6429.657 163.309
f 7169 7167 7168
v 4138.551 -6430.121 163.307
f 7169 7170 7167
v 4139.245 -6429.636 163.291
f 7171 7170 7169
v 4138.510 -6430.147 163.281
f 7171 7172 7170
v 4139.273 -6429.614 163.270
f 7173 7172 7171
v 4138.464 -6430.175 163.248
f 7173 7174 7172
v 4139.300 -6429.593 163.249
f 7175 7174 7173
v 4139.328 -6429.571 163.225
f 7176 7174 7175
v 4138.419 -6430.203 163.212
f 7176 7177 7174
v 4139.356 -6429.549 163.200
f 7178 7177 7176
v 4138.373 -6430.231 163.172
f 7178 7179 7177
v 4139.383 -6429.527 163.174
f 7180 7179 7178
v 4139.420 -6429.498 163.136
v 4138.322 -6430.262 163.124
f 7181 7182 7179
f 7181 7179 7180
v 4139.461 -6429.464 163.091
v 4138.265 -6430.295 163.065
f 7183 7184 7182
f 7183 7182 7181
v 4139.502 -6429.431 163.042
v 4138.201 -6430.332 162.992
f 7185 7186 7184
f 7185 7184 7183
v 4139.542 -6429.397 162.989
f 7187 7186 7185
v 4139.583 -6429.363 162.933
v 4138.130 -6430.373 162.904
f 7188 7189 7186
f 7188 7186 7187
v 4139.623 -6429.329 162.873
v 4138.051 -6430.417 162.797
f 7190 7191 7189
f 7190 7189 7188
v 4139.677 -6429.283 162.788
f 7192 7191 7190
v 4139.736 -6429.231 162.685
v 4137.962 -6430.466 162.665
f 7193 7194 7191
f 7193 7191 7192
v 4139.796 -6429.179 162.574
v 4137.866 -6430.517 162.508
f 7195 7196 7194
f 7195 7194 7193
v 4139.854 -6429.125 162.456
v 4137.746 -6430.578 162.295
f 7197 7198 7196
f 7197 7196 7195
v 4139.913 -6429.072 162.329
f 7199 7198 7197
v 4139.990 -6429.000 162.149
v 4137.612 -6430.645 162.031
f 7200 7201 7198
f 7200 7198 7199
v 4140.076 -6428.917 161.929
v 4137.445 -6430.724 161.666
f 7202 7203 7201
f 7202 7201 7200
v 4140.160 -6428.834 161.691
f 7204 7203 7202
v 4140.272 -6428.721 161.348
v 4137.243 -6430.815 161.174
f 7205 7206 7203
f 7205 7203 7204
v 4140.395 -6428.592 160.924
v 4136.997 -6430.917 160.502
f 7207 7208 7206
f 7207 7206 7205
v 4140.515 -6428.461 160.461
f 7209 7208 7207
v 4140.672 -6428.282 159.783
f 7210 7208 7209
v 4136.666 -6431.043 159.473
f 7210 7211 7208
v 4140.843 -6428.077 158.939
f 7212 7211 7210
v 4136.217 -6431.192 157.863
f 7212 7213 7211
v 4141.063 -6427.796 157.679
f 7214 7213 7212
v 4141.296 -6427.470 156.080
v 4135.608 -6431.355 155.302
f 7215 7216 7213
f 7215 7213 7214
v 4141.586 -6427.020 153.655
f 7217 7216 7215
v 4134.689 -6431.521 150.659
f 7217 7218 7216
v 4141.972 -6426.317 149.404
f 7219 7218 7217
v 4133.547 -6431.600 143.643
f 7219 7220 7218
v 4142.333 -6425.491 143.777
f 7221 7220 7219
v 4142.690 -6424.342 134.967
f 7222 7220 7221
v 4132.306 -6431.531 134.491
f 7222 7223 7220
v 4142.917 -6422.985 123.227
f 7224 7223 7222
v 4129.678 -6430.816 109.556
v 4131.002 -6431.278 123.106
f 7224 7225 7226
f 7224 7226 7223
v 4142.940 -6421.510 108.932
f 7227 7225 7224
v 4128.390 -6430.136 94.093
f 7227 7228 7225
v 4142.716 -6419.966 92.283
f 7229 7228 7227
v 4127.191 -6429.240 77.146
f 7229 7230 7228
v 4142.217 -6418.420 73.734
f 7231 7230 7229
v 4126.136 -6428.153 59.294
f 7231 7232 7230
v 4141.803 -6417.559 62.478
f 7233 7232 7231
v 4139.891 -6417.730 51.096
v 4125.183 -6426.767 39.212
f 7234 7235 7232
f 7234 7232 7233
v 4141.305 -6416.745 51.096
f 7236 7234 7233
v 4140.359 -6417.291 50.000
f 7237 7235 7234
v 4141.230 -6416.637 49.530
v 4141.253 -6416.669 50.000
f 7238 7237 7239
v 4142.719 -6415.759 51.096
f 7240 7233 7231
f 7240 7236 7233
v 4141.207 -6416.605 49.061
f 7241 7237 7238
v 4141.184 -6416.573 48.591
f 7242 7237 7241
v 4141.163 -6416.540 48.121
f 7243 7235 7237
f 7243 7237 7242
v 4140.178 -6415.385 30.088
f 7244 7243 7240
v 4124.499 -6425.259 19.777
f 7244 7245 7235
f 7244 7235 7243
v 4139.023 -6414.401 12.562
v 4124.095 -6423.706 1.807
f 7246 7247 7245
f 7246 7245 7244
v 4137.764 -6413.632 -3.558
v 4123.959 -6422.179 -14.078
f 7248 7249 7247
f 7248 7247 7246
v 4136.448 -6413.083 -17.917
v 4124.057 -6420.739 -27.513
f 7250 7251 7249
f 7250 7249 7248
v 4135.129 -6412.749 -30.189
v 4124.342 -6419.431 -38.382
f 7252 7253 7251
f 7252 7251 7250
v 4133.858 -6412.609 -40.234
v 4124.686 -6418.455 -45.586
f 7254 7255 7253
f 7254 7253 7252
v 4132.673 -6412.633 -48.087
v 4125.080 -6417.624 -51.040
f 7256 7257 7255
f 7256 7255 7254
v 4131.602 -6412.784 -53.922
v 4125.638 -6416.708 -56.203
v 4125.386 -6417.093 -54.153
f 7258 7259 7260
f 7258 7260 7257
f 7258 7257 7256
v 4130.912 -6412.949 -57.022
v 4125.877 -6416.376 -57.817
f 7261 7262 7259
f 7261 7259 7258
v 4130.403 -6413.106 -58.956
f 7263 7262 7261
v 4126.240 -6415.925 -59.760
v 4126.066 -6416.135 -58.896
f 7263 7264 7265
f 7263 7265 7262
v 4130.028 -6413.242 -60.183
f 7266 7264 7263
v 4126.375 -6415.771 -60.349
f 7266 7267 7264
v 4129.750 -6413.355 -60.975
v 4126.638 -6415.488 -61.322
v 4126.512 -6415.620 -60.887
f 7268 7269 7270
f 7268 7270 7267
f 7268 7267 7266
v 4129.522 -6413.455 -61.551
f 7271 7269 7268
v 4126.733 -6415.391 -61.621
f 7271 7272 7269
v 4129.352 -6413.534 -61.932
f 7273 7272 7271
v 4126.917 -6415.212 -62.124
v 4126.830 -6415.296 -61.898
f 7273 7274 7275
f 7273 7275 7272
v 4128.080 -6414.270 -63.409
v 4128.053 -6414.289 -63.411
v 4128.027 -6414.307 -63.411
f 7276 7277 7278
v 4127.899 -6414.398 -63.396
f 7276 7278 7279
v 4128.110 -6414.249 -63.405
f 7280 7276 7279
v 4128.141 -6414.229 -63.400
f 7281 7280 7279
v 4128.171 -6414.208 -63.392
v 4127.866 -6414.422 -63.387
f 7282 7279 7283
f 7282 7281 7279
v 4129.212 -6413.603 -62.217
f 7284 7274 7273
v 4126.984 -6415.149 -62.282
f 7284 7285 7274
v 4128.202 -6414.188 -63.383
v 4127.833 -6414.445 -63.376
f 7286 7283 7287
f 7286 7282 7283
v 4128.232 -6414.168 -63.373
v 4127.801 -6414.469 -63.363
f 7288 7287 7289
f 7288 7286 7287
v 4128.266 -6414.145 -63.359
v 4127.768 -6414.494 -63.348
f 7290 7289 7291
f 7290 7288 7289
v 4128.304 -6414.121 -63.341
v 4127.736 -6414.518 -63.330
f 7292 7291 7293
f 7292 7290 7291
v 4129.087 -6413.666 -62.447
f 7294 7285 7284
v 4127.118 -6415.027 -62.567
v 4127.050 -6415.088 -62.430
f 7294 7295 7296
f 7294 7296 7285
v 4128.343 -6414.096 -63.321
v 4127.704 -6414.542 -63.311
f 7297 7293 7298
f 7297 7292 7293
v 4128.381 -6414.072 -63.298
v 4127.672 -6414.567 -63.290
f 7299 7298 7300
f 7299 7297 7298
v 4128.986 -6413.719 -62.616
f 7301 7295 7294
v 4127.178 -6414.973 -62.680
f 7301 7302 7295
v 4128.419 -6414.048 -63.273
v 4127.640 -6414.591 -63.267
f 7303 7300 7304
f 7303 7299 7300
v 4128.462 -6414.021 -63.241
v 4127.608 -6414.616 -63.241
f 7305 7304 7306
v 4127.576 -6414.641 -63.214
f 7305 7306 7307
f 7305 7303 7304
v 4128.894 -6413.769 -62.758
f 7308 7302 7301
v 4127.270 -6414.894 -62.835
v 4127.224 -6414.933 -62.760
f 7308 7309 7310
f 7308 7310 7302
v 4128.510 -6413.992 -63.203
v 4127.545 -6414.666 -63.184
f 7311 7307 7312
f 7311 7305 7307
v 4128.557 -6413.963 -63.160
v 4127.513 -6414.691 -63.153
f 7313 7312 7314
v 4127.482 -6414.717 -63.119
f 7313 7314 7315
f 7313 7311 7312
v 4128.811 -6413.815 -62.873
f 7316 7309 7308
v 4127.316 -6414.854 -62.906
f 7316 7317 7309
v 4128.611 -6413.931 -63.108
v 4127.450 -6414.742 -63.084
f 7318 7315 7319
f 7318 7313 7315
v 4128.737 -6413.857 -62.968
f 7320 7317 7316
v 4127.409 -6414.776 -63.033
v 4127.362 -6414.815 -62.972
f 7320 7321 7322
f 7320 7322 7317
v 4128.670 -6413.896 -63.045
f 7323 7319 7321
f 7323 7318 7319
f 7323 7321 7320
v 4138.891 -6429.895 63.411
v 4138.921 -6429.873 63.411
v 4138.906 -6429.884 63.411
f 7324 7325 7326
v 4138.815 -6429.947 63.406
f 7327 7325 7324
v 4138.976 -6429.835 63.405
v 4138.948 -6429.854 63.408
f 7327 7328 7329
f 7327 7329 7325
v 4138.790 -6429.964 63.402
f 7330 7328 7327
v 4139.003 -6429.815 63.400
f 7330 7331 7328
v 4138.764 -6429.981 63.397
f 7332 7331 7330
v 4139.033 -6429.794 63.392
f 7332 7333 7331
v 4138.739 -6429.998 63.390
f 7334 7333 7332
v 4139.066 -6429.770 63.382
f 7334 7335 7333
v 4138.713 -6430.015 63.383
f 7336 7335 7334
v 4138.688 -6430.032 63.374
f 7337 7335 7336
v 4139.099 -6429.745 63.370
f 7337 7338 7335
v 4138.662 -6430.049 63.364
f 7339 7338 7337
v 4139.132 -6429.721 63.356
f 7339 7340 7338
v 4138.637 -6430.066 63.353
f 7341 7340 7339
v 4139.165 -6429.696 63.339
f 7341 7342 7340
v 4138.611 -6430.082 63.340
f 7343 7342 7341
v 4138.585 -6430.099 63.327
f 7344 7342 7343
v 4139.198 -6429.671 63.321
f 7344 7345 7342
v 4138.560 -6430.115 63.312
f 7346 7345 7344
v 4139.234 -6429.644 63.298
f 7346 7347 7345
v 4138.534 -6430.132 63.296
f 7348 7347 7346
v 4138.508 -6430.148 63.279
f 7349 7347 7348
v 4139.275 -6429.613 63.269
f 7349 7350 7347
v 4138.482 -6430.164 63.261
f 7351 7350 7349
v 4139.315 -6429.581 63.237
f 7351 7352 7350
v 4138.456 -6430.180 63.242
f 7353 7352 7351
v 4138.421 -6430.202 63.214
v 4139.354 -6429.550 63.202
f 7354 7355 7352
f 7354 7352 7353
v 4138.382 -6430.226 63.180
v 4139.399 -6429.515 63.159
f 7356 7357 7355
f 7356 7355 7354
v 4138.343 -6430.249 63.144
v 4139.447 -6429.475 63.106
f 7358 7359 7357
f 7358 7357 7356
v 4138.303 -6430.273 63.105
f 7360 7359 7358
v 4138.264 -6430.296 63.064
v 4139.501 -6429.431 63.042
f 7361 7362 7359
f 7361 7359 7360
v 4138.224 -6430.319 63.019
v 4139.561 -6429.382 62.964
f 7363 7364 7362
f 7363 7362 7361
v 4138.184 -6430.342 62.973
f 7365 7364 7363
v 4138.131 -6430.372 62.906
v 4139.627 -6429.326 62.868
f 7366 7367 7364
f 7366 7364 7365
v 4138.071 -6430.406 62.826
v 4139.699 -6429.264 62.751
f 7368 7369 7367
f 7368 7367 7366
v 4138.011 -6430.439 62.739
f 7370 7369 7368
v 4137.950 -6430.472 62.647
v 4139.776 -6429.196 62.611
f 7371 7372 7369
f 7371 7369 7370
v 4137.890 -6430.504 62.549
v 4139.871 -6429.110 62.421
f 7373 7374 7372
f 7373 7372 7371
v 4137.808 -6430.547 62.409
f 7375 7374 7373
v 4137.716 -6430.593 62.239
v 4139.975 -6429.014 62.185
f 7376 7377 7374
f 7376 7374 7375
v 4137.624 -6430.639 62.055
v 4140.101 -6428.893 61.860
f 7378 7379 7377
f 7378 7377 7376
v 4137.531 -6430.684 61.859
f 7380 7379 7378
v 4137.406 -6430.742 61.576
v 4140.249 -6428.745 61.420
f 7381 7382 7379
f 7381 7379 7380
v 4137.265 -6430.805 61.230
f 7383 7382 7381
v 4140.423 -6428.562 60.821
f 7383 7384 7382
v 4137.122 -6430.866 60.854
f 7385 7384 7383
v 4136.931 -6430.944 60.308
f 7386 7384 7385
v 4140.647 -6428.312 59.900
f 7386 7387 7384
v 4136.714 -6431.026 59.631
f 7388 7387 7386
v 4140.931 -6427.967 58.460
f 7388 7389 7387
v 4136.421 -6431.127 58.626
f 7390 7389 7388
v 4136.088 -6431.230 57.358
f 7391 7389 7390
v 4141.177 -6427.640 56.932
f 7391 7392 7389
v 4135.639 -6431.347 55.443
f 7393 7392 7391
v 4141.613 -6426.975 53.396
f 7393 7394 7392
v 4135.127 -6431.453 52.987
f 7395 7394 7393
v 4134.437 -6431.550 49.230
f 7396 7394 7395
v 4142.119 -6426.006 47.361
f 7396 7397 7394
v 4133.394 -6431.601 42.600
f 7398 7397 7396
v 4142.541 -6424.887 39.284
f 7398 7399 7397
v 4132.111 -6431.505 32.907
f 7400 7399 7398
v 4142.834 -6423.633 29.004
f 7400 7401 7399
v 4130.748 -6431.206 20.671
f 7402 7401 7400
v 4142.957 -6422.271 16.503
f 7402 7403 7401
v 4129.355 -6430.669 5.900
f 7404 7403 7402
v 4142.875 -6420.842 1.940
f 7404 7405 7403
v 4127.996 -6429.874 -11.158
v 4142.565 -6419.395 -14.339
f 7406 7407 7405
f 7406 7405 7404
v 4126.745 -6428.822 -30.000
v 4142.018 -6417.980 -31.939
f 7408 7409 7407
f 7408 7407 7406
v 4141.230 -6416.637 -50.470
v 4142.719 -6415.759 -48.904
v 4141.253 -6416.669 -50.000
f 7410 7411 7412
v 4141.207 -6416.605 -50.939
f 7413 7411 7410
v 4140.359 -6417.291 -50.000
f 7414 7413 7410
f 7414 7410 7412
v 4141.184 -6416.573 -51.409
f 7415 7411 7413
f 7415 7413 7414
v 4141.163 -6416.540 -51.879
f 7416 7411 7415
f 7416 7415 7414
v 4140.325 -6415.536 -67.433
f 7417 7411 7416
v 4125.670 -6427.540 -49.892
f 7418 7409 7408
f 7418 7414 7409
f 7418 7416 7414
v 4124.903 -6426.230 -67.954
v 4139.358 -6414.655 -82.657
f 7419 7420 7417
f 7419 7417 7416
f 7419 7416 7418
v 4124.357 -6424.824 -85.450
v 4138.028 -6413.772 -100.385
f 7421 7422 7420
f 7421 7420 7419
v 4124.045 -6423.378 -101.748
v 4136.639 -6413.149 -115.968
f 7423 7424 7422
f 7423 7422 7421
v 4123.960 -6421.948 -116.334
v 4135.259 -6412.773 -129.070
f 7425 7426 7424
f 7425 7424 7423
v 4124.080 -6420.585 -128.862
f 7427 7426 7425
v 4124.372 -6419.329 -139.170
v 4133.944 -6412.613 -139.609
f 7428 7429 7426
f 7428 7426 7427
v 4124.793 -6418.209 -147.274
v 4132.049 -6412.706 -151.637
v 4132.804 -6412.623 -147.289
f 7430 7431 7432
f 7430 7432 7429
f 7430 7429 7428
v 4125.298 -6417.238 -153.333
v 4131.488 -6412.808 -154.472
f 7433 7434 7431
f 7433 7431 7430
v 4125.734 -6416.572 -156.885
f 7435 7434 7433
v 4130.630 -6413.032 -158.132
v 4130.995 -6412.926 -156.677
f 7435 7436 7437
f 7435 7437 7434
v 4125.979 -6416.244 -158.421
f 7438 7436 7435
v 4130.309 -6413.138 -159.280
f 7438 7439 7436
v 4126.264 -6415.897 -159.869
v 4130.071 -6413.225 -160.050
f 7440 7441 7439
f 7440 7439 7438
v 4126.488 -6415.647 -160.795
f 7442 7441 7440
v 4129.706 -6413.373 -161.092
v 4129.862 -6413.308 -160.669
f 7442 7443 7444
f 7442 7444 7441
v 4126.661 -6415.464 -161.399
f 7445 7443 7442
v 4129.551 -6413.442 -161.480
f 7445 7446 7443
v 4126.810 -6415.315 -161.842
v 4129.313 -6413.553 -162.014
v 4129.415 -6413.504 -161.796
f 7447 7448 7449
f 7447 7449 7446
f 7447 7446 7445
v 4128.000 -6414.326 -163.411
v 4128.027 -6414.307 -163.411
v 4128.055 -6414.287 -163.411
f 7450 7451 7452
v 4127.973 -6414.345 -163.409
v 4128.082 -6414.269 -163.409
f 7453 7452 7454
f 7453 7450 7452
v 4127.946 -6414.364 -163.405
v 4128.110 -6414.250 -163.405
f 7455 7454 7456
f 7455 7453 7454
v 4127.918 -6414.384 -163.400
v 4128.137 -6414.231 -163.400
f 7457 7456 7458
v 4128.165 -6414.212 -163.394
f 7457 7458 7459
f 7457 7455 7456
v 4127.888 -6414.405 -163.393
f 7460 7457 7459
v 4128.193 -6414.194 -163.386
f 7460 7459 7461
v 4126.936 -6415.194 -162.169
v 4129.212 -6413.603 -162.217
f 7462 7463 7448
f 7462 7448 7447
v 4127.855 -6414.430 -163.384
v 4128.221 -6414.175 -163.377
f 7464 7461 7465
f 7464 7460 7461
v 4127.822 -6414.454 -163.372
f 7466 7464 7465
v 4128.249 -6414.157 -163.366
f 7466 7465 7467
v 4127.789 -6414.478 -163.357
f 7468 7466 7467
v 4128.277 -6414.139 -163.355
f 7468 7467 7469
v 4127.040 -6415.097 -162.407
f 7470 7463 7462
v 4129.056 -6413.682 -162.500
v 4129.123 -6413.648 -162.384
f 7470 7471 7472
f 7470 7472 7463
v 4127.756 -6414.503 -163.341
f 7473 7468 7469
v 4128.305 -6414.121 -163.341
f 7473 7469 7474
v 4128.333 -6414.103 -163.326
f 7473 7474 7475
v 4127.723 -6414.528 -163.323
f 7476 7473 7475
v 4128.361 -6414.085 -163.310
f 7476 7475 7477
v 4127.686 -6414.556 -163.300
f 7478 7476 7477
v 4128.389 -6414.067 -163.293
f 7478 7477 7479
v 4127.134 -6415.012 -162.599
v 4128.924 -6413.753 -162.713
v 4128.990 -6413.718 -162.610
f 7480 7481 7482
f 7480 7482 7471
f 7480 7471 7470
v 4127.646 -6414.587 -163.271
f 7483 7478 7479
v 4128.417 -6414.049 -163.274
f 7483 7479 7484
v 4128.445 -6414.031 -163.254
f 7483 7484 7485
v 4127.606 -6414.618 -163.239
v 4128.474 -6414.014 -163.232
f 7486 7485 7487
v 4128.502 -6413.996 -163.209
f 7486 7487 7488
f 7486 7483 7485
v 4127.212 -6414.944 -162.740
v 4128.858 -6413.789 -162.809
f 7489 7490 7481
f 7489 7481 7480
v 4127.561 -6414.653 -163.200
v 4128.540 -6413.973 -163.176
f 7491 7488 7492
f 7491 7486 7488
v 4127.512 -6414.692 -163.152
v 4128.583 -6413.947 -163.136
f 7493 7492 7494
f 7493 7491 7492
v 4127.284 -6414.881 -162.858
v 4128.800 -6413.822 -162.888
f 7495 7496 7490
f 7495 7490 7489
v 4127.464 -6414.731 -163.099
v 4128.626 -6413.922 -163.092
f 7497 7494 7498
v 4128.669 -6413.896 -163.046
f 7497 7498 7499
f 7497 7493 7494
v 4127.350 -6414.825 -162.955
v 4128.713 -6413.871 -162.997
v 4128.756 -6413.846 -162.944
f 7500 7501 7502
f 7500 7502 7496
f 7500 7496 7495
v 4127.410 -6414.776 -163.034
f 7503 7499 7501
f 7503 7497 7499
f 7503 7501 7500
f 7412 7409 7414
f 7409 7412 7411
o main_6
v 2848.779 1187.778 120.757
v 2848.779 1188.098 120.375
v 2848.779 1188.437 120.010
f 7504 7505 7506
v 2848.779 1189.558 119.021
v 2848.779 1188.794 119.662
v 2848.779 1189.168 119.332
f 7507 7508 7509
f 7507 7506 7508
v 2848.779 1187.196 121.567
f 7510 7504 7506
v 2848.779 1187.476 121.155
f 7510 7511 7504
v 2848.779 1190.381 118.459
v 2848.779 1189.963 118.730
f 7512 7507 7513
v 2848.779 1186.697 122.430
v 2848.779 1186.936 121.992
f 7514 7515 7510
v 2848.779 1191.711 117.778
v 2848.779 1190.813 118.210
v 2848.779 1191.257 117.983
f 7516 7517 7518
f 7516 7512 7517
v 2848.779 1186.287 123.339
v 2848.779 1186.481 122.879
f 7519 7520 7514
v 2848.779 1186.117 123.807
f 7521 7506 7507
f 7521 7510 7506
f 7521 7507 7512
f 7521 7514 7510
f 7521 7519 7514
v 2848.779 1193.128 117.302
v 2848.779 1192.176 117.595
v 2848.779 1192.648 117.437
f 7522 7523 7524
v 2848.779 1194.105 117.104
f 7525 7512 7516
v 2848.779 1193.614 117.191
f 7525 7522 7526
f 7525 7516 7523
f 7525 7523 7522
v 2848.779 1185.624 126.245
v 2848.779 1185.748 125.256
v 2848.779 1185.847 124.767
f 7527 7528 7529
v 2848.779 1185.673 125.749
f 7527 7530 7528
v 2848.779 1195.097 117.005
v 2848.779 1194.600 117.042
f 7531 7525 7532
v 2848.779 1196.094 117.005
f 7533 7521 7512
v 2848.779 1195.596 116.992
f 7533 7531 7534
f 7533 7512 7525
f 7533 7525 7531
v 2848.779 1185.970 124.284
f 7533 7535 7521
f 7533 7529 7535
v 2848.779 1197.086 117.104
v 2848.779 1196.591 117.042
f 7536 7533 7537
f 7536 7529 7533
f 7536 7527 7529
v 2848.779 1185.599 126.743
f 7536 7538 7527
v 2848.779 1185.748 128.729
v 2848.779 1185.624 127.740
v 2848.779 1185.599 127.242
f 7539 7540 7541
v 2848.779 1185.673 128.236
f 7539 7542 7540
v 2848.779 1185.847 129.218
f 7543 7538 7536
f 7543 7539 7541
f 7543 7541 7538
v 2848.779 1186.117 130.177
v 2848.779 1185.970 129.701
f 7544 7545 7543
v 2848.779 1199.016 117.595
v 2848.779 1198.063 117.302
v 2848.779 1198.543 117.437
f 7546 7547 7548
v 2848.779 1186.287 130.646
f 7549 7544 7543
v 2848.779 1186.697 131.554
v 2848.779 1186.481 131.105
f 7550 7551 7549
f 7550 7549 7543
v 2848.779 1197.577 117.191
f 7550 7552 7547
f 7550 7536 7552
f 7550 7543 7536
v 2848.779 1200.378 118.210
f 7553 7547 7546
v 2848.779 1199.480 117.778
v 2848.779 1199.935 117.983
f 7553 7554 7555
f 7553 7546 7554
v 2848.779 1200.810 118.459
f 7556 7547 7553
v 2848.779 1201.229 118.730
f 7557 7547 7556
v 2848.779 1187.476 132.830
v 2848.779 1186.936 131.992
f 7558 7559 7550
v 2848.779 1187.196 132.418
f 7558 7560 7559
v 2848.779 1202.024 119.332
f 7561 7547 7557
v 2848.779 1201.634 119.021
f 7561 7557 7562
v 2848.779 1188.098 133.609
v 2848.779 1187.778 133.227
f 7563 7564 7558
v 2848.779 1202.754 120.010
f 7565 7550 7547
f 7565 7558 7550
f 7565 7547 7561
v 2848.779 1202.398 119.662
f 7565 7561 7566
v 2848.779 1189.168 134.653
v 2848.779 1188.437 133.975
f 7567 7568 7563
v 2848.779 1188.794 134.323
f 7567 7569 7568
v 2848.779 1189.558 134.964
f 7570 7567 7563
v 2848.779 1203.996 121.567
v 2848.779 1203.414 120.757
v 2848.779 1203.715 121.155
f 7571 7572 7573
v 2848.779 1190.381 135.525
v 2848.779 1189.963 135.255
f 7574 7575 7570
f 7574 7570 7563
v 2848.779 1204.256 121.992
f 7576 7572 7571
v 2848.779 1204.495 122.430
v 2848.779 1203.094 120.375
f 7577 7578 7572
f 7577 7572 7576
v 2848.779 1191.257 136.002
v 2848.779 1190.813 135.775
f 7579 7580 7574
f 7579 7574 7563
v 2848.779 1205.075 123.807
v 2848.779 1204.711 122.879
v 2848.779 1204.905 123.339
f 7581 7582 7583
f 7581 7577 7582
v 2848.779 1192.648 136.548
v 2848.779 1192.176 136.389
v 2848.779 1191.711 136.207
f 7584 7585 7586
v 2848.779 1205.222 124.284
f 7587 7577 7581
v 2848.779 1193.128 136.683
f 7588 7584 7586
v 2848.779 1205.345 124.767
f 7589 7586 7579
f 7589 7563 7558
f 7589 7565 7578
f 7589 7558 7565
f 7589 7578 7577
f 7589 7579 7563
f 7589 7577 7587
v 2848.779 1193.614 136.794
f 7590 7588 7586
v 2848.779 1205.593 126.743
v 2848.779 1205.518 125.749
v 2848.779 1205.568 126.245
f 7591 7592 7593
v 2848.779 1205.444 125.256
f 7591 7594 7592
f 7591 7589 7594
v 2848.779 1195.596 136.992
v 2848.779 1195.097 136.980
v 2848.779 1194.600 136.943
f 7595 7596 7597
v 2848.779 1205.593 127.242
f 7598 7589 7591
v 2848.779 1196.094 136.980
f 7599 7595 7597
v 2848.779 1194.105 136.881
f 7599 7600 7590
f 7599 7597 7600
v 2848.779 1205.444 128.729
v 2848.779 1205.568 127.740
v 2848.779 1205.518 128.236
f 7601 7602 7603
f 7601 7598 7602
v 2848.779 1198.063 136.683
v 2848.779 1196.591 136.943
f 7604 7605 7599
v 2848.779 1197.086 136.881
f 7604 7606 7605
v 2848.779 1197.577 136.794
f 7604 7607 7606
v 2848.779 1205.075 130.177
f 7608 7598 7601
f 7608 7589 7598
v 2848.779 1205.345 129.218
v 2848.779 1205.222 129.701
f 7608 7609 7610
f 7608 7601 7609
v 2848.779 1199.016 136.389
v 2848.779 1198.543 136.548
f 7611 7612 7604
f 7611 7599 7590
f 7611 7604 7599
f 7611 7590 7586
v 2848.779 1204.711 131.105
v 2848.779 1204.905 130.646
f 7613 7608 7614
v 2848.779 1200.378 135.775
v 2848.779 1199.935 136.002
v 2848.779 1199.480 136.207
f 7615 7616 7617
v 2848.779 1204.256 131.992
v 2848.779 1204.495 131.554
f 7618 7613 7619
f 7618 7608 7613
v 2848.779 1200.810 135.525
f 7620 7617 7611
f 7620 7615 7617
v 2848.779 1201.229 135.255
f 7621 7611 7586
f 7621 7620 7611
v 2848.779 1203.715 132.830
v 2848.779 1203.996 132.418
f 7622 7618 7623
f 7622 7608 7618
v 2848.779 1203.414 133.227
f 7624 7608 7622
f 7624 7589 7608
f 7624 7586 7589
v 2848.779 1202.024 134.653
v 2848.779 1201.634 134.964
f 7625 7626 7621
f 7625 7621 7586
v 2848.779 1202.754 133.975
v 2848.779 1202.398 134.323
f 7627 7628 7625
v 2848.779 1203.094 133.609
f 7627 7624 7629
f 7627 7625 7586
f 7627 7586 7624
v 2846.779 1203.414 120.757
v 2846.779 1203.094 120.375
v 2846.779 1202.754 120.010
f 7630 7631 7632
v 2846.779 1201.229 118.730
v 2846.779 1202.024 119.332
v 2846.779 1201.634 119.021
f 7633 7634 7635
v 2846.779 1202.398 119.662
f 7633 7636 7634
f 7633 7632 7636
v 2846.779 1203.996 121.567
v 2846.779 1203.715 121.155
f 7637 7638 7630
v 2846.779 1204.495 122.430
v 2846.779 1204.256 121.992
f 7639 7640 7637
v 2846.779 1199.480 117.778
f 7641 7632 7633
v 2846.779 1200.378 118.210
v 2846.779 1199.935 117.983
f 7641 7642 7643
v 2846.779 1200.810 118.459
f 7641 7644 7642
f 7641 7633 7644
v 2846.779 1204.905 123.339
v 2846.779 1204.711 122.879
f 7645 7646 7639
v 2846.779 1199.016 117.595
f 7647 7632 7641
v 2846.779 1205.075 123.807
f 7648 7645 7639
v 2846.779 1205.222 124.284
f 7649 7639 7637
f 7649 7648 7639
v 2846.779 1198.063 117.302
f 7650 7632 7647
v 2846.779 1198.543 117.437
f 7650 7647 7651
v 2846.779 1197.086 117.104
f 7652 7630 7632
f 7652 7637 7630
f 7652 7632 7650
f 7652 7649 7637
v 2846.779 1197.577 117.191
f 7652 7650 7653
v 2846.779 1205.345 124.767
f 7652 7654 7649
v 2846.779 1195.097 117.005
v 2846.779 1196.094 117.005
v 2846.779 1195.596 116.992
f 7655 7656 7657
v 2846.779 1196.591 117.042
f 7655 7658 7656
f 7655 7652 7658
f 7655 7654 7652
v 2846.779 1205.444 125.256
f 7655 7659 7654
v 2846.779 1205.518 125.749
f 7655 7660 7659
v 2846.779 1205.568 126.245
f 7655 7661 7660
v 2846.779 1205.568 127.740
v 2846.779 1205.593 127.242
v 2846.779 1205.593 126.743
f 7662 7663 7664
v 2846.779 1205.345 129.218
v 2846.779 1205.518 128.236
f 7665 7666 7662
v 2846.779 1205.444 128.729
f 7665 7667 7666
f 7665 7662 7664
v 2846.779 1193.128 117.302
v 2846.779 1194.105 117.104
v 2846.779 1193.614 117.191
f 7668 7669 7670
v 2846.779 1194.600 117.042
f 7668 7671 7669
f 7668 7655 7671
v 2846.779 1205.075 130.177
v 2846.779 1205.222 129.701
f 7672 7673 7665
v 2846.779 1191.711 117.778
v 2846.779 1192.648 117.437
v 2846.779 1192.176 117.595
f 7674 7675 7676
v 2846.779 1204.711 131.105
v 2846.779 1204.905 130.646
f 7677 7678 7672
v 2846.779 1191.257 117.983
f 7679 7655 7668
f 7679 7675 7674
f 7679 7668 7675
v 2846.779 1204.495 131.554
f 7680 7677 7672
f 7680 7672 7665
v 2846.779 1190.381 118.459
f 7681 7655 7679
v 2846.779 1190.813 118.210
f 7681 7679 7682
f 7681 7664 7661
f 7681 7661 7655
v 2846.779 1203.996 132.418
v 2846.779 1204.256 131.992
f 7683 7684 7680
v 2846.779 1203.715 132.830
f 7685 7683 7680
v 2846.779 1189.168 119.332
v 2846.779 1189.963 118.730
v 2846.779 1189.558 119.021
f 7686 7687 7688
f 7686 7681 7687
v 2846.779 1203.094 133.609
v 2846.779 1203.414 133.227
f 7689 7690 7685
v 2846.779 1188.437 120.010
f 7691 7665 7664
f 7691 7681 7686
v 2846.779 1188.794 119.662
f 7691 7686 7692
f 7691 7664 7681
v 2846.779 1202.398 134.323
v 2846.779 1202.754 133.975
f 7693 7694 7689
f 7693 7680 7665
f 7693 7685 7680
f 7693 7689 7685
v 2846.779 1187.778 120.757
v 2846.779 1188.098 120.375
f 7695 7691 7696
v 2846.779 1201.634 134.964
v 2846.779 1202.024 134.653
f 7697 7698 7693
v 2846.779 1200.810 135.525
v 2846.779 1201.229 135.255
f 7699 7700 7697
f 7699 7693 7665
f 7699 7697 7693
v 2846.779 1186.936 121.992
v 2846.779 1187.476 121.155
v 2846.779 1187.196 121.567
f 7701 7702 7703
v 2846.779 1186.697 122.430
f 7704 7691 7695
f 7704 7695 7702
f 7704 7702 7701
v 2846.779 1199.935 136.002
v 2846.779 1200.378 135.775
f 7705 7706 7699
f 7705 7699 7665
v 2846.779 1186.481 122.879
f 7707 7691 7704
v 2846.779 1199.480 136.207
f 7708 7705 7665
v 2846.779 1198.543 136.548
v 2846.779 1199.016 136.389
f 7709 7710 7708
v 2846.779 1185.970 124.284
v 2846.779 1186.287 123.339
v 2846.779 1186.117 123.807
f 7711 7712 7713
v 2846.779 1198.063 136.683
f 7714 7709 7708
v 2846.779 1185.847 124.767
f 7715 7665 7691
f 7715 7707 7712
f 7715 7691 7707
f 7715 7712 7711
v 2846.779 1197.577 136.794
f 7716 7708 7665
f 7716 7714 7708
v 2846.779 1185.599 126.743
v 2846.779 1185.673 125.749
v 2846.779 1185.624 126.245
f 7717 7718 7719
v 2846.779 1185.748 125.256
f 7717 7720 7718
f 7717 7715 7720
v 2846.779 1195.596 136.992
v 2846.779 1196.591 136.943
v 2846.779 1197.086 136.881
f 7721 7722 7723
v 2846.779 1196.094 136.980
f 7721 7724 7722
v 2846.779 1195.097 136.980
f 7725 7721 7723
f 7725 7723 7716
v 2846.779 1194.105 136.881
v 2846.779 1194.600 136.943
f 7726 7727 7725
v 2846.779 1185.748 128.729
v 2846.779 1185.624 127.740
v 2846.779 1185.673 128.236
f 7728 7729 7730
v 2846.779 1185.599 127.242
f 7728 7731 7729
v 2846.779 1193.128 136.683
v 2846.779 1193.614 136.794
f 7732 7733 7726
v 2846.779 1186.117 130.177
v 2846.779 1185.847 129.218
v 2846.779 1185.970 129.701
f 7734 7735 7736
f 7734 7728 7735
f 7734 7731 7728
v 2846.779 1192.176 136.389
v 2846.779 1192.648 136.548
f 7737 7738 7732
f 7737 7726 7725
f 7737 7725 7716
f 7737 7732 7726
v 2846.779 1191.257 136.002
v 2846.779 1191.711 136.207
f 7739 7740 7737
v 2846.779 1186.697 131.554
v 2846.779 1186.287 130.646
v 2846.779 1186.481 131.105
f 7741 7742 7743
v 2846.779 1190.813 135.775
f 7744 7739 7737
v 2846.779 1186.936 131.992
f 7745 7734 7742
f 7745 7742 7741
v 2846.779 1190.381 135.525
f 7746 7744 7737
v 2846.779 1189.963 135.255
f 7747 7746 7737
v 2846.779 1187.476 132.830
f 7748 7731 7734
v 2846.779 1187.196 132.418
f 7748 7745 7749
f 7748 7717 7731
f 7748 7734 7745
v 2846.779 1187.778 133.227
f 7750 7715 7717
f 7750 7717 7748
f 7750 7665 7715
v 2846.779 1189.168 134.653
v 2846.779 1189.558 134.964
f 7751 7752 7747
f 7751 7747 7737
v 2846.779 1188.437 133.975
v 2846.779 1188.794 134.323
f 7753 7754 7751
v 2846.779 1188.098 133.609
f 7753 7750 7755
f 7753 7751 7737
f 7753 7737 7716
f 7753 7665 7750
f 7753 7716 7665
o main_7
v 2848.779 1212.916 136.992
v 2856.779 1212.916 116.992
v 2848.779 1212.916 116.992
f 7756 7757 7758
v 2856.779 1212.916 136.992
f 7759 7757 7756
v 2848.779 1195.596 146.992
v 2856.779 1195.596 146.992
f 7756 7760 7761
f 7756 7761 7759
v 2848.779 1178.275 116.992
v 2856.779 1178.275 136.992
v 2848.779 1178.275 136.992
f 7762 7763 7764
v 2856.779 1178.275 116.992
f 7765 7763 7762
f 7760 7764 7763
f 7760 7763 7761
v 2848.779 1195.596 106.992
f 7766 7758 7757
v 2856.779 1195.596 106.992
f 7766 7757 7767
f 7762 7766 7767
f 7762 7767 7765
v 2856.779 1198.063 117.302
v 2856.779 1198.543 117.437
v 2856.779 1199.016 117.595
f 7768 7769 7770
v 2856.779 1196.094 117.005
v 2856.779 1197.086 117.104
v 2856.779 1197.577 117.191
f 7771 7772 7773
v 2856.779 1196.591 117.042
f 7771 7774 7772
v 2856.779 1195.097 117.005
v 2856.779 1195.596 116.992
f 7775 7776 7771
f 7775 7771 7773
v 2856.779 1194.105 117.104
v 2856.779 1194.600 117.042
f 7777 7778 7775
v 2856.779 1193.614 117.191
f 7779 7773 7768
f 7779 7777 7775
f 7779 7768 7770
f 7779 7775 7773
v 2856.779 1192.648 117.437
v 2856.779 1193.128 117.302
f 7780 7781 7779
f 7780 7779 7770
v 2856.779 1192.176 117.595
v 2856.779 1199.480 117.778
v 2856.779 1199.935 117.983
f 7782 7783 7784
f 7782 7770 7783
f 7782 7780 7770
v 2856.779 1191.257 117.983
v 2856.779 1191.711 117.778
f 7785 7786 7782
v 2856.779 1190.813 118.210
f 7787 7785 7782
f 7787 7782 7784
v 2856.779 1190.381 118.459
f 7788 7787 7784
v 2856.779 1189.963 118.730
f 7789 7788 7784
v 2856.779 1201.229 118.730
v 2856.779 1201.634 119.021
f 7789 7790 7791
v 2856.779 1200.810 118.459
f 7789 7792 7790
v 2856.779 1200.378 118.210
f 7789 7793 7792
f 7789 7784 7793
v 2856.779 1189.168 119.332
v 2856.779 1202.024 119.332
f 7794 7791 7795
v 2856.779 1189.558 119.021
f 7794 7796 7789
f 7794 7789 7791
v 2856.779 1188.794 119.662
v 2856.779 1202.398 119.662
f 7797 7795 7798
f 7797 7794 7795
v 2856.779 1188.437 120.010
v 2856.779 1202.754 120.010
v 2856.779 1203.094 120.375
f 7799 7800 7801
f 7799 7798 7800
f 7799 7797 7798
v 2856.779 1187.778 120.757
f 7802 7799 7801
v 2856.779 1203.414 120.757
f 7802 7801 7803
v 2856.779 1188.098 120.375
f 7802 7804 7799
v 2856.779 1187.476 121.155
v 2856.779 1203.715 121.155
v 2856.779 1203.996 121.567
f 7805 7806 7807
f 7805 7803 7806
f 7805 7802 7803
v 2856.779 1186.936 121.992
v 2856.779 1204.256 121.992
v 2856.779 1204.495 122.430
f 7808 7809 7810
f 7808 7807 7809
v 2856.779 1187.196 121.567
f 7808 7811 7805
f 7808 7805 7807
v 2856.779 1186.481 122.879
v 2856.779 1204.711 122.879
v 2856.779 1204.905 123.339
f 7812 7813 7814
f 7812 7810 7813
f 7812 7808 7810
v 2856.779 1186.697 122.430
f 7812 7815 7808
v 2856.779 1199.480 136.207
v 2856.779 1200.378 135.775
v 2856.779 1199.935 136.002
f 7816 7817 7818
v 2856.779 1186.287 123.339
f 7819 7812 7814
v 2856.779 1199.016 136.389
f 7820 7817 7816
v 2856.779 1186.117 123.807
v 2856.779 1205.075 123.807
v 2856.779 1205.222 124.284
f 7821 7822 7823
f 7821 7814 7822
f 7821 7819 7814
v 2856.779 1198.543 136.548
f 7824 7817 7820
v 2856.779 1185.970 124.284
f 7825 7821 7823
v 2856.779 1185.847 124.767
f 7826 7825 7823
v 2856.779 1197.577 136.794
v 2856.779 1198.063 136.683
f 7827 7824 7828
f 7827 7817 7824
v 2856.779 1185.748 125.256
f 7829 7826 7823
v 2856.779 1205.345 124.767
v 2856.779 1205.444 125.256
f 7829 7830 7831
f 7829 7823 7830
v 2856.779 1196.591 136.943
f 7832 7817 7827
v 2856.779 1197.086 136.881
f 7832 7827 7833
v 2856.779 1185.624 126.245
f 7834 7829 7831
v 2856.779 1185.673 125.749
f 7834 7835 7829
v 2856.779 1205.518 125.749
v 2856.779 1205.568 126.245
f 7834 7836 7837
f 7834 7831 7836
v 2856.779 1185.599 126.743
f 7838 7834 7837
v 2856.779 1205.593 126.743
f 7838 7837 7839
v 2856.779 1195.097 136.980
v 2856.779 1196.094 136.980
v 2856.779 1195.596 136.992
f 7840 7841 7842
f 7840 7832 7841
v 2856.779 1185.624 127.740
f 7843 7838 7839
v 2856.779 1185.599 127.242
f 7843 7844 7838
v 2856.779 1205.593 127.242
f 7843 7839 7845
v 2856.779 1194.600 136.943
f 7846 7832 7840
v 2856.779 1185.673 128.236
f 7847 7843 7845
v 2856.779 1205.568 127.740
v 2856.779 1205.518 128.236
f 7847 7848 7849
f 7847 7845 7848
v 2856.779 1185.748 128.729
f 7850 7847 7849
v 2856.779 1185.847 129.218
v 2856.779 1205.444 128.729
v 2856.779 1205.345 129.218
f 7851 7852 7853
f 7851 7849 7852
f 7851 7850 7849
v 2856.779 1193.128 136.683
f 7854 7832 7846
v 2856.779 1194.105 136.881
v 2856.779 1193.614 136.794
f 7854 7855 7856
f 7854 7846 7855
f 7854 7817 7832
v 2856.779 1185.970 129.701
f 7857 7851 7853
v 2856.779 1205.222 129.701
v 2856.779 1205.075 130.177
f 7857 7858 7859
f 7857 7853 7858
v 2856.779 1192.648 136.548
f 7860 7817 7854
v 2856.779 1192.176 136.389
f 7861 7817 7860
v 2856.779 1186.287 130.646
f 7862 7857 7859
v 2856.779 1186.117 130.177
f 7862 7863 7857
v 2856.779 1204.905 130.646
f 7862 7859 7864
v 2856.779 1191.257 136.002
v 2856.779 1191.711 136.207
f 7865 7861 7866
v 2856.779 1186.697 131.554
v 2856.779 1186.481 131.105
f 7867 7868 7862
f 7867 7862 7864
v 2856.779 1204.711 131.105
v 2856.779 1204.495 131.554
f 7867 7869 7870
f 7867 7864 7869
v 2856.779 1190.381 135.525
v 2856.779 1190.813 135.775
f 7871 7865 7872
f 7871 7861 7865
f 7871 7817 7861
v 2856.779 1200.810 135.525
f 7871 7873 7817
v 2856.779 1201.229 135.255
f 7871 7874 7873
v 2856.779 1187.196 132.418
v 2856.779 1186.936 131.992
f 7875 7876 7867
f 7875 7867 7870
v 2856.779 1204.256 131.992
v 2856.779 1203.996 132.418
f 7875 7877 7878
f 7875 7870 7877
v 2856.779 1187.476 132.830
f 7879 7875 7878
v 2856.779 1203.715 132.830
f 7879 7878 7880
v 2856.779 1189.558 134.964
f 7881 7874 7871
v 2856.779 1189.963 135.255
f 7881 7871 7882
v 2856.779 1201.634 134.964
f 7881 7883 7874
v 2856.779 1189.168 134.653
f 7884 7883 7881
v 2856.779 1202.024 134.653
f 7884 7885 7883
v 2856.779 1188.098 133.609
v 2856.779 1187.778 133.227
f 7886 7887 7879
f 7886 7879 7880
v 2856.779 1203.414 133.227
v 2856.779 1203.094 133.609
f 7886 7888 7889
f 7886 7880 7888
v 2856.779 1188.437 133.975
v 2856.779 1188.794 134.323
f 7890 7884 7891
f 7890 7885 7884
f 7890 7886 7889
v 2856.779 1202.398 134.323
f 7890 7892 7885
v 2856.779 1202.754 133.975
f 7890 7893 7892
f 7890 7889 7893
v 2848.779 1198.063 117.302
v 2848.779 1197.577 117.191
v 2848.779 1198.543 117.437
f 7894 7895 7896
v 2848.779 1197.086 117.104
v 2848.779 1196.591 117.042
f 7897 7898 7895
v 2848.779 1196.094 117.005
f 7898 7899 7895
v 2848.779 1194.105 117.104
v 2848.779 1193.614 117.191
v 2848.779 1194.600 117.042
f 7900 7901 7902
v 2848.779 1195.097 117.005
f 7902 7901 7903
v 2848.779 1195.596 116.992
v 2848.779 1193.128 117.302
f 7904 7905 7899
f 7903 7905 7904
f 7901 7905 7903
f 7895 7905 7896
f 7899 7905 7895
v 2848.779 1191.711 117.778
v 2848.779 1199.016 117.595
f 7896 7906 7907
v 2848.779 1199.480 117.778
f 7907 7906 7908
v 2848.779 1199.935 117.983
f 7908 7906 7909
v 2848.779 1200.378 118.210
f 7909 7906 7910
v 2848.779 1192.176 117.595
v 2848.779 1192.648 117.437
f 7911 7906 7912
f 7912 7906 7905
f 7905 7906 7896
v 2848.779 1191.257 117.983
v 2848.779 1190.813 118.210
f 7913 7914 7906
v 2848.779 1190.381 118.459
f 7906 7915 7910
v 2848.779 1200.810 118.459
f 7910 7915 7916
v 2848.779 1201.229 118.730
f 7916 7915 7917
f 7914 7915 7906
v 2848.779 1189.963 118.730
f 7915 7918 7917
v 2848.779 1189.558 119.021
f 7918 7919 7917
v 2848.779 1201.634 119.021
f 7917 7919 7920
v 2848.779 1189.168 119.332
v 2848.779 1202.024 119.332
f 7920 7921 7922
v 2848.779 1202.398 119.662
f 7922 7921 7923
f 7919 7921 7920
v 2848.779 1188.794 119.662
f 7921 7924 7923
v 2848.779 1188.437 120.010
f 7924 7925 7923
v 2848.779 1188.098 120.375
v 2848.779 1202.754 120.010
f 7923 7926 7927
f 7925 7926 7923
v 2848.779 1187.778 120.757
v 2848.779 1203.094 120.375
f 7927 7928 7929
v 2848.779 1203.414 120.757
f 7929 7928 7930
f 7926 7928 7927
v 2848.779 1187.476 121.155
v 2848.779 1203.715 121.155
f 7930 7931 7932
f 7928 7931 7930
v 2848.779 1187.196 121.567
v 2848.779 1186.936 121.992
f 7933 7934 7931
f 7931 7934 7932
v 2848.779 1186.697 122.430
v 2848.779 1203.996 121.567
f 7932 7935 7936
v 2848.779 1204.256 121.992
f 7936 7935 7937
v 2848.779 1204.495 122.430
f 7937 7935 7938
f 7934 7935 7932
v 2848.779 1186.481 122.879
v 2848.779 1204.711 122.879
f 7938 7939 7940
v 2848.779 1204.905 123.339
f 7940 7939 7941
f 7935 7939 7938
v 2848.779 1200.378 135.775
v 2848.779 1199.480 136.207
v 2848.779 1199.935 136.002
f 7942 7943 7944
v 2848.779 1186.287 123.339
v 2848.779 1205.075 123.807
f 7941 7945 7946
f 7939 7945 7941
v 2848.779 1186.117 123.807
v 2848.779 1185.970 124.284
f 7947 7948 7945
v 2848.779 1205.222 124.284
f 7946 7948 7949
v 2848.779 1205.345 124.767
f 7949 7948 7950
f 7945 7948 7946
v 2848.779 1198.063 136.683
v 2848.779 1199.016 136.389
f 7943 7951 7952
v 2848.779 1198.543 136.548
f 7952 7951 7953
v 2848.779 1197.577 136.794
f 7943 7954 7951
v 2848.779 1185.748 125.256
f 7948 7955 7950
v 2848.779 1205.444 125.256
f 7950 7955 7956
v 2848.779 1205.518 125.749
f 7956 7955 7957
v 2848.779 1185.847 124.767
f 7958 7955 7948
v 2848.779 1197.086 136.881
f 7943 7959 7954
v 2848.779 1185.624 126.245
f 7955 7960 7957
v 2848.779 1185.673 125.749
f 7961 7960 7955
v 2848.779 1185.599 127.242
f 7960 7962 7957
v 2848.779 1185.599 126.743
f 7963 7962 7960
v 2848.779 1196.591 136.943
v 2848.779 1195.097 136.980
v 2848.779 1196.094 136.980
f 7964 7965 7966
v 2848.779 1195.596 136.992
f 7966 7965 7967
v 2848.779 1185.624 127.740
v 2848.779 1205.568 126.245
f 7957 7968 7969
v 2848.779 1205.593 126.743
f 7969 7968 7970
f 7962 7968 7957
v 2848.779 1194.600 136.943
f 7959 7971 7964
f 7964 7971 7965
f 7943 7971 7959
v 2848.779 1185.673 128.236
v 2848.779 1205.593 127.242
f 7970 7972 7973
v 2848.779 1205.568 127.740
f 7973 7972 7974
v 2848.779 1205.518 128.236
f 7974 7972 7975
f 7968 7972 7970
v 2848.779 1194.105 136.881
f 7943 7976 7971
v 2848.779 1185.748 128.729
v 2848.779 1205.444 128.729
f 7975 7977 7978
v 2848.779 1205.345 129.218
f 7978 7977 7979
f 7972 7977 7975
v 2848.779 1185.970 129.701
f 7977 7980 7979
v 2848.779 1205.222 129.701
f 7979 7980 7981
v 2848.779 1185.847 129.218
f 7982 7980 7977
v 2848.779 1192.176 136.389
f 7943 7983 7976
v 2848.779 1201.229 135.255
v 2848.779 1200.810 135.525
f 7984 7983 7985
f 7985 7983 7942
v 2848.779 1193.614 136.794
f 7976 7983 7986
v 2848.779 1193.128 136.683
f 7986 7983 7987
v 2848.779 1192.648 136.548
f 7987 7983 7988
f 7942 7983 7943
v 2848.779 1186.287 130.646
v 2848.779 1205.075 130.177
f 7981 7989 7990
v 2848.779 1204.905 130.646
f 7990 7989 7991
f 7980 7989 7981
v 2848.779 1186.117 130.177
f 7992 7989 7980
v 2848.779 1186.481 131.105
f 7989 7993 7991
v 2848.779 1204.711 131.105
f 7991 7993 7994
v 2848.779 1204.495 131.554
f 7994 7993 7995
v 2848.779 1191.257 136.002
f 7984 7996 7983
v 2848.779 1191.711 136.207
f 7983 7996 7997
v 2848.779 1186.936 131.992
f 7993 7998 7995
v 2848.779 1186.697 131.554
f 7999 7998 7993
v 2848.779 1187.196 132.418
v 2848.779 1204.256 131.992
f 7995 8000 8001
v 2848.779 1203.996 132.418
f 8001 8000 8002
f 7998 8000 7995
v 2848.779 1189.963 135.255
v 2848.779 1190.813 135.775
f 7996 8003 8004
v 2848.779 1190.381 135.525
f 8004 8003 8005
v 2848.779 1187.476 132.830
f 8000 8006 8002
v 2848.779 1203.715 132.830
f 8002 8006 8007
v 2848.779 1189.558 134.964
f 7984 8008 7996
v 2848.779 1202.398 134.323
v 2848.779 1202.024 134.653
f 8009 8008 8010
v 2848.779 1201.634 134.964
f 8010 8008 8011
f 8011 8008 7984
f 7996 8008 8003
v 2848.779 1187.778 133.227
v 2848.779 1203.414 133.227
f 8007 8012 8013
v 2848.779 1203.094 133.609
f 8013 8012 8014
f 8006 8012 8007
v 2848.779 1188.794 134.323
f 8009 8015 8008
v 2848.779 1189.168 134.653
f 8008 8015 8016
v 2848.779 1188.437 133.975
v 2848.779 1202.754 133.975
f 8014 8017 8018
f 8018 8017 8009
f 8012 8017 8014
f 8009 8017 8015
v 2848.779 1188.098 133.609
f 8019 8017 8012
v 2852.779 1164.459 125.735
v 2851.779 1178.275 126.724
v 2852.779 1178.275 126.724
f 8020 8021 8022
v 2851.779 1164.459 125.735
f 8023 8021 8020
v 2852.779 1164.347 130.304
v 2851.779 1164.459 130.372
v 2851.779 1164.347 130.304
f 8024 8025 8026
v 2852.779 1164.459 130.372
f 8024 8027 8025
v 2852.779 1164.238 130.231
f 8028 8024 8026
v 2851.779 1164.238 130.231
f 8028 8026 8029
v 2852.779 1164.134 130.153
f 8030 8028 8029
v 2851.779 1164.134 130.153
f 8030 8029 8031
v 2852.779 1164.033 130.070
f 8032 8030 8031
v 2851.779 1164.033 130.070
f 8032 8031 8033
v 2852.779 1163.936 129.982
f 8034 8032 8033
v 2851.779 1163.936 129.982
f 8034 8033 8035
v 2852.779 1163.844 129.890
f 8036 8034 8035
v 2851.779 1163.844 129.890
f 8036 8035 8037
v 2852.779 1163.756 129.793
f 8038 8036 8037
v 2851.779 1163.756 129.793
f 8038 8037 8039
v 2852.779 1163.674 129.692
f 8040 8038 8039
v 2851.779 1163.674 129.692
f 8040 8039 8041
v 2852.779 1163.596 129.586
f 8042 8040 8041
v 2851.779 1163.596 129.586
f 8042 8041 8043
v 2852.779 1163.524 129.478
v 2851.779 1163.524 129.478
f 8044 8043 8045
f 8044 8042 8043
v 2852.779 1163.457 129.366
v 2851.779 1163.457 129.366
f 8046 8045 8047
f 8046 8044 8045
v 2852.779 1163.395 129.250
v 2851.779 1163.395 129.250
f 8048 8047 8049
f 8048 8046 8047
v 2852.779 1163.340 129.132
v 2851.779 1163.340 129.132
f 8050 8049 8051
f 8050 8048 8049
v 2852.779 1163.290 129.011
v 2851.779 1163.290 129.011
f 8052 8051 8053
f 8052 8050 8051
v 2852.779 1163.246 128.888
v 2851.779 1163.246 128.888
f 8054 8053 8055
f 8054 8052 8053
v 2852.779 1163.208 128.763
v 2851.779 1163.208 128.763
f 8056 8055 8057
f 8056 8054 8055
v 2852.779 1163.176 128.637
v 2851.779 1163.176 128.637
f 8058 8057 8059
f 8058 8056 8057
v 2852.779 1163.151 128.508
v 2851.779 1163.151 128.508
f 8060 8059 8061
f 8060 8058 8059
v 2852.779 1163.132 128.379
v 2851.779 1163.132 128.379
f 8062 8061 8063
f 8062 8060 8061
v 2852.779 1163.119 128.249
v 2851.779 1163.119 128.249
f 8064 8063 8065
f 8064 8062 8063
v 2852.779 1163.113 128.119
v 2851.779 1163.113 128.119
f 8066 8065 8067
f 8066 8064 8065
v 2852.779 1163.113 127.988
v 2851.779 1163.113 127.988
f 8068 8067 8069
f 8068 8066 8067
v 2852.779 1163.119 127.858
v 2851.779 1163.119 127.858
f 8070 8069 8071
f 8070 8068 8069
v 2852.779 1163.132 127.728
v 2851.779 1163.132 127.728
f 8072 8071 8073
f 8072 8070 8071
v 2852.779 1163.151 127.598
v 2851.779 1163.151 127.598
f 8074 8073 8075
f 8074 8072 8073
v 2852.779 1163.176 127.470
v 2851.779 1163.176 127.470
f 8076 8075 8077
f 8076 8074 8075
v 2852.779 1163.208 127.343
f 8078 8076 8077
v 2851.779 1163.208 127.343
f 8078 8077 8079
v 2852.779 1163.246 127.218
f 8080 8078 8079
v 2851.779 1163.246 127.218
f 8080 8079 8081
v 2852.779 1163.290 127.095
f 8082 8080 8081
v 2851.779 1163.290 127.095
f 8082 8081 8083
v 2852.779 1163.340 126.975
v 2851.779 1163.340 126.975
f 8084 8083 8085
f 8084 8082 8083
v 2852.779 1163.395 126.856
v 2851.779 1163.395 126.856
f 8086 8085 8087
f 8086 8084 8085
v 2852.779 1163.457 126.741
f 8088 8086 8087
v 2851.779 1163.457 126.741
f 8088 8087 8089
v 2852.779 1163.524 126.629
v 2851.779 1163.524 126.629
f 8090 8089 8091
f 8090 8088 8089
v 2852.779 1163.596 126.520
v 2851.779 1163.596 126.520
f 8092 8091 8093
f 8092 8090 8091
v 2852.779 1163.674 126.415
v 2851.779 1163.674 126.415
f 8094 8093 8095
f 8094 8092 8093
v 2852.779 1163.756 126.314
v 2851.779 1163.756 126.314
f 8096 8095 8097
f 8096 8094 8095
v 2852.779 1163.844 126.217
v 2851.779 1163.844 126.217
f 8098 8097 8099
f 8098 8096 8097
v 2852.779 1163.936 126.125
v 2851.779 1163.936 126.125
f 8100 8099 8101
f 8100 8098 8099
v 2852.779 1164.033 126.037
v 2851.779 1164.033 126.037
f 8102 8101 8103
f 8102 8100 8101
v 2852.779 1164.134 125.954
v 2851.779 1164.134 125.954
f 8104 8103 8105
f 8104 8102 8103
v 2852.779 1164.238 125.875
v 2851.779 1164.238 125.875
f 8106 8105 8107
f 8106 8104 8105
v 2852.779 1164.347 125.803
v 2851.779 1164.347 125.803
f 8108 8109 8023
f 8108 8107 8109
f 8108 8106 8107
f 8020 8108 8023
v 2852.779 1178.275 129.383
f 8110 8025 8027
v 2851.779 1178.275 129.383
f 8111 8025 8110
f 8107 8105 8109
f 8109 8103 8023
f 8105 8103 8109
f 8101 8099 8103
f 8103 8099 8023
f 8097 8095 8099
f 8099 8095 8023
f 8095 8093 8023
f 8091 8089 8093
f 8093 8089 8023
f 8087 8085 8089
f 8089 8085 8023
f 8085 8083 8023
f 8083 8081 8023
f 8081 8079 8023
f 8077 8075 8079
f 8079 8075 8023
f 8073 8071 8075
f 8071 8069 8075
f 8075 8069 8023
f 8069 8067 8023
f 8065 8063 8067
f 8067 8063 8023
f 8061 8059 8063
f 8059 8057 8063
f 8057 8055 8063
f 8055 8053 8063
f 8053 8049 8063
f 8051 8049 8053
f 8063 8025 8023
f 8023 8025 8021
f 8021 8025 8111
f 8049 8045 8063
f 8047 8045 8049
f 8043 8041 8045
f 8026 8031 8029
f 8026 8033 8031
f 8025 8033 8026
f 8041 8037 8045
f 8039 8037 8041
f 8045 8035 8063
f 8063 8035 8025
f 8025 8035 8033
f 8037 8035 8045
f 8106 8108 8020
f 8104 8106 8020
f 8102 8104 8020
f 8098 8100 8102
f 8098 8102 8020
f 8094 8096 8098
f 8088 8090 8092
f 8088 8092 8094
f 8086 8094 8098
f 8086 8098 8020
f 8086 8088 8094
f 8082 8084 8086
f 8082 8086 8020
f 8078 8080 8082
f 8076 8078 8082
f 8076 8082 8020
f 8074 8076 8020
f 8072 8074 8020
f 8068 8070 8072
f 8068 8072 8020
f 8064 8066 8068
f 8064 8068 8020
f 8060 8062 8064
f 8058 8060 8064
f 8052 8054 8056
f 8052 8056 8058
f 8048 8058 8064
f 8048 8052 8058
f 8048 8050 8052
f 8027 8064 8020
f 8027 8022 8110
f 8027 8020 8022
f 8040 8042 8044
f 8030 8024 8028
f 8032 8027 8024
f 8032 8024 8030
f 8034 8036 8038
f 8034 8038 8040
f 8034 8044 8046
f 8034 8046 8048
f 8034 8048 8064
f 8034 8040 8044
f 8034 8064 8027
f 8034 8027 8032
o main_8
v 2601.229 1175.596 -224.879
v 2601.229 1175.596 100.121
v 2601.229 1215.596 100.121
f 8112 8113 8114
v 2601.229 1215.596 -224.879
f 8115 8112 8114
v 2641.229 1175.596 100.121
v 2641.229 1215.596 100.121
f 8116 8117 8114
f 8116 8114 8113
v 2641.229 1215.596 -224.879
f 8118 8117 8116
v 2641.229 1175.596 -224.879
f 8119 8118 8116
f 8118 8119 8112
f 8118 8112 8115
f 8115 8114 8118
f 8114 8117 8118
f 8113 8112 8119
f 8116 8113 8119
o main_9
v 2677.865 1200.272 -224.879
v 2678.360 1200.833 -224.879
v 2678.106 1200.558 -224.879
f 8120 8121 8122
v 2678.628 1201.094 -224.879
f 8120 8123 8121
v 2679.200 1201.574 -224.879
v 2678.908 1201.341 -224.879
f 8124 8125 8123
v 2677.639 1199.974 -224.879
f 8126 8123 8120
v 2677.055 1199.017 -224.879
v 2677.429 1199.665 -224.879
v 2677.234 1199.346 -224.879
f 8127 8128 8129
v 2676.893 1198.680 -224.879
f 8130 8126 8128
f 8130 8128 8127
v 2680.816 1202.507 -224.879
v 2680.475 1202.353 -224.879
v 2680.142 1202.182 -224.879
f 8131 8132 8133
v 2676.619 1197.984 -224.879
v 2676.747 1198.336 -224.879
f 8134 8130 8135
v 2676.509 1197.627 -224.879
f 8136 8130 8134
v 2681.878 1202.864 -224.879
v 2681.164 1202.644 -224.879
f 8137 8138 8131
v 2681.518 1202.763 -224.879
f 8137 8139 8138
v 2676.287 1196.528 -224.879
v 2676.417 1197.265 -224.879
v 2676.343 1196.898 -224.879
f 8140 8141 8142
f 8140 8136 8141
f 8140 8130 8136
v 2682.982 1203.059 -224.879
v 2682.243 1202.947 -224.879
f 8143 8144 8137
v 2682.611 1203.012 -224.879
f 8143 8145 8144
v 2676.250 1195.035 -224.879
v 2676.231 1195.783 -224.879
v 2676.231 1195.409 -224.879
f 8146 8147 8148
v 2676.250 1196.156 -224.879
f 8146 8149 8147
f 8146 8140 8149
v 2684.476 1203.059 -224.879
v 2684.103 1203.086 -224.879
v 2683.729 1203.096 -224.879
f 8150 8151 8152
v 2676.417 1193.927 -224.879
v 2676.287 1194.663 -224.879
v 2676.343 1194.293 -224.879
f 8153 8154 8155
v 2676.509 1193.565 -224.879
f 8156 8154 8153
f 8156 8146 8154
f 8156 8130 8140
f 8156 8140 8146
v 2685.940 1202.763 -224.879
v 2685.580 1202.864 -224.879
v 2685.215 1202.947 -224.879
f 8157 8158 8159
v 2676.893 1192.511 -224.879
v 2676.619 1193.207 -224.879
v 2676.747 1192.856 -224.879
f 8160 8161 8162
f 8160 8156 8161
v 2686.983 1202.353 -224.879
v 2686.642 1202.507 -224.879
v 2686.294 1202.644 -224.879
f 8163 8164 8165
v 2677.055 1192.174 -224.879
f 8166 8156 8160
f 8166 8123 8126
f 8166 8126 8130
f 8166 8130 8156
v 2677.429 1191.527 -224.879
v 2677.234 1191.846 -224.879
f 8167 8166 8168
v 2687.954 1201.793 -224.879
v 2687.640 1201.996 -224.879
v 2687.316 1202.182 -224.879
f 8169 8170 8171
v 2678.106 1190.633 -224.879
v 2677.639 1191.218 -224.879
v 2677.865 1190.920 -224.879
f 8172 8173 8174
f 8172 8167 8173
f 8172 8166 8167
v 2689.352 1200.558 -224.879
v 2688.257 1201.574 -224.879
f 8175 8176 8169
v 2688.550 1201.341 -224.879
f 8175 8177 8176
v 2688.830 1201.094 -224.879
f 8175 8178 8177
v 2689.098 1200.833 -224.879
f 8175 8179 8178
v 2678.908 1189.850 -224.879
f 8180 8123 8166
v 2678.360 1190.359 -224.879
v 2678.628 1190.098 -224.879
f 8180 8181 8182
f 8180 8172 8181
f 8180 8166 8172
v 2679.200 1189.617 -224.879
f 8183 8123 8180
v 2689.818 1199.974 -224.879
v 2689.593 1200.272 -224.879
f 8184 8185 8175
v 2679.504 1189.399 -224.879
f 8186 8123 8183
f 8186 8124 8123
v 2679.504 1201.793 -224.879
f 8186 8187 8124
v 2679.818 1201.996 -224.879
f 8186 8188 8187
v 2690.029 1199.665 -224.879
f 8189 8184 8175
v 2690.224 1199.346 -224.879
f 8190 8189 8175
v 2690.403 1199.017 -224.879
f 8191 8175 8169
f 8191 8190 8175
v 2680.475 1188.839 -224.879
f 8192 8188 8186
v 2679.818 1189.196 -224.879
v 2680.142 1189.009 -224.879
f 8192 8193 8194
f 8192 8186 8193
f 8192 8133 8188
v 2681.164 1188.548 -224.879
v 2680.816 1188.685 -224.879
f 8195 8192 8196
v 2690.838 1197.984 -224.879
v 2690.710 1198.336 -224.879
v 2690.565 1198.680 -224.879
f 8197 8198 8199
v 2681.518 1188.429 -224.879
f 8200 8192 8195
f 8200 8131 8133
f 8200 8133 8192
f 8200 8137 8131
v 2690.949 1197.627 -224.879
f 8201 8197 8199
v 2691.041 1197.265 -224.879
f 8202 8191 8169
f 8202 8199 8191
f 8202 8201 8199
v 2682.243 1188.245 -224.879
v 2681.878 1188.328 -224.879
f 8203 8200 8204
f 8203 8137 8200
v 2691.115 1196.898 -224.879
f 8205 8202 8169
v 2682.611 1188.180 -224.879
f 8206 8137 8203
f 8206 8143 8137
v 2682.982 1188.133 -224.879
f 8207 8143 8206
v 2691.227 1195.783 -224.879
v 2691.208 1196.156 -224.879
v 2691.171 1196.528 -224.879
f 8208 8209 8210
v 2684.476 1188.133 -224.879
v 2683.355 1188.105 -224.879
v 2683.729 1188.096 -224.879
f 8211 8212 8213
f 8211 8207 8212
v 2684.103 1188.105 -224.879
f 8211 8213 8214
v 2683.355 1203.086 -224.879
f 8211 8215 8143
f 8211 8152 8215
f 8211 8143 8207
v 2684.847 1188.180 -224.879
f 8216 8157 8159
v 2684.847 1203.012 -224.879
f 8216 8217 8150
f 8216 8159 8217
f 8216 8152 8211
f 8216 8150 8152
v 2691.115 1194.293 -224.879
v 2691.227 1195.409 -224.879
f 8218 8219 8208
v 2691.208 1195.035 -224.879
f 8218 8220 8219
v 2691.171 1194.663 -224.879
f 8218 8221 8220
v 2691.041 1193.927 -224.879
f 8222 8218 8208
v 2685.580 1188.328 -224.879
v 2685.215 1188.245 -224.879
f 8223 8216 8224
v 2690.949 1193.565 -224.879
f 8225 8222 8208
v 2686.294 1188.548 -224.879
f 8226 8157 8216
v 2685.940 1188.429 -224.879
f 8226 8223 8227
f 8226 8163 8165
f 8226 8216 8223
f 8226 8165 8157
v 2690.710 1192.856 -224.879
v 2690.838 1193.207 -224.879
f 8228 8229 8225
v 2686.642 1188.685 -224.879
f 8230 8171 8163
f 8230 8163 8226
v 2686.983 1188.839 -224.879
f 8231 8171 8230
v 2690.403 1192.174 -224.879
v 2690.565 1192.511 -224.879
f 8232 8233 8228
f 8232 8228 8225
v 2687.640 1189.196 -224.879
v 2687.316 1189.009 -224.879
f 8234 8231 8235
v 2690.029 1191.527 -224.879
v 2690.224 1191.846 -224.879
f 8236 8237 8232
f 8236 8208 8210
f 8236 8225 8208
f 8236 8232 8225
f 8236 8210 8205
v 2687.954 1189.399 -224.879
f 8238 8169 8171
f 8238 8231 8234
f 8238 8171 8231
v 2688.550 1189.850 -224.879
v 2688.257 1189.617 -224.879
f 8239 8238 8240
v 2689.352 1190.633 -224.879
v 2689.593 1190.920 -224.879
v 2689.818 1191.218 -224.879
f 8241 8242 8243
v 2688.830 1190.098 -224.879
f 8244 8169 8238
f 8244 8238 8239
v 2689.098 1190.359 -224.879
f 8245 8205 8169
f 8245 8243 8236
f 8245 8236 8205
f 8245 8241 8243
f 8245 8169 8244
v 2678.106 1190.633 -229.879
v 2678.628 1190.098 -229.879
v 2678.360 1190.359 -229.879
f 8246 8247 8248
v 2677.865 1190.920 -229.879
f 8249 8247 8246
v 2679.504 1189.399 -229.879
v 2679.200 1189.617 -229.879
v 2678.908 1189.850 -229.879
f 8250 8251 8252
v 2677.429 1191.527 -229.879
v 2677.639 1191.218 -229.879
f 8253 8249 8254
f 8253 8247 8249
v 2679.818 1189.196 -229.879
f 8255 8252 8247
f 8255 8250 8252
v 2677.234 1191.846 -229.879
f 8256 8247 8253
v 2680.475 1188.839 -229.879
v 2680.142 1189.009 -229.879
f 8257 8258 8255
v 2676.893 1192.511 -229.879
v 2677.055 1192.174 -229.879
f 8259 8256 8260
v 2680.816 1188.685 -229.879
f 8261 8257 8255
v 2676.509 1193.565 -229.879
v 2676.747 1192.856 -229.879
v 2676.619 1193.207 -229.879
f 8262 8263 8264
f 8262 8259 8263
f 8262 8256 8259
v 2681.878 1188.328 -229.879
v 2681.518 1188.429 -229.879
v 2681.164 1188.548 -229.879
f 8265 8266 8267
v 2676.343 1194.293 -229.879
f 8268 8256 8262
v 2676.417 1193.927 -229.879
f 8268 8262 8269
v 2682.611 1188.180 -229.879
v 2682.243 1188.245 -229.879
f 8270 8271 8265
v 2682.982 1188.133 -229.879
f 8272 8265 8267
f 8272 8270 8265
v 2676.231 1195.409 -229.879
v 2676.287 1194.663 -229.879
v 2676.250 1195.035 -229.879
f 8273 8274 8275
f 8273 8268 8274
v 2683.729 1188.096 -229.879
v 2683.355 1188.105 -229.879
f 8276 8277 8272
v 2676.231 1195.783 -229.879
f 8278 8268 8273
v 2676.250 1196.156 -229.879
f 8279 8268 8278
v 2684.847 1188.180 -229.879
v 2684.103 1188.105 -229.879
f 8280 8281 8276
v 2684.476 1188.133 -229.879
f 8280 8282 8281
f 8280 8276 8272
v 2676.343 1196.898 -229.879
v 2676.287 1196.528 -229.879
f 8283 8279 8284
v 2676.417 1197.265 -229.879
f 8285 8279 8283
v 2685.940 1188.429 -229.879
v 2685.580 1188.328 -229.879
v 2685.215 1188.245 -229.879
f 8286 8287 8288
v 2676.619 1197.984 -229.879
f 8289 8279 8285
v 2676.509 1197.627 -229.879
f 8289 8285 8290
v 2686.294 1188.548 -229.879
f 8291 8286 8288
v 2676.747 1198.336 -229.879
f 8292 8279 8289
f 8292 8256 8268
f 8292 8268 8279
v 2686.983 1188.839 -229.879
v 2686.642 1188.685 -229.879
f 8293 8294 8291
v 2677.234 1199.346 -229.879
v 2676.893 1198.680 -229.879
v 2677.055 1199.017 -229.879
f 8295 8296 8297
f 8295 8292 8296
v 2687.640 1189.196 -229.879
v 2687.316 1189.009 -229.879
f 8298 8299 8293
v 2688.257 1189.617 -229.879
v 2687.954 1189.399 -229.879
f 8300 8301 8298
v 2677.865 1200.272 -229.879
f 8302 8292 8295
v 2677.429 1199.665 -229.879
v 2677.639 1199.974 -229.879
f 8302 8303 8304
f 8302 8295 8303
v 2678.106 1200.558 -229.879
f 8305 8256 8292
f 8305 8292 8302
f 8305 8247 8256
v 2678.360 1200.833 -229.879
f 8306 8247 8305
v 2689.098 1190.359 -229.879
v 2688.550 1189.850 -229.879
f 8307 8308 8300
v 2688.830 1190.098 -229.879
f 8307 8309 8308
v 2689.352 1190.633 -229.879
f 8310 8307 8300
v 2679.504 1201.793 -229.879
f 8311 8255 8247
f 8311 8247 8306
v 2678.908 1201.341 -229.879
v 2679.200 1201.574 -229.879
f 8311 8312 8313
v 2678.628 1201.094 -229.879
f 8311 8314 8312
f 8311 8306 8314
v 2690.029 1191.527 -229.879
v 2689.818 1191.218 -229.879
v 2689.593 1190.920 -229.879
f 8315 8316 8317
v 2680.142 1202.182 -229.879
v 2679.818 1201.996 -229.879
f 8318 8311 8319
v 2690.403 1192.174 -229.879
v 2690.224 1191.846 -229.879
f 8320 8321 8315
f 8320 8315 8317
v 2680.475 1202.353 -229.879
f 8322 8261 8255
f 8322 8255 8311
f 8322 8311 8318
v 2681.164 1202.644 -229.879
f 8323 8267 8261
f 8323 8261 8322
v 2680.816 1202.507 -229.879
f 8323 8322 8324
v 2690.838 1193.207 -229.879
v 2690.710 1192.856 -229.879
v 2690.565 1192.511 -229.879
f 8325 8326 8327
v 2681.518 1202.763 -229.879
f 8328 8267 8323
f 8328 8272 8267
v 2690.949 1193.565 -229.879
f 8329 8327 8320
f 8329 8325 8327
v 2682.611 1203.012 -229.879
v 2681.878 1202.864 -229.879
v 2682.243 1202.947 -229.879
f 8330 8331 8332
f 8330 8328 8331
v 2691.171 1194.663 -229.879
f 8333 8317 8310
v 2691.041 1193.927 -229.879
f 8333 8334 8329
v 2691.115 1194.293 -229.879
f 8333 8335 8334
f 8333 8320 8317
f 8333 8329 8320
v 2682.982 1203.059 -229.879
f 8336 8328 8330
f 8336 8272 8328
v 2691.227 1195.409 -229.879
v 2691.208 1195.035 -229.879
f 8337 8338 8333
v 2683.729 1203.096 -229.879
v 2683.355 1203.086 -229.879
f 8339 8336 8340
f 8339 8272 8336
v 2691.227 1195.783 -229.879
f 8341 8337 8333
v 2684.103 1203.086 -229.879
f 8342 8272 8339
v 2684.476 1203.059 -229.879
f 8343 8280 8272
f 8343 8272 8342
v 2691.171 1196.528 -229.879
f 8344 8341 8333
v 2691.208 1196.156 -229.879
f 8344 8345 8341
f 8344 8333 8310
v 2691.041 1197.265 -229.879
v 2691.115 1196.898 -229.879
f 8346 8347 8344
v 2685.580 1202.864 -229.879
f 8348 8280 8343
v 2684.847 1203.012 -229.879
v 2685.215 1202.947 -229.879
f 8348 8349 8350
f 8348 8343 8349
v 2690.949 1197.627 -229.879
f 8351 8346 8344
v 2686.294 1202.644 -229.879
f 8352 8280 8348
v 2685.940 1202.763 -229.879
f 8352 8348 8353
v 2690.710 1198.336 -229.879
v 2690.838 1197.984 -229.879
f 8354 8355 8351
v 2686.642 1202.507 -229.879
f 8356 8288 8280
f 8356 8291 8288
f 8356 8298 8293
f 8356 8280 8352
f 8356 8293 8291
v 2690.565 1198.680 -229.879
f 8357 8354 8351
v 2690.403 1199.017 -229.879
f 8358 8351 8344
f 8358 8357 8351
v 2687.316 1202.182 -229.879
f 8359 8300 8298
f 8359 8298 8356
v 2686.983 1202.353 -229.879
f 8359 8356 8360
v 2690.029 1199.665 -229.879
v 2690.224 1199.346 -229.879
f 8361 8362 8358
v 2687.954 1201.793 -229.879
v 2687.640 1201.996 -229.879
f 8363 8359 8364
v 2688.257 1201.574 -229.879
f 8365 8300 8359
f 8365 8359 8363
v 2689.593 1200.272 -229.879
f 8366 8344 8310
f 8366 8310 8300
v 2689.818 1199.974 -229.879
f 8366 8367 8361
f 8366 8358 8344
f 8366 8361 8358
v 2689.352 1200.558 -229.879
f 8368 8300 8365
f 8368 8366 8300
v 2688.830 1201.094 -229.879
v 2688.550 1201.341 -229.879
f 8369 8365 8370
v 2689.098 1200.833 -229.879
f 8371 8365 8369
f 8371 8368 8365
