o acc_0
v 2633.379 1333.837 0.000
v 2558.379 1333.837 0.000
v 2558.379 1333.837 5.000
f 1 2 3
v 2633.379 1333.837 5.000
f 4 1 3
v 2633.379 1293.837 0.000
f 5 1 4
v 2633.379 1293.837 5.000
f 6 5 4
v 2621.379 1293.837 5.000
v 2621.379 1293.837 0.000
f 5 7 8
f 5 6 7
v 2621.379 1313.837 5.000
v 2621.379 1313.837 0.000
f 8 9 10
f 8 7 9
v 2570.379 1313.837 5.000
v 2570.379 1313.837 0.000
f 10 11 12
f 10 9 11
v 2570.379 1293.837 5.000
v 2570.379 1293.837 0.000
f 13 14 12
f 13 12 11
v 2558.379 1293.837 5.000
v 2558.379 1293.837 0.000
f 14 15 16
f 14 13 15
f 15 3 2
f 16 15 2
f 11 15 13
f 3 15 11
f 9 7 6
f 4 11 9
f 4 3 11
f 4 9 6
f 16 12 14
f 16 2 12
f 8 10 5
f 12 1 10
f 2 1 12
f 10 1 5
o acc_1
v 2922.630 1298.837 5.000
v 2922.630 1438.837 5.000
v 2922.630 1438.837 0.000
f 17 18 19
v 2922.630 1298.837 0.000
f 20 17 19
v 2927.385 1443.831 5.000
v 2927.630 1443.837 5.000
v 2927.630 1443.837 0.000
f 21 22 23
v 2927.385 1443.831 0.000
f 21 23 24
v 2927.140 1443.813 5.000
v 2927.140 1443.813 0.000
f 25 24 26
f 25 21 24
v 2926.896 1443.783 5.000
v 2926.896 1443.783 0.000
f 27 26 28
f 27 25 26
v 2926.654 1443.741 5.000
v 2926.654 1443.741 0.000
f 29 28 30
f 29 27 28
v 2926.415 1443.688 5.000
v 2926.415 1443.688 0.000
f 31 30 32
f 31 29 30
v 2926.178 1443.622 5.000
v 2926.178 1443.622 0.000
f 33 32 34
f 33 31 32
v 2925.945 1443.545 5.000
v 2925.945 1443.545 0.000
f 35 34 36
f 35 33 34
v 2925.716 1443.457 5.000
v 2925.716 1443.457 0.000
f 37 36 38
f 37 35 36
v 2925.492 1443.357 5.000
f 39 37 38
v 2925.492 1443.357 0.000
f 39 38 40
v 2925.273 1443.247 5.000
v 2925.273 1443.247 0.000
f 41 40 42
f 41 39 40
v 2925.059 1443.126 5.000
v 2925.059 1443.126 0.000
f 43 42 44
f 43 41 42
v 2924.852 1442.995 5.000
v 2924.852 1442.995 0.000
f 45 44 46
v 2924.651 1442.853 0.000
f 45 46 47
f 45 43 44
v 2924.651 1442.853 5.000
f 48 45 47
v 2924.458 1442.702 5.000
v 2924.458 1442.702 0.000
f 49 47 50
f 49 48 47
v 2924.272 1442.542 5.000
v 2924.272 1442.542 0.000
f 51 50 52
f 51 49 50
v 2924.094 1442.373 5.000
v 2924.094 1442.373 0.000
f 53 52 54
f 53 51 52
v 2923.925 1442.195 5.000
v 2923.925 1442.195 0.000
f 55 54 56
f 55 53 54
v 2923.765 1442.009 5.000
v 2923.765 1442.009 0.000
f 57 56 58
v 2923.614 1441.816 0.000
f 57 58 59
f 57 55 56
v 2923.614 1441.816 5.000
f 60 57 59
v 2923.473 1441.615 5.000
v 2923.473 1441.615 0.000
f 61 59 62
f 61 60 59
v 2923.341 1441.408 5.000
v 2923.341 1441.408 0.000
f 63 62 64
v 2923.220 1441.194 0.000
f 63 64 65
f 63 61 62
v 2923.220 1441.194 5.000
f 66 63 65
v 2923.110 1440.975 5.000
v 2923.110 1440.975 0.000
f 67 65 68
v 2923.011 1440.751 0.000
f 67 68 69
f 67 66 65
v 2923.011 1440.751 5.000
v 2922.922 1440.522 0.000
f 70 69 71
f 70 67 69
v 2922.922 1440.522 5.000
v 2922.845 1440.289 0.000
f 72 71 73
f 72 70 71
v 2922.845 1440.289 5.000
f 74 72 73
v 2922.780 1440.052 5.000
v 2922.780 1440.052 0.000
f 75 73 76
v 2922.726 1439.813 0.000
f 75 76 77
f 75 74 73
v 2922.726 1439.813 5.000
f 78 75 77
v 2922.684 1439.571 5.000
v 2922.684 1439.571 0.000
f 79 77 80
f 79 78 77
v 2922.654 1439.327 5.000
v 2922.654 1439.327 0.000
f 81 80 82
f 81 79 80
v 2922.636 1439.083 5.000
v 2922.636 1439.083 0.000
f 83 82 84
f 83 81 82
f 18 84 19
f 18 83 84
v 3017.630 1443.837 0.000
f 85 23 22
v 3017.630 1443.837 5.000
f 86 85 22
v 3022.624 1439.083 5.000
v 3022.630 1438.837 5.000
v 3022.630 1438.837 0.000
f 87 88 89
v 3022.624 1439.083 0.000
f 87 89 90
v 3022.606 1439.327 5.000
v 3022.606 1439.327 0.000
f 91 90 92
f 91 87 90
v 3022.576 1439.571 5.000
v 3022.576 1439.571 0.000
f 93 92 94
f 93 91 92
v 3022.534 1439.813 5.000
v 3022.534 1439.813 0.000
f 95 94 96
f 95 93 94
v 3022.480 1440.052 5.000
v 3022.480 1440.052 0.000
f 97 96 98
f 97 95 96
v 3022.415 1440.289 5.000
v 3022.415 1440.289 0.000
f 99 98 100
f 99 97 98
v 3022.338 1440.522 5.000
v 3022.338 1440.522 0.000
f 101 100 102
f 101 99 100
v 3022.249 1440.751 5.000
v 3022.249 1440.751 0.000
f 103 102 104
f 103 101 102
v 3022.150 1440.975 5.000
f 105 103 104
v 3022.150 1440.975 0.000
f 105 104 106
v 3022.040 1441.194 5.000
v 3022.040 1441.194 0.000
f 107 106 108
f 107 105 106
v 3021.919 1441.408 5.000
v 3021.919 1441.408 0.000
f 109 108 110
f 109 107 108
v 3021.787 1441.615 5.000
v 3021.787 1441.615 0.000
f 111 110 112
v 3021.646 1441.816 0.000
f 111 112 113
f 111 109 110
v 3021.646 1441.816 5.000
v 3021.495 1442.009 0.000
f 114 113 115
f 114 111 113
v 3021.495 1442.009 5.000
f 116 114 115
v 3021.335 1442.195 5.000
v 3021.335 1442.195 0.000
f 117 115 118
f 117 116 115
v 3021.165 1442.373 5.000
v 3021.165 1442.373 0.000
f 119 118 120
v 3020.988 1442.542 0.000
f 119 120 121
f 119 117 118
v 3020.988 1442.542 5.000
f 122 119 121
v 3020.802 1442.702 5.000
v 3020.802 1442.702 0.000
f 123 121 124
f 123 122 121
v 3020.608 1442.853 5.000
v 3020.608 1442.853 0.000
f 125 124 126
f 125 123 124
v 3020.408 1442.995 5.000
v 3020.408 1442.995 0.000
f 127 126 128
f 127 125 126
v 3020.200 1443.126 5.000
v 3020.200 1443.126 0.000
f 129 128 130
f 129 127 128
v 3019.987 1443.247 5.000
v 3019.987 1443.247 0.000
f 131 130 132
f 131 129 130
v 3019.768 1443.357 5.000
v 3019.768 1443.357 0.000
f 133 132 134
v 3019.543 1443.457 0.000
f 133 134 135
f 133 131 132
v 3019.543 1443.457 5.000
f 136 133 135
v 3019.314 1443.545 5.000
v 3019.314 1443.545 0.000
f 137 135 138
v 3019.081 1443.622 0.000
f 137 138 139
f 137 136 135
v 3019.081 1443.622 5.000
f 140 137 139
v 3018.845 1443.688 5.000
v 3018.845 1443.688 0.000
f 141 139 142
f 141 140 139
v 3018.605 1443.741 5.000
v 3018.605 1443.741 0.000
f 143 142 144
v 3018.364 1443.783 0.000
f 143 144 145
f 143 141 142
v 3018.364 1443.783 5.000
f 146 143 145
v 3018.120 1443.813 5.000
v 3018.120 1443.813 0.000
f 147 145 148
v 3017.875 1443.831 0.000
f 147 148 149
f 147 146 145
v 3017.875 1443.831 5.000
f 150 147 149
f 86 149 85
f 86 150 149
v 3022.630 1298.837 0.000
f 151 89 88
v 3022.630 1298.837 5.000
f 152 151 88
v 3017.875 1293.843 5.000
v 3017.630 1293.837 0.000
v 3017.875 1293.843 0.000
f 153 154 155
v 3017.630 1293.837 5.000
f 153 156 154
v 3018.120 1293.861 5.000
v 3018.120 1293.861 0.000
f 157 155 158
f 157 153 155
v 3018.364 1293.891 5.000
v 3018.364 1293.891 0.000
f 159 158 160
f 159 157 158
v 3018.605 1293.933 5.000
v 3018.605 1293.933 0.000
f 161 160 162
f 161 159 160
v 3018.845 1293.987 5.000
v 3018.845 1293.987 0.000
f 163 162 164
f 163 161 162
v 3019.081 1294.053 5.000
v 3019.081 1294.053 0.000
f 165 164 166
f 165 163 164
v 3019.314 1294.130 5.000
v 3019.314 1294.130 0.000
f 167 166 168
f 167 165 166
v 3019.543 1294.218 5.000
v 3019.543 1294.218 0.000
f 169 168 170
f 169 167 168
v 3019.768 1294.317 5.000
f 171 169 170
v 3019.768 1294.317 0.000
f 171 170 172
v 3019.987 1294.428 5.000
v 3019.987 1294.428 0.000
f 173 172 174
v 3020.200 1294.549 0.000
f 173 174 175
f 173 171 172
v 3020.200 1294.549 5.000
f 176 173 175
v 3020.408 1294.680 5.000
v 3020.408 1294.680 0.000
f 177 175 178
f 177 176 175
v 3020.608 1294.821 5.000
v 3020.608 1294.821 0.000
f 179 178 180
f 179 177 178
v 3020.802 1294.972 5.000
v 3020.802 1294.972 0.000
f 181 180 182
f 181 179 180
v 3020.988 1295.133 5.000
v 3020.988 1295.133 0.000
f 183 182 184
f 183 181 182
v 3021.165 1295.302 5.000
v 3021.165 1295.302 0.000
f 185 184 186
f 185 183 184
v 3021.335 1295.480 5.000
v 3021.335 1295.480 0.000
f 187 186 188
v 3021.495 1295.665 0.000
f 187 188 189
f 187 185 186
v 3021.495 1295.665 5.000
f 190 187 189
v 3021.646 1295.859 5.000
v 3021.646 1295.859 0.000
f 191 189 192
f 191 190 189
v 3021.787 1296.059 5.000
v 3021.787 1296.059 0.000
f 193 192 194
f 193 191 192
v 3021.919 1296.267 5.000
v 3021.919 1296.267 0.000
f 195 194 196
v 3022.040 1296.480 0.000
f 195 196 197
f 195 193 194
v 3022.040 1296.480 5.000
f 198 195 197
v 3022.150 1296.700 5.000
v 3022.150 1296.700 0.000
f 199 197 200
f 199 198 197
v 3022.249 1296.924 5.000
v 3022.249 1296.924 0.000
f 201 200 202
f 201 199 200
v 3022.338 1297.153 5.000
v 3022.338 1297.153 0.000
f 203 202 204
f 203 201 202
v 3022.415 1297.386 5.000
v 3022.415 1297.386 0.000
f 205 204 206
f 205 203 204
v 3022.480 1297.622 5.000
v 3022.480 1297.622 0.000
f 207 206 208
f 207 205 206
v 3022.534 1297.862 5.000
v 3022.534 1297.862 0.000
f 209 208 210
f 209 207 208
v 3022.576 1298.104 5.000
v 3022.576 1298.104 0.000
f 211 210 212
v 3022.606 1298.347 0.000
f 211 212 213
f 211 209 210
v 3022.606 1298.347 5.000
f 214 211 213
v 3022.624 1298.592 5.000
v 3022.624 1298.592 0.000
f 215 213 216
f 215 216 151
f 215 214 213
f 152 215 151
v 2927.630 1293.837 5.000
v 2927.630 1293.837 0.000
f 156 217 218
f 154 156 218
v 2922.636 1298.592 5.000
f 219 17 20
v 2922.636 1298.592 0.000
f 219 20 220
v 2922.654 1298.347 5.000
v 2922.654 1298.347 0.000
f 221 220 222
f 221 219 220
v 2922.684 1298.104 5.000
v 2922.684 1298.104 0.000
f 223 222 224
v 2922.726 1297.862 0.000
f 223 224 225
f 223 221 222
v 2922.726 1297.862 5.000
f 226 223 225
v 2922.780 1297.622 5.000
v 2922.780 1297.622 0.000
f 227 225 228
f 227 226 225
v 2922.845 1297.386 5.000
v 2922.845 1297.386 0.000
f 229 228 230
f 229 227 228
v 2922.922 1297.153 5.000
v 2922.922 1297.153 0.000
f 231 230 232
v 2923.011 1296.924 0.000
f 231 232 233
f 231 229 230
v 2923.011 1296.924 5.000
f 234 231 233
v 2923.110 1296.700 0.000
f 234 233 235
v 2923.110 1296.700 5.000
f 236 234 235
v 2923.220 1296.480 0.000
f 236 235 237
v 2923.220 1296.480 5.000
f 238 236 237
v 2923.341 1296.267 5.000
v 2923.341 1296.267 0.000
f 239 237 240
v 2923.473 1296.059 0.000
f 239 240 241
f 239 238 237
v 2923.473 1296.059 5.000
f 242 239 241
v 2923.614 1295.859 5.000
v 2923.614 1295.859 0.000
f 243 241 244
v 2923.765 1295.665 0.000
f 243 244 245
f 243 242 241
v 2923.765 1295.665 5.000
f 246 243 245
v 2923.925 1295.480 5.000
v 2923.925 1295.480 0.000
f 247 245 248
v 2924.094 1295.302 0.000
f 247 248 249
f 247 246 245
v 2924.094 1295.302 5.000
v 2924.272 1295.133 0.000
f 250 249 251
f 250 247 249
v 2924.272 1295.133 5.000
f 252 250 251
v 2924.458 1294.972 5.000
v 2924.458 1294.972 0.000
f 253 251 254
v 2924.651 1294.821 0.000
f 253 254 255
f 253 252 251
v 2924.651 1294.821 5.000
f 256 253 255
v 2924.852 1294.680 5.000
v 2924.852 1294.680 0.000
f 257 255 258
f 257 256 255
v 2925.059 1294.549 5.000
v 2925.059 1294.549 0.000
f 259 258 260
f 259 257 258
v 2925.273 1294.428 5.000
v 2925.273 1294.428 0.000
f 261 260 262
v 2925.492 1294.317 0.000
f 261 262 263
f 261 259 260
v 2925.492 1294.317 5.000
v 2925.716 1294.218 0.000
f 264 263 265
f 264 261 263
v 2925.716 1294.218 5.000
f 266 264 265
v 2925.945 1294.130 5.000
v 2925.945 1294.130 0.000
f 267 265 268
f 267 266 265
v 2926.178 1294.053 5.000
v 2926.178 1294.053 0.000
f 269 268 270
f 269 267 268
v 2926.415 1293.987 5.000
v 2926.415 1293.987 0.000
f 271 270 272
f 271 269 270
v 2926.654 1293.933 5.000
v 2926.654 1293.933 0.000
f 273 272 274
f 273 271 272
v 2926.896 1293.891 5.000
v 2926.896 1293.891 0.000
f 275 274 276
v 2927.140 1293.861 0.000
f 275 276 277
f 275 273 274
v 2927.140 1293.861 5.000
f 278 275 277
v 2927.385 1293.843 5.000
v 2927.385 1293.843 0.000
f 279 277 280
f 279 280 218
f 279 278 277
f 217 279 218
v 3000.885 1419.016 5.000
v 3001.132 1418.736 5.000
v 3001.393 1418.468 5.000
f 281 282 283
v 3000.433 1419.612 5.000
v 3000.651 1419.309 5.000
f 284 285 281
v 3002.561 1417.537 5.000
v 3001.954 1417.974 5.000
v 3002.252 1417.748 5.000
f 286 287 288
v 3001.667 1418.214 5.000
f 286 289 287
f 286 283 289
v 3003.208 1417.163 5.000
v 3002.880 1417.342 5.000
f 290 286 291
v 2999.719 1420.924 5.000
v 3000.043 1420.250 5.000
v 3000.230 1419.927 5.000
f 292 293 294
v 2999.873 1420.583 5.000
f 292 295 293
v 3003.890 1416.856 5.000
v 3003.545 1417.001 5.000
f 296 290 297
f 296 286 290
v 2999.463 1421.627 5.000
v 2999.582 1421.272 5.000
f 298 299 292
v 3004.961 1416.525 5.000
v 3004.241 1416.728 5.000
v 3004.599 1416.618 5.000
f 300 301 302
f 300 296 301
v 2999.279 1422.351 5.000
v 2999.362 1421.987 5.000
f 303 304 298
v 2999.167 1423.091 5.000
v 2999.214 1422.720 5.000
f 305 306 303
v 3006.069 1416.358 5.000
v 3005.328 1416.451 5.000
v 3005.697 1416.396 5.000
f 307 308 309
v 2999.130 1423.837 5.000
v 2999.139 1423.464 5.000
f 310 311 305
v 2999.139 1424.211 5.000
f 312 305 303
f 312 310 305
v 3007.190 1416.358 5.000
v 3006.443 1416.340 5.000
v 3006.817 1416.340 5.000
f 313 314 315
v 3007.562 1416.396 5.000
f 316 314 313
v 2999.214 1424.955 5.000
v 2999.167 1424.584 5.000
f 317 318 312
v 2999.463 1426.048 5.000
v 2999.279 1425.323 5.000
f 319 320 317
v 2999.362 1425.688 5.000
f 319 321 320
v 2999.582 1426.402 5.000
f 322 317 312
f 322 319 317
f 322 303 298
f 322 312 303
v 3009.715 1417.001 5.000
v 3009.019 1416.728 5.000
v 3009.370 1416.856 5.000
f 323 324 325
v 2999.873 1427.091 5.000
v 2999.719 1426.751 5.000
f 326 327 322
f 326 322 298
f 326 292 294
f 326 298 292
v 3000.230 1427.748 5.000
v 3000.043 1427.424 5.000
f 328 329 326
f 328 294 284
f 328 326 294
f 328 281 283
f 328 284 281
v 3010.699 1417.537 5.000
v 3010.051 1417.163 5.000
v 3010.380 1417.342 5.000
f 330 331 332
v 3011.008 1417.748 5.000
f 333 331 330
v 3000.651 1428.366 5.000
v 3000.433 1428.062 5.000
f 334 335 328
v 3001.132 1428.939 5.000
v 3000.885 1428.658 5.000
f 336 337 334
f 336 334 328
f 336 328 283
v 3011.867 1418.468 5.000
v 3011.306 1417.974 5.000
v 3011.593 1418.214 5.000
f 338 339 340
v 3012.128 1418.736 5.000
f 341 339 338
v 3001.954 1429.701 5.000
v 3001.393 1429.206 5.000
f 342 343 336
v 3001.667 1429.461 5.000
f 342 344 343
f 342 336 283
f 342 283 286
v 3002.252 1429.927 5.000
f 345 342 286
v 3012.827 1419.612 5.000
v 3012.375 1419.016 5.000
v 3012.608 1419.309 5.000
f 346 347 348
f 346 341 347
v 3013.030 1419.927 5.000
f 349 341 346
v 3002.880 1430.333 5.000
v 3002.561 1430.138 5.000
f 350 351 345
v 3013.217 1420.250 5.000
f 352 341 349
v 3003.208 1430.511 5.000
f 353 345 286
f 353 286 296
f 353 350 345
v 3003.890 1430.819 5.000
v 3003.545 1430.674 5.000
f 354 355 353
v 3004.241 1430.947 5.000
f 356 354 353
f 356 353 296
f 356 296 300
v 3004.961 1431.149 5.000
v 3004.599 1431.057 5.000
f 357 358 356
f 357 356 300
f 357 300 308
v 3013.981 1422.351 5.000
v 3013.797 1421.627 5.000
v 3013.898 1421.987 5.000
f 359 360 361
v 3013.678 1421.272 5.000
f 359 362 360
v 3013.541 1420.924 5.000
f 359 363 362
v 3005.697 1431.279 5.000
v 3005.328 1431.223 5.000
f 364 365 357
v 3014.093 1423.091 5.000
v 3014.046 1422.720 5.000
f 366 359 367
f 366 363 359
v 3006.069 1431.316 5.000
f 368 364 357
f 368 357 308
v 3006.443 1431.335 5.000
f 369 368 308
f 369 308 307
v 3014.130 1423.837 5.000
v 3014.121 1423.464 5.000
f 370 366 371
v 3006.817 1431.335 5.000
f 372 369 307
f 372 307 314
v 3014.121 1424.211 5.000
f 373 366 370
v 3007.562 1431.279 5.000
f 374 314 316
v 3007.190 1431.316 5.000
f 374 375 372
f 374 372 314
v 3014.046 1424.955 5.000
v 3014.093 1424.584 5.000
f 376 373 377
f 376 366 373
v 3013.981 1425.323 5.000
f 378 363 366
f 378 366 376
v 3008.299 1431.149 5.000
f 379 374 316
v 3007.932 1431.223 5.000
f 379 380 374
v 3008.661 1416.618 5.000
f 379 381 324
v 3008.299 1416.525 5.000
f 379 382 381
v 3007.932 1416.451 5.000
f 379 383 382
f 379 316 383
v 3013.797 1426.048 5.000
v 3013.898 1425.688 5.000
f 384 378 385
v 3009.019 1430.947 5.000
f 386 379 324
v 3008.661 1431.057 5.000
f 386 387 379
v 3013.678 1426.402 5.000
f 388 378 384
v 3013.541 1426.751 5.000
f 389 378 388
v 3009.715 1430.674 5.000
f 390 386 324
f 390 324 323
v 3009.370 1430.819 5.000
f 390 391 386
f 390 323 331
v 3013.217 1427.424 5.000
f 392 378 389
v 3013.387 1427.091 5.000
f 392 389 393
v 3013.387 1420.583 5.000
f 392 394 363
f 392 341 352
f 392 352 394
f 392 363 378
v 3010.380 1430.333 5.000
v 3010.051 1430.511 5.000
f 395 396 390
v 3010.699 1430.138 5.000
f 397 390 331
f 397 331 333
f 397 395 390
v 3012.827 1428.062 5.000
v 3013.030 1427.748 5.000
f 398 392 399
v 3011.306 1429.701 5.000
v 3011.008 1429.927 5.000
f 400 401 397
f 400 397 333
f 400 333 339
v 3012.375 1428.658 5.000
v 3012.608 1428.366 5.000
f 402 398 403
f 402 392 398
v 3012.128 1428.939 5.000
f 404 341 392
f 404 392 402
v 3011.867 1429.206 5.000
v 3011.593 1429.461 5.000
f 405 406 400
f 405 339 341
f 405 341 404
f 405 400 339
v 3001.132 1418.736 0.000
v 3000.885 1419.016 0.000
v 3001.393 1418.468 0.000
f 407 408 409
v 3000.651 1419.309 0.000
v 3000.433 1419.612 0.000
f 410 411 408
v 3001.954 1417.974 0.000
v 3002.561 1417.537 0.000
v 3002.252 1417.748 0.000
f 412 413 414
v 3001.667 1418.214 0.000
f 415 413 412
f 409 413 415
v 3003.208 1417.163 0.000
v 3002.880 1417.342 0.000
f 413 416 417
v 3000.043 1420.250 0.000
v 2999.719 1420.924 0.000
v 3000.230 1419.927 0.000
f 418 419 420
v 2999.873 1420.583 0.000
f 421 419 418
v 3003.890 1416.856 0.000
v 3003.545 1417.001 0.000
f 416 422 423
f 413 422 416
v 2999.582 1421.272 0.000
v 2999.463 1421.627 0.000
f 424 425 419
v 3004.241 1416.728 0.000
v 3004.961 1416.525 0.000
v 3004.599 1416.618 0.000
f 426 427 428
f 422 427 426
v 2999.362 1421.987 0.000
v 2999.279 1422.351 0.000
f 429 430 425
v 2999.214 1422.720 0.000
v 2999.167 1423.091 0.000
f 431 432 430
v 3005.328 1416.451 0.000
v 3006.069 1416.358 0.000
v 3005.697 1416.396 0.000
f 433 434 435
v 2999.139 1423.464 0.000
v 2999.130 1423.837 0.000
f 436 437 432
v 2999.139 1424.211 0.000
f 432 438 430
f 437 438 432
v 3006.443 1416.340 0.000
v 3007.190 1416.358 0.000
v 3006.817 1416.340 0.000
f 439 440 441
v 3007.562 1416.396 0.000
f 439 442 440
v 2999.167 1424.584 0.000
v 2999.214 1424.955 0.000
f 443 444 438
v 2999.279 1425.323 0.000
v 2999.463 1426.048 0.000
f 445 446 444
v 2999.362 1425.688 0.000
f 447 446 445
v 2999.582 1426.402 0.000
f 444 448 438
f 446 448 444
f 430 448 425
f 438 448 430
v 3009.019 1416.728 0.000
v 3009.715 1417.001 0.000
v 3009.370 1416.856 0.000
f 449 450 451
v 2999.719 1426.751 0.000
v 2999.873 1427.091 0.000
f 452 453 448
f 448 453 425
f 419 453 420
f 425 453 419
v 3000.043 1427.424 0.000
v 3000.230 1427.748 0.000
f 454 455 453
f 420 455 411
f 453 455 420
f 408 455 409
f 411 455 408
v 3010.051 1417.163 0.000
v 3010.699 1417.537 0.000
v 3010.380 1417.342 0.000
f 456 457 458
v 3011.008 1417.748 0.000
f 456 459 457
v 3000.433 1428.062 0.000
v 3000.651 1428.366 0.000
f 460 461 455
v 3000.885 1428.658 0.000
v 3001.132 1428.939 0.000
f 462 463 461
f 461 463 455
f 455 463 409
v 3011.306 1417.974 0.000
v 3011.867 1418.468 0.000
v 3011.593 1418.214 0.000
f 464 465 466
v 3012.128 1418.736 0.000
f 464 467 465
v 3001.393 1429.206 0.000
v 3001.954 1429.701 0.000
f 468 469 463
v 3001.667 1429.461 0.000
f 470 469 468
f 463 469 409
f 409 469 413
v 3002.252 1429.927 0.000
f 469 471 413
v 3012.375 1419.016 0.000
v 3012.827 1419.612 0.000
v 3012.608 1419.309 0.000
f 472 473 474
f 467 473 472
v 3013.030 1419.927 0.000
f 467 475 473
v 3002.561 1430.138 0.000
v 3002.880 1430.333 0.000
f 476 477 471
v 3013.217 1420.250 0.000
f 467 478 475
v 3003.208 1430.511 0.000
f 471 479 413
f 413 479 422
f 477 479 471
v 3003.545 1430.674 0.000
v 3003.890 1430.819 0.000
f 480 481 479
v 3004.241 1430.947 0.000
f 481 482 479
f 479 482 422
f 422 482 427
v 3004.599 1431.057 0.000
v 3004.961 1431.149 0.000
f 483 484 482
f 482 484 427
f 427 484 433
v 3013.797 1421.627 0.000
v 3013.981 1422.351 0.000
v 3013.898 1421.987 0.000
f 485 486 487
v 3013.678 1421.272 0.000
f 488 486 485
v 3013.541 1420.924 0.000
f 489 486 488
v 3005.328 1431.223 0.000
v 3005.697 1431.279 0.000
f 490 491 484
v 3014.093 1423.091 0.000
v 3014.046 1422.720 0.000
f 486 492 493
f 489 492 486
v 3006.069 1431.316 0.000
f 491 494 484
f 484 494 433
v 3006.443 1431.335 0.000
f 494 495 433
f 433 495 434
v 3014.130 1423.837 0.000
v 3014.121 1423.464 0.000
f 492 496 497
v 3006.817 1431.335 0.000
f 495 498 434
f 434 498 439
v 3014.121 1424.211 0.000
f 492 499 496
v 3007.562 1431.279 0.000
f 439 500 442
v 3007.190 1431.316 0.000
f 501 500 498
f 498 500 439
v 3014.046 1424.955 0.000
v 3014.093 1424.584 0.000
f 499 502 503
f 492 502 499
v 3013.981 1425.323 0.000
f 489 504 492
f 492 504 502
v 3008.299 1431.149 0.000
f 500 505 442
v 3007.932 1431.223 0.000
f 506 505 500
v 3008.661 1416.618 0.000
f 507 505 449
v 3008.299 1416.525 0.000
f 508 505 507
v 3007.932 1416.451 0.000
f 509 505 508
f 442 505 509
v 3013.797 1426.048 0.000
v 3013.898 1425.688 0.000
f 504 510 511
v 3009.019 1430.947 0.000
f 505 512 449
v 3008.661 1431.057 0.000
f 513 512 505
v 3013.678 1426.402 0.000
f 504 514 510
v 3013.541 1426.751 0.000
f 504 515 514
v 3009.715 1430.674 0.000
f 512 516 449
f 449 516 450
v 3009.370 1430.819 0.000
f 517 516 512
f 450 516 456
v 3013.217 1427.424 0.000
f 504 518 515
v 3013.387 1427.091 0.000
f 515 518 519
v 3013.387 1420.583 0.000
f 520 518 489
f 467 518 478
f 478 518 520
f 489 518 504
v 3010.051 1430.511 0.000
v 3010.380 1430.333 0.000
f 521 522 516
v 3010.699 1430.138 0.000
f 516 523 456
f 456 523 459
f 522 523 516
v 3012.827 1428.062 0.000
v 3013.030 1427.748 0.000
f 518 524 525
v 3011.008 1429.927 0.000
v 3011.306 1429.701 0.000
f 526 527 523
f 523 527 459
f 459 527 464
v 3012.375 1428.658 0.000
v 3012.608 1428.366 0.000
f 524 528 529
f 518 528 524
v 3012.128 1428.939 0.000
f 467 530 518
f 518 530 528
v 3011.593 1429.461 0.000
v 3011.867 1429.206 0.000
f 531 532 527
f 464 532 467
f 467 532 530
f 527 532 464
o acc_2
v 2773.415 1338.837 5.000
v 2773.415 1338.837 0.000
v 2748.415 1338.837 0.000
f 533 534 535
v 2748.415 1338.837 5.000
f 533 535 536
v 2783.403 1329.328 5.000
v 2783.415 1328.837 5.000
v 2783.415 1328.837 0.000
f 537 538 539
v 2783.403 1329.328 0.000
f 537 539 540
v 2783.367 1329.818 5.000
v 2783.367 1329.818 0.000
f 541 540 542
f 541 537 540
v 2783.307 1330.305 5.000
v 2783.307 1330.305 0.000
f 543 542 544
f 543 541 542
v 2783.223 1330.788 5.000
v 2783.223 1330.788 0.000
f 545 544 546
v 2783.116 1331.267 0.000
f 545 546 547
f 545 543 544
v 2783.116 1331.267 5.000
v 2782.985 1331.740 0.000
f 548 547 549
f 548 545 547
v 2782.985 1331.740 5.000
f 550 548 549
v 2782.831 1332.206 5.000
v 2782.831 1332.206 0.000
f 551 549 552
f 551 550 549
v 2782.654 1332.664 5.000
v 2782.654 1332.664 0.000
f 553 552 554
v 2782.455 1333.113 0.000
f 553 554 555
f 553 551 552
v 2782.455 1333.113 5.000
f 556 553 555
v 2782.235 1333.551 5.000
v 2782.235 1333.551 0.000
f 557 555 558
f 557 556 555
v 2781.993 1333.978 5.000
v 2781.993 1333.978 0.000
f 559 558 560
f 559 557 558
v 2781.730 1334.393 5.000
v 2781.730 1334.393 0.000
f 561 560 562
v 2781.448 1334.794 0.000
f 561 562 563
f 561 559 560
v 2781.448 1334.794 5.000
v 2781.146 1335.181 0.000
f 564 563 565
f 564 561 563
v 2781.146 1335.181 5.000
f 566 564 565
v 2780.825 1335.553 5.000
v 2780.825 1335.553 0.000
f 567 565 568
f 567 566 565
v 2780.487 1335.908 5.000
v 2780.487 1335.908 0.000
f 569 568 570
v 2780.131 1336.247 0.000
f 569 570 571
f 569 567 568
v 2780.131 1336.247 5.000
f 572 569 571
v 2779.759 1336.567 5.000
v 2779.759 1336.567 0.000
f 573 571 574
f 573 572 571
v 2779.372 1336.869 5.000
v 2779.372 1336.869 0.000
f 575 574 576
f 575 573 574
v 2778.971 1337.152 5.000
v 2778.971 1337.152 0.000
f 577 576 578
f 577 575 576
v 2778.557 1337.415 5.000
v 2778.557 1337.415 0.000
f 579 578 580
f 579 577 578
v 2778.129 1337.657 5.000
v 2778.129 1337.657 0.000
f 581 580 582
f 581 579 580
v 2777.691 1337.877 5.000
v 2777.691 1337.877 0.000
f 583 582 584
f 583 581 582
v 2777.242 1338.076 5.000
v 2777.242 1338.076 0.000
f 585 584 586
f 585 583 584
v 2776.784 1338.253 5.000
v 2776.784 1338.253 0.000
f 587 586 588
f 587 585 586
v 2776.318 1338.407 5.000
v 2776.318 1338.407 0.000
f 589 588 590
f 589 587 588
v 2775.845 1338.538 5.000
v 2775.845 1338.538 0.000
f 591 590 592
f 591 589 590
v 2775.366 1338.645 5.000
v 2775.366 1338.645 0.000
f 593 592 594
f 593 591 592
v 2774.883 1338.729 5.000
v 2774.883 1338.729 0.000
f 595 594 596
f 595 593 594
v 2774.396 1338.789 5.000
v 2774.396 1338.789 0.000
f 597 596 598
f 597 595 596
v 2773.906 1338.825 5.000
v 2773.906 1338.825 0.000
f 599 598 600
f 599 597 598
f 533 600 534
f 533 599 600
v 2783.415 1303.837 5.000
v 2783.415 1303.837 0.000
f 601 602 539
f 601 539 538
v 2773.906 1293.849 5.000
v 2773.415 1293.837 0.000
v 2773.906 1293.849 0.000
f 603 604 605
v 2773.415 1293.837 5.000
f 603 606 604
v 2774.396 1293.886 5.000
v 2774.396 1293.886 0.000
f 607 605 608
f 607 603 605
v 2774.883 1293.946 5.000
v 2774.883 1293.946 0.000
f 609 608 610
f 609 607 608
v 2775.366 1294.029 5.000
v 2775.366 1294.029 0.000
f 611 610 612
f 611 609 610
v 2775.845 1294.137 5.000
v 2775.845 1294.137 0.000
f 613 612 614
f 613 611 612
v 2776.318 1294.268 5.000
v 2776.318 1294.268 0.000
f 615 614 616
v 2776.784 1294.422 0.000
f 615 616 617
f 615 613 614
v 2776.784 1294.422 5.000
v 2777.242 1294.599 0.000
f 618 617 619
f 618 615 617
v 2777.242 1294.599 5.000
f 620 618 619
v 2777.691 1294.797 5.000
f 621 620 619
v 2777.691 1294.797 0.000
f 621 619 622
v 2778.129 1295.018 5.000
v 2778.129 1295.018 0.000
f 623 622 624
f 623 621 622
v 2778.557 1295.260 5.000
v 2778.557 1295.260 0.000
f 625 624 626
v 2778.971 1295.523 0.000
f 625 626 627
f 625 623 624
v 2778.971 1295.523 5.000
f 628 625 627
v 2779.372 1295.805 5.000
v 2779.372 1295.805 0.000
f 629 627 630
v 2779.759 1296.107 0.000
f 629 630 631
f 629 628 627
v 2779.759 1296.107 5.000
f 632 629 631
v 2780.131 1296.428 5.000
v 2780.131 1296.428 0.000
f 633 631 634
f 633 632 631
v 2780.487 1296.766 5.000
v 2780.487 1296.766 0.000
f 635 634 636
f 635 633 634
v 2780.825 1297.122 5.000
v 2780.825 1297.122 0.000
f 637 636 638
f 637 635 636
v 2781.146 1297.493 5.000
v 2781.146 1297.493 0.000
f 639 638 640
f 639 637 638
v 2781.448 1297.880 5.000
v 2781.448 1297.880 0.000
f 641 640 642
f 641 639 640
v 2781.730 1298.282 5.000
v 2781.730 1298.282 0.000
f 643 642 644
f 643 641 642
v 2781.993 1298.696 5.000
v 2781.993 1298.696 0.000
f 645 644 646
f 645 643 644
v 2782.235 1299.123 5.000
v 2782.235 1299.123 0.000
f 647 646 648
f 647 645 646
v 2782.455 1299.562 5.000
v 2782.455 1299.562 0.000
f 649 648 650
f 649 647 648
v 2782.654 1300.011 5.000
v 2782.654 1300.011 0.000
f 651 650 652
f 651 649 650
v 2782.831 1300.468 5.000
v 2782.831 1300.468 0.000
f 653 652 654
f 653 651 652
v 2782.985 1300.935 5.000
v 2782.985 1300.935 0.000
f 655 654 656
v 2783.116 1301.408 0.000
f 655 656 657
f 655 653 654
v 2783.116 1301.408 5.000
f 658 655 657
v 2783.223 1301.886 5.000
v 2783.223 1301.886 0.000
f 659 657 660
f 659 658 657
v 2783.307 1302.370 5.000
v 2783.307 1302.370 0.000
f 661 660 662
f 661 659 660
v 2783.367 1302.857 5.000
v 2783.367 1302.857 0.000
f 663 662 664
f 663 661 662
v 2783.403 1303.347 5.000
v 2783.403 1303.347 0.000
f 665 664 666
f 665 666 602
f 665 663 664
f 601 665 602
v 2748.415 1293.837 5.000
v 2748.415 1293.837 0.000
f 604 667 668
f 604 606 667
v 2738.428 1303.347 5.000
v 2738.415 1303.837 5.000
v 2738.415 1303.837 0.000
f 669 670 671
v 2738.428 1303.347 0.000
f 669 671 672
v 2738.464 1302.857 5.000
v 2738.464 1302.857 0.000
f 673 672 674
f 673 669 672
v 2738.524 1302.370 5.000
v 2738.524 1302.370 0.000
f 675 674 676
f 675 673 674
v 2738.608 1301.886 5.000
v 2738.608 1301.886 0.000
f 677 676 678
f 677 675 676
v 2738.715 1301.408 5.000
v 2738.715 1301.408 0.000
f 679 678 680
f 679 677 678
v 2738.846 1300.935 5.000
v 2738.846 1300.935 0.000
f 681 680 682
f 681 679 680
v 2739.000 1300.468 5.000
v 2739.000 1300.468 0.000
f 683 682 684
f 683 681 682
v 2739.177 1300.011 5.000
v 2739.177 1300.011 0.000
f 685 684 686
f 685 683 684
v 2739.376 1299.562 5.000
f 687 685 686
v 2739.376 1299.562 0.000
f 687 686 688
v 2739.596 1299.123 5.000
v 2739.596 1299.123 0.000
f 689 688 690
f 689 687 688
v 2739.838 1298.696 5.000
v 2739.838 1298.696 0.000
f 691 690 692
f 691 689 690
v 2740.101 1298.282 0.000
f 691 692 693
v 2740.101 1298.282 5.000
f 694 691 693
v 2740.383 1297.880 5.000
v 2740.383 1297.880 0.000
f 695 693 696
f 695 694 693
v 2740.685 1297.493 5.000
v 2740.685 1297.493 0.000
f 697 696 698
f 697 695 696
v 2741.006 1297.122 5.000
v 2741.006 1297.122 0.000
f 699 698 700
f 699 697 698
v 2741.344 1296.766 5.000
v 2741.344 1296.766 0.000
f 701 700 702
f 701 699 700
v 2741.700 1296.428 5.000
v 2741.700 1296.428 0.000
f 703 702 704
f 703 701 702
v 2742.072 1296.107 5.000
v 2742.072 1296.107 0.000
f 705 704 706
f 705 703 704
v 2742.458 1295.805 5.000
v 2742.458 1295.805 0.000
f 707 706 708
f 707 705 706
v 2742.860 1295.523 5.000
v 2742.860 1295.523 0.000
f 709 708 710
f 709 707 708
v 2743.274 1295.260 5.000
v 2743.274 1295.260 0.000
f 711 710 712
f 711 709 710
v 2743.702 1295.018 5.000
v 2743.702 1295.018 0.000
f 713 712 714
f 713 711 712
v 2744.140 1294.797 5.000
v 2744.140 1294.797 0.000
f 715 714 716
f 715 713 714
v 2744.589 1294.599 5.000
v 2744.589 1294.599 0.000
f 717 716 718
v 2745.047 1294.422 0.000
f 717 718 719
f 717 715 716
v 2745.047 1294.422 5.000
v 2745.513 1294.268 0.000
f 720 719 721
f 720 717 719
v 2745.513 1294.268 5.000
f 722 720 721
v 2745.986 1294.137 5.000
v 2745.986 1294.137 0.000
f 723 721 724
v 2746.465 1294.029 0.000
f 723 724 725
f 723 722 721
v 2746.465 1294.029 5.000
f 726 723 725
v 2746.948 1293.946 5.000
v 2746.948 1293.946 0.000
f 727 725 728
f 727 726 725
v 2747.435 1293.886 5.000
v 2747.435 1293.886 0.000
f 729 728 730
f 729 727 728
v 2747.925 1293.849 5.000
v 2747.925 1293.849 0.000
f 731 730 732
f 731 729 730
f 667 732 668
f 667 731 732
v 2738.415 1328.837 5.000
v 2738.415 1328.837 0.000
f 671 733 734
f 671 670 733
v 2747.925 1338.825 5.000
f 735 536 535
v 2747.925 1338.825 0.000
f 735 535 736
v 2747.435 1338.789 0.000
f 735 736 737
v 2747.435 1338.789 5.000
v 2746.948 1338.729 0.000
f 738 737 739
f 738 735 737
v 2746.948 1338.729 5.000
f 740 738 739
v 2746.465 1338.645 5.000
v 2746.465 1338.645 0.000
f 741 739 742
f 741 740 739
v 2745.986 1338.538 5.000
v 2745.986 1338.538 0.000
f 743 742 744
f 743 741 742
v 2745.513 1338.407 5.000
v 2745.513 1338.407 0.000
f 745 744 746
f 745 743 744
v 2745.047 1338.253 5.000
v 2745.047 1338.253 0.000
f 747 746 748
f 747 745 746
v 2744.589 1338.076 5.000
v 2744.589 1338.076 0.000
f 749 748 750
f 749 747 748
v 2744.140 1337.877 5.000
f 751 749 750
v 2744.140 1337.877 0.000
f 751 750 752
v 2743.702 1337.657 0.000
f 751 752 753
v 2743.702 1337.657 5.000
f 754 751 753
v 2743.274 1337.415 5.000
v 2743.274 1337.415 0.000
f 755 753 756
f 755 754 753
v 2742.860 1337.152 5.000
v 2742.860 1337.152 0.000
f 757 756 758
f 757 755 756
v 2742.458 1336.869 5.000
v 2742.458 1336.869 0.000
f 759 758 760
f 759 757 758
v 2742.072 1336.567 5.000
v 2742.072 1336.567 0.000
f 761 760 762
f 761 759 760
v 2741.700 1336.247 5.000
v 2741.700 1336.247 0.000
f 763 762 764
v 2741.344 1335.908 0.000
f 763 764 765
f 763 761 762
v 2741.344 1335.908 5.000
f 766 763 765
v 2741.006 1335.553 5.000
v 2741.006 1335.553 0.000
f 767 765 768
f 767 766 765
v 2740.685 1335.181 5.000
v 2740.685 1335.181 0.000
f 769 768 770
f 769 767 768
v 2740.383 1334.794 5.000
v 2740.383 1334.794 0.000
f 771 770 772
f 771 769 770
v 2740.101 1334.393 5.000
v 2740.101 1334.393 0.000
f 773 772 774
f 773 771 772
v 2739.838 1333.978 5.000
v 2739.838 1333.978 0.000
f 775 774 776
f 775 773 774
v 2739.596 1333.551 5.000
v 2739.596 1333.551 0.000
f 777 776 778
f 777 775 776
v 2739.376 1333.113 5.000
v 2739.376 1333.113 0.000
f 779 778 780
f 779 777 778
v 2739.177 1332.664 5.000
v 2739.177 1332.664 0.000
f 781 780 782
f 781 779 780
v 2739.000 1332.206 5.000
v 2739.000 1332.206 0.000
f 783 782 784
f 783 781 782
v 2738.846 1331.740 5.000
v 2738.846 1331.740 0.000
f 785 784 786
f 785 783 784
v 2738.715 1331.267 5.000
v 2738.715 1331.267 0.000
f 787 786 788
f 787 785 786
v 2738.608 1330.788 5.000
v 2738.608 1330.788 0.000
f 789 788 790
v 2738.524 1330.305 0.000
f 789 790 791
f 789 787 788
v 2738.524 1330.305 5.000
v 2738.464 1329.818 0.000
f 792 791 793
f 792 789 791
v 2738.464 1329.818 5.000
f 794 792 793
v 2738.428 1329.328 5.000
v 2738.428 1329.328 0.000
f 795 793 796
f 795 796 734
f 795 794 793
f 733 795 734
v 2754.933 1312.259 5.000
v 2755.144 1311.966 5.000
v 2755.369 1311.683 5.000
f 797 798 799
v 2753.756 1315.258 5.000
v 2753.997 1314.203 5.000
v 2754.112 1313.861 5.000
f 800 801 802
v 2753.899 1314.551 5.000
f 800 803 801
v 2753.819 1314.903 5.000
f 800 804 803
v 2753.711 1315.616 5.000
f 805 800 802
v 2753.684 1316.698 5.000
v 2753.684 1315.976 5.000
f 806 807 805
v 2753.675 1316.337 5.000
f 806 808 807
v 2753.756 1317.416 5.000
v 2753.711 1317.058 5.000
f 809 810 806
v 2753.899 1318.124 5.000
f 811 809 806
v 2754.244 1313.525 5.000
f 811 802 812
v 2753.819 1317.772 5.000
f 811 813 809
f 811 805 802
f 811 806 805
v 2753.997 1318.471 5.000
f 814 811 812
v 2754.392 1319.479 5.000
f 815 814 812
v 2754.392 1313.196 5.000
f 815 812 816
v 2754.112 1318.814 5.000
f 815 817 814
v 2754.244 1319.150 5.000
f 815 818 817
v 2764.536 1310.067 5.000
v 2763.893 1309.738 5.000
v 2764.219 1309.895 5.000
f 819 820 821
v 2754.737 1320.113 5.000
f 822 815 816
v 2754.557 1312.875 5.000
v 2754.737 1312.562 5.000
f 822 823 824
f 822 816 823
v 2754.557 1319.800 5.000
f 822 825 815
v 2755.144 1320.709 5.000
f 826 822 824
f 826 797 799
f 826 824 797
v 2754.933 1320.416 5.000
f 826 827 822
v 2755.608 1321.262 5.000
v 2755.369 1320.991 5.000
f 828 829 826
v 2755.860 1321.520 5.000
f 830 826 799
v 2755.860 1311.154 5.000
v 2756.125 1310.909 5.000
f 830 831 832
v 2755.608 1311.413 5.000
f 830 833 831
f 830 799 833
f 830 828 826
v 2756.125 1321.766 5.000
f 834 830 832
v 2766.687 1311.966 5.000
v 2766.223 1311.413 5.000
v 2766.462 1311.683 5.000
f 835 836 837
v 2765.971 1311.154 5.000
f 835 838 836
v 2756.689 1322.216 5.000
f 839 834 832
v 2756.401 1310.677 5.000
v 2756.689 1310.459 5.000
f 839 840 841
f 839 832 840
v 2756.401 1321.998 5.000
f 839 842 834
v 2766.898 1312.259 5.000
v 2765.706 1310.909 5.000
f 843 844 838
f 843 838 835
v 2757.295 1322.608 5.000
v 2756.987 1310.255 5.000
f 845 841 846
f 845 839 841
v 2756.987 1322.419 5.000
f 845 847 839
v 2767.274 1312.875 5.000
v 2767.093 1312.562 5.000
f 848 843 849
v 2757.612 1322.780 5.000
v 2757.612 1309.895 5.000
v 2757.938 1309.738 5.000
f 850 851 852
v 2757.295 1310.067 5.000
f 850 853 851
f 850 846 853
f 850 845 846
v 2767.587 1313.525 5.000
v 2767.439 1313.196 5.000
f 854 848 855
f 854 844 843
f 854 843 848
v 2758.270 1323.077 5.000
f 856 850 852
v 2758.610 1309.474 5.000
v 2758.955 1309.368 5.000
f 856 857 858
v 2758.270 1309.598 5.000
f 856 859 857
f 856 852 859
v 2757.938 1322.937 5.000
f 856 860 850
v 2767.834 1314.203 5.000
v 2767.719 1313.861 5.000
f 861 854 862
v 2758.955 1323.307 5.000
f 863 856 858
v 2758.610 1323.201 5.000
f 863 864 856
v 2767.932 1314.551 5.000
f 865 844 854
f 865 854 861
v 2759.304 1323.396 5.000
f 866 863 858
v 2759.304 1309.279 5.000
v 2759.658 1309.207 5.000
f 866 867 868
f 866 858 867
v 2768.075 1315.258 5.000
v 2768.012 1314.903 5.000
f 869 865 870
f 869 844 865
v 2760.374 1323.557 5.000
v 2760.374 1309.117 5.000
v 2760.735 1309.099 5.000
f 871 872 873
v 2760.015 1309.153 5.000
f 871 874 872
f 871 868 874
f 871 866 868
v 2759.658 1323.468 5.000
f 871 875 866
v 2760.015 1323.521 5.000
f 871 876 875
v 2768.147 1315.976 5.000
v 2768.120 1315.616 5.000
f 877 869 878
f 877 844 869
v 2761.096 1323.575 5.000
f 879 871 873
v 2761.096 1309.099 5.000
v 2761.457 1309.117 5.000
f 879 880 881
f 879 873 880
v 2760.735 1323.575 5.000
f 879 882 871
v 2768.147 1316.698 5.000
v 2768.156 1316.337 5.000
f 883 877 884
v 2768.120 1317.058 5.000
f 885 877 883
f 885 844 877
v 2761.816 1323.521 5.000
f 886 879 881
v 2762.173 1309.207 5.000
v 2762.527 1309.279 5.000
f 886 887 888
v 2761.816 1309.153 5.000
f 886 889 887
f 886 881 889
v 2761.457 1323.557 5.000
f 886 890 879
v 2762.527 1323.396 5.000
f 891 886 888
v 2762.876 1309.368 5.000
f 891 888 892
v 2762.173 1323.468 5.000
f 891 893 886
v 2762.876 1323.307 5.000
f 894 891 892
v 2767.834 1318.471 5.000
v 2768.012 1317.772 5.000
v 2767.932 1318.124 5.000
f 895 896 897
v 2768.075 1317.416 5.000
f 895 898 896
f 895 885 898
v 2763.561 1323.077 5.000
v 2763.221 1323.201 5.000
f 899 900 894
v 2763.221 1309.474 5.000
v 2763.561 1309.598 5.000
f 899 901 902
f 899 892 901
f 899 894 892
v 2767.587 1319.150 5.000
v 2767.719 1318.814 5.000
f 903 895 904
f 903 885 895
v 2764.219 1322.780 5.000
v 2763.893 1322.937 5.000
f 905 906 899
f 905 899 902
v 2764.536 1322.608 5.000
f 907 902 820
f 907 820 819
f 907 905 902
v 2767.093 1320.113 5.000
v 2767.439 1319.479 5.000
v 2767.274 1319.800 5.000
f 908 909 910
f 908 903 909
f 908 885 903
f 908 844 885
v 2765.142 1322.216 5.000
v 2764.844 1322.419 5.000
f 911 912 907
v 2764.844 1310.255 5.000
v 2765.142 1310.459 5.000
f 911 913 914
f 911 819 913
f 911 907 819
v 2765.430 1321.998 5.000
v 2765.430 1310.677 5.000
f 915 914 916
f 915 911 914
v 2766.462 1320.991 5.000
v 2766.898 1320.416 5.000
v 2766.687 1320.709 5.000
f 917 918 919
f 917 908 918
f 917 844 908
v 2765.706 1321.766 5.000
f 920 916 844
f 920 915 916
v 2765.971 1321.520 5.000
v 2766.223 1321.262 5.000
f 921 917 922
f 921 844 917
f 921 920 844
v 2755.144 1311.966 0.000
v 2754.933 1312.259 0.000
v 2755.369 1311.683 0.000
f 923 924 925
v 2753.997 1314.203 0.000
v 2753.756 1315.258 0.000
v 2754.112 1313.861 0.000
f 926 927 928
v 2753.899 1314.551 0.000
f 929 927 926
v 2753.819 1314.903 0.000
f 930 927 929
v 2753.711 1315.616 0.000
f 927 931 928
v 2753.684 1315.976 0.000
v 2753.684 1316.698 0.000
f 932 933 931
v 2753.675 1316.337 0.000
f 934 933 932
v 2753.711 1317.058 0.000
v 2753.756 1317.416 0.000
f 935 936 933
v 2753.899 1318.124 0.000
f 936 937 933
v 2754.244 1313.525 0.000
f 928 937 938
v 2753.819 1317.772 0.000
f 939 937 936
f 931 937 928
f 933 937 931
v 2753.997 1318.471 0.000
f 937 940 938
v 2754.392 1319.479 0.000
f 940 941 938
v 2754.392 1313.196 0.000
f 938 941 942
v 2754.112 1318.814 0.000
f 943 941 940
v 2754.244 1319.150 0.000
f 944 941 943
v 2763.893 1309.738 0.000
v 2764.536 1310.067 0.000
v 2764.219 1309.895 0.000
f 945 946 947
v 2754.737 1320.113 0.000
f 941 948 942
v 2754.557 1312.875 0.000
v 2754.737 1312.562 0.000
f 949 948 950
f 942 948 949
v 2754.557 1319.800 0.000
f 951 948 941
v 2755.144 1320.709 0.000
f 948 952 950
f 924 952 925
f 950 952 924
v 2754.933 1320.416 0.000
f 953 952 948
v 2755.369 1320.991 0.000
v 2755.608 1321.262 0.000
f 954 955 952
v 2755.860 1321.520 0.000
f 952 956 925
v 2755.860 1311.154 0.000
v 2756.125 1310.909 0.000
f 957 956 958
v 2755.608 1311.413 0.000
f 959 956 957
f 925 956 959
f 955 956 952
v 2756.125 1321.766 0.000
f 956 960 958
v 2766.223 1311.413 0.000
v 2766.687 1311.966 0.000
v 2766.462 1311.683 0.000
f 961 962 963
v 2765.971 1311.154 0.000
f 964 962 961
v 2756.689 1322.216 0.000
f 960 965 958
v 2756.401 1310.677 0.000
v 2756.689 1310.459 0.000
f 966 965 967
f 958 965 966
v 2756.401 1321.998 0.000
f 968 965 960
v 2765.706 1310.909 0.000
v 2766.898 1312.259 0.000
f 969 970 964
f 964 970 962
v 2757.295 1322.608 0.000
v 2756.987 1310.255 0.000
f 967 971 972
f 965 971 967
v 2756.987 1322.419 0.000
f 973 971 965
v 2767.274 1312.875 0.000
v 2767.093 1312.562 0.000
f 970 974 975
v 2757.612 1309.895 0.000
v 2757.612 1322.780 0.000
v 2757.938 1309.738 0.000
f 976 977 978
v 2757.295 1310.067 0.000
f 979 977 976
f 972 977 979
f 971 977 972
v 2767.587 1313.525 0.000
v 2767.439 1313.196 0.000
f 974 980 981
f 969 980 970
f 970 980 974
v 2758.270 1323.077 0.000
f 977 982 978
v 2758.610 1309.474 0.000
v 2758.955 1309.368 0.000
f 983 982 984
v 2758.270 1309.598 0.000
f 985 982 983
f 978 982 985
v 2757.938 1322.937 0.000
f 986 982 977
v 2767.834 1314.203 0.000
v 2767.719 1313.861 0.000
f 980 987 988
v 2758.955 1323.307 0.000
f 982 989 984
v 2758.610 1323.201 0.000
f 990 989 982
v 2767.932 1314.551 0.000
f 969 991 980
f 980 991 987
v 2759.304 1323.396 0.000
f 989 992 984
v 2759.304 1309.279 0.000
v 2759.658 1309.207 0.000
f 993 992 994
f 984 992 993
v 2768.075 1315.258 0.000
v 2768.012 1314.903 0.000
f 991 995 996
f 969 995 991
v 2760.374 1309.117 0.000
v 2760.374 1323.557 0.000
v 2760.735 1309.099 0.000
f 997 998 999
v 2760.015 1309.153 0.000
f 1000 998 997
f 994 998 1000
f 992 998 994
v 2759.658 1323.468 0.000
f 1001 998 992
v 2760.015 1323.521 0.000
f 1002 998 1001
v 2768.147 1315.976 0.000
v 2768.120 1315.616 0.000
f 995 1003 1004
f 969 1003 995
v 2761.096 1323.575 0.000
f 998 1005 999
v 2761.096 1309.099 0.000
v 2761.457 1309.117 0.000
f 1006 1005 1007
f 999 1005 1006
v 2760.735 1323.575 0.000
f 1008 1005 998
v 2768.147 1316.698 0.000
v 2768.156 1316.337 0.000
f 1003 1009 1010
v 2768.120 1317.058 0.000
f 1003 1011 1009
f 969 1011 1003
v 2761.816 1323.521 0.000
f 1005 1012 1007
v 2762.173 1309.207 0.000
v 2762.527 1309.279 0.000
f 1013 1012 1014
v 2761.816 1309.153 0.000
f 1015 1012 1013
f 1007 1012 1015
v 2761.457 1323.557 0.000
f 1016 1012 1005
v 2762.527 1323.396 0.000
f 1012 1017 1014
v 2762.876 1309.368 0.000
f 1014 1017 1018
v 2762.173 1323.468 0.000
f 1019 1017 1012
v 2762.876 1323.307 0.000
f 1017 1020 1018
v 2768.012 1317.772 0.000
v 2767.834 1318.471 0.000
v 2767.932 1318.124 0.000
f 1021 1022 1023
v 2768.075 1317.416 0.000
f 1024 1022 1021
f 1011 1022 1024
v 2763.221 1323.201 0.000
v 2763.561 1323.077 0.000
f 1025 1026 1020
v 2763.221 1309.474 0.000
v 2763.561 1309.598 0.000
f 1027 1026 1028
f 1018 1026 1027
f 1020 1026 1018
v 2767.587 1319.150 0.000
v 2767.719 1318.814 0.000
f 1022 1029 1030
f 1011 1029 1022
v 2763.893 1322.937 0.000
v 2764.219 1322.780 0.000
f 1031 1032 1026
f 1026 1032 1028
v 2764.536 1322.608 0.000
f 1028 1033 945
f 945 1033 946
f 1032 1033 1028
v 2767.439 1319.479 0.000
v 2767.093 1320.113 0.000
v 2767.274 1319.800 0.000
f 1034 1035 1036
f 1029 1035 1034
f 1011 1035 1029
f 969 1035 1011
v 2764.844 1322.419 0.000
v 2765.142 1322.216 0.000
f 1037 1038 1033
v 2764.844 1310.255 0.000
v 2765.142 1310.459 0.000
f 1039 1038 1040
f 946 1038 1039
f 1033 1038 946
v 2765.430 1321.998 0.000
v 2765.430 1310.677 0.000
f 1040 1041 1042
f 1038 1041 1040
v 2766.898 1320.416 0.000
v 2766.462 1320.991 0.000
v 2766.687 1320.709 0.000
f 1043 1044 1045
f 1035 1044 1043
f 969 1044 1035
v 2765.706 1321.766 0.000
f 1042 1046 969
f 1041 1046 1042
v 2765.971 1321.520 0.000
v 2766.223 1321.262 0.000
f 1044 1047 1048
f 969 1047 1044
f 1046 1047 969
o acc_3
v 3145.263 1293.837 0.000
v 3338.375 1298.837 -0.000
v 3338.375 1293.837 -0.000
f 1049 1050 1051
v 3145.263 1298.837 0.000
f 1052 1050 1049
v 3338.375 1293.837 195.516
v 3338.375 1298.837 195.516
f 1049 1053 1054
f 1049 1054 1052
f 1051 1050 1054
f 1051 1054 1053
f 1053 1049 1051
f 1052 1054 1050
o main_0
v 2807.949 1553.104 593.041
v 2807.949 1553.104 591.041
v 2807.949 1551.104 591.041
f 1055 1056 1057
v 2807.949 1551.104 593.041
f 1055 1057 1058
v 2810.070 1551.104 668.163
v 2811.484 1551.104 669.577
v 2811.307 1551.104 669.746
f 1059 1060 1061
v 2809.964 1551.104 668.264
v 2811.121 1551.104 669.906
f 1062 1061 1063
f 1062 1059 1061
v 2810.172 1551.104 668.056
v 2811.654 1551.104 669.399
f 1064 1065 1060
f 1064 1060 1059
v 2809.852 1551.104 668.360
f 1066 1062 1063
v 2810.927 1551.104 670.057
f 1066 1063 1067
v 2810.268 1551.104 667.945
f 1068 1065 1064
v 2811.814 1551.104 669.213
f 1068 1069 1065
v 2809.736 1551.104 668.451
v 2810.727 1551.104 670.199
f 1070 1067 1071
f 1070 1066 1067
v 2810.359 1551.104 667.828
v 2811.965 1551.104 669.020
f 1072 1073 1069
f 1072 1069 1068
v 2809.616 1551.104 668.536
f 1074 1070 1071
v 2810.519 1551.104 670.330
f 1074 1071 1075
v 2810.443 1551.104 667.708
f 1076 1073 1072
v 2812.106 1551.104 668.819
f 1076 1077 1073
v 2809.491 1551.104 668.615
f 1078 1074 1075
v 2810.306 1551.104 670.451
f 1078 1075 1079
v 2810.522 1551.104 667.584
f 1080 1077 1076
v 2812.238 1551.104 668.612
f 1080 1081 1077
v 2809.363 1551.104 668.687
f 1082 1078 1079
v 2810.087 1551.104 670.561
f 1082 1079 1083
v 2810.595 1551.104 667.456
f 1084 1081 1080
v 2812.358 1551.104 668.398
f 1084 1085 1081
v 2809.232 1551.104 668.753
f 1086 1082 1083
v 2809.862 1551.104 670.661
f 1086 1083 1087
v 2810.661 1551.104 667.324
f 1088 1085 1084
v 2812.469 1551.104 668.179
f 1088 1089 1085
v 2809.097 1551.104 668.813
f 1090 1086 1087
v 2809.633 1551.104 670.749
f 1090 1087 1091
v 2810.721 1551.104 667.189
v 2812.568 1551.104 667.955
f 1092 1093 1089
f 1092 1089 1088
v 2808.960 1551.104 668.866
f 1094 1090 1091
v 2809.400 1551.104 670.826
f 1094 1091 1095
v 2810.774 1551.104 667.052
v 2812.657 1551.104 667.726
f 1096 1097 1093
f 1096 1093 1092
v 2808.820 1551.104 668.912
v 2809.164 1551.104 670.892
f 1098 1095 1099
f 1098 1094 1095
v 2810.820 1551.104 666.912
v 2812.734 1551.104 667.493
f 1100 1101 1097
f 1100 1097 1096
v 2808.678 1551.104 668.951
f 1102 1098 1099
v 2808.924 1551.104 670.945
f 1102 1099 1103
v 2810.859 1551.104 666.770
f 1104 1101 1100
v 2812.799 1551.104 667.256
f 1104 1105 1101
v 2808.534 1551.104 668.984
v 2808.683 1551.104 670.987
f 1106 1103 1107
f 1106 1102 1103
v 2810.891 1551.104 666.627
f 1108 1105 1104
v 2812.853 1551.104 667.017
f 1108 1109 1105
v 2808.389 1551.104 669.009
f 1110 1106 1107
v 2808.439 1551.104 671.017
f 1110 1107 1111
v 2810.916 1551.104 666.482
v 2812.895 1551.104 666.775
f 1112 1113 1109
f 1112 1109 1108
v 2808.243 1551.104 669.027
f 1114 1110 1111
v 2808.194 1551.104 671.035
f 1114 1111 1115
v 2810.934 1551.104 666.335
f 1116 1113 1112
v 2812.925 1551.104 666.531
f 1116 1117 1113
v 2808.096 1551.104 669.038
f 1118 1114 1115
v 2810.945 1551.104 666.189
v 2812.943 1551.104 666.287
f 1119 1120 1117
f 1119 1117 1116
v 2807.949 1551.104 669.041
f 1121 1118 1115
v 2807.949 1551.104 671.041
f 1121 1115 1122
v 2810.949 1551.104 666.041
v 2812.949 1551.104 666.041
f 1123 1124 1120
f 1123 1120 1119
v 2810.949 1551.104 596.041
v 2812.943 1551.104 595.796
v 2812.949 1551.104 596.041
f 1125 1126 1127
f 1125 1127 1124
f 1125 1124 1123
v 2810.945 1551.104 595.894
f 1128 1126 1125
v 2810.934 1551.104 595.747
v 2812.925 1551.104 595.551
f 1129 1130 1126
f 1129 1126 1128
v 2810.916 1551.104 595.601
v 2812.853 1551.104 595.066
v 2812.895 1551.104 595.308
f 1131 1132 1133
f 1131 1133 1130
f 1131 1130 1129
v 2810.891 1551.104 595.456
f 1134 1132 1131
v 2810.859 1551.104 595.312
v 2812.799 1551.104 594.826
f 1135 1136 1132
f 1135 1132 1134
v 2810.820 1551.104 595.171
v 2812.734 1551.104 594.590
f 1137 1138 1136
f 1137 1136 1135
v 2810.774 1551.104 595.031
v 2812.568 1551.104 594.128
v 2812.657 1551.104 594.357
f 1139 1140 1141
f 1139 1141 1138
f 1139 1138 1137
v 2810.721 1551.104 594.893
v 2812.469 1551.104 593.904
f 1142 1143 1140
f 1142 1140 1139
v 2810.661 1551.104 594.759
f 1144 1143 1142
v 2810.595 1551.104 594.627
f 1145 1143 1144
v 2812.238 1551.104 593.471
v 2812.358 1551.104 593.684
f 1145 1146 1147
f 1145 1147 1143
v 2810.522 1551.104 594.499
f 1148 1146 1145
v 2810.443 1551.104 594.375
f 1149 1146 1148
v 2812.106 1551.104 593.264
f 1149 1150 1146
v 2810.359 1551.104 594.254
f 1151 1150 1149
v 2811.814 1551.104 592.869
v 2811.965 1551.104 593.063
f 1151 1152 1153
f 1151 1153 1150
v 2810.268 1551.104 594.138
f 1154 1152 1151
v 2811.654 1551.104 592.684
f 1155 1152 1154
v 2810.172 1551.104 594.027
f 1156 1155 1154
v 2811.484 1551.104 592.506
f 1157 1155 1156
v 2810.070 1551.104 593.920
f 1158 1157 1156
v 2809.964 1551.104 593.819
f 1159 1157 1158
v 2811.307 1551.104 592.337
f 1160 1157 1159
v 2811.121 1551.104 592.176
v 2809.852 1551.104 593.722
f 1161 1159 1162
v 2809.736 1551.104 593.632
f 1161 1162 1163
f 1161 1160 1159
v 2810.927 1551.104 592.025
f 1164 1161 1163
v 2810.727 1551.104 591.884
v 2809.616 1551.104 593.547
f 1165 1163 1166
f 1165 1164 1163
v 2810.519 1551.104 591.753
v 2809.491 1551.104 593.468
f 1167 1166 1168
v 2809.363 1551.104 593.396
f 1167 1168 1169
f 1167 1165 1166
v 2810.306 1551.104 591.632
f 1170 1167 1169
v 2810.087 1551.104 591.521
v 2809.232 1551.104 593.329
f 1171 1169 1172
f 1171 1170 1169
v 2809.862 1551.104 591.422
v 2809.097 1551.104 593.270
f 1173 1172 1174
f 1173 1171 1172
v 2809.633 1551.104 591.334
v 2808.960 1551.104 593.217
f 1175 1174 1176
f 1175 1173 1174
v 2809.400 1551.104 591.257
v 2808.820 1551.104 593.171
f 1177 1176 1178
f 1177 1175 1176
v 2809.164 1551.104 591.191
v 2808.678 1551.104 593.131
f 1179 1178 1180
f 1179 1177 1178
v 2808.924 1551.104 591.137
v 2808.534 1551.104 593.099
f 1181 1180 1182
v 2808.389 1551.104 593.074
f 1181 1182 1183
f 1181 1179 1180
v 2808.683 1551.104 591.096
f 1184 1181 1183
v 2808.439 1551.104 591.065
v 2808.243 1551.104 593.056
f 1185 1183 1186
v 2808.096 1551.104 593.045
f 1185 1186 1187
f 1185 1184 1183
v 2808.194 1551.104 591.047
f 1188 1185 1187
f 1057 1187 1058
f 1057 1188 1187
v 2807.949 1553.104 671.041
v 2807.949 1553.104 669.041
f 1189 1190 1121
f 1189 1121 1122
v 2772.949 1553.104 591.041
v 2772.949 1553.104 593.041
f 1191 1056 1192
f 1192 1056 1055
v 2772.949 1553.104 669.041
v 2772.949 1553.104 671.041
f 1193 1189 1194
f 1193 1190 1189
v 2772.949 1653.104 593.041
v 2772.949 1653.104 591.041
f 1195 1196 1191
f 1195 1191 1192
v 2807.949 1653.104 593.041
f 1192 1055 1197
f 1192 1197 1195
v 2808.096 1653.104 593.045
f 1197 1055 1198
f 1058 1187 1055
f 1055 1187 1198
v 2808.243 1653.104 593.056
f 1198 1186 1199
f 1187 1186 1198
v 2808.389 1653.104 593.074
f 1199 1183 1200
f 1186 1183 1199
v 2808.534 1653.104 593.099
f 1200 1182 1201
f 1183 1182 1200
v 2808.678 1653.104 593.131
f 1201 1180 1202
f 1182 1180 1201
v 2808.820 1653.104 593.171
f 1202 1178 1203
f 1180 1178 1202
f 1178 1176 1203
v 2808.960 1653.104 593.217
f 1203 1176 1204
f 1176 1174 1204
v 2809.097 1653.104 593.270
f 1204 1174 1205
f 1174 1172 1205
v 2809.232 1653.104 593.329
f 1205 1172 1206
f 1172 1169 1206
v 2809.363 1653.104 593.396
f 1206 1169 1207
f 1169 1168 1207
v 2809.491 1653.104 593.468
f 1207 1168 1208
v 2809.616 1653.104 593.547
f 1208 1166 1209
f 1168 1166 1208
v 2809.736 1653.104 593.632
f 1209 1163 1210
f 1166 1163 1209
v 2809.852 1653.104 593.722
f 1210 1162 1211
f 1163 1162 1210
v 2809.964 1653.104 593.819
f 1211 1159 1212
f 1162 1159 1211
v 2810.070 1653.104 593.920
f 1212 1158 1213
f 1159 1158 1212
v 2810.172 1653.104 594.027
f 1213 1156 1214
f 1158 1156 1213
v 2810.268 1653.104 594.138
f 1214 1154 1215
f 1156 1154 1214
v 2810.359 1653.104 594.254
f 1215 1151 1216
f 1154 1151 1215
v 2810.443 1653.104 594.375
f 1216 1149 1217
f 1151 1149 1216
v 2810.522 1653.104 594.499
f 1217 1148 1218
f 1149 1148 1217
v 2810.595 1653.104 594.627
f 1218 1145 1219
f 1148 1145 1218
v 2810.661 1653.104 594.759
f 1219 1144 1220
f 1145 1144 1219
v 2810.721 1653.104 594.893
f 1220 1142 1221
f 1144 1142 1220
v 2810.774 1653.104 595.031
f 1221 1139 1222
f 1142 1139 1221
v 2810.820 1653.104 595.171
f 1222 1137 1223
f 1139 1137 1222
v 2810.859 1653.104 595.312
f 1223 1135 1224
f 1137 1135 1223
v 2810.891 1653.104 595.456
f 1224 1134 1225
f 1135 1134 1224
v 2810.916 1653.104 595.601
f 1225 1131 1226
f 1134 1131 1225
v 2810.934 1653.104 595.747
f 1226 1129 1227
f 1131 1129 1226
v 2810.945 1653.104 595.894
v 2810.949 1653.104 596.041
f 1228 1128 1229
f 1227 1128 1228
f 1129 1128 1227
f 1128 1125 1229
v 2810.949 1653.104 666.041
f 1230 1229 1125
f 1230 1125 1123
v 2810.945 1653.104 666.189
f 1230 1123 1231
v 2810.934 1653.104 666.335
f 1231 1119 1232
f 1123 1119 1231
v 2810.916 1653.104 666.482
f 1232 1116 1233
f 1119 1116 1232
v 2810.891 1653.104 666.627
f 1233 1112 1234
f 1116 1112 1233
v 2810.859 1653.104 666.770
f 1234 1108 1235
f 1112 1108 1234
v 2810.820 1653.104 666.912
f 1235 1104 1236
f 1108 1104 1235
v 2810.774 1653.104 667.052
f 1236 1100 1237
f 1104 1100 1236
f 1100 1096 1237
v 2810.721 1653.104 667.189
f 1237 1096 1238
f 1096 1092 1238
v 2810.661 1653.104 667.324
f 1238 1092 1239
f 1092 1088 1239
v 2810.595 1653.104 667.456
f 1239 1088 1240
f 1088 1084 1240
v 2810.522 1653.104 667.584
f 1240 1084 1241
f 1084 1080 1241
v 2810.443 1653.104 667.708
f 1241 1080 1242
v 2810.359 1653.104 667.828
f 1242 1076 1243
f 1080 1076 1242
v 2810.268 1653.104 667.945
f 1243 1072 1244
f 1076 1072 1243
f 1072 1068 1244
v 2810.172 1653.104 668.056
f 1244 1068 1245
f 1068 1064 1245
v 2810.070 1653.104 668.163
f 1245 1064 1246
v 2809.964 1653.104 668.264
f 1246 1059 1247
f 1064 1059 1246
v 2809.852 1653.104 668.360
f 1247 1062 1248
f 1059 1062 1247
v 2809.736 1653.104 668.451
f 1248 1066 1249
f 1062 1066 1248
v 2809.616 1653.104 668.536
f 1249 1070 1250
f 1066 1070 1249
v 2809.491 1653.104 668.615
f 1250 1074 1251
f 1070 1074 1250
v 2809.363 1653.104 668.687
f 1251 1078 1252
f 1074 1078 1251
v 2809.232 1653.104 668.753
f 1252 1082 1253
f 1078 1082 1252
v 2809.097 1653.104 668.813
f 1253 1086 1254
f 1082 1086 1253
v 2808.960 1653.104 668.866
f 1254 1090 1255
f 1086 1090 1254
v 2808.820 1653.104 668.912
f 1255 1094 1256
f 1090 1094 1255
v 2808.678 1653.104 668.951
f 1256 1098 1257
f 1094 1098 1256
v 2808.534 1653.104 668.984
f 1257 1102 1258
f 1098 1102 1257
v 2808.389 1653.104 669.009
f 1258 1106 1259
f 1102 1106 1258
v 2808.243 1653.104 669.027
f 1259 1110 1260
f 1106 1110 1259
v 2808.096 1653.104 669.038
f 1260 1114 1261
f 1110 1114 1260
f 1114 1118 1261
v 2807.949 1653.104 669.041
f 1261 1190 1262
f 1118 1190 1261
f 1118 1121 1190
v 2772.949 1653.104 669.041
f 1190 1193 1263
f 1190 1263 1262
f 1263 1193 1194
v 2772.949 1653.104 671.041
f 1264 1263 1194
v 2807.949 1653.104 671.041
f 1194 1189 1265
f 1194 1265 1264
v 2812.949 1653.104 666.041
f 1120 1124 1266
v 2812.943 1653.104 666.287
f 1120 1266 1267
v 2812.925 1653.104 666.531
f 1117 1267 1268
f 1117 1120 1267
v 2812.895 1653.104 666.775
f 1113 1268 1269
f 1113 1117 1268
v 2812.853 1653.104 667.017
f 1109 1269 1270
f 1109 1113 1269
v 2812.799 1653.104 667.256
f 1105 1270 1271
f 1105 1109 1270
v 2812.734 1653.104 667.493
f 1101 1271 1272
f 1101 1105 1271
v 2812.657 1653.104 667.726
f 1097 1272 1273
f 1097 1101 1272
v 2812.568 1653.104 667.955
f 1093 1273 1274
f 1093 1097 1273
f 1089 1093 1274
v 2812.469 1653.104 668.179
f 1089 1274 1275
v 2812.358 1653.104 668.398
f 1085 1275 1276
f 1085 1089 1275
v 2812.238 1653.104 668.612
f 1081 1276 1277
f 1081 1085 1276
v 2812.106 1653.104 668.819
f 1077 1277 1278
f 1077 1081 1277
v 2811.965 1653.104 669.020
f 1073 1278 1279
f 1073 1077 1278
v 2811.814 1653.104 669.213
f 1069 1279 1280
f 1069 1073 1279
v 2811.654 1653.104 669.399
f 1065 1280 1281
f 1065 1069 1280
v 2811.484 1653.104 669.577
f 1060 1281 1282
f 1060 1065 1281
v 2811.307 1653.104 669.746
f 1061 1282 1283
f 1061 1060 1282
v 2811.121 1653.104 669.906
f 1063 1283 1284
f 1063 1061 1283
v 2810.927 1653.104 670.057
f 1067 1284 1285
f 1067 1063 1284
v 2810.727 1653.104 670.199
f 1071 1285 1286
f 1071 1067 1285
v 2810.519 1653.104 670.330
f 1075 1286 1287
f 1075 1071 1286
v 2810.306 1653.104 670.451
f 1079 1287 1288
f 1079 1075 1287
v 2810.087 1653.104 670.561
f 1083 1288 1289
f 1083 1079 1288
v 2809.862 1653.104 670.661
f 1087 1289 1290
f 1087 1083 1289
v 2809.633 1653.104 670.749
f 1091 1290 1291
f 1091 1087 1290
v 2809.400 1653.104 670.826
f 1095 1291 1292
f 1095 1091 1291
v 2809.164 1653.104 670.892
f 1099 1292 1293
f 1099 1095 1292
v 2808.924 1653.104 670.945
f 1103 1293 1294
f 1103 1099 1293
v 2808.683 1653.104 670.987
f 1107 1294 1295
f 1107 1103 1294
v 2808.439 1653.104 671.017
f 1111 1295 1296
f 1111 1107 1295
v 2808.194 1653.104 671.035
f 1115 1296 1297
f 1115 1111 1296
f 1189 1297 1265
f 1189 1115 1297
f 1122 1115 1189
v 2812.949 1653.104 596.041
f 1298 1124 1127
f 1266 1124 1298
v 2807.949 1653.104 591.041
v 2808.194 1653.104 591.047
f 1056 1299 1300
f 1188 1057 1056
f 1188 1056 1300
v 2808.439 1653.104 591.065
f 1185 1300 1301
f 1185 1188 1300
v 2808.683 1653.104 591.096
f 1184 1301 1302
f 1184 1185 1301
v 2808.924 1653.104 591.137
f 1181 1302 1303
f 1181 1184 1302
v 2809.164 1653.104 591.191
f 1179 1303 1304
f 1179 1181 1303
v 2809.400 1653.104 591.257
f 1177 1304 1305
f 1177 1179 1304
v 2809.633 1653.104 591.334
f 1175 1305 1306
f 1175 1177 1305
f 1173 1175 1306
v 2809.862 1653.104 591.422
f 1173 1306 1307
v 2810.087 1653.104 591.521
f 1171 1307 1308
f 1171 1173 1307
v 2810.306 1653.104 591.632
f 1170 1308 1309
f 1170 1171 1308
v 2810.519 1653.104 591.753
f 1167 1309 1310
v 2810.727 1653.104 591.884
f 1167 1310 1311
f 1167 1170 1309
v 2810.927 1653.104 592.025
f 1165 1311 1312
f 1165 1167 1311
v 2811.121 1653.104 592.176
f 1164 1312 1313
f 1164 1165 1312
v 2811.307 1653.104 592.337
f 1161 1313 1314
f 1161 1164 1313
v 2811.484 1653.104 592.506
f 1160 1314 1315
f 1160 1161 1314
v 2811.654 1653.104 592.684
f 1157 1315 1316
f 1157 1160 1315
v 2811.814 1653.104 592.869
f 1155 1316 1317
f 1155 1157 1316
v 2811.965 1653.104 593.063
f 1152 1317 1318
f 1152 1155 1317
v 2812.106 1653.104 593.264
f 1153 1318 1319
f 1153 1152 1318
v 2812.238 1653.104 593.471
f 1150 1319 1320
f 1150 1153 1319
v 2812.358 1653.104 593.684
f 1146 1320 1321
f 1146 1150 1320
v 2812.469 1653.104 593.904
f 1147 1321 1322
f 1147 1146 1321
v 2812.568 1653.104 594.128
f 1143 1322 1323
f 1143 1147 1322
v 2812.657 1653.104 594.357
f 1140 1323 1324
f 1140 1143 1323
v 2812.734 1653.104 594.590
f 1141 1324 1325
f 1141 1140 1324
v 2812.799 1653.104 594.826
f 1138 1325 1326
f 1138 1141 1325
v 2812.853 1653.104 595.066
f 1136 1326 1327
f 1136 1138 1326
v 2812.895 1653.104 595.308
f 1132 1327 1328
f 1132 1136 1327
v 2812.925 1653.104 595.551
f 1133 1328 1329
f 1133 1132 1328
v 2812.943 1653.104 595.796
f 1130 1329 1330
f 1130 1133 1329
f 1126 1330 1298
f 1126 1130 1330
f 1127 1126 1298
f 1056 1191 1196
f 1056 1196 1299
f 1265 1263 1264
f 1262 1265 1297
f 1262 1263 1265
f 1261 1297 1296
f 1261 1262 1297
f 1260 1296 1295
f 1260 1261 1296
f 1259 1260 1295
f 1259 1295 1294
f 1258 1259 1294
f 1258 1294 1293
f 1257 1258 1293
f 1257 1293 1292
f 1256 1257 1292
f 1256 1292 1291
f 1255 1256 1291
f 1255 1291 1290
f 1254 1255 1290
f 1254 1290 1289
f 1253 1254 1289
f 1253 1289 1288
f 1252 1253 1288
f 1251 1252 1288
f 1251 1287 1286
f 1251 1288 1287
f 1250 1251 1286
f 1249 1285 1284
f 1249 1286 1285
f 1249 1250 1286
f 1248 1249 1284
f 1283 1248 1284
f 1247 1248 1283
f 1282 1247 1283
f 1246 1247 1282
f 1281 1245 1246
f 1281 1246 1282
f 1280 1245 1281
f 1280 1244 1245
f 1279 1244 1280
f 1279 1243 1244
f 1278 1243 1279
f 1278 1242 1243
f 1277 1242 1278
f 1277 1241 1242
f 1276 1241 1277
f 1276 1240 1241
f 1275 1240 1276
f 1275 1239 1240
f 1274 1239 1275
f 1274 1238 1239
f 1273 1238 1274
f 1273 1237 1238
f 1272 1237 1273
f 1272 1236 1237
f 1271 1236 1272
f 1271 1235 1236
f 1270 1235 1271
f 1270 1234 1235
f 1269 1234 1270
f 1269 1233 1234
f 1268 1233 1269
f 1268 1232 1233
f 1267 1231 1232
f 1267 1232 1268
f 1266 1230 1231
f 1266 1231 1267
f 1299 1196 1195
f 1299 1195 1197
f 1299 1197 1198
f 1298 1229 1230
f 1298 1230 1266
f 1300 1299 1198
f 1330 1228 1229
f 1330 1229 1298
f 1301 1199 1200
f 1301 1198 1199
f 1301 1300 1198
f 1329 1227 1228
f 1329 1226 1227
f 1329 1228 1330
f 1302 1200 1201
f 1302 1301 1200
f 1328 1226 1329
f 1303 1302 1201
f 1327 1225 1226
f 1327 1224 1225
f 1327 1226 1328
f 1304 1201 1202
f 1304 1303 1201
f 1326 1224 1327
f 1305 1202 1203
f 1305 1304 1202
f 1325 1223 1224
f 1325 1222 1223
f 1325 1224 1326
f 1306 1204 1205
f 1306 1203 1204
f 1306 1305 1203
f 1324 1222 1325
f 1307 1306 1205
f 1323 1221 1222
f 1323 1222 1324
f 1308 1307 1205
f 1308 1206 1207
f 1308 1205 1206
f 1322 1220 1221
f 1322 1221 1323
f 1309 1308 1207
f 1321 1219 1220
f 1321 1220 1322
f 1310 1208 1209
f 1310 1207 1208
f 1310 1309 1207
f 1320 1218 1219
f 1320 1219 1321
f 1311 1310 1209
f 1319 1217 1218
f 1319 1218 1320
f 1312 1209 1210
f 1312 1311 1209
f 1318 1217 1319
f 1318 1216 1217
f 1318 1215 1216
f 1313 1211 1212
f 1313 1210 1211
f 1313 1312 1210
f 1317 1215 1318
f 1314 1212 1213
f 1314 1313 1212
f 1316 1215 1317
f 1316 1214 1215
f 1315 1314 1213
f 1315 1214 1316
f 1315 1213 1214
o main_1
v 2807.949 1475.104 671.041
v 2807.949 1473.104 669.041
v 2807.949 1473.104 671.041
f 1331 1332 1333
v 2807.949 1475.104 669.041
f 1331 1334 1332
v 2808.096 1475.104 669.038
v 2808.194 1475.104 671.035
f 1335 1331 1336
f 1335 1334 1331
v 2808.243 1475.104 669.027
v 2808.439 1475.104 671.017
f 1337 1336 1338
f 1337 1335 1336
v 2808.389 1475.104 669.009
v 2808.683 1475.104 670.987
f 1339 1338 1340
f 1339 1337 1338
v 2808.534 1475.104 668.984
v 2808.924 1475.104 670.945
f 1341 1340 1342
f 1341 1339 1340
v 2808.678 1475.104 668.951
v 2809.164 1475.104 670.892
f 1343 1342 1344
f 1343 1341 1342
v 2808.820 1475.104 668.912
v 2809.400 1475.104 670.826
f 1345 1344 1346
f 1345 1343 1344
v 2808.960 1475.104 668.866
v 2809.633 1475.104 670.749
f 1347 1346 1348
f 1347 1345 1346
v 2809.097 1475.104 668.813
v 2809.862 1475.104 670.661
f 1349 1348 1350
f 1349 1347 1348
v 2809.232 1475.104 668.753
v 2810.087 1475.104 670.561
f 1351 1350 1352
f 1351 1349 1350
v 2809.363 1475.104 668.687
v 2810.306 1475.104 670.451
f 1353 1352 1354
f 1353 1351 1352
v 2809.491 1475.104 668.615
v 2810.519 1475.104 670.330
f 1355 1354 1356
f 1355 1353 1354
v 2809.616 1475.104 668.536
v 2810.727 1475.104 670.199
f 1357 1356 1358
f 1357 1355 1356
v 2809.736 1475.104 668.451
v 2810.927 1475.104 670.057
f 1359 1358 1360
f 1359 1357 1358
v 2809.852 1475.104 668.360
v 2811.121 1475.104 669.906
f 1361 1360 1362
f 1361 1359 1360
v 2809.964 1475.104 668.264
v 2811.307 1475.104 669.746
f 1363 1362 1364
f 1363 1361 1362
v 2810.070 1475.104 668.163
f 1365 1363 1364
v 2811.484 1475.104 669.577
f 1366 1365 1364
v 2810.172 1475.104 668.056
f 1367 1365 1366
v 2811.654 1475.104 669.399
f 1368 1367 1366
v 2810.268 1475.104 667.945
f 1369 1367 1368
v 2811.814 1475.104 669.213
f 1370 1369 1368
v 2810.359 1475.104 667.828
f 1370 1371 1369
v 2811.965 1475.104 669.020
v 2810.443 1475.104 667.708
f 1372 1373 1371
f 1372 1371 1370
v 2812.106 1475.104 668.819
f 1374 1373 1372
v 2810.522 1475.104 667.584
f 1374 1375 1373
v 2812.238 1475.104 668.612
v 2810.595 1475.104 667.456
f 1376 1377 1375
f 1376 1375 1374
v 2812.358 1475.104 668.398
v 2810.661 1475.104 667.324
f 1378 1379 1377
f 1378 1377 1376
v 2812.469 1475.104 668.179
v 2810.721 1475.104 667.189
f 1380 1381 1379
f 1380 1379 1378
v 2812.568 1475.104 667.955
v 2810.774 1475.104 667.052
f 1382 1383 1381
f 1382 1381 1380
v 2812.657 1475.104 667.726
v 2810.820 1475.104 666.912
f 1384 1385 1383
f 1384 1383 1382
v 2812.734 1475.104 667.493
v 2810.859 1475.104 666.770
f 1386 1387 1385
f 1386 1385 1384
v 2812.799 1475.104 667.256
v 2810.891 1475.104 666.627
f 1388 1389 1387
f 1388 1387 1386
v 2812.853 1475.104 667.017
v 2810.916 1475.104 666.482
f 1390 1391 1389
f 1390 1389 1388
v 2812.895 1475.104 666.775
v 2810.934 1475.104 666.335
f 1392 1393 1391
f 1392 1391 1390
v 2812.925 1475.104 666.531
v 2810.945 1475.104 666.189
f 1394 1395 1393
f 1394 1393 1392
v 2812.943 1475.104 666.287
f 1396 1395 1394
v 2810.949 1475.104 666.041
f 1396 1397 1395
v 2812.949 1475.104 666.041
f 1398 1397 1396
v 2810.949 1475.104 596.041
f 1399 1397 1398
v 2807.949 1475.104 591.041
v 2807.949 1475.104 593.041
v 2808.096 1475.104 593.045
f 1400 1401 1402
v 2812.949 1475.104 596.041
f 1403 1399 1398
v 2808.194 1475.104 591.047
f 1404 1400 1402
v 2812.943 1475.104 595.796
f 1405 1399 1403
v 2810.945 1475.104 595.894
f 1405 1406 1399
v 2808.439 1475.104 591.065
f 1407 1404 1402
v 2808.243 1475.104 593.056
f 1407 1402 1408
v 2812.925 1475.104 595.551
f 1409 1406 1405
v 2810.934 1475.104 595.747
f 1409 1410 1406
v 2808.683 1475.104 591.096
v 2808.389 1475.104 593.074
f 1411 1408 1412
f 1411 1407 1408
v 2812.895 1475.104 595.308
f 1413 1410 1409
v 2810.916 1475.104 595.601
f 1413 1414 1410
v 2808.924 1475.104 591.137
f 1415 1411 1412
v 2808.534 1475.104 593.099
f 1415 1412 1416
v 2812.853 1475.104 595.066
f 1417 1414 1413
v 2810.891 1475.104 595.456
f 1417 1418 1414
v 2809.164 1475.104 591.191
v 2808.678 1475.104 593.131
f 1419 1416 1420
f 1419 1415 1416
v 2812.799 1475.104 594.826
f 1421 1418 1417
v 2810.859 1475.104 595.312
f 1421 1422 1418
v 2809.400 1475.104 591.257
f 1423 1419 1420
v 2808.820 1475.104 593.171
f 1423 1420 1424
v 2808.960 1475.104 593.217
f 1423 1424 1425
v 2812.734 1475.104 594.590
f 1426 1422 1421
v 2810.820 1475.104 595.171
f 1426 1427 1422
v 2809.633 1475.104 591.334
v 2809.097 1475.104 593.270
f 1428 1425 1429
f 1428 1423 1425
v 2812.657 1475.104 594.357
f 1430 1427 1426
v 2810.774 1475.104 595.031
f 1430 1431 1427
v 2809.862 1475.104 591.422
f 1432 1428 1429
v 2812.568 1475.104 594.128
f 1433 1431 1430
v 2810.721 1475.104 594.893
f 1433 1434 1431
v 2810.087 1475.104 591.521
f 1435 1432 1429
v 2809.232 1475.104 593.329
f 1435 1429 1436
v 2812.469 1475.104 593.904
f 1437 1434 1433
v 2810.661 1475.104 594.759
f 1437 1438 1434
v 2810.306 1475.104 591.632
f 1439 1435 1436
v 2809.363 1475.104 593.396
f 1439 1436 1440
v 2809.491 1475.104 593.468
f 1439 1440 1441
v 2812.358 1475.104 593.684
f 1442 1438 1437
v 2810.595 1475.104 594.627
f 1442 1443 1438
v 2810.519 1475.104 591.753
f 1444 1439 1441
v 2812.238 1475.104 593.471
f 1445 1443 1442
v 2810.522 1475.104 594.499
f 1445 1446 1443
v 2810.727 1475.104 591.884
f 1447 1444 1441
v 2809.616 1475.104 593.547
f 1447 1441 1448
v 2809.736 1475.104 593.632
f 1447 1448 1449
v 2812.106 1475.104 593.264
f 1450 1446 1445
v 2810.443 1475.104 594.375
f 1450 1451 1446
v 2810.927 1475.104 592.025
f 1452 1447 1449
v 2811.965 1475.104 593.063
f 1453 1451 1450
v 2810.359 1475.104 594.254
f 1453 1454 1451
v 2811.121 1475.104 592.176
f 1455 1452 1449
v 2809.852 1475.104 593.722
f 1455 1449 1456
v 2811.814 1475.104 592.869
v 2810.268 1475.104 594.138
f 1457 1458 1454
f 1457 1454 1453
v 2811.307 1475.104 592.337
v 2809.964 1475.104 593.819
f 1459 1456 1460
f 1459 1455 1456
v 2811.654 1475.104 592.684
v 2810.070 1475.104 593.920
v 2810.172 1475.104 594.027
f 1461 1462 1463
f 1461 1463 1458
f 1461 1458 1457
v 2811.484 1475.104 592.506
f 1464 1460 1462
f 1464 1459 1460
f 1464 1462 1461
v 2807.949 1473.104 591.041
v 2807.949 1473.104 593.041
f 1401 1465 1466
f 1401 1400 1465
v 2772.949 1473.104 669.041
f 1332 1467 1333
v 2772.949 1473.104 671.041
f 1333 1467 1468
v 2772.949 1473.104 593.041
f 1465 1469 1466
v 2772.949 1473.104 591.041
f 1465 1470 1469
v 2772.949 1373.104 591.041
v 2772.949 1373.104 593.041
f 1470 1471 1472
f 1469 1470 1472
v 2807.949 1373.104 593.041
f 1472 1473 1466
f 1472 1466 1469
f 1466 1402 1401
v 2808.096 1373.104 593.045
f 1473 1474 1466
f 1466 1474 1402
v 2808.243 1373.104 593.056
f 1402 1475 1408
f 1474 1475 1402
v 2808.389 1373.104 593.074
f 1408 1476 1412
f 1475 1476 1408
v 2808.534 1373.104 593.099
f 1412 1477 1416
f 1476 1477 1412
v 2808.678 1373.104 593.131
f 1416 1478 1420
f 1477 1478 1416
v 2808.820 1373.104 593.171
f 1420 1479 1424
f 1478 1479 1420
v 2808.960 1373.104 593.217
f 1424 1480 1425
f 1479 1480 1424
v 2809.097 1373.104 593.270
f 1480 1481 1425
f 1425 1481 1429
v 2809.232 1373.104 593.329
f 1481 1482 1429
f 1429 1482 1436
v 2809.363 1373.104 593.396
f 1482 1483 1436
f 1436 1483 1440
v 2809.491 1373.104 593.468
f 1483 1484 1440
f 1440 1484 1441
v 2809.616 1373.104 593.547
f 1484 1485 1441
f 1441 1485 1448
v 2809.736 1373.104 593.632
f 1485 1486 1448
f 1448 1486 1449
v 2809.852 1373.104 593.722
f 1486 1487 1449
f 1449 1487 1456
v 2809.964 1373.104 593.819
f 1487 1488 1456
f 1456 1488 1460
v 2810.070 1373.104 593.920
f 1488 1489 1460
f 1460 1489 1462
v 2810.172 1373.104 594.027
f 1489 1490 1462
f 1462 1490 1463
v 2810.268 1373.104 594.138
f 1490 1491 1463
f 1463 1491 1458
v 2810.359 1373.104 594.254
f 1491 1492 1458
f 1458 1492 1454
v 2810.443 1373.104 594.375
f 1454 1493 1451
f 1492 1493 1454
v 2810.522 1373.104 594.499
f 1451 1494 1446
f 1493 1494 1451
v 2810.595 1373.104 594.627
f 1494 1495 1446
f 1446 1495 1443
v 2810.661 1373.104 594.759
f 1443 1496 1438
f 1495 1496 1443
v 2810.721 1373.104 594.893
f 1438 1497 1434
f 1496 1497 1438
v 2810.774 1373.104 595.031
f 1434 1498 1431
f 1497 1498 1434
v 2810.820 1373.104 595.171
f 1431 1499 1427
f 1498 1499 1431
v 2810.859 1373.104 595.312
f 1427 1500 1422
f 1499 1500 1427
v 2810.891 1373.104 595.456
f 1422 1501 1418
f 1500 1501 1422
v 2810.916 1373.104 595.601
f 1418 1502 1414
f 1501 1502 1418
v 2810.934 1373.104 595.747
f 1414 1503 1410
f 1502 1503 1414
v 2810.945 1373.104 595.894
f 1410 1504 1406
f 1503 1504 1410
v 2810.949 1373.104 596.041
f 1406 1505 1399
f 1504 1505 1406
v 2810.949 1373.104 666.041
f 1399 1505 1506
f 1397 1399 1506
v 2810.945 1373.104 666.189
f 1506 1507 1397
f 1397 1507 1395
v 2810.934 1373.104 666.335
f 1395 1508 1393
f 1507 1508 1395
v 2810.916 1373.104 666.482
f 1393 1509 1391
f 1508 1509 1393
v 2810.891 1373.104 666.627
f 1391 1510 1389
f 1509 1510 1391
v 2810.859 1373.104 666.770
f 1389 1511 1387
f 1510 1511 1389
v 2810.820 1373.104 666.912
f 1387 1512 1385
f 1511 1512 1387
v 2810.774 1373.104 667.052
f 1385 1513 1383
f 1512 1513 1385
v 2810.721 1373.104 667.189
f 1383 1514 1381
f 1513 1514 1383
v 2810.661 1373.104 667.324
f 1514 1515 1381
f 1381 1515 1379
v 2810.595 1373.104 667.456
f 1515 1516 1379
f 1379 1516 1377
v 2810.522 1373.104 667.584
f 1516 1517 1377
f 1377 1517 1375
v 2810.443 1373.104 667.708
f 1517 1518 1375
f 1375 1518 1373
v 2810.359 1373.104 667.828
f 1518 1519 1373
f 1373 1519 1371
v 2810.268 1373.104 667.945
f 1519 1520 1371
f 1371 1520 1369
v 2810.172 1373.104 668.056
f 1520 1521 1369
f 1369 1521 1367
v 2810.070 1373.104 668.163
f 1521 1522 1367
f 1367 1522 1365
v 2809.964 1373.104 668.264
f 1522 1523 1365
f 1365 1523 1363
v 2809.852 1373.104 668.360
f 1523 1524 1363
f 1363 1524 1361
v 2809.736 1373.104 668.451
f 1524 1525 1361
f 1361 1525 1359
v 2809.616 1373.104 668.536
f 1525 1526 1359
f 1359 1526 1357
v 2809.491 1373.104 668.615
f 1357 1527 1355
f 1526 1527 1357
v 2809.363 1373.104 668.687
f 1527 1528 1355
f 1355 1528 1353
v 2809.232 1373.104 668.753
f 1353 1529 1351
f 1528 1529 1353
v 2809.097 1373.104 668.813
f 1351 1530 1349
f 1529 1530 1351
v 2808.960 1373.104 668.866
f 1349 1531 1347
f 1530 1531 1349
v 2808.820 1373.104 668.912
f 1347 1532 1345
f 1531 1532 1347
v 2808.678 1373.104 668.951
f 1345 1533 1343
f 1532 1533 1345
v 2808.534 1373.104 668.984
f 1343 1534 1341
f 1533 1534 1343
v 2808.389 1373.104 669.009
f 1341 1535 1339
f 1534 1535 1341
v 2808.243 1373.104 669.027
f 1339 1536 1337
f 1535 1536 1339
f 1335 1332 1334
v 2808.096 1373.104 669.038
f 1337 1537 1335
f 1536 1537 1337
f 1335 1537 1332
v 2807.949 1373.104 669.041
f 1537 1538 1332
v 2772.949 1373.104 669.041
f 1538 1539 1467
f 1538 1467 1332
v 2772.949 1373.104 671.041
f 1467 1539 1540
f 1468 1467 1540
v 2807.949 1373.104 671.041
f 1540 1541 1333
f 1540 1333 1468
v 2812.949 1373.104 666.041
f 1542 1398 1396
v 2812.943 1373.104 666.287
f 1543 1396 1394
f 1543 1542 1396
v 2812.925 1373.104 666.531
f 1544 1394 1392
f 1544 1543 1394
v 2812.895 1373.104 666.775
f 1545 1392 1390
f 1545 1544 1392
v 2812.853 1373.104 667.017
f 1546 1390 1388
f 1546 1545 1390
v 2812.799 1373.104 667.256
f 1547 1388 1386
f 1547 1546 1388
v 2812.734 1373.104 667.493
f 1548 1386 1384
f 1548 1547 1386
v 2812.657 1373.104 667.726
f 1549 1548 1384
f 1549 1384 1382
v 2812.568 1373.104 667.955
f 1550 1549 1382
f 1550 1382 1380
v 2812.469 1373.104 668.179
f 1551 1550 1380
f 1551 1380 1378
v 2812.358 1373.104 668.398
f 1552 1551 1378
f 1552 1378 1376
v 2812.238 1373.104 668.612
f 1553 1552 1376
f 1553 1376 1374
v 2812.106 1373.104 668.819
f 1554 1553 1374
f 1554 1374 1372
v 2811.965 1373.104 669.020
f 1555 1554 1372
f 1555 1372 1370
v 2811.814 1373.104 669.213
f 1556 1555 1370
f 1556 1370 1368
v 2811.654 1373.104 669.399
f 1557 1556 1368
f 1557 1368 1366
v 2811.484 1373.104 669.577
f 1558 1557 1366
f 1558 1366 1364
v 2811.307 1373.104 669.746
f 1559 1558 1364
f 1559 1364 1362
v 2811.121 1373.104 669.906
f 1560 1559 1362
f 1560 1362 1360
v 2810.927 1373.104 670.057
f 1561 1360 1358
f 1561 1560 1360
v 2810.727 1373.104 670.199
f 1562 1561 1358
f 1562 1358 1356
v 2810.519 1373.104 670.330
f 1563 1356 1354
f 1563 1562 1356
v 2810.306 1373.104 670.451
f 1564 1354 1352
f 1564 1563 1354
v 2810.087 1373.104 670.561
f 1565 1352 1350
f 1565 1564 1352
v 2809.862 1373.104 670.661
f 1566 1350 1348
f 1566 1565 1350
v 2809.633 1373.104 670.749
f 1567 1348 1346
f 1567 1566 1348
v 2809.400 1373.104 670.826
f 1568 1346 1344
f 1568 1567 1346
v 2809.164 1373.104 670.892
f 1569 1344 1342
f 1569 1568 1344
v 2808.924 1373.104 670.945
f 1570 1342 1340
f 1570 1569 1342
v 2808.683 1373.104 670.987
f 1571 1340 1338
f 1571 1570 1340
v 2808.439 1373.104 671.017
f 1572 1338 1336
f 1572 1571 1338
f 1333 1336 1331
v 2808.194 1373.104 671.035
f 1573 1336 1333
f 1573 1572 1336
f 1541 1573 1333
v 2812.949 1373.104 596.041
f 1398 1542 1574
f 1398 1574 1403
f 1404 1465 1400
v 2808.194 1373.104 591.047
v 2807.949 1373.104 591.041
f 1575 1576 1465
f 1575 1465 1404
v 2808.439 1373.104 591.065
f 1577 1404 1407
f 1577 1575 1404
v 2808.683 1373.104 591.096
f 1578 1407 1411
f 1578 1577 1407
v 2808.924 1373.104 591.137
f 1579 1411 1415
f 1579 1578 1411
v 2809.164 1373.104 591.191
f 1580 1415 1419
f 1580 1579 1415
v 2809.400 1373.104 591.257
f 1581 1419 1423
f 1581 1580 1419
v 2809.633 1373.104 591.334
f 1582 1581 1423
f 1582 1423 1428
v 2809.862 1373.104 591.422
f 1583 1582 1428
f 1583 1428 1432
v 2810.087 1373.104 591.521
f 1584 1583 1432
f 1584 1432 1435
v 2810.306 1373.104 591.632
f 1585 1584 1435
f 1585 1435 1439
v 2810.519 1373.104 591.753
f 1586 1585 1439
f 1586 1439 1444
v 2810.727 1373.104 591.884
f 1587 1586 1444
f 1587 1444 1447
v 2810.927 1373.104 592.025
f 1588 1587 1447
f 1588 1447 1452
v 2811.121 1373.104 592.176
f 1589 1588 1452
f 1589 1452 1455
v 2811.307 1373.104 592.337
f 1590 1589 1455
f 1590 1455 1459
v 2811.484 1373.104 592.506
f 1591 1590 1459
f 1591 1459 1464
v 2811.654 1373.104 592.684
f 1592 1591 1464
f 1592 1464 1461
v 2811.814 1373.104 592.869
f 1593 1592 1461
f 1593 1461 1457
v 2811.965 1373.104 593.063
f 1594 1457 1453
f 1594 1593 1457
v 2812.106 1373.104 593.264
f 1595 1453 1450
f 1595 1594 1453
v 2812.238 1373.104 593.471
f 1596 1595 1450
f 1596 1450 1445
v 2812.358 1373.104 593.684
f 1597 1442 1437
f 1597 1445 1442
f 1597 1596 1445
v 2812.469 1373.104 593.904
f 1598 1437 1433
f 1598 1597 1437
v 2812.568 1373.104 594.128
f 1599 1433 1430
f 1599 1598 1433
v 2812.657 1373.104 594.357
f 1600 1430 1426
f 1600 1599 1430
v 2812.734 1373.104 594.590
f 1601 1426 1421
f 1601 1600 1426
v 2812.799 1373.104 594.826
f 1602 1421 1417
f 1602 1601 1421
v 2812.853 1373.104 595.066
f 1603 1417 1413
f 1603 1602 1417
v 2812.895 1373.104 595.308
f 1604 1413 1409
f 1604 1603 1413
v 2812.925 1373.104 595.551
f 1605 1409 1405
f 1605 1604 1409
v 2812.943 1373.104 595.796
f 1606 1405 1403
f 1606 1605 1405
f 1574 1606 1403
f 1576 1471 1470
f 1576 1470 1465
f 1522 1557 1558
f 1523 1558 1559
f 1523 1522 1558
f 1521 1556 1557
f 1521 1557 1522
f 1524 1523 1559
f 1524 1559 1560
f 1520 1555 1556
f 1520 1556 1521
f 1525 1560 1561
f 1525 1524 1560
f 1519 1555 1520
f 1519 1554 1555
f 1526 1525 1561
f 1526 1561 1562
f 1518 1554 1519
f 1518 1553 1554
f 1527 1526 1562
f 1527 1562 1563
f 1517 1553 1518
f 1517 1552 1553
f 1528 1563 1564
f 1528 1527 1563
f 1516 1552 1517
f 1516 1551 1552
f 1529 1528 1564
f 1529 1564 1565
f 1515 1551 1516
f 1515 1550 1551
f 1530 1529 1565
f 1530 1565 1566
f 1514 1550 1515
f 1514 1549 1550
f 1531 1566 1567
f 1531 1530 1566
f 1513 1549 1514
f 1513 1548 1549
f 1532 1567 1568
f 1532 1531 1567
f 1512 1548 1513
f 1512 1547 1548
f 1533 1532 1568
f 1533 1568 1569
f 1511 1546 1547
f 1511 1547 1512
f 1534 1533 1569
f 1534 1569 1570
f 1510 1545 1546
f 1510 1546 1511
f 1535 1534 1570
f 1535 1570 1571
f 1509 1545 1510
f 1509 1544 1545
f 1536 1535 1571
f 1536 1571 1572
f 1508 1543 1544
f 1508 1544 1509
f 1537 1536 1572
f 1537 1572 1573
f 1507 1542 1543
f 1507 1543 1508
f 1538 1537 1573
f 1538 1573 1541
f 1506 1542 1507
f 1539 1541 1540
f 1539 1538 1541
f 1574 1542 1506
f 1505 1574 1506
f 1504 1606 1574
f 1504 1574 1505
f 1503 1605 1606
f 1503 1606 1504
f 1502 1604 1605
f 1502 1605 1503
f 1501 1603 1604
f 1501 1604 1502
f 1500 1601 1602
f 1500 1602 1603
f 1500 1603 1501
f 1499 1601 1500
f 1498 1600 1601
f 1498 1601 1499
f 1497 1600 1498
f 1497 1598 1599
f 1497 1599 1600
f 1496 1598 1497
f 1495 1598 1496
f 1495 1596 1597
f 1495 1597 1598
f 1494 1596 1495
f 1493 1596 1494
f 1493 1594 1595
f 1493 1595 1596
f 1492 1593 1594
f 1492 1594 1493
f 1491 1593 1492
f 1490 1592 1593
f 1490 1593 1491
f 1591 1592 1490
f 1489 1591 1490
f 1590 1489 1488
f 1590 1591 1489
f 1589 1488 1487
f 1589 1590 1488
f 1588 1487 1486
f 1588 1589 1487
f 1587 1486 1485
f 1587 1588 1486
f 1586 1485 1484
f 1586 1587 1485
f 1585 1484 1483
f 1585 1586 1484
f 1584 1483 1482
f 1584 1482 1481
f 1584 1585 1483
f 1583 1584 1481
f 1582 1481 1480
f 1582 1583 1481
f 1581 1480 1479
f 1581 1582 1480
f 1580 1479 1478
f 1580 1478 1477
f 1580 1581 1479
f 1579 1580 1477
f 1578 1477 1476
f 1578 1579 1477
f 1577 1476 1475
f 1577 1475 1474
f 1577 1578 1476
f 1575 1577 1474
f 1576 1575 1474
f 1576 1474 1473
f 1472 1576 1473
f 1471 1576 1472
o main_10
v -16700.156 1484.604 19656.732
v -16699.644 1484.604 19657.206
v -16699.406 1484.604 19657.461
f 1607 1608 1609
v -16699.894 1484.604 19656.962
f 1607 1610 1608
v -16701.006 1484.604 19656.123
v -16700.713 1484.604 19656.311
v -16700.429 1484.604 19656.515
f 1611 1612 1613
v -16698.423 1484.604 19658.898
v -16698.773 1484.604 19658.294
v -16698.590 1484.604 19658.592
f 1614 1615 1616
v -16698.970 1484.604 19658.006
f 1614 1617 1615
v -16701.620 1484.604 19655.790
f 1618 1611 1613
v -16701.309 1484.604 19655.949
f 1618 1619 1611
v -16702.263 1484.604 19655.520
v -16701.938 1484.604 19655.647
f 1620 1621 1618
v -16698.015 1484.604 19659.861
v -16698.271 1484.604 19659.212
v -16698.135 1484.604 19659.533
f 1622 1623 1624
v -16702.594 1484.604 19655.409
f 1625 1620 1618
v -16702.930 1484.604 19655.315
f 1626 1625 1618
v -16703.961 1484.604 19655.135
v -16703.271 1484.604 19655.238
f 1627 1628 1626
v -16703.615 1484.604 19655.178
f 1627 1629 1628
v -16704.658 1484.604 19655.102
v -16704.309 1484.604 19655.110
f 1630 1631 1627
v -16705.355 1484.604 19655.138
v -16705.007 1484.604 19655.111
f 1632 1633 1630
v -16705.701 1484.604 19655.181
f 1634 1632 1630
v -16706.045 1484.604 19655.243
f 1635 1634 1630
f 1635 1627 1626
f 1635 1630 1627
v -16697.905 1484.604 19663.986
v -16697.751 1484.604 19663.306
v -16697.820 1484.604 19663.648
f 1636 1637 1638
v -16706.721 1484.604 19655.416
v -16706.385 1484.604 19655.321
f 1639 1640 1635
v -16707.376 1484.604 19655.656
f 1641 1639 1635
f 1641 1635 1626
v -16707.052 1484.604 19655.528
f 1641 1642 1639
f 1641 1626 1618
v -16708.005 1484.604 19655.960
v -16707.694 1484.604 19655.800
f 1643 1644 1641
v -16708.306 1484.604 19656.135
f 1645 1643 1641
f 1645 1641 1618
v -16708.882 1484.604 19656.529
f 1646 1645 1618
f 1646 1618 1613
v -16708.599 1484.604 19656.324
f 1646 1647 1645
v -16699.167 1484.604 19666.457
v -16698.760 1484.604 19665.890
v -16698.956 1484.604 19666.178
f 1648 1649 1650
v -16699.391 1484.604 19666.725
f 1651 1649 1648
v -16709.416 1484.604 19656.978
v -16709.155 1484.604 19656.747
f 1652 1653 1646
v -16709.666 1484.604 19657.222
f 1654 1607 1609
f 1654 1652 1646
f 1654 1646 1613
v -16699.181 1484.604 19657.728
f 1654 1609 1655
f 1654 1613 1607
v -16700.138 1484.604 19667.456
v -16699.628 1484.604 19666.981
v -16699.877 1484.604 19667.225
f 1656 1657 1658
v -16710.337 1484.604 19658.025
v -16710.127 1484.604 19657.746
v -16709.903 1484.604 19657.478
f 1659 1660 1661
v -16710.533 1484.604 19658.313
f 1662 1655 1617
f 1662 1654 1655
f 1662 1659 1661
f 1662 1661 1654
v -16701.289 1484.604 19668.244
v -16700.694 1484.604 19667.879
v -16700.987 1484.604 19668.069
f 1663 1664 1665
v -16710.881 1484.604 19658.918
f 1666 1614 1623
f 1666 1617 1614
v -16710.715 1484.604 19658.612
f 1666 1667 1662
f 1666 1662 1617
v -16711.167 1484.604 19659.555
f 1668 1666 1623
f 1668 1623 1622
v -16711.032 1484.604 19659.233
f 1668 1669 1666
v -16702.572 1484.604 19668.787
v -16701.917 1484.604 19668.547
v -16702.242 1484.604 19668.675
f 1670 1671 1672
v -16711.388 1484.604 19660.217
f 1673 1668 1622
v -16697.911 1484.604 19660.195
f 1673 1622 1674
v -16711.286 1484.604 19659.883
f 1673 1675 1668
v -16702.908 1484.604 19668.882
f 1676 1671 1670
v -16711.474 1484.604 19660.555
f 1677 1673 1674
v -16697.825 1484.604 19660.533
f 1677 1674 1678
v -16711.542 1484.604 19660.897
v -16697.755 1484.604 19660.875
f 1679 1678 1680
f 1679 1677 1678
v -16703.592 1484.604 19669.022
v -16703.248 1484.604 19668.960
f 1681 1676 1682
f 1681 1671 1676
v -16711.594 1484.604 19661.243
f 1683 1679 1680
v -16697.702 1484.604 19661.220
v -16697.667 1484.604 19661.567
f 1683 1684 1685
f 1683 1680 1684
v -16711.645 1484.604 19661.939
f 1686 1683 1685
v -16711.628 1484.604 19661.590
f 1686 1687 1683
v -16704.635 1484.604 19669.102
v -16703.938 1484.604 19669.066
v -16704.286 1484.604 19669.092
f 1688 1689 1690
f 1688 1681 1689
v -16711.644 1484.604 19662.288
f 1691 1686 1685
v -16697.649 1484.604 19661.916
v -16697.649 1484.604 19662.265
f 1691 1692 1693
f 1691 1685 1692
v -16704.984 1484.604 19669.093
f 1694 1681 1688
v -16711.626 1484.604 19662.636
f 1695 1691 1693
v -16697.665 1484.604 19662.613
f 1695 1693 1696
v -16705.679 1484.604 19669.025
f 1697 1681 1694
v -16705.332 1484.604 19669.068
f 1697 1694 1698
f 1697 1671 1681
v -16711.538 1484.604 19663.328
f 1699 1695 1696
v -16711.591 1484.604 19662.983
f 1699 1700 1695
v -16711.469 1484.604 19663.670
f 1701 1699 1696
v -16697.700 1484.604 19662.961
f 1701 1696 1702
v -16711.382 1484.604 19664.009
f 1703 1637 1636
f 1703 1702 1637
f 1703 1701 1702
v -16711.278 1484.604 19664.342
f 1704 1703 1636
v -16707.030 1484.604 19668.683
v -16706.363 1484.604 19668.888
v -16706.699 1484.604 19668.794
f 1705 1706 1707
v -16711.159 1484.604 19664.670
f 1708 1704 1636
v -16698.007 1484.604 19664.320
v -16698.126 1484.604 19664.648
f 1708 1709 1710
f 1708 1636 1709
v -16707.355 1484.604 19668.556
v -16706.022 1484.604 19668.965
f 1711 1712 1706
f 1711 1697 1712
f 1711 1706 1705
v -16711.022 1484.604 19664.991
f 1713 1708 1710
v -16707.673 1484.604 19668.413
f 1714 1671 1697
f 1714 1697 1711
v -16710.703 1484.604 19665.612
v -16710.870 1484.604 19665.305
f 1715 1716 1713
v -16698.579 1484.604 19665.592
f 1715 1717 1649
v -16698.412 1484.604 19665.285
f 1715 1718 1717
v -16698.261 1484.604 19664.970
f 1715 1719 1718
f 1715 1710 1719
f 1715 1713 1710
v -16708.287 1484.604 19668.081
v -16701.599 1484.604 19668.403
f 1720 1721 1671
f 1720 1663 1721
v -16707.984 1484.604 19668.255
f 1720 1714 1722
f 1720 1671 1714
f 1720 1664 1663
v -16710.323 1484.604 19666.197
v -16710.521 1484.604 19665.909
f 1723 1724 1715
f 1723 1649 1651
f 1723 1715 1649
v -16709.887 1484.604 19666.742
v -16710.112 1484.604 19666.475
f 1725 1726 1723
v -16709.650 1484.604 19666.997
v -16709.137 1484.604 19667.471
v -16709.399 1484.604 19667.241
f 1727 1728 1729
v -16708.864 1484.604 19667.688
f 1727 1730 1728
v -16708.580 1484.604 19667.892
f 1727 1731 1730
v -16700.411 1484.604 19667.675
f 1727 1732 1664
f 1727 1720 1731
f 1727 1656 1732
f 1727 1651 1657
f 1727 1664 1720
f 1727 1657 1656
f 1727 1723 1651
f 1727 1725 1723
o main_11
v -16575.606 1531.604 19382.252
v -16575.879 1531.604 19382.470
v -16575.345 1531.604 19382.020
f 1733 1734 1735
v -16574.858 1531.604 19381.520
v -16574.424 1531.604 19380.974
v -16574.635 1531.604 19381.252
f 1736 1737 1738
v -16575.095 1531.604 19381.776
f 1739 1737 1736
v -16576.162 1531.604 19382.674
v -16576.757 1531.604 19383.039
f 1740 1741 1734
v -16576.455 1531.604 19382.864
f 1742 1741 1740
v -16574.228 1531.604 19380.685
v -16573.880 1531.604 19380.080
v -16574.047 1531.604 19380.387
f 1743 1744 1745
v -16573.729 1531.604 19379.765
f 1737 1746 1743
f 1743 1746 1744
v -16577.385 1531.604 19383.343
v -16577.710 1531.604 19383.471
v -16577.067 1531.604 19383.199
f 1747 1748 1749
v -16573.475 1531.604 19379.115
v -16573.594 1531.604 19379.444
f 1746 1750 1751
v -16578.040 1531.604 19383.582
f 1749 1752 1741
f 1748 1752 1749
v -16578.376 1531.604 19383.678
v -16578.716 1531.604 19383.756
f 1753 1754 1752
v -16573.287 1531.604 19378.443
v -16573.167 1531.604 19377.756
v -16573.219 1531.604 19378.101
f 1755 1756 1757
v -16579.060 1531.604 19383.817
v -16579.754 1531.604 19383.888
f 1758 1759 1754
v -16579.406 1531.604 19383.861
f 1760 1759 1758
v -16573.116 1531.604 19377.060
v -16573.133 1531.604 19377.408
f 1756 1761 1762
v -16580.103 1531.604 19383.897
v -16580.452 1531.604 19383.889
f 1763 1764 1759
v -16573.135 1531.604 19376.362
v -16573.117 1531.604 19376.711
f 1761 1765 1766
v -16573.170 1531.604 19376.015
f 1761 1767 1765
v -16580.800 1531.604 19383.863
v -16581.146 1531.604 19383.820
f 1768 1769 1764
v -16573.293 1531.604 19375.328
v -16573.223 1531.604 19375.670
f 1767 1770 1771
v -16581.490 1531.604 19383.760
v -16581.831 1531.604 19383.683
f 1772 1773 1769
f 1764 1773 1759
f 1769 1773 1764
v -16573.483 1531.604 19374.657
v -16573.379 1531.604 19374.990
f 1770 1774 1775
v -16582.167 1531.604 19383.589
v -16582.498 1531.604 19383.479
f 1776 1777 1773
v -16582.823 1531.604 19383.352
f 1773 1778 1759
f 1777 1778 1773
f 1754 1778 1752
f 1759 1778 1754
v -16573.603 1531.604 19374.329
v -16573.891 1531.604 19373.693
v -16573.739 1531.604 19374.007
f 1779 1780 1781
v -16583.141 1531.604 19383.209
v -16583.452 1531.604 19383.050
f 1782 1783 1778
f 1778 1783 1752
f 1752 1783 1741
v -16583.755 1531.604 19382.876
f 1741 1784 1734
f 1783 1784 1741
v -16584.048 1531.604 19382.687
v -16584.332 1531.604 19382.484
f 1785 1786 1784
v -16584.605 1531.604 19382.267
v -16584.867 1531.604 19382.036
f 1787 1788 1786
f 1784 1788 1734
f 1734 1788 1735
f 1786 1788 1784
v -16585.118 1531.604 19381.793
v -16585.355 1531.604 19381.537
f 1789 1790 1788
v -16575.111 1531.604 19372.001
v -16575.624 1531.604 19371.527
v -16575.362 1531.604 19371.758
f 1791 1792 1793
v -16585.580 1531.604 19381.270
f 1735 1794 1739
f 1790 1794 1788
f 1788 1794 1735
v -16575.897 1531.604 19371.310
f 1791 1795 1792
v -16585.791 1531.604 19380.992
f 1739 1796 1737
f 1794 1796 1739
v -16585.988 1531.604 19380.704
v -16586.171 1531.604 19380.407
f 1797 1798 1796
f 1737 1798 1746
f 1796 1798 1737
v -16586.338 1531.604 19380.101
v -16586.626 1531.604 19379.465
f 1799 1800 1798
v -16586.490 1531.604 19379.786
f 1801 1800 1799
f 1746 1800 1750
f 1798 1800 1746
v -16577.406 1531.604 19370.442
v -16578.062 1531.604 19370.204
v -16577.731 1531.604 19370.315
f 1802 1803 1804
v -16577.088 1531.604 19370.585
f 1805 1803 1802
v -16576.777 1531.604 19370.744
f 1806 1803 1805
v -16586.746 1531.604 19379.137
v -16586.850 1531.604 19378.804
f 1807 1808 1800
v -16586.936 1531.604 19378.466
v -16573.373 1531.604 19378.782
f 1750 1809 1810
f 1800 1809 1750
f 1808 1809 1800
v -16578.739 1531.604 19370.033
v -16578.398 1531.604 19370.110
f 1803 1811 1812
v -16587.006 1531.604 19378.124
f 1755 1813 1756
f 1809 1813 1810
f 1810 1813 1755
v -16579.083 1531.604 19369.973
f 1803 1814 1811
v -16587.059 1531.604 19377.779
v -16587.094 1531.604 19377.431
f 1815 1816 1813
f 1813 1816 1756
f 1756 1816 1761
v -16579.777 1531.604 19369.905
v -16579.429 1531.604 19369.930
f 1814 1817 1818
f 1803 1817 1814
v -16580.475 1531.604 19369.906
f 1803 1819 1817
v -16580.126 1531.604 19369.897
f 1817 1819 1820
v -16587.112 1531.604 19377.083
v -16587.096 1531.604 19376.385
f 1821 1822 1816
v -16587.113 1531.604 19376.734
f 1823 1822 1821
f 1816 1822 1761
v -16580.823 1531.604 19369.933
f 1803 1824 1819
v -16587.062 1531.604 19376.038
f 1761 1825 1767
f 1822 1825 1761
v -16581.169 1531.604 19369.977
f 1803 1826 1824
v -16587.010 1531.604 19375.693
v -16586.942 1531.604 19375.350
f 1827 1828 1825
v -16581.853 1531.604 19370.116
v -16581.513 1531.604 19370.038
f 1826 1829 1830
v -16586.856 1531.604 19375.012
f 1825 1831 1767
f 1767 1831 1770
f 1770 1831 1774
f 1828 1831 1825
v -16582.189 1531.604 19370.211
f 1803 1832 1826
f 1826 1832 1829
v -16586.754 1531.604 19374.678
f 1831 1833 1774
v -16582.844 1531.604 19370.451
v -16582.519 1531.604 19370.323
f 1832 1834 1835
v -16586.500 1531.604 19374.028
f 1779 1836 1780
v -16586.635 1531.604 19374.350
f 1837 1836 1833
f 1833 1836 1774
f 1774 1836 1779
v -16583.162 1531.604 19370.595
f 1832 1838 1834
v -16583.472 1531.604 19370.755
f 1803 1839 1832
f 1832 1839 1838
v -16576.474 1531.604 19370.918
f 1840 1839 1806
f 1806 1839 1803
v -16586.349 1531.604 19373.714
v -16586.182 1531.604 19373.407
f 1841 1842 1836
v -16584.067 1531.604 19371.120
f 1791 1843 1795
v -16583.774 1531.604 19370.930
f 1839 1843 1844
f 1840 1843 1839
v -16576.181 1531.604 19371.107
f 1845 1843 1840
f 1795 1843 1845
v -16585.805 1531.604 19372.820
f 1836 1846 1780
v -16586.001 1531.604 19373.109
f 1847 1846 1842
f 1842 1846 1836
v -16574.058 1531.604 19373.387
f 1780 1846 1848
v -16584.623 1531.604 19371.542
v -16584.350 1531.604 19371.324
f 1843 1849 1850
v -16585.594 1531.604 19372.541
v -16585.371 1531.604 19372.274
f 1851 1852 1846
f 1846 1852 1848
v -16574.438 1531.604 19372.801
v -16574.649 1531.604 19372.523
f 1853 1852 1854
v -16574.241 1531.604 19373.089
f 1855 1852 1853
f 1848 1852 1855
v -16585.134 1531.604 19372.017
v -16584.884 1531.604 19371.773
f 1849 1856 1857
f 1852 1856 1854
f 1791 1856 1843
f 1843 1856 1849
v -16574.874 1531.604 19372.256
f 1858 1856 1791
f 1854 1856 1858
o main_12
v 2780.614 1529.604 75.110
v 2780.396 1529.604 74.837
v 2780.165 1529.604 74.575
f 1859 1860 1861
v 2778.831 1529.604 73.456
v 2779.398 1529.604 73.864
v 2779.120 1529.604 73.653
f 1862 1863 1864
v 2778.227 1529.604 73.107
v 2778.534 1529.604 73.274
f 1865 1862 1866
v 2781.340 1529.604 76.299
v 2781.181 1529.604 75.989
v 2781.007 1529.604 75.686
f 1867 1868 1869
v 2781.611 1529.604 76.942
v 2781.484 1529.604 76.617
f 1870 1871 1867
v 2781.895 1529.604 77.949
v 2781.817 1529.604 77.609
v 2781.723 1529.604 77.273
f 1872 1873 1874
v 2781.955 1529.604 78.293
f 1875 1872 1874
v 2782.025 1529.604 78.987
v 2781.999 1529.604 78.639
f 1876 1877 1875
f 1876 1875 1874
v 2782.025 1529.604 79.685
v 2782.034 1529.604 79.336
f 1878 1879 1876
v 2773.818 1529.604 72.443
v 2774.510 1529.604 72.356
v 2774.163 1529.604 72.391
f 1880 1881 1882
v 2781.895 1529.604 80.723
v 2781.955 1529.604 80.380
v 2781.999 1529.604 80.033
f 1883 1884 1885
v 2773.138 1529.604 72.598
v 2773.476 1529.604 72.512
f 1886 1880 1887
v 2781.723 1529.604 81.400
f 1888 1885 1878
f 1888 1883 1885
v 2781.817 1529.604 81.064
f 1888 1889 1883
f 1888 1876 1874
f 1888 1878 1876
v 2781.484 1529.604 82.055
v 2781.611 1529.604 81.731
f 1890 1891 1888
f 1890 1874 1870
f 1890 1888 1874
f 1890 1870 1867
v 2771.534 1529.604 73.274
v 2772.155 1529.604 72.956
v 2771.840 1529.604 73.107
f 1892 1893 1894
v 2781.007 1529.604 82.986
v 2781.340 1529.604 82.374
f 1895 1896 1890
v 2781.181 1529.604 82.684
f 1895 1897 1896
f 1895 1890 1867
v 2780.817 1529.604 83.280
v 2780.817 1529.604 75.393
f 1898 1899 1859
f 1898 1869 1899
f 1898 1867 1869
f 1898 1895 1867
v 2770.669 1529.604 73.864
v 2771.236 1529.604 73.456
v 2770.947 1529.604 73.653
f 1900 1901 1902
v 2780.396 1529.604 83.836
v 2780.614 1529.604 83.563
f 1903 1904 1898
f 1903 1898 1859
v 2770.402 1529.604 74.088
f 1905 1901 1900
f 1905 1892 1901
v 2779.921 1529.604 84.347
v 2779.921 1529.604 74.325
f 1906 1861 1907
v 2780.165 1529.604 84.098
f 1906 1908 1903
f 1906 1859 1861
f 1906 1903 1859
v 2769.902 1529.604 74.575
v 2770.146 1529.604 74.325
f 1909 1905 1910
v 2769.454 1529.604 75.110
v 2769.671 1529.604 74.837
f 1911 1909 1912
v 2779.120 1529.604 85.020
f 1913 1906 1907
v 2779.665 1529.604 74.088
f 1913 1914 1863
f 1913 1907 1914
v 2779.665 1529.604 84.585
f 1913 1915 1906
v 2779.398 1529.604 84.809
f 1913 1916 1915
f 1913 1863 1862
v 2769.250 1529.604 75.393
f 1917 1905 1909
f 1917 1909 1911
v 2769.061 1529.604 75.686
f 1918 1905 1917
v 2778.534 1529.604 85.399
v 2778.831 1529.604 85.217
f 1919 1920 1913
f 1919 1913 1862
f 1919 1862 1865
v 2778.227 1529.604 85.566
v 2777.913 1529.604 72.956
f 1921 1865 1922
f 1921 1919 1865
v 2777.913 1529.604 85.717
f 1923 1921 1922
v 2777.591 1529.604 85.853
v 2777.591 1529.604 72.820
f 1924 1922 1925
f 1924 1923 1922
v 2768.456 1529.604 76.942
v 2768.727 1529.604 76.299
v 2768.583 1529.604 76.617
f 1926 1927 1928
v 2768.886 1529.604 75.989
f 1926 1929 1927
v 2777.263 1529.604 85.972
v 2777.263 1529.604 72.701
f 1930 1925 1931
f 1930 1924 1925
v 2776.929 1529.604 86.075
v 2776.929 1529.604 72.598
f 1932 1931 1933
f 1932 1930 1931
v 2776.591 1529.604 72.512
f 1932 1933 1934
v 2768.250 1529.604 77.609
v 2768.345 1529.604 77.273
f 1935 1926 1936
f 1935 1918 1929
f 1935 1929 1926
v 2776.249 1529.604 86.230
v 2776.591 1529.604 86.161
f 1937 1938 1932
f 1937 1932 1934
v 2776.249 1529.604 72.443
f 1937 1934 1939
v 2768.112 1529.604 78.293
v 2768.172 1529.604 77.949
f 1940 1935 1941
f 1940 1918 1935
v 2775.557 1529.604 86.317
f 1942 1937 1939
v 2775.904 1529.604 86.282
f 1942 1943 1937
v 2775.557 1529.604 72.356
v 2775.208 1529.604 72.339
f 1942 1944 1945
v 2775.904 1529.604 72.391
f 1942 1946 1944
f 1942 1939 1946
v 2775.208 1529.604 86.334
f 1947 1942 1945
v 2774.859 1529.604 86.334
f 1948 1947 1945
v 2768.042 1529.604 79.685
f 1949 1918 1940
v 2768.042 1529.604 78.987
v 2768.034 1529.604 79.336
f 1949 1950 1951
v 2768.068 1529.604 78.639
f 1949 1952 1950
f 1949 1940 1952
v 2774.510 1529.604 86.317
f 1953 1948 1945
v 2774.859 1529.604 72.339
f 1953 1945 1954
v 2768.112 1529.604 80.380
f 1955 1918 1949
v 2768.068 1529.604 80.033
f 1955 1949 1956
v 2773.818 1529.604 86.230
f 1957 1881 1880
f 1957 1953 1954
v 2774.163 1529.604 86.282
f 1957 1958 1953
f 1957 1954 1881
v 2773.476 1529.604 86.161
f 1959 1957 1880
v 2768.250 1529.604 81.064
f 1960 1918 1955
v 2768.172 1529.604 80.723
f 1960 1955 1961
v 2773.138 1529.604 86.075
f 1962 1959 1880
f 1962 1880 1886
v 2772.804 1529.604 85.972
f 1963 1962 1886
v 2772.804 1529.604 72.701
v 2772.476 1529.604 72.820
f 1963 1964 1965
f 1963 1886 1964
v 2768.456 1529.604 81.731
v 2768.345 1529.604 81.400
f 1966 1960 1967
v 2772.476 1529.604 85.853
f 1968 1963 1965
v 2768.583 1529.604 82.055
f 1969 1960 1966
v 2772.155 1529.604 85.717
f 1970 1968 1965
f 1970 1965 1893
v 2768.727 1529.604 82.374
f 1971 1960 1969
v 2771.840 1529.604 85.566
f 1972 1893 1892
f 1972 1970 1893
v 2768.886 1529.604 82.684
f 1973 1960 1971
v 2771.534 1529.604 85.399
f 1974 1972 1892
v 2769.061 1529.604 82.986
f 1975 1918 1960
f 1975 1960 1973
v 2770.947 1529.604 85.020
v 2771.236 1529.604 85.217
f 1976 1977 1974
v 2769.671 1529.604 83.836
v 2769.250 1529.604 83.280
v 2769.454 1529.604 83.563
f 1978 1979 1980
f 1978 1975 1979
f 1978 1918 1975
f 1978 1905 1918
v 2770.402 1529.604 84.585
v 2770.669 1529.604 84.809
f 1981 1982 1976
f 1981 1892 1905
f 1981 1974 1892
f 1981 1976 1974
v 2770.146 1529.604 84.347
v 2769.902 1529.604 84.098
f 1983 1978 1984
f 1983 1981 1905
f 1983 1905 1978
v 2780.396 1489.604 74.837
v 2780.614 1489.604 75.110
v 2780.165 1489.604 74.575
f 1985 1986 1987
v 2779.398 1489.604 73.864
v 2778.831 1489.604 73.456
v 2779.120 1489.604 73.653
f 1988 1989 1990
v 2778.227 1489.604 73.107
v 2778.534 1489.604 73.274
f 1989 1991 1992
v 2781.181 1489.604 75.989
v 2781.340 1489.604 76.299
v 2781.007 1489.604 75.686
f 1993 1994 1995
v 2781.484 1489.604 76.617
v 2781.611 1489.604 76.942
f 1996 1997 1994
v 2781.817 1489.604 77.609
v 2781.895 1489.604 77.949
v 2781.723 1489.604 77.273
f 1998 1999 2000
v 2781.955 1489.604 78.293
f 1999 2001 2000
v 2781.999 1489.604 78.639
v 2782.025 1489.604 78.987
f 2002 2003 2001
f 2001 2003 2000
v 2782.034 1489.604 79.336
v 2782.025 1489.604 79.685
f 2004 2005 2003
v 2774.510 1489.604 72.356
v 2773.818 1489.604 72.443
v 2774.163 1489.604 72.391
f 2006 2007 2008
v 2781.955 1489.604 80.380
v 2781.895 1489.604 80.723
v 2781.999 1489.604 80.033
f 2009 2010 2011
v 2773.138 1489.604 72.598
v 2773.476 1489.604 72.512
f 2007 2012 2013
v 2781.723 1489.604 81.400
f 2011 2014 2005
f 2010 2014 2011
v 2781.817 1489.604 81.064
f 2015 2014 2010
f 2003 2014 2000
f 2005 2014 2003
v 2781.611 1489.604 81.731
v 2781.484 1489.604 82.055
f 2016 2017 2014
f 2000 2017 1997
f 2014 2017 2000
f 1997 2017 1994
v 2772.155 1489.604 72.956
v 2771.534 1489.604 73.274
v 2771.840 1489.604 73.107
f 2018 2019 2020
v 2781.340 1489.604 82.374
v 2781.007 1489.604 82.986
f 2021 2022 2017
v 2781.181 1489.604 82.684
f 2023 2022 2021
f 2017 2022 1994
v 2780.817 1489.604 75.393
v 2780.817 1489.604 83.280
f 2024 2025 1986
f 1995 2025 2024
f 1994 2025 1995
f 2022 2025 1994
v 2771.236 1489.604 73.456
v 2770.669 1489.604 73.864
v 2770.947 1489.604 73.653
f 2026 2027 2028
v 2780.614 1489.604 83.563
v 2780.396 1489.604 83.836
f 2029 2030 2025
f 2025 2030 1986
v 2770.402 1489.604 74.088
f 2026 2031 2027
f 2019 2031 2026
v 2779.921 1489.604 84.347
v 2779.921 1489.604 74.325
f 1987 2032 2033
v 2780.165 1489.604 84.098
f 2034 2032 2030
f 1986 2032 1987
f 2030 2032 1986
v 2769.902 1489.604 74.575
v 2770.146 1489.604 74.325
f 2031 2035 2036
v 2769.454 1489.604 75.110
v 2769.671 1489.604 74.837
f 2035 2037 2038
v 2779.120 1489.604 85.020
f 2032 2039 2033
v 2779.665 1489.604 74.088
f 2040 2039 1988
f 2033 2039 2040
v 2779.665 1489.604 84.585
f 2041 2039 2032
v 2779.398 1489.604 84.809
f 2042 2039 2041
f 1988 2039 1989
v 2769.250 1489.604 75.393
f 2031 2043 2035
f 2035 2043 2037
v 2769.061 1489.604 75.686
f 2031 2044 2043
v 2778.831 1489.604 85.217
v 2778.534 1489.604 85.399
f 2045 2046 2039
f 2039 2046 1989
f 1989 2046 1991
v 2778.227 1489.604 85.566
v 2777.913 1489.604 72.956
f 1991 2047 2048
f 2046 2047 1991
v 2777.913 1489.604 85.717
f 2047 2049 2048
v 2777.591 1489.604 85.853
v 2777.591 1489.604 72.820
f 2048 2050 2051
f 2049 2050 2048
v 2768.727 1489.604 76.299
v 2768.456 1489.604 76.942
v 2768.583 1489.604 76.617
f 2052 2053 2054
v 2768.886 1489.604 75.989
f 2055 2053 2052
v 2777.263 1489.604 85.972
v 2777.263 1489.604 72.701
f 2051 2056 2057
f 2050 2056 2051
v 2776.929 1489.604 86.075
v 2776.929 1489.604 72.598
f 2057 2058 2059
f 2056 2058 2057
v 2776.591 1489.604 72.512
f 2059 2058 2060
v 2768.250 1489.604 77.609
v 2768.345 1489.604 77.273
f 2053 2061 2062
f 2044 2061 2055
f 2055 2061 2053
v 2776.591 1489.604 86.161
v 2776.249 1489.604 86.230
f 2063 2064 2058
f 2058 2064 2060
v 2776.249 1489.604 72.443
f 2060 2064 2065
v 2768.112 1489.604 78.293
v 2768.172 1489.604 77.949
f 2061 2066 2067
f 2044 2066 2061
v 2775.557 1489.604 86.317
f 2064 2068 2065
v 2775.904 1489.604 86.282
f 2069 2068 2064
v 2775.557 1489.604 72.356
v 2775.208 1489.604 72.339
f 2070 2068 2071
v 2775.904 1489.604 72.391
f 2072 2068 2070
f 2065 2068 2072
v 2775.208 1489.604 86.334
f 2068 2073 2071
v 2774.859 1489.604 86.334
f 2073 2074 2071
v 2768.042 1489.604 79.685
f 2044 2075 2066
v 2768.042 1489.604 78.987
v 2768.034 1489.604 79.336
f 2076 2075 2077
v 2768.068 1489.604 78.639
f 2078 2075 2076
f 2066 2075 2078
v 2774.510 1489.604 86.317
f 2074 2079 2071
v 2774.859 1489.604 72.339
f 2071 2079 2080
v 2768.112 1489.604 80.380
f 2044 2081 2075
v 2768.068 1489.604 80.033
f 2075 2081 2082
v 2773.818 1489.604 86.230
f 2006 2083 2007
f 2079 2083 2080
v 2774.163 1489.604 86.282
f 2084 2083 2079
f 2080 2083 2006
v 2773.476 1489.604 86.161
f 2083 2085 2007
v 2768.250 1489.604 81.064
f 2044 2086 2081
v 2768.172 1489.604 80.723
f 2081 2086 2087
v 2773.138 1489.604 86.075
f 2085 2088 2007
f 2007 2088 2012
v 2772.804 1489.604 85.972
f 2088 2089 2012
v 2772.804 1489.604 72.701
v 2772.476 1489.604 72.820
f 2090 2089 2091
f 2012 2089 2090
v 2768.456 1489.604 81.731
v 2768.345 1489.604 81.400
f 2086 2092 2093
v 2772.476 1489.604 85.853
f 2089 2094 2091
v 2768.583 1489.604 82.055
f 2086 2095 2092
v 2772.155 1489.604 85.717
f 2094 2096 2091
f 2091 2096 2018
v 2768.727 1489.604 82.374
f 2086 2097 2095
v 2771.840 1489.604 85.566
f 2018 2098 2019
f 2096 2098 2018
v 2768.886 1489.604 82.684
f 2086 2099 2097
v 2771.534 1489.604 85.399
f 2098 2100 2019
v 2769.061 1489.604 82.986
f 2044 2101 2086
f 2086 2101 2099
v 2771.236 1489.604 85.217
v 2770.947 1489.604 85.020
f 2102 2103 2100
v 2769.250 1489.604 83.280
v 2769.671 1489.604 83.836
v 2769.454 1489.604 83.563
f 2104 2105 2106
f 2101 2105 2104
f 2044 2105 2101
f 2031 2105 2044
v 2770.669 1489.604 84.809
v 2770.402 1489.604 84.585
f 2107 2108 2103
f 2019 2108 2031
f 2100 2108 2019
f 2103 2108 2100
v 2770.146 1489.604 84.347
v 2769.902 1489.604 84.098
f 2105 2109 2110
f 2108 2109 2031
f 2031 2109 2105
o main_13
v 2750.034 1579.604 -130.664
v 2750.034 1439.604 -130.664
v 2750.034 1439.604 -125.664
f 2111 2112 2113
v 2750.034 1579.604 -125.664
f 2114 2111 2113
v 2754.788 1434.610 -130.664
v 2755.034 1434.604 -130.664
v 2755.034 1434.604 -125.664
f 2115 2116 2117
v 2754.788 1434.610 -125.664
f 2115 2117 2118
v 2754.544 1434.628 -130.664
v 2754.544 1434.628 -125.664
f 2119 2118 2120
f 2119 2115 2118
v 2754.300 1434.658 -130.664
v 2754.300 1434.658 -125.664
f 2121 2120 2122
v 2754.058 1434.700 -125.664
f 2121 2122 2123
f 2121 2119 2120
v 2754.058 1434.700 -130.664
f 2124 2121 2123
v 2753.819 1434.754 -130.664
v 2753.819 1434.754 -125.664
f 2125 2123 2126
f 2125 2124 2123
v 2753.582 1434.819 -130.664
v 2753.582 1434.819 -125.664
f 2127 2126 2128
v 2753.349 1434.896 -125.664
f 2127 2128 2129
f 2127 2125 2126
v 2753.349 1434.896 -130.664
v 2753.120 1434.985 -125.664
f 2130 2129 2131
f 2130 2127 2129
v 2753.120 1434.985 -130.664
f 2132 2130 2131
v 2752.896 1435.084 -130.664
f 2133 2132 2131
v 2752.896 1435.084 -125.664
f 2133 2131 2134
v 2752.677 1435.194 -130.664
v 2752.677 1435.194 -125.664
f 2135 2134 2136
f 2135 2133 2134
v 2752.463 1435.315 -130.664
v 2752.463 1435.315 -125.664
f 2137 2136 2138
f 2137 2135 2136
v 2752.256 1435.447 -130.664
v 2752.256 1435.447 -125.664
f 2139 2138 2140
f 2139 2137 2138
v 2752.055 1435.588 -130.664
v 2752.055 1435.588 -125.664
f 2141 2140 2142
f 2141 2139 2140
v 2751.862 1435.739 -130.664
v 2751.862 1435.739 -125.664
f 2143 2142 2144
f 2143 2141 2142
v 2751.676 1435.899 -130.664
v 2751.676 1435.899 -125.664
f 2145 2144 2146
f 2145 2143 2144
v 2751.498 1436.068 -130.664
v 2751.498 1436.068 -125.664
f 2147 2146 2148
v 2751.329 1436.246 -125.664
f 2147 2148 2149
f 2147 2145 2146
v 2751.329 1436.246 -130.664
f 2150 2147 2149
v 2751.169 1436.432 -130.664
v 2751.169 1436.432 -125.664
f 2151 2149 2152
f 2151 2150 2149
v 2751.018 1436.626 -130.664
v 2751.018 1436.626 -125.664
f 2153 2152 2154
f 2153 2151 2152
v 2750.876 1436.826 -130.664
v 2750.876 1436.826 -125.664
f 2155 2154 2156
f 2155 2153 2154
v 2750.745 1437.033 -130.664
v 2750.745 1437.033 -125.664
f 2157 2156 2158
f 2157 2155 2156
v 2750.624 1437.247 -130.664
v 2750.624 1437.247 -125.664
f 2159 2158 2160
f 2159 2157 2158
v 2750.514 1437.466 -130.664
v 2750.514 1437.466 -125.664
f 2161 2160 2162
f 2161 2159 2160
v 2750.414 1437.691 -130.664
v 2750.414 1437.691 -125.664
f 2163 2162 2164
f 2163 2161 2162
v 2750.326 1437.920 -130.664
v 2750.326 1437.920 -125.664
f 2165 2164 2166
v 2750.249 1438.153 -125.664
f 2165 2166 2167
f 2165 2163 2164
v 2750.249 1438.153 -130.664
f 2168 2165 2167
v 2750.183 1438.389 -130.664
v 2750.183 1438.389 -125.664
f 2169 2167 2170
f 2169 2168 2167
v 2750.130 1438.629 -130.664
v 2750.130 1438.629 -125.664
f 2171 2170 2172
f 2171 2169 2170
v 2750.088 1438.870 -130.664
v 2750.088 1438.870 -125.664
f 2173 2172 2174
f 2173 2171 2172
v 2750.058 1439.114 -130.664
v 2750.058 1439.114 -125.664
f 2175 2174 2176
f 2175 2173 2174
v 2750.040 1439.359 -130.664
v 2750.040 1439.359 -125.664
f 2177 2176 2178
f 2177 2175 2176
f 2112 2178 2113
f 2112 2177 2178
v 2845.034 1434.604 -125.664
f 2179 2117 2116
v 2845.034 1434.604 -130.664
f 2180 2179 2116
v 2850.028 1439.359 -130.664
v 2850.034 1439.604 -130.664
v 2850.034 1439.604 -125.664
f 2181 2182 2183
v 2850.028 1439.359 -125.664
f 2181 2183 2184
v 2850.010 1439.114 -130.664
v 2850.010 1439.114 -125.664
f 2185 2184 2186
f 2185 2181 2184
v 2849.979 1438.870 -130.664
v 2849.979 1438.870 -125.664
f 2187 2186 2188
v 2849.938 1438.629 -125.664
f 2187 2188 2189
f 2187 2185 2186
v 2849.938 1438.629 -130.664
f 2190 2187 2189
v 2849.884 1438.389 -130.664
v 2849.884 1438.389 -125.664
f 2191 2189 2192
f 2191 2190 2189
v 2849.818 1438.153 -130.664
v 2849.818 1438.153 -125.664
f 2193 2192 2194
f 2193 2191 2192
v 2849.741 1437.920 -130.664
v 2849.741 1437.920 -125.664
f 2195 2194 2196
f 2195 2193 2194
v 2849.653 1437.691 -130.664
v 2849.653 1437.691 -125.664
f 2197 2196 2198
v 2849.554 1437.466 -125.664
f 2197 2198 2199
f 2197 2195 2196
v 2849.554 1437.466 -130.664
f 2200 2197 2199
v 2849.443 1437.247 -130.664
v 2849.443 1437.247 -125.664
f 2201 2199 2202
f 2201 2200 2199
v 2849.322 1437.033 -130.664
v 2849.322 1437.033 -125.664
f 2203 2202 2204
f 2203 2201 2202
v 2849.191 1436.826 -130.664
v 2849.191 1436.826 -125.664
f 2205 2204 2206
v 2849.050 1436.626 -125.664
f 2205 2206 2207
f 2205 2203 2204
v 2849.050 1436.626 -130.664
f 2208 2205 2207
v 2848.899 1436.432 -130.664
v 2848.899 1436.432 -125.664
f 2209 2207 2210
f 2209 2208 2207
v 2848.738 1436.246 -130.664
v 2848.738 1436.246 -125.664
f 2211 2210 2212
f 2211 2209 2210
v 2848.569 1436.068 -130.664
v 2848.569 1436.068 -125.664
f 2213 2212 2214
f 2213 2211 2212
v 2848.391 1435.899 -130.664
v 2848.391 1435.899 -125.664
f 2215 2214 2216
v 2848.206 1435.739 -125.664
f 2215 2216 2217
f 2215 2213 2214
v 2848.206 1435.739 -130.664
f 2218 2215 2217
v 2848.012 1435.588 -130.664
v 2848.012 1435.588 -125.664
f 2219 2217 2220
f 2219 2218 2217
v 2847.811 1435.447 -130.664
v 2847.811 1435.447 -125.664
f 2221 2220 2222
f 2221 2219 2220
v 2847.604 1435.315 -130.664
v 2847.604 1435.315 -125.664
f 2223 2222 2224
f 2223 2221 2222
v 2847.391 1435.194 -130.664
v 2847.391 1435.194 -125.664
f 2225 2224 2226
f 2225 2223 2224
v 2847.171 1435.084 -130.664
v 2847.171 1435.084 -125.664
f 2227 2226 2228
f 2227 2225 2226
v 2846.947 1434.985 -130.664
v 2846.947 1434.985 -125.664
f 2229 2228 2230
f 2229 2227 2228
v 2846.718 1434.896 -130.664
v 2846.718 1434.896 -125.664
f 2231 2230 2232
f 2231 2229 2230
v 2846.485 1434.819 -130.664
v 2846.485 1434.819 -125.664
f 2233 2232 2234
f 2233 2231 2232
v 2846.248 1434.754 -130.664
v 2846.248 1434.754 -125.664
f 2235 2234 2236
f 2235 2233 2234
v 2846.009 1434.700 -130.664
v 2846.009 1434.700 -125.664
f 2237 2236 2238
v 2845.767 1434.658 -125.664
f 2237 2238 2239
f 2237 2235 2236
v 2845.767 1434.658 -130.664
f 2240 2237 2239
v 2845.524 1434.628 -130.664
v 2845.524 1434.628 -125.664
f 2241 2239 2242
f 2241 2240 2239
v 2845.279 1434.610 -130.664
v 2845.279 1434.610 -125.664
f 2243 2242 2244
f 2243 2241 2242
f 2180 2244 2179
f 2180 2243 2244
v 2850.034 1579.604 -125.664
f 2245 2183 2182
v 2850.034 1579.604 -130.664
f 2246 2245 2182
v 2845.279 1584.598 -130.664
v 2845.034 1584.604 -125.664
v 2845.279 1584.598 -125.664
f 2247 2248 2249
v 2845.034 1584.604 -130.664
f 2247 2250 2248
v 2845.524 1584.580 -130.664
v 2845.524 1584.580 -125.664
f 2251 2249 2252
f 2251 2247 2249
v 2845.767 1584.550 -130.664
v 2845.767 1584.550 -125.664
f 2253 2252 2254
v 2846.009 1584.508 -125.664
f 2253 2254 2255
f 2253 2251 2252
v 2846.009 1584.508 -130.664
v 2846.248 1584.454 -125.664
f 2256 2255 2257
f 2256 2253 2255
v 2846.248 1584.454 -130.664
f 2258 2256 2257
v 2846.485 1584.389 -130.664
v 2846.485 1584.389 -125.664
f 2259 2257 2260
f 2259 2258 2257
v 2846.718 1584.312 -130.664
v 2846.718 1584.312 -125.664
f 2261 2260 2262
v 2846.947 1584.223 -125.664
f 2261 2262 2263
f 2261 2259 2260
v 2846.947 1584.223 -130.664
f 2264 2261 2263
v 2847.171 1584.124 -130.664
f 2265 2264 2263
v 2847.171 1584.124 -125.664
f 2265 2263 2266
v 2847.391 1584.014 -130.664
v 2847.391 1584.014 -125.664
f 2267 2266 2268
f 2267 2265 2266
v 2847.604 1583.893 -130.664
v 2847.604 1583.893 -125.664
f 2269 2268 2270
f 2269 2267 2268
v 2847.811 1583.761 -130.664
v 2847.811 1583.761 -125.664
f 2271 2270 2272
v 2848.012 1583.620 -125.664
f 2271 2272 2273
f 2271 2269 2270
v 2848.012 1583.620 -130.664
f 2274 2271 2273
v 2848.206 1583.469 -130.664
f 2275 2274 2273
v 2848.206 1583.469 -125.664
f 2275 2273 2276
v 2848.391 1583.309 -130.664
v 2848.391 1583.309 -125.664
f 2277 2276 2278
f 2277 2275 2276
v 2848.569 1583.140 -130.664
v 2848.569 1583.140 -125.664
f 2279 2278 2280
f 2279 2277 2278
v 2848.738 1582.962 -130.664
v 2848.738 1582.962 -125.664
f 2281 2280 2282
f 2281 2279 2280
v 2848.899 1582.776 -130.664
v 2848.899 1582.776 -125.664
f 2283 2282 2284
f 2283 2281 2282
v 2849.050 1582.583 -130.664
v 2849.050 1582.583 -125.664
f 2285 2284 2286
f 2285 2283 2284
v 2849.191 1582.382 -130.664
v 2849.191 1582.382 -125.664
f 2287 2286 2288
v 2849.322 1582.175 -125.664
f 2287 2288 2289
f 2287 2285 2286
v 2849.322 1582.175 -130.664
f 2290 2287 2289
v 2849.443 1581.961 -130.664
v 2849.443 1581.961 -125.664
f 2291 2289 2292
f 2291 2290 2289
v 2849.554 1581.742 -130.664
v 2849.554 1581.742 -125.664
f 2293 2292 2294
f 2293 2291 2292
v 2849.653 1581.517 -130.664
v 2849.653 1581.517 -125.664
f 2295 2294 2296
v 2849.741 1581.288 -125.664
f 2295 2296 2297
f 2295 2293 2294
v 2849.741 1581.288 -130.664
f 2298 2295 2297
v 2849.818 1581.055 -130.664
v 2849.818 1581.055 -125.664
f 2299 2297 2300
f 2299 2298 2297
v 2849.884 1580.819 -130.664
v 2849.884 1580.819 -125.664
f 2301 2300 2302
f 2301 2299 2300
v 2849.938 1580.579 -130.664
v 2849.938 1580.579 -125.664
f 2303 2302 2304
v 2849.979 1580.338 -125.664
f 2303 2304 2305
f 2303 2301 2302
v 2849.979 1580.338 -130.664
v 2850.010 1580.094 -125.664
f 2306 2305 2307
f 2306 2303 2305
v 2850.010 1580.094 -130.664
f 2308 2306 2307
v 2850.028 1579.849 -130.664
v 2850.028 1579.849 -125.664
f 2309 2307 2310
f 2309 2308 2307
f 2246 2310 2245
f 2246 2309 2310
v 2755.034 1584.604 -130.664
v 2755.034 1584.604 -125.664
f 2250 2311 2312
f 2248 2250 2312
v 2750.040 1579.849 -130.664
f 2313 2111 2114
v 2750.040 1579.849 -125.664
f 2313 2114 2314
v 2750.058 1580.094 -130.664
v 2750.058 1580.094 -125.664
f 2315 2314 2316
f 2315 2313 2314
v 2750.088 1580.338 -130.664
v 2750.088 1580.338 -125.664
f 2317 2316 2318
v 2750.130 1580.579 -125.664
f 2317 2318 2319
f 2317 2315 2316
v 2750.130 1580.579 -130.664
f 2320 2317 2319
v 2750.183 1580.819 -130.664
v 2750.183 1580.819 -125.664
f 2321 2319 2322
f 2321 2320 2319
v 2750.249 1581.055 -130.664
v 2750.249 1581.055 -125.664
f 2323 2322 2324
v 2750.326 1581.288 -125.664
f 2323 2324 2325
f 2323 2321 2322
v 2750.326 1581.288 -130.664
v 2750.414 1581.517 -125.664
f 2326 2325 2327
f 2326 2323 2325
v 2750.414 1581.517 -130.664
f 2328 2326 2327
v 2750.514 1581.742 -130.664
f 2329 2328 2327
v 2750.514 1581.742 -125.664
f 2329 2327 2330
v 2750.624 1581.961 -130.664
v 2750.624 1581.961 -125.664
f 2331 2330 2332
f 2331 2329 2330
v 2750.745 1582.175 -130.664
v 2750.745 1582.175 -125.664
f 2333 2332 2334
f 2333 2331 2332
v 2750.876 1582.382 -130.664
v 2750.876 1582.382 -125.664
f 2335 2334 2336
f 2335 2333 2334
v 2751.018 1582.583 -130.664
v 2751.018 1582.583 -125.664
f 2337 2336 2338
f 2337 2335 2336
v 2751.169 1582.776 -130.664
v 2751.169 1582.776 -125.664
f 2339 2338 2340
f 2339 2337 2338
v 2751.329 1582.962 -130.664
v 2751.329 1582.962 -125.664
f 2341 2340 2342
f 2341 2339 2340
v 2751.498 1583.140 -130.664
v 2751.498 1583.140 -125.664
f 2343 2342 2344
f 2343 2341 2342
v 2751.676 1583.309 -130.664
v 2751.676 1583.309 -125.664
f 2345 2344 2346
f 2345 2343 2344
v 2751.862 1583.469 -130.664
v 2751.862 1583.469 -125.664
f 2347 2346 2348
f 2347 2345 2346
v 2752.055 1583.620 -130.664
v 2752.055 1583.620 -125.664
f 2349 2348 2350
f 2349 2347 2348
v 2752.256 1583.761 -130.664
v 2752.256 1583.761 -125.664
f 2351 2350 2352
f 2351 2349 2350
v 2752.463 1583.893 -130.664
v 2752.463 1583.893 -125.664
f 2353 2352 2354
f 2353 2351 2352
v 2752.677 1584.014 -130.664
v 2752.677 1584.014 -125.664
f 2355 2354 2356
f 2355 2353 2354
v 2752.896 1584.124 -130.664
v 2752.896 1584.124 -125.664
f 2357 2356 2358
v 2753.120 1584.223 -125.664
f 2357 2358 2359
f 2357 2355 2356
v 2753.120 1584.223 -130.664
f 2360 2357 2359
v 2753.349 1584.312 -130.664
v 2753.349 1584.312 -125.664
f 2361 2359 2362
v 2753.582 1584.389 -125.664
f 2361 2362 2363
f 2361 2360 2359
v 2753.582 1584.389 -130.664
f 2364 2361 2363
v 2753.819 1584.454 -130.664
v 2753.819 1584.454 -125.664
f 2365 2363 2366
f 2365 2364 2363
v 2754.058 1584.508 -130.664
v 2754.058 1584.508 -125.664
f 2367 2366 2368
v 2754.300 1584.550 -125.664
f 2367 2368 2369
f 2367 2365 2366
v 2754.300 1584.550 -130.664
f 2370 2367 2369
v 2754.544 1584.580 -130.664
v 2754.544 1584.580 -125.664
f 2371 2369 2372
v 2754.788 1584.598 -125.664
f 2371 2372 2373
f 2371 2370 2369
v 2754.788 1584.598 -130.664
f 2374 2371 2373
f 2311 2373 2312
f 2311 2374 2373
v 2828.055 1569.133 -130.664
v 2828.288 1569.425 -130.664
v 2828.536 1569.705 -130.664
f 2375 2376 2377
v 2829.964 1570.904 -130.664
v 2829.357 1570.468 -130.664
v 2829.656 1570.694 -130.664
f 2378 2379 2380
v 2829.071 1570.227 -130.664
f 2378 2381 2379
v 2828.797 1569.973 -130.664
f 2378 2382 2381
f 2378 2377 2382
v 2827.634 1568.515 -130.664
f 2383 2375 2377
v 2827.837 1568.829 -130.664
f 2383 2384 2375
v 2830.949 1571.440 -130.664
v 2830.284 1571.099 -130.664
v 2830.612 1571.278 -130.664
f 2385 2386 2387
v 2827.123 1567.517 -130.664
v 2827.447 1568.191 -130.664
f 2388 2389 2383
v 2827.276 1567.858 -130.664
f 2388 2390 2389
v 2832.002 1571.824 -130.664
v 2831.294 1571.586 -130.664
v 2831.645 1571.713 -130.664
f 2391 2392 2393
v 2826.766 1566.455 -130.664
v 2826.867 1566.815 -130.664
v 2826.986 1567.169 -130.664
f 2394 2395 2396
v 2832.365 1571.916 -130.664
f 2397 2392 2391
v 2833.101 1572.046 -130.664
v 2832.731 1571.990 -130.664
f 2398 2397 2399
v 2826.543 1564.978 -130.664
f 2400 2388 2383
f 2400 2396 2388
v 2826.682 1566.090 -130.664
f 2400 2401 2394
v 2826.617 1565.722 -130.664
f 2400 2402 2401
v 2826.571 1565.351 -130.664
f 2400 2403 2402
f 2400 2394 2396
v 2833.847 1572.102 -130.664
v 2833.473 1572.083 -130.664
f 2404 2398 2405
v 2826.571 1563.857 -130.664
v 2826.543 1564.230 -130.664
v 2826.534 1564.604 -130.664
f 2406 2407 2408
v 2826.682 1563.118 -130.664
v 2826.617 1563.486 -130.664
f 2409 2410 2406
v 2835.703 1571.916 -130.664
v 2834.966 1572.046 -130.664
v 2835.336 1571.990 -130.664
f 2411 2412 2413
v 2826.867 1562.393 -130.664
f 2414 2409 2406
f 2414 2408 2400
f 2414 2406 2408
f 2414 2400 2383
v 2826.766 1562.753 -130.664
f 2414 2415 2409
v 2836.422 1571.713 -130.664
v 2836.065 1571.824 -130.664
f 2416 2411 2417
v 2837.455 1571.278 -130.664
v 2836.774 1571.586 -130.664
v 2837.118 1571.440 -130.664
f 2418 2419 2420
v 2827.447 1561.017 -130.664
v 2826.986 1562.039 -130.664
f 2421 2422 2414
v 2827.123 1561.691 -130.664
f 2421 2423 2422
v 2827.276 1561.350 -130.664
f 2421 2424 2423
v 2827.837 1560.379 -130.664
f 2425 2421 2414
v 2827.634 1560.693 -130.664
f 2425 2426 2421
f 2425 2414 2383
v 2838.412 1570.694 -130.664
v 2837.784 1571.099 -130.664
v 2838.103 1570.904 -130.664
f 2427 2428 2429
f 2427 2418 2428
v 2838.710 1570.468 -130.664
f 2430 2418 2427
v 2828.536 1559.503 -130.664
f 2431 2383 2377
v 2828.055 1560.075 -130.664
f 2431 2432 2425
v 2828.288 1559.783 -130.664
f 2431 2433 2432
f 2431 2425 2383
v 2839.270 1569.973 -130.664
v 2838.996 1570.227 -130.664
f 2434 2430 2435
v 2839.531 1569.705 -130.664
f 2436 2430 2434
v 2829.357 1558.740 -130.664
v 2828.797 1559.235 -130.664
f 2437 2438 2431
v 2829.071 1558.981 -130.664
f 2437 2439 2438
v 2840.012 1569.133 -130.664
v 2839.779 1569.425 -130.664
f 2440 2436 2441
v 2829.656 1558.514 -130.664
f 2442 2437 2431
f 2442 2377 2378
f 2442 2431 2377
v 2829.964 1558.304 -130.664
f 2443 2378 2386
f 2443 2442 2378
v 2840.433 1568.515 -130.664
v 2840.230 1568.829 -130.664
f 2444 2440 2445
v 2830.284 1558.109 -130.664
f 2446 2443 2386
v 2840.791 1567.858 -130.664
v 2840.620 1568.191 -130.664
f 2447 2444 2448
v 2830.949 1557.768 -130.664
f 2449 2446 2386
f 2449 2386 2385
v 2830.612 1557.930 -130.664
f 2449 2450 2446
v 2840.945 1567.517 -130.664
f 2451 2436 2440
f 2451 2440 2444
f 2451 2444 2447
v 2831.645 1557.495 -130.664
f 2452 2385 2392
f 2452 2449 2385
f 2452 2392 2397
v 2831.294 1557.622 -130.664
f 2452 2453 2449
v 2832.365 1557.292 -130.664
v 2832.002 1557.384 -130.664
f 2454 2455 2452
v 2841.385 1566.090 -130.664
v 2841.200 1566.815 -130.664
v 2841.302 1566.455 -130.664
f 2456 2457 2458
v 2841.081 1567.169 -130.664
f 2456 2459 2457
v 2832.731 1557.218 -130.664
f 2460 2397 2398
f 2460 2452 2397
f 2460 2454 2452
v 2833.101 1557.162 -130.664
f 2461 2460 2398
f 2461 2398 2404
v 2841.496 1565.351 -130.664
v 2841.450 1565.722 -130.664
f 2462 2456 2463
f 2462 2459 2456
v 2841.524 1564.978 -130.664
f 2464 2451 2459
f 2464 2459 2462
v 2833.847 1557.106 -130.664
v 2833.473 1557.125 -130.664
f 2465 2466 2461
v 2834.221 1557.106 -130.664
f 2467 2461 2404
v 2834.221 1572.102 -130.664
f 2467 2404 2468
f 2467 2465 2461
v 2841.524 1564.230 -130.664
v 2841.534 1564.604 -130.664
f 2469 2464 2470
v 2834.594 1557.125 -130.664
f 2471 2467 2468
v 2834.594 1572.083 -130.664
f 2471 2472 2412
f 2471 2468 2472
v 2841.496 1563.857 -130.664
f 2473 2464 2469
v 2841.450 1563.486 -130.664
f 2474 2464 2473
f 2474 2451 2464
v 2835.703 1557.292 -130.664
f 2475 2411 2416
f 2475 2471 2412
f 2475 2412 2411
v 2834.966 1557.162 -130.664
f 2475 2476 2471
v 2835.336 1557.218 -130.664
f 2475 2477 2476
v 2841.200 1562.393 -130.664
v 2841.385 1563.118 -130.664
v 2841.302 1562.753 -130.664
f 2478 2479 2480
v 2841.081 1562.039 -130.664
f 2481 2474 2479
f 2481 2451 2474
f 2481 2479 2478
v 2836.774 1557.622 -130.664
v 2836.422 1557.495 -130.664
v 2836.065 1557.384 -130.664
f 2482 2483 2484
f 2482 2475 2416
f 2482 2484 2475
v 2837.118 1557.768 -130.664
f 2485 2416 2419
f 2485 2482 2416
v 2840.620 1561.017 -130.664
v 2840.945 1561.691 -130.664
v 2840.791 1561.350 -130.664
f 2486 2487 2488
f 2486 2481 2487
v 2840.433 1560.693 -130.664
f 2489 2481 2486
v 2838.103 1558.304 -130.664
v 2837.455 1557.930 -130.664
f 2490 2491 2485
v 2837.784 1558.109 -130.664
f 2490 2492 2491
f 2490 2419 2418
f 2490 2418 2430
f 2490 2485 2419
v 2840.012 1560.075 -130.664
v 2840.230 1560.379 -130.664
f 2493 2489 2494
f 2493 2451 2481
f 2493 2481 2489
f 2493 2436 2451
v 2838.710 1558.740 -130.664
v 2838.412 1558.514 -130.664
f 2495 2496 2490
v 2838.996 1558.981 -130.664
f 2497 2490 2430
f 2497 2495 2490
v 2839.270 1559.235 -130.664
v 2839.779 1559.783 -130.664
v 2839.531 1559.503 -130.664
f 2498 2499 2500
f 2498 2493 2499
f 2498 2430 2436
f 2498 2497 2430
f 2498 2436 2493
v 2828.288 1569.425 -125.664
v 2828.055 1569.133 -125.664
v 2828.536 1569.705 -125.664
f 2501 2502 2503
v 2829.357 1570.468 -125.664
v 2829.964 1570.904 -125.664
v 2829.656 1570.694 -125.664
f 2504 2505 2506
v 2829.071 1570.227 -125.664
f 2507 2505 2504
v 2828.797 1569.973 -125.664
f 2508 2505 2507
f 2503 2505 2508
v 2827.634 1568.515 -125.664
f 2502 2509 2503
v 2827.837 1568.829 -125.664
f 2510 2509 2502
v 2830.284 1571.099 -125.664
v 2830.949 1571.440 -125.664
v 2830.612 1571.278 -125.664
f 2511 2512 2513
v 2827.447 1568.191 -125.664
v 2827.123 1567.517 -125.664
f 2514 2515 2509
v 2827.276 1567.858 -125.664
f 2516 2515 2514
v 2831.294 1571.586 -125.664
v 2832.002 1571.824 -125.664
v 2831.645 1571.713 -125.664
f 2517 2518 2519
v 2826.867 1566.815 -125.664
v 2826.766 1566.455 -125.664
v 2826.986 1567.169 -125.664
f 2520 2521 2522
v 2832.365 1571.916 -125.664
f 2517 2523 2518
v 2833.101 1572.046 -125.664
v 2832.731 1571.990 -125.664
f 2523 2524 2525
v 2826.543 1564.978 -125.664
f 2515 2526 2509
f 2522 2526 2515
v 2826.682 1566.090 -125.664
f 2527 2526 2521
v 2826.617 1565.722 -125.664
f 2528 2526 2527
v 2826.571 1565.351 -125.664
f 2529 2526 2528
f 2521 2526 2522
v 2833.847 1572.102 -125.664
v 2833.473 1572.083 -125.664
f 2524 2530 2531
v 2826.543 1564.230 -125.664
v 2826.571 1563.857 -125.664
v 2826.534 1564.604 -125.664
f 2532 2533 2534
v 2826.617 1563.486 -125.664
v 2826.682 1563.118 -125.664
f 2535 2536 2533
v 2834.966 1572.046 -125.664
v 2835.703 1571.916 -125.664
v 2835.336 1571.990 -125.664
f 2537 2538 2539
v 2826.867 1562.393 -125.664
f 2536 2540 2533
f 2534 2540 2526
f 2533 2540 2534
f 2526 2540 2509
v 2826.766 1562.753 -125.664
f 2541 2540 2536
v 2836.422 1571.713 -125.664
v 2836.065 1571.824 -125.664
f 2538 2542 2543
v 2836.774 1571.586 -125.664
v 2837.455 1571.278 -125.664
v 2837.118 1571.440 -125.664
f 2544 2545 2546
v 2826.986 1562.039 -125.664
v 2827.447 1561.017 -125.664
f 2547 2548 2540
v 2827.123 1561.691 -125.664
f 2549 2548 2547
v 2827.276 1561.350 -125.664
f 2550 2548 2549
v 2827.837 1560.379 -125.664
f 2548 2551 2540
v 2827.634 1560.693 -125.664
f 2552 2551 2548
f 2540 2551 2509
v 2837.784 1571.099 -125.664
v 2838.412 1570.694 -125.664
v 2838.103 1570.904 -125.664
f 2553 2554 2555
f 2545 2554 2553
v 2838.710 1570.468 -125.664
f 2545 2556 2554
v 2828.536 1559.503 -125.664
f 2509 2557 2503
v 2828.055 1560.075 -125.664
f 2558 2557 2551
v 2828.288 1559.783 -125.664
f 2559 2557 2558
f 2551 2557 2509
v 2839.270 1569.973 -125.664
v 2838.996 1570.227 -125.664
f 2556 2560 2561
v 2839.531 1569.705 -125.664
f 2556 2562 2560
v 2828.797 1559.235 -125.664
v 2829.357 1558.740 -125.664
f 2563 2564 2557
v 2829.071 1558.981 -125.664
f 2565 2564 2563
v 2840.012 1569.133 -125.664
v 2839.779 1569.425 -125.664
f 2562 2566 2567
v 2829.656 1558.514 -125.664
f 2564 2568 2557
f 2503 2568 2505
f 2557 2568 2503
v 2829.964 1558.304 -125.664
f 2505 2569 2511
f 2568 2569 2505
v 2840.433 1568.515 -125.664
v 2840.230 1568.829 -125.664
f 2566 2570 2571
v 2830.284 1558.109 -125.664
f 2569 2572 2511
v 2840.791 1567.858 -125.664
v 2840.620 1568.191 -125.664
f 2570 2573 2574
v 2830.949 1557.768 -125.664
f 2572 2575 2511
f 2511 2575 2512
v 2830.612 1557.930 -125.664
f 2576 2575 2572
v 2840.945 1567.517 -125.664
f 2562 2577 2566
f 2566 2577 2570
f 2570 2577 2573
v 2831.645 1557.495 -125.664
f 2512 2578 2517
f 2575 2578 2512
f 2517 2578 2523
v 2831.294 1557.622 -125.664
f 2579 2578 2575
v 2832.002 1557.384 -125.664
v 2832.365 1557.292 -125.664
f 2580 2581 2578
v 2841.200 1566.815 -125.664
v 2841.385 1566.090 -125.664
v 2841.302 1566.455 -125.664
f 2582 2583 2584
v 2841.081 1567.169 -125.664
f 2585 2583 2582
v 2832.731 1557.218 -125.664
f 2523 2586 2524
f 2578 2586 2523
f 2581 2586 2578
v 2833.101 1557.162 -125.664
f 2586 2587 2524
f 2524 2587 2530
v 2841.496 1565.351 -125.664
v 2841.450 1565.722 -125.664
f 2583 2588 2589
f 2585 2588 2583
v 2841.524 1564.978 -125.664
f 2577 2590 2585
f 2585 2590 2588
v 2833.473 1557.125 -125.664
v 2833.847 1557.106 -125.664
f 2591 2592 2587
v 2834.221 1557.106 -125.664
f 2587 2593 2530
v 2834.221 1572.102 -125.664
f 2530 2593 2594
f 2592 2593 2587
v 2841.524 1564.230 -125.664
v 2841.534 1564.604 -125.664
f 2590 2595 2596
v 2834.594 1557.125 -125.664
f 2593 2597 2594
v 2834.594 1572.083 -125.664
f 2598 2597 2537
f 2594 2597 2598
v 2841.496 1563.857 -125.664
f 2590 2599 2595
v 2841.450 1563.486 -125.664
f 2590 2600 2599
f 2577 2600 2590
v 2835.703 1557.292 -125.664
f 2538 2601 2542
f 2597 2601 2537
f 2537 2601 2538
v 2834.966 1557.162 -125.664
f 2602 2601 2597
v 2835.336 1557.218 -125.664
f 2603 2601 2602
v 2841.385 1563.118 -125.664
v 2841.200 1562.393 -125.664
v 2841.302 1562.753 -125.664
f 2604 2605 2606
v 2841.081 1562.039 -125.664
f 2600 2607 2604
f 2577 2607 2600
f 2604 2607 2605
v 2836.422 1557.495 -125.664
v 2836.774 1557.622 -125.664
v 2836.065 1557.384 -125.664
f 2608 2609 2610
f 2601 2609 2542
f 2610 2609 2601
v 2837.118 1557.768 -125.664
f 2542 2611 2544
f 2609 2611 2542
v 2840.945 1561.691 -125.664
v 2840.620 1561.017 -125.664
v 2840.791 1561.350 -125.664
f 2612 2613 2614
f 2607 2613 2612
v 2840.433 1560.693 -125.664
f 2607 2615 2613
v 2837.455 1557.930 -125.664
v 2838.103 1558.304 -125.664
f 2616 2617 2611
v 2837.784 1558.109 -125.664
f 2618 2617 2616
f 2544 2617 2545
f 2545 2617 2556
f 2611 2617 2544
v 2840.012 1560.075 -125.664
v 2840.230 1560.379 -125.664
f 2615 2619 2620
f 2577 2619 2607
f 2607 2619 2615
f 2562 2619 2577
v 2838.412 1558.514 -125.664
v 2838.710 1558.740 -125.664
f 2621 2622 2617
v 2838.996 1558.981 -125.664
f 2617 2623 2556
f 2622 2623 2617
v 2839.779 1559.783 -125.664
v 2839.270 1559.235 -125.664
v 2839.531 1559.503 -125.664
f 2624 2625 2626
f 2619 2625 2624
f 2556 2625 2562
f 2623 2625 2556
f 2562 2625 2619
o main_14
v -7933.399 1554.089 -19107.240
v -7933.880 1554.661 -19107.240
v -7933.632 1554.381 -19107.240
f 2627 2628 2629
v -7934.141 1554.929 -19107.240
f 2627 2630 2628
v -7934.415 1555.184 -19107.240
f 2627 2631 2630
v -7934.999 1555.650 -19107.240
v -7934.701 1555.424 -19107.240
f 2632 2633 2631
v -7932.978 1553.471 -19107.240
v -7933.181 1553.785 -19107.240
f 2634 2627 2635
v -7935.627 1556.055 -19107.240
v -7935.308 1555.860 -19107.240
f 2636 2637 2632
v -7932.620 1552.814 -19107.240
v -7932.791 1553.147 -19107.240
f 2638 2634 2639
v -7936.293 1556.396 -19107.240
v -7935.956 1556.234 -19107.240
f 2640 2641 2636
v -7932.466 1552.473 -19107.240
f 2642 2627 2634
f 2642 2634 2638
v -7936.989 1556.670 -19107.240
v -7936.637 1556.542 -19107.240
f 2643 2644 2640
f 2643 2640 2636
v -7937.346 1556.780 -19107.240
f 2645 2643 2636
v -7932.109 1551.411 -19107.240
v -7932.330 1552.125 -19107.240
v -7932.211 1551.771 -19107.240
f 2646 2647 2648
f 2646 2642 2647
v -7932.026 1551.046 -19107.240
f 2649 2642 2646
v -7938.075 1556.946 -19107.240
v -7937.709 1556.872 -19107.240
f 2650 2651 2645
v -7931.961 1550.678 -19107.240
f 2652 2642 2649
v -7938.817 1557.039 -19107.240
v -7938.445 1557.002 -19107.240
f 2653 2654 2650
f 2653 2650 2645
v -7931.887 1549.934 -19107.240
v -7931.915 1550.307 -19107.240
f 2655 2652 2656
v -7939.938 1557.039 -19107.240
v -7939.190 1557.058 -19107.240
f 2657 2658 2653
v -7939.564 1557.058 -19107.240
f 2657 2659 2658
v -7931.915 1548.813 -19107.240
v -7931.877 1549.560 -19107.240
f 2660 2655 2661
v -7931.887 1549.186 -19107.240
f 2660 2661 2662
f 2660 2652 2655
v -7940.680 1556.946 -19107.240
v -7940.310 1557.002 -19107.240
f 2663 2664 2657
f 2663 2657 2653
f 2663 2653 2645
v -7941.409 1556.780 -19107.240
f 2665 2663 2645
v -7941.046 1556.872 -19107.240
f 2665 2666 2663
v -7932.330 1546.995 -19107.240
v -7932.109 1547.709 -19107.240
v -7932.211 1547.349 -19107.240
f 2667 2668 2669
v -7932.026 1548.074 -19107.240
f 2667 2670 2668
v -7931.961 1548.442 -19107.240
f 2667 2671 2670
v -7942.117 1556.542 -19107.240
f 2672 2665 2645
v -7941.766 1556.670 -19107.240
f 2672 2673 2665
f 2672 2636 2632
f 2672 2645 2636
v -7942.462 1556.396 -19107.240
f 2674 2672 2632
v -7932.791 1545.973 -19107.240
v -7932.466 1546.647 -19107.240
v -7932.620 1546.306 -19107.240
f 2675 2676 2677
f 2675 2667 2676
v -7933.181 1545.335 -19107.240
v -7932.978 1545.649 -19107.240
f 2678 2675 2679
v -7933.399 1545.032 -19107.240
f 2680 2675 2678
f 2680 2667 2675
v -7944.340 1555.184 -19107.240
v -7942.799 1556.234 -19107.240
f 2681 2682 2674
v -7943.127 1556.055 -19107.240
f 2681 2683 2682
v -7943.447 1555.860 -19107.240
f 2681 2684 2683
v -7943.756 1555.650 -19107.240
f 2681 2685 2684
v -7944.054 1555.424 -19107.240
f 2681 2686 2685
v -7934.141 1544.191 -19107.240
v -7933.632 1544.739 -19107.240
v -7933.880 1544.459 -19107.240
f 2687 2688 2689
f 2687 2680 2688
v -7944.875 1554.661 -19107.240
f 2690 2674 2632
v -7944.614 1554.929 -19107.240
f 2690 2691 2681
f 2690 2681 2674
v -7945.123 1554.381 -19107.240
f 2692 2690 2632
f 2692 2632 2631
f 2692 2631 2627
f 2692 2627 2642
v -7934.999 1543.471 -19107.240
v -7934.415 1543.937 -19107.240
v -7934.701 1543.696 -19107.240
f 2693 2694 2695
f 2693 2687 2694
f 2693 2680 2687
v -7946.135 1552.814 -19107.240
v -7945.356 1554.089 -19107.240
f 2696 2697 2692
v -7945.574 1553.785 -19107.240
f 2696 2698 2697
v -7945.777 1553.471 -19107.240
f 2696 2699 2698
v -7945.964 1553.147 -19107.240
f 2696 2700 2699
v -7936.293 1542.724 -19107.240
v -7935.627 1543.065 -19107.240
v -7935.956 1542.886 -19107.240
f 2701 2702 2703
v -7935.308 1543.260 -19107.240
f 2701 2704 2702
v -7946.289 1552.473 -19107.240
f 2705 2696 2692
v -7936.637 1542.579 -19107.240
f 2706 2693 2704
f 2706 2704 2701
v -7946.544 1551.771 -19107.240
v -7946.425 1552.125 -19107.240
f 2707 2708 2705
v -7946.646 1551.411 -19107.240
f 2709 2705 2692
f 2709 2707 2705
v -7937.709 1542.248 -19107.240
v -7936.989 1542.451 -19107.240
v -7937.346 1542.340 -19107.240
f 2710 2711 2712
f 2710 2706 2711
v -7946.729 1551.046 -19107.240
f 2713 2692 2642
f 2713 2709 2692
v -7938.075 1542.174 -19107.240
f 2714 2693 2706
f 2714 2706 2710
v -7946.840 1550.307 -19107.240
v -7946.794 1550.678 -19107.240
f 2715 2716 2713
v -7946.868 1549.934 -19107.240
f 2717 2715 2713
f 2717 2660 2671
f 2717 2652 2660
f 2717 2642 2652
f 2717 2713 2642
v -7939.190 1542.062 -19107.240
f 2718 2693 2714
v -7938.445 1542.118 -19107.240
v -7938.817 1542.081 -19107.240
f 2718 2719 2720
f 2718 2714 2719
v -7939.564 1542.062 -19107.240
f 2721 2693 2718
v -7946.840 1548.813 -19107.240
v -7946.868 1549.186 -19107.240
v -7946.877 1549.560 -19107.240
f 2722 2723 2724
v -7940.310 1542.118 -19107.240
f 2725 2693 2721
v -7939.938 1542.081 -19107.240
f 2725 2721 2726
v -7946.794 1548.442 -19107.240
f 2727 2722 2724
v -7941.409 1542.340 -19107.240
v -7940.680 1542.174 -19107.240
v -7941.046 1542.248 -19107.240
f 2728 2729 2730
f 2728 2725 2729
v -7946.544 1547.349 -19107.240
v -7946.729 1548.074 -19107.240
f 2731 2732 2727
v -7946.646 1547.709 -19107.240
f 2731 2733 2732
v -7946.425 1546.995 -19107.240
f 2734 2671 2667
f 2734 2727 2724
f 2734 2731 2727
f 2734 2724 2717
f 2734 2717 2671
v -7942.117 1542.579 -19107.240
v -7941.766 1542.451 -19107.240
f 2735 2728 2736
v -7942.462 1542.724 -19107.240
f 2737 2728 2735
v -7945.777 1545.649 -19107.240
v -7945.964 1545.973 -19107.240
v -7946.135 1546.306 -19107.240
f 2738 2739 2740
v -7943.447 1543.260 -19107.240
f 2741 2728 2737
f 2741 2693 2725
f 2741 2725 2728
v -7942.799 1542.886 -19107.240
v -7943.127 1543.065 -19107.240
f 2741 2742 2743
f 2741 2737 2742
v -7945.574 1545.335 -19107.240
f 2744 2734 2667
f 2744 2738 2740
v -7946.289 1546.647 -19107.240
f 2744 2745 2734
f 2744 2740 2745
v -7944.340 1543.937 -19107.240
v -7943.756 1543.471 -19107.240
v -7944.054 1543.696 -19107.240
f 2746 2747 2748
v -7944.875 1544.459 -19107.240
f 2749 2744 2667
f 2749 2667 2680
f 2749 2680 2693
v -7945.356 1545.032 -19107.240
f 2749 2750 2744
v -7945.123 1544.739 -19107.240
f 2749 2751 2750
v -7944.614 1544.191 -19107.240
f 2752 2693 2741
f 2752 2749 2693
f 2752 2747 2746
f 2752 2741 2747
v -7933.632 1544.739 -19104.240
v -7934.141 1544.191 -19104.240
v -7933.880 1544.459 -19104.240
f 2753 2754 2755
v -7933.399 1545.032 -19104.240
v -7934.415 1543.937 -19104.240
f 2756 2757 2754
f 2756 2754 2753
v -7935.308 1543.260 -19104.240
v -7934.999 1543.471 -19104.240
v -7934.701 1543.696 -19104.240
f 2758 2759 2760
v -7932.791 1545.973 -19104.240
v -7933.181 1545.335 -19104.240
v -7932.978 1545.649 -19104.240
f 2761 2762 2763
v -7935.956 1542.886 -19104.240
f 2764 2760 2757
v -7935.627 1543.065 -19104.240
f 2764 2765 2758
f 2764 2758 2760
v -7936.637 1542.579 -19104.240
v -7936.293 1542.724 -19104.240
f 2766 2767 2764
v -7932.330 1546.995 -19104.240
v -7932.620 1546.306 -19104.240
v -7932.466 1546.647 -19104.240
f 2768 2769 2770
f 2768 2761 2769
f 2768 2762 2761
v -7937.346 1542.340 -19104.240
v -7936.989 1542.451 -19104.240
f 2771 2772 2766
f 2771 2766 2764
v -7932.026 1548.074 -19104.240
v -7932.211 1547.349 -19104.240
v -7932.109 1547.709 -19104.240
f 2773 2774 2775
v -7938.445 1542.118 -19104.240
v -7938.075 1542.174 -19104.240
v -7937.709 1542.248 -19104.240
f 2776 2777 2778
v -7931.915 1548.813 -19104.240
v -7931.961 1548.442 -19104.240
f 2779 2773 2780
f 2779 2774 2773
v -7938.817 1542.081 -19104.240
f 2781 2778 2771
f 2781 2776 2778
v -7931.877 1549.560 -19104.240
v -7931.887 1549.186 -19104.240
f 2782 2779 2783
v -7939.938 1542.081 -19104.240
v -7939.190 1542.062 -19104.240
f 2784 2785 2781
v -7939.564 1542.062 -19104.240
f 2784 2786 2785
v -7940.310 1542.118 -19104.240
f 2787 2781 2771
f 2787 2784 2781
v -7932.109 1551.411 -19104.240
v -7931.961 1550.678 -19104.240
v -7932.026 1551.046 -19104.240
f 2788 2789 2790
v -7941.409 1542.340 -19104.240
v -7940.680 1542.174 -19104.240
f 2791 2792 2787
v -7941.046 1542.248 -19104.240
f 2791 2793 2792
v -7932.211 1551.771 -19104.240
f 2794 2789 2788
v -7931.915 1550.307 -19104.240
f 2794 2795 2789
v -7931.887 1549.934 -19104.240
f 2794 2796 2795
v -7942.117 1542.579 -19104.240
v -7941.766 1542.451 -19104.240
f 2797 2798 2791
v -7942.462 1542.724 -19104.240
f 2799 2787 2771
f 2799 2791 2787
f 2799 2797 2791
v -7932.620 1552.814 -19104.240
v -7932.330 1552.125 -19104.240
v -7932.466 1552.473 -19104.240
f 2800 2801 2802
f 2800 2794 2801
v -7932.978 1553.471 -19104.240
f 2803 2794 2800
v -7932.791 1553.147 -19104.240
f 2803 2800 2804
v -7943.756 1543.471 -19104.240
f 2805 2799 2771
v -7942.799 1542.886 -19104.240
f 2805 2806 2799
v -7943.127 1543.065 -19104.240
f 2805 2807 2806
v -7943.447 1543.260 -19104.240
f 2805 2808 2807
f 2805 2771 2764
v -7933.399 1554.089 -19104.240
v -7933.181 1553.785 -19104.240
f 2809 2803 2810
v -7933.880 1554.661 -19104.240
v -7933.632 1554.381 -19104.240
f 2811 2809 2812
v -7944.614 1544.191 -19104.240
v -7944.054 1543.696 -19104.240
f 2813 2814 2805
v -7944.340 1543.937 -19104.240
f 2813 2815 2814
v -7944.875 1544.459 -19104.240
f 2816 2756 2762
f 2816 2813 2805
f 2816 2757 2756
f 2816 2805 2764
f 2816 2764 2757
v -7934.415 1555.184 -19104.240
v -7934.141 1554.929 -19104.240
f 2817 2811 2818
f 2817 2803 2809
f 2817 2809 2811
v -7945.574 1545.335 -19104.240
v -7945.123 1544.739 -19104.240
f 2819 2820 2816
v -7945.356 1545.032 -19104.240
f 2819 2821 2820
v -7935.308 1555.860 -19104.240
v -7934.701 1555.424 -19104.240
v -7934.999 1555.650 -19104.240
f 2822 2823 2824
v -7935.627 1556.055 -19104.240
f 2825 2817 2823
f 2825 2823 2822
v -7935.956 1556.234 -19104.240
f 2826 2817 2825
v -7946.289 1546.647 -19104.240
v -7945.777 1545.649 -19104.240
f 2827 2828 2819
v -7945.964 1545.973 -19104.240
f 2827 2829 2828
v -7946.135 1546.306 -19104.240
f 2827 2830 2829
f 2827 2816 2762
f 2827 2819 2816
f 2827 2762 2768
v -7936.637 1556.542 -19104.240
v -7936.293 1556.396 -19104.240
f 2831 2826 2832
v -7936.989 1556.670 -19104.240
f 2833 2826 2831
v -7946.544 1547.349 -19104.240
v -7946.425 1546.995 -19104.240
f 2834 2835 2827
v -7937.346 1556.780 -19104.240
f 2836 2826 2833
v -7946.646 1547.709 -19104.240
f 2837 2768 2774
f 2837 2834 2827
f 2837 2827 2768
v -7937.709 1556.872 -19104.240
f 2838 2826 2836
v -7946.794 1548.442 -19104.240
v -7946.729 1548.074 -19104.240
f 2839 2840 2837
v -7938.445 1557.002 -19104.240
v -7938.075 1556.946 -19104.240
f 2841 2838 2842
f 2841 2826 2838
v -7946.868 1549.186 -19104.240
v -7946.840 1548.813 -19104.240
f 2843 2844 2839
f 2843 2774 2779
f 2843 2839 2837
f 2843 2837 2774
v -7939.190 1557.058 -19104.240
f 2845 2826 2841
v -7938.817 1557.039 -19104.240
f 2845 2841 2846
v -7939.564 1557.058 -19104.240
f 2847 2826 2845
v -7946.840 1550.307 -19104.240
f 2848 2843 2779
f 2848 2782 2796
v -7946.877 1549.560 -19104.240
f 2848 2849 2843
v -7946.868 1549.934 -19104.240
f 2848 2850 2849
f 2848 2779 2782
v -7940.310 1557.002 -19104.240
f 2851 2826 2847
v -7939.938 1557.039 -19104.240
f 2851 2847 2852
v -7941.046 1556.872 -19104.240
v -7940.680 1556.946 -19104.240
f 2853 2851 2854
v -7946.646 1551.411 -19104.240
v -7946.729 1551.046 -19104.240
v -7946.794 1550.678 -19104.240
f 2855 2856 2857
v -7941.409 1556.780 -19104.240
f 2858 2851 2853
v -7946.544 1551.771 -19104.240
f 2859 2855 2857
f 2859 2857 2848
v -7941.766 1556.670 -19104.240
f 2860 2851 2858
f 2860 2826 2851
v -7946.425 1552.125 -19104.240
f 2861 2859 2848
f 2861 2796 2794
f 2861 2848 2796
v -7942.117 1556.542 -19104.240
f 2862 2826 2860
v -7942.799 1556.234 -19104.240
f 2863 2826 2862
f 2863 2817 2826
v -7942.462 1556.396 -19104.240
f 2863 2862 2864
v -7945.777 1553.471 -19104.240
v -7945.964 1553.147 -19104.240
v -7946.135 1552.814 -19104.240
f 2865 2866 2867
v -7943.447 1555.860 -19104.240
v -7943.127 1556.055 -19104.240
f 2868 2863 2869
v -7945.574 1553.785 -19104.240
f 2870 2865 2867
v -7946.289 1552.473 -19104.240
f 2870 2867 2871
v -7943.756 1555.650 -19104.240
f 2872 2863 2868
v -7944.340 1555.184 -19104.240
f 2873 2863 2872
v -7944.054 1555.424 -19104.240
f 2873 2872 2874
v -7944.875 1554.661 -19104.240
f 2875 2870 2871
f 2875 2871 2861
v -7945.356 1554.089 -19104.240
f 2875 2876 2870
v -7945.123 1554.381 -19104.240
f 2875 2877 2876
v -7944.614 1554.929 -19104.240
f 2878 2794 2803
f 2878 2861 2794
f 2878 2803 2817
f 2878 2817 2863
f 2878 2863 2873
f 2878 2875 2861
o main_15
v -8108.746 1489.604 -19077.080
v -8108.246 1489.604 -19077.567
v -8108.490 1489.604 -19077.317
f 2879 2880 2881
v -8108.015 1489.604 -19077.829
f 2882 2880 2879
v -8107.594 1489.604 -19078.385
v -8107.798 1489.604 -19078.102
f 2883 2884 2882
v -8107.230 1489.604 -19078.980
v -8107.404 1489.604 -19078.678
f 2885 2886 2883
v -8106.688 1489.604 -19080.265
v -8107.071 1489.604 -19079.291
f 2887 2888 2885
v -8106.927 1489.604 -19079.609
f 2887 2889 2888
v -8106.800 1489.604 -19079.934
f 2887 2890 2889
v -8106.456 1489.604 -19081.285
v -8106.594 1489.604 -19080.601
f 2891 2892 2887
v -8106.516 1489.604 -19080.941
f 2891 2893 2892
v -8106.386 1489.604 -19082.677
v -8106.412 1489.604 -19081.631
f 2894 2895 2891
v -8106.386 1489.604 -19081.979
f 2894 2896 2895
v -8106.377 1489.604 -19082.328
f 2894 2897 2896
v -8106.456 1489.604 -19083.371
v -8106.412 1489.604 -19083.025
f 2898 2899 2894
v -8114.593 1489.604 -19075.434
v -8113.901 1489.604 -19075.348
v -8114.248 1489.604 -19075.382
f 2900 2901 2902
v -8106.688 1489.604 -19084.391
f 2903 2898 2894
v -8106.516 1489.604 -19083.715
f 2903 2904 2898
v -8106.594 1489.604 -19084.055
f 2903 2905 2904
f 2903 2891 2887
f 2903 2894 2891
v -8106.927 1489.604 -19085.047
v -8106.800 1489.604 -19084.722
f 2906 2907 2903
v -8107.071 1489.604 -19085.365
f 2908 2906 2903
f 2908 2903 2887
v -8116.571 1489.604 -19076.099
v -8115.935 1489.604 -19075.812
v -8116.256 1489.604 -19075.948
f 2909 2910 2911
v -8107.230 1489.604 -19085.676
f 2912 2908 2887
f 2912 2887 2885
f 2912 2885 2883
v -8117.175 1489.604 -19076.448
v -8116.877 1489.604 -19076.266
f 2913 2909 2914
v -8107.594 1489.604 -19086.271
v -8107.404 1489.604 -19085.978
f 2915 2916 2912
v -8107.798 1489.604 -19086.555
f 2917 2915 2912
v -8108.015 1489.604 -19086.828
f 2918 2917 2912
f 2918 2912 2883
v -8118.009 1489.604 -19077.080
v -8117.464 1489.604 -19076.645
v -8117.742 1489.604 -19076.855
f 2919 2920 2921
v -8108.490 1489.604 -19087.339
f 2922 2918 2883
f 2922 2882 2879
f 2922 2883 2882
v -8108.246 1489.604 -19087.089
f 2922 2923 2918
v -8118.509 1489.604 -19077.567
v -8118.265 1489.604 -19077.317
f 2924 2919 2925
v -8108.746 1489.604 -19087.577
f 2926 2922 2879
v -8109.291 1489.604 -19088.012
v -8109.013 1489.604 -19076.855
v -8109.291 1489.604 -19076.645
f 2927 2928 2929
f 2927 2879 2928
f 2927 2926 2879
v -8109.013 1489.604 -19087.801
f 2927 2930 2926
v -8109.580 1489.604 -19088.208
f 2931 2927 2929
v -8109.580 1489.604 -19076.448
v -8109.877 1489.604 -19076.266
f 2931 2932 2933
f 2931 2929 2932
v -8119.350 1489.604 -19078.678
v -8118.957 1489.604 -19078.102
v -8119.161 1489.604 -19078.385
f 2934 2935 2936
v -8109.877 1489.604 -19088.390
f 2937 2931 2933
v -8110.184 1489.604 -19076.099
f 2937 2933 2938
v -8119.525 1489.604 -19078.980
f 2939 2935 2934
v -8119.684 1489.604 -19079.291
f 2940 2935 2939
v -8110.498 1489.604 -19088.709
f 2941 2937 2938
v -8110.498 1489.604 -19075.948
f 2941 2938 2942
v -8110.184 1489.604 -19088.557
f 2941 2943 2937
v -8111.148 1489.604 -19088.964
f 2944 2941 2942
v -8110.820 1489.604 -19075.812
v -8111.148 1489.604 -19075.693
f 2944 2945 2946
f 2944 2942 2945
v -8110.820 1489.604 -19088.844
f 2944 2947 2941
v -8120.161 1489.604 -19080.601
v -8119.955 1489.604 -19079.934
v -8120.066 1489.604 -19080.265
f 2948 2949 2950
v -8119.828 1489.604 -19079.609
f 2948 2951 2949
v -8111.820 1489.604 -19089.153
v -8111.482 1489.604 -19089.067
f 2952 2953 2944
v -8120.239 1489.604 -19080.941
f 2954 2951 2948
v -8112.162 1489.604 -19089.222
v -8111.820 1489.604 -19075.504
v -8112.162 1489.604 -19075.434
f 2955 2956 2957
v -8111.482 1489.604 -19075.590
f 2955 2958 2956
f 2955 2946 2958
f 2955 2944 2946
f 2955 2952 2944
v -8120.299 1489.604 -19081.285
f 2959 2951 2954
v -8112.507 1489.604 -19089.274
f 2960 2955 2957
v -8120.343 1489.604 -19081.631
f 2961 2951 2959
f 2961 2940 2951
v -8112.854 1489.604 -19089.309
f 2962 2960 2957
v -8112.507 1489.604 -19075.382
f 2962 2957 2963
v -8120.369 1489.604 -19081.979
f 2964 2940 2961
v -8113.203 1489.604 -19089.326
f 2965 2962 2963
v -8112.854 1489.604 -19075.348
v -8113.203 1489.604 -19075.330
f 2965 2966 2967
f 2965 2963 2966
v -8113.552 1489.604 -19089.326
f 2968 2965 2967
v -8113.552 1489.604 -19075.330
f 2968 2969 2901
f 2968 2967 2969
v -8120.369 1489.604 -19082.677
v -8120.377 1489.604 -19082.328
f 2970 2964 2971
f 2970 2940 2964
v -8113.901 1489.604 -19089.309
f 2972 2968 2901
v -8120.299 1489.604 -19083.371
v -8120.343 1489.604 -19083.025
f 2973 2970 2974
v -8114.593 1489.604 -19089.222
f 2975 2901 2900
f 2975 2972 2901
v -8114.248 1489.604 -19089.274
f 2975 2976 2972
v -8120.239 1489.604 -19083.715
f 2977 2970 2973
v -8115.607 1489.604 -19088.964
v -8115.273 1489.604 -19075.590
v -8115.607 1489.604 -19075.693
f 2978 2979 2980
v -8114.935 1489.604 -19075.504
f 2978 2981 2979
f 2978 2900 2981
f 2978 2975 2900
v -8114.935 1489.604 -19089.153
f 2978 2982 2975
v -8115.273 1489.604 -19089.067
f 2978 2983 2982
v -8119.955 1489.604 -19084.722
v -8120.161 1489.604 -19084.055
v -8120.066 1489.604 -19084.391
f 2984 2985 2986
v -8119.828 1489.604 -19085.047
f 2987 2977 2985
f 2987 2970 2977
f 2987 2985 2984
f 2987 2940 2970
v -8116.256 1489.604 -19088.709
v -8115.935 1489.604 -19088.844
f 2988 2989 2978
f 2988 2980 2910
f 2988 2978 2980
v -8119.684 1489.604 -19085.365
f 2990 2940 2987
v -8116.571 1489.604 -19088.557
f 2991 2988 2910
v -8116.877 1489.604 -19088.390
f 2992 2909 2913
f 2992 2991 2910
f 2992 2910 2909
v -8117.464 1489.604 -19088.012
v -8117.175 1489.604 -19088.208
f 2993 2994 2992
v -8117.742 1489.604 -19087.801
f 2995 2913 2920
f 2995 2992 2913
f 2995 2993 2992
v -8118.740 1489.604 -19086.828
v -8119.161 1489.604 -19086.271
v -8118.957 1489.604 -19086.555
f 2996 2997 2998
v -8119.350 1489.604 -19085.978
f 2996 2999 2997
v -8118.740 1489.604 -19077.829
f 2996 3000 2935
v -8119.525 1489.604 -19085.676
f 2996 3001 2999
f 2996 2924 3000
f 2996 2990 3001
f 2996 2919 2924
f 2996 2940 2990
f 2996 2935 2940
v -8118.265 1489.604 -19087.339
v -8118.009 1489.604 -19087.577
f 3002 3003 2995
v -8118.509 1489.604 -19087.089
f 3002 2996 3004
f 3002 2919 2996
f 3002 2995 2920
f 3002 2920 2919
v -8108.246 1529.604 -19077.567
v -8108.746 1529.604 -19077.080
v -8108.490 1529.604 -19077.317
f 3005 3006 3007
v -8108.015 1529.604 -19077.829
f 3005 3008 3006
v -8107.798 1529.604 -19078.102
v -8107.594 1529.604 -19078.385
f 3009 3010 3008
v -8107.404 1529.604 -19078.678
v -8107.230 1529.604 -19078.980
f 3011 3012 3010
v -8107.071 1529.604 -19079.291
v -8106.688 1529.604 -19080.265
f 3013 3014 3012
v -8106.927 1529.604 -19079.609
f 3015 3014 3013
v -8106.800 1529.604 -19079.934
f 3016 3014 3015
v -8106.594 1529.604 -19080.601
v -8106.456 1529.604 -19081.285
f 3017 3018 3014
v -8106.516 1529.604 -19080.941
f 3019 3018 3017
v -8106.412 1529.604 -19081.631
v -8106.386 1529.604 -19082.677
f 3020 3021 3018
v -8106.386 1529.604 -19081.979
f 3022 3021 3020
v -8106.377 1529.604 -19082.328
f 3023 3021 3022
v -8106.412 1529.604 -19083.025
v -8106.456 1529.604 -19083.371
f 3024 3025 3021
v -8113.901 1529.604 -19075.348
v -8114.593 1529.604 -19075.434
v -8114.248 1529.604 -19075.382
f 3026 3027 3028
v -8106.688 1529.604 -19084.391
f 3025 3029 3021
v -8106.516 1529.604 -19083.715
f 3030 3029 3025
v -8106.594 1529.604 -19084.055
f 3031 3029 3030
f 3018 3029 3014
f 3021 3029 3018
v -8106.800 1529.604 -19084.722
v -8106.927 1529.604 -19085.047
f 3032 3033 3029
v -8107.071 1529.604 -19085.365
f 3033 3034 3029
f 3029 3034 3014
v -8115.935 1529.604 -19075.812
v -8116.571 1529.604 -19076.099
v -8116.256 1529.604 -19075.948
f 3035 3036 3037
v -8107.230 1529.604 -19085.676
f 3034 3038 3014
f 3014 3038 3012
f 3012 3038 3010
v -8117.175 1529.604 -19076.448
v -8116.877 1529.604 -19076.266
f 3036 3039 3040
v -8107.404 1529.604 -19085.978
v -8107.594 1529.604 -19086.271
f 3041 3042 3038
v -8107.798 1529.604 -19086.555
f 3042 3043 3038
v -8108.015 1529.604 -19086.828
f 3043 3044 3038
f 3038 3044 3010
v -8117.464 1529.604 -19076.645
v -8118.009 1529.604 -19077.080
v -8117.742 1529.604 -19076.855
f 3045 3046 3047
v -8108.490 1529.604 -19087.339
f 3044 3048 3010
f 3008 3048 3006
f 3010 3048 3008
v -8108.246 1529.604 -19087.089
f 3049 3048 3044
v -8118.509 1529.604 -19077.567
v -8118.265 1529.604 -19077.317
f 3046 3050 3051
v -8108.746 1529.604 -19087.577
f 3048 3052 3006
v -8109.013 1529.604 -19076.855
v -8109.291 1529.604 -19088.012
v -8109.291 1529.604 -19076.645
f 3053 3054 3055
f 3006 3054 3053
f 3052 3054 3006
v -8109.013 1529.604 -19087.801
f 3056 3054 3052
v -8109.580 1529.604 -19088.208
f 3054 3057 3055
v -8109.580 1529.604 -19076.448
v -8109.877 1529.604 -19076.266
f 3058 3057 3059
f 3055 3057 3058
v -8118.957 1529.604 -19078.102
v -8119.350 1529.604 -19078.678
v -8119.161 1529.604 -19078.385
f 3060 3061 3062
v -8109.877 1529.604 -19088.390
f 3057 3063 3059
v -8110.184 1529.604 -19076.099
f 3059 3063 3064
v -8119.525 1529.604 -19078.980
f 3060 3065 3061
v -8119.684 1529.604 -19079.291
f 3060 3066 3065
v -8110.498 1529.604 -19088.709
f 3063 3067 3064
v -8110.498 1529.604 -19075.948
f 3064 3067 3068
v -8110.184 1529.604 -19088.557
f 3069 3067 3063
v -8111.148 1529.604 -19088.964
f 3067 3070 3068
v -8110.820 1529.604 -19075.812
v -8111.148 1529.604 -19075.693
f 3071 3070 3072
f 3068 3070 3071
v -8110.820 1529.604 -19088.844
f 3073 3070 3067
v -8119.955 1529.604 -19079.934
v -8120.161 1529.604 -19080.601
v -8120.066 1529.604 -19080.265
f 3074 3075 3076
v -8119.828 1529.604 -19079.609
f 3077 3075 3074
v -8111.482 1529.604 -19089.067
v -8111.820 1529.604 -19089.153
f 3078 3079 3070
v -8120.239 1529.604 -19080.941
f 3077 3080 3075
v -8111.820 1529.604 -19075.504
v -8112.162 1529.604 -19089.222
v -8112.162 1529.604 -19075.434
f 3081 3082 3083
v -8111.482 1529.604 -19075.590
f 3084 3082 3081
f 3072 3082 3084
f 3070 3082 3072
f 3079 3082 3070
v -8120.299 1529.604 -19081.285
f 3077 3085 3080
v -8112.507 1529.604 -19089.274
f 3082 3086 3083
v -8120.343 1529.604 -19081.631
f 3077 3087 3085
f 3066 3087 3077
v -8112.854 1529.604 -19089.309
f 3086 3088 3083
v -8112.507 1529.604 -19075.382
f 3083 3088 3089
v -8120.369 1529.604 -19081.979
f 3066 3090 3087
v -8113.203 1529.604 -19089.326
f 3088 3091 3089
v -8112.854 1529.604 -19075.348
v -8113.203 1529.604 -19075.330
f 3092 3091 3093
f 3089 3091 3092
v -8113.552 1529.604 -19089.326
f 3091 3094 3093
v -8113.552 1529.604 -19075.330
f 3095 3094 3026
f 3093 3094 3095
v -8120.369 1529.604 -19082.677
v -8120.377 1529.604 -19082.328
f 3090 3096 3097
f 3066 3096 3090
v -8113.901 1529.604 -19089.309
f 3094 3098 3026
v -8120.299 1529.604 -19083.371
v -8120.343 1529.604 -19083.025
f 3096 3099 3100
v -8114.593 1529.604 -19089.222
f 3026 3101 3027
f 3098 3101 3026
v -8114.248 1529.604 -19089.274
f 3102 3101 3098
v -8120.239 1529.604 -19083.715
f 3096 3103 3099
v -8115.273 1529.604 -19075.590
v -8115.607 1529.604 -19088.964
v -8115.607 1529.604 -19075.693
f 3104 3105 3106
v -8114.935 1529.604 -19075.504
f 3107 3105 3104
f 3027 3105 3107
f 3101 3105 3027
v -8114.935 1529.604 -19089.153
f 3108 3105 3101
v -8115.273 1529.604 -19089.067
f 3109 3105 3108
v -8120.161 1529.604 -19084.055
v -8119.955 1529.604 -19084.722
v -8120.066 1529.604 -19084.391
f 3110 3111 3112
v -8119.828 1529.604 -19085.047
f 3103 3113 3110
f 3096 3113 3103
f 3110 3113 3111
f 3066 3113 3096
v -8115.935 1529.604 -19088.844
v -8116.256 1529.604 -19088.709
f 3114 3115 3105
f 3106 3115 3035
f 3105 3115 3106
v -8119.684 1529.604 -19085.365
f 3066 3116 3113
v -8116.571 1529.604 -19088.557
f 3115 3117 3035
v -8116.877 1529.604 -19088.390
f 3036 3118 3039
f 3117 3118 3035
f 3035 3118 3036
v -8117.175 1529.604 -19088.208
v -8117.464 1529.604 -19088.012
f 3119 3120 3118
v -8117.742 1529.604 -19087.801
f 3039 3121 3045
f 3118 3121 3039
f 3120 3121 3118
v -8119.161 1529.604 -19086.271
v -8118.740 1529.604 -19086.828
v -8118.957 1529.604 -19086.555
f 3122 3123 3124
v -8119.350 1529.604 -19085.978
f 3125 3123 3122
v -8118.740 1529.604 -19077.829
f 3126 3123 3060
v -8119.525 1529.604 -19085.676
f 3127 3123 3125
f 3050 3123 3126
f 3116 3123 3127
f 3046 3123 3050
f 3066 3123 3116
f 3060 3123 3066
v -8118.009 1529.604 -19087.577
v -8118.265 1529.604 -19087.339
f 3128 3129 3121
v -8118.509 1529.604 -19087.089
f 3123 3129 3130
f 3046 3129 3123
f 3121 3129 3045
f 3045 3129 3046
o main_2
v 2807.949 1553.104 18.041
v 2807.949 1553.104 16.041
v 2807.949 1551.104 16.041
f 3131 3132 3133
v 2807.949 1551.104 18.041
f 3131 3133 3134
v 2810.070 1551.104 93.163
v 2811.484 1551.104 94.577
v 2811.307 1551.104 94.746
f 3135 3136 3137
v 2809.964 1551.104 93.264
v 2811.121 1551.104 94.906
f 3138 3137 3139
f 3138 3135 3137
v 2810.172 1551.104 93.056
v 2811.654 1551.104 94.399
f 3140 3141 3136
f 3140 3136 3135
v 2809.852 1551.104 93.360
f 3142 3138 3139
v 2810.927 1551.104 95.057
f 3142 3139 3143
v 2810.268 1551.104 92.945
f 3144 3141 3140
v 2811.814 1551.104 94.213
f 3144 3145 3141
v 2809.736 1551.104 93.451
f 3146 3142 3143
v 2810.727 1551.104 95.199
f 3146 3143 3147
v 2810.359 1551.104 92.828
f 3148 3145 3144
v 2811.965 1551.104 94.020
f 3148 3149 3145
v 2809.616 1551.104 93.536
f 3150 3146 3147
v 2810.519 1551.104 95.330
f 3150 3147 3151
v 2810.443 1551.104 92.708
f 3152 3149 3148
v 2812.106 1551.104 93.819
f 3152 3153 3149
v 2809.491 1551.104 93.615
v 2810.306 1551.104 95.451
f 3154 3151 3155
f 3154 3150 3151
v 2810.522 1551.104 92.584
f 3156 3153 3152
v 2812.238 1551.104 93.612
f 3156 3157 3153
v 2809.363 1551.104 93.687
f 3158 3154 3155
v 2810.087 1551.104 95.561
f 3158 3155 3159
v 2810.595 1551.104 92.456
f 3160 3157 3156
v 2812.358 1551.104 93.398
f 3160 3161 3157
v 2809.232 1551.104 93.753
v 2809.862 1551.104 95.661
f 3162 3159 3163
f 3162 3158 3159
v 2810.661 1551.104 92.324
f 3164 3161 3160
v 2812.469 1551.104 93.179
f 3164 3165 3161
v 2809.097 1551.104 93.813
f 3166 3162 3163
v 2809.633 1551.104 95.749
f 3166 3163 3167
v 2810.721 1551.104 92.189
f 3168 3165 3164
v 2812.568 1551.104 92.955
f 3168 3169 3165
v 2808.960 1551.104 93.866
v 2809.400 1551.104 95.826
f 3170 3167 3171
f 3170 3166 3167
v 2810.774 1551.104 92.052
f 3172 3169 3168
v 2812.657 1551.104 92.726
f 3172 3173 3169
v 2808.820 1551.104 93.912
v 2809.164 1551.104 95.892
f 3174 3171 3175
f 3174 3170 3171
v 2810.820 1551.104 91.912
f 3176 3173 3172
v 2812.734 1551.104 92.493
f 3176 3177 3173
v 2808.678 1551.104 93.951
f 3178 3174 3175
v 2808.924 1551.104 95.945
f 3178 3175 3179
v 2810.859 1551.104 91.770
v 2812.799 1551.104 92.256
f 3180 3181 3177
f 3180 3177 3176
v 2808.534 1551.104 93.984
f 3182 3178 3179
v 2808.683 1551.104 95.987
f 3182 3179 3183
v 2810.891 1551.104 91.627
v 2812.853 1551.104 92.017
f 3184 3185 3181
f 3184 3181 3180
v 2808.389 1551.104 94.009
f 3186 3182 3183
v 2808.439 1551.104 96.017
f 3186 3183 3187
v 2810.916 1551.104 91.482
f 3188 3185 3184
v 2812.895 1551.104 91.775
f 3188 3189 3185
v 2808.243 1551.104 94.027
f 3190 3186 3187
v 2808.194 1551.104 96.035
f 3190 3187 3191
v 2810.934 1551.104 91.335
v 2812.925 1551.104 91.531
f 3192 3193 3189
f 3192 3189 3188
v 2808.096 1551.104 94.038
f 3194 3190 3191
v 2810.945 1551.104 91.189
v 2812.943 1551.104 91.287
f 3195 3196 3193
f 3195 3193 3192
v 2807.949 1551.104 94.041
f 3197 3194 3191
v 2807.949 1551.104 96.041
f 3197 3191 3198
v 2810.949 1551.104 91.041
f 3199 3196 3195
v 2812.949 1551.104 91.041
f 3199 3200 3196
v 2810.949 1551.104 21.041
v 2812.943 1551.104 20.796
v 2812.949 1551.104 21.041
f 3201 3202 3203
f 3201 3203 3200
f 3201 3200 3199
v 2810.945 1551.104 20.894
f 3204 3202 3201
v 2810.934 1551.104 20.747
v 2812.925 1551.104 20.551
f 3205 3206 3202
f 3205 3202 3204
v 2810.916 1551.104 20.601
v 2812.853 1551.104 20.066
v 2812.895 1551.104 20.308
f 3207 3208 3209
f 3207 3209 3206
f 3207 3206 3205
v 2810.891 1551.104 20.456
f 3210 3208 3207
v 2810.859 1551.104 20.312
v 2812.734 1551.104 19.590
v 2812.799 1551.104 19.826
f 3211 3212 3213
f 3211 3213 3208
f 3211 3208 3210
v 2810.820 1551.104 20.171
f 3214 3212 3211
v 2810.774 1551.104 20.031
v 2812.568 1551.104 19.128
v 2812.657 1551.104 19.357
f 3215 3216 3217
f 3215 3217 3212
f 3215 3212 3214
v 2810.721 1551.104 19.893
v 2812.469 1551.104 18.904
f 3218 3219 3216
f 3218 3216 3215
v 2810.661 1551.104 19.759
f 3220 3219 3218
v 2810.595 1551.104 19.627
f 3221 3219 3220
v 2812.238 1551.104 18.471
v 2812.358 1551.104 18.684
f 3221 3222 3223
f 3221 3223 3219
v 2810.522 1551.104 19.499
f 3224 3222 3221
v 2810.443 1551.104 19.375
v 2811.965 1551.104 18.063
v 2812.106 1551.104 18.264
f 3225 3226 3227
f 3225 3227 3222
f 3225 3222 3224
v 2810.359 1551.104 19.254
f 3228 3226 3225
v 2811.814 1551.104 17.869
f 3228 3229 3226
v 2810.268 1551.104 19.138
f 3230 3229 3228
v 2810.172 1551.104 19.027
v 2811.654 1551.104 17.684
f 3231 3232 3229
f 3231 3229 3230
v 2810.070 1551.104 18.920
v 2811.484 1551.104 17.506
f 3233 3234 3232
f 3233 3232 3231
v 2811.307 1551.104 17.337
v 2809.964 1551.104 18.819
f 3235 3233 3236
f 3235 3234 3233
v 2811.121 1551.104 17.176
v 2809.852 1551.104 18.722
f 3237 3236 3238
f 3237 3235 3236
v 2810.927 1551.104 17.025
v 2809.736 1551.104 18.632
f 3239 3238 3240
v 2809.616 1551.104 18.547
f 3239 3240 3241
f 3239 3237 3238
v 2810.727 1551.104 16.884
f 3242 3239 3241
v 2810.519 1551.104 16.753
v 2809.491 1551.104 18.468
f 3243 3241 3244
f 3243 3242 3241
v 2810.306 1551.104 16.632
v 2809.363 1551.104 18.396
f 3245 3244 3246
f 3245 3243 3244
v 2810.087 1551.104 16.521
v 2809.232 1551.104 18.329
f 3247 3246 3248
f 3247 3245 3246
v 2809.862 1551.104 16.422
v 2809.097 1551.104 18.270
f 3249 3248 3250
f 3249 3247 3248
v 2809.633 1551.104 16.334
v 2808.960 1551.104 18.217
f 3251 3250 3252
f 3251 3249 3250
v 2809.400 1551.104 16.257
v 2808.820 1551.104 18.171
f 3253 3252 3254
f 3253 3251 3252
v 2809.164 1551.104 16.191
v 2808.678 1551.104 18.131
f 3255 3254 3256
f 3255 3253 3254
v 2808.924 1551.104 16.137
v 2808.534 1551.104 18.099
f 3257 3256 3258
f 3257 3255 3256
v 2808.683 1551.104 16.096
v 2808.389 1551.104 18.074
f 3259 3258 3260
f 3259 3257 3258
v 2808.439 1551.104 16.065
v 2808.243 1551.104 18.056
f 3261 3260 3262
v 2808.096 1551.104 18.045
f 3261 3262 3263
f 3261 3259 3260
v 2808.194 1551.104 16.047
f 3264 3261 3263
f 3133 3263 3134
f 3133 3264 3263
v 2807.949 1553.104 96.041
v 2807.949 1553.104 94.041
f 3265 3266 3197
f 3265 3197 3198
v 2772.949 1553.104 16.041
v 2772.949 1553.104 18.041
f 3267 3132 3268
f 3268 3132 3131
v 2772.949 1553.104 94.041
v 2772.949 1553.104 96.041
f 3269 3265 3270
f 3269 3266 3265
v 2772.949 1653.104 18.041
v 2772.949 1653.104 16.041
f 3271 3272 3267
f 3271 3267 3268
v 2807.949 1653.104 18.041
f 3268 3131 3273
f 3268 3273 3271
v 2808.096 1653.104 18.045
f 3273 3131 3274
f 3134 3263 3131
f 3131 3263 3274
v 2808.243 1653.104 18.056
f 3274 3262 3275
f 3263 3262 3274
v 2808.389 1653.104 18.074
f 3275 3260 3276
f 3262 3260 3275
v 2808.534 1653.104 18.099
f 3276 3258 3277
f 3260 3258 3276
v 2808.678 1653.104 18.131
f 3277 3256 3278
f 3258 3256 3277
v 2808.820 1653.104 18.171
f 3278 3254 3279
f 3256 3254 3278
f 3254 3252 3279
v 2808.960 1653.104 18.217
f 3279 3252 3280
f 3252 3250 3280
v 2809.097 1653.104 18.270
f 3280 3250 3281
f 3250 3248 3281
v 2809.232 1653.104 18.329
f 3281 3248 3282
f 3248 3246 3282
v 2809.363 1653.104 18.396
f 3282 3246 3283
f 3246 3244 3283
v 2809.491 1653.104 18.468
f 3283 3244 3284
v 2809.616 1653.104 18.547
f 3284 3241 3285
f 3244 3241 3284
v 2809.736 1653.104 18.632
f 3285 3240 3286
f 3241 3240 3285
v 2809.852 1653.104 18.722
f 3286 3238 3287
f 3240 3238 3286
v 2809.964 1653.104 18.819
f 3287 3236 3288
f 3238 3236 3287
v 2810.070 1653.104 18.920
f 3288 3233 3289
f 3236 3233 3288
v 2810.172 1653.104 19.027
f 3289 3231 3290
f 3233 3231 3289
v 2810.268 1653.104 19.138
f 3290 3230 3291
f 3231 3230 3290
v 2810.359 1653.104 19.254
f 3291 3228 3292
f 3230 3228 3291
v 2810.443 1653.104 19.375
f 3292 3225 3293
f 3228 3225 3292
v 2810.522 1653.104 19.499
f 3293 3224 3294
f 3225 3224 3293
v 2810.595 1653.104 19.627
f 3294 3221 3295
f 3224 3221 3294
v 2810.661 1653.104 19.759
f 3295 3220 3296
f 3221 3220 3295
v 2810.721 1653.104 19.893
f 3296 3218 3297
f 3220 3218 3296
v 2810.774 1653.104 20.031
f 3297 3215 3298
f 3218 3215 3297
v 2810.820 1653.104 20.171
f 3298 3214 3299
f 3215 3214 3298
v 2810.859 1653.104 20.312
f 3299 3211 3300
f 3214 3211 3299
v 2810.891 1653.104 20.456
f 3300 3210 3301
f 3211 3210 3300
v 2810.916 1653.104 20.601
f 3301 3207 3302
f 3210 3207 3301
v 2810.934 1653.104 20.747
f 3302 3205 3303
f 3207 3205 3302
v 2810.945 1653.104 20.894
v 2810.949 1653.104 21.041
f 3304 3204 3305
f 3303 3204 3304
f 3205 3204 3303
f 3204 3201 3305
v 2810.949 1653.104 91.041
f 3306 3305 3201
f 3306 3201 3199
v 2810.945 1653.104 91.189
f 3306 3199 3307
v 2810.934 1653.104 91.335
f 3307 3195 3308
f 3199 3195 3307
v 2810.916 1653.104 91.482
f 3308 3192 3309
f 3195 3192 3308
v 2810.891 1653.104 91.627
f 3309 3188 3310
f 3192 3188 3309
v 2810.859 1653.104 91.770
f 3310 3184 3311
f 3188 3184 3310
v 2810.820 1653.104 91.912
f 3311 3180 3312
f 3184 3180 3311
v 2810.774 1653.104 92.052
f 3312 3176 3313
f 3180 3176 3312
f 3176 3172 3313
v 2810.721 1653.104 92.189
f 3313 3172 3314
f 3172 3168 3314
v 2810.661 1653.104 92.324
f 3314 3168 3315
f 3168 3164 3315
v 2810.595 1653.104 92.456
f 3315 3164 3316
f 3164 3160 3316
v 2810.522 1653.104 92.584
f 3316 3160 3317
f 3160 3156 3317
v 2810.443 1653.104 92.708
f 3317 3156 3318
v 2810.359 1653.104 92.828
f 3318 3152 3319
f 3156 3152 3318
v 2810.268 1653.104 92.945
f 3319 3148 3320
f 3152 3148 3319
f 3148 3144 3320
v 2810.172 1653.104 93.056
f 3320 3144 3321
f 3144 3140 3321
v 2810.070 1653.104 93.163
f 3321 3140 3322
v 2809.964 1653.104 93.264
f 3322 3135 3323
f 3140 3135 3322
v 2809.852 1653.104 93.360
f 3323 3138 3324
f 3135 3138 3323
v 2809.736 1653.104 93.451
f 3324 3142 3325
f 3138 3142 3324
v 2809.616 1653.104 93.536
f 3325 3146 3326
f 3142 3146 3325
v 2809.491 1653.104 93.615
f 3326 3150 3327
f 3146 3150 3326
v 2809.363 1653.104 93.687
f 3327 3154 3328
f 3150 3154 3327
v 2809.232 1653.104 93.753
f 3328 3158 3329
f 3154 3158 3328
v 2809.097 1653.104 93.813
f 3329 3162 3330
f 3158 3162 3329
v 2808.960 1653.104 93.866
f 3330 3166 3331
f 3162 3166 3330
v 2808.820 1653.104 93.912
f 3331 3170 3332
f 3166 3170 3331
v 2808.678 1653.104 93.951
f 3332 3174 3333
f 3170 3174 3332
v 2808.534 1653.104 93.984
f 3333 3178 3334
f 3174 3178 3333
v 2808.389 1653.104 94.009
f 3334 3182 3335
f 3178 3182 3334
v 2808.243 1653.104 94.027
f 3335 3186 3336
f 3182 3186 3335
v 2808.096 1653.104 94.038
f 3336 3190 3337
f 3186 3190 3336
f 3190 3194 3337
v 2807.949 1653.104 94.041
f 3337 3266 3338
f 3194 3266 3337
f 3194 3197 3266
v 2772.949 1653.104 94.041
f 3266 3269 3339
f 3266 3339 3338
f 3339 3269 3270
v 2772.949 1653.104 96.041
f 3340 3339 3270
v 2807.949 1653.104 96.041
f 3270 3265 3341
f 3270 3341 3340
v 2812.949 1653.104 91.041
f 3196 3200 3342
v 2812.943 1653.104 91.287
f 3196 3342 3343
v 2812.925 1653.104 91.531
f 3193 3343 3344
f 3193 3196 3343
v 2812.895 1653.104 91.775
f 3189 3344 3345
f 3189 3193 3344
v 2812.853 1653.104 92.017
f 3185 3345 3346
f 3185 3189 3345
v 2812.799 1653.104 92.256
f 3181 3346 3347
f 3181 3185 3346
v 2812.734 1653.104 92.493
f 3177 3347 3348
f 3177 3181 3347
v 2812.657 1653.104 92.726
f 3173 3348 3349
f 3173 3177 3348
v 2812.568 1653.104 92.955
f 3169 3349 3350
f 3169 3173 3349
f 3165 3169 3350
v 2812.469 1653.104 93.179
f 3165 3350 3351
v 2812.358 1653.104 93.398
f 3161 3351 3352
f 3161 3165 3351
v 2812.238 1653.104 93.612
f 3157 3352 3353
f 3157 3161 3352
v 2812.106 1653.104 93.819
f 3153 3353 3354
f 3153 3157 3353
v 2811.965 1653.104 94.020
f 3149 3354 3355
f 3149 3153 3354
v 2811.814 1653.104 94.213
f 3145 3355 3356
f 3145 3149 3355
v 2811.654 1653.104 94.399
f 3141 3356 3357
f 3141 3145 3356
v 2811.484 1653.104 94.577
f 3136 3357 3358
f 3136 3141 3357
v 2811.307 1653.104 94.746
f 3137 3358 3359
f 3137 3136 3358
v 2811.121 1653.104 94.906
f 3139 3359 3360
f 3139 3137 3359
v 2810.927 1653.104 95.057
f 3143 3360 3361
f 3143 3139 3360
v 2810.727 1653.104 95.199
f 3147 3361 3362
f 3147 3143 3361
v 2810.519 1653.104 95.330
f 3151 3362 3363
f 3151 3147 3362
v 2810.306 1653.104 95.451
f 3155 3363 3364
f 3155 3151 3363
v 2810.087 1653.104 95.561
f 3159 3364 3365
f 3159 3155 3364
v 2809.862 1653.104 95.661
f 3163 3365 3366
f 3163 3159 3365
v 2809.633 1653.104 95.749
f 3167 3366 3367
f 3167 3163 3366
v 2809.400 1653.104 95.826
f 3171 3367 3368
f 3171 3167 3367
v 2809.164 1653.104 95.892
f 3175 3368 3369
f 3175 3171 3368
v 2808.924 1653.104 95.945
f 3179 3369 3370
f 3179 3175 3369
v 2808.683 1653.104 95.987
f 3183 3370 3371
f 3183 3179 3370
v 2808.439 1653.104 96.017
f 3187 3371 3372
f 3187 3183 3371
v 2808.194 1653.104 96.035
f 3191 3372 3373
f 3191 3187 3372
f 3265 3373 3341
f 3265 3191 3373
f 3198 3191 3265
v 2812.949 1653.104 21.041
f 3374 3200 3203
f 3342 3200 3374
v 2807.949 1653.104 16.041
v 2808.194 1653.104 16.047
f 3132 3375 3376
f 3264 3133 3132
f 3264 3132 3376
v 2808.439 1653.104 16.065
f 3261 3376 3377
f 3261 3264 3376
v 2808.683 1653.104 16.096
f 3259 3377 3378
f 3259 3261 3377
v 2808.924 1653.104 16.137
f 3257 3378 3379
f 3257 3259 3378
v 2809.164 1653.104 16.191
f 3255 3379 3380
f 3255 3257 3379
v 2809.400 1653.104 16.257
f 3253 3380 3381
f 3253 3255 3380
v 2809.633 1653.104 16.334
f 3251 3381 3382
f 3251 3253 3381
f 3249 3251 3382
v 2809.862 1653.104 16.422
f 3249 3382 3383
v 2810.087 1653.104 16.521
f 3247 3383 3384
f 3247 3249 3383
v 2810.306 1653.104 16.632
f 3245 3384 3385
f 3245 3247 3384
v 2810.519 1653.104 16.753
f 3243 3385 3386
v 2810.727 1653.104 16.884
f 3243 3386 3387
f 3243 3245 3385
v 2810.927 1653.104 17.025
f 3242 3387 3388
f 3242 3243 3387
v 2811.121 1653.104 17.176
f 3239 3388 3389
f 3239 3242 3388
v 2811.307 1653.104 17.337
f 3237 3389 3390
f 3237 3239 3389
v 2811.484 1653.104 17.506
f 3235 3390 3391
f 3235 3237 3390
v 2811.654 1653.104 17.684
f 3234 3391 3392
f 3234 3235 3391
v 2811.814 1653.104 17.869
f 3232 3392 3393
f 3232 3234 3392
v 2811.965 1653.104 18.063
f 3229 3393 3394
f 3229 3232 3393
v 2812.106 1653.104 18.264
f 3226 3394 3395
f 3226 3229 3394
v 2812.238 1653.104 18.471
f 3227 3395 3396
f 3227 3226 3395
v 2812.358 1653.104 18.684
f 3222 3396 3397
f 3222 3227 3396
v 2812.469 1653.104 18.904
f 3223 3397 3398
f 3223 3222 3397
v 2812.568 1653.104 19.128
f 3219 3398 3399
f 3219 3223 3398
v 2812.657 1653.104 19.357
f 3216 3399 3400
f 3216 3219 3399
v 2812.734 1653.104 19.590
f 3217 3400 3401
f 3217 3216 3400
v 2812.799 1653.104 19.826
f 3212 3401 3402
f 3212 3217 3401
v 2812.853 1653.104 20.066
f 3213 3402 3403
f 3213 3212 3402
v 2812.895 1653.104 20.308
f 3208 3403 3404
f 3208 3213 3403
v 2812.925 1653.104 20.551
f 3209 3404 3405
f 3209 3208 3404
v 2812.943 1653.104 20.796
f 3206 3405 3406
f 3206 3209 3405
f 3202 3406 3374
f 3202 3206 3406
f 3203 3202 3374
f 3132 3267 3272
f 3132 3272 3375
f 3341 3339 3340
f 3338 3341 3373
f 3338 3339 3341
f 3337 3373 3372
f 3337 3338 3373
f 3336 3372 3371
f 3336 3337 3372
f 3335 3336 3371
f 3335 3371 3370
f 3334 3335 3370
f 3334 3370 3369
f 3333 3334 3369
f 3333 3369 3368
f 3332 3333 3368
f 3332 3368 3367
f 3331 3332 3367
f 3331 3367 3366
f 3330 3331 3366
f 3330 3366 3365
f 3329 3330 3365
f 3329 3365 3364
f 3328 3329 3364
f 3327 3328 3364
f 3327 3363 3362
f 3327 3364 3363
f 3326 3327 3362
f 3325 3361 3360
f 3325 3362 3361
f 3325 3326 3362
f 3324 3325 3360
f 3359 3324 3360
f 3323 3324 3359
f 3358 3323 3359
f 3322 3323 3358
f 3357 3321 3322
f 3357 3322 3358
f 3356 3321 3357
f 3356 3320 3321
f 3355 3320 3356
f 3355 3319 3320
f 3354 3319 3355
f 3354 3318 3319
f 3353 3318 3354
f 3353 3317 3318
f 3352 3317 3353
f 3352 3316 3317
f 3351 3316 3352
f 3351 3315 3316
f 3350 3315 3351
f 3350 3314 3315
f 3349 3314 3350
f 3349 3313 3314
f 3348 3313 3349
f 3348 3312 3313
f 3347 3312 3348
f 3347 3311 3312
f 3346 3311 3347
f 3346 3310 3311
f 3345 3310 3346
f 3345 3309 3310
f 3344 3309 3345
f 3344 3308 3309
f 3343 3307 3308
f 3343 3308 3344
f 3342 3306 3307
f 3342 3307 3343
f 3375 3272 3271
f 3375 3271 3273
f 3375 3273 3274
f 3374 3305 3306
f 3374 3306 3342
f 3376 3375 3274
f 3406 3304 3305
f 3406 3305 3374
f 3377 3275 3276
f 3377 3274 3275
f 3377 3376 3274
f 3405 3303 3304
f 3405 3302 3303
f 3405 3304 3406
f 3378 3276 3277
f 3378 3377 3276
f 3404 3302 3405
f 3379 3378 3277
f 3403 3301 3302
f 3403 3300 3301
f 3403 3302 3404
f 3380 3277 3278
f 3380 3379 3277
f 3402 3300 3403
f 3381 3278 3279
f 3381 3380 3278
f 3401 3299 3300
f 3401 3298 3299
f 3401 3300 3402
f 3382 3280 3281
f 3382 3279 3280
f 3382 3381 3279
f 3400 3298 3401
f 3383 3382 3281
f 3399 3297 3298
f 3399 3298 3400
f 3384 3383 3281
f 3384 3282 3283
f 3384 3281 3282
f 3398 3296 3297
f 3398 3297 3399
f 3385 3384 3283
f 3397 3295 3296
f 3397 3296 3398
f 3386 3284 3285
f 3386 3283 3284
f 3386 3385 3283
f 3396 3294 3295
f 3396 3295 3397
f 3387 3386 3285
f 3395 3293 3294
f 3395 3294 3396
f 3388 3285 3286
f 3388 3387 3285
f 3394 3293 3395
f 3394 3292 3293
f 3394 3291 3292
f 3389 3287 3288
f 3389 3286 3287
f 3389 3388 3286
f 3393 3291 3394
f 3390 3288 3289
f 3390 3389 3288
f 3392 3291 3393
f 3392 3290 3291
f 3391 3390 3289
f 3391 3290 3392
f 3391 3289 3290
o main_3
v 2807.949 1475.104 96.041
v 2807.949 1473.104 94.041
v 2807.949 1473.104 96.041
f 3407 3408 3409
v 2807.949 1475.104 94.041
f 3407 3410 3408
v 2808.096 1475.104 94.038
v 2808.194 1475.104 96.035
f 3411 3407 3412
f 3411 3410 3407
v 2808.243 1475.104 94.027
v 2808.439 1475.104 96.017
f 3413 3412 3414
f 3413 3411 3412
v 2808.389 1475.104 94.009
v 2808.683 1475.104 95.987
f 3415 3414 3416
f 3415 3413 3414
v 2808.534 1475.104 93.984
v 2808.924 1475.104 95.945
f 3417 3416 3418
f 3417 3415 3416
v 2808.678 1475.104 93.951
v 2809.164 1475.104 95.892
f 3419 3418 3420
f 3419 3417 3418
v 2808.820 1475.104 93.912
v 2809.400 1475.104 95.826
f 3421 3420 3422
f 3421 3419 3420
v 2808.960 1475.104 93.866
v 2809.633 1475.104 95.749
f 3423 3422 3424
f 3423 3421 3422
v 2809.097 1475.104 93.813
v 2809.862 1475.104 95.661
f 3425 3424 3426
f 3425 3423 3424
v 2809.232 1475.104 93.753
v 2810.087 1475.104 95.561
f 3427 3426 3428
f 3427 3425 3426
v 2809.363 1475.104 93.687
v 2810.306 1475.104 95.451
f 3429 3428 3430
f 3429 3427 3428
v 2809.491 1475.104 93.615
v 2810.519 1475.104 95.330
f 3431 3430 3432
f 3431 3429 3430
v 2809.616 1475.104 93.536
v 2810.727 1475.104 95.199
f 3433 3432 3434
f 3433 3431 3432
v 2809.736 1475.104 93.451
v 2810.927 1475.104 95.057
f 3435 3434 3436
f 3435 3433 3434
v 2809.852 1475.104 93.360
v 2811.121 1475.104 94.906
f 3437 3436 3438
f 3437 3435 3436
v 2809.964 1475.104 93.264
v 2811.307 1475.104 94.746
f 3439 3438 3440
f 3439 3437 3438
v 2810.070 1475.104 93.163
f 3441 3439 3440
v 2811.484 1475.104 94.577
f 3442 3441 3440
v 2810.172 1475.104 93.056
f 3443 3441 3442
v 2811.654 1475.104 94.399
f 3444 3443 3442
v 2810.268 1475.104 92.945
f 3445 3443 3444
v 2811.814 1475.104 94.213
f 3446 3445 3444
v 2810.359 1475.104 92.828
f 3446 3447 3445
v 2811.965 1475.104 94.020
v 2810.443 1475.104 92.708
f 3448 3449 3447
f 3448 3447 3446
v 2812.106 1475.104 93.819
f 3450 3449 3448
v 2810.522 1475.104 92.584
f 3450 3451 3449
v 2812.238 1475.104 93.612
v 2810.595 1475.104 92.456
f 3452 3453 3451
f 3452 3451 3450
v 2812.358 1475.104 93.398
v 2810.661 1475.104 92.324
f 3454 3455 3453
f 3454 3453 3452
v 2812.469 1475.104 93.179
v 2810.721 1475.104 92.189
f 3456 3457 3455
f 3456 3455 3454
v 2812.568 1475.104 92.955
v 2810.774 1475.104 92.052
f 3458 3459 3457
f 3458 3457 3456
v 2812.657 1475.104 92.726
v 2810.820 1475.104 91.912
f 3460 3461 3459
f 3460 3459 3458
v 2812.734 1475.104 92.493
v 2810.859 1475.104 91.770
f 3462 3463 3461
f 3462 3461 3460
v 2812.799 1475.104 92.256
v 2810.891 1475.104 91.627
f 3464 3465 3463
f 3464 3463 3462
v 2812.853 1475.104 92.017
v 2810.916 1475.104 91.482
f 3466 3467 3465
f 3466 3465 3464
v 2812.895 1475.104 91.775
v 2810.934 1475.104 91.335
f 3468 3469 3467
f 3468 3467 3466
v 2812.925 1475.104 91.531
v 2810.945 1475.104 91.189
f 3470 3471 3469
f 3470 3469 3468
v 2812.943 1475.104 91.287
f 3472 3471 3470
v 2810.949 1475.104 91.041
f 3472 3473 3471
v 2812.949 1475.104 91.041
f 3474 3473 3472
v 2810.949 1475.104 21.041
f 3475 3473 3474
v 2807.949 1475.104 16.041
v 2807.949 1475.104 18.041
v 2808.096 1475.104 18.045
f 3476 3477 3478
v 2812.949 1475.104 21.041
f 3479 3475 3474
v 2808.194 1475.104 16.047
v 2808.243 1475.104 18.056
f 3480 3478 3481
f 3480 3476 3478
v 2812.943 1475.104 20.796
f 3482 3475 3479
v 2810.934 1475.104 20.747
v 2810.945 1475.104 20.894
f 3482 3483 3484
f 3482 3484 3475
v 2808.439 1475.104 16.065
f 3485 3480 3481
v 2812.925 1475.104 20.551
f 3486 3483 3482
v 2808.683 1475.104 16.096
f 3487 3485 3481
v 2808.389 1475.104 18.074
f 3487 3481 3488
v 2812.895 1475.104 20.308
f 3489 3483 3486
v 2810.916 1475.104 20.601
f 3489 3490 3483
v 2808.924 1475.104 16.137
f 3491 3487 3488
v 2808.534 1475.104 18.099
f 3491 3488 3492
v 2808.678 1475.104 18.131
f 3491 3492 3493
v 2812.853 1475.104 20.066
f 3494 3490 3489
v 2810.859 1475.104 20.312
v 2810.891 1475.104 20.456
f 3494 3495 3496
f 3494 3496 3490
v 2809.164 1475.104 16.191
f 3497 3491 3493
v 2812.799 1475.104 19.826
f 3498 3495 3494
v 2809.400 1475.104 16.257
f 3499 3497 3493
v 2808.820 1475.104 18.171
f 3499 3493 3500
v 2812.734 1475.104 19.590
f 3501 3495 3498
v 2810.820 1475.104 20.171
f 3501 3502 3495
v 2809.633 1475.104 16.334
f 3503 3499 3500
v 2808.960 1475.104 18.217
f 3503 3500 3504
v 2809.097 1475.104 18.270
f 3503 3504 3505
v 2812.657 1475.104 19.357
f 3506 3502 3501
v 2810.721 1475.104 19.893
v 2810.774 1475.104 20.031
f 3506 3507 3508
f 3506 3508 3502
v 2809.862 1475.104 16.422
f 3509 3503 3505
v 2812.568 1475.104 19.128
f 3510 3507 3506
v 2810.087 1475.104 16.521
f 3511 3509 3505
v 2809.232 1475.104 18.329
f 3511 3505 3512
v 2809.363 1475.104 18.396
f 3511 3512 3513
v 2812.469 1475.104 18.904
f 3514 3507 3510
v 2810.661 1475.104 19.759
f 3514 3515 3507
v 2810.306 1475.104 16.632
f 3516 3511 3513
v 2812.358 1475.104 18.684
f 3517 3515 3514
v 2810.595 1475.104 19.627
f 3517 3518 3515
v 2810.519 1475.104 16.753
f 3519 3516 3513
v 2809.491 1475.104 18.468
f 3519 3513 3520
v 2809.616 1475.104 18.547
f 3519 3520 3521
v 2812.238 1475.104 18.471
f 3522 3518 3517
v 2810.522 1475.104 19.499
f 3522 3523 3518
v 2810.727 1475.104 16.884
f 3524 3519 3521
v 2812.106 1475.104 18.264
f 3525 3523 3522
v 2810.443 1475.104 19.375
f 3525 3526 3523
v 2810.927 1475.104 17.025
f 3527 3524 3521
v 2809.736 1475.104 18.632
f 3527 3521 3528
v 2809.852 1475.104 18.722
f 3527 3528 3529
v 2811.965 1475.104 18.063
f 3530 3526 3525
v 2810.359 1475.104 19.254
f 3530 3531 3526
v 2811.121 1475.104 17.176
f 3532 3527 3529
v 2811.814 1475.104 17.869
v 2810.268 1475.104 19.138
f 3533 3534 3531
f 3533 3531 3530
v 2811.307 1475.104 17.337
f 3535 3532 3529
v 2809.964 1475.104 18.819
f 3535 3529 3536
v 2810.070 1475.104 18.920
f 3535 3536 3537
v 2811.654 1475.104 17.684
v 2810.172 1475.104 19.027
f 3538 3539 3534
f 3538 3534 3533
v 2811.484 1475.104 17.506
f 3540 3539 3538
f 3540 3537 3539
f 3540 3535 3537
v 2807.949 1473.104 16.041
v 2807.949 1473.104 18.041
f 3477 3541 3542
f 3477 3476 3541
v 2772.949 1473.104 94.041
f 3408 3543 3409
v 2772.949 1473.104 96.041
f 3409 3543 3544
v 2772.949 1473.104 18.041
f 3541 3545 3542
v 2772.949 1473.104 16.041
f 3541 3546 3545
v 2772.949 1373.104 16.041
v 2772.949 1373.104 18.041
f 3546 3547 3548
f 3545 3546 3548
v 2807.949 1373.104 18.041
f 3548 3549 3542
f 3548 3542 3545
f 3542 3478 3477
v 2808.096 1373.104 18.045
f 3549 3550 3542
f 3542 3550 3478
v 2808.243 1373.104 18.056
f 3478 3551 3481
f 3550 3551 3478
v 2808.389 1373.104 18.074
f 3481 3552 3488
f 3551 3552 3481
v 2808.534 1373.104 18.099
f 3488 3553 3492
f 3552 3553 3488
v 2808.678 1373.104 18.131
f 3492 3554 3493
f 3553 3554 3492
v 2808.820 1373.104 18.171
f 3493 3555 3500
f 3554 3555 3493
v 2808.960 1373.104 18.217
f 3500 3556 3504
f 3555 3556 3500
v 2809.097 1373.104 18.270
f 3556 3557 3504
f 3504 3557 3505
v 2809.232 1373.104 18.329
f 3557 3558 3505
f 3505 3558 3512
v 2809.363 1373.104 18.396
f 3558 3559 3512
f 3512 3559 3513
v 2809.491 1373.104 18.468
f 3559 3560 3513
f 3513 3560 3520
v 2809.616 1373.104 18.547
f 3560 3561 3520
f 3520 3561 3521
v 2809.736 1373.104 18.632
f 3561 3562 3521
f 3521 3562 3528
v 2809.852 1373.104 18.722
f 3562 3563 3528
f 3528 3563 3529
v 2809.964 1373.104 18.819
f 3563 3564 3529
f 3529 3564 3536
v 2810.070 1373.104 18.920
f 3564 3565 3536
f 3536 3565 3537
v 2810.172 1373.104 19.027
f 3565 3566 3537
f 3537 3566 3539
v 2810.268 1373.104 19.138
f 3566 3567 3539
f 3539 3567 3534
v 2810.359 1373.104 19.254
f 3567 3568 3534
f 3534 3568 3531
v 2810.443 1373.104 19.375
f 3531 3569 3526
f 3568 3569 3531
v 2810.522 1373.104 19.499
f 3526 3570 3523
f 3569 3570 3526
v 2810.595 1373.104 19.627
f 3570 3571 3523
f 3523 3571 3518
v 2810.661 1373.104 19.759
f 3518 3572 3515
f 3571 3572 3518
v 2810.721 1373.104 19.893
f 3515 3573 3507
f 3572 3573 3515
v 2810.774 1373.104 20.031
f 3507 3574 3508
f 3573 3574 3507
v 2810.820 1373.104 20.171
f 3508 3575 3502
f 3574 3575 3508
v 2810.859 1373.104 20.312
f 3502 3576 3495
f 3575 3576 3502
v 2810.891 1373.104 20.456
f 3495 3577 3496
f 3576 3577 3495
v 2810.916 1373.104 20.601
f 3496 3578 3490
f 3577 3578 3496
v 2810.934 1373.104 20.747
f 3490 3579 3483
f 3578 3579 3490
v 2810.945 1373.104 20.894
f 3483 3580 3484
f 3579 3580 3483
v 2810.949 1373.104 21.041
f 3484 3581 3475
f 3580 3581 3484
v 2810.949 1373.104 91.041
f 3475 3581 3582
f 3473 3475 3582
v 2810.945 1373.104 91.189
f 3582 3583 3473
f 3473 3583 3471
v 2810.934 1373.104 91.335
f 3471 3584 3469
f 3583 3584 3471
v 2810.916 1373.104 91.482
f 3469 3585 3467
f 3584 3585 3469
v 2810.891 1373.104 91.627
f 3467 3586 3465
f 3585 3586 3467
v 2810.859 1373.104 91.770
f 3465 3587 3463
f 3586 3587 3465
v 2810.820 1373.104 91.912
f 3463 3588 3461
f 3587 3588 3463
v 2810.774 1373.104 92.052
f 3461 3589 3459
f 3588 3589 3461
v 2810.721 1373.104 92.189
f 3459 3590 3457
f 3589 3590 3459
v 2810.661 1373.104 92.324
f 3590 3591 3457
f 3457 3591 3455
v 2810.595 1373.104 92.456
f 3591 3592 3455
f 3455 3592 3453
v 2810.522 1373.104 92.584
f 3592 3593 3453
f 3453 3593 3451
v 2810.443 1373.104 92.708
f 3593 3594 3451
f 3451 3594 3449
v 2810.359 1373.104 92.828
f 3594 3595 3449
f 3449 3595 3447
v 2810.268 1373.104 92.945
f 3595 3596 3447
f 3447 3596 3445
v 2810.172 1373.104 93.056
f 3596 3597 3445
f 3445 3597 3443
v 2810.070 1373.104 93.163
f 3597 3598 3443
f 3443 3598 3441
v 2809.964 1373.104 93.264
f 3598 3599 3441
f 3441 3599 3439
v 2809.852 1373.104 93.360
f 3599 3600 3439
f 3439 3600 3437
v 2809.736 1373.104 93.451
f 3600 3601 3437
f 3437 3601 3435
v 2809.616 1373.104 93.536
f 3601 3602 3435
f 3435 3602 3433
v 2809.491 1373.104 93.615
f 3433 3603 3431
f 3602 3603 3433
v 2809.363 1373.104 93.687
f 3603 3604 3431
f 3431 3604 3429
v 2809.232 1373.104 93.753
f 3429 3605 3427
f 3604 3605 3429
v 2809.097 1373.104 93.813
f 3427 3606 3425
f 3605 3606 3427
v 2808.960 1373.104 93.866
f 3425 3607 3423
f 3606 3607 3425
v 2808.820 1373.104 93.912
f 3423 3608 3421
f 3607 3608 3423
v 2808.678 1373.104 93.951
f 3421 3609 3419
f 3608 3609 3421
v 2808.534 1373.104 93.984
f 3419 3610 3417
f 3609 3610 3419
v 2808.389 1373.104 94.009
f 3417 3611 3415
f 3610 3611 3417
v 2808.243 1373.104 94.027
f 3415 3612 3413
f 3611 3612 3415
f 3411 3408 3410
v 2808.096 1373.104 94.038
f 3413 3613 3411
f 3612 3613 3413
f 3411 3613 3408
v 2807.949 1373.104 94.041
f 3613 3614 3408
v 2772.949 1373.104 94.041
f 3614 3615 3543
f 3614 3543 3408
v 2772.949 1373.104 96.041
f 3543 3615 3616
f 3544 3543 3616
v 2807.949 1373.104 96.041
f 3616 3617 3409
f 3616 3409 3544
v 2812.949 1373.104 91.041
f 3618 3474 3472
v 2812.943 1373.104 91.287
f 3619 3472 3470
f 3619 3618 3472
v 2812.925 1373.104 91.531
f 3620 3470 3468
f 3620 3619 3470
v 2812.895 1373.104 91.775
f 3621 3468 3466
f 3621 3620 3468
v 2812.853 1373.104 92.017
f 3622 3466 3464
f 3622 3621 3466
v 2812.799 1373.104 92.256
f 3623 3464 3462
f 3623 3622 3464
v 2812.734 1373.104 92.493
f 3624 3462 3460
f 3624 3623 3462
v 2812.657 1373.104 92.726
f 3625 3624 3460
f 3625 3460 3458
v 2812.568 1373.104 92.955
f 3626 3625 3458
f 3626 3458 3456
v 2812.469 1373.104 93.179
f 3627 3626 3456
f 3627 3456 3454
v 2812.358 1373.104 93.398
f 3628 3627 3454
f 3628 3454 3452
v 2812.238 1373.104 93.612
f 3629 3628 3452
f 3629 3452 3450
v 2812.106 1373.104 93.819
f 3630 3629 3450
f 3630 3450 3448
v 2811.965 1373.104 94.020
f 3631 3630 3448
f 3631 3448 3446
v 2811.814 1373.104 94.213
f 3632 3631 3446
f 3632 3446 3444
v 2811.654 1373.104 94.399
f 3633 3632 3444
f 3633 3444 3442
v 2811.484 1373.104 94.577
f 3634 3633 3442
f 3634 3442 3440
v 2811.307 1373.104 94.746
f 3635 3634 3440
f 3635 3440 3438
v 2811.121 1373.104 94.906
f 3636 3635 3438
f 3636 3438 3436
v 2810.927 1373.104 95.057
f 3637 3436 3434
f 3637 3636 3436
v 2810.727 1373.104 95.199
f 3638 3637 3434
f 3638 3434 3432
v 2810.519 1373.104 95.330
f 3639 3432 3430
f 3639 3638 3432
v 2810.306 1373.104 95.451
f 3640 3430 3428
f 3640 3639 3430
v 2810.087 1373.104 95.561
f 3641 3428 3426
f 3641 3640 3428
v 2809.862 1373.104 95.661
f 3642 3426 3424
f 3642 3641 3426
v 2809.633 1373.104 95.749
f 3643 3424 3422
f 3643 3642 3424
v 2809.400 1373.104 95.826
f 3644 3422 3420
f 3644 3643 3422
v 2809.164 1373.104 95.892
f 3645 3420 3418
f 3645 3644 3420
v 2808.924 1373.104 95.945
f 3646 3418 3416
f 3646 3645 3418
v 2808.683 1373.104 95.987
f 3647 3416 3414
f 3647 3646 3416
v 2808.439 1373.104 96.017
f 3648 3414 3412
f 3648 3647 3414
f 3409 3412 3407
v 2808.194 1373.104 96.035
f 3649 3412 3409
f 3649 3648 3412
f 3617 3649 3409
v 2812.949 1373.104 21.041
f 3474 3618 3650
f 3474 3650 3479
f 3480 3541 3476
v 2808.194 1373.104 16.047
v 2807.949 1373.104 16.041
f 3651 3652 3541
f 3651 3541 3480
v 2808.439 1373.104 16.065
f 3653 3480 3485
f 3653 3651 3480
v 2808.683 1373.104 16.096
f 3654 3485 3487
f 3654 3653 3485
v 2808.924 1373.104 16.137
f 3655 3487 3491
f 3655 3654 3487
v 2809.164 1373.104 16.191
f 3656 3491 3497
f 3656 3655 3491
v 2809.400 1373.104 16.257
f 3657 3497 3499
f 3657 3656 3497
v 2809.633 1373.104 16.334
f 3658 3657 3499
f 3658 3499 3503
v 2809.862 1373.104 16.422
f 3659 3658 3503
f 3659 3503 3509
v 2810.087 1373.104 16.521
f 3660 3659 3509
f 3660 3509 3511
v 2810.306 1373.104 16.632
f 3661 3660 3511
f 3661 3511 3516
v 2810.519 1373.104 16.753
f 3662 3661 3516
f 3662 3516 3519
v 2810.727 1373.104 16.884
f 3663 3662 3519
f 3663 3519 3524
v 2810.927 1373.104 17.025
f 3664 3663 3524
f 3664 3524 3527
v 2811.121 1373.104 17.176
f 3665 3664 3527
f 3665 3527 3532
v 2811.307 1373.104 17.337
f 3666 3665 3532
f 3666 3532 3535
v 2811.484 1373.104 17.506
f 3667 3666 3535
f 3667 3535 3540
v 2811.654 1373.104 17.684
f 3668 3667 3540
f 3668 3540 3538
v 2811.814 1373.104 17.869
f 3669 3668 3538
f 3669 3538 3533
v 2811.965 1373.104 18.063
f 3670 3533 3530
f 3670 3669 3533
v 2812.106 1373.104 18.264
f 3671 3530 3525
f 3671 3670 3530
v 2812.238 1373.104 18.471
f 3672 3671 3525
f 3672 3525 3522
v 2812.358 1373.104 18.684
f 3673 3517 3514
f 3673 3522 3517
f 3673 3672 3522
v 2812.469 1373.104 18.904
f 3674 3514 3510
f 3674 3673 3514
v 2812.568 1373.104 19.128
f 3675 3510 3506
f 3675 3674 3510
v 2812.657 1373.104 19.357
f 3676 3506 3501
f 3676 3675 3506
v 2812.734 1373.104 19.590
f 3677 3501 3498
f 3677 3676 3501
v 2812.799 1373.104 19.826
f 3678 3498 3494
f 3678 3677 3498
v 2812.853 1373.104 20.066
f 3679 3494 3489
f 3679 3678 3494
v 2812.895 1373.104 20.308
f 3680 3489 3486
f 3680 3679 3489
v 2812.925 1373.104 20.551
f 3681 3486 3482
f 3681 3680 3486
v 2812.943 1373.104 20.796
f 3682 3482 3479
f 3682 3681 3482
f 3650 3682 3479
f 3652 3547 3546
f 3652 3546 3541
f 3598 3633 3634
f 3599 3634 3635
f 3599 3598 3634
f 3597 3632 3633
f 3597 3633 3598
f 3600 3599 3635
f 3600 3635 3636
f 3596 3631 3632
f 3596 3632 3597
f 3601 3636 3637
f 3601 3600 3636
f 3595 3631 3596
f 3595 3630 3631
f 3602 3601 3637
f 3602 3637 3638
f 3594 3630 3595
f 3594 3629 3630
f 3603 3602 3638
f 3603 3638 3639
f 3593 3629 3594
f 3593 3628 3629
f 3604 3639 3640
f 3604 3603 3639
f 3592 3628 3593
f 3592 3627 3628
f 3605 3604 3640
f 3605 3640 3641
f 3591 3627 3592
f 3591 3626 3627
f 3606 3605 3641
f 3606 3641 3642
f 3590 3626 3591
f 3590 3625 3626
f 3607 3642 3643
f 3607 3606 3642
f 3589 3625 3590
f 3589 3624 3625
f 3608 3643 3644
f 3608 3607 3643
f 3588 3624 3589
f 3588 3623 3624
f 3609 3608 3644
f 3609 3644 3645
f 3587 3622 3623
f 3587 3623 3588
f 3610 3609 3645
f 3610 3645 3646
f 3586 3621 3622
f 3586 3622 3587
f 3611 3610 3646
f 3611 3646 3647
f 3585 3621 3586
f 3585 3620 3621
f 3612 3611 3647
f 3612 3647 3648
f 3584 3619 3620
f 3584 3620 3585
f 3613 3612 3648
f 3613 3648 3649
f 3583 3618 3619
f 3583 3619 3584
f 3614 3613 3649
f 3614 3649 3617
f 3582 3618 3583
f 3615 3617 3616
f 3615 3614 3617
f 3650 3618 3582
f 3581 3650 3582
f 3580 3682 3650
f 3580 3650 3581
f 3579 3681 3682
f 3579 3682 3580
f 3578 3680 3681
f 3578 3681 3579
f 3577 3679 3680
f 3577 3680 3578
f 3576 3677 3678
f 3576 3678 3679
f 3576 3679 3577
f 3575 3677 3576
f 3574 3676 3677
f 3574 3677 3575
f 3573 3676 3574
f 3573 3674 3675
f 3573 3675 3676
f 3572 3674 3573
f 3571 3674 3572
f 3571 3672 3673
f 3571 3673 3674
f 3570 3672 3571
f 3569 3672 3570
f 3569 3670 3671
f 3569 3671 3672
f 3568 3669 3670
f 3568 3670 3569
f 3567 3669 3568
f 3566 3668 3669
f 3566 3669 3567
f 3667 3668 3566
f 3565 3667 3566
f 3666 3565 3564
f 3666 3667 3565
f 3665 3564 3563
f 3665 3666 3564
f 3664 3563 3562
f 3664 3665 3563
f 3663 3562 3561
f 3663 3664 3562
f 3662 3561 3560
f 3662 3663 3561
f 3661 3560 3559
f 3661 3662 3560
f 3660 3559 3558
f 3660 3558 3557
f 3660 3661 3559
f 3659 3660 3557
f 3658 3557 3556
f 3658 3659 3557
f 3657 3556 3555
f 3657 3658 3556
f 3656 3555 3554
f 3656 3554 3553
f 3656 3657 3555
f 3655 3656 3553
f 3654 3553 3552
f 3654 3655 3553
f 3653 3552 3551
f 3653 3551 3550
f 3653 3654 3552
f 3651 3653 3550
f 3652 3651 3550
f 3652 3550 3549
f 3548 3652 3549
f 3547 3652 3548
o main_4
v 2810.949 1524.604 244.946
v 2810.949 1524.590 244.373
v 2812.949 1524.604 244.946
f 3683 3684 3685
v 2812.949 1524.590 244.373
f 3685 3684 3686
v 2810.949 1524.547 243.801
f 3684 3687 3686
v 2812.949 1524.547 243.801
f 3686 3687 3688
v 2810.949 1524.476 243.232
f 3687 3689 3688
v 2812.949 1524.476 243.232
f 3688 3689 3690
v 2810.949 1524.376 242.668
f 3689 3691 3690
v 2812.949 1524.376 242.668
f 3690 3691 3692
v 2810.949 1524.248 242.109
f 3691 3693 3692
v 2812.949 1524.248 242.109
f 3692 3693 3694
v 2810.949 1524.093 241.557
f 3693 3695 3694
v 2812.949 1524.093 241.557
f 3694 3695 3696
v 2810.949 1523.910 241.013
f 3695 3697 3696
v 2812.949 1523.910 241.013
f 3696 3697 3698
v 2810.949 1523.701 240.479
f 3697 3699 3698
v 2812.949 1523.701 240.479
f 3698 3699 3700
v 2810.949 1523.465 239.957
f 3699 3701 3700
v 2812.949 1523.465 239.957
f 3700 3701 3702
v 2810.949 1523.204 239.446
f 3701 3703 3702
v 2812.949 1523.204 239.446
f 3702 3703 3704
v 2810.949 1522.917 238.950
f 3703 3705 3704
v 2812.949 1522.917 238.950
f 3704 3705 3706
v 2810.949 1522.606 238.468
v 2812.949 1522.606 238.468
f 3706 3707 3708
f 3705 3707 3706
v 2810.949 1522.271 238.003
v 2812.949 1522.271 238.003
f 3708 3709 3710
f 3707 3709 3708
v 2810.949 1521.914 237.554
v 2812.949 1521.914 237.554
f 3710 3711 3712
f 3709 3711 3710
v 2810.949 1521.534 237.124
v 2812.949 1521.534 237.124
f 3712 3713 3714
f 3711 3713 3712
v 2810.949 1521.134 236.714
v 2812.949 1521.134 236.714
f 3714 3715 3716
f 3713 3715 3714
v 2810.949 1520.713 236.324
v 2812.949 1520.713 236.324
f 3716 3717 3718
f 3715 3717 3716
v 2810.949 1520.274 235.955
f 3717 3719 3718
v 2812.949 1520.274 235.955
f 3718 3719 3720
v 2810.949 1519.817 235.609
f 3719 3721 3720
v 2812.949 1519.817 235.609
f 3720 3721 3722
v 2810.949 1519.343 235.286
f 3721 3723 3722
v 2812.949 1519.343 235.286
f 3722 3723 3724
v 2810.949 1518.854 234.987
f 3723 3725 3724
v 2812.949 1518.854 234.987
f 3724 3725 3726
v 2810.949 1518.350 234.713
f 3725 3727 3726
v 2812.949 1518.350 234.713
f 3726 3727 3728
v 2810.949 1517.834 234.464
f 3727 3729 3728
v 2812.949 1517.834 234.464
f 3728 3729 3730
v 2810.949 1517.305 234.241
f 3729 3731 3730
v 2812.949 1517.305 234.241
f 3730 3731 3732
v 2810.949 1516.767 234.045
f 3731 3733 3732
v 2812.949 1516.767 234.045
f 3732 3733 3734
v 2810.949 1516.219 233.876
f 3733 3735 3734
v 2812.949 1516.219 233.876
f 3734 3735 3736
v 2810.949 1515.663 233.735
f 3735 3737 3736
v 2812.949 1515.663 233.735
f 3736 3737 3738
v 2810.949 1515.101 233.621
f 3737 3739 3738
v 2812.949 1515.101 233.621
f 3738 3739 3740
v 2810.949 1514.534 233.536
f 3739 3741 3740
v 2812.949 1514.534 233.536
f 3740 3741 3742
v 2810.949 1513.963 233.478
f 3741 3743 3742
v 2812.949 1513.963 233.478
f 3742 3743 3744
v 2810.949 1513.391 233.450
f 3743 3745 3744
v 2812.949 1513.391 233.450
f 3744 3745 3746
v 2810.949 1512.817 233.450
f 3745 3747 3746
v 2812.949 1512.817 233.450
f 3746 3747 3748
v 2810.949 1512.245 233.478
f 3747 3749 3748
v 2812.949 1512.245 233.478
f 3748 3749 3750
v 2810.949 1511.674 233.536
f 3749 3751 3750
v 2812.949 1511.674 233.536
f 3750 3751 3752
v 2810.949 1511.107 233.621
f 3751 3753 3752
v 2812.949 1511.107 233.621
f 3752 3753 3754
v 2810.949 1510.545 233.735
v 2812.949 1510.545 233.735
f 3754 3755 3756
f 3753 3755 3754
v 2810.949 1509.989 233.876
v 2812.949 1509.989 233.876
f 3756 3757 3758
f 3755 3757 3756
v 2810.949 1509.441 234.045
v 2812.949 1509.441 234.045
f 3758 3759 3760
f 3757 3759 3758
v 2810.949 1508.903 234.241
v 2812.949 1508.903 234.241
f 3760 3761 3762
f 3759 3761 3760
v 2810.949 1508.374 234.464
v 2812.949 1508.374 234.464
f 3762 3763 3764
f 3761 3763 3762
v 2810.949 1507.858 234.713
v 2812.949 1507.858 234.713
f 3764 3765 3766
f 3763 3765 3764
v 2810.949 1507.354 234.987
v 2812.949 1507.354 234.987
f 3766 3767 3768
f 3765 3767 3766
v 2810.949 1506.865 235.286
f 3767 3769 3768
v 2812.949 1506.865 235.286
f 3768 3769 3770
v 2810.949 1506.391 235.609
f 3769 3771 3770
v 2812.949 1506.391 235.609
f 3770 3771 3772
v 2810.949 1505.934 235.955
f 3771 3773 3772
v 2812.949 1505.934 235.955
f 3772 3773 3774
v 2810.949 1505.495 236.324
v 2812.949 1505.495 236.324
f 3774 3775 3776
f 3773 3775 3774
v 2810.949 1505.074 236.714
v 2812.949 1505.074 236.714
f 3776 3777 3778
f 3775 3777 3776
v 2810.949 1504.674 237.124
v 2812.949 1504.674 237.124
f 3778 3779 3780
f 3777 3779 3778
v 2810.949 1504.294 237.554
v 2812.949 1504.294 237.554
f 3780 3781 3782
f 3779 3781 3780
v 2810.949 1503.937 238.003
v 2812.949 1503.937 238.003
f 3782 3783 3784
f 3781 3783 3782
v 2810.949 1503.602 238.468
v 2812.949 1503.602 238.468
f 3784 3785 3786
f 3783 3785 3784
v 2810.949 1503.291 238.950
v 2812.949 1503.291 238.950
f 3786 3787 3788
f 3785 3787 3786
v 2810.949 1503.004 239.446
v 2812.949 1503.004 239.446
f 3788 3789 3790
f 3787 3789 3788
v 2810.949 1502.743 239.957
v 2812.949 1502.743 239.957
f 3790 3791 3792
f 3789 3791 3790
v 2810.949 1502.507 240.479
v 2812.949 1502.507 240.479
f 3792 3793 3794
f 3791 3793 3792
v 2810.949 1502.298 241.013
v 2812.949 1502.298 241.013
f 3794 3795 3796
f 3793 3795 3794
v 2810.949 1502.115 241.557
v 2812.949 1502.115 241.557
f 3796 3797 3798
f 3795 3797 3796
v 2810.949 1501.960 242.109
v 2812.949 1501.960 242.109
f 3798 3799 3800
f 3797 3799 3798
v 2810.949 1501.832 242.668
v 2812.949 1501.832 242.668
f 3800 3801 3802
f 3799 3801 3800
v 2810.949 1501.732 243.232
v 2812.949 1501.732 243.232
f 3802 3803 3804
f 3801 3803 3802
v 2810.949 1501.661 243.801
v 2812.949 1501.661 243.801
f 3804 3805 3806
f 3803 3805 3804
v 2810.949 1501.618 244.373
v 2812.949 1501.618 244.373
f 3806 3807 3808
f 3805 3807 3806
v 2810.949 1501.604 244.946
f 3807 3809 3808
v 2812.949 1501.604 244.946
f 3808 3809 3810
v 2810.949 1524.604 385.583
f 3683 3685 3811
v 2812.949 1524.604 385.583
f 3811 3685 3812
v 2812.949 1501.604 385.583
v 2810.949 1501.604 385.583
f 3813 3809 3814
f 3810 3809 3813
v 2812.949 1505.074 393.816
v 2812.949 1505.495 394.206
v 2812.949 1504.674 393.405
f 3815 3816 3817
v 2812.949 1503.937 392.527
v 2812.949 1504.294 392.975
f 3817 3818 3819
v 2812.949 1505.934 394.574
v 2812.949 1506.391 394.920
f 3820 3821 3816
f 3816 3821 3817
v 2812.949 1503.291 391.580
v 2812.949 1503.602 392.061
f 3818 3822 3823
v 2812.949 1506.865 395.243
v 2812.949 1507.354 395.542
f 3824 3825 3821
v 2812.949 1503.004 391.083
f 3818 3826 3822
v 2812.949 1507.858 395.817
f 3825 3827 3821
v 2812.949 1502.507 390.050
v 2812.949 1502.743 390.573
f 3826 3828 3829
v 2812.949 1508.374 396.065
v 2812.949 1508.903 396.288
f 3830 3831 3827
f 3821 3831 3817
f 3827 3831 3821
v 2812.949 1502.298 389.516
f 3826 3832 3828
v 2812.949 1509.441 396.484
v 2812.949 1509.989 396.653
f 3833 3834 3831
v 2812.949 1510.545 396.795
f 3834 3835 3831
v 2812.949 1502.115 388.973
v 2812.949 1501.832 387.862
v 2812.949 1501.960 388.421
f 3836 3837 3838
f 3832 3837 3836
f 3818 3837 3826
f 3826 3837 3832
v 2812.949 1511.107 396.908
v 2812.949 1511.674 396.994
f 3839 3840 3835
v 2812.949 1501.661 386.728
v 2812.949 1501.732 387.297
f 3837 3841 3842
v 2812.949 1501.618 386.156
f 3837 3843 3841
f 3837 3813 3843
v 2812.949 1512.245 397.051
v 2812.949 1513.391 397.080
f 3844 3845 3840
v 2812.949 1512.817 397.080
f 3846 3845 3844
v 2812.949 1513.963 397.051
v 2812.949 1514.534 396.994
f 3847 3848 3845
v 2812.949 1515.101 396.908
f 3817 3849 3818
f 3831 3849 3817
f 3840 3849 3835
f 3835 3849 3831
f 3845 3849 3840
f 3848 3849 3845
v 2812.949 1515.663 396.795
v 2812.949 1517.834 396.065
f 3850 3851 3849
v 2812.949 1516.219 396.653
f 3852 3851 3850
v 2812.949 1516.767 396.484
f 3853 3851 3852
v 2812.949 1517.305 396.288
f 3854 3851 3853
v 2812.949 1518.350 395.817
v 2812.949 1518.854 395.542
f 3855 3856 3851
v 2812.949 1519.817 394.920
f 3851 3857 3849
f 3856 3857 3851
v 2812.949 1519.343 395.243
f 3858 3857 3856
v 2812.949 1520.713 394.206
v 2812.949 1521.134 393.816
v 2812.949 1520.274 394.574
f 3859 3860 3861
v 2812.949 1521.914 392.975
f 3857 3862 3849
f 3860 3862 3861
f 3861 3862 3857
v 2812.949 1521.534 393.405
f 3863 3862 3860
f 3849 3862 3818
v 2812.949 1522.271 392.527
v 2812.949 1523.204 391.083
f 3864 3865 3862
v 2812.949 1522.606 392.061
f 3866 3865 3864
v 2812.949 1522.917 391.580
f 3867 3865 3866
v 2812.949 1523.701 390.050
f 3865 3868 3862
v 2812.949 1523.465 390.573
f 3869 3868 3865
v 2812.949 1524.093 388.973
f 3868 3870 3862
v 2812.949 1523.910 389.516
f 3871 3870 3868
v 2812.949 1524.248 388.421
v 2812.949 1524.376 387.862
f 3872 3873 3870
v 2812.949 1524.476 387.297
f 3862 3874 3818
f 3870 3874 3862
f 3873 3874 3870
f 3818 3874 3837
v 2812.949 1524.590 386.156
f 3874 3875 3837
v 2812.949 1524.547 386.728
f 3876 3875 3874
f 3837 3875 3813
f 3875 3812 3813
f 3812 3810 3813
f 3804 3800 3802
f 3806 3800 3804
f 3808 3800 3806
f 3810 3798 3808
f 3808 3798 3800
f 3796 3792 3794
f 3798 3792 3796
f 3792 3788 3790
f 3810 3788 3798
f 3798 3788 3792
f 3788 3784 3786
f 3780 3776 3778
f 3782 3776 3780
f 3776 3772 3774
f 3782 3770 3776
f 3776 3770 3772
f 3766 3762 3764
f 3758 3752 3756
f 3756 3752 3754
f 3752 3748 3750
f 3768 3685 3766
f 3770 3685 3768
f 3784 3685 3782
f 3812 3685 3810
f 3810 3685 3788
f 3788 3685 3784
f 3782 3685 3770
f 3760 3686 3758
f 3766 3686 3762
f 3762 3686 3760
f 3685 3686 3766
f 3758 3686 3752
f 3686 3688 3752
f 3746 3742 3744
f 3748 3742 3746
f 3748 3740 3742
f 3690 3692 3688
f 3748 3738 3740
f 3692 3694 3688
f 3752 3736 3748
f 3748 3736 3738
f 3694 3698 3688
f 3696 3698 3694
f 3734 3730 3732
f 3736 3730 3734
f 3698 3702 3688
f 3700 3702 3698
f 3704 3708 3702
f 3706 3708 3704
f 3736 3722 3730
f 3726 3722 3724
f 3728 3722 3726
f 3730 3722 3728
f 3688 3710 3752
f 3752 3710 3736
f 3708 3710 3702
f 3702 3710 3688
f 3736 3720 3722
f 3712 3714 3710
f 3710 3716 3736
f 3736 3716 3720
f 3714 3716 3710
f 3720 3716 3718
f 3715 3719 3717
f 3713 3719 3715
f 3711 3709 3713
f 3719 3723 3721
f 3707 3705 3709
f 3719 3725 3723
f 3705 3703 3709
f 3709 3727 3713
f 3713 3727 3719
f 3719 3727 3725
f 3701 3699 3703
f 3703 3699 3709
f 3729 3733 3731
f 3727 3733 3729
f 3697 3695 3699
f 3695 3693 3699
f 3735 3739 3737
f 3733 3739 3735
f 3709 3739 3727
f 3727 3739 3733
f 3691 3689 3693
f 3687 3684 3689
f 3689 3684 3693
f 3693 3684 3699
f 3743 3747 3745
f 3743 3749 3747
f 3741 3749 3743
f 3749 3753 3751
f 3749 3755 3753
f 3709 3755 3739
f 3741 3755 3749
f 3739 3755 3741
f 3755 3759 3757
f 3759 3763 3761
f 3759 3765 3763
f 3755 3765 3759
f 3771 3775 3773
f 3769 3775 3771
f 3769 3777 3775
f 3699 3777 3709
f 3709 3777 3755
f 3767 3777 3769
f 3765 3777 3767
f 3755 3777 3765
f 3779 3783 3781
f 3777 3783 3779
f 3785 3789 3787
f 3783 3789 3785
f 3783 3791 3789
f 3791 3795 3793
f 3791 3797 3795
f 3777 3799 3783
f 3783 3799 3791
f 3791 3799 3797
f 3699 3803 3777
f 3777 3803 3799
f 3799 3803 3801
f 3684 3803 3699
f 3684 3807 3803
f 3803 3807 3805
f 3683 3809 3684
f 3684 3809 3807
v 2810.949 1524.590 386.156
v 2810.949 1524.547 386.728
f 3877 3878 3811
v 2810.949 1524.376 387.862
v 2810.949 1524.248 388.421
v 2810.949 1524.476 387.297
f 3879 3880 3881
v 2810.949 1524.093 388.973
v 2810.949 1523.910 389.516
f 3882 3883 3880
f 3880 3883 3881
v 2810.949 1523.701 390.050
f 3883 3884 3881
v 2810.949 1523.465 390.573
f 3881 3885 3878
f 3878 3885 3811
f 3884 3885 3881
v 2810.949 1523.204 391.083
f 3885 3886 3811
v 2810.949 1522.917 391.580
f 3886 3887 3811
v 2810.949 1522.606 392.061
v 2810.949 1521.914 392.975
f 3888 3889 3887
v 2810.949 1522.271 392.527
f 3890 3889 3888
v 2810.949 1521.534 393.405
f 3889 3891 3887
v 2810.949 1521.134 393.816
f 3887 3892 3811
f 3891 3892 3887
v 2810.949 1520.713 394.206
v 2810.949 1520.274 394.574
f 3893 3894 3892
v 2810.949 1519.817 394.920
f 3894 3895 3892
f 3892 3895 3811
v 2810.949 1519.343 395.243
v 2810.949 1518.854 395.542
f 3896 3897 3895
f 3895 3897 3811
v 2810.949 1518.350 395.817
v 2810.949 1517.305 396.288
f 3898 3899 3897
v 2810.949 1517.834 396.065
f 3900 3899 3898
v 2810.949 1516.767 396.484
f 3897 3901 3811
f 3899 3901 3897
v 2810.949 1516.219 396.653
v 2810.949 1515.101 396.908
f 3902 3903 3901
v 2810.949 1515.663 396.795
f 3904 3903 3902
v 2810.949 1514.534 396.994
f 3903 3905 3901
v 2810.949 1513.963 397.051
v 2810.949 1513.391 397.080
f 3906 3907 3905
f 3683 3814 3809
f 3811 3814 3683
v 2810.949 1512.817 397.080
f 3907 3908 3905
v 2810.949 1501.661 386.728
f 3811 3909 3814
v 2810.949 1501.618 386.156
f 3814 3909 3910
v 2810.949 1512.245 397.051
v 2810.949 1511.674 396.994
f 3911 3912 3908
f 3908 3912 3905
v 2810.949 1501.732 387.297
f 3811 3913 3909
v 2810.949 1511.107 396.908
v 2810.949 1510.545 396.795
f 3914 3915 3912
v 2810.949 1501.832 387.862
v 2810.949 1502.115 388.973
v 2810.949 1501.960 388.421
f 3916 3917 3918
f 3913 3917 3916
v 2810.949 1509.441 396.484
f 3905 3919 3901
f 3912 3919 3905
f 3915 3919 3912
v 2810.949 1509.989 396.653
f 3920 3919 3915
v 2810.949 1502.298 389.516
f 3811 3921 3913
f 3913 3921 3917
v 2810.949 1508.903 396.288
v 2810.949 1508.374 396.065
f 3922 3923 3919
v 2810.949 1502.743 390.573
f 3811 3924 3921
v 2810.949 1502.507 390.050
f 3921 3924 3925
v 2810.949 1507.858 395.817
f 3923 3926 3919
v 2810.949 1503.004 391.083
v 2810.949 1503.602 392.061
v 2810.949 1503.291 391.580
f 3927 3928 3929
v 2810.949 1507.354 395.542
v 2810.949 1506.391 394.920
f 3930 3931 3926
v 2810.949 1506.865 395.243
f 3932 3931 3930
f 3926 3931 3919
v 2810.949 1504.294 392.975
v 2810.949 1503.937 392.527
f 3928 3933 3934
f 3924 3933 3927
f 3927 3933 3928
v 2810.949 1505.074 393.816
f 3901 3935 3811
v 2810.949 1505.934 394.574
f 3936 3935 3931
f 3919 3935 3901
v 2810.949 1505.495 394.206
f 3937 3935 3936
f 3811 3935 3924
v 2810.949 1504.674 393.405
f 3933 3935 3938
f 3931 3935 3919
f 3924 3935 3933
v 2812.943 1548.349 671.041
v 2812.949 1548.104 -33.959
v 2812.943 1548.349 -33.959
f 3939 3940 3941
v 2812.949 1548.104 671.041
f 3939 3942 3940
v 2812.925 1548.594 671.041
v 2812.925 1548.594 -33.959
f 3943 3941 3944
f 3943 3939 3941
v 2812.895 1548.838 671.041
v 2812.895 1548.838 -33.959
f 3945 3944 3946
f 3945 3943 3944
v 2812.853 1549.079 671.041
v 2812.853 1549.079 -33.959
f 3947 3946 3948
f 3947 3945 3946
v 2812.799 1549.319 671.041
v 2812.799 1549.319 -33.959
f 3949 3948 3950
f 3949 3947 3948
v 2812.734 1549.555 671.041
v 2812.734 1549.555 -33.959
f 3951 3950 3952
f 3951 3949 3950
v 2812.657 1549.788 671.041
v 2812.657 1549.788 -33.959
f 3953 3952 3954
f 3953 3951 3952
v 2812.568 1550.017 671.041
f 3955 3953 3954
v 2812.568 1550.017 -33.959
f 3955 3954 3956
v 2812.469 1550.242 671.041
f 3957 3955 3956
v 2812.469 1550.242 -33.959
f 3957 3956 3958
v 2812.358 1550.461 671.041
f 3959 3957 3958
v 2812.358 1550.461 -33.959
f 3959 3958 3960
v 2812.238 1550.675 671.041
f 3961 3959 3960
v 2812.238 1550.675 -33.959
f 3961 3960 3962
v 2812.106 1550.882 671.041
v 2812.106 1550.882 -33.959
f 3963 3962 3964
f 3963 3961 3962
v 2811.965 1551.083 671.041
v 2811.965 1551.083 -33.959
f 3965 3964 3966
f 3965 3963 3964
v 2811.814 1551.276 671.041
v 2811.814 1551.276 -33.959
f 3967 3966 3968
f 3967 3965 3966
v 2811.654 1551.462 671.041
v 2811.654 1551.462 -33.959
f 3969 3968 3970
f 3969 3967 3968
v 2811.484 1551.640 671.041
v 2811.484 1551.640 -33.959
f 3971 3970 3972
f 3971 3969 3970
v 2811.307 1551.809 671.041
v 2811.307 1551.809 -33.959
f 3973 3972 3974
f 3973 3971 3972
v 2811.121 1551.969 671.041
v 2811.121 1551.969 -33.959
f 3975 3974 3976
f 3975 3973 3974
v 2810.927 1552.120 671.041
v 2810.927 1552.120 -33.959
f 3977 3976 3978
f 3977 3975 3976
v 2810.727 1552.261 671.041
v 2810.727 1552.261 -33.959
f 3979 3978 3980
f 3979 3977 3978
v 2810.519 1552.393 671.041
v 2810.519 1552.393 -33.959
f 3981 3980 3982
f 3981 3979 3980
v 2810.306 1552.514 671.041
v 2810.306 1552.514 -33.959
f 3983 3982 3984
f 3983 3981 3982
v 2810.087 1552.624 671.041
v 2810.087 1552.624 -33.959
f 3985 3984 3986
f 3985 3983 3984
v 2809.862 1552.723 671.041
v 2809.862 1552.723 -33.959
f 3987 3986 3988
f 3987 3985 3986
v 2809.633 1552.812 671.041
v 2809.633 1552.812 -33.959
f 3989 3988 3990
f 3989 3987 3988
v 2809.400 1552.889 671.041
v 2809.400 1552.889 -33.959
f 3991 3990 3992
f 3991 3989 3990
v 2809.164 1552.954 671.041
v 2809.164 1552.954 -33.959
f 3993 3992 3994
f 3993 3991 3992
v 2808.924 1553.008 671.041
v 2808.924 1553.008 -33.959
f 3995 3994 3996
f 3995 3993 3994
v 2808.683 1553.050 671.041
v 2808.683 1553.050 -33.959
f 3997 3996 3998
f 3997 3995 3996
v 2808.439 1553.080 671.041
v 2808.439 1553.080 -33.959
f 3999 3998 4000
f 3999 3997 3998
v 2808.194 1553.098 671.041
v 2808.194 1553.098 -33.959
f 4001 4000 4002
f 4001 3999 4000
v 2807.949 1553.104 671.041
v 2807.949 1553.104 -33.959
f 4003 4002 4004
f 4003 4001 4002
v 2772.949 1553.104 -33.959
v 2772.949 1553.104 671.041
f 4004 4005 4006
f 4004 4006 4003
v 2810.949 1548.104 -33.959
v 2810.949 1548.104 671.041
v 2810.945 1548.251 -33.959
f 4007 4008 4009
v 2810.945 1548.251 671.041
v 2810.934 1548.398 -33.959
f 4009 4010 4011
f 4008 4010 4009
v 2810.934 1548.398 671.041
v 2810.916 1548.544 -33.959
f 4011 4012 4013
f 4010 4012 4011
v 2810.916 1548.544 671.041
v 2810.891 1548.689 -33.959
f 4013 4014 4015
f 4012 4014 4013
v 2810.891 1548.689 671.041
v 2810.859 1548.833 -33.959
f 4015 4016 4017
f 4014 4016 4015
v 2810.859 1548.833 671.041
v 2810.820 1548.975 -33.959
f 4017 4018 4019
f 4016 4018 4017
v 2810.820 1548.975 671.041
v 2810.774 1549.115 -33.959
f 4019 4020 4021
f 4018 4020 4019
v 2810.774 1549.115 671.041
v 2810.721 1549.252 -33.959
f 4021 4022 4023
f 4020 4022 4021
v 2810.721 1549.252 671.041
f 4022 4024 4023
v 2810.661 1549.387 -33.959
f 4023 4024 4025
v 2810.661 1549.387 671.041
f 4024 4026 4025
v 2810.595 1549.518 -33.959
f 4025 4026 4027
v 2810.595 1549.518 671.041
v 2810.522 1549.646 -33.959
f 4027 4028 4029
f 4026 4028 4027
v 2810.522 1549.646 671.041
v 2810.443 1549.771 -33.959
f 4029 4030 4031
f 4028 4030 4029
v 2810.443 1549.771 671.041
v 2810.359 1549.891 -33.959
f 4031 4032 4033
f 4030 4032 4031
v 2810.359 1549.891 671.041
v 2810.268 1550.007 -33.959
f 4033 4034 4035
f 4032 4034 4033
v 2810.268 1550.007 671.041
v 2810.172 1550.119 -33.959
f 4035 4036 4037
f 4034 4036 4035
v 2810.172 1550.119 671.041
v 2810.070 1550.225 -33.959
f 4037 4038 4039
f 4036 4038 4037
v 2810.070 1550.225 671.041
v 2809.964 1550.327 -33.959
f 4039 4040 4041
f 4038 4040 4039
v 2809.964 1550.327 671.041
v 2809.852 1550.423 -33.959
f 4041 4042 4043
f 4040 4042 4041
v 2809.852 1550.423 671.041
v 2809.736 1550.514 -33.959
f 4043 4044 4045
f 4042 4044 4043
v 2809.736 1550.514 671.041
v 2809.616 1550.598 -33.959
f 4045 4046 4047
f 4044 4046 4045
v 2809.616 1550.598 671.041
v 2809.491 1550.677 -33.959
f 4047 4048 4049
f 4046 4048 4047
v 2809.491 1550.677 671.041
v 2809.363 1550.750 -33.959
f 4049 4050 4051
f 4048 4050 4049
v 2809.363 1550.750 671.041
f 4050 4052 4051
v 2809.232 1550.816 671.041
v 2809.232 1550.816 -33.959
f 4051 4053 4054
v 2809.097 1550.876 -33.959
f 4054 4053 4055
f 4052 4053 4051
v 2809.097 1550.876 671.041
f 4053 4056 4055
v 2808.960 1550.929 671.041
v 2808.960 1550.929 -33.959
f 4055 4057 4058
v 2808.820 1550.975 -33.959
f 4058 4057 4059
f 4056 4057 4055
v 2808.820 1550.975 671.041
v 2808.678 1551.014 -33.959
f 4059 4060 4061
f 4057 4060 4059
v 2808.678 1551.014 671.041
f 4060 4062 4061
v 2808.534 1551.046 671.041
v 2808.534 1551.046 -33.959
f 4061 4063 4064
f 4062 4063 4061
v 2808.389 1551.072 671.041
v 2808.389 1551.072 -33.959
f 4064 4065 4066
v 2808.243 1551.090 -33.959
f 4066 4065 4067
f 4063 4065 4064
v 2808.243 1551.090 671.041
f 4065 4068 4067
v 2808.096 1551.100 671.041
v 2808.096 1551.100 -33.959
f 4067 4069 4070
f 4068 4069 4067
v 2807.949 1551.104 671.041
v 2807.949 1551.104 -33.959
f 4070 4071 4072
f 4069 4071 4070
v 2772.949 1551.104 -33.959
f 4073 4072 4071
v 2772.949 1551.104 671.041
f 4073 4071 4074
f 4074 4005 4073
f 4074 4006 4005
f 4004 4073 4005
f 4072 4073 4004
f 4070 4004 4002
f 4070 4072 4004
f 4067 4002 4000
f 4067 4070 4002
f 4066 4000 3998
f 4066 4067 4000
f 4064 3998 3996
f 4064 4066 3998
f 4061 3996 3994
f 4061 4064 3996
f 4059 3994 3992
f 4059 4061 3994
f 4058 3992 3990
f 4058 4059 3992
f 4055 3990 3988
f 4055 4058 3990
f 4054 3988 3986
f 4054 4055 3988
f 4051 3986 3984
f 4051 4054 3986
f 4049 3984 3982
f 4049 4051 3984
f 4047 3982 3980
f 4047 4049 3982
f 4045 3980 3978
f 4045 4047 3980
f 4043 3978 3976
f 4043 4045 3978
f 4041 3976 3974
f 4041 4043 3976
f 3972 4041 3974
f 3972 4039 4041
f 4037 4039 3972
f 3970 4037 3972
f 3968 4037 3970
f 3968 4035 4037
f 3966 4033 4035
f 3966 4035 3968
f 3964 4029 4031
f 3964 4031 4033
f 3964 4033 3966
f 3962 4027 4029
f 3962 4029 3964
f 3960 4025 4027
f 3960 4027 3962
f 3958 4023 4025
f 3958 4025 3960
f 3956 4021 4023
f 3956 4023 3958
f 3954 4019 4021
f 3954 4021 3956
f 3952 4019 3954
f 3950 4015 4017
f 3950 4017 4019
f 3950 4019 3952
f 3948 4013 4015
f 3948 4015 3950
f 3946 4011 4013
f 3946 4013 3948
f 3944 4009 4011
f 3944 4011 3946
f 3941 4007 4009
f 3941 4009 3944
f 3940 4007 3941
v 2810.949 1478.104 -33.959
f 4075 4007 3940
v 2807.949 1473.104 -33.959
v 2772.949 1473.104 -33.959
v 2772.949 1475.104 -33.959
f 4076 4077 4078
v 2807.949 1475.104 -33.959
f 4076 4078 4079
v 2812.949 1478.104 -33.959
v 2810.945 1477.957 -33.959
f 4080 4081 4075
f 4080 4075 3940
v 2808.194 1473.110 -33.959
f 4082 4076 4079
v 2808.096 1475.108 -33.959
f 4082 4079 4083
v 2812.943 1477.859 -33.959
v 2810.934 1477.810 -33.959
f 4084 4085 4081
f 4084 4081 4080
v 2808.439 1473.128 -33.959
v 2808.243 1475.118 -33.959
f 4086 4083 4087
f 4086 4082 4083
v 2812.925 1477.614 -33.959
f 4088 4085 4084
v 2810.916 1477.664 -33.959
f 4088 4089 4085
v 2808.683 1473.158 -33.959
v 2808.389 1475.136 -33.959
f 4090 4087 4091
f 4090 4086 4087
v 2812.895 1477.370 -33.959
f 4092 4089 4088
v 2808.924 1473.200 -33.959
f 4093 4090 4091
v 2808.534 1475.162 -33.959
f 4093 4091 4094
v 2812.853 1477.129 -33.959
f 4095 4089 4092
v 2810.859 1477.375 -33.959
v 2810.891 1477.519 -33.959
f 4095 4096 4097
f 4095 4097 4089
v 2809.164 1473.254 -33.959
f 4098 4093 4094
v 2808.678 1475.194 -33.959
f 4098 4094 4099
v 2812.799 1476.889 -33.959
f 4100 4096 4095
v 2810.820 1477.233 -33.959
f 4100 4101 4096
v 2809.400 1473.319 -33.959
f 4102 4098 4099
v 2808.820 1475.233 -33.959
f 4102 4099 4103
v 2812.734 1476.653 -33.959
f 4104 4101 4100
v 2809.633 1473.396 -33.959
f 4105 4102 4103
v 2808.960 1475.279 -33.959
f 4105 4103 4106
v 2812.657 1476.420 -33.959
f 4107 4101 4104
v 2810.774 1477.093 -33.959
f 4107 4108 4101
v 2809.862 1473.485 -33.959
f 4109 4105 4106
v 2809.097 1475.332 -33.959
f 4109 4106 4110
v 2812.568 1476.191 -33.959
f 4111 4108 4107
v 2810.661 1476.821 -33.959
v 2810.721 1476.956 -33.959
f 4111 4112 4113
f 4111 4113 4108
v 2810.087 1473.584 -33.959
v 2809.232 1475.392 -33.959
f 4114 4110 4115
f 4114 4109 4110
v 2812.469 1475.966 -33.959
f 4116 4112 4111
v 2810.595 1476.690 -33.959
f 4116 4117 4112
v 2810.306 1473.694 -33.959
f 4118 4114 4115
v 2809.363 1475.458 -33.959
f 4118 4115 4119
v 2812.358 1475.747 -33.959
f 4120 4117 4116
v 2810.522 1476.562 -33.959
f 4120 4121 4117
v 2810.519 1473.815 -33.959
f 4122 4118 4119
v 2809.491 1475.531 -33.959
f 4122 4119 4123
v 2809.616 1475.610 -33.959
f 4122 4123 4124
v 2812.238 1475.533 -33.959
f 4125 4121 4120
v 2810.727 1473.947 -33.959
f 4126 4122 4124
v 2812.106 1475.326 -33.959
f 4127 4121 4125
v 2810.443 1476.437 -33.959
f 4127 4128 4121
v 2810.927 1474.088 -33.959
f 4129 4126 4124
v 2809.736 1475.694 -33.959
f 4129 4124 4130
v 2811.965 1475.126 -33.959
v 2810.268 1476.201 -33.959
v 2810.359 1476.317 -33.959
f 4131 4132 4133
f 4131 4133 4128
f 4131 4128 4127
v 2811.121 1474.239 -33.959
v 2809.852 1475.785 -33.959
f 4134 4130 4135
f 4134 4129 4130
v 2811.814 1474.932 -33.959
f 4136 4132 4131
v 2811.307 1474.399 -33.959
f 4137 4134 4135
v 2809.964 1475.881 -33.959
f 4137 4135 4138
v 2811.654 1474.746 -33.959
f 4139 4132 4136
v 2810.070 1475.983 -33.959
v 2810.172 1476.089 -33.959
f 4139 4140 4141
f 4139 4141 4132
v 2811.484 1474.568 -33.959
f 4142 4140 4139
f 4142 4138 4140
f 4142 4137 4138
v 2808.194 1473.110 671.041
f 4143 4076 4082
v 2807.949 1473.104 671.041
f 4143 4144 4076
v 2808.439 1473.128 671.041
f 4145 4082 4086
f 4145 4143 4082
v 2808.683 1473.158 671.041
f 4146 4086 4090
f 4146 4145 4086
v 2808.924 1473.200 671.041
f 4147 4090 4093
f 4147 4146 4090
v 2809.164 1473.254 671.041
f 4148 4093 4098
f 4148 4147 4093
v 2809.400 1473.319 671.041
f 4149 4098 4102
f 4149 4148 4098
v 2809.633 1473.396 671.041
f 4150 4102 4105
f 4150 4149 4102
v 2809.862 1473.485 671.041
f 4151 4150 4105
f 4151 4105 4109
v 2810.087 1473.584 671.041
f 4152 4151 4109
f 4152 4109 4114
v 2810.306 1473.694 671.041
f 4153 4152 4114
f 4153 4114 4118
v 2810.519 1473.815 671.041
f 4154 4153 4118
f 4154 4118 4122
v 2810.727 1473.947 671.041
f 4155 4122 4126
f 4155 4154 4122
v 2810.927 1474.088 671.041
f 4156 4126 4129
f 4156 4155 4126
v 2811.121 1474.239 671.041
f 4157 4129 4134
f 4157 4156 4129
v 2811.307 1474.399 671.041
f 4158 4134 4137
f 4158 4157 4134
v 2811.484 1474.568 671.041
f 4159 4137 4142
f 4159 4158 4137
v 2811.654 1474.746 671.041
f 4160 4142 4139
f 4160 4159 4142
v 2811.814 1474.932 671.041
f 4161 4139 4136
f 4161 4160 4139
v 2811.965 1475.126 671.041
f 4162 4136 4131
f 4162 4161 4136
v 2812.106 1475.326 671.041
f 4163 4131 4127
f 4163 4162 4131
v 2812.238 1475.533 671.041
f 4164 4127 4125
f 4164 4163 4127
v 2812.358 1475.747 671.041
f 4165 4125 4120
f 4165 4164 4125
v 2812.469 1475.966 671.041
f 4166 4120 4116
f 4166 4165 4120
v 2812.568 1476.191 671.041
f 4167 4116 4111
f 4167 4166 4116
v 2812.657 1476.420 671.041
f 4168 4111 4107
f 4168 4167 4111
v 2812.734 1476.653 671.041
f 4169 4107 4104
f 4169 4168 4107
v 2812.799 1476.889 671.041
f 4170 4104 4100
f 4170 4169 4104
v 2812.853 1477.129 671.041
f 4171 4100 4095
f 4171 4170 4100
v 2812.895 1477.370 671.041
f 4172 4095 4092
f 4172 4171 4095
v 2812.925 1477.614 671.041
f 4173 4092 4088
f 4173 4172 4092
v 2812.943 1477.859 671.041
f 4174 4088 4084
f 4174 4173 4088
v 2812.949 1478.104 671.041
f 4175 4084 4080
f 4175 4174 4084
f 4077 4076 4144
v 2772.949 1473.104 671.041
f 4077 4144 4176
f 4176 4078 4077
v 2772.949 1475.104 671.041
f 4176 4177 4078
f 4079 4078 4177
v 2807.949 1475.104 671.041
f 4079 4177 4178
v 2808.096 1475.108 671.041
f 4178 4179 4079
f 4079 4179 4083
v 2808.243 1475.118 671.041
f 4083 4180 4087
f 4179 4180 4083
v 2808.389 1475.136 671.041
f 4087 4181 4091
f 4180 4181 4087
v 2808.534 1475.162 671.041
f 4091 4182 4094
f 4181 4182 4091
v 2808.678 1475.194 671.041
f 4094 4183 4099
f 4182 4183 4094
v 2808.820 1475.233 671.041
f 4099 4184 4103
f 4183 4184 4099
v 2808.960 1475.279 671.041
f 4103 4185 4106
f 4184 4185 4103
v 2809.097 1475.332 671.041
f 4106 4186 4110
f 4185 4186 4106
v 2809.232 1475.392 671.041
f 4186 4187 4110
f 4110 4187 4115
v 2809.363 1475.458 671.041
f 4115 4188 4119
f 4187 4188 4115
v 2809.491 1475.531 671.041
f 4119 4189 4123
f 4188 4189 4119
v 2809.616 1475.610 671.041
f 4123 4190 4124
f 4189 4190 4123
v 2809.736 1475.694 671.041
f 4124 4191 4130
f 4190 4191 4124
v 2809.852 1475.785 671.041
f 4130 4192 4135
f 4191 4192 4130
v 2809.964 1475.881 671.041
f 4135 4193 4138
f 4192 4193 4135
v 2810.070 1475.983 671.041
f 4138 4194 4140
f 4193 4194 4138
v 2810.172 1476.089 671.041
f 4140 4195 4141
f 4194 4195 4140
v 2810.268 1476.201 671.041
f 4141 4196 4132
f 4195 4196 4141
v 2810.359 1476.317 671.041
f 4132 4197 4133
f 4196 4197 4132
v 2810.443 1476.437 671.041
f 4133 4198 4128
f 4197 4198 4133
v 2810.522 1476.562 671.041
f 4128 4199 4121
f 4198 4199 4128
v 2810.595 1476.690 671.041
f 4121 4200 4117
f 4199 4200 4121
v 2810.661 1476.821 671.041
f 4117 4201 4112
f 4200 4201 4117
v 2810.721 1476.956 671.041
f 4112 4202 4113
f 4201 4202 4112
v 2810.774 1477.093 671.041
f 4113 4203 4108
f 4202 4203 4113
v 2810.820 1477.233 671.041
f 4108 4204 4101
f 4203 4204 4108
v 2810.859 1477.375 671.041
f 4101 4205 4096
f 4204 4205 4101
v 2810.891 1477.519 671.041
f 4096 4206 4097
f 4205 4206 4096
v 2810.916 1477.664 671.041
f 4097 4207 4089
f 4206 4207 4097
v 2810.934 1477.810 671.041
f 4089 4208 4085
f 4207 4208 4089
v 2810.945 1477.957 671.041
f 4085 4209 4081
f 4081 4209 4075
f 4208 4209 4085
v 2810.949 1478.104 671.041
f 4209 4210 4075
f 4074 4003 4006
f 4074 4071 4003
f 4003 4069 4001
f 4071 4069 4003
f 4001 4068 3999
f 4069 4068 4001
f 3999 4065 3997
f 4068 4065 3999
f 3997 4063 3995
f 4065 4063 3997
f 3995 4062 3993
f 4063 4062 3995
f 3993 4060 3991
f 4062 4060 3993
f 3991 4057 3989
f 4060 4057 3991
f 3989 4056 3987
f 4057 4056 3989
f 3987 4053 3985
f 4056 4053 3987
f 3985 4052 3983
f 4053 4052 3985
f 3983 4050 3981
f 4052 4050 3983
f 3981 4048 3979
f 4050 4048 3981
f 3979 4046 3977
f 4048 4046 3979
f 3977 4044 3975
f 4046 4044 3977
f 3975 4042 3973
f 4044 4042 3975
f 4042 3971 3973
f 4040 3971 4042
f 4040 3969 3971
f 4038 3969 4040
f 4038 4036 3969
f 4036 3967 3969
f 4034 3967 4036
f 4034 3965 3967
f 4032 3963 4034
f 4034 3963 3965
f 4032 3961 3963
f 4030 3961 4032
f 4028 3961 4030
f 4028 3959 3961
f 4026 3959 4028
f 4026 3957 3959
f 4024 3955 4026
f 4022 3955 4024
f 4026 3955 3957
f 4020 3953 4022
f 4022 3953 3955
f 4020 3951 3953
f 4018 3949 4020
f 4016 3949 4018
f 4020 3949 3951
f 4014 3947 4016
f 4016 3947 3949
f 4012 3945 4014
f 4014 3945 3947
f 4010 3943 4012
f 4012 3943 3945
f 4010 3939 3943
f 4010 3942 3939
f 4008 3942 4010
f 4008 4210 3942
f 4176 4144 4177
f 4177 4144 4178
f 4209 4175 4210
f 4210 4175 3942
f 4178 4143 4179
f 4144 4143 4178
f 4209 4174 4175
f 4143 4145 4179
f 4179 4145 4180
f 4209 4173 4174
f 4208 4173 4209
f 4207 4173 4208
f 4145 4146 4180
f 4180 4146 4181
f 4207 4172 4173
f 4206 4172 4207
f 4146 4147 4181
f 4181 4147 4182
f 4206 4171 4172
f 4205 4171 4206
f 4147 4148 4182
f 4182 4148 4183
f 4205 4170 4171
f 4204 4170 4205
f 4148 4149 4183
f 4183 4149 4184
f 4204 4169 4170
f 4149 4150 4184
f 4184 4150 4185
f 4204 4168 4169
f 4203 4168 4204
f 4150 4151 4185
f 4185 4151 4186
f 4202 4167 4203
f 4203 4167 4168
f 4151 4152 4186
f 4186 4152 4187
f 4202 4166 4167
f 4201 4166 4202
f 4152 4153 4187
f 4187 4153 4188
f 4200 4165 4201
f 4199 4165 4200
f 4201 4165 4166
f 4153 4154 4188
f 4188 4154 4189
f 4198 4164 4199
f 4199 4164 4165
f 4154 4155 4189
f 4189 4155 4190
f 4197 4163 4198
f 4198 4163 4164
f 4190 4156 4191
f 4155 4156 4190
f 4197 4162 4163
f 4191 4157 4192
f 4156 4157 4191
f 4196 4161 4197
f 4195 4161 4196
f 4197 4161 4162
f 4193 4158 4194
f 4192 4158 4193
f 4157 4158 4192
f 4195 4160 4161
f 4195 4159 4160
f 4158 4159 4194
f 4194 4159 4195
o main_5
v -24098.007 1551.104 18942.052
v -24101.636 1551.104 18945.491
v -24098.007 1475.104 18942.052
f 4211 4212 4213
v -24101.636 1475.104 18945.491
f 4213 4212 4214
v -24326.410 1551.104 18701.004
f 4213 4215 4211
v -24326.410 1475.104 18701.004
f 4213 4216 4215
v -24329.213 1475.104 18705.316
f 4217 4216 4213
f 4217 4213 4214
v -24329.213 1475.104 18703.659
f 4217 4218 4216
v -24329.213 1551.104 18705.316
f 4217 4219 4218
v -24329.213 1551.104 18703.659
f 4219 4220 4218
f 4220 4216 4218
f 4220 4215 4216
f 4219 4212 4211
f 4215 4220 4219
f 4215 4219 4211
f 4217 4214 4212
f 4217 4212 4219
o main_6
v 2812.885 1500.113 341.588
v 2817.885 1500.113 341.574
v 2817.885 1499.624 341.610
f 4221 4222 4223
v 2817.885 1500.604 341.562
f 4221 4224 4222
v 2812.885 1500.604 341.576
f 4221 4225 4224
v 2812.885 1499.624 341.624
f 4226 4221 4223
v 2812.885 1499.137 341.684
v 2817.885 1499.137 341.670
f 4227 4223 4228
f 4227 4226 4223
v 2812.886 1498.653 341.768
v 2817.886 1498.653 341.754
f 4229 4228 4230
f 4229 4227 4228
v 2812.886 1498.174 341.876
v 2817.886 1498.174 341.861
f 4231 4230 4232
f 4231 4229 4230
v 2812.886 1497.701 342.007
v 2817.886 1497.701 341.992
f 4233 4232 4234
f 4233 4231 4232
v 2812.887 1497.235 342.161
v 2817.887 1497.235 342.146
v 2817.887 1496.777 342.323
f 4235 4236 4237
f 4235 4234 4236
f 4235 4233 4234
v 2812.887 1496.777 342.337
f 4238 4235 4237
v 2812.888 1496.328 342.536
f 4239 4238 4237
v 2817.888 1496.328 342.522
f 4239 4237 4240
v 2812.888 1495.890 342.757
f 4241 4239 4240
v 2817.888 1495.890 342.743
f 4241 4240 4242
v 2812.889 1495.463 342.999
f 4243 4241 4242
v 2817.889 1495.463 342.985
f 4243 4242 4244
v 2812.890 1495.048 343.261
v 2817.890 1495.048 343.247
f 4245 4244 4246
f 4245 4243 4244
v 2812.891 1494.647 343.544
v 2817.891 1494.647 343.530
v 2817.891 1494.260 343.832
f 4247 4248 4249
f 4247 4246 4248
f 4247 4245 4246
v 2812.892 1494.260 343.846
f 4250 4247 4249
v 2812.892 1493.888 344.166
v 2817.892 1493.888 344.152
f 4251 4249 4252
f 4251 4250 4249
v 2812.893 1493.533 344.505
v 2817.893 1493.533 344.491
f 4253 4252 4254
f 4253 4251 4252
v 2812.894 1493.194 344.860
v 2817.894 1493.194 344.846
f 4255 4254 4256
f 4255 4253 4254
v 2812.895 1492.874 345.232
v 2817.895 1492.874 345.218
f 4257 4256 4258
f 4257 4255 4256
v 2812.897 1492.572 345.619
v 2817.897 1492.572 345.605
f 4259 4258 4260
f 4259 4257 4258
v 2812.898 1492.289 346.020
v 2817.898 1492.289 346.006
f 4261 4260 4262
f 4261 4259 4260
v 2812.899 1492.027 346.435
v 2817.899 1492.027 346.421
f 4263 4262 4264
f 4263 4261 4262
v 2812.900 1491.785 346.862
v 2817.900 1491.785 346.848
f 4265 4264 4266
f 4265 4263 4264
v 2812.901 1491.564 347.300
v 2817.901 1491.564 347.286
f 4267 4266 4268
f 4267 4265 4266
v 2812.903 1491.365 347.749
v 2817.903 1491.365 347.735
f 4269 4268 4270
f 4269 4267 4268
v 2812.904 1491.189 348.207
v 2817.904 1491.189 348.193
f 4271 4270 4272
f 4271 4269 4270
v 2812.905 1491.035 348.673
v 2817.905 1491.035 348.659
f 4273 4272 4274
f 4273 4271 4272
v 2812.907 1490.904 349.146
v 2817.907 1490.904 349.132
f 4275 4274 4276
f 4275 4273 4274
v 2812.908 1490.796 349.625
v 2817.908 1490.796 349.611
f 4277 4276 4278
f 4277 4275 4276
v 2812.909 1490.712 350.109
v 2817.909 1490.712 350.094
f 4279 4278 4280
f 4279 4277 4278
v 2812.911 1490.652 350.596
v 2817.911 1490.652 350.582
v 2817.912 1490.616 351.071
f 4281 4282 4283
f 4281 4280 4282
f 4281 4279 4280
v 2812.912 1490.616 351.085
f 4284 4281 4283
v 2812.913 1490.604 351.576
v 2817.913 1490.604 351.562
f 4285 4283 4286
f 4285 4284 4283
v 2812.885 1525.604 341.576
v 2817.885 1525.604 341.562
f 4225 4287 4288
f 4224 4225 4288
v 2812.912 1535.592 351.085
v 2817.913 1535.604 351.562
v 2817.912 1535.592 351.071
f 4289 4290 4291
v 2812.913 1535.604 351.576
f 4289 4292 4290
v 2812.911 1535.556 350.596
v 2817.911 1535.556 350.582
f 4293 4291 4294
f 4293 4289 4291
v 2812.909 1535.496 350.109
v 2817.909 1535.496 350.094
f 4295 4294 4296
f 4295 4293 4294
v 2812.908 1535.412 349.625
v 2817.908 1535.412 349.611
f 4297 4296 4298
f 4297 4295 4296
v 2812.907 1535.304 349.146
v 2817.907 1535.304 349.132
f 4299 4298 4300
f 4299 4297 4298
v 2812.905 1535.173 348.673
v 2817.905 1535.173 348.659
f 4301 4300 4302
f 4301 4299 4300
v 2812.904 1535.019 348.207
v 2817.904 1535.019 348.193
f 4303 4302 4304
f 4303 4301 4302
v 2812.903 1534.843 347.749
f 4305 4303 4304
v 2817.903 1534.843 347.735
f 4305 4304 4306
v 2812.901 1534.644 347.300
f 4307 4305 4306
v 2817.901 1534.644 347.286
f 4307 4306 4308
v 2812.900 1534.423 346.862
f 4309 4307 4308
v 2817.900 1534.423 346.848
f 4309 4308 4310
v 2812.899 1534.181 346.435
f 4311 4309 4310
v 2817.899 1534.181 346.421
v 2817.898 1533.919 346.006
f 4311 4312 4313
f 4311 4310 4312
v 2812.898 1533.919 346.020
f 4314 4311 4313
v 2812.897 1533.636 345.619
v 2817.897 1533.636 345.605
v 2817.895 1533.334 345.218
f 4315 4316 4317
f 4315 4313 4316
f 4315 4314 4313
v 2812.895 1533.334 345.232
f 4318 4315 4317
v 2812.894 1533.014 344.860
v 2817.894 1533.014 344.846
f 4319 4317 4320
f 4319 4318 4317
v 2812.893 1532.675 344.505
v 2817.893 1532.675 344.491
f 4321 4320 4322
f 4321 4319 4320
v 2812.892 1532.320 344.166
v 2817.892 1532.320 344.152
f 4323 4322 4324
f 4323 4321 4322
v 2812.892 1531.948 343.846
v 2817.891 1531.948 343.832
f 4325 4324 4326
f 4325 4323 4324
v 2812.891 1531.561 343.544
v 2817.891 1531.561 343.530
f 4327 4326 4328
f 4327 4325 4326
v 2812.890 1531.160 343.261
v 2817.890 1531.160 343.247
f 4329 4328 4330
f 4329 4327 4328
v 2812.889 1530.745 342.999
v 2817.889 1530.745 342.985
f 4331 4330 4332
f 4331 4329 4330
v 2812.888 1530.318 342.757
v 2817.888 1530.318 342.743
f 4333 4332 4334
f 4333 4331 4332
v 2812.888 1529.880 342.536
v 2817.888 1529.880 342.522
f 4335 4334 4336
f 4335 4333 4334
v 2812.887 1529.431 342.337
v 2817.887 1529.431 342.323
f 4337 4336 4338
f 4337 4335 4336
v 2812.887 1528.973 342.161
v 2817.887 1528.973 342.146
f 4339 4338 4340
f 4339 4337 4338
v 2812.886 1528.507 342.007
v 2817.886 1528.507 341.992
f 4341 4340 4342
f 4341 4339 4340
v 2812.886 1528.034 341.876
v 2817.886 1528.034 341.861
f 4343 4342 4344
f 4343 4341 4342
v 2812.886 1527.555 341.768
v 2817.886 1527.555 341.754
f 4345 4344 4346
f 4345 4343 4344
v 2812.885 1527.071 341.684
v 2817.885 1527.071 341.670
f 4347 4346 4348
f 4347 4345 4346
v 2812.885 1526.584 341.624
v 2817.885 1526.584 341.610
v 2817.885 1526.095 341.574
f 4349 4350 4351
f 4349 4348 4350
f 4349 4347 4348
v 2812.885 1526.095 341.588
f 4352 4349 4351
f 4287 4351 4288
f 4287 4352 4351
v 2812.984 1535.604 376.576
v 2817.984 1535.604 376.562
f 4292 4353 4354
f 4290 4292 4354
v 2813.013 1526.095 386.564
v 2813.013 1525.604 386.576
v 2818.013 1525.604 386.562
f 4355 4356 4357
v 2818.013 1526.095 386.550
f 4355 4357 4358
v 2813.013 1526.584 386.528
v 2818.013 1526.584 386.513
f 4359 4358 4360
f 4359 4355 4358
v 2813.012 1527.071 386.468
v 2818.012 1527.071 386.453
f 4361 4360 4362
f 4361 4359 4360
v 2813.012 1527.555 386.384
v 2818.012 1527.555 386.369
f 4363 4362 4364
f 4363 4361 4362
v 2813.012 1528.034 386.276
v 2818.012 1528.034 386.262
f 4365 4364 4366
f 4365 4363 4364
v 2813.012 1528.507 386.145
v 2818.011 1528.507 386.131
f 4367 4366 4368
f 4367 4365 4366
v 2813.011 1528.973 385.991
v 2818.011 1528.973 385.977
f 4369 4368 4370
f 4369 4367 4368
v 2813.011 1529.431 385.815
f 4371 4369 4370
v 2818.011 1529.431 385.800
f 4371 4370 4372
v 2813.010 1529.880 385.616
f 4373 4371 4372
v 2818.010 1529.880 385.602
f 4373 4372 4374
v 2813.009 1530.318 385.395
f 4375 4373 4374
v 2818.009 1530.318 385.381
f 4375 4374 4376
v 2813.009 1530.745 385.153
f 4377 4375 4376
v 2818.009 1530.745 385.139
f 4377 4376 4378
v 2813.008 1531.160 384.891
f 4379 4377 4378
v 2818.008 1531.160 384.876
v 2818.007 1531.561 384.594
f 4379 4380 4381
f 4379 4378 4380
v 2813.007 1531.561 384.608
f 4382 4379 4381
v 2813.006 1531.948 384.306
v 2818.006 1531.948 384.292
v 2818.005 1532.320 383.971
f 4383 4384 4385
f 4383 4381 4384
f 4383 4382 4381
v 2813.005 1532.320 383.985
v 2818.004 1532.675 383.633
f 4386 4385 4387
f 4386 4383 4385
v 2813.004 1532.675 383.647
v 2818.003 1533.014 383.277
f 4388 4387 4389
f 4388 4386 4387
v 2813.003 1533.014 383.291
f 4390 4388 4389
v 2813.002 1533.334 382.920
v 2818.002 1533.334 382.906
v 2818.001 1533.636 382.519
f 4391 4392 4393
f 4391 4389 4392
f 4391 4390 4389
v 2813.001 1533.636 382.533
f 4394 4391 4393
v 2813.000 1533.919 382.132
v 2818.000 1533.919 382.117
f 4395 4393 4396
f 4395 4394 4393
v 2812.999 1534.181 381.717
v 2817.999 1534.181 381.703
f 4397 4396 4398
f 4397 4395 4396
v 2812.998 1534.423 381.290
v 2817.998 1534.423 381.276
v 2817.996 1534.644 380.837
f 4399 4400 4401
f 4399 4398 4400
f 4399 4397 4398
v 2812.996 1534.644 380.851
f 4402 4399 4401
v 2812.995 1534.843 380.403
v 2817.995 1534.843 380.388
f 4403 4401 4404
f 4403 4402 4401
v 2812.994 1535.019 379.945
v 2817.994 1535.019 379.931
v 2817.993 1535.173 379.464
f 4405 4406 4407
f 4405 4404 4406
f 4405 4403 4404
v 2812.993 1535.173 379.479
f 4408 4405 4407
v 2812.991 1535.304 379.006
v 2817.991 1535.304 378.991
f 4409 4407 4410
f 4409 4408 4407
v 2812.990 1535.412 378.527
v 2817.990 1535.412 378.513
f 4411 4410 4412
f 4411 4409 4410
v 2812.989 1535.496 378.043
v 2817.989 1535.496 378.029
v 2817.987 1535.556 377.542
f 4413 4414 4415
f 4413 4412 4414
f 4413 4411 4412
v 2812.987 1535.556 377.556
f 4416 4413 4415
v 2812.986 1535.592 377.067
v 2817.986 1535.592 377.052
f 4417 4415 4418
f 4417 4416 4415
f 4353 4418 4354
f 4353 4417 4418
v 2818.013 1500.604 386.562
f 4419 4357 4356
v 2813.013 1500.604 386.576
f 4420 4419 4356
v 2812.986 1490.616 377.067
v 2817.984 1490.604 376.562
v 2817.986 1490.616 377.052
f 4421 4422 4423
v 2812.984 1490.604 376.576
f 4421 4424 4422
v 2812.987 1490.652 377.556
v 2817.987 1490.652 377.542
f 4425 4423 4426
f 4425 4421 4423
v 2812.989 1490.712 378.043
v 2817.989 1490.712 378.029
f 4427 4426 4428
f 4427 4425 4426
v 2812.990 1490.796 378.527
v 2817.990 1490.796 378.513
f 4429 4428 4430
f 4429 4427 4428
v 2812.991 1490.904 379.006
v 2817.991 1490.904 378.991
v 2817.993 1491.035 379.464
f 4431 4432 4433
f 4431 4430 4432
f 4431 4429 4430
v 2812.993 1491.035 379.479
f 4434 4431 4433
v 2812.994 1491.189 379.945
f 4435 4434 4433
v 2817.994 1491.189 379.931
f 4435 4433 4436
v 2812.995 1491.365 380.403
f 4437 4435 4436
v 2817.995 1491.365 380.388
f 4437 4436 4438
v 2812.996 1491.564 380.851
f 4439 4437 4438
v 2817.996 1491.564 380.837
f 4439 4438 4440
v 2812.998 1491.785 381.290
f 4441 4439 4440
v 2817.998 1491.785 381.276
f 4441 4440 4442
v 2812.999 1492.027 381.717
f 4443 4441 4442
v 2817.999 1492.027 381.703
f 4443 4442 4444
v 2813.000 1492.289 382.132
v 2818.000 1492.289 382.117
f 4445 4444 4446
f 4445 4443 4444
v 2813.001 1492.572 382.533
v 2818.001 1492.572 382.519
f 4447 4446 4448
f 4447 4445 4446
v 2813.002 1492.874 382.920
v 2818.002 1492.874 382.906
v 2818.003 1493.194 383.277
f 4449 4450 4451
f 4449 4448 4450
f 4449 4447 4448
v 2813.003 1493.194 383.291
f 4452 4449 4451
v 2813.004 1493.533 383.647
v 2818.004 1493.533 383.633
v 2818.005 1493.888 383.971
f 4453 4454 4455
f 4453 4451 4454
f 4453 4452 4451
v 2813.005 1493.888 383.985
f 4456 4453 4455
v 2813.006 1494.260 384.306
v 2818.006 1494.260 384.292
f 4457 4455 4458
f 4457 4456 4455
v 2813.007 1494.647 384.608
v 2818.007 1494.647 384.594
f 4459 4458 4460
f 4459 4457 4458
v 2813.008 1495.048 384.891
v 2818.008 1495.048 384.876
v 2818.009 1495.463 385.139
f 4461 4462 4463
f 4461 4460 4462
f 4461 4459 4460
v 2813.009 1495.463 385.153
f 4464 4461 4463
v 2813.009 1495.890 385.395
v 2818.009 1495.890 385.381
v 2818.010 1496.328 385.602
f 4465 4466 4467
f 4465 4463 4466
f 4465 4464 4463
v 2813.010 1496.328 385.616
f 4468 4465 4467
v 2813.011 1496.777 385.815
v 2818.011 1496.777 385.800
f 4469 4467 4470
f 4469 4468 4467
v 2813.011 1497.235 385.991
v 2818.011 1497.235 385.977
v 2818.011 1497.701 386.131
f 4471 4472 4473
f 4471 4470 4472
f 4471 4469 4470
v 2813.012 1497.701 386.145
f 4474 4471 4473
v 2813.012 1498.174 386.276
v 2818.012 1498.174 386.262
f 4475 4473 4476
f 4475 4474 4473
v 2813.012 1498.653 386.384
v 2818.012 1498.653 386.369
f 4477 4476 4478
f 4477 4475 4476
v 2813.012 1499.137 386.468
v 2818.012 1499.137 386.453
v 2818.013 1499.624 386.513
f 4479 4480 4481
f 4479 4478 4480
f 4479 4477 4478
v 2813.013 1499.624 386.528
f 4482 4479 4481
v 2813.013 1500.113 386.564
v 2818.013 1500.113 386.550
f 4483 4481 4484
f 4483 4482 4481
f 4420 4484 4419
f 4420 4483 4484
f 4286 4422 4424
f 4285 4286 4424
v 2817.964 1508.313 369.490
v 2817.964 1508.049 369.245
v 2817.963 1507.797 368.986
f 4485 4486 4487
v 2817.961 1507.333 368.433
v 2817.962 1507.558 368.716
f 4488 4487 4489
v 2817.954 1506.088 365.848
v 2817.956 1506.300 366.538
v 2817.955 1506.185 366.196
f 4490 4491 4492
v 2817.953 1506.007 365.496
f 4493 4491 4490
v 2817.950 1505.873 364.423
v 2817.952 1505.945 365.141
v 2817.951 1505.900 364.783
f 4494 4495 4496
v 2817.948 1505.873 363.701
v 2817.949 1505.864 364.062
f 4497 4494 4498
f 4497 4495 4494
v 2817.944 1506.088 362.275
v 2817.946 1505.945 362.983
v 2817.945 1506.007 362.627
f 4499 4500 4501
v 2817.947 1505.900 363.341
f 4499 4502 4500
v 2817.943 1506.185 361.928
f 4503 4493 4495
f 4503 4497 4502
f 4503 4491 4493
f 4503 4502 4499
f 4503 4495 4497
v 2817.941 1506.432 361.249
v 2817.957 1506.432 366.874
f 4504 4505 4491
v 2817.958 1506.581 367.203
f 4504 4506 4505
f 4504 4491 4503
v 2817.942 1506.300 361.585
f 4504 4503 4507
v 2817.939 1506.746 360.599
f 4508 4506 4504
v 2817.959 1506.746 367.524
f 4508 4509 4506
v 2817.940 1506.581 360.920
f 4508 4504 4510
v 2817.938 1506.926 360.286
f 4511 4509 4508
v 2817.937 1507.122 359.983
v 2817.960 1506.926 367.837
f 4512 4513 4509
f 4512 4509 4511
v 2817.936 1507.558 359.408
v 2817.960 1507.122 368.140
f 4514 4515 4513
v 2817.936 1507.333 359.690
f 4514 4512 4516
f 4514 4488 4515
f 4514 4513 4512
v 2817.935 1507.797 359.137
f 4517 4487 4488
f 4517 4488 4514
v 2817.964 1518.159 369.245
v 2817.965 1517.618 369.722
v 2817.966 1517.330 369.940
f 4518 4519 4520
v 2817.964 1517.895 369.490
f 4518 4521 4519
v 2817.934 1508.049 358.879
f 4522 4485 4487
f 4522 4487 4517
v 2817.933 1508.590 358.401
v 2817.933 1508.313 358.633
f 4523 4522 4524
v 2817.965 1508.590 369.722
f 4523 4525 4485
v 2817.966 1508.878 369.940
f 4523 4526 4525
f 4523 4485 4522
v 2817.961 1518.875 368.433
v 2817.963 1518.411 368.986
f 4527 4528 4518
v 2817.962 1518.650 368.716
f 4527 4529 4528
v 2817.932 1509.176 357.980
v 2817.932 1508.878 358.183
f 4530 4523 4531
v 2817.966 1509.176 370.144
f 4530 4532 4526
f 4530 4526 4523
v 2817.931 1509.484 357.792
v 2817.967 1509.484 370.332
f 4533 4534 4532
f 4533 4532 4530
v 2817.959 1519.462 367.524
v 2817.960 1519.282 367.837
v 2817.960 1519.086 368.140
f 4535 4536 4537
v 2817.931 1509.801 357.619
f 4538 4534 4533
v 2817.930 1510.126 357.462
v 2817.967 1509.801 370.505
f 4539 4540 4534
v 2817.968 1510.126 370.661
f 4539 4541 4540
v 2817.968 1510.459 370.801
f 4539 4542 4541
f 4539 4534 4538
v 2817.957 1519.776 366.874
v 2817.958 1519.627 367.203
f 4543 4544 4535
f 4543 4535 4537
v 2817.956 1519.908 366.538
f 4545 4543 4537
v 2817.929 1510.798 357.199
v 2817.930 1510.459 357.322
f 4546 4539 4547
v 2817.968 1510.798 370.925
f 4546 4548 4542
f 4546 4542 4539
v 2817.955 1520.023 366.196
f 4549 4545 4537
v 2817.929 1511.493 357.003
v 2817.929 1511.143 357.092
f 4550 4546 4551
v 2817.969 1511.143 371.031
f 4550 4552 4548
v 2817.969 1511.493 371.120
f 4550 4553 4552
f 4550 4548 4546
v 2817.953 1520.201 365.496
v 2817.954 1520.120 365.848
f 4554 4555 4549
v 2817.929 1512.204 356.878
v 2817.969 1511.847 371.192
f 4556 4557 4553
v 2817.969 1512.204 371.246
f 4556 4558 4557
v 2817.969 1512.563 371.282
f 4556 4559 4558
f 4556 4553 4550
v 2817.929 1511.847 356.932
f 4556 4550 4560
v 2817.928 1512.924 356.824
v 2817.969 1512.924 371.300
f 4561 4562 4559
v 2817.969 1513.285 371.300
f 4561 4563 4562
f 4561 4559 4556
v 2817.928 1512.563 356.842
f 4561 4556 4564
v 2817.949 1520.344 364.062
v 2817.952 1520.263 365.141
f 4565 4566 4554
v 2817.951 1520.308 364.783
f 4565 4567 4566
v 2817.950 1520.335 364.423
f 4565 4568 4567
v 2817.928 1513.645 356.842
v 2817.969 1513.645 371.282
f 4569 4570 4563
f 4569 4563 4561
v 2817.928 1513.285 356.824
f 4569 4561 4571
v 2817.947 1520.308 363.341
f 4572 4565 4554
v 2817.948 1520.335 363.701
f 4572 4573 4565
v 2817.929 1514.004 356.878
v 2817.969 1514.004 371.246
f 4574 4575 4570
v 2817.969 1514.361 371.192
f 4574 4576 4575
f 4574 4570 4569
v 2817.929 1514.715 357.003
v 2817.969 1514.715 371.120
f 4577 4578 4576
f 4577 4576 4574
v 2817.969 1515.065 371.031
f 4577 4579 4578
v 2817.929 1514.361 356.932
f 4577 4574 4580
v 2817.943 1520.023 361.928
v 2817.946 1520.263 362.983
f 4581 4582 4572
v 2817.945 1520.201 362.627
f 4581 4583 4582
v 2817.944 1520.120 362.275
f 4581 4584 4583
v 2817.929 1515.410 357.199
v 2817.968 1515.410 370.925
f 4585 4586 4579
v 2817.968 1515.749 370.801
f 4585 4587 4586
f 4585 4579 4577
v 2817.929 1515.065 357.092
f 4585 4577 4588
v 2817.930 1515.749 357.322
f 4589 4587 4585
v 2817.968 1516.082 370.661
f 4589 4590 4587
v 2817.941 1519.776 361.249
f 4591 4581 4572
v 2817.942 1519.908 361.585
f 4591 4592 4581
v 2817.940 1519.627 360.920
f 4593 4591 4572
v 2817.939 1519.462 360.599
f 4594 4572 4554
f 4594 4593 4572
f 4594 4554 4549
v 2817.931 1516.724 357.792
f 4595 4590 4589
v 2817.967 1516.407 370.505
f 4595 4596 4590
v 2817.967 1516.724 370.332
f 4595 4597 4596
v 2817.966 1517.032 370.144
f 4595 4598 4597
v 2817.930 1516.082 357.462
v 2817.931 1516.407 357.619
f 4595 4599 4600
f 4595 4589 4599
v 2817.938 1519.282 360.286
f 4601 4594 4549
f 4601 4549 4537
v 2817.932 1517.032 357.980
f 4602 4520 4598
f 4602 4598 4595
v 2817.932 1517.330 358.183
f 4603 4520 4602
v 2817.936 1518.650 359.408
v 2817.936 1518.875 359.690
v 2817.937 1519.086 359.983
f 4604 4605 4606
v 2817.933 1517.895 358.633
v 2817.933 1517.618 358.401
f 4607 4603 4608
v 2817.935 1518.411 359.137
f 4609 4537 4527
f 4609 4601 4537
f 4609 4604 4606
f 4609 4606 4601
v 2817.934 1518.159 358.879
f 4610 4518 4520
f 4610 4603 4607
f 4610 4527 4518
f 4610 4520 4603
f 4610 4609 4527
v 2812.961 1507.333 368.448
v 2812.960 1506.926 367.851
v 2812.960 1507.122 368.154
f 4611 4612 4613
v 2812.957 1506.432 366.888
v 2812.954 1506.088 365.862
v 2812.956 1506.300 366.552
f 4614 4615 4616
v 2812.955 1506.185 366.210
f 4616 4615 4617
v 2812.953 1506.007 365.511
f 4614 4618 4615
v 2812.952 1505.945 365.155
f 4614 4619 4618
v 2812.969 1512.563 371.296
v 2812.969 1512.924 371.314
v 2812.969 1512.204 371.260
f 4620 4621 4622
v 2812.950 1505.873 364.437
v 2812.948 1505.873 363.715
v 2812.949 1505.864 364.076
f 4623 4624 4625
v 2812.946 1505.945 362.997
v 2812.947 1505.900 363.355
f 4624 4626 4627
v 2812.951 1505.900 364.797
f 4619 4626 4628
f 4628 4626 4623
f 4623 4626 4624
v 2812.942 1506.300 361.600
v 2812.945 1506.007 362.641
f 4626 4629 4630
v 2812.944 1506.088 362.289
f 4630 4629 4631
v 2812.943 1506.185 361.942
f 4631 4629 4632
v 2812.941 1506.432 361.264
f 4626 4633 4629
v 2812.959 1506.746 367.539
v 2812.958 1506.581 367.217
f 4634 4633 4635
f 4635 4633 4614
f 4614 4633 4619
f 4619 4633 4626
v 2812.938 1506.926 360.301
v 2812.940 1506.581 360.935
f 4633 4636 4637
v 2812.939 1506.746 360.613
f 4637 4636 4638
f 4612 4636 4634
f 4634 4636 4633
v 2812.937 1507.333 359.704
v 2812.937 1507.122 359.997
f 4636 4639 4640
f 4612 4639 4636
v 2812.966 1517.330 369.954
v 2812.965 1517.618 369.736
v 2812.966 1517.032 370.158
f 4641 4642 4643
v 2812.967 1516.724 370.346
f 4643 4642 4644
v 2812.936 1507.558 359.422
f 4612 4645 4639
f 4611 4645 4612
v 2812.935 1507.797 359.151
f 4611 4646 4645
v 2812.963 1507.797 369.000
v 2812.962 1507.558 368.730
f 4647 4646 4648
f 4648 4646 4611
v 2812.964 1518.159 369.259
v 2812.963 1518.411 369.000
v 2812.964 1517.895 369.504
f 4649 4650 4651
v 2812.934 1508.313 358.647
f 4647 4652 4646
v 2812.964 1508.313 369.504
v 2812.964 1508.049 369.259
f 4653 4652 4654
f 4654 4652 4647
v 2812.934 1508.049 358.893
f 4646 4652 4655
v 2812.933 1508.590 358.415
f 4653 4656 4652
v 2812.966 1508.878 369.954
v 2812.965 1508.590 369.736
f 4657 4656 4658
f 4658 4656 4653
v 2812.932 1508.878 358.197
f 4657 4659 4656
v 2812.961 1518.875 368.448
v 2812.960 1519.086 368.154
v 2812.962 1518.650 368.730
f 4660 4661 4662
f 4662 4661 4650
v 2812.960 1519.282 367.851
f 4661 4663 4650
v 2812.967 1509.484 370.346
v 2812.931 1509.484 357.806
v 2812.966 1509.176 370.158
f 4664 4665 4666
f 4666 4665 4657
v 2812.932 1509.176 357.994
f 4659 4665 4667
f 4657 4665 4659
v 2812.959 1519.462 367.539
v 2812.958 1519.627 367.217
f 4668 4669 4663
v 2812.967 1509.801 370.519
v 2812.930 1510.126 357.476
f 4670 4671 4664
f 4664 4671 4665
v 2812.931 1509.801 357.633
f 4665 4671 4672
v 2812.957 1519.776 366.888
f 4669 4673 4663
v 2812.968 1510.798 370.939
v 2812.930 1510.459 357.336
v 2812.968 1510.459 370.816
f 4674 4675 4676
v 2812.968 1510.126 370.675
f 4676 4675 4677
f 4677 4675 4670
f 4670 4675 4671
v 2812.956 1519.908 366.552
f 4673 4678 4663
v 2812.969 1511.143 371.045
v 2812.929 1510.798 357.213
f 4679 4680 4674
f 4674 4680 4675
v 2812.929 1511.143 357.106
f 4679 4681 4680
v 2812.969 1511.493 371.135
f 4682 4681 4679
v 2812.955 1520.023 366.210
v 2812.954 1520.120 365.862
f 4683 4684 4678
f 4678 4684 4663
v 2812.929 1511.847 356.946
v 2812.929 1511.493 357.017
f 4681 4685 4686
f 4682 4685 4681
v 2812.969 1511.847 371.206
f 4687 4685 4682
v 2812.953 1520.201 365.511
v 2812.952 1520.263 365.155
f 4688 4689 4684
f 4684 4689 4663
v 2812.928 1512.563 356.856
f 4687 4690 4685
v 2812.929 1512.204 356.892
f 4685 4690 4691
f 4621 4690 4622
f 4622 4690 4687
v 2812.951 1520.308 364.797
v 2812.950 1520.335 364.437
f 4692 4693 4689
v 2812.928 1513.285 356.838
f 4621 4694 4690
v 2812.928 1512.924 356.838
f 4690 4694 4695
v 2812.969 1513.285 371.314
f 4696 4694 4621
v 2812.928 1513.645 356.856
f 4696 4697 4694
v 2812.969 1514.004 371.260
v 2812.969 1513.645 371.296
f 4698 4697 4699
f 4699 4697 4696
v 2812.947 1520.308 363.355
v 2812.946 1520.263 362.997
v 2812.948 1520.335 363.715
f 4700 4701 4702
v 2812.929 1514.361 356.946
f 4698 4703 4697
v 2812.929 1514.004 356.892
f 4697 4703 4704
v 2812.969 1514.361 371.206
f 4705 4703 4698
v 2812.945 1520.201 362.641
f 4701 4706 4702
v 2812.929 1514.715 357.017
f 4705 4707 4703
v 2812.969 1514.715 371.135
f 4708 4707 4705
v 2812.944 1520.120 362.289
f 4689 4709 4663
f 4706 4709 4702
v 2812.949 1520.344 364.076
f 4702 4709 4710
f 4710 4709 4693
f 4693 4709 4689
v 2812.929 1515.410 357.213
f 4708 4711 4707
v 2812.929 1515.065 357.106
f 4707 4711 4712
v 2812.968 1515.410 370.939
v 2812.969 1515.065 371.045
f 4713 4711 4714
f 4714 4711 4708
v 2812.943 1520.023 361.942
v 2812.942 1519.908 361.600
f 4715 4716 4709
v 2812.930 1515.749 357.336
f 4713 4717 4711
v 2812.968 1515.749 370.816
f 4718 4717 4713
v 2812.930 1516.082 357.476
f 4718 4719 4717
v 2812.967 1516.407 370.519
v 2812.968 1516.082 370.675
f 4720 4719 4721
f 4721 4719 4718
v 2812.940 1519.627 360.935
f 4716 4722 4709
f 4709 4722 4663
v 2812.941 1519.776 361.264
f 4723 4722 4716
v 2812.931 1516.407 357.633
f 4720 4724 4719
f 4644 4724 4720
v 2812.931 1516.724 357.806
f 4644 4725 4724
v 2812.938 1519.282 360.301
v 2812.937 1519.086 359.997
v 2812.939 1519.462 360.613
f 4726 4727 4728
f 4728 4727 4722
v 2812.932 1517.330 358.197
v 2812.932 1517.032 357.994
f 4725 4729 4730
v 2812.936 1518.650 359.422
f 4722 4731 4663
v 2812.937 1518.875 359.704
f 4732 4731 4727
f 4727 4731 4722
v 2812.934 1517.895 358.647
v 2812.933 1517.618 358.415
f 4729 4733 4734
f 4642 4733 4644
f 4644 4733 4725
f 4725 4733 4729
v 2812.935 1518.411 359.151
v 2812.934 1518.159 358.893
f 4735 4736 4731
f 4650 4736 4651
f 4731 4736 4663
f 4642 4736 4733
f 4663 4736 4650
f 4651 4736 4642
o main_7
v 15008.356 3611.835 435.940
v 15007.152 3611.829 434.247
v 15005.948 3611.816 432.556
f 4737 4738 4739
v 15004.746 3611.795 430.867
f 4737 4739 4740
v 15003.357 3611.739 429.305
v 15003.547 3611.766 429.182
v 15002.339 3611.729 427.484
f 4741 4742 4743
v 15003.168 3611.709 429.429
f 4744 4741 4743
v 15001.135 3611.685 425.793
f 4744 4743 4745
v 15002.861 3611.649 429.630
f 4746 4744 4745
v 14999.936 3611.633 424.108
f 4746 4745 4747
v 15002.562 3611.581 429.827
f 4748 4746 4747
v 14998.742 3611.573 422.431
f 4748 4747 4749
v 15002.160 3611.470 430.094
v 14998.356 3611.466 422.688
f 4750 4749 4751
f 4750 4748 4749
v 15001.763 3611.340 430.360
v 14997.974 3611.340 422.944
v 14997.582 3611.191 423.208
f 4752 4753 4754
f 4752 4751 4753
f 4752 4750 4751
v 15001.371 3611.191 430.624
v 14997.196 3611.023 423.471
f 4755 4754 4756
f 4755 4752 4754
v 15000.986 3611.023 430.886
v 14996.818 3610.836 423.732
f 4757 4756 4758
f 4757 4755 4756
v 15000.609 3610.837 431.146
v 14996.447 3610.630 423.990
f 4759 4758 4760
f 4759 4757 4758
v 15000.198 3610.608 431.432
v 14996.046 3610.381 424.273
f 4761 4760 4762
f 4761 4759 4760
v 14999.755 3610.328 431.745
v 14995.613 3610.079 424.582
f 4763 4762 4764
f 4763 4761 4762
v 14999.326 3610.022 432.053
v 14995.196 3609.751 424.886
f 4765 4764 4766
f 4765 4763 4764
v 14998.912 3609.690 432.355
v 14994.794 3609.398 425.184
f 4767 4766 4768
f 4767 4765 4766
v 14998.515 3609.333 432.651
v 14994.410 3609.020 425.475
f 4769 4768 4770
f 4769 4767 4768
v 14998.134 3608.952 432.940
v 14994.044 3608.619 425.758
f 4771 4770 4772
f 4771 4769 4770
v 14997.772 3608.549 433.222
v 14993.698 3608.197 426.033
f 4773 4772 4774
f 4773 4771 4772
v 14997.431 3608.124 433.495
v 14993.373 3607.754 426.300
f 4775 4774 4776
f 4775 4773 4774
v 14997.109 3607.678 433.759
f 4777 4775 4776
v 14993.068 3607.291 426.557
f 4777 4776 4778
v 14996.809 3607.213 434.015
f 4779 4777 4778
v 14992.785 3606.809 426.805
f 4779 4778 4780
v 14996.530 3606.729 434.261
f 4781 4779 4780
v 14992.525 3606.309 427.044
f 4781 4780 4782
v 14996.274 3606.227 434.497
v 14992.288 3605.793 427.272
f 4783 4782 4784
f 4783 4781 4782
v 14996.041 3605.709 434.723
v 14992.075 3605.262 427.489
f 4785 4784 4786
f 4785 4783 4784
v 14995.833 3605.177 434.938
v 14991.887 3604.718 427.695
f 4787 4786 4788
f 4787 4785 4786
v 14995.649 3604.633 435.141
v 14991.725 3604.163 427.889
f 4789 4788 4790
f 4789 4787 4788
v 14995.491 3604.077 435.333
v 14991.587 3603.596 428.071
f 4791 4790 4792
f 4791 4789 4790
v 14995.358 3603.510 435.514
v 14991.476 3603.020 428.242
f 4793 4792 4794
f 4793 4791 4792
v 14995.250 3602.933 435.682
v 14991.391 3602.434 428.400
f 4795 4794 4796
f 4795 4793 4794
v 14995.169 3602.348 435.838
v 14991.332 3601.842 428.545
f 4797 4796 4798
f 4797 4795 4796
v 14995.115 3601.756 435.981
v 14991.301 3601.247 428.678
f 4799 4798 4800
f 4799 4797 4798
v 14995.087 3601.161 436.112
v 14991.296 3600.648 428.798
f 4801 4800 4802
f 4801 4799 4800
v 14995.086 3600.563 436.229
v 14991.318 3600.047 428.904
f 4803 4802 4804
f 4803 4801 4802
v 14995.112 3599.964 436.333
f 4805 4803 4804
v 14991.367 3599.446 428.997
f 4805 4804 4806
v 14995.165 3599.363 436.425
f 4807 4805 4806
v 14991.443 3598.845 429.077
f 4807 4806 4808
v 14995.244 3598.764 436.503
f 4809 4807 4808
v 14991.546 3598.246 429.144
f 4809 4808 4810
v 14995.351 3598.166 436.568
f 4811 4809 4810
v 14991.676 3597.649 429.197
f 4811 4810 4812
v 14995.484 3597.572 436.619
f 4813 4811 4812
v 14991.832 3597.059 429.237
f 4813 4812 4814
v 14995.643 3596.984 436.657
f 4815 4813 4814
v 14992.014 3596.477 429.264
f 4815 4814 4816
v 14995.828 3596.404 436.682
f 4817 4815 4816
v 14992.222 3595.903 429.278
f 4817 4816 4818
v 14996.038 3595.832 436.694
f 4819 4817 4818
v 14992.454 3595.339 429.278
f 4819 4818 4820
v 14996.273 3595.271 436.693
f 4821 4819 4820
v 14992.712 3594.786 429.266
f 4821 4820 4822
v 14996.533 3594.720 436.679
v 14992.993 3594.245 429.241
f 4823 4822 4824
f 4823 4821 4822
v 14996.817 3594.182 436.653
v 14993.299 3593.717 429.203
f 4825 4824 4826
f 4825 4823 4824
v 14997.125 3593.656 436.614
f 4827 4825 4826
v 14993.628 3593.203 429.153
f 4827 4826 4828
v 14997.456 3593.145 436.562
v 14993.979 3592.705 429.091
f 4829 4828 4830
f 4829 4827 4828
v 14997.809 3592.651 436.499
f 4831 4829 4830
v 14994.351 3592.227 429.017
f 4831 4830 4832
v 14998.182 3592.175 436.424
f 4833 4831 4832
v 14994.743 3591.767 428.931
f 4833 4832 4834
v 14998.576 3591.718 436.337
f 4835 4833 4834
v 14995.155 3591.327 428.835
f 4835 4834 4836
v 14998.989 3591.281 436.240
f 4837 4835 4836
v 14995.585 3590.908 428.728
f 4837 4836 4838
v 14999.420 3590.865 436.132
f 4839 4837 4838
v 14996.034 3590.510 428.611
f 4839 4838 4840
v 14999.870 3590.471 436.014
f 4841 4839 4840
v 14996.500 3590.135 428.483
f 4841 4840 4842
v 15000.336 3590.099 435.886
f 4843 4841 4842
v 14996.983 3589.784 428.346
f 4843 4842 4844
v 15000.819 3589.751 435.748
f 4845 4843 4844
v 14997.479 3589.458 428.199
f 4845 4844 4846
v 15001.317 3589.428 435.601
f 4847 4845 4846
v 14997.989 3589.158 428.045
f 4847 4846 4848
v 15001.827 3589.131 435.446
f 4849 4847 4848
v 14998.511 3588.884 427.882
f 4849 4848 4850
v 15002.349 3588.861 435.283
f 4851 4849 4850
v 14999.044 3588.638 427.712
f 4851 4850 4852
v 15002.882 3588.617 435.112
f 4853 4851 4852
v 14999.588 3588.420 427.535
f 4853 4852 4854
v 15003.425 3588.402 434.935
f 4855 4853 4854
v 15000.140 3588.229 427.352
f 4855 4854 4856
v 15003.977 3588.214 434.751
f 4857 4855 4856
v 15000.699 3588.068 427.163
f 4857 4856 4858
v 15004.535 3588.056 434.562
f 4859 4857 4858
v 15001.263 3587.937 426.969
f 4859 4858 4860
v 15005.098 3587.928 434.368
f 4861 4859 4860
v 15001.831 3587.836 426.771
f 4861 4860 4862
v 15005.665 3587.829 434.170
v 15003.070 3587.795 428.512
f 4863 4862 4864
f 4863 4861 4862
v 15004.313 3587.762 430.259
f 4865 4863 4864
v 15006.235 3587.760 433.969
f 4866 4863 4865
v 15005.559 3587.737 432.010
f 4867 4866 4865
v 15006.808 3587.721 433.763
f 4868 4866 4867
v 14998.356 3611.466 422.688
v 14998.742 3611.573 422.431
v 14997.531 3611.504 420.729
f 4869 4870 4871
v 14996.327 3611.428 419.037
f 4869 4871 4872
v 14997.974 3611.340 422.944
f 4873 4869 4872
v 14995.131 3611.343 417.357
f 4873 4872 4874
v 14997.582 3611.191 423.208
v 14993.728 3611.164 415.837
v 14993.513 3611.071 415.983
f 4875 4876 4877
v 14993.945 3611.251 415.690
f 4875 4878 4876
f 4875 4873 4874
f 4875 4874 4878
v 14997.196 3611.023 423.471
v 14993.133 3610.889 416.244
f 4879 4877 4880
f 4879 4875 4877
v 14996.818 3610.836 423.732
v 14992.720 3610.666 416.531
f 4881 4880 4882
f 4881 4879 4880
v 14996.447 3610.630 423.990
v 14992.273 3610.392 416.845
f 4883 4882 4884
f 4883 4881 4882
v 14996.046 3610.381 424.273
v 14991.841 3610.091 417.155
f 4885 4884 4886
f 4885 4883 4884
v 14995.613 3610.079 424.582
v 14991.424 3609.765 417.458
f 4887 4886 4888
f 4887 4885 4886
v 14995.196 3609.751 424.886
v 14991.022 3609.413 417.755
f 4889 4888 4890
f 4889 4887 4888
v 14994.794 3609.398 425.184
v 14990.638 3609.037 418.046
f 4891 4890 4892
f 4891 4889 4890
v 14994.410 3609.020 425.475
v 14990.272 3608.638 418.330
f 4893 4892 4894
f 4893 4891 4892
v 14994.044 3608.619 425.758
v 14989.925 3608.217 418.605
f 4895 4894 4896
f 4895 4893 4894
v 14993.698 3608.197 426.033
v 14989.599 3607.776 418.871
f 4897 4896 4898
f 4897 4895 4896
v 14993.373 3607.754 426.300
v 14989.294 3607.315 419.129
f 4899 4898 4900
f 4899 4897 4898
v 14993.068 3607.291 426.557
v 14989.011 3606.834 419.377
f 4901 4900 4902
f 4901 4899 4900
v 14992.785 3606.809 426.805
v 14988.750 3606.336 419.616
f 4903 4902 4904
f 4903 4901 4902
v 14992.525 3606.309 427.044
v 14988.512 3605.821 419.844
f 4905 4904 4906
f 4905 4903 4904
v 14992.288 3605.793 427.272
v 14988.298 3605.292 420.061
f 4907 4906 4908
f 4907 4905 4906
v 14992.075 3605.262 427.489
v 14988.109 3604.750 420.267
f 4909 4908 4910
f 4909 4907 4908
v 14991.887 3604.718 427.695
f 4911 4909 4910
v 14987.945 3604.196 420.462
f 4911 4910 4912
v 14991.725 3604.163 427.889
f 4913 4911 4912
v 14987.806 3603.631 420.645
f 4913 4912 4914
v 14991.587 3603.596 428.071
f 4915 4913 4914
v 14987.693 3603.056 420.815
f 4915 4914 4916
v 14991.476 3603.020 428.242
f 4917 4915 4916
v 14987.607 3602.472 420.974
f 4917 4916 4918
v 14991.391 3602.434 428.400
f 4919 4917 4918
v 14987.547 3601.881 421.120
f 4919 4918 4920
v 14991.332 3601.842 428.545
f 4921 4919 4920
v 14987.513 3601.286 421.254
f 4921 4920 4922
v 14991.301 3601.247 428.678
f 4923 4921 4922
v 14987.507 3600.689 421.374
f 4923 4922 4924
v 14991.296 3600.648 428.798
f 4925 4923 4924
v 14987.527 3600.089 421.481
f 4925 4924 4926
v 14991.318 3600.047 428.904
f 4927 4925 4926
v 14987.574 3599.489 421.575
f 4927 4926 4928
v 14991.367 3599.446 428.997
f 4929 4927 4928
v 14987.648 3598.889 421.656
f 4929 4928 4930
v 14991.443 3598.845 429.077
f 4931 4929 4930
v 14987.749 3598.291 421.724
f 4931 4930 4932
v 14991.546 3598.246 429.144
f 4933 4931 4932
v 14987.877 3597.695 421.778
f 4933 4932 4934
v 14991.676 3597.649 429.197
f 4935 4933 4934
v 14988.031 3597.105 421.819
f 4935 4934 4936
v 14991.832 3597.059 429.237
f 4937 4935 4936
v 14988.210 3596.523 421.847
f 4937 4936 4938
v 14992.014 3596.477 429.264
f 4939 4937 4938
v 14988.415 3595.949 421.861
f 4939 4938 4940
v 14992.222 3595.903 429.278
f 4941 4939 4940
v 14988.646 3595.385 421.863
f 4941 4940 4942
v 14992.454 3595.339 429.278
f 4943 4941 4942
v 14988.900 3594.832 421.852
f 4943 4942 4944
v 14992.712 3594.786 429.266
f 4945 4943 4944
v 14989.179 3594.291 421.828
f 4945 4944 4946
v 14992.993 3594.245 429.241
f 4947 4945 4946
v 14989.482 3593.762 421.791
f 4947 4946 4948
v 14993.299 3593.717 429.203
f 4949 4947 4948
v 14989.809 3593.248 421.742
f 4949 4948 4950
v 14993.628 3593.203 429.153
v 14990.158 3592.750 421.681
f 4951 4950 4952
f 4951 4949 4950
v 14993.979 3592.705 429.091
v 14990.527 3592.270 421.608
f 4953 4952 4954
f 4953 4951 4952
v 14994.351 3592.227 429.017
v 14990.917 3591.809 421.524
f 4955 4954 4956
f 4955 4953 4954
v 14994.743 3591.767 428.931
v 14991.326 3591.367 421.429
f 4957 4956 4958
f 4957 4955 4956
v 14995.155 3591.327 428.835
v 14991.754 3590.947 421.323
f 4959 4958 4960
f 4959 4957 4958
v 14995.585 3590.908 428.728
f 4961 4959 4960
v 14992.201 3590.548 421.207
f 4961 4960 4962
v 14996.034 3590.510 428.611
f 4963 4961 4962
v 14992.664 3590.172 421.080
f 4963 4962 4964
v 14996.500 3590.135 428.483
f 4965 4963 4964
v 14993.144 3589.819 420.944
f 4965 4964 4966
v 14996.983 3589.784 428.346
f 4967 4965 4966
v 14993.639 3589.490 420.799
f 4967 4966 4968
v 14997.479 3589.458 428.199
f 4969 4967 4968
v 14994.147 3589.188 420.646
f 4969 4968 4970
v 14997.989 3589.158 428.045
f 4971 4969 4970
v 14994.666 3588.912 420.484
f 4971 4970 4972
v 14998.511 3588.884 427.882
f 4973 4971 4972
v 14995.197 3588.663 420.315
f 4973 4972 4974
v 14999.044 3588.638 427.712
f 4975 4973 4974
v 14995.739 3588.442 420.139
f 4975 4974 4976
v 14999.588 3588.420 427.535
f 4977 4975 4976
v 14996.289 3588.249 419.957
f 4977 4976 4978
v 15000.140 3588.229 427.352
f 4979 4977 4978
v 14996.847 3588.085 419.768
f 4979 4978 4980
v 15000.699 3588.068 427.163
v 14998.083 3588.010 421.504
f 4981 4980 4982
f 4981 4979 4980
v 14999.326 3587.944 423.251
f 4983 4981 4982
v 15001.263 3587.937 426.969
f 4984 4981 4983
v 15000.575 3587.885 425.007
f 4985 4984 4983
v 15001.831 3587.836 426.771
f 4986 4984 4985
v 14993.728 3611.164 415.837
v 14993.945 3611.251 415.690
v 14992.729 3611.148 413.982
f 4987 4988 4989
v 14993.513 3611.071 415.983
f 4990 4987 4989
v 14991.525 3611.037 412.290
f 4990 4989 4991
v 14993.133 3610.889 416.244
f 4992 4990 4991
v 14990.333 3610.917 410.616
f 4992 4991 4993
v 14992.720 3610.666 416.531
v 14988.862 3610.626 409.163
v 14988.575 3610.450 409.365
f 4994 4995 4996
v 14989.154 3610.790 408.960
f 4994 4997 4995
f 4994 4992 4993
f 4994 4993 4997
v 14992.273 3610.392 416.845
v 14988.140 3610.155 409.676
f 4998 4996 4999
f 4998 4994 4996
v 14991.841 3610.091 417.155
v 14987.719 3609.834 409.981
f 5000 4999 5001
f 5000 4998 4999
v 14991.424 3609.765 417.458
v 14987.314 3609.487 410.279
f 5002 5001 5003
f 5002 5000 5001
v 14991.022 3609.413 417.755
v 14986.926 3609.116 410.572
f 5004 5003 5005
f 5004 5002 5003
v 14990.638 3609.037 418.046
v 14986.556 3608.721 410.857
f 5006 5005 5007
f 5006 5004 5005
v 14990.272 3608.638 418.330
v 14986.205 3608.304 411.134
f 5008 5007 5009
f 5008 5006 5007
v 14989.925 3608.217 418.605
v 14985.874 3607.866 411.403
f 5010 5009 5011
f 5010 5008 5009
v 14989.599 3607.776 418.871
f 5012 5010 5011
v 14985.565 3607.409 411.662
f 5012 5011 5013
v 14989.294 3607.315 419.129
f 5014 5012 5013
v 14985.277 3606.932 411.912
f 5014 5013 5015
v 14989.011 3606.834 419.377
f 5016 5014 5015
v 14985.011 3606.437 412.153
f 5016 5015 5017
v 14988.750 3606.336 419.616
f 5018 5016 5017
v 14984.768 3605.924 412.384
f 5018 5017 5019
v 14988.512 3605.821 419.844
f 5020 5018 5019
v 14984.549 3605.398 412.603
f 5020 5019 5021
v 14988.298 3605.292 420.061
f 5022 5020 5021
v 14984.355 3604.858 412.812
f 5022 5021 5023
v 14988.109 3604.750 420.267
f 5024 5022 5023
v 14984.186 3604.305 413.009
f 5024 5023 5025
v 14987.945 3604.196 420.462
f 5026 5024 5025
v 14984.043 3603.742 413.194
f 5026 5025 5027
v 14987.806 3603.631 420.645
v 14983.925 3603.168 413.367
f 5028 5027 5029
f 5028 5026 5027
v 14987.693 3603.056 420.815
v 14983.833 3602.586 413.528
f 5030 5029 5031
f 5030 5028 5029
v 14987.607 3602.472 420.974
f 5032 5030 5031
v 14983.767 3601.996 413.677
f 5032 5031 5033
v 14987.547 3601.881 421.120
f 5034 5032 5033
v 14983.729 3601.401 413.813
f 5034 5033 5035
v 14987.513 3601.286 421.254
f 5036 5034 5035
v 14983.717 3600.803 413.936
f 5036 5035 5037
v 14987.507 3600.689 421.374
f 5038 5036 5037
v 14983.732 3600.204 414.046
f 5038 5037 5039
v 14987.527 3600.089 421.481
f 5040 5038 5039
v 14983.774 3599.603 414.142
f 5040 5039 5041
v 14987.574 3599.489 421.575
f 5042 5040 5041
v 14983.843 3599.003 414.226
f 5042 5041 5043
v 14987.648 3598.889 421.656
f 5044 5042 5043
v 14983.939 3598.403 414.296
f 5044 5043 5045
v 14987.749 3598.291 421.724
f 5046 5044 5045
v 14984.062 3597.807 414.353
f 5046 5045 5047
v 14987.877 3597.695 421.778
f 5048 5046 5047
v 14984.211 3597.215 414.396
f 5048 5047 5049
v 14988.031 3597.105 421.819
f 5050 5048 5049
v 14984.386 3596.631 414.427
f 5050 5049 5051
v 14988.210 3596.523 421.847
f 5052 5050 5051
v 14984.587 3596.055 414.444
f 5052 5051 5053
v 14988.415 3595.949 421.861
f 5054 5052 5053
v 14984.812 3595.489 414.448
f 5054 5053 5055
v 14988.646 3595.385 421.863
f 5056 5054 5055
v 14985.063 3594.933 414.439
f 5056 5055 5057
v 14988.900 3594.832 421.852
f 5058 5056 5057
v 14985.337 3594.389 414.417
f 5058 5057 5059
v 14989.179 3594.291 421.828
f 5060 5058 5059
v 14985.636 3593.858 414.383
f 5060 5059 5061
v 14989.482 3593.762 421.791
f 5062 5060 5061
v 14985.959 3593.341 414.336
f 5062 5061 5063
v 14989.809 3593.248 421.742
f 5064 5062 5063
v 14986.304 3592.839 414.277
f 5064 5063 5065
v 14990.158 3592.750 421.681
f 5066 5064 5065
v 14986.670 3592.355 414.206
f 5066 5065 5067
v 14990.527 3592.270 421.608
v 14987.057 3591.890 414.124
f 5068 5067 5069
f 5068 5066 5067
v 14990.917 3591.809 421.524
v 14987.463 3591.445 414.031
f 5070 5069 5071
f 5070 5068 5069
v 14991.326 3591.367 421.429
v 14987.888 3591.021 413.927
f 5072 5071 5073
f 5072 5070 5071
v 14991.754 3590.947 421.323
v 14988.331 3590.618 413.812
f 5074 5073 5075
f 5074 5072 5073
v 14992.201 3590.548 421.207
v 14988.792 3590.237 413.688
f 5076 5075 5077
f 5076 5074 5075
v 14992.664 3590.172 421.080
v 14989.269 3589.879 413.553
f 5078 5077 5079
f 5078 5076 5077
v 14993.144 3589.819 420.944
v 14989.762 3589.546 413.409
f 5080 5079 5081
f 5080 5078 5079
v 14993.639 3589.490 420.799
f 5082 5080 5081
v 14990.268 3589.239 413.257
f 5082 5081 5083
v 14994.147 3589.188 420.646
v 14990.786 3588.958 413.097
f 5084 5083 5085
f 5084 5082 5083
v 14994.666 3588.912 420.484
f 5086 5084 5085
v 14991.315 3588.705 412.929
f 5086 5085 5087
v 14995.197 3588.663 420.315
f 5088 5086 5087
v 14991.855 3588.479 412.754
f 5088 5087 5089
v 14995.739 3588.442 420.139
v 14993.087 3588.367 414.485
f 5090 5089 5091
f 5090 5088 5089
v 14994.330 3588.265 416.231
f 5092 5090 5091
v 14996.289 3588.249 419.957
f 5093 5090 5092
v 14995.584 3588.170 417.993
f 5094 5093 5092
v 14996.847 3588.085 419.768
f 5095 5093 5094
v 14988.080 3588.881 407.449
v 14986.853 3589.033 405.726
v 14987.124 3588.895 405.641
f 5096 5097 5098
v 14987.397 3588.764 405.555
f 5099 5096 5098
v 14989.323 3588.738 409.196
v 14987.709 3588.625 405.455
f 5100 5099 5101
f 5100 5096 5099
v 14990.582 3588.604 410.965
v 14988.024 3588.495 405.353
f 5102 5101 5103
f 5102 5100 5101
v 14991.855 3588.479 412.754
v 14988.342 3588.375 405.248
f 5104 5103 5105
f 5104 5102 5103
v 14992.105 3588.385 412.672
f 5106 5104 5105
v 14993.087 3588.367 414.485
f 5107 5104 5106
v 14992.356 3588.297 412.589
v 14988.663 3588.265 405.141
f 5108 5105 5109
f 5108 5106 5105
f 5108 5107 5106
v 14992.667 3588.197 412.485
v 14988.987 3588.164 405.032
f 5110 5109 5111
f 5110 5108 5109
v 14994.330 3588.265 416.231
f 5112 5108 5110
f 5112 5107 5108
v 14992.980 3588.106 412.379
f 5113 5110 5111
v 14989.312 3588.074 404.922
f 5113 5111 5114
v 14993.294 3588.025 412.272
f 5115 5113 5114
v 14989.640 3587.993 404.810
f 5115 5114 5116
v 14995.584 3588.170 417.993
f 5117 5110 5113
f 5117 5112 5110
v 14993.609 3587.953 412.163
f 5118 5115 5116
v 14989.968 3587.922 404.696
f 5118 5116 5119
v 14996.847 3588.085 419.768
f 5120 5113 5115
f 5120 5117 5113
v 14993.926 3587.890 412.053
f 5121 5118 5119
v 14990.299 3587.862 404.581
f 5121 5119 5122
v 14997.142 3588.011 419.668
f 5123 5115 5118
f 5123 5120 5115
v 14994.245 3587.837 411.942
f 5124 5121 5122
v 14990.630 3587.812 404.465
f 5124 5122 5125
v 14997.437 3587.945 419.566
f 5126 5123 5118
f 5126 5118 5121
v 14994.564 3587.793 411.829
f 5127 5124 5125
v 14990.962 3587.771 404.347
f 5127 5125 5128
v 14997.779 3587.879 419.447
f 5129 5126 5121
f 5129 5121 5124
v 14994.883 3587.758 411.716
v 14991.295 3587.741 404.229
f 5130 5128 5131
f 5130 5127 5128
v 14998.123 3587.824 419.326
f 5132 5129 5124
f 5132 5124 5127
v 14995.204 3587.733 411.601
v 14991.629 3587.722 404.109
f 5133 5131 5134
f 5133 5130 5131
v 14998.468 3587.779 419.205
f 5135 5132 5127
f 5135 5127 5130
v 14995.525 3587.718 411.486
v 14991.962 3587.712 403.988
f 5136 5134 5137
f 5136 5133 5134
v 14998.813 3587.746 419.082
f 5138 5135 5130
f 5138 5130 5133
v 14995.846 3587.711 411.370
v 14992.296 3587.713 403.867
f 5139 5137 5140
f 5139 5136 5137
v 14999.159 3587.724 418.957
f 5141 5138 5133
f 5141 5133 5136
v 14996.167 3587.715 411.253
v 14992.630 3587.724 403.744
f 5142 5140 5143
f 5142 5139 5140
v 14996.488 3587.728 411.135
v 14992.964 3587.746 403.622
f 5144 5143 5145
f 5144 5142 5143
v 14999.505 3587.713 418.832
f 5146 5141 5136
f 5146 5136 5139
v 14996.809 3587.750 411.017
v 14993.297 3587.777 403.499
f 5147 5145 5148
f 5147 5144 5145
v 14999.852 3587.713 418.706
f 5149 5146 5139
f 5149 5139 5142
v 14997.129 3587.782 410.898
v 14993.628 3587.820 403.375
f 5150 5148 5151
f 5150 5147 5148
v 15000.198 3587.724 418.580
f 5152 5149 5142
f 5152 5142 5144
v 14997.447 3587.824 410.780
v 14993.958 3587.872 403.252
f 5153 5151 5154
f 5153 5150 5151
v 15000.545 3587.746 418.452
f 5155 5152 5144
f 5155 5144 5147
v 14997.765 3587.875 410.661
v 14994.286 3587.935 403.129
f 5156 5154 5157
f 5156 5153 5154
v 15000.890 3587.779 418.325
f 5158 5147 5150
f 5158 5155 5147
v 14998.107 3587.941 410.533
v 14994.612 3588.008 403.006
f 5159 5157 5160
f 5159 5156 5157
v 15001.234 3587.824 418.197
f 5161 5153 5156
f 5161 5150 5153
f 5161 5158 5150
v 14998.525 3588.038 410.375
v 14994.936 3588.091 402.883
f 5162 5160 5163
f 5162 5159 5160
v 15001.576 3587.879 418.069
f 5164 5156 5159
f 5164 5161 5156
v 15001.906 3587.944 417.944
f 5165 5164 5159
f 5165 5159 5162
v 14998.938 3588.151 410.218
v 14995.258 3588.184 402.761
f 5166 5163 5167
f 5166 5162 5163
v 15002.357 3588.049 417.774
f 5168 5162 5166
f 5168 5165 5162
v 14999.347 3588.281 410.062
f 5169 5166 5167
v 14995.576 3588.287 402.640
v 14995.891 3588.400 402.519
f 5169 5170 5171
f 5169 5167 5170
v 15002.802 3588.174 417.605
f 5172 5168 5166
f 5172 5166 5169
v 14999.751 3588.427 409.907
f 5173 5169 5171
v 14996.203 3588.523 402.399
f 5173 5171 5174
v 15000.150 3588.589 409.754
f 5175 5173 5174
v 14996.511 3588.655 402.280
f 5175 5174 5176
v 15003.242 3588.318 417.437
f 5177 5172 5169
f 5177 5169 5173
v 15000.542 3588.767 409.603
v 14996.816 3588.798 402.163
f 5178 5176 5179
f 5178 5175 5176
v 15003.676 3588.481 417.271
f 5180 5177 5173
f 5180 5173 5175
v 15000.927 3588.961 409.454
v 14997.116 3588.949 402.047
v 14997.412 3589.110 401.932
f 5181 5182 5183
f 5181 5179 5182
f 5181 5178 5179
v 15004.104 3588.662 417.106
f 5184 5180 5175
f 5184 5175 5178
v 15001.305 3589.170 409.307
f 5185 5181 5183
v 14997.703 3589.281 401.819
f 5185 5183 5186
v 15004.524 3588.862 416.944
f 5187 5184 5178
f 5187 5178 5181
v 15001.675 3589.394 409.163
v 14997.989 3589.460 401.708
f 5188 5186 5189
f 5188 5185 5186
v 15004.935 3589.080 416.785
f 5190 5187 5181
f 5190 5181 5185
v 15002.037 3589.633 409.022
v 14998.270 3589.648 401.598
v 14998.546 3589.844 401.490
f 5191 5192 5193
f 5191 5189 5192
f 5191 5188 5189
v 15005.338 3589.315 416.628
f 5194 5190 5185
f 5194 5185 5188
v 15002.390 3589.886 408.885
v 14998.816 3590.050 401.385
f 5195 5193 5196
f 5195 5191 5193
v 15005.731 3589.568 416.475
f 5197 5194 5188
f 5197 5188 5191
v 15002.734 3590.153 408.750
v 14999.080 3590.264 401.282
f 5198 5196 5199
f 5198 5195 5196
v 15006.114 3589.837 416.326
f 5200 5197 5191
f 5200 5191 5195
v 15003.069 3590.434 408.620
v 14999.339 3590.486 401.181
f 5201 5199 5202
f 5201 5198 5199
v 15006.486 3590.124 416.180
f 5203 5200 5195
f 5203 5195 5198
v 15003.393 3590.729 408.493
v 14999.592 3590.717 401.082
v 14999.838 3590.955 400.986
f 5204 5205 5206
f 5204 5202 5205
f 5204 5201 5202
v 15006.848 3590.426 416.039
f 5207 5201 5204
f 5207 5198 5201
f 5207 5203 5198
v 15003.707 3591.036 408.370
v 15000.077 3591.201 400.893
f 5208 5206 5209
f 5208 5204 5206
v 15007.199 3590.744 415.902
f 5210 5204 5208
f 5210 5207 5204
v 15004.010 3591.355 408.252
v 15000.310 3591.453 400.802
f 5211 5209 5212
f 5211 5208 5209
v 15007.536 3591.077 415.771
f 5213 5208 5211
f 5213 5210 5208
v 15004.301 3591.687 408.139
f 5214 5211 5212
v 15000.535 3591.713 400.715
v 15000.754 3591.980 400.630
f 5214 5215 5216
f 5214 5212 5215
v 15004.581 3592.029 408.031
v 15000.964 3592.254 400.549
f 5217 5216 5218
f 5217 5214 5216
v 15007.861 3591.423 415.644
f 5219 5213 5211
f 5219 5211 5214
v 15004.848 3592.383 407.928
v 15001.168 3592.535 400.470
f 5220 5218 5221
f 5220 5217 5218
v 15008.172 3591.784 415.523
f 5222 5219 5214
f 5222 5214 5217
v 15005.103 3592.747 407.830
f 5223 5220 5221
v 15001.364 3592.821 400.396
f 5223 5221 5224
v 15008.469 3592.158 415.409
f 5225 5222 5217
f 5225 5217 5220
v 15005.346 3593.122 407.738
f 5226 5223 5224
v 15001.552 3593.114 400.324
v 15001.733 3593.413 400.256
f 5226 5227 5228
f 5226 5224 5227
v 15008.752 3592.544 415.300
f 5229 5225 5220
f 5229 5220 5223
v 15005.576 3593.507 407.651
f 5230 5226 5228
v 15001.905 3593.718 400.191
f 5230 5228 5231
v 15009.021 3592.943 415.197
f 5232 5229 5223
f 5232 5223 5226
v 15005.792 3593.901 407.571
f 5233 5230 5231
v 15002.069 3594.028 400.131
f 5233 5231 5234
v 15009.275 3593.354 415.101
f 5235 5232 5226
f 5235 5226 5230
v 15005.994 3594.302 407.496
f 5236 5233 5234
v 15002.225 3594.342 400.074
v 15002.372 3594.661 400.021
f 5236 5237 5238
f 5236 5234 5237
v 15009.514 3593.775 415.012
f 5239 5235 5230
f 5239 5230 5233
v 15006.183 3594.711 407.428
f 5240 5236 5238
v 15002.510 3594.984 399.971
f 5240 5238 5241
v 15009.736 3594.205 414.929
f 5242 5239 5233
f 5242 5233 5236
v 15006.356 3595.127 407.367
f 5243 5240 5241
v 15002.639 3595.311 399.926
f 5243 5241 5244
v 15009.942 3594.645 414.855
f 5245 5236 5240
f 5245 5242 5236
v 15006.516 3595.549 407.312
f 5246 5243 5244
v 15002.760 3595.642 399.885
f 5246 5244 5247
v 15010.132 3595.093 414.788
f 5248 5245 5240
f 5248 5240 5243
v 15006.661 3595.978 407.264
f 5249 5246 5247
v 15002.872 3595.977 399.848
v 15002.975 3596.315 399.816
f 5249 5250 5251
f 5249 5247 5250
v 15010.305 3595.548 414.728
f 5252 5246 5249
f 5252 5243 5246
f 5252 5248 5243
v 15006.792 3596.412 407.223
f 5253 5249 5251
v 15003.069 3596.656 399.787
f 5253 5251 5254
v 15010.461 3596.011 414.677
f 5255 5249 5253
f 5255 5252 5249
v 15006.907 3596.852 407.189
f 5256 5253 5254
v 15003.154 3597.001 399.763
f 5256 5254 5257
v 15010.599 3596.480 414.633
f 5258 5253 5256
f 5258 5255 5253
v 15007.008 3597.296 407.162
v 15003.230 3597.348 399.743
v 15003.297 3597.697 399.728
f 5259 5260 5261
f 5259 5257 5260
f 5259 5256 5257
v 15007.094 3597.744 407.142
v 15003.354 3598.048 399.717
f 5262 5261 5263
f 5262 5259 5261
v 15010.721 3596.956 414.598
f 5264 5256 5259
f 5264 5258 5256
v 15007.164 3598.194 407.130
v 15003.402 3598.400 399.711
f 5265 5263 5266
f 5265 5262 5263
v 15010.825 3597.436 414.571
f 5267 5264 5259
f 5267 5259 5262
v 15007.219 3598.645 407.125
f 5268 5265 5266
v 15003.441 3598.752 399.709
f 5268 5266 5269
v 15010.912 3597.920 414.552
f 5270 5267 5262
f 5270 5262 5265
v 15007.258 3599.099 407.127
f 5271 5268 5269
v 15003.470 3599.106 399.711
v 15003.490 3599.460 399.719
f 5271 5272 5273
f 5271 5269 5272
v 15010.980 3598.406 414.542
f 5274 5270 5265
f 5274 5265 5268
v 15007.282 3599.552 407.137
f 5275 5271 5273
v 15003.500 3599.814 399.731
f 5275 5273 5276
v 15011.031 3598.895 414.541
f 5277 5274 5268
f 5277 5268 5271
v 15007.291 3600.007 407.155
f 5278 5275 5276
v 15003.502 3600.168 399.747
f 5278 5276 5279
v 15011.064 3599.384 414.549
f 5280 5277 5271
f 5280 5271 5275
v 15007.284 3600.461 407.180
f 5281 5278 5279
v 15003.494 3600.522 399.768
f 5281 5279 5282
v 15011.079 3599.874 414.565
f 5283 5280 5275
f 5283 5275 5278
v 15007.263 3600.914 407.213
f 5284 5281 5282
v 15003.476 3600.876 399.794
v 15003.450 3601.229 399.825
f 5284 5285 5286
f 5284 5282 5285
v 15011.076 3600.364 414.590
f 5287 5283 5278
f 5287 5278 5281
v 15007.226 3601.366 407.254
f 5288 5284 5286
v 15003.414 3601.581 399.860
f 5288 5286 5289
v 15011.055 3600.854 414.624
f 5290 5281 5284
f 5290 5287 5281
v 15007.173 3601.817 407.303
f 5291 5288 5289
v 15003.369 3601.932 399.900
f 5291 5289 5292
v 15011.017 3601.342 414.668
f 5293 5284 5288
f 5293 5290 5284
v 15007.106 3602.265 407.359
f 5294 5291 5292
v 15003.314 3602.280 399.945
v 15003.251 3602.626 399.995
f 5294 5295 5296
f 5294 5292 5295
v 15010.960 3601.828 414.720
f 5297 5291 5294
f 5297 5288 5291
f 5297 5293 5288
v 15007.023 3602.708 407.423
f 5298 5294 5296
v 15003.179 3602.970 400.049
f 5298 5296 5299
v 15010.887 3602.311 414.781
f 5300 5294 5298
f 5300 5297 5294
v 15006.926 3603.147 407.494
v 15003.097 3603.310 400.107
f 5301 5299 5302
f 5301 5298 5299
v 15006.815 3603.581 407.573
f 5303 5301 5302
v 15003.008 3603.647 400.170
f 5303 5302 5304
v 15010.796 3602.789 414.851
f 5305 5298 5301
f 5305 5300 5298
v 15006.689 3604.009 407.660
v 15002.909 3603.981 400.238
v 15002.802 3604.311 400.310
f 5306 5307 5308
f 5306 5304 5307
f 5306 5303 5304
v 15010.687 3603.261 414.930
f 5309 5301 5303
f 5309 5305 5301
v 15006.549 3604.431 407.754
v 15002.686 3604.637 400.387
f 5310 5308 5311
f 5310 5306 5308
v 15010.562 3603.727 415.018
f 5312 5303 5306
f 5312 5309 5303
v 15006.395 3604.846 407.855
v 15002.562 3604.959 400.468
f 5313 5311 5314
f 5313 5310 5311
v 15010.421 3604.186 415.114
f 5315 5306 5310
f 5315 5312 5306
v 15006.227 3605.255 407.964
f 5316 5313 5314
v 15002.429 3605.276 400.554
v 15002.289 3605.590 400.644
f 5316 5317 5318
f 5316 5314 5317
v 15010.263 3604.638 415.219
f 5319 5315 5310
f 5319 5310 5313
v 15006.046 3605.656 408.080
f 5320 5316 5318
v 15002.140 3605.898 400.739
f 5320 5318 5321
v 15010.089 3605.083 415.333
f 5322 5319 5313
f 5322 5313 5316
v 15005.851 3606.049 408.204
f 5323 5320 5321
v 15001.983 3606.202 400.838
f 5323 5321 5324
v 15009.899 3605.519 415.455
f 5325 5322 5316
f 5325 5316 5320
v 15005.644 3606.434 408.334
f 5326 5323 5324
v 15001.818 3606.500 400.942
f 5326 5324 5327
v 15009.693 3605.946 415.586
f 5328 5325 5320
f 5328 5320 5323
v 15005.423 3606.809 408.472
f 5329 5326 5327
v 15001.645 3606.791 401.049
v 15001.466 3607.077 401.161
f 5329 5330 5331
f 5329 5327 5330
v 15009.472 3606.364 415.725
f 5332 5328 5323
f 5332 5323 5326
v 15005.191 3607.173 408.616
f 5333 5329 5331
v 15001.279 3607.356 401.276
f 5333 5331 5334
v 15009.236 3606.769 415.873
f 5335 5332 5326
f 5335 5326 5329
v 15004.948 3607.527 408.766
f 5336 5333 5334
v 15001.086 3607.628 401.396
f 5336 5334 5337
v 15008.987 3607.163 416.027
f 5338 5335 5329
f 5338 5333 5336
f 5338 5329 5333
v 15004.693 3607.869 408.923
f 5339 5336 5337
v 15000.885 3607.893 401.519
v 15000.678 3608.151 401.646
f 5339 5340 5341
f 5339 5337 5340
v 15008.724 3607.544 416.190
f 5342 5336 5339
f 5342 5338 5336
v 15004.427 3608.200 409.087
f 5343 5339 5341
v 15000.465 3608.402 401.777
f 5343 5341 5344
v 15008.448 3607.912 416.360
f 5345 5339 5343
f 5345 5342 5339
v 15004.151 3608.519 409.256
v 15000.245 3608.646 401.911
f 5346 5344 5347
f 5346 5343 5344
v 15003.864 3608.825 409.431
v 15000.019 3608.882 402.049
f 5348 5347 5349
f 5348 5346 5347
v 15008.159 3608.267 416.537
f 5350 5343 5346
f 5350 5345 5343
v 15003.567 3609.119 409.612
v 14999.787 3609.111 402.191
v 14999.550 3609.331 402.336
f 5351 5352 5353
f 5351 5349 5352
f 5351 5348 5349
v 15007.858 3608.608 416.721
f 5354 5346 5348
f 5354 5350 5346
v 15003.261 3609.400 409.799
v 14999.306 3609.544 402.485
f 5355 5353 5356
f 5355 5351 5353
v 15007.545 3608.934 416.913
f 5357 5348 5351
f 5357 5354 5348
v 15002.945 3609.668 409.992
v 14999.057 3609.748 402.637
f 5358 5356 5359
f 5358 5355 5356
v 15007.221 3609.246 417.111
f 5360 5351 5355
f 5360 5357 5351
v 15002.622 3609.921 410.190
v 14998.803 3609.943 402.792
v 14998.545 3610.129 402.950
f 5361 5362 5363
f 5361 5359 5362
f 5361 5358 5359
v 15006.885 3609.542 417.316
f 5364 5355 5358
f 5364 5360 5355
v 15002.290 3610.160 410.392
v 14998.282 3610.307 403.110
f 5365 5363 5366
f 5365 5361 5363
v 15006.540 3609.822 417.527
f 5367 5364 5358
f 5367 5358 5361
v 15001.952 3610.383 410.599
f 5368 5365 5366
v 14998.015 3610.475 403.274
f 5368 5366 5369
v 15006.185 3610.085 417.743
f 5370 5367 5361
f 5370 5361 5365
v 15001.606 3610.592 410.811
f 5371 5368 5369
v 14997.744 3610.634 403.440
f 5371 5369 5372
v 15005.822 3610.331 417.965
f 5373 5370 5365
f 5373 5365 5368
v 15001.255 3610.785 411.027
f 5374 5371 5372
v 14997.470 3610.783 403.608
v 14997.191 3610.923 403.779
f 5374 5375 5376
f 5374 5372 5375
v 15005.451 3610.559 418.192
f 5377 5368 5371
f 5377 5373 5368
v 15000.897 3610.963 411.246
f 5378 5374 5376
v 14996.910 3611.054 403.953
f 5378 5376 5379
v 15005.073 3610.770 418.424
f 5380 5377 5371
f 5380 5371 5374
v 15000.534 3611.125 411.470
f 5381 5378 5379
v 14996.625 3611.175 404.129
f 5381 5379 5382
v 15004.687 3610.962 418.661
f 5383 5378 5381
f 5383 5374 5378
f 5383 5380 5374
v 15000.166 3611.271 411.697
v 14996.337 3611.285 404.306
v 14996.047 3611.386 404.486
f 5384 5385 5386
f 5384 5382 5385
f 5384 5381 5382
v 15004.295 3611.136 418.903
f 5387 5381 5384
f 5387 5383 5381
v 14999.794 3611.400 411.928
v 14995.755 3611.477 404.667
f 5388 5386 5389
f 5388 5384 5386
v 15003.898 3611.292 419.149
f 5390 5384 5388
f 5390 5387 5384
v 14999.420 3611.512 412.161
v 14995.462 3611.558 404.850
f 5391 5389 5392
f 5391 5388 5389
v 14999.042 3611.608 412.396
v 14995.167 3611.628 405.034
f 5393 5392 5394
f 5393 5391 5392
v 15003.496 3611.428 419.398
f 5395 5388 5391
f 5395 5390 5388
v 14998.663 3611.688 412.633
v 14994.871 3611.688 405.219
v 14994.574 3611.738 405.406
f 5396 5397 5398
f 5396 5394 5397
f 5396 5393 5394
v 15003.091 3611.544 419.649
f 5399 5391 5393
f 5399 5395 5391
v 14998.281 3611.750 412.873
v 14994.276 3611.778 405.594
f 5400 5398 5401
f 5400 5396 5398
v 15002.683 3611.641 419.904
f 5402 5393 5396
f 5402 5399 5393
v 14997.899 3611.795 413.114
v 14993.977 3611.807 405.783
f 5403 5401 5404
f 5403 5400 5401
v 15002.273 3611.719 420.161
f 5405 5396 5400
f 5405 5402 5396
v 14997.515 3611.824 413.357
v 14993.678 3611.826 405.972
v 14993.378 3611.835 406.163
f 5406 5407 5408
f 5406 5404 5407
f 5406 5403 5404
v 15001.861 3611.777 420.421
f 5409 5400 5403
f 5409 5405 5400
v 14997.132 3611.835 413.602
v 14993.079 3611.833 406.355
f 5410 5408 5411
f 5410 5406 5408
v 15001.447 3611.815 420.682
f 5412 5403 5406
f 5412 5409 5403
v 14996.748 3611.830 413.847
v 14992.780 3611.821 406.547
f 5413 5411 5414
f 5413 5410 5411
v 15001.033 3611.834 420.946
f 5415 5406 5410
f 5415 5412 5406
v 14996.364 3611.807 414.094
f 5416 5413 5414
v 14992.481 3611.799 406.739
f 5416 5414 5417
v 15000.619 3611.832 421.210
f 5418 5410 5413
f 5418 5415 5410
v 14995.982 3611.767 414.342
f 5419 5416 5417
v 14992.184 3611.766 406.932
v 14991.887 3611.723 407.125
f 5419 5420 5421
f 5419 5417 5420
v 15000.205 3611.811 421.477
f 5422 5413 5416
f 5422 5418 5413
v 14995.603 3611.711 414.589
f 5423 5419 5421
v 14991.593 3611.670 407.318
f 5423 5421 5424
v 14999.747 3611.764 421.773
f 5425 5419 5423
f 5425 5416 5419
f 5425 5422 5416
v 14995.226 3611.637 414.836
v 14991.288 3611.603 407.518
f 5426 5424 5427
f 5426 5423 5424
v 14994.922 3611.565 415.036
v 14990.901 3611.502 407.774
f 5428 5427 5429
f 5428 5426 5427
v 14999.242 3611.684 422.102
f 5430 5423 5426
f 5430 5425 5423
v 14994.429 3611.423 415.364
v 14990.519 3611.383 408.030
f 5431 5429 5432
f 5431 5428 5429
v 14998.742 3611.573 422.431
f 5433 5428 5431
f 5433 5426 5428
f 5433 5430 5426
v 14993.945 3611.251 415.690
v 14990.092 3611.226 408.317
v 14989.618 3611.022 408.640
f 5434 5435 5436
f 5434 5432 5435
f 5434 5431 5432
f 5434 5433 5431
v 14989.154 3610.790 408.960
f 5437 5434 5436
v 14988.862 3610.626 409.163
v 14989.154 3610.790 408.960
v 14987.934 3610.648 407.245
f 5438 5439 5440
v 14988.575 3610.450 409.365
f 5441 5438 5440
v 14986.730 3610.498 405.553
f 5441 5440 5442
v 14985.543 3610.339 403.885
f 5441 5442 5443
v 14988.140 3610.155 409.676
v 14984.374 3610.172 402.243
v 14984.074 3609.947 402.460
f 5444 5445 5446
f 5444 5441 5443
f 5444 5443 5445
v 14987.719 3609.834 409.981
v 14983.781 3609.710 402.674
f 5447 5446 5448
f 5447 5444 5446
v 14987.314 3609.487 410.279
v 14983.478 3609.444 402.899
v 14983.185 3609.164 403.119
f 5449 5450 5451
f 5449 5448 5450
f 5449 5447 5448
v 14986.926 3609.116 410.572
v 14982.902 3608.870 403.336
f 5452 5451 5453
f 5452 5449 5451
v 14986.556 3608.721 410.857
v 14982.630 3608.564 403.548
f 5454 5453 5455
f 5454 5452 5453
v 14986.205 3608.304 411.134
v 14982.369 3608.245 403.756
v 14982.120 3607.914 403.958
f 5456 5457 5458
f 5456 5455 5457
f 5456 5454 5455
v 14985.874 3607.866 411.403
v 14981.883 3607.572 404.156
f 5459 5458 5460
f 5459 5456 5458
v 14985.565 3607.409 411.662
v 14981.658 3607.219 404.348
f 5461 5460 5462
f 5461 5459 5460
v 14985.277 3606.932 411.912
v 14981.445 3606.856 404.535
f 5463 5462 5464
f 5463 5461 5462
v 14985.011 3606.437 412.153
v 14981.245 3606.482 404.716
f 5465 5464 5466
f 5465 5463 5464
v 14981.058 3606.098 404.892
f 5465 5466 5467
v 14984.768 3605.924 412.384
f 5468 5465 5467
v 14980.884 3605.705 405.062
f 5468 5467 5469
v 14984.549 3605.398 412.603
f 5470 5468 5469
v 14980.725 3605.304 405.225
f 5470 5469 5471
v 14984.355 3604.858 412.812
f 5472 5470 5471
v 14980.579 3604.896 405.382
v 14980.448 3604.481 405.532
f 5472 5473 5474
f 5472 5471 5473
v 14984.186 3604.305 413.009
f 5475 5472 5474
v 14980.331 3604.059 405.676
f 5475 5474 5476
v 14984.043 3603.742 413.194
v 14980.229 3603.632 405.813
f 5477 5476 5478
f 5477 5475 5476
v 14983.925 3603.168 413.367
v 14980.141 3603.199 405.943
v 14980.069 3602.760 406.066
f 5479 5480 5481
f 5479 5478 5480
f 5479 5477 5478
v 14983.833 3602.586 413.528
v 14980.011 3602.317 406.182
f 5482 5481 5483
f 5482 5479 5481
v 14983.767 3601.996 413.677
f 5484 5482 5483
v 14979.968 3601.870 406.291
f 5484 5483 5485
v 14983.729 3601.401 413.813
f 5486 5484 5485
v 14979.941 3601.421 406.393
v 14979.929 3600.971 406.487
f 5486 5487 5488
f 5486 5485 5487
v 14983.717 3600.803 413.936
f 5489 5486 5488
v 14979.932 3600.518 406.574
f 5489 5488 5490
v 14983.732 3600.204 414.046
f 5491 5489 5490
v 14979.951 3600.065 406.653
f 5491 5490 5492
v 14983.774 3599.603 414.142
f 5493 5491 5492
v 14979.985 3599.612 406.725
v 14980.034 3599.159 406.789
f 5493 5494 5495
f 5493 5492 5494
v 14983.843 3599.003 414.226
f 5496 5493 5495
v 14980.098 3598.706 406.846
f 5496 5495 5497
v 14983.939 3598.403 414.296
f 5498 5496 5497
v 14980.178 3598.255 406.895
f 5498 5497 5499
v 14984.062 3597.807 414.353
f 5500 5498 5499
v 14980.273 3597.805 406.937
v 14980.384 3597.358 406.971
f 5500 5501 5502
f 5500 5499 5501
v 14984.211 3597.215 414.396
f 5503 5500 5502
v 14980.509 3596.915 406.998
f 5503 5502 5504
v 14984.386 3596.631 414.427
f 5505 5503 5504
v 14980.648 3596.476 407.017
f 5505 5504 5506
v 14984.587 3596.055 414.444
f 5507 5505 5506
v 14980.802 3596.043 407.028
v 14980.971 3595.614 407.032
f 5507 5508 5509
f 5507 5506 5508
v 14984.812 3595.489 414.448
f 5510 5507 5509
v 14981.153 3595.192 407.029
f 5510 5509 5511
v 14985.063 3594.933 414.439
f 5512 5510 5511
v 14981.350 3594.777 407.018
f 5512 5511 5513
v 14985.337 3594.389 414.417
f 5514 5512 5513
v 14981.560 3594.368 407.000
v 14981.784 3593.966 406.975
f 5514 5515 5516
f 5514 5513 5515
v 14985.636 3593.858 414.383
f 5517 5514 5516
v 14982.022 3593.572 406.943
f 5517 5516 5518
v 14985.959 3593.341 414.336
v 14982.273 3593.186 406.903
f 5519 5518 5520
f 5519 5517 5518
v 14986.304 3592.839 414.277
v 14982.536 3592.810 406.857
v 14982.811 3592.444 406.805
f 5521 5522 5523
f 5521 5520 5522
f 5521 5519 5520
v 14986.670 3592.355 414.206
v 14983.098 3592.089 406.745
f 5524 5523 5525
f 5524 5521 5523
v 14987.057 3591.890 414.124
v 14983.397 3591.744 406.679
f 5526 5525 5527
f 5526 5524 5525
v 14987.463 3591.445 414.031
v 14983.706 3591.412 406.607
v 14984.026 3591.091 406.529
f 5528 5529 5530
f 5528 5527 5529
f 5528 5526 5527
v 14987.888 3591.021 413.927
v 14984.357 3590.782 406.445
f 5531 5530 5532
f 5531 5528 5530
v 14988.331 3590.618 413.812
f 5533 5531 5532
v 14984.697 3590.485 406.355
f 5533 5532 5534
v 14988.792 3590.237 413.688
f 5535 5533 5534
v 14985.048 3590.202 406.259
v 14985.408 3589.931 406.158
f 5535 5536 5537
f 5535 5534 5536
v 14989.269 3589.879 413.553
f 5538 5535 5537
v 14985.834 3589.637 406.035
f 5538 5537 5539
v 14989.762 3589.546 413.409
f 5540 5538 5539
v 14986.337 3589.322 405.885
f 5540 5539 5541
v 14990.268 3589.239 413.257
f 5542 5540 5541
v 14986.853 3589.033 405.726
f 5542 5541 5543
v 14990.786 3588.958 413.097
v 14988.080 3588.881 407.449
f 5544 5543 5545
f 5544 5542 5543
v 14989.323 3588.738 409.196
f 5546 5544 5545
v 14991.315 3588.705 412.929
f 5547 5544 5546
v 14990.582 3588.604 410.965
f 5548 5547 5546
v 14991.855 3588.479 412.754
f 5549 5547 5548
v 14984.074 3609.947 402.460
v 14984.374 3610.172 402.243
v 14983.147 3609.984 400.519
f 5550 5551 5552
v 14981.943 3609.788 398.827
f 5550 5552 5553
v 14983.781 3609.710 402.674
f 5554 5550 5553
v 14980.762 3609.582 397.168
f 5554 5553 5555
v 14983.478 3609.444 402.899
f 5556 5554 5555
v 14979.607 3609.368 395.545
f 5556 5555 5557
v 14983.185 3609.164 403.119
v 14979.235 3608.999 395.827
f 5558 5557 5559
f 5558 5556 5557
v 14982.902 3608.870 403.336
v 14978.880 3608.609 396.102
f 5560 5559 5561
f 5560 5558 5559
v 14982.630 3608.564 403.548
f 5562 5560 5561
v 14978.535 3608.186 396.377
f 5562 5561 5563
v 14982.369 3608.245 403.756
f 5564 5562 5563
v 14982.120 3607.914 403.958
f 5565 5564 5563
v 14978.210 3607.743 396.643
f 5565 5563 5566
v 14981.883 3607.572 404.156
f 5567 5565 5566
v 14977.906 3607.279 396.900
f 5567 5566 5568
v 14981.658 3607.219 404.348
f 5569 5567 5568
v 14977.624 3606.797 397.148
f 5569 5568 5570
v 14981.445 3606.856 404.535
f 5571 5569 5570
v 14981.245 3606.482 404.716
f 5572 5571 5570
v 14977.364 3606.297 397.386
f 5572 5570 5573
v 14981.058 3606.098 404.892
f 5574 5572 5573
v 14977.127 3605.780 397.614
f 5574 5573 5575
v 14980.884 3605.705 405.062
f 5576 5574 5575
v 14976.915 3605.249 397.831
f 5576 5575 5577
v 14980.725 3605.304 405.225
f 5578 5576 5577
v 14980.579 3604.896 405.382
f 5579 5578 5577
v 14976.728 3604.705 398.036
f 5579 5577 5580
v 14980.448 3604.481 405.532
f 5581 5579 5580
v 14976.566 3604.149 398.230
f 5581 5580 5582
v 14980.331 3604.059 405.676
f 5583 5581 5582
v 14976.429 3603.582 398.412
f 5583 5582 5584
v 14980.229 3603.632 405.813
f 5585 5583 5584
v 14980.141 3603.199 405.943
f 5586 5585 5584
v 14976.319 3603.006 398.582
f 5586 5584 5587
v 14980.069 3602.760 406.066
f 5588 5586 5587
v 14976.234 3602.421 398.740
f 5588 5587 5589
v 14980.011 3602.317 406.182
f 5590 5588 5589
v 14976.176 3601.828 398.885
f 5590 5589 5591
v 14979.968 3601.870 406.291
f 5592 5590 5591
v 14979.941 3601.421 406.393
v 14976.145 3601.232 399.018
f 5593 5591 5594
f 5593 5592 5591
v 14979.929 3600.971 406.487
v 14976.141 3600.633 399.137
f 5595 5594 5596
f 5595 5593 5594
v 14979.932 3600.518 406.574
v 14976.164 3600.033 399.243
f 5597 5596 5598
f 5597 5595 5596
v 14979.951 3600.065 406.653
f 5599 5597 5598
v 14979.985 3599.612 406.725
v 14976.214 3599.431 399.336
f 5600 5598 5601
f 5600 5599 5598
v 14980.034 3599.159 406.789
f 5602 5600 5601
v 14976.290 3598.831 399.415
f 5602 5601 5603
v 14980.098 3598.706 406.846
f 5604 5602 5603
v 14976.394 3598.232 399.482
f 5604 5603 5605
v 14980.178 3598.255 406.895
f 5606 5604 5605
v 14980.273 3597.805 406.937
f 5607 5606 5605
v 14976.524 3597.636 399.535
f 5607 5605 5608
v 14980.384 3597.358 406.971
f 5609 5607 5608
v 14976.681 3597.046 399.575
f 5609 5608 5610
v 14980.509 3596.915 406.998
f 5611 5609 5610
v 14976.864 3596.463 399.601
f 5611 5610 5612
v 14980.648 3596.476 407.017
f 5613 5611 5612
v 14980.802 3596.043 407.028
f 5614 5613 5612
v 14977.072 3595.890 399.614
f 5614 5612 5615
v 14980.971 3595.614 407.032
f 5616 5614 5615
v 14977.305 3595.326 399.615
f 5616 5615 5617
v 14981.153 3595.192 407.029
f 5618 5616 5617
v 14977.563 3594.774 399.602
f 5618 5617 5619
v 14981.350 3594.777 407.018
f 5620 5618 5619
v 14981.560 3594.368 407.000
f 5621 5620 5619
v 14977.845 3594.233 399.577
f 5621 5619 5622
v 14981.784 3593.966 406.975
f 5623 5621 5622
v 14978.151 3593.705 399.539
f 5623 5622 5624
v 14982.022 3593.572 406.943
f 5625 5623 5624
v 14978.480 3593.192 399.488
f 5625 5624 5626
v 14982.273 3593.186 406.903
f 5627 5625 5626
v 14982.536 3592.810 406.857
f 5628 5627 5626
v 14978.832 3592.695 399.426
f 5628 5626 5629
v 14982.811 3592.444 406.805
f 5630 5628 5629
v 14979.205 3592.216 399.352
f 5630 5629 5631
v 14983.098 3592.089 406.745
f 5632 5630 5631
v 14979.597 3591.757 399.266
f 5632 5631 5633
v 14983.397 3591.744 406.679
f 5634 5632 5633
v 14983.706 3591.412 406.607
v 14980.009 3591.317 399.169
f 5635 5633 5636
f 5635 5634 5633
v 14984.026 3591.091 406.529
v 14980.440 3590.899 399.062
f 5637 5636 5638
f 5637 5635 5636
v 14984.357 3590.782 406.445
v 14980.889 3590.502 398.944
f 5639 5638 5640
f 5639 5637 5638
v 14984.697 3590.485 406.355
f 5641 5639 5640
v 14985.048 3590.202 406.259
v 14981.355 3590.128 398.817
f 5642 5640 5643
f 5642 5641 5640
v 14985.408 3589.931 406.158
v 14981.838 3589.777 398.679
f 5644 5643 5645
f 5644 5642 5643
v 14983.057 3589.577 400.393
f 5646 5644 5645
v 14985.834 3589.637 406.035
f 5647 5644 5646
v 14984.301 3589.386 402.140
f 5648 5647 5646
v 14986.337 3589.322 405.885
f 5649 5647 5648
v 14985.566 3589.205 403.918
f 5650 5649 5648
v 14986.853 3589.033 405.726
f 5651 5649 5650
v 14978.013 3590.498 393.306
v 14976.949 3590.631 391.569
v 14977.096 3590.506 391.530
f 5652 5653 5654
v 14976.804 3590.759 391.607
f 5652 5655 5653
v 14977.376 3590.276 391.454
f 5656 5652 5654
v 14979.256 3590.247 395.052
f 5657 5652 5656
v 14977.663 3590.055 391.374
f 5657 5656 5658
v 14980.531 3590.007 396.844
f 5659 5657 5658
v 14977.956 3589.842 391.290
f 5659 5658 5660
v 14981.838 3589.777 398.679
f 5661 5659 5660
v 14978.254 3589.639 391.204
f 5661 5660 5662
v 14981.997 3589.669 398.633
f 5663 5661 5662
v 14982.157 3589.564 398.586
f 5664 5663 5662
v 14978.557 3589.445 391.114
f 5664 5662 5665
v 14983.057 3589.577 400.393
f 5666 5663 5664
f 5666 5661 5663
v 14982.439 3589.387 398.502
f 5667 5666 5664
v 14978.865 3589.260 391.021
f 5667 5665 5668
f 5667 5664 5665
v 14982.725 3589.219 398.415
v 14979.177 3589.086 390.925
f 5669 5668 5670
f 5669 5667 5668
v 14984.301 3589.386 402.140
f 5671 5667 5669
f 5671 5666 5667
v 14983.015 3589.059 398.326
v 14979.493 3588.921 390.826
f 5672 5670 5673
f 5672 5669 5670
v 14985.566 3589.205 403.918
f 5674 5671 5669
f 5674 5669 5672
v 14983.309 3588.908 398.234
f 5675 5672 5673
v 14979.814 3588.766 390.725
f 5675 5673 5676
v 14983.606 3588.765 398.140
f 5677 5675 5676
v 14980.139 3588.622 390.621
f 5677 5676 5678
v 14986.853 3589.033 405.726
f 5679 5674 5672
f 5679 5672 5675
v 14983.906 3588.631 398.043
f 5680 5677 5678
v 14987.124 3588.895 405.641
f 5681 5679 5675
f 5681 5675 5677
v 14984.210 3588.505 397.945
f 5682 5680 5678
v 14980.467 3588.487 390.514
f 5682 5678 5683
v 14987.397 3588.764 405.555
f 5684 5681 5677
f 5684 5677 5680
v 14984.517 3588.388 397.844
f 5685 5682 5683
v 14980.799 3588.363 390.405
f 5685 5683 5686
v 14987.709 3588.625 405.455
f 5687 5684 5680
f 5687 5680 5682
v 14984.826 3588.281 397.741
f 5688 5685 5686
v 14981.134 3588.249 390.293
f 5688 5686 5689
v 14988.024 3588.495 405.353
f 5690 5687 5682
f 5690 5682 5685
v 14985.138 3588.182 397.637
f 5691 5688 5689
v 14981.472 3588.146 390.179
f 5691 5689 5692
v 14988.342 3588.375 405.248
f 5693 5685 5688
f 5693 5690 5685
v 14985.452 3588.093 397.530
f 5694 5691 5692
v 14981.812 3588.054 390.064
f 5694 5692 5695
v 14988.663 3588.265 405.141
f 5696 5688 5691
f 5696 5693 5688
v 14985.768 3588.012 397.423
f 5697 5694 5695
v 14982.154 3587.972 389.947
f 5697 5695 5698
v 14988.987 3588.164 405.032
f 5699 5691 5694
f 5699 5696 5691
v 14986.085 3587.942 397.313
f 5700 5697 5698
v 14982.497 3587.902 389.828
f 5700 5698 5701
v 14989.312 3588.074 404.922
f 5702 5694 5697
f 5702 5699 5694
v 14986.403 3587.880 397.203
f 5703 5700 5701
v 14982.842 3587.842 389.707
f 5703 5701 5704
v 14989.640 3587.993 404.810
f 5705 5697 5700
f 5705 5702 5697
v 14986.723 3587.828 397.091
f 5706 5703 5704
v 14983.188 3587.794 389.585
f 5706 5704 5707
v 14989.968 3587.922 404.696
f 5708 5700 5703
f 5708 5705 5700
v 14987.043 3587.786 396.978
f 5709 5706 5707
v 14983.535 3587.757 389.462
f 5709 5707 5710
v 14990.299 3587.862 404.581
f 5711 5703 5706
f 5711 5708 5703
v 14987.364 3587.753 396.863
v 14983.882 3587.730 389.338
f 5712 5710 5713
f 5712 5709 5710
v 14990.630 3587.812 404.465
f 5714 5706 5709
f 5714 5711 5706
v 14987.686 3587.730 396.748
v 14984.230 3587.715 389.213
f 5715 5713 5716
f 5715 5712 5713
v 14990.962 3587.771 404.347
f 5717 5709 5712
f 5717 5714 5709
v 14988.008 3587.716 396.632
f 5718 5715 5716
v 14991.295 3587.741 404.229
f 5719 5712 5715
f 5719 5717 5712
v 14988.330 3587.711 396.515
f 5720 5718 5716
v 14984.578 3587.711 389.086
f 5720 5716 5721
v 14991.629 3587.722 404.109
f 5722 5715 5718
f 5722 5719 5715
v 14988.652 3587.717 396.398
f 5723 5720 5721
v 14984.926 3587.719 388.959
f 5723 5721 5724
v 14991.962 3587.712 403.988
f 5725 5718 5720
f 5725 5722 5718
v 14988.975 3587.731 396.280
f 5726 5723 5724
v 14985.274 3587.737 388.831
f 5726 5724 5727
v 14992.296 3587.713 403.867
f 5728 5725 5720
f 5728 5720 5723
v 14989.296 3587.756 396.161
f 5729 5726 5727
v 14985.621 3587.767 388.703
f 5729 5727 5730
v 14992.630 3587.724 403.744
f 5731 5728 5723
f 5731 5723 5726
v 14989.617 3587.790 396.042
f 5732 5729 5730
v 14985.967 3587.808 388.575
f 5732 5730 5733
v 14992.964 3587.746 403.622
f 5734 5726 5729
f 5734 5731 5726
v 14989.937 3587.834 395.923
f 5735 5732 5733
v 14986.312 3587.860 388.446
f 5735 5733 5736
v 14993.297 3587.777 403.499
f 5737 5734 5729
f 5737 5729 5732
v 14990.255 3587.887 395.804
f 5738 5735 5736
v 14986.654 3587.924 388.318
f 5738 5736 5739
v 14993.628 3587.820 403.375
f 5740 5732 5735
f 5740 5737 5732
v 14990.571 3587.950 395.685
f 5741 5738 5739
v 14986.995 3587.998 388.189
f 5741 5739 5742
v 14993.958 3587.872 403.252
f 5743 5735 5738
f 5743 5740 5735
v 14990.885 3588.023 395.567
f 5744 5741 5742
v 14987.333 3588.084 388.061
f 5744 5742 5745
v 14991.197 3588.104 395.448
f 5746 5744 5745
v 14987.668 3588.180 387.934
f 5746 5745 5747
v 14994.286 3587.935 403.129
f 5748 5738 5741
f 5748 5743 5738
v 14991.507 3588.196 395.331
f 5749 5746 5747
v 14988.000 3588.287 387.807
f 5749 5747 5750
v 14994.612 3588.008 403.006
f 5751 5741 5744
f 5751 5748 5741
v 14991.814 3588.296 395.213
f 5752 5749 5750
v 14988.328 3588.406 387.682
f 5752 5750 5753
v 14994.936 3588.091 402.883
f 5754 5744 5746
f 5754 5751 5744
v 14992.118 3588.406 395.097
f 5755 5752 5753
v 14995.258 3588.184 402.761
f 5756 5746 5749
f 5756 5754 5746
v 14992.419 3588.525 394.981
v 14988.653 3588.534 387.557
f 5757 5753 5758
f 5757 5755 5753
v 14995.576 3588.287 402.640
f 5759 5749 5752
f 5759 5756 5749
v 14992.717 3588.653 394.867
v 14988.974 3588.674 387.433
f 5760 5758 5761
f 5760 5757 5758
v 14995.891 3588.400 402.519
f 5762 5752 5755
f 5762 5759 5752
v 14993.011 3588.790 394.753
v 14989.291 3588.824 387.311
f 5763 5761 5764
f 5763 5760 5761
v 14996.203 3588.523 402.399
f 5765 5757 5760
f 5765 5755 5757
f 5765 5762 5755
v 14993.301 3588.936 394.641
v 14989.603 3588.984 387.190
f 5766 5764 5767
f 5766 5763 5764
v 14996.511 3588.655 402.280
f 5768 5760 5763
f 5768 5765 5760
v 14993.587 3589.090 394.530
v 14989.911 3589.154 387.071
f 5769 5767 5770
f 5769 5766 5767
v 14996.816 3588.798 402.163
f 5771 5763 5766
f 5771 5768 5763
v 14993.868 3589.253 394.421
v 14990.213 3589.334 386.953
f 5772 5770 5773
f 5772 5769 5770
v 14997.116 3588.949 402.047
f 5774 5766 5769
f 5774 5771 5766
v 14994.145 3589.424 394.313
v 14990.509 3589.524 386.838
f 5775 5773 5776
f 5775 5772 5773
v 14997.412 3589.110 401.932
f 5777 5769 5772
f 5777 5774 5769
v 14994.418 3589.604 394.207
f 5778 5775 5776
v 14990.800 3589.723 386.724
f 5778 5776 5779
v 14997.703 3589.281 401.819
f 5780 5777 5772
f 5780 5772 5775
v 14994.685 3589.792 394.103
f 5781 5778 5779
v 14991.085 3589.932 386.613
f 5781 5779 5782
v 14997.989 3589.460 401.708
f 5783 5775 5778
f 5783 5780 5775
v 14994.947 3589.988 394.000
f 5784 5781 5782
v 14991.364 3590.150 386.504
f 5784 5782 5785
v 14998.270 3589.648 401.598
f 5786 5778 5781
f 5786 5783 5778
v 14995.204 3590.192 393.900
f 5787 5784 5785
v 14991.637 3590.377 386.398
f 5787 5785 5788
v 14998.546 3589.844 401.490
f 5789 5781 5784
f 5789 5786 5781
v 14995.456 3590.403 393.802
f 5790 5787 5788
v 14991.903 3590.614 386.294
f 5790 5788 5791
v 14998.816 3590.050 401.385
f 5792 5784 5787
f 5792 5789 5784
v 14995.702 3590.623 393.705
f 5793 5790 5791
v 14992.163 3590.859 386.192
f 5793 5791 5794
v 14999.080 3590.264 401.282
f 5795 5787 5790
f 5795 5792 5787
v 14995.943 3590.850 393.612
f 5796 5793 5794
v 14999.339 3590.486 401.181
f 5797 5790 5793
f 5797 5795 5790
v 14996.177 3591.084 393.520
v 14992.415 3591.112 386.094
f 5798 5794 5799
f 5798 5796 5794
v 14999.592 3590.717 401.082
f 5800 5793 5796
f 5800 5797 5793
v 14996.404 3591.324 393.432
f 5801 5798 5799
v 14992.660 3591.373 385.998
f 5801 5799 5802
v 14999.838 3590.955 400.986
f 5803 5800 5796
f 5803 5796 5798
v 14996.625 3591.572 393.346
v 14992.897 3591.642 385.906
f 5804 5802 5805
f 5804 5801 5802
v 15000.077 3591.201 400.893
f 5806 5803 5798
f 5806 5798 5801
v 14996.840 3591.826 393.263
v 14993.127 3591.919 385.817
f 5807 5805 5808
f 5807 5804 5805
v 15000.310 3591.453 400.802
f 5809 5806 5801
f 5809 5801 5804
v 14997.048 3592.086 393.182
v 14993.348 3592.203 385.732
f 5810 5808 5811
f 5810 5807 5808
v 15000.535 3591.713 400.715
f 5812 5809 5804
f 5812 5804 5807
v 14997.249 3592.353 393.105
v 14993.562 3592.494 385.650
f 5813 5811 5814
f 5813 5810 5811
v 15000.754 3591.980 400.630
f 5815 5812 5807
f 5815 5807 5810
v 14997.443 3592.625 393.030
v 14993.767 3592.792 385.571
f 5816 5814 5817
f 5816 5813 5814
v 15000.964 3592.254 400.549
f 5818 5815 5810
f 5818 5810 5813
v 14997.629 3592.904 392.959
v 14993.964 3593.097 385.496
f 5819 5817 5820
f 5819 5816 5817
v 15001.168 3592.535 400.470
f 5821 5813 5816
f 5821 5818 5813
v 14997.809 3593.188 392.891
v 14994.152 3593.408 385.425
f 5822 5820 5823
f 5822 5819 5820
v 15001.364 3592.821 400.396
f 5824 5821 5816
f 5824 5816 5819
v 14997.982 3593.478 392.826
v 14994.332 3593.726 385.358
f 5825 5823 5826
f 5825 5822 5823
v 15001.552 3593.114 400.324
f 5827 5824 5819
f 5827 5819 5822
v 14998.146 3593.773 392.764
f 5828 5825 5826
v 14994.503 3594.049 385.295
f 5828 5826 5829
v 14998.303 3594.073 392.706
f 5830 5828 5829
v 14994.664 3594.377 385.236
f 5830 5829 5831
v 15001.733 3593.413 400.256
f 5832 5827 5822
f 5832 5822 5825
v 14998.452 3594.377 392.652
f 5833 5830 5831
v 15001.905 3593.718 400.191
f 5834 5832 5825
f 5834 5825 5828
v 14998.593 3594.685 392.601
v 14994.816 3594.710 385.181
f 5835 5831 5836
f 5835 5833 5831
v 15002.069 3594.028 400.131
f 5837 5834 5828
f 5837 5828 5830
v 14998.726 3594.997 392.554
f 5838 5835 5836
v 14994.959 3595.048 385.131
f 5838 5836 5839
v 15002.225 3594.342 400.074
f 5840 5837 5830
f 5840 5830 5833
v 14998.851 3595.313 392.510
v 14995.092 3595.390 385.084
f 5841 5839 5842
f 5841 5838 5839
v 15002.372 3594.661 400.021
f 5843 5840 5833
f 5843 5833 5835
v 14998.968 3595.632 392.471
f 5844 5841 5842
v 14995.215 3595.736 385.043
f 5844 5842 5845
v 15002.510 3594.984 399.971
f 5846 5843 5835
f 5846 5835 5838
v 14999.076 3595.955 392.435
f 5847 5844 5845
v 14995.329 3596.086 385.006
f 5847 5845 5848
v 15002.639 3595.311 399.926
f 5849 5846 5838
f 5849 5841 5844
f 5849 5838 5841
v 14999.177 3596.281 392.403
v 14995.433 3596.440 384.973
f 5850 5848 5851
f 5850 5847 5848
v 15002.760 3595.642 399.885
f 5852 5849 5844
f 5852 5844 5847
v 14999.268 3596.610 392.375
v 14995.528 3596.797 384.945
f 5853 5851 5854
f 5853 5850 5851
v 15002.872 3595.977 399.848
f 5855 5852 5847
f 5855 5847 5850
v 14999.352 3596.942 392.351
v 14995.612 3597.157 384.922
f 5856 5854 5857
f 5856 5853 5854
v 15002.975 3596.315 399.816
f 5858 5855 5850
f 5858 5850 5853
v 14999.427 3597.277 392.331
v 14995.687 3597.520 384.903
f 5859 5857 5860
f 5859 5856 5857
v 15003.069 3596.656 399.787
f 5861 5858 5853
f 5861 5853 5856
v 14999.493 3597.613 392.315
v 14995.751 3597.885 384.890
f 5862 5860 5863
f 5862 5859 5860
v 15003.154 3597.001 399.763
f 5864 5856 5859
f 5864 5861 5856
v 14999.551 3597.952 392.304
v 14995.805 3598.252 384.881
f 5865 5863 5866
f 5865 5862 5863
v 15003.230 3597.348 399.743
f 5867 5864 5859
f 5867 5859 5862
v 14999.599 3598.291 392.296
v 14995.850 3598.619 384.877
f 5868 5866 5869
f 5868 5865 5866
v 15003.297 3597.697 399.728
f 5870 5862 5865
f 5870 5867 5862
v 14999.640 3598.631 392.293
v 14995.884 3598.988 384.878
f 5871 5869 5872
f 5871 5868 5869
v 15003.354 3598.048 399.717
f 5873 5865 5868
f 5873 5870 5865
v 14999.671 3598.972 392.294
f 5874 5871 5872
v 15003.402 3598.400 399.711
f 5875 5868 5871
f 5875 5873 5868
v 14999.694 3599.314 392.299
f 5876 5874 5872
v 14995.907 3599.357 384.884
f 5876 5872 5877
v 15003.441 3598.752 399.709
f 5878 5871 5874
f 5878 5875 5871
v 14999.708 3599.655 392.309
f 5879 5876 5877
v 14995.921 3599.726 384.896
f 5879 5877 5880
v 15003.470 3599.106 399.711
f 5881 5878 5874
f 5881 5874 5876
v 14999.713 3599.997 392.323
f 5882 5879 5880
v 14995.925 3600.095 384.912
f 5882 5880 5883
v 15003.490 3599.460 399.719
f 5884 5881 5876
f 5884 5876 5879
v 14999.710 3600.339 392.341
v 14995.918 3600.464 384.933
f 5885 5883 5886
f 5885 5882 5883
v 15003.500 3599.814 399.731
f 5887 5884 5879
f 5887 5879 5882
v 14999.698 3600.681 392.364
v 14995.901 3600.833 384.959
f 5888 5886 5889
f 5888 5885 5886
v 15003.502 3600.168 399.747
f 5890 5887 5882
f 5890 5882 5885
v 14999.678 3601.021 392.391
v 14995.875 3601.201 384.991
f 5891 5889 5892
f 5891 5888 5889
v 15003.494 3600.522 399.768
f 5893 5890 5885
f 5893 5885 5888
v 14999.648 3601.362 392.422
v 14995.838 3601.567 385.027
f 5894 5892 5895
f 5894 5891 5892
v 15003.476 3600.876 399.794
f 5896 5893 5888
f 5896 5888 5891
v 14999.611 3601.701 392.458
v 14995.791 3601.933 385.069
f 5897 5895 5898
f 5897 5894 5895
v 15003.450 3601.229 399.825
f 5899 5896 5891
f 5899 5891 5894
v 14999.564 3602.039 392.498
v 14995.734 3602.297 385.116
f 5900 5898 5901
f 5900 5897 5898
v 15003.414 3601.581 399.860
f 5902 5899 5894
f 5902 5894 5897
v 14999.509 3602.375 392.542
v 14995.667 3602.658 385.168
f 5903 5901 5904
f 5903 5900 5901
v 15003.369 3601.932 399.900
f 5905 5902 5897
f 5905 5897 5900
v 14999.446 3602.708 392.591
v 14995.591 3603.016 385.224
f 5906 5904 5907
f 5906 5903 5904
v 15003.314 3602.280 399.945
f 5908 5900 5903
f 5908 5905 5900
v 14999.374 3603.039 392.644
v 14995.505 3603.370 385.286
f 5909 5907 5910
f 5909 5906 5907
v 14999.294 3603.367 392.702
f 5911 5909 5910
v 15003.251 3602.626 399.995
f 5912 5903 5906
f 5912 5908 5903
v 14999.206 3603.692 392.763
v 14995.409 3603.721 385.353
f 5913 5910 5914
f 5913 5911 5910
v 15003.179 3602.970 400.049
f 5915 5906 5909
f 5915 5912 5906
v 14999.110 3604.014 392.829
v 14995.304 3604.068 385.425
f 5916 5914 5917
f 5916 5913 5914
v 15003.097 3603.310 400.107
f 5918 5909 5911
f 5918 5915 5909
v 14999.006 3604.332 392.899
v 14995.190 3604.411 385.502
f 5919 5917 5920
f 5919 5916 5917
v 15003.008 3603.647 400.170
f 5921 5911 5913
f 5921 5918 5911
v 14998.894 3604.646 392.974
v 14995.066 3604.749 385.583
f 5922 5920 5923
f 5922 5919 5920
v 15002.909 3603.981 400.238
f 5924 5913 5916
f 5924 5921 5913
v 14998.774 3604.957 393.052
f 5925 5922 5923
v 14994.934 3605.083 385.670
f 5925 5923 5926
v 15002.802 3604.311 400.310
f 5927 5924 5916
f 5927 5916 5919
v 14998.646 3605.264 393.135
v 14994.792 3605.412 385.761
f 5928 5926 5929
f 5928 5925 5926
v 15002.686 3604.637 400.387
f 5930 5927 5919
f 5930 5919 5922
v 14998.511 3605.566 393.222
v 14994.641 3605.737 385.857
f 5931 5929 5932
f 5931 5928 5929
v 15002.562 3604.959 400.468
f 5933 5930 5922
f 5933 5925 5928
f 5933 5922 5925
v 14998.368 3605.864 393.313
v 14994.482 3606.055 385.958
f 5934 5932 5935
f 5934 5931 5932
v 15002.429 3605.276 400.554
f 5936 5933 5928
f 5936 5928 5931
v 14998.217 3606.158 393.408
v 14994.314 3606.369 386.064
f 5937 5935 5938
f 5937 5934 5935
v 15002.289 3605.590 400.644
f 5939 5936 5931
f 5939 5931 5934
v 14998.059 3606.446 393.507
v 14994.137 3606.676 386.174
f 5940 5938 5941
f 5940 5937 5938
v 15002.140 3605.898 400.739
f 5942 5939 5934
f 5942 5934 5937
v 14997.894 3606.729 393.610
v 14993.953 3606.976 386.289
f 5943 5941 5944
f 5943 5940 5941
v 15001.983 3606.202 400.838
f 5945 5942 5937
f 5945 5937 5940
v 14997.723 3607.006 393.717
v 14993.761 3607.269 386.408
f 5946 5944 5947
f 5946 5943 5944
v 15001.818 3606.500 400.942
f 5948 5945 5940
f 5948 5940 5943
v 14997.544 3607.277 393.827
f 5949 5946 5947
v 15001.645 3606.791 401.049
f 5950 5943 5946
f 5950 5948 5943
v 14997.359 3607.542 393.941
v 14993.561 3607.555 386.532
f 5951 5947 5952
f 5951 5949 5947
v 15001.466 3607.077 401.161
f 5953 5946 5949
f 5953 5950 5946
v 14997.168 3607.800 394.059
f 5954 5951 5952
v 14993.354 3607.834 386.659
f 5954 5952 5955
v 15001.279 3607.356 401.276
f 5956 5949 5951
f 5956 5953 5949
v 14996.971 3608.052 394.180
f 5957 5954 5955
v 14993.139 3608.105 386.791
f 5957 5955 5958
v 15001.086 3607.628 401.396
f 5959 5951 5954
f 5959 5956 5951
v 14996.767 3608.297 394.305
f 5960 5957 5958
v 14992.918 3608.368 386.926
f 5960 5958 5961
v 15000.885 3607.893 401.519
f 5962 5954 5957
f 5962 5959 5954
v 14996.558 3608.535 394.433
f 5963 5960 5961
v 14992.690 3608.622 387.066
f 5963 5961 5964
v 15000.678 3608.151 401.646
f 5965 5957 5960
f 5965 5962 5957
v 14996.343 3608.767 394.565
f 5966 5963 5964
v 14992.455 3608.869 387.210
f 5966 5964 5967
v 15000.465 3608.402 401.777
f 5968 5960 5963
f 5968 5965 5960
v 14996.122 3608.991 394.700
f 5969 5966 5967
v 14992.213 3609.107 387.357
f 5969 5967 5970
v 15000.245 3608.646 401.911
f 5971 5963 5966
f 5971 5968 5963
v 14995.895 3609.208 394.838
v 14991.965 3609.337 387.509
f 5972 5970 5973
f 5972 5969 5970
v 15000.019 3608.882 402.049
f 5974 5966 5969
f 5974 5971 5966
v 14995.664 3609.417 394.980
f 5975 5972 5973
v 14991.711 3609.558 387.664
f 5975 5973 5976
v 14999.787 3609.111 402.191
f 5977 5974 5969
f 5977 5969 5972
v 14995.427 3609.619 395.125
f 5978 5975 5976
v 14991.451 3609.770 387.823
f 5978 5976 5979
v 14999.550 3609.331 402.336
f 5980 5977 5972
f 5980 5972 5975
v 14995.185 3609.814 395.272
f 5981 5978 5979
v 14991.186 3609.973 387.985
f 5981 5979 5982
v 14999.306 3609.544 402.485
f 5983 5980 5975
f 5983 5975 5978
v 14994.938 3609.999 395.423
f 5984 5981 5982
v 14990.916 3610.165 388.150
f 5984 5982 5985
v 14999.057 3609.748 402.637
f 5986 5983 5978
f 5986 5978 5981
v 14994.688 3610.177 395.576
f 5987 5984 5985
v 14990.641 3610.348 388.318
f 5987 5985 5988
v 14998.803 3609.943 402.792
f 5989 5986 5981
f 5989 5981 5984
v 14994.433 3610.346 395.732
f 5990 5987 5988
v 14998.545 3610.129 402.950
f 5991 5984 5987
f 5991 5989 5984
v 14994.174 3610.506 395.890
f 5992 5990 5988
v 14990.361 3610.521 388.489
f 5992 5988 5993
v 14993.912 3610.658 396.051
f 5994 5992 5993
v 14990.078 3610.683 388.663
f 5994 5993 5995
v 14998.282 3610.307 403.110
f 5996 5987 5990
f 5996 5991 5987
v 14993.647 3610.801 396.214
f 5997 5994 5995
v 14989.790 3610.836 388.839
f 5997 5995 5998
v 14998.015 3610.475 403.274
f 5999 5990 5992
f 5999 5996 5990
v 14993.378 3610.935 396.379
f 6000 5997 5998
v 14989.498 3610.978 389.019
f 6000 5998 6001
v 14997.744 3610.634 403.440
f 6002 5992 5994
f 6002 5999 5992
v 14993.105 3611.061 396.547
f 6003 6000 6001
v 14989.203 3611.110 389.201
f 6003 6001 6004
v 14997.470 3610.783 403.608
f 6005 5994 5997
f 6005 6002 5994
v 14992.830 3611.177 396.716
f 6006 6003 6004
v 14988.905 3611.231 389.385
f 6006 6004 6007
v 14997.191 3610.923 403.779
f 6008 5997 6000
f 6008 6005 5997
v 14992.553 3611.284 396.888
f 6009 6006 6007
v 14988.604 3611.341 389.571
f 6009 6007 6010
v 14996.910 3611.054 403.953
f 6011 6000 6003
f 6011 6008 6000
v 14992.273 3611.381 397.061
f 6012 6009 6010
v 14988.300 3611.440 389.760
f 6012 6010 6013
v 14996.625 3611.175 404.129
f 6014 6006 6009
f 6014 6003 6006
f 6014 6011 6003
v 14991.992 3611.470 397.236
v 14987.995 3611.529 389.949
f 6015 6013 6016
f 6015 6012 6013
v 14996.337 3611.285 404.306
f 6017 6009 6012
f 6017 6014 6009
v 14991.709 3611.548 397.412
v 14987.688 3611.606 390.141
f 6018 6016 6019
f 6018 6015 6016
v 14996.047 3611.386 404.486
f 6020 6012 6015
f 6020 6017 6012
v 14991.424 3611.618 397.589
v 14987.379 3611.672 390.334
f 6021 6019 6022
f 6021 6018 6019
v 14995.755 3611.477 404.667
f 6023 6015 6018
f 6023 6020 6015
v 14991.139 3611.677 397.768
v 14987.069 3611.727 390.528
f 6024 6022 6025
f 6024 6021 6022
v 14995.462 3611.558 404.850
f 6026 6018 6021
f 6026 6023 6018
v 14990.852 3611.728 397.948
f 6027 6024 6025
v 14986.759 3611.770 390.724
f 6027 6025 6028
v 14995.167 3611.628 405.034
f 6029 6021 6024
f 6029 6026 6021
v 14990.564 3611.768 398.129
f 6030 6027 6028
v 14994.871 3611.688 405.219
f 6031 6029 6024
f 6031 6024 6027
v 14990.276 3611.800 398.311
f 6032 6030 6028
v 14986.447 3611.803 390.921
f 6032 6028 6033
v 14994.574 3611.738 405.406
f 6034 6031 6027
f 6034 6027 6030
v 14989.988 3611.821 398.494
f 6035 6032 6033
v 14986.135 3611.824 391.119
f 6035 6033 6036
v 14994.276 3611.778 405.594
f 6037 6034 6030
f 6037 6030 6032
v 14989.699 3611.833 398.678
f 6038 6035 6036
v 14985.823 3611.835 391.317
f 6038 6036 6039
v 14993.977 3611.807 405.783
f 6040 6032 6035
f 6040 6037 6032
v 14989.410 3611.835 398.862
f 6041 6038 6039
v 14985.511 3611.834 391.517
f 6041 6039 6042
v 14993.678 3611.826 405.972
f 6043 6035 6038
f 6043 6040 6035
v 14989.121 3611.828 399.047
f 6044 6041 6042
v 14985.199 3611.821 391.717
f 6044 6042 6045
v 14993.378 3611.835 406.163
f 6046 6038 6041
f 6046 6043 6038
v 14988.832 3611.811 399.233
f 6047 6044 6045
v 14984.888 3611.797 391.918
f 6047 6045 6048
v 14993.079 3611.833 406.355
f 6049 6041 6044
f 6049 6046 6041
v 14988.545 3611.784 399.419
f 6050 6047 6048
v 14984.577 3611.762 392.119
f 6050 6048 6051
v 14992.780 3611.821 406.547
f 6052 6044 6047
f 6052 6049 6044
v 14988.258 3611.748 399.605
f 6053 6050 6051
v 14984.269 3611.716 392.320
f 6053 6051 6054
v 14992.481 3611.799 406.739
f 6055 6047 6050
f 6055 6052 6047
v 14987.973 3611.702 399.792
f 6056 6053 6054
v 14983.962 3611.659 392.521
f 6056 6054 6057
v 14992.184 3611.766 406.932
f 6058 6050 6053
f 6058 6055 6050
v 14987.689 3611.646 399.978
v 14983.657 3611.590 392.722
f 6059 6057 6060
f 6059 6056 6057
v 14991.887 3611.723 407.125
f 6061 6053 6056
f 6061 6058 6053
v 14987.383 3611.575 400.179
f 6062 6059 6060
v 14983.354 3611.510 392.923
f 6062 6060 6063
v 14991.593 3611.670 407.318
f 6064 6056 6059
f 6064 6061 6056
v 14987.011 3611.472 400.426
v 14982.955 3611.387 393.189
f 6065 6063 6066
f 6065 6062 6063
v 14991.288 3611.603 407.518
f 6067 6059 6062
f 6067 6064 6059
v 14986.643 3611.353 400.672
v 14982.561 3611.245 393.454
f 6068 6066 6069
f 6068 6065 6066
v 14990.901 3611.502 407.774
f 6070 6062 6065
f 6070 6067 6062
v 14986.280 3611.217 400.917
v 14982.174 3611.083 393.717
f 6071 6069 6072
f 6071 6068 6069
v 14990.519 3611.383 408.030
f 6073 6065 6068
f 6073 6070 6065
v 14985.923 3611.065 401.160
v 14981.753 3610.882 394.006
f 6074 6072 6075
f 6074 6071 6072
v 14990.092 3611.226 408.317
f 6076 6071 6074
f 6076 6068 6071
f 6076 6073 6068
v 14985.571 3610.897 401.401
f 6077 6074 6075
v 14985.260 3610.732 401.618
f 6078 6077 6075
v 14981.295 3610.632 394.324
f 6078 6075 6079
v 14989.618 3611.022 408.640
f 6080 6074 6077
f 6080 6076 6074
v 14984.810 3610.465 401.933
f 6081 6078 6079
v 14980.851 3610.355 394.638
f 6081 6079 6082
v 14989.154 3610.790 408.960
f 6083 6080 6077
f 6083 6078 6081
f 6083 6077 6078
v 14984.374 3610.172 402.243
f 6084 6083 6081
f 6084 6081 6082
v 14980.421 3610.051 394.946
f 6084 6082 6085
v 14980.006 3609.722 395.249
f 6086 6084 6085
v 14979.607 3609.368 395.545
f 6087 6083 6084
f 6087 6084 6086
v 14979.235 3608.999 395.827
v 14979.607 3609.368 395.545
v 14978.369 3609.122 393.806
f 6088 6089 6090
v 14977.164 3608.867 392.113
f 6088 6090 6091
v 14978.880 3608.609 396.102
v 14975.993 3608.602 390.467
f 6092 6091 6093
f 6092 6088 6091
v 14978.535 3608.186 396.377
v 14974.857 3608.328 388.872
f 6094 6093 6095
v 14974.602 3607.995 389.078
f 6094 6095 6096
f 6094 6092 6093
v 14978.210 3607.743 396.643
v 14974.358 3607.650 389.280
f 6097 6096 6098
f 6097 6094 6096
v 14977.906 3607.279 396.900
f 6099 6097 6098
v 14974.057 3607.181 389.536
f 6099 6098 6100
v 14977.624 3606.797 397.148
f 6101 6099 6100
v 14973.778 3606.693 389.783
f 6101 6100 6102
v 14977.364 3606.297 397.386
f 6103 6101 6102
v 14973.522 3606.186 390.021
f 6103 6102 6104
v 14977.127 3605.780 397.614
f 6105 6103 6104
v 14973.290 3605.664 390.247
f 6105 6104 6106
v 14976.915 3605.249 397.831
f 6107 6105 6106
v 14973.082 3605.127 390.462
f 6107 6106 6108
v 14976.728 3604.705 398.036
f 6109 6107 6108
v 14972.900 3604.578 390.666
f 6109 6108 6110
v 14976.566 3604.149 398.230
f 6111 6109 6110
v 14972.743 3604.017 390.858
f 6111 6110 6112
v 14976.429 3603.582 398.412
f 6113 6111 6112
v 14972.612 3603.445 391.038
f 6113 6112 6114
v 14976.319 3603.006 398.582
f 6115 6113 6114
v 14972.507 3602.864 391.206
f 6115 6114 6116
v 14976.234 3602.421 398.740
f 6117 6115 6116
v 14972.428 3602.274 391.361
f 6117 6116 6118
v 14976.176 3601.828 398.885
f 6119 6117 6118
v 14972.377 3601.678 391.504
f 6119 6118 6120
v 14976.145 3601.232 399.018
f 6121 6119 6120
v 14972.353 3601.078 391.634
f 6121 6120 6122
v 14976.141 3600.633 399.137
f 6123 6121 6122
v 14972.356 3600.476 391.750
f 6123 6122 6124
v 14976.164 3600.033 399.243
f 6125 6123 6124
v 14972.386 3599.872 391.853
f 6125 6124 6126
v 14976.214 3599.431 399.336
f 6127 6125 6126
v 14972.443 3599.268 391.943
f 6127 6126 6128
v 14976.290 3598.831 399.415
v 14972.528 3598.665 392.019
f 6129 6128 6130
f 6129 6127 6128
v 14976.394 3598.232 399.482
f 6131 6129 6130
v 14972.639 3598.064 392.082
f 6131 6130 6132
v 14976.524 3597.636 399.535
v 14972.778 3597.467 392.132
f 6133 6132 6134
f 6133 6131 6132
v 14976.681 3597.046 399.575
v 14972.943 3596.876 392.168
f 6135 6134 6136
f 6135 6133 6134
v 14976.864 3596.463 399.601
v 14973.134 3596.294 392.191
f 6137 6136 6138
f 6137 6135 6136
v 14977.072 3595.890 399.614
v 14973.350 3595.720 392.200
f 6139 6138 6140
f 6139 6137 6138
v 14977.305 3595.326 399.615
v 14973.592 3595.157 392.196
f 6141 6140 6142
f 6141 6139 6140
v 14977.563 3594.774 399.602
v 14973.858 3594.606 392.180
f 6143 6142 6144
f 6143 6141 6142
v 14977.845 3594.233 399.577
v 14974.149 3594.066 392.150
f 6145 6144 6146
f 6145 6143 6144
v 14978.151 3593.705 399.539
v 14974.464 3593.541 392.108
f 6147 6146 6148
f 6147 6145 6146
v 14978.480 3593.192 399.488
f 6149 6147 6148
v 14974.803 3593.030 392.054
f 6149 6148 6150
v 14978.832 3592.695 399.426
f 6151 6149 6150
v 14975.163 3592.536 391.987
f 6151 6150 6152
v 14979.205 3592.216 399.352
f 6153 6151 6152
v 14975.544 3592.062 391.909
f 6153 6152 6154
v 14979.597 3591.757 399.266
f 6155 6153 6154
v 14975.945 3591.607 391.819
f 6155 6154 6156
v 14980.009 3591.317 399.169
f 6157 6155 6156
v 14976.365 3591.172 391.718
f 6157 6156 6158
v 14980.440 3590.899 399.062
v 14976.804 3590.759 391.607
v 14978.013 3590.498 393.306
f 6159 6160 6161
f 6159 6157 6158
f 6159 6158 6160
v 14980.889 3590.502 398.944
v 14979.256 3590.247 395.052
f 6162 6161 6163
f 6162 6159 6161
v 14981.355 3590.128 398.817
v 14980.531 3590.007 396.844
f 6164 6163 6165
f 6164 6162 6163
v 14981.838 3589.777 398.679
f 6166 6164 6165
v 14974.602 3607.995 389.078
v 14974.857 3608.328 388.872
v 14973.601 3608.002 387.106
f 6167 6168 6169
v 14974.358 3607.650 389.280
v 14972.394 3607.664 385.410
f 6170 6169 6171
f 6170 6167 6169
v 14974.057 3607.181 389.536
v 14971.238 3607.315 383.786
f 6172 6171 6173
v 14970.135 3606.956 382.237
f 6172 6173 6174
f 6172 6170 6171
v 14973.778 3606.693 389.783
v 14969.979 3606.673 382.377
v 14969.829 3606.384 382.514
f 6175 6176 6177
f 6175 6174 6176
f 6175 6172 6174
v 14973.522 3606.186 390.021
v 14969.646 3605.997 382.689
f 6178 6177 6179
f 6178 6175 6177
v 14973.290 3605.664 390.247
f 6180 6178 6179
v 14969.476 3605.602 382.857
v 14969.320 3605.200 383.018
f 6180 6181 6182
f 6180 6179 6181
v 14973.082 3605.127 390.462
f 6183 6180 6182
v 14969.178 3604.790 383.174
f 6183 6182 6184
v 14972.900 3604.578 390.666
f 6185 6183 6184
v 14969.050 3604.373 383.322
f 6185 6184 6186
v 14972.743 3604.017 390.858
f 6187 6185 6186
v 14968.937 3603.949 383.464
v 14968.839 3603.520 383.599
f 6187 6188 6189
f 6187 6186 6188
v 14972.612 3603.445 391.038
f 6190 6187 6189
v 14968.755 3603.085 383.728
f 6190 6189 6191
v 14972.507 3602.864 391.206
f 6192 6190 6191
v 14968.686 3602.646 383.849
f 6192 6191 6193
v 14972.428 3602.274 391.361
f 6194 6192 6193
v 14968.632 3602.201 383.964
v 14968.593 3601.754 384.071
f 6194 6195 6196
f 6194 6193 6195
v 14972.377 3601.678 391.504
f 6197 6194 6196
v 14968.570 3601.304 384.171
f 6197 6196 6198
v 14972.353 3601.078 391.634
f 6199 6197 6198
v 14968.562 3600.853 384.263
f 6199 6198 6200
v 14972.356 3600.476 391.750
f 6201 6199 6200
v 14968.569 3600.400 384.348
v 14968.592 3599.947 384.425
f 6201 6202 6203
f 6201 6200 6202
v 14972.386 3599.872 391.853
f 6204 6201 6203
v 14968.630 3599.494 384.495
f 6204 6203 6205
v 14972.443 3599.268 391.943
v 14968.683 3599.040 384.557
f 6206 6205 6207
f 6206 6204 6205
v 14972.528 3598.665 392.019
v 14968.752 3598.588 384.612
v 14968.835 3598.136 384.660
f 6208 6209 6210
f 6208 6207 6209
f 6208 6206 6207
v 14972.639 3598.064 392.082
v 14968.935 3597.687 384.699
f 6211 6210 6212
f 6211 6208 6210
v 14972.778 3597.467 392.132
v 14969.049 3597.241 384.731
f 6213 6212 6214
f 6213 6211 6212
v 14972.943 3596.876 392.168
v 14969.178 3596.799 384.756
v 14969.321 3596.362 384.773
f 6215 6216 6217
f 6215 6214 6216
f 6215 6213 6214
v 14973.134 3596.294 392.191
v 14969.479 3595.929 384.782
f 6218 6217 6219
f 6218 6215 6217
v 14973.350 3595.720 392.200
v 14969.651 3595.503 384.784
f 6220 6219 6221
f 6220 6218 6219
v 14973.592 3595.157 392.196
v 14969.838 3595.082 384.779
v 14970.038 3594.668 384.766
f 6222 6223 6224
f 6222 6221 6223
f 6222 6220 6221
v 14973.858 3594.606 392.180
v 14970.252 3594.261 384.747
f 6225 6224 6226
f 6225 6222 6224
v 14974.149 3594.066 392.150
v 14970.480 3593.861 384.720
f 6227 6226 6228
f 6227 6225 6226
v 14974.464 3593.541 392.108
f 6229 6227 6228
v 14970.721 3593.469 384.685
f 6229 6228 6230
v 14974.803 3593.030 392.054
f 6231 6229 6230
v 14971.002 3593.046 384.640
v 14971.362 3592.552 384.573
f 6231 6232 6233
f 6231 6230 6232
v 14975.163 3592.536 391.987
v 14971.743 3592.076 384.495
f 6234 6233 6235
f 6234 6231 6233
v 14975.544 3592.062 391.909
v 14972.933 3591.729 386.167
f 6236 6235 6237
f 6236 6234 6235
v 14975.945 3591.607 391.819
v 14974.174 3591.393 387.911
f 6238 6237 6239
f 6238 6236 6237
v 14976.365 3591.172 391.718
v 14975.465 3591.070 389.725
f 6240 6239 6241
f 6240 6238 6239
v 14976.804 3590.759 391.607
f 6242 6240 6241
v 14972.091 3591.678 384.418
v 14971.915 3591.875 384.458
v 14968.334 3591.643 376.995
f 6243 6244 6245
v 14972.933 3591.729 386.167
f 6246 6244 6243
v 14971.743 3592.076 384.495
f 6246 6247 6244
v 14972.322 3591.430 384.364
f 6248 6246 6243
f 6248 6243 6245
v 14974.174 3591.393 387.911
v 14972.559 3591.189 384.307
f 6249 6248 6250
f 6249 6246 6248
v 14975.465 3591.070 389.725
v 14972.802 3590.955 384.246
v 14973.051 3590.727 384.182
f 6251 6252 6253
f 6251 6250 6252
f 6251 6249 6250
v 14976.804 3590.759 391.607
f 6254 6251 6253
v 14976.949 3590.631 391.569
v 14973.306 3590.507 384.114
f 6255 6253 6256
f 6255 6254 6253
v 14977.096 3590.506 391.530
v 14973.566 3590.293 384.044
f 6257 6256 6258
f 6257 6255 6256
v 14977.376 3590.276 391.454
v 14973.831 3590.087 383.970
f 6259 6258 6260
f 6259 6257 6258
v 14977.663 3590.055 391.374
v 14974.102 3589.888 383.893
f 6261 6260 6262
f 6261 6259 6260
v 14977.956 3589.842 391.290
v 14974.377 3589.697 383.814
f 6263 6262 6264
f 6263 6261 6262
v 14978.254 3589.639 391.204
v 14974.657 3589.515 383.731
f 6265 6264 6266
f 6265 6263 6264
v 14975.228 3589.174 383.558
v 14974.941 3589.340 383.646
v 14971.449 3589.168 376.140
f 6267 6268 6269
v 14978.557 3589.445 391.114
f 6270 6266 6268
f 6270 6265 6266
v 14975.520 3589.016 383.468
f 6271 6267 6269
v 14978.865 3589.260 391.021
f 6272 6268 6267
f 6272 6270 6268
v 14979.177 3589.086 390.925
f 6273 6272 6267
f 6273 6267 6271
v 14979.493 3588.921 390.826
f 6274 6273 6271
v 14975.816 3588.866 383.376
f 6274 6271 6275
v 14979.814 3588.766 390.725
f 6276 6274 6275
v 14976.115 3588.725 383.281
f 6276 6275 6277
v 14980.139 3588.622 390.621
v 14976.417 3588.593 383.183
f 6278 6277 6279
f 6278 6276 6277
v 14980.467 3588.487 390.514
v 14976.722 3588.470 383.084
f 6280 6279 6281
f 6280 6278 6279
v 14980.799 3588.363 390.405
v 14977.031 3588.355 382.982
f 6282 6281 6283
f 6282 6280 6281
v 14981.134 3588.249 390.293
v 14977.342 3588.250 382.878
v 14977.655 3588.154 382.773
f 6284 6285 6286
f 6284 6283 6285
f 6284 6282 6283
v 14981.472 3588.146 390.179
v 14977.970 3588.067 382.666
f 6287 6286 6288
f 6287 6284 6286
v 14981.812 3588.054 390.064
v 14978.287 3587.990 382.558
f 6289 6288 6290
f 6289 6287 6288
v 14982.154 3587.972 389.947
v 14978.605 3587.922 382.448
f 6291 6290 6292
f 6291 6289 6290
v 14979.244 3587.814 382.224
v 14978.924 3587.863 382.337
v 14975.458 3587.814 374.807
f 6293 6294 6295
v 14982.497 3587.902 389.828
f 6296 6292 6294
f 6296 6291 6292
v 14979.565 3587.775 382.111
f 6297 6293 6295
v 14982.842 3587.842 389.707
f 6298 6294 6293
f 6298 6296 6294
v 14983.188 3587.794 389.585
f 6299 6293 6297
f 6299 6298 6293
v 14983.535 3587.757 389.462
v 14979.887 3587.745 381.996
f 6300 6297 6301
f 6300 6299 6297
v 14983.882 3587.730 389.338
v 14980.210 3587.724 381.880
f 6302 6301 6303
f 6302 6300 6301
v 14984.230 3587.715 389.213
v 14980.533 3587.713 381.764
f 6304 6303 6305
f 6304 6302 6303
v 14984.578 3587.711 389.086
v 14980.856 3587.712 381.646
f 6306 6305 6307
f 6306 6304 6305
v 14984.926 3587.719 388.959
v 14981.179 3587.720 381.528
f 6308 6307 6309
f 6308 6306 6307
v 14985.274 3587.737 388.831
v 14981.502 3587.738 381.409
f 6310 6309 6311
f 6310 6308 6309
v 14981.824 3587.766 381.290
f 6310 6311 6312
v 14985.621 3587.767 388.703
f 6313 6310 6312
v 14982.145 3587.803 381.171
f 6313 6312 6314
v 14979.621 3588.048 373.281
v 14979.281 3587.967 373.409
v 14978.938 3587.897 373.538
f 6315 6316 6317
v 14978.594 3587.837 373.667
f 6315 6317 6318
v 14985.967 3587.808 388.575
f 6319 6313 6314
v 14982.465 3587.851 381.052
f 6319 6314 6320
v 14979.958 3588.141 373.153
f 6321 6315 6318
v 14978.247 3587.790 373.796
f 6321 6318 6322
v 14986.312 3587.860 388.446
f 6323 6319 6320
v 14982.783 3587.907 380.933
f 6323 6320 6324
v 14983.414 3588.049 380.695
v 14983.100 3587.974 380.814
f 6325 6326 6315
v 14980.292 3588.244 373.025
v 14977.900 3587.753 373.925
f 6327 6322 6328
f 6327 6321 6322
v 14986.654 3587.924 388.318
f 6329 6323 6324
f 6329 6324 6326
v 14983.726 3588.135 380.576
f 6330 6325 6315
v 14980.623 3588.358 372.899
v 14977.551 3587.728 374.053
f 6331 6328 6332
f 6331 6327 6328
v 14986.995 3587.998 388.189
f 6333 6329 6326
f 6333 6326 6325
v 14980.951 3588.483 372.773
v 14977.202 3587.714 374.181
f 6334 6332 6335
f 6334 6331 6332
v 14987.333 3588.084 388.061
f 6336 6333 6325
f 6336 6325 6330
v 14981.274 3588.619 372.649
v 14976.852 3587.712 374.308
f 6337 6335 6338
f 6337 6334 6335
v 14987.668 3588.180 387.934
f 6339 6336 6330
v 14984.036 3588.229 380.459
f 6339 6330 6340
v 14981.594 3588.765 372.525
v 14976.503 3587.720 374.435
f 6341 6338 6342
f 6341 6337 6338
v 14988.000 3588.287 387.807
f 6343 6339 6340
v 14984.342 3588.333 380.341
f 6343 6340 6344
v 14981.909 3588.922 372.403
v 14976.154 3587.740 374.560
f 6345 6342 6346
f 6345 6341 6342
v 14988.328 3588.406 387.682
f 6347 6343 6344
v 14984.646 3588.446 380.225
f 6347 6344 6348
v 14982.219 3589.089 372.283
v 14975.806 3587.772 374.684
f 6349 6346 6350
f 6349 6345 6346
v 14988.653 3588.534 387.557
f 6351 6347 6348
v 14984.947 3588.569 380.109
f 6351 6348 6352
v 14982.524 3589.266 372.165
f 6353 6350 6295
f 6353 6349 6350
v 14988.974 3588.674 387.433
f 6354 6351 6352
v 14985.244 3588.700 379.995
f 6354 6352 6355
v 14982.824 3589.453 372.048
v 14975.112 3587.867 374.929
f 6356 6295 6357
f 6356 6353 6295
v 14989.291 3588.824 387.311
v 14985.537 3588.841 379.882
f 6358 6355 6359
f 6358 6354 6355
v 14983.118 3589.650 371.934
v 14974.766 3587.932 375.049
f 6360 6357 6361
f 6360 6356 6357
v 14989.603 3588.984 387.190
v 14985.826 3588.990 379.769
v 14986.111 3589.148 379.659
f 6362 6363 6364
f 6362 6359 6363
f 6362 6358 6359
v 14983.406 3589.856 371.821
v 14974.423 3588.007 375.168
f 6365 6361 6366
f 6365 6360 6361
v 14989.911 3589.154 387.071
f 6367 6362 6364
v 14986.392 3589.314 379.550
f 6367 6364 6368
v 14983.688 3590.071 371.711
f 6369 6365 6366
v 14974.081 3588.094 375.285
f 6369 6366 6370
v 14990.213 3589.334 386.953
f 6371 6367 6368
v 14986.668 3589.489 379.442
f 6371 6368 6372
v 14983.964 3590.296 371.603
v 14973.740 3588.192 375.400
f 6373 6370 6374
f 6373 6369 6370
v 14990.509 3589.524 386.838
f 6375 6371 6372
v 14986.939 3589.672 379.337
f 6375 6372 6376
v 14987.466 3590.063 379.131
v 14987.205 3589.863 379.233
f 6377 6378 6369
v 14984.234 3590.530 371.498
f 6379 6373 6374
v 14973.403 3588.300 375.513
f 6379 6374 6380
v 14990.800 3589.723 386.724
f 6381 6375 6376
f 6381 6376 6378
v 14987.722 3590.270 379.031
f 6382 6377 6369
v 14984.497 3590.773 371.395
v 14973.068 3588.419 375.624
f 6383 6380 6384
f 6383 6379 6380
v 14991.085 3589.932 386.613
f 6385 6381 6378
f 6385 6378 6377
v 14984.752 3591.024 371.295
f 6386 6383 6384
v 14972.736 3588.548 375.732
f 6386 6384 6387
v 14991.364 3590.150 386.504
f 6388 6385 6377
f 6388 6377 6382
v 14985.000 3591.284 371.199
f 6389 6386 6387
v 14972.409 3588.688 375.838
f 6389 6387 6390
v 14991.637 3590.377 386.398
f 6391 6388 6382
v 14987.972 3590.485 378.933
f 6391 6382 6392
v 14985.241 3591.551 371.105
v 14972.085 3588.838 375.941
f 6393 6390 6394
f 6393 6389 6390
v 14991.903 3590.614 386.294
f 6395 6391 6392
v 14988.217 3590.708 378.838
f 6395 6392 6396
v 14985.474 3591.826 371.015
v 14971.765 3588.998 376.042
f 6397 6394 6398
f 6397 6393 6394
v 14992.163 3590.859 386.192
f 6399 6395 6396
v 14988.455 3590.938 378.745
f 6399 6396 6400
v 14985.699 3592.108 370.928
f 6401 6397 6398
f 6401 6398 6269
v 14992.415 3591.112 386.094
f 6402 6399 6400
v 14988.687 3591.175 378.654
f 6402 6400 6403
v 14985.915 3592.398 370.845
v 14971.138 3589.348 376.235
f 6404 6269 6405
f 6404 6401 6269
v 14992.660 3591.373 385.998
f 6406 6402 6403
v 14988.913 3591.419 378.566
f 6406 6403 6407
v 14986.124 3592.695 370.765
v 14970.831 3589.538 376.326
f 6408 6405 6409
f 6408 6404 6405
v 14992.897 3591.642 385.906
f 6410 6406 6407
v 14989.132 3591.670 378.481
f 6410 6407 6411
v 14986.324 3592.999 370.688
f 6412 6408 6409
v 14970.530 3589.737 376.415
f 6412 6409 6413
v 14993.127 3591.919 385.817
v 14989.344 3591.927 378.399
v 14989.550 3592.190 378.320
f 6414 6415 6416
f 6414 6411 6415
f 6414 6410 6411
v 14986.516 3593.309 370.616
f 6417 6412 6413
v 14970.233 3589.946 376.500
f 6417 6413 6418
v 14993.348 3592.203 385.732
v 14989.749 3592.460 378.243
f 6419 6416 6420
f 6419 6414 6416
v 14986.699 3593.626 370.547
f 6421 6417 6418
v 14969.943 3590.163 376.582
f 6421 6418 6422
v 14993.562 3592.494 385.650
f 6423 6419 6420
v 14989.940 3592.736 378.170
f 6423 6420 6424
v 14990.302 3593.305 378.033
v 14990.125 3593.017 378.100
f 6425 6426 6417
v 14986.873 3593.949 370.482
v 14969.658 3590.389 376.660
f 6427 6422 6428
f 6427 6421 6422
v 14993.767 3592.792 385.571
f 6429 6424 6426
f 6429 6423 6424
v 14990.472 3593.597 377.969
f 6430 6425 6417
v 14987.038 3594.276 370.422
v 14969.380 3590.624 376.735
f 6431 6428 6432
f 6431 6427 6428
v 14993.964 3593.097 385.496
f 6433 6429 6426
f 6433 6426 6425
v 14987.193 3594.609 370.365
v 14969.108 3590.867 376.806
f 6434 6432 6435
f 6434 6431 6432
v 14994.152 3593.408 385.425
f 6436 6433 6425
f 6436 6425 6430
v 14987.339 3594.946 370.314
v 14968.843 3591.118 376.873
f 6437 6435 6438
f 6437 6434 6435
v 14994.332 3593.726 385.358
f 6439 6436 6430
v 14990.634 3593.895 377.908
f 6439 6430 6440
v 14987.476 3595.288 370.266
f 6441 6437 6438
v 14968.585 3591.377 376.936
f 6441 6438 6442
v 14994.503 3594.049 385.295
f 6443 6439 6440
v 14990.788 3594.197 377.852
f 6443 6440 6444
v 14987.602 3595.634 370.223
f 6445 6441 6442
f 6445 6442 6245
v 14994.664 3594.377 385.236
f 6446 6443 6444
v 14990.934 3594.503 377.799
f 6446 6444 6447
v 14987.720 3595.985 370.184
f 6448 6445 6245
v 14994.816 3594.710 385.181
f 6449 6446 6447
v 14991.072 3594.814 377.749
f 6449 6447 6450
v 14994.959 3595.048 385.131
f 6451 6449 6450
v 14991.202 3595.128 377.703
f 6451 6450 6452
v 14995.092 3595.390 385.084
f 6453 6451 6452
v 14991.324 3595.447 377.661
f 6453 6452 6454
v 14995.215 3595.736 385.043
f 6455 6453 6454
v 14991.437 3595.768 377.623
f 6455 6454 6456
v 14995.329 3596.086 385.006
f 6457 6455 6456
v 14991.542 3596.093 377.589
v 14991.639 3596.422 377.559
f 6457 6458 6459
f 6457 6456 6458
v 14995.433 3596.440 384.973
v 14991.728 3596.753 377.532
f 6460 6459 6461
f 6460 6457 6459
v 14991.879 3597.423 377.492
v 14991.808 3597.087 377.510
v 14988.090 3597.420 370.076
f 6462 6463 6464
v 14995.528 3596.797 384.945
f 6465 6461 6463
f 6465 6460 6461
v 14991.942 3597.761 377.478
f 6466 6462 6464
v 14995.612 3597.157 384.922
f 6467 6463 6462
f 6467 6465 6463
v 14995.687 3597.520 384.903
f 6468 6462 6466
f 6468 6467 6462
v 14995.751 3597.885 384.890
v 14991.996 3598.101 377.468
f 6469 6466 6470
f 6469 6468 6466
v 14995.805 3598.252 384.881
v 14992.041 3598.441 377.463
f 6471 6470 6472
f 6471 6469 6470
v 14995.850 3598.619 384.877
v 14992.077 3598.783 377.461
f 6473 6472 6474
f 6473 6471 6472
v 14995.884 3598.988 384.878
f 6475 6473 6474
v 14992.105 3599.125 377.464
f 6475 6474 6476
v 14995.907 3599.357 384.884
f 6477 6475 6476
v 14992.124 3599.467 377.471
f 6477 6476 6478
v 14995.921 3599.726 384.896
f 6479 6477 6478
v 14992.134 3599.810 377.483
f 6479 6478 6480
v 14995.925 3600.095 384.912
f 6481 6479 6480
v 14992.136 3600.152 377.499
f 6481 6480 6482
v 14995.918 3600.464 384.933
f 6483 6481 6482
v 14992.128 3600.495 377.519
f 6483 6482 6484
v 14995.901 3600.833 384.959
f 6485 6483 6484
v 14992.112 3600.837 377.544
v 14992.088 3601.179 377.573
f 6485 6486 6487
f 6485 6484 6486
v 14995.875 3601.201 384.991
v 14992.054 3601.519 377.606
f 6488 6487 6489
f 6488 6485 6487
v 14991.962 3602.197 377.687
v 14992.012 3601.859 377.644
v 14988.171 3602.212 370.273
f 6490 6491 6492
v 14995.838 3601.567 385.027
f 6493 6489 6491
f 6493 6488 6489
v 14991.903 3602.532 377.733
f 6494 6490 6492
v 14995.791 3601.933 385.069
f 6495 6491 6490
f 6495 6493 6491
v 14995.734 3602.297 385.116
f 6496 6490 6494
f 6496 6495 6490
v 14995.667 3602.658 385.168
v 14991.835 3602.865 377.784
f 6497 6494 6498
f 6497 6496 6494
v 14995.591 3603.016 385.224
v 14991.760 3603.195 377.839
f 6499 6498 6500
f 6499 6497 6498
v 14995.505 3603.370 385.286
v 14991.676 3603.523 377.899
f 6501 6500 6502
f 6501 6499 6500
v 14995.409 3603.721 385.353
v 14991.583 3603.847 377.963
f 6503 6502 6504
f 6503 6501 6502
v 14995.304 3604.068 385.425
v 14991.483 3604.168 378.031
f 6505 6504 6506
f 6505 6503 6504
v 14995.190 3604.411 385.502
v 14991.375 3604.485 378.103
f 6507 6506 6508
f 6507 6505 6506
v 14995.066 3604.749 385.583
f 6509 6507 6508
v 14991.259 3604.798 378.180
f 6509 6508 6510
v 14994.934 3605.083 385.670
f 6511 6509 6510
v 14991.135 3605.108 378.260
f 6511 6510 6512
v 14994.792 3605.412 385.761
f 6513 6511 6512
v 14991.003 3605.413 378.345
v 14990.863 3605.714 378.434
f 6513 6514 6515
f 6513 6512 6514
v 14990.561 3606.303 378.625
v 14990.716 3606.011 378.528
v 14986.770 3606.309 371.211
f 6516 6517 6518
v 14994.641 3605.737 385.857
f 6519 6513 6515
f 6519 6515 6517
v 14990.400 3606.589 378.727
f 6520 6516 6518
v 14994.482 3606.055 385.958
f 6521 6517 6516
f 6521 6519 6517
v 14994.314 3606.369 386.064
f 6522 6516 6520
f 6522 6521 6516
v 14994.137 3606.676 386.174
v 14990.231 3606.870 378.832
f 6523 6520 6524
f 6523 6522 6520
v 14993.953 3606.976 386.289
v 14990.056 3607.144 378.941
f 6525 6524 6526
f 6525 6523 6524
v 14993.761 3607.269 386.408
v 14989.874 3607.413 379.053
f 6527 6526 6528
f 6527 6525 6526
v 14993.561 3607.555 386.532
v 14989.685 3607.675 379.169
f 6529 6528 6530
f 6529 6527 6528
v 14993.354 3607.834 386.659
v 14989.490 3607.930 379.289
f 6531 6530 6532
f 6531 6529 6530
v 14993.139 3608.105 386.791
v 14989.289 3608.179 379.413
f 6533 6532 6534
f 6533 6531 6532
v 14992.918 3608.368 386.926
v 14989.082 3608.421 379.539
f 6535 6534 6536
f 6535 6533 6534
v 14992.690 3608.622 387.066
v 14988.869 3608.657 379.670
f 6537 6536 6538
f 6537 6535 6536
v 14992.455 3608.869 387.210
v 14988.650 3608.885 379.804
f 6539 6538 6540
f 6539 6537 6538
v 14987.961 3609.526 380.225
v 14988.196 3609.320 380.081
v 14984.173 3609.525 372.808
f 6541 6542 6543
v 14992.213 3609.107 387.357
v 14988.426 3609.106 379.941
f 6544 6545 6542
f 6544 6540 6545
f 6544 6539 6540
v 14987.720 3609.724 380.371
f 6546 6541 6543
v 14991.965 3609.337 387.509
f 6547 6542 6541
f 6547 6544 6542
v 14991.711 3609.558 387.664
f 6548 6547 6541
f 6548 6541 6546
v 14991.451 3609.770 387.823
v 14987.475 3609.914 380.521
f 6549 6546 6550
f 6549 6548 6546
v 14991.186 3609.973 387.985
f 6551 6549 6550
v 14987.226 3610.096 380.673
f 6551 6550 6552
v 14990.916 3610.165 388.150
v 14986.973 3610.269 380.828
f 6553 6552 6554
f 6553 6551 6552
v 14990.641 3610.348 388.318
v 14986.716 3610.434 380.985
f 6555 6554 6556
f 6555 6553 6554
v 14990.361 3610.521 388.489
v 14986.455 3610.590 381.145
f 6557 6556 6558
f 6557 6555 6556
v 14990.078 3610.683 388.663
v 14986.190 3610.737 381.308
f 6559 6558 6560
f 6559 6557 6558
v 14989.790 3610.836 388.839
v 14985.922 3610.876 381.472
f 6561 6560 6562
f 6561 6559 6560
v 14989.498 3610.978 389.019
v 14985.651 3611.005 381.639
f 6563 6562 6564
f 6563 6561 6562
v 14989.203 3611.110 389.201
v 14985.376 3611.126 381.808
f 6565 6564 6566
f 6565 6563 6564
v 14988.905 3611.231 389.385
v 14985.099 3611.237 381.980
f 6567 6566 6568
f 6567 6565 6566
v 14984.255 3611.515 382.503
v 14984.538 3611.432 382.327
v 14980.451 3611.519 375.097
f 6569 6570 6571
v 14988.604 3611.341 389.571
v 14984.819 3611.339 382.153
f 6572 6573 6570
f 6572 6568 6573
f 6572 6567 6568
v 14983.970 3611.589 382.680
f 6574 6569 6571
v 14988.300 3611.440 389.760
f 6575 6570 6569
f 6575 6572 6570
v 14987.995 3611.529 389.949
f 6576 6569 6574
f 6576 6575 6569
v 14987.688 3611.606 390.141
f 6577 6576 6574
v 14983.685 3611.653 382.859
f 6577 6574 6578
v 14987.379 3611.672 390.334
v 14983.398 3611.707 383.039
f 6579 6578 6580
f 6579 6577 6578
v 14987.069 3611.727 390.528
f 6581 6579 6580
v 14983.110 3611.752 383.220
f 6581 6580 6582
v 14986.759 3611.770 390.724
f 6583 6581 6582
v 14982.821 3611.787 383.402
f 6583 6582 6584
v 14986.447 3611.803 390.921
f 6585 6583 6584
v 14982.532 3611.813 383.585
f 6585 6584 6586
v 14986.135 3611.824 391.119
f 6587 6585 6586
v 14982.243 3611.829 383.769
f 6587 6586 6588
v 14985.823 3611.835 391.317
f 6589 6587 6588
v 14981.953 3611.835 383.953
f 6589 6588 6590
v 14985.511 3611.834 391.517
f 6591 6589 6590
v 14981.663 3611.832 384.139
f 6591 6590 6592
v 14985.199 3611.821 391.717
f 6593 6591 6592
v 14981.374 3611.819 384.325
f 6593 6592 6594
v 14980.510 3611.721 384.884
v 14980.797 3611.764 384.698
v 14976.713 3611.720 377.474
f 6595 6596 6597
v 14984.888 3611.797 391.918
f 6598 6593 6594
v 14981.085 3611.796 384.511
f 6598 6599 6596
f 6598 6594 6599
v 14980.225 3611.669 385.071
f 6600 6595 6597
v 14984.577 3611.762 392.119
f 6601 6598 6596
f 6601 6596 6595
v 14984.269 3611.716 392.320
f 6602 6601 6595
f 6602 6595 6600
v 14983.962 3611.659 392.521
f 6603 6602 6600
v 14979.942 3611.608 385.257
f 6603 6600 6604
v 14983.657 3611.590 392.722
f 6605 6603 6604
v 14979.661 3611.537 385.443
f 6605 6604 6606
v 14979.106 3611.367 385.814
v 14979.382 3611.457 385.629
v 14975.300 3611.361 378.409
f 6607 6608 6609
v 14983.354 3611.510 392.923
f 6610 6605 6606
f 6610 6606 6608
v 14978.832 3611.268 385.998
f 6611 6607 6609
v 14982.955 3611.387 393.189
f 6612 6610 6608
f 6612 6607 6611
f 6612 6608 6607
v 14978.294 3611.042 386.364
v 14978.561 3611.159 386.181
v 14974.520 3611.049 378.938
f 6613 6614 6615
v 14982.561 3611.245 393.454
f 6616 6612 6611
f 6616 6611 6614
v 14978.030 3610.915 386.545
f 6617 6613 6615
v 14982.174 3611.083 393.717
f 6618 6614 6613
f 6618 6616 6614
v 14977.512 3610.636 386.904
v 14977.769 3610.780 386.725
v 14973.768 3610.661 379.458
f 6619 6620 6621
v 14981.753 3610.882 394.006
f 6622 6617 6620
f 6622 6613 6617
f 6622 6618 6613
v 14977.260 3610.483 387.082
f 6623 6619 6621
v 14981.295 3610.632 394.324
f 6624 6619 6623
f 6624 6620 6619
f 6624 6622 6620
v 14976.769 3610.152 387.431
v 14977.012 3610.321 387.257
v 14973.011 3610.174 379.993
f 6625 6626 6627
v 14980.851 3610.355 394.638
f 6628 6624 6623
f 6628 6626 6625
f 6628 6623 6626
v 14976.530 3609.974 387.604
f 6629 6625 6627
v 14976.297 3609.788 387.774
v 14972.589 3609.854 380.299
f 6630 6629 6631
v 14980.421 3610.051 394.946
f 6632 6628 6625
f 6632 6625 6629
v 14976.068 3609.594 387.943
f 6633 6630 6631
v 14980.006 3609.722 395.249
f 6634 6632 6629
f 6634 6630 6633
f 6634 6629 6630
v 14975.627 3609.183 388.273
v 14975.845 3609.392 388.109
v 14971.793 3609.138 380.892
f 6635 6636 6637
v 14975.415 3608.967 388.435
f 6638 6635 6637
v 14979.607 3609.368 395.545
f 6639 6634 6633
f 6639 6635 6638
f 6639 6636 6635
f 6639 6633 6636
v 14975.209 3608.743 388.594
f 6640 6639 6638
v 14974.857 3608.328 388.872
f 6641 6639 6640
v 14967.880 3606.120 379.068
v 14969.979 3606.673 382.377
v 14970.135 3606.956 382.237
f 6642 6643 6644
v 14969.829 3606.384 382.514
f 6645 6643 6642
v 14969.646 3605.997 382.689
f 6646 6645 6642
v 14969.476 3605.602 382.857
v 14966.615 3605.575 377.290
f 6647 6642 6648
f 6647 6646 6642
v 14969.320 3605.200 383.018
v 14965.465 3605.014 375.674
f 6649 6648 6650
f 6649 6647 6648
v 14969.178 3604.790 383.174
v 14965.290 3604.470 375.872
f 6651 6650 6652
f 6651 6649 6650
v 14969.050 3604.373 383.322
v 14965.140 3603.915 376.059
f 6653 6652 6654
f 6653 6651 6652
v 14968.937 3603.949 383.464
f 6655 6653 6654
v 14968.839 3603.520 383.599
v 14965.013 3603.341 376.237
f 6656 6654 6657
f 6656 6655 6654
v 14968.755 3603.085 383.728
v 14964.913 3602.758 376.403
f 6658 6657 6659
f 6658 6656 6657
v 14968.686 3602.646 383.849
v 14964.840 3602.166 376.557
f 6660 6659 6661
f 6660 6658 6659
v 14968.632 3602.201 383.964
f 6662 6660 6661
v 14968.593 3601.754 384.071
f 6663 6662 6661
v 14964.793 3601.569 376.697
f 6663 6661 6664
v 14968.570 3601.304 384.171
f 6665 6663 6664
v 14964.774 3600.968 376.824
f 6665 6664 6666
v 14968.562 3600.853 384.263
f 6667 6665 6666
v 14964.782 3600.365 376.938
f 6667 6666 6668
v 14968.569 3600.400 384.348
f 6669 6667 6668
v 14968.592 3599.947 384.425
f 6670 6669 6668
v 14964.817 3599.761 377.039
f 6670 6668 6671
v 14968.630 3599.494 384.495
f 6672 6670 6671
v 14964.879 3599.157 377.126
f 6672 6671 6673
v 14968.683 3599.040 384.557
f 6674 6672 6673
v 14964.969 3598.554 377.200
f 6674 6673 6675
v 14968.752 3598.588 384.612
f 6676 6674 6675
v 14968.835 3598.136 384.660
f 6677 6676 6675
v 14965.085 3597.953 377.261
f 6677 6675 6678
v 14968.935 3597.687 384.699
f 6679 6677 6678
v 14965.229 3597.356 377.308
f 6679 6678 6680
v 14969.049 3597.241 384.731
f 6681 6679 6680
v 14965.399 3596.766 377.342
f 6681 6680 6682
v 14969.178 3596.799 384.756
f 6683 6681 6682
v 14969.321 3596.362 384.773
v 14965.595 3596.185 377.362
f 6684 6682 6685
f 6684 6683 6682
v 14969.479 3595.929 384.782
v 14965.816 3595.613 377.369
f 6686 6685 6687
f 6686 6684 6685
v 14969.651 3595.503 384.784
v 14966.063 3595.052 377.363
f 6688 6687 6689
f 6688 6686 6687
v 14969.838 3595.082 384.779
f 6690 6688 6689
v 14970.038 3594.668 384.766
v 14966.334 3594.502 377.343
f 6691 6689 6692
f 6691 6690 6689
v 14970.252 3594.261 384.747
v 14966.630 3593.965 377.311
f 6693 6692 6694
f 6693 6691 6692
v 14970.480 3593.861 384.720
f 6695 6693 6694
v 14968.175 3593.309 379.482
f 6696 6695 6694
v 14970.721 3593.469 384.685
f 6697 6695 6696
v 14971.002 3593.046 384.640
f 6698 6697 6696
v 14969.881 3592.678 381.880
f 6699 6698 6696
v 14971.362 3592.552 384.573
f 6700 6698 6699
v 14971.743 3592.076 384.495
f 6701 6700 6699
v 14965.290 3604.470 375.872
v 14965.465 3605.014 375.674
v 14964.354 3604.391 374.114
f 6702 6703 6704
v 14965.140 3603.915 376.059
v 14963.559 3603.876 372.996
f 6705 6704 6706
f 6705 6702 6704
v 14965.013 3603.341 376.237
v 14962.968 3603.440 372.166
f 6707 6706 6708
v 14962.494 3603.042 371.500
f 6707 6708 6709
f 6707 6705 6706
v 14964.913 3602.758 376.403
v 14962.149 3602.718 371.016
f 6710 6709 6711
v 14961.890 3602.446 370.652
f 6710 6711 6712
f 6710 6707 6709
v 14964.840 3602.166 376.557
v 14961.678 3602.199 370.354
f 6713 6712 6714
v 14961.505 3601.977 370.111
f 6713 6714 6715
f 6713 6710 6712
v 14964.793 3601.569 376.697
v 14961.363 3601.776 369.912
f 6716 6715 6717
v 14961.248 3601.595 369.749
f 6716 6717 6718
v 14961.153 3601.431 369.616
f 6716 6718 6719
v 14961.075 3601.284 369.506
f 6716 6719 6720
f 6716 6713 6715
v 14964.774 3600.968 376.824
v 14961.029 3601.190 369.442
f 6721 6720 6722
v 14960.987 3601.097 369.383
f 6721 6722 6723
v 14960.988 3600.553 369.489
f 6721 6723 6724
f 6721 6716 6720
v 14964.782 3600.365 376.938
f 6725 6721 6724
v 14961.010 3600.008 369.584
f 6725 6724 6726
v 14964.817 3599.761 377.039
f 6727 6725 6726
v 14961.056 3599.462 369.668
f 6727 6726 6728
v 14964.879 3599.157 377.126
f 6729 6727 6728
v 14961.123 3598.917 369.742
f 6729 6728 6730
v 14964.969 3598.554 377.200
f 6731 6729 6730
v 14961.212 3598.373 369.804
f 6731 6730 6732
v 14965.085 3597.953 377.261
v 14961.324 3597.831 369.856
v 14961.447 3597.649 370.030
f 6733 6734 6735
f 6733 6731 6732
f 6733 6732 6734
v 14965.229 3597.356 377.308
v 14961.582 3597.468 370.219
f 6736 6735 6737
v 14961.728 3597.287 370.424
f 6736 6737 6738
v 14961.885 3597.107 370.645
f 6736 6738 6739
v 14962.053 3596.927 370.880
f 6736 6739 6740
f 6736 6733 6735
v 14965.399 3596.766 377.342
v 14962.232 3596.748 371.132
f 6741 6740 6742
v 14962.487 3596.511 371.490
f 6741 6742 6743
v 14962.797 3596.245 371.926
f 6741 6743 6744
f 6741 6736 6740
v 14965.595 3596.185 377.362
v 14963.131 3595.981 372.396
f 6745 6744 6746
v 14963.614 3595.633 373.074
f 6745 6746 6747
f 6745 6741 6744
v 14965.816 3595.613 377.369
v 14964.208 3595.245 373.909
f 6748 6747 6749
f 6748 6745 6747
v 14966.063 3595.052 377.363
v 14964.855 3594.863 374.817
f 6750 6749 6751
f 6750 6748 6749
v 14966.334 3594.502 377.343
v 14965.705 3594.409 376.012
f 6752 6751 6753
f 6752 6750 6751
v 14966.630 3593.965 377.311
f 6754 6752 6753
v 14960.697 3599.735 368.976
v 14960.697 3599.783 368.975
v 14960.699 3599.869 368.978
f 6755 6756 6757
v 14960.698 3599.686 368.977
f 6758 6755 6757
v 14960.703 3599.955 368.983
f 6758 6757 6759
v 14960.712 3599.472 368.996
f 6760 6758 6759
v 14960.709 3600.040 368.992
v 14960.718 3600.126 369.004
f 6760 6761 6762
f 6760 6759 6761
v 14960.721 3599.390 369.009
f 6763 6760 6762
v 14960.729 3600.212 369.020
f 6763 6762 6764
v 14960.733 3599.308 369.026
f 6765 6763 6764
v 14960.742 3600.297 369.039
f 6765 6764 6766
v 14960.747 3599.226 369.045
f 6767 6765 6766
v 14960.759 3600.383 369.062
f 6767 6766 6768
v 14960.763 3599.144 369.067
v 14960.777 3600.469 369.088
f 6769 6768 6770
f 6769 6767 6768
v 14960.781 3599.061 369.093
f 6771 6769 6770
v 14960.800 3600.564 369.120
f 6771 6770 6772
v 14960.801 3598.979 369.122
f 6773 6771 6772
v 14960.824 3598.897 369.154
v 14960.830 3600.669 369.162
f 6774 6772 6775
f 6774 6773 6772
v 14960.849 3598.815 369.189
v 14960.863 3600.775 369.208
f 6776 6775 6777
f 6776 6774 6775
v 14960.876 3598.733 369.227
v 14960.900 3600.880 369.260
f 6778 6777 6779
f 6778 6776 6777
v 14960.905 3598.651 369.268
f 6780 6778 6779
v 14960.937 3598.569 369.312
v 14960.945 3600.998 369.324
f 6781 6779 6782
f 6781 6780 6779
v 14960.971 3598.488 369.360
f 6783 6781 6782
v 14961.001 3601.127 369.402
f 6783 6782 6784
v 14961.007 3598.406 369.410
f 6785 6783 6784
v 14961.045 3598.324 369.464
f 6786 6785 6784
v 14961.062 3601.257 369.488
f 6786 6784 6787
v 14961.099 3598.215 369.541
v 14961.136 3601.401 369.592
f 6788 6787 6789
f 6788 6786 6787
v 14961.165 3598.093 369.633
v 14961.227 3601.561 369.720
f 6790 6789 6791
f 6790 6788 6789
v 14961.236 3597.971 369.733
f 6792 6790 6791
v 14961.312 3597.849 369.839
v 14961.338 3601.738 369.876
f 6793 6791 6794
f 6793 6792 6791
v 14961.393 3597.727 369.953
v 14961.474 3601.934 370.067
f 6795 6794 6796
f 6795 6793 6794
v 14961.479 3597.606 370.073
f 6797 6795 6796
v 14961.601 3597.444 370.245
v 14961.640 3602.152 370.300
f 6798 6796 6799
f 6798 6797 6796
v 14961.748 3597.263 370.453
v 14961.842 3602.392 370.584
f 6800 6799 6801
f 6800 6798 6799
v 14961.907 3597.082 370.676
v 14962.090 3602.658 370.933
f 6802 6801 6803
f 6802 6800 6801
v 14962.077 3596.902 370.914
f 6804 6802 6803
v 14962.258 3596.723 371.169
v 14962.420 3602.976 371.396
f 6805 6803 6806
f 6805 6804 6803
v 14962.516 3596.484 371.531
v 14962.873 3603.364 372.033
f 6807 6806 6808
f 6807 6805 6806
v 14962.830 3596.218 371.972
f 6809 6807 6808
v 14963.167 3595.954 372.446
v 14963.438 3603.791 372.827
f 6810 6808 6811
f 6810 6809 6808
v 14963.655 3595.605 373.132
v 14964.199 3604.296 373.895
f 6812 6811 6813
f 6812 6810 6811
v 14964.255 3595.216 373.974
f 6814 6812 6813
v 14964.908 3594.834 374.891
v 14965.386 3604.973 375.564
f 6815 6813 6816
f 6815 6814 6813
v 14965.859 3594.332 376.228
v 14967.027 3605.760 377.869
f 6817 6816 6818
f 6817 6815 6816
v 14967.037 3593.782 377.884
f 6819 6817 6818
v 14968.782 3593.074 380.335
f 6820 6819 6818
v 14969.564 3606.758 381.434
f 6820 6818 6821
v 14970.971 3592.316 383.411
f 6822 6820 6821
v 14973.075 3607.858 386.367
f 6822 6821 6823
v 14974.242 3591.376 388.007
v 14977.326 3608.902 392.340
f 6824 6823 6825
f 6824 6822 6823
v 14978.362 3590.426 393.795
v 14982.301 3609.848 399.331
f 6826 6825 6827
f 6826 6824 6825
v 14983.822 3589.458 401.467
f 6828 6826 6827
v 14987.935 3610.648 407.246
f 6828 6827 6829
v 14990.065 3588.657 410.239
v 14994.115 3611.265 415.929
f 6830 6829 6831
f 6830 6828 6829
v 15007.506 3612.682 434.744
v 15000.730 3611.668 425.224
f 6832 6833 6831
v 15007.506 3611.832 434.744
f 6834 6833 6832
v 14996.957 3588.078 419.923
f 6835 6831 6833
f 6835 6830 6831
v 15011.895 3608.312 440.911
v 15008.554 3611.639 436.217
f 6836 6834 6837
v 15012.000 3611.807 441.059
f 6836 6837 6838
v 15016.465 3611.677 447.332
f 6839 6838 6832
f 6839 6836 6838
v 15004.300 3587.762 430.240
f 6840 6833 6834
f 6840 6835 6833
f 6840 6834 6836
v 15023.632 3611.238 457.403
f 6841 6839 6832
v 15011.847 3587.737 440.844
f 6842 6840 6836
v 15018.585 3587.970 450.311
f 6843 6836 6839
f 6843 6842 6836
f 6843 6839 6841
v 15025.064 3588.433 459.414
f 6844 6843 6841
v 15030.252 3610.552 466.704
f 6844 6841 6845
v 15031.105 3589.105 467.902
f 6846 6844 6845
v 15036.154 3609.669 474.997
f 6846 6845 6847
v 15036.564 3589.950 475.573
v 15041.235 3608.644 482.136
f 6848 6847 6849
f 6848 6846 6847
v 15041.342 3590.928 482.286
v 15044.776 3607.732 487.111
f 6850 6849 6851
f 6850 6848 6849
v 15045.386 3591.992 487.969
v 15047.587 3606.848 491.061
f 6852 6851 6853
f 6852 6850 6851
v 15048.693 3593.100 492.615
v 15049.472 3606.142 493.710
f 6854 6853 6855
f 6854 6852 6853
v 15050.987 3594.062 495.839
v 15050.978 3605.489 495.826
v 15051.999 3604.984 497.260
f 6856 6857 6858
f 6856 6855 6857
f 6856 6854 6855
v 15052.430 3594.795 497.866
v 15052.827 3604.526 498.423
f 6859 6858 6860
f 6859 6856 6858
v 15053.480 3595.423 499.340
v 15053.397 3604.177 499.225
v 15053.924 3603.823 499.965
f 6861 6862 6863
f 6861 6860 6862
f 6861 6859 6860
v 15054.225 3595.943 500.388
v 15054.355 3603.505 500.570
f 6864 6863 6865
f 6864 6861 6863
v 15054.759 3596.369 501.138
f 6866 6864 6865
v 15054.655 3603.265 500.991
v 15054.935 3603.023 501.385
f 6866 6867 6868
f 6866 6865 6867
v 15056.709 3599.692 503.878
v 15056.709 3599.842 503.878
v 15056.710 3599.767 503.879
f 6869 6870 6871
v 15056.707 3599.916 503.875
f 6869 6872 6870
v 15056.706 3599.618 503.874
v 15056.702 3599.991 503.868
f 6873 6874 6872
f 6873 6872 6869
v 15056.701 3599.543 503.867
v 15056.696 3600.065 503.860
f 6875 6876 6874
f 6875 6874 6873
v 15056.695 3599.469 503.858
v 15056.688 3600.140 503.848
f 6877 6878 6876
f 6877 6876 6875
v 15056.685 3599.386 503.844
f 6879 6878 6877
v 15056.678 3600.214 503.834
f 6879 6880 6878
v 15055.145 3596.718 501.680
v 15055.195 3602.780 501.750
f 6881 6868 6882
f 6881 6866 6868
v 15056.672 3599.294 503.826
v 15056.666 3600.289 503.818
f 6883 6884 6880
f 6883 6880 6879
v 15056.656 3599.202 503.804
v 15056.653 3600.363 503.799
f 6885 6886 6884
f 6885 6884 6883
v 15056.637 3599.110 503.777
v 15056.637 3600.438 503.777
f 6887 6888 6886
v 15056.620 3600.512 503.753
f 6887 6889 6888
f 6887 6886 6885
v 15055.427 3597.003 502.076
v 15055.408 3602.563 502.051
v 15055.558 3602.400 502.261
f 6890 6891 6892
f 6890 6882 6891
f 6890 6881 6882
v 15056.616 3599.018 503.747
v 15056.601 3600.587 503.726
f 6893 6894 6889
f 6893 6889 6887
v 15056.592 3598.926 503.713
v 15056.580 3600.661 503.696
f 6895 6896 6894
f 6895 6894 6893
v 15056.561 3598.824 503.670
v 15056.557 3600.736 503.664
f 6897 6898 6896
v 15056.533 3600.810 503.630
f 6897 6899 6898
f 6897 6896 6895
v 15055.657 3597.261 502.400
v 15055.699 3602.236 502.459
f 6900 6892 6901
f 6900 6890 6892
v 15056.523 3598.711 503.617
v 15056.506 3600.884 503.593
f 6902 6903 6899
f 6902 6899 6897
v 15056.481 3598.598 503.558
v 15056.478 3600.958 503.553
f 6904 6905 6903
v 15056.448 3601.033 503.511
f 6904 6906 6905
f 6904 6903 6902
v 15055.845 3597.494 502.664
f 6907 6900 6901
v 15055.831 3602.071 502.644
v 15055.954 3601.906 502.817
f 6907 6908 6909
f 6907 6901 6908
v 15056.435 3598.485 503.493
v 15056.416 3601.107 503.466
f 6910 6911 6906
f 6910 6906 6904
v 15055.998 3597.704 502.879
v 15056.055 3601.759 502.959
f 6912 6909 6913
f 6912 6907 6909
v 15056.379 3598.359 503.414
v 15056.371 3601.205 503.402
f 6914 6915 6911
f 6914 6911 6910
v 15056.310 3598.220 503.317
v 15056.316 3601.317 503.325
f 6916 6917 6915
v 15056.257 3601.427 503.242
f 6916 6918 6917
f 6916 6915 6914
v 15056.124 3597.894 503.055
v 15056.126 3601.649 503.059
v 15056.194 3601.538 503.154
f 6919 6920 6921
f 6919 6913 6920
f 6919 6912 6913
v 15056.226 3598.065 503.200
f 6922 6919 6921
f 6922 6921 6918
f 6922 6918 6916
f 6838 6834 6832
f 6834 6838 6837
o main_8
v 2906.958 1530.908 388.025
v 2909.096 1524.621 376.296
v 2908.887 1522.406 377.445
f 6923 6924 6925
v 2906.749 1528.692 389.174
f 6923 6925 6926
v 2926.179 1528.923 393.160
v 2926.270 1528.692 392.732
f 6927 6926 6928
v 2926.065 1529.153 393.583
f 6929 6926 6927
v 2925.926 1529.382 393.999
f 6930 6926 6929
v 2925.764 1529.609 394.408
f 6931 6926 6930
v 2925.580 1529.834 394.808
f 6932 6926 6931
v 2925.372 1530.057 395.198
f 6933 6926 6932
v 2925.143 1530.275 395.578
f 6934 6926 6933
v 2924.892 1530.490 395.946
f 6935 6926 6934
v 2924.620 1530.700 396.302
f 6936 6926 6935
v 2924.329 1530.906 396.645
f 6937 6926 6936
v 2924.017 1531.106 396.973
f 6938 6926 6937
v 2923.687 1531.299 397.287
f 6939 6926 6938
v 2923.339 1531.487 397.584
f 6940 6926 6939
v 2922.975 1531.667 397.866
f 6941 6926 6940
v 2922.594 1531.840 398.130
f 6942 6926 6941
v 2922.198 1532.005 398.376
f 6943 6926 6942
v 2921.788 1532.162 398.604
f 6944 6926 6943
v 2921.364 1532.311 398.812
f 6945 6926 6944
v 2920.929 1532.450 399.002
f 6946 6926 6945
v 2920.483 1532.580 399.171
f 6947 6926 6946
v 2920.027 1532.700 399.320
f 6948 6926 6947
v 2919.562 1532.811 399.448
f 6949 6926 6948
v 2919.089 1532.911 399.554
f 6950 6926 6949
v 2918.610 1533.000 399.640
f 6951 6926 6950
v 2918.126 1533.079 399.704
f 6952 6926 6951
v 2917.638 1533.147 399.746
f 6953 6926 6952
v 2917.147 1533.204 399.766
f 6954 6926 6953
v 2916.654 1533.250 399.764
f 6955 6926 6954
v 2916.161 1533.284 399.741
f 6956 6926 6955
v 2915.669 1533.307 399.696
f 6957 6926 6956
v 2915.179 1533.319 399.628
f 6958 6926 6957
v 2914.693 1533.319 399.540
f 6959 6926 6958
v 2914.211 1533.307 399.430
f 6960 6926 6959
v 2913.734 1533.284 399.298
f 6961 6926 6960
v 2913.265 1533.250 399.147
f 6962 6926 6961
v 2912.803 1533.204 398.974
f 6963 6926 6962
v 2912.351 1533.147 398.782
f 6964 6926 6963
v 2911.909 1533.079 398.570
f 6965 6926 6964
v 2911.478 1533.000 398.340
f 6966 6926 6965
v 2911.060 1532.911 398.091
f 6967 6926 6966
v 2910.656 1532.811 397.824
f 6968 6926 6967
v 2910.266 1532.700 397.540
f 6969 6926 6968
v 2909.892 1532.580 397.240
f 6970 6926 6969
v 2909.534 1532.450 396.924
f 6971 6926 6970
v 2909.193 1532.311 396.594
f 6972 6926 6971
v 2908.871 1532.162 396.249
f 6973 6926 6972
v 2908.568 1532.005 395.891
f 6974 6926 6973
v 2908.284 1531.840 395.521
f 6975 6926 6974
v 2908.021 1531.667 395.140
f 6976 6926 6975
v 2907.779 1531.487 394.748
f 6977 6926 6976
v 2907.558 1531.299 394.347
f 6978 6926 6977
v 2907.360 1531.106 393.937
f 6979 6926 6978
v 2907.185 1530.906 393.520
f 6980 6926 6979
v 2907.033 1530.700 393.096
f 6981 6926 6980
v 2906.904 1530.490 392.667
f 6982 6926 6981
v 2906.799 1530.275 392.234
f 6983 6926 6982
v 2906.719 1530.057 391.798
f 6984 6926 6983
v 2906.662 1529.834 391.359
f 6985 6926 6984
v 2906.631 1529.609 390.920
f 6986 6926 6985
v 2906.623 1529.382 390.481
f 6987 6926 6986
v 2906.641 1529.153 390.042
f 6988 6926 6987
v 2906.683 1528.923 389.606
f 6989 6926 6988
f 6926 6925 6928
v 2928.408 1522.406 381.004
f 6928 6925 6990
v 2924.830 1532.916 395.153
v 2924.227 1533.321 395.824
v 2924.538 1533.121 395.495
f 6991 6992 6993
v 2925.974 1531.825 393.259
v 2925.582 1532.272 394.049
v 2925.789 1532.050 393.658
f 6994 6995 6996
v 2925.352 1532.491 394.429
f 6994 6997 6995
v 2925.102 1532.705 394.797
f 6994 6998 6997
f 6994 6991 6998
v 2926.274 1531.369 392.434
v 2926.136 1531.598 392.850
f 6999 6994 7000
f 6999 6991 6994
v 2926.389 1531.138 392.011
f 7001 6991 6999
v 2926.479 1530.908 391.583
f 7002 6991 7001
v 2923.897 1533.515 396.137
f 7002 7003 6992
v 2923.549 1533.702 396.435
f 7002 7004 7003
v 2923.184 1533.882 396.716
f 7002 7005 7004
v 2922.803 1534.055 396.980
f 7002 7006 7005
v 2922.407 1534.221 397.227
f 7002 7007 7006
v 2921.997 1534.378 397.454
f 7002 7008 7007
v 2921.574 1534.526 397.663
f 7002 7009 7008
v 2921.139 1534.665 397.852
f 7002 7010 7009
v 2920.692 1534.795 398.022
f 7002 7011 7010
f 7002 6992 6991
v 2920.236 1534.916 398.170
f 6923 7012 7011
v 2919.771 1535.026 398.298
f 6923 7013 7012
v 2919.299 1535.126 398.405
f 6923 7014 7013
v 2918.820 1535.216 398.491
f 6923 7015 7014
v 2918.336 1535.295 398.555
f 6923 7016 7015
v 2917.847 1535.363 398.597
f 6923 7017 7016
v 2917.356 1535.420 398.617
f 6923 7018 7017
v 2916.864 1535.465 398.615
f 6923 7019 7018
v 2916.371 1535.500 398.592
f 6923 7020 7019
v 2915.879 1535.523 398.546
f 6923 7021 7020
v 2915.389 1535.534 398.479
f 6923 7022 7021
v 2914.902 1535.534 398.390
f 6923 7023 7022
v 2914.420 1535.523 398.280
f 6923 7024 7023
v 2913.944 1535.500 398.149
f 6923 7025 7024
v 2913.474 1535.465 397.997
f 6923 7026 7025
v 2913.013 1535.420 397.825
f 6923 7027 7026
v 2912.560 1535.363 397.633
f 6923 7028 7027
v 2912.118 1535.295 397.421
f 6923 7029 7028
v 2911.688 1535.216 397.191
f 6923 7030 7029
v 2911.270 1535.126 396.942
f 6923 7031 7030
v 2910.866 1535.026 396.675
f 6923 7032 7031
v 2910.476 1534.916 396.391
f 6923 7033 7032
v 2910.101 1534.795 396.091
f 6923 7034 7033
v 2909.743 1534.665 395.775
f 6923 7035 7034
v 2909.403 1534.526 395.445
f 6923 7036 7035
v 2909.080 1534.378 395.100
f 6923 7037 7036
v 2908.777 1534.221 394.742
f 6923 7038 7037
v 2908.493 1534.055 394.372
f 6923 7039 7038
v 2908.230 1533.882 393.990
f 6923 7040 7039
v 2907.988 1533.702 393.599
f 6923 7041 7040
v 2907.768 1533.515 393.197
f 6923 7042 7041
v 2907.570 1533.321 392.788
f 6923 7043 7042
v 2907.394 1533.121 392.370
f 6923 7044 7043
v 2907.242 1532.916 391.947
f 6923 7045 7044
v 2907.114 1532.705 391.518
f 6923 7046 7045
v 2907.009 1532.491 391.085
f 6923 7047 7046
v 2906.928 1532.272 390.648
f 6923 7048 7047
v 2906.872 1532.050 390.210
f 6923 7049 7048
v 2906.840 1531.825 389.771
f 6923 7050 7049
v 2906.833 1531.598 389.331
f 6923 7051 7050
v 2906.850 1531.369 388.893
f 6923 7052 7051
v 2906.892 1531.138 388.457
f 6923 7053 7052
f 6923 7011 7002
f 6924 6923 7002
v 2928.617 1524.621 379.854
f 6924 7002 7054
v 2915.967 1501.587 338.606
v 2918.314 1497.516 325.728
v 2918.105 1495.300 326.878
f 7055 7056 7057
v 2916.176 1503.802 337.457
f 7058 7056 7055
v 2937.902 1497.285 328.854
v 2937.835 1497.516 329.287
f 7059 7056 7060
v 2937.943 1497.055 328.418
f 7061 7056 7059
v 2937.961 1496.826 327.980
f 7062 7056 7061
v 2937.954 1496.599 327.541
f 7063 7056 7062
v 2937.922 1496.374 327.101
f 7064 7056 7063
v 2937.865 1496.151 326.663
f 7065 7056 7064
v 2937.785 1495.933 326.227
f 7066 7056 7065
v 2937.680 1495.718 325.794
f 7067 7056 7066
v 2937.551 1495.508 325.365
f 7068 7056 7067
v 2937.399 1495.302 324.941
f 7069 7056 7068
v 2937.224 1495.102 324.524
f 7070 7056 7069
v 2937.026 1494.909 324.114
f 7071 7056 7070
v 2936.805 1494.721 323.713
f 7072 7056 7071
v 2936.563 1494.541 323.321
f 7073 7056 7072
v 2936.300 1494.368 322.940
f 7074 7056 7073
v 2936.017 1494.203 322.569
f 7075 7056 7074
v 2935.713 1494.046 322.212
f 7076 7056 7075
v 2935.391 1493.897 321.867
f 7077 7056 7076
v 2935.050 1493.758 321.536
f 7078 7056 7077
v 2934.692 1493.628 321.221
f 7079 7056 7078
v 2934.318 1493.508 320.920
f 7080 7056 7079
v 2933.928 1493.397 320.637
f 7081 7056 7080
v 2933.524 1493.297 320.370
f 7082 7056 7081
v 2933.106 1493.208 320.121
f 7083 7056 7082
v 2932.675 1493.129 319.890
f 7084 7056 7083
v 2932.233 1493.061 319.679
f 7085 7056 7084
v 2931.781 1493.004 319.486
f 7086 7056 7085
v 2931.320 1492.958 319.314
f 7087 7056 7086
v 2930.850 1492.924 319.162
f 7088 7056 7087
v 2930.374 1492.901 319.031
f 7089 7056 7088
v 2929.891 1492.889 318.921
f 7090 7056 7089
v 2929.405 1492.889 318.832
f 7091 7056 7090
v 2928.915 1492.901 318.765
f 7092 7056 7091
v 2928.423 1492.924 318.720
f 7093 7056 7092
v 2927.930 1492.958 318.696
f 7094 7056 7093
v 2927.437 1493.004 318.695
f 7095 7056 7094
v 2926.946 1493.061 318.715
f 7096 7056 7095
v 2926.458 1493.129 318.757
f 7097 7056 7096
v 2925.974 1493.208 318.821
f 7098 7056 7097
v 2925.495 1493.297 318.906
f 7099 7056 7098
v 2925.022 1493.397 319.013
f 7100 7056 7099
v 2924.558 1493.508 319.141
f 7101 7056 7100
v 2924.101 1493.628 319.290
f 7102 7056 7101
v 2923.655 1493.758 319.459
f 7103 7056 7102
v 2923.220 1493.897 319.648
f 7104 7056 7103
v 2922.796 1494.046 319.857
f 7105 7056 7104
v 2922.386 1494.203 320.085
f 7106 7056 7105
v 2921.990 1494.368 320.331
f 7107 7056 7106
v 2921.609 1494.541 320.595
f 7108 7056 7107
v 2921.245 1494.721 320.876
f 7109 7056 7108
v 2920.897 1494.909 321.174
f 7110 7056 7109
v 2920.567 1495.102 321.488
f 7111 7056 7110
v 2920.256 1495.302 321.816
f 7112 7056 7111
v 2919.964 1495.508 322.159
f 7113 7056 7112
v 2919.692 1495.718 322.515
f 7114 7056 7113
v 2919.441 1495.933 322.883
f 7115 7056 7114
v 2919.212 1496.151 323.263
f 7116 7056 7115
v 2919.004 1496.374 323.653
f 7117 7056 7116
v 2918.820 1496.599 324.053
f 7118 7056 7117
v 2918.658 1496.826 324.462
f 7119 7056 7118
v 2918.520 1497.055 324.878
f 7120 7056 7119
v 2918.405 1497.285 325.300
f 7121 7056 7120
v 2935.697 1503.802 341.016
f 7060 7056 7122
f 7056 7058 7122
v 2937.656 1493.936 327.812
v 2937.471 1493.503 326.943
v 2937.575 1493.717 327.376
f 7123 7124 7125
v 2937.734 1494.839 329.568
f 7126 7124 7123
v 2937.744 1494.383 328.690
v 2937.751 1494.610 329.130
f 7126 7127 7128
v 2937.712 1494.158 328.251
f 7126 7129 7127
f 7126 7123 7129
v 2937.626 1495.300 330.436
v 2937.692 1495.070 330.004
f 7130 7126 7131
v 2937.342 1493.292 326.514
f 7130 7132 7124
v 2937.190 1493.087 326.090
f 7130 7133 7132
v 2937.014 1492.887 325.673
f 7130 7134 7133
v 2936.816 1492.693 325.264
f 7130 7135 7134
v 2936.596 1492.506 324.862
f 7130 7136 7135
v 2936.354 1492.326 324.470
f 7130 7137 7136
v 2936.091 1492.153 324.089
f 7130 7138 7137
v 2935.807 1491.987 323.719
f 7130 7139 7138
v 2935.504 1491.830 323.361
f 7130 7140 7139
v 2935.181 1491.682 323.016
f 7130 7141 7140
v 2934.841 1491.543 322.686
f 7130 7142 7141
v 2934.483 1491.413 322.370
f 7130 7143 7142
f 7130 7124 7126
v 2934.108 1491.292 322.070
f 7057 7144 7143
v 2933.719 1491.182 321.786
f 7057 7145 7144
v 2933.314 1491.082 321.519
f 7057 7146 7145
v 2932.896 1490.992 321.270
f 7057 7147 7146
v 2932.466 1490.913 321.040
f 7057 7148 7147
v 2932.024 1490.845 320.828
f 7057 7149 7148
v 2931.572 1490.788 320.636
f 7057 7150 7149
v 2931.110 1490.743 320.463
f 7057 7151 7150
v 2930.641 1490.708 320.312
f 7057 7152 7151
v 2930.164 1490.685 320.180
f 7057 7153 7152
v 2929.682 1490.674 320.070
f 7057 7154 7153
v 2929.195 1490.674 319.982
f 7057 7155 7154
v 2928.705 1490.685 319.915
f 7057 7156 7155
v 2928.213 1490.708 319.869
f 7057 7157 7156
v 2927.720 1490.743 319.846
f 7057 7158 7157
v 2927.228 1490.788 319.844
f 7057 7159 7158
v 2926.737 1490.845 319.864
f 7057 7160 7159
v 2926.249 1490.913 319.906
f 7057 7161 7160
v 2925.764 1490.992 319.970
f 7057 7162 7161
v 2925.285 1491.082 320.056
f 7057 7163 7162
v 2924.813 1491.182 320.162
f 7057 7164 7163
v 2924.348 1491.292 320.290
f 7057 7165 7164
v 2923.892 1491.413 320.439
f 7057 7166 7165
v 2923.446 1491.543 320.608
f 7057 7167 7166
v 2923.010 1491.682 320.798
f 7057 7168 7167
v 2922.587 1491.830 321.006
f 7057 7169 7168
v 2922.177 1491.987 321.234
f 7057 7170 7169
v 2921.781 1492.153 321.480
f 7057 7171 7170
v 2921.400 1492.326 321.744
f 7057 7172 7171
v 2921.035 1492.506 322.026
f 7057 7173 7172
v 2920.687 1492.693 322.323
f 7057 7174 7173
v 2920.357 1492.887 322.637
f 7057 7175 7174
v 2920.046 1493.087 322.965
f 7057 7176 7175
v 2919.754 1493.292 323.308
f 7057 7177 7176
v 2919.483 1493.503 323.664
f 7057 7178 7177
v 2919.232 1493.717 324.032
f 7057 7179 7178
v 2919.002 1493.936 324.412
f 7057 7180 7179
v 2918.795 1494.158 324.802
f 7057 7181 7180
v 2918.610 1494.383 325.202
f 7057 7182 7181
v 2918.448 1494.610 325.611
f 7057 7183 7182
v 2918.310 1494.839 326.027
f 7057 7184 7183
v 2918.195 1495.070 326.450
f 7057 7185 7184
v 2935.488 1501.587 342.165
f 7057 7130 7186
f 7057 7143 7130
f 7055 7057 7186
v 2934.208 1535.897 349.185
v 2936.670 1514.091 335.678
v 2916.994 1514.091 332.091
f 7187 7188 7189
v 2914.532 1535.897 345.598
f 7187 7189 7190
v 2909.915 1534.910 370.930
v 2929.590 1534.910 374.517
f 7190 7191 7192
f 7190 7192 7187
v 2910.221 1490.311 369.248
v 2914.839 1491.298 343.916
v 2934.515 1491.298 347.503
f 7193 7194 7195
v 2929.897 1490.311 372.834
f 7193 7195 7196
v 2927.435 1512.117 386.341
v 2907.759 1512.117 382.755
f 7196 7197 7198
f 7196 7198 7193
v 2931.234 1504.205 365.498
v 2931.080 1504.704 366.347
v 2931.156 1504.444 365.929
f 7199 7200 7201
v 2931.006 1504.985 366.752
f 7199 7202 7200
v 2931.397 1503.795 364.604
v 2931.315 1503.989 365.056
f 7203 7199 7204
v 2931.481 1503.625 364.143
f 7205 7199 7203
v 2931.567 1503.478 363.674
f 7206 7199 7205
v 2932.008 1503.107 361.255
v 2931.830 1503.182 362.233
v 2931.918 1503.132 361.745
f 7207 7208 7209
v 2931.741 1503.256 362.718
f 7207 7210 7208
v 2932.097 1503.107 360.764
v 2931.653 1503.355 363.199
f 7211 7212 7210
f 7211 7210 7207
v 2932.364 1503.256 359.301
v 2932.187 1503.132 360.274
v 2932.275 1503.182 359.786
f 7213 7214 7215
f 7213 7211 7214
f 7213 7212 7211
v 2932.538 1503.478 358.345
v 2932.452 1503.355 358.820
f 7216 7213 7217
f 7216 7212 7213
v 2932.624 1503.625 357.876
f 7218 7206 7212
f 7218 7212 7216
f 7218 7199 7206
v 2932.790 1503.989 356.963
v 2932.708 1503.795 357.415
f 7219 7218 7220
v 2932.871 1504.205 356.521
f 7221 7218 7219
f 7221 7199 7218
v 2933.025 1504.704 355.672
f 7222 7199 7221
v 2932.949 1504.444 356.091
f 7222 7221 7223
v 2933.099 1504.985 355.267
f 7224 7199 7222
f 7224 7202 7199
v 2933.171 1505.286 354.876
f 7225 7202 7224
v 2930.934 1505.286 367.143
f 7225 7226 7202
v 2933.239 1505.606 354.500
f 7227 7226 7225
v 2930.866 1505.606 367.519
f 7227 7228 7226
v 2930.800 1505.945 367.879
f 7227 7229 7228
v 2930.800 1520.263 367.879
v 2930.738 1519.906 368.221
v 2930.679 1519.532 368.546
f 7230 7231 7232
v 2933.367 1506.302 353.798
v 2933.305 1505.945 354.140
f 7233 7227 7234
f 7233 7229 7227
v 2930.738 1506.302 368.221
f 7233 7235 7229
v 2933.426 1506.676 353.473
f 7236 7235 7233
v 2930.679 1506.676 368.546
f 7236 7237 7235
v 2930.934 1520.922 367.143
v 2930.866 1520.602 367.519
f 7238 7239 7230
v 2933.534 1507.471 352.881
f 7240 7237 7236
v 2933.482 1507.066 353.168
f 7240 7236 7241
v 2930.623 1507.066 368.852
f 7240 7242 7237
v 2930.571 1507.471 369.138
f 7240 7243 7242
v 2930.522 1507.890 369.404
f 7240 7244 7243
v 2931.080 1521.504 366.347
v 2931.006 1521.223 366.752
f 7245 7246 7238
v 2933.583 1507.890 352.615
f 7247 7244 7240
v 2930.478 1508.321 369.649
f 7247 7248 7244
v 2933.627 1508.321 352.370
f 7249 7248 7247
v 2933.668 1508.765 352.146
v 2930.437 1508.765 369.873
f 7250 7251 7248
f 7250 7248 7249
v 2931.397 1522.413 364.604
v 2931.315 1522.219 365.056
v 2931.234 1522.003 365.498
f 7252 7253 7254
v 2933.738 1509.684 351.765
v 2933.705 1509.220 351.944
f 7255 7250 7256
f 7255 7251 7250
v 2930.400 1509.220 370.075
f 7255 7257 7251
v 2930.367 1509.684 370.254
f 7255 7258 7257
v 2930.339 1510.156 370.410
f 7255 7259 7258
v 2931.481 1522.583 364.143
v 2931.156 1521.764 365.929
f 7260 7261 7245
f 7260 7254 7261
f 7260 7252 7254
v 2933.790 1510.636 351.476
v 2933.766 1510.156 351.609
f 7262 7255 7263
f 7262 7259 7255
v 2930.315 1510.636 370.543
f 7262 7264 7259
v 2931.653 1522.853 363.199
v 2931.567 1522.730 363.674
f 7265 7266 7260
v 2933.810 1511.123 351.367
f 7267 7264 7262
v 2930.295 1511.123 370.652
f 7267 7268 7264
v 2931.741 1522.952 362.718
f 7269 7265 7260
v 2933.826 1511.614 351.282
f 7270 7268 7267
v 2930.279 1511.614 370.738
f 7270 7271 7268
v 2933.844 1512.606 351.184
v 2933.837 1512.108 351.221
f 7272 7270 7273
f 7272 7271 7270
v 2930.268 1512.108 370.799
f 7272 7274 7271
v 2930.261 1512.606 370.835
f 7272 7275 7274
v 2932.008 1523.101 361.255
v 2931.918 1523.076 361.745
v 2931.830 1523.026 362.233
f 7276 7277 7278
v 2933.846 1513.104 351.172
v 2930.259 1513.104 370.847
f 7279 7280 7275
f 7279 7275 7272
v 2933.844 1513.602 351.184
f 7281 7280 7279
v 2930.261 1513.602 370.835
f 7281 7282 7280
v 2930.268 1514.100 370.799
f 7281 7283 7282
v 2932.187 1523.076 360.274
f 7284 7276 7278
f 7284 7278 7269
v 2932.097 1523.101 360.764
f 7284 7285 7276
v 2933.826 1514.594 351.282
v 2933.837 1514.100 351.221
f 7286 7281 7287
f 7286 7283 7281
v 2930.279 1514.594 370.738
f 7286 7288 7283
v 2932.364 1522.952 359.301
f 7289 7284 7269
v 2932.275 1523.026 359.786
f 7289 7290 7284
v 2933.810 1515.085 351.367
f 7291 7288 7286
v 2930.295 1515.085 370.652
f 7291 7292 7288
v 2930.315 1515.572 370.543
f 7291 7293 7292
v 2932.538 1522.730 358.345
f 7294 7289 7269
v 2932.452 1522.853 358.820
f 7294 7295 7289
v 2933.766 1516.052 351.609
v 2933.790 1515.572 351.476
f 7296 7291 7297
f 7296 7293 7291
v 2930.339 1516.052 370.410
f 7296 7298 7293
v 2933.738 1516.524 351.765
v 2930.367 1516.524 370.254
f 7299 7300 7298
v 2930.400 1516.988 370.075
f 7299 7301 7300
f 7299 7298 7296
v 2932.708 1522.413 357.415
v 2932.624 1522.583 357.876
f 7302 7303 7294
v 2933.668 1517.443 352.146
v 2933.705 1516.988 351.944
f 7304 7299 7305
v 2930.437 1517.443 369.873
f 7304 7306 7301
v 2930.478 1517.887 369.649
f 7304 7307 7306
f 7304 7301 7299
v 2932.871 1522.003 356.521
v 2932.790 1522.219 356.963
f 7308 7309 7302
f 7308 7294 7269
f 7308 7302 7294
f 7308 7260 7245
f 7308 7269 7260
v 2933.583 1518.318 352.615
v 2933.627 1517.887 352.370
f 7310 7304 7311
f 7310 7307 7304
v 2930.522 1518.318 369.404
f 7310 7312 7307
v 2933.025 1521.504 355.672
v 2932.949 1521.764 356.091
f 7313 7314 7308
f 7313 7308 7245
v 2933.534 1518.737 352.881
f 7315 7312 7310
v 2930.571 1518.737 369.138
f 7315 7316 7312
v 2933.482 1519.142 353.168
f 7317 7316 7315
v 2930.623 1519.142 368.852
f 7317 7318 7316
v 2933.239 1520.602 354.500
v 2933.099 1521.223 355.267
f 7319 7320 7313
v 2933.171 1520.922 354.876
f 7319 7321 7320
f 7319 7238 7230
f 7319 7313 7245
f 7319 7245 7238
v 2933.367 1519.906 353.798
v 2933.426 1519.532 353.473
f 7322 7317 7323
f 7322 7230 7232
f 7322 7318 7317
f 7322 7232 7318
v 2933.305 1520.263 354.140
f 7324 7230 7322
f 7324 7319 7230
v 2911.404 1504.704 362.760
v 2911.559 1504.205 361.911
v 2911.480 1504.444 362.342
f 7325 7326 7327
v 2911.330 1504.985 363.166
f 7328 7326 7325
v 2911.722 1503.795 361.017
v 2911.639 1503.989 361.469
f 7326 7329 7330
v 2911.806 1503.625 360.556
f 7326 7331 7329
v 2911.891 1503.478 360.087
f 7326 7332 7331
v 2912.154 1503.182 358.646
v 2912.332 1503.107 357.668
v 2912.243 1503.132 358.158
f 7333 7334 7335
v 2912.065 1503.256 359.131
f 7336 7334 7333
v 2911.978 1503.355 359.612
v 2912.421 1503.107 357.178
f 7337 7338 7336
f 7336 7338 7334
v 2912.511 1503.132 356.688
v 2912.688 1503.256 355.715
v 2912.600 1503.182 356.200
f 7339 7340 7341
f 7338 7340 7339
f 7337 7340 7338
v 2912.862 1503.478 354.758
v 2912.776 1503.355 355.234
f 7340 7342 7343
f 7337 7342 7340
v 2912.948 1503.625 354.290
f 7332 7344 7337
f 7337 7344 7342
f 7326 7344 7332
v 2913.114 1503.989 353.377
v 2913.032 1503.795 353.829
f 7344 7345 7346
v 2913.195 1504.205 352.935
f 7344 7347 7345
f 7326 7347 7344
v 2913.350 1504.704 352.085
f 7326 7348 7347
v 2913.273 1504.444 352.504
f 7347 7348 7349
v 2913.424 1504.985 351.680
f 7326 7350 7348
f 7328 7350 7326
v 2913.495 1505.286 351.289
f 7328 7351 7350
v 2911.259 1505.286 363.557
f 7352 7351 7328
v 2913.563 1505.606 350.913
f 7352 7353 7351
v 2911.190 1505.606 363.933
f 7354 7353 7352
v 2911.125 1505.945 364.292
f 7355 7353 7354
v 2911.062 1519.906 364.635
v 2911.125 1520.263 364.292
v 2911.003 1519.532 364.959
f 7356 7357 7358
v 2913.691 1506.302 350.211
v 2913.629 1505.945 350.554
f 7353 7359 7360
f 7355 7359 7353
v 2911.062 1506.302 364.635
f 7361 7359 7355
v 2913.751 1506.676 349.887
f 7361 7362 7359
v 2911.003 1506.676 364.959
f 7363 7362 7361
v 2911.190 1520.602 363.933
v 2911.259 1520.922 363.557
f 7364 7365 7357
v 2913.858 1507.471 349.294
f 7363 7366 7362
v 2913.806 1507.066 349.581
f 7362 7366 7367
v 2910.947 1507.066 365.265
f 7368 7366 7363
v 2910.895 1507.471 365.551
f 7369 7366 7368
v 2910.846 1507.890 365.818
f 7370 7366 7369
v 2911.330 1521.223 363.166
v 2911.404 1521.504 362.760
f 7371 7372 7365
v 2913.907 1507.890 349.028
f 7370 7373 7366
v 2910.802 1508.321 366.063
f 7374 7373 7370
v 2913.952 1508.321 348.783
f 7374 7375 7373
v 2910.761 1508.765 366.287
v 2913.992 1508.765 348.559
f 7376 7377 7374
f 7374 7377 7375
v 2911.639 1522.219 361.469
v 2911.722 1522.413 361.017
v 2911.559 1522.003 361.911
f 7378 7379 7380
v 2914.062 1509.684 348.178
v 2914.029 1509.220 348.358
f 7377 7381 7382
f 7376 7381 7377
v 2910.724 1509.220 366.488
f 7383 7381 7376
v 2910.692 1509.684 366.668
f 7384 7381 7383
v 2910.663 1510.156 366.824
f 7385 7381 7384
v 2911.480 1521.764 362.342
v 2911.806 1522.583 360.556
f 7386 7387 7372
f 7380 7387 7386
f 7379 7387 7380
v 2914.115 1510.636 347.889
v 2914.090 1510.156 348.022
f 7381 7388 7389
f 7385 7388 7381
v 2910.639 1510.636 366.957
f 7390 7388 7385
v 2911.891 1522.730 360.087
v 2911.978 1522.853 359.612
f 7391 7392 7387
v 2914.135 1511.123 347.780
f 7390 7393 7388
v 2910.619 1511.123 367.066
f 7394 7393 7390
v 2912.065 1522.952 359.131
f 7392 7395 7387
v 2914.150 1511.614 347.695
f 7394 7396 7393
v 2910.603 1511.614 367.151
f 7397 7396 7394
v 2914.168 1512.606 347.597
v 2914.161 1512.108 347.634
f 7396 7398 7399
f 7397 7398 7396
v 2910.592 1512.108 367.212
f 7400 7398 7397
v 2910.586 1512.606 367.249
f 7401 7398 7400
v 2912.243 1523.076 358.158
v 2912.332 1523.101 357.668
v 2912.154 1523.026 358.646
f 7402 7403 7404
v 2910.583 1513.104 367.261
v 2914.170 1513.104 347.585
f 7405 7406 7401
f 7401 7406 7398
v 2914.168 1513.602 347.597
f 7405 7407 7406
v 2910.586 1513.602 367.249
f 7408 7407 7405
v 2910.592 1514.100 367.212
f 7409 7407 7408
v 2912.511 1523.076 356.688
f 7403 7410 7404
f 7404 7410 7395
v 2912.421 1523.101 357.178
f 7411 7410 7403
v 2914.150 1514.594 347.695
v 2914.161 1514.100 347.634
f 7407 7412 7413
f 7409 7412 7407
v 2910.603 1514.594 367.151
f 7414 7412 7409
v 2912.688 1522.952 355.715
f 7410 7415 7395
v 2912.600 1523.026 356.200
f 7416 7415 7410
v 2914.135 1515.085 347.780
f 7414 7417 7412
v 2910.619 1515.085 367.066
f 7418 7417 7414
v 2910.639 1515.572 366.957
f 7419 7417 7418
v 2912.862 1522.730 354.758
f 7415 7420 7395
v 2912.776 1522.853 355.234
f 7421 7420 7415
v 2914.090 1516.052 348.022
v 2914.115 1515.572 347.889
f 7417 7422 7423
f 7419 7422 7417
v 2910.663 1516.052 366.824
f 7424 7422 7419
v 2910.692 1516.524 366.668
v 2914.062 1516.524 348.178
f 7425 7426 7424
v 2910.724 1516.988 366.488
f 7427 7426 7425
f 7424 7426 7422
v 2912.948 1522.583 354.290
v 2913.032 1522.413 353.829
f 7428 7429 7420
v 2913.992 1517.443 348.559
v 2914.029 1516.988 348.358
f 7426 7430 7431
v 2910.761 1517.443 366.287
f 7432 7430 7427
v 2910.802 1517.887 366.063
f 7433 7430 7432
f 7427 7430 7426
v 2913.114 1522.219 353.377
v 2913.195 1522.003 352.935
f 7434 7435 7429
f 7420 7435 7395
f 7429 7435 7420
f 7387 7435 7372
f 7395 7435 7387
v 2913.907 1518.318 349.028
v 2913.952 1517.887 348.783
f 7430 7436 7437
f 7433 7436 7430
v 2910.846 1518.318 365.818
f 7438 7436 7433
v 2913.273 1521.764 352.504
v 2913.350 1521.504 352.085
f 7439 7440 7435
f 7435 7440 7372
v 2913.858 1518.737 349.294
f 7438 7441 7436
v 2910.895 1518.737 365.551
f 7442 7441 7438
v 2913.806 1519.142 349.581
f 7442 7443 7441
v 2910.947 1519.142 365.265
f 7444 7443 7442
v 2913.424 1521.223 351.680
v 2913.563 1520.602 350.913
f 7445 7446 7440
v 2913.495 1520.922 351.289
f 7447 7446 7445
f 7365 7446 7357
f 7440 7446 7372
f 7372 7446 7365
v 2913.691 1519.906 350.211
v 2913.751 1519.532 349.887
f 7443 7448 7449
f 7357 7448 7358
f 7444 7448 7443
f 7358 7448 7444
v 2913.629 1520.263 350.554
f 7357 7450 7448
f 7446 7450 7357
o main_9
v 2811.265 1507.104 661.995
v 2587.330 1512.104 425.662
v 2587.330 1507.104 425.662
f 7451 7452 7453
v 2811.265 1512.104 661.995
f 7454 7452 7451
v 2807.300 1512.104 422.027
v 2807.300 1507.104 422.027
f 7453 7455 7456
f 7453 7452 7455
f 7456 7454 7451
f 7456 7455 7454
f 7454 7455 7452
f 7456 7451 7453
